{
"type": "FeatureCollection",
"name": "rgi",
"crs": { "type": "name", "properties": { "name": "urn:ogc:def:crs:OGC:1.3:CRS84" } },
"xy_coordinate_resolution": 0.0001,
"features": [
{ "type": "Feature", "properties": { "cod_rgi": "1101", "nome_rgi": "Porto Velho" }, "geometry": { "type": "Polygon", "coordinates": [ [ [ -65.3815, -10.4291 ], [ -65.367, -10.7963 ], [ -65.2528, -10.993 ], [ -65.3639, -11.1451 ], [ -65.3091, -11.4936 ], [ -65.032, -11.9951 ], [ -64.8396, -12.0107 ], [ -64.5946, -12.2157 ], [ -64.553, -12.181 ], [ -64.1559, -11.9131 ], [ -64.0404, -11.7641 ], [ -64.025, -11.7457 ], [ -63.8388, -11.6805 ], [ -63.6592, -11.6087 ], [ -63.6046, -11.5635 ], [ -63.6017, -11.4135 ], [ -63.5379, -11.3085 ], [ -63.5884, -11.2829 ], [ -63.5771, -11.2251 ], [ -63.5806, -11.0312 ], [ -63.6301, -11.0055 ], [ -63.5825, -11.0106 ], [ -63.3414, -11.0638 ], [ -63.0925, -11.0537 ], [ -62.8914, -11.0306 ], [ -62.122, -10.355 ], [ -62.1261, -10.1918 ], [ -62.0205, -10.1223 ], [ -61.9981, -10.1057 ], [ -61.9786, -10.0932 ], [ -61.9644, -9.9869 ], [ -61.9544, -9.9497 ], [ -61.9371, -9.9478 ], [ -61.7116, -9.7313 ], [ -61.5747, -9.7178 ], [ -61.5053, -9.6914 ], [ -61.5069, -9.662 ], [ -61.503, -9.6153 ], [ -61.5506, -9.4177 ], [ -61.6123, -9.3559 ], [ -61.6259, -9.363 ], [ -61.5262, -9.2458 ], [ -61.5236, -8.8186 ], [ -61.606, -8.7947 ], [ -61.7419, -8.6952 ], [ -61.8597, -8.853 ], [ -61.9381, -8.8814 ], [ -62.2813, -8.6386 ], [ -62.3258, -8.5637 ], [ -62.3661, -8.4936 ], [ -62.4322, -8.372 ], [ -62.6599, -8.1996 ], [ -62.744, -8.0453 ], [ -62.8666, -7.9759 ], [ -63.6208, -7.9693 ], [ -63.6218, -8.0296 ], [ -63.667, -8.0816 ], [ -63.747, -8.1986 ], [ -63.9779, -8.4201 ], [ -63.9745, -8.4872 ], [ -63.946, -8.6095 ], [ -64.0279, -8.7157 ], [ -64.1295, -8.8052 ], [ -64.1582, -8.8432 ], [ -64.2332, -8.9923 ], [ -64.3096, -8.9345 ], [ -64.4466, -8.9769 ], [ -64.6714, -9.0148 ], [ -64.784, -8.9893 ], [ -64.8706, -9.0122 ], [ -64.9215, -9.2283 ], [ -65.1429, -9.4468 ], [ -65.2467, -9.2577 ], [ -65.4347, -9.4663 ], [ -65.5968, -9.4139 ], [ -65.7235, -9.5591 ], [ -65.9703, -9.4132 ], [ -66.3748, -9.4264 ], [ -66.5006, -9.6336 ], [ -66.6094, -9.6649 ], [ -66.8103, -9.818 ], [ -66.6267, -9.8981 ], [ -66.1529, -9.7857 ], [ -65.7081, -9.7661 ], [ -65.6276, -9.8368 ], [ -65.3682, -9.7067 ], [ -65.333, -9.9443 ], [ -65.2932, -10.2277 ], [ -65.3815, -10.4291 ], [ -65.2977, -10.508 ], [ -65.3815, -10.4291 ] ] ] } },
{ "type": "Feature", "properties": { "cod_rgi": "1102", "nome_rgi": "Ji-Paraná" }, "geometry": { "type": "Polygon", "coordinates": [ [ [ -62.3567, -13.0835 ], [ -62.114, -13.261 ], [ -61.8411, -13.5489 ], [ -61.4699, -13.5553 ], [ -61.0149, -13.4875 ], [ -60.7168, -13.6822 ], [ -60.384, -13.4492 ], [ -60.3038, -13.1784 ], [ -60.0813, -12.8893 ], [ -60.0227, -12.5563 ], [ -59.7929, -12.3458 ], [ -59.8923, -12.2455 ], [ -59.9858, -11.9121 ], [ -60.1088, -11.8396 ], [ -60.1141, -11.5875 ], [ -59.9206, -11.398 ], [ -59.9978, -11.1514 ], [ -60.348, -11.109 ], [ -60.4379, -11.0167 ], [ -61.0006, -10.9884 ], [ -61.001, -11.3984 ], [ -61.0006, -10.9922 ], [ -61.429, -10.9875 ], [ -61.5301, -10.979 ], [ -61.5109, -10.7937 ], [ -61.4618, -10.4199 ], [ -61.5162, -10.3344 ], [ -61.5517, -10.1978 ], [ -61.5606, -10.1734 ], [ -61.5844, -10.0596 ], [ -61.5559, -10.039 ], [ -61.5079, -9.8611 ], [ -61.5315, -9.7399 ], [ -61.7116, -9.7313 ], [ -61.9371, -9.9478 ], [ -61.9544, -9.9497 ], [ -61.9644, -9.9869 ], [ -61.9786, -10.0932 ], [ -61.9981, -10.1057 ], [ -62.0205, -10.1223 ], [ -62.1261, -10.1918 ], [ -62.122, -10.355 ], [ -62.7171, -10.8782 ], [ -62.5431, -11.0734 ], [ -62.2116, -11.005 ], [ -62.1694, -11.0367 ], [ -62.1863, -11.0709 ], [ -62.2176, -11.0766 ], [ -62.1863, -11.0709 ], [ -62.1694, -11.0367 ], [ -62.2116, -11.005 ], [ -62.5489, -11.0658 ], [ -62.7171, -10.8782 ], [ -62.8914, -11.0306 ], [ -63.0925, -11.0537 ], [ -63.3414, -11.0638 ], [ -63.5825, -11.0106 ], [ -63.6301, -11.0055 ], [ -63.5806, -11.0312 ], [ -63.5771, -11.2251 ], [ -63.5884, -11.2829 ], [ -63.5379, -11.3085 ], [ -63.6017, -11.4135 ], [ -63.6046, -11.5635 ], [ -63.6592, -11.6087 ], [ -63.6523, -11.6898 ], [ -63.8388, -11.6805 ], [ -64.025, -11.7457 ], [ -64.0404, -11.7641 ], [ -64.1559, -11.9131 ], [ -64.553, -12.181 ], [ -64.5946, -12.2157 ], [ -64.4162, -12.4415 ], [ -63.953, -12.5318 ], [ -63.6848, -12.4531 ], [ -63.3742, -12.6576 ], [ -63.0614, -12.6865 ], [ -62.8658, -12.8793 ], [ -62.7885, -12.8775 ], [ -62.6941, -12.9023 ], [ -62.7885, -12.8775 ], [ -62.8658, -12.8793 ], [ -62.7791, -13.0096 ], [ -62.3567, -13.0835 ] ], [ [ -62.2325, -11.9088 ], [ -62.084, -11.8765 ], [ -61.9329, -11.8627 ], [ -61.8884, -11.9657 ], [ -61.9329, -11.8627 ], [ -62.084, -11.8765 ], [ -62.2325, -11.9088 ] ], [ [ -61.1788, -12.0018 ], [ -61.4007, -12.0492 ], [ -61.44, -12.0734 ], [ -61.4007, -12.0492 ], [ -61.2105, -11.9925 ], [ -61.1788, -12.0018 ] ] ] } },
{ "type": "Feature", "properties": { "cod_rgi": "1201", "nome_rgi": "Rio Branco" }, "geometry": { "type": "Polygon", "coordinates": [ [ [ -66.6267, -9.8981 ], [ -67.1412, -9.6834 ], [ -67.1925, -9.7046 ], [ -67.1342, -9.6762 ], [ -67.3258, -9.5924 ], [ -67.5169, -9.5609 ], [ -67.9768, -9.3527 ], [ -68.0201, -9.3575 ], [ -68.051, -9.3535 ], [ -67.9768, -9.3527 ], [ -68.2199, -9.2428 ], [ -68.6472, -9.0494 ], [ -69.4443, -8.3665 ], [ -69.4499, -8.3964 ], [ -69.5089, -8.4614 ], [ -69.5717, -8.644 ], [ -69.6595, -8.6819 ], [ -69.8397, -8.9442 ], [ -70.319, -8.9636 ], [ -70.4529, -9.1038 ], [ -70.4988, -9.1067 ], [ -70.6272, -9.2702 ], [ -70.8558, -9.4488 ], [ -70.9511, -9.536 ], [ -71.1004, -9.8159 ], [ -70.9934, -9.817 ], [ -70.7503, -9.5595 ], [ -70.5242, -9.714 ], [ -70.6236, -9.8204 ], [ -70.5738, -10.02 ], [ -70.6135, -10.0655 ], [ -70.621, -10.9996 ], [ -70.1588, -11.0408 ], [ -69.9333, -10.9206 ], [ -69.3551, -10.9353 ], [ -68.9095, -11.0209 ], [ -68.7263, -11.002 ], [ -68.7161, -11.1456 ], [ -68.2377, -10.9564 ], [ -68.0328, -10.6553 ], [ -67.7082, -10.708 ], [ -67.5877, -10.5104 ], [ -67.0105, -10.2529 ], [ -66.6267, -9.8981 ] ] ] } },
{ "type": "Feature", "properties": { "cod_rgi": "1202", "nome_rgi": "Cruzeiro do Sul" }, "geometry": { "type": "Polygon", "coordinates": [ [ [ -72.5848, -7.552 ], [ -73.8016, -7.1118 ], [ -73.7153, -7.2479 ], [ -73.9833, -7.5662 ], [ -73.6819, -7.7897 ], [ -73.537, -8.3455 ], [ -73.3321, -8.4754 ], [ -73.2299, -8.3946 ], [ -73.3414, -8.6157 ], [ -73.1656, -8.6999 ], [ -72.9418, -9.0633 ], [ -73.2119, -9.4117 ], [ -72.7163, -9.4115 ], [ -72.2818, -9.5424 ], [ -72.2709, -9.7448 ], [ -72.1529, -9.7968 ], [ -72.1805, -10.0 ], [ -71.3774, -10.0 ], [ -71.2108, -9.9664 ], [ -71.1004, -9.8159 ], [ -70.9511, -9.536 ], [ -70.8558, -9.4488 ], [ -70.6272, -9.2702 ], [ -70.4988, -9.1067 ], [ -70.4529, -9.1038 ], [ -70.319, -8.9636 ], [ -69.8397, -8.9442 ], [ -69.6595, -8.6819 ], [ -69.5717, -8.644 ], [ -69.5089, -8.4614 ], [ -69.443, -8.3727 ], [ -70.055, -7.8451 ], [ -70.5152, -7.7924 ], [ -71.9454, -7.6268 ], [ -72.5848, -7.552 ] ] ] } },
{ "type": "Feature", "properties": { "cod_rgi": "1301", "nome_rgi": "Manaus" }, "geometry": { "type": "Polygon", "coordinates": [ [ [ -62.9162, -4.6138 ], [ -62.8307, -4.6782 ], [ -62.6847, -4.6232 ], [ -62.6291, -4.6401 ], [ -62.3766, -4.5818 ], [ -62.3145, -4.5509 ], [ -62.2767, -4.4708 ], [ -62.1245, -4.4126 ], [ -62.0484, -4.3125 ], [ -62.1245, -4.4126 ], [ -62.3274, -4.5629 ], [ -62.5974, -4.6351 ], [ -62.6847, -4.6232 ], [ -62.8307, -4.6782 ], [ -62.7189, -4.8379 ], [ -62.6969, -4.9093 ], [ -62.1029, -5.4599 ], [ -62.0129, -5.3266 ], [ -61.9423, -5.2956 ], [ -61.3187, -4.7631 ], [ -61.2933, -4.712 ], [ -60.9136, -5.1129 ], [ -60.7258, -5.1132 ], [ -60.6942, -5.0727 ], [ -60.284, -5.0426 ], [ -60.1671, -4.9053 ], [ -59.9446, -4.8697 ], [ -59.6708, -5.2832 ], [ -59.7062, -5.497 ], [ -59.5453, -5.5202 ], [ -59.6048, -5.7754 ], [ -59.4091, -6.0128 ], [ -59.3559, -6.3367 ], [ -59.3149, -6.461 ], [ -59.8203, -6.4353 ], [ -59.9335, -6.5556 ], [ -59.8727, -6.8121 ], [ -59.0792, -6.389 ], [ -58.8553, -6.3815 ], [ -58.908, -6.3206 ], [ -58.8031, -6.0786 ], [ -58.8547, -5.5328 ], [ -58.8105, -5.3423 ], [ -58.437, -5.0706 ], [ -58.2562, -4.6001 ], [ -58.1058, -4.4198 ], [ -58.1623, -4.2277 ], [ -58.2473, -4.2302 ], [ -58.468, -3.9309 ], [ -58.2935, -3.8263 ], [ -58.2275, -3.6157 ], [ -58.3496, -3.5828 ], [ -58.4251, -3.7299 ], [ -58.8416, -3.5932 ], [ -58.92, -3.6078 ], [ -58.9197, -3.5439 ], [ -58.9882, -3.6092 ], [ -59.1087, -3.7038 ], [ -58.9882, -3.6092 ], [ -58.8447, -3.4474 ], [ -58.7873, -3.3866 ], [ -58.8546, -3.401 ], [ -59.0157, -3.2432 ], [ -59.2342, -3.2434 ], [ -59.3842, -3.1811 ], [ -59.391, -3.1631 ], [ -59.7002, -3.0609 ], [ -59.8596, -3.098 ], [ -59.7002, -3.0609 ], [ -59.391, -3.1631 ], [ -59.3519, -3.1456 ], [ -59.1599, -3.1684 ], [ -59.3045, -3.1319 ], [ -59.5003, -2.9719 ], [ -59.3758, -2.8658 ], [ -59.3539, -2.8216 ], [ -59.1892, -2.5977 ], [ -59.1559, -2.5175 ], [ -59.2463, -2.4703 ], [ -59.2759, -2.4883 ], [ -59.272, -2.4476 ], [ -59.173, -2.3858 ], [ -59.111, -2.2238 ], [ -59.1456, -2.2171 ], [ -59.1384, -2.1658 ], [ -59.2018, -1.9404 ], [ -59.2193, -1.819 ], [ -59.196, -1.7108 ], [ -59.2007, -1.4694 ], [ -59.5194, -1.4329 ], [ -59.3595, -1.2616 ], [ -59.3806, -1.1067 ], [ -59.7078, -1.1022 ], [ -59.8544, -0.9143 ], [ -60.0543, -0.676 ], [ -60.025, -0.6615 ], [ -59.9676, -0.5689 ], [ -59.8476, -0.1818 ], [ -59.8926, -0.1019 ], [ -60.0825, -0.0481 ], [ -60.2252, -0.1195 ], [ -60.2994, -0.2117 ], [ -60.4, -0.5101 ], [ -60.3136, -0.6415 ], [ -60.3461, -0.7459 ], [ -60.5311, -0.8751 ], [ -60.7527, -0.8612 ], [ -60.756, -1.078 ], [ -60.7566, -0.7956 ], [ -60.9208, -0.5554 ], [ -61.1576, -0.5153 ], [ -61.4288, -0.6342 ], [ -61.485, -0.7206 ], [ -61.553, -0.8109 ], [ -61.5822, -1.3534 ], [ -61.5383, -1.4334 ], [ -61.4733, -1.5278 ], [ -61.7902, -1.379 ], [ -61.8269, -1.4017 ], [ -61.8966, -1.3954 ], [ -62.0316, -1.1265 ], [ -62.4808, -0.7951 ], [ -62.2909, -0.6467 ], [ -62.2023, -0.393 ], [ -62.245, -0.1747 ], [ -62.4244, 0.0916 ], [ -62.533, 0.5088 ], [ -62.4577, 0.7852 ], [ -62.4716, 1.0863 ], [ -62.5211, 1.0838 ], [ -62.5412, 1.112 ], [ -62.6355, 1.4318 ], [ -62.7208, 1.4885 ], [ -62.7363, 1.5296 ], [ -62.7237, 1.7124 ], [ -62.7311, 1.8182 ], [ -62.8388, 2.0165 ], [ -63.0238, 2.0147 ], [ -63.1415, 2.1724 ], [ -63.2828, 2.1539 ], [ -63.5619, 2.1324 ], [ -63.7433, 1.9988 ], [ -64.0619, 1.9307 ], [ -64.0614, 1.7016 ], [ -64.3022, 1.4683 ], [ -64.528, 1.4441 ], [ -64.7225, 1.2385 ], [ -64.8105, 1.3144 ], [ -65.1825, 0.9224 ], [ -65.3291, 0.9316 ], [ -65.4236, 0.708 ], [ -65.5578, 0.9933 ], [ -65.7394, 0.9996 ], [ -65.9644, 0.8095 ], [ -66.3185, 0.755 ], [ -66.8569, 1.2302 ], [ -67.0882, 1.1669 ], [ -67.0974, 1.7326 ], [ -67.2868, 1.8886 ], [ -67.3435, 2.2055 ], [ -67.769, 2.0393 ], [ -67.9736, 1.8328 ], [ -68.1407, 1.9848 ], [ -68.2669, 1.8273 ], [ -68.1568, 1.7316 ], [ -69.3932, 1.7241 ], [ -69.5523, 1.7917 ], [ -69.8425, 1.7208 ], [ -69.8444, 1.0854 ], [ -69.3216, 1.0957 ], [ -69.2059, 1.0101 ], [ -69.145, 0.783 ], [ -69.2037, 0.6053 ], [ -69.4815, 0.7356 ], [ -69.6068, 0.6292 ], [ -70.0436, 0.5588 ], [ -70.0467, 0.0683 ], [ -69.9922, 0.0537 ], [ -69.9419, -0.0854 ], [ -69.6042, -0.2209 ], [ -69.5918, -0.3258 ], [ -69.2864, -0.5168 ], [ -68.9197, -0.4907 ], [ -68.6969, -0.5752 ], [ -68.6128, -0.7127 ], [ -68.4272, -0.7662 ], [ -68.265, -0.6757 ], [ -68.2129, -0.6648 ], [ -68.1649, -0.676 ], [ -68.1607, -1.4834 ], [ -67.8317, -1.4819 ], [ -67.6495, -1.5121 ], [ -67.5267, -1.6509 ], [ -67.076, -1.5798 ], [ -66.9186, -1.6102 ], [ -66.6302, -1.5713 ], [ -66.4867, -1.5143 ], [ -66.3689, -1.5435 ], [ -66.2415, -1.492 ], [ -66.1241, -1.4306 ], [ -65.9422, -1.4125 ], [ -65.9011, -1.4271 ], [ -65.8605, -1.4716 ], [ -65.4389, -1.7335 ], [ -65.3111, -1.7785 ], [ -65.2019, -1.7874 ], [ -65.0581, -1.9697 ], [ -65.0109, -1.9055 ], [ -64.9514, -1.9923 ], [ -64.8125, -2.0786 ], [ -64.688, -2.0577 ], [ -64.6633, -2.2142 ], [ -64.5986, -2.2213 ], [ -64.3672, -2.2651 ], [ -64.4537, -2.3273 ], [ -64.5217, -2.3173 ], [ -64.4903, -2.4603 ], [ -64.4179, -2.6471 ], [ -64.5066, -2.7563 ], [ -64.2836, -3.1653 ], [ -64.1036, -3.3317 ], [ -64.1558, -3.5118 ], [ -63.9371, -3.6444 ], [ -63.9355, -3.6647 ], [ -63.9809, -3.7116 ], [ -64.0765, -3.7674 ], [ -64.3329, -3.9774 ], [ -64.5421, -3.9645 ], [ -64.8212, -4.2734 ], [ -65.2676, -4.6238 ], [ -65.364, -4.61 ], [ -65.6863, -5.0448 ], [ -65.7023, -5.1967 ], [ -65.7274, -5.2858 ], [ -65.8855, -5.3704 ], [ -65.7855, -5.4917 ], [ -65.5295, -5.6425 ], [ -65.1356, -5.697 ], [ -64.9614, -5.7454 ], [ -64.8558, -5.7844 ], [ -64.7233, -5.8026 ], [ -64.6038, -5.6984 ], [ -64.4375, -5.5575 ], [ -64.1037, -5.4188 ], [ -64.0257, -5.2672 ], [ -63.7023, -5.11 ], [ -63.5944, -5.1371 ], [ -63.5453, -5.1572 ], [ -63.4506, -5.153 ], [ -63.3721, -5.1218 ], [ -63.342, -5.0542 ], [ -63.336, -4.9902 ], [ -63.2069, -4.7899 ], [ -62.9824, -4.6417 ], [ -63.0187, -4.5248 ], [ -62.9162, -4.6138 ] ] ] } },
{ "type": "Feature", "properties": { "cod_rgi": "1302", "nome_rgi": "Tefé" }, "geometry": { "type": "Polygon", "coordinates": [ [ [ -73.8016, -7.1118 ], [ -72.5848, -7.552 ], [ -72.1774, -7.5934 ], [ -71.3817, -7.6923 ], [ -71.0885, -7.7263 ], [ -70.055, -7.8451 ], [ -69.7873, -7.9984 ], [ -69.7849, -7.9085 ], [ -69.6252, -7.7524 ], [ -69.4863, -7.3304 ], [ -69.491, -7.2032 ], [ -69.4849, -7.1808 ], [ -69.4865, -7.1058 ], [ -69.4139, -7.0746 ], [ -69.2505, -7.0001 ], [ -69.1326, -6.9615 ], [ -68.8956, -7.1073 ], [ -68.6565, -7.1039 ], [ -68.2731, -7.1778 ], [ -68.0415, -7.1172 ], [ -67.7092, -7.2685 ], [ -67.6125, -7.4108 ], [ -67.5032, -7.2923 ], [ -67.4216, -6.8991 ], [ -67.0726, -6.7844 ], [ -66.6863, -6.7938 ], [ -66.3881, -6.6435 ], [ -66.3983, -6.6374 ], [ -66.7599, -6.5089 ], [ -66.8565, -6.4126 ], [ -67.2029, -6.3335 ], [ -67.3672, -6.4926 ], [ -67.6329, -6.5699 ], [ -67.7972, -6.5197 ], [ -67.6665, -6.2545 ], [ -67.6512, -5.9376 ], [ -67.4479, -5.8908 ], [ -67.2234, -5.7505 ], [ -66.9582, -5.4199 ], [ -66.9075, -5.4441 ], [ -66.8538, -5.528 ], [ -66.7804, -5.5539 ], [ -66.7227, -5.5448 ], [ -66.6642, -5.5234 ], [ -66.584, -5.4669 ], [ -66.5441, -5.3951 ], [ -66.4285, -5.4321 ], [ -66.1662, -5.3676 ], [ -66.1441, -5.3905 ], [ -66.0897, -5.41 ], [ -66.0578, -5.4222 ], [ -65.8855, -5.3704 ], [ -65.7274, -5.2858 ], [ -65.7023, -5.1967 ], [ -65.6863, -5.0448 ], [ -65.364, -4.61 ], [ -65.2676, -4.6238 ], [ -64.8212, -4.2734 ], [ -64.5421, -3.9645 ], [ -64.3329, -3.9774 ], [ -64.0765, -3.7674 ], [ -63.9809, -3.7116 ], [ -63.9355, -3.6647 ], [ -63.9371, -3.6444 ], [ -64.1558, -3.5118 ], [ -64.1036, -3.3317 ], [ -64.2836, -3.1653 ], [ -64.5066, -2.7563 ], [ -64.4179, -2.6471 ], [ -64.4903, -2.4603 ], [ -64.5217, -2.3173 ], [ -64.4537, -2.3273 ], [ -64.3672, -2.2651 ], [ -64.5986, -2.2213 ], [ -64.6633, -2.2142 ], [ -64.688, -2.0577 ], [ -64.8125, -2.0786 ], [ -64.9514, -1.9923 ], [ -65.0109, -1.9055 ], [ -65.0581, -1.9697 ], [ -65.1831, -1.9371 ], [ -65.1797, -1.8328 ], [ -65.2093, -1.7818 ], [ -65.4389, -1.7335 ], [ -65.8605, -1.4716 ], [ -65.8939, -1.4325 ], [ -65.9345, -1.4138 ], [ -66.0016, -1.4137 ], [ -66.1485, -1.4418 ], [ -66.2415, -1.492 ], [ -66.3689, -1.5435 ], [ -66.4867, -1.5143 ], [ -66.6302, -1.5713 ], [ -66.9186, -1.6102 ], [ -67.076, -1.5798 ], [ -67.5267, -1.6509 ], [ -67.6495, -1.5121 ], [ -67.8317, -1.4819 ], [ -68.1607, -1.4834 ], [ -68.1709, -0.6709 ], [ -68.265, -0.6757 ], [ -68.4272, -0.7662 ], [ -68.6128, -0.7127 ], [ -68.6969, -0.5752 ], [ -68.9197, -0.4907 ], [ -69.2864, -0.5168 ], [ -69.5918, -0.3258 ], [ -69.6042, -0.2209 ], [ -69.9419, -0.0854 ], [ -69.9922, 0.0537 ], [ -70.0574, -0.1868 ], [ -69.6155, -0.5063 ], [ -69.6264, -0.7497 ], [ -69.3968, -1.1235 ], [ -69.6134, -2.4402 ], [ -69.8377, -3.6866 ], [ -69.9549, -4.2663 ], [ -70.2668, -4.312 ], [ -70.326, -4.1463 ], [ -70.759, -4.16 ], [ -70.9432, -4.3861 ], [ -71.2071, -4.3799 ], [ -71.6065, -4.5344 ], [ -71.7486, -4.4726 ], [ -71.927, -4.5451 ], [ -72.4332, -4.9113 ], [ -72.8851, -5.1668 ], [ -72.985, -5.6943 ], [ -73.157, -5.8694 ], [ -73.2502, -6.1449 ], [ -73.1089, -6.41 ], [ -73.213, -6.5778 ], [ -73.3545, -6.5949 ], [ -73.6428, -6.7621 ], [ -73.8016, -7.1118 ] ], [ [ -68.6247, -3.6921 ], [ -68.6311, -3.2162 ], [ -68.6027, -3.2341 ], [ -68.4944, -3.171 ], [ -68.6027, -3.2341 ], [ -68.6247, -3.6921 ] ] ] } },
{ "type": "Feature", "properties": { "cod_rgi": "1303", "nome_rgi": "Lábrea" }, "geometry": { "type": "Polygon", "coordinates": [ [ [ -59.0792, -6.389 ], [ -59.8727, -6.8121 ], [ -59.9335, -6.5556 ], [ -59.8203, -6.4353 ], [ -59.3149, -6.461 ], [ -59.3559, -6.3367 ], [ -59.4091, -6.0128 ], [ -59.6048, -5.7754 ], [ -59.5453, -5.5202 ], [ -59.7062, -5.497 ], [ -59.6708, -5.2832 ], [ -59.9446, -4.8697 ], [ -60.1671, -4.9053 ], [ -60.284, -5.0426 ], [ -60.6942, -5.0727 ], [ -60.7258, -5.1132 ], [ -60.9136, -5.1129 ], [ -61.2933, -4.712 ], [ -61.3187, -4.7631 ], [ -61.9423, -5.2956 ], [ -62.0129, -5.3266 ], [ -62.1029, -5.4599 ], [ -62.6969, -4.9093 ], [ -62.7189, -4.8379 ], [ -62.8307, -4.6782 ], [ -62.9162, -4.6138 ], [ -63.0187, -4.5248 ], [ -62.9824, -4.6417 ], [ -63.2069, -4.7899 ], [ -63.336, -4.9902 ], [ -63.3642, -5.1156 ], [ -63.4415, -5.1509 ], [ -63.5262, -5.1578 ], [ -63.5944, -5.1371 ], [ -63.7023, -5.11 ], [ -64.0257, -5.2672 ], [ -64.1037, -5.4188 ], [ -64.4375, -5.5575 ], [ -64.6038, -5.6984 ], [ -64.6702, -5.7686 ], [ -64.7416, -5.8065 ], [ -64.9614, -5.7454 ], [ -65.1356, -5.697 ], [ -65.5295, -5.6425 ], [ -65.7855, -5.4917 ], [ -66.0578, -5.4222 ], [ -66.0897, -5.41 ], [ -66.1441, -5.3905 ], [ -66.1662, -5.3676 ], [ -66.4285, -5.4321 ], [ -66.5441, -5.3951 ], [ -66.584, -5.4669 ], [ -66.6642, -5.5234 ], [ -66.7227, -5.5448 ], [ -66.7804, -5.5539 ], [ -66.8538, -5.528 ], [ -66.9075, -5.4441 ], [ -66.9582, -5.4199 ], [ -67.2234, -5.7505 ], [ -67.4479, -5.8908 ], [ -67.6512, -5.9376 ], [ -67.6665, -6.2545 ], [ -67.7972, -6.5197 ], [ -67.6329, -6.5699 ], [ -67.3672, -6.4926 ], [ -67.2029, -6.3335 ], [ -66.8565, -6.4126 ], [ -66.7599, -6.5089 ], [ -66.3983, -6.6374 ], [ -66.3881, -6.6435 ], [ -66.6863, -6.7938 ], [ -67.0726, -6.7844 ], [ -67.4216, -6.8991 ], [ -67.4907, -7.1713 ], [ -67.5006, -7.2472 ], [ -67.5184, -7.3188 ], [ -67.6125, -7.4108 ], [ -67.7092, -7.2685 ], [ -68.0415, -7.1172 ], [ -68.2731, -7.1778 ], [ -68.6565, -7.1039 ], [ -68.8956, -7.1073 ], [ -69.1326, -6.9615 ], [ -69.2505, -7.0001 ], [ -69.4139, -7.0746 ], [ -69.4865, -7.1058 ], [ -69.4849, -7.1808 ], [ -69.491, -7.2032 ], [ -69.4863, -7.3304 ], [ -69.6252, -7.7524 ], [ -69.7849, -7.9085 ], [ -69.7873, -7.9984 ], [ -69.8028, -8.0491 ], [ -68.6472, -9.0494 ], [ -67.5169, -9.5609 ], [ -67.326, -9.5923 ], [ -66.8103, -9.818 ], [ -66.6094, -9.6649 ], [ -66.5006, -9.6336 ], [ -66.3748, -9.4264 ], [ -65.9703, -9.4132 ], [ -65.7235, -9.5591 ], [ -65.5968, -9.4139 ], [ -65.4347, -9.4663 ], [ -65.2467, -9.2577 ], [ -65.1429, -9.4468 ], [ -64.9215, -9.2283 ], [ -64.8706, -9.0122 ], [ -64.784, -8.9893 ], [ -64.6714, -9.0148 ], [ -64.4466, -8.9769 ], [ -64.3096, -8.9345 ], [ -64.2332, -8.9923 ], [ -64.1582, -8.8432 ], [ -64.1295, -8.8052 ], [ -64.0279, -8.7157 ], [ -63.946, -8.6095 ], [ -63.9745, -8.4872 ], [ -63.9779, -8.4201 ], [ -63.747, -8.1986 ], [ -63.667, -8.0816 ], [ -63.6218, -8.0296 ], [ -63.6216, -7.8947 ], [ -63.6208, -7.9693 ], [ -62.8666, -7.9759 ], [ -62.744, -8.0453 ], [ -62.6599, -8.1996 ], [ -62.4322, -8.372 ], [ -62.3661, -8.4936 ], [ -62.3258, -8.5637 ], [ -62.2813, -8.6386 ], [ -61.9381, -8.8814 ], [ -61.8597, -8.853 ], [ -61.7419, -8.6952 ], [ -61.606, -8.7947 ], [ -60.4202, -8.7966 ], [ -58.5004, -8.8028 ], [ -58.4159, -8.7928 ], [ -58.3262, -8.72 ], [ -58.4171, -8.492 ], [ -58.2884, -8.0796 ], [ -58.3847, -7.844 ], [ -58.2805, -7.7065 ], [ -58.2131, -7.4585 ], [ -58.1371, -7.3561 ], [ -58.1474, -7.3432 ], [ -58.5404, -7.3425 ], [ -58.5063, -7.1143 ], [ -58.5599, -7.032 ], [ -58.8588, -6.7055 ], [ -58.8747, -6.5895 ], [ -58.8553, -6.3815 ], [ -59.0792, -6.389 ] ] ] } },
{ "type": "Feature", "properties": { "cod_rgi": "1304", "nome_rgi": "Parintins" }, "geometry": { "type": "Polygon", "coordinates": [ [ [ -58.2626, -6.4689 ], [ -56.9138, -3.5623 ], [ -56.4021, -2.4565 ], [ -56.4656, -2.4231 ], [ -56.2203, -2.1958 ], [ -56.1694, -2.1455 ], [ -56.0982, -2.0269 ], [ -56.2284, -2.0562 ], [ -56.4779, -2.1704 ], [ -56.5978, -2.175 ], [ -56.6129, -2.2102 ], [ -56.7694, -2.1407 ], [ -56.7214, -2.0592 ], [ -56.85, -2.0202 ], [ -57.0372, -1.9116 ], [ -57.1649, -1.7209 ], [ -57.3055, -1.7303 ], [ -57.7069, -1.576 ], [ -57.824, -1.4398 ], [ -57.9121, -1.4286 ], [ -57.9555, -1.3831 ], [ -57.979, -1.1931 ], [ -58.1626, -1.2297 ], [ -58.3233, -1.1433 ], [ -58.4361, -0.8835 ], [ -58.7052, -0.679 ], [ -58.7354, -0.4715 ], [ -58.8654, -0.2655 ], [ -58.8631, -0.1609 ], [ -58.8983, -0.0179 ], [ -58.8955, 0.2635 ], [ -60.038, 0.2635 ], [ -60.0591, 0.163 ], [ -60.1852, -0.0003 ], [ -60.2252, -0.1195 ], [ -60.0825, -0.0481 ], [ -59.8926, -0.1019 ], [ -59.8476, -0.1818 ], [ -59.9676, -0.5689 ], [ -60.025, -0.6615 ], [ -60.0543, -0.676 ], [ -59.8544, -0.9143 ], [ -59.7078, -1.1022 ], [ -59.3806, -1.1067 ], [ -59.3468, -1.1395 ], [ -59.2337, -1.2185 ], [ -59.3468, -1.1395 ], [ -59.3595, -1.2616 ], [ -59.5194, -1.4329 ], [ -59.2007, -1.4694 ], [ -59.196, -1.7108 ], [ -59.2193, -1.819 ], [ -59.2018, -1.9404 ], [ -59.1384, -2.1658 ], [ -59.1456, -2.2171 ], [ -59.111, -2.2238 ], [ -59.173, -2.3858 ], [ -59.272, -2.4476 ], [ -59.2759, -2.4883 ], [ -59.2463, -2.4703 ], [ -59.131, -2.5204 ], [ -59.022, -2.6064 ], [ -59.131, -2.5204 ], [ -59.1559, -2.5175 ], [ -59.1892, -2.5977 ], [ -59.3539, -2.8216 ], [ -59.3758, -2.8658 ], [ -59.5003, -2.9719 ], [ -59.3045, -3.1319 ], [ -59.1599, -3.1684 ], [ -59.3519, -3.1456 ], [ -59.3842, -3.1811 ], [ -59.1496, -3.2854 ], [ -59.0062, -3.2439 ], [ -58.8546, -3.401 ], [ -58.7873, -3.3866 ], [ -58.8447, -3.4474 ], [ -58.9197, -3.5439 ], [ -58.92, -3.6078 ], [ -58.8416, -3.5932 ], [ -58.4251, -3.7299 ], [ -58.3496, -3.5828 ], [ -58.3703, -3.5003 ], [ -58.2275, -3.6157 ], [ -58.2935, -3.8263 ], [ -58.468, -3.9309 ], [ -58.2473, -4.2302 ], [ -58.1623, -4.2277 ], [ -58.1058, -4.4198 ], [ -58.2562, -4.6001 ], [ -58.437, -5.0706 ], [ -58.8105, -5.3423 ], [ -58.8547, -5.5328 ], [ -58.8031, -6.0786 ], [ -58.908, -6.3206 ], [ -58.8539, -6.3739 ], [ -58.8344, -6.4389 ], [ -58.8747, -6.5895 ], [ -58.8588, -6.7055 ], [ -58.5599, -7.032 ], [ -58.5063, -7.1143 ], [ -58.5404, -7.3425 ], [ -58.1474, -7.3432 ], [ -58.3354, -6.9864 ], [ -58.4818, -6.7814 ], [ -58.3499, -6.5624 ], [ -58.2626, -6.4689 ] ] ] } },
{ "type": "Feature", "properties": { "cod_rgi": "1401", "nome_rgi": "Boa Vista" }, "geometry": { "type": "Polygon", "coordinates": [ [ [ -60.6524, 4.8846 ], [ -60.9497, 4.6527 ], [ -60.9947, 4.5185 ], [ -61.2173, 4.5353 ], [ -61.5183, 4.3982 ], [ -61.5602, 4.2518 ], [ -61.983, 4.1804 ], [ -62.1461, 4.0741 ], [ -62.3897, 4.178 ], [ -62.7536, 4.0313 ], [ -62.7291, 3.8046 ], [ -62.9908, 3.6121 ], [ -63.2077, 3.9524 ], [ -63.4914, 3.8735 ], [ -64.0508, 3.9502 ], [ -64.2764, 4.1438 ], [ -64.5605, 4.1016 ], [ -64.6739, 4.0046 ], [ -64.4889, 3.7905 ], [ -64.2891, 3.6996 ], [ -64.1858, 3.5596 ], [ -64.2541, 3.4202 ], [ -64.2341, 3.1113 ], [ -64.0716, 2.9377 ], [ -63.9578, 2.4704 ], [ -63.6524, 2.6055 ], [ -63.4749, 2.7879 ], [ -63.1365, 2.8019 ], [ -62.9377, 2.7155 ], [ -63.0367, 2.6776 ], [ -63.0716, 2.5455 ], [ -63.0566, 2.3941 ], [ -62.6032, 2.2307 ], [ -62.5256, 2.1353 ], [ -62.3075, 2.2149 ], [ -61.7347, 2.3252 ], [ -61.5079, 2.4502 ], [ -61.3387, 2.2637 ], [ -61.0511, 2.298 ], [ -60.9383, 2.2153 ], [ -61.0159, 2.145 ], [ -61.0515, 2.0509 ], [ -61.0186, 1.9781 ], [ -60.7424, 1.9995 ], [ -60.5454, 1.7534 ], [ -60.537, 1.7087 ], [ -60.3891, 1.7369 ], [ -60.1566, 1.9996 ], [ -59.7335, 1.9996 ], [ -59.7225, 2.2768 ], [ -59.9072, 2.3894 ], [ -59.9911, 2.6871 ], [ -59.9083, 3.2102 ], [ -59.8038, 3.3616 ], [ -59.8719, 3.5632 ], [ -59.5794, 3.8163 ], [ -59.6208, 4.1363 ], [ -59.8904, 4.225 ], [ -59.6741, 4.376 ], [ -59.9697, 4.503 ], [ -60.0302, 4.7005 ], [ -59.9968, 5.0845 ], [ -60.2125, 5.2718 ], [ -60.5694, 5.1957 ], [ -60.6524, 4.8846 ] ] ] } },
{ "type": "Feature", "properties": { "cod_rgi": "1402", "nome_rgi": "Rorainópolis - Caracaraí" }, "geometry": { "type": "Polygon", "coordinates": [ [ [ -61.0186, 1.9781 ], [ -61.0515, 2.0509 ], [ -61.0159, 2.145 ], [ -60.9383, 2.2153 ], [ -61.0511, 2.298 ], [ -61.3387, 2.2637 ], [ -61.5079, 2.4502 ], [ -61.7347, 2.3252 ], [ -62.3075, 2.2149 ], [ -62.5256, 2.1353 ], [ -62.6032, 2.2307 ], [ -63.0566, 2.3941 ], [ -63.0716, 2.5455 ], [ -63.0367, 2.6776 ], [ -62.9377, 2.7155 ], [ -63.1365, 2.8019 ], [ -63.4749, 2.7879 ], [ -63.6524, 2.6055 ], [ -63.7512, 2.3868 ], [ -63.4766, 2.4395 ], [ -63.2828, 2.1539 ], [ -63.1415, 2.1724 ], [ -63.0238, 2.0147 ], [ -62.8388, 2.0165 ], [ -62.7311, 1.8182 ], [ -62.7237, 1.7124 ], [ -62.7363, 1.5296 ], [ -62.7208, 1.4885 ], [ -62.64, 1.4382 ], [ -62.6203, 1.4038 ], [ -62.6205, 1.3627 ], [ -62.5297, 1.0888 ], [ -62.4716, 1.0863 ], [ -62.4577, 0.7852 ], [ -62.533, 0.5088 ], [ -62.4244, 0.0916 ], [ -62.245, -0.1747 ], [ -62.2023, -0.393 ], [ -62.2909, -0.6467 ], [ -62.4808, -0.7951 ], [ -62.0316, -1.1265 ], [ -61.9022, -1.387 ], [ -61.8694, -1.4017 ], [ -61.8399, -1.4011 ], [ -61.4733, -1.5278 ], [ -61.5383, -1.4334 ], [ -61.5822, -1.3534 ], [ -61.553, -0.8109 ], [ -61.485, -0.7206 ], [ -61.4288, -0.6342 ], [ -61.1576, -0.5153 ], [ -60.9208, -0.5554 ], [ -60.7566, -0.7956 ], [ -60.7527, -0.8612 ], [ -60.5311, -0.8751 ], [ -60.3461, -0.7459 ], [ -60.3136, -0.6415 ], [ -60.4, -0.5101 ], [ -60.2994, -0.2117 ], [ -60.1852, -0.0003 ], [ -60.0591, 0.163 ], [ -60.038, 0.2635 ], [ -58.8955, 0.2635 ], [ -58.8955, 1.2277 ], [ -59.2533, 1.3882 ], [ -59.5383, 1.7219 ], [ -59.6902, 1.7563 ], [ -59.7335, 1.9996 ], [ -60.1566, 1.9996 ], [ -60.3891, 1.7369 ], [ -60.537, 1.7087 ], [ -60.5454, 1.7534 ], [ -60.7424, 1.9995 ], [ -61.0186, 1.9781 ] ] ] } },
{ "type": "Feature", "properties": { "cod_rgi": "1501", "nome_rgi": "Belém" }, "geometry": { "type": "MultiPolygon", "coordinates": [ [ [ [ -49.0256, -1.5819 ], [ -49.1717, -1.7161 ], [ -49.3012, -1.7029 ], [ -49.5397, -1.7801 ], [ -49.7182, -1.8356 ], [ -49.8679, -1.8304 ], [ -50.0051, -1.7839 ], [ -50.1315, -1.815 ], [ -50.055, -1.9152 ], [ -50.0787, -2.0194 ], [ -50.1095, -2.4106 ], [ -49.9105, -2.8129 ], [ -49.8476, -2.931 ], [ -49.8967, -2.9888 ], [ -49.8051, -2.9527 ], [ -49.7895, -2.7408 ], [ -49.7335, -2.6662 ], [ -49.753, -2.635 ], [ -49.6837, -2.6659 ], [ -49.6767, -2.6635 ], [ -49.3472, -2.6421 ], [ -49.3865, -2.664 ], [ -49.4373, -2.7147 ], [ -49.4537, -2.8914 ], [ -49.5625, -2.9395 ], [ -49.6294, -3.0495 ], [ -49.4604, -3.3677 ], [ -49.4726, -3.4153 ], [ -48.9256, -3.4129 ], [ -48.967, -3.2169 ], [ -48.9193, -3.1081 ], [ -48.967, -3.2169 ], [ -48.8945, -3.3756 ], [ -48.69, -3.2932 ], [ -48.5906, -3.2255 ], [ -48.4484, -3.2376 ], [ -48.3197, -3.1444 ], [ -48.2858, -3.0936 ], [ -48.1287, -2.9473 ], [ -48.076, -2.7813 ], [ -48.0203, -2.4958 ], [ -48.0305, -2.4436 ], [ -47.9948, -2.2237 ], [ -47.975, -2.167 ], [ -47.9955, -2.1558 ], [ -48.1012, -2.0965 ], [ -48.0538, -2.0845 ], [ -48.0419, -1.9268 ], [ -48.0811, -1.8155 ], [ -48.0061, -1.7676 ], [ -47.8908, -1.6809 ], [ -47.8809, -1.6619 ], [ -47.8577, -1.6293 ], [ -47.9658, -1.5928 ], [ -47.987, -1.5037 ], [ -48.0447, -1.486 ], [ -48.1015, -1.5397 ], [ -48.1343, -1.5152 ], [ -47.9861, -1.4222 ], [ -48.036, -1.2084 ], [ -48.0995, -1.1888 ], [ -48.2032, -1.2365 ], [ -48.2457, -1.3996 ], [ -48.293, -1.4705 ], [ -48.505, -1.5383 ], [ -48.5228, -1.6755 ], [ -48.9058, -1.9566 ], [ -48.5304, -1.6993 ], [ -48.5228, -1.6755 ], [ -48.5095, -1.5261 ], [ -48.5152, -1.3943 ], [ -48.6244, -1.1922 ], [ -48.7684, -1.4658 ], [ -49.0256, -1.5819 ] ] ], [ [ [ -48.4276, -1.2572 ], [ -48.2032, -1.2365 ], [ -48.0995, -1.1888 ], [ -47.9692, -1.2026 ], [ -48.1115, -1.0154 ], [ -48.1515, -0.9029 ], [ -48.208, -0.7947 ], [ -48.2973, -0.7747 ], [ -48.3279, -0.7777 ], [ -48.4393, -0.9825 ], [ -48.4695, -1.0194 ], [ -48.6244, -1.1922 ], [ -48.5231, -1.382 ], [ -48.5095, -1.5261 ], [ -48.3636, -1.4069 ], [ -48.3392, -1.2679 ], [ -48.4276, -1.2572 ] ] ], [ [ [ -48.2457, -1.3996 ], [ -48.3392, -1.2679 ], [ -48.3636, -1.4069 ], [ -48.293, -1.4705 ], [ -48.2457, -1.3996 ] ] ], [ [ [ -48.0811, -1.8155 ], [ -48.0419, -1.9268 ], [ -48.0538, -2.0845 ], [ -47.9886, -2.0966 ], [ -47.9549, -2.0358 ], [ -47.9116, -1.9598 ], [ -47.8953, -1.7853 ], [ -47.8908, -1.6809 ], [ -48.0061, -1.7676 ], [ -48.0811, -1.8155 ] ] ], [ [ [ -48.0038, -0.9249 ], [ -48.0042, -0.8216 ], [ -48.0315, -0.7971 ], [ -48.0007, -0.7642 ], [ -47.9519, -0.7768 ], [ -47.9615, -0.6988 ], [ -47.9761, -0.6868 ], [ -48.2608, -0.6734 ], [ -48.3279, -0.7777 ], [ -48.208, -0.7947 ], [ -48.1515, -0.9029 ], [ -48.1115, -1.0154 ], [ -48.0215, -1.1338 ], [ -47.9431, -1.0388 ], [ -47.9195, -0.9731 ], [ -48.0038, -0.9249 ] ] ] ] } },
{ "type": "Feature", "properties": { "cod_rgi": "1502", "nome_rgi": "Castanhal" }, "geometry": { "type": "Polygon", "coordinates": [ [ [ -46.3516, -1.136 ], [ -46.3343, -1.0306 ], [ -46.6226, -0.8151 ], [ -46.8355, -0.9347 ], [ -47.0125, -1.0133 ], [ -47.0839, -0.832 ], [ -47.1186, -0.8939 ], [ -47.2247, -0.9638 ], [ -47.4123, -1.0646 ], [ -47.4266, -1.3035 ], [ -47.4123, -1.0646 ], [ -47.6104, -1.0315 ], [ -47.5579, -0.9209 ], [ -47.6104, -1.0315 ], [ -47.2247, -0.9638 ], [ -47.1186, -0.8939 ], [ -47.0549, -0.7754 ], [ -47.2921, -0.5934 ], [ -47.6483, -0.5861 ], [ -47.7549, -0.6797 ], [ -47.9761, -0.6868 ], [ -47.9605, -0.7043 ], [ -47.9589, -0.7921 ], [ -47.9068, -0.8484 ], [ -47.9589, -0.7921 ], [ -47.9519, -0.7768 ], [ -48.0026, -0.765 ], [ -48.0315, -0.7971 ], [ -48.0042, -0.8216 ], [ -48.0038, -0.9249 ], [ -47.9195, -0.9731 ], [ -47.9431, -1.0388 ], [ -47.811, -1.0656 ], [ -48.0215, -1.1338 ], [ -47.9692, -1.2026 ], [ -48.036, -1.2084 ], [ -47.9861, -1.4222 ], [ -48.1343, -1.5152 ], [ -48.1015, -1.5397 ], [ -48.0447, -1.486 ], [ -47.987, -1.5037 ], [ -47.9658, -1.5928 ], [ -47.7104, -1.4762 ], [ -47.667, -1.4701 ], [ -47.7104, -1.4762 ], [ -47.8577, -1.6293 ], [ -47.8809, -1.6619 ], [ -47.8953, -1.7853 ], [ -47.9116, -1.9598 ], [ -47.9549, -2.0358 ], [ -47.9886, -2.0966 ], [ -47.9955, -2.1558 ], [ -47.975, -2.167 ], [ -47.9948, -2.2237 ], [ -48.0305, -2.4436 ], [ -48.0203, -2.4958 ], [ -48.076, -2.7813 ], [ -48.1287, -2.9473 ], [ -48.2858, -3.0936 ], [ -48.3197, -3.1444 ], [ -48.4484, -3.2376 ], [ -48.5906, -3.2255 ], [ -48.69, -3.2932 ], [ -48.8945, -3.3756 ], [ -48.9277, -3.433 ], [ -49.0248, -3.5112 ], [ -49.0291, -3.5471 ], [ -48.8727, -3.6274 ], [ -48.7668, -3.7321 ], [ -48.4922, -3.824 ], [ -48.369, -3.8802 ], [ -48.3882, -4.0194 ], [ -48.3718, -4.0836 ], [ -48.2749, -4.2112 ], [ -48.1609, -4.201 ], [ -47.8162, -4.6147 ], [ -47.7899, -4.5855 ], [ -47.5836, -4.523 ], [ -47.3718, -4.2456 ], [ -47.3658, -4.1806 ], [ -47.3402, -4.177 ], [ -47.3472, -4.1087 ], [ -47.3194, -4.0478 ], [ -47.3051, -4.0588 ], [ -47.2017, -3.9736 ], [ -47.1485, -3.9145 ], [ -47.1066, -3.8809 ], [ -47.0867, -3.8249 ], [ -47.037, -3.668 ], [ -47.0185, -3.5655 ], [ -46.9441, -3.3769 ], [ -46.8134, -3.3095 ], [ -46.6498, -2.9942 ], [ -46.5748, -2.6288 ], [ -46.4899, -2.5334 ], [ -46.4362, -2.5126 ], [ -46.4075, -2.3687 ], [ -46.456, -2.3841 ], [ -46.4295, -2.3317 ], [ -46.3778, -2.2535 ], [ -46.2928, -2.1486 ], [ -46.263, -2.1215 ], [ -46.2205, -1.9148 ], [ -46.2086, -1.8309 ], [ -46.3111, -1.8039 ], [ -46.324, -1.7655 ], [ -46.2163, -1.7273 ], [ -46.1521, -1.6736 ], [ -46.1305, -1.5741 ], [ -46.1191, -1.3048 ], [ -46.0727, -1.1077 ], [ -46.2651, -0.9178 ], [ -46.3516, -1.136 ], [ -46.4004, -1.2238 ], [ -46.8752, -1.5803 ], [ -46.5485, -1.3354 ], [ -46.385, -1.2122 ], [ -46.3516, -1.136 ] ], [ [ -47.2862, -1.537 ], [ -47.1874, -1.3894 ], [ -47.0539, -1.1568 ], [ -47.1874, -1.3894 ], [ -47.1341, -1.3129 ], [ -47.2862, -1.537 ], [ -47.3397, -1.5939 ], [ -47.4131, -1.6357 ], [ -47.3397, -1.5939 ], [ -47.2862, -1.537 ] ] ] } },
{ "type": "Feature", "properties": { "cod_rgi": "1503", "nome_rgi": "Marabá" }, "geometry": { "type": "Polygon", "coordinates": [ [ [ -48.3757, -4.8951 ], [ -48.3388, -4.8848 ], [ -48.3226, -4.9155 ], [ -48.2703, -4.9235 ], [ -48.2195, -4.9028 ], [ -48.1946, -4.911 ], [ -47.8162, -4.6147 ], [ -48.1609, -4.201 ], [ -48.2749, -4.2112 ], [ -48.3692, -4.0896 ], [ -48.3879, -4.0174 ], [ -48.369, -3.8802 ], [ -48.4922, -3.824 ], [ -48.7668, -3.7321 ], [ -48.8727, -3.6274 ], [ -49.0291, -3.5471 ], [ -49.0248, -3.5112 ], [ -48.9277, -3.433 ], [ -48.9256, -3.4129 ], [ -49.5965, -3.4151 ], [ -49.6573, -3.5293 ], [ -49.4726, -3.4153 ], [ -49.4655, -3.3968 ], [ -49.4604, -3.3677 ], [ -49.6294, -3.0495 ], [ -49.5625, -2.9395 ], [ -49.4537, -2.8914 ], [ -49.4373, -2.7147 ], [ -49.3865, -2.664 ], [ -49.6767, -2.6635 ], [ -49.6837, -2.6659 ], [ -49.7335, -2.6662 ], [ -49.7895, -2.7408 ], [ -49.8051, -2.9527 ], [ -49.8967, -2.9888 ], [ -49.91, -3.0913 ], [ -49.9694, -3.1402 ], [ -49.9307, -3.2282 ], [ -49.9086, -3.3257 ], [ -50.2294, -3.2339 ], [ -50.4859, -3.4583 ], [ -50.809, -3.495 ], [ -50.8468, -3.2962 ], [ -50.9802, -3.1548 ], [ -51.0105, -3.1289 ], [ -51.1143, -3.1365 ], [ -51.1745, -3.1584 ], [ -51.2566, -3.2311 ], [ -51.246, -3.2449 ], [ -51.1674, -3.4487 ], [ -51.2042, -3.6703 ], [ -51.2483, -3.9849 ], [ -51.2278, -4.0308 ], [ -51.0493, -4.2303 ], [ -50.9971, -4.2132 ], [ -50.995, -4.3607 ], [ -50.8798, -4.4475 ], [ -50.9326, -4.7137 ], [ -50.8584, -4.8689 ], [ -50.8523, -4.9664 ], [ -50.8953, -5.1127 ], [ -50.8574, -5.1776 ], [ -50.8132, -5.1522 ], [ -50.5705, -5.1969 ], [ -50.7202, -5.1747 ], [ -50.7249, -5.2204 ], [ -50.7546, -5.3115 ], [ -50.9564, -5.5405 ], [ -50.9393, -5.8023 ], [ -51.1165, -5.8277 ], [ -51.1261, -5.9188 ], [ -51.222, -5.9635 ], [ -51.3574, -5.9669 ], [ -51.3686, -6.0461 ], [ -51.2239, -6.1682 ], [ -51.2002, -6.1725 ], [ -51.1605, -6.2662 ], [ -51.1909, -6.2688 ], [ -51.1796, -6.3237 ], [ -51.1432, -6.4298 ], [ -51.1835, -6.4672 ], [ -51.0369, -6.4751 ], [ -50.9362, -6.406 ], [ -50.716, -6.5419 ], [ -50.5224, -6.5084 ], [ -50.4825, -6.5138 ], [ -50.4208, -6.5107 ], [ -50.4118, -6.4808 ], [ -50.3451, -6.5204 ], [ -50.1076, -6.5495 ], [ -49.9977, -6.55 ], [ -49.9578, -6.5906 ], [ -49.7831, -6.6419 ], [ -49.7388, -6.6733 ], [ -49.745, -6.7126 ], [ -49.7298, -6.7147 ], [ -49.4113, -6.4453 ], [ -49.1247, -6.8219 ], [ -49.0834, -6.8433 ], [ -49.0189, -6.7842 ], [ -48.7369, -6.6928 ], [ -48.652, -6.64 ], [ -48.506, -6.3531 ], [ -48.4477, -6.3512 ], [ -48.4171, -6.2986 ], [ -48.2869, -6.0658 ], [ -48.3071, -5.9748 ], [ -48.2375, -5.9526 ], [ -48.2294, -5.9304 ], [ -48.2908, -5.8394 ], [ -48.2998, -5.7847 ], [ -48.2831, -5.7329 ], [ -48.2009, -5.723 ], [ -48.1723, -5.7086 ], [ -48.1322, -5.6181 ], [ -48.2787, -5.5404 ], [ -48.3879, -5.5587 ], [ -48.5052, -5.4293 ], [ -48.6505, -5.3849 ], [ -48.7552, -5.3492 ], [ -48.4332, -5.0981 ], [ -48.4346, -5.0767 ], [ -48.1946, -4.911 ], [ -48.3188, -4.9168 ], [ -48.3347, -4.8871 ], [ -48.3757, -4.8951 ] ] ] } },
{ "type": "Feature", "properties": { "cod_rgi": "1504", "nome_rgi": "Redenção" }, "geometry": { "type": "Polygon", "coordinates": [ [ [ -49.9578, -6.5906 ], [ -49.9977, -6.55 ], [ -50.1076, -6.5495 ], [ -50.3451, -6.5204 ], [ -50.4118, -6.4808 ], [ -50.4208, -6.5107 ], [ -50.5224, -6.5084 ], [ -50.716, -6.5419 ], [ -50.9362, -6.406 ], [ -51.0369, -6.4751 ], [ -51.1835, -6.4672 ], [ -51.1432, -6.4298 ], [ -51.1796, -6.3237 ], [ -51.1909, -6.2688 ], [ -51.1605, -6.2662 ], [ -51.2002, -6.1725 ], [ -51.2239, -6.1682 ], [ -51.3686, -6.0461 ], [ -51.3574, -5.9669 ], [ -51.222, -5.9635 ], [ -51.1261, -5.9188 ], [ -51.1165, -5.8277 ], [ -50.9393, -5.8023 ], [ -50.9564, -5.5405 ], [ -50.7546, -5.3115 ], [ -50.7249, -5.2204 ], [ -50.7202, -5.1747 ], [ -50.8132, -5.1522 ], [ -50.8574, -5.1776 ], [ -50.9217, -5.1492 ], [ -52.0511, -5.1514 ], [ -52.076, -5.2156 ], [ -52.2793, -5.2749 ], [ -52.3748, -5.2046 ], [ -52.5609, -5.2172 ], [ -52.6417, -5.3812 ], [ -52.6916, -5.6565 ], [ -52.9394, -5.744 ], [ -53.3882, -6.0962 ], [ -53.1912, -6.4006 ], [ -53.3137, -6.4634 ], [ -53.3949, -6.7176 ], [ -53.3196, -6.8965 ], [ -53.3145, -7.2107 ], [ -53.1201, -7.3955 ], [ -53.1433, -7.6143 ], [ -52.9921, -7.8277 ], [ -53.0148, -7.998 ], [ -52.9656, -8.0237 ], [ -52.9403, -8.2013 ], [ -52.9681, -8.2404 ], [ -52.9487, -8.4839 ], [ -52.9149, -8.5382 ], [ -52.8992, -8.6308 ], [ -52.9241, -8.7048 ], [ -53.0063, -8.7048 ], [ -53.0152, -8.7755 ], [ -53.0848, -9.1161 ], [ -52.9645, -9.2246 ], [ -52.9259, -9.4504 ], [ -53.1334, -9.6453 ], [ -51.3043, -9.7729 ], [ -50.2248, -9.8412 ], [ -50.1979, -9.7588 ], [ -50.1053, -9.4754 ], [ -50.005, -9.2688 ], [ -49.9661, -9.2309 ], [ -49.9077, -9.1738 ], [ -49.9101, -9.1535 ], [ -49.8847, -9.0974 ], [ -49.7451, -8.9062 ], [ -49.5924, -8.8395 ], [ -49.4099, -8.58 ], [ -49.3915, -8.4898 ], [ -49.3529, -8.4225 ], [ -49.2833, -8.3796 ], [ -49.1994, -8.0876 ], [ -49.1749, -8.0506 ], [ -49.182, -7.977 ], [ -49.1678, -7.8543 ], [ -49.1484, -7.8073 ], [ -49.1579, -7.7938 ], [ -49.3281, -7.6778 ], [ -49.361, -7.6149 ], [ -49.3836, -7.5569 ], [ -49.378, -7.4964 ], [ -49.1853, -7.2352 ], [ -49.2174, -6.9615 ], [ -49.2095, -6.9254 ], [ -49.0834, -6.8433 ], [ -49.1247, -6.8219 ], [ -49.4113, -6.4453 ], [ -49.6378, -6.637 ], [ -49.733, -6.7175 ], [ -50.3764, -7.2528 ], [ -49.7298, -6.7147 ], [ -49.745, -6.7126 ], [ -49.7388, -6.6733 ], [ -49.7831, -6.6419 ], [ -49.9578, -6.5906 ] ] ] } },
{ "type": "Feature", "properties": { "cod_rgi": "1505", "nome_rgi": "Santarém" }, "geometry": { "type": "Polygon", "coordinates": [ [ [ -55.3336, 1.4859 ], [ -55.4454, 1.5528 ], [ -55.4275, 1.6604 ], [ -55.438, 1.7718 ], [ -55.5836, 1.9596 ], [ -55.5124, 2.0569 ], [ -55.7077, 2.4032 ], [ -55.9783, 2.5274 ], [ -56.043, 2.2279 ], [ -55.9032, 2.0412 ], [ -55.9565, 1.8452 ], [ -56.4513, 1.9562 ], [ -56.7989, 1.8726 ], [ -57.0868, 2.0265 ], [ -57.3044, 1.9975 ], [ -57.5143, 1.7231 ], [ -57.7924, 1.7267 ], [ -57.9804, 1.6333 ], [ -58.0043, 1.5031 ], [ -58.3605, 1.5602 ], [ -58.4963, 1.268 ], [ -58.8955, 1.2288 ], [ -58.895, -0.011 ], [ -58.8631, -0.1609 ], [ -58.8654, -0.2655 ], [ -58.7354, -0.4715 ], [ -58.7052, -0.679 ], [ -58.4361, -0.8835 ], [ -58.3233, -1.1433 ], [ -58.1626, -1.2297 ], [ -57.979, -1.1931 ], [ -57.9555, -1.3831 ], [ -57.9121, -1.4286 ], [ -57.824, -1.4398 ], [ -57.7069, -1.576 ], [ -57.3055, -1.7303 ], [ -57.1649, -1.7209 ], [ -57.0372, -1.9116 ], [ -56.85, -2.0202 ], [ -56.7214, -2.0592 ], [ -56.7694, -2.1407 ], [ -56.6129, -2.2102 ], [ -56.5978, -2.175 ], [ -56.5964, -2.1556 ], [ -56.4779, -2.1704 ], [ -56.2284, -2.0562 ], [ -56.0892, -1.9783 ], [ -56.0382, -1.9387 ], [ -55.9025, -1.9987 ], [ -55.8205, -2.0073 ], [ -55.748, -1.9923 ], [ -55.8785, -2.0044 ], [ -56.044, -1.939 ], [ -56.0857, -1.9715 ], [ -56.1024, -2.048 ], [ -56.1921, -2.1714 ], [ -56.2635, -2.2211 ], [ -56.3843, -2.2705 ], [ -56.4656, -2.4231 ], [ -56.4021, -2.4565 ], [ -56.9561, -3.6586 ], [ -57.8606, -5.6007 ], [ -58.2626, -6.4689 ], [ -58.3499, -6.5624 ], [ -58.4818, -6.7814 ], [ -58.3354, -6.9864 ], [ -58.181, -7.1817 ], [ -58.1371, -7.3561 ], [ -58.0614, -7.3952 ], [ -57.9396, -7.6531 ], [ -57.8738, -7.8012 ], [ -57.8288, -7.9729 ], [ -57.6672, -8.1765 ], [ -57.6869, -8.4163 ], [ -57.6247, -8.6388 ], [ -57.5304, -8.7482 ], [ -57.2996, -8.914 ], [ -57.1383, -8.9946 ], [ -57.0604, -9.1371 ], [ -56.9955, -9.2338 ], [ -56.7792, -9.3172 ], [ -56.6719, -9.3674 ], [ -56.1565, -9.4105 ], [ -54.6135, -9.5358 ], [ -54.6324, -9.5029 ], [ -54.6544, -9.5048 ], [ -54.6813, -9.4715 ], [ -54.7323, -9.3165 ], [ -54.7537, -9.1074 ], [ -55.1116, -9.0381 ], [ -55.1719, -8.9699 ], [ -55.2001, -8.2829 ], [ -55.135, -7.9864 ], [ -55.0153, -7.752 ], [ -55.0647, -7.5258 ], [ -55.2104, -7.3983 ], [ -55.2529, -7.1627 ], [ -55.2099, -6.777 ], [ -55.1673, -6.6854 ], [ -55.2936, -6.1574 ], [ -55.3214, -6.0415 ], [ -55.0305, -6.0004 ], [ -55.2068, -5.7596 ], [ -55.2719, -5.5526 ], [ -55.275, -5.5004 ], [ -55.5996, -5.2954 ], [ -55.6138, -5.2318 ], [ -55.3515, -5.0467 ], [ -55.5291, -4.7971 ], [ -55.4968, -4.7389 ], [ -55.4767, -4.7297 ], [ -55.4978, -4.6204 ], [ -55.4607, -4.609 ], [ -55.291, -4.6781 ], [ -54.9172, -4.5292 ], [ -54.9298, -4.4565 ], [ -54.8559, -4.44 ], [ -54.8131, -4.4284 ], [ -54.682, -4.3474 ], [ -54.6322, -4.324 ], [ -54.4483, -4.2447 ], [ -54.2481, -4.3032 ], [ -54.1354, -4.2287 ], [ -54.0819, -4.1789 ], [ -54.05, -4.0761 ], [ -54.1209, -3.9268 ], [ -54.1611, -3.8377 ], [ -54.2639, -3.6629 ], [ -54.2732, -3.5641 ], [ -54.2983, -3.4319 ], [ -54.289, -3.3782 ], [ -54.046, -2.9988 ], [ -53.8554, -2.8875 ], [ -53.5943, -2.8131 ], [ -53.5236, -2.7752 ], [ -53.4544, -2.7765 ], [ -53.3097, -2.7433 ], [ -53.0761, -2.6882 ], [ -52.9668, -2.657 ], [ -53.3843, -2.505 ], [ -53.2257, -2.3653 ], [ -53.2777, -2.0851 ], [ -53.3596, -2.0254 ], [ -53.2139, -1.997 ], [ -53.0312, -1.7857 ], [ -52.9998, -1.7434 ], [ -53.118, -1.7811 ], [ -53.3055, -1.7699 ], [ -53.4952, -1.3418 ], [ -53.7005, -0.9858 ], [ -53.9086, -0.9954 ], [ -53.9594, -0.9945 ], [ -54.0247, -0.9115 ], [ -54.1235, -0.8276 ], [ -54.0256, -0.6296 ], [ -54.2332, -0.4781 ], [ -54.3909, -0.2564 ], [ -54.4323, 0.0822 ], [ -54.6407, 0.1336 ], [ -54.8021, 0.3503 ], [ -54.8473, 0.4333 ], [ -54.9365, 0.5037 ], [ -55.0347, 0.61 ], [ -55.0889, 0.9264 ], [ -55.1024, 1.0631 ], [ -55.1453, 1.0538 ], [ -55.2035, 1.1977 ], [ -55.2434, 1.2652 ], [ -55.3185, 1.3864 ], [ -55.3336, 1.4859 ] ], [ [ -54.4892, -2.1127 ], [ -54.3308, -2.3973 ], [ -54.2659, -2.4154 ], [ -54.3308, -2.3973 ], [ -54.5123, -2.1094 ], [ -54.7388, -2.0715 ], [ -54.4892, -2.1127 ] ] ] } },
{ "type": "Feature", "properties": { "cod_rgi": "1506", "nome_rgi": "Altamira" }, "geometry": { "type": "Polygon", "coordinates": [ [ [ -55.1024, 1.0631 ], [ -55.0889, 0.9264 ], [ -55.0347, 0.61 ], [ -54.9365, 0.5037 ], [ -54.8473, 0.4333 ], [ -54.8021, 0.3503 ], [ -54.6407, 0.1336 ], [ -54.4323, 0.0822 ], [ -54.3909, -0.2564 ], [ -54.2332, -0.4781 ], [ -54.0256, -0.6296 ], [ -54.0247, -0.9115 ], [ -53.9594, -0.9945 ], [ -53.9086, -0.9954 ], [ -53.7005, -0.9858 ], [ -53.4952, -1.3418 ], [ -53.3055, -1.7699 ], [ -53.118, -1.7811 ], [ -52.9998, -1.7434 ], [ -53.0312, -1.7857 ], [ -53.2082, -1.9962 ], [ -53.3596, -2.0254 ], [ -53.2777, -2.0851 ], [ -53.2257, -2.3653 ], [ -53.3843, -2.505 ], [ -52.9668, -2.657 ], [ -53.0015, -2.6716 ], [ -52.8295, -2.7621 ], [ -52.9517, -2.7764 ], [ -53.0015, -2.6716 ], [ -53.0761, -2.6882 ], [ -53.3097, -2.7433 ], [ -53.4544, -2.7765 ], [ -53.5236, -2.7752 ], [ -53.5943, -2.8131 ], [ -53.8554, -2.8875 ], [ -54.046, -2.9988 ], [ -54.289, -3.3782 ], [ -54.2983, -3.4319 ], [ -54.2732, -3.5641 ], [ -54.2639, -3.6629 ], [ -54.1611, -3.8377 ], [ -54.1209, -3.9268 ], [ -54.05, -4.0761 ], [ -54.0819, -4.1789 ], [ -54.1354, -4.2287 ], [ -54.2481, -4.3032 ], [ -54.4483, -4.2447 ], [ -54.6322, -4.324 ], [ -54.682, -4.3474 ], [ -54.8131, -4.4284 ], [ -54.8559, -4.44 ], [ -54.9298, -4.4565 ], [ -54.9172, -4.5292 ], [ -55.291, -4.6781 ], [ -55.4607, -4.609 ], [ -55.4978, -4.6204 ], [ -55.4767, -4.7297 ], [ -55.4968, -4.7389 ], [ -55.5291, -4.7971 ], [ -55.3515, -5.0467 ], [ -55.6138, -5.2318 ], [ -55.5996, -5.2954 ], [ -55.275, -5.5004 ], [ -55.2719, -5.5526 ], [ -55.2068, -5.7596 ], [ -55.0305, -6.0004 ], [ -55.3214, -6.0415 ], [ -55.2936, -6.1574 ], [ -55.1673, -6.6854 ], [ -55.2099, -6.777 ], [ -55.2529, -7.1627 ], [ -55.2104, -7.3983 ], [ -55.0647, -7.5258 ], [ -55.0153, -7.752 ], [ -55.135, -7.9864 ], [ -55.2001, -8.2829 ], [ -55.1719, -8.9699 ], [ -55.1116, -9.0381 ], [ -54.7537, -9.1074 ], [ -54.7323, -9.3165 ], [ -54.6813, -9.4715 ], [ -54.6544, -9.5048 ], [ -54.6324, -9.5029 ], [ -54.6135, -9.5358 ], [ -53.1334, -9.6453 ], [ -52.9259, -9.4504 ], [ -52.9645, -9.2246 ], [ -53.0848, -9.1161 ], [ -53.0152, -8.7755 ], [ -53.0063, -8.7048 ], [ -52.9241, -8.7048 ], [ -52.8992, -8.6308 ], [ -52.9149, -8.5382 ], [ -52.9487, -8.4839 ], [ -52.9681, -8.2404 ], [ -52.9403, -8.2013 ], [ -52.9656, -8.0237 ], [ -53.0148, -7.998 ], [ -52.9921, -7.8277 ], [ -53.1433, -7.6143 ], [ -53.1201, -7.3955 ], [ -53.3145, -7.2107 ], [ -53.3196, -6.8965 ], [ -53.3949, -6.7176 ], [ -53.3137, -6.4634 ], [ -53.1912, -6.4006 ], [ -53.3882, -6.0962 ], [ -52.9394, -5.744 ], [ -52.6916, -5.6565 ], [ -52.6417, -5.3812 ], [ -52.5609, -5.2172 ], [ -52.3748, -5.2046 ], [ -52.2793, -5.2749 ], [ -52.076, -5.2156 ], [ -52.0511, -5.1514 ], [ -50.9302, -5.1506 ], [ -50.8953, -5.1127 ], [ -50.8523, -4.9664 ], [ -50.8584, -4.8689 ], [ -50.9326, -4.7137 ], [ -50.8798, -4.4475 ], [ -50.995, -4.3607 ], [ -50.9971, -4.2132 ], [ -51.0493, -4.2303 ], [ -51.2278, -4.0308 ], [ -51.2483, -3.9849 ], [ -51.2042, -3.6703 ], [ -51.1674, -3.4487 ], [ -51.246, -3.2449 ], [ -51.2566, -3.2311 ], [ -51.1745, -3.1584 ], [ -51.1978, -3.0685 ], [ -51.3248, -2.9451 ], [ -51.4442, -2.7713 ], [ -51.758, -2.8326 ], [ -51.8566, -2.5912 ], [ -51.8818, -2.4327 ], [ -51.9396, -2.1077 ], [ -51.8744, -1.9373 ], [ -51.99, -1.743 ], [ -51.9567, -1.5918 ], [ -52.1998, -1.6042 ], [ -52.2519, -1.5041 ], [ -52.2302, -1.486 ], [ -51.9911, -1.4351 ], [ -51.7907, -1.1986 ], [ -51.8873, -1.1664 ], [ -51.9656, -1.1258 ], [ -52.1099, -1.2181 ], [ -52.333, -1.1159 ], [ -52.4395, -0.9347 ], [ -52.4032, -0.8771 ], [ -52.4555, -0.8303 ], [ -52.4972, -0.7229 ], [ -52.7027, -0.4592 ], [ -52.6888, -0.3041 ], [ -52.9327, -0.1423 ], [ -53.174, 0.3743 ], [ -53.1063, 0.684 ], [ -53.4115, 0.9293 ], [ -53.4595, 1.1275 ], [ -53.4265, 1.2427 ], [ -53.5334, 1.3224 ], [ -53.5707, 1.3373 ], [ -53.6435, 1.3639 ], [ -53.7172, 1.4318 ], [ -53.8228, 1.4138 ], [ -53.8503, 1.3918 ], [ -53.8443, 1.4063 ], [ -53.8767, 1.4355 ], [ -54.0865, 1.4883 ], [ -54.1437, 1.6406 ], [ -54.3093, 1.7411 ], [ -54.7448, 1.7758 ], [ -54.7544, 1.9706 ], [ -54.8063, 2.1389 ], [ -54.8114, 2.2664 ], [ -54.8747, 2.4153 ], [ -54.8723, 2.4337 ], [ -55.0038, 2.591 ], [ -55.7077, 2.4032 ], [ -55.5124, 2.0569 ], [ -55.5836, 1.9596 ], [ -55.438, 1.7718 ], [ -55.4275, 1.6604 ], [ -55.4454, 1.5528 ], [ -55.3336, 1.4859 ], [ -55.3185, 1.3864 ], [ -55.2434, 1.2652 ], [ -55.2035, 1.1977 ], [ -55.1453, 1.0538 ], [ -55.1024, 1.0631 ] ], [ [ -52.3175, -2.9723 ], [ -52.3237, -2.9063 ], [ -52.28, -2.8701 ], [ -52.2765, -2.8293 ], [ -52.3329, -2.7823 ], [ -52.2765, -2.8302 ], [ -52.2497, -2.811 ], [ -52.0439, -2.7925 ], [ -52.2643, -2.8177 ], [ -52.2882, -2.882 ], [ -52.3215, -2.9007 ], [ -52.3175, -2.9723 ] ], [ [ -51.6831, -3.1586 ], [ -51.7897, -3.1148 ], [ -51.6786, -3.0106 ], [ -51.6831, -3.1586 ] ] ] } },
{ "type": "Feature", "properties": { "cod_rgi": "1507", "nome_rgi": "Breves" }, "geometry": { "type": "Polygon", "coordinates": [ [ [ -50.762, 0.121 ], [ -50.9462, 0.0627 ], [ -51.2164, -0.1186 ], [ -51.4207, -0.429 ], [ -51.4325, -0.4733 ], [ -51.5955, -0.6504 ], [ -51.6834, -0.794 ], [ -51.6862, -1.0294 ], [ -51.7004, -1.0632 ], [ -51.7907, -1.1986 ], [ -51.9911, -1.4351 ], [ -52.2302, -1.486 ], [ -52.2519, -1.5041 ], [ -52.1998, -1.6042 ], [ -51.9567, -1.5918 ], [ -51.99, -1.743 ], [ -51.8823, -1.9264 ], [ -51.9396, -2.1077 ], [ -51.8818, -2.4327 ], [ -51.8566, -2.5912 ], [ -51.7199, -2.7963 ], [ -51.4442, -2.7713 ], [ -51.3248, -2.9451 ], [ -51.1978, -3.0685 ], [ -51.1143, -3.1365 ], [ -51.0105, -3.1289 ], [ -50.9802, -3.1548 ], [ -50.8468, -3.2962 ], [ -50.809, -3.495 ], [ -50.4859, -3.4583 ], [ -50.2294, -3.2339 ], [ -49.9086, -3.3257 ], [ -49.9307, -3.2282 ], [ -50.0068, -3.1273 ], [ -49.9694, -3.1402 ], [ -49.91, -3.0913 ], [ -49.9075, -3.0068 ], [ -49.8476, -2.931 ], [ -49.9105, -2.8129 ], [ -50.1095, -2.4106 ], [ -50.0787, -2.0194 ], [ -50.0555, -1.912 ], [ -50.0891, -1.8789 ], [ -50.088, -1.8613 ], [ -50.1105, -1.8584 ], [ -50.1315, -1.815 ], [ -50.1795, -1.8312 ], [ -50.5763, -1.7188 ], [ -50.1795, -1.8312 ], [ -49.9916, -1.7831 ], [ -49.8679, -1.8304 ], [ -49.7182, -1.8356 ], [ -49.5397, -1.7801 ], [ -49.3012, -1.7029 ], [ -49.1717, -1.7161 ], [ -49.0256, -1.5819 ], [ -48.7684, -1.4658 ], [ -48.6683, -1.2601 ], [ -48.6075, -1.1721 ], [ -48.4393, -0.9825 ], [ -48.3727, -0.8541 ], [ -48.2608, -0.6734 ], [ -48.4726, -0.4991 ], [ -48.4059, -0.2615 ], [ -48.9161, -0.2316 ], [ -49.0066, -0.4453 ], [ -48.9188, -0.2286 ], [ -49.397, 0.0158 ], [ -49.6776, 0.366 ], [ -50.0613, 0.3384 ], [ -50.0939, 0.7021 ], [ -50.2478, 0.6919 ], [ -50.3472, 0.6668 ], [ -50.4365, 0.6001 ], [ -50.5239, 0.3724 ], [ -50.5997, 0.2494 ], [ -50.762, 0.121 ] ] ] } },
{ "type": "Feature", "properties": { "cod_rgi": "1601", "nome_rgi": "Macapá" }, "geometry": { "type": "Polygon", "coordinates": [ [ [ -50.762, 0.121 ], [ -50.6448, 0.2087 ], [ -50.5561, 0.3067 ], [ -50.4762, 0.4815 ], [ -50.4523, 0.571 ], [ -50.4099, 0.6233 ], [ -50.3173, 0.6775 ], [ -50.198, 0.7009 ], [ -50.0939, 0.7021 ], [ -49.9067, 1.2738 ], [ -50.0684, 1.2087 ], [ -50.1859, 1.0504 ], [ -50.3576, 0.9389 ], [ -50.6504, 0.8769 ], [ -50.7619, 0.8209 ], [ -50.7974, 0.8475 ], [ -50.8868, 0.798 ], [ -50.9013, 0.7775 ], [ -50.9978, 0.6434 ], [ -50.9271, 0.5092 ], [ -51.0126, 0.4647 ], [ -51.027, 0.4361 ], [ -51.0516, 0.4286 ], [ -51.0953, 0.4306 ], [ -51.207, 0.3882 ], [ -51.4104, 0.4858 ], [ -51.515, 0.4671 ], [ -51.5393, 0.4185 ], [ -51.6917, 0.3216 ], [ -51.7644, 0.4125 ], [ -51.8583, 0.4422 ], [ -52.0985, 0.5103 ], [ -52.3155, 0.3783 ], [ -52.3372, 0.4395 ], [ -52.349, 0.4323 ], [ -52.4169, 0.5107 ], [ -52.4148, 0.5489 ], [ -52.4816, 0.6319 ], [ -52.5039, 0.6763 ], [ -52.6617, 0.792 ], [ -52.7482, 0.8557 ], [ -52.8233, 0.8756 ], [ -52.9649, 1.2396 ], [ -52.8964, 1.5562 ], [ -52.9713, 1.7103 ], [ -52.995, 1.8198 ], [ -53.0243, 1.8491 ], [ -53.133, 2.019 ], [ -53.1392, 2.1009 ], [ -53.7672, 2.3789 ], [ -53.9424, 2.2424 ], [ -54.1891, 2.1788 ], [ -54.4366, 2.2099 ], [ -54.8723, 2.4337 ], [ -54.8747, 2.4153 ], [ -54.8114, 2.2664 ], [ -54.8063, 2.1389 ], [ -54.7544, 1.9706 ], [ -54.7448, 1.7758 ], [ -54.3093, 1.7411 ], [ -54.1437, 1.6406 ], [ -54.0865, 1.4883 ], [ -53.8767, 1.4355 ], [ -53.8443, 1.4063 ], [ -53.8503, 1.3918 ], [ -53.8228, 1.4138 ], [ -53.7172, 1.4318 ], [ -53.6435, 1.3639 ], [ -53.5707, 1.3373 ], [ -53.5334, 1.3224 ], [ -53.4265, 1.2427 ], [ -53.4595, 1.1275 ], [ -53.4115, 0.9293 ], [ -53.1063, 0.684 ], [ -53.174, 0.3743 ], [ -52.9327, -0.1423 ], [ -52.6888, -0.3041 ], [ -52.7027, -0.4592 ], [ -52.4972, -0.7229 ], [ -52.3705, -0.7976 ], [ -52.4555, -0.8303 ], [ -52.4032, -0.8771 ], [ -52.4395, -0.9347 ], [ -52.333, -1.1159 ], [ -52.1099, -1.2181 ], [ -51.9656, -1.1258 ], [ -51.8873, -1.1664 ], [ -51.7004, -1.0632 ], [ -51.6862, -1.0294 ], [ -51.6836, -0.7974 ], [ -51.5955, -0.6504 ], [ -51.4207, -0.429 ], [ -51.2164, -0.1186 ], [ -50.9462, 0.0627 ], [ -50.762, 0.121 ] ] ] } },
{ "type": "Feature", "properties": { "cod_rgi": "1602", "nome_rgi": "Oiapoque - Porto Grande" }, "geometry": { "type": "Polygon", "coordinates": [ [ [ -49.9067, 1.2738 ], [ -49.9151, 1.6955 ], [ -50.2381, 1.8032 ], [ -50.436, 2.1921 ], [ -50.6876, 2.1943 ], [ -50.9812, 2.937 ], [ -51.0876, 3.3918 ], [ -51.0756, 3.8906 ], [ -51.179, 3.9448 ], [ -51.252, 4.1914 ], [ -51.5542, 4.4147 ], [ -51.649, 4.0406 ], [ -51.9243, 3.7834 ], [ -52.3291, 3.0801 ], [ -52.7162, 2.3356 ], [ -53.1392, 2.1009 ], [ -53.133, 2.019 ], [ -53.0243, 1.8491 ], [ -52.995, 1.8198 ], [ -52.9713, 1.7103 ], [ -52.8964, 1.5562 ], [ -52.9649, 1.2396 ], [ -52.8233, 0.8756 ], [ -52.7482, 0.8557 ], [ -52.6617, 0.792 ], [ -52.5039, 0.6763 ], [ -52.4816, 0.6319 ], [ -52.4148, 0.5489 ], [ -52.4169, 0.5107 ], [ -52.349, 0.4323 ], [ -52.3372, 0.4395 ], [ -52.3155, 0.3783 ], [ -52.0985, 0.5103 ], [ -51.8583, 0.4422 ], [ -51.7644, 0.4125 ], [ -51.6917, 0.3216 ], [ -51.5393, 0.4185 ], [ -51.515, 0.4671 ], [ -51.4104, 0.4858 ], [ -51.207, 0.3882 ], [ -51.0953, 0.4306 ], [ -51.0516, 0.4286 ], [ -51.027, 0.4361 ], [ -51.0126, 0.4647 ], [ -50.9271, 0.5092 ], [ -50.9978, 0.6434 ], [ -50.9013, 0.7775 ], [ -50.8868, 0.798 ], [ -50.7974, 0.8475 ], [ -50.7619, 0.8209 ], [ -50.6504, 0.8769 ], [ -50.3576, 0.9389 ], [ -50.1859, 1.0504 ], [ -50.0684, 1.2087 ], [ -49.9067, 1.2738 ] ] ] } },
{ "type": "Feature", "properties": { "cod_rgi": "1701", "nome_rgi": "Palmas" }, "geometry": { "type": "Polygon", "coordinates": [ [ [ -49.7102, -9.1746 ], [ -49.9101, -9.1535 ], [ -49.9077, -9.1738 ], [ -49.9661, -9.2309 ], [ -50.005, -9.2688 ], [ -50.1053, -9.4754 ], [ -50.1979, -9.7588 ], [ -50.2176, -9.8346 ], [ -50.2643, -9.9085 ], [ -50.5632, -10.6113 ], [ -50.5706, -10.7525 ], [ -50.661, -11.1347 ], [ -50.7393, -11.4354 ], [ -50.716, -11.579 ], [ -49.6779, -11.39 ], [ -49.7352, -11.3145 ], [ -49.7698, -11.2108 ], [ -49.7568, -11.2044 ], [ -49.8286, -11.0454 ], [ -49.8236, -11.0258 ], [ -49.7413, -11.0528 ], [ -49.6301, -11.1254 ], [ -49.5591, -11.1766 ], [ -49.2874, -11.1272 ], [ -49.0523, -11.1322 ], [ -48.8302, -11.0515 ], [ -48.8109, -10.8454 ], [ -48.7698, -10.7497 ], [ -48.7258, -10.8026 ], [ -48.8109, -10.8454 ], [ -48.8302, -11.0515 ], [ -48.8301, -11.1082 ], [ -48.7151, -11.125 ], [ -48.6884, -11.1902 ], [ -48.6299, -11.2789 ], [ -48.6019, -11.2763 ], [ -48.5425, -11.3834 ], [ -48.4578, -11.3014 ], [ -48.1961, -11.5783 ], [ -48.1407, -11.6203 ], [ -48.1001, -11.7436 ], [ -48.0088, -11.7805 ], [ -47.8451, -11.9524 ], [ -47.8423, -12.0782 ], [ -47.8061, -12.126 ], [ -47.7228, -12.1555 ], [ -47.6884, -12.134 ], [ -47.6313, -12.1886 ], [ -47.5925, -12.2088 ], [ -47.4755, -12.063 ], [ -47.5542, -11.902 ], [ -47.4231, -11.7858 ], [ -47.4317, -11.6434 ], [ -47.482, -11.4431 ], [ -47.3964, -11.2742 ], [ -47.4096, -11.268 ], [ -47.3393, -11.0884 ], [ -47.2658, -10.978 ], [ -46.9832, -11.1642 ], [ -46.8332, -11.0916 ], [ -46.7108, -11.0906 ], [ -46.687, -11.207 ], [ -46.4666, -11.1831 ], [ -46.2852, -10.9085 ], [ -46.2064, -10.6586 ], [ -45.9451, -10.5258 ], [ -45.745, -10.3484 ], [ -45.7003, -10.1831 ], [ -45.724, -10.1557 ], [ -45.7339, -10.2286 ], [ -45.8779, -10.2393 ], [ -46.0041, -10.2617 ], [ -46.0312, -10.1761 ], [ -46.0997, -10.2129 ], [ -46.2109, -10.1697 ], [ -46.4207, -10.0809 ], [ -46.4776, -9.9883 ], [ -46.4757, -9.9065 ], [ -46.5547, -9.8577 ], [ -46.4757, -9.9065 ], [ -46.4729, -9.8774 ], [ -46.4803, -9.8553 ], [ -46.5716, -9.808 ], [ -46.6533, -9.6934 ], [ -46.5757, -9.5175 ], [ -46.6328, -9.4116 ], [ -46.8111, -9.3067 ], [ -46.8189, -9.2601 ], [ -46.8524, -9.1544 ], [ -46.8917, -9.1405 ], [ -46.9315, -9.0859 ], [ -46.9121, -9.0827 ], [ -47.0073, -9.0822 ], [ -47.0102, -9.0703 ], [ -47.0435, -9.0265 ], [ -47.0685, -9.012 ], [ -47.0389, -9.001 ], [ -47.0609, -8.9556 ], [ -47.1535, -8.9179 ], [ -47.2024, -8.9485 ], [ -47.2486, -8.9826 ], [ -47.2248, -9.0042 ], [ -47.2721, -9.1406 ], [ -47.2987, -9.2524 ], [ -47.4971, -9.2632 ], [ -47.5207, -9.2552 ], [ -47.562, -9.3156 ], [ -47.6392, -9.3302 ], [ -47.7424, -9.3348 ], [ -47.9051, -9.3401 ], [ -47.9366, -9.5388 ], [ -47.9199, -9.6292 ], [ -47.7891, -9.9234 ], [ -47.4824, -9.9817 ], [ -47.3078, -10.0394 ], [ -47.1175, -10.042 ], [ -47.3078, -10.0394 ], [ -47.4824, -9.9817 ], [ -47.7891, -9.9234 ], [ -47.8104, -10.0991 ], [ -47.9199, -9.6292 ], [ -47.9366, -9.5388 ], [ -47.9364, -9.3056 ], [ -48.1635, -9.4522 ], [ -48.3484, -9.2871 ], [ -48.377, -9.4376 ], [ -48.3472, -9.119 ], [ -48.408, -9.0757 ], [ -48.466, -9.0718 ], [ -48.5334, -9.1316 ], [ -48.5422, -9.2214 ], [ -48.6455, -9.1883 ], [ -48.6565, -9.2405 ], [ -48.7835, -9.1789 ], [ -48.8082, -9.1172 ], [ -48.8427, -9.0853 ], [ -48.9309, -9.0802 ], [ -49.1837, -8.9336 ], [ -49.2221, -8.9424 ], [ -49.269, -8.8606 ], [ -49.2272, -8.7961 ], [ -49.2344, -8.7236 ], [ -49.3426, -8.5552 ], [ -49.3938, -8.542 ], [ -49.5924, -8.8395 ], [ -49.7451, -8.9062 ], [ -49.8503, -9.0467 ], [ -49.7102, -9.1746 ] ] ] } },
{ "type": "Feature", "properties": { "cod_rgi": "1702", "nome_rgi": "Araguaína" }, "geometry": { "type": "MultiPolygon", "coordinates": [ [ [ [ -47.5681, -6.7021 ], [ -47.5116, -6.7222 ], [ -47.4625, -6.6017 ], [ -47.4644, -6.5856 ], [ -47.5041, -6.5755 ], [ -47.4651, -6.5871 ], [ -47.4565, -6.5383 ], [ -47.4167, -6.4857 ], [ -47.3772, -6.2668 ], [ -47.4232, -6.1602 ], [ -47.448, -5.993 ], [ -47.4423, -5.8308 ], [ -47.5554, -5.4657 ], [ -47.6858, -5.4127 ], [ -47.7307, -5.5305 ], [ -47.79, -5.6841 ], [ -47.7229, -5.8757 ], [ -47.8388, -5.5996 ], [ -47.7307, -5.5305 ], [ -47.6858, -5.4127 ], [ -47.8275, -5.3866 ], [ -47.8676, -5.3428 ], [ -47.9783, -5.4234 ], [ -48.0929, -5.3655 ], [ -48.2506, -5.3188 ], [ -48.4077, -5.285 ], [ -48.2506, -5.3188 ], [ -48.3209, -5.2014 ], [ -48.3639, -5.1684 ], [ -48.6794, -5.3058 ], [ -48.7552, -5.3492 ], [ -48.6505, -5.3849 ], [ -48.5052, -5.4293 ], [ -48.2787, -5.5404 ], [ -48.1322, -5.6181 ], [ -48.2757, -5.7265 ], [ -48.2976, -5.7651 ], [ -48.292, -5.8368 ], [ -48.2301, -5.9225 ], [ -48.236, -6.0087 ], [ -48.1987, -6.0396 ], [ -48.236, -6.0087 ], [ -48.3071, -5.9748 ], [ -48.2869, -6.0658 ], [ -48.4171, -6.2986 ], [ -48.3753, -6.3467 ], [ -48.2805, -6.3562 ], [ -48.3055, -6.4026 ], [ -48.2739, -6.4669 ], [ -48.3055, -6.4026 ], [ -48.3753, -6.3467 ], [ -48.4477, -6.3512 ], [ -48.506, -6.3531 ], [ -48.652, -6.64 ], [ -48.7369, -6.6928 ], [ -49.0189, -6.7842 ], [ -49.0312, -6.8015 ], [ -49.2095, -6.9254 ], [ -49.2174, -6.9615 ], [ -49.1853, -7.2352 ], [ -49.378, -7.4964 ], [ -49.3816, -7.5691 ], [ -49.3416, -7.6573 ], [ -49.2212, -7.7616 ], [ -49.1579, -7.7938 ], [ -49.1484, -7.8073 ], [ -49.1668, -7.8495 ], [ -49.1474, -7.8704 ], [ -49.1214, -7.8665 ], [ -49.0924, -7.8889 ], [ -49.1668, -7.8495 ], [ -49.1756, -8.0092 ], [ -49.1767, -8.0615 ], [ -49.1994, -8.0876 ], [ -49.2833, -8.3796 ], [ -49.3494, -8.4184 ], [ -49.377, -8.4553 ], [ -49.3997, -8.5471 ], [ -49.355, -8.5448 ], [ -49.2892, -8.6423 ], [ -49.2882, -8.6426 ], [ -49.2455, -8.6972 ], [ -49.2231, -8.7693 ], [ -49.2447, -8.837 ], [ -49.269, -8.8606 ], [ -49.2221, -8.9424 ], [ -49.1837, -8.9336 ], [ -48.9309, -9.0802 ], [ -48.8427, -9.0853 ], [ -48.8082, -9.1172 ], [ -48.7835, -9.1789 ], [ -48.6858, -9.156 ], [ -48.6618, -9.0606 ], [ -48.6504, -9.0218 ], [ -48.6618, -9.0606 ], [ -48.6858, -9.156 ], [ -48.6565, -9.2405 ], [ -48.6455, -9.1883 ], [ -48.5422, -9.2214 ], [ -48.5334, -9.1316 ], [ -48.466, -9.0718 ], [ -48.408, -9.0757 ], [ -48.3472, -9.119 ], [ -48.299, -9.1405 ], [ -48.1879, -9.0243 ], [ -48.1729, -8.9076 ], [ -48.1126, -8.7905 ], [ -48.127, -8.7414 ], [ -48.1233, -8.6783 ], [ -48.155, -8.5835 ], [ -48.2174, -8.5465 ], [ -48.155, -8.5835 ], [ -48.0809, -8.4225 ], [ -48.154, -8.1553 ], [ -48.2301, -8.125 ], [ -48.3443, -8.1241 ], [ -48.2301, -8.125 ], [ -48.154, -8.1553 ], [ -48.0809, -8.4225 ], [ -48.1102, -8.7736 ], [ -48.1252, -8.8335 ], [ -48.1106, -8.8662 ], [ -48.1065, -8.8684 ], [ -48.125, -8.8216 ], [ -48.1673, -8.8929 ], [ -48.1789, -8.9567 ], [ -48.1852, -9.0155 ], [ -48.278, -9.1231 ], [ -48.3484, -9.2871 ], [ -48.1635, -9.4522 ], [ -47.9364, -9.3056 ], [ -47.9051, -9.3401 ], [ -47.7424, -9.3348 ], [ -47.699, -9.2243 ], [ -47.6854, -9.1828 ], [ -47.699, -9.2243 ], [ -47.6392, -9.3302 ], [ -47.562, -9.3156 ], [ -47.5207, -9.2552 ], [ -47.4971, -9.2632 ], [ -47.2987, -9.2524 ], [ -47.2721, -9.1406 ], [ -47.2248, -9.0042 ], [ -47.2486, -8.9826 ], [ -47.2024, -8.9485 ], [ -47.1535, -8.9179 ], [ -47.0609, -8.9556 ], [ -47.0389, -9.001 ], [ -47.0357, -8.9789 ], [ -47.0183, -8.9529 ], [ -46.9149, -8.8531 ], [ -46.9164, -8.6484 ], [ -46.9536, -8.4913 ], [ -47.0618, -8.465 ], [ -46.9536, -8.4913 ], [ -46.8519, -8.4778 ], [ -46.7824, -8.3681 ], [ -46.5588, -8.3252 ], [ -46.5175, -8.2888 ], [ -46.4876, -8.1999 ], [ -46.4662, -8.0704 ], [ -46.4926, -7.9807 ], [ -46.7562, -7.9224 ], [ -46.8663, -7.9693 ], [ -46.9183, -7.9818 ], [ -46.9974, -8.0672 ], [ -47.0435, -8.0536 ], [ -47.1428, -7.8948 ], [ -47.245, -7.8155 ], [ -47.2668, -7.7613 ], [ -47.3025, -7.6891 ], [ -47.3522, -7.6468 ], [ -47.3986, -7.5691 ], [ -47.4611, -7.5187 ], [ -47.5633, -7.45 ], [ -47.6517, -7.6557 ], [ -47.9008, -7.7977 ], [ -47.9389, -7.873 ], [ -47.9445, -8.045 ], [ -47.9389, -7.873 ], [ -47.9008, -7.7977 ], [ -47.6517, -7.6557 ], [ -47.5775, -7.4161 ], [ -47.4782, -7.3368 ], [ -47.5402, -7.2658 ], [ -47.6745, -7.2598 ], [ -47.7437, -7.2083 ], [ -47.53, -6.9801 ], [ -47.4941, -6.7548 ], [ -47.5681, -6.7021 ] ], [ [ -47.8589, -6.5402 ], [ -48.0413, -6.602 ], [ -48.062, -6.6622 ], [ -47.9812, -6.7139 ], [ -48.062, -6.6622 ], [ -48.1147, -6.6482 ], [ -48.1292, -6.6233 ], [ -48.1299, -7.0323 ], [ -48.2798, -6.978 ], [ -48.3047, -6.9251 ], [ -48.2798, -6.978 ], [ -48.1299, -7.0327 ], [ -48.1196, -6.5949 ], [ -48.0413, -6.602 ], [ -47.8589, -6.5402 ] ] ], [ [ [ -47.9783, -5.4234 ], [ -48.0793, -5.2751 ], [ -48.0929, -5.3655 ], [ -47.9783, -5.4234 ] ] ] ] } },
{ "type": "Feature", "properties": { "cod_rgi": "1703", "nome_rgi": "Gurupi" }, "geometry": { "type": "MultiPolygon", "coordinates": [ [ [ [ -49.3923, -11.1839 ], [ -49.5591, -11.1766 ], [ -49.6301, -11.1254 ], [ -49.7413, -11.0528 ], [ -49.8236, -11.0258 ], [ -49.8286, -11.0454 ], [ -49.7568, -11.2044 ], [ -49.7698, -11.2108 ], [ -49.7352, -11.3145 ], [ -49.6436, -11.4009 ], [ -49.6779, -11.39 ], [ -50.6701, -11.5816 ], [ -50.6637, -11.6775 ], [ -50.6863, -11.859 ], [ -50.6869, -12.2022 ], [ -50.6236, -12.4553 ], [ -50.668, -12.596 ], [ -50.6997, -12.6478 ], [ -50.6548, -12.6792 ], [ -50.6227, -12.8197 ], [ -50.567, -12.8434 ], [ -50.5111, -12.8608 ], [ -50.4409, -12.6533 ], [ -50.4133, -12.6501 ], [ -50.3141, -12.5215 ], [ -50.1852, -12.4326 ], [ -50.1714, -12.407 ], [ -50.1362, -12.371 ], [ -50.2382, -12.5796 ], [ -50.3023, -12.7457 ], [ -50.2927, -12.8399 ], [ -50.009, -12.9313 ], [ -49.3695, -13.2746 ], [ -49.3544, -13.103 ], [ -49.2374, -12.8841 ], [ -49.1191, -12.7904 ], [ -48.9756, -12.9572 ], [ -48.8468, -12.8098 ], [ -48.6277, -13.0522 ], [ -48.5966, -13.1069 ], [ -48.5968, -13.1526 ], [ -48.6006, -13.2386 ], [ -48.5536, -13.302 ], [ -48.5304, -13.1926 ], [ -48.4736, -13.1374 ], [ -48.4602, -13.2808 ], [ -48.1888, -13.1537 ], [ -48.1658, -13.19 ], [ -48.1533, -13.2197 ], [ -48.1537, -13.2792 ], [ -48.083, -13.2888 ], [ -47.6405, -13.2632 ], [ -47.6553, -13.1779 ], [ -47.6357, -13.1037 ], [ -47.5631, -13.1842 ], [ -47.4358, -13.2271 ], [ -47.4551, -13.2494 ], [ -47.2945, -13.2489 ], [ -47.1828, -13.1881 ], [ -47.1326, -13.1785 ], [ -46.9789, -13.1316 ], [ -46.8546, -13.0673 ], [ -46.7506, -12.9692 ], [ -46.4546, -12.9712 ], [ -46.4441, -12.9368 ], [ -46.4176, -12.8235 ], [ -46.5472, -12.7883 ], [ -46.6253, -12.6645 ], [ -46.6623, -12.6392 ], [ -46.6844, -12.5721 ], [ -46.6623, -12.6392 ], [ -46.5816, -12.6638 ], [ -46.6253, -12.6645 ], [ -46.5472, -12.7883 ], [ -46.4878, -12.797 ], [ -46.4558, -12.8223 ], [ -46.4167, -12.8237 ], [ -46.3748, -12.8511 ], [ -46.3607, -12.9088 ], [ -46.3702, -12.9889 ], [ -46.1946, -12.9567 ], [ -46.1143, -12.9179 ], [ -46.139, -12.9094 ], [ -46.2667, -12.9323 ], [ -46.2862, -12.8952 ], [ -46.2623, -12.8317 ], [ -46.3494, -12.7544 ], [ -46.2649, -12.7169 ], [ -46.2933, -12.6928 ], [ -46.1606, -12.5286 ], [ -46.2548, -12.4943 ], [ -46.301, -12.4158 ], [ -46.3507, -12.3181 ], [ -46.3661, -12.2667 ], [ -46.3811, -12.2489 ], [ -46.3686, -12.1998 ], [ -46.391, -12.1939 ], [ -46.3979, -12.0403 ], [ -46.1926, -11.9295 ], [ -46.2381, -11.9026 ], [ -46.3734, -11.8367 ], [ -46.3227, -11.7707 ], [ -46.3294, -11.7373 ], [ -46.2563, -11.6212 ], [ -46.087, -11.6426 ], [ -46.1271, -11.6043 ], [ -46.3135, -11.5395 ], [ -46.5201, -11.4835 ], [ -46.5618, -11.3745 ], [ -46.7491, -11.4801 ], [ -46.9269, -11.4031 ], [ -46.7491, -11.4801 ], [ -46.5618, -11.3745 ], [ -46.6171, -11.2895 ], [ -46.5997, -11.2654 ], [ -46.687, -11.207 ], [ -46.8332, -11.0916 ], [ -46.9832, -11.1642 ], [ -47.2658, -10.978 ], [ -47.3393, -11.0884 ], [ -47.4096, -11.268 ], [ -47.3964, -11.2742 ], [ -47.482, -11.4431 ], [ -47.4317, -11.6434 ], [ -47.4231, -11.7858 ], [ -47.5542, -11.902 ], [ -47.4755, -12.063 ], [ -47.5925, -12.2088 ], [ -47.6313, -12.1886 ], [ -47.6884, -12.134 ], [ -47.7228, -12.1555 ], [ -47.8568, -12.2129 ], [ -47.8061, -12.126 ], [ -47.8423, -12.0782 ], [ -47.8451, -11.9524 ], [ -48.0088, -11.7805 ], [ -48.1001, -11.7436 ], [ -48.1961, -11.5783 ], [ -48.4578, -11.3014 ], [ -48.4754, -11.4768 ], [ -48.5425, -11.3834 ], [ -48.6019, -11.2763 ], [ -48.6299, -11.2789 ], [ -48.6884, -11.1902 ], [ -48.7151, -11.125 ], [ -48.8301, -11.1082 ], [ -49.0523, -11.1322 ], [ -49.2874, -11.1272 ], [ -49.3923, -11.1839 ] ], [ [ -47.2396, -12.4337 ], [ -47.415, -12.4085 ], [ -47.2396, -12.4337 ], [ -46.9457, -12.3043 ], [ -46.8863, -12.3383 ], [ -47.2396, -12.4337 ] ] ], [ [ [ -48.9353, -12.336 ], [ -48.9215, -12.2941 ], [ -48.9353, -12.336 ], [ -48.9432, -12.3667 ], [ -49.0059, -12.4261 ], [ -48.9135, -12.4774 ], [ -49.0059, -12.4261 ], [ -48.9432, -12.3667 ], [ -48.9353, -12.336 ] ] ] ] } },
{ "type": "Feature", "properties": { "cod_rgi": "2101", "nome_rgi": "São Luís" }, "geometry": { "type": "MultiPolygon", "coordinates": [ [ [ [ -42.1493, -2.7211 ], [ -42.5463, -2.6869 ], [ -43.1852, -2.3735 ], [ -43.4928, -2.3792 ], [ -43.442, -2.5668 ], [ -43.6105, -2.2196 ], [ -43.831, -2.3639 ], [ -43.925, -2.5109 ], [ -44.1352, -2.457 ], [ -44.3741, -2.4542 ], [ -44.4234, -2.581 ], [ -44.4341, -2.8008 ], [ -44.4569, -2.9592 ], [ -44.5008, -3.0006 ], [ -44.5558, -3.0504 ], [ -44.5802, -3.0514 ], [ -44.6998, -3.1847 ], [ -44.766, -3.2059 ], [ -44.78, -3.2247 ], [ -44.6919, -3.3793 ], [ -44.6258, -3.4903 ], [ -44.6102, -3.8478 ], [ -44.5063, -3.8487 ], [ -44.481, -3.9195 ], [ -44.4203, -3.9146 ], [ -44.3783, -3.6914 ], [ -44.46, -3.6683 ], [ -44.4525, -3.5618 ], [ -44.4003, -3.5303 ], [ -44.0878, -3.5364 ], [ -44.0386, -3.3356 ], [ -44.0648, -3.1875 ], [ -44.1302, -3.1061 ], [ -44.0648, -3.1875 ], [ -44.0471, -3.2906 ], [ -44.0285, -3.2907 ], [ -43.7598, -3.1828 ], [ -43.7695, -3.0951 ], [ -44.0275, -2.9491 ], [ -44.1367, -2.9477 ], [ -44.0448, -2.8673 ], [ -44.0275, -2.9491 ], [ -43.7598, -3.1828 ], [ -44.0471, -3.2906 ], [ -44.0386, -3.3356 ], [ -43.9758, -3.52 ], [ -44.0507, -3.5614 ], [ -43.9381, -4.0005 ], [ -43.895, -3.9675 ], [ -43.7293, -3.9351 ], [ -43.6022, -4.0437 ], [ -43.5946, -4.2284 ], [ -43.5157, -4.1867 ], [ -43.4292, -4.2233 ], [ -43.2088, -4.0184 ], [ -43.1977, -3.783 ], [ -43.0879, -3.5869 ], [ -43.1489, -3.559 ], [ -43.195, -3.5175 ], [ -43.2792, -3.5557 ], [ -43.3237, -3.5763 ], [ -43.3947, -3.5935 ], [ -43.4055, -3.4431 ], [ -43.3237, -3.5763 ], [ -43.2352, -3.3845 ], [ -43.1794, -3.4462 ], [ -43.1569, -3.4471 ], [ -43.1308, -3.4728 ], [ -43.2812, -3.098 ], [ -43.5018, -3.0173 ], [ -43.5713, -3.0381 ], [ -43.5421, -3.1297 ], [ -43.794, -3.3309 ], [ -43.7456, -3.3781 ], [ -43.794, -3.3309 ], [ -43.5421, -3.1297 ], [ -43.5713, -3.0381 ], [ -43.5018, -3.0173 ], [ -43.4175, -2.9167 ], [ -43.1862, -2.9591 ], [ -43.048, -3.1118 ], [ -42.8552, -3.233 ], [ -42.7985, -3.1487 ], [ -42.8552, -3.233 ], [ -42.4873, -3.4489 ], [ -42.3308, -3.4339 ], [ -42.1522, -3.3875 ], [ -42.0103, -3.2463 ], [ -41.9645, -3.179 ], [ -41.939, -3.1874 ], [ -41.9227, -3.1079 ], [ -41.8307, -3.0318 ], [ -41.7968, -2.9687 ], [ -41.8052, -2.9402 ], [ -41.8655, -2.8749 ], [ -41.8627, -2.8318 ], [ -41.849, -2.7735 ], [ -41.8141, -2.7393 ], [ -42.1493, -2.7211 ] ] ], [ [ [ -44.5004, -2.1006 ], [ -44.6903, -2.2876 ], [ -44.8628, -2.3579 ], [ -44.784, -2.1869 ], [ -44.7213, -2.075 ], [ -44.6965, -1.9892 ], [ -44.6314, -1.8313 ], [ -44.9207, -1.6158 ], [ -44.8958, -1.6447 ], [ -44.9383, -1.6033 ], [ -44.9414, -1.5503 ], [ -45.3009, -1.3433 ], [ -45.4709, -1.4778 ], [ -45.6033, -1.5616 ], [ -45.712, -1.7702 ], [ -45.6514, -2.0009 ], [ -45.6839, -2.2268 ], [ -45.6842, -2.3291 ], [ -45.6415, -2.3611 ], [ -45.638, -2.9027 ], [ -45.5793, -3.2392 ], [ -45.2594, -3.3579 ], [ -45.2547, -3.3213 ], [ -45.0728, -3.2643 ], [ -45.2547, -3.3213 ], [ -45.2717, -3.3925 ], [ -45.1297, -3.5086 ], [ -44.9973, -3.5871 ], [ -44.9531, -3.6932 ], [ -44.8797, -3.7463 ], [ -44.7932, -3.6907 ], [ -44.7768, -3.6792 ], [ -44.7286, -3.697 ], [ -44.6569, -3.8199 ], [ -44.6258, -3.4903 ], [ -44.6919, -3.3793 ], [ -44.748, -3.2979 ], [ -44.7767, -3.2131 ], [ -44.7454, -3.1194 ], [ -44.9361, -3.0244 ], [ -44.7454, -3.1194 ], [ -44.5802, -3.0514 ], [ -44.6678, -2.9558 ], [ -44.5877, -3.0478 ], [ -44.555, -3.0501 ], [ -44.4476, -2.9421 ], [ -44.3741, -2.4542 ], [ -44.396, -2.2135 ], [ -44.5004, -2.1006 ] ], [ [ -44.7375, -2.631 ], [ -44.8192, -2.7992 ], [ -44.7917, -2.8881 ], [ -44.8192, -2.7992 ], [ -44.7861, -2.6695 ], [ -44.8403, -2.6593 ], [ -45.1839, -2.7984 ], [ -45.1775, -2.8125 ], [ -45.2808, -2.8072 ], [ -45.4027, -2.7379 ], [ -45.2808, -2.8072 ], [ -45.1775, -2.8125 ], [ -45.1839, -2.7984 ], [ -44.8403, -2.6593 ], [ -44.7861, -2.6695 ], [ -44.7375, -2.631 ] ], [ [ -44.9659, -2.251 ], [ -44.9669, -2.171 ], [ -45.1605, -2.3473 ], [ -45.0269, -2.208 ], [ -44.9671, -2.1709 ], [ -45.0947, -2.0503 ], [ -44.9669, -2.171 ], [ -44.9659, -2.251 ] ] ], [ [ [ -43.1489, -3.559 ], [ -43.0879, -3.5869 ], [ -43.1233, -3.69 ], [ -42.7224, -3.8841 ], [ -42.6838, -3.7661 ], [ -42.6688, -3.7357 ], [ -42.6779, -3.6774 ], [ -42.6097, -3.5861 ], [ -42.5625, -3.5559 ], [ -42.7529, -3.414 ], [ -42.932, -3.3876 ], [ -43.1292, -3.4785 ], [ -43.2352, -3.3845 ], [ -43.2792, -3.5557 ], [ -43.195, -3.5175 ], [ -43.1489, -3.559 ] ] ], [ [ [ -43.1977, -3.783 ], [ -43.2088, -4.0184 ], [ -42.8558, -4.0773 ], [ -42.8236, -3.9922 ], [ -42.7979, -3.9966 ], [ -42.7866, -3.9592 ], [ -42.7262, -3.91 ], [ -43.1233, -3.69 ], [ -43.1977, -3.783 ] ] ], [ [ [ -44.4525, -3.5618 ], [ -44.46, -3.6683 ], [ -44.3783, -3.6914 ], [ -44.3537, -3.8489 ], [ -44.1928, -3.9292 ], [ -43.9928, -3.8424 ], [ -44.0507, -3.5614 ], [ -44.4003, -3.5303 ], [ -44.4525, -3.5618 ] ] ], [ [ [ -44.9207, -1.6158 ], [ -44.9414, -1.5503 ], [ -44.9383, -1.6033 ], [ -44.9207, -1.6158 ] ] ], [ [ [ -44.7213, -2.075 ], [ -44.6903, -2.2876 ], [ -44.5004, -2.1006 ], [ -44.7213, -2.075 ] ] ], [ [ [ -43.1292, -3.4785 ], [ -42.942, -3.3929 ], [ -42.7529, -3.414 ], [ -43.048, -3.1118 ], [ -43.2571, -3.0532 ], [ -43.282, -3.1004 ], [ -43.1292, -3.4785 ] ] ] ] } },
{ "type": "Feature", "properties": { "cod_rgi": "2102", "nome_rgi": "Santa Inês - Bacabal" }, "geometry": { "type": "MultiPolygon", "coordinates": [ [ [ [ -44.4868, -4.1297 ], [ -44.4731, -4.3049 ], [ -44.3565, -4.2684 ], [ -44.2678, -4.2778 ], [ -44.3428, -4.1 ], [ -44.4868, -4.1297 ] ] ], [ [ [ -46.2499, -4.3176 ], [ -46.1591, -4.5605 ], [ -46.2027, -4.7503 ], [ -46.0894, -4.8546 ], [ -46.0404, -4.7921 ], [ -45.9758, -4.7249 ], [ -45.9283, -4.6617 ], [ -45.923, -4.6398 ], [ -45.5722, -4.9197 ], [ -45.606, -4.993 ], [ -45.2798, -5.0553 ], [ -45.3485, -5.0802 ], [ -45.3307, -5.1218 ], [ -44.9685, -5.1273 ], [ -44.9318, -4.995 ], [ -44.7016, -4.9053 ], [ -45.035, -4.8213 ], [ -44.6439, -4.8131 ], [ -44.5771, -4.7764 ], [ -44.7553, -4.7113 ], [ -44.9758, -4.691 ], [ -44.9423, -4.6868 ], [ -44.9029, -4.6453 ], [ -44.9508, -4.693 ], [ -44.7553, -4.7113 ], [ -44.802, -4.5691 ], [ -44.728, -4.5734 ], [ -44.7265, -4.4543 ], [ -44.9887, -4.4588 ], [ -44.599, -4.4505 ], [ -44.5431, -4.5326 ], [ -44.5745, -4.5205 ], [ -44.61, -4.5759 ], [ -44.6745, -4.6135 ], [ -44.7285, -4.6142 ], [ -44.7253, -4.6507 ], [ -44.728, -4.5734 ], [ -44.802, -4.5691 ], [ -44.7566, -4.7176 ], [ -44.5706, -4.7682 ], [ -44.588, -4.7287 ], [ -44.57, -4.7672 ], [ -44.6439, -4.8131 ], [ -44.5142, -4.9759 ], [ -44.4117, -4.9757 ], [ -44.4133, -4.9508 ], [ -44.3227, -4.8322 ], [ -44.4504, -4.6972 ], [ -44.3982, -4.666 ], [ -44.4504, -4.6972 ], [ -44.3018, -4.8455 ], [ -44.1975, -4.7298 ], [ -44.1961, -4.5276 ], [ -44.3476, -4.5582 ], [ -44.4308, -4.4808 ], [ -44.4731, -4.3049 ], [ -44.4868, -4.1297 ], [ -44.4465, -4.1291 ], [ -44.4629, -4.0859 ], [ -44.4021, -4.086 ], [ -44.4072, -4.0432 ], [ -44.3547, -3.9748 ], [ -44.3229, -3.8645 ], [ -44.3537, -3.8489 ], [ -44.4203, -3.9146 ], [ -44.481, -3.9195 ], [ -44.5063, -3.8487 ], [ -44.932, -3.9183 ], [ -44.9569, -3.8732 ], [ -45.0827, -3.7146 ], [ -45.1459, -3.7306 ], [ -45.0827, -3.7146 ], [ -44.9973, -3.5871 ], [ -45.1297, -3.5086 ], [ -45.2717, -3.3925 ], [ -45.2594, -3.3579 ], [ -45.5802, -3.2389 ], [ -45.638, -2.9027 ], [ -45.6697, -2.908 ], [ -45.638, -2.9027 ], [ -45.6415, -2.3611 ], [ -45.904, -2.4295 ], [ -45.6842, -2.3291 ], [ -45.6839, -2.2268 ], [ -45.7096, -2.2438 ], [ -45.6514, -2.0009 ], [ -45.712, -1.7702 ], [ -45.6016, -1.5594 ], [ -45.4804, -1.4918 ], [ -45.4733, -1.4468 ], [ -45.4765, -1.4342 ], [ -45.4677, -1.3734 ], [ -45.7191, -1.2316 ], [ -45.7917, -1.359 ], [ -45.9054, -1.292 ], [ -46.1191, -1.3048 ], [ -46.1305, -1.5741 ], [ -46.1087, -1.6452 ], [ -45.884, -1.7919 ], [ -46.1158, -1.8215 ], [ -46.0588, -2.0509 ], [ -46.1509, -2.1947 ], [ -46.0588, -2.0509 ], [ -46.263, -2.1215 ], [ -46.2928, -2.1486 ], [ -46.3778, -2.2535 ], [ -46.4295, -2.3317 ], [ -46.456, -2.3841 ], [ -46.4075, -2.3687 ], [ -46.4362, -2.5126 ], [ -46.4899, -2.5334 ], [ -46.5748, -2.6288 ], [ -46.6498, -2.9942 ], [ -46.8134, -3.3095 ], [ -46.9441, -3.3769 ], [ -47.0185, -3.5655 ], [ -47.0294, -3.6811 ], [ -46.9468, -3.9151 ], [ -46.9122, -4.0393 ], [ -46.9243, -4.0875 ], [ -46.9056, -4.0832 ], [ -46.9575, -4.0869 ], [ -47.0297, -4.2205 ], [ -47.0727, -4.2366 ], [ -47.0879, -4.3085 ], [ -46.933, -4.4442 ], [ -46.7383, -4.3815 ], [ -46.539, -4.2692 ], [ -46.4333, -4.1303 ], [ -46.2516, -3.9516 ], [ -46.2039, -3.8752 ], [ -46.2516, -3.9516 ], [ -46.2123, -4.0409 ], [ -46.2829, -4.2253 ], [ -46.2994, -4.2477 ], [ -46.2499, -4.3176 ] ], [ [ -45.6228, -3.6389 ], [ -45.5037, -3.6745 ], [ -45.5373, -3.7012 ], [ -45.4908, -3.8243 ], [ -45.382, -3.6303 ], [ -45.3909, -3.5602 ], [ -45.382, -3.6303 ], [ -45.4908, -3.8243 ], [ -45.5373, -3.7012 ], [ -45.5037, -3.6745 ], [ -45.6228, -3.6389 ] ], [ [ -45.5412, -3.4899 ], [ -46.1111, -3.4858 ], [ -46.4917, -3.4944 ], [ -46.6933, -3.6764 ], [ -46.5034, -3.5028 ], [ -46.4595, -3.4858 ], [ -45.5412, -3.4899 ] ] ], [ [ [ -46.2163, -1.7273 ], [ -46.324, -1.7655 ], [ -46.3111, -1.8039 ], [ -46.2086, -1.8309 ], [ -46.2205, -1.9148 ], [ -46.1087, -1.6452 ], [ -46.1521, -1.6736 ], [ -46.2163, -1.7273 ] ] ], [ [ [ -44.8797, -3.7463 ], [ -44.9531, -3.6932 ], [ -44.932, -3.9183 ], [ -44.6102, -3.8478 ], [ -44.6569, -3.8199 ], [ -44.7286, -3.697 ], [ -44.7768, -3.6792 ], [ -44.7932, -3.6907 ], [ -44.8797, -3.7463 ] ] ], [ [ [ -44.7016, -4.9053 ], [ -44.9318, -4.995 ], [ -44.875, -5.0423 ], [ -44.8577, -5.1256 ], [ -44.6655, -5.0559 ], [ -44.617, -5.0141 ], [ -44.611, -4.9502 ], [ -44.6323, -4.9102 ], [ -44.6433, -4.8754 ], [ -44.643, -4.857 ], [ -44.7016, -4.9053 ] ] ], [ [ [ -44.7265, -4.4543 ], [ -44.7285, -4.6142 ], [ -44.7143, -4.621 ], [ -44.6511, -4.6033 ], [ -44.6046, -4.5636 ], [ -44.6171, -4.5457 ], [ -44.6002, -4.4521 ], [ -44.7265, -4.4543 ] ] ] ] } },
{ "type": "Feature", "properties": { "cod_rgi": "2103", "nome_rgi": "Caxias" }, "geometry": { "type": "MultiPolygon", "coordinates": [ [ [ [ -43.4292, -4.2233 ], [ -43.0827, -4.4462 ], [ -42.9508, -4.3868 ], [ -42.9894, -4.239 ], [ -43.0322, -4.18 ], [ -43.061, -4.0843 ], [ -43.1273, -4.1157 ], [ -43.1739, -4.0329 ], [ -43.2088, -4.0184 ], [ -43.4292, -4.2233 ] ] ], [ [ [ -43.4292, -4.2233 ], [ -43.7523, -4.242 ], [ -43.5945, -4.2285 ], [ -43.6022, -4.0437 ], [ -43.7297, -3.9352 ], [ -43.895, -3.9675 ], [ -43.9381, -4.0005 ], [ -43.9928, -3.8424 ], [ -44.1928, -3.9292 ], [ -44.3229, -3.8645 ], [ -44.3547, -3.9748 ], [ -44.4072, -4.0432 ], [ -44.4021, -4.086 ], [ -44.4629, -4.0859 ], [ -44.4465, -4.1291 ], [ -44.3428, -4.1 ], [ -44.2678, -4.2778 ], [ -44.1803, -4.3365 ], [ -44.0935, -4.4948 ], [ -44.0875, -4.5057 ], [ -44.1961, -4.5276 ], [ -44.1975, -4.7298 ], [ -44.3018, -4.8455 ], [ -44.3579, -4.895 ], [ -44.269, -4.9131 ], [ -44.2434, -4.9066 ], [ -44.1942, -4.879 ], [ -44.1181, -4.9361 ], [ -44.0026, -5.1643 ], [ -43.7841, -5.2737 ], [ -43.8835, -5.3858 ], [ -43.8735, -5.453 ], [ -43.8655, -5.5005 ], [ -43.7591, -5.5899 ], [ -43.8223, -5.5487 ], [ -43.8861, -5.5904 ], [ -43.8924, -5.6364 ], [ -43.9759, -5.7385 ], [ -44.0753, -5.8162 ], [ -44.0742, -5.8507 ], [ -43.8255, -5.9953 ], [ -43.8255, -6.0057 ], [ -43.7288, -5.8475 ], [ -43.5973, -5.7734 ], [ -43.5655, -5.9131 ], [ -43.0954, -5.9104 ], [ -43.0766, -5.8671 ], [ -43.0768, -5.7351 ], [ -42.908, -5.3923 ], [ -42.8287, -5.2399 ], [ -42.8546, -4.9361 ], [ -42.8975, -4.8427 ], [ -42.9546, -4.6895 ], [ -42.8747, -4.5356 ], [ -42.8728, -4.4267 ], [ -43.0827, -4.4462 ], [ -43.4292, -4.2233 ] ] ], [ [ [ -42.8558, -4.0773 ], [ -43.1805, -4.0266 ], [ -43.1296, -4.1142 ], [ -43.0929, -4.1086 ], [ -43.0639, -4.0831 ], [ -43.0274, -4.1818 ], [ -42.8908, -4.157 ], [ -42.9031, -4.1243 ], [ -42.8558, -4.0773 ] ] ], [ [ [ -44.4308, -4.4808 ], [ -44.3476, -4.5582 ], [ -44.0875, -4.5057 ], [ -44.1803, -4.3365 ], [ -44.3565, -4.2684 ], [ -44.4308, -4.4808 ] ] ] ] } },
{ "type": "Feature", "properties": { "cod_rgi": "2104", "nome_rgi": "Presidente Dutra" }, "geometry": { "type": "MultiPolygon", "coordinates": [ [ [ [ -43.4107, -6.355 ], [ -43.8593, -6.2843 ], [ -44.0998, -6.3515 ], [ -44.1717, -6.2559 ], [ -44.6305, -6.68 ], [ -44.4091, -6.8096 ], [ -44.4103, -6.8326 ], [ -44.3276, -6.935 ], [ -44.2731, -6.9561 ], [ -44.2359, -6.9987 ], [ -44.2014, -6.9325 ], [ -44.1635, -6.8745 ], [ -44.1199, -6.8328 ], [ -44.114, -6.8035 ], [ -44.0697, -6.8214 ], [ -43.9612, -6.7419 ], [ -43.8799, -6.7578 ], [ -43.7748, -6.7149 ], [ -43.7538, -6.7035 ], [ -43.8212, -6.5127 ], [ -43.7538, -6.7035 ], [ -43.5844, -6.7575 ], [ -43.5613, -6.7494 ], [ -43.4548, -6.8462 ], [ -43.3641, -6.8193 ], [ -43.2787, -6.7966 ], [ -43.146, -6.7831 ], [ -43.0821, -6.7481 ], [ -42.9198, -6.6703 ], [ -42.8716, -6.5103 ], [ -43.2966, -6.3422 ], [ -43.4107, -6.355 ] ] ], [ [ [ -44.3871, -7.1209 ], [ -44.3062, -7.1172 ], [ -44.2745, -7.071 ], [ -44.2797, -7.0423 ], [ -44.262, -6.9987 ], [ -44.2489, -6.9987 ], [ -44.2532, -6.9762 ], [ -44.402, -6.8185 ], [ -44.6436, -6.6804 ], [ -44.6683, -6.7003 ], [ -44.7686, -6.8849 ], [ -44.7099, -6.941 ], [ -44.6973, -6.9744 ], [ -44.7875, -7.2487 ], [ -44.9244, -7.4703 ], [ -44.6172, -7.3086 ], [ -44.3871, -7.1209 ] ] ], [ [ [ -44.0943, -5.8201 ], [ -44.0331, -5.7915 ], [ -43.9785, -5.7411 ], [ -43.8977, -5.6482 ], [ -43.8854, -5.5896 ], [ -43.8221, -5.5486 ], [ -43.8174, -5.5387 ], [ -43.8673, -5.4946 ], [ -43.8735, -5.453 ], [ -43.8835, -5.3858 ], [ -43.7841, -5.2737 ], [ -44.0177, -5.1663 ], [ -44.3068, -5.3313 ], [ -44.2069, -5.4642 ], [ -44.3583, -5.2773 ], [ -44.3068, -5.3313 ], [ -44.0026, -5.1643 ], [ -44.1181, -4.9361 ], [ -44.1942, -4.879 ], [ -44.2434, -4.9066 ], [ -44.269, -4.9131 ], [ -44.3124, -5.0241 ], [ -44.3579, -4.895 ], [ -44.4133, -4.9508 ], [ -44.4117, -4.9757 ], [ -44.4962, -4.9759 ], [ -44.6277, -5.126 ], [ -44.772, -5.2115 ], [ -44.8197, -5.2257 ], [ -44.8198, -5.2569 ], [ -44.9568, -5.5697 ], [ -44.8465, -5.9833 ], [ -44.7997, -6.1177 ], [ -44.9505, -6.3358 ], [ -45.0735, -6.352 ], [ -45.198, -6.3275 ], [ -45.2141, -6.3173 ], [ -45.7224, -6.5299 ], [ -45.7778, -6.589 ], [ -45.85, -6.6002 ], [ -45.8509, -6.7211 ], [ -45.7465, -6.7001 ], [ -45.5728, -6.8199 ], [ -45.3834, -6.7573 ], [ -45.2975, -6.7956 ], [ -45.166, -6.7939 ], [ -45.1605, -6.811 ], [ -45.0108, -6.7312 ], [ -44.8848, -6.7032 ], [ -44.6683, -6.7003 ], [ -44.1717, -6.2559 ], [ -44.2389, -6.1665 ], [ -44.0998, -6.3515 ], [ -43.8593, -6.2843 ], [ -43.2966, -6.3422 ], [ -42.9001, -6.5039 ], [ -42.8676, -6.486 ], [ -42.8778, -6.4179 ], [ -42.847, -6.2825 ], [ -42.9686, -6.1783 ], [ -43.0786, -5.9671 ], [ -43.0954, -5.9104 ], [ -43.5655, -5.9131 ], [ -43.5973, -5.7734 ], [ -43.7288, -5.8475 ], [ -43.8255, -6.0057 ], [ -43.8255, -5.9953 ], [ -43.9045, -6.0048 ], [ -44.0638, -5.8696 ], [ -44.0943, -5.8201 ] ] ], [ [ [ -44.617, -5.0141 ], [ -44.6655, -5.0559 ], [ -44.6277, -5.126 ], [ -44.4962, -4.9759 ], [ -44.5142, -4.9759 ], [ -44.643, -4.857 ], [ -44.6433, -4.8754 ], [ -44.6323, -4.9102 ], [ -44.611, -4.9502 ], [ -44.617, -5.0141 ] ] ] ] } },
{ "type": "Feature", "properties": { "cod_rgi": "2105", "nome_rgi": "Imperatriz" }, "geometry": { "type": "MultiPolygon", "coordinates": [ [ [ [ -47.0727, -4.2366 ], [ -47.0297, -4.2205 ], [ -46.962, -4.0909 ], [ -46.9271, -4.0866 ], [ -46.9123, -4.0596 ], [ -46.9468, -3.9151 ], [ -47.0294, -3.6811 ], [ -47.037, -3.668 ], [ -47.0867, -3.8249 ], [ -47.1066, -3.8809 ], [ -47.1485, -3.9145 ], [ -47.2017, -3.9736 ], [ -47.3051, -4.0588 ], [ -47.3194, -4.0478 ], [ -47.3402, -4.177 ], [ -47.3658, -4.1806 ], [ -47.3718, -4.2456 ], [ -47.5836, -4.523 ], [ -47.7899, -4.5855 ], [ -48.0254, -4.7783 ], [ -48.0584, -4.8042 ], [ -48.2124, -4.9249 ], [ -48.4197, -5.0851 ], [ -48.4346, -5.0767 ], [ -48.4332, -5.0981 ], [ -48.7552, -5.3492 ], [ -48.6794, -5.3058 ], [ -48.3639, -5.1684 ], [ -48.3209, -5.2014 ], [ -48.0793, -5.2751 ], [ -47.8676, -5.3428 ], [ -47.8275, -5.3866 ], [ -47.7443, -5.3801 ], [ -47.5554, -5.4657 ], [ -47.4312, -5.333 ], [ -47.3817, -5.5146 ], [ -47.3726, -5.5387 ], [ -47.3184, -5.5565 ], [ -47.3096, -5.5381 ], [ -47.2913, -5.5444 ], [ -47.241, -5.5136 ], [ -47.1744, -5.4514 ], [ -46.9798, -5.3684 ], [ -46.9014, -5.4159 ], [ -46.9345, -5.6346 ], [ -46.9342, -5.6708 ], [ -46.9345, -5.6346 ], [ -46.9464, -5.6252 ], [ -47.0853, -5.6709 ], [ -47.0859, -5.6711 ], [ -47.1588, -5.5982 ], [ -47.2359, -5.5676 ], [ -47.2523, -5.5435 ], [ -47.3064, -5.5366 ], [ -47.3198, -5.5569 ], [ -47.3817, -5.5146 ], [ -47.4773, -5.6208 ], [ -47.4423, -5.8308 ], [ -47.448, -5.993 ], [ -47.4232, -6.1602 ], [ -47.3807, -6.25 ], [ -47.4342, -6.4312 ], [ -47.4163, -6.4839 ], [ -47.4248, -6.5039 ], [ -47.34, -6.513 ], [ -47.3155, -6.5419 ], [ -47.2994, -6.5343 ], [ -47.2341, -6.579 ], [ -47.2126, -6.5768 ], [ -47.1462, -6.5208 ], [ -47.2158, -6.5675 ], [ -47.211, -6.573 ], [ -47.2714, -6.563 ], [ -47.3453, -6.5112 ], [ -47.3842, -6.5182 ], [ -47.4257, -6.4974 ], [ -47.4589, -6.5556 ], [ -47.4632, -6.6071 ], [ -47.4986, -6.6712 ], [ -47.4941, -6.7548 ], [ -47.53, -6.9801 ], [ -47.7437, -7.2083 ], [ -47.5402, -7.2658 ], [ -47.4782, -7.3368 ], [ -47.5775, -7.4161 ], [ -47.5633, -7.45 ], [ -47.4611, -7.5187 ], [ -47.3986, -7.5691 ], [ -47.3522, -7.6468 ], [ -47.3025, -7.6891 ], [ -47.2668, -7.7613 ], [ -47.245, -7.8155 ], [ -47.1428, -7.8948 ], [ -47.0435, -8.0536 ], [ -46.9974, -8.0672 ], [ -46.9183, -7.9818 ], [ -46.8663, -7.9693 ], [ -46.7562, -7.9224 ], [ -46.4926, -7.9807 ], [ -46.4662, -8.0704 ], [ -46.4876, -8.1999 ], [ -46.5142, -8.2836 ], [ -46.5455, -8.3208 ], [ -46.6352, -8.3193 ], [ -46.7824, -8.3681 ], [ -46.8519, -8.4778 ], [ -46.9164, -8.6484 ], [ -46.9149, -8.8531 ], [ -47.0183, -8.9529 ], [ -47.0357, -8.9789 ], [ -47.0366, -8.9995 ], [ -47.0685, -9.012 ], [ -47.0435, -9.0265 ], [ -47.0102, -9.0703 ], [ -47.0073, -9.0822 ], [ -46.9121, -9.0827 ], [ -46.9315, -9.0859 ], [ -46.8917, -9.1405 ], [ -46.8524, -9.1544 ], [ -46.8189, -9.2601 ], [ -46.8111, -9.3067 ], [ -46.6328, -9.4116 ], [ -46.6548, -9.3365 ], [ -46.5757, -9.5175 ], [ -46.6533, -9.6934 ], [ -46.5716, -9.808 ], [ -46.4803, -9.8553 ], [ -46.4729, -9.8774 ], [ -46.4776, -9.9883 ], [ -46.4207, -10.0809 ], [ -46.2109, -10.1697 ], [ -46.0997, -10.2129 ], [ -46.0312, -10.1761 ], [ -45.9553, -10.2184 ], [ -45.8785, -10.1103 ], [ -45.8214, -9.7731 ], [ -45.82, -9.6184 ], [ -45.8414, -9.5623 ], [ -45.8242, -9.3749 ], [ -45.9435, -9.0153 ], [ -45.9455, -8.8404 ], [ -46.0701, -8.81 ], [ -45.8916, -8.7628 ], [ -45.7975, -8.613 ], [ -45.7938, -8.5844 ], [ -45.7385, -8.5012 ], [ -45.7425, -8.448 ], [ -45.6616, -8.25 ], [ -45.5208, -7.8881 ], [ -45.8218, -7.8132 ], [ -45.4822, -7.7514 ], [ -45.4377, -7.6778 ], [ -45.2614, -7.5709 ], [ -45.2186, -7.5683 ], [ -45.1372, -7.5215 ], [ -45.0507, -7.5123 ], [ -44.9973, -7.4911 ], [ -44.7875, -7.2487 ], [ -44.6973, -6.9744 ], [ -44.7099, -6.941 ], [ -44.7686, -6.8849 ], [ -44.8848, -6.7032 ], [ -45.0108, -6.7312 ], [ -45.1605, -6.811 ], [ -45.166, -6.7939 ], [ -45.1951, -6.8038 ], [ -45.3281, -6.7885 ], [ -45.3544, -6.7804 ], [ -45.3542, -6.777 ], [ -45.3686, -6.7593 ], [ -45.4004, -6.7576 ], [ -45.5728, -6.8199 ], [ -45.7465, -6.7001 ], [ -45.8002, -6.719 ], [ -45.9123, -6.7265 ], [ -45.8509, -6.7211 ], [ -45.7778, -6.589 ], [ -45.7224, -6.5299 ], [ -45.2141, -6.3173 ], [ -45.198, -6.3275 ], [ -45.0735, -6.352 ], [ -44.9505, -6.3358 ], [ -44.7997, -6.1177 ], [ -44.8465, -5.9833 ], [ -44.9568, -5.5697 ], [ -44.8198, -5.2569 ], [ -44.8197, -5.2257 ], [ -44.772, -5.2115 ], [ -44.8577, -5.1256 ], [ -44.875, -5.0423 ], [ -44.9685, -5.1273 ], [ -45.3307, -5.1218 ], [ -45.3485, -5.0802 ], [ -45.2798, -5.0553 ], [ -45.6581, -5.0254 ], [ -45.606, -4.993 ], [ -45.5722, -4.9197 ], [ -45.923, -4.6398 ], [ -45.9283, -4.6617 ], [ -45.9758, -4.7249 ], [ -46.0404, -4.7921 ], [ -46.0114, -4.8633 ], [ -46.465, -4.851 ], [ -46.4604, -4.7592 ], [ -46.476, -4.6516 ], [ -46.5068, -4.4445 ], [ -46.5055, -4.3787 ], [ -46.5068, -4.4445 ], [ -46.476, -4.6516 ], [ -46.4604, -4.7592 ], [ -46.465, -4.851 ], [ -46.0894, -4.8546 ], [ -46.2027, -4.7503 ], [ -46.1591, -4.5605 ], [ -46.2499, -4.3176 ], [ -46.2994, -4.2477 ], [ -46.2829, -4.2253 ], [ -46.2123, -4.0409 ], [ -46.4333, -4.1303 ], [ -46.539, -4.2692 ], [ -46.7383, -4.3815 ], [ -46.933, -4.4442 ], [ -47.0879, -4.3085 ], [ -47.0727, -4.2366 ] ], [ [ -46.5874, -5.7327 ], [ -46.4696, -5.7511 ], [ -46.4649, -6.2816 ], [ -46.4511, -6.796 ], [ -46.3023, -6.9054 ], [ -46.451, -7.0665 ], [ -46.2931, -7.1998 ], [ -46.451, -7.0665 ], [ -46.3402, -6.9394 ], [ -46.4511, -6.796 ], [ -46.4764, -6.8167 ], [ -46.4663, -6.8118 ], [ -46.4691, -5.7511 ], [ -46.5874, -5.7327 ] ] ], [ [ [ -46.9798, -5.3684 ], [ -47.2802, -5.5399 ], [ -47.251, -5.5443 ], [ -47.2144, -5.58 ], [ -47.1778, -5.5848 ], [ -47.1345, -5.6478 ], [ -47.086, -5.6723 ], [ -46.9477, -5.6275 ], [ -46.9462, -5.5117 ], [ -46.9014, -5.4159 ], [ -46.9798, -5.3684 ] ] ] ] } },
{ "type": "Feature", "properties": { "cod_rgi": "2201", "nome_rgi": "Teresina" }, "geometry": { "type": "MultiPolygon", "coordinates": [ [ [ [ -42.6862, -5.9587 ], [ -42.4898, -5.9367 ], [ -42.5452, -5.8422 ], [ -42.5311, -5.6999 ], [ -42.5645, -5.7283 ], [ -42.6028, -5.7131 ], [ -42.6435, -5.7865 ], [ -42.6862, -5.9587 ] ] ], [ [ [ -42.5933, -6.4906 ], [ -42.5823, -6.5192 ], [ -42.3547, -6.5183 ], [ -42.2906, -6.3966 ], [ -42.1745, -6.4498 ], [ -42.1014, -6.4342 ], [ -42.0158, -6.3107 ], [ -42.1014, -6.4342 ], [ -42.1745, -6.4498 ], [ -42.1645, -6.5577 ], [ -41.9982, -6.617 ], [ -41.9276, -6.6444 ], [ -41.9096, -6.6746 ], [ -41.8164, -6.715 ], [ -41.9219, -6.6466 ], [ -41.9329, -6.67 ], [ -41.9164, -6.83 ], [ -41.8125, -6.94 ], [ -41.8109, -6.9209 ], [ -41.6205, -6.9011 ], [ -41.6066, -6.8335 ], [ -41.5427, -6.7383 ], [ -41.4796, -6.7449 ], [ -41.5111, -6.6083 ], [ -41.6895, -6.5316 ], [ -41.5111, -6.6083 ], [ -41.5085, -6.5569 ], [ -41.4265, -6.5659 ], [ -41.2819, -6.6511 ], [ -41.2644, -6.6127 ], [ -41.2931, -6.6746 ], [ -41.1969, -6.6795 ], [ -41.1901, -6.6637 ], [ -41.1303, -6.6552 ], [ -41.1431, -6.7505 ], [ -41.0954, -6.7567 ], [ -40.7899, -6.5006 ], [ -40.8052, -6.3931 ], [ -40.8522, -6.2242 ], [ -40.8457, -6.135 ], [ -40.8802, -5.9177 ], [ -40.8975, -5.9013 ], [ -40.9388, -5.6733 ], [ -40.9011, -5.6159 ], [ -40.9115, -5.4074 ], [ -40.929, -5.3758 ], [ -41.2252, -5.4261 ], [ -40.929, -5.3758 ], [ -40.9121, -5.3142 ], [ -40.922, -5.2265 ], [ -40.9825, -5.1535 ], [ -41.097, -5.0531 ], [ -41.1375, -4.985 ], [ -41.189, -4.9406 ], [ -41.2281, -4.891 ], [ -41.208, -4.7768 ], [ -41.2952, -4.8149 ], [ -41.6029, -4.8805 ], [ -41.7469, -4.7029 ], [ -42.0625, -4.661 ], [ -42.0001, -4.5407 ], [ -42.0557, -4.5278 ], [ -42.0497, -4.4528 ], [ -42.061, -4.434 ], [ -42.259, -4.5694 ], [ -42.2958, -4.5511 ], [ -42.4204, -4.4682 ], [ -42.5462, -4.3624 ], [ -42.4204, -4.4682 ], [ -42.2958, -4.5511 ], [ -42.061, -4.434 ], [ -42.0793, -4.3742 ], [ -42.0005, -4.3441 ], [ -42.0005, -4.2724 ], [ -41.9969, -4.2078 ], [ -42.2351, -4.2281 ], [ -42.2223, -3.9762 ], [ -42.2766, -3.9786 ], [ -42.3616, -3.9747 ], [ -42.3886, -3.9867 ], [ -42.3991, -3.8984 ], [ -42.4909, -3.8719 ], [ -42.5915, -3.7584 ], [ -42.6829, -3.694 ], [ -42.6838, -3.7661 ], [ -42.5332, -3.9657 ], [ -42.6967, -3.985 ], [ -42.6589, -4.0778 ], [ -42.6904, -4.0975 ], [ -42.7488, -4.053 ], [ -42.7979, -3.9966 ], [ -42.8236, -3.9922 ], [ -42.8629, -4.0929 ], [ -42.9031, -4.1243 ], [ -42.8882, -4.1556 ], [ -42.932, -4.1587 ], [ -42.9854, -4.2207 ], [ -42.8728, -4.4267 ], [ -42.8747, -4.5356 ], [ -42.9546, -4.6895 ], [ -42.8975, -4.8427 ], [ -42.8546, -4.9361 ], [ -42.8287, -5.2399 ], [ -42.815, -5.3142 ], [ -42.908, -5.3923 ], [ -43.0053, -5.5419 ], [ -43.0768, -5.7351 ], [ -43.0766, -5.8671 ], [ -43.0786, -5.9671 ], [ -42.9686, -6.1783 ], [ -42.847, -6.2825 ], [ -42.8778, -6.4179 ], [ -42.8668, -6.4824 ], [ -42.8712, -6.5121 ], [ -42.9174, -6.6397 ], [ -42.8569, -6.6623 ], [ -42.8415, -6.7056 ], [ -42.7911, -6.5218 ], [ -42.5933, -6.4906 ] ], [ [ -42.6435, -5.7865 ], [ -42.6028, -5.7131 ], [ -42.5645, -5.7283 ], [ -42.4851, -5.643 ], [ -42.4185, -5.6334 ], [ -42.503, -5.5555 ], [ -42.4547, -5.496 ], [ -42.4965, -5.4583 ], [ -42.6315, -5.3919 ], [ -42.7484, -5.4242 ], [ -42.7485, -5.5405 ], [ -42.8115, -5.5015 ], [ -42.7485, -5.5405 ], [ -42.7484, -5.4242 ], [ -42.6315, -5.3919 ], [ -42.5989, -5.3504 ], [ -42.6018, -4.9043 ], [ -42.5794, -5.1691 ], [ -42.3791, -5.1527 ], [ -42.5794, -5.1691 ], [ -42.5989, -5.3504 ], [ -42.4965, -5.4583 ], [ -42.4547, -5.496 ], [ -42.503, -5.5555 ], [ -42.4185, -5.6334 ], [ -42.3593, -5.5958 ], [ -42.3128, -5.6389 ], [ -42.2698, -5.645 ], [ -41.9556, -5.4564 ], [ -41.8885, -5.3777 ], [ -41.9556, -5.4564 ], [ -42.1181, -5.5994 ], [ -42.1057, -5.7426 ], [ -41.7181, -5.7887 ], [ -41.6783, -6.0329 ], [ -41.6675, -5.9724 ], [ -41.7181, -5.7887 ], [ -42.0866, -5.7879 ], [ -42.226, -5.7767 ], [ -42.2289, -5.6713 ], [ -42.2698, -5.645 ], [ -42.3128, -5.6389 ], [ -42.3593, -5.5958 ], [ -42.4184, -5.6334 ], [ -42.4851, -5.643 ], [ -42.5311, -5.6999 ], [ -42.5452, -5.8422 ], [ -42.4898, -5.9367 ], [ -42.7149, -5.9663 ], [ -42.7046, -6.08 ], [ -42.7849, -6.0157 ], [ -42.8201, -5.9917 ], [ -42.7849, -6.0157 ], [ -42.7149, -5.9663 ], [ -42.6862, -5.9587 ], [ -42.6435, -5.7865 ] ] ], [ [ [ -42.0625, -4.661 ], [ -41.8475, -4.6134 ], [ -41.9666, -4.5319 ], [ -42.0001, -4.5407 ], [ -42.0625, -4.661 ] ] ], [ [ [ -42.7262, -3.91 ], [ -42.7866, -3.9592 ], [ -42.7488, -4.053 ], [ -42.6904, -4.0975 ], [ -42.6967, -3.985 ], [ -42.7262, -3.91 ] ] ], [ [ [ -42.2289, -5.6713 ], [ -42.226, -5.7767 ], [ -42.0866, -5.7879 ], [ -42.2289, -5.6713 ] ] ], [ [ [ -42.1827, -6.6472 ], [ -42.1645, -6.5577 ], [ -42.3055, -6.5899 ], [ -42.1827, -6.6472 ] ] ] ] } },
{ "type": "Feature", "properties": { "cod_rgi": "2202", "nome_rgi": "Parnaíba" }, "geometry": { "type": "MultiPolygon", "coordinates": [ [ [ [ -41.9969, -4.2078 ], [ -42.0005, -4.3441 ], [ -42.0271, -4.3543 ], [ -42.0206, -4.3807 ], [ -41.9703, -4.4041 ], [ -41.9588, -4.4261 ], [ -41.8646, -4.465 ], [ -41.9588, -4.4261 ], [ -41.9949, -4.3865 ], [ -42.0161, -4.3856 ], [ -42.0271, -4.3543 ], [ -42.0793, -4.3742 ], [ -42.0497, -4.4528 ], [ -42.0557, -4.5278 ], [ -41.9666, -4.5319 ], [ -41.8475, -4.6134 ], [ -41.5279, -4.4109 ], [ -41.5139, -4.3316 ], [ -41.5973, -4.2961 ], [ -41.4975, -4.181 ], [ -41.5139, -4.3316 ], [ -41.5279, -4.4109 ], [ -41.7303, -4.5473 ], [ -41.7469, -4.7029 ], [ -41.6029, -4.8805 ], [ -41.2952, -4.8149 ], [ -41.2293, -4.6201 ], [ -41.2212, -4.5789 ], [ -41.1359, -4.2335 ], [ -41.0991, -4.1818 ], [ -41.1432, -4.1242 ], [ -41.2567, -4.0348 ], [ -41.2202, -3.9415 ], [ -41.2769, -3.8256 ], [ -41.2541, -3.775 ], [ -41.4849, -4.0415 ], [ -41.2786, -3.77 ], [ -41.2393, -3.7126 ], [ -41.3417, -3.6808 ], [ -41.3449, -3.5887 ], [ -41.3369, -3.5539 ], [ -41.3267, -3.4931 ], [ -41.4235, -3.368 ], [ -41.3225, -3.1798 ], [ -41.2567, -3.088 ], [ -41.3227, -2.9213 ], [ -41.4456, -2.9294 ], [ -41.5904, -2.9064 ], [ -41.8141, -2.7393 ], [ -41.849, -2.7735 ], [ -41.8627, -2.8318 ], [ -41.8655, -2.8749 ], [ -41.8357, -2.9159 ], [ -41.7991, -2.9518 ], [ -41.8243, -3.0245 ], [ -41.8691, -3.0603 ], [ -41.9251, -3.1123 ], [ -41.939, -3.1874 ], [ -41.9645, -3.179 ], [ -42.0103, -3.2463 ], [ -42.1522, -3.3875 ], [ -42.3308, -3.4339 ], [ -42.4363, -3.457 ], [ -42.4668, -3.4854 ], [ -42.4911, -3.4471 ], [ -42.5677, -3.5663 ], [ -42.6166, -3.6127 ], [ -42.5543, -3.6662 ], [ -42.5448, -3.6273 ], [ -42.4803, -3.6009 ], [ -42.4852, -3.6017 ], [ -42.5564, -3.6421 ], [ -42.5543, -3.6662 ], [ -42.5181, -3.6831 ], [ -42.4885, -3.7573 ], [ -42.5482, -3.8042 ], [ -42.4909, -3.8719 ], [ -42.3991, -3.8984 ], [ -42.3886, -3.9867 ], [ -42.3616, -3.9747 ], [ -42.2766, -3.9786 ], [ -42.2433, -3.9136 ], [ -42.1877, -3.9065 ], [ -42.2433, -3.9136 ], [ -42.2223, -3.9762 ], [ -42.2351, -4.2281 ], [ -41.9969, -4.2078 ] ] ], [ [ [ -42.6829, -3.694 ], [ -42.5482, -3.8042 ], [ -42.4885, -3.7573 ], [ -42.5181, -3.6831 ], [ -42.6166, -3.6127 ], [ -42.6829, -3.694 ] ] ] ] } },
{ "type": "Feature", "properties": { "cod_rgi": "2203", "nome_rgi": "Picos" }, "geometry": { "type": "MultiPolygon", "coordinates": [ [ [ [ -40.8195, -8.3219 ], [ -40.7073, -8.2235 ], [ -40.5897, -8.1388 ], [ -40.5822, -8.0447 ], [ -40.5475, -7.8275 ], [ -40.622, -7.6514 ], [ -40.7149, -7.4805 ], [ -40.8061, -7.4843 ], [ -40.8702, -7.4484 ], [ -40.9543, -7.5166 ], [ -40.9873, -7.5324 ], [ -40.9655, -7.5913 ], [ -41.0646, -7.6483 ], [ -40.9515, -7.825 ], [ -40.952, -7.8264 ], [ -40.9515, -7.825 ], [ -41.0646, -7.6483 ], [ -40.9655, -7.5913 ], [ -40.9904, -7.5403 ], [ -41.0173, -7.4367 ], [ -41.1558, -7.4276 ], [ -41.2383, -7.4846 ], [ -41.1558, -7.4276 ], [ -41.0173, -7.4367 ], [ -40.9873, -7.5324 ], [ -40.9222, -7.4651 ], [ -40.9317, -7.3499 ], [ -40.9801, -7.2159 ], [ -41.0011, -7.0888 ], [ -40.9826, -6.7717 ], [ -41.0954, -6.7567 ], [ -41.1431, -6.7505 ], [ -41.1303, -6.6552 ], [ -41.1901, -6.6637 ], [ -41.1969, -6.6795 ], [ -41.274, -6.6782 ], [ -41.2931, -6.6746 ], [ -41.2819, -6.6511 ], [ -41.4265, -6.5659 ], [ -41.5085, -6.5569 ], [ -41.4796, -6.7449 ], [ -41.5427, -6.7383 ], [ -41.6079, -6.8392 ], [ -41.5824, -6.8706 ], [ -41.5096, -6.9117 ], [ -41.442, -6.9122 ], [ -41.4198, -6.8992 ], [ -41.4338, -6.8821 ], [ -41.2333, -7.1101 ], [ -41.4198, -6.8992 ], [ -41.442, -6.9122 ], [ -41.5177, -6.9071 ], [ -41.6079, -6.8392 ], [ -41.8109, -6.9209 ], [ -41.8125, -6.94 ], [ -41.9164, -6.83 ], [ -41.9329, -6.67 ], [ -41.9219, -6.6466 ], [ -41.9982, -6.617 ], [ -42.1461, -6.6425 ], [ -42.1827, -6.6472 ], [ -42.3055, -6.5899 ], [ -42.3095, -6.514 ], [ -42.3754, -6.6767 ], [ -42.3649, -6.7137 ], [ -42.3348, -6.7295 ], [ -42.3196, -6.7715 ], [ -42.3104, -6.8409 ], [ -42.33, -6.8356 ], [ -42.3607, -6.8063 ], [ -42.4494, -6.9095 ], [ -42.4737, -6.905 ], [ -42.4687, -6.8948 ], [ -42.4946, -6.8772 ], [ -42.5666, -6.8691 ], [ -42.6254, -6.9975 ], [ -42.4208, -6.9672 ], [ -42.3102, -7.2233 ], [ -42.2968, -7.1749 ], [ -42.3607, -7.4177 ], [ -42.1881, -7.4401 ], [ -41.9527, -7.3231 ], [ -41.873, -7.2918 ], [ -41.7804, -7.4244 ], [ -41.6252, -7.3912 ], [ -41.5939, -7.2913 ], [ -41.6546, -7.2982 ], [ -41.5652, -7.288 ], [ -41.4782, -7.3188 ], [ -41.3105, -7.307 ], [ -41.3788, -7.5154 ], [ -41.399, -7.5506 ], [ -41.3857, -7.5566 ], [ -41.4695, -7.6978 ], [ -41.6465, -7.6224 ], [ -41.4583, -7.6955 ], [ -41.3857, -7.5566 ], [ -41.399, -7.5506 ], [ -41.3105, -7.307 ], [ -41.4782, -7.3188 ], [ -41.5939, -7.2913 ], [ -41.6093, -7.3668 ], [ -41.644, -7.4098 ], [ -41.6293, -7.3939 ], [ -41.7804, -7.4244 ], [ -41.7416, -7.4611 ], [ -41.7102, -7.6456 ], [ -41.7743, -7.8213 ], [ -41.7102, -7.6456 ], [ -41.7315, -7.5308 ], [ -42.0177, -7.5379 ], [ -42.0381, -7.5761 ], [ -42.0177, -7.5379 ], [ -41.7315, -7.5308 ], [ -41.7416, -7.4611 ], [ -41.8308, -7.3438 ], [ -41.873, -7.2918 ], [ -42.1881, -7.4401 ], [ -42.3121, -7.4315 ], [ -42.4887, -7.526 ], [ -42.4765, -7.7017 ], [ -42.1986, -7.7964 ], [ -42.1256, -7.9442 ], [ -42.1108, -7.9714 ], [ -42.0218, -7.9365 ], [ -42.0319, -7.9754 ], [ -41.8565, -8.0655 ], [ -41.7773, -8.1169 ], [ -41.6932, -8.069 ], [ -41.7766, -8.1209 ], [ -41.7494, -8.3121 ], [ -41.5649, -8.3122 ], [ -41.5635, -8.3391 ], [ -41.4988, -8.4105 ], [ -41.4981, -8.5678 ], [ -41.4883, -8.7363 ], [ -41.2874, -8.6608 ], [ -41.2123, -8.6018 ], [ -41.1687, -8.5831 ], [ -41.1801, -8.3557 ], [ -41.1425, -8.3402 ], [ -41.1801, -8.3557 ], [ -41.0789, -8.4725 ], [ -41.0074, -8.4209 ], [ -40.9785, -8.3987 ], [ -40.87, -8.3585 ], [ -40.8287, -8.3738 ], [ -40.8195, -8.3219 ] ] ], [ [ [ -40.9976, -7.1373 ], [ -40.8755, -7.036 ], [ -40.8505, -6.9854 ], [ -40.8755, -7.036 ], [ -40.9599, -7.1076 ], [ -40.9976, -7.1373 ], [ -40.9801, -7.2159 ], [ -40.9317, -7.3499 ], [ -40.9222, -7.4651 ], [ -40.8723, -7.4486 ], [ -40.8061, -7.4843 ], [ -40.7149, -7.4805 ], [ -40.7049, -7.4587 ], [ -40.6657, -7.4509 ], [ -40.6523, -7.4333 ], [ -40.7902, -7.4165 ], [ -40.8775, -7.2598 ], [ -40.8637, -7.1754 ], [ -40.8816, -7.1573 ], [ -40.7103, -7.1351 ], [ -40.6712, -7.2097 ], [ -40.5061, -7.2109 ], [ -40.4897, -7.1187 ], [ -40.4387, -7.0165 ], [ -40.4299, -6.9933 ], [ -40.4302, -6.8678 ], [ -40.3705, -6.8032 ], [ -40.4322, -6.813 ], [ -40.6491, -6.6788 ], [ -40.722, -6.6177 ], [ -40.7899, -6.5006 ], [ -41.0954, -6.7567 ], [ -40.8972, -6.7698 ], [ -40.9815, -6.7723 ], [ -40.9976, -7.1373 ] ] ], [ [ [ -40.7103, -7.1351 ], [ -40.8816, -7.1573 ], [ -40.8637, -7.1754 ], [ -40.8603, -7.2746 ], [ -40.6712, -7.2097 ], [ -40.7103, -7.1351 ] ] ], [ [ [ -42.5165, -6.7207 ], [ -42.5585, -6.7225 ], [ -42.6041, -6.8372 ], [ -42.5664, -6.8692 ], [ -42.4895, -6.879 ], [ -42.4628, -6.9099 ], [ -42.433, -6.9016 ], [ -42.3935, -6.8319 ], [ -42.334, -6.7992 ], [ -42.3189, -6.7696 ], [ -42.3357, -6.7279 ], [ -42.3649, -6.7137 ], [ -42.4775, -6.6675 ], [ -42.5165, -6.7207 ] ] ], [ [ [ -40.5061, -7.2109 ], [ -40.6528, -7.208 ], [ -40.7596, -7.2568 ], [ -40.8603, -7.2746 ], [ -40.7902, -7.4165 ], [ -40.6523, -7.4333 ], [ -40.5485, -7.3927 ], [ -40.5415, -7.3323 ], [ -40.5061, -7.2109 ] ] ], [ [ [ -42.3627, -7.9507 ], [ -42.4765, -7.7017 ], [ -42.4824, -7.836 ], [ -42.5841, -7.6802 ], [ -42.5995, -7.694 ], [ -42.5883, -7.8621 ], [ -42.556, -8.0663 ], [ -42.5232, -8.0811 ], [ -42.4419, -8.0659 ], [ -42.3777, -7.9924 ], [ -42.3627, -7.9507 ] ] ] ] } },
{ "type": "Feature", "properties": { "cod_rgi": "2204", "nome_rgi": "São Raimundo Nonato" }, "geometry": { "type": "Polygon", "coordinates": [ [ [ -43.1196, -9.3719 ], [ -42.8875, -9.4072 ], [ -42.731, -9.3586 ], [ -42.8875, -9.4072 ], [ -42.904, -9.5268 ], [ -42.8733, -9.5639 ], [ -42.8189, -9.6209 ], [ -42.7199, -9.5307 ], [ -42.6217, -9.5413 ], [ -42.5865, -9.4968 ], [ -42.2689, -9.3104 ], [ -42.1013, -9.2816 ], [ -42.0219, -9.2498 ], [ -41.9723, -9.2486 ], [ -41.8705, -9.2374 ], [ -41.7352, -9.0947 ], [ -41.6805, -9.0123 ], [ -41.6058, -8.9574 ], [ -41.4243, -8.8026 ], [ -41.3813, -8.7073 ], [ -41.4883, -8.7363 ], [ -41.4981, -8.5678 ], [ -41.4988, -8.4105 ], [ -41.5635, -8.3391 ], [ -41.5649, -8.3122 ], [ -41.7494, -8.3121 ], [ -41.7766, -8.1209 ], [ -41.7773, -8.1169 ], [ -41.882, -8.1315 ], [ -41.9576, -8.3727 ], [ -41.9372, -8.3997 ], [ -41.9576, -8.3727 ], [ -41.8917, -8.1344 ], [ -41.8565, -8.0655 ], [ -42.0319, -7.9754 ], [ -42.0218, -7.9365 ], [ -42.1108, -7.9714 ], [ -42.1337, -7.9885 ], [ -42.1256, -7.9442 ], [ -42.3627, -7.9507 ], [ -42.3777, -7.9924 ], [ -42.4419, -8.0659 ], [ -42.5232, -8.0811 ], [ -42.556, -8.0663 ], [ -42.5883, -7.8621 ], [ -42.5995, -7.694 ], [ -42.5841, -7.6802 ], [ -42.6785, -7.5915 ], [ -42.6793, -7.6234 ], [ -42.7562, -7.702 ], [ -42.712, -7.9766 ], [ -42.6564, -8.0343 ], [ -42.5842, -8.2319 ], [ -42.608, -8.3026 ], [ -42.6426, -8.4078 ], [ -42.638, -8.4934 ], [ -42.7335, -8.8006 ], [ -42.6039, -8.7288 ], [ -42.7335, -8.8006 ], [ -42.726, -8.6848 ], [ -43.0767, -8.7402 ], [ -43.2608, -8.7468 ], [ -43.7043, -8.7318 ], [ -43.702, -8.7171 ], [ -43.9567, -9.1741 ], [ -43.7822, -9.4527 ], [ -43.6858, -9.4178 ], [ -43.579, -9.3204 ], [ -43.4855, -9.2653 ], [ -43.3613, -9.3644 ], [ -43.2788, -9.4246 ], [ -43.1332, -9.3873 ], [ -43.1196, -9.3719 ] ] ] } },
{ "type": "Feature", "properties": { "cod_rgi": "2205", "nome_rgi": "Corrente - Bom Jesus" }, "geometry": { "type": "Polygon", "coordinates": [ [ [ -43.8283, -8.2882 ], [ -43.8791, -8.3136 ], [ -43.9193, -8.3873 ], [ -44.3835, -8.3661 ], [ -44.4084, -8.4618 ], [ -44.8191, -8.3385 ], [ -44.8778, -8.5366 ], [ -44.8869, -8.7436 ], [ -44.9061, -8.808 ], [ -44.9861, -8.9258 ], [ -45.3119, -9.2428 ], [ -44.8178, -9.4624 ], [ -44.6297, -9.5379 ], [ -44.8178, -9.4624 ], [ -45.5116, -9.172 ], [ -45.5282, -9.1051 ], [ -45.3982, -8.8642 ], [ -45.3851, -8.6561 ], [ -45.5833, -8.4922 ], [ -45.7425, -8.448 ], [ -45.7385, -8.5012 ], [ -45.7938, -8.5844 ], [ -45.7975, -8.613 ], [ -45.8916, -8.7628 ], [ -45.9455, -8.8404 ], [ -45.9435, -9.0153 ], [ -45.8242, -9.3749 ], [ -45.8414, -9.5623 ], [ -45.82, -9.6184 ], [ -45.8214, -9.7731 ], [ -45.8785, -10.1103 ], [ -45.9553, -10.2184 ], [ -45.8779, -10.2393 ], [ -45.7339, -10.2286 ], [ -45.7266, -10.1569 ], [ -45.6847, -10.1533 ], [ -45.6032, -10.108 ], [ -45.5262, -10.2369 ], [ -45.5144, -10.2898 ], [ -45.4303, -10.3595 ], [ -45.396, -10.445 ], [ -45.4473, -10.5074 ], [ -45.4188, -10.6438 ], [ -45.1911, -10.5898 ], [ -45.3582, -10.7322 ], [ -45.0732, -10.8404 ], [ -44.9312, -10.9288 ], [ -44.8083, -10.8661 ], [ -44.7146, -10.7617 ], [ -44.6185, -10.6711 ], [ -44.5778, -10.6268 ], [ -44.4563, -10.6081 ], [ -44.264, -10.6247 ], [ -44.0258, -10.4755 ], [ -43.9769, -10.4314 ], [ -43.8369, -10.3022 ], [ -43.8373, -10.2501 ], [ -43.6929, -10.0774 ], [ -43.6903, -10.0446 ], [ -43.703, -9.9661 ], [ -43.709, -9.9132 ], [ -43.7849, -9.7624 ], [ -43.842, -9.6374 ], [ -43.834, -9.6179 ], [ -44.188, -9.6594 ], [ -43.7822, -9.4527 ], [ -43.9567, -9.1741 ], [ -43.702, -8.7171 ], [ -43.6307, -8.2638 ], [ -43.5187, -8.1478 ], [ -43.7335, -8.0439 ], [ -43.8158, -8.1229 ], [ -43.8096, -8.2 ], [ -43.8283, -8.2882 ] ] ] } },
{ "type": "Feature", "properties": { "cod_rgi": "2206", "nome_rgi": "Floriano" }, "geometry": { "type": "MultiPolygon", "coordinates": [ [ [ [ -44.2359, -6.9987 ], [ -44.2613, -6.9979 ], [ -44.2789, -7.0394 ], [ -44.1764, -7.1179 ], [ -44.2007, -7.0891 ], [ -44.2327, -7.0829 ], [ -44.2613, -7.0482 ], [ -44.279, -7.046 ], [ -44.285, -7.0848 ], [ -44.3203, -7.1262 ], [ -44.333, -7.2082 ], [ -44.3159, -7.118 ], [ -44.3871, -7.1209 ], [ -44.6172, -7.3086 ], [ -44.9244, -7.4703 ], [ -44.9836, -7.4823 ], [ -44.8468, -8.2629 ], [ -44.4084, -8.4618 ], [ -44.3835, -8.3661 ], [ -43.9193, -8.3873 ], [ -43.8791, -8.3136 ], [ -43.8283, -8.2882 ], [ -43.8096, -8.2 ], [ -43.8158, -8.1229 ], [ -43.8663, -7.976 ], [ -43.7967, -7.7638 ], [ -43.7018, -7.6444 ], [ -43.7997, -7.7778 ], [ -43.7335, -8.0439 ], [ -43.5187, -8.1478 ], [ -43.6307, -8.2638 ], [ -43.7043, -8.7318 ], [ -43.2608, -8.7468 ], [ -43.0767, -8.7402 ], [ -43.0444, -8.5782 ], [ -42.995, -8.5097 ], [ -42.8536, -8.5105 ], [ -42.8387, -8.4508 ], [ -42.8936, -8.3569 ], [ -42.9112, -8.249 ], [ -42.8936, -8.3569 ], [ -42.8387, -8.4508 ], [ -42.8536, -8.5105 ], [ -43.0046, -8.5191 ], [ -43.062, -8.6193 ], [ -43.057, -8.6992 ], [ -42.726, -8.6848 ], [ -42.638, -8.4934 ], [ -42.6426, -8.4078 ], [ -42.5842, -8.2319 ], [ -42.6564, -8.0343 ], [ -42.6886, -8.0749 ], [ -42.712, -7.9766 ], [ -42.7562, -7.702 ], [ -42.6793, -7.6234 ], [ -42.6822, -7.47 ], [ -42.6785, -7.5915 ], [ -42.5841, -7.6802 ], [ -42.4824, -7.836 ], [ -42.4887, -7.526 ], [ -42.3121, -7.4315 ], [ -42.3607, -7.4177 ], [ -42.3102, -7.2233 ], [ -42.4208, -6.9672 ], [ -42.6254, -6.9975 ], [ -42.5666, -6.8691 ], [ -42.6041, -6.8372 ], [ -42.6065, -6.8086 ], [ -42.5585, -6.7225 ], [ -42.5165, -6.7207 ], [ -42.4775, -6.6675 ], [ -42.3754, -6.6767 ], [ -42.3095, -6.514 ], [ -42.5823, -6.5192 ], [ -42.5933, -6.4906 ], [ -42.7911, -6.5218 ], [ -42.8415, -6.7056 ], [ -42.8569, -6.6623 ], [ -43.0821, -6.7481 ], [ -43.146, -6.7831 ], [ -43.2787, -6.7966 ], [ -43.3641, -6.8193 ], [ -43.5613, -6.7494 ], [ -43.5844, -6.7575 ], [ -43.7748, -6.7149 ], [ -43.8799, -6.7578 ], [ -43.9612, -6.7419 ], [ -44.0697, -6.8214 ], [ -44.114, -6.8035 ], [ -44.1199, -6.8328 ], [ -44.1635, -6.8745 ], [ -44.2014, -6.9325 ], [ -44.2359, -6.9987 ] ] ], [ [ [ -43.5375, -7.9227 ], [ -43.1964, -7.6144 ], [ -43.0354, -7.7342 ], [ -43.1964, -7.6144 ], [ -43.2863, -7.6957 ], [ -43.5375, -7.9227 ] ] ], [ [ [ -44.8191, -8.3385 ], [ -44.8421, -8.2651 ], [ -44.9184, -7.87 ], [ -44.9836, -7.4823 ], [ -45.0472, -7.5126 ], [ -45.1372, -7.5215 ], [ -45.2186, -7.5683 ], [ -45.2614, -7.5709 ], [ -45.4377, -7.6778 ], [ -45.4822, -7.7514 ], [ -45.5208, -7.8881 ], [ -45.6616, -8.25 ], [ -45.5833, -8.4922 ], [ -45.3852, -8.6575 ], [ -45.3982, -8.8642 ], [ -45.5282, -9.1051 ], [ -45.5116, -9.172 ], [ -45.3119, -9.2428 ], [ -44.9861, -8.9258 ], [ -44.9234, -8.8443 ], [ -44.8971, -8.7825 ], [ -44.8778, -8.5366 ], [ -44.8191, -8.3385 ] ] ] ] } },
{ "type": "Feature", "properties": { "cod_rgi": "2301", "nome_rgi": "Fortaleza" }, "geometry": { "type": "MultiPolygon", "coordinates": [ [ [ [ -38.6674, -4.1608 ], [ -38.8037, -4.16 ], [ -38.7829, -4.2719 ], [ -38.7894, -4.3223 ], [ -38.8234, -4.3139 ], [ -38.7894, -4.3223 ], [ -38.7829, -4.2719 ], [ -38.8785, -4.2635 ], [ -38.8958, -4.2798 ], [ -38.9208, -4.2675 ], [ -38.9841, -4.3779 ], [ -38.9749, -4.4392 ], [ -38.983, -4.3808 ], [ -39.0516, -4.3534 ], [ -39.0576, -4.3652 ], [ -39.0251, -4.3311 ], [ -39.0216, -4.2887 ], [ -39.0113, -4.2888 ], [ -38.9601, -4.1494 ], [ -39.0051, -3.9929 ], [ -39.2037, -4.047 ], [ -39.3671, -4.0891 ], [ -39.4072, -4.0957 ], [ -39.5332, -4.083 ], [ -39.5081, -4.0026 ], [ -39.416, -3.8324 ], [ -39.4547, -3.5853 ], [ -39.416, -3.8324 ], [ -39.4349, -3.8629 ], [ -39.5081, -4.0026 ], [ -39.5332, -4.083 ], [ -39.4072, -4.0957 ], [ -39.3671, -4.0891 ], [ -39.2037, -4.047 ], [ -39.0051, -3.9929 ], [ -38.9601, -4.1494 ], [ -38.9395, -4.2364 ], [ -38.9023, -4.2494 ], [ -38.8922, -4.2784 ], [ -38.8785, -4.2635 ], [ -38.8037, -4.16 ], [ -38.7553, -4.1283 ], [ -38.6309, -3.8837 ], [ -38.6437, -3.8353 ], [ -38.5989, -3.7422 ], [ -38.806, -3.5479 ], [ -38.9693, -3.5115 ], [ -39.2303, -3.2386 ], [ -39.6194, -3.0263 ], [ -39.8685, -3.1239 ], [ -39.8907, -3.226 ], [ -39.9087, -3.2833 ], [ -39.9419, -3.3374 ], [ -39.9888, -3.3666 ], [ -39.9977, -3.4101 ], [ -39.9502, -3.4332 ], [ -40.0416, -3.4746 ], [ -40.0425, -3.5666 ], [ -40.0157, -3.7123 ], [ -39.9761, -3.7778 ], [ -40.0073, -3.899 ], [ -39.9105, -4.0039 ], [ -39.8688, -4.0443 ], [ -39.8533, -4.0786 ], [ -39.8098, -4.1172 ], [ -39.7739, -4.1737 ], [ -39.7905, -4.1947 ], [ -39.7305, -4.2757 ], [ -39.7351, -4.3327 ], [ -39.7554, -4.3998 ], [ -39.7212, -4.483 ], [ -39.7148, -4.6558 ], [ -39.7146, -4.6782 ], [ -39.741, -4.7207 ], [ -39.7909, -4.7535 ], [ -39.929, -4.7971 ], [ -39.8923, -4.8929 ], [ -39.9684, -4.9405 ], [ -39.9709, -5.0475 ], [ -40.0022, -5.085 ], [ -40.0213, -5.2059 ], [ -40.056, -5.2898 ], [ -39.9371, -5.3344 ], [ -39.8976, -5.3974 ], [ -39.7998, -5.4 ], [ -39.723, -5.3808 ], [ -39.705, -5.3607 ], [ -39.6567, -5.337 ], [ -39.6238, -5.2554 ], [ -39.5341, -5.119 ], [ -39.6297, -5.0433 ], [ -39.3969, -4.9283 ], [ -39.3479, -4.9603 ], [ -39.3658, -4.8412 ], [ -39.3462, -4.7766 ], [ -39.2909, -4.7398 ], [ -39.3151, -4.7224 ], [ -39.356, -4.7516 ], [ -39.2821, -4.6518 ], [ -39.0668, -4.6538 ], [ -39.0222, -4.6411 ], [ -38.9539, -4.6674 ], [ -38.9654, -4.7052 ], [ -38.8838, -4.7093 ], [ -38.8153, -4.6727 ], [ -38.8401, -4.5842 ], [ -38.8644, -4.5515 ], [ -38.8401, -4.5842 ], [ -38.7476, -4.5286 ], [ -38.7012, -4.613 ], [ -38.636, -4.7017 ], [ -38.5002, -4.6533 ], [ -38.383, -4.5209 ], [ -38.4362, -4.3858 ], [ -38.6674, -4.1608 ] ] ], [ [ [ -38.2229, -4.0067 ], [ -38.4159, -3.8796 ], [ -38.4636, -3.9137 ], [ -38.5161, -4.0152 ], [ -38.5262, -4.2265 ], [ -38.3936, -4.2251 ], [ -38.3726, -4.079 ], [ -38.2229, -4.0067 ] ] ], [ [ [ -37.9494, -4.3993 ], [ -38.2229, -4.0067 ], [ -38.3726, -4.079 ], [ -38.3936, -4.2251 ], [ -38.5262, -4.2265 ], [ -38.4362, -4.3858 ], [ -38.3606, -4.5009 ], [ -38.1836, -4.6229 ], [ -38.1053, -4.5972 ], [ -38.0023, -4.5981 ], [ -37.9552, -4.4736 ], [ -37.9494, -4.3993 ] ] ], [ [ [ -38.4159, -3.8796 ], [ -38.4499, -3.8379 ], [ -38.4636, -3.9137 ], [ -38.4159, -3.8796 ] ] ], [ [ [ -38.5747, -4.0526 ], [ -38.6437, -3.8353 ], [ -38.6309, -3.8837 ], [ -38.7553, -4.1283 ], [ -38.6674, -4.1608 ], [ -38.5161, -4.0152 ], [ -38.5747, -4.0526 ] ] ], [ [ [ -38.8922, -4.2784 ], [ -38.8964, -4.2571 ], [ -38.9415, -4.238 ], [ -39.0113, -4.2888 ], [ -39.0216, -4.2887 ], [ -39.0251, -4.3311 ], [ -39.0516, -4.3534 ], [ -38.9841, -4.3811 ], [ -38.9469, -4.3239 ], [ -38.9208, -4.2675 ], [ -38.8922, -4.2784 ] ] ] ] } },
{ "type": "Feature", "properties": { "cod_rgi": "2302", "nome_rgi": "Quixadá" }, "geometry": { "type": "MultiPolygon", "coordinates": [ [ [ [ -37.9326, -5.5031 ], [ -37.9253, -5.2972 ], [ -37.7831, -5.2948 ], [ -37.7251, -5.0706 ], [ -37.6403, -4.9264 ], [ -37.2533, -4.8316 ], [ -37.3252, -4.7017 ], [ -37.593, -4.6256 ], [ -37.7701, -4.4013 ], [ -37.9494, -4.3993 ], [ -37.9552, -4.4736 ], [ -37.8677, -4.5432 ], [ -38.0023, -4.5981 ], [ -38.1053, -4.5972 ], [ -38.1836, -4.6229 ], [ -38.2158, -4.5896 ], [ -38.3606, -4.5009 ], [ -38.383, -4.5209 ], [ -38.5002, -4.6533 ], [ -38.636, -4.7017 ], [ -38.7012, -4.613 ], [ -38.8153, -4.6727 ], [ -38.8838, -4.7093 ], [ -38.9654, -4.7052 ], [ -38.9539, -4.6674 ], [ -39.0222, -4.6411 ], [ -39.0668, -4.6538 ], [ -39.2821, -4.6518 ], [ -39.356, -4.7516 ], [ -39.3151, -4.7224 ], [ -39.2909, -4.7398 ], [ -39.3462, -4.7766 ], [ -39.3041, -4.8804 ], [ -39.3658, -4.8412 ], [ -39.3479, -4.9603 ], [ -39.3969, -4.9283 ], [ -39.6297, -5.0433 ], [ -39.5341, -5.119 ], [ -39.6238, -5.2554 ], [ -39.6567, -5.337 ], [ -39.6738, -5.387 ], [ -39.705, -5.3607 ], [ -39.723, -5.3808 ], [ -39.7998, -5.4 ], [ -39.8976, -5.3974 ], [ -39.9371, -5.3344 ], [ -40.0562, -5.3592 ], [ -40.0681, -5.4255 ], [ -40.0267, -5.4892 ], [ -40.0349, -5.5651 ], [ -40.0501, -5.6711 ], [ -39.9117, -5.6412 ], [ -39.7751, -5.5909 ], [ -39.6766, -5.6224 ], [ -39.6323, -5.6062 ], [ -39.6376, -5.6396 ], [ -39.5114, -5.631 ], [ -39.4315, -5.6549 ], [ -39.4517, -5.7379 ], [ -39.327, -5.7854 ], [ -39.1631, -5.7977 ], [ -39.031, -5.4862 ], [ -38.9593, -5.5136 ], [ -38.9072, -5.4521 ], [ -38.9262, -5.4116 ], [ -38.9164, -5.3208 ], [ -38.8115, -5.2241 ], [ -38.7677, -5.2018 ], [ -38.7085, -5.2014 ], [ -38.6779, -5.2282 ], [ -38.7197, -5.2024 ], [ -38.7196, -5.252 ], [ -38.7189, -5.2009 ], [ -38.7659, -5.2011 ], [ -38.8106, -5.2234 ], [ -38.8647, -5.2966 ], [ -38.9158, -5.3203 ], [ -38.924, -5.3386 ], [ -38.9233, -5.4341 ], [ -38.9019, -5.4698 ], [ -38.9098, -5.5956 ], [ -38.8047, -5.7877 ], [ -38.4988, -5.7845 ], [ -38.8044, -5.7877 ], [ -38.9098, -5.5956 ], [ -39.031, -5.4862 ], [ -39.1706, -5.8684 ], [ -39.131, -5.9839 ], [ -39.0607, -5.9979 ], [ -39.0153, -6.0012 ], [ -38.9869, -6.0288 ], [ -38.9077, -6.0852 ], [ -38.9044, -6.1396 ], [ -38.8229, -6.124 ], [ -38.8134, -6.136 ], [ -38.7459, -6.1116 ], [ -38.7109, -6.1104 ], [ -38.7264, -6.2008 ], [ -38.5583, -6.1184 ], [ -38.5197, -6.223 ], [ -38.5272, -6.1934 ], [ -38.5013, -6.1909 ], [ -38.4408, -6.0969 ], [ -38.382, -6.0528 ], [ -38.2526, -6.0431 ], [ -38.2494, -6.0054 ], [ -38.1648, -5.9465 ], [ -38.1249, -5.8876 ], [ -38.1144, -5.8223 ], [ -38.047, -5.7303 ], [ -38.0882, -5.73 ], [ -38.0343, -5.6372 ], [ -37.9326, -5.5031 ] ] ], [ [ [ -39.3521, -5.9526 ], [ -39.345, -6.0102 ], [ -39.2972, -5.9902 ], [ -39.198, -5.9572 ], [ -39.1706, -5.8684 ], [ -39.1631, -5.7977 ], [ -39.3453, -5.8318 ], [ -39.3553, -5.8631 ], [ -39.3521, -5.9526 ] ] ] ] } },
{ "type": "Feature", "properties": { "cod_rgi": "2303", "nome_rgi": "Iguatu" }, "geometry": { "type": "MultiPolygon", "coordinates": [ [ [ [ -39.198, -5.9572 ], [ -39.2972, -5.9902 ], [ -39.345, -6.0102 ], [ -39.5313, -5.9778 ], [ -39.553, -5.8357 ], [ -39.4315, -5.6549 ], [ -39.5114, -5.631 ], [ -39.6376, -5.6396 ], [ -39.6323, -5.6062 ], [ -39.6766, -5.6224 ], [ -39.7751, -5.5909 ], [ -39.9117, -5.6412 ], [ -40.0501, -5.6711 ], [ -40.0093, -5.7746 ], [ -39.9145, -5.9014 ], [ -39.8776, -5.9101 ], [ -39.8351, -5.9763 ], [ -39.9115, -6.0802 ], [ -39.894, -6.1559 ], [ -40.0851, -6.3686 ], [ -40.0286, -6.4382 ], [ -40.0572, -6.6726 ], [ -39.976, -6.669 ], [ -39.8746, -6.6706 ], [ -39.7741, -6.628 ], [ -39.7385, -6.6114 ], [ -39.6661, -6.6374 ], [ -39.6168, -6.7904 ], [ -39.5874, -6.8497 ], [ -39.5711, -6.7945 ], [ -39.5124, -6.778 ], [ -39.4426, -6.7899 ], [ -39.3658, -6.7587 ], [ -39.3367, -6.7251 ], [ -39.3172, -6.604 ], [ -39.3591, -6.5091 ], [ -39.4621, -6.5089 ], [ -39.3591, -6.5091 ], [ -39.2055, -6.4635 ], [ -39.1301, -6.4266 ], [ -39.0532, -6.2964 ], [ -39.281, -6.2115 ], [ -39.3081, -6.1748 ], [ -39.281, -6.2115 ], [ -39.0567, -6.2591 ], [ -38.9869, -6.0288 ], [ -39.0153, -6.0012 ], [ -39.0917, -6.0843 ], [ -39.0607, -5.9979 ], [ -39.131, -5.9839 ], [ -39.198, -5.9572 ] ] ], [ [ [ -38.6355, -6.8046 ], [ -38.7905, -6.773 ], [ -38.8236, -6.7783 ], [ -38.7749, -6.8686 ], [ -38.7851, -6.9052 ], [ -38.6783, -6.8331 ], [ -38.6355, -6.8046 ] ] ], [ [ [ -39.2946, -6.5627 ], [ -39.1298, -6.7103 ], [ -39.0451, -6.696 ], [ -39.0474, -6.676 ], [ -38.9251, -6.6115 ], [ -38.9197, -6.5655 ], [ -38.8771, -6.5818 ], [ -38.8442, -6.6669 ], [ -38.6464, -6.6624 ], [ -38.6553, -6.6305 ], [ -38.6292, -6.6046 ], [ -38.6071, -6.5295 ], [ -38.6105, -6.5323 ], [ -38.6123, -6.5132 ], [ -38.5179, -6.4087 ], [ -38.572, -6.4041 ], [ -38.5795, -6.2796 ], [ -38.5197, -6.223 ], [ -38.7264, -6.2008 ], [ -38.7109, -6.1104 ], [ -38.7459, -6.1116 ], [ -38.8134, -6.136 ], [ -38.8229, -6.124 ], [ -38.9044, -6.1396 ], [ -38.9077, -6.0852 ], [ -39.0567, -6.2591 ], [ -39.0532, -6.2964 ], [ -39.1301, -6.4266 ], [ -39.2055, -6.4635 ], [ -39.2946, -6.5627 ] ] ], [ [ [ -39.4517, -5.7379 ], [ -39.5313, -5.9778 ], [ -39.3521, -5.9526 ], [ -39.3553, -5.8631 ], [ -39.3453, -5.8318 ], [ -39.327, -5.7854 ], [ -39.4517, -5.7379 ] ] ] ] } },
{ "type": "Feature", "properties": { "cod_rgi": "2304", "nome_rgi": "Juazeiro do Norte" }, "geometry": { "type": "MultiPolygon", "coordinates": [ [ [ [ -39.102, -7.328 ], [ -38.8825, -7.4578 ], [ -38.7849, -7.2183 ], [ -38.6878, -7.1902 ], [ -38.6772, -7.0671 ], [ -38.8562, -6.9784 ], [ -38.7423, -6.9743 ], [ -38.7656, -6.9495 ], [ -38.7851, -6.9052 ], [ -38.7749, -6.8686 ], [ -38.9798, -6.8613 ], [ -39.0149, -6.8777 ], [ -39.1618, -6.9989 ], [ -39.1118, -7.0856 ], [ -39.1354, -7.1327 ], [ -39.1118, -7.0856 ], [ -39.1651, -7.0007 ], [ -39.1189, -6.9431 ], [ -39.3952, -6.9235 ], [ -39.578, -7.0194 ], [ -39.5991, -7.0805 ], [ -39.5992, -7.4287 ], [ -39.5716, -7.4298 ], [ -39.5024, -7.4641 ], [ -39.4607, -7.4712 ], [ -39.4197, -7.6044 ], [ -39.3689, -7.4595 ], [ -39.1953, -7.503 ], [ -39.102, -7.328 ] ] ], [ [ [ -40.2402, -6.3926 ], [ -40.257, -6.3752 ], [ -40.3352, -6.4154 ], [ -40.3543, -6.4105 ], [ -40.3915, -6.4747 ], [ -40.4598, -6.5283 ], [ -40.6111, -6.6086 ], [ -40.6694, -6.6151 ], [ -40.6889, -6.5998 ], [ -40.7364, -6.6003 ], [ -40.7102, -6.6761 ], [ -40.6491, -6.6788 ], [ -40.4322, -6.813 ], [ -40.3705, -6.8032 ], [ -40.4302, -6.8678 ], [ -40.4299, -6.9933 ], [ -40.4387, -7.0165 ], [ -40.4897, -7.1187 ], [ -40.5237, -7.3185 ], [ -40.3186, -7.3033 ], [ -40.263, -7.301 ], [ -40.1957, -7.3581 ], [ -40.0765, -7.3828 ], [ -39.8901, -7.3398 ], [ -39.8577, -7.3254 ], [ -39.7361, -7.3284 ], [ -39.6531, -7.3723 ], [ -39.6289, -7.4256 ], [ -39.5992, -7.4287 ], [ -39.5991, -7.2099 ], [ -39.7036, -7.1592 ], [ -39.7563, -7.0589 ], [ -39.7473, -7.0236 ], [ -39.7592, -7.0137 ], [ -39.7372, -7.1048 ], [ -39.6933, -7.1707 ], [ -39.5991, -7.2099 ], [ -39.5991, -7.0805 ], [ -39.578, -7.0194 ], [ -39.3952, -6.9235 ], [ -39.1865, -6.8654 ], [ -39.1298, -6.7103 ], [ -39.2946, -6.5627 ], [ -39.3172, -6.604 ], [ -39.3367, -6.7251 ], [ -39.3658, -6.7587 ], [ -39.4426, -6.7899 ], [ -39.5124, -6.778 ], [ -39.5711, -6.7945 ], [ -39.5874, -6.8497 ], [ -39.6658, -6.7933 ], [ -39.6168, -6.7904 ], [ -39.6661, -6.6374 ], [ -39.7385, -6.6114 ], [ -39.7741, -6.628 ], [ -39.8746, -6.6706 ], [ -39.976, -6.669 ], [ -40.0701, -6.7724 ], [ -40.1473, -6.8309 ], [ -40.0701, -6.7724 ], [ -40.0572, -6.6726 ], [ -40.0286, -6.4382 ], [ -40.2402, -6.3926 ] ] ], [ [ [ -38.8825, -7.4578 ], [ -39.0784, -7.4208 ], [ -39.1953, -7.503 ], [ -39.3689, -7.4595 ], [ -39.3056, -7.6659 ], [ -39.2526, -7.7049 ], [ -39.2083, -7.6895 ], [ -39.1466, -7.7182 ], [ -39.0538, -7.8193 ], [ -39.0264, -7.8246 ], [ -39.0014, -7.8401 ], [ -38.9416, -7.7613 ], [ -38.9161, -7.7585 ], [ -38.8948, -7.7505 ], [ -38.8697, -7.7115 ], [ -38.822, -7.7148 ], [ -38.8197, -7.6648 ], [ -38.7437, -7.6607 ], [ -38.6306, -7.484 ], [ -38.6033, -7.4576 ], [ -38.5953, -7.4115 ], [ -38.5346, -7.2938 ], [ -38.5577, -7.2394 ], [ -38.7848, -7.2246 ], [ -38.8825, -7.4578 ] ] ], [ [ [ -38.9251, -6.6115 ], [ -39.0474, -6.676 ], [ -39.0451, -6.696 ], [ -39.1189, -6.9431 ], [ -39.1068, -6.9637 ], [ -39.0719, -6.9185 ], [ -38.9812, -6.8617 ], [ -38.8112, -6.8469 ], [ -38.8236, -6.7783 ], [ -38.7905, -6.773 ], [ -38.8442, -6.6669 ], [ -38.8771, -6.5818 ], [ -38.9197, -6.5655 ], [ -38.9251, -6.6115 ] ] ] ] } },
{ "type": "Feature", "properties": { "cod_rgi": "2305", "nome_rgi": "Crateús" }, "geometry": { "type": "Polygon", "coordinates": [ [ [ -40.8727, -4.7137 ], [ -40.8885, -4.717 ], [ -40.9549, -4.7163 ], [ -41.2212, -4.5789 ], [ -41.2293, -4.6201 ], [ -41.208, -4.7768 ], [ -41.2281, -4.891 ], [ -41.189, -4.9406 ], [ -41.1375, -4.985 ], [ -41.097, -5.0531 ], [ -40.9825, -5.1535 ], [ -40.922, -5.2265 ], [ -40.9121, -5.3142 ], [ -40.9115, -5.4074 ], [ -40.9011, -5.6159 ], [ -40.9388, -5.6733 ], [ -40.8975, -5.9013 ], [ -40.8802, -5.9177 ], [ -40.8457, -6.135 ], [ -40.8522, -6.2242 ], [ -40.8052, -6.3931 ], [ -40.7906, -6.5187 ], [ -40.7364, -6.6003 ], [ -40.6889, -6.5998 ], [ -40.6694, -6.6151 ], [ -40.6111, -6.6086 ], [ -40.4598, -6.5283 ], [ -40.3915, -6.4747 ], [ -40.3543, -6.4105 ], [ -40.3352, -6.4154 ], [ -40.257, -6.3752 ], [ -40.2402, -6.3926 ], [ -40.0851, -6.3686 ], [ -39.894, -6.1559 ], [ -39.9115, -6.0802 ], [ -39.9423, -6.1044 ], [ -40.0458, -6.0975 ], [ -40.0843, -6.1144 ], [ -40.1489, -6.114 ], [ -40.1837, -6.1422 ], [ -40.2553, -6.1484 ], [ -40.2904, -6.2048 ], [ -40.2347, -6.1338 ], [ -40.1415, -6.1102 ], [ -39.964, -6.1027 ], [ -39.8351, -5.9763 ], [ -39.8776, -5.9101 ], [ -39.9145, -5.9014 ], [ -40.0093, -5.7746 ], [ -40.0715, -5.6746 ], [ -40.0349, -5.5651 ], [ -40.0267, -5.4892 ], [ -40.0681, -5.4255 ], [ -40.0562, -5.3592 ], [ -40.056, -5.2898 ], [ -40.0213, -5.2059 ], [ -40.242, -5.171 ], [ -40.4146, -5.2293 ], [ -40.242, -5.171 ], [ -40.0022, -5.085 ], [ -39.9709, -5.0475 ], [ -39.9684, -4.9405 ], [ -39.8923, -4.8929 ], [ -39.929, -4.7971 ], [ -39.9286, -4.7745 ], [ -39.9249, -4.7353 ], [ -40.1291, -4.8045 ], [ -40.1457, -4.8081 ], [ -40.1793, -4.7884 ], [ -40.3144, -4.7274 ], [ -40.3036, -4.7174 ], [ -40.3402, -4.6597 ], [ -40.5095, -4.5077 ], [ -40.6264, -4.622 ], [ -40.6418, -4.7262 ], [ -40.5425, -4.9152 ], [ -40.6359, -4.9246 ], [ -40.6522, -4.9858 ], [ -40.6359, -4.9246 ], [ -40.5425, -4.9152 ], [ -40.6345, -4.7933 ], [ -40.6418, -4.7262 ], [ -40.6709, -4.7034 ], [ -40.8727, -4.7137 ] ] ] } },
{ "type": "Feature", "properties": { "cod_rgi": "2306", "nome_rgi": "Sobral" }, "geometry": { "type": "Polygon", "coordinates": [ [ [ -39.9089, -3.2741 ], [ -39.8907, -3.226 ], [ -39.8685, -3.1239 ], [ -39.7069, -3.0049 ], [ -39.9427, -2.8582 ], [ -40.455, -2.8042 ], [ -40.5849, -2.8484 ], [ -40.5286, -2.8896 ], [ -40.4325, -2.9419 ], [ -40.5119, -2.954 ], [ -40.4943, -3.0637 ], [ -40.4545, -3.1489 ], [ -40.3873, -3.2718 ], [ -40.3406, -3.3587 ], [ -40.5145, -3.3934 ], [ -40.3406, -3.3587 ], [ -40.3873, -3.2718 ], [ -40.4545, -3.1489 ], [ -40.4943, -3.0637 ], [ -40.5119, -2.954 ], [ -40.5286, -2.8896 ], [ -40.5849, -2.8484 ], [ -40.8631, -2.8559 ], [ -41.0651, -2.9626 ], [ -41.1023, -3.0946 ], [ -41.0651, -2.9626 ], [ -41.3227, -2.9213 ], [ -41.2567, -3.088 ], [ -41.3225, -3.1798 ], [ -41.4235, -3.368 ], [ -41.3267, -3.4931 ], [ -41.2873, -3.4793 ], [ -41.3369, -3.5539 ], [ -41.3449, -3.5887 ], [ -41.3417, -3.6808 ], [ -41.2531, -3.7242 ], [ -41.2541, -3.775 ], [ -41.2769, -3.8256 ], [ -41.2202, -3.9415 ], [ -41.2567, -4.0348 ], [ -41.1432, -4.1242 ], [ -41.0991, -4.1818 ], [ -41.1359, -4.2335 ], [ -41.2084, -4.5488 ], [ -40.9549, -4.7163 ], [ -40.8885, -4.717 ], [ -40.8727, -4.7137 ], [ -40.6709, -4.7034 ], [ -40.6264, -4.622 ], [ -40.5851, -4.4746 ], [ -40.4786, -4.2938 ], [ -40.6093, -4.2077 ], [ -40.3749, -4.0916 ], [ -40.4484, -4.2587 ], [ -40.5851, -4.4746 ], [ -40.5095, -4.5077 ], [ -40.3402, -4.6597 ], [ -40.3036, -4.7174 ], [ -40.3144, -4.7274 ], [ -40.1793, -4.7884 ], [ -40.1291, -4.8045 ], [ -39.9249, -4.7353 ], [ -39.9286, -4.7745 ], [ -39.7909, -4.7535 ], [ -39.741, -4.7207 ], [ -39.7146, -4.6782 ], [ -39.7148, -4.6558 ], [ -39.7212, -4.483 ], [ -39.7554, -4.3998 ], [ -39.7351, -4.3327 ], [ -39.7305, -4.2757 ], [ -39.7905, -4.1947 ], [ -39.7739, -4.1737 ], [ -39.8098, -4.1172 ], [ -39.8533, -4.0786 ], [ -39.8688, -4.0443 ], [ -39.9105, -4.0039 ], [ -40.0073, -3.899 ], [ -39.9761, -3.7778 ], [ -40.0425, -3.5666 ], [ -40.0416, -3.4746 ], [ -39.9977, -3.4101 ], [ -39.9888, -3.3666 ], [ -39.9419, -3.3374 ], [ -40.0042, -3.219 ], [ -39.9354, -3.3161 ], [ -39.9089, -3.2741 ] ], [ [ -40.4648, -3.5217 ], [ -40.7621, -3.5052 ], [ -40.9038, -3.5749 ], [ -40.8679, -3.6422 ], [ -40.8754, -3.7232 ], [ -40.7751, -3.7971 ], [ -40.7658, -3.8645 ], [ -40.6702, -3.8462 ], [ -40.7137, -3.9185 ], [ -40.656, -3.9432 ], [ -40.6551, -4.0089 ], [ -40.7123, -4.1507 ], [ -40.8511, -4.1544 ], [ -40.7122, -4.0619 ], [ -40.8401, -3.9629 ], [ -40.8941, -3.9941 ], [ -40.8401, -3.9629 ], [ -40.6692, -3.9607 ], [ -40.7137, -3.9185 ], [ -40.6702, -3.8462 ], [ -40.7658, -3.8645 ], [ -40.8259, -3.8686 ], [ -40.7751, -3.7971 ], [ -40.8754, -3.7232 ], [ -40.9038, -3.5749 ], [ -40.7621, -3.5052 ], [ -40.4648, -3.5217 ] ] ] } },
{ "type": "Feature", "properties": { "cod_rgi": "2401", "nome_rgi": "Natal" }, "geometry": { "type": "MultiPolygon", "coordinates": [ [ [ [ -35.1174, -6.3338 ], [ -35.2334, -5.9556 ], [ -35.5467, -6.054 ], [ -35.2857, -6.2053 ], [ -35.2722, -6.3702 ], [ -35.2292, -6.4204 ], [ -35.1454, -6.5527 ], [ -35.1122, -6.5079 ], [ -35.1125, -6.5051 ], [ -35.0577, -6.5278 ], [ -35.1174, -6.3338 ] ] ], [ [ [ -35.8348, -5.9471 ], [ -35.9239, -5.7651 ], [ -35.9342, -5.7149 ], [ -35.9417, -5.6688 ], [ -35.9113, -5.6297 ], [ -35.8835, -5.6309 ], [ -35.8685, -5.6054 ], [ -35.7728, -5.6197 ], [ -35.7451, -5.4583 ], [ -35.6972, -5.6656 ], [ -35.5577, -5.7211 ], [ -35.2848, -5.6243 ], [ -35.2836, -5.4926 ], [ -35.5018, -5.4923 ], [ -35.3846, -5.2681 ], [ -35.4891, -5.1584 ], [ -35.7908, -5.077 ], [ -35.8383, -5.2291 ], [ -35.8319, -5.21 ], [ -35.7908, -5.077 ], [ -36.038, -5.0525 ], [ -36.288, -5.125 ], [ -36.2758, -5.2895 ], [ -36.3682, -5.2508 ], [ -36.4399, -5.3699 ], [ -36.4699, -5.5984 ], [ -36.2622, -5.6799 ], [ -36.1797, -5.4775 ], [ -36.0625, -5.6553 ], [ -36.1156, -5.8092 ], [ -36.1178, -5.8591 ], [ -36.1577, -5.8497 ], [ -36.1821, -5.8546 ], [ -36.1968, -5.8831 ], [ -36.2129, -5.8737 ], [ -36.3022, -6.1154 ], [ -36.2568, -6.158 ], [ -36.2234, -6.1405 ], [ -36.1164, -6.1044 ], [ -36.0318, -6.0694 ], [ -35.8348, -5.9471 ] ] ], [ [ [ -35.6972, -5.6656 ], [ -35.7728, -5.6197 ], [ -35.7642, -5.6383 ], [ -35.8724, -5.6066 ], [ -35.9218, -5.6338 ], [ -35.941, -5.6669 ], [ -35.9396, -5.733 ], [ -35.6321, -5.7144 ], [ -35.6972, -5.6656 ] ] ], [ [ [ -35.7215, -6.0746 ], [ -35.5467, -6.054 ], [ -35.2961, -5.9582 ], [ -35.3132, -5.738 ], [ -35.5577, -5.7211 ], [ -35.6679, -5.7943 ], [ -35.6563, -5.718 ], [ -35.7771, -5.7164 ], [ -35.9396, -5.733 ], [ -35.9239, -5.7651 ], [ -35.8498, -5.9154 ], [ -35.7783, -6.0159 ], [ -35.5722, -5.9323 ], [ -35.4875, -5.8297 ], [ -35.5722, -5.9323 ], [ -35.7783, -6.0159 ], [ -35.7215, -6.0746 ] ] ], [ [ [ -35.3394, -6.1854 ], [ -35.4685, -6.2307 ], [ -35.6699, -6.3487 ], [ -35.683, -6.3581 ], [ -35.6716, -6.4152 ], [ -35.6636, -6.4468 ], [ -35.6002, -6.4606 ], [ -35.5814, -6.4841 ], [ -35.5587, -6.4309 ], [ -35.5442, -6.4174 ], [ -35.4474, -6.4144 ], [ -35.4092, -6.3815 ], [ -35.3394, -6.1854 ] ] ], [ [ [ -36.2587, -6.2458 ], [ -36.1538, -6.2998 ], [ -36.0961, -6.4202 ], [ -35.965, -6.3878 ], [ -35.8705, -6.3628 ], [ -35.9865, -6.0983 ], [ -36.1164, -6.1044 ], [ -36.2234, -6.1405 ], [ -36.2568, -6.158 ], [ -36.2587, -6.2458 ] ] ], [ [ [ -35.3096, -6.4031 ], [ -35.2857, -6.2053 ], [ -35.319, -6.191 ], [ -35.3096, -6.4031 ] ] ], [ [ [ -35.6699, -6.3487 ], [ -35.7215, -6.0746 ], [ -35.7783, -6.0159 ], [ -35.8348, -5.9471 ], [ -36.0318, -6.0694 ], [ -35.9865, -6.0983 ], [ -35.8705, -6.3628 ], [ -35.965, -6.3878 ], [ -35.7647, -6.4186 ], [ -35.6699, -6.3487 ] ] ], [ [ [ -35.3413, -6.5386 ], [ -35.3308, -6.5443 ], [ -35.2746, -6.5439 ], [ -35.2754, -6.4809 ], [ -35.2792, -6.4485 ], [ -35.3144, -6.4496 ], [ -35.3413, -6.5386 ] ] ], [ [ [ -35.3413, -6.5386 ], [ -35.3003, -6.4189 ], [ -35.3152, -6.4461 ], [ -35.2781, -6.4493 ], [ -35.2754, -6.4809 ], [ -35.2194, -6.5175 ], [ -35.2292, -6.4204 ], [ -35.3096, -6.4031 ], [ -35.4092, -6.3815 ], [ -35.448, -6.4143 ], [ -35.5176, -6.4063 ], [ -35.5586, -6.4224 ], [ -35.5814, -6.4858 ], [ -35.4427, -6.4794 ], [ -35.3901, -6.4965 ], [ -35.3413, -6.5386 ] ] ] ] } },
{ "type": "Feature", "properties": { "cod_rgi": "2402", "nome_rgi": "Caicó" }, "geometry": { "type": "MultiPolygon", "coordinates": [ [ [ [ -36.6306, -6.2685 ], [ -36.7542, -6.3205 ], [ -36.7199, -6.0953 ], [ -36.7309, -6.0566 ], [ -36.788, -6.0394 ], [ -36.9366, -5.9684 ], [ -36.966, -5.8463 ], [ -36.9774, -5.8136 ], [ -37.0669, -5.9846 ], [ -37.1287, -5.9564 ], [ -37.1267, -6.1569 ], [ -37.1407, -6.181 ], [ -37.1267, -6.1569 ], [ -37.2016, -6.2057 ], [ -37.2747, -6.2814 ], [ -37.3665, -6.3256 ], [ -37.3812, -6.4371 ], [ -37.4647, -6.5327 ], [ -37.4662, -6.66 ], [ -37.4847, -6.71 ], [ -37.2837, -6.6939 ], [ -37.2043, -6.7617 ], [ -37.0754, -6.7541 ], [ -37.2184, -6.6197 ], [ -37.2609, -6.4043 ], [ -37.2184, -6.6197 ], [ -36.9571, -6.7905 ], [ -36.835, -6.7311 ], [ -36.8426, -6.6746 ], [ -36.6691, -6.6103 ], [ -36.8426, -6.6746 ], [ -36.7727, -6.7871 ], [ -36.7302, -6.8364 ], [ -36.7313, -6.7921 ], [ -36.7016, -6.706 ], [ -36.7313, -6.7921 ], [ -36.7186, -6.9827 ], [ -36.5749, -6.8062 ], [ -36.51, -6.8179 ], [ -36.5026, -6.7576 ], [ -36.5207, -6.6106 ], [ -36.4826, -6.5195 ], [ -36.5258, -6.5012 ], [ -36.4998, -6.3582 ], [ -36.3946, -6.294 ], [ -36.2587, -6.2458 ], [ -36.2568, -6.158 ], [ -36.2957, -6.1222 ], [ -36.4117, -6.1042 ], [ -36.4442, -6.0414 ], [ -36.6387, -6.089 ], [ -36.6306, -6.2685 ] ] ], [ [ [ -36.5404, -5.9897 ], [ -36.5474, -6.0563 ], [ -36.4442, -6.0414 ], [ -36.4117, -6.1042 ], [ -36.2957, -6.1222 ], [ -36.2814, -6.044 ], [ -36.2242, -5.9 ], [ -36.3207, -5.8656 ], [ -36.3682, -5.8747 ], [ -36.4148, -5.8584 ], [ -36.4268, -5.9047 ], [ -36.5404, -5.9897 ] ] ], [ [ [ -37.2739, -6.7668 ], [ -37.1289, -6.766 ], [ -37.0754, -6.7541 ], [ -37.2043, -6.7617 ], [ -37.2639, -6.7322 ], [ -37.2739, -6.7668 ] ] ], [ [ [ -36.6387, -6.089 ], [ -36.6661, -6.0911 ], [ -36.7199, -6.0953 ], [ -36.6306, -6.2685 ], [ -36.6387, -6.089 ] ] ] ] } },
{ "type": "Feature", "properties": { "cod_rgi": "2403", "nome_rgi": "Mossoró" }, "geometry": { "type": "MultiPolygon", "coordinates": [ [ [ [ -37.1261, -5.2934 ], [ -37.1768, -5.7237 ], [ -37.4675, -5.7523 ], [ -37.4475, -5.9027 ], [ -37.5931, -5.9819 ], [ -37.6486, -5.9413 ], [ -37.709, -6.177 ], [ -37.5696, -6.1554 ], [ -37.54, -6.1659 ], [ -37.4589, -6.145 ], [ -37.4457, -6.1122 ], [ -37.3544, -6.0865 ], [ -37.2725, -6.0557 ], [ -37.2506, -6.0259 ], [ -37.1287, -5.9564 ], [ -37.0669, -5.9846 ], [ -37.0356, -5.8911 ], [ -36.9774, -5.8136 ], [ -36.966, -5.8463 ], [ -36.9366, -5.9684 ], [ -36.788, -6.0394 ], [ -36.7309, -6.0566 ], [ -36.6661, -6.0911 ], [ -36.6387, -6.089 ], [ -36.5474, -6.0563 ], [ -36.5404, -5.9897 ], [ -36.4268, -5.9047 ], [ -36.4148, -5.8584 ], [ -36.3682, -5.8747 ], [ -36.3207, -5.8656 ], [ -36.2242, -5.9 ], [ -36.18, -5.8535 ], [ -36.1178, -5.8591 ], [ -36.1156, -5.8092 ], [ -36.0625, -5.6553 ], [ -36.1797, -5.4775 ], [ -36.2622, -5.6799 ], [ -36.4699, -5.5984 ], [ -36.4399, -5.3699 ], [ -36.3682, -5.2508 ], [ -36.2758, -5.2895 ], [ -36.288, -5.125 ], [ -36.5018, -5.0616 ], [ -36.7515, -5.0958 ], [ -36.8551, -4.972 ], [ -36.9119, -5.0162 ], [ -36.8551, -4.972 ], [ -37.1474, -4.978 ], [ -37.1528, -5.0765 ], [ -37.1474, -4.978 ], [ -37.2544, -4.8318 ], [ -37.6403, -4.9264 ], [ -37.7251, -5.0706 ], [ -37.7831, -5.2948 ], [ -37.9326, -5.5031 ], [ -38.0343, -5.6372 ], [ -38.0882, -5.73 ], [ -38.047, -5.7303 ], [ -38.0586, -5.7549 ], [ -37.8812, -5.6971 ], [ -37.9169, -5.8527 ], [ -38.0449, -5.9357 ], [ -38.0867, -6.015 ], [ -38.0714, -6.028 ], [ -38.0759, -6.0357 ], [ -38.068, -6.0761 ], [ -38.0088, -6.0964 ], [ -37.981, -6.0756 ], [ -38.0015, -6.214 ], [ -38.0549, -6.161 ], [ -38.0635, -6.2536 ], [ -37.8818, -6.2731 ], [ -37.7766, -6.2459 ], [ -37.7978, -6.2173 ], [ -37.9148, -6.1648 ], [ -37.9252, -6.1434 ], [ -37.9148, -6.1648 ], [ -37.7978, -6.2173 ], [ -37.864, -6.104 ], [ -37.8324, -6.0822 ], [ -37.8615, -6.0309 ], [ -37.8972, -6.0079 ], [ -37.789, -6.0909 ], [ -37.766, -5.9927 ], [ -37.7739, -5.9601 ], [ -37.7735, -5.9999 ], [ -37.7008, -6.0506 ], [ -37.6724, -6.0479 ], [ -37.6486, -5.9413 ], [ -37.5931, -5.9819 ], [ -37.4475, -5.9027 ], [ -37.4675, -5.7523 ], [ -37.3824, -5.4782 ], [ -37.1728, -5.4905 ], [ -37.1261, -5.2934 ], [ -36.9281, -5.2938 ], [ -36.9721, -5.1317 ], [ -36.7744, -5.1731 ], [ -36.9281, -5.2938 ], [ -37.1261, -5.2934 ] ] ], [ [ [ -38.1036, -6.3563 ], [ -38.1256, -6.3672 ], [ -38.0917, -6.4153 ], [ -38.0709, -6.4639 ], [ -37.9554, -6.3982 ], [ -37.9454, -6.4226 ], [ -37.8862, -6.397 ], [ -37.8598, -6.3749 ], [ -37.8432, -6.3331 ], [ -37.7714, -6.2731 ], [ -37.8818, -6.2731 ], [ -38.0635, -6.2536 ], [ -38.1036, -6.3563 ] ] ], [ [ [ -37.709, -6.177 ], [ -37.6724, -6.0479 ], [ -37.7003, -6.0502 ], [ -37.7479, -6.0084 ], [ -37.7722, -6.0018 ], [ -37.7795, -6.0145 ], [ -37.7774, -6.0678 ], [ -37.8065, -6.0996 ], [ -37.8107, -6.1681 ], [ -37.7766, -6.2459 ], [ -37.7756, -6.2313 ], [ -37.7492, -6.1938 ], [ -37.709, -6.177 ] ] ], [ [ [ -38.5704, -6.293 ], [ -38.4814, -6.3044 ], [ -38.4565, -6.3292 ], [ -38.3998, -6.2867 ], [ -38.3579, -6.2178 ], [ -38.365, -6.1729 ], [ -38.4123, -6.1776 ], [ -38.4577, -6.108 ], [ -38.5272, -6.1934 ], [ -38.5197, -6.223 ], [ -38.5795, -6.2796 ], [ -38.5704, -6.293 ] ] ], [ [ [ -38.0088, -6.0964 ], [ -38.068, -6.0761 ], [ -38.0759, -6.0357 ], [ -38.0714, -6.028 ], [ -38.1921, -6.0418 ], [ -38.2155, -6.0241 ], [ -38.2522, -6.0102 ], [ -38.2526, -6.0431 ], [ -38.2491, -6.1638 ], [ -38.2668, -6.1842 ], [ -38.2491, -6.2493 ], [ -38.2253, -6.357 ], [ -38.2527, -6.4184 ], [ -38.229, -6.4833 ], [ -38.1875, -6.4992 ], [ -38.1479, -6.4915 ], [ -38.0709, -6.4639 ], [ -38.0917, -6.4153 ], [ -38.1256, -6.3672 ], [ -38.1036, -6.3563 ], [ -38.0635, -6.2536 ], [ -38.0549, -6.161 ], [ -38.0088, -6.0964 ] ] ], [ [ [ -38.2253, -6.357 ], [ -38.3579, -6.2176 ], [ -38.4087, -6.2935 ], [ -38.4886, -6.3616 ], [ -38.4862, -6.3988 ], [ -38.4521, -6.3925 ], [ -38.3737, -6.4558 ], [ -38.2887, -6.5056 ], [ -38.229, -6.4833 ], [ -38.2867, -6.3918 ], [ -38.2527, -6.4184 ], [ -38.2253, -6.357 ] ] ], [ [ [ -37.864, -6.104 ], [ -37.8104, -6.1147 ], [ -37.789, -6.0909 ], [ -37.8458, -6.0569 ], [ -37.8324, -6.0822 ], [ -37.864, -6.104 ] ] ], [ [ [ -38.1249, -5.8876 ], [ -38.0043, -5.8569 ], [ -38.0586, -5.7549 ], [ -38.1144, -5.8223 ], [ -38.1249, -5.8876 ] ] ], [ [ [ -38.0867, -6.015 ], [ -38.0449, -5.9357 ], [ -38.0043, -5.8569 ], [ -38.0867, -6.015 ] ] ], [ [ [ -37.3824, -5.4782 ], [ -37.4675, -5.7523 ], [ -37.1768, -5.7237 ], [ -37.1728, -5.4905 ], [ -37.3824, -5.4782 ] ] ] ] } },
{ "type": "Feature", "properties": { "cod_rgi": "2501", "nome_rgi": "João Pessoa" }, "geometry": { "type": "MultiPolygon", "coordinates": [ [ [ [ -35.4797, -6.9903 ], [ -35.5654, -6.8865 ], [ -35.5878, -6.8393 ], [ -35.6501, -6.91 ], [ -35.5827, -6.9196 ], [ -35.5237, -7.0317 ], [ -35.5193, -6.9859 ], [ -35.4797, -6.9903 ] ] ], [ [ [ -34.9108, -7.4107 ], [ -35.0557, -7.2672 ], [ -34.8641, -7.0593 ], [ -34.8896, -7.0923 ], [ -34.8641, -7.0593 ], [ -34.9016, -6.8654 ], [ -35.1772, -6.9292 ], [ -35.2669, -6.8471 ], [ -35.2635, -6.9561 ], [ -35.2483, -7.0512 ], [ -35.2878, -7.109 ], [ -35.2816, -7.1884 ], [ -35.3339, -7.1799 ], [ -35.2379, -7.2114 ], [ -35.1431, -7.141 ], [ -35.1512, -7.2132 ], [ -35.1935, -7.3111 ], [ -35.2203, -7.3001 ], [ -35.1907, -7.3979 ], [ -34.9854, -7.462 ], [ -34.9786, -7.4416 ], [ -34.8859, -7.4598 ], [ -34.9108, -7.4107 ] ] ], [ [ [ -35.2635, -6.9561 ], [ -35.2669, -6.8471 ], [ -35.1655, -6.8517 ], [ -35.3505, -6.7746 ], [ -35.5309, -6.8804 ], [ -35.3431, -6.9424 ], [ -35.2635, -6.9561 ] ] ], [ [ [ -35.6501, -6.91 ], [ -35.5878, -6.8393 ], [ -35.6795, -6.8274 ], [ -35.8102, -6.8636 ], [ -35.6501, -6.91 ] ] ], [ [ [ -35.6368, -6.4544 ], [ -35.8531, -6.4876 ], [ -35.8682, -6.5458 ], [ -35.7548, -6.6263 ], [ -35.7807, -6.6913 ], [ -35.6795, -6.8274 ], [ -35.6368, -6.8007 ], [ -35.6765, -6.7272 ], [ -35.6442, -6.775 ], [ -35.5216, -6.7585 ], [ -35.5471, -6.7156 ], [ -35.6534, -6.4918 ], [ -35.6368, -6.4544 ] ] ], [ [ [ -35.5471, -6.7156 ], [ -35.4873, -6.7753 ], [ -35.4985, -6.7325 ], [ -35.526, -6.6447 ], [ -35.5471, -6.7156 ] ] ], [ [ [ -34.9786, -7.4416 ], [ -34.9608, -7.5388 ], [ -34.9327, -7.5285 ], [ -34.8859, -7.4598 ], [ -34.9786, -7.4416 ] ] ], [ [ [ -35.7548, -6.6263 ], [ -35.8682, -6.5458 ], [ -35.7807, -6.6913 ], [ -35.7548, -6.6263 ] ] ], [ [ [ -35.4046, -6.5262 ], [ -35.4161, -6.6744 ], [ -35.399, -6.7113 ], [ -35.2573, -6.6685 ], [ -35.2314, -6.7617 ], [ -35.1655, -6.8517 ], [ -35.1772, -6.9292 ], [ -35.1246, -6.8958 ], [ -34.9507, -6.7653 ], [ -34.9319, -6.7209 ], [ -35.0373, -6.6697 ], [ -35.0577, -6.5278 ], [ -35.1125, -6.5051 ], [ -35.1122, -6.5079 ], [ -35.1454, -6.5527 ], [ -35.2194, -6.5175 ], [ -35.2746, -6.5439 ], [ -35.334, -6.5433 ], [ -35.3645, -6.512 ], [ -35.4078, -6.4896 ], [ -35.4046, -6.5262 ] ] ], [ [ [ -35.2483, -7.0512 ], [ -35.4522, -7.0739 ], [ -35.5146, -7.0625 ], [ -35.5003, -7.0949 ], [ -35.5477, -7.1581 ], [ -35.4007, -7.3171 ], [ -35.5155, -7.2052 ], [ -35.5655, -7.3028 ], [ -35.4949, -7.4839 ], [ -35.3511, -7.4403 ], [ -35.2203, -7.3001 ], [ -35.2425, -7.2398 ], [ -35.3339, -7.1799 ], [ -35.2878, -7.109 ], [ -35.2483, -7.0512 ] ] ], [ [ [ -35.5646, -7.1886 ], [ -35.5477, -7.1581 ], [ -35.6245, -7.1329 ], [ -35.5646, -7.1886 ] ] ], [ [ [ -35.4797, -6.9903 ], [ -35.524, -6.9918 ], [ -35.4912, -7.0668 ], [ -35.4522, -7.0739 ], [ -35.3431, -6.9424 ], [ -35.4797, -6.9903 ] ] ], [ [ [ -35.6023, -7.5531 ], [ -35.5915, -7.6119 ], [ -35.6244, -7.6085 ], [ -35.6527, -7.6443 ], [ -35.5151, -7.6432 ], [ -35.5379, -7.5842 ], [ -35.6023, -7.5531 ] ] ], [ [ [ -35.5654, -6.8865 ], [ -35.5309, -6.8804 ], [ -35.5804, -6.8223 ], [ -35.5654, -6.8865 ] ] ], [ [ [ -35.4873, -6.7753 ], [ -35.5216, -6.7585 ], [ -35.5804, -6.8223 ], [ -35.3745, -6.7564 ], [ -35.4753, -6.7407 ], [ -35.4873, -6.7753 ] ] ], [ [ [ -35.1512, -7.2132 ], [ -35.2425, -7.2398 ], [ -35.1935, -7.3111 ], [ -35.1512, -7.2132 ] ] ], [ [ [ -35.426, -6.514 ], [ -35.4417, -6.4825 ], [ -35.5253, -6.4761 ], [ -35.5617, -6.4926 ], [ -35.6002, -6.4606 ], [ -35.6368, -6.4544 ], [ -35.6534, -6.4918 ], [ -35.526, -6.6447 ], [ -35.426, -6.514 ] ] ] ] } },
{ "type": "Feature", "properties": { "cod_rgi": "2502", "nome_rgi": "Campina Grande" }, "geometry": { "type": "MultiPolygon", "coordinates": [ [ [ [ -35.5237, -7.0317 ], [ -35.6618, -7.0348 ], [ -35.6805, -7.1488 ], [ -35.5003, -7.0949 ], [ -35.5146, -7.0625 ], [ -35.4912, -7.0668 ], [ -35.5002, -7.027 ], [ -35.5237, -7.0317 ] ] ], [ [ [ -35.8314, -7.0291 ], [ -35.5827, -6.9196 ], [ -35.6562, -6.9106 ], [ -35.6801, -6.8911 ], [ -35.7272, -6.8947 ], [ -35.8494, -6.8557 ], [ -35.9519, -6.8904 ], [ -35.9792, -6.9847 ], [ -35.9572, -7.0169 ], [ -35.904, -7.0393 ], [ -35.9176, -7.0771 ], [ -35.9866, -7.161 ], [ -36.0338, -7.1739 ], [ -36.1707, -7.2018 ], [ -36.3261, -7.1888 ], [ -36.3308, -7.3075 ], [ -36.3261, -7.1888 ], [ -36.205, -7.0678 ], [ -36.1707, -7.2018 ], [ -36.0338, -7.1739 ], [ -35.9792, -6.9847 ], [ -35.9519, -6.8904 ], [ -35.8494, -6.8557 ], [ -35.949, -6.6985 ], [ -36.1064, -6.6681 ], [ -36.2991, -6.9317 ], [ -36.4767, -6.9942 ], [ -36.7256, -7.0039 ], [ -36.7513, -7.08 ], [ -36.8101, -7.1504 ], [ -37.0346, -7.1899 ], [ -37.0149, -7.2507 ], [ -37.0532, -7.3795 ], [ -36.9842, -7.4823 ], [ -36.7378, -7.4527 ], [ -36.9842, -7.4823 ], [ -37.0862, -7.5178 ], [ -37.096, -7.5726 ], [ -37.086, -7.596 ], [ -37.0763, -7.6129 ], [ -37.0255, -7.6341 ], [ -37.0252, -7.7179 ], [ -36.9345, -7.8737 ], [ -36.9691, -8.0606 ], [ -37.0384, -8.044 ], [ -37.1183, -8.1754 ], [ -37.0674, -8.2301 ], [ -37.0433, -8.2646 ], [ -36.9449, -8.2753 ], [ -36.7501, -8.1757 ], [ -36.687, -8.1557 ], [ -36.6939, -8.1408 ], [ -36.6286, -8.1111 ], [ -36.6279, -8.0557 ], [ -36.5726, -7.936 ], [ -36.7641, -7.7288 ], [ -36.5789, -7.7179 ], [ -36.5887, -7.6359 ], [ -36.4948, -7.6327 ], [ -36.4433, -7.6538 ], [ -36.4948, -7.6327 ], [ -36.5887, -7.6359 ], [ -36.5789, -7.7179 ], [ -36.7641, -7.7288 ], [ -36.5726, -7.936 ], [ -36.4801, -7.9248 ], [ -36.428, -7.8196 ], [ -36.24, -7.8177 ], [ -36.2166, -7.7641 ], [ -36.1268, -7.7842 ], [ -36.198, -7.6455 ], [ -36.1167, -7.5529 ], [ -36.0492, -7.4829 ], [ -36.0213, -7.444 ], [ -35.9986, -7.4128 ], [ -36.1286, -7.3587 ], [ -35.986, -7.3674 ], [ -35.9986, -7.4128 ], [ -36.0213, -7.444 ], [ -35.9211, -7.514 ], [ -35.8363, -7.4901 ], [ -35.8249, -7.4603 ], [ -35.8406, -7.3858 ], [ -35.7041, -7.2602 ], [ -35.6805, -7.1488 ], [ -35.888, -7.1568 ], [ -35.6618, -7.0348 ], [ -35.8314, -7.0291 ] ] ], [ [ [ -35.9599, -7.6527 ], [ -35.8099, -7.6431 ], [ -35.9599, -7.6527 ], [ -36.0109, -7.7582 ], [ -35.9044, -7.7922 ], [ -35.6527, -7.6443 ], [ -35.6244, -7.6085 ], [ -35.6907, -7.6429 ], [ -35.7336, -7.63 ], [ -35.8249, -7.4603 ], [ -35.8363, -7.4901 ], [ -35.9211, -7.514 ], [ -36.0492, -7.4829 ], [ -36.1167, -7.5529 ], [ -36.198, -7.6455 ], [ -36.1268, -7.7842 ], [ -36.0109, -7.7582 ], [ -35.9599, -7.6527 ] ] ], [ [ [ -35.904, -7.0393 ], [ -35.9572, -7.0169 ], [ -35.9176, -7.0771 ], [ -35.904, -7.0393 ] ] ], [ [ [ -35.6023, -7.5531 ], [ -35.619, -7.3353 ], [ -35.7027, -7.3381 ], [ -35.7478, -7.4746 ], [ -35.7707, -7.4817 ], [ -35.8249, -7.4603 ], [ -35.7336, -7.63 ], [ -35.6907, -7.6429 ], [ -35.6523, -7.6128 ], [ -35.5915, -7.6119 ], [ -35.6023, -7.5531 ] ] ], [ [ [ -36.266, -6.6992 ], [ -36.2265, -6.434 ], [ -36.2498, -6.4374 ], [ -36.2512, -6.4044 ], [ -36.3946, -6.294 ], [ -36.4998, -6.3582 ], [ -36.5258, -6.5012 ], [ -36.4826, -6.5195 ], [ -36.5026, -6.7576 ], [ -36.51, -6.8179 ], [ -36.3825, -6.8864 ], [ -36.2991, -6.9317 ], [ -36.2614, -6.8455 ], [ -36.266, -6.6992 ], [ -36.2817, -6.6782 ], [ -36.266, -6.6992 ] ] ], [ [ [ -36.2431, -6.6419 ], [ -36.1396, -6.6798 ], [ -36.0007, -6.6185 ], [ -35.949, -6.6985 ], [ -35.8531, -6.4876 ], [ -36.1745, -6.4308 ], [ -36.2431, -6.6419 ] ] ], [ [ [ -35.7451, -7.3423 ], [ -35.8406, -7.3858 ], [ -35.7707, -7.4817 ], [ -35.757, -7.4764 ], [ -35.7027, -7.3381 ], [ -35.7451, -7.3423 ] ] ], [ [ [ -35.5155, -7.2052 ], [ -35.5646, -7.1886 ], [ -35.6079, -7.1687 ], [ -35.6717, -7.2078 ], [ -35.7041, -7.2602 ], [ -35.7451, -7.3423 ], [ -35.619, -7.3353 ], [ -35.5655, -7.3028 ], [ -35.5155, -7.2052 ] ] ], [ [ [ -36.8666, -7.0118 ], [ -36.8045, -7.0308 ], [ -36.7256, -7.0039 ], [ -36.7186, -6.9827 ], [ -36.76, -6.9145 ], [ -36.8666, -7.0118 ] ] ], [ [ [ -37.0252, -7.7179 ], [ -37.2437, -7.819 ], [ -37.2472, -7.8468 ], [ -37.3222, -7.9105 ], [ -37.308, -7.915 ], [ -37.2196, -7.9728 ], [ -37.2079, -7.9519 ], [ -37.0685, -8.0337 ], [ -36.9691, -8.0606 ], [ -36.9345, -7.8737 ], [ -37.0252, -7.7179 ] ] ], [ [ [ -37.161, -7.698 ], [ -37.0858, -7.6414 ], [ -37.0862, -7.5178 ], [ -37.1636, -7.5747 ], [ -37.1967, -7.6296 ], [ -37.161, -7.698 ] ] ], [ [ [ -37.161, -7.698 ], [ -37.1389, -7.7455 ], [ -37.0255, -7.6341 ], [ -37.086, -7.596 ], [ -37.161, -7.698 ] ] ] ] } },
{ "type": "Feature", "properties": { "cod_rgi": "2503", "nome_rgi": "Patos" }, "geometry": { "type": "MultiPolygon", "coordinates": [ [ [ [ -37.7277, -7.4322 ], [ -37.7205, -7.3848 ], [ -37.8043, -7.3987 ], [ -37.9213, -7.4758 ], [ -37.9848, -7.5388 ], [ -37.9566, -7.6387 ], [ -37.7569, -7.6665 ], [ -37.7076, -7.5717 ], [ -37.6595, -7.5231 ], [ -37.487, -7.3951 ], [ -37.3857, -7.3567 ], [ -37.3977, -7.308 ], [ -37.5667, -7.315 ], [ -37.5978, -7.3325 ], [ -37.6808, -7.3236 ], [ -37.7402, -7.3661 ], [ -37.7069, -7.3855 ], [ -37.7041, -7.3736 ], [ -37.7273, -7.3942 ], [ -37.7277, -7.4322 ] ] ], [ [ [ -38.3357, -7.0643 ], [ -38.2843, -7.1295 ], [ -38.2958, -7.1568 ], [ -38.3184, -7.1599 ], [ -38.3525, -7.2347 ], [ -38.4152, -7.3435 ], [ -38.3687, -7.3188 ], [ -38.4806, -7.382 ], [ -38.5494, -7.335 ], [ -38.5953, -7.4115 ], [ -38.6033, -7.4576 ], [ -38.6306, -7.484 ], [ -38.5999, -7.6038 ], [ -38.5936, -7.7543 ], [ -38.5005, -7.7515 ], [ -38.4504, -7.6685 ], [ -38.4095, -7.7305 ], [ -38.3208, -7.698 ], [ -38.3168, -7.7646 ], [ -38.2995, -7.764 ], [ -38.1642, -7.7799 ], [ -38.1153, -7.7396 ], [ -38.0396, -7.7481 ], [ -37.8943, -7.7136 ], [ -37.9566, -7.6387 ], [ -38.0467, -7.5147 ], [ -38.2319, -7.5271 ], [ -38.0353, -7.4996 ], [ -38.0818, -7.3869 ], [ -38.141, -7.397 ], [ -38.1193, -7.4119 ], [ -38.0951, -7.4772 ], [ -38.1193, -7.4119 ], [ -38.141, -7.397 ], [ -38.0805, -7.376 ], [ -37.9541, -7.5013 ], [ -37.8555, -7.434 ], [ -37.8655, -7.3451 ], [ -37.8585, -7.4323 ], [ -37.7841, -7.3903 ], [ -37.7663, -7.4005 ], [ -37.7205, -7.3848 ], [ -37.7402, -7.3661 ], [ -37.5843, -7.332 ], [ -37.5703, -7.3171 ], [ -37.4947, -7.2309 ], [ -37.4719, -7.1973 ], [ -37.3224, -7.2146 ], [ -37.3344, -7.2282 ], [ -37.3045, -7.2519 ], [ -37.314, -7.2894 ], [ -37.2342, -7.2739 ], [ -37.1653, -7.3366 ], [ -37.0532, -7.3795 ], [ -37.0149, -7.2507 ], [ -37.0776, -7.234 ], [ -37.0906, -7.1872 ], [ -37.0831, -7.0727 ], [ -37.0069, -7.0525 ], [ -36.8666, -7.0118 ], [ -36.76, -6.9145 ], [ -36.7302, -6.8364 ], [ -36.7727, -6.7871 ], [ -36.835, -6.7311 ], [ -36.9553, -6.818 ], [ -37.1289, -6.766 ], [ -37.2126, -6.9064 ], [ -37.485, -6.9129 ], [ -37.5196, -7.0005 ], [ -37.6345, -6.9941 ], [ -37.6766, -7.015 ], [ -37.8216, -7.0192 ], [ -37.8243, -7.1184 ], [ -37.8216, -7.0192 ], [ -37.8715, -7.0189 ], [ -38.0064, -6.9443 ], [ -38.09, -7.0128 ], [ -38.2044, -7.0106 ], [ -38.3357, -7.0643 ] ] ], [ [ [ -37.3544, -6.0865 ], [ -37.4457, -6.1122 ], [ -37.4589, -6.145 ], [ -37.54, -6.1659 ], [ -37.5696, -6.1554 ], [ -37.624, -6.2476 ], [ -37.4846, -6.2438 ], [ -37.6, -6.3882 ], [ -37.3888, -6.391 ], [ -37.3665, -6.3256 ], [ -37.2747, -6.2814 ], [ -37.342, -6.1687 ], [ -37.2016, -6.2057 ], [ -37.2506, -6.0259 ], [ -37.2725, -6.0557 ], [ -37.3544, -6.0865 ] ] ], [ [ [ -37.9554, -6.3982 ], [ -38.026, -6.528 ], [ -37.9665, -6.614 ], [ -38.0119, -6.6754 ], [ -37.9832, -6.6969 ], [ -37.9975, -6.8729 ], [ -38.0146, -6.8847 ], [ -38.0064, -6.9443 ], [ -37.8706, -7.0189 ], [ -37.6733, -7.0139 ], [ -37.6773, -6.9704 ], [ -37.6947, -6.9599 ], [ -37.6965, -6.9444 ], [ -37.6674, -7.0088 ], [ -37.6269, -6.9933 ], [ -37.5196, -7.0005 ], [ -37.485, -6.9129 ], [ -37.2126, -6.9064 ], [ -37.2739, -6.7668 ], [ -37.2639, -6.7322 ], [ -37.2837, -6.6939 ], [ -37.5186, -6.7124 ], [ -37.6573, -6.7227 ], [ -37.6227, -6.7801 ], [ -37.6573, -6.7227 ], [ -37.4847, -6.71 ], [ -37.4662, -6.66 ], [ -37.4647, -6.5327 ], [ -37.3812, -6.4371 ], [ -37.3888, -6.391 ], [ -37.7339, -6.3909 ], [ -37.6491, -6.547 ], [ -37.5745, -6.5508 ], [ -37.6491, -6.547 ], [ -37.6976, -6.5464 ], [ -37.7339, -6.3909 ], [ -37.6, -6.3882 ], [ -37.624, -6.2476 ], [ -37.7492, -6.1938 ], [ -37.7756, -6.2313 ], [ -37.7766, -6.2459 ], [ -37.7714, -6.2731 ], [ -37.8432, -6.3331 ], [ -37.8183, -6.4483 ], [ -37.8432, -6.3331 ], [ -37.8598, -6.3749 ], [ -37.8862, -6.397 ], [ -37.9454, -6.4226 ], [ -37.9554, -6.3982 ] ] ], [ [ [ -37.0776, -7.234 ], [ -37.0149, -7.2507 ], [ -37.0346, -7.1899 ], [ -37.0069, -7.0525 ], [ -37.0831, -7.0727 ], [ -37.0906, -7.1872 ], [ -37.0776, -7.234 ] ] ], [ [ [ -37.3224, -7.2146 ], [ -37.4719, -7.1973 ], [ -37.409, -7.2675 ], [ -37.3224, -7.2146 ] ] ], [ [ [ -37.409, -7.2675 ], [ -37.381, -7.295 ], [ -37.3985, -7.3152 ], [ -37.3857, -7.3567 ], [ -37.3495, -7.337 ], [ -37.357, -7.321 ], [ -37.3326, -7.2897 ], [ -37.314, -7.2894 ], [ -37.306, -7.2622 ], [ -37.3344, -7.2282 ], [ -37.409, -7.2675 ] ] ], [ [ [ -36.7513, -7.08 ], [ -36.8045, -7.0308 ], [ -36.8101, -7.1504 ], [ -36.7513, -7.08 ] ] ] ] } },
{ "type": "Feature", "properties": { "cod_rgi": "2504", "nome_rgi": "Sousa - Cajazeiras" }, "geometry": { "type": "MultiPolygon", "coordinates": [ [ [ [ -38.2887, -6.5056 ], [ -38.3737, -6.4558 ], [ -38.4521, -6.3925 ], [ -38.4678, -6.5315 ], [ -38.4929, -6.5724 ], [ -38.6123, -6.5132 ], [ -38.6105, -6.5323 ], [ -38.6071, -6.5295 ], [ -38.6292, -6.6046 ], [ -38.495, -6.786 ], [ -38.4232, -6.8096 ], [ -38.322, -7.0185 ], [ -38.254, -6.9947 ], [ -38.3248, -6.8755 ], [ -38.2904, -6.7674 ], [ -38.3248, -6.8755 ], [ -38.2718, -6.8872 ], [ -38.254, -6.9947 ], [ -38.2044, -7.0106 ], [ -38.09, -7.0128 ], [ -38.0064, -6.9443 ], [ -38.0146, -6.8847 ], [ -37.9975, -6.8729 ], [ -37.9832, -6.6969 ], [ -38.0694, -6.6731 ], [ -38.1551, -6.5749 ], [ -38.1479, -6.4915 ], [ -38.1875, -6.4992 ], [ -38.2887, -6.5056 ] ] ], [ [ [ -38.5678, -6.7909 ], [ -38.6355, -6.8046 ], [ -38.6783, -6.8331 ], [ -38.6478, -6.8777 ], [ -38.5678, -6.7909 ] ] ], [ [ [ -38.4035, -7.2486 ], [ -38.4065, -7.2076 ], [ -38.4123, -7.1912 ], [ -38.4422, -7.1981 ], [ -38.4557, -7.1832 ], [ -38.5551, -7.1726 ], [ -38.6442, -7.1838 ], [ -38.6219, -7.1936 ], [ -38.5577, -7.2394 ], [ -38.531, -7.231 ], [ -38.5346, -7.2938 ], [ -38.5494, -7.335 ], [ -38.4806, -7.382 ], [ -38.4152, -7.3435 ], [ -38.4035, -7.2486 ] ] ], [ [ [ -38.6478, -6.8777 ], [ -38.7656, -6.9495 ], [ -38.7423, -6.9743 ], [ -38.5899, -7.0554 ], [ -38.5037, -6.9898 ], [ -38.4232, -6.8096 ], [ -38.5678, -6.7909 ], [ -38.6478, -6.8777 ] ] ], [ [ [ -38.322, -7.0185 ], [ -38.5037, -6.9898 ], [ -38.5899, -7.0554 ], [ -38.6772, -7.0671 ], [ -38.6878, -7.1902 ], [ -38.5238, -7.1699 ], [ -38.5186, -7.1827 ], [ -38.4053, -7.2003 ], [ -38.3847, -7.1666 ], [ -38.2958, -7.1568 ], [ -38.2843, -7.1295 ], [ -38.3357, -7.0643 ], [ -38.322, -7.0185 ] ] ], [ [ [ -38.5179, -6.4087 ], [ -38.4862, -6.3988 ], [ -38.572, -6.4041 ], [ -38.5179, -6.4087 ] ] ], [ [ [ -38.026, -6.528 ], [ -38.1551, -6.5749 ], [ -38.1078, -6.6044 ], [ -37.9665, -6.614 ], [ -38.026, -6.528 ] ] ], [ [ [ -38.495, -6.786 ], [ -38.6553, -6.6305 ], [ -38.6464, -6.6624 ], [ -38.495, -6.786 ] ] ], [ [ [ -37.9665, -6.614 ], [ -38.1078, -6.6044 ], [ -38.0694, -6.6731 ], [ -38.0119, -6.6754 ], [ -37.9665, -6.614 ] ] ], [ [ [ -38.4035, -7.2486 ], [ -38.3525, -7.2347 ], [ -38.3184, -7.1599 ], [ -38.3445, -7.1551 ], [ -38.3938, -7.1791 ], [ -38.4035, -7.2486 ] ] ] ] } },
{ "type": "Feature", "properties": { "cod_rgi": "2601", "nome_rgi": "Recife" }, "geometry": { "type": "MultiPolygon", "coordinates": [ [ [ [ -35.0286, -7.9343 ], [ -35.0981, -7.9729 ], [ -35.2236, -8.0208 ], [ -35.1958, -8.0795 ], [ -35.0551, -8.0673 ], [ -34.9565, -8.1379 ], [ -34.8278, -7.9591 ], [ -34.8894, -7.8047 ], [ -34.8074, -7.6241 ], [ -34.9327, -7.5285 ], [ -34.9608, -7.5388 ], [ -34.9854, -7.462 ], [ -35.1907, -7.3979 ], [ -35.255, -7.5441 ], [ -35.2729, -7.5913 ], [ -35.2595, -7.6756 ], [ -35.2522, -7.8087 ], [ -35.146, -7.8267 ], [ -35.1326, -7.6588 ], [ -34.962, -7.7083 ], [ -35.0914, -7.7405 ], [ -35.146, -7.8267 ], [ -35.2595, -7.6756 ], [ -35.2729, -7.5913 ], [ -35.3074, -7.6122 ], [ -35.4501, -7.6027 ], [ -35.4128, -7.7405 ], [ -35.4191, -7.7213 ], [ -35.6939, -7.9 ], [ -35.514, -7.9386 ], [ -35.6542, -7.9443 ], [ -35.6095, -8.0132 ], [ -35.6647, -8.0471 ], [ -35.6498, -8.1053 ], [ -35.5108, -8.0576 ], [ -35.4625, -8.0938 ], [ -35.4296, -8.0812 ], [ -35.4793, -8.1045 ], [ -35.4389, -8.127 ], [ -35.449, -8.1699 ], [ -35.4301, -8.1648 ], [ -35.3673, -8.2748 ], [ -35.2691, -8.2961 ], [ -35.1517, -8.2792 ], [ -35.0244, -8.3636 ], [ -34.9565, -8.1379 ], [ -35.0551, -8.0673 ], [ -35.1958, -8.0795 ], [ -35.2236, -8.0208 ], [ -35.3554, -7.8906 ], [ -35.4152, -7.9239 ], [ -35.3554, -7.8906 ], [ -35.0981, -7.9729 ], [ -35.0286, -7.9343 ] ] ], [ [ [ -35.3416, -8.725 ], [ -35.2644, -8.6307 ], [ -35.2807, -8.5608 ], [ -35.2477, -8.6535 ], [ -35.1825, -8.5858 ], [ -35.0244, -8.3636 ], [ -35.1401, -8.3099 ], [ -35.1517, -8.2792 ], [ -35.2691, -8.2961 ], [ -35.3673, -8.2748 ], [ -35.4665, -8.2611 ], [ -35.5093, -8.3112 ], [ -35.5277, -8.2972 ], [ -35.5287, -8.3153 ], [ -35.5784, -8.4311 ], [ -35.5658, -8.4148 ], [ -35.5566, -8.4777 ], [ -35.5245, -8.5054 ], [ -35.5018, -8.4763 ], [ -35.406, -8.4378 ], [ -35.3646, -8.409 ], [ -35.3127, -8.42 ], [ -35.3646, -8.409 ], [ -35.406, -8.4378 ], [ -35.5018, -8.4763 ], [ -35.5245, -8.5054 ], [ -35.5708, -8.6298 ], [ -35.6413, -8.5349 ], [ -35.7224, -8.579 ], [ -35.754, -8.5821 ], [ -35.7595, -8.6734 ], [ -35.821, -8.709 ], [ -35.845, -8.8725 ], [ -35.776, -8.8585 ], [ -35.4958, -8.8283 ], [ -35.4558, -8.841 ], [ -35.3954, -8.8177 ], [ -35.3614, -8.8065 ], [ -35.3416, -8.725 ] ] ], [ [ [ -35.2236, -8.7537 ], [ -35.2471, -8.7761 ], [ -35.3954, -8.8177 ], [ -35.4075, -8.8424 ], [ -35.2528, -8.8872 ], [ -35.2236, -8.7537 ] ] ], [ [ [ -35.8008, -8.5466 ], [ -35.8556, -8.5389 ], [ -35.8073, -8.6499 ], [ -35.7595, -8.6734 ], [ -35.8136, -8.5849 ], [ -35.8008, -8.5466 ] ] ], [ [ [ -35.7899, -7.7404 ], [ -35.8459, -7.8087 ], [ -35.805, -7.9736 ], [ -35.6542, -7.9443 ], [ -35.6939, -7.9 ], [ -35.7058, -7.7756 ], [ -35.7899, -7.7404 ] ] ], [ [ [ -35.2603, -7.4203 ], [ -35.3511, -7.4403 ], [ -35.5379, -7.5842 ], [ -35.5151, -7.6432 ], [ -35.4457, -7.6927 ], [ -35.4501, -7.6027 ], [ -35.3074, -7.6122 ], [ -35.255, -7.5441 ], [ -35.2603, -7.4203 ] ] ], [ [ [ -35.2644, -8.6307 ], [ -35.3416, -8.725 ], [ -35.3614, -8.8065 ], [ -35.2236, -8.7537 ], [ -35.1825, -8.5858 ], [ -35.2477, -8.6535 ], [ -35.2644, -8.6307 ] ] ], [ [ [ -35.8611, -8.7513 ], [ -35.9506, -8.8923 ], [ -35.845, -8.8725 ], [ -35.8611, -8.7513 ] ] ] ] } },
{ "type": "Feature", "properties": { "cod_rgi": "2602", "nome_rgi": "Caruaru" }, "geometry": { "type": "MultiPolygon", "coordinates": [ [ [ [ -35.9011, -8.5144 ], [ -35.9189, -8.56 ], [ -36.1817, -8.6648 ], [ -36.2167, -8.7933 ], [ -36.2186, -8.7138 ], [ -36.2388, -8.7621 ], [ -36.2995, -8.8334 ], [ -36.361, -8.798 ], [ -36.4007, -8.7777 ], [ -36.4445, -8.8009 ], [ -36.5401, -8.7838 ], [ -36.7022, -8.7239 ], [ -36.6872, -8.6302 ], [ -36.5086, -8.4539 ], [ -36.5107, -8.4021 ], [ -36.4659, -8.3883 ], [ -36.5107, -8.4021 ], [ -36.5086, -8.4539 ], [ -36.6872, -8.6302 ], [ -36.7022, -8.7239 ], [ -36.5401, -8.7838 ], [ -36.4007, -8.7777 ], [ -36.4482, -8.6578 ], [ -36.4662, -8.6646 ], [ -36.4872, -8.7039 ], [ -36.4662, -8.6646 ], [ -36.3319, -8.6147 ], [ -36.1681, -8.5463 ], [ -35.966, -8.5494 ], [ -36.0089, -8.3618 ], [ -36.0632, -8.3837 ], [ -36.1807, -8.0711 ], [ -36.0252, -7.8242 ], [ -36.2166, -7.7641 ], [ -36.24, -7.8177 ], [ -36.428, -7.8196 ], [ -36.4801, -7.9248 ], [ -36.6279, -8.0557 ], [ -36.6286, -8.1111 ], [ -36.689, -8.1378 ], [ -36.6173, -8.1547 ], [ -36.606, -8.2124 ], [ -36.612, -8.1632 ], [ -36.689, -8.1378 ], [ -36.687, -8.1557 ], [ -36.7501, -8.1757 ], [ -36.9484, -8.3966 ], [ -36.8823, -8.4361 ], [ -36.9009, -8.4398 ], [ -36.9484, -8.3966 ], [ -36.9449, -8.2753 ], [ -37.0433, -8.2646 ], [ -37.0674, -8.2301 ], [ -37.1183, -8.1754 ], [ -37.2079, -7.9519 ], [ -37.2196, -7.9728 ], [ -37.469, -7.9424 ], [ -37.5319, -7.9716 ], [ -37.5613, -7.9916 ], [ -37.5835, -7.8754 ], [ -37.7837, -8.031 ], [ -37.8114, -8.081 ], [ -37.8512, -8.2617 ], [ -37.8941, -8.3928 ], [ -37.8014, -8.3729 ], [ -37.7851, -8.3834 ], [ -37.6912, -8.3955 ], [ -37.7877, -8.4135 ], [ -37.8822, -8.6692 ], [ -37.8529, -8.595 ], [ -37.932, -8.6176 ], [ -38.0247, -8.6523 ], [ -38.0065, -8.6801 ], [ -38.0055, -8.9628 ], [ -37.9781, -9.0197 ], [ -37.8649, -8.9595 ], [ -37.8243, -8.8914 ], [ -37.7019, -8.9922 ], [ -37.6616, -8.9872 ], [ -37.6008, -8.9761 ], [ -37.4903, -8.9659 ], [ -37.4938, -9.0007 ], [ -37.3175, -9.0924 ], [ -37.2343, -9.2402 ], [ -37.1983, -9.2155 ], [ -37.1593, -9.0613 ], [ -37.1106, -9.0026 ], [ -37.1012, -8.9603 ], [ -37.0855, -8.9392 ], [ -37.0782, -8.8668 ], [ -37.0965, -8.9714 ], [ -37.047, -8.921 ], [ -36.9931, -8.8966 ], [ -36.9015, -8.9091 ], [ -36.9884, -8.8973 ], [ -37.0742, -8.9434 ], [ -37.1556, -9.0536 ], [ -37.1607, -9.1402 ], [ -37.1983, -9.2155 ], [ -37.0576, -9.3175 ], [ -37.0243, -9.3157 ], [ -37.0034, -9.3526 ], [ -36.7618, -9.2715 ], [ -36.5718, -9.2926 ], [ -36.4872, -9.2402 ], [ -36.437, -9.2121 ], [ -36.4198, -9.2296 ], [ -36.3539, -9.2012 ], [ -36.3098, -9.1724 ], [ -36.2624, -9.1713 ], [ -36.2365, -9.1035 ], [ -36.1992, -9.0488 ], [ -36.3665, -9.0186 ], [ -36.6005, -9.0334 ], [ -36.6884, -9.0204 ], [ -36.7068, -9.1136 ], [ -36.6571, -9.1279 ], [ -36.7032, -9.1157 ], [ -36.6884, -9.0204 ], [ -36.711, -9.0256 ], [ -36.7504, -9.0881 ], [ -36.7845, -9.1132 ], [ -36.705, -9.0211 ], [ -36.6371, -9.0208 ], [ -36.6005, -9.0334 ], [ -36.3665, -9.0186 ], [ -36.3776, -8.9892 ], [ -36.1992, -9.0488 ], [ -36.1043, -8.9989 ], [ -36.1268, -8.9813 ], [ -36.0333, -8.9084 ], [ -35.9506, -8.8923 ], [ -35.8611, -8.7513 ], [ -35.821, -8.709 ], [ -35.8073, -8.6499 ], [ -35.8556, -8.5389 ], [ -35.8008, -8.5466 ], [ -35.8136, -8.5849 ], [ -35.754, -8.5821 ], [ -35.7224, -8.579 ], [ -35.6413, -8.5349 ], [ -35.5566, -8.4777 ], [ -35.5658, -8.4148 ], [ -35.5784, -8.4311 ], [ -35.5476, -8.3558 ], [ -35.6999, -8.3729 ], [ -35.7193, -8.3881 ], [ -35.7419, -8.4363 ], [ -35.7193, -8.3881 ], [ -35.6965, -8.3702 ], [ -35.628, -8.3743 ], [ -35.5493, -8.3516 ], [ -35.5287, -8.3153 ], [ -35.5277, -8.2972 ], [ -35.5093, -8.3112 ], [ -35.4665, -8.2611 ], [ -35.4301, -8.1648 ], [ -35.449, -8.1699 ], [ -35.4389, -8.127 ], [ -35.4793, -8.1045 ], [ -35.4625, -8.0938 ], [ -35.5108, -8.0576 ], [ -35.6303, -8.1041 ], [ -35.8358, -8.1144 ], [ -35.8902, -8.3511 ], [ -35.8358, -8.1144 ], [ -35.6498, -8.1053 ], [ -35.6647, -8.0471 ], [ -35.6095, -8.0132 ], [ -35.6542, -7.9443 ], [ -35.9143, -8.0028 ], [ -36.0054, -7.9763 ], [ -36.0821, -8.0222 ], [ -36.1807, -8.0711 ], [ -36.0632, -8.3837 ], [ -36.0089, -8.3618 ], [ -35.966, -8.5494 ], [ -35.9189, -8.56 ], [ -35.9011, -8.5144 ] ] ], [ [ [ -36.3717, -8.7439 ], [ -36.2995, -8.8334 ], [ -36.2494, -8.7869 ], [ -36.3824, -8.6353 ], [ -36.3717, -8.7439 ] ] ], [ [ [ -36.1681, -8.5463 ], [ -36.3319, -8.6147 ], [ -36.3825, -8.635 ], [ -36.2494, -8.7869 ], [ -36.2186, -8.7138 ], [ -36.1681, -8.5463 ] ] ], [ [ [ -36.4482, -8.6578 ], [ -36.3937, -8.7786 ], [ -36.361, -8.798 ], [ -36.3717, -8.7439 ], [ -36.3825, -8.635 ], [ -36.4482, -8.6578 ] ] ] ] } },
{ "type": "Feature", "properties": { "cod_rgi": "2603", "nome_rgi": "Serra Talhada" }, "geometry": { "type": "MultiPolygon", "coordinates": [ [ [ [ -37.6121, -7.8501 ], [ -37.5219, -7.7533 ], [ -37.6199, -7.5259 ], [ -37.6595, -7.5231 ], [ -37.7076, -7.5717 ], [ -37.7457, -7.6093 ], [ -37.7569, -7.6665 ], [ -37.8943, -7.7136 ], [ -37.8794, -7.7809 ], [ -38.0829, -7.937 ], [ -38.1201, -7.819 ], [ -38.1642, -7.7799 ], [ -38.2995, -7.764 ], [ -38.3168, -7.7646 ], [ -38.3208, -7.698 ], [ -38.4095, -7.7305 ], [ -38.5005, -7.7515 ], [ -38.5936, -7.7543 ], [ -38.7437, -7.6607 ], [ -38.8197, -7.6648 ], [ -38.9396, -7.7588 ], [ -38.9638, -7.8569 ], [ -38.8905, -7.964 ], [ -38.8705, -8.0454 ], [ -38.9373, -8.1249 ], [ -38.8769, -8.2129 ], [ -38.8125, -8.2352 ], [ -38.9112, -8.3305 ], [ -38.8886, -8.3476 ], [ -38.834, -8.5077 ], [ -38.6528, -8.5995 ], [ -38.629, -8.6211 ], [ -38.6392, -8.6312 ], [ -38.6596, -8.8923 ], [ -38.6936, -8.9187 ], [ -38.6038, -8.8806 ], [ -38.5124, -8.8306 ], [ -38.4793, -8.9017 ], [ -38.484, -9.001 ], [ -38.3483, -8.9931 ], [ -38.3259, -9.078 ], [ -38.2876, -9.1739 ], [ -38.2875, -9.2171 ], [ -38.2376, -9.3298 ], [ -38.1736, -9.2851 ], [ -38.1439, -9.2182 ], [ -38.0923, -9.1727 ], [ -38.1989, -9.1522 ], [ -38.0661, -9.1742 ], [ -37.991, -9.1554 ], [ -37.8391, -8.9784 ], [ -37.8649, -8.9595 ], [ -37.9781, -9.0197 ], [ -38.0055, -8.9628 ], [ -38.0068, -8.6766 ], [ -38.0247, -8.6523 ], [ -38.2361, -8.8555 ], [ -38.0731, -8.68 ], [ -38.0398, -8.6589 ], [ -37.9528, -8.6521 ], [ -37.932, -8.6176 ], [ -37.8529, -8.595 ], [ -37.7851, -8.3834 ], [ -37.8014, -8.3729 ], [ -37.8941, -8.3928 ], [ -37.8512, -8.2617 ], [ -37.8114, -8.081 ], [ -37.7837, -8.031 ], [ -37.6165, -7.8959 ], [ -37.6121, -7.8501 ] ] ], [ [ [ -37.3326, -7.2897 ], [ -37.357, -7.321 ], [ -37.3515, -7.3385 ], [ -37.4127, -7.3619 ], [ -37.4288, -7.3526 ], [ -37.4266, -7.3675 ], [ -37.498, -7.3668 ], [ -37.487, -7.3951 ], [ -37.6199, -7.5259 ], [ -37.4332, -7.5454 ], [ -37.4272, -7.6324 ], [ -37.4951, -7.6809 ], [ -37.5248, -7.7656 ], [ -37.6121, -7.8501 ], [ -37.6165, -7.8959 ], [ -37.5835, -7.8754 ], [ -37.5613, -7.9916 ], [ -37.5319, -7.9716 ], [ -37.469, -7.9424 ], [ -37.308, -7.915 ], [ -37.3222, -7.9105 ], [ -37.2472, -7.8468 ], [ -37.2437, -7.819 ], [ -37.1389, -7.7455 ], [ -37.1973, -7.6454 ], [ -37.179, -7.5971 ], [ -37.1215, -7.5361 ], [ -37.0262, -7.4973 ], [ -36.9842, -7.4823 ], [ -37.1653, -7.3366 ], [ -37.2342, -7.2739 ], [ -37.2607, -7.2742 ], [ -37.3326, -7.2897 ] ] ], [ [ [ -38.0396, -7.7481 ], [ -38.1201, -7.819 ], [ -38.0829, -7.937 ], [ -38.0396, -7.7481 ] ] ] ] } },
{ "type": "Feature", "properties": { "cod_rgi": "2604", "nome_rgi": "Petrolina" }, "geometry": { "type": "MultiPolygon", "coordinates": [ [ [ [ -40.87, -8.3585 ], [ -40.9785, -8.3987 ], [ -41.0074, -8.4209 ], [ -41.0789, -8.4725 ], [ -41.1687, -8.5831 ], [ -41.2123, -8.6018 ], [ -41.2874, -8.6608 ], [ -41.2815, -8.7361 ], [ -41.1128, -8.704 ], [ -41.1018, -8.782 ], [ -40.9791, -8.8234 ], [ -40.8516, -8.9525 ], [ -40.6945, -9.2335 ], [ -40.7564, -9.315 ], [ -40.7373, -9.3369 ], [ -40.765, -9.4132 ], [ -40.7768, -9.4545 ], [ -40.4678, -9.4206 ], [ -40.4237, -9.3535 ], [ -40.2862, -9.1856 ], [ -40.0656, -9.0631 ], [ -39.8744, -8.9367 ], [ -39.893, -8.8288 ], [ -39.676, -8.7883 ], [ -39.692, -8.6642 ], [ -39.646, -8.6597 ], [ -39.6646, -8.419 ], [ -39.646, -8.6597 ], [ -39.6066, -8.656 ], [ -39.4761, -8.5928 ], [ -39.3798, -8.5328 ], [ -39.2864, -8.5638 ], [ -39.2419, -8.6363 ], [ -39.181, -8.7063 ], [ -39.1687, -8.6915 ], [ -39.0376, -8.7347 ], [ -38.8435, -8.6956 ], [ -38.6528, -8.5995 ], [ -38.834, -8.5077 ], [ -38.8886, -8.3476 ], [ -38.9112, -8.3305 ], [ -38.9283, -8.3565 ], [ -38.8125, -8.2352 ], [ -38.8769, -8.2129 ], [ -38.9373, -8.1249 ], [ -38.9666, -8.091 ], [ -38.8705, -8.0454 ], [ -38.8905, -7.964 ], [ -39.0014, -7.8401 ], [ -39.0264, -7.8246 ], [ -39.0538, -7.8193 ], [ -39.1026, -7.771 ], [ -39.2083, -7.6895 ], [ -39.2526, -7.7049 ], [ -39.2664, -7.6648 ], [ -39.3056, -7.6659 ], [ -39.4197, -7.6044 ], [ -39.4607, -7.4712 ], [ -39.5024, -7.4641 ], [ -39.5459, -7.4839 ], [ -39.5716, -7.4298 ], [ -39.6289, -7.4256 ], [ -39.6457, -7.3809 ], [ -39.6975, -7.3422 ], [ -39.7604, -7.3263 ], [ -39.9046, -7.3383 ], [ -40.0573, -7.3815 ], [ -40.1571, -7.3715 ], [ -40.1957, -7.3581 ], [ -40.263, -7.301 ], [ -40.3186, -7.3033 ], [ -40.5237, -7.3185 ], [ -40.5415, -7.3323 ], [ -40.5485, -7.3927 ], [ -40.7012, -7.4564 ], [ -40.7153, -7.488 ], [ -40.622, -7.6514 ], [ -40.5475, -7.8275 ], [ -40.5757, -8.0305 ], [ -40.4285, -8.0697 ], [ -40.3541, -8.0872 ], [ -40.2606, -8.0555 ], [ -40.3541, -8.0872 ], [ -40.4285, -8.0697 ], [ -40.5897, -8.1388 ], [ -40.7073, -8.2235 ], [ -40.8195, -8.3219 ], [ -40.8287, -8.3738 ], [ -40.87, -8.3585 ] ], [ [ -40.3655, -8.4324 ], [ -40.2899, -8.499 ], [ -40.1966, -8.5126 ], [ -40.1661, -8.5729 ], [ -40.2899, -8.499 ], [ -40.3655, -8.4324 ] ] ], [ [ [ -38.8435, -8.6956 ], [ -38.8567, -8.7783 ], [ -38.8041, -8.7892 ], [ -38.7087, -8.8602 ], [ -38.6936, -8.9187 ], [ -38.6596, -8.8923 ], [ -38.6392, -8.6312 ], [ -38.629, -8.6211 ], [ -38.8435, -8.6956 ] ] ] ] } },
{ "type": "Feature", "properties": { "cod_rgi": "2701", "nome_rgi": "Maceió" }, "geometry": { "type": "MultiPolygon", "coordinates": [ [ [ [ -36.3707, -9.6979 ], [ -36.3431, -9.7132 ], [ -36.3324, -9.7125 ], [ -36.2466, -9.7324 ], [ -36.0751, -9.6737 ], [ -35.9501, -9.8452 ], [ -35.9028, -9.8701 ], [ -35.7826, -9.6962 ], [ -35.7979, -9.6801 ], [ -35.7696, -9.6352 ], [ -35.7937, -9.6003 ], [ -35.8261, -9.6401 ], [ -35.8677, -9.6266 ], [ -35.9288, -9.3745 ], [ -36.2282, -9.5149 ], [ -36.2187, -9.5641 ], [ -36.1916, -9.5999 ], [ -36.2644, -9.5956 ], [ -36.2539, -9.6239 ], [ -36.3512, -9.6072 ], [ -36.3508, -9.5924 ], [ -36.3921, -9.6029 ], [ -36.3707, -9.6979 ] ] ], [ [ [ -35.6768, -9.3984 ], [ -35.4638, -9.3477 ], [ -35.5137, -9.3077 ], [ -35.6877, -9.3708 ], [ -35.6768, -9.3984 ] ] ], [ [ [ -35.8886, -9.1383 ], [ -35.8346, -8.9843 ], [ -36.1268, -8.9813 ], [ -36.1043, -8.9989 ], [ -36.1423, -9.0629 ], [ -36.093, -9.0738 ], [ -36.1423, -9.0629 ], [ -36.2365, -9.1035 ], [ -36.2624, -9.1713 ], [ -36.1806, -9.2133 ], [ -36.2111, -9.453 ], [ -35.9288, -9.3745 ], [ -35.8677, -9.6266 ], [ -35.7696, -9.3896 ], [ -35.5137, -9.3077 ], [ -35.6292, -9.0922 ], [ -35.6827, -9.0293 ], [ -35.5621, -9.0625 ], [ -35.5214, -9.0095 ], [ -35.5521, -8.9052 ], [ -35.776, -8.8585 ], [ -35.8346, -8.9843 ], [ -35.8886, -9.1383 ] ] ], [ [ [ -36.36, -9.769 ], [ -36.394, -9.7741 ], [ -36.394, -9.7928 ], [ -36.3043, -10.0311 ], [ -36.4536, -10.0384 ], [ -36.455, -10.0323 ], [ -36.4977, -10.0931 ], [ -36.4914, -10.0711 ], [ -36.6579, -10.0342 ], [ -36.7138, -10.0435 ], [ -36.7714, -10.1255 ], [ -36.8473, -10.1763 ], [ -36.7472, -10.231 ], [ -36.5105, -10.4214 ], [ -36.5222, -10.4331 ], [ -36.4874, -10.4229 ], [ -36.4882, -10.3824 ], [ -36.417, -10.3289 ], [ -36.3568, -10.2204 ], [ -36.3615, -10.1552 ], [ -36.3568, -10.2204 ], [ -36.2722, -10.2751 ], [ -35.9623, -9.9413 ], [ -35.9028, -9.8701 ], [ -35.9501, -9.8452 ], [ -36.0751, -9.6737 ], [ -36.2466, -9.7324 ], [ -36.1855, -9.7951 ], [ -36.3324, -9.7125 ], [ -36.36, -9.769 ] ] ], [ [ [ -36.3098, -9.1724 ], [ -36.3539, -9.2012 ], [ -36.3399, -9.2867 ], [ -36.3621, -9.3829 ], [ -36.3742, -9.3745 ], [ -36.3894, -9.4254 ], [ -36.3394, -9.4646 ], [ -36.2606, -9.5206 ], [ -36.2111, -9.453 ], [ -36.1806, -9.2133 ], [ -36.3098, -9.1724 ] ] ], [ [ [ -35.4075, -8.8424 ], [ -35.4558, -8.841 ], [ -35.4958, -8.8283 ], [ -35.5214, -9.0095 ], [ -35.5621, -9.0625 ], [ -35.5008, -9.0811 ], [ -35.6827, -9.0293 ], [ -35.6292, -9.0922 ], [ -35.555, -9.1913 ], [ -35.4638, -9.3477 ], [ -35.326, -9.1203 ], [ -35.3419, -8.8746 ], [ -35.4075, -8.8424 ] ] ], [ [ [ -35.7696, -9.3896 ], [ -35.8159, -9.5771 ], [ -35.7693, -9.6364 ], [ -35.7517, -9.6761 ], [ -35.5244, -9.4417 ], [ -35.6768, -9.3984 ], [ -35.6877, -9.3708 ], [ -35.7696, -9.3896 ] ] ], [ [ [ -36.451, -9.5053 ], [ -36.3394, -9.4646 ], [ -36.4684, -9.4855 ], [ -36.451, -9.5053 ] ] ], [ [ [ -36.417, -10.3289 ], [ -36.4882, -10.3824 ], [ -36.4874, -10.4229 ], [ -36.417, -10.3289 ] ] ], [ [ [ -36.8473, -10.1763 ], [ -36.77, -10.1241 ], [ -36.8217, -10.0746 ], [ -36.8689, -10.0471 ], [ -36.8473, -10.1763 ] ] ] ] } },
{ "type": "Feature", "properties": { "cod_rgi": "2702", "nome_rgi": "Arapiraca" }, "geometry": { "type": "MultiPolygon", "coordinates": [ [ [ [ -37.9543, -9.1095 ], [ -37.9794, -9.1484 ], [ -38.011, -9.156 ], [ -37.9714, -9.2134 ], [ -37.9839, -9.1786 ], [ -38.0208, -9.1552 ], [ -38.0923, -9.1727 ], [ -38.1439, -9.2182 ], [ -38.1564, -9.2491 ], [ -38.0072, -9.3385 ], [ -37.8765, -9.413 ], [ -37.8208, -9.3358 ], [ -37.7771, -9.3174 ], [ -37.771, -9.293 ], [ -37.9543, -9.1095 ] ] ], [ [ [ -36.7559, -9.7053 ], [ -36.6908, -9.8041 ], [ -36.5415, -9.8818 ], [ -36.5486, -9.8089 ], [ -36.5519, -9.7714 ], [ -36.5486, -9.8089 ], [ -36.4973, -9.8657 ], [ -36.469, -9.9731 ], [ -36.4796, -9.9614 ], [ -36.4847, -10.0265 ], [ -36.4536, -10.0384 ], [ -36.3043, -10.0311 ], [ -36.394, -9.7928 ], [ -36.394, -9.7741 ], [ -36.36, -9.769 ], [ -36.3431, -9.7132 ], [ -36.3707, -9.6979 ], [ -36.5361, -9.6631 ], [ -36.6899, -9.6346 ], [ -36.7559, -9.7053 ] ] ], [ [ [ -37.3098, -9.8037 ], [ -37.2355, -9.896 ], [ -37.0497, -9.9866 ], [ -36.8689, -10.0471 ], [ -36.7518, -9.8873 ], [ -36.6731, -9.9376 ], [ -36.6579, -10.0342 ], [ -36.4914, -10.0711 ], [ -36.455, -10.0323 ], [ -36.471, -9.939 ], [ -36.4977, -9.9008 ], [ -36.5415, -9.8818 ], [ -36.6908, -9.8041 ], [ -36.7559, -9.7053 ], [ -36.7762, -9.7288 ], [ -36.9983, -9.7631 ], [ -37.0027, -9.6305 ], [ -37.1598, -9.6023 ], [ -37.2554, -9.5813 ], [ -37.2498, -9.6323 ], [ -37.3031, -9.636 ], [ -37.3136, -9.5531 ], [ -37.4453, -9.4766 ], [ -37.6563, -9.4084 ], [ -37.6376, -9.6037 ], [ -37.5782, -9.7364 ], [ -37.428, -9.7589 ], [ -37.3098, -9.8037 ] ] ], [ [ [ -36.4684, -9.4855 ], [ -36.3894, -9.4254 ], [ -36.3742, -9.3745 ], [ -36.3621, -9.3829 ], [ -36.3399, -9.2867 ], [ -36.4198, -9.2296 ], [ -36.437, -9.2121 ], [ -36.4872, -9.2402 ], [ -36.5718, -9.2926 ], [ -36.6997, -9.293 ], [ -36.7213, -9.4684 ], [ -36.641, -9.5018 ], [ -36.7937, -9.4855 ], [ -36.8315, -9.5519 ], [ -36.7762, -9.7288 ], [ -36.7368, -9.6742 ], [ -36.6899, -9.6346 ], [ -36.5361, -9.6631 ], [ -36.5321, -9.5321 ], [ -36.3921, -9.6029 ], [ -36.3508, -9.5924 ], [ -36.3791, -9.5685 ], [ -36.3865, -9.5096 ], [ -36.451, -9.5053 ], [ -36.4684, -9.4855 ] ] ], [ [ [ -36.8458, -9.4422 ], [ -36.7937, -9.4855 ], [ -36.7213, -9.4684 ], [ -36.6997, -9.293 ], [ -36.7618, -9.2715 ], [ -37.0034, -9.3526 ], [ -37.0243, -9.3157 ], [ -37.0576, -9.3175 ], [ -37.2698, -9.4535 ], [ -37.3731, -9.5248 ], [ -37.3136, -9.5531 ], [ -37.305, -9.5359 ], [ -37.2554, -9.5813 ], [ -37.1032, -9.4563 ], [ -37.0386, -9.4168 ], [ -37.1032, -9.4563 ], [ -37.1598, -9.6023 ], [ -37.0027, -9.6305 ], [ -36.8315, -9.5519 ], [ -36.8458, -9.4422 ] ] ], [ [ [ -37.5301, -8.9631 ], [ -37.6008, -8.9761 ], [ -37.6616, -8.9872 ], [ -37.7019, -8.9922 ], [ -37.8243, -8.8914 ], [ -37.8391, -8.9784 ], [ -37.9543, -9.1095 ], [ -37.8423, -9.2225 ], [ -37.6549, -9.4088 ], [ -37.5864, -9.2938 ], [ -37.5948, -9.2909 ], [ -37.5278, -9.2583 ], [ -37.4352, -9.1828 ], [ -37.4219, -9.1607 ], [ -37.4204, -9.0777 ], [ -37.4008, -9.0522 ], [ -37.4938, -9.0007 ], [ -37.4903, -8.9659 ], [ -37.5301, -8.9631 ] ] ], [ [ [ -37.2698, -9.4535 ], [ -37.5189, -9.3102 ], [ -37.5859, -9.2961 ], [ -37.6549, -9.4088 ], [ -37.4453, -9.4766 ], [ -37.3731, -9.5248 ], [ -37.3109, -9.4673 ], [ -37.2698, -9.4535 ] ] ], [ [ [ -37.8765, -9.413 ], [ -38.1564, -9.2494 ], [ -38.177, -9.2887 ], [ -38.2376, -9.3298 ], [ -38.1945, -9.3849 ], [ -38.2048, -9.4187 ], [ -38.1549, -9.4434 ], [ -38.0678, -9.4585 ], [ -38.0109, -9.4787 ], [ -37.8941, -9.5395 ], [ -37.8765, -9.413 ] ] ], [ [ [ -37.2343, -9.2402 ], [ -37.4008, -9.0522 ], [ -37.4205, -9.0856 ], [ -37.4221, -9.1615 ], [ -37.4653, -9.2089 ], [ -37.2957, -9.1891 ], [ -37.4756, -9.211 ], [ -37.5859, -9.2961 ], [ -37.5189, -9.3102 ], [ -37.2157, -9.3117 ], [ -37.1983, -9.2155 ], [ -37.2343, -9.2402 ] ] ], [ [ [ -36.3865, -9.5096 ], [ -36.3794, -9.5723 ], [ -36.3469, -9.594 ], [ -36.3512, -9.6072 ], [ -36.2539, -9.6239 ], [ -36.2644, -9.5956 ], [ -36.1916, -9.5999 ], [ -36.2187, -9.5641 ], [ -36.2282, -9.5149 ], [ -36.2606, -9.5206 ], [ -36.3865, -9.5096 ] ] ], [ [ [ -37.771, -9.293 ], [ -37.7796, -9.3251 ], [ -37.834, -9.3525 ], [ -37.8918, -9.4338 ], [ -37.8941, -9.5395 ], [ -37.8422, -9.5794 ], [ -37.7852, -9.6386 ], [ -37.7118, -9.6313 ], [ -37.6376, -9.6037 ], [ -37.6563, -9.4084 ], [ -37.7282, -9.3339 ], [ -37.771, -9.293 ] ] ], [ [ [ -36.77, -10.1241 ], [ -36.7144, -10.0538 ], [ -36.8202, -10.0023 ], [ -36.8217, -10.0746 ], [ -36.77, -10.1241 ] ] ] ] } },
{ "type": "Feature", "properties": { "cod_rgi": "2801", "nome_rgi": "Aracaju" }, "geometry": { "type": "MultiPolygon", "coordinates": [ [ [ [ -36.7472, -10.231 ], [ -36.8143, -10.2189 ], [ -36.9539, -10.0716 ], [ -37.062, -10.0615 ], [ -37.065, -10.1364 ], [ -37.1522, -10.1653 ], [ -37.1543, -10.1874 ], [ -37.1509, -10.2296 ], [ -37.1382, -10.2751 ], [ -37.1347, -10.3592 ], [ -37.2083, -10.4022 ], [ -37.3324, -10.4314 ], [ -37.2905, -10.467 ], [ -37.3493, -10.4916 ], [ -37.2632, -10.5773 ], [ -37.2078, -10.7261 ], [ -37.1614, -10.7514 ], [ -37.0526, -10.7042 ], [ -37.03, -10.8861 ], [ -36.8694, -10.7371 ], [ -36.9175, -10.6862 ], [ -36.9508, -10.7136 ], [ -37.0111, -10.6409 ], [ -36.9032, -10.4033 ], [ -36.8485, -10.2403 ], [ -37.0111, -10.6409 ], [ -36.9175, -10.6862 ], [ -36.9235, -10.6769 ], [ -36.6737, -10.6288 ], [ -36.4994, -10.513 ], [ -36.6001, -10.4968 ], [ -36.563, -10.4197 ], [ -36.7472, -10.231 ] ] ], [ [ [ -37.1034, -10.8766 ], [ -37.2079, -10.8758 ], [ -37.4035, -10.8446 ], [ -37.5036, -10.9011 ], [ -37.4382, -11.087 ], [ -37.459, -11.1463 ], [ -37.5469, -11.1668 ], [ -37.531, -10.9962 ], [ -37.5652, -11.0401 ], [ -37.6224, -11.0675 ], [ -37.6467, -11.1262 ], [ -37.7069, -11.1756 ], [ -37.8764, -11.1866 ], [ -37.9048, -11.222 ], [ -37.9813, -11.3873 ], [ -37.8994, -11.4379 ], [ -37.8679, -11.4263 ], [ -37.8484, -11.4432 ], [ -37.8331, -11.483 ], [ -37.6921, -11.3081 ], [ -37.6831, -11.3163 ], [ -37.6024, -11.3889 ], [ -37.508, -11.4147 ], [ -37.6024, -11.3889 ], [ -37.6921, -11.3081 ], [ -37.676, -11.4758 ], [ -37.5688, -11.5399 ], [ -37.33, -11.4451 ], [ -37.1524, -11.1627 ], [ -37.1664, -11.1054 ], [ -37.1524, -11.1627 ], [ -37.0339, -10.8701 ], [ -37.1034, -10.8766 ] ] ], [ [ [ -37.676, -11.4758 ], [ -37.8331, -11.483 ], [ -37.7311, -11.5375 ], [ -37.7004, -11.5623 ], [ -37.676, -11.4758 ] ] ], [ [ [ -37.1723, -10.3118 ], [ -37.2615, -10.2377 ], [ -37.293, -10.2557 ], [ -37.2083, -10.4022 ], [ -37.1347, -10.3592 ], [ -37.1723, -10.3118 ] ] ], [ [ [ -36.6001, -10.4968 ], [ -36.5222, -10.4331 ], [ -36.5105, -10.4214 ], [ -36.563, -10.4197 ], [ -36.6001, -10.4968 ] ] ], [ [ [ -37.1614, -10.7514 ], [ -37.2079, -10.8758 ], [ -37.1034, -10.8766 ], [ -37.0339, -10.8701 ], [ -37.1614, -10.7514 ] ] ], [ [ [ -37.2078, -10.7261 ], [ -37.2244, -10.7058 ], [ -37.2596, -10.7026 ], [ -37.2456, -10.7784 ], [ -37.1614, -10.7514 ], [ -37.2078, -10.7261 ] ] ] ] } },
{ "type": "Feature", "properties": { "cod_rgi": "2802", "nome_rgi": "Itabaiana" }, "geometry": { "type": "MultiPolygon", "coordinates": [ [ [ [ -37.2456, -10.7784 ], [ -37.3363, -10.7218 ], [ -37.3617, -10.7385 ], [ -37.4035, -10.8446 ], [ -37.2456, -10.7784 ] ] ], [ [ [ -37.5586, -10.6195 ], [ -37.6886, -10.5334 ], [ -37.7146, -10.6684 ], [ -37.6471, -10.6959 ], [ -37.5579, -10.7816 ], [ -37.5246, -10.8196 ], [ -37.3617, -10.7385 ], [ -37.3262, -10.6232 ], [ -37.2632, -10.5773 ], [ -37.3039, -10.5747 ], [ -37.4209, -10.4024 ], [ -37.5478, -10.4625 ], [ -37.5755, -10.3713 ], [ -37.8156, -10.5174 ], [ -37.8195, -10.5394 ], [ -37.8406, -10.5496 ], [ -37.8139, -10.691 ], [ -37.9726, -10.7545 ], [ -38.0565, -10.7121 ], [ -38.1441, -10.7187 ], [ -38.179, -10.7052 ], [ -38.2152, -10.7242 ], [ -38.2106, -10.7626 ], [ -38.245, -10.823 ], [ -38.2273, -10.9152 ], [ -38.1607, -10.9028 ], [ -38.13, -11.0186 ], [ -38.0149, -11.2857 ], [ -37.9048, -11.222 ], [ -37.8764, -11.1866 ], [ -37.7069, -11.1756 ], [ -37.6467, -11.1262 ], [ -37.6224, -11.0675 ], [ -37.5652, -11.0401 ], [ -37.531, -10.9962 ], [ -37.5197, -10.9603 ], [ -37.5036, -10.9011 ], [ -37.5246, -10.8196 ], [ -37.5579, -10.7816 ], [ -37.6333, -10.7484 ], [ -37.6471, -10.6959 ], [ -37.7146, -10.6684 ], [ -37.6886, -10.5334 ], [ -37.5586, -10.6195 ] ] ], [ [ [ -37.7852, -9.6386 ], [ -37.8182, -9.5929 ], [ -37.8331, -9.5949 ], [ -37.8935, -9.5394 ], [ -37.9224, -9.5478 ], [ -38.0033, -9.515 ], [ -38.0201, -9.5619 ], [ -38.0413, -9.5741 ], [ -38.0405, -9.6026 ], [ -38.0423, -9.6899 ], [ -38.0379, -9.7495 ], [ -38.014, -9.7907 ], [ -37.9667, -9.8161 ], [ -37.9977, -9.9167 ], [ -37.8332, -9.9983 ], [ -37.8239, -10.0358 ], [ -37.7772, -10.1338 ], [ -37.7835, -10.0957 ], [ -37.7829, -10.1806 ], [ -37.6136, -10.2495 ], [ -37.7657, -10.1962 ], [ -37.7358, -10.3347 ], [ -37.8373, -10.401 ], [ -37.8156, -10.5174 ], [ -37.5755, -10.3713 ], [ -37.5478, -10.4625 ], [ -37.4209, -10.4024 ], [ -37.4111, -10.4167 ], [ -37.4627, -10.2788 ], [ -37.4083, -10.2457 ], [ -37.4111, -10.4167 ], [ -37.3493, -10.4916 ], [ -37.2905, -10.467 ], [ -37.3324, -10.4314 ], [ -37.293, -10.2557 ], [ -37.2615, -10.2377 ], [ -37.3323, -10.2108 ], [ -37.2615, -10.2377 ], [ -37.1723, -10.3118 ], [ -37.1382, -10.2751 ], [ -37.1509, -10.2296 ], [ -37.1543, -10.1874 ], [ -37.1522, -10.1653 ], [ -37.1804, -10.1747 ], [ -37.065, -10.1364 ], [ -37.062, -10.0615 ], [ -37.0497, -9.9866 ], [ -37.1425, -9.9063 ], [ -37.2266, -9.8995 ], [ -37.2854, -9.831 ], [ -37.3546, -9.7891 ], [ -37.4669, -9.7495 ], [ -37.6076, -9.9685 ], [ -37.5782, -9.7364 ], [ -37.7118, -9.6313 ], [ -37.7852, -9.6386 ] ] ], [ [ [ -37.2244, -10.7058 ], [ -37.3262, -10.6232 ], [ -37.3363, -10.7218 ], [ -37.2596, -10.7026 ], [ -37.2244, -10.7058 ] ] ], [ [ [ -37.5469, -11.1668 ], [ -37.459, -11.1463 ], [ -37.4382, -11.087 ], [ -37.5197, -10.9603 ], [ -37.5469, -11.1668 ] ] ] ] } },
{ "type": "Feature", "properties": { "cod_rgi": "2901", "nome_rgi": "Salvador" }, "geometry": { "type": "MultiPolygon", "coordinates": [ [ [ [ -37.9323, -11.6164 ], [ -38.1448, -11.7637 ], [ -38.1566, -11.8027 ], [ -38.0997, -11.8427 ], [ -37.9885, -11.8756 ], [ -38.0234, -12.0806 ], [ -37.9885, -11.8756 ], [ -38.0997, -11.8427 ], [ -38.1566, -11.8027 ], [ -38.2731, -11.9629 ], [ -38.2019, -12.0123 ], [ -38.0444, -12.1578 ], [ -38.066, -12.1861 ], [ -38.2019, -12.0123 ], [ -38.2731, -11.9629 ], [ -38.1448, -11.7637 ], [ -38.0485, -11.4973 ], [ -38.0149, -11.2857 ], [ -38.13, -11.0186 ], [ -38.2273, -10.9152 ], [ -38.2361, -10.864 ], [ -38.3221, -11.0721 ], [ -38.4379, -11.1181 ], [ -38.4438, -11.1757 ], [ -38.3732, -11.2641 ], [ -38.3077, -11.3102 ], [ -38.2574, -11.3201 ], [ -38.2659, -11.3886 ], [ -38.2961, -11.5748 ], [ -38.4991, -11.4907 ], [ -38.7853, -11.3546 ], [ -38.6742, -11.6929 ], [ -38.6399, -11.6932 ], [ -38.5421, -11.7545 ], [ -38.5971, -11.953 ], [ -38.6179, -11.9723 ], [ -38.6021, -12.2052 ], [ -38.4697, -12.2823 ], [ -38.4462, -12.4319 ], [ -38.3634, -12.447 ], [ -38.2887, -12.4026 ], [ -38.3848, -12.4826 ], [ -38.3472, -12.5737 ], [ -38.2496, -12.5757 ], [ -38.3472, -12.5737 ], [ -38.4067, -12.551 ], [ -38.2448, -12.8532 ], [ -38.0011, -12.578 ], [ -37.6909, -12.1068 ], [ -37.7665, -11.9602 ], [ -37.8589, -11.7751 ], [ -37.9323, -11.6164 ] ] ], [ [ [ -38.5792, -12.6321 ], [ -38.6208, -12.5543 ], [ -38.6872, -12.7265 ], [ -38.535, -12.7387 ], [ -38.5097, -12.7465 ], [ -38.4623, -12.7915 ], [ -38.5792, -12.6321 ] ] ], [ [ [ -37.8589, -11.7751 ], [ -37.7665, -11.9602 ], [ -37.5623, -11.7039 ], [ -37.5688, -11.5399 ], [ -37.7004, -11.5623 ], [ -37.7311, -11.5375 ], [ -37.8289, -11.5586 ], [ -37.8589, -11.7751 ] ] ], [ [ [ -38.7289, -12.1731 ], [ -38.6236, -12.1493 ], [ -38.6566, -12.0537 ], [ -38.7289, -12.1731 ] ] ], [ [ [ -37.9813, -11.3873 ], [ -38.0485, -11.4973 ], [ -37.9323, -11.6164 ], [ -37.8289, -11.5586 ], [ -37.8484, -11.4432 ], [ -37.8679, -11.4263 ], [ -37.8994, -11.4379 ], [ -37.9813, -11.3873 ] ] ], [ [ [ -38.5856, -13.0127 ], [ -38.3549, -12.8947 ], [ -38.3789, -12.8226 ], [ -38.4642, -12.8291 ], [ -38.4623, -12.7915 ], [ -38.5097, -12.7465 ], [ -38.5329, -12.7387 ], [ -38.6952, -12.7541 ], [ -38.688, -12.8305 ], [ -38.5642, -12.9232 ], [ -38.5856, -13.0127 ] ] ], [ [ [ -38.8519, -12.4838 ], [ -38.8341, -12.4921 ], [ -38.8774, -12.5107 ], [ -38.8015, -12.5665 ], [ -38.7935, -12.6278 ], [ -38.8236, -12.6855 ], [ -38.8521, -12.6978 ], [ -38.8405, -12.7248 ], [ -38.6872, -12.7265 ], [ -38.6517, -12.554 ], [ -38.6561, -12.4842 ], [ -38.7423, -12.4732 ], [ -38.8519, -12.4838 ] ] ], [ [ [ -38.6115, -12.4967 ], [ -38.6517, -12.554 ], [ -38.6208, -12.5543 ], [ -38.5792, -12.6321 ], [ -38.4067, -12.551 ], [ -38.3848, -12.4826 ], [ -38.3634, -12.447 ], [ -38.4462, -12.4319 ], [ -38.6115, -12.4967 ] ] ], [ [ [ -38.6872, -12.7265 ], [ -38.8413, -12.7194 ], [ -38.8444, -12.728 ], [ -38.8172, -12.7767 ], [ -38.8458, -12.8391 ], [ -38.8283, -12.8514 ], [ -38.6986, -12.8006 ], [ -38.6872, -12.7265 ] ] ], [ [ [ -38.6236, -12.1493 ], [ -38.6182, -12.283 ], [ -38.6021, -12.2052 ], [ -38.6236, -12.1493 ] ] ], [ [ [ -38.6115, -12.4967 ], [ -38.6182, -12.283 ], [ -38.6707, -12.4239 ], [ -38.6115, -12.4967 ] ] ] ] } },
{ "type": "Feature", "properties": { "cod_rgi": "2902", "nome_rgi": "Santo Antônio de Jesus" }, "geometry": { "type": "MultiPolygon", "coordinates": [ [ [ [ -39.7183, -12.9693 ], [ -39.7833, -12.9825 ], [ -39.8236, -13.0013 ], [ -39.8062, -12.9777 ], [ -39.9029, -12.9341 ], [ -39.9678, -13.0377 ], [ -39.953, -12.9946 ], [ -39.8991, -12.9341 ], [ -39.8998, -12.8746 ], [ -40.0654, -12.9927 ], [ -40.144, -12.9823 ], [ -40.1685, -13.0256 ], [ -40.1556, -13.1148 ], [ -40.0538, -13.1144 ], [ -39.937, -13.2241 ], [ -39.8956, -13.191 ], [ -39.9155, -13.2167 ], [ -39.8303, -13.1861 ], [ -39.8121, -13.1939 ], [ -39.8036, -13.1501 ], [ -39.7993, -13.1496 ], [ -39.8079, -13.1912 ], [ -39.8385, -13.1904 ], [ -39.7625, -13.2479 ], [ -39.7249, -13.4572 ], [ -39.6952, -13.5125 ], [ -39.6288, -13.3987 ], [ -39.5845, -13.2539 ], [ -39.5071, -13.1146 ], [ -39.4697, -13.1238 ], [ -39.5111, -13.0694 ], [ -39.4816, -12.9937 ], [ -39.5111, -13.0694 ], [ -39.4697, -13.1238 ], [ -39.3656, -13.0857 ], [ -39.313, -12.9949 ], [ -39.262, -12.9536 ], [ -39.2263, -12.8984 ], [ -39.1192, -12.8174 ], [ -39.045, -12.7174 ], [ -39.2402, -12.6598 ], [ -39.3185, -12.5471 ], [ -39.4147, -12.6155 ], [ -39.5315, -12.5848 ], [ -39.7473, -12.5639 ], [ -39.7918, -12.5576 ], [ -39.8709, -12.8589 ], [ -39.8998, -12.8746 ], [ -39.8988, -12.9348 ], [ -39.7833, -12.9825 ], [ -39.7183, -12.9693 ] ] ], [ [ [ -38.957, -13.0629 ], [ -38.9098, -12.9787 ], [ -38.9144, -12.9319 ], [ -38.8351, -12.921 ], [ -38.8201, -12.8861 ], [ -38.8018, -12.8742 ], [ -38.8019, -12.8385 ], [ -38.8283, -12.8514 ], [ -38.8611, -12.8254 ], [ -38.8598, -12.7959 ], [ -38.9381, -12.7012 ], [ -38.9867, -12.5942 ], [ -39.045, -12.7174 ], [ -39.1192, -12.8174 ], [ -39.2263, -12.8984 ], [ -39.262, -12.9536 ], [ -39.313, -12.9949 ], [ -39.2342, -13.0978 ], [ -39.1693, -13.0826 ], [ -39.2875, -13.1274 ], [ -39.2042, -13.1967 ], [ -39.2875, -13.1274 ], [ -39.1693, -13.0826 ], [ -39.2342, -13.0978 ], [ -39.3656, -13.0857 ], [ -39.4702, -13.1264 ], [ -39.5071, -13.1146 ], [ -39.5909, -13.4157 ], [ -39.5502, -13.4952 ], [ -39.5127, -13.5036 ], [ -39.3985, -13.5392 ], [ -39.3457, -13.5383 ], [ -39.2656, -13.5207 ], [ -39.3457, -13.5383 ], [ -39.3546, -13.6682 ], [ -39.2636, -13.6921 ], [ -39.2148, -13.6541 ], [ -39.1165, -13.5947 ], [ -39.0932, -13.5368 ], [ -38.9891, -13.3721 ], [ -38.8008, -13.1462 ], [ -38.7215, -12.8474 ], [ -38.6986, -12.8006 ], [ -38.8019, -12.8385 ], [ -38.8184, -12.9069 ], [ -38.8351, -12.921 ], [ -38.9144, -12.9319 ], [ -38.9098, -12.9787 ], [ -38.957, -13.0629 ] ] ], [ [ [ -39.2402, -12.6598 ], [ -38.9867, -12.5942 ], [ -39.2265, -12.5465 ], [ -39.3185, -12.5471 ], [ -39.2402, -12.6598 ] ] ], [ [ [ -39.0932, -13.5368 ], [ -39.1165, -13.5947 ], [ -39.2148, -13.6541 ], [ -39.2636, -13.6921 ], [ -39.4585, -13.7152 ], [ -39.271, -13.7007 ], [ -39.3176, -13.77 ], [ -39.3783, -13.9229 ], [ -39.4043, -13.9872 ], [ -39.3732, -14.0321 ], [ -39.3723, -14.0473 ], [ -39.3495, -14.1151 ], [ -39.2861, -14.1583 ], [ -39.1435, -14.0916 ], [ -39.0059, -14.029 ], [ -38.9884, -13.8945 ], [ -38.9668, -13.847 ], [ -38.8876, -13.4582 ], [ -38.9891, -13.3721 ], [ -39.0932, -13.5368 ] ] ], [ [ [ -38.7247, -12.929 ], [ -38.5642, -12.9232 ], [ -38.7215, -12.8474 ], [ -38.7247, -12.929 ] ] ], [ [ [ -39.5845, -13.2539 ], [ -39.6288, -13.3987 ], [ -39.5909, -13.4157 ], [ -39.5845, -13.2539 ] ] ] ] } },
{ "type": "Feature", "properties": { "cod_rgi": "2903", "nome_rgi": "Ilhéus / Itabuna" }, "geometry": { "type": "MultiPolygon", "coordinates": [ [ [ [ -40.2224, -17.9804 ], [ -39.6742, -18.3247 ], [ -39.4915, -17.9977 ], [ -39.136, -17.6881 ], [ -39.2207, -17.3066 ], [ -39.1416, -16.7599 ], [ -39.0054, -16.3411 ], [ -39.0212, -16.2602 ], [ -38.8564, -15.8594 ], [ -38.8976, -15.7659 ], [ -39.1573, -15.7893 ], [ -38.8998, -15.7659 ], [ -38.9737, -15.3857 ], [ -39.0098, -15.3823 ], [ -39.254, -15.3603 ], [ -39.3499, -15.2199 ], [ -39.254, -15.3603 ], [ -38.9737, -15.3857 ], [ -38.9961, -15.001 ], [ -39.0715, -14.6348 ], [ -38.9802, -14.2954 ], [ -39.2836, -14.2748 ], [ -39.2705, -14.306 ], [ -39.3078, -14.3318 ], [ -39.334, -14.3843 ], [ -39.3228, -14.46 ], [ -39.6966, -14.3696 ], [ -39.7291, -14.5613 ], [ -39.7571, -14.714 ], [ -39.5875, -14.8086 ], [ -39.5824, -14.7761 ], [ -39.5333, -14.7931 ], [ -39.5, -14.8047 ], [ -39.3855, -14.7176 ], [ -39.5, -14.8047 ], [ -39.4774, -14.8212 ], [ -39.4714, -14.891 ], [ -39.4774, -14.8212 ], [ -39.5824, -14.7761 ], [ -39.5875, -14.8086 ], [ -39.822, -14.7475 ], [ -39.8691, -14.7919 ], [ -39.822, -14.7475 ], [ -39.6966, -14.3696 ], [ -39.7901, -14.3506 ], [ -39.8727, -14.4329 ], [ -39.919, -14.4684 ], [ -39.8731, -14.591 ], [ -39.9095, -14.6785 ], [ -40.0232, -14.6883 ], [ -40.0456, -14.8691 ], [ -39.9482, -14.9226 ], [ -39.9766, -14.9589 ], [ -39.9185, -14.9886 ], [ -39.8541, -14.9916 ], [ -39.813, -14.971 ], [ -39.6994, -14.9344 ], [ -39.5226, -15.0603 ], [ -39.3813, -15.1775 ], [ -39.1907, -15.0073 ], [ -39.2145, -14.9115 ], [ -39.3066, -14.9158 ], [ -39.2145, -14.9115 ], [ -39.1907, -15.0073 ], [ -39.2362, -15.0481 ], [ -39.3813, -15.1775 ], [ -39.4306, -15.1604 ], [ -39.3813, -15.1775 ], [ -39.5226, -15.0603 ], [ -39.6994, -14.9344 ], [ -39.813, -14.971 ], [ -39.8541, -14.9916 ], [ -39.9185, -14.9886 ], [ -39.773, -15.5661 ], [ -39.7141, -15.5913 ], [ -39.6831, -15.6178 ], [ -39.6718, -15.6044 ], [ -39.6327, -15.6193 ], [ -39.5433, -15.6434 ], [ -39.5443, -15.7415 ], [ -39.551, -15.7845 ], [ -39.6322, -15.7434 ], [ -39.7878, -15.8123 ], [ -39.8365, -15.8696 ], [ -39.8596, -15.8734 ], [ -39.8866, -15.889 ], [ -39.9491, -15.8971 ], [ -39.8709, -15.9528 ], [ -39.9151, -16.0 ], [ -39.8568, -16.1138 ], [ -39.9365, -16.2458 ], [ -39.8881, -16.2441 ], [ -39.8486, -16.2349 ], [ -39.818, -16.3168 ], [ -39.8881, -16.2441 ], [ -39.9667, -16.3272 ], [ -39.9911, -16.3127 ], [ -40.2341, -16.5579 ], [ -40.2755, -16.5734 ], [ -40.3455, -16.7873 ], [ -40.3236, -16.8013 ], [ -40.288, -16.9045 ], [ -40.3665, -16.8742 ], [ -40.328, -16.9997 ], [ -40.2258, -17.0207 ], [ -40.328, -16.9997 ], [ -40.485, -16.879 ], [ -40.5714, -17.0639 ], [ -40.5568, -17.0896 ], [ -40.5746, -17.1803 ], [ -40.5524, -17.1992 ], [ -40.609, -17.327 ], [ -40.5927, -17.3455 ], [ -40.5987, -17.3896 ], [ -40.5701, -17.4159 ], [ -40.4891, -17.5198 ], [ -40.4107, -17.5682 ], [ -40.3968, -17.6256 ], [ -40.3547, -17.6443 ], [ -40.1442, -17.6225 ], [ -40.2005, -17.7358 ], [ -40.1741, -17.8516 ], [ -40.2268, -17.9583 ], [ -40.2224, -17.9804 ] ], [ [ -39.5669, -15.1927 ], [ -39.5994, -15.3566 ], [ -39.6636, -15.3068 ], [ -39.6841, -15.3363 ], [ -39.7236, -15.3537 ], [ -39.7491, -15.3698 ], [ -39.7236, -15.3537 ], [ -39.6841, -15.3363 ], [ -39.6636, -15.3068 ], [ -39.5669, -15.1927 ] ] ], [ [ [ -39.3228, -14.46 ], [ -39.3331, -14.3828 ], [ -39.2908, -14.312 ], [ -39.3452, -14.3139 ], [ -39.3665, -14.2785 ], [ -39.4071, -14.3101 ], [ -39.4336, -14.2947 ], [ -39.4644, -14.3407 ], [ -39.5644, -14.3347 ], [ -39.5997, -14.3109 ], [ -39.6589, -14.3177 ], [ -39.6966, -14.3696 ], [ -39.3228, -14.46 ] ] ], [ [ [ -39.5155, -14.2207 ], [ -39.4629, -14.2286 ], [ -39.3234, -14.2546 ], [ -38.9971, -14.235 ], [ -38.9884, -13.8945 ], [ -39.0059, -14.029 ], [ -39.1435, -14.0916 ], [ -39.2861, -14.1583 ], [ -39.3495, -14.1151 ], [ -39.3723, -14.0473 ], [ -39.3732, -14.0321 ], [ -39.4043, -13.9872 ], [ -39.3783, -13.9229 ], [ -39.4887, -13.8786 ], [ -39.4708, -14.1081 ], [ -39.5155, -14.2207 ] ] ], [ [ [ -39.5756, -14.2519 ], [ -39.4405, -14.3002 ], [ -39.4162, -14.2948 ], [ -39.4083, -14.3103 ], [ -39.368, -14.2783 ], [ -39.3445, -14.3141 ], [ -39.2908, -14.312 ], [ -39.3234, -14.2546 ], [ -39.4629, -14.2286 ], [ -39.4925, -14.2397 ], [ -39.5463, -14.2101 ], [ -39.5756, -14.2519 ] ] ] ] } },
{ "type": "Feature", "properties": { "cod_rgi": "2904", "nome_rgi": "Vitória da Conquista" }, "geometry": { "type": "MultiPolygon", "coordinates": [ [ [ [ -41.9076, -13.2823 ], [ -41.9091, -13.3111 ], [ -41.7914, -13.3731 ], [ -41.7077, -13.3699 ], [ -41.6768, -13.3652 ], [ -41.6125, -13.342 ], [ -41.592, -13.2547 ], [ -41.7834, -13.2682 ], [ -41.9076, -13.2823 ] ] ], [ [ [ -42.1813, -13.2279 ], [ -42.2916, -13.3134 ], [ -42.4059, -13.4022 ], [ -42.462, -13.439 ], [ -42.4392, -13.4924 ], [ -42.4123, -13.5884 ], [ -42.3658, -13.5927 ], [ -42.3375, -13.7713 ], [ -42.1744, -13.8452 ], [ -42.1492, -13.8634 ], [ -42.1521, -13.9275 ], [ -41.9943, -14.1673 ], [ -41.9318, -14.4194 ], [ -41.836, -14.4651 ], [ -41.8874, -14.7368 ], [ -42.0589, -14.6797 ], [ -42.0962, -14.8193 ], [ -42.2416, -15.0473 ], [ -42.1733, -15.086 ], [ -42.0866, -15.1871 ], [ -41.9325, -15.1745 ], [ -41.8704, -15.1152 ], [ -41.7646, -15.1034 ], [ -41.7858, -15.1146 ], [ -41.3619, -15.495 ], [ -41.2154, -15.7372 ], [ -41.1425, -15.772 ], [ -41.1286, -15.7468 ], [ -41.0776, -15.7193 ], [ -40.9143, -15.661 ], [ -40.842, -15.6832 ], [ -40.7803, -15.6802 ], [ -40.7399, -15.7036 ], [ -40.6449, -15.7289 ], [ -40.6294, -15.7157 ], [ -40.5089, -15.7679 ], [ -40.4809, -15.7752 ], [ -40.3382, -15.6466 ], [ -40.425, -15.8057 ], [ -40.2001, -15.8625 ], [ -40.1754, -15.904 ], [ -40.085, -15.8971 ], [ -40.0788, -15.9409 ], [ -40.0044, -16.0018 ], [ -39.8709, -15.9528 ], [ -39.9491, -15.8971 ], [ -39.8866, -15.889 ], [ -39.8596, -15.8734 ], [ -39.8365, -15.8696 ], [ -39.7878, -15.8123 ], [ -39.6322, -15.7434 ], [ -39.5443, -15.7415 ], [ -39.5433, -15.6434 ], [ -39.6327, -15.6193 ], [ -39.6718, -15.6044 ], [ -39.6831, -15.6178 ], [ -39.7141, -15.5913 ], [ -39.8087, -15.5856 ], [ -39.8955, -15.1017 ], [ -39.9766, -14.9589 ], [ -40.1289, -15.0127 ], [ -40.1104, -15.0556 ], [ -40.1322, -15.2243 ], [ -40.1104, -15.0556 ], [ -40.135, -15.0436 ], [ -40.1351, -15.0102 ], [ -40.438, -14.9129 ], [ -40.5643, -15.059 ], [ -40.7028, -15.0757 ], [ -40.5643, -15.059 ], [ -40.4181, -14.8934 ], [ -40.6146, -14.6709 ], [ -40.7007, -14.2825 ], [ -40.5067, -14.3476 ], [ -40.392, -14.2847 ], [ -40.244, -14.2545 ], [ -40.1923, -14.2231 ], [ -40.1119, -14.2284 ], [ -40.0977, -14.2669 ], [ -40.0956, -14.2796 ], [ -40.0375, -14.4379 ], [ -40.1063, -14.2321 ], [ -40.1628, -14.2533 ], [ -40.1845, -14.2248 ], [ -40.213, -14.2616 ], [ -40.244, -14.2545 ], [ -40.392, -14.2847 ], [ -40.5067, -14.3476 ], [ -40.2117, -14.4508 ], [ -40.1195, -14.4896 ], [ -40.0105, -14.5315 ], [ -39.919, -14.4684 ], [ -39.8727, -14.4329 ], [ -39.7901, -14.3506 ], [ -39.6966, -14.3696 ], [ -39.6648, -14.1827 ], [ -39.8391, -14.0199 ], [ -39.7539, -13.9872 ], [ -39.7007, -13.9086 ], [ -39.6695, -13.8598 ], [ -39.6882, -13.8115 ], [ -39.7699, -13.7852 ], [ -39.6882, -13.8115 ], [ -39.6695, -13.8598 ], [ -39.5969, -13.7198 ], [ -39.5565, -13.7285 ], [ -39.4585, -13.7152 ], [ -39.3928, -13.623 ], [ -39.3546, -13.6682 ], [ -39.3985, -13.5392 ], [ -39.5127, -13.5036 ], [ -39.5502, -13.4952 ], [ -39.6952, -13.5125 ], [ -39.8136, -13.5636 ], [ -39.7249, -13.4572 ], [ -39.7625, -13.2479 ], [ -39.8385, -13.1904 ], [ -39.937, -13.2241 ], [ -39.9163, -13.237 ], [ -39.9828, -13.344 ], [ -40.1325, -13.2716 ], [ -40.1688, -13.0233 ], [ -40.413, -13.094 ], [ -40.3791, -13.1427 ], [ -40.6233, -13.1896 ], [ -40.7844, -13.3707 ], [ -40.7291, -13.4275 ], [ -40.862, -13.3187 ], [ -40.8711, -13.2762 ], [ -41.1059, -13.2936 ], [ -41.2906, -13.3225 ], [ -41.437, -13.3288 ], [ -41.5474, -13.4259 ], [ -41.6768, -13.3652 ], [ -41.7077, -13.3699 ], [ -41.7914, -13.3731 ], [ -41.9091, -13.3111 ], [ -42.0985, -13.3317 ], [ -42.1813, -13.2279 ] ], [ [ -41.3299, -14.7751 ], [ -41.1641, -14.7546 ], [ -41.0866, -15.0572 ], [ -41.0937, -15.101 ], [ -41.37, -15.1471 ], [ -41.2949, -15.0799 ], [ -41.2168, -15.016 ], [ -41.3299, -14.7751 ] ], [ [ -41.4834, -13.5428 ], [ -41.2939, -13.7077 ], [ -41.1568, -13.6768 ], [ -41.2492, -13.7181 ], [ -41.2939, -13.7077 ], [ -41.4834, -13.5428 ], [ -41.2368, -13.4612 ], [ -41.4834, -13.5428 ] ] ], [ [ [ -40.5007, -15.4159 ], [ -40.429, -15.3198 ], [ -40.3791, -15.3148 ], [ -40.361, -15.3516 ], [ -40.3152, -15.4026 ], [ -40.361, -15.3516 ], [ -40.3791, -15.3148 ], [ -40.429, -15.3198 ], [ -40.5007, -15.4159 ] ] ], [ [ [ -39.5328, -13.8716 ], [ -39.6249, -14.1486 ], [ -39.6523, -14.1307 ], [ -39.5762, -14.2163 ], [ -39.5328, -13.8716 ] ] ], [ [ [ -41.0866, -15.0572 ], [ -41.2949, -15.0799 ], [ -41.37, -15.1471 ], [ -41.2729, -15.1894 ], [ -41.0937, -15.101 ], [ -41.0866, -15.0572 ] ] ], [ [ [ -40.6703, -14.4587 ], [ -40.6146, -14.6709 ], [ -40.4181, -14.8934 ], [ -40.438, -14.9129 ], [ -40.2998, -14.9603 ], [ -40.1289, -15.0127 ], [ -40.0456, -14.8691 ], [ -40.0232, -14.6883 ], [ -39.9095, -14.6785 ], [ -39.8731, -14.591 ], [ -40.0105, -14.5315 ], [ -40.1195, -14.4896 ], [ -40.1657, -14.479 ], [ -40.2982, -14.7451 ], [ -40.1657, -14.479 ], [ -40.2117, -14.4508 ], [ -40.7007, -14.2825 ], [ -40.6703, -14.4587 ] ] ], [ [ [ -42.1813, -13.2279 ], [ -42.0985, -13.3317 ], [ -41.9858, -13.2342 ], [ -42.0944, -13.0013 ], [ -42.1203, -12.9975 ], [ -42.1678, -12.9882 ], [ -42.168, -12.9598 ], [ -42.212, -12.9835 ], [ -42.2892, -13.0339 ], [ -42.4445, -13.1846 ], [ -42.3949, -13.2616 ], [ -42.4288, -13.2792 ], [ -42.4059, -13.4022 ], [ -42.2916, -13.3134 ], [ -42.1813, -13.2279 ] ] ], [ [ [ -39.5565, -13.7285 ], [ -39.5969, -13.7198 ], [ -39.5328, -13.8716 ], [ -39.4887, -13.8786 ], [ -39.3176, -13.77 ], [ -39.271, -13.7007 ], [ -39.5565, -13.7285 ] ] ], [ [ [ -39.5997, -14.3109 ], [ -39.5644, -14.3347 ], [ -39.5756, -14.2519 ], [ -39.5762, -14.2163 ], [ -39.6698, -14.2109 ], [ -39.6966, -14.3696 ], [ -39.6589, -14.3177 ], [ -39.5997, -14.3109 ] ] ], [ [ [ -39.6674, -14.0802 ], [ -39.6249, -14.1486 ], [ -39.6695, -13.8598 ], [ -39.7007, -13.9086 ], [ -39.7539, -13.9872 ], [ -39.6523, -14.1307 ], [ -39.6674, -14.0802 ] ] ], [ [ [ -40.1556, -13.1148 ], [ -40.1325, -13.2716 ], [ -39.9828, -13.344 ], [ -39.9163, -13.237 ], [ -40.0538, -13.1144 ], [ -40.1556, -13.1148 ] ] ], [ [ [ -40.1161, -13.6717 ], [ -40.4812, -13.6977 ], [ -40.3153, -13.4614 ], [ -40.5369, -13.7042 ], [ -40.1161, -13.6717 ] ] ], [ [ [ -39.5328, -13.8716 ], [ -39.5463, -14.2101 ], [ -39.5155, -14.2207 ], [ -39.4708, -14.1081 ], [ -39.4887, -13.8786 ], [ -39.5328, -13.8716 ] ] ] ] } },
{ "type": "Feature", "properties": { "cod_rgi": "2905", "nome_rgi": "Guanambi" }, "geometry": { "type": "MultiPolygon", "coordinates": [ [ [ [ -43.2549, -12.7022 ], [ -43.2221, -12.6908 ], [ -43.2368, -12.6305 ], [ -43.5364, -12.6369 ], [ -43.7479, -13.0548 ], [ -43.6467, -13.1371 ], [ -43.6402, -13.1848 ], [ -43.6094, -13.1514 ], [ -43.5454, -13.151 ], [ -43.6097, -13.1515 ], [ -43.6349, -13.1847 ], [ -43.693, -13.1693 ], [ -43.7061, -13.1878 ], [ -43.72, -13.1819 ], [ -43.7308, -13.2061 ], [ -43.8044, -13.2199 ], [ -43.8572, -13.2621 ], [ -43.8648, -13.3306 ], [ -43.8829, -13.3362 ], [ -43.947, -13.4542 ], [ -43.9885, -13.5704 ], [ -43.9827, -13.6664 ], [ -43.5943, -13.7782 ], [ -43.9731, -13.6692 ], [ -44.1604, -13.7903 ], [ -44.204, -13.8617 ], [ -44.2377, -13.9253 ], [ -44.3381, -14.0079 ], [ -44.4273, -14.1633 ], [ -44.4489, -14.2258 ], [ -44.3165, -14.2403 ], [ -44.2398, -14.2589 ], [ -44.0734, -14.2857 ], [ -43.9421, -14.3051 ], [ -43.8203, -14.3116 ], [ -43.7832, -14.3392 ], [ -43.8701, -14.6128 ], [ -43.7122, -14.715 ], [ -43.5806, -14.7508 ], [ -43.5372, -14.7835 ], [ -43.5308, -14.8155 ], [ -43.3748, -14.3622 ], [ -43.4877, -14.0906 ], [ -43.4395, -13.8762 ], [ -43.4158, -13.9108 ], [ -43.1632, -13.9747 ], [ -43.1331, -13.8876 ], [ -43.1632, -13.9747 ], [ -43.4158, -13.9108 ], [ -43.4877, -14.0906 ], [ -43.3748, -14.3622 ], [ -43.4211, -14.4967 ], [ -43.5308, -14.8155 ], [ -43.4697, -14.7873 ], [ -43.4813, -14.7679 ], [ -43.3112, -14.6697 ], [ -43.104, -14.6739 ], [ -42.9397, -14.7076 ], [ -42.7551, -14.8464 ], [ -42.7042, -14.8828 ], [ -42.6265, -14.9451 ], [ -42.599, -14.9241 ], [ -42.4759, -15.017 ], [ -42.3335, -15.0791 ], [ -42.2416, -15.0473 ], [ -42.0962, -14.8193 ], [ -42.0589, -14.6797 ], [ -41.8874, -14.7368 ], [ -41.836, -14.4651 ], [ -41.9318, -14.4194 ], [ -41.9943, -14.1673 ], [ -42.1521, -13.9275 ], [ -42.1492, -13.8634 ], [ -42.3593, -13.9103 ], [ -42.1744, -13.8452 ], [ -42.3375, -13.7713 ], [ -42.3658, -13.5927 ], [ -42.4123, -13.5884 ], [ -42.4392, -13.4924 ], [ -42.5466, -13.4588 ], [ -42.6283, -13.4053 ], [ -42.7094, -13.4976 ], [ -42.7186, -13.5355 ], [ -42.7244, -13.6034 ], [ -42.7104, -13.5002 ], [ -42.6283, -13.4053 ], [ -42.6798, -13.3669 ], [ -42.6826, -13.2698 ], [ -42.4238, -13.1786 ], [ -42.2892, -13.0339 ], [ -42.212, -12.9835 ], [ -42.2022, -12.9647 ], [ -42.168, -12.9598 ], [ -42.209, -12.922 ], [ -42.2811, -12.708 ], [ -42.3535, -12.717 ], [ -42.4505, -12.6871 ], [ -42.4949, -12.7411 ], [ -42.5811, -12.6912 ], [ -42.6272, -12.6278 ], [ -42.6393, -12.5008 ], [ -42.7757, -12.5539 ], [ -42.9508, -12.4854 ], [ -42.9277, -12.4412 ], [ -42.9706, -12.3328 ], [ -43.036, -12.3312 ], [ -43.0584, -12.3499 ], [ -43.2527, -12.3801 ], [ -43.2584, -12.4275 ], [ -43.2221, -12.6908 ], [ -43.2023, -12.6892 ], [ -43.2549, -12.7022 ] ] ], [ [ [ -42.4445, -13.1846 ], [ -42.6807, -13.2672 ], [ -42.69, -13.2844 ], [ -42.6765, -13.3746 ], [ -42.5466, -13.4588 ], [ -42.462, -13.439 ], [ -42.4059, -13.4022 ], [ -42.4288, -13.2792 ], [ -42.3949, -13.2616 ], [ -42.4445, -13.1846 ] ] ] ] } },
{ "type": "Feature", "properties": { "cod_rgi": "2906", "nome_rgi": "Barreiras" }, "geometry": { "type": "Polygon", "coordinates": [ [ [ -44.2316, -12.2594 ], [ -44.0498, -12.2727 ], [ -43.8875, -12.1718 ], [ -43.7156, -11.9315 ], [ -43.6318, -11.9315 ], [ -43.7628, -11.6106 ], [ -43.8299, -11.349 ], [ -43.8724, -11.401 ], [ -43.8299, -11.349 ], [ -43.922, -11.0881 ], [ -43.9244, -10.8993 ], [ -43.9007, -10.8571 ], [ -43.9069, -10.7987 ], [ -43.9918, -10.6667 ], [ -44.0582, -10.6218 ], [ -44.264, -10.6247 ], [ -44.4563, -10.6081 ], [ -44.5778, -10.6268 ], [ -44.6185, -10.6711 ], [ -44.7146, -10.7617 ], [ -44.8083, -10.8661 ], [ -44.9312, -10.9288 ], [ -45.0732, -10.8404 ], [ -45.3582, -10.7322 ], [ -45.4324, -10.6306 ], [ -45.4473, -10.5074 ], [ -45.396, -10.445 ], [ -45.4303, -10.3595 ], [ -45.5144, -10.2898 ], [ -45.5262, -10.2369 ], [ -45.6032, -10.108 ], [ -45.6847, -10.1533 ], [ -45.724, -10.1557 ], [ -45.7003, -10.1831 ], [ -45.745, -10.3484 ], [ -45.9451, -10.5258 ], [ -46.2064, -10.6586 ], [ -46.2852, -10.9085 ], [ -46.4666, -11.1831 ], [ -46.5997, -11.2654 ], [ -46.6171, -11.2895 ], [ -46.5493, -11.3807 ], [ -46.5201, -11.4835 ], [ -46.3135, -11.5395 ], [ -46.1271, -11.6043 ], [ -45.8601, -11.6456 ], [ -45.7007, -11.7366 ], [ -45.8601, -11.6456 ], [ -46.087, -11.6426 ], [ -46.2563, -11.6212 ], [ -46.3294, -11.7373 ], [ -46.3227, -11.7707 ], [ -46.3734, -11.8367 ], [ -46.2381, -11.9026 ], [ -46.1926, -11.9295 ], [ -46.3979, -12.0403 ], [ -46.391, -12.1939 ], [ -46.3686, -12.1998 ], [ -46.3811, -12.2489 ], [ -46.3661, -12.2667 ], [ -46.3507, -12.3181 ], [ -46.301, -12.4158 ], [ -46.2548, -12.4943 ], [ -45.906, -12.4575 ], [ -46.1606, -12.5286 ], [ -46.2933, -12.6928 ], [ -46.2649, -12.7169 ], [ -46.2623, -12.8317 ], [ -46.2862, -12.8952 ], [ -46.2667, -12.9323 ], [ -46.139, -12.9094 ], [ -46.1116, -12.9256 ], [ -46.2734, -13.015 ], [ -46.3227, -13.0983 ], [ -46.3311, -13.2495 ], [ -46.3159, -13.3032 ], [ -46.0639, -13.2613 ], [ -46.0519, -13.3124 ], [ -46.2144, -13.4007 ], [ -46.2186, -13.5005 ], [ -46.162, -13.5909 ], [ -46.2669, -13.7403 ], [ -46.2372, -13.7448 ], [ -46.2824, -13.7952 ], [ -46.2337, -13.8456 ], [ -46.2187, -13.974 ], [ -46.2174, -14.0001 ], [ -44.5065, -13.5187 ], [ -44.3818, -13.4087 ], [ -44.4269, -13.3695 ], [ -44.3818, -13.4087 ], [ -44.5065, -13.5187 ], [ -46.2187, -14.001 ], [ -46.2658, -14.098 ], [ -46.0962, -14.2055 ], [ -46.061, -14.2325 ], [ -45.9353, -14.4153 ], [ -45.9966, -14.543 ], [ -46.0019, -14.7113 ], [ -46.0528, -14.8314 ], [ -45.9663, -14.9771 ], [ -46.0437, -15.1181 ], [ -45.9845, -15.196 ], [ -45.9187, -15.1334 ], [ -45.8712, -15.1588 ], [ -45.8254, -15.1164 ], [ -45.7222, -15.1128 ], [ -45.6748, -15.0805 ], [ -45.6571, -15.0273 ], [ -45.6233, -15.0203 ], [ -45.5643, -14.9436 ], [ -45.456, -14.9543 ], [ -45.364, -14.8717 ], [ -45.2857, -14.8325 ], [ -45.2056, -14.7447 ], [ -44.8434, -14.5808 ], [ -44.7943, -14.4966 ], [ -44.7238, -14.4491 ], [ -44.4872, -14.3285 ], [ -44.4489, -14.2258 ], [ -44.4273, -14.1633 ], [ -44.3381, -14.0079 ], [ -44.2377, -13.9253 ], [ -44.204, -13.8617 ], [ -44.1604, -13.7903 ], [ -43.9731, -13.6692 ], [ -43.9885, -13.5704 ], [ -43.947, -13.4542 ], [ -43.8829, -13.3362 ], [ -43.8648, -13.3306 ], [ -43.8572, -13.2621 ], [ -43.9138, -13.2939 ], [ -43.9729, -13.3069 ], [ -43.9138, -13.2939 ], [ -43.806, -13.221 ], [ -43.732, -13.2068 ], [ -43.7264, -13.185 ], [ -43.7051, -13.1878 ], [ -43.6945, -13.1697 ], [ -43.6402, -13.1848 ], [ -43.6467, -13.1371 ], [ -43.7479, -13.0548 ], [ -43.5364, -12.6369 ], [ -43.239, -12.6304 ], [ -43.6804, -12.3707 ], [ -43.7673, -12.2807 ], [ -43.9869, -12.3353 ], [ -44.0498, -12.2727 ], [ -44.2316, -12.2594 ] ], [ [ -44.4435, -12.0929 ], [ -44.3002, -12.1074 ], [ -44.4435, -12.0929 ], [ -44.5331, -12.3065 ], [ -44.5315, -12.3082 ], [ -44.4987, -12.2206 ], [ -44.4656, -12.144 ], [ -44.5779, -12.1549 ], [ -44.6187, -12.1737 ], [ -44.5798, -12.1551 ], [ -44.7502, -12.1231 ], [ -44.5798, -12.1551 ], [ -44.4656, -12.144 ], [ -44.4435, -12.0929 ] ] ] } },
{ "type": "Feature", "properties": { "cod_rgi": "2907", "nome_rgi": "Irecê" }, "geometry": { "type": "MultiPolygon", "coordinates": [ [ [ [ -41.3558, -11.2289 ], [ -41.3686, -11.1422 ], [ -41.435, -11.0066 ], [ -41.6547, -11.1882 ], [ -41.9392, -11.2604 ], [ -42.0445, -11.55 ], [ -41.9033, -11.7564 ], [ -41.6693, -11.616 ], [ -41.7195, -11.4251 ], [ -41.5575, -11.5588 ], [ -41.393, -11.7716 ], [ -41.0533, -12.0059 ], [ -40.8971, -11.9903 ], [ -40.8475, -11.7736 ], [ -40.8122, -11.7795 ], [ -40.7376, -11.5035 ], [ -41.1336, -11.1534 ], [ -41.2597, -11.1208 ], [ -41.3171, -11.0731 ], [ -41.2412, -10.9916 ], [ -41.4432, -10.8019 ], [ -41.5237, -10.8588 ], [ -41.5398, -10.9679 ], [ -41.4296, -10.9855 ], [ -41.4365, -11.0243 ], [ -41.3686, -11.1422 ], [ -41.3558, -11.2289 ] ] ], [ [ [ -43.3889, -10.34 ], [ -43.4605, -10.2417 ], [ -43.5292, -10.3092 ], [ -43.6393, -10.3777 ], [ -43.9098, -10.3776 ], [ -43.9769, -10.4314 ], [ -44.0258, -10.4755 ], [ -44.0582, -10.6218 ], [ -43.9918, -10.6667 ], [ -43.9069, -10.7987 ], [ -43.9007, -10.8571 ], [ -43.9244, -10.8993 ], [ -43.9146, -11.105 ], [ -43.8218, -11.3688 ], [ -43.7628, -11.6106 ], [ -43.6318, -11.9315 ], [ -43.7156, -11.9315 ], [ -43.8875, -12.1718 ], [ -43.7673, -12.2807 ], [ -43.6804, -12.3707 ], [ -43.2368, -12.6305 ], [ -43.2584, -12.4275 ], [ -43.2527, -12.3801 ], [ -43.0584, -12.3499 ], [ -43.036, -12.3312 ], [ -42.9324, -12.3314 ], [ -42.9706, -12.3328 ], [ -42.9277, -12.4412 ], [ -42.9508, -12.4854 ], [ -42.7757, -12.5539 ], [ -42.6393, -12.5008 ], [ -42.533, -12.5468 ], [ -42.4256, -12.4973 ], [ -42.37, -12.4581 ], [ -42.124, -12.2778 ], [ -42.0892, -12.3277 ], [ -41.9895, -12.2316 ], [ -41.9665, -12.2204 ], [ -41.9826, -12.0444 ], [ -41.9788, -12.0204 ], [ -41.9937, -11.9745 ], [ -41.9973, -11.9044 ], [ -42.0242, -11.893 ], [ -42.0273, -11.8513 ], [ -42.0062, -11.8365 ], [ -42.0172, -11.8074 ], [ -42.0032, -11.798 ], [ -41.943, -11.8055 ], [ -41.904, -11.7559 ], [ -42.0445, -11.55 ], [ -41.9092, -11.1778 ], [ -41.6594, -10.8063 ], [ -41.8104, -10.713 ], [ -42.0055, -11.0217 ], [ -42.1453, -11.0233 ], [ -42.0055, -11.0217 ], [ -41.9236, -10.7466 ], [ -42.066, -10.529 ], [ -42.1597, -10.2579 ], [ -42.4055, -10.1851 ], [ -42.4563, -10.3004 ], [ -42.57, -10.4704 ], [ -42.6192, -10.5686 ], [ -43.2806, -10.2375 ], [ -43.3889, -10.34 ] ] ], [ [ [ -43.1446, -11.1528 ], [ -43.1723, -11.3209 ], [ -43.3041, -11.5816 ], [ -43.3846, -11.6734 ], [ -43.3041, -11.5816 ], [ -43.1723, -11.3209 ], [ -43.1446, -11.1528 ] ] ], [ [ [ -41.6926, -11.9829 ], [ -41.4539, -12.099 ], [ -41.3549, -12.1684 ], [ -41.2291, -12.1374 ], [ -41.223, -11.8914 ], [ -41.393, -11.7716 ], [ -41.4255, -11.9341 ], [ -41.4207, -11.8683 ], [ -41.3645, -11.6967 ], [ -41.5575, -11.5588 ], [ -41.6693, -11.616 ], [ -41.864, -11.7087 ], [ -41.9327, -11.7786 ], [ -41.9434, -11.8058 ], [ -41.9842, -11.7945 ], [ -42.0215, -11.8152 ], [ -41.6926, -11.9829 ] ] ], [ [ [ -41.9092, -11.1778 ], [ -41.9392, -11.2604 ], [ -41.6547, -11.1882 ], [ -41.5398, -10.9679 ], [ -41.6628, -10.8112 ], [ -41.9092, -11.1778 ] ] ] ] } },
{ "type": "Feature", "properties": { "cod_rgi": "2908", "nome_rgi": "Juazeiro" }, "geometry": { "type": "Polygon", "coordinates": [ [ [ -39.7353, -10.3855 ], [ -39.7113, -10.0631 ], [ -39.4334, -10.1317 ], [ -39.2632, -10.2314 ], [ -39.1999, -9.8331 ], [ -39.2362, -9.7189 ], [ -39.2116, -9.6457 ], [ -39.2872, -9.634 ], [ -39.3864, -9.5781 ], [ -39.412, -9.5434 ], [ -39.4043, -9.4451 ], [ -39.3726, -9.2251 ], [ -39.4916, -8.8359 ], [ -39.4761, -8.5928 ], [ -39.6066, -8.656 ], [ -39.6717, -8.7776 ], [ -39.6932, -8.7987 ], [ -39.7478, -8.794 ], [ -39.7888, -8.8191 ], [ -39.893, -8.8288 ], [ -39.8744, -8.9367 ], [ -40.0656, -9.0631 ], [ -40.2862, -9.1856 ], [ -40.4237, -9.3535 ], [ -40.4678, -9.4206 ], [ -40.7304, -9.4573 ], [ -40.7689, -9.6504 ], [ -40.7768, -9.4545 ], [ -40.8688, -9.3928 ], [ -40.9619, -9.4131 ], [ -40.9691, -9.9459 ], [ -40.953, -9.4863 ], [ -40.8688, -9.3928 ], [ -40.765, -9.4132 ], [ -40.7373, -9.3369 ], [ -40.7564, -9.315 ], [ -40.6945, -9.2335 ], [ -40.8516, -8.9525 ], [ -40.9791, -8.8234 ], [ -41.1018, -8.782 ], [ -41.1128, -8.704 ], [ -41.2815, -8.7361 ], [ -41.3813, -8.7073 ], [ -41.4243, -8.8026 ], [ -41.6058, -8.9574 ], [ -41.6805, -9.0123 ], [ -41.7352, -9.0947 ], [ -41.8705, -9.2374 ], [ -41.9723, -9.2486 ], [ -42.0219, -9.2498 ], [ -42.1013, -9.2816 ], [ -42.2689, -9.3104 ], [ -42.5865, -9.4968 ], [ -42.6217, -9.5413 ], [ -42.6901, -9.5459 ], [ -42.7199, -9.5307 ], [ -42.8189, -9.6209 ], [ -42.8733, -9.5639 ], [ -42.904, -9.5268 ], [ -43.1196, -9.3719 ], [ -43.1332, -9.3873 ], [ -43.2788, -9.4246 ], [ -43.3613, -9.3644 ], [ -43.4855, -9.2653 ], [ -43.579, -9.3204 ], [ -43.6858, -9.4178 ], [ -43.834, -9.6179 ], [ -43.842, -9.6374 ], [ -43.7849, -9.7624 ], [ -43.709, -9.9132 ], [ -43.703, -9.9661 ], [ -43.6903, -10.0446 ], [ -43.6929, -10.0774 ], [ -43.8373, -10.2501 ], [ -43.8369, -10.3022 ], [ -43.9098, -10.3776 ], [ -43.6393, -10.3777 ], [ -43.5292, -10.3092 ], [ -43.4605, -10.2417 ], [ -43.2806, -10.2375 ], [ -42.6192, -10.5686 ], [ -42.57, -10.4704 ], [ -42.4563, -10.3004 ], [ -42.355, -10.0322 ], [ -42.4055, -10.1851 ], [ -42.1597, -10.2579 ], [ -42.066, -10.529 ], [ -41.9236, -10.7466 ], [ -41.8104, -10.713 ], [ -41.5237, -10.8588 ], [ -41.5027, -10.7489 ], [ -41.4957, -10.6183 ], [ -41.3929, -10.5689 ], [ -41.3543, -10.3878 ], [ -41.333, -10.3778 ], [ -41.2779, -10.3472 ], [ -41.251, -10.4279 ], [ -41.1752, -10.4302 ], [ -41.0383, -10.4514 ], [ -40.9005, -10.5175 ], [ -40.9454, -10.6066 ], [ -40.4785, -10.6908 ], [ -40.4454, -10.7521 ], [ -40.3501, -10.8073 ], [ -40.3137, -10.824 ], [ -40.2607, -10.8534 ], [ -40.241, -10.8478 ], [ -40.2826, -10.9282 ], [ -40.2327, -10.9273 ], [ -39.9871, -11.1582 ], [ -40.0576, -10.8577 ], [ -39.6655, -10.985 ], [ -39.6245, -10.9129 ], [ -39.7096, -10.7204 ], [ -39.7729, -10.5503 ], [ -39.7353, -10.3855 ] ], [ [ -41.5038, -9.6652 ], [ -41.6372, -9.7153 ], [ -41.8396, -9.7322 ], [ -41.9924, -9.6665 ], [ -41.8396, -9.7322 ], [ -41.6372, -9.7153 ], [ -41.5038, -9.6652 ] ] ] } },
{ "type": "Feature", "properties": { "cod_rgi": "2909", "nome_rgi": "Paulo Afonso" }, "geometry": { "type": "MultiPolygon", "coordinates": [ [ [ [ -39.4916, -8.8359 ], [ -39.3726, -9.2251 ], [ -39.4043, -9.4451 ], [ -39.412, -9.5434 ], [ -39.3864, -9.5781 ], [ -39.3308, -9.5944 ], [ -39.264, -9.6407 ], [ -39.1653, -9.6395 ], [ -39.1401, -9.6016 ], [ -39.1467, -9.6279 ], [ -39.1704, -9.6392 ], [ -39.1441, -9.6533 ], [ -38.8463, -9.6276 ], [ -38.3569, -9.7208 ], [ -38.2781, -9.654 ], [ -38.3726, -9.7178 ], [ -38.8463, -9.6276 ], [ -39.1163, -9.6426 ], [ -39.0459, -9.6879 ], [ -39.062, -9.6889 ], [ -39.1105, -9.6429 ], [ -39.2116, -9.6457 ], [ -39.2362, -9.7189 ], [ -39.1999, -9.8331 ], [ -39.2632, -10.2314 ], [ -39.4334, -10.1317 ], [ -39.7113, -10.0631 ], [ -39.7729, -10.5503 ], [ -39.7096, -10.7204 ], [ -39.5868, -10.7787 ], [ -39.3693, -10.766 ], [ -39.3778, -10.9482 ], [ -39.3132, -10.9887 ], [ -39.1691, -11.0197 ], [ -39.1151, -11.0181 ], [ -39.0456, -11.0205 ], [ -39.0023, -11.0578 ], [ -38.8723, -11.3462 ], [ -38.7853, -11.3546 ], [ -38.5592, -11.128 ], [ -38.5307, -10.9605 ], [ -38.3771, -10.8761 ], [ -38.2184, -10.7825 ], [ -38.2168, -10.7292 ], [ -38.199, -10.711 ], [ -38.2463, -10.7095 ], [ -38.178, -10.7052 ], [ -38.1449, -10.7182 ], [ -38.1301, -10.5791 ], [ -38.1447, -10.7185 ], [ -38.0657, -10.7153 ], [ -37.9945, -10.6708 ], [ -37.8139, -10.691 ], [ -37.8406, -10.5496 ], [ -37.8195, -10.5394 ], [ -37.9962, -10.4329 ], [ -37.8373, -10.401 ], [ -37.7358, -10.3347 ], [ -37.7657, -10.1962 ], [ -37.7829, -10.1806 ], [ -37.7761, -10.137 ], [ -37.8174, -10.067 ], [ -37.8288, -10.0025 ], [ -37.8755, -9.9788 ], [ -37.9683, -9.9628 ], [ -37.9977, -9.9167 ], [ -37.9667, -9.8161 ], [ -38.0316, -9.771 ], [ -38.0439, -9.698 ], [ -37.9901, -9.6417 ], [ -38.0353, -9.6126 ], [ -38.0268, -9.5749 ], [ -37.9979, -9.4993 ], [ -38.0109, -9.4787 ], [ -38.0678, -9.4585 ], [ -38.1549, -9.4434 ], [ -38.2048, -9.4187 ], [ -38.1943, -9.3857 ], [ -38.2148, -9.353 ], [ -38.3001, -9.3877 ], [ -38.365, -9.382 ], [ -38.2841, -9.3851 ], [ -38.2148, -9.353 ], [ -38.2875, -9.2171 ], [ -38.2876, -9.1739 ], [ -38.3259, -9.078 ], [ -38.3483, -8.9931 ], [ -38.484, -9.001 ], [ -38.4793, -8.9017 ], [ -38.5124, -8.8306 ], [ -38.6038, -8.8806 ], [ -38.6092, -8.9551 ], [ -38.6892, -8.9474 ], [ -38.7065, -8.8623 ], [ -38.8071, -8.7878 ], [ -38.9249, -8.7947 ], [ -38.9524, -8.8045 ], [ -39.0376, -8.7347 ], [ -39.1687, -8.6915 ], [ -39.181, -8.7063 ], [ -39.2419, -8.6363 ], [ -39.3594, -8.5465 ], [ -39.4916, -8.8359 ] ], [ [ -38.2902, -10.477 ], [ -38.4331, -10.4524 ], [ -38.5029, -10.3769 ], [ -38.6522, -10.3733 ], [ -38.4362, -10.3219 ], [ -38.4329, -10.3062 ], [ -38.2528, -10.3142 ], [ -38.4329, -10.3062 ], [ -38.4362, -10.3219 ], [ -38.5029, -10.3769 ], [ -38.4331, -10.4524 ], [ -38.2902, -10.477 ] ], [ [ -38.7358, -10.6027 ], [ -38.7091, -10.6179 ], [ -38.6434, -10.7184 ], [ -38.7193, -10.6091 ], [ -39.052, -10.6329 ], [ -39.2704, -10.6779 ], [ -39.052, -10.6329 ], [ -38.7358, -10.6027 ] ] ], [ [ [ -38.494, -11.0867 ], [ -38.7853, -11.3546 ], [ -38.4991, -11.4907 ], [ -38.46, -11.4646 ], [ -38.4276, -11.3442 ], [ -38.3741, -11.2772 ], [ -38.374, -11.255 ], [ -38.4185, -11.2121 ], [ -38.4466, -11.1549 ], [ -38.4816, -11.1633 ], [ -38.4604, -11.149 ], [ -38.4395, -11.1649 ], [ -38.4394, -11.1129 ], [ -38.494, -11.0867 ] ] ], [ [ [ -38.3732, -11.2641 ], [ -38.4054, -11.3049 ], [ -38.4598, -11.4643 ], [ -38.4991, -11.4907 ], [ -38.2961, -11.5748 ], [ -38.2659, -11.3886 ], [ -38.2574, -11.3201 ], [ -38.3077, -11.3102 ], [ -38.3732, -11.2641 ] ] ], [ [ [ -38.5307, -10.9605 ], [ -38.494, -11.0867 ], [ -38.4379, -11.1181 ], [ -38.3221, -11.0721 ], [ -38.2361, -10.864 ], [ -38.2364, -10.797 ], [ -38.5307, -10.9605 ] ] ] ] } },
{ "type": "Feature", "properties": { "cod_rgi": "2910", "nome_rgi": "Feira de Santana" }, "geometry": { "type": "MultiPolygon", "coordinates": [ [ [ [ -38.5971, -11.953 ], [ -38.6294, -11.7064 ], [ -38.648, -11.6902 ], [ -38.7807, -11.7133 ], [ -38.8679, -11.8052 ], [ -38.8249, -11.9468 ], [ -38.8372, -12.1108 ], [ -38.8919, -12.1166 ], [ -38.9349, -11.8371 ], [ -38.8679, -11.8052 ], [ -38.8651, -11.3823 ], [ -38.7853, -11.3546 ], [ -38.8723, -11.3462 ], [ -39.0023, -11.0578 ], [ -39.0456, -11.0205 ], [ -39.1151, -11.0181 ], [ -39.1691, -11.0197 ], [ -39.3258, -10.9693 ], [ -39.3503, -10.948 ], [ -39.378, -10.9476 ], [ -39.3667, -10.7695 ], [ -39.5868, -10.7787 ], [ -39.6245, -10.9129 ], [ -39.6655, -10.985 ], [ -40.0576, -10.8577 ], [ -39.9871, -11.1582 ], [ -39.9975, -11.2256 ], [ -40.1882, -11.339 ], [ -40.1892, -11.4294 ], [ -39.9437, -11.4785 ], [ -39.8813, -11.515 ], [ -39.9067, -11.5832 ], [ -39.7656, -11.5907 ], [ -39.696, -11.7283 ], [ -39.7656, -11.5907 ], [ -39.9067, -11.5832 ], [ -39.8813, -11.515 ], [ -39.9437, -11.4785 ], [ -39.9583, -11.486 ], [ -40.2558, -11.5965 ], [ -40.3707, -11.6162 ], [ -40.2558, -11.5965 ], [ -40.2938, -11.4935 ], [ -40.3939, -11.3825 ], [ -40.1882, -11.339 ], [ -39.9975, -11.2256 ], [ -39.9871, -11.1582 ], [ -40.2327, -10.9273 ], [ -40.2826, -10.9282 ], [ -40.241, -10.8478 ], [ -40.2607, -10.8534 ], [ -40.3137, -10.824 ], [ -40.3501, -10.8073 ], [ -40.4454, -10.7521 ], [ -40.4785, -10.6908 ], [ -40.9454, -10.6066 ], [ -40.9005, -10.5175 ], [ -41.0383, -10.4514 ], [ -41.1752, -10.4302 ], [ -41.251, -10.4279 ], [ -41.333, -10.3778 ], [ -41.3543, -10.3878 ], [ -41.3929, -10.5689 ], [ -41.4957, -10.6183 ], [ -41.5027, -10.7489 ], [ -41.4432, -10.8019 ], [ -41.2412, -10.9916 ], [ -41.3171, -11.0731 ], [ -41.2597, -11.1208 ], [ -41.1336, -11.1534 ], [ -40.7376, -11.5035 ], [ -40.8122, -11.7795 ], [ -40.8475, -11.7736 ], [ -40.8971, -11.9903 ], [ -40.8736, -12.1257 ], [ -40.5019, -12.1164 ], [ -40.8736, -12.1257 ], [ -40.8971, -11.9903 ], [ -41.0533, -12.0059 ], [ -41.223, -11.8914 ], [ -41.2291, -12.1374 ], [ -41.1154, -12.1093 ], [ -41.0615, -12.2853 ], [ -41.1995, -12.3592 ], [ -41.3549, -12.1684 ], [ -41.4539, -12.099 ], [ -41.8377, -12.1313 ], [ -41.4539, -12.099 ], [ -42.0215, -11.8152 ], [ -42.006, -11.8353 ], [ -42.0272, -11.8506 ], [ -42.0262, -11.8885 ], [ -41.9973, -11.9044 ], [ -41.9937, -11.9745 ], [ -41.9788, -12.0204 ], [ -41.9826, -12.0444 ], [ -41.9665, -12.2204 ], [ -41.9895, -12.2316 ], [ -42.0892, -12.3277 ], [ -42.124, -12.2778 ], [ -42.2492, -12.3896 ], [ -42.1068, -12.3987 ], [ -42.2492, -12.3896 ], [ -42.37, -12.4581 ], [ -42.4256, -12.4973 ], [ -42.533, -12.5468 ], [ -42.6393, -12.5008 ], [ -42.6272, -12.6278 ], [ -42.5811, -12.6912 ], [ -42.4505, -12.6871 ], [ -42.3535, -12.717 ], [ -42.2929, -12.7042 ], [ -42.265, -12.727 ], [ -42.0191, -12.7155 ], [ -41.9946, -12.5833 ], [ -42.0188, -12.7163 ], [ -42.265, -12.727 ], [ -42.2121, -12.9217 ], [ -42.1701, -12.9523 ], [ -42.1678, -12.9882 ], [ -42.1203, -12.9975 ], [ -42.0159, -12.8538 ], [ -41.7971, -12.809 ], [ -41.6472, -13.0871 ], [ -41.592, -13.2547 ], [ -41.6125, -13.342 ], [ -41.5474, -13.4259 ], [ -41.437, -13.3288 ], [ -41.2906, -13.3225 ], [ -41.1984, -13.1926 ], [ -41.1059, -13.2936 ], [ -41.2356, -12.9247 ], [ -41.2228, -12.8917 ], [ -41.2197, -12.9145 ], [ -41.0507, -12.9243 ], [ -40.9943, -12.9721 ], [ -40.8767, -13.004 ], [ -40.6524, -13.0001 ], [ -40.9263, -13.2316 ], [ -40.8711, -13.2762 ], [ -40.862, -13.3187 ], [ -40.7844, -13.3707 ], [ -40.6233, -13.1896 ], [ -40.3791, -13.1427 ], [ -40.413, -13.094 ], [ -40.1688, -13.0233 ], [ -40.144, -12.9823 ], [ -40.0654, -12.9927 ], [ -40.0111, -12.9758 ], [ -39.8709, -12.8589 ], [ -39.7918, -12.5576 ], [ -39.9257, -12.5216 ], [ -39.7473, -12.5639 ], [ -39.5315, -12.5848 ], [ -39.4147, -12.6155 ], [ -39.3185, -12.5471 ], [ -39.2265, -12.5465 ], [ -39.1272, -12.4983 ], [ -39.263, -12.3732 ], [ -39.3814, -12.4128 ], [ -39.3907, -12.3561 ], [ -39.522, -12.0369 ], [ -39.5986, -12.0526 ], [ -39.522, -12.0369 ], [ -39.3907, -12.3561 ], [ -39.3814, -12.4128 ], [ -39.263, -12.3732 ], [ -39.2294, -12.3856 ], [ -39.2454, -12.3238 ], [ -39.2331, -12.2784 ], [ -39.2842, -12.217 ], [ -39.2916, -12.1835 ], [ -39.2252, -12.0829 ], [ -39.2936, -12.1865 ], [ -39.2347, -12.2748 ], [ -39.2395, -12.2941 ], [ -39.1448, -12.2725 ], [ -39.2404, -12.2953 ], [ -39.2399, -12.3704 ], [ -39.2174, -12.3965 ], [ -39.1947, -12.3877 ], [ -39.1272, -12.4983 ], [ -39.0885, -12.4957 ], [ -39.0525, -12.4467 ], [ -38.8341, -12.4921 ], [ -38.8519, -12.4838 ], [ -38.8487, -12.35 ], [ -38.7289, -12.1731 ], [ -38.6566, -12.0537 ], [ -38.6179, -11.9723 ], [ -38.5971, -11.953 ] ], [ [ -41.3697, -12.6595 ], [ -41.2131, -12.5275 ], [ -40.9812, -12.4605 ], [ -40.6188, -12.4379 ], [ -40.4807, -12.3107 ], [ -40.5742, -12.436 ], [ -40.9812, -12.4605 ], [ -41.2131, -12.5275 ], [ -41.3697, -12.6595 ] ] ], [ [ [ -38.6561, -12.4842 ], [ -38.6707, -12.4239 ], [ -38.7423, -12.4732 ], [ -38.6561, -12.4842 ] ] ], [ [ [ -38.7853, -11.3546 ], [ -38.8651, -11.3823 ], [ -38.8338, -11.7727 ], [ -38.7515, -11.6932 ], [ -38.676, -11.6945 ], [ -38.7853, -11.3546 ] ] ], [ [ [ -39.0885, -12.4957 ], [ -38.8774, -12.5107 ], [ -39.0525, -12.4467 ], [ -39.0885, -12.4957 ] ] ], [ [ [ -40.8767, -13.004 ], [ -40.9943, -12.9721 ], [ -41.0507, -12.9243 ], [ -41.2345, -12.9143 ], [ -41.1059, -13.2936 ], [ -40.9263, -13.2316 ], [ -40.8767, -13.004 ] ] ], [ [ [ -41.7834, -13.2682 ], [ -41.6499, -13.1553 ], [ -41.648, -13.0835 ], [ -41.8017, -12.8133 ], [ -42.0159, -12.8538 ], [ -42.0944, -13.0013 ], [ -41.9858, -13.2342 ], [ -41.9076, -13.2823 ], [ -41.7834, -13.2682 ] ] ], [ [ [ -40.3939, -11.3825 ], [ -40.2938, -11.4935 ], [ -40.1892, -11.4294 ], [ -40.3939, -11.3825 ] ] ], [ [ [ -41.1154, -12.1093 ], [ -41.2753, -12.1522 ], [ -41.1995, -12.3592 ], [ -41.0615, -12.2853 ], [ -41.1154, -12.1093 ] ] ] ] } },
{ "type": "Feature", "properties": { "cod_rgi": "3101", "nome_rgi": "Belo Horizonte" }, "geometry": { "type": "MultiPolygon", "coordinates": [ [ [ [ -44.3685, -19.2294 ], [ -44.6271, -19.2427 ], [ -44.5338, -19.3185 ], [ -44.524, -19.384 ], [ -44.3521, -19.3857 ], [ -44.4839, -19.2977 ], [ -44.3091, -19.3303 ], [ -44.09, -19.2057 ], [ -44.1281, -19.4325 ], [ -44.0061, -19.446 ], [ -43.9298, -19.4443 ], [ -43.9157, -19.5143 ], [ -43.8975, -19.5573 ], [ -43.8376, -19.5999 ], [ -43.7536, -19.6659 ], [ -43.5748, -19.5451 ], [ -43.4919, -19.3595 ], [ -43.516, -19.3271 ], [ -43.5362, -19.2621 ], [ -43.5496, -19.1645 ], [ -43.6598, -19.03 ], [ -43.742, -19.0032 ], [ -43.7822, -18.7729 ], [ -43.7009, -18.7749 ], [ -43.6328, -18.7609 ], [ -43.7009, -18.7749 ], [ -43.7822, -18.7729 ], [ -43.742, -19.0032 ], [ -43.6598, -19.03 ], [ -43.6343, -19.0153 ], [ -43.5496, -19.1645 ], [ -43.5362, -19.2621 ], [ -43.5093, -19.3319 ], [ -43.4001, -19.338 ], [ -43.2254, -19.2992 ], [ -43.1971, -19.2023 ], [ -43.2254, -19.2992 ], [ -43.328, -19.3511 ], [ -43.1967, -19.3177 ], [ -43.2942, -19.4592 ], [ -43.3096, -19.4792 ], [ -43.2942, -19.4592 ], [ -43.328, -19.3511 ], [ -43.5093, -19.3319 ], [ -43.4919, -19.3595 ], [ -43.4443, -19.4412 ], [ -43.5417, -19.6239 ], [ -43.462, -19.6843 ], [ -43.3343, -19.6767 ], [ -43.0925, -19.7192 ], [ -43.0844, -19.6744 ], [ -43.1297, -19.5295 ], [ -43.0109, -19.4423 ], [ -42.9098, -19.4022 ], [ -42.7442, -19.2805 ], [ -42.7474, -19.15 ], [ -42.8213, -19.1601 ], [ -42.9341, -19.1192 ], [ -43.0911, -19.0467 ], [ -43.156, -18.9709 ], [ -43.2205, -19.0046 ], [ -43.2475, -19.068 ], [ -43.2774, -19.1295 ], [ -43.3181, -19.0863 ], [ -43.3738, -18.9128 ], [ -43.3917, -18.8563 ], [ -43.4859, -18.8099 ], [ -43.4938, -18.7465 ], [ -43.6383, -18.658 ], [ -43.8234, -18.6586 ], [ -44.0217, -18.6767 ], [ -44.0519, -18.5916 ], [ -44.0084, -18.4767 ], [ -44.0113, -18.5401 ], [ -43.9705, -18.5407 ], [ -43.9259, -18.5016 ], [ -43.8686, -18.4819 ], [ -43.8905, -18.4547 ], [ -43.9537, -18.377 ], [ -44.0101, -18.3526 ], [ -44.1563, -18.228 ], [ -44.2218, -18.225 ], [ -44.2966, -18.2941 ], [ -44.2698, -18.3423 ], [ -44.2966, -18.2941 ], [ -44.2218, -18.225 ], [ -44.1563, -18.228 ], [ -43.9558, -18.141 ], [ -43.9377, -18.0603 ], [ -43.8221, -18.0288 ], [ -43.8045, -17.8885 ], [ -43.8874, -17.7097 ], [ -43.9936, -17.6497 ], [ -44.0234, -17.7322 ], [ -44.1146, -17.8298 ], [ -44.187, -17.7991 ], [ -44.2445, -17.8228 ], [ -44.2979, -17.8109 ], [ -44.3004, -17.9075 ], [ -44.4256, -18.0749 ], [ -44.4487, -18.1591 ], [ -44.5259, -18.0026 ], [ -44.5539, -17.9455 ], [ -44.6665, -18.0874 ], [ -44.8023, -18.1913 ], [ -44.8564, -18.5684 ], [ -44.8045, -18.6495 ], [ -44.7291, -18.7272 ], [ -44.5489, -18.658 ], [ -44.5406, -18.5668 ], [ -44.5672, -18.4856 ], [ -44.5406, -18.5668 ], [ -44.5489, -18.658 ], [ -44.6489, -18.7877 ], [ -44.7868, -18.9132 ], [ -44.7334, -19.023 ], [ -44.7097, -19.0473 ], [ -44.6789, -19.0696 ], [ -44.46, -19.1688 ], [ -44.183, -18.9448 ], [ -44.1087, -18.8381 ], [ -44.1285, -18.8106 ], [ -44.2479, -18.7971 ], [ -44.1285, -18.8106 ], [ -44.1087, -18.8381 ], [ -43.9889, -18.8788 ], [ -44.0341, -19.034 ], [ -44.183, -18.9448 ], [ -44.4093, -19.13 ], [ -44.3685, -19.2294 ] ] ], [ [ [ -43.4795, -19.786 ], [ -43.5797, -19.9226 ], [ -43.7889, -20.152 ], [ -43.9761, -20.2227 ], [ -43.9319, -20.4192 ], [ -43.8872, -20.4198 ], [ -43.8021, -20.5029 ], [ -43.7478, -20.4603 ], [ -43.7154, -20.4639 ], [ -43.6596, -20.4337 ], [ -43.5329, -20.5947 ], [ -43.3677, -20.5496 ], [ -43.3333, -20.5255 ], [ -43.273, -20.4531 ], [ -43.2315, -20.4446 ], [ -43.2137, -20.4576 ], [ -43.1528, -20.3762 ], [ -43.1777, -20.3146 ], [ -43.1457, -20.2336 ], [ -43.1923, -20.1743 ], [ -43.361, -20.2041 ], [ -43.3114, -20.0958 ], [ -43.3149, -20.0428 ], [ -43.2337, -19.9274 ], [ -43.2205, -19.8928 ], [ -43.4349, -19.8779 ], [ -43.3884, -19.8569 ], [ -43.4795, -19.786 ] ] ], [ [ [ -43.4837, -20.0667 ], [ -43.5337, -20.1609 ], [ -43.5382, -20.202 ], [ -43.6521, -20.2401 ], [ -43.5382, -20.202 ], [ -43.4837, -20.0667 ] ] ], [ [ [ -43.8566, -19.8575 ], [ -44.0789, -19.8456 ], [ -44.1817, -19.8318 ], [ -44.1588, -19.6731 ], [ -44.2439, -19.5771 ], [ -44.3176, -19.5927 ], [ -44.3306, -19.5789 ], [ -44.406, -19.6363 ], [ -44.5098, -19.6631 ], [ -44.4995, -19.6833 ], [ -44.4721, -19.7076 ], [ -44.4644, -19.8114 ], [ -44.4816, -19.8077 ], [ -44.5148, -19.8602 ], [ -44.5411, -19.8971 ], [ -44.4821, -19.9169 ], [ -44.3398, -19.8702 ], [ -44.2703, -20.0039 ], [ -44.227, -20.0368 ], [ -44.1508, -20.0174 ], [ -44.0096, -20.0406 ], [ -43.8566, -19.8575 ] ] ], [ [ [ -43.5417, -19.6239 ], [ -43.4795, -19.786 ], [ -43.462, -19.6843 ], [ -43.5417, -19.6239 ] ] ], [ [ [ -44.1516, -20.2439 ], [ -44.0855, -20.3258 ], [ -44.0381, -20.3439 ], [ -43.998, -20.0583 ], [ -44.2519, -20.1252 ], [ -44.3378, -20.1196 ], [ -44.3508, -20.1597 ], [ -44.3068, -20.1822 ], [ -44.277, -20.1713 ], [ -44.2482, -20.2578 ], [ -44.1467, -20.2269 ], [ -44.1516, -20.2439 ] ] ], [ [ [ -44.4757, -19.5563 ], [ -44.4287, -19.5206 ], [ -44.4854, -19.489 ], [ -44.5253, -19.5052 ], [ -44.4757, -19.5563 ] ] ], [ [ [ -43.5797, -19.9226 ], [ -43.5748, -19.5451 ], [ -43.6557, -19.7329 ], [ -43.8566, -19.8575 ], [ -43.9961, -20.0364 ], [ -43.9761, -20.2227 ], [ -43.7889, -20.152 ], [ -43.7343, -20.0013 ], [ -43.5797, -19.9226 ] ] ], [ [ [ -43.9348, -19.6617 ], [ -43.9591, -19.639 ], [ -43.9573, -19.6032 ], [ -43.9894, -19.5989 ], [ -44.0069, -19.6496 ], [ -43.986, -19.6885 ], [ -43.9348, -19.6617 ] ] ], [ [ [ -44.6489, -18.7877 ], [ -44.7291, -18.7272 ], [ -44.8045, -18.6495 ], [ -44.8564, -18.5684 ], [ -44.9949, -18.5224 ], [ -44.8675, -18.4426 ], [ -44.8023, -18.1913 ], [ -44.7899, -18.1499 ], [ -45.0993, -17.9631 ], [ -45.1801, -18.0305 ], [ -45.2269, -18.1502 ], [ -45.2622, -18.259 ], [ -45.3158, -18.3057 ], [ -45.2831, -18.3476 ], [ -45.2102, -18.6486 ], [ -45.1974, -18.7947 ], [ -45.0474, -18.8176 ], [ -44.9377, -18.8682 ], [ -44.8718, -18.8438 ], [ -44.6489, -18.7877 ] ] ], [ [ [ -44.5738, -19.5182 ], [ -44.5129, -19.6337 ], [ -44.406, -19.6363 ], [ -44.4757, -19.5563 ], [ -44.5253, -19.5052 ], [ -44.5632, -19.4517 ], [ -44.5738, -19.5182 ] ] ], [ [ [ -44.315, -19.592 ], [ -44.3118, -19.5156 ], [ -44.3917, -19.4332 ], [ -44.4517, -19.4102 ], [ -44.4854, -19.489 ], [ -44.4287, -19.5206 ], [ -44.3306, -19.5789 ], [ -44.315, -19.592 ] ] ], [ [ [ -43.8975, -19.5573 ], [ -43.9348, -19.6617 ], [ -43.9056, -19.6814 ], [ -43.8065, -19.6667 ], [ -43.8376, -19.5999 ], [ -43.8975, -19.5573 ] ] ], [ [ [ -44.2519, -20.1252 ], [ -44.1508, -20.0174 ], [ -44.227, -20.0368 ], [ -44.2519, -20.1252 ] ] ], [ [ [ -44.5051, -20.0667 ], [ -44.4762, -20.0801 ], [ -44.3755, -20.0722 ], [ -44.4821, -19.9169 ], [ -44.5051, -20.0667 ] ] ], [ [ [ -44.0061, -19.446 ], [ -44.0458, -19.5934 ], [ -43.985, -19.5155 ], [ -43.9298, -19.4443 ], [ -44.0061, -19.446 ] ] ], [ [ [ -43.985, -19.5155 ], [ -44.0458, -19.5934 ], [ -44.1588, -19.6731 ], [ -44.0789, -19.8456 ], [ -44.0143, -19.8315 ], [ -43.9756, -19.7814 ], [ -43.9886, -19.7363 ], [ -43.9701, -19.713 ], [ -43.9612, -19.7236 ], [ -43.9355, -19.7063 ], [ -43.9571, -19.6699 ], [ -43.986, -19.6885 ], [ -44.0053, -19.6557 ], [ -44.041, -19.6828 ], [ -44.0121, -19.6729 ], [ -43.9926, -19.6011 ], [ -43.9652, -19.585 ], [ -43.9606, -19.5399 ], [ -43.9157, -19.5143 ], [ -43.985, -19.5155 ] ] ], [ [ [ -43.8065, -19.6667 ], [ -43.8853, -19.7213 ], [ -43.7536, -19.6659 ], [ -43.8065, -19.6667 ] ] ], [ [ [ -44.3521, -19.3857 ], [ -44.393, -19.4322 ], [ -44.3401, -19.497 ], [ -44.3258, -19.4941 ], [ -44.3066, -19.544 ], [ -44.315, -19.592 ], [ -44.2444, -19.577 ], [ -44.1281, -19.4325 ], [ -44.3091, -19.3303 ], [ -44.3521, -19.3857 ] ] ], [ [ [ -43.9571, -19.6699 ], [ -43.938, -19.6995 ], [ -43.9853, -19.7366 ], [ -43.9665, -19.7916 ], [ -43.8853, -19.7213 ], [ -43.9056, -19.6814 ], [ -43.9571, -19.6699 ] ] ] ] } },
{ "type": "Feature", "properties": { "cod_rgi": "3102", "nome_rgi": "Montes Claros" }, "geometry": { "type": "Polygon", "coordinates": [ [ [ -42.1241, -15.7301 ], [ -41.9349, -15.6267 ], [ -41.9035, -15.6342 ], [ -41.8788, -15.6102 ], [ -41.8334, -15.6021 ], [ -41.8995, -15.6207 ], [ -41.9165, -15.6617 ], [ -41.8805, -15.7484 ], [ -41.8766, -15.7449 ], [ -41.8587, -15.8027 ], [ -41.8656, -15.8367 ], [ -41.9169, -15.9077 ], [ -41.9289, -16.043 ], [ -41.8437, -16.1313 ], [ -41.8297, -16.1768 ], [ -41.7883, -16.1539 ], [ -41.6611, -16.019 ], [ -41.6513, -15.8995 ], [ -41.6017, -15.8044 ], [ -41.6966, -15.8007 ], [ -41.6294, -15.6093 ], [ -41.7079, -15.6129 ], [ -41.712, -15.5223 ], [ -41.6355, -15.5133 ], [ -41.6343, -15.5241 ], [ -41.5883, -15.5209 ], [ -41.5229, -15.5278 ], [ -41.3643, -15.493 ], [ -41.8023, -15.1003 ], [ -41.8704, -15.1152 ], [ -41.9325, -15.1745 ], [ -42.0866, -15.1871 ], [ -42.1733, -15.086 ], [ -42.2656, -15.125 ], [ -42.272, -15.1486 ], [ -42.2566, -15.1618 ], [ -42.2716, -15.1945 ], [ -42.2327, -15.1925 ], [ -42.1975, -15.2526 ], [ -42.1648, -15.4054 ], [ -42.2457, -15.4598 ], [ -42.3838, -15.4718 ], [ -42.4903, -15.4183 ], [ -42.5368, -15.4979 ], [ -42.4903, -15.4183 ], [ -42.2453, -15.4595 ], [ -42.219, -15.3836 ], [ -42.2041, -15.2367 ], [ -42.2363, -15.1909 ], [ -42.3583, -15.2076 ], [ -42.2725, -15.1922 ], [ -42.2566, -15.1614 ], [ -42.2754, -15.1133 ], [ -42.3335, -15.0791 ], [ -42.4759, -15.017 ], [ -42.599, -14.9241 ], [ -42.6265, -14.9451 ], [ -42.7042, -14.8828 ], [ -42.7551, -14.8464 ], [ -42.9397, -14.7076 ], [ -43.104, -14.6739 ], [ -43.3112, -14.6697 ], [ -43.4813, -14.7679 ], [ -43.4943, -14.7908 ], [ -43.531, -14.8154 ], [ -43.4969, -14.8764 ], [ -43.5399, -14.7804 ], [ -43.5806, -14.7508 ], [ -43.7122, -14.715 ], [ -43.8701, -14.6128 ], [ -44.0114, -14.5358 ], [ -44.1894, -14.4058 ], [ -44.0114, -14.5358 ], [ -43.7832, -14.3392 ], [ -43.8203, -14.3116 ], [ -43.9421, -14.3051 ], [ -44.0734, -14.2857 ], [ -44.2398, -14.2589 ], [ -44.3165, -14.2403 ], [ -44.4872, -14.3285 ], [ -44.7238, -14.4491 ], [ -44.7943, -14.4966 ], [ -44.8434, -14.5808 ], [ -45.2056, -14.7447 ], [ -45.2857, -14.8325 ], [ -45.364, -14.8717 ], [ -45.456, -14.9543 ], [ -45.49, -15.0985 ], [ -45.5512, -15.0285 ], [ -45.6116, -15.0288 ], [ -45.6169, -15.0141 ], [ -45.6555, -15.0258 ], [ -45.661, -15.0613 ], [ -45.7186, -15.0956 ], [ -45.7681, -15.1825 ], [ -45.6749, -15.3093 ], [ -45.7427, -15.3434 ], [ -45.8183, -15.4051 ], [ -45.661, -15.4166 ], [ -45.6046, -15.5376 ], [ -45.5893, -15.6568 ], [ -45.5154, -15.7576 ], [ -45.5063, -15.7857 ], [ -45.4522, -15.8154 ], [ -45.3924, -15.863 ], [ -45.3942, -16.1238 ], [ -45.3613, -16.2252 ], [ -45.2288, -16.2452 ], [ -45.4233, -16.2793 ], [ -45.5136, -16.2486 ], [ -45.635, -16.1728 ], [ -45.6739, -16.1976 ], [ -45.6739, -16.237 ], [ -45.7198, -16.3738 ], [ -45.7804, -16.465 ], [ -45.7885, -16.4541 ], [ -45.7588, -16.5314 ], [ -45.9512, -16.5533 ], [ -45.9812, -16.6217 ], [ -45.9583, -16.695 ], [ -45.8887, -16.7028 ], [ -45.8578, -16.7652 ], [ -45.778, -16.8314 ], [ -45.7519, -16.8584 ], [ -45.5972, -16.9053 ], [ -45.3992, -16.9028 ], [ -45.2795, -16.7578 ], [ -45.3992, -16.9028 ], [ -45.5112, -17.0359 ], [ -45.5611, -17.0443 ], [ -45.4912, -17.0934 ], [ -45.4462, -17.1479 ], [ -45.4716, -17.2033 ], [ -45.5363, -17.3743 ], [ -45.4206, -17.4844 ], [ -45.3926, -17.5678 ], [ -45.4346, -17.5829 ], [ -45.4029, -17.666 ], [ -45.46, -17.7993 ], [ -45.4666, -17.8319 ], [ -45.4485, -17.9034 ], [ -45.3402, -17.9366 ], [ -45.1089, -17.8625 ], [ -45.0832, -17.784 ], [ -45.1089, -17.8625 ], [ -45.0993, -17.9631 ], [ -44.7899, -18.1499 ], [ -44.6665, -18.0874 ], [ -44.5539, -17.9455 ], [ -44.5259, -18.0026 ], [ -44.4256, -18.0749 ], [ -44.3004, -17.9075 ], [ -44.3044, -17.8257 ], [ -44.2917, -17.744 ], [ -44.3948, -17.6663 ], [ -44.5582, -17.6597 ], [ -44.4843, -17.4456 ], [ -44.3948, -17.6663 ], [ -44.2917, -17.744 ], [ -44.2979, -17.8109 ], [ -44.2445, -17.8228 ], [ -44.187, -17.7991 ], [ -44.1146, -17.8298 ], [ -44.0234, -17.7322 ], [ -43.9936, -17.6497 ], [ -44.0057, -17.522 ], [ -44.0977, -17.5557 ], [ -44.1132, -17.3937 ], [ -44.0057, -17.522 ], [ -43.8874, -17.7097 ], [ -43.8045, -17.8885 ], [ -43.6765, -17.8591 ], [ -43.6769, -17.8307 ], [ -43.6151, -17.7 ], [ -43.6038, -17.6698 ], [ -43.5807, -17.5829 ], [ -43.5041, -17.561 ], [ -43.3559, -17.4969 ], [ -43.2874, -17.4592 ], [ -43.3003, -17.4354 ], [ -43.2012, -17.3625 ], [ -43.2285, -17.3445 ], [ -43.1871, -17.3074 ], [ -43.1556, -17.2957 ], [ -42.9241, -17.0398 ], [ -42.8669, -17.0557 ], [ -42.7579, -16.9436 ], [ -42.9844, -16.7287 ], [ -42.737, -16.8516 ], [ -42.7327, -16.8265 ], [ -42.6818, -16.8094 ], [ -42.6624, -16.7579 ], [ -42.6397, -16.7707 ], [ -42.6005, -16.7321 ], [ -42.57, -16.7401 ], [ -42.5411, -16.7075 ], [ -42.4618, -16.6718 ], [ -42.454, -16.6602 ], [ -42.4743, -16.6469 ], [ -42.4246, -16.6254 ], [ -42.4558, -16.5003 ], [ -42.4363, -16.4946 ], [ -42.2315, -16.476 ], [ -42.0883, -16.3835 ], [ -41.9878, -16.3988 ], [ -41.898, -16.3676 ], [ -41.9323, -16.2805 ], [ -41.8437, -16.1313 ], [ -41.9289, -16.043 ], [ -41.9182, -15.9084 ], [ -41.8587, -15.8135 ], [ -41.9058, -15.7076 ], [ -41.9165, -15.6612 ], [ -41.9478, -15.6386 ], [ -42.1241, -15.7301 ], [ -42.3981, -15.9019 ], [ -42.3224, -16.026 ], [ -42.3549, -16.0587 ], [ -42.5854, -15.9705 ], [ -42.1241, -15.7301 ] ], [ [ -44.2562, -16.2828 ], [ -44.1467, -16.3545 ], [ -43.9806, -16.2347 ], [ -44.0448, -16.1718 ], [ -43.9499, -16.1039 ], [ -43.8209, -16.0886 ], [ -43.9499, -16.1039 ], [ -43.9806, -16.2347 ], [ -44.1467, -16.3545 ], [ -44.2562, -16.2828 ] ], [ [ -42.8866, -15.3226 ], [ -42.7551, -15.3984 ], [ -42.7689, -15.3077 ], [ -42.7362, -15.1392 ], [ -42.6548, -15.1746 ], [ -42.7362, -15.1392 ], [ -42.7689, -15.3077 ], [ -42.7008, -15.4225 ], [ -42.7824, -15.4847 ], [ -42.7551, -15.3984 ], [ -42.8866, -15.3226 ] ], [ [ -43.7065, -17.0687 ], [ -43.7029, -16.6661 ], [ -43.4415, -16.8843 ], [ -43.4389, -16.9254 ], [ -43.4415, -16.8843 ], [ -43.6934, -16.7432 ], [ -43.7065, -17.0687 ] ], [ [ -43.18, -17.0857 ], [ -43.171, -16.7651 ], [ -43.18, -16.7242 ], [ -43.1604, -16.6544 ], [ -43.1955, -16.6426 ], [ -43.1604, -16.6544 ], [ -43.1193, -16.7083 ], [ -43.18, -16.7242 ], [ -43.171, -16.7651 ], [ -43.18, -17.0857 ] ], [ [ -44.5929, -16.4681 ], [ -44.5689, -16.6508 ], [ -44.5929, -16.4681 ], [ -44.6598, -16.4254 ], [ -44.9717, -16.5552 ], [ -44.6698, -16.3463 ], [ -44.6702, -16.2092 ], [ -44.7271, -16.1792 ], [ -44.9955, -16.3692 ], [ -45.0673, -16.4742 ], [ -45.0344, -16.4517 ], [ -45.0584, -16.4733 ], [ -45.1153, -16.4814 ], [ -45.1017, -16.5868 ], [ -45.0767, -16.6725 ], [ -45.0026, -16.7113 ], [ -45.0203, -16.7541 ], [ -44.9339, -16.8063 ], [ -44.8061, -17.0513 ], [ -44.8281, -17.1179 ], [ -44.9372, -17.3905 ], [ -44.8281, -17.1179 ], [ -44.9339, -16.8063 ], [ -45.0191, -16.756 ], [ -45.0765, -16.6729 ], [ -45.0741, -16.6199 ], [ -45.1047, -16.5654 ], [ -45.1179, -16.5133 ], [ -45.1133, -16.4782 ], [ -45.0401, -16.4198 ], [ -45.0796, -16.1217 ], [ -45.0444, -16.3816 ], [ -44.9308, -16.3199 ], [ -44.691, -16.1636 ], [ -44.6588, -16.1322 ], [ -44.6739, -16.0926 ], [ -44.4354, -15.9562 ], [ -44.5214, -16.0756 ], [ -44.5842, -16.0832 ], [ -44.7123, -16.1691 ], [ -44.7191, -16.1808 ], [ -44.6712, -16.208 ], [ -44.6666, -16.3364 ], [ -44.6165, -16.3259 ], [ -44.6598, -16.4254 ], [ -44.5929, -16.4681 ] ], [ [ -44.5648, -15.1074 ], [ -44.5788, -15.0804 ], [ -44.5205, -14.9765 ], [ -44.4872, -14.9643 ], [ -44.4729, -14.977 ], [ -44.363, -14.9794 ], [ -44.2947, -15.0767 ], [ -44.169, -15.1746 ], [ -44.2947, -15.0767 ], [ -44.3619, -14.98 ], [ -44.4669, -14.9807 ], [ -44.4989, -14.9625 ], [ -44.5446, -15.0106 ], [ -44.5786, -15.0798 ], [ -44.5648, -15.1074 ] ], [ [ -44.0298, -15.4873 ], [ -44.0018, -15.5052 ], [ -43.9388, -15.4509 ], [ -43.9262, -15.311 ], [ -44.0718, -15.2049 ], [ -43.9974, -14.9767 ], [ -44.0718, -15.2049 ], [ -43.9248, -15.3151 ], [ -43.9302, -15.437 ], [ -44.0018, -15.5052 ], [ -44.0552, -15.6077 ], [ -44.0581, -15.7325 ], [ -44.0552, -15.6077 ], [ -44.0298, -15.4873 ] ], [ [ -43.2999, -15.6516 ], [ -43.2925, -15.7274 ], [ -43.2894, -15.8309 ], [ -43.2258, -15.8526 ], [ -43.2894, -15.8309 ], [ -43.2925, -15.7274 ], [ -43.2999, -15.6516 ] ] ] } },
{ "type": "Feature", "properties": { "cod_rgi": "3103", "nome_rgi": "Teófilo Otoni" }, "geometry": { "type": "MultiPolygon", "coordinates": [ [ [ [ -42.3741, -17.7664 ], [ -42.4329, -17.9424 ], [ -42.4151, -18.1006 ], [ -42.2704, -18.243 ], [ -42.1998, -18.2198 ], [ -42.1773, -18.2186 ], [ -42.0452, -18.1909 ], [ -42.1776, -18.0012 ], [ -42.2816, -17.8503 ], [ -42.3741, -17.7664 ] ] ], [ [ [ -40.7987, -17.1365 ], [ -40.8045, -16.9748 ], [ -40.6957, -16.763 ], [ -40.8143, -16.6287 ], [ -40.9667, -16.5465 ], [ -41.0558, -16.56 ], [ -41.1515, -16.6504 ], [ -41.2538, -16.7271 ], [ -41.3011, -16.8214 ], [ -41.3014, -16.7268 ], [ -41.3127, -16.6647 ], [ -41.4515, -16.6793 ], [ -41.6192, -16.6749 ], [ -41.6823, -16.5025 ], [ -41.6171, -16.4533 ], [ -41.4512, -16.454 ], [ -41.4202, -16.4845 ], [ -41.4002, -16.5709 ], [ -41.3127, -16.6647 ], [ -41.3014, -16.7268 ], [ -41.2538, -16.7271 ], [ -41.1515, -16.6504 ], [ -41.0558, -16.56 ], [ -40.9667, -16.5465 ], [ -40.8143, -16.6287 ], [ -40.6957, -16.763 ], [ -40.6887, -16.8062 ], [ -40.7084, -16.8417 ], [ -40.6707, -16.8329 ], [ -40.6285, -16.788 ], [ -40.591, -16.7836 ], [ -40.5868, -16.8069 ], [ -40.5724, -16.792 ], [ -40.5346, -16.8016 ], [ -40.4664, -16.8371 ], [ -40.3665, -16.8742 ], [ -40.288, -16.9045 ], [ -40.3236, -16.8013 ], [ -40.3455, -16.7873 ], [ -40.4906, -16.593 ], [ -40.2755, -16.5734 ], [ -40.2341, -16.5579 ], [ -40.1099, -16.4499 ], [ -40.0172, -16.3478 ], [ -39.9911, -16.3127 ], [ -39.9667, -16.3272 ], [ -39.9365, -16.2458 ], [ -39.8568, -16.1138 ], [ -39.9151, -16.0 ], [ -40.0044, -16.0018 ], [ -40.0788, -15.9409 ], [ -40.085, -15.8971 ], [ -40.1994, -15.9791 ], [ -40.1754, -15.904 ], [ -40.2001, -15.8625 ], [ -40.425, -15.8057 ], [ -40.4809, -15.7752 ], [ -40.5089, -15.7679 ], [ -40.4852, -15.8409 ], [ -40.419, -15.9325 ], [ -40.438, -15.9453 ], [ -40.4813, -16.0327 ], [ -40.4356, -16.1366 ], [ -40.4692, -16.1769 ], [ -40.4356, -16.1366 ], [ -40.4813, -16.0327 ], [ -40.438, -15.9453 ], [ -40.419, -15.9325 ], [ -40.4852, -15.8409 ], [ -40.6294, -15.7157 ], [ -40.598, -15.8585 ], [ -40.6449, -15.7289 ], [ -40.7399, -15.7036 ], [ -40.7803, -15.6802 ], [ -40.842, -15.6832 ], [ -40.9143, -15.661 ], [ -41.0776, -15.7193 ], [ -41.1286, -15.7468 ], [ -41.0039, -15.8631 ], [ -40.9809, -15.9367 ], [ -40.9075, -16.0114 ], [ -41.0845, -16.0817 ], [ -40.9075, -16.0114 ], [ -40.9809, -15.9367 ], [ -41.0039, -15.8631 ], [ -41.1425, -15.772 ], [ -41.2154, -15.7372 ], [ -41.3836, -15.8122 ], [ -41.3907, -15.8353 ], [ -41.3422, -15.6386 ], [ -41.5229, -15.5278 ], [ -41.5883, -15.5209 ], [ -41.6343, -15.5241 ], [ -41.6355, -15.5133 ], [ -41.712, -15.5223 ], [ -41.7079, -15.6129 ], [ -41.6294, -15.6093 ], [ -41.6966, -15.8007 ], [ -41.6017, -15.8044 ], [ -41.6513, -15.8995 ], [ -41.6611, -16.019 ], [ -41.4812, -16.0613 ], [ -41.4282, -16.0483 ], [ -41.4812, -16.0613 ], [ -41.6898, -16.2063 ], [ -41.6395, -16.3261 ], [ -41.6751, -16.3749 ], [ -41.6395, -16.3261 ], [ -41.6898, -16.2063 ], [ -41.7883, -16.1539 ], [ -41.8297, -16.1768 ], [ -41.9323, -16.2805 ], [ -41.898, -16.3676 ], [ -41.9878, -16.3988 ], [ -42.0883, -16.3835 ], [ -42.0431, -16.5836 ], [ -41.9716, -16.6432 ], [ -42.0431, -16.5836 ], [ -42.2315, -16.476 ], [ -42.3226, -16.5134 ], [ -42.3097, -16.6586 ], [ -42.1535, -16.9001 ], [ -42.2009, -16.9333 ], [ -42.0798, -17.2121 ], [ -42.0861, -17.3797 ], [ -42.1712, -17.4512 ], [ -42.0861, -17.3797 ], [ -42.0798, -17.2121 ], [ -42.2349, -17.0621 ], [ -42.4386, -17.094 ], [ -42.5132, -16.9753 ], [ -42.6607, -16.9941 ], [ -42.5775, -17.1365 ], [ -42.6923, -17.2067 ], [ -42.7734, -17.1782 ], [ -42.8209, -17.107 ], [ -42.8669, -17.0557 ], [ -42.9241, -17.0398 ], [ -43.0072, -17.3305 ], [ -42.7765, -17.3641 ], [ -42.5849, -17.4759 ], [ -42.5237, -17.5251 ], [ -42.2882, -17.5957 ], [ -42.2579, -17.6502 ], [ -42.0455, -17.6976 ], [ -42.0018, -17.6951 ], [ -41.9808, -17.665 ], [ -42.0018, -17.6951 ], [ -42.0455, -17.6976 ], [ -42.2816, -17.8503 ], [ -42.1776, -18.0012 ], [ -41.9938, -18.1094 ], [ -42.0452, -18.1909 ], [ -42.0828, -18.3503 ], [ -42.0516, -18.3631 ], [ -41.9659, -18.3798 ], [ -41.8014, -18.4221 ], [ -41.7558, -18.4079 ], [ -41.647, -18.3008 ], [ -41.6435, -18.2039 ], [ -41.647, -18.3008 ], [ -41.6781, -18.3701 ], [ -41.6859, -18.3872 ], [ -41.5833, -18.535 ], [ -41.5397, -18.5815 ], [ -41.506, -18.53 ], [ -41.4599, -18.5141 ], [ -41.4265, -18.4438 ], [ -41.4615, -18.5128 ], [ -41.3823, -18.5347 ], [ -41.3206, -18.5051 ], [ -41.3046, -18.4829 ], [ -41.3296, -18.4683 ], [ -41.3214, -18.4455 ], [ -41.335, -18.4299 ], [ -41.3197, -18.4741 ], [ -41.2818, -18.4489 ], [ -41.2936, -18.4777 ], [ -41.2809, -18.5022 ], [ -41.2147, -18.4739 ], [ -41.1667, -18.4152 ], [ -41.1459, -18.3739 ], [ -41.0561, -18.1666 ], [ -40.8451, -18.1498 ], [ -40.7733, -18.1076 ], [ -40.8827, -17.9706 ], [ -40.8631, -17.9883 ], [ -40.7712, -17.9811 ], [ -40.7054, -18.0239 ], [ -40.6134, -17.9397 ], [ -40.5847, -17.9182 ], [ -40.4642, -17.9282 ], [ -40.3455, -17.9238 ], [ -40.2224, -17.9804 ], [ -40.2268, -17.9583 ], [ -40.2945, -17.8539 ], [ -40.3547, -17.6443 ], [ -40.3968, -17.6256 ], [ -40.4107, -17.5682 ], [ -40.4891, -17.5198 ], [ -40.5701, -17.4159 ], [ -40.5987, -17.3896 ], [ -40.7836, -17.262 ], [ -40.9323, -17.1663 ], [ -40.7987, -17.1365 ] ], [ [ -40.9265, -17.5177 ], [ -41.098, -17.5602 ], [ -40.9265, -17.5177 ], [ -40.9747, -17.4348 ], [ -40.9593, -17.3774 ], [ -41.0255, -17.3221 ], [ -41.1237, -17.3034 ], [ -41.0255, -17.3221 ], [ -40.9593, -17.3774 ], [ -40.9747, -17.4348 ], [ -40.9265, -17.5177 ] ], [ [ -41.1593, -17.0434 ], [ -41.3211, -17.1297 ], [ -41.3411, -17.1259 ], [ -41.3252, -17.1029 ], [ -41.3322, -17.045 ], [ -41.4439, -17.0321 ], [ -41.5289, -16.95 ], [ -41.7079, -16.9703 ], [ -41.7131, -16.8884 ], [ -41.5289, -16.95 ], [ -41.442, -17.0341 ], [ -41.3086, -17.0591 ], [ -41.1593, -17.0434 ] ] ], [ [ [ -43.265, -18.797 ], [ -43.2785, -18.5189 ], [ -43.3637, -18.4835 ], [ -43.3057, -18.2808 ], [ -43.3027, -18.1889 ], [ -43.3047, -18.1113 ], [ -43.0884, -18.0992 ], [ -43.0778, -18.0695 ], [ -42.9617, -18.1235 ], [ -42.9102, -18.121 ], [ -42.6792, -18.0572 ], [ -42.6303, -18.0413 ], [ -42.3741, -17.7664 ], [ -42.2996, -17.7288 ], [ -42.3273, -17.6367 ], [ -42.2882, -17.5957 ], [ -42.5237, -17.5251 ], [ -42.5849, -17.4759 ], [ -42.7765, -17.3641 ], [ -42.8589, -17.4758 ], [ -42.8124, -17.5447 ], [ -42.7469, -17.611 ], [ -42.8124, -17.5447 ], [ -42.8589, -17.4758 ], [ -43.0072, -17.3305 ], [ -43.1556, -17.2957 ], [ -43.1871, -17.3074 ], [ -43.2285, -17.3445 ], [ -43.2012, -17.3625 ], [ -43.2294, -17.5477 ], [ -43.1395, -17.7245 ], [ -43.2274, -17.5627 ], [ -43.3003, -17.4354 ], [ -43.2874, -17.4592 ], [ -43.3559, -17.4969 ], [ -43.5041, -17.561 ], [ -43.5807, -17.5829 ], [ -43.6038, -17.6698 ], [ -43.6151, -17.7 ], [ -43.6769, -17.8307 ], [ -43.6765, -17.8591 ], [ -43.8221, -18.0288 ], [ -43.9377, -18.0603 ], [ -43.9558, -18.141 ], [ -44.0101, -18.3526 ], [ -43.9537, -18.377 ], [ -43.6614, -18.3651 ], [ -43.8905, -18.4547 ], [ -43.8686, -18.4819 ], [ -43.9259, -18.5016 ], [ -43.9705, -18.5407 ], [ -44.0113, -18.5401 ], [ -44.0519, -18.5916 ], [ -44.0217, -18.6767 ], [ -43.8234, -18.6586 ], [ -43.5515, -18.5911 ], [ -43.4938, -18.7465 ], [ -43.4859, -18.8099 ], [ -43.3917, -18.8563 ], [ -43.3245, -18.8027 ], [ -43.265, -18.797 ] ] ], [ [ [ -42.2996, -17.7288 ], [ -42.2579, -17.6502 ], [ -42.3273, -17.6367 ], [ -42.2996, -17.7288 ] ] ], [ [ [ -42.4212, -17.0157 ], [ -42.2349, -17.0621 ], [ -42.2009, -16.9333 ], [ -42.1535, -16.9001 ], [ -42.3226, -16.5134 ], [ -42.4363, -16.4946 ], [ -42.4558, -16.5003 ], [ -42.4246, -16.6254 ], [ -42.3992, -16.6339 ], [ -42.4687, -16.6727 ], [ -42.4748, -16.6695 ], [ -42.5419, -16.708 ], [ -42.5595, -16.735 ], [ -42.6102, -16.7303 ], [ -42.6388, -16.7598 ], [ -42.6411, -16.7945 ], [ -42.5973, -16.8165 ], [ -42.5132, -16.9753 ], [ -42.4212, -17.0157 ] ] ], [ [ [ -40.4664, -16.8371 ], [ -40.4831, -16.8423 ], [ -40.5556, -16.7952 ], [ -40.58, -16.7938 ], [ -40.5893, -16.7818 ], [ -40.6081, -16.783 ], [ -40.6486, -16.7989 ], [ -40.6684, -16.8292 ], [ -40.7231, -16.8513 ], [ -40.745, -16.896 ], [ -40.7987, -17.1365 ], [ -40.7419, -17.1563 ], [ -40.5568, -17.0896 ], [ -40.5714, -17.0639 ], [ -40.4664, -16.8371 ] ] ], [ [ [ -43.2504, -18.2754 ], [ -43.3047, -18.1113 ], [ -43.3027, -18.1889 ], [ -43.2504, -18.2754 ] ] ], [ [ [ -41.6171, -16.4533 ], [ -41.6823, -16.5025 ], [ -41.6192, -16.6749 ], [ -41.4515, -16.6793 ], [ -41.4002, -16.5709 ], [ -41.4202, -16.4845 ], [ -41.4512, -16.454 ], [ -41.6171, -16.4533 ] ] ], [ [ [ -42.7579, -16.9436 ], [ -42.8209, -17.107 ], [ -42.7734, -17.1782 ], [ -42.7579, -16.9436 ] ] ], [ [ [ -43.2785, -18.5189 ], [ -43.191, -18.602 ], [ -43.1805, -18.5714 ], [ -43.1689, -18.526 ], [ -43.1678, -18.4821 ], [ -43.1016, -18.4684 ], [ -43.1359, -18.423 ], [ -43.1499, -18.3852 ], [ -43.2096, -18.3356 ], [ -43.3637, -18.4835 ], [ -43.2785, -18.5189 ] ] ], [ [ [ -40.7836, -17.262 ], [ -40.5927, -17.3455 ], [ -40.609, -17.327 ], [ -40.5524, -17.1992 ], [ -40.5746, -17.1803 ], [ -40.7419, -17.1563 ], [ -40.7836, -17.262 ] ] ] ] } },
{ "type": "Feature", "properties": { "cod_rgi": "3104", "nome_rgi": "Governador Valadares" }, "geometry": { "type": "MultiPolygon", "coordinates": [ [ [ [ -41.0467, -19.4874 ], [ -41.1422, -19.4185 ], [ -40.9284, -19.3819 ], [ -41.0779, -19.3078 ], [ -40.944, -19.144 ], [ -40.9619, -19.1441 ], [ -41.1265, -19.064 ], [ -41.067, -19.007 ], [ -41.3112, -19.167 ], [ -41.4197, -19.2774 ], [ -41.3112, -19.167 ], [ -41.2828, -18.975 ], [ -41.1635, -18.8595 ], [ -41.2148, -18.8776 ], [ -41.3398, -18.9652 ], [ -41.5319, -19.0376 ], [ -41.5374, -19.013 ], [ -41.6122, -18.9744 ], [ -41.6728, -18.9633 ], [ -41.7058, -18.9406 ], [ -41.7134, -18.9101 ], [ -41.6781, -18.8434 ], [ -41.6887, -18.7762 ], [ -41.5397, -18.5815 ], [ -41.5833, -18.535 ], [ -41.6859, -18.3872 ], [ -41.6781, -18.3701 ], [ -41.7558, -18.4079 ], [ -41.8014, -18.4221 ], [ -41.9659, -18.3798 ], [ -42.1478, -18.4574 ], [ -42.1367, -18.5241 ], [ -42.0504, -18.5601 ], [ -42.2588, -18.5492 ], [ -42.277, -18.4873 ], [ -42.2704, -18.243 ], [ -42.4151, -18.1006 ], [ -42.4696, -18.1908 ], [ -42.6951, -18.1567 ], [ -42.7433, -18.2085 ], [ -42.6954, -18.4149 ], [ -42.6818, -18.5077 ], [ -42.6395, -18.4378 ], [ -42.5435, -18.3442 ], [ -42.399, -18.373 ], [ -42.326, -18.3555 ], [ -42.4445, -18.5255 ], [ -42.399, -18.373 ], [ -42.5435, -18.3442 ], [ -42.6395, -18.4378 ], [ -42.6818, -18.5077 ], [ -42.6855, -18.5871 ], [ -42.6847, -18.6677 ], [ -42.327, -18.8183 ], [ -42.3554, -18.9605 ], [ -42.2505, -18.9738 ], [ -42.1971, -18.9824 ], [ -42.1751, -19.0225 ], [ -42.0959, -19.0008 ], [ -41.9499, -18.9299 ], [ -42.0959, -19.0008 ], [ -42.2091, -19.1722 ], [ -42.0885, -19.2757 ], [ -42.0707, -19.2064 ], [ -42.0885, -19.2757 ], [ -42.1168, -19.3452 ], [ -42.0877, -19.3511 ], [ -41.959, -19.3436 ], [ -41.8434, -19.4362 ], [ -41.7677, -19.4065 ], [ -41.7531, -19.3807 ], [ -41.7445, -19.2564 ], [ -41.698, -19.219 ], [ -41.6525, -19.1608 ], [ -41.698, -19.219 ], [ -41.5907, -19.466 ], [ -41.5381, -19.4879 ], [ -41.4659, -19.5332 ], [ -41.3767, -19.5063 ], [ -41.4321, -19.5407 ], [ -41.3813, -19.5883 ], [ -41.393, -19.7492 ], [ -41.3359, -19.8339 ], [ -41.2905, -19.8842 ], [ -41.2282, -19.905 ], [ -41.1757, -19.8394 ], [ -41.1863, -19.8277 ], [ -41.1911, -19.7459 ], [ -41.1086, -19.6395 ], [ -41.0369, -19.5705 ], [ -41.0467, -19.4874 ] ] ], [ [ [ -41.3348, -18.7163 ], [ -41.46, -18.6717 ], [ -41.4667, -18.7876 ], [ -41.4328, -18.7582 ], [ -41.3008, -18.8261 ], [ -41.2275, -18.7251 ], [ -41.3348, -18.7163 ] ] ], [ [ [ -42.7282, -18.3175 ], [ -42.9102, -18.121 ], [ -42.9617, -18.1235 ], [ -43.0778, -18.0695 ], [ -43.0884, -18.0992 ], [ -43.2504, -18.2754 ], [ -43.2096, -18.3356 ], [ -43.1499, -18.3852 ], [ -43.1359, -18.423 ], [ -42.8694, -18.3643 ], [ -42.8379, -18.374 ], [ -42.7282, -18.3175 ] ] ], [ [ [ -43.3245, -18.8027 ], [ -43.3738, -18.9128 ], [ -43.3181, -19.0863 ], [ -43.2475, -19.068 ], [ -43.2205, -19.0046 ], [ -43.156, -18.9709 ], [ -43.0383, -19.0122 ], [ -43.0911, -19.0467 ], [ -42.9341, -19.1192 ], [ -42.8213, -19.1601 ], [ -42.7474, -19.15 ], [ -42.8714, -18.9772 ], [ -42.7873, -19.0346 ], [ -42.7246, -18.9137 ], [ -42.6871, -18.923 ], [ -42.547, -18.8468 ], [ -42.6847, -18.6677 ], [ -42.7416, -18.8518 ], [ -42.761, -18.6335 ], [ -42.8222, -18.6714 ], [ -42.8513, -18.675 ], [ -42.8379, -18.374 ], [ -42.9192, -18.3934 ], [ -42.9958, -18.4551 ], [ -43.053, -18.5181 ], [ -42.9958, -18.4551 ], [ -42.9192, -18.3934 ], [ -42.8694, -18.3643 ], [ -43.1016, -18.4684 ], [ -43.1678, -18.4821 ], [ -43.1689, -18.526 ], [ -43.1805, -18.5714 ], [ -43.191, -18.602 ], [ -43.265, -18.797 ], [ -43.3245, -18.8027 ] ] ], [ [ [ -41.6887, -18.7762 ], [ -41.6772, -18.8081 ], [ -41.684, -18.8633 ], [ -41.7089, -18.8803 ], [ -41.7132, -18.907 ], [ -41.6999, -18.9463 ], [ -41.5387, -19.0116 ], [ -41.5319, -19.0376 ], [ -41.3398, -18.9652 ], [ -41.3008, -18.8261 ], [ -41.4063, -18.8665 ], [ -41.4328, -18.7582 ], [ -41.4667, -18.7876 ], [ -41.6887, -18.7762 ] ] ], [ [ [ -42.4847, -18.9627 ], [ -42.4619, -18.8079 ], [ -42.5756, -18.7847 ], [ -42.547, -18.8468 ], [ -42.5277, -18.9449 ], [ -42.4875, -18.9375 ], [ -42.4847, -18.9627 ] ] ], [ [ [ -41.3206, -18.5051 ], [ -41.293, -18.5168 ], [ -41.2886, -18.5613 ], [ -41.3068, -18.5964 ], [ -41.2941, -18.6152 ], [ -41.3037, -18.6337 ], [ -41.2811, -18.6355 ], [ -41.2667, -18.6603 ], [ -41.2628, -18.6584 ], [ -41.265, -18.687 ], [ -41.2372, -18.7109 ], [ -41.2275, -18.7251 ], [ -41.2325, -18.7973 ], [ -41.1116, -18.7866 ], [ -41.1105, -18.8389 ], [ -40.9639, -18.8412 ], [ -40.94, -18.7703 ], [ -41.0325, -18.6181 ], [ -41.042, -18.6054 ], [ -41.158, -18.528 ], [ -41.0742, -18.5234 ], [ -41.158, -18.528 ], [ -41.1876, -18.5016 ], [ -41.1831, -18.4424 ], [ -41.2696, -18.5025 ], [ -41.292, -18.4858 ], [ -41.2812, -18.4497 ], [ -41.2995, -18.4493 ], [ -41.3206, -18.5051 ] ] ], [ [ [ -41.3348, -18.7163 ], [ -41.2473, -18.7097 ], [ -41.2765, -18.6427 ], [ -41.304, -18.6327 ], [ -41.2926, -18.5176 ], [ -41.336, -18.4962 ], [ -41.3649, -18.4989 ], [ -41.3802, -18.5334 ], [ -41.4795, -18.5133 ], [ -41.5397, -18.5815 ], [ -41.46, -18.6717 ], [ -41.3348, -18.7163 ] ] ], [ [ [ -42.1188, -18.4042 ], [ -42.277, -18.4873 ], [ -42.1367, -18.5241 ], [ -42.1478, -18.4574 ], [ -42.1188, -18.4042 ] ] ], [ [ [ -42.7282, -18.3175 ], [ -42.8162, -18.4069 ], [ -42.8513, -18.675 ], [ -42.8222, -18.6714 ], [ -42.761, -18.6335 ], [ -42.6855, -18.5871 ], [ -42.6954, -18.4149 ], [ -42.7282, -18.3175 ] ] ], [ [ [ -42.1998, -18.2198 ], [ -42.1188, -18.4042 ], [ -42.0516, -18.3631 ], [ -42.0828, -18.3503 ], [ -42.1773, -18.2186 ], [ -42.1998, -18.2198 ] ] ], [ [ [ -42.4329, -17.9424 ], [ -42.6303, -18.0413 ], [ -42.6792, -18.0572 ], [ -42.4723, -18.1507 ], [ -42.4329, -17.9424 ] ] ] ] } },
{ "type": "Feature", "properties": { "cod_rgi": "3105", "nome_rgi": "Ipatinga" }, "geometry": { "type": "MultiPolygon", "coordinates": [ [ [ [ -42.3621, -18.9257 ], [ -42.4847, -18.9627 ], [ -42.4875, -18.9375 ], [ -42.5277, -18.9449 ], [ -42.6615, -19.1255 ], [ -42.3536, -19.1493 ], [ -42.2505, -18.9738 ], [ -42.3554, -18.9605 ], [ -42.3621, -18.9257 ] ] ], [ [ [ -41.7531, -19.3807 ], [ -41.7677, -19.4065 ], [ -41.8434, -19.4362 ], [ -41.959, -19.3436 ], [ -42.0284, -19.3767 ], [ -42.1511, -19.4373 ], [ -42.2137, -19.4864 ], [ -42.2442, -19.5471 ], [ -42.2136, -19.6141 ], [ -42.1272, -19.6237 ], [ -42.0927, -19.6046 ], [ -41.8884, -19.5736 ], [ -41.8543, -19.5834 ], [ -41.6532, -19.5326 ], [ -41.7531, -19.3807 ] ] ], [ [ [ -43.0109, -19.4423 ], [ -43.0844, -19.6744 ], [ -43.0925, -19.7192 ], [ -43.0808, -19.7479 ], [ -43.1931, -19.8678 ], [ -43.2205, -19.8928 ], [ -43.2337, -19.9274 ], [ -43.2631, -20.0645 ], [ -43.2359, -20.0453 ], [ -42.9986, -20.0042 ], [ -42.9513, -20.0065 ], [ -42.7774, -19.9585 ], [ -42.6908, -19.9879 ], [ -42.6944, -19.9977 ], [ -42.628, -19.9552 ], [ -42.6369, -19.9273 ], [ -42.6095, -19.8943 ], [ -42.4881, -19.7828 ], [ -42.7477, -19.6905 ], [ -42.4881, -19.7828 ], [ -42.4444, -19.7077 ], [ -42.3691, -19.7216 ], [ -42.3348, -19.8109 ], [ -42.3671, -19.8325 ], [ -42.3573, -19.9267 ], [ -42.3037, -19.9373 ], [ -42.2855, -19.9239 ], [ -42.236, -19.9257 ], [ -42.1628, -19.9295 ], [ -42.1526, -19.878 ], [ -42.1731, -19.829 ], [ -41.9736, -19.8804 ], [ -41.892, -19.8868 ], [ -41.7964, -19.7746 ], [ -41.8406, -19.6873 ], [ -41.8382, -19.6358 ], [ -41.8017, -19.6215 ], [ -41.8543, -19.5834 ], [ -41.9542, -19.7199 ], [ -42.0084, -19.7327 ], [ -41.9964, -19.7821 ], [ -42.0184, -19.7089 ], [ -42.0636, -19.6864 ], [ -42.0951, -19.7498 ], [ -42.0955, -19.74 ], [ -42.1183, -19.7374 ], [ -42.1195, -19.6778 ], [ -42.1573, -19.6737 ], [ -42.1618, -19.6154 ], [ -42.2149, -19.5578 ], [ -42.2996, -19.5209 ], [ -42.2873, -19.49 ], [ -42.3764, -19.4451 ], [ -42.2873, -19.49 ], [ -42.2954, -19.5266 ], [ -42.2442, -19.5471 ], [ -42.214, -19.4868 ], [ -42.1528, -19.438 ], [ -42.1911, -19.4212 ], [ -42.1511, -19.4373 ], [ -42.2847, -19.2908 ], [ -42.4732, -19.4646 ], [ -42.5218, -19.5764 ], [ -42.5701, -19.5218 ], [ -42.7092, -19.6078 ], [ -42.6045, -19.4916 ], [ -42.5701, -19.5218 ], [ -42.4732, -19.4646 ], [ -42.3163, -19.2381 ], [ -42.5189, -19.1574 ], [ -42.6364, -19.3617 ], [ -42.742, -19.3553 ], [ -43.0109, -19.4423 ] ], [ [ -42.32, -19.6423 ], [ -42.3477, -19.5902 ], [ -42.2679, -19.5536 ], [ -42.1979, -19.6495 ], [ -42.32, -19.6423 ] ] ], [ [ [ -42.7246, -18.9137 ], [ -42.7873, -19.0346 ], [ -42.6871, -18.923 ], [ -42.7246, -18.9137 ] ] ], [ [ [ -42.3634, -19.7602 ], [ -42.4568, -19.764 ], [ -42.5507, -19.8858 ], [ -42.4738, -19.909 ], [ -42.4373, -19.8545 ], [ -42.3704, -19.8598 ], [ -42.3634, -19.7602 ] ] ], [ [ [ -42.0877, -19.3511 ], [ -42.1168, -19.3452 ], [ -42.0284, -19.3767 ], [ -42.0877, -19.3511 ] ] ], [ [ [ -41.8884, -19.5736 ], [ -42.0927, -19.6046 ], [ -42.1618, -19.6154 ], [ -42.167, -19.6472 ], [ -42.157, -19.674 ], [ -42.1193, -19.6782 ], [ -42.1288, -19.712 ], [ -42.1121, -19.7411 ], [ -42.0816, -19.7287 ], [ -42.0646, -19.6867 ], [ -42.0376, -19.708 ], [ -41.9695, -19.6989 ], [ -41.9851, -19.6807 ], [ -42.024, -19.7055 ], [ -42.0084, -19.7327 ], [ -41.9173, -19.6695 ], [ -41.8884, -19.5736 ] ] ], [ [ [ -42.6615, -19.1255 ], [ -42.7442, -19.2805 ], [ -42.742, -19.3553 ], [ -42.6976, -19.3538 ], [ -42.6615, -19.1255 ] ] ], [ [ [ -42.3107, -20.1428 ], [ -42.3234, -20.0551 ], [ -42.2619, -19.9969 ], [ -42.1715, -19.9981 ], [ -42.159, -19.9582 ], [ -42.1764, -19.9251 ], [ -42.3529, -19.9288 ], [ -42.3704, -19.8598 ], [ -42.4671, -19.9075 ], [ -42.4882, -19.8968 ], [ -42.5139, -19.9066 ], [ -42.5516, -19.886 ], [ -42.5029, -20.0507 ], [ -42.4903, -20.1343 ], [ -42.4407, -20.1953 ], [ -42.3107, -20.1428 ] ] ], [ [ [ -42.0943, -19.8957 ], [ -42.1567, -19.9135 ], [ -42.1683, -19.936 ], [ -42.1632, -19.9898 ], [ -42.0755, -19.9371 ], [ -42.0943, -19.8957 ] ] ], [ [ [ -43.3884, -19.8569 ], [ -43.4349, -19.8779 ], [ -43.1931, -19.8678 ], [ -43.2231, -19.8063 ], [ -43.3343, -19.6767 ], [ -43.3884, -19.8569 ] ] ], [ [ [ -42.2679, -19.5536 ], [ -42.3477, -19.5902 ], [ -42.32, -19.6423 ], [ -42.2679, -19.5536 ] ] ] ] } },
{ "type": "Feature", "properties": { "cod_rgi": "3106", "nome_rgi": "Juíz de Fora" }, "geometry": { "type": "MultiPolygon", "coordinates": [ [ [ [ -42.4407, -20.1953 ], [ -42.5594, -20.2877 ], [ -42.5137, -20.519 ], [ -42.4189, -20.4148 ], [ -42.3636, -20.2476 ], [ -42.3107, -20.1428 ], [ -42.4407, -20.1953 ] ] ], [ [ [ -43.1528, -20.3762 ], [ -43.0769, -20.432 ], [ -43.1573, -20.5116 ], [ -43.121, -20.6037 ], [ -43.0795, -20.5815 ], [ -43.0096, -20.6206 ], [ -43.0795, -20.5815 ], [ -43.1581, -20.6423 ], [ -43.1643, -20.6607 ], [ -43.0979, -20.708 ], [ -42.9969, -20.7564 ], [ -42.9764, -20.6967 ], [ -42.7578, -20.55 ], [ -42.7473, -20.4883 ], [ -42.8136, -20.4679 ], [ -42.8406, -20.4877 ], [ -42.8311, -20.4027 ], [ -42.7861, -20.3396 ], [ -42.8978, -20.174 ], [ -42.9537, -20.3199 ], [ -42.8978, -20.174 ], [ -42.9057, -20.0785 ], [ -43.0407, -20.1615 ], [ -43.1457, -20.2336 ], [ -43.1777, -20.3146 ], [ -43.1528, -20.3762 ] ] ], [ [ [ -42.4704, -21.657 ], [ -42.4047, -21.5754 ], [ -42.2546, -21.487 ], [ -42.2294, -21.3515 ], [ -42.3978, -21.3003 ], [ -42.4188, -21.2589 ], [ -42.4464, -21.2549 ], [ -42.529, -21.3365 ], [ -42.536, -21.3731 ], [ -42.3716, -21.4925 ], [ -42.536, -21.3731 ], [ -42.5646, -21.3504 ], [ -42.5884, -21.2612 ], [ -42.6763, -21.2364 ], [ -42.7781, -21.3961 ], [ -43.0463, -21.4008 ], [ -43.1347, -21.5982 ], [ -42.8138, -21.6735 ], [ -42.8815, -21.8318 ], [ -42.885, -21.901 ], [ -42.9198, -21.9294 ], [ -42.9259, -21.9798 ], [ -42.9127, -21.9739 ], [ -42.9082, -21.99 ], [ -42.8814, -21.9593 ], [ -42.4632, -21.7862 ], [ -42.4013, -21.7528 ], [ -42.4222, -21.741 ], [ -42.4704, -21.657 ] ] ], [ [ [ -41.9323, -20.4923 ], [ -41.9909, -20.482 ], [ -41.7994, -20.4773 ], [ -41.8034, -20.4222 ], [ -41.9909, -20.482 ], [ -41.9323, -20.4923 ] ] ], [ [ [ -42.9986, -20.0042 ], [ -43.2359, -20.0453 ], [ -43.2631, -20.0645 ], [ -43.3114, -20.0958 ], [ -43.361, -20.2041 ], [ -43.1923, -20.1743 ], [ -43.0407, -20.1615 ], [ -42.9513, -20.0065 ], [ -42.9986, -20.0042 ] ] ], [ [ [ -44.3989, -21.7043 ], [ -44.449, -21.7501 ], [ -44.4702, -21.7572 ], [ -44.4687, -21.7695 ], [ -44.3268, -21.8698 ], [ -44.2605, -21.8893 ], [ -44.1207, -21.8035 ], [ -44.0764, -21.7966 ], [ -44.1669, -21.6157 ], [ -44.2149, -21.5809 ], [ -44.3728, -21.649 ], [ -44.3554, -21.6565 ], [ -44.3989, -21.7043 ] ] ], [ [ [ -42.4901, -20.8293 ], [ -42.4336, -20.7513 ], [ -42.4901, -20.8293 ], [ -42.514, -20.867 ], [ -42.4164, -20.9439 ], [ -42.3457, -20.9138 ], [ -42.2954, -20.8721 ], [ -42.267, -20.8619 ], [ -42.2598, -20.8425 ], [ -42.2354, -20.8384 ], [ -42.2013, -20.8159 ], [ -42.2179, -20.7925 ], [ -42.2059, -20.7633 ], [ -42.2469, -20.7371 ], [ -42.2709, -20.7569 ], [ -42.2547, -20.7537 ], [ -42.234, -20.7051 ], [ -42.2424, -20.6931 ], [ -42.2161, -20.6662 ], [ -42.2466, -20.6515 ], [ -42.309, -20.5713 ], [ -42.5606, -20.6026 ], [ -42.6688, -20.8128 ], [ -42.8109, -20.9359 ], [ -42.83, -20.8089 ], [ -42.8455, -20.839 ], [ -42.8861, -20.8248 ], [ -42.9112, -20.8908 ], [ -42.9666, -21.0454 ], [ -43.0992, -20.9553 ], [ -43.0816, -21.0728 ], [ -42.8151, -21.1921 ], [ -42.6809, -21.1147 ], [ -42.6459, -21.0418 ], [ -42.4901, -20.8293 ] ] ], [ [ [ -42.2978, -21.1865 ], [ -42.2242, -21.3378 ], [ -42.1897, -21.2505 ], [ -42.2978, -21.1865 ] ] ], [ [ [ -43.3746, -21.896 ], [ -43.2812, -21.8225 ], [ -43.2514, -21.8283 ], [ -43.237, -21.8618 ], [ -43.1888, -21.8546 ], [ -43.1876, -21.7429 ], [ -43.1897, -21.609 ], [ -43.2673, -21.6587 ], [ -43.3246, -21.6628 ], [ -43.4897, -21.5491 ], [ -43.5422, -21.6208 ], [ -43.8151, -21.5567 ], [ -43.8413, -21.5803 ], [ -43.6601, -21.7231 ], [ -43.6655, -21.8532 ], [ -43.5038, -22.0752 ], [ -43.2455, -22.0066 ], [ -43.2277, -22.0288 ], [ -43.3137, -21.9197 ], [ -43.3726, -21.9186 ], [ -43.3746, -21.896 ] ] ], [ [ [ -44.4554, -22.1021 ], [ -44.6066, -22.2256 ], [ -44.6661, -22.3202 ], [ -44.4599, -22.28 ], [ -44.4145, -22.2542 ], [ -44.3399, -22.2173 ], [ -44.3194, -22.1555 ], [ -44.4297, -22.1156 ], [ -44.4554, -22.1021 ] ] ], [ [ [ -43.9769, -21.9567 ], [ -44.0989, -21.876 ], [ -44.1207, -21.8035 ], [ -44.2366, -21.9799 ], [ -44.0514, -22.0324 ], [ -43.9769, -21.9567 ] ] ], [ [ [ -43.154, -20.8159 ], [ -43.2891, -20.9132 ], [ -43.2391, -20.969 ], [ -43.1642, -20.8935 ], [ -43.154, -20.8159 ] ] ], [ [ [ -41.8728, -20.7429 ], [ -41.8566, -20.7477 ], [ -41.8507, -20.6912 ], [ -41.9111, -20.6612 ], [ -41.9519, -20.6814 ], [ -41.9682, -20.7326 ], [ -41.9287, -20.7397 ], [ -41.9342, -20.7896 ], [ -41.9012, -20.7962 ], [ -41.8728, -20.7429 ] ] ], [ [ [ -42.6088, -20.6059 ], [ -42.7578, -20.55 ], [ -42.7691, -20.6677 ], [ -42.6657, -20.6998 ], [ -42.6533, -20.7156 ], [ -42.6088, -20.6059 ] ] ], [ [ [ -42.3646, -20.4047 ], [ -41.9685, -20.2103 ], [ -41.934, -20.1737 ], [ -41.8297, -20.1151 ], [ -41.8417, -19.942 ], [ -41.8907, -19.9549 ], [ -41.892, -19.8868 ], [ -41.9736, -19.8804 ], [ -42.0755, -19.9371 ], [ -42.1632, -19.9898 ], [ -42.3636, -20.2476 ], [ -42.3646, -20.4047 ] ] ], [ [ [ -42.0773, -20.5997 ], [ -42.1412, -20.6915 ], [ -42.1821, -20.6799 ], [ -42.1857, -20.6901 ], [ -42.219, -20.6667 ], [ -42.242, -20.6922 ], [ -42.2375, -20.7207 ], [ -42.2531, -20.7303 ], [ -42.206, -20.763 ], [ -42.218, -20.7923 ], [ -42.2013, -20.8159 ], [ -42.1793, -20.8025 ], [ -42.1598, -20.7566 ], [ -42.0858, -20.7307 ], [ -41.9889, -20.7863 ], [ -41.9674, -20.7551 ], [ -41.9574, -20.6955 ], [ -41.9877, -20.657 ], [ -42.0773, -20.5997 ] ] ], [ [ [ -42.885, -21.901 ], [ -42.8815, -21.8318 ], [ -42.9442, -21.7693 ], [ -43.1555, -21.8984 ], [ -43.237, -21.8618 ], [ -43.2277, -22.0288 ], [ -43.1547, -22.0775 ], [ -43.1168, -22.0851 ], [ -43.0332, -22.0659 ], [ -43.0392, -22.0446 ], [ -42.9082, -21.99 ], [ -42.9324, -21.9698 ], [ -42.9076, -21.908 ], [ -42.885, -21.901 ] ] ], [ [ [ -41.5732, -19.8518 ], [ -41.7092, -19.8638 ], [ -41.8417, -19.942 ], [ -41.8075, -19.9895 ], [ -41.6981, -19.9544 ], [ -41.5371, -20.0596 ], [ -41.6626, -20.097 ], [ -41.7363, -20.1924 ], [ -41.7568, -20.2069 ], [ -41.4111, -20.2074 ], [ -41.3821, -20.1888 ], [ -41.2905, -19.8842 ], [ -41.3359, -19.8339 ], [ -41.393, -19.7492 ], [ -41.4276, -19.6932 ], [ -41.5515, -19.7224 ], [ -41.5732, -19.8518 ] ] ], [ [ [ -43.2317, -21.6178 ], [ -43.3246, -21.6628 ], [ -43.2673, -21.6587 ], [ -43.2317, -21.6178 ] ] ], [ [ [ -43.2137, -20.4576 ], [ -43.2315, -20.4446 ], [ -43.291, -20.4966 ], [ -43.2569, -20.5228 ], [ -43.2513, -20.5477 ], [ -43.1101, -20.5002 ], [ -43.0769, -20.432 ], [ -43.2137, -20.4576 ] ] ], [ [ [ -42.9666, -21.0454 ], [ -42.9112, -20.8908 ], [ -42.8861, -20.8248 ], [ -42.8455, -20.839 ], [ -42.826, -20.7551 ], [ -42.7691, -20.6677 ], [ -42.9764, -20.6967 ], [ -42.9969, -20.7564 ], [ -43.0817, -20.8595 ], [ -43.0369, -20.9294 ], [ -42.9666, -21.0454 ] ] ], [ [ [ -42.309, -20.5713 ], [ -42.3075, -20.5359 ], [ -42.3485, -20.5443 ], [ -42.309, -20.5713 ] ] ], [ [ [ -41.7363, -20.1924 ], [ -41.7686, -20.0669 ], [ -41.8297, -20.1151 ], [ -41.8221, -20.3109 ], [ -41.78, -20.2923 ], [ -41.7755, -20.254 ], [ -41.8203, -20.2341 ], [ -41.775, -20.2601 ], [ -41.7585, -20.2082 ], [ -41.7363, -20.1924 ] ] ], [ [ [ -41.8254, -20.4833 ], [ -42.0773, -20.5997 ], [ -41.9877, -20.657 ], [ -41.9145, -20.6611 ], [ -41.8507, -20.6912 ], [ -41.8174, -20.6245 ], [ -41.8254, -20.4833 ] ] ], [ [ [ -42.1447, -21.0719 ], [ -42.2657, -20.9542 ], [ -42.3026, -21.0184 ], [ -42.2961, -21.0863 ], [ -42.3361, -21.1838 ], [ -42.2978, -21.1865 ], [ -42.1447, -21.0719 ] ] ], [ [ [ -43.5869, -21.5696 ], [ -43.4897, -21.5491 ], [ -43.4729, -21.5306 ], [ -43.5869, -21.5696 ] ] ], [ [ [ -41.9682, -20.7326 ], [ -41.9876, -20.7863 ], [ -42.075, -20.732 ], [ -42.1599, -20.7568 ], [ -42.1722, -20.7857 ], [ -41.9267, -20.8388 ], [ -41.9339, -20.7356 ], [ -41.9682, -20.7326 ] ] ], [ [ [ -43.2317, -21.6178 ], [ -43.1897, -21.609 ], [ -43.1347, -21.5982 ], [ -43.1587, -21.3912 ], [ -43.257, -21.5063 ], [ -43.2317, -21.6178 ] ] ], [ [ [ -42.9264, -21.3028 ], [ -43.1051, -21.2628 ], [ -43.1198, -21.1191 ], [ -43.2521, -21.2426 ], [ -43.3086, -21.3918 ], [ -43.1587, -21.3912 ], [ -42.9264, -21.3028 ] ] ], [ [ [ -41.8382, -19.6358 ], [ -41.8406, -19.6873 ], [ -41.7964, -19.7746 ], [ -41.7092, -19.8638 ], [ -41.6949, -19.6441 ], [ -41.8017, -19.6215 ], [ -41.8382, -19.6358 ] ] ], [ [ [ -42.6561, -20.3573 ], [ -42.7473, -20.4883 ], [ -42.6088, -20.6059 ], [ -42.5137, -20.519 ], [ -42.6561, -20.3573 ] ] ], [ [ [ -44.3986, -21.8664 ], [ -44.4089, -21.9739 ], [ -44.4292, -22.0335 ], [ -44.4297, -22.1156 ], [ -44.3194, -22.1555 ], [ -44.2366, -21.9799 ], [ -44.3268, -21.8698 ], [ -44.3986, -21.8664 ] ] ], [ [ [ -43.7008, -21.7914 ], [ -44.017, -21.6764 ], [ -43.9876, -21.6969 ], [ -44.0764, -21.7966 ], [ -44.0989, -21.876 ], [ -43.9769, -21.9567 ], [ -43.6866, -21.8333 ], [ -43.7008, -21.7914 ] ] ], [ [ [ -43.2812, -21.8225 ], [ -43.3726, -21.9186 ], [ -43.3137, -21.9197 ], [ -43.2514, -21.8283 ], [ -43.2812, -21.8225 ] ] ], [ [ [ -43.2397, -21.0877 ], [ -43.356, -21.0949 ], [ -43.4663, -21.3092 ], [ -43.4239, -21.3367 ], [ -43.3242, -21.2965 ], [ -43.2521, -21.2426 ], [ -43.2397, -21.0877 ] ] ], [ [ [ -42.5466, -21.044 ], [ -42.6809, -21.1147 ], [ -42.6763, -21.2364 ], [ -42.536, -21.2266 ], [ -42.4637, -21.2694 ], [ -42.4275, -21.2541 ], [ -42.3991, -21.3006 ], [ -42.3468, -21.3017 ], [ -42.3312, -21.2723 ], [ -42.3361, -21.1838 ], [ -42.2543, -21.0501 ], [ -42.3019, -21.0203 ], [ -42.2946, -20.9953 ], [ -42.3102, -20.9818 ], [ -42.4164, -20.9439 ], [ -42.514, -20.867 ], [ -42.5466, -21.044 ] ] ], [ [ [ -43.4663, -21.3092 ], [ -43.5035, -21.2982 ], [ -43.5808, -21.3188 ], [ -43.5923, -21.3377 ], [ -43.6311, -21.3757 ], [ -43.4239, -21.3367 ], [ -43.4663, -21.3092 ] ] ], [ [ [ -42.8406, -20.4877 ], [ -42.8136, -20.4679 ], [ -42.8311, -20.4027 ], [ -42.8406, -20.4877 ] ] ], [ [ [ -44.2176, -22.1055 ], [ -44.3399, -22.2173 ], [ -44.2635, -22.2434 ], [ -44.2176, -22.1055 ] ] ], [ [ [ -42.3646, -20.4047 ], [ -42.4189, -20.4148 ], [ -42.3485, -20.5443 ], [ -42.3646, -20.4047 ] ] ], [ [ [ -42.1722, -20.7857 ], [ -42.2113, -20.8243 ], [ -42.16, -20.9771 ], [ -42.0231, -20.9251 ], [ -41.9544, -20.8653 ], [ -41.9297, -20.8436 ], [ -41.9703, -20.8198 ], [ -41.9858, -20.8286 ], [ -42.0378, -20.8073 ], [ -42.1093, -20.8063 ], [ -42.0992, -20.8408 ], [ -42.1086, -20.8575 ], [ -42.1016, -20.802 ], [ -42.1722, -20.7857 ] ] ], [ [ [ -42.9264, -21.3028 ], [ -43.0231, -21.2064 ], [ -43.1051, -21.2628 ], [ -42.9264, -21.3028 ] ] ], [ [ [ -41.4276, -19.6932 ], [ -41.3813, -19.5883 ], [ -41.4321, -19.5407 ], [ -41.4659, -19.5332 ], [ -41.5381, -19.4879 ], [ -41.5907, -19.466 ], [ -41.6532, -19.5326 ], [ -41.6949, -19.6441 ], [ -41.6529, -19.6908 ], [ -41.5515, -19.7224 ], [ -41.4276, -19.6932 ] ] ], [ [ [ -42.6908, -19.9879 ], [ -42.9057, -20.0785 ], [ -42.7077, -20.149 ], [ -42.6512, -20.2767 ], [ -42.5551, -20.2677 ], [ -42.4903, -20.1343 ], [ -42.5029, -20.0507 ], [ -42.5516, -19.886 ], [ -42.6369, -19.9273 ], [ -42.628, -19.9552 ], [ -42.6072, -20.1394 ], [ -42.6944, -19.9977 ], [ -42.6908, -19.9879 ] ] ], [ [ [ -44.0872, -22.1846 ], [ -44.0673, -22.162 ], [ -43.9771, -22.1464 ], [ -43.7657, -22.0622 ], [ -43.7411, -22.0954 ], [ -43.6196, -22.0843 ], [ -43.6866, -21.8333 ], [ -44.0514, -22.0324 ], [ -44.2176, -22.1055 ], [ -44.1233, -22.1877 ], [ -44.0872, -22.1846 ] ] ], [ [ [ -42.6512, -20.2767 ], [ -42.6561, -20.3573 ], [ -42.5594, -20.2877 ], [ -42.5551, -20.2677 ], [ -42.6512, -20.2767 ] ] ], [ [ [ -43.4992, -21.3959 ], [ -43.6717, -21.4397 ], [ -43.6547, -21.47 ], [ -43.6771, -21.5566 ], [ -43.5869, -21.5696 ], [ -43.4729, -21.5306 ], [ -43.3086, -21.3918 ], [ -43.4992, -21.3959 ] ] ], [ [ [ -42.6657, -20.6998 ], [ -42.6688, -20.8128 ], [ -42.6533, -20.7156 ], [ -42.6657, -20.6998 ] ] ], [ [ [ -43.0369, -20.9294 ], [ -43.0817, -20.8595 ], [ -43.1642, -20.8935 ], [ -43.0992, -20.9553 ], [ -43.0369, -20.9294 ] ] ] ] } },
{ "type": "Feature", "properties": { "cod_rgi": "3107", "nome_rgi": "Barbacena" }, "geometry": { "type": "MultiPolygon", "coordinates": [ [ [ [ -43.5923, -21.3377 ], [ -43.66, -21.0324 ], [ -43.7679, -21.0347 ], [ -43.9796, -21.1448 ], [ -43.9297, -21.0628 ], [ -44.083, -20.9944 ], [ -44.1447, -21.0331 ], [ -44.1429, -21.0961 ], [ -44.1008, -21.1204 ], [ -44.0919, -21.1621 ], [ -44.1259, -21.1818 ], [ -44.1209, -21.2029 ], [ -44.1211, -21.1782 ], [ -44.164, -21.1321 ], [ -44.2294, -21.1278 ], [ -44.2034, -21.1014 ], [ -44.2345, -21.0645 ], [ -44.3358, -21.0827 ], [ -44.6606, -21.0972 ], [ -44.6701, -21.1175 ], [ -44.7229, -21.2258 ], [ -44.6907, -21.2171 ], [ -44.58, -21.3275 ], [ -44.5113, -21.3541 ], [ -44.4665, -21.4571 ], [ -44.4384, -21.5064 ], [ -44.4266, -21.5544 ], [ -44.2149, -21.5809 ], [ -44.2361, -21.4831 ], [ -44.134, -21.5701 ], [ -44.0891, -21.4354 ], [ -43.7437, -21.2861 ], [ -43.6311, -21.3757 ], [ -43.5923, -21.3377 ] ] ], [ [ [ -43.3594, -20.9449 ], [ -43.2891, -20.9132 ], [ -43.315, -20.8548 ], [ -43.5316, -20.9964 ], [ -43.465, -21.1309 ], [ -43.4372, -21.1413 ], [ -43.2391, -20.969 ], [ -43.3594, -20.9449 ] ] ], [ [ [ -43.7437, -21.2861 ], [ -44.0891, -21.4354 ], [ -44.0842, -21.5594 ], [ -43.8413, -21.5803 ], [ -43.8151, -21.5567 ], [ -43.8355, -21.4706 ], [ -43.6771, -21.5566 ], [ -43.6547, -21.47 ], [ -43.6717, -21.4397 ], [ -43.7437, -21.2861 ] ] ], [ [ [ -44.1587, -20.5112 ], [ -44.1942, -20.5347 ], [ -44.2319, -20.5372 ], [ -44.2551, -20.5281 ], [ -44.3034, -20.552 ], [ -44.3156, -20.5855 ], [ -44.3, -20.6036 ], [ -44.3572, -20.6081 ], [ -44.3588, -20.6355 ], [ -44.4567, -20.8165 ], [ -44.2837, -20.9557 ], [ -44.1214, -20.969 ], [ -43.9745, -20.8814 ], [ -43.9709, -20.7304 ], [ -43.9653, -20.5971 ], [ -44.043, -20.6255 ], [ -43.9653, -20.5971 ], [ -43.9319, -20.4192 ], [ -44.0381, -20.3439 ], [ -44.0855, -20.3258 ], [ -44.1332, -20.3219 ], [ -44.1581, -20.357 ], [ -44.1615, -20.4431 ], [ -44.1587, -20.5112 ] ] ], [ [ [ -43.7813, -20.8542 ], [ -43.8195, -20.9 ], [ -43.7416, -20.9335 ], [ -43.7813, -20.8542 ] ] ], [ [ [ -43.8985, -20.9167 ], [ -43.9297, -21.0628 ], [ -43.7679, -21.0347 ], [ -43.7416, -20.9335 ], [ -43.8195, -20.9 ], [ -43.797, -20.8839 ], [ -43.8162, -20.8719 ], [ -43.8427, -20.8891 ], [ -43.8955, -20.8858 ], [ -43.8985, -20.9167 ] ] ], [ [ [ -43.9745, -20.8814 ], [ -43.8985, -20.9167 ], [ -43.947, -20.7518 ], [ -43.9745, -20.8814 ] ] ], [ [ [ -43.8872, -20.4198 ], [ -43.873, -20.6184 ], [ -43.7029, -20.5518 ], [ -43.8021, -20.5029 ], [ -43.8872, -20.4198 ] ] ], [ [ [ -43.7108, -20.6397 ], [ -43.6596, -20.4337 ], [ -43.7154, -20.4639 ], [ -43.7478, -20.4603 ], [ -43.7029, -20.5518 ], [ -43.93, -20.6418 ], [ -43.8194, -20.7725 ], [ -43.7108, -20.6397 ] ] ], [ [ [ -44.1214, -20.969 ], [ -44.2783, -21.0166 ], [ -44.1773, -21.0663 ], [ -44.1214, -20.969 ] ] ], [ [ [ -43.8194, -20.7725 ], [ -43.884, -20.793 ], [ -43.8951, -20.8244 ], [ -43.8805, -20.8527 ], [ -43.898, -20.8845 ], [ -43.8838, -20.8954 ], [ -43.8168, -20.8719 ], [ -43.797, -20.8839 ], [ -43.7813, -20.8542 ], [ -43.8194, -20.7725 ] ] ], [ [ [ -43.465, -21.1309 ], [ -43.5611, -21.1318 ], [ -43.4372, -21.1413 ], [ -43.465, -21.1309 ] ] ], [ [ [ -43.3677, -20.5496 ], [ -43.373, -20.7542 ], [ -43.1643, -20.6607 ], [ -43.1581, -20.6423 ], [ -43.1407, -20.5717 ], [ -43.1573, -20.5116 ], [ -43.2509, -20.5478 ], [ -43.2609, -20.5179 ], [ -43.3007, -20.4943 ], [ -43.3333, -20.5255 ], [ -43.3677, -20.5496 ] ] ], [ [ [ -44.2837, -20.9557 ], [ -44.4715, -20.9858 ], [ -44.3358, -21.0827 ], [ -44.2837, -20.9557 ] ] ], [ [ [ -44.1669, -21.6157 ], [ -43.9876, -21.6969 ], [ -44.017, -21.6764 ], [ -44.134, -21.5701 ], [ -44.1669, -21.6157 ] ] ], [ [ [ -44.4715, -20.9858 ], [ -44.5962, -20.8228 ], [ -44.6516, -20.8718 ], [ -44.6693, -20.85 ], [ -44.7091, -20.8489 ], [ -44.6585, -20.9009 ], [ -44.6635, -20.9826 ], [ -44.6402, -20.9963 ], [ -44.4715, -20.9858 ] ] ], [ [ [ -44.3728, -21.649 ], [ -44.4266, -21.5544 ], [ -44.4711, -21.5496 ], [ -44.5727, -21.7002 ], [ -44.5461, -21.7683 ], [ -44.4687, -21.7695 ], [ -44.4702, -21.7572 ], [ -44.449, -21.7501 ], [ -44.3989, -21.7043 ], [ -44.3554, -21.6565 ], [ -44.3728, -21.649 ] ] ], [ [ [ -44.1998, -21.1228 ], [ -44.163, -21.1328 ], [ -44.1365, -21.171 ], [ -44.1159, -21.1785 ], [ -44.0921, -21.1631 ], [ -44.1006, -21.1206 ], [ -44.1424, -21.0968 ], [ -44.1429, -21.0733 ], [ -44.1818, -21.0938 ], [ -44.1773, -21.0663 ], [ -44.2144, -21.0524 ], [ -44.2238, -21.0824 ], [ -44.1998, -21.1228 ] ] ] ] } },
{ "type": "Feature", "properties": { "cod_rgi": "3108", "nome_rgi": "Varginha" }, "geometry": { "type": "MultiPolygon", "coordinates": [ [ [ [ -45.3639, -20.9125 ], [ -45.4453, -20.8955 ], [ -45.3425, -21.0688 ], [ -45.3639, -20.9125 ] ] ], [ [ [ -46.0555, -21.3079 ], [ -46.1178, -21.3211 ], [ -46.2422, -21.3245 ], [ -46.2404, -21.4217 ], [ -46.2991, -21.4707 ], [ -46.2527, -21.5542 ], [ -46.0644, -21.4894 ], [ -46.018, -21.5 ], [ -45.9506, -21.5557 ], [ -45.8531, -21.5865 ], [ -45.8546, -21.5081 ], [ -45.8194, -21.4238 ], [ -45.8442, -21.4166 ], [ -45.825, -21.3242 ], [ -45.8548, -21.285 ], [ -45.9528, -21.2399 ], [ -45.9478, -21.165 ], [ -45.9734, -21.14 ], [ -46.0149, -21.1854 ], [ -46.0171, -21.2493 ], [ -46.0555, -21.3079 ] ] ], [ [ [ -46.399, -20.6738 ], [ -46.4635, -20.8915 ], [ -46.4607, -20.9991 ], [ -46.6121, -21.2919 ], [ -46.3493, -21.1794 ], [ -46.1178, -21.3211 ], [ -46.0555, -21.3079 ], [ -46.0171, -21.2493 ], [ -46.0149, -21.1854 ], [ -45.9283, -20.9997 ], [ -45.7371, -20.8645 ], [ -45.6893, -20.8968 ], [ -45.6815, -20.8594 ], [ -45.658, -20.8744 ], [ -45.614, -20.868 ], [ -45.5894, -20.9365 ], [ -45.4654, -20.9263 ], [ -45.4453, -20.8955 ], [ -45.529, -20.6896 ], [ -45.7916, -20.7157 ], [ -45.9468, -20.6154 ], [ -45.9676, -20.5881 ], [ -46.0878, -20.6913 ], [ -46.1255, -20.8159 ], [ -46.0507, -20.8632 ], [ -46.1255, -20.8159 ], [ -46.1668, -20.8009 ], [ -46.3583, -20.9896 ], [ -46.1668, -20.8009 ], [ -46.0878, -20.6913 ], [ -45.9892, -20.5585 ], [ -45.9262, -20.5359 ], [ -45.8901, -20.5408 ], [ -45.8801, -20.3317 ], [ -46.0788, -20.3545 ], [ -46.274, -20.3338 ], [ -46.1048, -20.3197 ], [ -46.1198, -20.2841 ], [ -46.3119, -20.1469 ], [ -46.3501, -20.06 ], [ -46.374, -20.0501 ], [ -46.405, -20.0002 ], [ -46.5655, -19.996 ], [ -46.8224, -20.0686 ], [ -46.8938, -20.1711 ], [ -46.9836, -20.1958 ], [ -47.1092, -20.2038 ], [ -47.1035, -20.246 ], [ -47.1518, -20.2329 ], [ -47.1763, -20.2406 ], [ -47.1829, -20.3962 ], [ -47.1135, -20.538 ], [ -47.1087, -20.6208 ], [ -47.0969, -20.6445 ], [ -47.101, -20.682 ], [ -46.9194, -20.8229 ], [ -46.8746, -20.8857 ], [ -46.6723, -20.8682 ], [ -46.6478, -20.8907 ], [ -46.6075, -20.9578 ], [ -46.4635, -20.8915 ], [ -46.399, -20.6738 ], [ -46.2753, -20.6601 ], [ -46.2219, -20.5055 ], [ -46.2522, -20.4627 ], [ -46.2219, -20.5055 ], [ -46.2753, -20.6601 ], [ -46.399, -20.6738 ] ] ], [ [ [ -46.9003, -21.2779 ], [ -47.0115, -21.4223 ], [ -46.9208, -21.4271 ], [ -46.883, -21.374 ], [ -46.9003, -21.2779 ] ] ], [ [ [ -45.4334, -21.1413 ], [ -45.419, -21.0226 ], [ -45.4727, -21.0194 ], [ -45.5373, -20.9376 ], [ -45.5957, -20.933 ], [ -45.6794, -20.8615 ], [ -45.6895, -20.9781 ], [ -45.7745, -21.0297 ], [ -45.9283, -20.9997 ], [ -45.9218, -21.0391 ], [ -45.7616, -21.0905 ], [ -45.5945, -21.1444 ], [ -45.5314, -21.1759 ], [ -45.4334, -21.1413 ] ] ], [ [ [ -44.7091, -20.8489 ], [ -44.758, -20.8739 ], [ -44.805, -20.8976 ], [ -44.8362, -20.8642 ], [ -44.8333, -20.8414 ], [ -45.0758, -20.9202 ], [ -44.9497, -21.109 ], [ -45.0924, -20.9506 ], [ -45.1566, -20.9395 ], [ -45.0687, -20.7625 ], [ -45.1055, -20.7158 ], [ -45.137, -20.7128 ], [ -45.246, -20.665 ], [ -45.3163, -20.6559 ], [ -45.4041, -20.6527 ], [ -45.3639, -20.9125 ], [ -45.3425, -21.0688 ], [ -45.4334, -21.1413 ], [ -45.5314, -21.1759 ], [ -45.4776, -21.1987 ], [ -45.4394, -21.3025 ], [ -45.4826, -21.2955 ], [ -45.5699, -21.296 ], [ -45.6173, -21.3093 ], [ -45.5945, -21.1444 ], [ -45.7616, -21.0905 ], [ -45.9218, -21.0391 ], [ -45.9734, -21.14 ], [ -45.9478, -21.165 ], [ -45.8468, -21.2922 ], [ -45.8243, -21.3273 ], [ -45.8293, -21.3968 ], [ -45.5917, -21.4587 ], [ -45.582, -21.4744 ], [ -45.2222, -21.3739 ], [ -45.2304, -21.5626 ], [ -45.1124, -21.5424 ], [ -45.097, -21.5018 ], [ -45.0504, -21.501 ], [ -45.0462, -21.4186 ], [ -44.9681, -21.3468 ], [ -45.0858, -21.4003 ], [ -45.0609, -21.4087 ], [ -45.0384, -21.4415 ], [ -45.0503, -21.5008 ], [ -45.0658, -21.5053 ], [ -45.0275, -21.6005 ], [ -45.0369, -21.6319 ], [ -44.871, -21.6055 ], [ -44.8014, -21.553 ], [ -44.8179, -21.3933 ], [ -44.6701, -21.1175 ], [ -44.6606, -21.0972 ], [ -44.6402, -20.9963 ], [ -44.6635, -20.9826 ], [ -44.6594, -20.8986 ], [ -44.7091, -20.8489 ] ] ], [ [ [ -46.4455, -21.3897 ], [ -46.4818, -21.4473 ], [ -46.495, -21.5114 ], [ -46.523, -21.5299 ], [ -46.5118, -21.5654 ], [ -46.4284, -21.5417 ], [ -46.4198, -21.5703 ], [ -46.2991, -21.4707 ], [ -46.294, -21.4084 ], [ -46.4455, -21.3897 ] ] ], [ [ [ -45.2971, -21.8187 ], [ -45.0525, -21.7299 ], [ -45.0257, -21.8205 ], [ -44.8545, -21.7974 ], [ -44.8887, -21.7561 ], [ -45.0369, -21.6319 ], [ -45.1124, -21.5424 ], [ -45.2304, -21.5626 ], [ -45.395, -21.6275 ], [ -45.3931, -21.7454 ], [ -45.4977, -21.8499 ], [ -45.4994, -21.7966 ], [ -45.7389, -21.862 ], [ -45.7168, -21.9941 ], [ -45.6713, -21.9764 ], [ -45.3444, -21.94 ], [ -45.2971, -21.8187 ] ] ], [ [ [ -44.7521, -21.605 ], [ -44.5784, -21.5913 ], [ -44.4711, -21.5496 ], [ -44.4384, -21.5064 ], [ -44.4665, -21.4571 ], [ -44.5113, -21.3541 ], [ -44.58, -21.3275 ], [ -44.6907, -21.2171 ], [ -44.7229, -21.2258 ], [ -44.8014, -21.553 ], [ -44.7521, -21.605 ] ] ], [ [ [ -45.9286, -21.7207 ], [ -45.729, -21.7074 ], [ -45.7051, -21.678 ], [ -45.6613, -21.7158 ], [ -45.494, -21.6478 ], [ -45.4351, -21.6842 ], [ -45.395, -21.6275 ], [ -45.582, -21.4744 ], [ -45.5917, -21.4587 ], [ -45.7642, -21.4229 ], [ -45.8531, -21.5865 ], [ -45.9506, -21.5557 ], [ -45.9806, -21.5315 ], [ -46.1138, -21.609 ], [ -46.0815, -21.6462 ], [ -46.1161, -21.7023 ], [ -46.1231, -21.7961 ], [ -46.0802, -21.8393 ], [ -45.9576, -21.9252 ], [ -45.8753, -21.8476 ], [ -45.9286, -21.7207 ] ] ], [ [ [ -45.729, -21.7074 ], [ -45.6613, -21.7158 ], [ -45.7051, -21.678 ], [ -45.729, -21.7074 ] ] ], [ [ [ -46.8746, -20.8857 ], [ -46.9194, -20.8229 ], [ -47.118, -20.8467 ], [ -47.2269, -20.8555 ], [ -47.24, -20.8853 ], [ -47.19, -20.9282 ], [ -47.157, -21.0188 ], [ -46.9049, -21.0732 ], [ -46.7526, -20.9693 ], [ -46.6723, -20.8682 ], [ -46.8746, -20.8857 ] ] ], [ [ [ -46.7854, -21.1519 ], [ -46.883, -21.374 ], [ -46.8421, -21.3891 ], [ -46.7535, -21.2783 ], [ -46.6472, -21.3642 ], [ -46.7854, -21.1519 ] ] ], [ [ [ -47.1132, -21.1049 ], [ -47.0993, -21.2142 ], [ -47.0523, -21.2465 ], [ -46.9003, -21.2779 ], [ -46.7854, -21.1519 ], [ -46.7916, -21.1031 ], [ -46.8586, -21.0766 ], [ -47.1423, -21.0882 ], [ -47.1132, -21.1049 ] ] ], [ [ [ -46.7526, -20.9693 ], [ -46.8586, -21.0766 ], [ -46.7916, -21.1031 ], [ -46.6478, -20.8907 ], [ -46.7526, -20.9693 ] ] ], [ [ [ -45.494, -21.6478 ], [ -45.4994, -21.7966 ], [ -45.3931, -21.7454 ], [ -45.4351, -21.6842 ], [ -45.494, -21.6478 ] ] ], [ [ [ -46.4455, -21.3897 ], [ -46.294, -21.4084 ], [ -46.2404, -21.4217 ], [ -46.2422, -21.3245 ], [ -46.3493, -21.1794 ], [ -46.4455, -21.3897 ] ] ], [ [ [ -46.4818, -21.4473 ], [ -46.6121, -21.2919 ], [ -46.6487, -21.3917 ], [ -46.5765, -21.427 ], [ -46.495, -21.5114 ], [ -46.4818, -21.4473 ] ] ], [ [ [ -45.4826, -21.2955 ], [ -45.4394, -21.3025 ], [ -45.4776, -21.1987 ], [ -45.5699, -21.296 ], [ -45.4826, -21.2955 ] ] ], [ [ [ -47.1689, -20.703 ], [ -47.2269, -20.8555 ], [ -47.118, -20.8467 ], [ -47.101, -20.682 ], [ -47.1153, -20.7072 ], [ -47.1689, -20.703 ] ] ], [ [ [ -45.9806, -21.5315 ], [ -46.1625, -21.5797 ], [ -46.1382, -21.6322 ], [ -46.084, -21.6525 ], [ -46.0845, -21.6306 ], [ -46.1138, -21.609 ], [ -45.9806, -21.5315 ] ] ] ] } },
{ "type": "Feature", "properties": { "cod_rgi": "3109", "nome_rgi": "Pouso Alegre" }, "geometry": { "type": "MultiPolygon", "coordinates": [ [ [ [ -44.7655, -21.9019 ], [ -44.6727, -22.0575 ], [ -44.6793, -22.1355 ], [ -44.6542, -22.1272 ], [ -44.7159, -22.1452 ], [ -44.7201, -22.1796 ], [ -44.7726, -22.1958 ], [ -44.761, -22.2217 ], [ -44.7844, -22.1851 ], [ -44.8531, -22.2102 ], [ -44.9373, -22.2521 ], [ -44.9668, -22.3365 ], [ -45.0154, -22.3399 ], [ -45.0533, -22.4273 ], [ -45.1001, -22.4599 ], [ -45.1028, -22.4899 ], [ -45.0284, -22.4632 ], [ -44.8261, -22.3637 ], [ -44.6661, -22.3202 ], [ -44.6066, -22.2256 ], [ -44.5823, -22.0292 ], [ -44.5461, -21.7683 ], [ -44.7521, -21.605 ], [ -44.871, -21.6055 ], [ -44.8887, -21.7561 ], [ -44.8545, -21.7974 ], [ -44.8622, -21.8496 ], [ -44.7655, -21.9019 ] ] ], [ [ [ -46.5148, -21.9654 ], [ -46.6854, -22.0373 ], [ -46.6648, -22.0689 ], [ -46.6468, -22.0919 ], [ -46.6405, -22.1577 ], [ -46.428, -22.1042 ], [ -46.5148, -21.9654 ] ] ], [ [ [ -44.8622, -21.8496 ], [ -44.9464, -22.0725 ], [ -44.8378, -22.1831 ], [ -44.7841, -22.1851 ], [ -44.769, -22.2038 ], [ -44.7199, -22.1794 ], [ -44.722, -22.1488 ], [ -44.6795, -22.1351 ], [ -44.6727, -22.0575 ], [ -44.7655, -21.9019 ], [ -44.8622, -21.8496 ] ] ], [ [ [ -46.1495, -22.2182 ], [ -46.3837, -22.1659 ], [ -46.518, -22.3314 ], [ -46.2817, -22.3816 ], [ -46.1641, -22.3373 ], [ -46.0183, -22.3721 ], [ -45.9237, -22.4723 ], [ -45.8197, -22.4099 ], [ -45.7353, -22.402 ], [ -45.6792, -22.3747 ], [ -45.6588, -22.3124 ], [ -45.6042, -22.2934 ], [ -45.5747, -22.3222 ], [ -45.5559, -22.2471 ], [ -45.5194, -22.2154 ], [ -45.7094, -22.0413 ], [ -45.849, -21.9647 ], [ -45.8923, -21.9869 ], [ -45.9044, -22.0497 ], [ -45.9291, -22.0865 ], [ -45.9947, -22.208 ], [ -46.1495, -22.2182 ] ] ], [ [ [ -46.5118, -21.5654 ], [ -46.6475, -21.8805 ], [ -46.5148, -21.9654 ], [ -46.3505, -22.0742 ], [ -46.3837, -22.1659 ], [ -46.2551, -22.1459 ], [ -46.0641, -22.0401 ], [ -46.0722, -21.9133 ], [ -46.1371, -21.9433 ], [ -46.0802, -21.8393 ], [ -46.1231, -21.7961 ], [ -46.084, -21.6525 ], [ -46.138, -21.6324 ], [ -46.1625, -21.5797 ], [ -46.2527, -21.5542 ], [ -46.3858, -21.7853 ], [ -46.4198, -21.5703 ], [ -46.4284, -21.5417 ], [ -46.5118, -21.5654 ] ] ], [ [ [ -45.4639, -22.5054 ], [ -45.5303, -22.3883 ], [ -45.8534, -22.4887 ], [ -45.9585, -22.6918 ], [ -45.889, -22.8758 ], [ -45.8098, -22.8294 ], [ -45.8116, -22.6987 ], [ -45.7428, -22.6592 ], [ -45.7185, -22.578 ], [ -45.6811, -22.6363 ], [ -45.6181, -22.6379 ], [ -45.5554, -22.6264 ], [ -45.4888, -22.6288 ], [ -45.4477, -22.5319 ], [ -45.4639, -22.5054 ] ] ], [ [ [ -46.2817, -22.3816 ], [ -46.4121, -22.5858 ], [ -46.4243, -22.5994 ], [ -46.2931, -22.5766 ], [ -46.2817, -22.3816 ] ] ], [ [ [ -46.0952, -22.8944 ], [ -46.0136, -22.6997 ], [ -45.9409, -22.5434 ], [ -46.0183, -22.3721 ], [ -46.1478, -22.5185 ], [ -46.2496, -22.7507 ], [ -46.1369, -22.8905 ], [ -46.0952, -22.8944 ] ] ], [ [ [ -45.7168, -21.9941 ], [ -45.7094, -22.0413 ], [ -45.7422, -22.1059 ], [ -45.6689, -22.1666 ], [ -45.6158, -22.1604 ], [ -45.5183, -22.2166 ], [ -45.3642, -22.0742 ], [ -45.5979, -22.0971 ], [ -45.6713, -21.9764 ], [ -45.7168, -21.9941 ] ] ], [ [ [ -44.4554, -22.1021 ], [ -44.4292, -22.0335 ], [ -44.4089, -21.9739 ], [ -44.3986, -21.8664 ], [ -44.5144, -21.9277 ], [ -44.5823, -22.0292 ], [ -44.4554, -22.1021 ] ] ], [ [ [ -45.0257, -21.8205 ], [ -45.2197, -21.9222 ], [ -45.0508, -22.0749 ], [ -45.0073, -22.1117 ], [ -45.0257, -21.8205 ] ] ], [ [ [ -45.7353, -22.402 ], [ -45.8197, -22.4099 ], [ -45.8534, -22.4887 ], [ -45.6792, -22.3747 ], [ -45.7353, -22.402 ] ] ], [ [ [ -46.0641, -22.0401 ], [ -45.9947, -22.208 ], [ -45.9674, -22.1059 ], [ -46.0641, -22.0401 ] ] ], [ [ [ -45.3938, -22.168 ], [ -45.3744, -22.2696 ], [ -45.4496, -22.3258 ], [ -45.3395, -22.3393 ], [ -45.261, -22.3764 ], [ -45.2001, -22.393 ], [ -45.0154, -22.3399 ], [ -45.253, -22.303 ], [ -45.2917, -22.1324 ], [ -45.3938, -22.168 ] ] ], [ [ [ -45.3349, -22.4051 ], [ -45.3709, -22.4858 ], [ -45.3349, -22.4051 ], [ -45.261, -22.3764 ], [ -45.3395, -22.3393 ], [ -45.5303, -22.3883 ], [ -45.4639, -22.5054 ], [ -45.4477, -22.5319 ], [ -45.1976, -22.4802 ], [ -45.2001, -22.393 ], [ -45.3349, -22.4051 ] ] ], [ [ [ -46.0722, -21.9133 ], [ -45.9674, -22.1059 ], [ -45.9291, -22.0865 ], [ -45.9042, -22.0492 ], [ -45.9041, -22.0009 ], [ -45.9678, -21.9823 ], [ -45.9874, -21.9095 ], [ -46.0722, -21.9133 ] ] ], [ [ [ -46.2496, -22.7507 ], [ -46.3842, -22.87 ], [ -46.2961, -22.8982 ], [ -46.2669, -22.8757 ], [ -46.2496, -22.7507 ] ] ], [ [ [ -46.5753, -22.2201 ], [ -46.6803, -22.2165 ], [ -46.6759, -22.3693 ], [ -46.5455, -22.3483 ], [ -46.5753, -22.2201 ] ] ], [ [ [ -45.1976, -22.4802 ], [ -45.1503, -22.5074 ], [ -45.1028, -22.4899 ], [ -45.0982, -22.4594 ], [ -45.1368, -22.45 ], [ -45.1599, -22.4335 ], [ -45.1976, -22.4802 ] ] ], [ [ [ -46.5455, -22.3483 ], [ -46.6665, -22.4151 ], [ -46.5421, -22.4944 ], [ -46.5053, -22.517 ], [ -46.5455, -22.3483 ] ] ], [ [ [ -46.3549, -22.6495 ], [ -46.4243, -22.5994 ], [ -46.4246, -22.6336 ], [ -46.3549, -22.6495 ] ] ], [ [ [ -45.0073, -22.1117 ], [ -45.0736, -22.2369 ], [ -44.9609, -22.2384 ], [ -44.9373, -22.2521 ], [ -45.0073, -22.1117 ] ] ], [ [ [ -45.9576, -21.9252 ], [ -45.9874, -21.9095 ], [ -45.969, -21.9811 ], [ -45.9194, -21.9883 ], [ -45.9062, -22.0224 ], [ -45.8926, -21.9872 ], [ -45.849, -21.9647 ], [ -45.9576, -21.9252 ] ] ], [ [ [ -46.3549, -22.6495 ], [ -46.4527, -22.7276 ], [ -46.3326, -22.7661 ], [ -46.3549, -22.6495 ] ] ] ] } },
{ "type": "Feature", "properties": { "cod_rgi": "3110", "nome_rgi": "Uberaba" }, "geometry": { "type": "MultiPolygon", "coordinates": [ [ [ [ -48.0218, -19.8927 ], [ -48.1072, -19.8436 ], [ -48.2034, -20.0455 ], [ -48.1786, -20.0962 ], [ -48.1055, -20.1464 ], [ -47.9812, -20.0364 ], [ -48.0218, -19.8927 ] ] ], [ [ [ -46.826, -19.7746 ], [ -46.6826, -19.8967 ], [ -46.461, -19.8843 ], [ -46.2593, -19.8003 ], [ -46.2393, -19.7839 ], [ -46.0981, -19.7087 ], [ -46.1341, -19.4613 ], [ -46.1555, -19.4102 ], [ -46.2258, -19.4244 ], [ -46.25, -19.4468 ], [ -46.2928, -19.4267 ], [ -46.6143, -19.3141 ], [ -46.7601, -19.3122 ], [ -46.8471, -19.3922 ], [ -46.8851, -19.4805 ], [ -46.8471, -19.3922 ], [ -46.8969, -19.2706 ], [ -46.93, -19.2909 ], [ -46.9956, -19.2515 ], [ -47.2089, -19.1579 ], [ -47.2391, -19.1545 ], [ -47.2916, -19.1697 ], [ -47.4041, -19.1806 ], [ -47.5703, -19.106 ], [ -47.6705, -18.9416 ], [ -47.7194, -19.0412 ], [ -47.8194, -19.0892 ], [ -47.9296, -19.2661 ], [ -47.9998, -19.2554 ], [ -48.1871, -19.1485 ], [ -48.343, -19.2824 ], [ -48.3329, -19.3472 ], [ -48.3468, -19.3465 ], [ -48.3552, -19.4118 ], [ -48.418, -19.4568 ], [ -48.4438, -19.5161 ], [ -48.4945, -19.5294 ], [ -48.7486, -19.5546 ], [ -48.844, -19.5905 ], [ -48.9681, -19.5735 ], [ -49.297, -19.538 ], [ -49.2666, -19.6938 ], [ -49.3653, -19.5394 ], [ -49.4903, -19.6585 ], [ -49.6689, -19.7134 ], [ -49.7732, -19.6551 ], [ -49.8343, -19.6026 ], [ -49.9849, -19.6943 ], [ -50.1062, -19.8743 ], [ -49.8556, -19.9468 ], [ -49.5399, -19.9074 ], [ -49.2483, -19.9996 ], [ -49.2973, -20.0175 ], [ -49.2992, -20.1671 ], [ -49.2652, -20.2297 ], [ -49.218, -20.2337 ], [ -49.1105, -20.1366 ], [ -49.0659, -20.1535 ], [ -48.9923, -20.1654 ], [ -48.9618, -20.2633 ], [ -48.8888, -20.2948 ], [ -48.8543, -20.2191 ], [ -48.8554, -20.1801 ], [ -48.8257, -20.162 ], [ -48.7296, -20.1503 ], [ -48.7439, -20.063 ], [ -48.7438, -19.9624 ], [ -48.7384, -20.0142 ], [ -48.7429, -20.1181 ], [ -48.7296, -20.1478 ], [ -48.6505, -20.1673 ], [ -48.5822, -20.1322 ], [ -48.5374, -20.1336 ], [ -48.329, -20.1127 ], [ -48.2534, -20.0779 ], [ -48.2034, -20.0455 ], [ -48.1072, -19.8436 ], [ -48.0218, -19.8927 ], [ -47.9812, -20.0364 ], [ -47.9341, -20.1079 ], [ -47.8994, -20.1257 ], [ -47.8509, -19.9898 ], [ -47.6348, -20.0492 ], [ -47.5838, -19.9967 ], [ -47.4683, -19.9614 ], [ -47.4442, -20.028 ], [ -47.4387, -20.0511 ], [ -47.2618, -20.1599 ], [ -47.1763, -20.2406 ], [ -47.1518, -20.2329 ], [ -47.1035, -20.246 ], [ -47.1092, -20.2038 ], [ -46.9836, -20.1958 ], [ -46.8938, -20.1711 ], [ -46.8224, -20.0686 ], [ -46.6826, -19.8967 ], [ -46.826, -19.7746 ] ], [ [ -47.401, -19.7367 ], [ -47.4473, -19.5923 ], [ -47.4927, -19.5387 ], [ -47.5686, -19.4599 ], [ -47.6323, -19.4925 ], [ -47.5715, -19.736 ], [ -47.5315, -19.8087 ], [ -47.5438, -19.8354 ], [ -47.5315, -19.8087 ], [ -47.5715, -19.736 ], [ -47.7019, -19.5633 ], [ -47.6323, -19.4925 ], [ -47.5686, -19.4599 ], [ -47.4927, -19.5387 ], [ -47.4669, -19.5608 ], [ -47.4473, -19.5923 ], [ -47.401, -19.7367 ] ] ], [ [ [ -50.9876, -19.5895 ], [ -50.9995, -19.9064 ], [ -51.0005, -20.0854 ], [ -50.9691, -20.0364 ], [ -50.9081, -19.9943 ], [ -50.8729, -19.9896 ], [ -50.7836, -19.9372 ], [ -50.6581, -19.9071 ], [ -50.6142, -19.7064 ], [ -50.6629, -19.6266 ], [ -50.7774, -19.4718 ], [ -50.9629, -19.5006 ], [ -50.9231, -19.5761 ], [ -50.9876, -19.5895 ] ] ], [ [ [ -49.1105, -20.1366 ], [ -49.218, -20.2337 ], [ -49.2652, -20.2297 ], [ -49.2287, -20.3034 ], [ -49.0659, -20.1535 ], [ -49.1105, -20.1366 ] ] ], [ [ [ -50.1609, -19.6251 ], [ -50.266, -19.593 ], [ -50.3409, -19.5492 ], [ -50.3662, -19.5812 ], [ -50.4169, -19.5924 ], [ -50.4623, -19.5813 ], [ -50.5593, -19.6288 ], [ -50.6783, -19.5679 ], [ -50.6629, -19.6266 ], [ -50.6142, -19.7064 ], [ -50.3528, -19.8646 ], [ -50.1062, -19.8743 ], [ -50.1348, -19.7141 ], [ -50.1609, -19.6251 ] ] ], [ [ [ -50.612, -19.2329 ], [ -50.6477, -19.2142 ], [ -50.6533, -19.2273 ], [ -50.7421, -19.2138 ], [ -50.7476, -19.2385 ], [ -50.7774, -19.4718 ], [ -50.6783, -19.5679 ], [ -50.5608, -19.6293 ], [ -50.4548, -19.5809 ], [ -50.4541, -19.5821 ], [ -50.3786, -19.5852 ], [ -50.3397, -19.549 ], [ -50.1708, -19.4276 ], [ -50.1906, -19.3749 ], [ -50.2757, -19.247 ], [ -50.5365, -19.2749 ], [ -50.5745, -19.2417 ], [ -50.612, -19.2329 ] ] ], [ [ [ -46.0439, -19.5554 ], [ -45.8842, -19.4887 ], [ -45.9771, -19.4594 ], [ -46.0439, -19.5554 ] ] ] ] } },
{ "type": "Feature", "properties": { "cod_rgi": "3111", "nome_rgi": "Uberlândia" }, "geometry": { "type": "MultiPolygon", "coordinates": [ [ [ [ -47.4849, -18.1935 ], [ -47.5337, -18.2307 ], [ -47.6388, -18.2877 ], [ -47.6117, -18.3169 ], [ -47.6482, -18.3407 ], [ -47.6576, -18.3278 ], [ -47.7406, -18.3638 ], [ -47.7571, -18.3966 ], [ -47.7425, -18.4349 ], [ -47.7168, -18.4881 ], [ -47.609, -18.6778 ], [ -47.4934, -18.9632 ], [ -47.3133, -18.9322 ], [ -47.2795, -18.928 ], [ -47.2921, -18.8932 ], [ -47.2775, -18.7268 ], [ -47.312, -18.5858 ], [ -47.3296, -18.5355 ], [ -47.3129, -18.4214 ], [ -47.3393, -18.3108 ], [ -47.407, -18.2003 ], [ -47.4512, -18.1592 ], [ -47.4849, -18.1935 ] ] ], [ [ [ -48.1683, -18.7758 ], [ -48.1083, -18.8033 ], [ -48.0943, -18.8286 ], [ -48.0914, -18.858 ], [ -48.0762, -18.8906 ], [ -48.0151, -18.8654 ], [ -47.9838, -18.8768 ], [ -47.952, -18.8448 ], [ -47.8737, -18.8292 ], [ -47.7215, -18.8305 ], [ -47.6705, -18.9416 ], [ -47.609, -18.6778 ], [ -47.7194, -18.5536 ], [ -47.7168, -18.4881 ], [ -47.7425, -18.4349 ], [ -47.9143, -18.4666 ], [ -47.9809, -18.4429 ], [ -48.0558, -18.4132 ], [ -48.1614, -18.3722 ], [ -48.3149, -18.3642 ], [ -48.3081, -18.385 ], [ -48.4457, -18.3553 ], [ -48.6338, -18.3276 ], [ -48.7577, -18.3448 ], [ -48.8371, -18.3415 ], [ -48.9368, -18.3062 ], [ -48.996, -18.3709 ], [ -49.0051, -18.521 ], [ -49.1276, -18.5301 ], [ -49.0051, -18.521 ], [ -49.1263, -18.3825 ], [ -49.1613, -18.4169 ], [ -49.1926, -18.4497 ], [ -49.329, -18.5638 ], [ -49.3836, -18.6865 ], [ -49.3818, -18.851 ], [ -49.4029, -18.7005 ], [ -49.6821, -18.5888 ], [ -50.0288, -18.6015 ], [ -50.0605, -18.674 ], [ -50.048, -18.7359 ], [ -49.9381, -18.8145 ], [ -49.8569, -18.811 ], [ -49.9678, -18.7819 ], [ -50.0496, -18.7342 ], [ -50.1643, -18.6644 ], [ -50.4235, -18.8327 ], [ -50.5395, -19.1024 ], [ -50.6781, -19.1381 ], [ -50.7335, -19.1858 ], [ -50.7421, -19.2138 ], [ -50.6548, -19.2276 ], [ -50.6472, -19.2142 ], [ -50.612, -19.2329 ], [ -50.5745, -19.2417 ], [ -50.5365, -19.2749 ], [ -50.2757, -19.247 ], [ -50.1906, -19.3749 ], [ -50.1708, -19.4276 ], [ -50.1609, -19.6251 ], [ -50.1348, -19.7141 ], [ -49.9849, -19.6943 ], [ -49.8343, -19.6026 ], [ -49.7732, -19.6551 ], [ -49.4903, -19.6585 ], [ -49.3653, -19.5394 ], [ -49.3681, -19.495 ], [ -49.297, -19.538 ], [ -48.9681, -19.5735 ], [ -48.844, -19.5905 ], [ -48.7486, -19.5546 ], [ -48.4945, -19.5294 ], [ -48.4438, -19.5161 ], [ -48.418, -19.4568 ], [ -48.3468, -19.3465 ], [ -48.3329, -19.3472 ], [ -48.343, -19.2824 ], [ -48.1871, -19.1485 ], [ -47.9998, -19.2554 ], [ -47.9296, -19.2661 ], [ -47.9811, -19.0476 ], [ -48.0149, -18.9074 ], [ -48.0427, -18.8861 ], [ -48.0793, -18.8882 ], [ -48.1683, -18.7758 ] ] ], [ [ [ -47.9811, -19.0476 ], [ -47.8194, -19.0892 ], [ -47.7194, -19.0412 ], [ -47.7215, -18.8305 ], [ -48.0149, -18.9074 ], [ -47.9811, -19.0476 ] ] ], [ [ [ -47.342, -19.0197 ], [ -47.4934, -18.9632 ], [ -47.5703, -19.106 ], [ -47.3895, -19.1276 ], [ -47.342, -19.0197 ] ] ] ] } },
{ "type": "Feature", "properties": { "cod_rgi": "3112", "nome_rgi": "Patos de Minas" }, "geometry": { "type": "Polygon", "coordinates": [ [ [ -46.1369, -19.1081 ], [ -45.9088, -19.1461 ], [ -45.7403, -19.0439 ], [ -45.7145, -18.996 ], [ -45.7156, -18.9685 ], [ -45.6479, -18.8493 ], [ -45.6333, -18.8198 ], [ -45.6434, -18.7738 ], [ -45.7021, -18.7606 ], [ -45.6373, -18.608 ], [ -45.6336, -18.4901 ], [ -45.7045, -18.4884 ], [ -45.7733, -18.4671 ], [ -45.7045, -18.4884 ], [ -45.6478, -18.4548 ], [ -45.6231, -18.4367 ], [ -45.6323, -18.4202 ], [ -45.5573, -18.3442 ], [ -45.4945, -18.3127 ], [ -45.4079, -18.3179 ], [ -45.3174, -18.2193 ], [ -45.2892, -18.2095 ], [ -45.2673, -18.2209 ], [ -45.2269, -18.1502 ], [ -45.1801, -18.0305 ], [ -45.3402, -17.9366 ], [ -45.4485, -17.9034 ], [ -45.4666, -17.8319 ], [ -45.46, -17.7993 ], [ -45.4029, -17.666 ], [ -45.4346, -17.5829 ], [ -45.3926, -17.5678 ], [ -45.4206, -17.4844 ], [ -45.5363, -17.3743 ], [ -45.4716, -17.2033 ], [ -45.4462, -17.1479 ], [ -45.4912, -17.0934 ], [ -45.5611, -17.0443 ], [ -45.6146, -17.097 ], [ -45.5491, -17.0319 ], [ -45.5112, -17.0359 ], [ -45.5972, -16.9053 ], [ -45.7519, -16.8584 ], [ -45.778, -16.8314 ], [ -45.8578, -16.7652 ], [ -45.8887, -16.7028 ], [ -45.9583, -16.695 ], [ -45.9812, -16.6217 ], [ -45.9512, -16.5533 ], [ -45.7885, -16.4541 ], [ -45.7804, -16.465 ], [ -45.7198, -16.3738 ], [ -45.707, -16.3022 ], [ -45.6528, -16.1696 ], [ -45.6562, -16.1824 ], [ -45.6118, -16.179 ], [ -45.5899, -16.2107 ], [ -45.5127, -16.2494 ], [ -45.4833, -16.301 ], [ -45.4233, -16.2793 ], [ -45.3613, -16.2252 ], [ -45.3942, -16.1238 ], [ -45.3924, -15.863 ], [ -45.4522, -15.8154 ], [ -45.5063, -15.7857 ], [ -45.5154, -15.7576 ], [ -45.5893, -15.6568 ], [ -45.6046, -15.5376 ], [ -45.661, -15.4166 ], [ -45.8183, -15.4051 ], [ -45.7427, -15.3434 ], [ -45.6749, -15.3093 ], [ -45.8712, -15.1588 ], [ -45.9187, -15.1334 ], [ -45.9845, -15.196 ], [ -46.0437, -15.1181 ], [ -46.1203, -14.9201 ], [ -46.1457, -14.9265 ], [ -46.2337, -14.9215 ], [ -46.3005, -14.8581 ], [ -46.3222, -14.8146 ], [ -46.5103, -14.7383 ], [ -46.5659, -14.7864 ], [ -46.5216, -14.8512 ], [ -46.5308, -15.0053 ], [ -46.5027, -15.0509 ], [ -46.5753, -15.0836 ], [ -46.7265, -15.0384 ], [ -46.926, -15.0736 ], [ -46.9409, -15.2307 ], [ -46.8915, -15.2353 ], [ -46.8357, -15.3251 ], [ -46.8495, -15.3732 ], [ -46.8549, -15.6183 ], [ -46.8557, -15.6831 ], [ -46.8131, -15.7872 ], [ -46.8117, -15.8861 ], [ -46.9525, -15.9166 ], [ -46.9335, -16.1353 ], [ -46.9525, -15.9166 ], [ -47.2195, -16.0142 ], [ -47.2765, -16.0062 ], [ -47.3113, -16.0881 ], [ -47.3363, -16.2016 ], [ -47.1149, -16.1958 ], [ -47.329, -16.211 ], [ -47.4295, -16.4427 ], [ -47.4601, -16.5051 ], [ -47.4129, -16.5759 ], [ -47.3428, -16.5924 ], [ -47.3185, -16.6036 ], [ -47.2772, -16.66 ], [ -47.2515, -16.7055 ], [ -47.1935, -16.8252 ], [ -47.1666, -16.9526 ], [ -47.1511, -16.9974 ], [ -47.167, -17.0475 ], [ -47.1845, -17.036 ], [ -47.2827, -17.1441 ], [ -47.4416, -17.3484 ], [ -47.5139, -17.3746 ], [ -47.5388, -17.3888 ], [ -47.5214, -17.4239 ], [ -47.5143, -17.4608 ], [ -47.4777, -17.5113 ], [ -47.3131, -17.5434 ], [ -47.2814, -17.6532 ], [ -47.3137, -17.699 ], [ -47.2968, -18.0094 ], [ -47.3578, -18.085 ], [ -47.3559, -18.1051 ], [ -47.407, -18.2003 ], [ -47.3393, -18.3108 ], [ -47.3129, -18.4214 ], [ -47.3296, -18.5355 ], [ -47.312, -18.5858 ], [ -47.258, -18.7366 ], [ -47.0062, -18.697 ], [ -46.8892, -18.7185 ], [ -46.8495, -18.6693 ], [ -46.8239, -18.6276 ], [ -46.8495, -18.6693 ], [ -46.8892, -18.7185 ], [ -47.0062, -18.697 ], [ -47.258, -18.7366 ], [ -47.2775, -18.7268 ], [ -47.2921, -18.8932 ], [ -47.2795, -18.928 ], [ -47.3133, -18.9322 ], [ -47.342, -19.0197 ], [ -47.3895, -19.1276 ], [ -47.2916, -19.1697 ], [ -47.2391, -19.1545 ], [ -47.2089, -19.1579 ], [ -46.9956, -19.2515 ], [ -46.93, -19.2909 ], [ -46.8969, -19.2706 ], [ -46.7601, -19.3122 ], [ -46.6143, -19.3141 ], [ -46.4847, -19.1486 ], [ -46.444, -19.0384 ], [ -46.4968, -18.9478 ], [ -46.6049, -18.9778 ], [ -46.5029, -18.8546 ], [ -46.4968, -18.9478 ], [ -46.444, -19.0384 ], [ -46.4847, -19.1486 ], [ -46.5053, -19.3049 ], [ -46.2928, -19.4267 ], [ -46.25, -19.4468 ], [ -46.2258, -19.4244 ], [ -46.1555, -19.4102 ], [ -46.1341, -19.4613 ], [ -46.0439, -19.5554 ], [ -45.9771, -19.4594 ], [ -45.8735, -19.3833 ], [ -45.866, -19.3398 ], [ -45.813, -19.2586 ], [ -45.9088, -19.1461 ], [ -46.1369, -19.1081 ] ], [ [ -45.9479, -16.0649 ], [ -46.0089, -16.0227 ], [ -46.1266, -16.2451 ], [ -46.4317, -16.4628 ], [ -46.5281, -16.4567 ], [ -46.5088, -16.3078 ], [ -46.2782, -16.3214 ], [ -46.1266, -16.2451 ], [ -46.0089, -16.0227 ], [ -45.9479, -16.0649 ] ] ] } },
{ "type": "Feature", "properties": { "cod_rgi": "3113", "nome_rgi": "Divinópolis" }, "geometry": { "type": "MultiPolygon", "coordinates": [ [ [ [ -45.2074, -18.9326 ], [ -45.2461, -18.6328 ], [ -45.3616, -18.4616 ], [ -45.2831, -18.3476 ], [ -45.3158, -18.3057 ], [ -45.2673, -18.2209 ], [ -45.2898, -18.2095 ], [ -45.3178, -18.2196 ], [ -45.4074, -18.3177 ], [ -45.5135, -18.3179 ], [ -45.6313, -18.4191 ], [ -45.6231, -18.4367 ], [ -45.6478, -18.4548 ], [ -45.6336, -18.4901 ], [ -45.6373, -18.608 ], [ -45.7021, -18.7606 ], [ -45.6434, -18.7738 ], [ -45.6333, -18.8198 ], [ -45.6479, -18.8493 ], [ -45.7156, -18.9685 ], [ -45.6312, -19.045 ], [ -45.6252, -19.1536 ], [ -45.6502, -19.2007 ], [ -45.6252, -19.1536 ], [ -45.6312, -19.045 ], [ -45.7145, -18.996 ], [ -45.7403, -19.0439 ], [ -45.813, -19.2586 ], [ -45.866, -19.3398 ], [ -45.8735, -19.3833 ], [ -45.9007, -19.4379 ], [ -45.8634, -19.4294 ], [ -45.9007, -19.4379 ], [ -45.8842, -19.4887 ], [ -45.9399, -19.6957 ], [ -46.0981, -19.7087 ], [ -46.2393, -19.7839 ], [ -46.2593, -19.8003 ], [ -46.461, -19.8843 ], [ -46.5655, -19.996 ], [ -46.405, -20.0002 ], [ -46.374, -20.0501 ], [ -46.3501, -20.06 ], [ -46.3119, -20.1469 ], [ -46.1198, -20.2841 ], [ -46.1048, -20.3197 ], [ -46.0788, -20.3545 ], [ -45.956, -20.2967 ], [ -45.9443, -20.2662 ], [ -45.863, -20.1627 ], [ -45.6606, -20.2966 ], [ -45.6576, -20.1177 ], [ -45.6644, -20.0433 ], [ -45.7202, -19.991 ], [ -45.7956, -20.0009 ], [ -45.7895, -19.9575 ], [ -45.7202, -19.991 ], [ -45.6644, -20.0433 ], [ -45.579, -20.0935 ], [ -45.4666, -20.1017 ], [ -45.46, -20.1256 ], [ -45.3671, -20.1267 ], [ -45.46, -20.1256 ], [ -45.249, -20.2028 ], [ -45.1798, -20.1983 ], [ -45.249, -20.2028 ], [ -45.4564, -20.2068 ], [ -45.6017, -20.1077 ], [ -45.6576, -20.1177 ], [ -45.6606, -20.2966 ], [ -45.8014, -20.3122 ], [ -45.8901, -20.5408 ], [ -45.9262, -20.5359 ], [ -45.9676, -20.5881 ], [ -45.9468, -20.6154 ], [ -45.7916, -20.7157 ], [ -45.4041, -20.6527 ], [ -45.3163, -20.6559 ], [ -45.0106, -20.4983 ], [ -44.9727, -20.4848 ], [ -44.9432, -20.4983 ], [ -44.8925, -20.4715 ], [ -44.896, -20.4626 ], [ -44.8457, -20.511 ], [ -44.8076, -20.4991 ], [ -44.7648, -20.548 ], [ -44.7246, -20.5515 ], [ -44.7398, -20.5556 ], [ -44.778, -20.5431 ], [ -44.769, -20.5944 ], [ -44.696, -20.6326 ], [ -44.6209, -20.7115 ], [ -44.5692, -20.5378 ], [ -44.5941, -20.4573 ], [ -44.6278, -20.4052 ], [ -44.6296, -20.3867 ], [ -44.6635, -20.3283 ], [ -44.7782, -20.2496 ], [ -44.9044, -20.2591 ], [ -44.9166, -20.3097 ], [ -44.9628, -20.3232 ], [ -45.0874, -20.3623 ], [ -44.9628, -20.3232 ], [ -44.9044, -20.2591 ], [ -44.7815, -20.2508 ], [ -44.7002, -20.3291 ], [ -44.6589, -20.3378 ], [ -44.6225, -20.2994 ], [ -44.561, -20.2726 ], [ -44.7168, -20.1076 ], [ -44.8426, -20.1094 ], [ -44.8232, -20.1255 ], [ -44.8426, -20.1094 ], [ -44.8663, -20.0689 ], [ -44.815, -19.9238 ], [ -44.816, -19.8926 ], [ -44.8929, -19.8555 ], [ -44.9188, -19.9425 ], [ -44.8929, -19.8555 ], [ -44.816, -19.8926 ], [ -44.7807, -19.8672 ], [ -44.7097, -19.7925 ], [ -44.6654, -19.6604 ], [ -44.7503, -19.5662 ], [ -44.5709, -19.4411 ], [ -44.524, -19.384 ], [ -44.5338, -19.3185 ], [ -44.6271, -19.2427 ], [ -44.6789, -19.0696 ], [ -44.7097, -19.0473 ], [ -44.7334, -19.023 ], [ -44.7868, -18.9132 ], [ -44.8718, -18.8438 ], [ -44.9377, -18.8682 ], [ -45.109, -18.815 ], [ -45.2074, -18.9326 ] ], [ [ -45.1879, -19.8225 ], [ -45.0687, -19.9979 ], [ -45.3407, -19.9315 ], [ -45.3644, -19.8499 ], [ -45.3636, -19.7955 ], [ -45.3983, -19.7667 ], [ -45.4569, -19.7763 ], [ -45.4809, -19.7592 ], [ -45.4912, -19.7393 ], [ -45.4817, -19.7296 ], [ -45.5098, -19.7122 ], [ -45.53, -19.7045 ], [ -45.5601, -19.6616 ], [ -45.5961, -19.6544 ], [ -45.6282, -19.6778 ], [ -45.6362, -19.663 ], [ -45.6585, -19.6638 ], [ -45.6999, -19.6974 ], [ -45.6582, -19.6099 ], [ -45.6291, -19.6777 ], [ -45.5775, -19.6569 ], [ -45.5305, -19.7042 ], [ -45.5237, -19.7274 ], [ -45.4955, -19.7129 ], [ -45.4604, -19.7755 ], [ -45.3823, -19.7705 ], [ -45.362, -19.8001 ], [ -45.3644, -19.8499 ], [ -45.1879, -19.8225 ], [ -45.0106, -19.777 ], [ -44.9796, -19.7799 ], [ -44.9913, -19.7933 ], [ -45.0106, -19.777 ], [ -45.1879, -19.8225 ] ] ], [ [ [ -44.1467, -20.2269 ], [ -44.2482, -20.2578 ], [ -44.4121, -20.3816 ], [ -44.374, -20.4649 ], [ -44.1729, -20.4148 ], [ -44.1581, -20.357 ], [ -44.1332, -20.3219 ], [ -44.1516, -20.2439 ], [ -44.1467, -20.2269 ] ] ], [ [ [ -45.1055, -20.7158 ], [ -45.246, -20.665 ], [ -45.137, -20.7128 ], [ -45.1055, -20.7158 ] ] ], [ [ [ -44.4477, -20.7863 ], [ -44.645, -20.7086 ], [ -44.6861, -20.6459 ], [ -44.73, -20.6094 ], [ -44.7912, -20.6049 ], [ -44.7524, -20.6094 ], [ -44.7691, -20.5942 ], [ -44.7686, -20.554 ], [ -44.8068, -20.4996 ], [ -44.8447, -20.5115 ], [ -44.8861, -20.4708 ], [ -45.0104, -20.4981 ], [ -45.0194, -20.5306 ], [ -45.0023, -20.5904 ], [ -44.9412, -20.633 ], [ -44.9383, -20.7355 ], [ -44.9056, -20.7946 ], [ -44.8333, -20.8414 ], [ -44.8362, -20.8642 ], [ -44.805, -20.8976 ], [ -44.758, -20.8739 ], [ -44.7299, -20.8914 ], [ -44.7048, -20.847 ], [ -44.6693, -20.85 ], [ -44.6516, -20.8718 ], [ -44.5962, -20.8228 ], [ -44.4477, -20.7863 ] ] ], [ [ [ -44.815, -19.9238 ], [ -44.5411, -19.8971 ], [ -44.5148, -19.8602 ], [ -44.4816, -19.8077 ], [ -44.4644, -19.8114 ], [ -44.4721, -19.7076 ], [ -44.4995, -19.6833 ], [ -44.5098, -19.6631 ], [ -44.5129, -19.6337 ], [ -44.7097, -19.7925 ], [ -44.7807, -19.8672 ], [ -44.815, -19.9238 ] ] ], [ [ [ -44.4935, -20.2902 ], [ -44.4873, -20.449 ], [ -44.4121, -20.3816 ], [ -44.4935, -20.2902 ] ] ], [ [ [ -44.3378, -20.1196 ], [ -44.4762, -20.0801 ], [ -44.5051, -20.0667 ], [ -44.7168, -20.1076 ], [ -44.4935, -20.2902 ], [ -44.42, -20.2534 ], [ -44.351, -20.1923 ], [ -44.3638, -20.1752 ], [ -44.3378, -20.1196 ] ] ], [ [ [ -45.4564, -20.2068 ], [ -45.4666, -20.1017 ], [ -45.579, -20.0935 ], [ -45.6017, -20.1077 ], [ -45.4564, -20.2068 ] ] ], [ [ [ -44.5709, -19.4411 ], [ -44.7503, -19.5662 ], [ -44.5738, -19.5182 ], [ -44.5632, -19.4517 ], [ -44.5709, -19.4411 ] ] ], [ [ [ -44.3572, -20.6081 ], [ -44.3, -20.6036 ], [ -44.3465, -20.5418 ], [ -44.374, -20.4649 ], [ -44.4873, -20.449 ], [ -44.5692, -20.5378 ], [ -44.5814, -20.7075 ], [ -44.4477, -20.7863 ], [ -44.3588, -20.6355 ], [ -44.3572, -20.6081 ] ] ], [ [ [ -44.1729, -20.4148 ], [ -44.3515, -20.5009 ], [ -44.3465, -20.5416 ], [ -44.3156, -20.5855 ], [ -44.3037, -20.5522 ], [ -44.2753, -20.5351 ], [ -44.2319, -20.5372 ], [ -44.1942, -20.5347 ], [ -44.1587, -20.5112 ], [ -44.1615, -20.4431 ], [ -44.1729, -20.4148 ] ] ], [ [ [ -44.42, -20.2534 ], [ -44.277, -20.1713 ], [ -44.3068, -20.1822 ], [ -44.3508, -20.1597 ], [ -44.351, -20.1923 ], [ -44.42, -20.2534 ] ] ], [ [ [ -44.9383, -20.7355 ], [ -45.0687, -20.7625 ], [ -44.9056, -20.7946 ], [ -44.9383, -20.7355 ] ] ] ] } },
{ "type": "Feature", "properties": { "cod_rgi": "3201", "nome_rgi": "Vitória" }, "geometry": { "type": "MultiPolygon", "coordinates": [ [ [ [ -41.2282, -19.905 ], [ -41.3821, -20.1888 ], [ -41.3762, -20.2047 ], [ -41.3458, -20.3876 ], [ -41.2802, -20.5079 ], [ -41.2424, -20.5001 ], [ -41.2097, -20.4865 ], [ -41.1992, -20.4173 ], [ -41.1664, -20.4459 ], [ -41.1013, -20.4337 ], [ -41.0005, -20.426 ], [ -40.8949, -20.3988 ], [ -40.8696, -20.4649 ], [ -40.8123, -20.4828 ], [ -40.8696, -20.4649 ], [ -40.9363, -20.5996 ], [ -40.7594, -20.6582 ], [ -40.6697, -20.5939 ], [ -40.6846, -20.5702 ], [ -40.6721, -20.5456 ], [ -40.7023, -20.5319 ], [ -40.6771, -20.4687 ], [ -40.6561, -20.4602 ], [ -40.7026, -20.4321 ], [ -40.6262, -20.4679 ], [ -40.622, -20.4356 ], [ -40.6455, -20.3872 ], [ -40.74, -20.3857 ], [ -40.7384, -20.3445 ], [ -40.7322, -20.3484 ], [ -40.7404, -20.3854 ], [ -40.647, -20.3862 ], [ -40.6256, -20.4242 ], [ -40.5345, -20.3903 ], [ -40.5938, -20.3653 ], [ -40.5797, -20.3217 ], [ -40.6045, -20.2678 ], [ -40.61, -20.2521 ], [ -40.6817, -20.1884 ], [ -40.6834, -20.1386 ], [ -40.6254, -20.0479 ], [ -40.5863, -19.988 ], [ -40.6254, -20.0479 ], [ -40.6834, -20.1386 ], [ -40.6817, -20.1884 ], [ -40.61, -20.2521 ], [ -40.5855, -20.2935 ], [ -40.576, -20.2789 ], [ -40.5949, -20.3627 ], [ -40.5592, -20.3728 ], [ -40.5615, -20.3887 ], [ -40.5343, -20.3898 ], [ -40.5564, -20.4089 ], [ -40.6152, -20.4139 ], [ -40.6324, -20.4623 ], [ -40.6044, -20.4875 ], [ -40.6519, -20.459 ], [ -40.6748, -20.4661 ], [ -40.7023, -20.5365 ], [ -40.6724, -20.5452 ], [ -40.6773, -20.5656 ], [ -40.6382, -20.5481 ], [ -40.6387, -20.5474 ], [ -40.6761, -20.5661 ], [ -40.68, -20.5565 ], [ -40.6698, -20.5942 ], [ -40.8104, -20.7506 ], [ -40.7839, -20.7486 ], [ -40.5808, -20.8028 ], [ -40.4236, -20.637 ], [ -40.3545, -20.3269 ], [ -40.3653, -20.3957 ], [ -40.3293, -20.24 ], [ -40.2083, -19.9882 ], [ -40.2712, -19.9788 ], [ -40.4549, -19.8819 ], [ -40.5051, -19.8537 ], [ -40.4745, -19.937 ], [ -40.4473, -19.9949 ], [ -40.4745, -19.937 ], [ -40.5303, -19.8064 ], [ -40.518, -19.7459 ], [ -40.5546, -19.734 ], [ -40.6949, -19.7736 ], [ -40.7467, -19.8311 ], [ -40.8245, -19.8582 ], [ -40.8153, -19.9097 ], [ -40.8848, -19.8332 ], [ -40.9547, -19.8589 ], [ -40.9245, -19.9019 ], [ -40.9597, -19.8531 ], [ -40.941, -19.805 ], [ -41.1155, -19.7945 ], [ -41.1863, -19.8277 ], [ -41.1757, -19.8394 ], [ -41.187, -19.8915 ], [ -41.2282, -19.905 ] ] ], [ [ [ -40.828, -20.8908 ], [ -40.7708, -20.7873 ], [ -40.828, -20.856 ], [ -40.828, -20.8908 ] ] ] ] } },
{ "type": "Feature", "properties": { "cod_rgi": "3202", "nome_rgi": "São Mateus" }, "geometry": { "type": "MultiPolygon", "coordinates": [ [ [ [ -39.9116, -19.687 ], [ -40.1092, -19.5537 ], [ -40.1672, -19.5532 ], [ -40.2577, -19.5996 ], [ -40.3114, -19.6542 ], [ -40.3341, -19.6417 ], [ -40.2712, -19.9788 ], [ -40.2083, -19.9882 ], [ -39.9116, -19.687 ] ] ], [ [ [ -40.332, -18.5807 ], [ -40.2843, -18.5768 ], [ -40.4017, -18.8509 ], [ -40.2628, -18.837 ], [ -40.2509, -18.8641 ], [ -40.2081, -18.8846 ], [ -40.1188, -18.7747 ], [ -40.1179, -18.7746 ], [ -40.2077, -18.8845 ], [ -40.1796, -18.9498 ], [ -39.9999, -18.9959 ], [ -39.8741, -19.1119 ], [ -39.7381, -19.1039 ], [ -39.7286, -18.5004 ], [ -39.6666, -18.3315 ], [ -39.9118, -18.179 ], [ -40.222, -17.9807 ], [ -40.3678, -17.9226 ], [ -40.3965, -17.9828 ], [ -40.5416, -18.1042 ], [ -40.5495, -18.2286 ], [ -40.6188, -18.2875 ], [ -40.4473, -18.4142 ], [ -40.4161, -18.5147 ], [ -40.3475, -18.5477 ], [ -40.332, -18.5807 ] ] ], [ [ [ -40.3461, -19.7799 ], [ -40.4187, -19.6413 ], [ -40.5112, -19.6699 ], [ -40.5329, -19.7883 ], [ -40.5142, -19.8313 ], [ -40.5051, -19.8537 ], [ -40.4549, -19.8819 ], [ -40.3461, -19.7799 ] ] ], [ [ [ -39.8741, -19.1119 ], [ -40.1794, -18.95 ], [ -40.2054, -18.9067 ], [ -40.289, -19.0752 ], [ -40.3491, -19.0843 ], [ -40.3654, -19.0663 ], [ -40.411, -19.1403 ], [ -40.4108, -19.2681 ], [ -40.4927, -19.3712 ], [ -40.4314, -19.4931 ], [ -40.3682, -19.5504 ], [ -40.3892, -19.5742 ], [ -40.3341, -19.6417 ], [ -40.256, -19.5985 ], [ -40.1393, -19.5512 ], [ -40.0492, -19.5845 ], [ -39.9116, -19.687 ], [ -39.8074, -19.6482 ], [ -39.6965, -19.3677 ], [ -39.7381, -19.1039 ], [ -39.8741, -19.1119 ] ] ], [ [ [ -40.6134, -17.9397 ], [ -40.637, -18.0374 ], [ -40.5416, -18.1042 ], [ -40.3965, -17.9828 ], [ -40.4642, -17.9282 ], [ -40.5847, -17.9182 ], [ -40.6134, -17.9397 ] ] ] ] } },
{ "type": "Feature", "properties": { "cod_rgi": "3203", "nome_rgi": "Colatina" }, "geometry": { "type": "MultiPolygon", "coordinates": [ [ [ [ -40.7377, -18.8791 ], [ -40.6785, -18.9329 ], [ -40.6338, -18.9366 ], [ -40.6147, -18.9545 ], [ -40.573, -18.8939 ], [ -40.5352, -18.8716 ], [ -40.4017, -18.8509 ], [ -40.2843, -18.5768 ], [ -40.332, -18.5807 ], [ -40.3475, -18.5477 ], [ -40.4161, -18.5147 ], [ -40.4473, -18.4142 ], [ -40.7003, -18.5077 ], [ -40.6188, -18.2875 ], [ -40.5495, -18.2286 ], [ -40.637, -18.0374 ], [ -40.7054, -18.0239 ], [ -40.7712, -17.9811 ], [ -40.8631, -17.9883 ], [ -40.8827, -17.9706 ], [ -40.7733, -18.1076 ], [ -40.8451, -18.1498 ], [ -41.0561, -18.1666 ], [ -41.1459, -18.3739 ], [ -41.0206, -18.4586 ], [ -41.042, -18.6054 ], [ -41.0325, -18.6181 ], [ -40.94, -18.7703 ], [ -40.9639, -18.8412 ], [ -41.0254, -18.8372 ], [ -40.8963, -18.9015 ], [ -40.8979, -18.9013 ], [ -40.906, -18.9405 ], [ -41.067, -19.007 ], [ -40.9619, -19.1033 ], [ -40.9496, -19.0792 ], [ -40.9619, -19.1033 ], [ -40.9619, -19.1441 ], [ -40.944, -19.144 ], [ -40.9354, -19.2227 ], [ -40.9284, -19.3819 ], [ -41.0467, -19.4874 ], [ -41.0369, -19.5705 ], [ -41.1086, -19.6395 ], [ -41.1911, -19.7459 ], [ -41.1155, -19.7945 ], [ -40.941, -19.805 ], [ -40.9547, -19.8589 ], [ -40.8848, -19.8332 ], [ -40.8245, -19.8582 ], [ -40.7261, -19.642 ], [ -40.6033, -19.6731 ], [ -40.553, -19.7124 ], [ -40.4851, -19.6398 ], [ -40.4187, -19.6413 ], [ -40.3892, -19.5742 ], [ -40.3682, -19.5504 ], [ -40.4314, -19.4931 ], [ -40.4927, -19.3712 ], [ -40.6272, -19.348 ], [ -40.5442, -19.3106 ], [ -40.6303, -19.2414 ], [ -40.7012, -19.2416 ], [ -40.8082, -19.3034 ], [ -40.8487, -19.3805 ], [ -40.8082, -19.3034 ], [ -40.7012, -19.2416 ], [ -40.6648, -19.23 ], [ -40.6303, -19.2414 ], [ -40.5442, -19.3106 ], [ -40.411, -19.1403 ], [ -40.3654, -19.0663 ], [ -40.3491, -19.0843 ], [ -40.2883, -19.0754 ], [ -40.2048, -18.8994 ], [ -40.2625, -18.8372 ], [ -40.373, -18.8497 ], [ -40.3729, -18.8493 ], [ -40.4584, -18.8558 ], [ -40.5668, -18.8881 ], [ -40.6141, -18.9543 ], [ -40.6508, -18.9394 ], [ -40.6341, -18.9873 ], [ -40.6527, -18.9844 ], [ -40.6562, -18.9464 ], [ -40.6785, -18.9329 ], [ -40.7377, -18.8791 ] ] ], [ [ [ -41.0254, -18.8372 ], [ -41.1105, -18.8389 ], [ -41.2325, -18.7973 ], [ -41.2148, -18.8776 ], [ -41.1635, -18.8595 ], [ -40.906, -18.9405 ], [ -40.8982, -18.9006 ], [ -41.0254, -18.8372 ] ] ], [ [ [ -40.7261, -19.642 ], [ -40.7467, -19.8311 ], [ -40.6949, -19.7736 ], [ -40.5546, -19.734 ], [ -40.518, -19.7459 ], [ -40.5255, -19.7162 ], [ -40.553, -19.7124 ], [ -40.6033, -19.6731 ], [ -40.7261, -19.642 ] ] ] ] } },
{ "type": "Feature", "properties": { "cod_rgi": "3204", "nome_rgi": "Cachoeiro do Itapemirim" }, "geometry": { "type": "MultiPolygon", "coordinates": [ [ [ [ -41.3915, -20.6242 ], [ -41.5742, -20.4961 ], [ -41.526, -20.4404 ], [ -41.4156, -20.2074 ], [ -41.666, -20.207 ], [ -41.7568, -20.2069 ], [ -41.7821, -20.2945 ], [ -41.8595, -20.3728 ], [ -41.8034, -20.4222 ], [ -41.7927, -20.3757 ], [ -41.6836, -20.4244 ], [ -41.7927, -20.3757 ], [ -41.7994, -20.4773 ], [ -41.8254, -20.4833 ], [ -41.8174, -20.6245 ], [ -41.8566, -20.7477 ], [ -41.8728, -20.7429 ], [ -41.8058, -20.7975 ], [ -41.8139, -20.8055 ], [ -41.7055, -20.9214 ], [ -41.71, -20.991 ], [ -41.7363, -21.1014 ], [ -41.6329, -21.0749 ], [ -41.5715, -20.9568 ], [ -41.6115, -20.7048 ], [ -41.5594, -20.8908 ], [ -41.5018, -20.9083 ], [ -41.371, -20.8749 ], [ -41.1208, -20.932 ], [ -41.091, -20.9523 ], [ -40.9796, -20.8694 ], [ -40.9943, -20.7794 ], [ -40.9363, -20.5996 ], [ -41.0005, -20.426 ], [ -41.0257, -20.5159 ], [ -41.1013, -20.4337 ], [ -41.1664, -20.4459 ], [ -41.2097, -20.4865 ], [ -41.2424, -20.5001 ], [ -41.2802, -20.5079 ], [ -41.3771, -20.5083 ], [ -41.3458, -20.3876 ], [ -41.3762, -20.2047 ], [ -41.526, -20.4404 ], [ -41.5742, -20.4961 ], [ -41.3915, -20.6242 ] ] ], [ [ [ -41.5866, -21.0566 ], [ -41.6126, -21.157 ], [ -41.5646, -21.1837 ], [ -41.2767, -21.2402 ], [ -41.2418, -21.2203 ], [ -41.191, -21.2487 ], [ -41.1366, -21.2323 ], [ -41.1877, -21.2196 ], [ -41.191, -21.1744 ], [ -41.2339, -21.0769 ], [ -41.1938, -21.059 ], [ -41.2864, -20.9504 ], [ -41.371, -20.8749 ], [ -41.5018, -20.9083 ], [ -41.5594, -20.8908 ], [ -41.5866, -21.0566 ] ] ], [ [ [ -41.6329, -21.0749 ], [ -41.6942, -21.1154 ], [ -41.5866, -21.0566 ], [ -41.6329, -21.0749 ] ] ], [ [ [ -40.828, -20.856 ], [ -40.7708, -20.7873 ], [ -40.7839, -20.7486 ], [ -40.8104, -20.7506 ], [ -40.9943, -20.7794 ], [ -40.828, -20.8908 ], [ -40.828, -20.8085 ], [ -40.828, -20.856 ] ] ], [ [ [ -40.9796, -20.8694 ], [ -41.091, -20.9523 ], [ -41.1606, -21.0615 ], [ -41.229, -21.0717 ], [ -41.1838, -21.2287 ], [ -41.0923, -21.2181 ], [ -40.9792, -21.28 ], [ -40.926, -21.1917 ], [ -40.8099, -20.9966 ], [ -40.828, -20.8908 ], [ -40.9796, -20.8694 ] ] ] ] } },
{ "type": "Feature", "properties": { "cod_rgi": "3301", "nome_rgi": "Rio de Janeiro" }, "geometry": { "type": "MultiPolygon", "coordinates": [ [ [ [ -44.2315, -22.8714 ], [ -44.4182, -22.8481 ], [ -44.4787, -22.8509 ], [ -44.4946, -22.8468 ], [ -44.6073, -22.8852 ], [ -44.6404, -22.913 ], [ -44.6335, -22.9144 ], [ -44.659, -22.9279 ], [ -44.6881, -22.937 ], [ -44.7133, -22.9301 ], [ -44.743, -22.946 ], [ -44.7554, -22.98 ], [ -44.7931, -22.9827 ], [ -44.8212, -23.1564 ], [ -44.8728, -23.1829 ], [ -44.8893, -23.2266 ], [ -44.8364, -23.2558 ], [ -44.7772, -23.3385 ], [ -44.5732, -23.3471 ], [ -44.5971, -23.0642 ], [ -44.3402, -22.9221 ], [ -44.1926, -22.9289 ], [ -44.2315, -22.8714 ] ] ], [ [ [ -43.3293, -22.7559 ], [ -43.3273, -22.6963 ], [ -43.3827, -22.6236 ], [ -43.4042, -22.535 ], [ -43.4473, -22.5272 ], [ -43.6227, -22.6422 ], [ -43.6709, -22.6527 ], [ -43.838, -22.7606 ], [ -43.8131, -22.7725 ], [ -43.9128, -22.8363 ], [ -44.0426, -22.8829 ], [ -44.0885, -22.8834 ], [ -44.1926, -22.9289 ], [ -43.7488, -22.8782 ], [ -43.674, -22.8646 ], [ -43.5969, -22.6858 ], [ -43.6348, -22.7833 ], [ -43.674, -22.8646 ], [ -43.7488, -22.8782 ], [ -43.6685, -23.0541 ], [ -43.1894, -22.9909 ], [ -43.2725, -22.8034 ], [ -43.4581, -22.849 ], [ -43.3971, -22.7776 ], [ -43.3293, -22.7559 ] ] ], [ [ [ -42.5862, -22.3559 ], [ -42.9209, -22.4607 ], [ -42.9071, -22.6014 ], [ -42.7442, -22.6852 ], [ -42.6882, -22.7927 ], [ -42.4998, -22.8287 ], [ -42.4506, -22.8201 ], [ -42.4418, -22.73 ], [ -42.5304, -22.7174 ], [ -42.528, -22.6317 ], [ -42.6029, -22.5411 ], [ -42.5553, -22.4124 ], [ -42.5862, -22.3559 ] ] ], [ [ [ -43.4042, -22.535 ], [ -43.3987, -22.6613 ], [ -43.3198, -22.7094 ], [ -43.3309, -22.8027 ], [ -43.2725, -22.8034 ], [ -43.2248, -22.6748 ], [ -43.1943, -22.623 ], [ -43.2253, -22.5637 ], [ -43.2547, -22.5752 ], [ -43.2465, -22.5269 ], [ -43.2217, -22.5212 ], [ -43.332, -22.5192 ], [ -43.4042, -22.535 ] ] ], [ [ [ -42.9071, -22.6014 ], [ -43.0129, -22.6376 ], [ -42.9743, -22.7316 ], [ -42.9071, -22.6014 ] ] ], [ [ [ -42.9743, -22.7316 ], [ -42.8468, -22.8729 ], [ -42.7336, -22.8412 ], [ -42.6882, -22.7927 ], [ -42.7442, -22.6852 ], [ -42.9743, -22.7316 ] ] ], [ [ [ -43.0707, -22.504 ], [ -43.2253, -22.5637 ], [ -43.1942, -22.6235 ], [ -43.2248, -22.6748 ], [ -43.0129, -22.6376 ], [ -43.0707, -22.504 ] ] ], [ [ [ -42.7336, -22.8412 ], [ -42.8468, -22.8729 ], [ -42.3828, -22.9358 ], [ -42.3699, -22.8355 ], [ -42.4998, -22.8287 ], [ -42.7336, -22.8412 ] ] ], [ [ [ -43.6344, -22.5711 ], [ -43.6934, -22.5773 ], [ -43.6883, -22.5517 ], [ -43.8156, -22.687 ], [ -43.6709, -22.6527 ], [ -43.5984, -22.569 ], [ -43.6223, -22.5257 ], [ -43.6344, -22.5711 ] ] ], [ [ [ -42.2691, -22.4025 ], [ -42.3868, -22.4217 ], [ -42.5118, -22.4348 ], [ -42.6029, -22.5411 ], [ -42.528, -22.6317 ], [ -42.5303, -22.7175 ], [ -42.4585, -22.7186 ], [ -42.4201, -22.7364 ], [ -42.3686, -22.7242 ], [ -42.3318, -22.7041 ], [ -42.2365, -22.6094 ], [ -42.2503, -22.5464 ], [ -42.2703, -22.4857 ], [ -42.2691, -22.4025 ] ] ] ] } },
{ "type": "Feature", "properties": { "cod_rgi": "3302", "nome_rgi": "Volta Redonda - Barra Mansa" }, "geometry": { "type": "MultiPolygon", "coordinates": [ [ [ [ -44.0026, -22.408 ], [ -43.9925, -22.5175 ], [ -44.0677, -22.5921 ], [ -44.1485, -22.649 ], [ -44.1761, -22.7057 ], [ -44.227, -22.7337 ], [ -44.2315, -22.8714 ], [ -44.0885, -22.8834 ], [ -44.0426, -22.8829 ], [ -43.9128, -22.8363 ], [ -43.8131, -22.7725 ], [ -43.838, -22.7606 ], [ -43.8156, -22.687 ], [ -43.8399, -22.6486 ], [ -43.5842, -22.4566 ], [ -43.561, -22.5046 ], [ -43.6227, -22.6422 ], [ -43.4473, -22.5272 ], [ -43.332, -22.5192 ], [ -43.2834, -22.364 ], [ -43.4015, -22.2166 ], [ -43.4373, -22.0601 ], [ -43.5038, -22.0752 ], [ -43.6196, -22.0843 ], [ -43.7654, -22.0621 ], [ -43.8792, -22.0995 ], [ -43.8797, -22.114 ], [ -44.0044, -22.1626 ], [ -44.0872, -22.1846 ], [ -44.1233, -22.1877 ], [ -44.2601, -22.3012 ], [ -44.2635, -22.2434 ], [ -44.4145, -22.2542 ], [ -44.4599, -22.28 ], [ -44.726, -22.359 ], [ -44.6021, -22.6078 ], [ -44.5263, -22.6193 ], [ -44.4848, -22.6039 ], [ -44.4315, -22.5987 ], [ -44.4018, -22.6067 ], [ -44.392, -22.5724 ], [ -44.3704, -22.5897 ], [ -44.2857, -22.6097 ], [ -44.2074, -22.612 ], [ -44.1614, -22.6783 ], [ -44.1485, -22.649 ], [ -44.09, -22.5305 ], [ -44.1381, -22.4317 ], [ -44.0851, -22.3827 ], [ -44.124, -22.3389 ], [ -44.1685, -22.3326 ], [ -44.124, -22.3389 ], [ -44.0851, -22.3827 ], [ -44.0026, -22.408 ] ] ], [ [ [ -43.5842, -22.4566 ], [ -43.6883, -22.5517 ], [ -43.6934, -22.5773 ], [ -43.6344, -22.5711 ], [ -43.6223, -22.5257 ], [ -43.561, -22.5046 ], [ -43.5842, -22.4566 ] ] ], [ [ [ -44.1381, -22.4317 ], [ -44.09, -22.5305 ], [ -44.0026, -22.408 ], [ -44.1381, -22.4317 ] ] ] ] } },
{ "type": "Feature", "properties": { "cod_rgi": "3303", "nome_rgi": "Petrópolis" }, "geometry": { "type": "MultiPolygon", "coordinates": [ [ [ [ -43.0291, -22.2026 ], [ -43.0551, -22.165 ], [ -43.1116, -22.2004 ], [ -43.1637, -22.1853 ], [ -43.1827, -22.2961 ], [ -43.2834, -22.364 ], [ -43.2217, -22.5212 ], [ -43.2465, -22.5269 ], [ -43.2547, -22.5752 ], [ -43.1083, -22.5342 ], [ -43.0707, -22.504 ], [ -42.7238, -22.3529 ], [ -42.7449, -22.2334 ], [ -42.7521, -22.1903 ], [ -42.7611, -22.1015 ], [ -42.7443, -22.0475 ], [ -42.5725, -22.0191 ], [ -42.6065, -22.0907 ], [ -42.5725, -22.0191 ], [ -42.7443, -22.0475 ], [ -42.7611, -22.1015 ], [ -42.7521, -22.1903 ], [ -42.7449, -22.2334 ], [ -42.5862, -22.3559 ], [ -42.5553, -22.4124 ], [ -42.5118, -22.4348 ], [ -42.3868, -22.4217 ], [ -42.2904, -22.3911 ], [ -42.2255, -22.3524 ], [ -42.2342, -22.231 ], [ -42.2974, -22.1518 ], [ -42.315, -22.11 ], [ -42.346, -22.1068 ], [ -42.4023, -22.0583 ], [ -42.5102, -21.9083 ], [ -42.4152, -22.0404 ], [ -42.3843, -22.0028 ], [ -42.4016, -22.0204 ], [ -42.4152, -22.0404 ], [ -42.4023, -22.0583 ], [ -42.315, -22.11 ], [ -42.2603, -22.046 ], [ -42.251, -22.0283 ], [ -42.1868, -22.0181 ], [ -42.1384, -22.0326 ], [ -42.1868, -22.0181 ], [ -42.251, -22.0283 ], [ -42.2603, -22.046 ], [ -42.2974, -22.1518 ], [ -42.2342, -22.231 ], [ -42.1591, -22.2152 ], [ -42.0884, -22.1697 ], [ -42.0272, -22.1575 ], [ -41.91, -22.0679 ], [ -41.8694, -22.0515 ], [ -41.774, -22.0221 ], [ -41.7174, -21.9847 ], [ -41.7881, -21.8886 ], [ -41.8712, -21.8847 ], [ -41.8957, -21.8784 ], [ -41.9711, -21.8031 ], [ -41.9343, -21.7671 ], [ -42.0139, -21.7721 ], [ -42.0608, -21.8019 ], [ -42.1203, -21.8503 ], [ -42.1421, -21.8587 ], [ -42.1674, -21.8624 ], [ -42.2378, -21.6978 ], [ -42.3252, -21.7426 ], [ -42.3628, -21.7418 ], [ -42.4597, -21.7848 ], [ -42.6688, -21.8745 ], [ -42.8814, -21.9593 ], [ -42.9072, -21.9894 ], [ -43.003, -22.0324 ], [ -43.0146, -22.0836 ], [ -43.0392, -22.0446 ], [ -43.0332, -22.0659 ], [ -43.1168, -22.0851 ], [ -43.1547, -22.0775 ], [ -43.2598, -22.1024 ], [ -43.1981, -22.2007 ], [ -43.1629, -22.1852 ], [ -43.1085, -22.1999 ], [ -43.0291, -22.2026 ] ] ], [ [ [ -43.2598, -22.1024 ], [ -43.2455, -22.0066 ], [ -43.4373, -22.0601 ], [ -43.4015, -22.2166 ], [ -43.2834, -22.364 ], [ -43.1981, -22.2007 ], [ -43.2598, -22.1024 ] ] ] ] } },
{ "type": "Feature", "properties": { "cod_rgi": "3304", "nome_rgi": "Campos dos Goytacazes" }, "geometry": { "type": "MultiPolygon", "coordinates": [ [ [ [ -42.3652, -21.6465 ], [ -42.3009, -21.6551 ], [ -42.2718, -21.7145 ], [ -42.1791, -21.6869 ], [ -42.1368, -21.7051 ], [ -42.0073, -21.6394 ], [ -41.9377, -21.5974 ], [ -41.9343, -21.7671 ], [ -41.9711, -21.8031 ], [ -41.8957, -21.8784 ], [ -41.8712, -21.8847 ], [ -41.7881, -21.8886 ], [ -41.7174, -21.9847 ], [ -41.774, -22.0221 ], [ -41.6999, -22.0494 ], [ -41.4707, -22.0019 ], [ -41.257, -22.0994 ], [ -40.9812, -21.9115 ], [ -41.0726, -21.513 ], [ -40.9792, -21.28 ], [ -41.0923, -21.2181 ], [ -41.1906, -21.2488 ], [ -41.4695, -21.2321 ], [ -41.5646, -21.1837 ], [ -41.6126, -21.157 ], [ -41.6942, -21.1154 ], [ -41.7363, -21.1014 ], [ -41.71, -20.991 ], [ -41.8139, -20.8055 ], [ -41.8058, -20.7975 ], [ -41.9267, -20.8388 ], [ -41.9544, -20.8653 ], [ -42.0231, -20.9251 ], [ -42.0028, -21.0138 ], [ -42.1011, -21.0342 ], [ -42.1897, -21.2505 ], [ -42.2242, -21.3378 ], [ -42.1432, -21.306 ], [ -42.0899, -21.352 ], [ -41.9327, -21.3123 ], [ -42.0579, -21.4334 ], [ -41.9974, -21.4884 ], [ -41.8998, -21.3819 ], [ -41.8153, -21.3269 ], [ -41.839, -21.288 ], [ -41.7773, -21.4008 ], [ -41.71, -21.4563 ], [ -41.7779, -21.4019 ], [ -41.814, -21.3272 ], [ -41.8566, -21.346 ], [ -41.9531, -21.4343 ], [ -41.9974, -21.4884 ], [ -42.2019, -21.469 ], [ -42.2546, -21.487 ], [ -42.3652, -21.6465 ] ] ], [ [ [ -42.0073, -21.6394 ], [ -42.2378, -21.6978 ], [ -42.1672, -21.8592 ], [ -42.1421, -21.8587 ], [ -42.1203, -21.8503 ], [ -42.0608, -21.8019 ], [ -42.0139, -21.7721 ], [ -41.9377, -21.5974 ], [ -42.0073, -21.6394 ] ] ], [ [ [ -42.1432, -21.306 ], [ -42.2019, -21.469 ], [ -42.0579, -21.4334 ], [ -42.0899, -21.352 ], [ -42.1432, -21.306 ] ] ] ] } },
{ "type": "Feature", "properties": { "cod_rgi": "3305", "nome_rgi": "Macaé - Rio das Ostras - Cabo Frio" }, "geometry": { "type": "Polygon", "coordinates": [ [ [ -42.2365, -22.6094 ], [ -42.3014, -22.6294 ], [ -42.3319, -22.7043 ], [ -42.417, -22.7357 ], [ -42.4418, -22.73 ], [ -42.4506, -22.8201 ], [ -42.3699, -22.8355 ], [ -42.3828, -22.9358 ], [ -42.2913, -22.9391 ], [ -42.0656, -22.9572 ], [ -41.9695, -22.8225 ], [ -41.9793, -22.563 ], [ -41.7679, -22.3563 ], [ -41.257, -22.0994 ], [ -41.4707, -22.0019 ], [ -41.6937, -22.1083 ], [ -41.6999, -22.0494 ], [ -41.8694, -22.0515 ], [ -41.91, -22.0679 ], [ -42.0272, -22.1575 ], [ -42.0884, -22.1697 ], [ -42.1591, -22.2152 ], [ -42.2196, -22.4061 ], [ -42.2255, -22.3524 ], [ -42.2904, -22.3911 ], [ -42.2691, -22.4025 ], [ -42.2703, -22.4857 ], [ -42.2503, -22.5464 ], [ -42.1768, -22.5457 ], [ -42.0412, -22.8657 ], [ -42.1695, -22.8735 ], [ -42.0412, -22.8657 ], [ -42.1314, -22.6532 ], [ -42.2365, -22.6094 ] ] ] } },
{ "type": "Feature", "properties": { "cod_rgi": "3501", "nome_rgi": "São Paulo" }, "geometry": { "type": "MultiPolygon", "coordinates": [ [ [ [ -46.8174, -23.5207 ], [ -46.9357, -23.3851 ], [ -47.0376, -23.4355 ], [ -47.0105, -23.4457 ], [ -46.8174, -23.5207 ] ] ], [ [ [ -45.8302, -23.6747 ], [ -46.1261, -23.7129 ], [ -46.375, -23.8685 ], [ -46.1778, -23.8889 ], [ -45.8422, -23.758 ], [ -45.7949, -23.7157 ], [ -45.8302, -23.6747 ] ] ], [ [ [ -46.7795, -23.3511 ], [ -46.8078, -23.6091 ], [ -46.7927, -23.6471 ], [ -46.796, -23.7391 ], [ -46.8716, -23.6833 ], [ -46.7927, -23.6471 ], [ -46.8216, -23.6359 ], [ -46.8078, -23.6091 ], [ -47.0333, -23.7375 ], [ -47.0335, -23.7675 ], [ -46.9378, -23.7766 ], [ -46.8956, -23.8377 ], [ -47.1164, -23.8404 ], [ -47.1887, -23.9911 ], [ -47.1628, -24.0237 ], [ -47.1602, -24.0524 ], [ -47.2685, -24.1469 ], [ -47.3506, -24.3225 ], [ -47.207, -24.3239 ], [ -47.0828, -24.2186 ], [ -47.1006, -24.3915 ], [ -47.1177, -24.4176 ], [ -47.0785, -24.4448 ], [ -46.7093, -24.1442 ], [ -46.7486, -24.0748 ], [ -46.6425, -24.0102 ], [ -46.4446, -23.8292 ], [ -46.5278, -23.7486 ], [ -46.5775, -23.672 ], [ -46.6164, -23.7105 ], [ -46.579, -23.5995 ], [ -46.4233, -23.6443 ], [ -46.3773, -23.5896 ], [ -46.4107, -23.4704 ], [ -46.5669, -23.4161 ], [ -46.5494, -23.3563 ], [ -46.4401, -23.2732 ], [ -46.6099, -23.2258 ], [ -46.7517, -23.3019 ], [ -46.7795, -23.3511 ] ] ], [ [ [ -46.3203, -23.7852 ], [ -46.4446, -23.8292 ], [ -46.6425, -24.0102 ], [ -46.5268, -23.9464 ], [ -46.375, -23.8685 ], [ -46.3203, -23.7852 ] ] ], [ [ [ -46.099, -23.326 ], [ -46.3311, -23.4889 ], [ -46.3315, -23.5385 ], [ -46.3975, -23.6717 ], [ -46.4752, -23.7166 ], [ -46.4572, -23.7675 ], [ -46.4187, -23.7594 ], [ -46.4164, -23.7351 ], [ -46.4261, -23.774 ], [ -46.2784, -23.7703 ], [ -46.1261, -23.7129 ], [ -45.9841, -23.518 ], [ -46.0014, -23.3861 ], [ -46.099, -23.326 ] ] ], [ [ [ -46.3642, -23.2741 ], [ -46.5669, -23.4161 ], [ -46.4107, -23.4704 ], [ -46.3973, -23.4464 ], [ -46.3776, -23.4017 ], [ -46.3642, -23.2741 ] ] ], [ [ [ -46.995, -23.507 ], [ -46.9916, -23.5294 ], [ -47.0061, -23.5544 ], [ -46.9618, -23.6026 ], [ -46.9074, -23.555 ], [ -46.995, -23.507 ] ] ], [ [ [ -46.4233, -23.6443 ], [ -46.5467, -23.6057 ], [ -46.5672, -23.6502 ], [ -46.5278, -23.7486 ], [ -46.4299, -23.8115 ], [ -46.3203, -23.7852 ], [ -46.2784, -23.7703 ], [ -46.3967, -23.7677 ], [ -46.4571, -23.7676 ], [ -46.4692, -23.7248 ], [ -46.4917, -23.709 ], [ -46.481, -23.6737 ], [ -46.4898, -23.7114 ], [ -46.4765, -23.7195 ], [ -46.4273, -23.6774 ], [ -46.4233, -23.6443 ] ] ], [ [ [ -45.8133, -23.4997 ], [ -45.9652, -23.5808 ], [ -45.9602, -23.6335 ], [ -45.9383, -23.6582 ], [ -45.8302, -23.6747 ], [ -45.7058, -23.6017 ], [ -45.7309, -23.5745 ], [ -45.756, -23.5112 ], [ -45.8133, -23.4997 ] ], [ [ -45.9652, -23.5808 ], [ -45.9383, -23.6582 ], [ -45.9602, -23.6335 ], [ -45.9652, -23.5808 ] ] ], [ [ [ -46.1532, -23.2357 ], [ -46.3642, -23.2741 ], [ -46.2942, -23.3699 ], [ -46.114, -23.2855 ], [ -46.151, -23.2743 ], [ -46.1532, -23.2357 ] ] ] ] } },
{ "type": "Feature", "properties": { "cod_rgi": "3502", "nome_rgi": "Sorocaba" }, "geometry": { "type": "MultiPolygon", "coordinates": [ [ [ [ -49.2489, -22.7494 ], [ -49.3759, -22.7775 ], [ -49.3778, -22.8637 ], [ -49.3904, -22.8895 ], [ -49.4585, -22.9134 ], [ -49.4602, -22.969 ], [ -49.3685, -22.9843 ], [ -49.222, -23.0365 ], [ -49.2161, -22.9774 ], [ -49.21, -23.2274 ], [ -49.2108, -23.2455 ], [ -49.0126, -23.2622 ], [ -48.9452, -23.3008 ], [ -48.774, -23.3024 ], [ -48.7449, -23.2508 ], [ -48.7413, -23.0899 ], [ -48.7787, -23.054 ], [ -48.8469, -22.9487 ], [ -48.8026, -22.8453 ], [ -48.9691, -22.825 ], [ -49.0676, -23.0932 ], [ -48.9833, -22.8424 ], [ -49.0922, -22.7056 ], [ -49.228, -22.7604 ], [ -49.2489, -22.7494 ] ] ], [ [ [ -47.7894, -23.4962 ], [ -47.8072, -23.4887 ], [ -47.7894, -23.4962 ], [ -47.6844, -23.3934 ], [ -47.7265, -23.3544 ], [ -47.465, -23.3508 ], [ -47.7265, -23.3544 ], [ -47.6844, -23.3934 ], [ -47.5198, -23.5889 ], [ -47.4716, -23.5482 ], [ -47.3731, -23.5187 ], [ -47.3243, -23.5135 ], [ -47.1711, -23.3378 ], [ -47.1613, -23.3077 ], [ -47.191, -23.2461 ], [ -47.2448, -23.1833 ], [ -47.2603, -23.1468 ], [ -47.3006, -23.1134 ], [ -47.3209, -23.1239 ], [ -47.5982, -23.1308 ], [ -47.6264, -23.076 ], [ -47.6291, -23.0437 ], [ -47.7012, -22.9187 ], [ -47.7225, -22.9332 ], [ -47.8069, -22.8769 ], [ -47.8267, -22.9422 ], [ -47.6843, -23.1965 ], [ -47.7425, -23.2296 ], [ -47.8451, -23.2358 ], [ -47.8277, -23.2041 ], [ -48.1388, -23.2712 ], [ -48.2112, -23.3032 ], [ -48.2769, -23.2653 ], [ -48.335, -23.2836 ], [ -48.4012, -23.2875 ], [ -48.4915, -23.2611 ], [ -48.5905, -23.3149 ], [ -48.6475, -23.3291 ], [ -48.7094, -23.3191 ], [ -48.9452, -23.3008 ], [ -48.9849, -23.2878 ], [ -49.0126, -23.2622 ], [ -49.2108, -23.2455 ], [ -49.2173, -23.2985 ], [ -49.2168, -23.3513 ], [ -49.2935, -23.4176 ], [ -49.3224, -23.4698 ], [ -49.3176, -23.5381 ], [ -49.3224, -23.4698 ], [ -49.395, -23.3955 ], [ -49.4387, -23.4381 ], [ -49.44, -23.4897 ], [ -49.5759, -23.5042 ], [ -49.5555, -23.54 ], [ -49.4902, -23.6284 ], [ -49.544, -23.652 ], [ -49.5492, -23.704 ], [ -49.5705, -23.7784 ], [ -49.5597, -23.7936 ], [ -49.6106, -23.8502 ], [ -49.5853, -23.8904 ], [ -49.5774, -23.8974 ], [ -49.5168, -23.9701 ], [ -49.4937, -23.9776 ], [ -49.4634, -24.0274 ], [ -49.43, -24.0885 ], [ -49.3366, -24.1376 ], [ -49.3054, -24.2514 ], [ -49.283, -24.3089 ], [ -49.1845, -24.2789 ], [ -49.1215, -24.2103 ], [ -49.1423, -24.1456 ], [ -49.1996, -24.0979 ], [ -49.102, -24.0635 ], [ -49.1996, -24.0979 ], [ -49.1423, -24.1456 ], [ -49.137, -24.1858 ], [ -49.1215, -24.2103 ], [ -49.1315, -24.2456 ], [ -49.0823, -24.2571 ], [ -49.061, -24.243 ], [ -48.9982, -24.3104 ], [ -48.981, -24.3119 ], [ -48.9411, -24.2543 ], [ -48.8956, -24.2228 ], [ -48.9827, -24.3014 ], [ -48.9802, -24.3467 ], [ -48.9674, -24.3507 ], [ -49.0271, -24.2666 ], [ -49.0621, -24.243 ], [ -49.0814, -24.257 ], [ -49.1077, -24.25 ], [ -49.0749, -24.2849 ], [ -49.086, -24.3124 ], [ -49.1199, -24.3301 ], [ -49.2535, -24.405 ], [ -49.2355, -24.4096 ], [ -49.2505, -24.4454 ], [ -49.2469, -24.4691 ], [ -49.316, -24.5555 ], [ -49.3054, -24.6736 ], [ -49.04, -24.6368 ], [ -48.9425, -24.6723 ], [ -48.8519, -24.675 ], [ -48.8273, -24.6545 ], [ -48.7787, -24.6967 ], [ -48.7038, -24.6804 ], [ -48.6605, -24.7068 ], [ -48.582, -24.6707 ], [ -48.5381, -24.7262 ], [ -48.4993, -24.739 ], [ -48.5721, -24.895 ], [ -48.5674, -24.9723 ], [ -48.5286, -25.1008 ], [ -48.474, -25.0126 ], [ -48.3786, -24.997 ], [ -48.2779, -25.033 ], [ -48.2255, -24.9344 ], [ -48.2234, -25.0091 ], [ -48.2316, -25.0208 ], [ -48.1569, -25.1447 ], [ -48.0574, -25.2183 ], [ -47.5411, -24.7065 ], [ -47.0785, -24.4448 ], [ -47.1177, -24.4176 ], [ -47.1006, -24.3915 ], [ -47.5378, -24.3573 ], [ -47.717, -24.3981 ], [ -47.8399, -24.3662 ], [ -47.717, -24.3981 ], [ -47.5378, -24.3573 ], [ -47.3506, -24.3225 ], [ -47.2685, -24.1469 ], [ -47.1602, -24.0524 ], [ -47.1628, -24.0237 ], [ -47.4899, -24.0969 ], [ -47.5029, -24.0498 ], [ -47.5409, -23.8677 ], [ -47.5816, -23.7957 ], [ -47.6374, -23.7094 ], [ -47.5779, -23.757 ], [ -47.4942, -23.65 ], [ -47.5779, -23.757 ], [ -47.5816, -23.7957 ], [ -47.5409, -23.8677 ], [ -47.3552, -24.0218 ], [ -47.1887, -23.9911 ], [ -47.1164, -23.8404 ], [ -47.0335, -23.7675 ], [ -47.0333, -23.7375 ], [ -47.1788, -23.6412 ], [ -47.3731, -23.5187 ], [ -47.4716, -23.5482 ], [ -47.5198, -23.5889 ], [ -47.5818, -23.5851 ], [ -47.7186, -23.6202 ], [ -47.748, -23.6113 ], [ -47.7894, -23.4962 ] ], [ [ -47.9382, -24.0995 ], [ -47.8585, -24.1226 ], [ -47.7247, -24.1181 ], [ -47.7251, -24.0809 ], [ -47.6138, -24.0447 ], [ -47.7251, -24.0809 ], [ -47.7247, -24.1181 ], [ -47.8585, -24.1226 ], [ -47.9382, -24.0995 ] ] ], [ [ [ -48.6712, -24.3559 ], [ -48.6504, -24.2375 ], [ -48.6338, -24.1733 ], [ -48.6462, -24.1172 ], [ -48.5204, -24.1399 ], [ -48.4133, -24.0742 ], [ -48.5204, -24.1399 ], [ -48.6462, -24.1172 ], [ -48.6338, -24.1733 ], [ -48.6504, -24.2375 ], [ -48.6712, -24.3559 ] ] ], [ [ [ -47.0817, -23.3813 ], [ -47.1262, -23.4253 ], [ -47.1872, -23.4178 ], [ -47.1788, -23.6412 ], [ -47.0061, -23.5544 ], [ -46.9916, -23.5294 ], [ -47.0439, -23.5161 ], [ -46.995, -23.507 ], [ -47.0105, -23.4457 ], [ -47.0376, -23.4355 ], [ -47.0426, -23.3867 ], [ -47.0429, -23.3523 ], [ -47.0878, -23.3532 ], [ -47.1011, -23.3868 ], [ -47.0817, -23.3813 ] ] ], [ [ [ -47.5818, -23.5851 ], [ -47.748, -23.6113 ], [ -47.7186, -23.6202 ], [ -47.5818, -23.5851 ] ] ], [ [ [ -49.4902, -23.6284 ], [ -49.5555, -23.54 ], [ -49.5759, -23.5042 ], [ -49.6002, -23.5356 ], [ -49.6171, -23.6396 ], [ -49.544, -23.652 ], [ -49.4902, -23.6284 ] ] ], [ [ [ -49.2535, -24.405 ], [ -49.0933, -24.3185 ], [ -49.0749, -24.2847 ], [ -49.0845, -24.2707 ], [ -49.1315, -24.2456 ], [ -49.1845, -24.2789 ], [ -49.2007, -24.3444 ], [ -49.2535, -24.405 ] ] ], [ [ [ -47.7917, -23.153 ], [ -47.8277, -23.2041 ], [ -47.7425, -23.2296 ], [ -47.6843, -23.1965 ], [ -47.7917, -23.153 ] ] ], [ [ [ -49.222, -23.0365 ], [ -49.3685, -22.9843 ], [ -49.3813, -23.0821 ], [ -49.2598, -23.1217 ], [ -49.222, -23.0365 ] ] ], [ [ [ -47.9123, -23.0804 ], [ -47.898, -23.0582 ], [ -47.9369, -23.0146 ], [ -48.0372, -23.0708 ], [ -48.1105, -23.0983 ], [ -48.1958, -23.1146 ], [ -48.1388, -23.2712 ], [ -47.91, -23.1609 ], [ -47.9123, -23.0804 ] ] ] ] } },
{ "type": "Feature", "properties": { "cod_rgi": "3503", "nome_rgi": "Bauru" }, "geometry": { "type": "MultiPolygon", "coordinates": [ [ [ [ -49.0021, -22.5468 ], [ -48.861, -22.4841 ], [ -48.7722, -22.48 ], [ -48.7386, -22.4512 ], [ -48.7312, -22.3975 ], [ -48.7051, -22.3611 ], [ -48.7715, -22.227 ], [ -48.8604, -22.0892 ], [ -49.0528, -22.0041 ], [ -49.2889, -22.2656 ], [ -49.193, -22.5291 ], [ -49.2889, -22.2656 ], [ -49.2496, -22.0439 ], [ -49.0528, -22.0041 ], [ -48.908, -21.8663 ], [ -48.9878, -21.832 ], [ -49.1396, -21.7063 ], [ -49.1883, -21.6473 ], [ -49.1838, -21.7685 ], [ -49.3775, -21.8428 ], [ -49.3208, -21.8378 ], [ -49.285, -21.8603 ], [ -49.2695, -21.8746 ], [ -49.3174, -21.9372 ], [ -49.389, -21.9349 ], [ -49.3807, -21.8788 ], [ -49.34, -21.8382 ], [ -49.3775, -21.8428 ], [ -49.3383, -21.5475 ], [ -49.697, -21.3627 ], [ -49.5391, -21.6004 ], [ -49.5678, -21.626 ], [ -49.8089, -21.8902 ], [ -49.7678, -21.9321 ], [ -49.7565, -22.0077 ], [ -49.7344, -22.0176 ], [ -49.6612, -22.0765 ], [ -49.6227, -22.1127 ], [ -49.585, -22.1127 ], [ -49.5621, -22.1453 ], [ -49.5244, -22.1537 ], [ -49.5294, -22.1817 ], [ -49.4367, -22.2706 ], [ -49.4231, -22.2935 ], [ -49.5157, -22.3954 ], [ -49.5039, -22.4683 ], [ -49.3606, -22.6579 ], [ -49.384, -22.7081 ], [ -49.2489, -22.7494 ], [ -49.228, -22.7604 ], [ -49.0021, -22.5468 ] ] ], [ [ [ -48.2105, -22.6181 ], [ -48.2464, -22.619 ], [ -48.2482, -22.7328 ], [ -48.2397, -22.6445 ], [ -48.2732, -22.5954 ], [ -48.3389, -22.624 ], [ -48.3654, -22.6089 ], [ -48.4447, -22.5397 ], [ -48.513, -22.5485 ], [ -48.5611, -22.5872 ], [ -48.615, -22.5756 ], [ -48.6501, -22.5884 ], [ -48.8147, -22.5429 ], [ -48.861, -22.4841 ], [ -48.8882, -22.5552 ], [ -49.0021, -22.5468 ], [ -49.0922, -22.7056 ], [ -48.8026, -22.8453 ], [ -48.8469, -22.9487 ], [ -48.7787, -23.054 ], [ -48.7413, -23.0899 ], [ -48.7449, -23.2508 ], [ -48.774, -23.3024 ], [ -48.7094, -23.3191 ], [ -48.5905, -23.3149 ], [ -48.4522, -23.2108 ], [ -48.341, -23.1394 ], [ -48.4522, -23.2108 ], [ -48.4915, -23.2611 ], [ -48.4012, -23.2875 ], [ -48.335, -23.2836 ], [ -48.2769, -23.2653 ], [ -48.1958, -23.1146 ], [ -48.1105, -23.0983 ], [ -48.0372, -23.0708 ], [ -47.9369, -23.0146 ], [ -47.9512, -22.9252 ], [ -48.0324, -22.8264 ], [ -48.0143, -22.7346 ], [ -48.0701, -22.7369 ], [ -48.0987, -22.6888 ], [ -48.1604, -22.6378 ], [ -48.2105, -22.6181 ] ] ], [ [ [ -49.389, -21.9349 ], [ -49.3174, -21.9372 ], [ -49.2665, -21.8655 ], [ -49.34, -21.8382 ], [ -49.3835, -21.886 ], [ -49.389, -21.9349 ] ] ], [ [ [ -48.718, -21.981 ], [ -48.7908, -22.1254 ], [ -48.7534, -22.155 ], [ -48.7715, -22.227 ], [ -48.7311, -22.3196 ], [ -48.6652, -22.4139 ], [ -48.7029, -22.3685 ], [ -48.7242, -22.3813 ], [ -48.75, -22.4651 ], [ -48.827, -22.4884 ], [ -48.8147, -22.5429 ], [ -48.6211, -22.5019 ], [ -48.6407, -22.4811 ], [ -48.4886, -22.3396 ], [ -48.6407, -22.4811 ], [ -48.4519, -22.5394 ], [ -48.3845, -22.58 ], [ -48.3341, -22.6254 ], [ -48.2815, -22.5965 ], [ -48.2615, -22.6054 ], [ -48.2477, -22.5785 ], [ -48.2075, -22.5025 ], [ -48.1743, -22.4993 ], [ -48.1395, -22.4913 ], [ -48.1234, -22.5292 ], [ -48.0936, -22.4987 ], [ -47.9825, -22.4554 ], [ -47.954, -22.3985 ], [ -47.9494, -22.3207 ], [ -47.9055, -22.2307 ], [ -47.9931, -22.116 ], [ -48.0266, -22.0769 ], [ -48.198, -22.148 ], [ -48.3874, -22.1596 ], [ -48.4769, -22.0418 ], [ -48.564, -22.0051 ], [ -48.718, -21.981 ] ] ], [ [ [ -49.697, -21.3627 ], [ -49.8322, -21.2755 ], [ -49.8165, -21.3164 ], [ -49.8911, -21.4685 ], [ -49.9149, -21.5571 ], [ -50.0609, -21.5839 ], [ -50.1001, -21.621 ], [ -49.8827, -21.6722 ], [ -49.8322, -21.6992 ], [ -49.5678, -21.626 ], [ -49.5391, -21.6004 ], [ -49.697, -21.3627 ] ] ], [ [ [ -48.8306, -21.8904 ], [ -48.718, -21.981 ], [ -48.7547, -21.8838 ], [ -48.8306, -21.8904 ] ] ], [ [ [ -49.6285, -22.4692 ], [ -49.5039, -22.4683 ], [ -49.57, -22.3836 ], [ -49.6039, -22.4431 ], [ -49.5962, -22.4594 ], [ -49.6285, -22.4692 ] ] ] ] } },
{ "type": "Feature", "properties": { "cod_rgi": "3504", "nome_rgi": "Marília" }, "geometry": { "type": "MultiPolygon", "coordinates": [ [ [ [ -49.6612, -22.0765 ], [ -49.799, -22.1764 ], [ -49.7578, -22.2522 ], [ -49.799, -22.1764 ], [ -49.8179, -22.0017 ], [ -50.0141, -21.9253 ], [ -50.2218, -21.7629 ], [ -50.3207, -21.8518 ], [ -50.2705, -21.8417 ], [ -50.2847, -21.9595 ], [ -50.2705, -21.8417 ], [ -50.3207, -21.8518 ], [ -50.3621, -21.8277 ], [ -50.4046, -21.8595 ], [ -50.4241, -21.9847 ], [ -50.4046, -21.8595 ], [ -50.3621, -21.8277 ], [ -50.4257, -21.8043 ], [ -50.6217, -21.9188 ], [ -50.7089, -22.0204 ], [ -50.5098, -22.1062 ], [ -50.4686, -22.1669 ], [ -50.1728, -22.2467 ], [ -50.2298, -22.3543 ], [ -50.2376, -22.3811 ], [ -50.3362, -22.445 ], [ -50.4146, -22.5209 ], [ -50.5716, -22.6915 ], [ -50.6788, -22.7807 ], [ -50.6394, -22.8483 ], [ -50.6051, -22.8726 ], [ -50.5244, -22.8329 ], [ -50.5031, -22.7356 ], [ -50.5144, -22.6985 ], [ -50.5015, -22.6935 ], [ -50.325, -22.6774 ], [ -50.2733, -22.6733 ], [ -50.2464, -22.6881 ], [ -50.1459, -22.6994 ], [ -50.1388, -22.5739 ], [ -50.0241, -22.7794 ], [ -49.9637, -22.9183 ], [ -49.9742, -22.9545 ], [ -49.9607, -22.9603 ], [ -49.8907, -22.9124 ], [ -49.8859, -22.8145 ], [ -49.8666, -22.8092 ], [ -49.8859, -22.8145 ], [ -49.8844, -22.8382 ], [ -49.7792, -22.877 ], [ -49.7108, -22.7777 ], [ -49.7792, -22.877 ], [ -49.7627, -22.8903 ], [ -49.7264, -22.9567 ], [ -49.5344, -23.122 ], [ -49.5186, -22.9039 ], [ -49.4202, -22.9095 ], [ -49.3693, -22.8825 ], [ -49.3798, -22.7339 ], [ -49.384, -22.7081 ], [ -49.3606, -22.6579 ], [ -49.5031, -22.5146 ], [ -49.6608, -22.6079 ], [ -49.772, -22.5006 ], [ -49.8176, -22.5261 ], [ -49.8854, -22.5058 ], [ -49.8547, -22.4304 ], [ -49.8854, -22.5058 ], [ -49.7399, -22.4065 ], [ -49.729, -22.3766 ], [ -49.6285, -22.4692 ], [ -49.5962, -22.4594 ], [ -49.6039, -22.4431 ], [ -49.57, -22.3836 ], [ -49.5157, -22.3954 ], [ -49.4231, -22.2935 ], [ -49.4367, -22.2706 ], [ -49.5294, -22.1817 ], [ -49.5244, -22.1537 ], [ -49.5621, -22.1453 ], [ -49.585, -22.1127 ], [ -49.6227, -22.1127 ], [ -49.6612, -22.0765 ] ] ], [ [ [ -49.7399, -22.4065 ], [ -49.8176, -22.5261 ], [ -49.7024, -22.438 ], [ -49.729, -22.3766 ], [ -49.7399, -22.4065 ] ] ], [ [ [ -49.4779, -23.1501 ], [ -49.5734, -23.1386 ], [ -49.5404, -23.2806 ], [ -49.6271, -23.2818 ], [ -49.6217, -23.3319 ], [ -49.44, -23.4897 ], [ -49.4387, -23.4381 ], [ -49.3945, -23.3559 ], [ -49.2536, -23.2704 ], [ -49.2173, -23.2985 ], [ -49.21, -23.2274 ], [ -49.2598, -23.1217 ], [ -49.3813, -23.0821 ], [ -49.4602, -22.969 ], [ -49.4779, -23.1501 ] ] ], [ [ [ -50.3468, -22.9285 ], [ -50.3592, -22.9161 ], [ -50.2734, -22.931 ], [ -50.2375, -22.9541 ], [ -50.0241, -22.7794 ], [ -50.1225, -22.7084 ], [ -50.2496, -22.6883 ], [ -50.262, -22.7009 ], [ -50.2741, -22.6731 ], [ -50.4319, -22.7118 ], [ -50.5057, -22.6953 ], [ -50.5236, -22.8314 ], [ -50.5523, -22.8406 ], [ -50.6119, -22.8716 ], [ -50.6788, -22.7807 ], [ -50.7749, -22.8833 ], [ -50.793, -22.8944 ], [ -50.8061, -22.9403 ], [ -50.7959, -22.9512 ], [ -50.7131, -22.956 ], [ -50.6616, -22.8955 ], [ -50.5348, -22.9143 ], [ -50.4189, -22.9139 ], [ -50.3468, -22.9285 ] ] ], [ [ [ -49.9469, -21.9031 ], [ -49.9233, -21.7014 ], [ -50.1556, -21.6814 ], [ -50.2071, -21.687 ], [ -50.2218, -21.7629 ], [ -50.0141, -21.9253 ], [ -49.9469, -21.9031 ] ] ], [ [ [ -50.6217, -21.9188 ], [ -50.5115, -21.7191 ], [ -50.6208, -21.645 ], [ -50.7797, -21.5687 ], [ -50.83, -21.6861 ], [ -50.7189, -21.7995 ], [ -50.7074, -21.7741 ], [ -50.7064, -21.8566 ], [ -50.6217, -21.9188 ] ] ], [ [ [ -49.8285, -21.9188 ], [ -49.8822, -21.9707 ], [ -49.7344, -22.0176 ], [ -49.7565, -22.0077 ], [ -49.7678, -21.9321 ], [ -49.8089, -21.8902 ], [ -49.8285, -21.9188 ] ] ], [ [ [ -50.3298, -22.2804 ], [ -50.4575, -22.3711 ], [ -50.3362, -22.445 ], [ -50.2368, -22.3793 ], [ -50.3317, -22.3582 ], [ -50.3298, -22.2804 ] ] ], [ [ [ -50.5716, -22.6915 ], [ -50.4146, -22.5209 ], [ -50.4575, -22.3711 ], [ -50.6238, -22.2881 ], [ -50.6675, -22.3034 ], [ -50.6875, -22.3086 ], [ -50.8313, -22.4841 ], [ -50.8418, -22.5497 ], [ -50.9617, -22.7473 ], [ -50.9803, -22.7674 ], [ -50.7489, -22.6762 ], [ -50.5716, -22.6915 ] ] ], [ [ [ -50.1728, -22.2467 ], [ -50.3298, -22.2804 ], [ -50.3316, -22.3585 ], [ -50.2368, -22.3793 ], [ -50.2298, -22.3543 ], [ -50.1728, -22.2467 ] ] ], [ [ [ -49.8844, -22.8382 ], [ -49.8919, -22.9141 ], [ -49.9725, -22.9585 ], [ -49.9001, -23.0049 ], [ -49.9116, -23.0511 ], [ -49.7627, -22.8903 ], [ -49.8844, -22.8382 ] ] ], [ [ [ -50.7189, -21.7995 ], [ -50.8234, -21.8017 ], [ -50.9659, -21.926 ], [ -50.7878, -21.9372 ], [ -50.7064, -21.8566 ], [ -50.7189, -21.7995 ] ] ], [ [ [ -50.7656, -22.7733 ], [ -50.8887, -22.7965 ], [ -50.7749, -22.8833 ], [ -50.7656, -22.7733 ] ] ], [ [ [ -49.2536, -23.2704 ], [ -49.3945, -23.3559 ], [ -49.395, -23.3955 ], [ -49.2935, -23.4176 ], [ -49.2168, -23.3513 ], [ -49.2536, -23.2704 ] ] ], [ [ [ -49.5734, -23.1386 ], [ -49.6783, -23.1651 ], [ -49.6271, -23.2818 ], [ -49.5404, -23.2806 ], [ -49.5734, -23.1386 ] ] ] ] } },
{ "type": "Feature", "properties": { "cod_rgi": "3505", "nome_rgi": "Presidente Prudente" }, "geometry": { "type": "MultiPolygon", "coordinates": [ [ [ [ -51.0864, -21.4313 ], [ -51.2378, -21.327 ], [ -51.3865, -21.2847 ], [ -51.4896, -21.2434 ], [ -51.5084, -21.5878 ], [ -51.4158, -21.6098 ], [ -51.3813, -21.7389 ], [ -51.2699, -21.7433 ], [ -51.3958, -21.9855 ], [ -51.4275, -21.9353 ], [ -51.3922, -21.817 ], [ -51.6166, -21.8719 ], [ -51.6683, -21.8256 ], [ -51.6159, -21.7152 ], [ -51.6697, -21.6327 ], [ -51.702, -21.6048 ], [ -51.7786, -21.6074 ], [ -52.0665, -21.5046 ], [ -52.1613, -21.7708 ], [ -52.1906, -21.8461 ], [ -52.4188, -22.1863 ], [ -52.2978, -22.2525 ], [ -52.2846, -22.2734 ], [ -52.2094, -22.2861 ], [ -52.2846, -22.2734 ], [ -52.2978, -22.2525 ], [ -52.4325, -22.1807 ], [ -52.6553, -22.3031 ], [ -52.8578, -22.4415 ], [ -53.0738, -22.5489 ], [ -53.0878, -22.6584 ], [ -52.9247, -22.5656 ], [ -52.8584, -22.608 ], [ -52.5849, -22.5659 ], [ -52.5066, -22.6335 ], [ -52.4457, -22.6083 ], [ -52.3054, -22.6368 ], [ -52.2504, -22.6154 ], [ -52.2226, -22.6755 ], [ -52.1567, -22.6447 ], [ -52.0329, -22.5392 ], [ -51.9405, -22.5673 ], [ -51.8902, -22.6132 ], [ -51.8277, -22.5632 ], [ -51.8902, -22.6132 ], [ -51.6279, -22.6582 ], [ -51.5624, -22.4008 ], [ -51.413, -22.2446 ], [ -51.5174, -22.2569 ], [ -51.5337, -22.2926 ], [ -51.7894, -22.361 ], [ -51.7913, -22.2691 ], [ -51.7894, -22.361 ], [ -51.5174, -22.2569 ], [ -51.4737, -22.1997 ], [ -51.3562, -22.2583 ], [ -51.2887, -22.0446 ], [ -51.205, -22.2968 ], [ -51.2719, -22.4994 ], [ -51.2802, -22.6419 ], [ -51.2652, -22.6677 ], [ -50.9787, -22.7826 ], [ -50.9803, -22.7674 ], [ -50.9617, -22.7473 ], [ -50.8418, -22.5497 ], [ -50.8313, -22.4841 ], [ -50.6875, -22.3086 ], [ -50.6675, -22.3034 ], [ -50.6238, -22.2881 ], [ -50.5508, -22.2365 ], [ -50.4852, -22.1527 ], [ -50.7058, -22.022 ], [ -50.9379, -21.951 ], [ -51.0662, -21.8834 ], [ -51.1128, -21.8014 ], [ -51.0082, -21.8041 ], [ -50.9607, -21.8226 ], [ -50.88, -21.6894 ], [ -50.9607, -21.8226 ], [ -50.7972, -21.542 ], [ -50.8154, -21.5401 ], [ -50.9788, -21.5912 ], [ -51.0864, -21.4313 ] ], [ [ -52.0884, -21.9874 ], [ -51.83, -22.0589 ], [ -52.0884, -21.9874 ], [ -52.189, -22.0463 ], [ -52.2205, -22.1956 ], [ -52.189, -22.0463 ], [ -52.1251, -21.8757 ], [ -52.0884, -21.9874 ] ] ], [ [ [ -51.3911, -21.8882 ], [ -51.4275, -21.9353 ], [ -51.3958, -21.9855 ], [ -51.3911, -21.8882 ] ] ], [ [ [ -51.413, -22.2446 ], [ -51.4983, -22.3684 ], [ -51.466, -22.4859 ], [ -51.402, -22.6679 ], [ -51.2802, -22.6419 ], [ -51.2719, -22.4994 ], [ -51.3562, -22.2583 ], [ -51.413, -22.2446 ] ] ], [ [ [ -51.6691, -21.4332 ], [ -51.702, -21.6048 ], [ -51.6697, -21.6327 ], [ -51.5084, -21.5878 ], [ -51.6082, -21.3419 ], [ -51.7232, -21.3952 ], [ -51.6691, -21.4332 ] ] ], [ [ [ -51.6082, -21.3419 ], [ -51.4896, -21.2434 ], [ -51.5218, -21.2001 ], [ -51.5747, -21.1898 ], [ -51.6207, -21.19 ], [ -51.6082, -21.3419 ] ] ], [ [ [ -51.6279, -22.6582 ], [ -51.466, -22.4859 ], [ -51.5624, -22.4008 ], [ -51.6279, -22.6582 ] ] ], [ [ [ -51.7786, -21.6074 ], [ -51.6691, -21.4332 ], [ -51.7787, -21.5062 ], [ -51.8431, -21.5796 ], [ -51.7786, -21.6074 ] ] ], [ [ [ -51.8431, -21.5796 ], [ -51.7787, -21.5062 ], [ -51.808, -21.3737 ], [ -51.781, -21.3076 ], [ -51.808, -21.3737 ], [ -51.7232, -21.3952 ], [ -51.6984, -21.0889 ], [ -51.7725, -21.0511 ], [ -51.7897, -21.1021 ], [ -51.8759, -21.1361 ], [ -51.8485, -21.2666 ], [ -51.8611, -21.3367 ], [ -51.9111, -21.3927 ], [ -51.9659, -21.5252 ], [ -51.8431, -21.5796 ] ] ], [ [ [ -51.6159, -21.7152 ], [ -51.6683, -21.8256 ], [ -51.6166, -21.8719 ], [ -51.6159, -21.7152 ] ] ], [ [ [ -51.3922, -21.817 ], [ -51.3911, -21.8882 ], [ -51.3813, -21.7389 ], [ -51.3922, -21.817 ] ] ] ] } },
{ "type": "Feature", "properties": { "cod_rgi": "3506", "nome_rgi": "Araçatuba" }, "geometry": { "type": "MultiPolygon", "coordinates": [ [ [ [ -50.0609, -21.5839 ], [ -49.9149, -21.5571 ], [ -49.8911, -21.4685 ], [ -49.8165, -21.3164 ], [ -49.8322, -21.2755 ], [ -50.0288, -21.2756 ], [ -49.9916, -21.2267 ], [ -50.0277, -21.2107 ], [ -50.1289, -21.1955 ], [ -50.2413, -21.1467 ], [ -50.2748, -21.1 ], [ -50.1634, -20.8749 ], [ -50.1455, -20.7819 ], [ -50.2357, -20.7537 ], [ -50.2906, -20.8357 ], [ -50.2161, -20.7117 ], [ -50.2476, -20.476 ], [ -50.3283, -20.5648 ], [ -50.4572, -20.5352 ], [ -50.4824, -20.6455 ], [ -50.5056, -20.7616 ], [ -50.4824, -20.6455 ], [ -50.664, -20.5314 ], [ -50.6772, -20.5696 ], [ -50.7247, -20.5274 ], [ -50.7616, -20.5762 ], [ -50.8729, -20.8268 ], [ -50.7616, -20.5762 ], [ -50.8421, -20.5332 ], [ -50.8488, -20.5489 ], [ -50.9025, -20.5389 ], [ -51.1029, -20.5415 ], [ -51.1064, -20.5223 ], [ -51.1568, -20.4353 ], [ -51.0384, -20.3708 ], [ -51.1094, -20.2801 ], [ -51.1608, -20.3052 ], [ -51.2957, -20.3285 ], [ -51.4492, -20.4828 ], [ -51.5002, -20.5682 ], [ -51.6297, -20.8615 ], [ -51.6236, -20.9444 ], [ -51.7725, -21.0511 ], [ -51.6984, -21.0889 ], [ -51.657, -21.1699 ], [ -51.5312, -21.0953 ], [ -51.436, -21.0856 ], [ -51.143, -20.8545 ], [ -51.402, -21.0754 ], [ -51.436, -21.0856 ], [ -51.5312, -21.0953 ], [ -51.5747, -21.1898 ], [ -51.5218, -21.2001 ], [ -51.3865, -21.2847 ], [ -51.2378, -21.327 ], [ -50.899, -21.4909 ], [ -50.7964, -21.4404 ], [ -50.8154, -21.5401 ], [ -50.7972, -21.542 ], [ -50.6014, -21.4164 ], [ -50.4531, -21.3222 ], [ -50.2996, -21.457 ], [ -50.2071, -21.687 ], [ -50.1556, -21.6814 ], [ -50.1001, -21.621 ], [ -50.0609, -21.5839 ] ], [ [ -50.8996, -20.9098 ], [ -50.7979, -20.9635 ], [ -50.8027, -21.0608 ], [ -50.8502, -20.9359 ], [ -50.8746, -20.9776 ], [ -50.8502, -20.9359 ], [ -50.8996, -20.9098 ] ] ], [ [ [ -50.5197, -21.6188 ], [ -50.3488, -21.7094 ], [ -50.2996, -21.457 ], [ -50.5197, -21.6188 ] ] ], [ [ [ -50.055, -20.9973 ], [ -50.2748, -21.1 ], [ -50.0277, -21.2107 ], [ -49.9597, -21.1335 ], [ -50.055, -20.9973 ] ] ] ] } },
{ "type": "Feature", "properties": { "cod_rgi": "3507", "nome_rgi": "São José do Rio Preto" }, "geometry": { "type": "MultiPolygon", "coordinates": [ [ [ [ -49.2194, -20.4718 ], [ -49.0755, -20.356 ], [ -49.1207, -20.2705 ], [ -49.2287, -20.3034 ], [ -49.3976, -20.378 ], [ -49.3658, -20.6055 ], [ -49.0884, -20.6018 ], [ -49.0818, -20.6228 ], [ -48.9989, -20.6352 ], [ -48.9901, -20.5817 ], [ -49.0234, -20.5521 ], [ -49.0537, -20.4568 ], [ -49.2194, -20.4718 ] ] ], [ [ [ -50.0277, -20.1817 ], [ -50.0532, -20.3362 ], [ -50.1022, -20.5143 ], [ -49.8388, -20.6133 ], [ -49.8136, -20.6696 ], [ -49.7726, -20.8084 ], [ -49.8136, -20.6696 ], [ -49.7012, -20.8792 ], [ -49.7026, -20.8285 ], [ -49.6618, -20.7709 ], [ -49.532, -20.5354 ], [ -49.3976, -20.378 ], [ -49.2992, -20.1671 ], [ -49.2973, -20.0175 ], [ -49.2483, -19.9996 ], [ -49.6132, -19.92 ], [ -49.5991, -20.0774 ], [ -49.6459, -20.2473 ], [ -49.5666, -20.3549 ], [ -49.6459, -20.2473 ], [ -49.5991, -20.0774 ], [ -49.6132, -19.92 ], [ -49.8556, -19.9468 ], [ -50.0441, -19.9164 ], [ -50.3374, -19.8695 ], [ -50.3316, -20.0359 ], [ -50.3484, -20.2259 ], [ -50.3309, -20.3019 ], [ -50.3253, -20.4767 ], [ -50.2476, -20.476 ], [ -50.1357, -20.4235 ], [ -50.0815, -20.3101 ], [ -50.071, -20.2444 ], [ -50.0277, -20.1817 ] ] ], [ [ [ -50.9025, -20.5389 ], [ -50.8488, -20.5489 ], [ -50.8421, -20.5332 ], [ -50.8776, -20.3181 ], [ -50.9908, -20.4317 ], [ -50.9025, -20.5389 ] ] ], [ [ [ -48.8712, -21.2705 ], [ -48.8766, -21.3934 ], [ -48.8361, -21.3928 ], [ -48.7569, -21.424 ], [ -48.7451, -21.3924 ], [ -48.7325, -21.2602 ], [ -48.6954, -21.2245 ], [ -48.7703, -21.1086 ], [ -48.8342, -21.1285 ], [ -48.8828, -21.1055 ], [ -48.9809, -21.0246 ], [ -48.994, -21.2861 ], [ -48.8712, -21.2705 ] ] ], [ [ [ -49.4459, -20.9852 ], [ -49.3346, -20.9328 ], [ -49.2962, -20.8781 ], [ -49.2745, -20.8821 ], [ -49.2556, -20.8608 ], [ -49.2831, -20.7631 ], [ -49.2665, -20.68 ], [ -49.428, -20.7027 ], [ -49.6618, -20.7709 ], [ -49.7026, -20.8285 ], [ -49.7012, -20.8792 ], [ -49.9435, -20.9354 ], [ -50.0051, -20.9659 ], [ -50.055, -20.9973 ], [ -49.9597, -21.1335 ], [ -49.9916, -21.2267 ], [ -49.7259, -21.2556 ], [ -49.603, -21.0255 ], [ -49.4459, -20.9852 ] ] ], [ [ [ -49.2572, -20.8512 ], [ -49.274, -20.8817 ], [ -49.2916, -20.8757 ], [ -49.3137, -20.8943 ], [ -49.3316, -20.9317 ], [ -49.3747, -20.9597 ], [ -49.3378, -20.982 ], [ -49.4957, -21.1382 ], [ -49.3629, -21.2408 ], [ -49.1533, -21.1847 ], [ -48.9809, -21.0246 ], [ -48.9613, -21.0306 ], [ -48.9841, -20.8485 ], [ -49.0161, -20.8544 ], [ -49.0931, -20.8113 ], [ -49.0955, -20.7565 ], [ -49.125, -20.6381 ], [ -49.1788, -20.662 ], [ -49.2723, -20.6838 ], [ -49.2754, -20.7918 ], [ -49.2572, -20.8512 ] ] ], [ [ [ -50.3484, -20.2259 ], [ -50.4866, -20.2453 ], [ -50.5757, -20.3977 ], [ -50.5094, -20.3946 ], [ -50.4302, -20.4123 ], [ -50.3309, -20.3019 ], [ -50.3484, -20.2259 ] ] ], [ [ [ -48.6326, -21.3037 ], [ -48.6859, -21.2186 ], [ -48.7414, -21.2456 ], [ -48.7309, -21.3179 ], [ -48.7543, -21.4207 ], [ -48.7128, -21.398 ], [ -48.6526, -21.2992 ], [ -48.6326, -21.3037 ] ] ], [ [ [ -50.1455, -20.7819 ], [ -50.0881, -20.626 ], [ -50.2161, -20.7117 ], [ -50.2357, -20.7537 ], [ -50.1455, -20.7819 ] ] ], [ [ [ -50.6142, -19.861 ], [ -50.5191, -20.0287 ], [ -50.3316, -20.0359 ], [ -50.3374, -19.8695 ], [ -50.6142, -19.861 ] ] ], [ [ [ -49.3687, -21.3474 ], [ -49.3209, -21.3144 ], [ -49.3629, -21.2408 ], [ -49.4164, -21.319 ], [ -49.3687, -21.3474 ] ] ], [ [ [ -48.994, -21.2861 ], [ -49.1605, -21.2867 ], [ -49.1718, -21.4123 ], [ -49.041, -21.4916 ], [ -48.9493, -21.426 ], [ -48.9002, -21.3706 ], [ -48.994, -21.2861 ] ] ], [ [ [ -50.0051, -20.9659 ], [ -49.9525, -20.6948 ], [ -50.1022, -20.5143 ], [ -50.0881, -20.626 ], [ -50.0241, -20.824 ], [ -50.0051, -20.9659 ] ] ], [ [ [ -49.4957, -21.1382 ], [ -49.4459, -20.9852 ], [ -49.5589, -21.0272 ], [ -49.5482, -21.2625 ], [ -49.4957, -21.1382 ] ] ], [ [ [ -50.6142, -19.861 ], [ -50.6581, -19.9071 ], [ -50.5893, -20.0494 ], [ -50.6142, -19.861 ] ] ], [ [ [ -49.3209, -21.3144 ], [ -49.3687, -21.3474 ], [ -49.4426, -21.4291 ], [ -49.3383, -21.5475 ], [ -49.1493, -21.5289 ], [ -49.1718, -21.4123 ], [ -49.3209, -21.3144 ] ] ], [ [ [ -50.664, -20.5314 ], [ -50.6131, -20.3757 ], [ -50.7247, -20.5274 ], [ -50.664, -20.5314 ] ] ], [ [ [ -50.0532, -20.3362 ], [ -50.0277, -20.1817 ], [ -50.071, -20.2444 ], [ -50.0532, -20.3362 ] ] ], [ [ [ -48.5717, -21.1142 ], [ -48.7286, -21.165 ], [ -48.5972, -21.1427 ], [ -48.5717, -21.1142 ] ] ], [ [ [ -50.9908, -20.4317 ], [ -50.9704, -20.4033 ], [ -50.8648, -20.1658 ], [ -50.9078, -20.1419 ], [ -51.0012, -20.0963 ], [ -51.0589, -20.2352 ], [ -51.1094, -20.2801 ], [ -50.9908, -20.4317 ] ] ], [ [ [ -49.4164, -21.319 ], [ -49.5482, -21.2625 ], [ -49.5852, -21.3607 ], [ -49.4426, -21.4291 ], [ -49.4164, -21.319 ] ] ], [ [ [ -50.9691, -20.0364 ], [ -51.0012, -20.0963 ], [ -50.9078, -20.1419 ], [ -50.8259, -20.0525 ], [ -50.8366, -20.0307 ], [ -50.886, -19.9904 ], [ -50.9691, -20.0364 ] ] ], [ [ [ -50.886, -19.9904 ], [ -50.8261, -20.0496 ], [ -50.7994, -20.1633 ], [ -50.8019, -19.9972 ], [ -50.8441, -19.9676 ], [ -50.886, -19.9904 ] ] ], [ [ [ -50.3283, -20.5648 ], [ -50.3253, -20.4767 ], [ -50.4572, -20.5352 ], [ -50.3283, -20.5648 ] ] ], [ [ [ -51.1029, -20.5415 ], [ -50.9644, -20.5227 ], [ -50.9804, -20.458 ], [ -51.0384, -20.3708 ], [ -51.1568, -20.4353 ], [ -51.1064, -20.5223 ], [ -51.1029, -20.5415 ] ] ], [ [ [ -48.7286, -21.165 ], [ -48.6259, -21.1964 ], [ -48.5972, -21.1427 ], [ -48.7286, -21.165 ] ] ] ] } },
{ "type": "Feature", "properties": { "cod_rgi": "3508", "nome_rgi": "Ribeirão Preto" }, "geometry": { "type": "MultiPolygon", "coordinates": [ [ [ [ -47.2896, -20.8359 ], [ -47.5682, -20.739 ], [ -47.6039, -20.7185 ], [ -47.66, -20.8198 ], [ -47.7654, -20.9323 ], [ -47.7185, -20.9384 ], [ -47.7654, -20.9323 ], [ -47.7797, -20.8944 ], [ -47.7182, -20.8153 ], [ -47.66, -20.8198 ], [ -47.5528, -20.5857 ], [ -47.6473, -20.5186 ], [ -47.7961, -20.5685 ], [ -47.6473, -20.5186 ], [ -47.7354, -20.4399 ], [ -47.8922, -20.4694 ], [ -47.9315, -20.4037 ], [ -47.9637, -20.3813 ], [ -48.0745, -20.3474 ], [ -48.1899, -20.3419 ], [ -48.1767, -20.4526 ], [ -48.0825, -20.5875 ], [ -47.9891, -20.6168 ], [ -48.0825, -20.5875 ], [ -48.1767, -20.4526 ], [ -48.2281, -20.4499 ], [ -48.3263, -20.5324 ], [ -48.3714, -20.5463 ], [ -48.3508, -20.6447 ], [ -48.2435, -20.7766 ], [ -48.179, -20.8873 ], [ -48.1127, -21.105 ], [ -48.0128, -21.0818 ], [ -47.9776, -21.026 ], [ -48.0018, -20.9684 ], [ -47.9397, -20.8999 ], [ -47.962, -20.8144 ], [ -47.9397, -20.8999 ], [ -48.0018, -20.9684 ], [ -47.8926, -21.0383 ], [ -47.7191, -21.1201 ], [ -47.3498, -21.1372 ], [ -47.2439, -21.1594 ], [ -47.1132, -21.1049 ], [ -47.1423, -21.0882 ], [ -47.157, -21.0188 ], [ -47.1813, -20.9538 ], [ -47.19, -20.9282 ], [ -47.24, -20.8853 ], [ -47.2896, -20.8359 ] ] ], [ [ [ -47.8714, -20.1926 ], [ -47.9341, -20.1079 ], [ -48.1055, -20.1464 ], [ -48.1786, -20.0962 ], [ -48.2534, -20.0779 ], [ -48.329, -20.1127 ], [ -48.5782, -20.1312 ], [ -48.6469, -20.167 ], [ -48.5987, -20.1709 ], [ -48.7313, -20.1494 ], [ -48.8445, -20.1734 ], [ -48.8871, -20.2753 ], [ -48.8671, -20.3989 ], [ -48.7398, -20.3792 ], [ -48.622, -20.32 ], [ -48.7398, -20.3792 ], [ -48.8873, -20.4903 ], [ -48.8407, -20.6522 ], [ -48.6623, -20.6889 ], [ -48.5688, -20.6779 ], [ -48.4323, -20.5611 ], [ -48.4091, -20.5217 ], [ -48.4822, -20.3474 ], [ -48.4091, -20.5217 ], [ -48.3714, -20.5463 ], [ -48.3263, -20.5324 ], [ -48.2281, -20.4499 ], [ -48.1899, -20.3419 ], [ -48.0745, -20.3474 ], [ -47.9637, -20.3813 ], [ -47.9315, -20.4037 ], [ -47.7354, -20.4399 ], [ -47.6106, -20.2773 ], [ -47.4646, -20.3076 ], [ -47.3709, -20.293 ], [ -47.2618, -20.1599 ], [ -47.4387, -20.0511 ], [ -47.4442, -20.028 ], [ -47.5069, -20.033 ], [ -47.4709, -19.9989 ], [ -47.5069, -20.033 ], [ -47.509, -20.0599 ], [ -47.6091, -20.1596 ], [ -47.6682, -20.1214 ], [ -47.6091, -20.1596 ], [ -47.509, -20.0599 ], [ -47.5838, -19.9967 ], [ -47.6348, -20.0492 ], [ -47.8698, -20.0762 ], [ -47.8994, -20.1257 ], [ -47.8714, -20.1926 ] ] ], [ [ [ -48.4039, -20.8845 ], [ -48.4916, -20.695 ], [ -48.5688, -20.6779 ], [ -48.6623, -20.6889 ], [ -48.7193, -20.8123 ], [ -48.7856, -20.934 ], [ -48.5181, -21.0753 ], [ -48.3171, -21.057 ], [ -48.1875, -21.0856 ], [ -48.1869, -21.1304 ], [ -48.1246, -21.0893 ], [ -48.2077, -20.8754 ], [ -48.4039, -20.8845 ] ] ], [ [ [ -47.3498, -21.1372 ], [ -47.5483, -21.2072 ], [ -47.5818, -21.3679 ], [ -47.404, -21.2908 ], [ -47.4266, -21.5278 ], [ -47.3503, -21.5645 ], [ -47.2787, -21.4684 ], [ -47.2313, -21.4221 ], [ -47.2118, -21.2929 ], [ -47.1971, -21.2562 ], [ -47.2439, -21.1594 ], [ -47.3498, -21.1372 ] ] ], [ [ [ -47.1971, -21.2562 ], [ -47.2118, -21.2929 ], [ -47.0523, -21.2465 ], [ -47.0993, -21.2142 ], [ -47.1971, -21.2562 ] ] ], [ [ [ -47.6792, -21.247 ], [ -47.9166, -21.2007 ], [ -47.9064, -21.2589 ], [ -47.8637, -21.392 ], [ -47.7988, -21.4465 ], [ -47.6396, -21.5439 ], [ -47.5995, -21.5468 ], [ -47.4266, -21.5278 ], [ -47.5818, -21.3679 ], [ -47.6792, -21.247 ] ] ], [ [ [ -47.2982, -20.3484 ], [ -47.3709, -20.293 ], [ -47.4646, -20.3076 ], [ -47.5039, -20.3598 ], [ -47.5171, -20.3952 ], [ -47.3935, -20.4365 ], [ -47.2982, -20.3484 ] ] ], [ [ [ -47.9064, -21.2589 ], [ -47.9166, -21.2007 ], [ -47.8926, -21.0383 ], [ -47.9776, -21.026 ], [ -48.0128, -21.0818 ], [ -48.112, -21.1049 ], [ -48.1264, -21.0872 ], [ -48.1536, -21.097 ], [ -48.1869, -21.1304 ], [ -48.1815, -21.152 ], [ -48.1201, -21.1709 ], [ -48.11, -21.1886 ], [ -47.9064, -21.2589 ] ] ], [ [ [ -47.3935, -20.4365 ], [ -47.5088, -20.4882 ], [ -47.4692, -20.5635 ], [ -47.5528, -20.5857 ], [ -47.6039, -20.7185 ], [ -47.5682, -20.739 ], [ -47.2896, -20.8359 ], [ -47.1689, -20.703 ], [ -47.1153, -20.7072 ], [ -47.0969, -20.6445 ], [ -47.1087, -20.6208 ], [ -47.1947, -20.5406 ], [ -47.3935, -20.4365 ] ] ], [ [ [ -49.1207, -20.2705 ], [ -49.0755, -20.356 ], [ -49.0537, -20.4568 ], [ -49.0234, -20.5521 ], [ -48.9632, -20.5915 ], [ -48.9618, -20.2633 ], [ -48.9923, -20.1654 ], [ -49.1207, -20.2705 ] ] ], [ [ [ -48.3118, -21.3607 ], [ -48.4034, -21.3988 ], [ -48.4021, -21.4169 ], [ -48.3734, -21.5055 ], [ -48.1436, -21.4266 ], [ -48.1176, -21.4351 ], [ -48.1464, -21.368 ], [ -48.1408, -21.2386 ], [ -48.1706, -21.2158 ], [ -48.1875, -21.0856 ], [ -48.4569, -21.0763 ], [ -48.4771, -21.1793 ], [ -48.5281, -21.1891 ], [ -48.6259, -21.1964 ], [ -48.5377, -21.3541 ], [ -48.451, -21.3466 ], [ -48.3118, -21.3607 ] ] ], [ [ [ -47.9947, -21.3047 ], [ -48.0668, -21.305 ], [ -48.1464, -21.368 ], [ -48.0743, -21.4792 ], [ -48.0573, -21.4753 ], [ -48.0283, -21.5135 ], [ -48.012, -21.5332 ], [ -47.9425, -21.5978 ], [ -47.9024, -21.4607 ], [ -47.9947, -21.3047 ] ] ], [ [ [ -48.4916, -20.695 ], [ -48.3508, -20.6447 ], [ -48.4323, -20.5611 ], [ -48.4916, -20.695 ] ] ], [ [ [ -47.7682, -21.6915 ], [ -47.679, -21.6571 ], [ -47.6396, -21.5439 ], [ -47.7988, -21.4465 ], [ -47.8637, -21.392 ], [ -47.9024, -21.4607 ], [ -47.8888, -21.5834 ], [ -47.8535, -21.5974 ], [ -47.8306, -21.6695 ], [ -47.7682, -21.6915 ] ] ], [ [ [ -48.8407, -20.6522 ], [ -48.9632, -20.5915 ], [ -48.9901, -20.5817 ], [ -48.9989, -20.6352 ], [ -49.0818, -20.6228 ], [ -49.0884, -20.6018 ], [ -49.125, -20.6381 ], [ -49.0955, -20.7565 ], [ -49.0931, -20.8113 ], [ -49.0161, -20.8544 ], [ -48.9841, -20.8485 ], [ -48.8917, -20.8238 ], [ -48.8214, -20.773 ], [ -48.8407, -20.6522 ] ] ], [ [ [ -48.8214, -20.773 ], [ -48.8917, -20.8238 ], [ -48.841, -20.8448 ], [ -48.7193, -20.8123 ], [ -48.8214, -20.773 ] ] ], [ [ [ -48.5181, -21.0753 ], [ -48.5717, -21.1142 ], [ -48.5281, -21.1891 ], [ -48.4771, -21.1793 ], [ -48.5181, -21.0753 ] ] ], [ [ [ -48.2435, -20.7766 ], [ -48.4039, -20.8845 ], [ -48.2077, -20.8754 ], [ -48.2435, -20.7766 ] ] ] ] } },
{ "type": "Feature", "properties": { "cod_rgi": "3509", "nome_rgi": "Araraquara" }, "geometry": { "type": "MultiPolygon", "coordinates": [ [ [ [ -48.1458, -21.7016 ], [ -48.1805, -21.6841 ], [ -48.2852, -21.5968 ], [ -48.3308, -21.6973 ], [ -48.2684, -21.8678 ], [ -48.289, -21.9537 ], [ -48.3874, -22.1596 ], [ -48.198, -22.148 ], [ -47.9962, -22.0307 ], [ -47.949, -21.9084 ], [ -47.9962, -22.0307 ], [ -48.0266, -22.0769 ], [ -47.9931, -22.116 ], [ -47.8148, -22.161 ], [ -47.7875, -22.0985 ], [ -47.7411, -22.0758 ], [ -47.6756, -22.0131 ], [ -47.6581, -22.0518 ], [ -47.5819, -21.9904 ], [ -47.3668, -21.7787 ], [ -47.3469, -21.8065 ], [ -47.3343, -21.7762 ], [ -47.3376, -21.6692 ], [ -47.3806, -21.6498 ], [ -47.5995, -21.5468 ], [ -47.679, -21.6571 ], [ -47.6805, -21.7162 ], [ -47.7682, -21.6915 ], [ -47.8306, -21.6695 ], [ -47.8535, -21.5974 ], [ -47.9201, -21.7064 ], [ -47.9674, -21.7414 ], [ -47.9098, -21.6782 ], [ -48.0982, -21.7169 ], [ -48.1458, -21.7016 ] ] ], [ [ [ -48.4329, -21.8527 ], [ -48.5168, -21.871 ], [ -48.6428, -21.9039 ], [ -48.564, -22.0051 ], [ -48.4769, -22.0418 ], [ -48.289, -21.9537 ], [ -48.2684, -21.8678 ], [ -48.4329, -21.8527 ] ] ], [ [ [ -49.041, -21.4916 ], [ -49.1493, -21.5289 ], [ -49.1883, -21.6473 ], [ -49.1396, -21.7063 ], [ -48.9878, -21.832 ], [ -48.908, -21.8663 ], [ -48.8306, -21.8904 ], [ -48.7547, -21.8838 ], [ -48.6428, -21.9039 ], [ -48.5948, -21.8291 ], [ -48.5742, -21.5786 ], [ -48.4021, -21.4169 ], [ -48.4034, -21.3988 ], [ -48.3118, -21.3607 ], [ -48.451, -21.3466 ], [ -48.5377, -21.3541 ], [ -48.6102, -21.3943 ], [ -48.7128, -21.398 ], [ -48.7253, -21.42 ], [ -48.7749, -21.4274 ], [ -48.8361, -21.3928 ], [ -48.8766, -21.3934 ], [ -48.9002, -21.3706 ], [ -48.9493, -21.426 ], [ -49.041, -21.4916 ] ] ], [ [ [ -48.6102, -21.3943 ], [ -48.6326, -21.3037 ], [ -48.6526, -21.2992 ], [ -48.6102, -21.3943 ] ] ], [ [ [ -48.3734, -21.5055 ], [ -48.5742, -21.5786 ], [ -48.3461, -21.6895 ], [ -48.2852, -21.5968 ], [ -48.3734, -21.5055 ] ] ], [ [ [ -48.5948, -21.8291 ], [ -48.5168, -21.871 ], [ -48.4329, -21.8527 ], [ -48.3308, -21.6973 ], [ -48.3461, -21.6895 ], [ -48.5948, -21.8291 ] ] ], [ [ [ -47.8148, -22.161 ], [ -47.9055, -22.2307 ], [ -47.9494, -22.3207 ], [ -47.954, -22.3985 ], [ -47.7307, -22.2987 ], [ -47.7545, -22.1911 ], [ -47.7999, -22.1279 ], [ -47.8148, -22.161 ] ] ], [ [ [ -48.1436, -21.4266 ], [ -48.0743, -21.4792 ], [ -48.1176, -21.4351 ], [ -48.1436, -21.4266 ] ] ], [ [ [ -47.2666, -21.9481 ], [ -47.3862, -21.8497 ], [ -47.5819, -21.9904 ], [ -47.5784, -22.0889 ], [ -47.442, -22.0636 ], [ -47.1975, -22.0987 ], [ -47.234, -22.0564 ], [ -47.2009, -22.0313 ], [ -47.2514, -21.9652 ], [ -47.2666, -21.9481 ] ] ], [ [ [ -48.1039, -21.6432 ], [ -48.1805, -21.6841 ], [ -48.0995, -21.7162 ], [ -47.9098, -21.6782 ], [ -47.8888, -21.5834 ], [ -47.9425, -21.5978 ], [ -48.012, -21.5332 ], [ -48.0283, -21.5135 ], [ -48.0573, -21.4753 ], [ -48.1039, -21.6432 ] ] ] ] } },
{ "type": "Feature", "properties": { "cod_rgi": "3510", "nome_rgi": "Campinas" }, "geometry": { "type": "MultiPolygon", "coordinates": [ [ [ [ -46.8922, -22.0862 ], [ -46.817, -22.0643 ], [ -46.6648, -22.0689 ], [ -46.6854, -22.0373 ], [ -46.7311, -21.8763 ], [ -46.9764, -21.7159 ], [ -46.7028, -21.8414 ], [ -46.523, -21.5299 ], [ -46.5765, -21.427 ], [ -46.6487, -21.3917 ], [ -46.6472, -21.3642 ], [ -46.8179, -21.4398 ], [ -46.8117, -21.5253 ], [ -46.8179, -21.4398 ], [ -46.8421, -21.3891 ], [ -46.9208, -21.4271 ], [ -47.0115, -21.4223 ], [ -47.2313, -21.4221 ], [ -47.2787, -21.4684 ], [ -47.3503, -21.5645 ], [ -47.3806, -21.6498 ], [ -47.3376, -21.6692 ], [ -47.2113, -21.7561 ], [ -47.1985, -21.9076 ], [ -47.2009, -22.0313 ], [ -47.234, -22.0564 ], [ -47.1975, -22.0987 ], [ -47.4593, -22.1818 ], [ -47.4915, -22.1601 ], [ -47.6581, -22.0518 ], [ -47.6756, -22.0131 ], [ -47.7411, -22.0758 ], [ -47.7875, -22.0985 ], [ -47.7999, -22.1279 ], [ -47.7545, -22.1911 ], [ -47.7307, -22.2987 ], [ -47.7026, -22.3798 ], [ -47.6588, -22.4577 ], [ -47.467, -22.4186 ], [ -47.3022, -22.445 ], [ -47.2529, -22.4769 ], [ -47.2097, -22.3217 ], [ -47.1544, -22.2978 ], [ -47.2097, -22.3217 ], [ -47.0424, -22.5518 ], [ -47.0483, -22.5703 ], [ -47.0314, -22.619 ], [ -47.0138, -22.6087 ], [ -47.0061, -22.6342 ], [ -46.9868, -22.6356 ], [ -46.9795, -22.6544 ], [ -46.9097, -22.687 ], [ -46.8847, -22.7155 ], [ -46.6808, -22.738 ], [ -46.7433, -22.6508 ], [ -46.7354, -22.5931 ], [ -46.6665, -22.4151 ], [ -46.6759, -22.3693 ], [ -46.7913, -22.2973 ], [ -46.9, -22.2457 ], [ -46.8922, -22.0862 ] ] ], [ [ [ -47.3512, -22.785 ], [ -47.1694, -22.6949 ], [ -47.1035, -22.6901 ], [ -47.016, -22.6572 ], [ -47.0434, -22.5776 ], [ -47.0424, -22.5518 ], [ -47.2118, -22.538 ], [ -47.227, -22.57 ], [ -47.2435, -22.5833 ], [ -47.3623, -22.6805 ], [ -47.3881, -22.6993 ], [ -47.4743, -22.7383 ], [ -47.4905, -22.7243 ], [ -47.5305, -22.8438 ], [ -47.3419, -22.8604 ], [ -47.3702, -22.8447 ], [ -47.3512, -22.785 ] ] ], [ [ [ -46.6773, -23.0348 ], [ -46.6099, -23.2258 ], [ -46.4482, -23.2159 ], [ -46.4418, -23.0901 ], [ -46.4507, -22.9502 ], [ -46.4428, -22.8245 ], [ -46.5827, -22.8508 ], [ -46.6522, -22.8879 ], [ -46.6704, -22.9294 ], [ -46.6374, -23.019 ], [ -46.6773, -23.0348 ] ] ], [ [ [ -47.0477, -23.2453 ], [ -47.191, -23.2461 ], [ -47.1613, -23.3077 ], [ -47.1711, -23.3378 ], [ -47.1216, -23.4035 ], [ -47.0817, -23.3813 ], [ -47.1011, -23.3868 ], [ -47.0878, -23.3532 ], [ -46.9698, -23.2604 ], [ -47.0477, -23.2453 ] ] ], [ [ [ -46.9574, -22.7292 ], [ -47.1694, -22.6949 ], [ -47.2111, -22.7955 ], [ -47.2468, -22.9095 ], [ -47.3419, -22.8604 ], [ -47.4065, -22.9645 ], [ -47.144, -23.0578 ], [ -46.8511, -22.8762 ], [ -46.8908, -22.8171 ], [ -46.9574, -22.7292 ] ] ], [ [ [ -47.4065, -22.9645 ], [ -47.5305, -22.8438 ], [ -47.4905, -22.7243 ], [ -47.5389, -22.7171 ], [ -47.5502, -22.6887 ], [ -47.6653, -22.5547 ], [ -47.7689, -22.5753 ], [ -47.6653, -22.5547 ], [ -47.6588, -22.4577 ], [ -47.7026, -22.3798 ], [ -47.9825, -22.4554 ], [ -48.0936, -22.4987 ], [ -48.1234, -22.5292 ], [ -48.1395, -22.4913 ], [ -48.1743, -22.4993 ], [ -48.2075, -22.5025 ], [ -48.2105, -22.6181 ], [ -48.1604, -22.6378 ], [ -48.0885, -22.6519 ], [ -47.9301, -22.6522 ], [ -48.0885, -22.6519 ], [ -48.0987, -22.6888 ], [ -48.0701, -22.7369 ], [ -48.0143, -22.7346 ], [ -47.9697, -22.9002 ], [ -47.7176, -22.8475 ], [ -47.8069, -22.8769 ], [ -47.7225, -22.9332 ], [ -47.7012, -22.9187 ], [ -47.647, -22.9839 ], [ -47.6291, -23.0437 ], [ -47.6264, -23.076 ], [ -47.4627, -23.0265 ], [ -47.4065, -22.9645 ] ] ], [ [ [ -47.3022, -22.445 ], [ -47.467, -22.4186 ], [ -47.4634, -22.4522 ], [ -47.5117, -22.6909 ], [ -47.4827, -22.7358 ], [ -47.4006, -22.7099 ], [ -47.3341, -22.7133 ], [ -47.2435, -22.5833 ], [ -47.2118, -22.538 ], [ -47.3022, -22.445 ] ] ], [ [ [ -47.4627, -23.0265 ], [ -47.3209, -23.1239 ], [ -47.3006, -23.1134 ], [ -47.4627, -23.0265 ] ] ], [ [ [ -46.817, -22.0643 ], [ -46.8922, -22.0862 ], [ -46.9, -22.2457 ], [ -46.7913, -22.2973 ], [ -46.7121, -22.174 ], [ -46.817, -22.0643 ] ] ], [ [ [ -47.1128, -23.226 ], [ -47.0843, -23.0897 ], [ -47.144, -23.0578 ], [ -47.2603, -23.1468 ], [ -47.2448, -23.1833 ], [ -47.1128, -23.226 ] ] ], [ [ [ -46.7509, -22.9385 ], [ -46.8601, -22.9415 ], [ -46.91, -23.0574 ], [ -46.7508, -23.0879 ], [ -46.7639, -23.0037 ], [ -46.6704, -22.9294 ], [ -46.7509, -22.9385 ] ] ], [ [ [ -47.0843, -23.0897 ], [ -47.1128, -23.226 ], [ -47.0477, -23.2453 ], [ -46.9698, -23.2604 ], [ -46.8554, -23.2176 ], [ -46.8331, -23.1842 ], [ -46.7922, -23.1867 ], [ -46.7864, -23.1532 ], [ -46.8083, -23.1384 ], [ -46.8653, -23.0764 ], [ -46.9952, -23.1157 ], [ -47.0843, -23.0897 ] ] ], [ [ [ -47.016, -22.6572 ], [ -46.9535, -22.6904 ], [ -46.9795, -22.6544 ], [ -47.0144, -22.6085 ], [ -47.0314, -22.619 ], [ -47.016, -22.6572 ] ] ], [ [ [ -46.7733, -23.1752 ], [ -46.6773, -23.0348 ], [ -46.7639, -23.0037 ], [ -46.7508, -23.0879 ], [ -46.8083, -23.1384 ], [ -46.7733, -23.1752 ] ] ], [ [ [ -46.1369, -22.8905 ], [ -46.2669, -22.8757 ], [ -46.2961, -22.8982 ], [ -46.3842, -22.87 ], [ -46.4042, -22.8072 ], [ -46.4428, -22.8245 ], [ -46.4507, -22.9502 ], [ -46.4418, -23.0901 ], [ -46.2618, -23.0937 ], [ -46.1614, -23.0661 ], [ -46.1255, -23.0093 ], [ -46.0508, -22.9664 ], [ -46.0507, -22.897 ], [ -46.0952, -22.8944 ], [ -46.1369, -22.8905 ] ] ], [ [ [ -47.91, -23.1609 ], [ -47.8267, -22.9422 ], [ -47.9512, -22.9252 ], [ -47.898, -23.0582 ], [ -47.9123, -23.0804 ], [ -47.91, -23.1609 ] ] ], [ [ [ -46.8511, -22.8762 ], [ -46.7509, -22.9385 ], [ -46.7041, -22.8786 ], [ -46.8511, -22.8762 ] ] ], [ [ [ -46.2618, -23.0937 ], [ -46.4482, -23.2159 ], [ -46.4401, -23.2732 ], [ -46.2618, -23.0937 ] ] ], [ [ [ -47.2111, -22.7955 ], [ -47.3512, -22.785 ], [ -47.333, -22.8167 ], [ -47.2111, -22.7955 ] ] ], [ [ [ -46.4527, -22.7276 ], [ -46.4042, -22.8072 ], [ -46.3326, -22.7661 ], [ -46.4527, -22.7276 ] ] ], [ [ [ -46.8847, -22.7155 ], [ -46.9097, -22.687 ], [ -46.9535, -22.6904 ], [ -46.9574, -22.7292 ], [ -46.8908, -22.8171 ], [ -46.8847, -22.7155 ] ] ], [ [ [ -47.4593, -22.1818 ], [ -47.442, -22.0636 ], [ -47.5784, -22.0889 ], [ -47.4915, -22.1601 ], [ -47.4593, -22.1818 ] ] ], [ [ [ -47.3343, -21.7762 ], [ -47.3469, -21.8065 ], [ -47.2666, -21.9481 ], [ -47.2514, -21.9652 ], [ -47.1985, -21.9076 ], [ -47.2113, -21.7561 ], [ -47.3343, -21.7762 ] ] ], [ [ [ -46.6468, -22.0919 ], [ -46.7121, -22.174 ], [ -46.6405, -22.1577 ], [ -46.6468, -22.0919 ] ] ], [ [ [ -46.5885, -22.4897 ], [ -46.6218, -22.7231 ], [ -46.4246, -22.6336 ], [ -46.4243, -22.5994 ], [ -46.4121, -22.5858 ], [ -46.5053, -22.517 ], [ -46.5421, -22.4944 ], [ -46.5885, -22.4897 ] ] ], [ [ [ -47.2404, -22.8739 ], [ -47.333, -22.8167 ], [ -47.3702, -22.8447 ], [ -47.2404, -22.8739 ] ] ], [ [ [ -47.0012, -23.0061 ], [ -46.9952, -23.1157 ], [ -46.9105, -23.0175 ], [ -47.0012, -23.0061 ] ] ] ] } },
{ "type": "Feature", "properties": { "cod_rgi": "3511", "nome_rgi": "São José dos Campos" }, "geometry": { "type": "MultiPolygon", "coordinates": [ [ [ [ -45.3141, -23.0571 ], [ -45.3284, -23.0849 ], [ -45.3541, -23.1374 ], [ -45.4508, -23.2213 ], [ -45.5217, -23.1766 ], [ -45.6094, -23.1634 ], [ -45.6216, -23.2051 ], [ -45.5669, -23.4085 ], [ -45.7058, -23.3385 ], [ -45.7867, -23.42 ], [ -45.756, -23.5112 ], [ -45.7309, -23.5745 ], [ -45.7058, -23.6017 ], [ -45.7949, -23.7157 ], [ -45.8422, -23.758 ], [ -45.3961, -23.8089 ], [ -45.28, -23.5413 ], [ -44.9081, -23.3342 ], [ -44.7772, -23.3385 ], [ -44.8364, -23.2558 ], [ -44.886, -23.2358 ], [ -44.9165, -23.1987 ], [ -44.8922, -23.2114 ], [ -44.8727, -23.1831 ], [ -44.8258, -23.1631 ], [ -44.7925, -22.9822 ], [ -44.7553, -22.9803 ], [ -44.7136, -22.9302 ], [ -44.6878, -22.9364 ], [ -44.6591, -22.9278 ], [ -44.6236, -22.8915 ], [ -44.6531, -22.9067 ], [ -44.5757, -22.878 ], [ -44.5552, -22.8881 ], [ -44.4946, -22.8468 ], [ -44.4706, -22.7716 ], [ -44.5132, -22.7719 ], [ -44.4516, -22.6275 ], [ -44.4848, -22.6039 ], [ -44.5263, -22.6193 ], [ -44.6021, -22.6078 ], [ -44.8524, -22.559 ], [ -44.7741, -22.7038 ], [ -44.7658, -22.7568 ], [ -44.7704, -22.8164 ], [ -44.9224, -22.8572 ], [ -45.0057, -22.7738 ], [ -45.1039, -22.5627 ], [ -45.1244, -22.4972 ], [ -45.1503, -22.5074 ], [ -45.1895, -22.6676 ], [ -45.1797, -22.6912 ], [ -45.1895, -22.6676 ], [ -45.2691, -22.6114 ], [ -45.6116, -22.7948 ], [ -45.6843, -22.9072 ], [ -45.7251, -22.9694 ], [ -45.6741, -23.0461 ], [ -45.7251, -22.9694 ], [ -45.7935, -23.107 ], [ -45.7599, -23.1667 ], [ -45.7213, -23.2379 ], [ -45.6094, -23.1634 ], [ -45.5217, -23.1766 ], [ -45.4508, -23.2213 ], [ -45.3541, -23.1374 ], [ -45.3284, -23.0849 ], [ -45.3141, -23.0571 ] ] ], [ [ [ -44.4516, -22.6275 ], [ -44.5132, -22.7719 ], [ -44.4778, -22.7392 ], [ -44.4706, -22.7716 ], [ -44.4787, -22.8509 ], [ -44.4182, -22.8481 ], [ -44.227, -22.7337 ], [ -44.1761, -22.7057 ], [ -44.1614, -22.6783 ], [ -44.2074, -22.612 ], [ -44.2857, -22.6097 ], [ -44.3704, -22.5897 ], [ -44.392, -22.5724 ], [ -44.4018, -22.6067 ], [ -44.4315, -22.5987 ], [ -44.4516, -22.6275 ] ] ], [ [ [ -44.92, -22.7661 ], [ -44.7704, -22.8164 ], [ -44.7658, -22.7568 ], [ -44.7741, -22.7038 ], [ -45.0284, -22.4632 ], [ -45.1244, -22.4972 ], [ -45.1023, -22.59 ], [ -45.1039, -22.5627 ], [ -45.0057, -22.7738 ], [ -44.9224, -22.8572 ], [ -44.92, -22.7661 ] ] ], [ [ [ -45.4888, -22.6288 ], [ -45.5554, -22.6264 ], [ -45.6181, -22.6379 ], [ -45.6811, -22.6363 ], [ -45.7185, -22.578 ], [ -45.7428, -22.6592 ], [ -45.8116, -22.6987 ], [ -45.6732, -22.7905 ], [ -45.4888, -22.6288 ] ] ], [ [ [ -46.1614, -23.0661 ], [ -46.1532, -23.2357 ], [ -46.0932, -23.1208 ], [ -46.1255, -23.0093 ], [ -46.1614, -23.0661 ] ] ], [ [ [ -46.151, -23.2743 ], [ -46.114, -23.2855 ], [ -46.099, -23.326 ], [ -46.0014, -23.3861 ], [ -45.9874, -23.4198 ], [ -45.8133, -23.4997 ], [ -45.7867, -23.42 ], [ -45.8476, -23.3067 ], [ -45.7213, -23.2379 ], [ -45.7599, -23.1667 ], [ -45.7935, -23.107 ], [ -45.8853, -23.0095 ], [ -45.6843, -22.9072 ], [ -45.8098, -22.8294 ], [ -45.889, -22.8758 ], [ -46.0507, -22.897 ], [ -46.0508, -22.9664 ], [ -46.0932, -23.1208 ], [ -45.9977, -23.1864 ], [ -46.151, -23.2743 ] ] ] ] } },
{ "type": "Feature", "properties": { "cod_rgi": "4101", "nome_rgi": "Curitiba" }, "geometry": { "type": "MultiPolygon", "coordinates": [ [ [ [ -48.4993, -24.739 ], [ -48.582, -24.6707 ], [ -48.6605, -24.7068 ], [ -48.7038, -24.6804 ], [ -48.7787, -24.6967 ], [ -48.8273, -24.6545 ], [ -48.8519, -24.675 ], [ -48.9425, -24.6723 ], [ -49.04, -24.6368 ], [ -49.3054, -24.6736 ], [ -49.316, -24.5555 ], [ -49.2469, -24.4691 ], [ -49.2554, -24.4238 ], [ -49.4877, -24.546 ], [ -49.5237, -24.5764 ], [ -49.5392, -24.572 ], [ -49.5735, -24.668 ], [ -49.4714, -24.7091 ], [ -49.5298, -24.7156 ], [ -49.5375, -24.8182 ], [ -49.5494, -24.941 ], [ -49.6387, -25.0077 ], [ -49.7122, -25.0215 ], [ -49.8173, -25.2263 ], [ -49.8568, -25.2339 ], [ -49.7584, -25.3613 ], [ -49.741, -25.3663 ], [ -49.7404, -25.4151 ], [ -49.8047, -25.5028 ], [ -49.8856, -25.5457 ], [ -49.9768, -25.6082 ], [ -50.026, -25.6303 ], [ -50.1219, -25.7133 ], [ -50.2093, -25.7876 ], [ -50.2173, -25.9194 ], [ -50.2244, -26.0604 ], [ -50.1402, -26.0266 ], [ -50.1184, -26.0636 ], [ -50.0762, -26.0464 ], [ -50.0362, -26.027 ], [ -49.9678, -26.0051 ], [ -49.9724, -26.0584 ], [ -49.9301, -25.9872 ], [ -49.8204, -25.9629 ], [ -49.9301, -25.9872 ], [ -49.8317, -26.0531 ], [ -49.8296, -26.0693 ], [ -49.8071, -26.0889 ], [ -49.7775, -26.1201 ], [ -49.749, -26.1401 ], [ -49.7373, -26.1575 ], [ -49.6537, -26.187 ], [ -49.6337, -26.1899 ], [ -49.6346, -26.209 ], [ -49.5785, -26.2135 ], [ -49.5002, -26.2035 ], [ -49.3473, -26.0724 ], [ -49.2932, -25.9682 ], [ -49.175, -26.0001 ], [ -49.1256, -25.9961 ], [ -49.0981, -26.0105 ], [ -49.0071, -26.0161 ], [ -48.9605, -25.9808 ], [ -48.6821, -25.9837 ], [ -48.6444, -25.9558 ], [ -48.6341, -25.9777 ], [ -48.4768, -25.7139 ], [ -48.5584, -25.7197 ], [ -48.6345, -25.7045 ], [ -48.8025, -25.6255 ], [ -48.6883, -25.627 ], [ -48.6805, -25.5307 ], [ -48.6838, -25.5025 ], [ -48.7848, -25.4786 ], [ -48.6838, -25.5025 ], [ -48.4997, -25.3927 ], [ -48.2282, -25.4767 ], [ -48.0574, -25.2183 ], [ -48.1569, -25.1447 ], [ -48.2316, -25.0208 ], [ -48.2234, -25.0091 ], [ -48.2779, -25.033 ], [ -48.3786, -24.997 ], [ -48.474, -25.0126 ], [ -48.5286, -25.1008 ], [ -48.5674, -24.9723 ], [ -48.6295, -24.9239 ], [ -48.5721, -24.895 ], [ -48.4993, -24.739 ] ], [ [ -49.347, -25.231 ], [ -49.3826, -25.3098 ], [ -49.1354, -25.3396 ], [ -49.1239, -25.3706 ], [ -48.969, -25.4275 ], [ -48.941, -25.4758 ], [ -48.969, -25.4275 ], [ -49.1239, -25.3706 ], [ -49.3307, -25.7176 ], [ -49.4121, -25.7418 ], [ -49.2035, -25.4351 ], [ -49.3826, -25.3098 ], [ -49.4524, -25.2436 ], [ -49.4908, -25.1977 ], [ -49.5763, -25.2003 ], [ -49.4908, -25.1977 ], [ -49.4524, -25.2436 ], [ -49.347, -25.231 ], [ -49.2509, -25.2349 ], [ -49.347, -25.231 ] ] ], [ [ [ -49.2932, -25.9682 ], [ -49.3473, -26.0724 ], [ -49.2665, -26.0808 ], [ -49.2932, -25.9682 ] ] ], [ [ [ -51.747, -26.2332 ], [ -51.6826, -26.2873 ], [ -51.6623, -26.2774 ], [ -51.6325, -26.295 ], [ -51.6062, -26.3274 ], [ -51.5121, -26.5817 ], [ -51.4867, -26.6244 ], [ -51.4073, -26.7006 ], [ -51.3942, -26.703 ], [ -51.3911, -26.6632 ], [ -51.2709, -26.5053 ], [ -51.251, -26.3744 ], [ -51.1043, -26.2761 ], [ -51.0568, -26.2439 ], [ -50.9915, -26.235 ], [ -50.8975, -26.0572 ], [ -50.9312, -26.0264 ], [ -50.9263, -25.9559 ], [ -51.0284, -25.9627 ], [ -51.1013, -26.0033 ], [ -51.0284, -25.9627 ], [ -51.0076, -25.9069 ], [ -50.9833, -25.7855 ], [ -50.957, -25.6848 ], [ -50.9822, -25.6662 ], [ -51.1165, -25.7203 ], [ -51.1853, -25.7721 ], [ -51.2578, -25.8066 ], [ -51.3218, -25.8265 ], [ -51.4055, -25.9329 ], [ -51.4341, -25.9218 ], [ -51.4778, -25.9215 ], [ -51.5505, -25.9869 ], [ -51.5812, -25.9767 ], [ -51.6677, -26.0103 ], [ -51.6808, -25.9328 ], [ -51.743, -25.9707 ], [ -51.7224, -26.0127 ], [ -51.7383, -26.0493 ], [ -51.747, -26.2332 ] ] ], [ [ [ -48.4997, -25.3927 ], [ -48.6805, -25.5307 ], [ -48.6883, -25.627 ], [ -48.6345, -25.7045 ], [ -48.5584, -25.7197 ], [ -48.4768, -25.7139 ], [ -48.2769, -25.514 ], [ -48.4997, -25.3927 ] ] ], [ [ [ -50.8975, -26.0572 ], [ -50.9915, -26.235 ], [ -50.8686, -26.2414 ], [ -50.7506, -26.2245 ], [ -50.7311, -26.2058 ], [ -50.6483, -26.1304 ], [ -50.6566, -26.1018 ], [ -50.5525, -26.0585 ], [ -50.5915, -26.0415 ], [ -50.548, -26.0396 ], [ -50.4762, -26.0345 ], [ -50.4424, -26.0355 ], [ -50.404, -26.0567 ], [ -50.2173, -25.9194 ], [ -50.3082, -25.7567 ], [ -50.4158, -25.72 ], [ -50.5147, -25.7328 ], [ -50.5385, -25.7581 ], [ -50.608, -25.819 ], [ -50.6558, -25.8772 ], [ -50.7212, -25.9999 ], [ -50.7491, -25.9807 ], [ -50.8984, -26.0926 ], [ -50.8975, -26.0572 ] ] ] ] } },
{ "type": "Feature", "properties": { "cod_rgi": "4102", "nome_rgi": "Guarapuava" }, "geometry": { "type": "Polygon", "coordinates": [ [ [ -51.4464, -24.6866 ], [ -51.4765, -24.6177 ], [ -51.4504, -24.5582 ], [ -51.5337, -24.554 ], [ -51.716, -24.6038 ], [ -51.8153, -24.4717 ], [ -51.8974, -24.3945 ], [ -51.8818, -24.3655 ], [ -51.9158, -24.3059 ], [ -51.9297, -24.2972 ], [ -51.938, -24.2725 ], [ -51.9504, -24.2596 ], [ -51.9595, -24.2598 ], [ -52.0069, -24.3454 ], [ -52.0039, -24.3776 ], [ -52.0427, -24.4084 ], [ -52.0144, -24.4384 ], [ -52.0275, -24.5076 ], [ -52.0358, -24.5425 ], [ -52.0799, -24.5911 ], [ -52.173, -24.633 ], [ -52.2074, -24.6177 ], [ -52.2976, -24.6646 ], [ -52.371, -24.693 ], [ -52.3945, -24.7302 ], [ -52.4208, -24.7255 ], [ -52.5347, -24.8496 ], [ -52.655, -24.9102 ], [ -52.6629, -24.9565 ], [ -52.6441, -24.9567 ], [ -52.5671, -24.9665 ], [ -52.5542, -25.0365 ], [ -52.4856, -25.0264 ], [ -52.4989, -25.0157 ], [ -52.4555, -25.028 ], [ -52.4358, -25.0202 ], [ -52.4314, -25.0352 ], [ -52.3691, -25.0327 ], [ -52.2993, -24.9826 ], [ -52.2258, -25.0095 ], [ -52.2405, -24.9767 ], [ -52.2067, -24.9844 ], [ -52.1702, -24.9617 ], [ -52.147, -24.9214 ], [ -52.1702, -24.9617 ], [ -52.166, -25.0226 ], [ -52.087, -25.1013 ], [ -52.1075, -25.1564 ], [ -52.1369, -25.1476 ], [ -52.1587, -25.1626 ], [ -52.2157, -25.1631 ], [ -52.2677, -25.1366 ], [ -52.2566, -25.2235 ], [ -52.2189, -25.2556 ], [ -52.1953, -25.3141 ], [ -52.2052, -25.3305 ], [ -52.1762, -25.4295 ], [ -52.2054, -25.4551 ], [ -52.219, -25.4858 ], [ -52.2384, -25.5609 ], [ -52.289, -25.6104 ], [ -52.3772, -25.6638 ], [ -52.4138, -25.6653 ], [ -52.3588, -25.7056 ], [ -52.3152, -25.6787 ], [ -52.2929, -25.7092 ], [ -52.1671, -25.7487 ], [ -52.067, -25.7214 ], [ -52.0224, -25.716 ], [ -52.067, -25.7214 ], [ -52.1434, -25.8908 ], [ -52.0332, -25.947 ], [ -51.9917, -26.0175 ], [ -51.8687, -26.0267 ], [ -51.743, -25.9707 ], [ -51.6808, -25.9328 ], [ -51.6677, -26.0103 ], [ -51.5812, -25.9767 ], [ -51.5505, -25.9869 ], [ -51.4778, -25.9215 ], [ -51.4341, -25.9218 ], [ -51.4055, -25.9329 ], [ -51.3218, -25.8265 ], [ -51.3166, -25.7925 ], [ -51.3458, -25.6869 ], [ -51.3985, -25.6252 ], [ -51.3458, -25.6869 ], [ -51.3166, -25.7925 ], [ -51.2578, -25.8066 ], [ -51.1853, -25.7721 ], [ -51.1165, -25.7203 ], [ -50.9822, -25.6662 ], [ -50.9894, -25.6457 ], [ -50.9818, -25.6194 ], [ -50.9854, -25.573 ], [ -51.1257, -25.5219 ], [ -51.1414, -25.5265 ], [ -51.1384, -25.4878 ], [ -51.0396, -25.46 ], [ -51.0209, -25.4427 ], [ -50.8342, -25.3722 ], [ -50.7856, -25.4161 ], [ -50.7867, -25.3809 ], [ -50.8167, -25.328 ], [ -50.7997, -25.285 ], [ -50.762, -25.2675 ], [ -50.728, -25.182 ], [ -50.8107, -25.1563 ], [ -50.8455, -25.0968 ], [ -50.9382, -25.0728 ], [ -50.9528, -25.0715 ], [ -50.9512, -25.0368 ], [ -51.0005, -25.0038 ], [ -50.9934, -24.9817 ], [ -51.0595, -24.9531 ], [ -51.0379, -24.9294 ], [ -51.0866, -24.9047 ], [ -51.1176, -24.8837 ], [ -51.2946, -24.776 ], [ -51.3742, -24.7733 ], [ -51.3814, -24.7549 ], [ -51.4368, -24.7028 ], [ -51.4464, -24.6866 ] ] ] } },
{ "type": "Feature", "properties": { "cod_rgi": "4103", "nome_rgi": "Cascavel" }, "geometry": { "type": "MultiPolygon", "coordinates": [ [ [ [ -53.5898, -25.8416 ], [ -53.5333, -25.8322 ], [ -53.4716, -25.7747 ], [ -53.4599, -25.6526 ], [ -53.4716, -25.7747 ], [ -53.4806, -25.8617 ], [ -53.335, -25.9707 ], [ -53.2319, -25.987 ], [ -53.1204, -25.8716 ], [ -53.297, -25.6936 ], [ -53.2069, -25.706 ], [ -53.1585, -25.6725 ], [ -53.1747, -25.6354 ], [ -53.2619, -25.5919 ], [ -53.3277, -25.5473 ], [ -53.3978, -25.5027 ], [ -53.5094, -25.4637 ], [ -53.5205, -25.4314 ], [ -53.5094, -25.4637 ], [ -53.3978, -25.5027 ], [ -53.3486, -25.461 ], [ -53.3277, -25.5473 ], [ -53.2619, -25.5919 ], [ -53.048, -25.5775 ], [ -52.9547, -25.5548 ], [ -52.7883, -25.5458 ], [ -52.7851, -25.567 ], [ -52.7815, -25.7374 ], [ -52.616, -25.7654 ], [ -52.5176, -25.617 ], [ -52.616, -25.7654 ], [ -52.7815, -25.7374 ], [ -52.7851, -25.567 ], [ -52.9444, -25.7825 ], [ -52.9547, -25.5548 ], [ -53.048, -25.5775 ], [ -53.0841, -25.6127 ], [ -53.1198, -25.6842 ], [ -53.1585, -25.6725 ], [ -53.2069, -25.706 ], [ -53.1204, -25.8716 ], [ -52.9952, -25.7921 ], [ -53.2319, -25.987 ], [ -53.335, -25.9707 ], [ -53.2623, -26.0957 ], [ -53.1527, -26.2018 ], [ -53.2883, -26.182 ], [ -53.2623, -26.0957 ], [ -53.3609, -26.0159 ], [ -53.5179, -26.0654 ], [ -53.5261, -26.0803 ], [ -53.5101, -26.1179 ], [ -53.4098, -26.1913 ], [ -53.4124, -26.2535 ], [ -53.4453, -26.2546 ], [ -53.4281, -26.2812 ], [ -53.3761, -26.2416 ], [ -53.3049, -26.2605 ], [ -53.2645, -26.2893 ], [ -53.0932, -26.392 ], [ -53.028, -26.3702 ], [ -52.9884, -26.3458 ], [ -52.9504, -26.3623 ], [ -52.9055, -26.357 ], [ -52.9081, -26.3596 ], [ -52.7378, -26.3422 ], [ -52.6786, -26.3527 ], [ -52.6027, -26.4154 ], [ -52.4636, -26.4396 ], [ -52.3774, -26.441 ], [ -52.2298, -26.467 ], [ -52.1005, -26.4817 ], [ -52.0814, -26.5251 ], [ -52.0088, -26.5666 ], [ -51.8735, -26.5994 ], [ -51.631, -26.5878 ], [ -51.5121, -26.5817 ], [ -51.6062, -26.3274 ], [ -51.6325, -26.295 ], [ -51.6623, -26.2774 ], [ -51.6826, -26.2873 ], [ -51.747, -26.2332 ], [ -51.7383, -26.0493 ], [ -51.7224, -26.0127 ], [ -51.8687, -26.0267 ], [ -51.9917, -26.0175 ], [ -52.0332, -25.947 ], [ -52.1434, -25.8908 ], [ -52.1671, -25.7487 ], [ -52.214, -25.7565 ], [ -52.2242, -25.793 ], [ -52.214, -25.7565 ], [ -52.2929, -25.7092 ], [ -52.3152, -25.6787 ], [ -52.3588, -25.7056 ], [ -52.4138, -25.6653 ], [ -52.3772, -25.6638 ], [ -52.289, -25.6104 ], [ -52.2384, -25.5609 ], [ -52.219, -25.4858 ], [ -52.2054, -25.4551 ], [ -52.1762, -25.4295 ], [ -52.2052, -25.3305 ], [ -52.1953, -25.3141 ], [ -52.2625, -25.2896 ], [ -52.2189, -25.2556 ], [ -52.2566, -25.2235 ], [ -52.2677, -25.1366 ], [ -52.2157, -25.1631 ], [ -52.1587, -25.1626 ], [ -52.1369, -25.1476 ], [ -52.1075, -25.1564 ], [ -52.087, -25.1013 ], [ -52.166, -25.0226 ], [ -52.2067, -24.9844 ], [ -52.2405, -24.9767 ], [ -52.2258, -25.0095 ], [ -52.2993, -24.9826 ], [ -52.3691, -25.0327 ], [ -52.4208, -25.0828 ], [ -52.4114, -25.197 ], [ -52.4208, -25.0828 ], [ -52.4314, -25.0352 ], [ -52.4358, -25.0202 ], [ -52.4555, -25.028 ], [ -52.4989, -25.0157 ], [ -52.4856, -25.0264 ], [ -52.5542, -25.0365 ], [ -52.5671, -24.9665 ], [ -52.6002, -25.0139 ], [ -52.6615, -25.0704 ], [ -52.6912, -25.1643 ], [ -52.7742, -25.23 ], [ -52.8871, -25.2906 ], [ -52.7742, -25.23 ], [ -52.6912, -25.1643 ], [ -52.6615, -25.0704 ], [ -52.6002, -25.0139 ], [ -52.6441, -24.9567 ], [ -52.6629, -24.9565 ], [ -52.6849, -24.879 ], [ -52.7712, -24.8389 ], [ -52.7624, -24.8276 ], [ -52.8521, -24.7918 ], [ -52.9226, -24.7338 ], [ -52.9416, -24.7075 ], [ -52.984, -24.6887 ], [ -53.0964, -24.572 ], [ -53.1635, -24.4904 ], [ -53.1656, -24.3656 ], [ -53.2021, -24.3412 ], [ -53.2472, -24.329 ], [ -53.3186, -24.4303 ], [ -53.2897, -24.3025 ], [ -53.2804, -24.1635 ], [ -53.3647, -24.2527 ], [ -53.5918, -24.2415 ], [ -53.6381, -24.2425 ], [ -53.6976, -24.2433 ], [ -53.7469, -24.1877 ], [ -53.7419, -24.15 ], [ -53.8094, -24.186 ], [ -53.8655, -24.191 ], [ -53.9246, -24.1612 ], [ -53.9586, -24.1204 ], [ -53.9666, -24.3698 ], [ -53.7149, -24.3695 ], [ -53.7154, -24.4675 ], [ -53.6865, -24.3696 ], [ -53.6801, -24.4209 ], [ -53.7154, -24.4675 ], [ -53.7154, -24.5751 ], [ -53.596, -24.6895 ], [ -53.5949, -24.6367 ], [ -53.5747, -24.6006 ], [ -53.4392, -24.6184 ], [ -53.4283, -24.6465 ], [ -53.4464, -24.6823 ], [ -53.457, -24.7437 ], [ -53.5373, -24.7442 ], [ -53.7154, -24.5751 ], [ -53.718, -24.5776 ], [ -53.7149, -24.3695 ], [ -53.9666, -24.3698 ], [ -53.9673, -24.3898 ], [ -54.0687, -24.43 ], [ -54.0116, -24.4576 ], [ -53.9671, -24.5277 ], [ -54.0116, -24.4576 ], [ -54.0687, -24.43 ], [ -54.1511, -24.3712 ], [ -54.3287, -24.4709 ], [ -54.3255, -24.6609 ], [ -54.4594, -25.039 ], [ -54.4185, -25.0599 ], [ -54.4594, -25.039 ], [ -54.4318, -25.1371 ], [ -54.6193, -25.4541 ], [ -54.5937, -25.5924 ], [ -54.1441, -25.5209 ], [ -53.7358, -25.6653 ], [ -53.6588, -25.6417 ], [ -53.5924, -25.6869 ], [ -53.6588, -25.6417 ], [ -53.7358, -25.6653 ], [ -53.7498, -25.9273 ], [ -53.7427, -26.1089 ], [ -53.5863, -26.2559 ], [ -53.4984, -26.303 ], [ -53.4281, -26.2812 ], [ -53.4428, -26.2517 ], [ -53.4124, -26.2535 ], [ -53.5101, -26.1179 ], [ -53.5261, -26.0803 ], [ -53.5179, -26.0654 ], [ -53.3609, -26.0159 ], [ -53.4806, -25.8617 ], [ -53.5333, -25.8322 ], [ -53.5898, -25.8416 ] ], [ [ -53.0895, -24.9897 ], [ -53.0721, -24.989 ], [ -53.0739, -25.0276 ], [ -53.1009, -25.0958 ], [ -52.9764, -25.1923 ], [ -52.9949, -25.221 ], [ -52.9764, -25.1923 ], [ -53.1009, -25.0958 ], [ -53.0739, -25.0276 ], [ -53.0721, -24.989 ], [ -53.0895, -24.9897 ] ], [ [ -54.0181, -24.7901 ], [ -54.0954, -24.8787 ], [ -54.0392, -24.771 ], [ -54.0184, -24.7115 ], [ -54.0132, -24.7439 ], [ -54.0392, -24.771 ], [ -54.0181, -24.7901 ] ], [ [ -53.7686, -25.5512 ], [ -53.7169, -25.5462 ], [ -53.7056, -25.4779 ], [ -53.6256, -25.5917 ], [ -53.7169, -25.5462 ], [ -53.7686, -25.5512 ] ] ], [ [ [ -53.6239, -25.163 ], [ -53.6231, -25.0824 ], [ -53.6694, -25.0163 ], [ -53.852, -24.9717 ], [ -53.9122, -24.9708 ], [ -53.852, -24.9717 ], [ -53.6694, -25.0163 ], [ -53.6231, -25.0824 ], [ -53.6239, -25.163 ] ] ], [ [ [ -53.0841, -25.6127 ], [ -53.1747, -25.6354 ], [ -53.1198, -25.6842 ], [ -53.0841, -25.6127 ] ] ], [ [ [ -54.169, -23.999 ], [ -54.2768, -24.0623 ], [ -54.3445, -24.1406 ], [ -54.1511, -24.3712 ], [ -53.9673, -24.3898 ], [ -53.9586, -24.1204 ], [ -53.9727, -23.9822 ], [ -54.0558, -24.0365 ], [ -54.0985, -24.025 ], [ -54.169, -23.999 ] ] ], [ [ [ -53.5747, -24.6006 ], [ -53.5632, -24.6201 ], [ -53.601, -24.6503 ], [ -53.596, -24.6895 ], [ -53.5319, -24.7498 ], [ -53.457, -24.7437 ], [ -53.4464, -24.6823 ], [ -53.4392, -24.6184 ], [ -53.5747, -24.6006 ] ] ] ] } },
{ "type": "Feature", "properties": { "cod_rgi": "4104", "nome_rgi": "Maringá" }, "geometry": { "type": "MultiPolygon", "coordinates": [ [ [ [ -52.8521, -24.7918 ], [ -52.7624, -24.8276 ], [ -52.7712, -24.8389 ], [ -52.6849, -24.879 ], [ -52.655, -24.9102 ], [ -52.5347, -24.8496 ], [ -52.6303, -24.7793 ], [ -52.7013, -24.7792 ], [ -52.712, -24.7341 ], [ -52.7013, -24.7792 ], [ -52.6303, -24.7793 ], [ -52.4208, -24.7255 ], [ -52.5175, -24.5484 ], [ -52.5086, -24.523 ], [ -52.5175, -24.5484 ], [ -52.371, -24.693 ], [ -52.2976, -24.6646 ], [ -52.2074, -24.6177 ], [ -52.173, -24.633 ], [ -52.0799, -24.5911 ], [ -52.0358, -24.5425 ], [ -52.0275, -24.5076 ], [ -52.0144, -24.4384 ], [ -52.041, -24.4398 ], [ -52.0427, -24.4084 ], [ -52.0039, -24.3776 ], [ -52.0069, -24.3454 ], [ -51.9595, -24.2598 ], [ -51.9692, -24.2298 ], [ -51.9474, -24.2268 ], [ -51.9795, -24.2276 ], [ -52.0103, -24.1876 ], [ -51.9212, -24.1443 ], [ -51.924, -24.1142 ], [ -51.918, -24.0787 ], [ -51.9555, -24.0442 ], [ -51.9483, -24.0395 ], [ -51.9589, -23.9967 ], [ -51.968, -23.9493 ], [ -52.0709, -23.9962 ], [ -52.0475, -23.9312 ], [ -52.1631, -23.9813 ], [ -52.0475, -23.9312 ], [ -52.0709, -23.9962 ], [ -51.9567, -23.9295 ], [ -51.952, -23.9009 ], [ -51.9718, -23.8447 ], [ -51.9825, -23.8299 ], [ -52.0085, -23.8189 ], [ -52.0339, -23.7724 ], [ -52.0946, -23.7063 ], [ -52.1125, -23.6795 ], [ -52.1408, -23.6906 ], [ -52.1007, -23.6612 ], [ -52.07, -23.6613 ], [ -51.9998, -23.5566 ], [ -52.1003, -23.5197 ], [ -52.1908, -23.6446 ], [ -52.2823, -23.6761 ], [ -52.4445, -23.807 ], [ -52.5092, -23.8587 ], [ -52.5229, -24.224 ], [ -52.5587, -24.2143 ], [ -52.8693, -24.3854 ], [ -52.9458, -24.3287 ], [ -53.0436, -24.3975 ], [ -53.1593, -24.3947 ], [ -53.1635, -24.4904 ], [ -53.0964, -24.572 ], [ -52.984, -24.6887 ], [ -52.9416, -24.7075 ], [ -52.9226, -24.7338 ], [ -52.8521, -24.7918 ] ] ], [ [ [ -54.0836, -23.8055 ], [ -54.0799, -23.889 ], [ -54.098, -23.9439 ], [ -54.1297, -23.9821 ], [ -54.169, -23.999 ], [ -54.0558, -24.0365 ], [ -53.9727, -23.9822 ], [ -53.8308, -24.0072 ], [ -53.9246, -24.1612 ], [ -53.8655, -24.191 ], [ -53.8094, -24.186 ], [ -53.7419, -24.15 ], [ -53.7469, -24.1877 ], [ -53.6666, -24.2088 ], [ -53.4128, -23.9295 ], [ -53.6666, -24.2088 ], [ -53.6381, -24.2425 ], [ -53.5918, -24.2415 ], [ -53.3647, -24.2527 ], [ -53.2804, -24.1635 ], [ -53.2036, -24.1365 ], [ -53.138, -24.153 ], [ -53.1072, -23.9286 ], [ -53.2342, -23.9387 ], [ -53.1639, -23.912 ], [ -53.0363, -23.9383 ], [ -52.9638, -23.9649 ], [ -52.9346, -23.9698 ], [ -52.868, -23.9888 ], [ -52.8351, -23.9946 ], [ -52.6954, -23.9512 ], [ -52.7426, -23.8554 ], [ -52.7241, -23.8239 ], [ -52.7418, -23.6892 ], [ -52.7836, -23.7107 ], [ -52.823, -23.7697 ], [ -52.8778, -23.7933 ], [ -52.8089, -23.756 ], [ -52.7706, -23.6985 ], [ -52.7427, -23.6911 ], [ -52.7311, -23.6227 ], [ -52.6552, -23.4398 ], [ -52.7479, -23.5552 ], [ -52.638, -23.3317 ], [ -52.7929, -23.2669 ], [ -52.9391, -23.2649 ], [ -53.0249, -23.2889 ], [ -53.015, -23.6191 ], [ -53.1417, -23.7281 ], [ -53.1164, -23.4712 ], [ -53.2163, -23.4539 ], [ -53.2297, -23.3334 ], [ -53.2115, -23.2566 ], [ -53.2252, -23.2094 ], [ -53.2115, -23.2566 ], [ -53.2297, -23.3334 ], [ -53.1164, -23.4712 ], [ -53.0249, -23.2889 ], [ -52.9967, -23.2382 ], [ -53.0214, -23.1915 ], [ -53.0346, -23.1011 ], [ -53.1298, -23.0429 ], [ -53.2293, -22.9731 ], [ -53.3165, -22.9125 ], [ -53.4678, -23.1773 ], [ -53.4722, -23.2322 ], [ -53.5387, -23.1881 ], [ -53.4678, -23.1773 ], [ -53.3165, -22.9125 ], [ -53.2847, -22.9352 ], [ -53.0316, -23.1063 ], [ -52.9762, -23.0553 ], [ -52.8846, -23.023 ], [ -52.8259, -23.0581 ], [ -52.7152, -23.0587 ], [ -52.75, -23.1091 ], [ -52.602, -23.1092 ], [ -52.5469, -23.1309 ], [ -52.5469, -23.2678 ], [ -52.4212, -23.2661 ], [ -52.4209, -23.1411 ], [ -52.3136, -22.9076 ], [ -52.2311, -22.852 ], [ -52.2753, -22.73 ], [ -52.2871, -22.6331 ], [ -52.4214, -22.6106 ], [ -52.5849, -22.5659 ], [ -52.7829, -22.6021 ], [ -52.8493, -22.7824 ], [ -52.7829, -22.6021 ], [ -52.8584, -22.608 ], [ -52.9247, -22.5656 ], [ -53.0117, -22.5988 ], [ -53.0878, -22.6584 ], [ -53.1052, -22.6219 ], [ -53.0808, -22.8541 ], [ -53.1889, -22.7219 ], [ -53.5419, -22.8862 ], [ -53.6366, -23.125 ], [ -53.7622, -23.3593 ], [ -53.698, -23.4327 ], [ -53.6542, -23.4726 ], [ -53.657, -23.6545 ], [ -53.7314, -23.6958 ], [ -53.7288, -23.7375 ], [ -53.7753, -23.7857 ], [ -54.0306, -23.6282 ], [ -54.0836, -23.8055 ] ] ], [ [ [ -52.3136, -22.9076 ], [ -52.4209, -23.1411 ], [ -52.4205, -23.2341 ], [ -52.2438, -23.1714 ], [ -52.2331, -23.1407 ], [ -52.2529, -23.0644 ], [ -52.2474, -23.0257 ], [ -52.2842, -22.9679 ], [ -52.2702, -22.914 ], [ -52.3136, -22.9076 ] ] ], [ [ [ -52.8846, -23.023 ], [ -52.7929, -23.2669 ], [ -52.5469, -23.2678 ], [ -52.6119, -23.2324 ], [ -52.703, -23.2117 ], [ -52.65, -23.1169 ], [ -52.75, -23.1091 ], [ -52.7152, -23.0587 ], [ -52.8259, -23.0581 ], [ -52.8846, -23.023 ] ] ], [ [ [ -51.8657, -23.1329 ], [ -52.0587, -23.2039 ], [ -52.1443, -23.3042 ], [ -52.1484, -23.3685 ], [ -52.0065, -23.4549 ], [ -52.1003, -23.5197 ], [ -51.8779, -23.4159 ], [ -51.9123, -23.2196 ], [ -51.8657, -23.1329 ] ] ], [ [ [ -52.5725, -23.8064 ], [ -52.616, -23.9513 ], [ -52.7056, -23.9278 ], [ -52.6954, -23.9512 ], [ -52.7469, -24.0846 ], [ -52.5587, -24.2143 ], [ -52.5229, -24.224 ], [ -52.5092, -23.8587 ], [ -52.483, -23.8381 ], [ -52.5384, -23.7484 ], [ -52.5725, -23.8064 ] ] ], [ [ [ -51.6723, -23.0869 ], [ -51.8657, -23.1329 ], [ -51.9123, -23.2196 ], [ -51.7971, -23.4091 ], [ -51.8456, -23.4445 ], [ -51.9123, -23.5608 ], [ -51.8456, -23.4445 ], [ -51.7971, -23.4091 ], [ -51.8779, -23.4159 ], [ -51.9519, -23.487 ], [ -52.0259, -23.5832 ], [ -52.0582, -23.66 ], [ -52.0767, -23.6655 ], [ -52.0896, -23.6574 ], [ -52.1161, -23.6728 ], [ -52.1176, -23.7019 ], [ -52.0609, -23.7323 ], [ -52.0108, -23.7905 ], [ -51.9773, -23.7974 ], [ -51.9255, -23.7127 ], [ -51.9636, -23.6945 ], [ -51.9374, -23.6833 ], [ -51.9006, -23.6537 ], [ -51.7936, -23.607 ], [ -51.736, -23.5802 ], [ -51.6489, -23.39 ], [ -51.6228, -23.2319 ], [ -51.6723, -23.0869 ] ] ], [ [ [ -52.0872, -23.1778 ], [ -51.9145, -23.1369 ], [ -52.0174, -23.0325 ], [ -52.0425, -22.9493 ], [ -52.2109, -22.9399 ], [ -52.258, -22.897 ], [ -52.2844, -22.9664 ], [ -52.2464, -23.0277 ], [ -52.1824, -23.0425 ], [ -52.2478, -23.0263 ], [ -52.233, -23.1395 ], [ -52.2419, -23.1687 ], [ -52.3898, -23.2029 ], [ -52.4205, -23.2341 ], [ -52.3902, -23.5115 ], [ -52.2947, -23.5213 ], [ -52.179, -23.35 ], [ -52.2996, -23.3442 ], [ -52.2189, -23.2887 ], [ -52.179, -23.2597 ], [ -52.0872, -23.1778 ] ] ], [ [ [ -52.8693, -24.3854 ], [ -52.8055, -24.1868 ], [ -52.7469, -24.0846 ], [ -52.8351, -23.9946 ], [ -52.868, -23.9888 ], [ -52.9346, -23.9698 ], [ -53.0363, -23.9383 ], [ -53.1072, -23.9286 ], [ -53.2036, -24.1365 ], [ -53.2897, -24.3025 ], [ -53.2472, -24.329 ], [ -53.2021, -24.3412 ], [ -53.1656, -24.3656 ], [ -53.1593, -24.3947 ], [ -53.0759, -24.3125 ], [ -53.0436, -24.3975 ], [ -52.9458, -24.3287 ], [ -52.8694, -24.3163 ], [ -52.8626, -24.1385 ], [ -52.8694, -24.3163 ], [ -52.8693, -24.3854 ] ] ], [ [ [ -52.4774, -23.6123 ], [ -52.3902, -23.5115 ], [ -52.6119, -23.3988 ], [ -52.6145, -23.4773 ], [ -52.6709, -23.5375 ], [ -52.7378, -23.6447 ], [ -52.7241, -23.8239 ], [ -52.7056, -23.9278 ], [ -52.5725, -23.8064 ], [ -52.548, -23.7354 ], [ -52.5188, -23.7762 ], [ -52.3278, -23.5525 ], [ -52.4774, -23.6123 ] ] ], [ [ [ -52.0528, -22.7528 ], [ -51.9969, -22.617 ], [ -52.1567, -22.6447 ], [ -52.1766, -22.805 ], [ -52.2109, -22.9399 ], [ -52.0425, -22.9493 ], [ -52.0174, -23.0325 ], [ -51.8922, -23.0048 ], [ -51.9182, -22.958 ], [ -51.8971, -22.9454 ], [ -52.0528, -22.7528 ] ] ], [ [ [ -52.1003, -23.5197 ], [ -52.3048, -23.573 ], [ -52.1564, -23.5678 ], [ -52.1003, -23.5197 ] ] ], [ [ [ -53.7288, -23.7375 ], [ -53.7314, -23.6958 ], [ -53.7753, -23.7857 ], [ -53.7288, -23.7375 ] ] ], [ [ [ -51.9405, -22.5673 ], [ -51.9969, -22.617 ], [ -51.8401, -22.8299 ], [ -51.7592, -22.8305 ], [ -51.7717, -22.7737 ], [ -51.9405, -22.5673 ] ] ], [ [ [ -51.7544, -22.9444 ], [ -51.7165, -22.9294 ], [ -51.8401, -22.8299 ], [ -51.7544, -22.9444 ] ] ], [ [ [ -52.65, -23.1169 ], [ -52.7014, -23.2113 ], [ -52.6119, -23.2324 ], [ -52.548, -23.1843 ], [ -52.5467, -23.1218 ], [ -52.65, -23.1169 ] ] ], [ [ [ -52.1484, -23.3685 ], [ -52.2947, -23.5213 ], [ -52.3048, -23.573 ], [ -52.1484, -23.3685 ] ] ], [ [ [ -52.179, -23.2597 ], [ -52.2189, -23.2887 ], [ -52.179, -23.35 ], [ -52.1443, -23.3042 ], [ -52.0587, -23.2039 ], [ -52.0872, -23.1778 ], [ -52.179, -23.2597 ] ] ], [ [ [ -51.8922, -23.0048 ], [ -51.9145, -23.1369 ], [ -51.7857, -23.0184 ], [ -51.8971, -22.9454 ], [ -51.8922, -23.0048 ] ] ], [ [ [ -52.3278, -23.5525 ], [ -52.5189, -23.7764 ], [ -52.483, -23.8381 ], [ -52.2598, -23.6532 ], [ -52.3278, -23.5525 ] ] ], [ [ [ -53.7622, -23.3593 ], [ -53.9815, -23.4569 ], [ -54.0306, -23.6282 ], [ -53.657, -23.654 ], [ -53.6542, -23.4726 ], [ -53.7622, -23.3593 ] ] ] ] } },
{ "type": "Feature", "properties": { "cod_rgi": "4105", "nome_rgi": "Londrina" }, "geometry": { "type": "MultiPolygon", "coordinates": [ [ [ [ -50.2516, -23.2557 ], [ -50.2127, -23.2609 ], [ -50.2221, -23.3062 ], [ -50.2219, -23.3782 ], [ -50.1062, -23.3932 ], [ -50.0261, -23.468 ], [ -49.9229, -23.5571 ], [ -49.8454, -23.5414 ], [ -49.8503, -23.5718 ], [ -49.8187, -23.5589 ], [ -49.8266, -23.5313 ], [ -49.8125, -23.4986 ], [ -49.8241, -23.5461 ], [ -49.7992, -23.5645 ], [ -49.6419, -23.5423 ], [ -49.5986, -23.4772 ], [ -49.6217, -23.3319 ], [ -49.6783, -23.1651 ], [ -49.7283, -23.1069 ], [ -49.9116, -23.0511 ], [ -49.9004, -23.0004 ], [ -49.9742, -22.9545 ], [ -49.9712, -23.0173 ], [ -49.9637, -22.9183 ], [ -50.2375, -22.9541 ], [ -50.2734, -22.931 ], [ -50.3592, -22.9161 ], [ -50.4189, -22.9139 ], [ -50.5348, -22.9143 ], [ -50.6373, -22.9069 ], [ -50.6092, -22.9575 ], [ -50.6373, -22.9069 ], [ -50.7131, -22.956 ], [ -50.7959, -22.9512 ], [ -50.822, -23.1172 ], [ -50.7893, -23.159 ], [ -50.822, -23.1172 ], [ -50.8714, -23.1468 ], [ -50.9686, -23.1923 ], [ -50.8714, -23.1468 ], [ -50.8061, -22.9403 ], [ -50.793, -22.8944 ], [ -50.8887, -22.7965 ], [ -50.9787, -22.7826 ], [ -51.2652, -22.6677 ], [ -51.402, -22.6679 ], [ -51.7182, -22.669 ], [ -51.6525, -22.8616 ], [ -51.7717, -22.7737 ], [ -51.7592, -22.8305 ], [ -51.7165, -22.9294 ], [ -51.7544, -22.9444 ], [ -51.4809, -22.9172 ], [ -51.4363, -22.9155 ], [ -51.2719, -22.9249 ], [ -51.1704, -23.1715 ], [ -51.18, -23.2392 ], [ -51.1704, -23.1715 ], [ -51.2719, -22.9249 ], [ -51.3005, -23.0199 ], [ -51.3963, -23.1295 ], [ -51.4736, -23.1672 ], [ -51.4546, -23.3822 ], [ -51.5352, -23.4527 ], [ -51.2161, -23.6096 ], [ -51.5352, -23.4527 ], [ -51.6106, -23.6875 ], [ -51.7746, -23.6263 ], [ -51.9006, -23.6537 ], [ -51.9374, -23.6833 ], [ -51.9636, -23.6945 ], [ -51.9255, -23.7127 ], [ -51.9773, -23.7974 ], [ -52.0085, -23.8189 ], [ -51.9825, -23.8299 ], [ -51.9718, -23.8447 ], [ -51.952, -23.9009 ], [ -51.7345, -23.8416 ], [ -51.7077, -23.8093 ], [ -51.6291, -23.78 ], [ -51.461, -23.8727 ], [ -51.4599, -23.8934 ], [ -51.4578, -23.8833 ], [ -51.5387, -24.0165 ], [ -51.607, -24.0369 ], [ -51.598, -24.0434 ], [ -51.4937, -24.113 ], [ -51.6015, -24.1418 ], [ -51.598, -24.0434 ], [ -51.6188, -24.0476 ], [ -51.6256, -24.0191 ], [ -51.7049, -24.0057 ], [ -51.924, -24.1142 ], [ -51.9212, -24.1443 ], [ -52.0103, -24.1876 ], [ -51.9795, -24.2276 ], [ -51.9474, -24.2268 ], [ -51.9692, -24.2298 ], [ -51.9581, -24.2409 ], [ -51.9504, -24.2596 ], [ -51.938, -24.2725 ], [ -51.9297, -24.2972 ], [ -51.9158, -24.3059 ], [ -51.8818, -24.3655 ], [ -51.8974, -24.3945 ], [ -51.7389, -24.4054 ], [ -51.7261, -24.3521 ], [ -51.7389, -24.4054 ], [ -51.636, -24.3171 ], [ -51.5254, -24.3213 ], [ -51.4605, -24.2912 ], [ -51.4492, -24.3781 ], [ -51.4658, -24.3937 ], [ -51.4492, -24.3781 ], [ -51.5254, -24.3213 ], [ -51.636, -24.3171 ], [ -51.8153, -24.4717 ], [ -51.716, -24.6038 ], [ -51.5337, -24.554 ], [ -51.473, -24.5286 ], [ -51.4513, -24.4686 ], [ -51.473, -24.5286 ], [ -51.4504, -24.5582 ], [ -51.4765, -24.6177 ], [ -51.4464, -24.6866 ], [ -51.4368, -24.7028 ], [ -51.3814, -24.7549 ], [ -51.3742, -24.7733 ], [ -51.2946, -24.776 ], [ -51.1176, -24.8837 ], [ -51.0866, -24.9047 ], [ -51.0379, -24.9294 ], [ -51.0595, -24.9531 ], [ -50.9847, -24.9658 ], [ -50.9629, -24.933 ], [ -51.0288, -24.8551 ], [ -51.1253, -24.5869 ], [ -51.139, -24.4681 ], [ -51.3035, -24.4112 ], [ -51.139, -24.4681 ], [ -51.1392, -24.432 ], [ -51.1069, -24.3443 ], [ -51.0956, -24.2886 ], [ -51.3182, -24.1819 ], [ -51.35, -24.2275 ], [ -51.3419, -24.1489 ], [ -51.3578, -24.1583 ], [ -51.3654, -24.1414 ], [ -51.3475, -24.1336 ], [ -51.2627, -24.1107 ], [ -51.0854, -24.0744 ], [ -51.1126, -23.9427 ], [ -51.0819, -23.906 ], [ -51.0698, -23.9165 ], [ -51.0165, -23.9187 ], [ -50.9631, -23.8508 ], [ -50.9444, -23.8526 ], [ -50.9043, -23.8178 ], [ -50.9645, -23.7409 ], [ -51.0455, -23.7251 ], [ -50.9645, -23.7409 ], [ -50.9154, -23.7144 ], [ -50.8853, -23.8088 ], [ -50.8049, -23.8764 ], [ -50.7218, -24.0279 ], [ -50.6464, -23.986 ], [ -50.5378, -23.9239 ], [ -50.3563, -23.8783 ], [ -50.3203, -23.9123 ], [ -50.2526, -23.9778 ], [ -50.2379, -23.9648 ], [ -50.2208, -23.9975 ], [ -50.1203, -23.8559 ], [ -50.0376, -23.9921 ], [ -49.9812, -23.9281 ], [ -50.0593, -23.8911 ], [ -49.9559, -23.8938 ], [ -49.9349, -23.8648 ], [ -49.9598, -23.853 ], [ -49.8815, -23.8332 ], [ -49.6374, -23.6692 ], [ -49.6171, -23.6396 ], [ -49.6002, -23.5356 ], [ -49.6548, -23.5463 ], [ -49.859, -23.5704 ], [ -49.8776, -23.6073 ], [ -49.9845, -23.5901 ], [ -50.1369, -23.4881 ], [ -50.2981, -23.5883 ], [ -50.2221, -23.3062 ], [ -50.2127, -23.2609 ], [ -50.2516, -23.2557 ] ], [ [ -50.802, -23.3052 ], [ -50.7632, -23.2729 ], [ -50.7344, -23.2753 ], [ -50.7255, -23.2872 ], [ -50.6927, -23.3147 ], [ -50.5747, -23.3753 ], [ -50.4923, -23.2951 ], [ -50.5747, -23.3753 ], [ -50.6927, -23.3147 ], [ -50.7255, -23.2872 ], [ -50.7344, -23.2753 ], [ -50.7632, -23.2729 ], [ -50.8055, -23.4008 ], [ -50.7613, -23.6066 ], [ -50.8118, -23.4866 ], [ -50.8055, -23.4008 ], [ -50.802, -23.3052 ] ] ], [ [ [ -51.607, -24.0369 ], [ -51.559, -24.03 ], [ -51.4573, -23.8802 ], [ -51.4976, -23.8581 ], [ -51.5104, -23.8554 ], [ -51.5787, -23.8569 ], [ -51.6719, -23.9152 ], [ -51.7049, -24.0057 ], [ -51.6256, -24.0191 ], [ -51.607, -24.0369 ] ] ], [ [ [ -50.1062, -23.3932 ], [ -50.2219, -23.3782 ], [ -50.2981, -23.5883 ], [ -50.1442, -23.4887 ], [ -50.0261, -23.468 ], [ -50.1062, -23.3932 ] ] ], [ [ [ -51.4921, -23.0667 ], [ -51.6228, -23.2319 ], [ -51.4736, -23.1672 ], [ -51.3963, -23.1295 ], [ -51.4921, -23.0667 ] ] ], [ [ [ -51.7746, -23.6263 ], [ -51.736, -23.5802 ], [ -51.7936, -23.607 ], [ -51.7746, -23.6263 ] ] ], [ [ [ -51.7077, -23.8093 ], [ -51.7345, -23.8416 ], [ -51.7274, -23.9301 ], [ -51.6719, -23.9152 ], [ -51.6291, -23.78 ], [ -51.7077, -23.8093 ] ] ], [ [ [ -49.9229, -23.5571 ], [ -49.9845, -23.5901 ], [ -49.8454, -23.5414 ], [ -49.9229, -23.5571 ] ] ], [ [ [ -49.6374, -23.6692 ], [ -49.6965, -23.7427 ], [ -49.5705, -23.7784 ], [ -49.5492, -23.704 ], [ -49.6374, -23.6692 ] ] ], [ [ [ -51.9483, -24.0395 ], [ -51.9555, -24.0442 ], [ -51.918, -24.0787 ], [ -51.7274, -23.9301 ], [ -51.9567, -23.9295 ], [ -51.968, -23.9493 ], [ -51.9589, -23.9967 ], [ -51.9483, -24.0395 ] ] ], [ [ [ -49.6726, -23.8459 ], [ -49.7192, -23.9673 ], [ -49.7553, -24.0656 ], [ -49.7029, -24.065 ], [ -49.6338, -24.0312 ], [ -49.6197, -23.9796 ], [ -49.5774, -23.8974 ], [ -49.5853, -23.8904 ], [ -49.6106, -23.8502 ], [ -49.6726, -23.8459 ] ] ], [ [ [ -49.6965, -23.7427 ], [ -49.8815, -23.8332 ], [ -49.899, -23.8854 ], [ -49.8731, -23.8868 ], [ -49.8293, -23.9789 ], [ -49.7192, -23.9673 ], [ -49.6726, -23.8459 ], [ -49.6965, -23.7427 ] ] ] ] } },
{ "type": "Feature", "properties": { "cod_rgi": "4106", "nome_rgi": "Ponta Grossa" }, "geometry": { "type": "MultiPolygon", "coordinates": [ [ [ [ -49.899, -23.8854 ], [ -49.9272, -23.8447 ], [ -49.9598, -23.853 ], [ -49.9349, -23.8648 ], [ -49.9559, -23.8938 ], [ -49.9812, -23.9281 ], [ -50.0376, -23.9921 ], [ -50.2208, -23.9975 ], [ -50.2379, -23.9648 ], [ -50.2526, -23.9778 ], [ -50.3444, -24.0412 ], [ -50.3203, -23.9123 ], [ -50.3563, -23.8783 ], [ -50.5378, -23.9239 ], [ -50.6464, -23.986 ], [ -50.7118, -24.0584 ], [ -50.7218, -24.0279 ], [ -50.8049, -23.8764 ], [ -50.8853, -23.8088 ], [ -50.9043, -23.8178 ], [ -50.9444, -23.8526 ], [ -50.9631, -23.8508 ], [ -51.0165, -23.9187 ], [ -51.0698, -23.9165 ], [ -51.0819, -23.906 ], [ -51.1126, -23.9427 ], [ -51.0854, -24.0744 ], [ -51.2627, -24.1107 ], [ -51.3475, -24.1336 ], [ -51.3654, -24.1414 ], [ -51.3578, -24.1583 ], [ -51.3419, -24.1489 ], [ -51.3182, -24.1819 ], [ -51.0956, -24.2886 ], [ -51.1069, -24.3443 ], [ -51.1392, -24.432 ], [ -51.1253, -24.5869 ], [ -51.0288, -24.8551 ], [ -50.9471, -24.8427 ], [ -50.9086, -24.839 ], [ -50.9471, -24.8427 ], [ -50.9629, -24.933 ], [ -50.9847, -24.9658 ], [ -50.9934, -24.9817 ], [ -51.0005, -25.0038 ], [ -50.9512, -25.0368 ], [ -50.9528, -25.0715 ], [ -50.8768, -25.0769 ], [ -50.7956, -25.1598 ], [ -50.7688, -25.1592 ], [ -50.6996, -25.0383 ], [ -50.7688, -25.1592 ], [ -50.7232, -25.1957 ], [ -50.7534, -25.2606 ], [ -50.8045, -25.2737 ], [ -50.8129, -25.3526 ], [ -50.7838, -25.3828 ], [ -50.6723, -25.3658 ], [ -50.7856, -25.4161 ], [ -50.8342, -25.3722 ], [ -51.0209, -25.4427 ], [ -51.0396, -25.46 ], [ -51.1414, -25.5265 ], [ -51.1257, -25.5219 ], [ -50.9854, -25.573 ], [ -50.9818, -25.6194 ], [ -50.9894, -25.6457 ], [ -50.957, -25.6848 ], [ -50.9833, -25.7855 ], [ -51.0076, -25.9069 ], [ -50.9263, -25.9559 ], [ -50.9312, -26.0264 ], [ -50.8975, -26.0572 ], [ -50.7491, -25.9807 ], [ -50.7212, -25.9999 ], [ -50.7361, -25.8463 ], [ -50.6558, -25.8772 ], [ -50.608, -25.819 ], [ -50.5385, -25.7581 ], [ -50.5147, -25.7328 ], [ -50.4862, -25.7087 ], [ -50.5268, -25.6286 ], [ -50.5483, -25.5774 ], [ -50.5268, -25.6286 ], [ -50.4862, -25.7087 ], [ -50.4158, -25.72 ], [ -50.3082, -25.7567 ], [ -50.2093, -25.7876 ], [ -50.1219, -25.7133 ], [ -50.026, -25.6303 ], [ -49.9613, -25.5073 ], [ -49.8465, -25.4761 ], [ -49.7404, -25.4151 ], [ -49.741, -25.3663 ], [ -49.7584, -25.3613 ], [ -49.8568, -25.2339 ], [ -49.8173, -25.2263 ], [ -49.8015, -25.0481 ], [ -49.7122, -25.0215 ], [ -49.6387, -25.0077 ], [ -49.5494, -24.941 ], [ -49.5375, -24.8182 ], [ -49.5298, -24.7156 ], [ -49.5735, -24.668 ], [ -49.5736, -24.6137 ], [ -49.5392, -24.572 ], [ -49.5237, -24.5764 ], [ -49.4877, -24.546 ], [ -49.2554, -24.4238 ], [ -49.2477, -24.3927 ], [ -49.2007, -24.3444 ], [ -49.283, -24.3089 ], [ -49.3054, -24.2514 ], [ -49.3366, -24.1376 ], [ -49.43, -24.0885 ], [ -49.4634, -24.0274 ], [ -49.4937, -23.9776 ], [ -49.5168, -23.9701 ], [ -49.6197, -23.9796 ], [ -49.6338, -24.0312 ], [ -49.7029, -24.065 ], [ -49.7692, -24.1421 ], [ -49.7553, -24.0656 ], [ -49.8293, -23.9789 ], [ -49.8731, -23.8868 ], [ -49.899, -23.8854 ] ], [ [ -50.1851, -24.2906 ], [ -50.1702, -24.3537 ], [ -50.086, -24.5233 ], [ -50.1348, -24.5411 ], [ -50.086, -24.5233 ], [ -50.1702, -24.3537 ], [ -50.1851, -24.2906 ] ] ], [ [ [ -49.8465, -25.4761 ], [ -49.9613, -25.5073 ], [ -49.9768, -25.6082 ], [ -49.8856, -25.5457 ], [ -49.8047, -25.5028 ], [ -49.8465, -25.4761 ] ] ] ] } },
{ "type": "Feature", "properties": { "cod_rgi": "4201", "nome_rgi": "Florianópolis" }, "geometry": { "type": "MultiPolygon", "coordinates": [ [ [ [ -48.9615, -27.6557 ], [ -48.8731, -27.8753 ], [ -48.7595, -27.8125 ], [ -48.7482, -27.8284 ], [ -48.6071, -27.9171 ], [ -48.3585, -27.4403 ], [ -48.5906, -27.49 ], [ -48.5686, -27.5467 ], [ -48.6027, -27.6626 ], [ -48.8461, -27.6247 ], [ -48.805, -27.7053 ], [ -48.8461, -27.6247 ], [ -48.9615, -27.6557 ] ] ], [ [ [ -49.3222, -27.5892 ], [ -49.5079, -27.6004 ], [ -49.4584, -27.7098 ], [ -49.4278, -27.7627 ], [ -49.4293, -27.7885 ], [ -49.3573, -27.8125 ], [ -49.3189, -27.8296 ], [ -49.1844, -27.981 ], [ -49.1474, -28.0061 ], [ -49.0315, -28.0391 ], [ -48.9367, -28.0751 ], [ -48.9012, -28.061 ], [ -48.8937, -28.0799 ], [ -48.8322, -28.0714 ], [ -48.7252, -28.0579 ], [ -48.6071, -27.9171 ], [ -48.7482, -27.8284 ], [ -48.7595, -27.8125 ], [ -48.8731, -27.8753 ], [ -48.9615, -27.6557 ], [ -48.9852, -27.449 ], [ -49.0339, -27.4832 ], [ -49.1273, -27.5028 ], [ -49.1384, -27.582 ], [ -49.202, -27.6459 ], [ -49.3024, -27.6134 ], [ -49.3015, -27.5845 ], [ -49.3222, -27.5892 ] ] ], [ [ [ -48.7461, -27.6155 ], [ -48.6027, -27.6626 ], [ -48.5686, -27.5467 ], [ -48.5906, -27.49 ], [ -48.6631, -27.3477 ], [ -48.7969, -27.3542 ], [ -48.9516, -27.627 ], [ -48.7461, -27.6155 ] ] ] ] } },
{ "type": "Feature", "properties": { "cod_rgi": "4202", "nome_rgi": "Criciúma" }, "geometry": { "type": "MultiPolygon", "coordinates": [ [ [ [ -49.5151, -28.9161 ], [ -49.635, -28.9497 ], [ -49.7255, -29.0031 ], [ -49.818, -29.1503 ], [ -49.7301, -29.3176 ], [ -49.7119, -29.206 ], [ -49.6609, -29.2406 ], [ -49.3768, -28.9557 ], [ -49.2906, -28.8824 ], [ -49.3983, -28.8334 ], [ -49.4249, -28.8149 ], [ -49.5135, -28.8919 ], [ -49.5151, -28.9161 ] ] ], [ [ [ -48.9731, -28.1816 ], [ -49.0826, -28.3215 ], [ -49.112, -28.4437 ], [ -49.1814, -28.6413 ], [ -49.1854, -28.8015 ], [ -48.7471, -28.5076 ], [ -48.756, -28.3255 ], [ -48.7403, -28.2243 ], [ -48.8322, -28.0714 ], [ -48.9265, -28.1412 ], [ -48.9731, -28.1816 ] ] ], [ [ [ -49.1982, -28.2274 ], [ -49.2241, -28.2367 ], [ -49.2335, -28.2566 ], [ -49.2126, -28.3285 ], [ -49.1862, -28.4116 ], [ -49.0826, -28.3215 ], [ -48.9731, -28.1816 ], [ -48.9265, -28.1412 ], [ -48.8937, -28.0799 ], [ -48.9012, -28.061 ], [ -48.9367, -28.0751 ], [ -49.0315, -28.0391 ], [ -49.1474, -28.0061 ], [ -49.1844, -27.981 ], [ -49.3499, -27.9959 ], [ -49.3697, -28.0629 ], [ -49.4308, -28.1503 ], [ -49.3963, -28.1946 ], [ -49.2241, -28.2367 ], [ -49.1982, -28.2274 ] ] ], [ [ [ -49.4515, -28.6337 ], [ -49.6851, -28.6211 ], [ -49.7574, -28.6154 ], [ -49.7789, -28.6295 ], [ -49.8392, -28.6665 ], [ -49.8135, -28.687 ], [ -49.9137, -28.7245 ], [ -49.9049, -28.7076 ], [ -49.926, -28.7183 ], [ -49.9217, -28.7455 ], [ -49.9506, -28.8021 ], [ -49.9321, -28.8722 ], [ -49.9687, -28.9221 ], [ -49.6712, -28.8255 ], [ -49.958, -28.9626 ], [ -49.9417, -28.9814 ], [ -49.9407, -29.0223 ], [ -49.9568, -29.068 ], [ -49.9151, -29.1035 ], [ -49.8531, -29.1018 ], [ -49.7255, -29.0031 ], [ -49.635, -28.9497 ], [ -49.5151, -28.9161 ], [ -49.5954, -28.802 ], [ -49.4271, -28.8135 ], [ -49.3512, -28.8549 ], [ -49.2897, -28.8829 ], [ -49.1854, -28.8015 ], [ -49.213, -28.6707 ], [ -49.4515, -28.6337 ] ] ], [ [ [ -49.5505, -28.4408 ], [ -49.4844, -28.304 ], [ -49.5455, -28.3445 ], [ -49.5606, -28.3729 ], [ -49.5505, -28.4408 ] ] ], [ [ [ -49.4844, -28.304 ], [ -49.2774, -28.4174 ], [ -49.2523, -28.5356 ], [ -49.1842, -28.4989 ], [ -49.112, -28.4437 ], [ -49.1862, -28.4116 ], [ -49.2126, -28.3285 ], [ -49.2335, -28.2566 ], [ -49.3963, -28.1946 ], [ -49.4308, -28.1503 ], [ -49.5305, -28.1877 ], [ -49.5159, -28.2637 ], [ -49.4844, -28.304 ] ] ], [ [ [ -49.9626, -29.1175 ], [ -49.9782, -29.1372 ], [ -50.0134, -29.1268 ], [ -50.0288, -29.1719 ], [ -50.0145, -29.1865 ], [ -50.0679, -29.1955 ], [ -50.0934, -29.1679 ], [ -50.0572, -29.1579 ], [ -50.1011, -29.1615 ], [ -50.084, -29.2138 ], [ -50.047, -29.2172 ], [ -50.0838, -29.2154 ], [ -50.1388, -29.2535 ], [ -50.1449, -29.2936 ], [ -50.0687, -29.3426 ], [ -50.0468, -29.3404 ], [ -50.0401, -29.3548 ], [ -50.0337, -29.3498 ], [ -50.0527, -29.3222 ], [ -50.0924, -29.2976 ], [ -50.1143, -29.2576 ], [ -49.9966, -29.2283 ], [ -49.965, -29.1994 ], [ -49.9126, -29.1955 ], [ -49.818, -29.1503 ], [ -49.8516, -29.1026 ], [ -49.9161, -29.1032 ], [ -49.9568, -29.068 ], [ -49.9626, -29.1175 ] ] ], [ [ [ -49.6851, -28.6211 ], [ -49.3688, -28.6349 ], [ -49.4292, -28.4592 ], [ -49.6474, -28.5986 ], [ -49.6851, -28.6211 ] ] ], [ [ [ -49.2774, -28.4174 ], [ -49.4292, -28.4592 ], [ -49.3513, -28.5623 ], [ -49.2523, -28.5356 ], [ -49.2774, -28.4174 ] ] ] ] } },
{ "type": "Feature", "properties": { "cod_rgi": "4203", "nome_rgi": "Lages" }, "geometry": { "type": "Polygon", "coordinates": [ [ [ -51.1849, -27.6167 ], [ -51.2226, -27.7232 ], [ -51.1346, -27.8037 ], [ -51.0165, -27.9255 ], [ -51.0207, -27.9544 ], [ -50.9257, -27.9694 ], [ -50.9232, -28.012 ], [ -50.9039, -28.0858 ], [ -50.8759, -28.0951 ], [ -50.8324, -28.1175 ], [ -50.7621, -28.1914 ], [ -50.6952, -28.2885 ], [ -50.6285, -28.3646 ], [ -50.3812, -28.447 ], [ -50.3458, -28.4636 ], [ -50.1605, -28.4595 ], [ -50.1114, -28.4445 ], [ -50.019, -28.4514 ], [ -49.9285, -28.4512 ], [ -49.8636, -28.4628 ], [ -49.8666, -28.4886 ], [ -49.811, -28.4843 ], [ -49.7708, -28.4943 ], [ -49.743, -28.4952 ], [ -49.7102, -28.6043 ], [ -49.6474, -28.5986 ], [ -49.5505, -28.4408 ], [ -49.5606, -28.3729 ], [ -49.5455, -28.3445 ], [ -49.5159, -28.2637 ], [ -49.5305, -28.1877 ], [ -49.5639, -28.1154 ], [ -49.3697, -28.0629 ], [ -49.3499, -27.9959 ], [ -49.3189, -27.8296 ], [ -49.3573, -27.8125 ], [ -49.4293, -27.7885 ], [ -49.4278, -27.7627 ], [ -49.4584, -27.7098 ], [ -49.5079, -27.6004 ], [ -49.7118, -27.6434 ], [ -49.8495, -27.4937 ], [ -49.9301, -27.4139 ], [ -50.0161, -27.4012 ], [ -50.0495, -27.3563 ], [ -50.0714, -27.3037 ], [ -50.1299, -27.2747 ], [ -50.1756, -27.2706 ], [ -50.3712, -27.3452 ], [ -50.4899, -27.4019 ], [ -50.5135, -27.4568 ], [ -50.5421, -27.4848 ], [ -50.5135, -27.4568 ], [ -50.4899, -27.4019 ], [ -50.3712, -27.3452 ], [ -50.1756, -27.2706 ], [ -50.1978, -27.2377 ], [ -50.2447, -27.2358 ], [ -50.2974, -27.25 ], [ -50.2447, -27.2358 ], [ -50.267, -27.2269 ], [ -50.29, -27.2082 ], [ -50.3065, -27.1683 ], [ -50.3111, -27.0645 ], [ -50.3186, -27.0559 ], [ -50.2935, -26.9918 ], [ -50.2619, -26.8903 ], [ -50.283, -26.8753 ], [ -50.3483, -26.8284 ], [ -50.3421, -26.7421 ], [ -50.4717, -26.7012 ], [ -50.4684, -26.6631 ], [ -50.4929, -26.6485 ], [ -50.5161, -26.7157 ], [ -50.5275, -26.781 ], [ -50.5917, -26.929 ], [ -50.6573, -27.0655 ], [ -50.6582, -27.0893 ], [ -50.6911, -27.0841 ], [ -50.7189, -27.1108 ], [ -50.7066, -27.1176 ], [ -50.7162, -27.1345 ], [ -50.6962, -27.1327 ], [ -50.6815, -27.1561 ], [ -50.7355, -27.1203 ], [ -50.7321, -27.2794 ], [ -50.8511, -27.2292 ], [ -50.8743, -27.2727 ], [ -50.931, -27.3275 ], [ -50.9068, -27.3796 ], [ -50.8401, -27.4296 ], [ -50.8025, -27.4938 ], [ -50.8508, -27.5099 ], [ -50.8866, -27.5357 ], [ -50.9168, -27.5604 ], [ -50.9605, -27.5589 ], [ -50.8812, -27.5874 ], [ -50.9565, -27.5981 ], [ -50.9947, -27.611 ], [ -50.9453, -27.649 ], [ -51.003, -27.665 ], [ -50.9989, -27.6394 ], [ -51.0877, -27.6566 ], [ -51.0829, -27.6298 ], [ -51.1849, -27.6167 ] ], [ [ -49.8082, -27.867 ], [ -49.763, -27.7974 ], [ -49.8082, -27.867 ], [ -49.8428, -27.9367 ], [ -49.8083, -27.9647 ], [ -49.7713, -28.0246 ], [ -49.7764, -28.1447 ], [ -49.7219, -28.2229 ], [ -49.7718, -28.3747 ], [ -49.7219, -28.2229 ], [ -49.7764, -28.1447 ], [ -49.8673, -28.0954 ], [ -49.9055, -28.1115 ], [ -49.8673, -28.0954 ], [ -49.7713, -28.0246 ], [ -49.8083, -27.9647 ], [ -49.8428, -27.9367 ], [ -49.8082, -27.867 ] ], [ [ -50.3101, -27.7486 ], [ -50.3578, -27.7351 ], [ -50.3946, -27.7498 ], [ -50.4947, -27.7683 ], [ -50.3946, -27.7498 ], [ -50.4117, -27.7069 ], [ -50.3578, -27.7351 ], [ -50.3101, -27.7486 ] ] ] } },
{ "type": "Feature", "properties": { "cod_rgi": "4204", "nome_rgi": "Chapecó" }, "geometry": { "type": "MultiPolygon", "coordinates": [ [ [ [ -50.9605, -27.5589 ], [ -50.9168, -27.5604 ], [ -50.8866, -27.5357 ], [ -50.8508, -27.5099 ], [ -50.8025, -27.4938 ], [ -50.8401, -27.4296 ], [ -50.9068, -27.3796 ], [ -51.0665, -27.4403 ], [ -51.0485, -27.4935 ], [ -51.1849, -27.6167 ], [ -51.0829, -27.6298 ], [ -51.0877, -27.6566 ], [ -50.9989, -27.6394 ], [ -51.003, -27.665 ], [ -50.9616, -27.6435 ], [ -50.9947, -27.611 ], [ -50.9565, -27.5981 ], [ -50.9605, -27.5589 ] ] ], [ [ [ -52.3774, -26.441 ], [ -52.4636, -26.4396 ], [ -52.6087, -26.5433 ], [ -52.5919, -26.6798 ], [ -52.5791, -26.6792 ], [ -52.5287, -26.83 ], [ -52.4805, -26.9215 ], [ -52.4277, -27.0135 ], [ -52.4034, -27.1185 ], [ -52.4884, -27.142 ], [ -52.4337, -27.1992 ], [ -52.442, -27.2582 ], [ -52.3776, -27.3039 ], [ -52.3453, -27.2883 ], [ -52.1661, -27.3136 ], [ -51.9578, -27.3611 ], [ -51.8188, -27.3708 ], [ -51.8224, -27.1451 ], [ -52.0665, -27.154 ], [ -52.0856, -27.1698 ], [ -52.1158, -27.1843 ], [ -52.1923, -27.2 ], [ -52.1366, -27.105 ], [ -52.0665, -27.154 ], [ -51.8907, -27.1093 ], [ -51.8599, -27.1015 ], [ -51.8314, -27.0663 ], [ -51.8599, -27.1015 ], [ -51.8907, -27.1093 ], [ -51.8224, -27.1451 ], [ -51.5461, -27.2422 ], [ -51.4804, -27.1452 ], [ -51.6425, -27.0932 ], [ -51.6765, -27.1179 ], [ -51.6425, -27.0932 ], [ -51.4804, -27.1452 ], [ -51.436, -27.1159 ], [ -51.3465, -27.1586 ], [ -51.2811, -27.2129 ], [ -51.3386, -27.132 ], [ -51.3206, -27.0786 ], [ -51.3177, -27.0442 ], [ -51.3169, -27.0186 ], [ -51.4638, -27.0318 ], [ -51.4725, -27.0125 ], [ -51.5104, -26.8386 ], [ -51.4723, -26.8081 ], [ -51.4739, -26.7902 ], [ -51.4073, -26.7006 ], [ -51.4867, -26.6244 ], [ -51.631, -26.5878 ], [ -51.8735, -26.5994 ], [ -52.0088, -26.5666 ], [ -52.0814, -26.5251 ], [ -52.1005, -26.4817 ], [ -52.2298, -26.467 ], [ -52.3774, -26.441 ] ], [ [ -52.2107, -26.7414 ], [ -52.2274, -26.7767 ], [ -52.3048, -26.7629 ], [ -52.3168, -26.7532 ], [ -52.2937, -26.8865 ], [ -52.3096, -26.9536 ], [ -52.2818, -26.9463 ], [ -52.1528, -26.948 ], [ -52.2338, -26.947 ], [ -52.2818, -26.9463 ], [ -52.3096, -26.9536 ], [ -52.2937, -26.8865 ], [ -52.3168, -26.7532 ], [ -52.3048, -26.7629 ], [ -52.2274, -26.7767 ], [ -52.2107, -26.7414 ] ] ], [ [ [ -52.9052, -26.9736 ], [ -53.0373, -26.8757 ], [ -53.3895, -26.7704 ], [ -53.5067, -26.8001 ], [ -53.4942, -26.6597 ], [ -53.4128, -26.6072 ], [ -53.4292, -26.5834 ], [ -53.4317, -26.5753 ], [ -53.4292, -26.5834 ], [ -53.4128, -26.6072 ], [ -53.4942, -26.6597 ], [ -53.4192, -26.7334 ], [ -53.3042, -26.7639 ], [ -53.3093, -26.6973 ], [ -53.2712, -26.7163 ], [ -53.1861, -26.6684 ], [ -53.2012, -26.6331 ], [ -53.1294, -26.638 ], [ -53.0957, -26.6054 ], [ -53.0951, -26.5904 ], [ -53.1458, -26.5544 ], [ -53.146, -26.529 ], [ -53.1268, -26.5743 ], [ -53.0176, -26.531 ], [ -53.064, -26.4802 ], [ -53.0263, -26.4087 ], [ -52.9668, -26.4391 ], [ -52.9377, -26.3622 ], [ -52.9887, -26.3458 ], [ -53.0932, -26.392 ], [ -53.2645, -26.2893 ], [ -53.3049, -26.2605 ], [ -53.3427, -26.2971 ], [ -53.465, -26.4055 ], [ -53.6042, -26.3764 ], [ -53.671, -26.4144 ], [ -53.6726, -26.7167 ], [ -53.6003, -26.885 ], [ -53.5761, -26.8988 ], [ -53.5352, -26.9447 ], [ -53.424, -26.89 ], [ -53.2625, -26.9163 ], [ -53.1192, -26.9414 ], [ -53.0771, -27.1086 ], [ -52.8984, -27.086 ], [ -52.9052, -26.9736 ] ] ], [ [ [ -52.7848, -26.8692 ], [ -52.8053, -26.7955 ], [ -52.8743, -26.7411 ], [ -53.0217, -26.7547 ], [ -53.1097, -26.74 ], [ -53.1266, -26.7838 ], [ -53.0373, -26.8757 ], [ -52.9475, -26.8817 ], [ -52.8941, -26.9754 ], [ -52.8917, -27.0106 ], [ -52.7688, -26.9947 ], [ -52.78, -27.0532 ], [ -52.8293, -27.1066 ], [ -52.9829, -27.165 ], [ -52.9844, -27.2215 ], [ -52.8513, -27.1703 ], [ -52.4792, -27.2349 ], [ -52.4337, -27.1992 ], [ -52.5277, -27.1794 ], [ -52.4884, -27.142 ], [ -52.4034, -27.1185 ], [ -52.4277, -27.0135 ], [ -52.4358, -27.0306 ], [ -52.4805, -26.9215 ], [ -52.5877, -26.8933 ], [ -52.6213, -26.8649 ], [ -52.5537, -26.8439 ], [ -52.5791, -26.6792 ], [ -52.5919, -26.6798 ], [ -52.7581, -26.6779 ], [ -52.8053, -26.7955 ], [ -52.7848, -26.8692 ] ] ], [ [ [ -51.8702, -27.4495 ], [ -51.9578, -27.3611 ], [ -51.9039, -27.4598 ], [ -51.8702, -27.4495 ] ] ], [ [ [ -52.1366, -27.105 ], [ -52.1923, -27.2 ], [ -52.1158, -27.1843 ], [ -52.0856, -27.1698 ], [ -52.1366, -27.105 ] ] ], [ [ [ -53.1097, -26.74 ], [ -53.0217, -26.7547 ], [ -52.8743, -26.7411 ], [ -52.9195, -26.6733 ], [ -53.1058, -26.729 ], [ -53.1097, -26.74 ] ] ], [ [ [ -53.2625, -26.9163 ], [ -53.424, -26.89 ], [ -53.4988, -26.9342 ], [ -53.5902, -26.9642 ], [ -53.5824, -26.9531 ], [ -53.7058, -26.9328 ], [ -53.701, -27.0128 ], [ -53.6773, -27.0284 ], [ -53.6622, -27.1078 ], [ -53.6375, -27.1262 ], [ -53.6622, -27.1078 ], [ -53.6773, -27.0284 ], [ -53.701, -27.0128 ], [ -53.6455, -27.2196 ], [ -53.5475, -27.1766 ], [ -53.5154, -27.203 ], [ -53.5031, -27.1348 ], [ -53.4117, -27.1414 ], [ -53.3554, -27.1113 ], [ -53.1322, -27.1802 ], [ -53.1373, -26.9483 ], [ -53.2625, -26.9163 ] ] ], [ [ [ -51.1124, -27.2388 ], [ -51.2097, -27.2606 ], [ -51.2191, -27.2369 ], [ -51.2811, -27.2129 ], [ -51.4186, -27.1141 ], [ -51.4651, -27.1354 ], [ -51.555, -27.2637 ], [ -51.7644, -27.2603 ], [ -51.6856, -27.4318 ], [ -51.6597, -27.5193 ], [ -51.6005, -27.4871 ], [ -51.5542, -27.3839 ], [ -51.612, -27.3271 ], [ -51.5542, -27.3839 ], [ -51.5538, -27.4003 ], [ -51.6005, -27.4871 ], [ -51.58, -27.5236 ], [ -51.487, -27.5608 ], [ -51.4768, -27.5988 ], [ -51.2226, -27.7232 ], [ -51.1963, -27.5955 ], [ -51.0485, -27.4935 ], [ -51.0665, -27.4403 ], [ -50.931, -27.3275 ], [ -50.8743, -27.2727 ], [ -50.8942, -27.235 ], [ -50.9891, -27.2491 ], [ -51.0009, -27.2758 ], [ -51.0672, -27.2521 ], [ -51.1124, -27.2388 ] ] ], [ [ [ -52.6087, -26.5433 ], [ -52.6027, -26.4154 ], [ -52.6786, -26.3527 ], [ -52.7378, -26.3422 ], [ -52.9195, -26.356 ], [ -52.9519, -26.3791 ], [ -52.9714, -26.4306 ], [ -53.0185, -26.4081 ], [ -53.0642, -26.4847 ], [ -53.0316, -26.5102 ], [ -53.0179, -26.5445 ], [ -52.992, -26.5478 ], [ -52.7671, -26.5489 ], [ -52.7567, -26.4984 ], [ -52.6087, -26.5433 ] ] ], [ [ [ -53.3761, -26.2416 ], [ -53.4229, -26.2789 ], [ -53.4984, -26.303 ], [ -53.5863, -26.2559 ], [ -53.671, -26.4144 ], [ -53.6042, -26.3764 ], [ -53.5603, -26.3748 ], [ -53.3427, -26.2971 ], [ -53.3761, -26.2416 ] ] ], [ [ [ -52.8397, -26.5927 ], [ -52.8347, -26.6308 ], [ -52.7581, -26.6779 ], [ -52.8397, -26.5927 ] ] ], [ [ [ -51.8188, -27.3708 ], [ -51.8042, -27.4211 ], [ -51.8702, -27.4495 ], [ -51.7535, -27.4872 ], [ -51.6856, -27.4318 ], [ -51.8188, -27.3708 ] ] ], [ [ [ -52.8397, -26.5927 ], [ -52.9251, -26.6011 ], [ -52.9195, -26.6733 ], [ -52.8347, -26.6308 ], [ -52.8397, -26.5927 ] ] ], [ [ [ -52.5537, -26.8439 ], [ -52.6213, -26.8649 ], [ -52.5877, -26.8933 ], [ -52.5287, -26.83 ], [ -52.5537, -26.8439 ] ] ], [ [ [ -53.1776, -26.6951 ], [ -53.2712, -26.7163 ], [ -53.3042, -26.7639 ], [ -53.1266, -26.7838 ], [ -53.1058, -26.729 ], [ -53.1776, -26.6951 ] ] ], [ [ [ -52.8293, -27.1066 ], [ -52.8917, -27.0106 ], [ -52.9052, -26.9736 ], [ -52.8984, -27.0844 ], [ -52.8293, -27.1066 ] ] ], [ [ [ -53.0176, -26.531 ], [ -53.1235, -26.573 ], [ -53.0926, -26.594 ], [ -53.1142, -26.6291 ], [ -52.9251, -26.6011 ], [ -52.992, -26.5478 ], [ -53.0176, -26.531 ] ] ], [ [ [ -53.6003, -26.885 ], [ -53.6725, -26.8923 ], [ -53.6967, -26.9295 ], [ -53.636, -26.952 ], [ -53.5352, -26.9447 ], [ -53.6003, -26.885 ] ] ], [ [ [ -51.4775, -26.9269 ], [ -51.5104, -26.8386 ], [ -51.4725, -27.0125 ], [ -51.4775, -26.9269 ] ] ] ] } },
{ "type": "Feature", "properties": { "cod_rgi": "4205", "nome_rgi": "Caçador" }, "geometry": { "type": "MultiPolygon", "coordinates": [ [ [ [ -50.8586, -26.5588 ], [ -50.9401, -26.5502 ], [ -51.0078, -26.4592 ], [ -50.9859, -26.4029 ], [ -51.202, -26.4266 ], [ -51.2709, -26.5053 ], [ -51.3911, -26.6632 ], [ -51.3942, -26.703 ], [ -51.4132, -26.7204 ], [ -51.2554, -26.774 ], [ -51.2768, -26.8493 ], [ -51.2718, -27.0672 ], [ -51.3206, -27.0786 ], [ -51.3386, -27.132 ], [ -51.0672, -27.2521 ], [ -51.0117, -27.1731 ], [ -50.8805, -27.1262 ], [ -50.7355, -27.1203 ], [ -50.72, -27.1379 ], [ -50.6962, -27.1327 ], [ -50.7162, -27.1345 ], [ -50.7074, -27.101 ], [ -50.6868, -27.083 ], [ -50.6582, -27.0893 ], [ -50.6573, -27.0655 ], [ -50.5917, -26.929 ], [ -50.4879, -26.8193 ], [ -50.5006, -26.7704 ], [ -50.5149, -26.6865 ], [ -50.4885, -26.6434 ], [ -50.5167, -26.6399 ], [ -50.5292, -26.606 ], [ -50.5783, -26.6014 ], [ -50.5616, -26.5919 ], [ -50.7444, -26.5249 ], [ -50.8586, -26.5588 ] ] ], [ [ [ -51.1124, -27.2388 ], [ -51.2191, -27.2369 ], [ -51.2097, -27.2606 ], [ -51.1124, -27.2388 ] ] ], [ [ [ -51.2554, -26.774 ], [ -51.4132, -26.7204 ], [ -51.4739, -26.7902 ], [ -51.4723, -26.8081 ], [ -51.2768, -26.8493 ], [ -51.2554, -26.774 ] ] ], [ [ [ -50.8805, -27.1262 ], [ -51.0257, -27.1958 ], [ -51.0009, -27.2758 ], [ -50.9891, -27.2491 ], [ -50.8942, -27.235 ], [ -50.8511, -27.2292 ], [ -50.8805, -27.1262 ] ] ], [ [ [ -51.2718, -27.0672 ], [ -51.3169, -27.0186 ], [ -51.3177, -27.0442 ], [ -51.2718, -27.0672 ] ] ], [ [ [ -51.5104, -26.8386 ], [ -51.4775, -26.9269 ], [ -51.3639, -26.9397 ], [ -51.5104, -26.8386 ] ] ] ] } },
{ "type": "Feature", "properties": { "cod_rgi": "4206", "nome_rgi": "Joinville" }, "geometry": { "type": "MultiPolygon", "coordinates": [ [ [ [ -48.7399, -26.2864 ], [ -48.8231, -26.12 ], [ -48.6926, -26.0825 ], [ -48.6821, -25.9837 ], [ -48.9605, -25.9808 ], [ -49.0071, -26.0161 ], [ -49.0981, -26.0105 ], [ -49.1256, -25.9961 ], [ -49.175, -26.0001 ], [ -49.2665, -26.0808 ], [ -49.5002, -26.2035 ], [ -49.5785, -26.2135 ], [ -49.6331, -26.2877 ], [ -49.6346, -26.209 ], [ -49.6337, -26.1899 ], [ -49.6537, -26.187 ], [ -49.7373, -26.1575 ], [ -49.749, -26.1401 ], [ -49.7775, -26.1201 ], [ -49.8071, -26.0889 ], [ -49.8296, -26.0693 ], [ -49.8317, -26.0531 ], [ -49.9724, -26.0584 ], [ -50.0362, -26.027 ], [ -50.0762, -26.0464 ], [ -50.1184, -26.0636 ], [ -50.1402, -26.0266 ], [ -50.2244, -26.0604 ], [ -50.404, -26.0567 ], [ -50.4424, -26.0355 ], [ -50.4762, -26.0345 ], [ -50.548, -26.0396 ], [ -50.5915, -26.0415 ], [ -50.5525, -26.0585 ], [ -50.6566, -26.1018 ], [ -50.6483, -26.1304 ], [ -50.7311, -26.2058 ], [ -50.7506, -26.2245 ], [ -50.8686, -26.2414 ], [ -50.8801, -26.32 ], [ -51.0568, -26.2439 ], [ -51.1043, -26.2761 ], [ -51.251, -26.3744 ], [ -51.202, -26.4266 ], [ -50.9859, -26.4029 ], [ -51.0078, -26.4592 ], [ -50.9401, -26.5502 ], [ -50.7444, -26.5249 ], [ -50.5616, -26.5919 ], [ -50.5783, -26.6014 ], [ -50.517, -26.5723 ], [ -50.4684, -26.6631 ], [ -50.4717, -26.7012 ], [ -50.3421, -26.7421 ], [ -50.3483, -26.8284 ], [ -50.1622, -26.7888 ], [ -50.1156, -26.6985 ], [ -50.1317, -26.5515 ], [ -49.9948, -26.5057 ], [ -49.9541, -26.5692 ], [ -49.8821, -26.6458 ], [ -49.8552, -26.6547 ], [ -49.686, -26.6928 ], [ -49.6174, -26.704 ], [ -49.586, -26.6248 ], [ -49.5506, -26.5234 ], [ -49.4968, -26.4269 ], [ -49.3349, -26.5363 ], [ -49.1762, -26.6138 ], [ -49.0146, -26.4809 ], [ -49.0065, -26.4384 ], [ -48.8768, -26.3805 ], [ -49.0065, -26.4384 ], [ -49.0146, -26.4809 ], [ -49.0471, -26.6504 ], [ -49.0493, -26.7093 ], [ -48.9376, -26.6932 ], [ -48.8847, -26.6579 ], [ -48.8128, -26.5131 ], [ -48.6896, -26.5717 ], [ -48.4937, -26.2175 ], [ -48.5659, -26.1661 ], [ -48.7399, -26.2864 ] ] ], [ [ [ -48.6926, -26.0825 ], [ -48.5659, -26.1661 ], [ -48.6341, -25.9777 ], [ -48.6444, -25.9558 ], [ -48.6926, -26.0825 ] ] ], [ [ [ -48.8128, -26.5131 ], [ -48.7859, -26.6607 ], [ -48.7548, -26.6641 ], [ -48.8128, -26.5131 ] ] ] ] } },
{ "type": "Feature", "properties": { "cod_rgi": "4207", "nome_rgi": "Blumenau" }, "geometry": { "type": "MultiPolygon", "coordinates": [ [ [ [ -49.7664, -27.3754 ], [ -49.6674, -27.3391 ], [ -49.6896, -27.2444 ], [ -49.7538, -27.2438 ], [ -49.7664, -27.3754 ] ] ], [ [ [ -49.2714, -27.0537 ], [ -49.4586, -27.0997 ], [ -49.4646, -26.94 ], [ -49.6446, -26.7797 ], [ -49.8101, -26.7127 ], [ -49.9547, -26.9253 ], [ -49.78, -26.8919 ], [ -49.6816, -26.9125 ], [ -49.6321, -26.9954 ], [ -49.6143, -27.08 ], [ -49.6556, -27.1027 ], [ -49.6981, -27.2158 ], [ -49.6205, -27.2841 ], [ -49.563, -27.2763 ], [ -49.4034, -27.2317 ], [ -49.2714, -27.0537 ] ] ], [ [ [ -49.6205, -27.2841 ], [ -49.6674, -27.3391 ], [ -49.4806, -27.3047 ], [ -49.563, -27.2763 ], [ -49.6205, -27.2841 ] ] ], [ [ [ -48.6816, -26.7186 ], [ -48.6896, -26.5717 ], [ -48.7548, -26.6641 ], [ -48.7859, -26.6607 ], [ -48.6816, -26.7186 ] ] ], [ [ [ -49.3303, -26.8076 ], [ -49.2842, -26.8796 ], [ -49.235, -26.7519 ], [ -49.3349, -26.5363 ], [ -49.5506, -26.5234 ], [ -49.4854, -26.611 ], [ -49.5202, -26.7968 ], [ -49.3303, -26.8076 ] ] ], [ [ [ -49.0471, -26.6504 ], [ -49.1762, -26.6138 ], [ -49.235, -26.7519 ], [ -49.174, -26.8689 ], [ -49.1652, -26.8954 ], [ -49.174, -26.8689 ], [ -49.2842, -26.8796 ], [ -49.3303, -26.8076 ], [ -49.4341, -26.9152 ], [ -49.2714, -27.0537 ], [ -48.8442, -27.0674 ], [ -48.7881, -27.0969 ], [ -48.7539, -27.0287 ], [ -48.6851, -26.9701 ], [ -48.6274, -26.9596 ], [ -48.7085, -26.8155 ], [ -48.746, -26.8075 ], [ -48.7743, -26.832 ], [ -48.8978, -26.7622 ], [ -49.0026, -26.7839 ], [ -49.0493, -26.7093 ], [ -49.0471, -26.6504 ] ] ], [ [ [ -49.2479, -27.2794 ], [ -49.1872, -27.204 ], [ -49.4034, -27.2317 ], [ -49.4104, -27.3527 ], [ -49.4806, -27.3047 ], [ -49.6745, -27.4587 ], [ -49.59, -27.5733 ], [ -49.6138, -27.5741 ], [ -49.3222, -27.5892 ], [ -49.3015, -27.5845 ], [ -49.3024, -27.6134 ], [ -49.202, -27.6459 ], [ -49.1893, -27.4071 ], [ -49.1186, -27.3969 ], [ -49.1893, -27.4071 ], [ -49.1273, -27.5028 ], [ -49.0339, -27.4832 ], [ -48.9852, -27.449 ], [ -48.8993, -27.2491 ], [ -49.0248, -27.1743 ], [ -49.0216, -27.1449 ], [ -48.9789, -27.1222 ], [ -48.9507, -27.0695 ], [ -49.1872, -27.204 ], [ -49.2479, -27.2794 ] ] ], [ [ [ -48.9789, -27.1222 ], [ -49.0216, -27.1449 ], [ -48.8124, -27.1357 ], [ -48.8442, -27.0674 ], [ -48.9507, -27.0695 ], [ -48.9789, -27.1222 ] ] ], [ [ [ -48.6602, -27.1245 ], [ -48.614, -27.0687 ], [ -48.6275, -27.0137 ], [ -48.6916, -26.9762 ], [ -48.7766, -27.0569 ], [ -48.8124, -27.1357 ], [ -48.7736, -27.1346 ], [ -48.6602, -27.1245 ] ] ], [ [ [ -48.8124, -27.1357 ], [ -48.6631, -27.3477 ], [ -48.7736, -27.1346 ], [ -48.8124, -27.1357 ] ] ], [ [ [ -49.7719, -27.0202 ], [ -49.7355, -27.0287 ], [ -49.7719, -27.0202 ], [ -49.8328, -27.1135 ], [ -49.6556, -27.1027 ], [ -49.6143, -27.08 ], [ -49.6321, -26.9954 ], [ -49.6816, -26.9125 ], [ -49.7813, -26.8834 ], [ -49.9229, -26.9123 ], [ -49.9542, -26.9304 ], [ -49.9463, -26.9947 ], [ -49.8925, -26.9604 ], [ -49.7719, -27.0202 ] ] ], [ [ [ -49.6174, -26.704 ], [ -49.6446, -26.7797 ], [ -49.5202, -26.7968 ], [ -49.4854, -26.611 ], [ -49.586, -26.6248 ], [ -49.6174, -26.704 ] ] ], [ [ [ -48.6888, -27.1413 ], [ -48.6133, -27.1001 ], [ -48.589, -27.061 ], [ -48.6602, -27.1245 ], [ -48.6888, -27.1413 ] ] ], [ [ [ -49.6981, -27.2158 ], [ -49.7634, -27.2225 ], [ -49.7538, -27.2438 ], [ -49.6896, -27.2444 ], [ -49.6981, -27.2158 ] ] ], [ [ [ -48.8978, -26.7622 ], [ -48.8847, -26.6579 ], [ -48.9376, -26.6932 ], [ -49.0026, -26.7839 ], [ -48.8978, -26.7622 ] ] ], [ [ [ -50.1299, -27.2747 ], [ -50.0714, -27.3037 ], [ -50.0495, -27.3563 ], [ -50.0161, -27.4012 ], [ -49.7634, -27.2225 ], [ -49.8328, -27.1135 ], [ -49.9153, -27.1449 ], [ -49.9463, -26.9947 ], [ -50.0087, -26.8824 ], [ -50.0703, -27.032 ], [ -50.0087, -26.8824 ], [ -49.9801, -26.7943 ], [ -50.0664, -26.8394 ], [ -50.1622, -26.7888 ], [ -50.283, -26.8753 ], [ -50.2619, -26.8903 ], [ -50.2935, -26.9918 ], [ -50.3186, -27.0559 ], [ -50.3111, -27.0645 ], [ -50.2824, -27.0941 ], [ -50.3065, -27.1683 ], [ -50.29, -27.2082 ], [ -50.267, -27.2269 ], [ -50.1978, -27.2377 ], [ -50.1299, -27.2747 ] ] ], [ [ [ -48.5288, -27.1613 ], [ -48.6888, -27.1413 ], [ -48.5784, -27.2116 ], [ -48.5288, -27.1613 ] ] ], [ [ [ -49.9948, -26.5057 ], [ -50.1317, -26.5515 ], [ -50.1156, -26.6985 ], [ -50.0664, -26.8394 ], [ -49.9801, -26.7943 ], [ -49.8552, -26.6547 ], [ -49.8821, -26.6458 ], [ -49.9541, -26.5692 ], [ -49.9948, -26.5057 ] ] ] ] } },
{ "type": "Feature", "properties": { "cod_rgi": "4301", "nome_rgi": "Porto Alegre" }, "geometry": { "type": "MultiPolygon", "coordinates": [ [ [ [ -51.0657, -29.8921 ], [ -51.1236, -30.056 ], [ -51.1273, -29.9545 ], [ -51.201, -29.9716 ], [ -51.2667, -30.1028 ], [ -51.0686, -30.3575 ], [ -50.6561, -30.286 ], [ -50.6208, -30.1984 ], [ -50.4566, -30.0517 ], [ -50.3992, -29.9717 ], [ -50.4348, -29.8057 ], [ -50.4885, -29.6318 ], [ -50.6305, -29.5605 ], [ -50.6739, -29.4721 ], [ -50.7158, -29.5171 ], [ -50.9106, -29.5163 ], [ -50.9111, -29.5456 ], [ -50.8563, -29.555 ], [ -50.8555, -29.5837 ], [ -50.8796, -29.637 ], [ -50.9231, -29.6877 ], [ -50.9441, -29.6755 ], [ -50.9344, -29.7694 ], [ -50.9572, -29.7902 ], [ -50.8352, -29.7657 ], [ -50.6958, -29.7898 ], [ -50.8352, -29.7657 ], [ -50.9572, -29.7902 ], [ -51.0806, -29.83 ], [ -51.1009, -29.8692 ], [ -51.0657, -29.8921 ] ] ], [ [ [ -52.2887, -30.9109 ], [ -52.1305, -30.8999 ], [ -52.1557, -31.041 ], [ -51.9563, -31.0943 ], [ -51.9242, -31.0427 ], [ -51.8601, -31.0725 ], [ -51.8718, -31.0912 ], [ -51.7898, -31.1764 ], [ -51.4416, -31.0895 ], [ -51.2654, -30.4798 ], [ -51.5245, -30.5105 ], [ -51.2654, -30.4798 ], [ -51.3436, -30.0618 ], [ -51.4329, -30.0911 ], [ -51.5565, -30.2017 ], [ -51.5818, -30.2573 ], [ -51.5075, -30.2965 ], [ -51.5818, -30.2573 ], [ -51.5565, -30.2017 ], [ -51.4329, -30.0911 ], [ -51.3436, -30.0618 ], [ -51.4341, -29.9839 ], [ -51.5071, -29.9282 ], [ -51.7503, -29.8884 ], [ -51.7164, -29.8607 ], [ -51.8155, -29.8618 ], [ -51.8408, -29.8238 ], [ -51.961, -29.7643 ], [ -51.9622, -29.7347 ], [ -52.0374, -29.7038 ], [ -52.0144, -29.7361 ], [ -52.0587, -29.8143 ], [ -52.0158, -29.9328 ], [ -52.0681, -29.9321 ], [ -52.1394, -29.9394 ], [ -52.148, -30.1624 ], [ -52.136, -30.2172 ], [ -52.1771, -30.2769 ], [ -52.1535, -30.3338 ], [ -52.1587, -30.4427 ], [ -52.0011, -30.5964 ], [ -51.9252, -30.498 ], [ -51.767, -30.4668 ], [ -51.8983, -30.5717 ], [ -52.0011, -30.5964 ], [ -52.2339, -30.436 ], [ -52.2996, -30.334 ], [ -52.4046, -30.4847 ], [ -52.4184, -30.548 ], [ -52.3623, -30.6056 ], [ -52.3423, -30.631 ], [ -52.3754, -30.6871 ], [ -52.448, -30.6554 ], [ -52.4188, -30.8545 ], [ -52.3136, -30.8876 ], [ -52.2887, -30.9109 ] ] ], [ [ [ -50.9441, -29.6755 ], [ -51.0463, -29.5447 ], [ -51.1433, -29.6699 ], [ -51.2101, -29.7376 ], [ -51.1906, -29.8248 ], [ -51.1823, -29.8169 ], [ -51.1812, -29.8296 ], [ -51.1009, -29.8692 ], [ -51.0681, -29.8113 ], [ -51.0806, -29.83 ], [ -50.9351, -29.7712 ], [ -50.9478, -29.6902 ], [ -50.9441, -29.6755 ] ] ], [ [ [ -49.8357, -29.4239 ], [ -49.9437, -29.4019 ], [ -49.9012, -29.3399 ], [ -49.8971, -29.2818 ], [ -49.9129, -29.2079 ], [ -49.9627, -29.1989 ], [ -50.0011, -29.2275 ], [ -50.1156, -29.2608 ], [ -50.034, -29.3496 ], [ -50.0209, -29.3109 ], [ -50.0341, -29.3255 ], [ -50.0025, -29.3575 ], [ -50.0253, -29.3839 ], [ -50.0046, -29.353 ], [ -50.0304, -29.3424 ], [ -50.0601, -29.3648 ], [ -50.1094, -29.3233 ], [ -50.1884, -29.5059 ], [ -50.1681, -29.6026 ], [ -50.1011, -29.4821 ], [ -50.1589, -29.629 ], [ -50.0493, -29.6529 ], [ -50.0221, -29.6912 ], [ -50.018, -29.7723 ], [ -49.8357, -29.4239 ] ] ], [ [ [ -50.3996, -30.1576 ], [ -50.4152, -30.1028 ], [ -50.4566, -30.0517 ], [ -50.6208, -30.1984 ], [ -50.5244, -30.222 ], [ -50.6864, -30.5008 ], [ -50.7445, -30.8123 ], [ -50.9724, -31.0329 ], [ -51.1803, -31.1345 ], [ -51.2383, -31.4581 ], [ -51.1918, -31.4961 ], [ -50.7506, -31.0867 ], [ -50.3335, -30.5008 ], [ -50.2509, -30.3037 ], [ -50.018, -29.7723 ], [ -50.0221, -29.6912 ], [ -50.0493, -29.6529 ], [ -50.1589, -29.629 ], [ -50.1681, -29.6026 ], [ -50.2225, -29.5113 ], [ -50.1971, -29.4953 ], [ -50.2477, -29.4849 ], [ -50.2507, -29.5002 ], [ -50.292, -29.5061 ], [ -50.2654, -29.4554 ], [ -50.2924, -29.468 ], [ -50.2877, -29.4461 ], [ -50.3234, -29.4735 ], [ -50.421, -29.5188 ], [ -50.4885, -29.6318 ], [ -50.4348, -29.8057 ], [ -50.3992, -29.9717 ], [ -50.4152, -30.1028 ], [ -50.3996, -30.1576 ] ] ], [ [ [ -51.4035, -29.4335 ], [ -51.4723, -29.4387 ], [ -51.6409, -29.4172 ], [ -51.5709, -29.4567 ], [ -51.6904, -29.4878 ], [ -51.665, -29.5008 ], [ -51.6627, -29.5901 ], [ -51.7588, -29.7993 ], [ -51.7583, -29.8188 ], [ -51.7162, -29.8581 ], [ -51.7503, -29.8884 ], [ -51.5071, -29.9282 ], [ -51.2657, -29.9346 ], [ -51.2283, -29.8446 ], [ -51.1881, -29.8402 ], [ -51.1796, -29.8217 ], [ -51.1906, -29.8248 ], [ -51.2514, -29.7754 ], [ -51.3022, -29.7819 ], [ -51.3337, -29.7566 ], [ -51.3073, -29.7761 ], [ -51.2765, -29.6561 ], [ -51.2872, -29.6462 ], [ -51.3632, -29.6357 ], [ -51.3941, -29.658 ], [ -51.536, -29.5953 ], [ -51.5755, -29.6135 ], [ -51.536, -29.5953 ], [ -51.3777, -29.6291 ], [ -51.3049, -29.6371 ], [ -51.2765, -29.6561 ], [ -51.283, -29.5915 ], [ -51.3065, -29.5617 ], [ -51.2994, -29.5261 ], [ -51.3762, -29.5526 ], [ -51.4358, -29.5198 ], [ -51.3762, -29.5526 ], [ -51.3163, -29.4857 ], [ -51.3405, -29.4736 ], [ -51.3582, -29.3948 ], [ -51.4035, -29.4335 ] ] ], [ [ [ -51.1065, -29.9081 ], [ -51.1273, -29.9545 ], [ -51.0657, -29.8921 ], [ -51.1013, -29.8687 ], [ -51.1231, -29.8664 ], [ -51.1065, -29.9081 ] ] ], [ [ [ -51.2316, -29.8623 ], [ -51.201, -29.9716 ], [ -51.1065, -29.9081 ], [ -51.1295, -29.8641 ], [ -51.2316, -29.8623 ] ] ], [ [ [ -51.1299, -29.6386 ], [ -51.0463, -29.5447 ], [ -50.9111, -29.5456 ], [ -50.9566, -29.4258 ], [ -51.0084, -29.4471 ], [ -51.0126, -29.4792 ], [ -51.0631, -29.4683 ], [ -51.1091, -29.4887 ], [ -51.1176, -29.551 ], [ -51.1299, -29.6386 ] ] ], [ [ [ -49.8357, -29.4239 ], [ -49.7301, -29.3176 ], [ -49.8971, -29.2818 ], [ -49.9012, -29.3399 ], [ -49.8357, -29.4239 ] ] ], [ [ [ -51.1433, -29.6699 ], [ -51.1331, -29.628 ], [ -51.2314, -29.6162 ], [ -51.2118, -29.6961 ], [ -51.1433, -29.6699 ] ] ], [ [ [ -51.1013, -29.8687 ], [ -51.1553, -29.8371 ], [ -51.2259, -29.8429 ], [ -51.2316, -29.8623 ], [ -51.1013, -29.8687 ] ] ], [ [ [ -51.1299, -29.6386 ], [ -51.1125, -29.5107 ], [ -51.1901, -29.5598 ], [ -51.1964, -29.6165 ], [ -51.1299, -29.6386 ] ] ], [ [ [ -51.2314, -29.6162 ], [ -51.1901, -29.5598 ], [ -51.2377, -29.5811 ], [ -51.2314, -29.6162 ] ] ], [ [ [ -51.2488, -29.4336 ], [ -51.2485, -29.4456 ], [ -51.178, -29.4941 ], [ -51.2488, -29.4336 ] ] ], [ [ [ -51.2377, -29.5811 ], [ -51.2926, -29.5844 ], [ -51.2777, -29.6499 ], [ -51.3073, -29.7761 ], [ -51.2514, -29.7754 ], [ -51.2101, -29.7376 ], [ -51.2118, -29.6961 ], [ -51.2199, -29.6827 ], [ -51.2377, -29.5811 ] ] ], [ [ [ -51.544, -29.4192 ], [ -51.4355, -29.4319 ], [ -51.4744, -29.4003 ], [ -51.544, -29.4192 ] ] ], [ [ [ -51.3582, -29.3948 ], [ -51.3545, -29.3519 ], [ -51.3972, -29.3516 ], [ -51.3582, -29.3948 ] ] ], [ [ [ -50.7722, -29.4148 ], [ -50.8092, -29.4354 ], [ -50.8011, -29.4494 ], [ -50.9103, -29.5016 ], [ -50.9106, -29.5163 ], [ -50.6885, -29.4836 ], [ -50.6831, -29.452 ], [ -50.6573, -29.4223 ], [ -50.6917, -29.4026 ], [ -50.7722, -29.4148 ] ] ] ] } },
{ "type": "Feature", "properties": { "cod_rgi": "4302", "nome_rgi": "Pelotas" }, "geometry": { "type": "MultiPolygon", "coordinates": [ [ [ [ -53.9283, -31.8059 ], [ -53.9474, -31.9552 ], [ -53.7398, -32.1009 ], [ -53.5831, -32.4523 ], [ -53.1765, -32.6577 ], [ -52.7896, -32.4443 ], [ -52.4257, -32.6422 ], [ -52.286, -32.3276 ], [ -52.0989, -32.1601 ], [ -52.2232, -31.789 ], [ -52.0097, -31.6003 ], [ -51.9871, -31.3945 ], [ -51.7898, -31.1764 ], [ -51.8718, -31.0912 ], [ -51.8601, -31.0725 ], [ -51.9242, -31.0427 ], [ -51.9563, -31.0943 ], [ -52.1557, -31.041 ], [ -52.2789, -31.0413 ], [ -52.2887, -30.9109 ], [ -52.3136, -30.8876 ], [ -52.44, -30.8958 ], [ -52.5616, -30.9283 ], [ -52.653, -30.9213 ], [ -52.8304, -30.9049 ], [ -52.9083, -30.923 ], [ -52.927, -30.9256 ], [ -53.1305, -30.9905 ], [ -53.2225, -30.9911 ], [ -53.3925, -30.9871 ], [ -53.4635, -30.9445 ], [ -53.5186, -30.9342 ], [ -53.5422, -30.9537 ], [ -53.5738, -30.908 ], [ -53.588, -30.8967 ], [ -53.6006, -30.8577 ], [ -53.796, -30.9097 ], [ -53.9135, -30.9623 ], [ -53.9885, -30.9889 ], [ -54.5386, -30.8477 ], [ -54.6582, -30.7811 ], [ -54.6857, -30.7519 ], [ -54.6712, -30.6609 ], [ -54.7, -30.5966 ], [ -54.7233, -30.617 ], [ -54.7793, -30.6964 ], [ -54.9182, -30.719 ], [ -54.9735, -30.7339 ], [ -55.0402, -30.7957 ], [ -55.1071, -30.9125 ], [ -55.08, -31.2106 ], [ -54.8362, -31.4425 ], [ -54.5863, -31.4572 ], [ -54.4566, -31.6519 ], [ -54.0886, -31.9361 ], [ -53.9283, -31.8059 ] ], [ [ -53.2434, -32.3455 ], [ -53.2241, -32.0866 ], [ -53.0398, -31.9133 ], [ -52.8843, -31.8897 ], [ -53.0398, -31.9133 ], [ -53.2241, -32.0866 ], [ -53.2434, -32.3455 ] ] ], [ [ [ -52.501, -31.3282 ], [ -52.3996, -31.3571 ], [ -52.2774, -31.3905 ], [ -52.3996, -31.3571 ], [ -52.501, -31.3282 ], [ -52.6122, -31.504 ], [ -52.8567, -31.5954 ], [ -52.889, -31.6799 ], [ -52.8567, -31.5954 ], [ -52.6613, -31.5829 ], [ -52.501, -31.3282 ] ] ], [ [ [ -52.4257, -32.6422 ], [ -52.6134, -32.6342 ], [ -52.7617, -32.877 ], [ -53.1401, -32.8039 ], [ -53.2566, -33.1045 ], [ -53.4708, -33.2609 ], [ -53.4347, -33.5004 ], [ -53.5327, -33.6895 ], [ -53.3699, -33.7438 ], [ -52.7387, -33.2503 ], [ -52.5039, -32.8879 ], [ -52.4257, -32.6422 ] ] ] ] } },
{ "type": "Feature", "properties": { "cod_rgi": "4303", "nome_rgi": "Santa Maria" }, "geometry": { "type": "MultiPolygon", "coordinates": [ [ [ [ -53.1843, -29.4674 ], [ -53.2939, -29.4859 ], [ -53.5072, -29.5171 ], [ -53.5327, -29.3998 ], [ -53.5072, -29.5171 ], [ -53.2939, -29.4859 ], [ -53.2313, -29.4083 ], [ -53.2418, -29.3361 ], [ -53.2096, -29.2691 ], [ -53.25, -29.2386 ], [ -53.2431, -29.1686 ], [ -53.2812, -29.1288 ], [ -53.4054, -29.1202 ], [ -53.4624, -29.0759 ], [ -53.5075, -29.0644 ], [ -53.5304, -29.0069 ], [ -53.5456, -29.009 ], [ -53.5267, -28.9672 ], [ -53.6285, -29.0344 ], [ -53.7617, -29.1646 ], [ -53.8958, -29.169 ], [ -53.9019, -29.2066 ], [ -53.9785, -29.1299 ], [ -54.0651, -29.2109 ], [ -54.1702, -29.1924 ], [ -54.2458, -29.1525 ], [ -54.2929, -29.135 ], [ -54.3503, -29.1542 ], [ -54.3804, -29.0061 ], [ -54.5772, -28.8382 ], [ -54.6567, -28.7394 ], [ -54.7141, -28.795 ], [ -54.7077, -28.8367 ], [ -54.8441, -28.8511 ], [ -54.8423, -28.8341 ], [ -55.0078, -28.7965 ], [ -55.2533, -28.6909 ], [ -55.356, -28.6495 ], [ -55.4003, -28.649 ], [ -55.5165, -28.707 ], [ -55.5316, -28.6864 ], [ -55.5498, -28.7075 ], [ -55.5354, -28.7107 ], [ -55.373, -28.9206 ], [ -55.2785, -29.0307 ], [ -55.246, -29.0561 ], [ -55.2855, -29.1048 ], [ -55.2793, -29.1831 ], [ -55.3126, -29.2048 ], [ -55.2995, -29.2145 ], [ -55.2352, -29.1886 ], [ -55.2824, -29.2116 ], [ -55.3126, -29.2048 ], [ -55.3365, -29.2234 ], [ -55.3985, -29.2043 ], [ -55.4591, -29.2151 ], [ -55.4206, -29.2705 ], [ -55.3781, -29.6149 ], [ -55.3263, -29.6422 ], [ -55.1917, -29.6967 ], [ -55.1349, -29.7631 ], [ -55.1115, -29.8004 ], [ -55.1386, -29.8481 ], [ -55.2694, -30.0391 ], [ -55.2894, -30.1034 ], [ -55.2736, -30.0809 ], [ -55.188, -30.079 ], [ -54.9318, -30.0628 ], [ -54.8165, -30.1077 ], [ -54.7522, -30.0174 ], [ -54.6696, -30.097 ], [ -54.675, -30.2248 ], [ -54.8131, -30.2685 ], [ -54.7941, -30.3863 ], [ -54.7448, -30.4484 ], [ -54.7116, -30.5032 ], [ -54.7196, -30.5787 ], [ -54.7, -30.5966 ], [ -54.6712, -30.6609 ], [ -54.6857, -30.7519 ], [ -54.6582, -30.7811 ], [ -54.5386, -30.8477 ], [ -53.9885, -30.9889 ], [ -53.9135, -30.9623 ], [ -53.796, -30.9097 ], [ -53.6006, -30.8577 ], [ -53.588, -30.8967 ], [ -53.5738, -30.908 ], [ -53.5422, -30.9537 ], [ -53.5186, -30.9342 ], [ -53.4635, -30.9445 ], [ -53.3925, -30.9871 ], [ -53.2225, -30.9911 ], [ -53.1305, -30.9905 ], [ -53.0149, -30.8966 ], [ -52.9849, -30.8715 ], [ -52.9611, -30.8594 ], [ -52.9786, -30.7239 ], [ -52.9746, -30.6041 ], [ -52.7497, -30.3626 ], [ -52.6884, -30.2727 ], [ -52.669, -30.1877 ], [ -52.6867, -29.9994 ], [ -52.8498, -29.9273 ], [ -52.9267, -29.7843 ], [ -53.0223, -29.5316 ], [ -53.0284, -29.5542 ], [ -53.1843, -29.4674 ] ], [ [ -53.5684, -29.5384 ], [ -53.6872, -29.5759 ], [ -53.7112, -29.6398 ], [ -53.8561, -29.5923 ], [ -53.8154, -29.5412 ], [ -53.7216, -29.518 ], [ -53.6872, -29.5759 ], [ -53.5684, -29.5384 ] ], [ [ -53.7118, -30.483 ], [ -53.8627, -30.4773 ], [ -53.7928, -30.4043 ], [ -53.7118, -30.483 ] ], [ [ -54.3064, -29.7374 ], [ -54.2523, -29.6938 ], [ -54.0756, -29.6386 ], [ -54.0997, -29.461 ], [ -54.0756, -29.6386 ], [ -54.0864, -29.7242 ], [ -54.2523, -29.6938 ], [ -54.3064, -29.7374 ] ] ], [ [ [ -53.8561, -29.5923 ], [ -53.7112, -29.6398 ], [ -53.7216, -29.518 ], [ -53.8154, -29.5412 ], [ -53.8561, -29.5923 ] ] ] ] } },
{ "type": "Feature", "properties": { "cod_rgi": "4304", "nome_rgi": "Uruguaiana" }, "geometry": { "type": "Polygon", "coordinates": [ [ [ -55.3263, -29.6422 ], [ -55.3781, -29.6149 ], [ -55.4206, -29.2705 ], [ -55.4622, -29.1993 ], [ -55.4591, -29.2151 ], [ -55.3985, -29.2043 ], [ -55.3365, -29.2234 ], [ -55.2793, -29.1831 ], [ -55.2855, -29.1048 ], [ -55.246, -29.0561 ], [ -55.2785, -29.0307 ], [ -55.373, -28.9206 ], [ -55.5354, -28.7107 ], [ -55.572, -28.6945 ], [ -55.7332, -28.6227 ], [ -55.7342, -28.5732 ], [ -55.5288, -28.4578 ], [ -55.5831, -28.3394 ], [ -55.635, -28.3652 ], [ -55.6647, -28.401 ], [ -55.883, -28.479 ], [ -56.5906, -29.1204 ], [ -56.7788, -29.4197 ], [ -56.6712, -29.4255 ], [ -56.7788, -29.4197 ], [ -57.3109, -29.9507 ], [ -57.5663, -30.2591 ], [ -57.218, -30.2904 ], [ -57.129, -30.1425 ], [ -56.8351, -30.0929 ], [ -56.5452, -30.3602 ], [ -56.1704, -30.6156 ], [ -55.9899, -30.8592 ], [ -55.933, -31.0873 ], [ -55.5455, -30.8911 ], [ -55.3737, -31.0196 ], [ -55.2397, -31.261 ], [ -55.08, -31.2106 ], [ -55.1071, -30.9125 ], [ -55.0402, -30.7957 ], [ -54.9735, -30.7339 ], [ -54.9182, -30.719 ], [ -54.7793, -30.6964 ], [ -54.7233, -30.617 ], [ -54.7196, -30.5787 ], [ -54.7116, -30.5032 ], [ -54.7448, -30.4484 ], [ -54.7941, -30.3863 ], [ -54.8131, -30.2685 ], [ -54.675, -30.2248 ], [ -54.6696, -30.097 ], [ -54.7522, -30.0174 ], [ -54.8165, -30.1077 ], [ -54.9318, -30.0628 ], [ -55.188, -30.079 ], [ -55.2736, -30.0809 ], [ -55.2894, -30.1034 ], [ -55.2694, -30.0391 ], [ -55.1386, -29.8481 ], [ -55.1115, -29.8004 ], [ -55.1349, -29.7631 ], [ -55.1917, -29.6967 ], [ -55.3263, -29.6422 ] ] ] } },
{ "type": "Feature", "properties": { "cod_rgi": "4305", "nome_rgi": "Ijuí" }, "geometry": { "type": "MultiPolygon", "coordinates": [ [ [ [ -53.6221, -28.0925 ], [ -53.5858, -28.0399 ], [ -53.6752, -28.0253 ], [ -53.6949, -27.9885 ], [ -53.7482, -27.9906 ], [ -53.7794, -28.0435 ], [ -53.8139, -28.0565 ], [ -53.7949, -28.0687 ], [ -53.8018, -28.103 ], [ -53.8004, -28.1024 ], [ -53.8364, -28.1671 ], [ -53.8472, -28.2121 ], [ -53.8322, -28.2367 ], [ -53.8432, -28.1905 ], [ -53.7939, -28.095 ], [ -53.7965, -28.0644 ], [ -53.7585, -28.0207 ], [ -53.7491, -27.9928 ], [ -53.8112, -27.981 ], [ -53.9421, -27.8541 ], [ -53.9731, -27.8705 ], [ -54.0269, -27.9325 ], [ -53.9513, -27.8309 ], [ -54.0495, -27.8819 ], [ -53.9513, -27.8309 ], [ -53.9563, -27.8509 ], [ -53.8978, -27.8958 ], [ -53.8666, -27.8383 ], [ -53.8995, -27.8972 ], [ -53.8873, -27.9163 ], [ -53.8095, -27.9821 ], [ -53.7599, -27.9946 ], [ -53.6967, -27.9875 ], [ -53.6588, -28.0348 ], [ -53.5817, -28.0381 ], [ -53.5733, -27.9959 ], [ -53.6166, -27.9842 ], [ -53.61, -27.9588 ], [ -53.6243, -27.9459 ], [ -53.5476, -27.8975 ], [ -53.5311, -27.7806 ], [ -53.5707, -27.7165 ], [ -53.5917, -27.7123 ], [ -53.6314, -27.7097 ], [ -53.589, -27.6532 ], [ -53.5573, -27.643 ], [ -53.5864, -27.5893 ], [ -53.5637, -27.5161 ], [ -53.554, -27.4772 ], [ -53.553, -27.4552 ], [ -53.6081, -27.4775 ], [ -53.6543, -27.4039 ], [ -53.6415, -27.3422 ], [ -53.6559, -27.3368 ], [ -53.6385, -27.3292 ], [ -53.9063, -27.3335 ], [ -53.9663, -27.38 ], [ -54.0249, -27.4002 ], [ -54.0082, -27.416 ], [ -53.9063, -27.5298 ], [ -53.828, -27.4596 ], [ -53.8089, -27.4858 ], [ -53.9063, -27.5298 ], [ -53.8977, -27.5953 ], [ -53.8436, -27.7289 ], [ -53.988, -27.6632 ], [ -54.0305, -27.7013 ], [ -54.0584, -27.7683 ], [ -54.1254, -27.7689 ], [ -54.0584, -27.7683 ], [ -54.0668, -27.72 ], [ -54.0305, -27.7013 ], [ -54.0457, -27.6529 ], [ -54.0607, -27.5602 ], [ -54.0082, -27.416 ], [ -54.0666, -27.3478 ], [ -54.0675, -27.3285 ], [ -54.4065, -27.4064 ], [ -54.6358, -27.555 ], [ -54.8195, -27.7057 ], [ -54.7573, -27.7225 ], [ -54.6613, -27.6725 ], [ -54.6791, -27.6517 ], [ -54.6415, -27.6623 ], [ -54.5628, -27.603 ], [ -54.5662, -27.6312 ], [ -54.372, -27.6483 ], [ -54.2639, -27.6316 ], [ -54.2099, -27.5687 ], [ -54.2639, -27.6316 ], [ -54.2858, -27.6815 ], [ -54.372, -27.6483 ], [ -54.5662, -27.6312 ], [ -54.5628, -27.603 ], [ -54.6415, -27.6623 ], [ -54.6791, -27.6517 ], [ -54.6613, -27.6725 ], [ -54.6674, -27.702 ], [ -54.7573, -27.7225 ], [ -54.8298, -27.7804 ], [ -54.8462, -27.8276 ], [ -54.8298, -27.7804 ], [ -54.8195, -27.7057 ], [ -55.0486, -27.9228 ], [ -54.9401, -27.948 ], [ -55.0486, -27.9228 ], [ -55.2778, -27.9354 ], [ -55.2125, -27.9535 ], [ -55.2778, -27.9354 ], [ -55.4546, -28.0993 ], [ -55.7813, -28.2589 ], [ -55.6647, -28.401 ], [ -55.635, -28.3652 ], [ -55.5831, -28.3394 ], [ -55.5288, -28.4578 ], [ -55.7342, -28.5732 ], [ -55.7332, -28.6227 ], [ -55.572, -28.6945 ], [ -55.5498, -28.7075 ], [ -55.5301, -28.6867 ], [ -55.5165, -28.707 ], [ -55.4003, -28.649 ], [ -55.356, -28.6495 ], [ -55.2533, -28.6909 ], [ -55.0078, -28.7965 ], [ -54.8423, -28.8341 ], [ -54.8441, -28.8511 ], [ -54.7077, -28.8367 ], [ -54.7141, -28.795 ], [ -54.6567, -28.7394 ], [ -54.5772, -28.8382 ], [ -54.3804, -29.0061 ], [ -54.2653, -28.9106 ], [ -53.9252, -28.8329 ], [ -53.9857, -28.7788 ], [ -53.9807, -28.6671 ], [ -53.8942, -28.5837 ], [ -53.8652, -28.5389 ], [ -53.7815, -28.4882 ], [ -53.6835, -28.3934 ], [ -53.6934, -28.2864 ], [ -53.6835, -28.3934 ], [ -53.7249, -28.4833 ], [ -53.6697, -28.4978 ], [ -53.513, -28.5714 ], [ -53.4485, -28.5133 ], [ -53.4947, -28.4769 ], [ -53.4144, -28.4444 ], [ -53.4002, -28.2433 ], [ -53.3156, -28.1776 ], [ -53.5268, -28.0659 ], [ -53.6221, -28.0925 ] ], [ [ -53.9752, -28.4663 ], [ -54.0883, -28.3392 ], [ -54.1563, -28.3545 ], [ -54.2253, -28.3396 ], [ -54.1012, -28.2767 ], [ -54.1563, -28.3545 ], [ -54.0883, -28.3392 ], [ -53.9752, -28.4663 ] ], [ [ -54.5978, -28.4389 ], [ -54.5392, -28.3546 ], [ -54.4631, -28.49 ], [ -54.5978, -28.4389 ] ], [ [ -54.8664, -28.0102 ], [ -54.8664, -28.0457 ], [ -54.9032, -28.2897 ], [ -54.9906, -28.055 ], [ -54.8664, -28.0457 ], [ -54.8664, -28.0102 ] ], [ [ -54.7384, -28.3664 ], [ -54.8466, -28.3622 ], [ -54.7478, -28.3067 ], [ -54.7609, -28.2545 ], [ -54.7355, -28.1775 ], [ -54.7448, -28.2097 ], [ -54.7138, -28.206 ], [ -54.7454, -28.2071 ], [ -54.7596, -28.2475 ], [ -54.7503, -28.0434 ], [ -54.7378, -28.0076 ], [ -54.718, -27.9861 ], [ -54.7378, -28.0076 ], [ -54.5669, -28.276 ], [ -54.5402, -28.3012 ], [ -54.5669, -28.276 ], [ -54.5803, -28.2999 ], [ -54.6972, -28.2547 ], [ -54.7368, -28.2633 ], [ -54.7596, -28.2475 ], [ -54.7478, -28.3067 ], [ -54.7384, -28.3664 ] ] ], [ [ [ -53.7636, -27.279 ], [ -53.7016, -27.1949 ], [ -53.7177, -27.1825 ], [ -53.789, -27.2343 ], [ -53.7636, -27.279 ] ] ], [ [ [ -53.789, -27.2343 ], [ -54.0007, -27.1955 ], [ -54.0675, -27.3285 ], [ -54.0249, -27.4002 ], [ -53.9565, -27.3784 ], [ -53.9063, -27.3335 ], [ -53.789, -27.2343 ] ] ], [ [ [ -53.8977, -27.5953 ], [ -53.9917, -27.5226 ], [ -54.0457, -27.6529 ], [ -53.9734, -27.6103 ], [ -53.8977, -27.5953 ] ] ], [ [ [ -53.7088, -27.2147 ], [ -53.7636, -27.279 ], [ -53.6645, -27.2846 ], [ -53.6355, -27.26 ], [ -53.7088, -27.2147 ] ] ] ] } },
{ "type": "Feature", "properties": { "cod_rgi": "4306", "nome_rgi": "Passo Fundo" }, "geometry": { "type": "MultiPolygon", "coordinates": [ [ [ [ -51.9719, -28.2904 ], [ -51.8844, -28.2608 ], [ -51.8575, -28.2523 ], [ -51.8176, -28.3385 ], [ -51.7857, -28.3819 ], [ -51.6964, -28.3572 ], [ -51.7488, -28.308 ], [ -51.6964, -28.3572 ], [ -51.7857, -28.3819 ], [ -51.8377, -28.3543 ], [ -51.9073, -28.4116 ], [ -51.9094, -28.4677 ], [ -51.8603, -28.4573 ], [ -51.7607, -28.4739 ], [ -51.7766, -28.4627 ], [ -51.7237, -28.464 ], [ -51.7209, -28.4791 ], [ -51.6142, -28.4471 ], [ -51.5605, -28.5216 ], [ -51.4514, -28.4849 ], [ -51.4183, -28.5332 ], [ -51.3807, -28.4708 ], [ -51.3608, -28.4212 ], [ -51.3591, -28.4022 ], [ -51.3231, -28.3465 ], [ -51.3268, -28.3333 ], [ -51.3319, -28.235 ], [ -51.2542, -28.1785 ], [ -51.2612, -28.1339 ], [ -51.5143, -28.1536 ], [ -51.334, -27.9835 ], [ -51.3601, -27.8801 ], [ -51.3503, -27.808 ], [ -51.3318, -27.7886 ], [ -51.2975, -27.7508 ], [ -51.4768, -27.5988 ], [ -51.487, -27.5608 ], [ -51.5784, -27.662 ], [ -51.7334, -27.6672 ], [ -51.8928, -27.6791 ], [ -51.893, -27.7019 ], [ -51.7543, -27.7675 ], [ -51.9617, -27.8134 ], [ -51.9195, -27.846 ], [ -52.0546, -27.8164 ], [ -52.0613, -27.8316 ], [ -52.1997, -27.751 ], [ -52.3279, -27.7496 ], [ -52.3687, -27.7515 ], [ -52.1997, -27.751 ], [ -52.1479, -27.7335 ], [ -52.0677, -27.6631 ], [ -51.9872, -27.6397 ], [ -51.9735, -27.673 ], [ -51.8928, -27.6791 ], [ -51.7239, -27.6559 ], [ -51.7379, -27.6286 ], [ -51.7507, -27.6159 ], [ -51.7379, -27.6286 ], [ -51.7239, -27.6559 ], [ -51.7334, -27.6672 ], [ -51.5784, -27.662 ], [ -51.58, -27.5236 ], [ -51.6597, -27.5193 ], [ -51.7535, -27.4872 ], [ -51.9039, -27.4598 ], [ -52.1661, -27.3136 ], [ -52.1935, -27.4425 ], [ -52.0671, -27.4803 ], [ -52.0666, -27.4539 ], [ -52.067, -27.4917 ], [ -52.1324, -27.5175 ], [ -52.067, -27.4917 ], [ -52.0671, -27.4803 ], [ -52.1935, -27.4425 ], [ -52.2364, -27.4112 ], [ -52.256, -27.5111 ], [ -52.3442, -27.5094 ], [ -52.4468, -27.6626 ], [ -52.4784, -27.6829 ], [ -52.4468, -27.6626 ], [ -52.3442, -27.5094 ], [ -52.3993, -27.4789 ], [ -52.512, -27.4867 ], [ -52.5388, -27.4924 ], [ -52.6196, -27.4517 ], [ -52.6958, -27.4445 ], [ -52.7232, -27.476 ], [ -52.7132, -27.4846 ], [ -52.7232, -27.476 ], [ -52.6958, -27.4445 ], [ -52.611, -27.4287 ], [ -52.6013, -27.4029 ], [ -52.6198, -27.3497 ], [ -52.6629, -27.3287 ], [ -52.7061, -27.2757 ], [ -52.7549, -27.259 ], [ -52.7593, -27.2142 ], [ -52.8485, -27.1712 ], [ -52.9844, -27.2215 ], [ -52.9829, -27.165 ], [ -53.1322, -27.1802 ], [ -53.1906, -27.2013 ], [ -53.009, -27.3234 ], [ -52.9661, -27.2605 ], [ -52.8692, -27.3404 ], [ -53.009, -27.3234 ], [ -53.1941, -27.3151 ], [ -53.2025, -27.3111 ], [ -53.3037, -27.3881 ], [ -53.427, -27.4245 ], [ -53.4786, -27.3864 ], [ -53.5128, -27.3662 ], [ -53.6136, -27.2855 ], [ -53.6645, -27.2846 ], [ -53.6385, -27.3292 ], [ -53.6559, -27.3368 ], [ -53.6415, -27.3422 ], [ -53.6543, -27.4039 ], [ -53.6081, -27.4775 ], [ -53.553, -27.4552 ], [ -53.554, -27.4772 ], [ -53.5637, -27.5161 ], [ -53.5864, -27.5893 ], [ -53.455, -27.6189 ], [ -53.3461, -27.6199 ], [ -53.2894, -27.5789 ], [ -53.2758, -27.518 ], [ -53.1972, -27.5234 ], [ -53.0961, -27.5714 ], [ -53.0794, -27.7139 ], [ -53.1519, -27.6992 ], [ -53.1923, -27.8295 ], [ -53.275, -27.8359 ], [ -53.1806, -27.7847 ], [ -53.2758, -27.518 ], [ -53.2894, -27.5789 ], [ -53.3461, -27.6199 ], [ -53.3893, -27.771 ], [ -53.429, -27.6996 ], [ -53.455, -27.6189 ], [ -53.5573, -27.643 ], [ -53.589, -27.6532 ], [ -53.5917, -27.7123 ], [ -53.5707, -27.7165 ], [ -53.5311, -27.7806 ], [ -53.5476, -27.8975 ], [ -53.6243, -27.9459 ], [ -53.61, -27.9588 ], [ -53.6166, -27.9842 ], [ -53.5681, -28.0014 ], [ -53.5858, -28.0399 ], [ -53.5268, -28.0659 ], [ -53.3156, -28.1776 ], [ -53.2915, -28.1716 ], [ -53.4002, -28.2433 ], [ -53.4144, -28.4444 ], [ -53.4485, -28.5133 ], [ -53.4312, -28.5662 ], [ -53.3219, -28.6109 ], [ -53.1463, -28.6989 ], [ -53.0376, -28.6449 ], [ -52.8636, -28.5979 ], [ -52.7467, -28.59 ], [ -52.7955, -28.5187 ], [ -52.7467, -28.59 ], [ -52.8054, -28.7035 ], [ -52.8636, -28.5979 ], [ -53.0376, -28.6449 ], [ -53.013, -28.7149 ], [ -52.9853, -28.7489 ], [ -53.0638, -28.7994 ], [ -53.013, -28.7149 ], [ -53.1463, -28.6989 ], [ -53.3219, -28.6109 ], [ -53.4312, -28.5662 ], [ -53.513, -28.5714 ], [ -53.6697, -28.4978 ], [ -53.7051, -28.4812 ], [ -53.7249, -28.4833 ], [ -53.7815, -28.4882 ], [ -53.8652, -28.5389 ], [ -53.8942, -28.5837 ], [ -53.9807, -28.6671 ], [ -53.9857, -28.7788 ], [ -53.9252, -28.8329 ], [ -54.2653, -28.9106 ], [ -54.3503, -29.1542 ], [ -54.2929, -29.135 ], [ -54.2458, -29.1525 ], [ -54.1702, -29.1924 ], [ -53.9785, -29.1299 ], [ -53.9019, -29.2066 ], [ -53.8958, -29.169 ], [ -53.7617, -29.1646 ], [ -53.6285, -29.0344 ], [ -53.5267, -28.9672 ], [ -53.5456, -29.009 ], [ -53.5304, -29.0069 ], [ -53.5075, -29.0644 ], [ -53.4624, -29.0759 ], [ -53.4054, -29.1202 ], [ -53.2812, -29.1288 ], [ -53.0943, -29.1399 ], [ -53.0643, -29.1827 ], [ -53.0635, -29.1567 ], [ -52.9874, -29.1057 ], [ -52.9294, -29.076 ], [ -52.8171, -29.0315 ], [ -52.8169, -29.0837 ], [ -52.7506, -29.1442 ], [ -52.715, -29.1685 ], [ -52.6831, -29.1814 ], [ -52.5263, -29.2192 ], [ -52.3366, -29.0591 ], [ -52.3037, -29.0038 ], [ -52.2146, -29.0274 ], [ -52.2318, -28.9988 ], [ -52.2612, -28.9602 ], [ -52.1659, -28.8866 ], [ -52.0327, -28.8549 ], [ -52.0391, -28.8459 ], [ -52.2706, -28.6705 ], [ -52.314, -28.6484 ], [ -52.3047, -28.6074 ], [ -52.1957, -28.5737 ], [ -52.1303, -28.6146 ], [ -52.1108, -28.6542 ], [ -52.088, -28.6311 ], [ -52.0987, -28.548 ], [ -52.0844, -28.4763 ], [ -51.9638, -28.3312 ], [ -52.0717, -28.3059 ], [ -52.083, -28.3448 ], [ -52.2025, -28.3386 ], [ -52.251, -28.3687 ], [ -52.2025, -28.3386 ], [ -52.083, -28.3448 ], [ -52.0717, -28.3059 ], [ -51.9719, -28.2904 ] ], [ [ -52.6633, -27.5342 ], [ -52.6762, -27.5925 ], [ -52.8458, -27.5443 ], [ -52.9391, -27.636 ], [ -52.95, -27.7186 ], [ -52.9391, -27.636 ], [ -53.0163, -27.5497 ], [ -52.8458, -27.5443 ], [ -52.7673, -27.5528 ], [ -52.7571, -27.5127 ], [ -52.7673, -27.5528 ], [ -52.6633, -27.5342 ] ], [ [ -53.3093, -28.8022 ], [ -53.3668, -28.7741 ], [ -53.3252, -28.7516 ], [ -53.3093, -28.8022 ] ], [ [ -52.0682, -27.9324 ], [ -52.0878, -27.9962 ], [ -52.1011, -28.0155 ], [ -52.0878, -27.9962 ], [ -52.1697, -27.9431 ], [ -52.2952, -27.9547 ], [ -52.5387, -27.9373 ], [ -52.2952, -27.9547 ], [ -52.1697, -27.9431 ], [ -52.0682, -27.9324 ] ], [ [ -53.026, -28.0443 ], [ -53.0586, -27.9563 ], [ -52.9529, -27.9372 ], [ -53.0972, -27.9026 ], [ -52.9529, -27.9372 ], [ -52.9698, -27.9696 ], [ -52.9088, -28.0146 ], [ -52.9634, -28.0346 ], [ -52.9088, -28.0146 ], [ -52.9698, -27.9696 ], [ -53.0586, -27.9563 ], [ -53.026, -28.0443 ] ], [ [ -53.0808, -28.9852 ], [ -53.1463, -28.997 ], [ -53.1332, -28.9661 ], [ -53.0808, -28.9852 ] ] ], [ [ [ -53.1211, -27.3971 ], [ -53.1241, -27.4343 ], [ -53.0994, -27.4571 ], [ -53.0167, -27.4617 ], [ -53.0994, -27.4571 ], [ -53.1241, -27.4343 ], [ -53.1211, -27.3971 ] ] ], [ [ [ -52.256, -27.5111 ], [ -52.2364, -27.4112 ], [ -52.3453, -27.2883 ], [ -52.3776, -27.3039 ], [ -52.442, -27.2582 ], [ -52.4792, -27.2349 ], [ -52.5474, -27.2388 ], [ -52.6198, -27.2658 ], [ -52.6764, -27.2457 ], [ -52.6898, -27.2902 ], [ -52.6135, -27.3693 ], [ -52.6016, -27.4089 ], [ -52.6196, -27.4517 ], [ -52.5388, -27.4924 ], [ -52.512, -27.4867 ], [ -52.3993, -27.4789 ], [ -52.256, -27.5111 ] ] ], [ [ [ -52.1479, -27.7335 ], [ -52.0613, -27.8316 ], [ -52.0546, -27.8164 ], [ -51.9617, -27.8134 ], [ -51.9634, -27.7306 ], [ -51.9872, -27.6397 ], [ -52.0677, -27.6631 ], [ -52.1479, -27.7335 ] ] ], [ [ [ -53.5154, -27.203 ], [ -53.4117, -27.1414 ], [ -53.5031, -27.1348 ], [ -53.5154, -27.203 ] ] ], [ [ [ -52.2706, -28.6705 ], [ -52.1952, -28.6549 ], [ -52.1303, -28.6146 ], [ -52.1957, -28.5737 ], [ -52.3047, -28.6074 ], [ -52.2706, -28.6705 ] ] ], [ [ [ -51.9735, -27.673 ], [ -51.9634, -27.7306 ], [ -51.893, -27.7019 ], [ -51.8928, -27.6791 ], [ -51.9735, -27.673 ] ] ], [ [ [ -51.8667, -28.6139 ], [ -51.8031, -28.5273 ], [ -51.9202, -28.4942 ], [ -52.0903, -28.5357 ], [ -52.093, -28.6159 ], [ -51.9965, -28.6105 ], [ -51.9944, -28.6725 ], [ -51.8482, -28.6635 ], [ -51.839, -28.651 ], [ -51.8629, -28.6355 ], [ -51.8667, -28.6139 ] ] ], [ [ [ -51.8176, -28.3385 ], [ -51.8575, -28.2523 ], [ -51.8844, -28.2608 ], [ -51.9719, -28.2904 ], [ -51.9638, -28.3312 ], [ -51.9202, -28.4942 ], [ -51.9145, -28.4472 ], [ -51.8944, -28.3907 ], [ -51.8176, -28.3385 ] ] ], [ [ [ -53.3037, -27.3881 ], [ -53.2025, -27.3111 ], [ -53.1906, -27.2013 ], [ -53.3272, -27.2172 ], [ -53.427, -27.4245 ], [ -53.3037, -27.3881 ] ] ], [ [ [ -53.7177, -27.1825 ], [ -53.7016, -27.1949 ], [ -53.7088, -27.2147 ], [ -53.6355, -27.26 ], [ -53.6136, -27.2855 ], [ -53.6455, -27.2196 ], [ -53.7177, -27.1825 ] ] ], [ [ [ -52.2234, -29.0684 ], [ -52.3037, -29.0038 ], [ -52.3366, -29.0591 ], [ -52.221, -29.0772 ], [ -52.2234, -29.0684 ] ] ] ] } },
{ "type": "Feature", "properties": { "cod_rgi": "4307", "nome_rgi": "Caxias do Sul" }, "geometry": { "type": "MultiPolygon", "coordinates": [ [ [ [ -51.3544, -29.3331 ], [ -51.2819, -29.3721 ], [ -51.2394, -29.3544 ], [ -51.3544, -29.3331 ] ] ], [ [ [ -51.4514, -28.4849 ], [ -51.5605, -28.5216 ], [ -51.7439, -28.5305 ], [ -51.6468, -28.6557 ], [ -51.6105, -28.6782 ], [ -51.5744, -28.6983 ], [ -51.6105, -28.6782 ], [ -51.6468, -28.6557 ], [ -51.6699, -28.6286 ], [ -51.6687, -28.6577 ], [ -51.7831, -28.6658 ], [ -51.8638, -28.6758 ], [ -51.8482, -28.6635 ], [ -51.9944, -28.6725 ], [ -51.9965, -28.6105 ], [ -52.067, -28.6165 ], [ -52.0641, -28.6143 ], [ -52.093, -28.6159 ], [ -52.088, -28.6311 ], [ -52.1108, -28.6542 ], [ -52.0847, -28.6741 ], [ -51.9852, -28.7634 ], [ -51.8322, -28.7576 ], [ -51.8703, -28.8028 ], [ -51.8322, -28.7576 ], [ -51.9852, -28.7634 ], [ -52.0391, -28.8459 ], [ -52.0327, -28.8549 ], [ -52.0039, -28.9023 ], [ -51.9583, -28.9114 ], [ -51.9508, -28.9079 ], [ -51.9436, -28.9246 ], [ -51.9058, -28.9721 ], [ -51.9247, -28.9796 ], [ -51.9319, -28.9943 ], [ -51.9183, -29.0229 ], [ -51.8141, -29.0145 ], [ -51.8084, -29.0817 ], [ -51.7122, -29.1157 ], [ -51.758, -29.1852 ], [ -51.75, -29.2081 ], [ -51.6775, -29.1993 ], [ -51.654, -29.1993 ], [ -51.3907, -29.1971 ], [ -51.7289, -29.3162 ], [ -51.729, -29.3341 ], [ -51.6911, -29.3714 ], [ -51.6912, -29.4235 ], [ -51.6109, -29.4011 ], [ -51.608, -29.4116 ], [ -51.544, -29.4192 ], [ -51.4744, -29.4003 ], [ -51.4355, -29.4319 ], [ -51.4035, -29.4335 ], [ -51.3972, -29.3516 ], [ -51.3545, -29.3519 ], [ -51.3544, -29.3331 ], [ -51.2394, -29.3544 ], [ -51.2819, -29.3721 ], [ -51.2805, -29.4185 ], [ -51.169, -29.4394 ], [ -51.178, -29.4941 ], [ -51.1125, -29.5107 ], [ -51.1061, -29.4769 ], [ -51.0776, -29.4652 ], [ -51.0126, -29.4792 ], [ -51.0084, -29.4471 ], [ -50.9552, -29.3748 ], [ -50.9566, -29.4258 ], [ -50.9103, -29.5016 ], [ -50.8011, -29.4494 ], [ -50.8092, -29.4354 ], [ -50.7722, -29.4148 ], [ -50.7218, -29.4041 ], [ -50.6573, -29.4223 ], [ -50.6444, -29.4127 ], [ -50.6472, -29.375 ], [ -50.682, -29.3652 ], [ -50.645, -29.3784 ], [ -50.6603, -29.4319 ], [ -50.7158, -29.456 ], [ -50.6885, -29.4836 ], [ -50.6739, -29.4721 ], [ -50.6305, -29.5605 ], [ -50.421, -29.5188 ], [ -50.3234, -29.4735 ], [ -50.2877, -29.4461 ], [ -50.2924, -29.468 ], [ -50.2654, -29.4554 ], [ -50.292, -29.5061 ], [ -50.2507, -29.5002 ], [ -50.2477, -29.4849 ], [ -50.1971, -29.4953 ], [ -50.2225, -29.5113 ], [ -50.1884, -29.5059 ], [ -50.1094, -29.3233 ], [ -50.0687, -29.3426 ], [ -50.1388, -29.2535 ], [ -50.0838, -29.2154 ], [ -50.047, -29.2172 ], [ -50.084, -29.2138 ], [ -50.1011, -29.1615 ], [ -50.0572, -29.1579 ], [ -50.0934, -29.1679 ], [ -50.0679, -29.1955 ], [ -50.0145, -29.1865 ], [ -50.0288, -29.1719 ], [ -50.0134, -29.1268 ], [ -49.9782, -29.1372 ], [ -49.9626, -29.1175 ], [ -49.961, -29.0508 ], [ -49.9407, -29.0223 ], [ -49.9417, -28.9814 ], [ -49.958, -28.9626 ], [ -49.9687, -28.9221 ], [ -49.9321, -28.8722 ], [ -49.9506, -28.8021 ], [ -49.9217, -28.7455 ], [ -49.9347, -28.7257 ], [ -49.9049, -28.7076 ], [ -49.9137, -28.7245 ], [ -49.8748, -28.7446 ], [ -49.8135, -28.687 ], [ -49.8392, -28.6665 ], [ -49.7789, -28.6295 ], [ -49.7574, -28.6154 ], [ -49.7102, -28.6043 ], [ -49.743, -28.4952 ], [ -49.7708, -28.4943 ], [ -49.811, -28.4843 ], [ -49.8666, -28.4886 ], [ -49.8636, -28.4628 ], [ -49.9285, -28.4512 ], [ -50.019, -28.4514 ], [ -50.1114, -28.4445 ], [ -50.1605, -28.4595 ], [ -50.3458, -28.4636 ], [ -50.3812, -28.447 ], [ -50.6285, -28.3646 ], [ -50.6952, -28.2885 ], [ -50.7621, -28.1914 ], [ -50.8324, -28.1175 ], [ -50.8759, -28.0951 ], [ -50.9039, -28.0858 ], [ -50.9232, -28.012 ], [ -50.9257, -27.9694 ], [ -51.0207, -27.9544 ], [ -51.0165, -27.9255 ], [ -51.1346, -27.8037 ], [ -51.2975, -27.7508 ], [ -51.3318, -27.7886 ], [ -51.3503, -27.808 ], [ -51.3601, -27.8801 ], [ -51.334, -27.9835 ], [ -51.2612, -28.1339 ], [ -51.2542, -28.1785 ], [ -51.3319, -28.235 ], [ -51.3268, -28.3333 ], [ -51.3231, -28.3465 ], [ -51.3591, -28.4022 ], [ -51.3608, -28.4212 ], [ -51.3807, -28.4708 ], [ -51.4183, -28.5332 ], [ -51.4514, -28.4849 ] ], [ [ -51.2633, -28.9638 ], [ -51.1225, -28.9823 ], [ -51.1106, -29.0798 ], [ -51.3071, -29.0884 ], [ -51.3705, -29.0691 ], [ -51.4605, -29.0193 ], [ -51.4977, -29.0561 ], [ -51.4605, -29.0193 ], [ -51.3705, -29.0691 ], [ -51.3071, -29.0884 ], [ -51.1106, -29.0798 ], [ -51.1225, -28.9823 ], [ -51.2633, -28.9638 ], [ -51.3105, -28.9566 ], [ -51.3549, -28.9192 ], [ -51.4712, -28.8959 ], [ -51.4941, -28.824 ], [ -51.4712, -28.8959 ], [ -51.3549, -28.9192 ], [ -51.3105, -28.9566 ], [ -51.2633, -28.9638 ] ] ], [ [ [ -51.7548, -29.2606 ], [ -51.8015, -29.2598 ], [ -51.7254, -29.2946 ], [ -51.6775, -29.1993 ], [ -51.75, -29.2081 ], [ -51.7548, -29.2606 ] ] ], [ [ [ -51.2805, -29.4185 ], [ -51.3405, -29.4736 ], [ -51.3163, -29.4857 ], [ -51.2485, -29.4456 ], [ -51.2488, -29.4336 ], [ -51.2805, -29.4185 ] ] ], [ [ [ -51.6699, -28.6286 ], [ -51.8667, -28.6139 ], [ -51.8629, -28.6355 ], [ -51.8493, -28.6489 ], [ -51.8605, -28.6581 ], [ -51.8461, -28.6706 ], [ -51.8638, -28.6758 ], [ -51.7831, -28.6658 ], [ -51.6687, -28.6577 ], [ -51.6699, -28.6286 ] ] ], [ [ [ -51.7439, -28.5305 ], [ -51.7209, -28.4791 ], [ -51.7237, -28.464 ], [ -51.7766, -28.4627 ], [ -51.7607, -28.4739 ], [ -51.7899, -28.4887 ], [ -51.7439, -28.5305 ] ] ] ] } },
{ "type": "Feature", "properties": { "cod_rgi": "4308", "nome_rgi": "Santa Cruz do Sul - Lajeado" }, "geometry": { "type": "MultiPolygon", "coordinates": [ [ [ [ -51.9508, -28.9079 ], [ -51.9583, -28.9114 ], [ -52.0039, -28.9023 ], [ -52.1659, -28.8866 ], [ -52.2318, -28.9988 ], [ -52.2146, -29.0274 ], [ -52.2234, -29.0684 ], [ -52.221, -29.0772 ], [ -52.4031, -29.251 ], [ -52.1671, -29.3271 ], [ -51.9189, -29.4516 ], [ -51.9994, -29.5884 ], [ -51.9519, -29.6094 ], [ -51.796, -29.5675 ], [ -51.7606, -29.6492 ], [ -51.6627, -29.5901 ], [ -51.665, -29.5008 ], [ -51.6904, -29.4878 ], [ -51.6917, -29.4707 ], [ -51.6911, -29.3714 ], [ -51.7766, -29.388 ], [ -51.7816, -29.4614 ], [ -51.7766, -29.388 ], [ -51.729, -29.3341 ], [ -51.7289, -29.3162 ], [ -51.7254, -29.2946 ], [ -51.7759, -29.3426 ], [ -52.0221, -29.3178 ], [ -51.9936, -29.2338 ], [ -51.9469, -29.247 ], [ -51.7759, -29.3426 ], [ -51.8015, -29.2598 ], [ -51.7548, -29.2606 ], [ -51.758, -29.1852 ], [ -51.7796, -29.0942 ], [ -51.8084, -29.0817 ], [ -51.8141, -29.0145 ], [ -51.9183, -29.0229 ], [ -51.9271, -29.0975 ], [ -51.9319, -28.9943 ], [ -51.9247, -28.9796 ], [ -51.9058, -28.9721 ], [ -51.9436, -28.9246 ], [ -51.9508, -28.9079 ] ], [ [ -52.0953, -29.0836 ], [ -51.9806, -29.1522 ], [ -52.1211, -29.217 ], [ -52.1671, -29.1741 ], [ -52.0953, -29.0836 ] ] ], [ [ [ -52.9177, -29.1863 ], [ -53.0635, -29.1567 ], [ -53.0643, -29.1827 ], [ -53.0943, -29.1399 ], [ -53.2431, -29.1686 ], [ -53.25, -29.2386 ], [ -53.2096, -29.2691 ], [ -53.2418, -29.3361 ], [ -53.2313, -29.4083 ], [ -53.1843, -29.4674 ], [ -53.137, -29.4948 ], [ -53.0926, -29.4686 ], [ -53.1021, -29.3612 ], [ -53.0133, -29.3624 ], [ -52.9739, -29.4939 ], [ -52.8012, -29.5032 ], [ -52.6915, -29.2871 ], [ -52.6831, -29.1814 ], [ -52.715, -29.1685 ], [ -52.7506, -29.1442 ], [ -52.8162, -29.1191 ], [ -52.884, -29.2057 ], [ -52.9177, -29.1863 ] ] ], [ [ [ -51.8858, -29.5978 ], [ -51.9519, -29.6094 ], [ -51.9399, -29.6231 ], [ -51.9075, -29.6682 ], [ -51.8896, -29.6327 ], [ -51.8858, -29.5978 ] ] ], [ [ [ -52.7463, -29.5093 ], [ -52.971, -29.5196 ], [ -52.9267, -29.7843 ], [ -52.8498, -29.9273 ], [ -52.741, -29.8043 ], [ -52.6867, -29.9994 ], [ -52.669, -30.1877 ], [ -52.6884, -30.2727 ], [ -52.7497, -30.3626 ], [ -52.9746, -30.6041 ], [ -52.9786, -30.7239 ], [ -52.9611, -30.8594 ], [ -52.9849, -30.8715 ], [ -53.0149, -30.8966 ], [ -52.927, -30.9256 ], [ -52.9083, -30.923 ], [ -52.8304, -30.9049 ], [ -52.653, -30.9213 ], [ -52.5616, -30.9283 ], [ -52.44, -30.8958 ], [ -52.4188, -30.8545 ], [ -52.448, -30.6554 ], [ -52.3754, -30.6871 ], [ -52.3423, -30.631 ], [ -52.3623, -30.6056 ], [ -52.4184, -30.548 ], [ -52.4046, -30.4847 ], [ -52.2996, -30.334 ], [ -52.2339, -30.436 ], [ -52.1587, -30.4427 ], [ -52.1535, -30.3338 ], [ -52.1771, -30.2769 ], [ -52.136, -30.2172 ], [ -52.148, -30.1624 ], [ -52.1394, -29.9394 ], [ -52.1406, -29.9248 ], [ -52.307, -29.7919 ], [ -52.1888, -29.6681 ], [ -52.058, -29.7263 ], [ -52.0361, -29.7024 ], [ -52.007, -29.7055 ], [ -52.0014, -29.7236 ], [ -51.961, -29.736 ], [ -51.961, -29.7643 ], [ -51.9399, -29.6231 ], [ -51.9994, -29.5884 ], [ -51.9704, -29.4974 ], [ -52.156, -29.477 ], [ -52.18, -29.5039 ], [ -52.156, -29.477 ], [ -52.3842, -29.3527 ], [ -52.4607, -29.3855 ], [ -52.5263, -29.2192 ], [ -52.6915, -29.2871 ], [ -52.6741, -29.4689 ], [ -52.6169, -29.5248 ], [ -52.6205, -29.5808 ], [ -52.6169, -29.5248 ], [ -52.6741, -29.4689 ], [ -52.7463, -29.5093 ] ] ], [ [ [ -51.9936, -29.2338 ], [ -52.0221, -29.3178 ], [ -51.9469, -29.247 ], [ -51.9936, -29.2338 ] ] ], [ [ [ -52.1211, -29.217 ], [ -51.9806, -29.1522 ], [ -52.0953, -29.0836 ], [ -52.1671, -29.1741 ], [ -52.1211, -29.217 ] ] ], [ [ [ -51.8858, -29.5978 ], [ -51.8896, -29.6327 ], [ -51.8268, -29.6488 ], [ -51.796, -29.5675 ], [ -51.8858, -29.5978 ] ] ], [ [ [ -52.1924, -29.3607 ], [ -52.1553, -29.4108 ], [ -52.0281, -29.4118 ], [ -52.1585, -29.3478 ], [ -52.1924, -29.3607 ] ] ], [ [ [ -52.9739, -29.4939 ], [ -53.0849, -29.4565 ], [ -53.137, -29.4948 ], [ -53.0324, -29.5536 ], [ -53.0386, -29.5402 ], [ -53.0223, -29.5316 ], [ -52.9739, -29.4939 ] ] ], [ [ [ -52.0281, -29.4118 ], [ -51.9704, -29.4974 ], [ -51.9189, -29.4516 ], [ -52.0281, -29.4118 ] ] ], [ [ [ -52.1888, -29.6681 ], [ -52.307, -29.7919 ], [ -52.2326, -29.7754 ], [ -52.1888, -29.6681 ] ] ], [ [ [ -51.6917, -29.4707 ], [ -51.5709, -29.4567 ], [ -51.6409, -29.4172 ], [ -51.608, -29.4116 ], [ -51.6109, -29.4011 ], [ -51.6912, -29.4235 ], [ -51.6917, -29.4707 ] ] ], [ [ [ -52.1924, -29.3607 ], [ -52.2242, -29.4213 ], [ -52.1553, -29.4108 ], [ -52.1924, -29.3607 ] ] ], [ [ [ -51.7588, -29.7993 ], [ -51.7606, -29.6492 ], [ -51.8268, -29.6488 ], [ -51.9075, -29.6682 ], [ -51.8408, -29.8238 ], [ -51.8155, -29.8618 ], [ -51.7164, -29.8607 ], [ -51.7583, -29.8188 ], [ -51.7588, -29.7993 ] ] ], [ [ [ -52.9294, -29.076 ], [ -52.9874, -29.1057 ], [ -52.884, -29.2057 ], [ -52.8162, -29.1191 ], [ -52.8169, -29.0837 ], [ -52.8171, -29.0315 ], [ -52.9294, -29.076 ] ] ], [ [ [ -52.058, -29.7263 ], [ -52.2326, -29.7754 ], [ -52.1406, -29.9248 ], [ -52.0681, -29.9321 ], [ -52.0158, -29.9328 ], [ -52.0587, -29.8143 ], [ -52.0144, -29.7361 ], [ -52.0374, -29.7038 ], [ -52.058, -29.7263 ] ] ] ] } },
{ "type": "Feature", "properties": { "cod_rgi": "5001", "nome_rgi": "Campo Grande" }, "geometry": { "type": "Polygon", "coordinates": [ [ [ -53.8986, -17.9088 ], [ -53.9544, -17.8686 ], [ -53.8559, -17.7027 ], [ -53.7093, -17.6656 ], [ -53.6801, -17.2536 ], [ -53.7051, -17.2282 ], [ -53.8201, -17.2946 ], [ -54.0764, -17.6157 ], [ -54.3024, -17.6617 ], [ -54.4215, -17.5365 ], [ -54.5817, -17.468 ], [ -54.8609, -17.6239 ], [ -54.9918, -17.6384 ], [ -55.1088, -17.6287 ], [ -55.139, -17.6478 ], [ -55.398, -18.578 ], [ -55.4643, -19.2178 ], [ -55.353, -19.2642 ], [ -55.1369, -19.3461 ], [ -55.1218, -19.3532 ], [ -55.1145, -19.3702 ], [ -55.1929, -19.4074 ], [ -55.235, -19.5268 ], [ -55.1389, -19.6195 ], [ -55.2353, -19.5208 ], [ -55.2902, -19.6053 ], [ -55.3548, -19.7692 ], [ -55.3304, -19.93 ], [ -55.2681, -20.0002 ], [ -55.2235, -19.9784 ], [ -55.1612, -19.987 ], [ -55.1574, -19.9517 ], [ -55.0648, -20.1087 ], [ -54.9619, -20.1651 ], [ -55.2186, -20.1872 ], [ -55.2439, -20.3002 ], [ -55.324, -20.1732 ], [ -55.4513, -20.1407 ], [ -55.5127, -20.1888 ], [ -55.4526, -20.3082 ], [ -55.4662, -20.4765 ], [ -55.5537, -20.5073 ], [ -55.5868, -20.5079 ], [ -55.5287, -20.7379 ], [ -55.4132, -20.846 ], [ -55.3679, -20.9316 ], [ -55.3712, -20.9581 ], [ -55.2724, -21.0068 ], [ -55.3075, -21.1383 ], [ -55.3149, -21.2074 ], [ -55.2992, -21.3446 ], [ -55.0587, -21.587 ], [ -55.0133, -21.4841 ], [ -54.8377, -21.3524 ], [ -54.7697, -21.378 ], [ -54.7012, -21.3557 ], [ -54.6658, -21.4815 ], [ -54.6548, -21.5231 ], [ -54.3555, -21.5805 ], [ -54.2791, -21.6539 ], [ -53.9523, -21.831 ], [ -53.8743, -21.8983 ], [ -53.7277, -21.8057 ], [ -53.7272, -21.6644 ], [ -53.6263, -21.6132 ], [ -53.5769, -21.6094 ], [ -53.4281, -21.5526 ], [ -53.3155, -21.5818 ], [ -53.1796, -21.5956 ], [ -53.0315, -21.6066 ], [ -52.9794, -21.6534 ], [ -53.0391, -21.6226 ], [ -53.0798, -21.7989 ], [ -53.0764, -21.837 ], [ -52.8718, -21.8805 ], [ -52.632, -21.832 ], [ -52.3919, -22.1147 ], [ -52.1906, -21.8461 ], [ -52.1613, -21.7708 ], [ -52.0665, -21.5046 ], [ -52.0004, -21.5166 ], [ -51.9679, -21.5018 ], [ -51.9287, -21.4558 ], [ -51.8653, -21.3489 ], [ -51.8485, -21.2666 ], [ -51.8759, -21.1361 ], [ -51.7897, -21.1021 ], [ -51.7685, -21.0365 ], [ -51.723, -20.9774 ], [ -51.6236, -20.9444 ], [ -51.6297, -20.8615 ], [ -51.5002, -20.5682 ], [ -51.4492, -20.4828 ], [ -51.2957, -20.3285 ], [ -51.137, -20.2975 ], [ -51.0654, -20.2455 ], [ -51.0005, -20.0854 ], [ -50.9995, -19.9064 ], [ -50.9876, -19.5895 ], [ -50.9231, -19.5761 ], [ -50.9629, -19.5006 ], [ -50.9853, -19.4314 ], [ -50.9851, -19.4104 ], [ -51.018, -19.3839 ], [ -51.1805, -19.2835 ], [ -51.3078, -19.2185 ], [ -51.3751, -19.1946 ], [ -51.5767, -19.1266 ], [ -51.658, -19.1379 ], [ -51.8413, -19.0571 ], [ -52.1815, -18.8479 ], [ -52.4491, -18.691 ], [ -52.5929, -18.6899 ], [ -52.7475, -18.692 ], [ -52.9168, -18.6403 ], [ -52.9399, -18.6133 ], [ -52.881, -18.4655 ], [ -52.7985, -18.4149 ], [ -53.0139, -18.3261 ], [ -53.0699, -18.3429 ], [ -53.1012, -18.3108 ], [ -53.1237, -18.0588 ], [ -53.0786, -18.053 ], [ -53.0723, -18.034 ], [ -53.1768, -18.0416 ], [ -53.2415, -18.0047 ], [ -53.439, -17.9839 ], [ -53.6161, -17.9762 ], [ -53.8986, -17.9088 ] ], [ [ -52.5653, -19.3971 ], [ -52.5197, -19.4915 ], [ -52.4733, -19.4186 ], [ -52.3898, -19.3358 ], [ -52.2163, -19.3759 ], [ -52.3898, -19.3358 ], [ -52.4733, -19.4186 ], [ -52.4368, -19.6378 ], [ -52.3341, -19.7283 ], [ -52.4368, -19.6378 ], [ -52.5197, -19.4915 ], [ -52.5653, -19.3971 ] ], [ [ -54.8163, -20.7396 ], [ -54.8227, -20.7778 ], [ -54.8682, -20.7835 ], [ -55.0659, -20.7412 ], [ -55.2218, -20.6899 ], [ -55.0659, -20.7412 ], [ -54.8682, -20.7835 ], [ -54.8243, -20.7763 ], [ -54.8542, -20.6857 ], [ -54.7954, -20.5626 ], [ -54.8243, -20.7763 ], [ -54.8163, -20.7396 ] ], [ [ -54.6281, -19.5609 ], [ -54.7354, -19.6222 ], [ -54.7312, -19.5439 ], [ -54.6281, -19.5609 ] ] ] } },
{ "type": "Feature", "properties": { "cod_rgi": "5002", "nome_rgi": "Dourados" }, "geometry": { "type": "Polygon", "coordinates": [ [ [ -54.8418, -23.4757 ], [ -54.6728, -23.649 ], [ -54.6097, -23.8514 ], [ -54.2874, -24.0686 ], [ -54.1203, -23.9741 ], [ -54.0794, -23.8808 ], [ -54.0864, -23.8655 ], [ -54.1323, -23.9178 ], [ -54.211, -23.9234 ], [ -54.1261, -23.9138 ], [ -54.084, -23.865 ], [ -54.0805, -23.7809 ], [ -54.057, -23.6436 ], [ -54.2108, -23.5736 ], [ -54.0626, -23.6383 ], [ -53.9866, -23.4648 ], [ -53.9132, -23.4042 ], [ -53.8842, -23.3583 ], [ -53.9602, -23.4434 ], [ -53.9321, -23.4459 ], [ -53.7664, -23.3681 ], [ -53.6366, -23.125 ], [ -53.5419, -22.8862 ], [ -53.1889, -22.7219 ], [ -53.1052, -22.6219 ], [ -53.0738, -22.5489 ], [ -52.8578, -22.4415 ], [ -52.3919, -22.1147 ], [ -52.632, -21.832 ], [ -52.8718, -21.8805 ], [ -53.0764, -21.837 ], [ -53.1511, -21.9741 ], [ -53.3549, -22.3361 ], [ -53.4984, -22.6043 ], [ -53.5231, -22.6066 ], [ -53.6629, -22.5722 ], [ -53.4977, -22.5867 ], [ -53.0763, -21.8373 ], [ -53.0798, -21.7989 ], [ -53.0391, -21.6226 ], [ -53.1796, -21.5956 ], [ -53.3155, -21.5818 ], [ -53.4281, -21.5526 ], [ -53.5769, -21.6094 ], [ -53.6263, -21.6132 ], [ -53.7272, -21.6644 ], [ -53.7277, -21.8057 ], [ -53.8743, -21.8983 ], [ -53.9523, -21.831 ], [ -54.2791, -21.6539 ], [ -54.3555, -21.5805 ], [ -54.6548, -21.5231 ], [ -54.6658, -21.4815 ], [ -54.7012, -21.3557 ], [ -54.7697, -21.378 ], [ -54.8377, -21.3524 ], [ -55.0133, -21.4841 ], [ -55.0587, -21.587 ], [ -55.2992, -21.3446 ], [ -55.3149, -21.2074 ], [ -55.3075, -21.1383 ], [ -55.2724, -21.0068 ], [ -55.3795, -21.1056 ], [ -55.4415, -21.1005 ], [ -55.4794, -21.0519 ], [ -55.4967, -21.0764 ], [ -55.6308, -21.0653 ], [ -55.6046, -21.0918 ], [ -55.6567, -21.0729 ], [ -55.6325, -21.1028 ], [ -55.6249, -21.1565 ], [ -55.6089, -21.1804 ], [ -55.6189, -21.1735 ], [ -55.6186, -21.213 ], [ -55.66, -21.2261 ], [ -55.6512, -21.2093 ], [ -55.6866, -21.1974 ], [ -55.6789, -21.2205 ], [ -55.712, -21.2578 ], [ -55.6834, -21.2725 ], [ -55.6602, -21.2688 ], [ -55.6684, -21.3001 ], [ -55.7102, -21.3018 ], [ -55.6718, -21.3796 ], [ -55.6328, -21.3738 ], [ -55.664, -21.4014 ], [ -55.6342, -21.4005 ], [ -55.6503, -21.4154 ], [ -55.6627, -21.4215 ], [ -55.6551, -21.4104 ], [ -55.6918, -21.3975 ], [ -55.67, -21.4146 ], [ -55.6793, -21.439 ], [ -55.6519, -21.4598 ], [ -55.7042, -21.4661 ], [ -55.701, -21.4225 ], [ -55.7492, -21.4188 ], [ -55.7251, -21.4426 ], [ -55.7469, -21.444 ], [ -55.7785, -21.4385 ], [ -55.7822, -21.4325 ], [ -55.8107, -21.4254 ], [ -55.8375, -21.4752 ], [ -55.8015, -21.4947 ], [ -55.7937, -21.5066 ], [ -55.8217, -21.5309 ], [ -55.7991, -21.5458 ], [ -55.801, -21.5689 ], [ -55.7757, -21.5848 ], [ -55.7706, -21.6135 ], [ -55.7432, -21.6438 ], [ -55.818, -21.6479 ], [ -55.8389, -21.6277 ], [ -55.7306, -21.7868 ], [ -55.8601, -21.6644 ], [ -55.8686, -21.6551 ], [ -55.8959, -21.6709 ], [ -55.9158, -21.6882 ], [ -55.9471, -21.6374 ], [ -55.9745, -21.6549 ], [ -55.8745, -21.7936 ], [ -55.8945, -21.812 ], [ -55.9213, -21.8609 ], [ -55.9361, -21.8483 ], [ -55.9503, -21.8538 ], [ -55.9644, -21.8577 ], [ -55.9829, -21.8454 ], [ -56.0075, -21.8328 ], [ -56.0037, -21.8466 ], [ -55.9764, -21.9266 ], [ -56.0096, -21.902 ], [ -56.0139, -21.8947 ], [ -56.0406, -21.9167 ], [ -56.0649, -21.8847 ], [ -56.0915, -21.8942 ], [ -56.0849, -21.9074 ], [ -56.0724, -21.9083 ], [ -56.0593, -21.9285 ], [ -56.0175, -22.0012 ], [ -55.9899, -22.0324 ], [ -55.9966, -22.0548 ], [ -55.9932, -22.0675 ], [ -55.9389, -22.0961 ], [ -55.9826, -22.0904 ], [ -56.0076, -22.0578 ], [ -56.0173, -22.0936 ], [ -56.0243, -22.1311 ], [ -56.2877, -22.1614 ], [ -56.2126, -22.2758 ], [ -55.8533, -22.2803 ], [ -55.6147, -22.6997 ], [ -55.6659, -22.8525 ], [ -55.5233, -23.1978 ], [ -55.5604, -23.4831 ], [ -55.4302, -23.7901 ], [ -55.4463, -23.9169 ], [ -55.229, -24.014 ], [ -55.0623, -23.9933 ], [ -54.6884, -23.8222 ], [ -54.6728, -23.649 ], [ -54.8418, -23.4757 ] ], [ [ -54.6584, -22.6933 ], [ -54.5974, -22.6297 ], [ -54.4699, -22.5867 ], [ -54.4717, -22.5094 ], [ -54.5168, -22.447 ], [ -54.5243, -22.4085 ], [ -54.4722, -22.5062 ], [ -54.4723, -22.5922 ], [ -54.6584, -22.6933 ] ], [ [ -55.4119, -21.8939 ], [ -55.0116, -21.8887 ], [ -54.83, -21.788 ], [ -55.008, -21.9379 ], [ -55.4119, -21.8939 ] ] ] } },
{ "type": "Feature", "properties": { "cod_rgi": "5003", "nome_rgi": "Corumbá" }, "geometry": { "type": "Polygon", "coordinates": [ [ [ -55.4132, -20.846 ], [ -55.5287, -20.7379 ], [ -55.5868, -20.5079 ], [ -55.5537, -20.5073 ], [ -55.4662, -20.4765 ], [ -55.4526, -20.3082 ], [ -55.5127, -20.1888 ], [ -55.4513, -20.1407 ], [ -55.324, -20.1732 ], [ -55.2439, -20.3002 ], [ -55.2186, -20.1872 ], [ -55.0648, -20.1087 ], [ -55.1574, -19.9517 ], [ -55.1612, -19.987 ], [ -55.2235, -19.9784 ], [ -55.2681, -20.0002 ], [ -55.3304, -19.93 ], [ -55.3548, -19.7692 ], [ -55.1987, -19.4157 ], [ -55.1145, -19.3702 ], [ -55.1218, -19.3532 ], [ -55.1369, -19.3461 ], [ -55.353, -19.2642 ], [ -55.4643, -19.2178 ], [ -55.3986, -18.5802 ], [ -55.142, -17.6393 ], [ -55.2215, -17.6171 ], [ -55.5871, -17.4217 ], [ -55.6263, -17.364 ], [ -55.64, -17.3397 ], [ -55.6566, -17.3383 ], [ -55.7091, -17.3376 ], [ -55.7612, -17.3235 ], [ -55.8065, -17.298 ], [ -55.8263, -17.2888 ], [ -55.8748, -17.2686 ], [ -55.8865, -17.2639 ], [ -55.9263, -17.2579 ], [ -55.9519, -17.2502 ], [ -55.9887, -17.2415 ], [ -56.0086, -17.2142 ], [ -56.0055, -17.2042 ], [ -56.2854, -17.2474 ], [ -56.3359, -17.2899 ], [ -56.3567, -17.267 ], [ -56.4524, -17.3102 ], [ -56.5018, -17.2863 ], [ -56.5712, -17.3153 ], [ -56.6304, -17.3342 ], [ -56.6474, -17.317 ], [ -56.6636, -17.3388 ], [ -56.6832, -17.3166 ], [ -56.7629, -17.3606 ], [ -57.0739, -17.7355 ], [ -57.2326, -17.8124 ], [ -57.3081, -17.8108 ], [ -57.3765, -17.8258 ], [ -57.4467, -17.8745 ], [ -57.4776, -17.8591 ], [ -57.6688, -17.6719 ], [ -57.7523, -17.5645 ], [ -57.7207, -17.8279 ], [ -57.5578, -18.2403 ], [ -57.7844, -19.0339 ], [ -58.1318, -19.7585 ], [ -57.8582, -19.9714 ], [ -58.0889, -20.1078 ], [ -58.0126, -20.6126 ], [ -57.8124, -20.8613 ], [ -57.7472, -20.7986 ], [ -57.8124, -20.8613 ], [ -57.8537, -21.3321 ], [ -57.9684, -21.5278 ], [ -57.9297, -22.1203 ], [ -57.2925, -22.2187 ], [ -56.9967, -22.2225 ], [ -56.8424, -22.3016 ], [ -56.3941, -22.0744 ], [ -56.2877, -22.1614 ], [ -56.0243, -22.1311 ], [ -56.0173, -22.0936 ], [ -56.0076, -22.0578 ], [ -55.9932, -22.0675 ], [ -55.9966, -22.0548 ], [ -55.9899, -22.0324 ], [ -56.0175, -22.0012 ], [ -56.0593, -21.9285 ], [ -56.0724, -21.9083 ], [ -56.0849, -21.9074 ], [ -56.0899, -21.8947 ], [ -56.0626, -21.8848 ], [ -56.0406, -21.9167 ], [ -56.0139, -21.8947 ], [ -56.0096, -21.902 ], [ -55.9764, -21.9266 ], [ -56.0037, -21.8466 ], [ -56.0075, -21.8328 ], [ -55.9829, -21.8454 ], [ -55.9644, -21.8577 ], [ -55.9503, -21.8538 ], [ -55.9361, -21.8483 ], [ -55.9213, -21.8609 ], [ -55.8945, -21.812 ], [ -55.8745, -21.7936 ], [ -55.9745, -21.6549 ], [ -55.9471, -21.6374 ], [ -55.9158, -21.6882 ], [ -55.8959, -21.6709 ], [ -55.8686, -21.6551 ], [ -55.8601, -21.6644 ], [ -55.8389, -21.6277 ], [ -55.818, -21.6479 ], [ -55.7432, -21.6438 ], [ -55.7706, -21.6135 ], [ -55.7757, -21.5848 ], [ -55.801, -21.5689 ], [ -55.7991, -21.5458 ], [ -55.8217, -21.5309 ], [ -55.7937, -21.5066 ], [ -55.8015, -21.4947 ], [ -55.8375, -21.4752 ], [ -55.8107, -21.4254 ], [ -55.7822, -21.4325 ], [ -55.7785, -21.4385 ], [ -55.7469, -21.444 ], [ -55.7251, -21.4426 ], [ -55.7492, -21.4188 ], [ -55.7186, -21.4425 ], [ -55.7042, -21.4661 ], [ -55.6519, -21.4598 ], [ -55.6793, -21.439 ], [ -55.67, -21.4146 ], [ -55.6918, -21.3975 ], [ -55.6551, -21.4104 ], [ -55.6627, -21.4215 ], [ -55.6455, -21.4096 ], [ -55.664, -21.4014 ], [ -55.6328, -21.3738 ], [ -55.6718, -21.3796 ], [ -55.7102, -21.3018 ], [ -55.6684, -21.3001 ], [ -55.6602, -21.2688 ], [ -55.6834, -21.2725 ], [ -55.712, -21.2578 ], [ -55.6789, -21.2205 ], [ -55.6866, -21.1974 ], [ -55.6512, -21.2093 ], [ -55.66, -21.2261 ], [ -55.6186, -21.213 ], [ -55.6189, -21.1735 ], [ -55.6089, -21.1804 ], [ -55.6249, -21.1565 ], [ -55.6325, -21.1028 ], [ -55.6567, -21.0729 ], [ -55.6046, -21.0918 ], [ -55.6308, -21.0653 ], [ -55.4967, -21.0764 ], [ -55.4794, -21.0519 ], [ -55.4415, -21.1005 ], [ -55.3795, -21.1056 ], [ -55.3712, -20.9581 ], [ -55.3679, -20.9316 ], [ -55.4132, -20.846 ] ] ] } },
{ "type": "Feature", "properties": { "cod_rgi": "5101", "nome_rgi": "Cuiabá" }, "geometry": { "type": "MultiPolygon", "coordinates": [ [ [ [ -56.4208, -14.7446 ], [ -56.5935, -14.8576 ], [ -56.7006, -14.9706 ], [ -56.9823, -15.3806 ], [ -56.8386, -15.1957 ], [ -56.8183, -15.1455 ], [ -56.6522, -14.912 ], [ -56.4208, -14.7446 ] ] ], [ [ [ -55.6263, -17.364 ], [ -55.5319, -17.3288 ], [ -55.3678, -17.3637 ], [ -55.0821, -17.1324 ], [ -54.9349, -17.0872 ], [ -54.8409, -17.0722 ], [ -54.8396, -16.9986 ], [ -54.8751, -16.9029 ], [ -54.8273, -16.7589 ], [ -54.9631, -16.5241 ], [ -54.9711, -16.472 ], [ -55.0478, -16.4502 ], [ -55.1833, -16.4329 ], [ -55.3054, -15.8961 ], [ -55.0929, -15.6648 ], [ -54.962, -15.6177 ], [ -54.9158, -15.4899 ], [ -54.708, -15.3929 ], [ -54.5203, -15.2843 ], [ -54.4542, -15.2057 ], [ -54.4865, -15.0273 ], [ -54.5616, -14.9731 ], [ -54.6198, -14.9834 ], [ -54.4783, -14.7759 ], [ -54.6049, -14.7811 ], [ -54.6771, -14.7638 ], [ -54.6049, -14.7811 ], [ -54.3271, -14.7307 ], [ -54.3306, -14.6413 ], [ -54.775, -14.3211 ], [ -54.8298, -14.3185 ], [ -54.8502, -14.2288 ], [ -54.8747, -14.2141 ], [ -55.0313, -14.2545 ], [ -55.1968, -14.2165 ], [ -55.3097, -14.2366 ], [ -55.3588, -14.1564 ], [ -55.6589, -14.018 ], [ -55.7088, -14.1171 ], [ -55.8169, -14.1595 ], [ -55.8448, -14.1522 ], [ -55.904, -14.183 ], [ -55.9461, -14.212 ], [ -55.9769, -14.2152 ], [ -56.0544, -14.1444 ], [ -56.1894, -14.1436 ], [ -56.2803, -14.0838 ], [ -56.3783, -13.8677 ], [ -56.4139, -13.7584 ], [ -56.4161, -13.6291 ], [ -56.4235, -13.6123 ], [ -56.6098, -13.4008 ], [ -56.6445, -13.2879 ], [ -56.7132, -12.997 ], [ -56.7617, -12.9106 ], [ -56.7979, -12.7917 ], [ -56.7973, -12.7564 ], [ -56.9002, -12.5635 ], [ -56.9677, -12.3975 ], [ -57.0408, -12.2555 ], [ -57.0454, -12.2066 ], [ -57.0677, -12.1578 ], [ -57.1336, -12.0508 ], [ -57.311, -11.7543 ], [ -57.3535, -11.7683 ], [ -57.3924, -11.8189 ], [ -57.4266, -11.9989 ], [ -57.7324, -12.2094 ], [ -57.7505, -12.1726 ], [ -57.8038, -12.1426 ], [ -57.8301, -12.1252 ], [ -57.8641, -11.9842 ], [ -58.0763, -11.6929 ], [ -58.3491, -10.9397 ], [ -58.3857, -10.9949 ], [ -58.357, -11.125 ], [ -58.365, -11.1912 ], [ -58.3297, -11.274 ], [ -58.3892, -11.6028 ], [ -58.3905, -11.7191 ], [ -58.5301, -11.9976 ], [ -58.7874, -12.1552 ], [ -58.8755, -12.2577 ], [ -58.9094, -12.4994 ], [ -58.9254, -12.6578 ], [ -58.914, -12.9168 ], [ -59.019, -13.2065 ], [ -59.0315, -13.3138 ], [ -59.0123, -13.4601 ], [ -59.0254, -13.4956 ], [ -59.0212, -13.9072 ], [ -59.0446, -14.0004 ], [ -58.0809, -13.9984 ], [ -58.0993, -14.0702 ], [ -58.0834, -14.0004 ], [ -59.0446, -14.0004 ], [ -59.0372, -14.0608 ], [ -59.066, -14.17 ], [ -59.075, -14.5229 ], [ -59.0486, -14.5378 ], [ -59.0758, -14.6586 ], [ -58.9625, -14.5868 ], [ -58.7567, -14.5942 ], [ -58.7824, -14.8117 ], [ -58.7233, -15.0049 ], [ -58.6505, -14.8948 ], [ -58.6225, -14.8345 ], [ -58.5687, -14.777 ], [ -58.3928, -14.7101 ], [ -58.3692, -14.7792 ], [ -58.2279, -14.7703 ], [ -58.2142, -14.8011 ], [ -58.0164, -15.0001 ], [ -57.7304, -15.0003 ], [ -57.6393, -15.1543 ], [ -57.5751, -15.4029 ], [ -57.4981, -15.6429 ], [ -57.5199, -15.7054 ], [ -57.4503, -15.7546 ], [ -57.2554, -15.7952 ], [ -57.2347, -15.8154 ], [ -57.2191, -15.8647 ], [ -57.2045, -15.8199 ], [ -57.1657, -15.7873 ], [ -57.2161, -15.8497 ], [ -57.0605, -15.8188 ], [ -57.0745, -15.8755 ], [ -57.154, -16.0003 ], [ -57.0861, -16.4216 ], [ -57.4049, -16.6381 ], [ -57.393, -16.7595 ], [ -57.3467, -16.7576 ], [ -57.3808, -16.9986 ], [ -57.3765, -17.0303 ], [ -57.3941, -17.0781 ], [ -57.3682, -17.1135 ], [ -57.3478, -17.2848 ], [ -57.338, -17.318 ], [ -57.3422, -17.3326 ], [ -57.3672, -17.3534 ], [ -57.3813, -17.3781 ], [ -57.4435, -17.4595 ], [ -57.4558, -17.4688 ], [ -57.5153, -17.5335 ], [ -57.5182, -17.5382 ], [ -57.5568, -17.5762 ], [ -57.692, -17.6278 ], [ -57.6688, -17.6719 ], [ -57.4776, -17.8591 ], [ -57.4467, -17.8745 ], [ -57.3765, -17.8258 ], [ -57.3081, -17.8108 ], [ -57.2326, -17.8124 ], [ -57.0739, -17.7355 ], [ -56.7629, -17.3606 ], [ -56.6832, -17.3166 ], [ -56.6636, -17.3388 ], [ -56.6474, -17.317 ], [ -56.6304, -17.3342 ], [ -56.5712, -17.3153 ], [ -56.5018, -17.2863 ], [ -56.4524, -17.3102 ], [ -56.3567, -17.267 ], [ -56.3359, -17.2899 ], [ -56.2854, -17.2474 ], [ -56.0055, -17.2042 ], [ -56.0086, -17.2142 ], [ -55.9887, -17.2415 ], [ -55.9519, -17.2502 ], [ -55.9263, -17.2579 ], [ -55.8865, -17.2639 ], [ -55.8748, -17.2686 ], [ -55.8263, -17.2888 ], [ -55.8065, -17.298 ], [ -55.7612, -17.3235 ], [ -55.7091, -17.3376 ], [ -55.6566, -17.3383 ], [ -55.64, -17.3397 ], [ -55.6263, -17.364 ] ], [ [ -56.2027, -14.9907 ], [ -56.1951, -15.0979 ], [ -56.1119, -15.0832 ], [ -56.0234, -15.0995 ], [ -56.1119, -15.0832 ], [ -56.1298, -15.1001 ], [ -56.1951, -15.0979 ], [ -56.2027, -14.9907 ] ], [ [ -56.991, -14.5311 ], [ -57.0851, -14.5764 ], [ -57.3081, -14.6486 ], [ -57.4104, -14.6702 ], [ -57.3081, -14.6486 ], [ -56.991, -14.5311 ] ] ] ] } },
{ "type": "Feature", "properties": { "cod_rgi": "5102", "nome_rgi": "Cáceres" }, "geometry": { "type": "Polygon", "coordinates": [ [ [ -58.7233, -15.0049 ], [ -58.7824, -14.8117 ], [ -58.7567, -14.5942 ], [ -58.9625, -14.5868 ], [ -59.1668, -14.7381 ], [ -59.2636, -14.8352 ], [ -59.1668, -14.7381 ], [ -59.0758, -14.6586 ], [ -59.0486, -14.5378 ], [ -59.075, -14.5229 ], [ -59.066, -14.17 ], [ -59.0372, -14.0608 ], [ -59.0461, -13.9882 ], [ -59.0212, -13.9072 ], [ -59.0254, -13.4956 ], [ -59.0123, -13.4601 ], [ -59.0315, -13.3138 ], [ -59.019, -13.2065 ], [ -58.914, -12.9168 ], [ -58.9254, -12.6578 ], [ -58.9094, -12.4994 ], [ -58.8755, -12.2577 ], [ -59.1151, -12.3099 ], [ -59.3323, -12.2797 ], [ -59.5972, -12.313 ], [ -59.7929, -12.3458 ], [ -60.0227, -12.5563 ], [ -60.0813, -12.8893 ], [ -60.3038, -13.1784 ], [ -60.384, -13.4492 ], [ -60.7168, -13.6822 ], [ -60.4788, -13.8044 ], [ -60.4532, -14.3143 ], [ -60.2721, -14.6203 ], [ -60.2443, -15.0968 ], [ -60.565, -15.1087 ], [ -60.2386, -15.4739 ], [ -60.1717, -16.2661 ], [ -59.4692, -16.2796 ], [ -59.4765, -16.1484 ], [ -59.4692, -16.2796 ], [ -58.7861, -16.3069 ], [ -58.7958, -16.2512 ], [ -58.7137, -16.14 ], [ -58.7958, -16.2512 ], [ -58.7861, -16.3069 ], [ -58.3071, -16.3702 ], [ -58.4706, -16.703 ], [ -58.436, -17.0828 ], [ -58.2636, -17.3447 ], [ -57.9964, -17.5156 ], [ -57.7523, -17.5645 ], [ -57.692, -17.6278 ], [ -57.5568, -17.5762 ], [ -57.5182, -17.5382 ], [ -57.5153, -17.5335 ], [ -57.4558, -17.4688 ], [ -57.4435, -17.4595 ], [ -57.3813, -17.3781 ], [ -57.3672, -17.3534 ], [ -57.3422, -17.3326 ], [ -57.338, -17.318 ], [ -57.3478, -17.2848 ], [ -57.3682, -17.1135 ], [ -57.3941, -17.0781 ], [ -57.3765, -17.0303 ], [ -57.3808, -16.9986 ], [ -57.3467, -16.7576 ], [ -57.393, -16.7595 ], [ -57.4049, -16.6381 ], [ -57.0861, -16.4216 ], [ -57.154, -16.0003 ], [ -57.0745, -15.8755 ], [ -57.0605, -15.8188 ], [ -57.2161, -15.8497 ], [ -57.2191, -15.8647 ], [ -57.2347, -15.8154 ], [ -57.2554, -15.7952 ], [ -57.4503, -15.7546 ], [ -57.5199, -15.7054 ], [ -57.4981, -15.6429 ], [ -57.5751, -15.4029 ], [ -57.6393, -15.1543 ], [ -57.7304, -15.0003 ], [ -58.0164, -15.0001 ], [ -58.2142, -14.8011 ], [ -58.2279, -14.7703 ], [ -58.3692, -14.7792 ], [ -58.3928, -14.7101 ], [ -58.5687, -14.777 ], [ -58.6225, -14.8345 ], [ -58.6505, -14.8948 ], [ -58.7233, -15.0049 ] ], [ [ -58.2888, -15.5259 ], [ -58.5832, -15.5089 ], [ -58.5832, -15.5683 ], [ -58.5806, -15.5115 ], [ -58.6012, -15.4952 ], [ -58.6598, -15.3411 ], [ -58.6963, -15.3135 ], [ -58.7493, -15.2945 ], [ -58.6963, -15.3135 ], [ -58.6598, -15.3411 ], [ -58.6004, -15.4967 ], [ -58.484, -15.5157 ], [ -58.2888, -15.5259 ] ] ] } },
{ "type": "Feature", "properties": { "cod_rgi": "5103", "nome_rgi": "Sinop" }, "geometry": { "type": "MultiPolygon", "coordinates": [ [ [ [ -56.2738, -9.4007 ], [ -56.6719, -9.3674 ], [ -56.7792, -9.3172 ], [ -56.9955, -9.2338 ], [ -57.0604, -9.1371 ], [ -57.1383, -8.9946 ], [ -57.2996, -8.914 ], [ -57.5304, -8.7482 ], [ -57.6247, -8.6388 ], [ -57.6869, -8.4163 ], [ -57.6672, -8.1765 ], [ -57.8288, -7.9729 ], [ -57.8738, -7.8012 ], [ -57.9396, -7.6531 ], [ -58.0614, -7.3952 ], [ -58.2131, -7.4585 ], [ -58.2805, -7.7065 ], [ -58.3847, -7.844 ], [ -58.2884, -8.0796 ], [ -58.4171, -8.492 ], [ -58.3262, -8.72 ], [ -58.3953, -8.7803 ], [ -58.4429, -8.7994 ], [ -59.1256, -8.8033 ], [ -59.0567, -8.8366 ], [ -59.1256, -8.8033 ], [ -61.5236, -8.8186 ], [ -61.5262, -9.2458 ], [ -61.6259, -9.363 ], [ -61.6123, -9.3559 ], [ -61.5506, -9.4177 ], [ -61.503, -9.6153 ], [ -61.5069, -9.662 ], [ -61.5053, -9.6914 ], [ -61.5747, -9.7178 ], [ -61.5315, -9.7399 ], [ -61.5079, -9.8611 ], [ -61.5559, -10.039 ], [ -61.5844, -10.0596 ], [ -61.5606, -10.1734 ], [ -61.5517, -10.1978 ], [ -61.5162, -10.3344 ], [ -61.4618, -10.4199 ], [ -61.5109, -10.7937 ], [ -61.5301, -10.979 ], [ -60.4585, -10.9893 ], [ -60.4509, -10.9079 ], [ -60.4379, -11.0167 ], [ -60.348, -11.109 ], [ -59.9978, -11.1514 ], [ -59.9206, -11.398 ], [ -60.1141, -11.5875 ], [ -60.1088, -11.8396 ], [ -59.9858, -11.9121 ], [ -59.8923, -12.2455 ], [ -59.5972, -12.313 ], [ -59.3323, -12.2797 ], [ -59.1151, -12.3099 ], [ -58.7874, -12.1552 ], [ -58.5301, -11.9976 ], [ -58.3905, -11.7191 ], [ -58.3892, -11.6028 ], [ -58.3297, -11.274 ], [ -58.3746, -11.242 ], [ -58.365, -11.1912 ], [ -58.357, -11.125 ], [ -58.3857, -10.9949 ], [ -58.3491, -10.9397 ], [ -58.0763, -11.6929 ], [ -57.8641, -11.9842 ], [ -57.8301, -12.1252 ], [ -57.8038, -12.1426 ], [ -57.7505, -12.1726 ], [ -57.7324, -12.2094 ], [ -57.4266, -11.9989 ], [ -57.3924, -11.8189 ], [ -57.3535, -11.7683 ], [ -57.311, -11.7543 ], [ -57.1336, -12.0508 ], [ -57.0677, -12.1578 ], [ -57.0454, -12.2066 ], [ -57.0408, -12.2555 ], [ -56.9313, -12.2878 ], [ -56.9677, -12.3975 ], [ -56.9002, -12.5635 ], [ -56.7973, -12.7564 ], [ -56.7979, -12.7917 ], [ -56.7719, -12.8355 ], [ -56.5007, -12.8882 ], [ -56.514, -12.8982 ], [ -56.5468, -12.9477 ], [ -56.5007, -12.8882 ], [ -56.7719, -12.8355 ], [ -56.7617, -12.9106 ], [ -56.7132, -12.997 ], [ -56.6445, -13.2879 ], [ -56.6098, -13.4008 ], [ -56.4235, -13.6123 ], [ -56.4161, -13.6291 ], [ -56.4139, -13.7584 ], [ -56.3783, -13.8677 ], [ -56.2803, -14.0838 ], [ -56.1894, -14.1436 ], [ -56.0544, -14.1444 ], [ -55.9769, -14.2152 ], [ -55.9461, -14.212 ], [ -55.904, -14.183 ], [ -55.8448, -14.1522 ], [ -55.8169, -14.1595 ], [ -55.7088, -14.1171 ], [ -55.6589, -14.018 ], [ -55.3588, -14.1564 ], [ -55.3097, -14.2366 ], [ -55.1968, -14.2165 ], [ -55.0313, -14.2545 ], [ -54.8747, -14.2141 ], [ -54.8866, -14.1053 ], [ -54.9286, -14.029 ], [ -54.9988, -13.8236 ], [ -55.0487, -13.7514 ], [ -55.1027, -13.7013 ], [ -54.7601, -13.8707 ], [ -54.64, -13.7905 ], [ -54.6618, -13.6976 ], [ -54.6501, -13.565 ], [ -54.6528, -13.4562 ], [ -54.5534, -13.3398 ], [ -54.5372, -13.2698 ], [ -54.4654, -13.1794 ], [ -54.3555, -12.9537 ], [ -54.3395, -12.8488 ], [ -54.304, -12.5784 ], [ -54.1361, -12.3883 ], [ -54.0831, -12.347 ], [ -53.9872, -12.2507 ], [ -53.9403, -12.2239 ], [ -53.8718, -12.2341 ], [ -53.6937, -12.0491 ], [ -53.6373, -12.0034 ], [ -53.6174, -12.0041 ], [ -53.5868, -11.8596 ], [ -53.5687, -11.6536 ], [ -53.5711, -11.6184 ], [ -53.4421, -11.4695 ], [ -53.3332, -11.3366 ], [ -53.261, -11.2323 ], [ -53.2433, -11.1426 ], [ -53.2825, -11.0435 ], [ -53.3422, -11.0036 ], [ -53.3752, -11.016 ], [ -53.3422, -11.0036 ], [ -53.3247, -10.9636 ], [ -53.2371, -10.8729 ], [ -53.1262, -10.8449 ], [ -53.0971, -10.7771 ], [ -53.0934, -10.662 ], [ -53.0829, -10.5065 ], [ -53.0222, -10.3281 ], [ -52.9679, -10.3018 ], [ -52.9588, -10.2823 ], [ -53.0001, -10.2192 ], [ -52.9921, -10.0741 ], [ -52.8983, -9.9942 ], [ -52.6573, -9.7813 ], [ -52.6193, -9.6823 ], [ -53.609, -9.6253 ], [ -53.5876, -9.6129 ], [ -54.1066, -9.5719 ], [ -54.9956, -9.5053 ], [ -55.8654, -9.4344 ], [ -55.8918, -9.5104 ], [ -55.8634, -9.7215 ], [ -55.8918, -9.5104 ], [ -55.8654, -9.4344 ], [ -56.2738, -9.4007 ] ] ], [ [ [ -56.0165, -10.3947 ], [ -55.7292, -10.2327 ], [ -55.5734, -10.1873 ], [ -55.5572, -10.0572 ], [ -55.279, -10.1455 ], [ -55.2053, -10.2045 ], [ -55.1588, -10.2232 ], [ -55.1569, -10.2806 ], [ -55.1757, -10.3174 ], [ -55.168, -10.3412 ], [ -55.2697, -10.4818 ], [ -55.3347, -10.5161 ], [ -55.2446, -10.5677 ], [ -55.1612, -10.6995 ], [ -55.1588, -10.7363 ], [ -55.1071, -10.7542 ], [ -55.1005, -10.7533 ], [ -55.1654, -10.7238 ], [ -55.1744, -10.785 ], [ -55.283, -10.8782 ], [ -55.3032, -10.902 ], [ -55.3908, -10.9125 ], [ -55.2962, -10.9038 ], [ -55.1755, -10.7864 ], [ -55.1606, -10.701 ], [ -55.2446, -10.5677 ], [ -55.3347, -10.5161 ], [ -55.2621, -10.4665 ], [ -55.1739, -10.354 ], [ -55.173, -10.3063 ], [ -55.1574, -10.2926 ], [ -55.1718, -10.2124 ], [ -55.2053, -10.2045 ], [ -55.279, -10.1455 ], [ -55.5572, -10.0572 ], [ -55.5734, -10.1873 ], [ -55.7292, -10.2327 ], [ -56.0165, -10.3947 ] ] ] ] } },
{ "type": "Feature", "properties": { "cod_rgi": "5104", "nome_rgi": "Barra do Garças" }, "geometry": { "type": "MultiPolygon", "coordinates": [ [ [ [ -51.7041, -11.9613 ], [ -51.839, -11.8579 ], [ -51.9643, -11.9032 ], [ -52.0854, -12.001 ], [ -52.1513, -11.9764 ], [ -52.1574, -12.1209 ], [ -52.1029, -12.284 ], [ -52.1574, -12.1209 ], [ -52.1513, -11.9764 ], [ -52.1099, -12.001 ], [ -52.0537, -11.9878 ], [ -51.9401, -11.89 ], [ -51.8482, -11.8586 ], [ -51.7041, -11.9613 ] ] ], [ [ [ -51.4777, -15.0567 ], [ -51.3262, -14.9709 ], [ -51.1318, -14.9406 ], [ -51.043, -14.7914 ], [ -50.9628, -14.527 ], [ -50.9693, -14.3339 ], [ -50.9133, -14.1698 ], [ -50.8691, -14.1257 ], [ -50.8413, -13.9273 ], [ -50.8718, -13.7331 ], [ -50.7685, -13.597 ], [ -50.6657, -13.3761 ], [ -50.6034, -13.1969 ], [ -50.5259, -12.9764 ], [ -50.567, -12.8434 ], [ -50.6227, -12.8197 ], [ -50.6548, -12.6792 ], [ -50.7332, -12.7333 ], [ -50.6997, -12.6478 ], [ -50.668, -12.596 ], [ -50.6236, -12.4553 ], [ -50.6869, -12.2022 ], [ -50.6863, -11.859 ], [ -50.6637, -11.6775 ], [ -50.716, -11.579 ], [ -50.7393, -11.4354 ], [ -50.661, -11.1347 ], [ -50.5706, -10.7525 ], [ -50.5632, -10.6113 ], [ -50.2643, -9.9085 ], [ -50.2248, -9.8412 ], [ -50.8429, -9.8008 ], [ -52.2553, -9.7078 ], [ -52.6193, -9.6823 ], [ -52.6573, -9.7813 ], [ -52.8983, -9.9942 ], [ -52.9907, -10.0719 ], [ -53.0041, -10.1441 ], [ -52.9984, -10.2267 ], [ -52.9582, -10.2776 ], [ -52.9927, -10.3137 ], [ -53.0222, -10.3281 ], [ -53.0829, -10.5065 ], [ -53.0934, -10.662 ], [ -53.0981, -10.7876 ], [ -53.1275, -10.8578 ], [ -53.1225, -10.8321 ], [ -53.1519, -10.857 ], [ -53.2335, -10.871 ], [ -53.2974, -10.9278 ], [ -53.3194, -10.9669 ], [ -53.2825, -11.0435 ], [ -53.2433, -11.1426 ], [ -53.261, -11.2323 ], [ -53.3332, -11.3366 ], [ -53.4421, -11.4695 ], [ -53.5711, -11.6184 ], [ -53.5687, -11.6536 ], [ -53.5868, -11.8596 ], [ -53.5374, -12.0228 ], [ -53.725, -12.3969 ], [ -53.8887, -12.8785 ], [ -53.9346, -12.9527 ], [ -53.9944, -13.0148 ], [ -54.0233, -13.3733 ], [ -54.0912, -13.7103 ], [ -53.9944, -13.7894 ], [ -53.9178, -13.7428 ], [ -53.7061, -13.7334 ], [ -53.6376, -13.763 ], [ -53.4274, -13.6595 ], [ -53.2229, -13.7745 ], [ -53.2482, -13.7999 ], [ -53.3166, -13.9632 ], [ -53.3437, -14.0011 ], [ -53.3631, -14.1413 ], [ -53.4374, -14.4492 ], [ -53.3501, -14.5784 ], [ -53.3591, -14.7879 ], [ -53.2818, -14.8704 ], [ -53.1189, -14.8668 ], [ -53.0347, -14.7992 ], [ -52.9801, -14.7431 ], [ -53.0347, -14.7992 ], [ -53.0987, -14.8811 ], [ -53.1779, -14.8641 ], [ -53.2492, -14.8777 ], [ -53.2914, -14.8606 ], [ -53.4264, -14.9271 ], [ -53.5411, -14.9384 ], [ -53.7345, -15.1524 ], [ -53.9138, -15.2023 ], [ -53.9107, -15.2456 ], [ -53.8636, -15.2467 ], [ -53.7888, -15.3112 ], [ -53.8018, -15.368 ], [ -53.815, -15.4135 ], [ -53.927, -15.5621 ], [ -53.9168, -15.5869 ], [ -53.9124, -15.6967 ], [ -53.7825, -15.8621 ], [ -53.7479, -15.8622 ], [ -53.578, -15.6577 ], [ -53.2872, -15.5901 ], [ -53.1929, -15.6367 ], [ -53.0994, -15.726 ], [ -53.0526, -15.7654 ], [ -53.0366, -15.7964 ], [ -53.0707, -16.0462 ], [ -53.03, -16.1807 ], [ -53.1681, -16.2603 ], [ -53.1562, -16.4107 ], [ -53.0829, -16.6239 ], [ -53.0182, -16.7088 ], [ -52.9376, -16.7683 ], [ -52.7852, -16.7134 ], [ -52.7157, -16.6393 ], [ -52.7527, -16.582 ], [ -52.7054, -16.5991 ], [ -52.6739, -16.5691 ], [ -52.6358, -16.5516 ], [ -52.6044, -16.4647 ], [ -52.6884, -16.3963 ], [ -52.6571, -16.2802 ], [ -52.5764, -16.25 ], [ -52.5486, -16.1651 ], [ -52.3281, -16.0706 ], [ -52.2559, -15.9305 ], [ -52.1332, -15.7963 ], [ -51.9541, -15.8377 ], [ -51.7578, -15.6359 ], [ -51.7619, -15.5316 ], [ -51.7355, -15.5109 ], [ -51.6714, -15.3717 ], [ -51.6469, -15.2679 ], [ -51.6521, -15.1799 ], [ -51.4777, -15.0567 ] ], [ [ -52.6487, -15.733 ], [ -52.8103, -15.7197 ], [ -52.7657, -15.6163 ], [ -52.7284, -15.4783 ], [ -52.7657, -15.6163 ], [ -52.6487, -15.733 ] ] ], [ [ [ -51.8406, -10.6676 ], [ -51.8152, -10.7258 ], [ -51.717, -10.7317 ], [ -51.355, -10.748 ], [ -51.01, -10.7631 ], [ -50.8917, -10.7164 ], [ -51.01, -10.7631 ], [ -51.8125, -10.7268 ], [ -51.8406, -10.6676 ] ] ] ] } },
{ "type": "Feature", "properties": { "cod_rgi": "5105", "nome_rgi": "Rondonópolis" }, "geometry": { "type": "Polygon", "coordinates": [ [ [ -53.2782, -16.9002 ], [ -53.2684, -16.9233 ], [ -53.5737, -17.2017 ], [ -53.6844, -17.2241 ], [ -53.7046, -17.6635 ], [ -53.8002, -17.6708 ], [ -53.8559, -17.7027 ], [ -53.9544, -17.8686 ], [ -53.8986, -17.9088 ], [ -53.6161, -17.9762 ], [ -53.439, -17.9839 ], [ -53.2415, -18.0047 ], [ -53.1768, -18.0416 ], [ -53.0723, -18.034 ], [ -53.07, -17.9859 ], [ -53.2383, -17.7141 ], [ -53.1969, -17.3805 ], [ -53.2193, -17.2977 ], [ -53.1574, -17.1706 ], [ -53.069, -17.03 ], [ -52.9692, -16.8697 ], [ -52.953, -16.8419 ], [ -52.9432, -16.8106 ], [ -52.9376, -16.7683 ], [ -53.0182, -16.7088 ], [ -53.0829, -16.6239 ], [ -53.1562, -16.4107 ], [ -53.1681, -16.2603 ], [ -53.03, -16.1807 ], [ -53.0707, -16.0462 ], [ -53.0366, -15.7964 ], [ -53.0526, -15.7654 ], [ -53.0994, -15.726 ], [ -53.1929, -15.6367 ], [ -53.2872, -15.5901 ], [ -53.578, -15.6577 ], [ -53.7479, -15.8622 ], [ -53.7825, -15.8621 ], [ -53.9124, -15.6967 ], [ -53.9168, -15.5869 ], [ -53.927, -15.5621 ], [ -53.815, -15.4135 ], [ -53.8018, -15.368 ], [ -53.7888, -15.3112 ], [ -53.8636, -15.2467 ], [ -53.963, -15.2991 ], [ -53.9107, -15.2456 ], [ -53.9138, -15.2023 ], [ -53.7345, -15.1524 ], [ -53.5411, -14.9384 ], [ -53.4264, -14.9271 ], [ -53.2914, -14.8606 ], [ -53.3591, -14.7879 ], [ -53.3501, -14.5784 ], [ -53.4374, -14.4492 ], [ -53.5167, -14.444 ], [ -53.3631, -14.1413 ], [ -53.3437, -14.0011 ], [ -53.3166, -13.9632 ], [ -53.2482, -13.7999 ], [ -53.2229, -13.7745 ], [ -53.4274, -13.6595 ], [ -53.6376, -13.763 ], [ -53.7061, -13.7334 ], [ -53.9178, -13.7428 ], [ -53.9944, -13.7894 ], [ -54.0912, -13.7103 ], [ -54.0233, -13.3733 ], [ -53.9944, -13.0148 ], [ -53.9346, -12.9527 ], [ -53.8887, -12.8785 ], [ -53.725, -12.3969 ], [ -53.5374, -12.0228 ], [ -53.6174, -12.0041 ], [ -53.6373, -12.0034 ], [ -53.6937, -12.0491 ], [ -53.8718, -12.2341 ], [ -53.9403, -12.2239 ], [ -53.9872, -12.2507 ], [ -54.0831, -12.347 ], [ -54.1361, -12.3883 ], [ -54.304, -12.5784 ], [ -54.3395, -12.8488 ], [ -54.3555, -12.9537 ], [ -54.4654, -13.1794 ], [ -54.5372, -13.2698 ], [ -54.5534, -13.3398 ], [ -54.6528, -13.4562 ], [ -54.6501, -13.565 ], [ -54.6618, -13.6976 ], [ -54.64, -13.7905 ], [ -54.7601, -13.8707 ], [ -55.1027, -13.7013 ], [ -55.0487, -13.7514 ], [ -54.9988, -13.8236 ], [ -54.9286, -14.029 ], [ -54.8866, -14.1053 ], [ -54.8502, -14.2288 ], [ -54.775, -14.3211 ], [ -54.3306, -14.6413 ], [ -54.3271, -14.7307 ], [ -54.4783, -14.7759 ], [ -54.6198, -14.9834 ], [ -54.5616, -14.9731 ], [ -54.4865, -15.0273 ], [ -54.4542, -15.2057 ], [ -54.5203, -15.2843 ], [ -54.5316, -15.3749 ], [ -54.708, -15.3929 ], [ -54.9158, -15.4899 ], [ -54.962, -15.6177 ], [ -55.0929, -15.6648 ], [ -55.3021, -15.8969 ], [ -55.1833, -16.4329 ], [ -55.0478, -16.4502 ], [ -54.9711, -16.472 ], [ -54.9631, -16.5241 ], [ -54.8273, -16.7589 ], [ -54.8751, -16.9029 ], [ -54.8396, -16.9986 ], [ -54.8409, -17.0722 ], [ -54.7192, -17.0409 ], [ -54.6154, -16.9876 ], [ -54.614, -17.0905 ], [ -54.353, -17.0886 ], [ -54.614, -17.0905 ], [ -54.6154, -16.9876 ], [ -54.7192, -17.0409 ], [ -54.9349, -17.0872 ], [ -55.0821, -17.1324 ], [ -55.3678, -17.3637 ], [ -55.5319, -17.3288 ], [ -55.5871, -17.4217 ], [ -55.2215, -17.6171 ], [ -55.1088, -17.6287 ], [ -54.9918, -17.6384 ], [ -54.8609, -17.6239 ], [ -54.5817, -17.468 ], [ -54.4215, -17.5365 ], [ -54.3024, -17.6617 ], [ -54.0764, -17.6157 ], [ -53.8201, -17.2946 ], [ -53.7051, -17.2282 ], [ -53.6844, -17.2241 ], [ -53.5778, -17.2035 ], [ -53.2714, -16.9269 ], [ -53.2782, -16.9002 ] ] ] } },
{ "type": "Feature", "properties": { "cod_rgi": "5201", "nome_rgi": "Goiânia" }, "geometry": { "type": "MultiPolygon", "coordinates": [ [ [ [ -49.4774, -16.7925 ], [ -49.3652, -16.8174 ], [ -49.1602, -16.7904 ], [ -49.154, -16.7484 ], [ -49.1602, -16.7904 ], [ -49.3652, -16.8174 ], [ -49.3855, -16.8346 ], [ -49.3673, -16.8908 ], [ -49.3219, -16.8824 ], [ -49.3659, -16.8854 ], [ -49.3682, -17.0397 ], [ -49.4915, -17.0675 ], [ -49.4631, -17.1658 ], [ -49.2317, -17.0825 ], [ -49.1919, -17.1373 ], [ -49.109, -17.1349 ], [ -48.9819, -17.0927 ], [ -48.844, -17.0645 ], [ -48.6014, -17.1192 ], [ -48.3667, -16.9106 ], [ -48.3023, -16.8093 ], [ -48.1947, -16.735 ], [ -48.3587, -16.4015 ], [ -48.5506, -16.3463 ], [ -48.6313, -16.2827 ], [ -48.7502, -16.3754 ], [ -48.8688, -16.3949 ], [ -49.0232, -16.5435 ], [ -49.078, -16.5935 ], [ -49.0428, -16.637 ], [ -49.0118, -16.6585 ], [ -49.053, -16.7971 ], [ -49.0428, -16.637 ], [ -49.078, -16.5935 ], [ -49.0232, -16.5435 ], [ -48.8688, -16.3949 ], [ -48.7502, -16.3754 ], [ -48.6313, -16.2827 ], [ -48.5506, -16.3463 ], [ -48.3263, -16.2641 ], [ -48.3751, -16.2162 ], [ -48.3738, -15.995 ], [ -48.4097, -15.9767 ], [ -48.4193, -15.9143 ], [ -48.4637, -15.83 ], [ -48.6271, -15.7532 ], [ -48.7821, -15.8198 ], [ -48.836, -15.8314 ], [ -48.8341, -15.7992 ], [ -48.8105, -15.6335 ], [ -48.8053, -15.5718 ], [ -48.8114, -15.5125 ], [ -48.9596, -15.512 ], [ -49.0453, -15.5229 ], [ -49.0826, -15.5129 ], [ -49.089, -15.5386 ], [ -49.2122, -15.5671 ], [ -49.2352, -15.4548 ], [ -49.5517, -15.5443 ], [ -49.5357, -15.7148 ], [ -49.5451, -15.921 ], [ -49.5084, -15.9732 ], [ -49.4665, -16.0045 ], [ -49.3901, -15.8874 ], [ -49.3427, -15.8995 ], [ -49.1989, -15.9278 ], [ -49.3427, -15.8995 ], [ -49.3901, -15.8874 ], [ -49.4665, -16.0045 ], [ -49.5451, -15.921 ], [ -49.6631, -15.8896 ], [ -49.6806, -15.8657 ], [ -49.6716, -15.9177 ], [ -49.6877, -16.0056 ], [ -49.6715, -15.9139 ], [ -49.6931, -15.806 ], [ -49.6848, -15.7548 ], [ -49.7202, -15.6902 ], [ -49.7019, -15.6114 ], [ -49.7066, -15.5344 ], [ -49.8601, -15.3931 ], [ -49.8821, -15.4021 ], [ -49.9382, -15.3584 ], [ -50.0172, -15.3591 ], [ -50.1139, -15.371 ], [ -50.1657, -15.5246 ], [ -50.1567, -15.5604 ], [ -50.0694, -15.7879 ], [ -50.1567, -15.5604 ], [ -50.1657, -15.5246 ], [ -50.1023, -15.3154 ], [ -50.106, -15.2861 ], [ -50.0846, -15.2466 ], [ -50.039, -15.1975 ], [ -50.0357, -15.1457 ], [ -50.1283, -15.0798 ], [ -50.2444, -14.9663 ], [ -50.4033, -15.0255 ], [ -50.3032, -14.8977 ], [ -50.4154, -14.7979 ], [ -50.2351, -14.6488 ], [ -50.3526, -14.3524 ], [ -50.1438, -14.1256 ], [ -50.1585, -14.0047 ], [ -50.2864, -13.995 ], [ -50.343, -13.968 ], [ -50.3861, -13.8778 ], [ -50.4849, -13.7489 ], [ -50.4599, -13.6568 ], [ -50.4683, -13.5645 ], [ -50.5183, -13.4642 ], [ -50.5413, -13.4605 ], [ -50.5755, -13.3888 ], [ -50.6121, -13.3166 ], [ -50.6657, -13.3761 ], [ -50.7685, -13.597 ], [ -50.8718, -13.7331 ], [ -50.8413, -13.9273 ], [ -50.8487, -14.1216 ], [ -50.8691, -14.1257 ], [ -50.9133, -14.1698 ], [ -50.9693, -14.3339 ], [ -50.9628, -14.527 ], [ -51.043, -14.7914 ], [ -51.1464, -15.0205 ], [ -51.1318, -14.9406 ], [ -51.3262, -14.9709 ], [ -51.3956, -15.0365 ], [ -51.4777, -15.0567 ], [ -51.6521, -15.1799 ], [ -51.6469, -15.2679 ], [ -51.6714, -15.3717 ], [ -51.6988, -15.485 ], [ -51.651, -15.5613 ], [ -51.5761, -15.6865 ], [ -51.5278, -15.7258 ], [ -51.382, -15.9004 ], [ -51.3314, -15.9254 ], [ -51.2669, -15.9744 ], [ -51.2215, -15.9413 ], [ -51.0811, -15.9795 ], [ -50.9943, -16.0271 ], [ -50.8721, -16.011 ], [ -50.8224, -16.0693 ], [ -50.8105, -16.0884 ], [ -50.6309, -16.1572 ], [ -50.5958, -16.1997 ], [ -50.4905, -16.148 ], [ -50.478, -16.1199 ], [ -50.4333, -16.0949 ], [ -50.3739, -16.0763 ], [ -50.2574, -16.0942 ], [ -50.0362, -16.0189 ], [ -49.8743, -16.2284 ], [ -49.9199, -16.261 ], [ -50.0091, -16.3305 ], [ -49.9199, -16.261 ], [ -49.8743, -16.2284 ], [ -50.2574, -16.0942 ], [ -50.3554, -16.0789 ], [ -50.379, -16.1058 ], [ -50.3605, -16.1593 ], [ -50.2269, -16.2841 ], [ -50.1847, -16.3002 ], [ -50.1492, -16.4435 ], [ -50.1297, -16.503 ], [ -50.0443, -16.5199 ], [ -49.9834, -16.5697 ], [ -49.9149, -16.5304 ], [ -49.8005, -16.5179 ], [ -49.8315, -16.4452 ], [ -49.6834, -16.4244 ], [ -49.6564, -16.5094 ], [ -49.6535, -16.7605 ], [ -49.6169, -16.7792 ], [ -49.599, -16.8022 ], [ -49.5803, -16.772 ], [ -49.5535, -16.772 ], [ -49.498, -16.7484 ], [ -49.4457, -16.6731 ], [ -49.395, -16.5949 ], [ -49.3123, -16.5289 ], [ -49.395, -16.5949 ], [ -49.4457, -16.6731 ], [ -49.498, -16.7484 ], [ -49.5535, -16.772 ], [ -49.4774, -16.7925 ] ], [ [ -49.1946, -16.3472 ], [ -49.2306, -16.321 ], [ -49.1946, -16.3472 ], [ -49.1671, -16.3161 ], [ -49.1802, -16.2624 ], [ -49.1922, -16.144 ], [ -49.1651, -16.1376 ], [ -49.1922, -16.144 ], [ -49.1075, -16.2226 ], [ -49.1802, -16.2624 ], [ -49.1671, -16.3161 ], [ -49.1946, -16.3472 ] ], [ [ -49.3866, -16.4563 ], [ -49.4234, -16.4056 ], [ -49.3699, -16.2086 ], [ -49.3368, -16.2926 ], [ -49.3652, -16.3339 ], [ -49.3368, -16.2926 ], [ -49.3866, -16.4563 ] ] ], [ [ [ -50.1492, -16.4435 ], [ -50.1847, -16.3002 ], [ -50.2144, -16.3414 ], [ -50.2474, -16.349 ], [ -50.2228, -16.3622 ], [ -50.2235, -16.3986 ], [ -50.1916, -16.4145 ], [ -50.1655, -16.4733 ], [ -50.1492, -16.4435 ] ] ], [ [ [ -48.3149, -18.3642 ], [ -48.1614, -18.3722 ], [ -48.0558, -18.4132 ], [ -47.9809, -18.4429 ], [ -47.9143, -18.4666 ], [ -47.9139, -18.34 ], [ -47.8767, -18.2242 ], [ -47.8781, -18.2839 ], [ -47.7718, -18.2853 ], [ -47.6113, -18.3154 ], [ -47.6388, -18.2877 ], [ -47.6368, -18.2394 ], [ -47.5337, -18.2307 ], [ -47.4849, -18.1935 ], [ -47.4512, -18.1592 ], [ -47.3559, -18.1051 ], [ -47.3578, -18.085 ], [ -47.2968, -18.0094 ], [ -47.3137, -17.699 ], [ -47.2814, -17.6532 ], [ -47.4777, -17.5113 ], [ -47.5143, -17.4608 ], [ -47.5214, -17.4239 ], [ -47.5388, -17.3888 ], [ -47.5139, -17.3746 ], [ -47.5007, -17.2953 ], [ -47.5308, -17.2426 ], [ -47.5983, -17.167 ], [ -47.6571, -17.0925 ], [ -47.6906, -16.9021 ], [ -47.9111, -16.9239 ], [ -47.9009, -16.9533 ], [ -48.0159, -16.9293 ], [ -48.0761, -16.8002 ], [ -48.1521, -16.7321 ], [ -48.3023, -16.8093 ], [ -48.3667, -16.9106 ], [ -48.4556, -17.2009 ], [ -48.3667, -17.3349 ], [ -48.3923, -17.3467 ], [ -48.3667, -17.3349 ], [ -48.4556, -17.2009 ], [ -48.7032, -17.2382 ], [ -48.7941, -17.3538 ], [ -48.7574, -17.4809 ], [ -48.5172, -17.5149 ], [ -48.451, -17.6326 ], [ -48.5632, -17.8166 ], [ -48.5123, -17.8784 ], [ -48.4718, -17.8662 ], [ -48.4111, -17.8634 ], [ -48.3204, -17.9875 ], [ -48.3988, -18.1272 ], [ -48.3339, -18.2018 ], [ -48.0624, -18.2644 ], [ -48.3324, -18.2838 ], [ -48.327, -18.3109 ], [ -48.3449, -18.3548 ], [ -48.3416, -18.3697 ], [ -48.3081, -18.385 ], [ -48.3149, -18.3642 ] ] ], [ [ [ -49.4915, -17.0675 ], [ -49.4643, -17.0375 ], [ -49.367, -17.0379 ], [ -49.3605, -16.8965 ], [ -49.3894, -16.8324 ], [ -49.4774, -16.7925 ], [ -49.5803, -16.772 ], [ -49.6107, -16.8418 ], [ -49.7263, -16.9326 ], [ -49.752, -16.9962 ], [ -49.7291, -17.0762 ], [ -49.7198, -17.0823 ], [ -49.6333, -17.2258 ], [ -49.4915, -17.0675 ] ] ], [ [ [ -49.6006, -15.6748 ], [ -49.6389, -15.6826 ], [ -49.6476, -15.7582 ], [ -49.6783, -15.7768 ], [ -49.6895, -15.8271 ], [ -49.6886, -15.8587 ], [ -49.6631, -15.8896 ], [ -49.5357, -15.7148 ], [ -49.6006, -15.6748 ] ] ], [ [ [ -47.6113, -18.3154 ], [ -47.7107, -18.2937 ], [ -47.8767, -18.284 ], [ -47.9139, -18.34 ], [ -47.7571, -18.3966 ], [ -47.7406, -18.3638 ], [ -47.6576, -18.3278 ], [ -47.6462, -18.3402 ], [ -47.6113, -18.3154 ] ] ] ] } },
{ "type": "Feature", "properties": { "cod_rgi": "5202", "nome_rgi": "Itumbiara" }, "geometry": { "type": "MultiPolygon", "coordinates": [ [ [ [ -49.4201, -17.7128 ], [ -49.5088, -17.7506 ], [ -49.4327, -17.7385 ], [ -49.4201, -17.7128 ] ] ], [ [ [ -50.0249, -18.3949 ], [ -49.948, -18.3553 ], [ -49.8242, -18.4957 ], [ -49.7609, -18.558 ], [ -49.7409, -18.5859 ], [ -49.6821, -18.5888 ], [ -49.4862, -18.5323 ], [ -49.329, -18.5638 ], [ -49.1926, -18.4497 ], [ -49.1613, -18.4169 ], [ -49.1263, -18.3825 ], [ -48.996, -18.3709 ], [ -48.9368, -18.3062 ], [ -48.8371, -18.3415 ], [ -48.7577, -18.3448 ], [ -48.6338, -18.3276 ], [ -48.4457, -18.3553 ], [ -48.3416, -18.3697 ], [ -48.3449, -18.3548 ], [ -48.327, -18.3109 ], [ -48.3324, -18.2838 ], [ -48.3339, -18.2018 ], [ -48.3988, -18.1272 ], [ -48.3204, -17.9875 ], [ -48.4111, -17.8634 ], [ -48.4718, -17.8662 ], [ -48.5123, -17.8784 ], [ -48.5632, -17.8166 ], [ -48.451, -17.6326 ], [ -48.5172, -17.5149 ], [ -48.7574, -17.4809 ], [ -48.8054, -17.4235 ], [ -48.8042, -17.3158 ], [ -48.8097, -17.224 ], [ -48.844, -17.0645 ], [ -48.9819, -17.0927 ], [ -49.109, -17.1349 ], [ -49.1919, -17.1373 ], [ -49.2248, -17.0843 ], [ -49.2099, -17.1899 ], [ -49.1969, -17.1918 ], [ -49.209, -17.19 ], [ -49.2248, -17.0843 ], [ -49.3208, -17.1311 ], [ -49.4012, -17.1592 ], [ -49.4631, -17.1658 ], [ -49.5147, -17.354 ], [ -49.3057, -17.4344 ], [ -49.5147, -17.354 ], [ -49.6597, -17.2532 ], [ -49.7105, -17.1927 ], [ -49.7966, -17.2686 ], [ -49.7968, -17.324 ], [ -49.7407, -17.3579 ], [ -49.735, -17.4437 ], [ -49.779, -17.4598 ], [ -49.8848, -17.504 ], [ -49.8505, -17.5773 ], [ -49.9228, -17.6158 ], [ -50.0615, -17.7267 ], [ -49.978, -17.7757 ], [ -49.9719, -17.8979 ], [ -50.0167, -17.9542 ], [ -50.1004, -17.9825 ], [ -50.1704, -18.0733 ], [ -50.1551, -18.1654 ], [ -50.1434, -18.2031 ], [ -50.129, -18.2408 ], [ -50.0959, -18.2539 ], [ -50.0249, -18.3949 ] ], [ [ -49.4327, -17.7385 ], [ -49.5088, -17.7506 ], [ -49.4201, -17.7128 ], [ -49.4327, -17.7385 ] ] ], [ [ [ -48.6014, -17.1192 ], [ -48.8097, -17.224 ], [ -48.8042, -17.3158 ], [ -48.7941, -17.3538 ], [ -48.7032, -17.2382 ], [ -48.6014, -17.1192 ] ] ] ] } },
{ "type": "Feature", "properties": { "cod_rgi": "5203", "nome_rgi": "Rio Verde" }, "geometry": { "type": "MultiPolygon", "coordinates": [ [ [ [ -51.8413, -19.0571 ], [ -51.658, -19.1379 ], [ -51.5767, -19.1266 ], [ -51.3751, -19.1946 ], [ -51.3078, -19.2185 ], [ -51.1805, -19.2835 ], [ -51.1047, -19.217 ], [ -51.018, -19.3839 ], [ -50.9851, -19.4104 ], [ -50.9853, -19.4314 ], [ -50.7476, -19.2385 ], [ -50.7275, -19.1629 ], [ -50.7335, -19.1858 ], [ -50.6781, -19.1381 ], [ -50.5395, -19.1024 ], [ -50.4732, -18.9214 ], [ -50.4235, -18.8327 ], [ -50.1643, -18.6644 ], [ -50.0288, -18.6015 ], [ -49.7409, -18.5859 ], [ -49.7609, -18.558 ], [ -49.8242, -18.4957 ], [ -49.948, -18.3553 ], [ -50.0249, -18.3949 ], [ -50.3063, -18.3786 ], [ -50.0959, -18.2539 ], [ -50.129, -18.2408 ], [ -50.1434, -18.2031 ], [ -50.1551, -18.1654 ], [ -50.2528, -18.0319 ], [ -50.2862, -17.9985 ], [ -50.2528, -18.0319 ], [ -50.2652, -17.9728 ], [ -50.2811, -17.9517 ], [ -50.2554, -17.8526 ], [ -50.2811, -17.9517 ], [ -50.2652, -17.9728 ], [ -50.1704, -18.0733 ], [ -50.1004, -17.9825 ], [ -50.0167, -17.9542 ], [ -49.9719, -17.8979 ], [ -50.1825, -17.7329 ], [ -50.1744, -17.6444 ], [ -50.1684, -17.5663 ], [ -50.3338, -17.597 ], [ -50.4328, -17.6175 ], [ -50.5211, -17.6465 ], [ -50.7548, -17.5753 ], [ -50.6885, -17.4774 ], [ -50.7548, -17.5753 ], [ -50.5587, -17.596 ], [ -50.546, -17.5778 ], [ -50.5216, -17.4769 ], [ -50.5249, -17.4644 ], [ -50.5571, -17.4041 ], [ -50.5896, -17.4097 ], [ -50.6315, -17.3676 ], [ -50.7518, -17.2318 ], [ -50.7985, -17.1803 ], [ -50.9067, -17.1221 ], [ -50.991, -17.1027 ], [ -51.0546, -16.9572 ], [ -51.2239, -16.8144 ], [ -51.2209, -16.73 ], [ -51.577, -16.8742 ], [ -51.6333, -16.7585 ], [ -51.5881, -16.7398 ], [ -51.6691, -16.5991 ], [ -51.8662, -16.659 ], [ -52.0521, -16.4915 ], [ -52.1708, -16.478 ], [ -52.2597, -16.5987 ], [ -52.5086, -16.5412 ], [ -52.5808, -16.5364 ], [ -52.5912, -16.5351 ], [ -52.6358, -16.5516 ], [ -52.6739, -16.5691 ], [ -52.7054, -16.5991 ], [ -52.7157, -16.6393 ], [ -52.7852, -16.7134 ], [ -52.9432, -16.8106 ], [ -52.953, -16.8419 ], [ -52.9692, -16.8697 ], [ -53.069, -17.03 ], [ -53.1574, -17.1706 ], [ -53.2193, -17.2977 ], [ -53.1969, -17.3805 ], [ -53.1593, -17.6493 ], [ -53.2383, -17.7141 ], [ -53.07, -17.9859 ], [ -53.0757, -18.0508 ], [ -53.1237, -18.0588 ], [ -53.1012, -18.3108 ], [ -53.0699, -18.3429 ], [ -53.0139, -18.3261 ], [ -52.7985, -18.4149 ], [ -52.8735, -18.6462 ], [ -52.7475, -18.692 ], [ -52.5929, -18.6899 ], [ -52.4491, -18.691 ], [ -52.1815, -18.8479 ], [ -51.8413, -19.0571 ] ], [ [ -52.0274, -18.5584 ], [ -52.1596, -18.495 ], [ -52.2594, -18.5108 ], [ -52.1596, -18.495 ], [ -52.0274, -18.5584 ], [ -51.9244, -18.5412 ], [ -51.73, -18.7521 ], [ -52.0274, -18.5584 ] ], [ [ -51.3863, -17.2899 ], [ -51.5414, -17.3811 ], [ -51.4567, -17.4711 ], [ -51.241, -17.5328 ], [ -51.4567, -17.4711 ], [ -51.5414, -17.3811 ], [ -51.3863, -17.2899 ] ] ], [ [ [ -50.8257, -18.3576 ], [ -50.858, -18.4532 ], [ -50.9026, -18.482 ], [ -50.8627, -18.6244 ], [ -50.9026, -18.482 ], [ -50.858, -18.4532 ], [ -50.8257, -18.3576 ] ] ], [ [ [ -52.8735, -18.6462 ], [ -52.881, -18.4655 ], [ -52.9399, -18.6133 ], [ -52.9168, -18.6403 ], [ -52.8735, -18.6462 ] ] ] ] } },
{ "type": "Feature", "properties": { "cod_rgi": "5204", "nome_rgi": "São Luís de Montes Belos - Iporá" }, "geometry": { "type": "MultiPolygon", "coordinates": [ [ [ [ -50.5216, -17.4769 ], [ -50.546, -17.5778 ], [ -50.5587, -17.596 ], [ -50.5211, -17.6465 ], [ -50.4328, -17.6175 ], [ -50.3338, -17.597 ], [ -50.1684, -17.5663 ], [ -50.1, -17.5915 ], [ -50.0652, -17.4927 ], [ -50.1, -17.5915 ], [ -50.1744, -17.6444 ], [ -50.1825, -17.7329 ], [ -50.0615, -17.7267 ], [ -49.9228, -17.6158 ], [ -49.8848, -17.504 ], [ -49.779, -17.4598 ], [ -49.735, -17.4437 ], [ -49.7407, -17.3579 ], [ -49.7968, -17.324 ], [ -49.7966, -17.2686 ], [ -49.7105, -17.1927 ], [ -49.6597, -17.2532 ], [ -49.6333, -17.2258 ], [ -49.7198, -17.0823 ], [ -49.7291, -17.0762 ], [ -49.752, -16.9962 ], [ -49.8811, -16.9727 ], [ -49.7263, -16.9326 ], [ -49.6107, -16.8418 ], [ -49.599, -16.8022 ], [ -49.6169, -16.7792 ], [ -49.6535, -16.7605 ], [ -49.8005, -16.5179 ], [ -49.9149, -16.5304 ], [ -49.9834, -16.5697 ], [ -50.0443, -16.5199 ], [ -50.1297, -16.503 ], [ -50.2166, -16.4773 ], [ -50.3041, -16.5557 ], [ -50.416, -16.6283 ], [ -50.2533, -16.7332 ], [ -49.9728, -16.5902 ], [ -50.2533, -16.7332 ], [ -50.2623, -16.893 ], [ -50.2763, -16.9716 ], [ -50.3432, -16.884 ], [ -50.4553, -16.8877 ], [ -50.406, -16.7191 ], [ -50.416, -16.6283 ], [ -50.5208, -16.6136 ], [ -50.6168, -16.5893 ], [ -50.7024, -16.6203 ], [ -50.7785, -16.5914 ], [ -50.8534, -16.507 ], [ -50.9689, -16.5018 ], [ -50.9772, -16.5699 ], [ -50.9689, -16.5018 ], [ -50.8534, -16.507 ], [ -50.7785, -16.5914 ], [ -50.7024, -16.6203 ], [ -50.6168, -16.5893 ], [ -50.5413, -16.4007 ], [ -50.5305, -16.498 ], [ -50.4614, -16.4269 ], [ -50.5305, -16.498 ], [ -50.5208, -16.6136 ], [ -50.3041, -16.5557 ], [ -50.2166, -16.4773 ], [ -50.1655, -16.4733 ], [ -50.1916, -16.4145 ], [ -50.2235, -16.3986 ], [ -50.2228, -16.3622 ], [ -50.2474, -16.349 ], [ -50.2144, -16.3414 ], [ -50.2269, -16.2841 ], [ -50.3605, -16.1593 ], [ -50.37, -16.1424 ], [ -50.3898, -16.1571 ], [ -50.3929, -16.1963 ], [ -50.3935, -16.1573 ], [ -50.3669, -16.1353 ], [ -50.3746, -16.0913 ], [ -50.3554, -16.0789 ], [ -50.398, -16.0818 ], [ -50.4342, -16.0956 ], [ -50.478, -16.1199 ], [ -50.4905, -16.148 ], [ -50.6766, -16.3331 ], [ -50.7067, -16.4434 ], [ -50.725, -16.3968 ], [ -50.6766, -16.3331 ], [ -50.5958, -16.1997 ], [ -50.6309, -16.1572 ], [ -50.8105, -16.0884 ], [ -50.8224, -16.0693 ], [ -50.8721, -16.011 ], [ -50.9943, -16.0271 ], [ -51.0811, -15.9795 ], [ -51.2215, -15.9413 ], [ -51.2669, -15.9744 ], [ -51.3314, -15.9254 ], [ -51.382, -15.9004 ], [ -51.5278, -15.7258 ], [ -51.5761, -15.6865 ], [ -51.651, -15.5613 ], [ -51.6988, -15.485 ], [ -51.7355, -15.5109 ], [ -51.7619, -15.5316 ], [ -51.9541, -15.8377 ], [ -52.2559, -15.9305 ], [ -52.3281, -16.0706 ], [ -52.5486, -16.1651 ], [ -52.5764, -16.25 ], [ -52.6571, -16.2802 ], [ -52.6884, -16.3963 ], [ -52.6044, -16.4647 ], [ -52.5912, -16.5351 ], [ -52.5808, -16.5364 ], [ -52.5086, -16.5412 ], [ -52.2597, -16.5987 ], [ -52.1708, -16.478 ], [ -52.0521, -16.4915 ], [ -51.8662, -16.659 ], [ -51.6691, -16.5991 ], [ -51.5881, -16.7398 ], [ -51.6333, -16.7585 ], [ -51.577, -16.8742 ], [ -51.2209, -16.73 ], [ -51.2239, -16.8144 ], [ -51.0546, -16.9572 ], [ -50.9067, -17.1221 ], [ -50.7985, -17.1803 ], [ -50.7518, -17.2318 ], [ -50.6315, -17.3676 ], [ -50.5896, -17.4097 ], [ -50.5571, -17.4041 ], [ -50.5249, -17.4644 ], [ -50.5216, -17.4769 ] ], [ [ -52.2998, -16.1671 ], [ -52.0354, -15.9149 ], [ -51.8277, -15.9907 ], [ -51.7981, -16.0298 ], [ -51.8663, -16.0867 ], [ -51.8277, -15.9907 ], [ -52.0366, -15.916 ], [ -52.2998, -16.1671 ], [ -52.3032, -16.2947 ], [ -52.2998, -16.1671 ] ] ], [ [ [ -50.4553, -16.8877 ], [ -50.3432, -16.884 ], [ -50.406, -16.7191 ], [ -50.4553, -16.8877 ] ] ] ] } },
{ "type": "Feature", "properties": { "cod_rgi": "5205", "nome_rgi": "Porangatu - Uruaçu" }, "geometry": { "type": "MultiPolygon", "coordinates": [ [ [ [ -49.92, -13.9349 ], [ -49.9511, -14.0218 ], [ -50.1585, -14.0047 ], [ -50.1438, -14.1256 ], [ -50.3526, -14.3524 ], [ -50.2351, -14.6488 ], [ -50.4154, -14.7979 ], [ -50.3032, -14.8977 ], [ -50.2444, -14.9663 ], [ -50.1283, -15.0798 ], [ -50.0549, -15.1244 ], [ -50.0001, -15.081 ], [ -49.8371, -15.0039 ], [ -50.0001, -15.081 ], [ -50.0549, -15.1244 ], [ -50.0357, -15.1457 ], [ -50.039, -15.1975 ], [ -50.0472, -15.2223 ], [ -49.9187, -15.2762 ], [ -49.5895, -15.3118 ], [ -49.5656, -15.242 ], [ -49.637, -15.0982 ], [ -49.7738, -15.2356 ], [ -49.5907, -15.0394 ], [ -49.5217, -15.0028 ], [ -49.3853, -15.0108 ], [ -49.29, -14.9921 ], [ -49.3853, -15.0108 ], [ -49.5217, -15.0028 ], [ -49.5907, -15.0394 ], [ -49.637, -15.0982 ], [ -49.4825, -15.1766 ], [ -49.4975, -15.2027 ], [ -49.5656, -15.242 ], [ -49.5895, -15.3118 ], [ -49.5893, -15.409 ], [ -49.5863, -15.446 ], [ -49.5071, -15.516 ], [ -49.2352, -15.4548 ], [ -49.2122, -15.5671 ], [ -49.089, -15.5386 ], [ -49.0826, -15.5129 ], [ -49.0673, -15.4471 ], [ -49.0625, -15.3076 ], [ -48.9083, -15.1639 ], [ -48.7943, -14.9206 ], [ -48.9083, -15.1639 ], [ -49.0673, -15.4471 ], [ -49.0826, -15.5129 ], [ -49.0453, -15.5229 ], [ -48.9596, -15.512 ], [ -48.8114, -15.5125 ], [ -48.7415, -15.4953 ], [ -48.7312, -15.4624 ], [ -48.6898, -15.3992 ], [ -48.6618, -15.3694 ], [ -48.5951, -15.289 ], [ -48.5846, -15.2692 ], [ -48.6188, -15.1718 ], [ -48.6305, -15.1103 ], [ -48.6567, -15.0444 ], [ -48.6349, -14.9972 ], [ -48.6682, -14.9826 ], [ -48.6349, -14.9972 ], [ -48.606, -14.9903 ], [ -48.5221, -15.0178 ], [ -48.1858, -14.8489 ], [ -48.0909, -14.8853 ], [ -47.9902, -14.8026 ], [ -47.9077, -14.7988 ], [ -47.8123, -14.6972 ], [ -47.7616, -14.5416 ], [ -47.8248, -14.5018 ], [ -47.9321, -14.177 ], [ -47.9168, -14.1496 ], [ -47.9034, -14.1157 ], [ -47.8991, -14.0467 ], [ -47.9086, -14.0139 ], [ -48.0195, -13.7377 ], [ -48.0801, -13.6811 ], [ -48.1197, -13.6275 ], [ -48.1467, -13.667 ], [ -48.1101, -13.5687 ], [ -48.1408, -13.5479 ], [ -48.1465, -13.3845 ], [ -48.1537, -13.2792 ], [ -48.1533, -13.2197 ], [ -48.1658, -13.19 ], [ -48.1888, -13.1537 ], [ -48.4602, -13.2808 ], [ -48.4736, -13.1374 ], [ -48.5304, -13.1926 ], [ -48.5536, -13.302 ], [ -48.5605, -13.3895 ], [ -48.6006, -13.2386 ], [ -48.5968, -13.1526 ], [ -48.5966, -13.1069 ], [ -48.6277, -13.0522 ], [ -48.8468, -12.8098 ], [ -48.8415, -12.8809 ], [ -48.9756, -12.9572 ], [ -49.1191, -12.7904 ], [ -49.2374, -12.8841 ], [ -49.3544, -13.103 ], [ -49.3695, -13.2746 ], [ -50.009, -12.9313 ], [ -50.2927, -12.8399 ], [ -50.3023, -12.7457 ], [ -50.2382, -12.5796 ], [ -50.1714, -12.407 ], [ -50.1852, -12.4326 ], [ -50.3141, -12.5215 ], [ -50.4133, -12.6501 ], [ -50.4409, -12.6533 ], [ -50.5111, -12.8608 ], [ -50.5259, -12.9764 ], [ -50.6034, -13.1969 ], [ -50.6121, -13.3166 ], [ -50.5755, -13.3888 ], [ -50.5413, -13.4605 ], [ -50.5183, -13.4642 ], [ -50.4683, -13.5645 ], [ -50.4599, -13.6568 ], [ -50.4849, -13.7489 ], [ -50.3861, -13.8778 ], [ -50.326, -13.9835 ], [ -49.9511, -14.0218 ], [ -49.92, -13.9349 ] ], [ [ -49.0114, -14.5758 ], [ -49.0449, -14.5884 ], [ -49.0428, -14.6061 ], [ -49.0287, -14.6349 ], [ -49.0428, -14.6061 ], [ -49.0449, -14.5884 ], [ -49.0369, -14.5629 ], [ -49.0114, -14.5758 ] ] ], [ [ [ -49.7033, -15.5089 ], [ -49.6722, -15.3092 ], [ -49.8821, -15.4021 ], [ -49.8601, -15.3931 ], [ -49.7033, -15.5089 ] ] ], [ [ [ -50.0472, -15.2223 ], [ -50.106, -15.2861 ], [ -50.1023, -15.3154 ], [ -50.1139, -15.371 ], [ -50.0172, -15.3591 ], [ -49.9382, -15.3584 ], [ -49.9187, -15.2762 ], [ -50.0472, -15.2223 ] ] ], [ [ [ -49.5893, -15.409 ], [ -49.7033, -15.5089 ], [ -49.7066, -15.5344 ], [ -49.7019, -15.6114 ], [ -49.7202, -15.6902 ], [ -49.6848, -15.7548 ], [ -49.6982, -15.7874 ], [ -49.6895, -15.8271 ], [ -49.6783, -15.7768 ], [ -49.6476, -15.7582 ], [ -49.6389, -15.6826 ], [ -49.6006, -15.6748 ], [ -49.5517, -15.5443 ], [ -49.5863, -15.446 ], [ -49.5893, -15.409 ] ] ] ] } },
{ "type": "Feature", "properties": { "cod_rgi": "5206", "nome_rgi": "Luziânia - Águas Lindas de Goiás" }, "geometry": { "type": "MultiPolygon", "coordinates": [ [ [ [ -47.8123, -14.6972 ], [ -47.9077, -14.7988 ], [ -48.0661, -14.8681 ], [ -48.0623, -15.0636 ], [ -48.0989, -15.1116 ], [ -48.0909, -14.8853 ], [ -48.1858, -14.8489 ], [ -48.5221, -15.0178 ], [ -48.606, -14.9903 ], [ -48.6567, -15.0444 ], [ -48.6305, -15.1103 ], [ -48.6188, -15.1718 ], [ -48.5846, -15.2692 ], [ -48.5951, -15.289 ], [ -48.5713, -15.4368 ], [ -48.6618, -15.3694 ], [ -48.6898, -15.3992 ], [ -48.7312, -15.4624 ], [ -48.7415, -15.4953 ], [ -48.8053, -15.5718 ], [ -48.8105, -15.6335 ], [ -48.8341, -15.7992 ], [ -48.836, -15.8314 ], [ -48.7821, -15.8198 ], [ -48.4637, -15.83 ], [ -48.4193, -15.9143 ], [ -48.2817, -15.8298 ], [ -48.2347, -15.659 ], [ -48.199, -15.622 ], [ -48.2005, -15.5003 ], [ -47.6174, -15.5003 ], [ -47.5623, -15.5003 ], [ -47.4173, -15.5003 ], [ -47.3156, -15.5949 ], [ -47.3772, -15.9864 ], [ -47.2765, -16.0062 ], [ -47.2195, -16.0142 ], [ -47.1136, -15.8969 ], [ -46.8117, -15.8861 ], [ -46.8131, -15.7872 ], [ -46.8557, -15.6831 ], [ -46.8549, -15.6183 ], [ -46.8495, -15.3732 ], [ -46.8357, -15.3251 ], [ -46.8737, -15.2854 ], [ -46.8915, -15.2353 ], [ -46.9409, -15.2307 ], [ -46.926, -15.0736 ], [ -46.7265, -15.0384 ], [ -46.5753, -15.0836 ], [ -46.5602, -15.0286 ], [ -46.5605, -14.815 ], [ -46.5659, -14.7864 ], [ -46.5103, -14.7383 ], [ -46.3222, -14.8146 ], [ -46.3005, -14.8581 ], [ -46.2337, -14.9215 ], [ -46.1457, -14.9265 ], [ -46.1203, -14.9201 ], [ -46.0528, -14.8314 ], [ -46.0019, -14.7113 ], [ -45.9966, -14.543 ], [ -45.9353, -14.4153 ], [ -46.061, -14.2325 ], [ -46.0526, -14.2048 ], [ -46.0962, -14.2055 ], [ -46.2658, -14.098 ], [ -46.2856, -14.0527 ], [ -46.2187, -13.974 ], [ -46.2337, -13.8456 ], [ -46.2824, -13.7952 ], [ -46.2372, -13.7448 ], [ -46.2669, -13.7403 ], [ -46.2355, -13.7082 ], [ -46.162, -13.5909 ], [ -46.2186, -13.5005 ], [ -46.2144, -13.4007 ], [ -46.0519, -13.3124 ], [ -46.0639, -13.2613 ], [ -46.3159, -13.3032 ], [ -46.3311, -13.2495 ], [ -46.3227, -13.0983 ], [ -46.2959, -13.0639 ], [ -46.2734, -13.015 ], [ -46.1116, -12.9256 ], [ -46.3643, -12.9914 ], [ -46.3769, -12.9634 ], [ -46.3607, -12.9088 ], [ -46.3662, -12.8649 ], [ -46.4083, -12.8458 ], [ -46.4176, -12.8235 ], [ -46.4328, -12.9307 ], [ -46.4546, -12.9712 ], [ -46.7506, -12.9692 ], [ -46.8546, -13.0673 ], [ -46.9789, -13.1316 ], [ -47.1326, -13.1785 ], [ -47.1828, -13.1881 ], [ -47.2945, -13.2489 ], [ -47.3298, -13.38 ], [ -47.2472, -13.4477 ], [ -47.3298, -13.38 ], [ -47.4551, -13.2494 ], [ -47.4358, -13.2271 ], [ -47.5631, -13.1842 ], [ -47.6357, -13.1037 ], [ -47.6553, -13.1779 ], [ -47.6405, -13.2632 ], [ -48.083, -13.2888 ], [ -48.1465, -13.3845 ], [ -48.1408, -13.5479 ], [ -48.1101, -13.5687 ], [ -48.1197, -13.6275 ], [ -48.0801, -13.6811 ], [ -48.0195, -13.7377 ], [ -47.9086, -14.0139 ], [ -47.8991, -14.0467 ], [ -47.9034, -14.1157 ], [ -47.9168, -14.1496 ], [ -47.8599, -14.18 ], [ -47.9321, -14.177 ], [ -47.8248, -14.5018 ], [ -47.7616, -14.5416 ], [ -47.8123, -14.6972 ] ] ], [ [ [ -47.3084, -16.0503 ], [ -47.9388, -16.0503 ], [ -48.029, -16.2033 ], [ -48.1749, -16.2138 ], [ -48.3587, -16.4015 ], [ -48.1947, -16.735 ], [ -48.1521, -16.7321 ], [ -48.0761, -16.8002 ], [ -48.0159, -16.9293 ], [ -47.9009, -16.9533 ], [ -47.9111, -16.9239 ], [ -47.6906, -16.9021 ], [ -47.6571, -17.0925 ], [ -47.5983, -17.167 ], [ -47.5308, -17.2426 ], [ -47.5007, -17.2953 ], [ -47.4416, -17.3484 ], [ -47.2827, -17.1441 ], [ -47.1845, -17.036 ], [ -47.167, -17.0475 ], [ -47.1511, -16.9974 ], [ -47.1666, -16.9526 ], [ -47.1935, -16.8252 ], [ -47.2515, -16.7055 ], [ -47.2772, -16.66 ], [ -47.3185, -16.6036 ], [ -47.3428, -16.5924 ], [ -47.4129, -16.5759 ], [ -47.4601, -16.5051 ], [ -47.4295, -16.4427 ], [ -47.3363, -16.2016 ], [ -47.3113, -16.0881 ], [ -47.3084, -16.0503 ] ] ], [ [ [ -48.3738, -15.995 ], [ -48.3751, -16.2162 ], [ -48.3263, -16.2641 ], [ -48.1749, -16.2138 ], [ -48.1507, -16.1023 ], [ -48.2786, -16.0503 ], [ -48.2764, -15.9313 ], [ -48.2817, -15.8298 ], [ -48.4097, -15.9767 ], [ -48.3738, -15.995 ] ] ], [ [ [ -46.5602, -15.0286 ], [ -46.5027, -15.0509 ], [ -46.5308, -15.0053 ], [ -46.5216, -14.8512 ], [ -46.5605, -14.815 ], [ -46.5602, -15.0286 ] ] ] ] } },
{ "type": "Feature", "properties": { "cod_rgi": "5301", "nome_rgi": "Distrito Federal" }, "geometry": { "type": "Polygon", "coordinates": [ [ [ -48.199, -15.622 ], [ -48.2764, -15.9313 ], [ -48.2786, -16.0503 ], [ -47.3084, -16.0503 ], [ -47.3772, -15.9864 ], [ -47.3156, -15.5949 ], [ -47.4173, -15.5003 ], [ -47.5623, -15.5003 ], [ -47.6174, -15.5003 ], [ -48.2005, -15.5003 ], [ -48.199, -15.622 ] ] ] } }
]
}
