code_muni,en,ln,n,med
1100015,117.19,74.8,93.6,93.63
1100023,149.75,104.4,123,124.22
1100031,120.88,82.55,91.1,97.74
1100049,109.19,80.05,100.5,94.63
1100056,117.19,75.75,89.7,93.2
1100064,128.81,83.65,87.9,100.28
1100072,119.5,75.8,87.8,93.61
1100080,118.44,92.8,127.9,109.35
1100098,117.06,78.55,96.5,95.85
1100106,125.5,102.4,145.2,119.74
1100114,129.69,99.85,121,114.83
1100122,113.69,98.5,103.5,104.87
1100130,154.19,129.75,149.2,142.48
1100148,115.19,81.75,99,97.13
1100155,120.81,105.05,115.3,112.76
1100189,112.19,77.45,99.8,94.39
1100205,173.62,146.7,160.6,159.09
1100254,114.56,94.85,104.3,103.76
1100262,160.31,123.2,149.6,141.85
1100288,109.44,79.4,93,92.8
1100296,107.75,71.65,92.9,88.83
1100304,113.31,89.35,103.3,100.72
1100320,128.19,85.75,119.7,107.89
1100338,137.88,120.8,137.3,130.33
1100346,122.81,95.8,110.4,108.37
1100379,112.75,75.15,95.1,92.57
1100403,169.31,116.9,132,138.41
1100452,166.5,123.45,151.6,144.54
1100502,113.12,83.45,89.8,95.15
1100601,145.38,102.7,125.5,122.5
1100700,169.81,119.9,154.2,144.72
1100809,184.06,148.15,187.3,169.15
1100908,111.88,89.8,90.6,97.65
1100924,115.06,70.45,101.8,92.78
1100940,164.5,132.35,156.4,148.76
1101005,144.88,109.7,146.4,129.91
1101104,177,136.25,177.4,159.37
1101203,112.38,91.6,101.3,100.93
1101302,132.69,108.4,132.7,122.13
1101401,160.25,115.4,148,138.09
1101435,129.44,105.15,120.3,116.89
1101450,103.62,71.1,99,88.48
1101468,120.88,74,93.1,94.46
1101476,108.69,77.65,92.5,91.67
1101484,104.25,76.25,93.5,89.74
1101492,122.12,84.85,112.9,103.91
1101500,129.5,93.5,131.2,114.22
1101559,121.94,105,111.3,112.26
1101609,131.56,107.5,124.1,119.48
1101708,123.31,102.4,115.6,112.54
1101757,133.88,110.75,133.7,123.78
1101807,121.94,102.45,119.9,113.02
1200013,163.69,129.35,181.6,152.65
1200054,163.88,127.2,144.3,143.67
1200104,150.25,118.3,140.9,134.33
1200138,181.44,128,161.9,153.96
1200179,149.31,113.1,173.3,138.78
1200203,280,262.65,325.4,282.33
1200252,132.62,109.05,144.1,124.87
1200302,243.94,228.2,234.3,235
1200328,231.94,231.5,252.5,236.22
1200336,309.94,301.55,361.6,317.52
1200344,208.75,173.95,183.6,188.15
1200351,241.31,227.5,267.5,241
1200385,158.88,117.6,186.4,146.91
1200393,251.81,243.85,289,256.43
1200401,157.88,120.8,161.6,142.57
1200427,293.25,292.05,338.8,302.63
1200435,223.62,205.4,184.1,207.11
1200450,175,124.85,184.4,155.24
1200500,183,147.1,163.8,163.22
1200609,255.38,245.9,275,255.52
1200708,139.56,112.7,143.5,128.74
1200807,187.56,144.2,182.7,167.65
1300029,587.75,593.4,610.5,595.15
1300060,581.62,559.05,619.9,580.13
1300086,541.06,484.25,495,506.35
1300102,523.5,478.3,478.5,494.07
1300144,286.25,235.9,234.7,253.15
1300201,472.19,445,471.4,460.2
1300300,448.31,454.65,443.1,449.93
1300409,833.69,839.9,826.8,834.89
1300508,502.62,509.65,542.8,514.41
1300607,470,449.05,438.2,453.98
1300631,522.38,462.4,461.2,483
1300680,475.81,494.1,516.4,492.59
1300706,200.62,168.1,212.2,189
1300805,397.69,376.6,403.9,389.87
1300839,534.12,480.05,514.2,506.28
1300904,234.62,229.8,255.5,237.07
1301001,412.75,427.6,428.3,422.59
1301100,445.94,433.35,482,448.3
1301159,433.56,468.1,480.2,458.72
1301209,472.25,455.1,468.7,464.02
1301308,502.88,507.55,508.2,506.07
1301407,324.56,288.95,316.5,307.33
1301506,296,257.3,283,276.35
1301605,762.44,754.4,759.4,758.28
1301654,306.94,302.6,357.8,316.11
1301704,233.12,236.1,262.6,240.83
1301803,334.5,308.9,340,324.57
1301852,425.25,421.65,487.3,437.17
1301902,457.38,439.25,463.6,450.85
1301951,362.56,343.5,364.6,354.72
1302009,488.5,501.6,506.4,498.09
1302108,743.75,713.75,755.2,733.2
1302207,606.38,639.5,620.6,623.87
1302306,470.19,469.4,489.3,474
1302405,197.5,194.8,242.5,206.11
1302504,444.62,396.95,499.8,435.89
1302553,506.69,433.1,519.7,477.52
1302603,482.44,478.15,545.8,494.35
1302702,292.12,266.55,319,286.85
1302801,697.5,636.05,712.2,673.98
1302900,382.06,348.85,406.1,372.85
1303007,535.06,564.6,556.6,552.59
1303106,434.88,421.3,462.8,435.04
1303205,653.12,645.45,705.4,661.15
1303304,297.12,253.3,287.2,275.91
1303403,473.69,500.25,546.1,500.98
1303502,262.44,236.9,289.1,257.13
1303536,629.62,680.6,674.8,661.61
1303569,517.31,540.1,589,542.8
1303601,865.44,848.85,803.8,844.83
1303700,605.5,517.95,661.1,579.52
1303809,1035,998.45,1011.1,1013.91
1303908,524.5,461.9,528.3,498.11
1303957,561,563.85,596.6,569.98
1304005,479.62,469.15,470.4,473.07
1304062,511.56,459,538.1,494.48
1304104,373.31,363.1,383.8,371.15
1304203,486.56,528.85,500.7,508.02
1304237,660.12,641.05,677.7,655.65
1304260,645.12,613.45,654.5,633.39
1304302,624,621,669.4,632.57
1304401,477.56,492,517.5,492.52
1400027,921.44,1053.35,940.2,982.87
1400050,864.69,983.1,892.9,922.3
1400100,851.81,951.3,908.1,907.3
1400159,868.88,1010.6,938.5,945.63
1400175,913.81,1062.25,1006.8,998.57
1400209,950.94,998.2,969.7,975.57
1400233,918.5,1025.15,990.9,980.61
1400282,930,1038.65,909.1,972.7
1400308,908.88,1062.35,923.3,978.74
1400407,722.81,866.25,865.3,816.15
1400456,780.56,995.25,883.2,896.22
1400472,892,940.25,873,908.85
1400506,918.38,1009.15,973.8,969.89
1400605,925.19,1027.2,993.6,984.41
1400704,655.94,832.4,772.6,758.02
1500107,607.12,632.6,636.7,624.63
1500131,148.06,130.5,153.2,141.54
1500206,588.12,572.75,581.2,579.93
1500305,700.75,699.45,754.3,711.83
1500347,146.94,124.4,142.5,136.17
1500404,492.44,531.3,483.7,507.43
1500503,643.56,682.5,706.3,674.13
1500602,216.88,182.7,189.8,196.13
1500701,661.56,732.45,739.7,709.37
1500800,638.06,721.85,698.4,687.61
1500859,304.19,337.3,330.4,324.28
1500909,678,712.35,755,709.67
1500958,498.5,489.55,516.3,498.48
1501006,409.56,379.45,372.9,388.5
1501105,571.75,618.95,639.7,607.04
1501204,385.31,389.95,393.2,389.04
1501253,127.31,103.85,120.5,115.63
1501303,629.56,701.15,682.8,672.26
1501402,631.31,729.05,687.6,686.04
1501451,436.62,431.85,427.6,432.59
1501501,638.69,707.45,702.1,682.37
1501576,147.12,147.2,160.9,150.15
1501600,628.88,650.3,675.1,648.24
1501709,675.12,716.15,727.5,704.35
1501725,398.44,361.65,359.7,374.02
1501758,118.25,118.6,133,121.61
1501782,305.56,296.1,307.6,301.89
1501808,658,678.3,714.5,679.11
1501907,640.12,626.35,622.8,630.37
1501956,536.19,549.4,607.6,557.46
1502004,652.62,703.95,696,684.37
1502103,568.12,600.45,590,586.93
1502152,150.44,130.95,155,142.96
1502202,672.75,715.1,745.2,706.91
1502301,532.56,554.2,587.9,554
1502400,640.75,647.8,683,653
1502509,708.25,743,756.7,733.89
1502608,687,761.55,760,735.28
1502707,102.31,75.1,97.5,89.43
1502756,613.38,601.85,559.8,596.72
1502764,100.31,66.35,86.4,82.52
1502772,154.62,147.3,161.7,152.98
1502806,647.44,673.9,703,671.02
1502855,442.75,466.75,424.5,449.22
1502905,742.06,748.45,740.8,744.57
1502939,165.56,157,182.3,165.48
1502954,150.62,155.4,162.5,155.28
1503002,561.25,580.55,584.9,574.78
1503044,103.25,90.3,115.5,100.28
1503077,517,532.85,580.8,537.76
1503093,250.62,266.85,258.9,259.48
1503101,773.56,729.9,760.5,751.74
1503200,679.81,688.35,706.7,689.37
1503309,590.69,638.3,635.9,621.22
1503408,599.94,639.45,650.2,628.04
1503457,353.94,372.7,394.3,370.87
1503507,547.38,594.75,613.4,582.33
1503606,310.19,267.9,311.6,292.11
1503705,184,178.9,187.5,182.54
1503754,201.56,172.6,190.6,186.59
1503804,203.69,204.35,202.7,203.76
1503903,481.94,495.25,516.9,495.33
1504000,628.06,635.95,666.8,639.91
1504059,539.06,555.15,583.8,555.78
1504109,743.69,717.2,722.4,727.54
1504208,169.94,162.85,168.9,166.63
1504307,740.38,697.05,725.3,718.26
1504406,739.94,719.45,722.1,727.15
1504422,638.06,721.85,698.4,687.61
1504455,389.25,347.85,370.4,367.15
1504505,641.94,636.3,700.8,652.28
1504604,479.06,491.1,522,493.63
1504703,450.62,461.2,500.3,466.02
1504752,407.25,412.05,446.9,417.96
1504802,509.88,506.25,488.3,503.61
1504901,611.88,657.45,662.5,642.7
1504950,459.06,460.15,494.5,467.24
1504976,179.31,187.15,178,182.43
1505007,677.5,683.5,720.4,689.43
1505031,160.69,125.6,139.5,140.83
1505064,249,277.4,255.5,262.76
1505106,540.88,577.8,563.4,561.83
1505205,578.38,598.3,625,597.17
1505304,595.94,664.45,624.2,631.87
1505403,643.12,670.15,685.7,664.13
1505437,148.69,102.55,123.5,123.15
1505486,344.94,368.5,354.7,357.3
1505494,118.12,115.1,131.7,119.76
1505502,268.31,276.3,285.1,275.43
1505536,164.12,139.25,162.7,153
1505551,111.75,92.85,106,102.28
1505601,686.31,703.85,733.7,704.24
1505635,138.38,135.45,143.3,138.17
1505650,318,319.95,333,322.11
1505700,619.5,665.3,662.8,648.83
1505809,562.5,601.7,621.5,592.37
1505908,614.19,599.85,591.5,603.02
1506005,495.75,485.25,492.6,490.5
1506104,679.25,718.35,742.6,710.02
1506112,673.38,712.75,729.3,702.65
1506138,99.88,82.2,106.1,93.54
1506161,104.75,95.6,113.6,102.7
1506187,176.44,169.8,180.8,174.5
1506195,335.5,338.2,332.6,336.04
1506203,722,708,739.7,719.76
1506302,676.5,726,758,715.74
1506351,666.31,742.45,747.4,717.04
1506401,665.94,715.5,698.5,694.57
1506500,623.38,663.4,686,654.39
1506559,605.19,628.45,651.9,625.46
1506583,90.5,61.4,81,75.78
1506609,628.44,620.15,665,632.78
1506708,73.06,49.75,70.4,62.35
1506807,463.81,489.7,448.7,471.78
1506906,728.62,736.7,761,739.17
1507003,682.44,752.1,765.8,730.85
1507102,718.81,761.25,735.5,740.89
1507151,131,139.2,130.2,134.39
1507201,598.5,598.6,571.4,592.65
1507300,168.81,110.1,142.2,137.5
1507409,641.75,634.35,671.4,644.98
1507458,140,140.1,157.9,143.93
1507466,738,752.35,745.1,745.78
1507474,715.44,711.9,754.7,722.43
1507508,131.19,128.65,135.1,130.93
1507607,598.69,600.75,628.3,606.02
1507706,604.75,649.75,680.4,640.76
1507755,115.12,115.95,135,119.8
1507805,302.94,336.95,324,322.3
1507904,685.81,736.8,773.8,727.11
1507953,381.12,389.4,422.8,393.78
1507961,686.44,682.6,700.6,687.85
1507979,481.44,493.55,504.2,491.65
1508001,426.94,435.15,455.8,436.78
1508035,691.62,722.45,748,717.28
1508050,367.31,310.05,323.8,332.96
1508084,162,119.5,140.2,138.78
1508100,290.31,299.45,302.8,297
1508126,196.56,177.4,218.2,192.93
1508159,324.12,290.95,340.2,313.2
1508209,696.38,778.5,754.8,744.78
1508308,618.69,645.05,719.1,651.98
1508357,403.5,405.8,415.3,407.07
1508407,113.88,111.5,127.6,115.83
1600055,756,760.95,787,764.89
1600105,920.25,933.1,988.5,940.67
1600154,681.88,672.9,731.9,688.85
1600204,1017.94,1017.45,1075.9,1030.33
1600212,781.31,736.05,781.5,761.67
1600238,661,660.25,704.8,670.2
1600253,722.12,711.9,751.5,724.07
1600279,652.81,709.35,737.1,695.72
1600303,722.12,711.9,751.5,724.07
1600402,715.69,681.35,723.8,702.52
1600501,1001.81,1043.5,1072.9,1035.39
1600535,675.12,645.45,670.8,661.28
1600550,874.19,853.9,948.8,881.59
1600600,724.44,697.05,730.7,713.89
1600709,815.69,759.9,793.5,786.61
1600808,795.06,765.1,776.9,778.09
1700251,79.88,53.5,76.6,67.7
1700301,94.56,86.3,117.6,95.98
1700350,36.75,24.5,47.1,33.67
1700400,43.5,30.8,53.8,40.22
1700707,26.25,20.15,28.9,24.17
1701002,116.38,118,135.2,121.17
1701051,109.06,106.15,137.5,113.98
1701101,54.12,43.25,53.1,49.17
1701309,124,116,126.5,121.07
1701903,81.88,57.85,74.4,69.8
1702000,26.56,22.65,36.4,27
1702109,115.38,93.2,116.2,105.91
1702158,122.5,120.95,142.9,126.26
1702208,108.94,110.85,115,111.09
1702307,97.94,79.25,104.5,91.24
1702406,22.88,13.65,29.4,20.28
1702554,113.38,107.5,115.9,111.37
1702703,34.56,23.4,31.8,29.11
1702901,91.56,102.25,101.7,98.41
1703008,94.75,84,124.6,96.57
1703057,96.88,76.6,105,89.83
1703073,74.25,67.1,87.9,74.11
1703107,67.69,40.65,70.5,56.54
1703206,99.25,78,102.2,90.65
1703305,61.12,53.85,74.6,60.89
1703602,85.81,67.55,95,79.87
1703701,41.81,32.15,58.4,41.22
1703800,118.31,113.05,124.3,117.33
1703826,103.44,102.9,109.2,104.46
1703842,63.56,54.45,63.2,59.52
1703867,31.56,23.45,35.8,28.96
1703883,119.88,103.35,143.7,117.87
1703891,120.81,113.25,120.4,117.43
1703909,76.31,52.75,69.8,64.65
1704105,61.12,56.2,71.2,61.17
1704600,64.5,44.15,68.8,56.59
1705102,35.75,29.6,50.9,36.37
1705508,91.75,72.85,100,85.33
1705557,32.5,18.05,30.3,25.74
1705607,24,15.35,34.8,22.59
1706001,88.75,68.4,89.4,80.04
1706100,56.56,36.4,62.4,49.07
1706258,45.06,30.05,54.2,40.52
1706506,93.31,97.2,126.2,102.15
1707009,40.44,48.3,41.4,44.07
1707108,77.25,49.7,69.4,63.57
1707207,75.75,50.15,77.8,65.07
1707306,35.12,29.95,46.1,35.26
1707405,128.94,124.8,140.3,129.61
1707553,50.06,35.05,68.3,47.5
1707652,25.88,20.2,31.5,24.63
1707702,80,75.65,111.3,84.91
1708205,28.88,23.65,43.4,29.76
1708254,66.06,51.95,69.9,60.76
1708304,84.56,60.3,84.9,74.09
1709005,75.19,60.35,80.3,69.85
1709302,69.31,56.25,80.4,66.04
1709500,33.5,23.1,42,30.83
1709807,37.94,31.3,60,39.85
1710508,66.25,61.35,71.2,65.2
1710706,88,91.05,98.7,91.65
1710904,76.12,66.5,87.8,74.48
1711100,84.88,69.35,87.7,78.74
1711506,28.31,15.1,25.8,22.02
1711803,94,73.75,96.7,85.78
1711902,41.69,32.9,52.7,40.26
1711951,48.69,39.95,50.6,45.3
1712009,59.5,45.4,58.4,53.13
1712157,33,18.8,29,25.96
1712405,47.12,35.7,63,45.61
1712454,102.81,96.9,115.1,102.91
1712504,77.19,47.4,65.7,61.74
1712702,36,26.5,37.3,32.15
1712801,93.81,89.55,103.3,94.02
1713205,66.62,39.75,65.5,54.7
1713304,66.31,47.55,65.1,57.89
1713601,52.38,37.8,56,46.83
1713700,68.25,44.65,73.9,59.22
1713809,93.56,89.25,121.7,97.8
1713957,118.5,110.85,123.2,116.2
1714203,31.81,26.35,46.4,32.61
1714302,103.38,95.1,128,105.13
1714880,103.25,85.4,111.4,97.26
1715002,58.81,39.8,69.8,52.93
1715101,44.88,40.65,56.5,45.57
1715150,30.25,18.4,30.2,25.09
1715259,43.88,48.55,39.7,45
1715507,58.62,37.9,67.9,51.63
1715705,85,75.1,102.7,84.54
1715754,28.56,12.75,29.7,21.93
1716109,62.75,38.4,66.7,53.02
1716208,23.69,13.05,26.3,19.63
1716307,109.12,89.25,114.3,101.61
1716505,58.19,51.55,62.2,56.17
1716604,25.38,20.55,30.8,24.46
1716653,89.12,67.95,93.9,80.96
1716703,71.81,57.8,75.9,66.61
1717008,41.12,35.1,55.3,41.59
1717206,116.56,113.65,150.7,122.72
1717503,68.88,43.55,71.5,58.43
1717800,42.88,34.35,37.3,37.96
1717909,43.88,38.65,54.9,44
1718006,39.38,28.75,46.9,36.39
1718204,55.12,39.5,64.2,50.3
1718303,100.5,105,117.9,106.24
1718402,76.75,64,88.6,73.78
1718451,61.25,38.05,65.6,52.11
1718501,73.69,56.1,77.8,66.93
1718550,115.12,116.25,146.5,122.43
1718659,39.06,34.35,48.4,39.04
1718709,66.31,51.6,63,59.2
1718758,50,44,59.7,49.5
1718808,116.38,110.65,126.8,116.15
1718840,30.19,21.6,34.4,27.37
1718865,115.88,105.05,121.8,112.46
1718881,64.5,56.35,72.3,62.65
1718899,51.12,33.45,57.5,44.83
1718907,38.19,31.6,54.7,38.91
1719004,45.88,43.4,52.8,46.3
1720002,103.25,94.6,132.6,105.87
1720101,103.81,105.15,113,106.39
1720150,47.38,31.85,57.5,42.83
1720200,91.81,92,97.2,93.07
1720259,24.69,13.95,26.9,20.5
1720309,135.12,119.25,131.9,127.52
1720499,28.44,23.35,39.1,28.54
1720655,38.62,31.3,56.4,39.3
1720804,90.38,98.65,100.7,96.22
1720853,25.25,20.05,27.8,23.54
1720903,36,28.1,31.3,31.54
1720937,35.12,23.75,32.4,29.59
1720978,29.25,16.25,28.8,23.5
1721000,50.25,44.1,54.8,48.57
1721109,58.44,45.1,56.9,52.3
1721208,92,89.35,109.8,94.72
1721257,66.62,55.85,73.3,63.39
1721307,80.62,69.55,95.2,78.98
1722081,113.69,106.7,140.6,116.5
1722107,122.12,120.1,151.4,127.61
2100055,122.56,116.75,137.1,123.2
2100105,230.25,198.2,231.9,216.67
2100154,249.56,276.9,270.4,265.98
2100204,599.31,612.8,636.4,613.24
2100303,198.12,190.3,201.4,195.43
2100402,231.75,228.2,252,234.61
2100436,187.75,189.5,203.4,191.91
2100477,224.06,205.6,262.9,224.48
2100501,40.94,30.4,51.4,38.63
2100550,593.56,644.9,703,639.67
2100600,79.25,71.95,75.8,75.33
2100709,330.25,340.9,356.3,340.54
2100808,308.81,301.5,360.1,316.78
2100832,614.06,670.3,695.2,656.15
2100873,407.69,408.45,379.9,401.98
2100907,243.94,268.1,258.1,257.52
2100956,105.88,99.8,125.2,107.43
2101004,300.12,290.9,321.8,300.83
2101103,408.94,431.8,456.9,429.3
2101202,212.06,194.85,225.4,207.48
2101251,415.38,431.5,454.1,430.8
2101301,611,659.7,693,650
2101350,558.69,575.95,581.2,571.09
2101400,65.81,43.7,54.6,53.76
2101509,60.88,50.4,65,57.22
2101608,88.38,77.65,106.4,87.63
2101707,289.94,319.2,327.4,310.8
2101731,290.19,306.05,319.1,303.37
2101772,272.25,260.35,304.7,274.13
2101806,38.75,48.35,51.5,45.7
2101905,586.12,610.6,608.6,601.65
2101939,182.06,168.15,186.8,177.04
2101970,581.25,623.4,680.9,621.24
2102002,157.31,159.8,209.8,169.8
2102036,123.44,112.35,148.2,124
2102077,210.94,192.2,209.5,202.48
2102101,281.62,275.9,336.9,291.15
2102150,200.62,187.6,219.8,199.13
2102200,271.56,251.6,313.9,272.09
2102309,83.12,87.1,93.7,87.15
2102325,128.81,124.55,163,134.39
2102358,82.81,79.5,93.3,83.65
2102374,337.25,362,367.9,354.67
2102408,465.44,482.2,494.3,479
2102507,363.62,346.8,366.8,357
2102556,86.75,79.15,103.3,87.04
2102606,590.88,644.9,706.9,639.59
2102705,271.56,266.55,289.7,273.33
2102754,168.19,163.5,189.1,170.7
2102804,75.81,59.85,81.1,70.02
2102903,633.12,678.95,760,680.63
2103000,168.62,166.6,164.9,166.93
2103109,563.75,606.55,617.3,594
2103125,588.19,608.35,607.7,601.2
2103158,446.19,468.5,478.3,462.87
2103174,342.19,320.7,341.6,332.72
2103208,291,254.85,290.2,275.11
2103257,120.12,107.35,135.1,117.83
2103307,175.75,174.75,181.7,176.61
2103406,233.06,203.55,242.7,222.33
2103505,74.12,76.85,86.2,77.93
2103554,275.19,258.9,307.1,275.04
2103604,192.12,197.55,214.2,199.28
2103703,594.81,646.45,654.6,630.26
2103752,84.44,84.9,97,87.37
2103802,133.06,119.3,135.7,127.65
2103901,270.75,240.2,289.7,261.59
2104008,148.56,137,162.2,146.5
2104057,87.69,68.6,103.5,82.83
2104073,69.12,54.55,69.7,62.91
2104081,64.25,68.1,86.8,70.83
2104099,68.81,62.4,90.3,70.7
2104107,55.06,50.35,60.4,54.17
2104206,96.19,91.5,92.2,93.28
2104305,621,666.4,759.7,670.89
2104404,139.44,129.25,123.2,131.48
2104503,152.12,135.3,152.5,144.89
2104552,86.56,83.9,95.9,87.43
2104602,104.62,98,105.1,101.85
2104628,96.62,93.25,93.7,94.52
2104651,336.19,310.4,327.2,323.02
2104677,535.81,585.75,582.3,567.63
2104701,97.75,90.95,98.2,94.89
2104800,80.81,66.8,85,75.63
2104909,582.62,610.15,630.7,605.04
2105005,375.94,421.05,433.5,408.07
2105104,410.38,450.8,466.5,440.15
2105153,296.12,278.35,330.6,295.89
2105203,187.56,178.45,189.4,184
2105302,87.19,95.3,113.5,96.43
2105351,100.44,96.2,123.2,103.54
2105401,286.56,277.1,297.5,284.83
2105427,138,134.85,150.3,139.3
2105450,86.88,84.3,89.8,86.39
2105476,91.5,79.6,118.1,92.11
2105500,83.5,86.7,103,89.13
2105609,130,117.25,134.6,125.46
2105658,526.94,548.45,588.8,549.74
2105708,166,152.7,177.4,162.7
2105807,189.88,179.55,189.1,185.22
2105906,241.56,219.1,256.1,234.96
2105922,81.12,79.05,95.1,83.26
2105948,189.88,179.55,189.1,185.22
2105963,143.06,127.8,162.7,140.7
2105989,81.81,72.25,103.2,82.3
2106003,181.25,170.55,199,180.46
2106102,48,48.35,54.6,49.59
2106201,621,672.8,761.9,674.15
2106300,253.25,269.05,285,267.02
2106326,538.06,587.15,610.7,575.2
2106359,167.06,154.65,178,164.04
2106375,465.25,478.2,451.3,467.85
2106409,290.69,272.8,328,291.02
2106508,486.75,468.05,461.9,473.22
2106607,121,125.75,127.8,124.54
2106631,259.69,246.85,276.4,257.74
2106672,286.44,296.9,344.5,303.61
2106706,68.56,74.55,88,75.39
2106755,268,264.95,295.3,272.61
2106805,589.62,622.05,634,613.37
2106904,342.44,302.95,361.5,329.41
2107001,83.44,79,95.2,84.07
2107100,358.06,393.85,406.7,384.2
2107209,286.12,280.2,295.1,285.5
2107258,52.44,49.05,64.2,53.52
2107308,52.06,56,52.6,53.89
2107357,415.56,421.65,379,410.26
2107407,239.25,230.2,256.4,239.04
2107456,490.19,477.55,479.7,482.41
2107506,525.38,552.85,561.6,545.2
2107605,559.19,532.7,532.5,541.87
2107704,67.38,65.2,77.9,68.72
2107803,95.75,99.85,116.4,102.02
2107902,82.75,79.9,95.1,84.2
2108009,66.31,64.55,77.4,67.96
2108058,283,309,319.8,302.3
2108108,200.75,189.35,202.9,196.26
2108207,179.62,162.9,179.3,172.28
2108256,436.5,415.25,413.2,422.2
2108306,381,359.25,368.5,368.83
2108405,593.69,595.45,586.9,592.98
2108454,174.5,184.55,199.4,184.28
2108504,293,275.9,315.6,290.48
2108603,558.88,538.35,532.3,544.17
2108702,265,249.15,298.2,265.33
2108801,273.56,264,271.1,268.87
2108900,158.06,147.45,177.1,157.59
2109007,85.94,76,106.6,86.11
2109056,588.12,637.15,652,623.33
2109106,115,100.25,113.3,108.22
2109205,368.25,386.8,402,383.65
2109239,476.44,509.5,475.3,490.57
2109270,523.75,537.8,500.1,524.72
2109304,315.5,343,347,334.3
2109403,337.62,386.6,383.7,368.93
2109452,518.44,537.45,562.9,536.37
2109502,59.44,47.45,60.7,54.5
2109551,86.56,83.1,96.1,87.13
2109601,419.88,429.1,455.5,431.63
2109700,47.94,43.1,51.2,46.54
2109759,103.56,96.25,94.5,98.41
2109809,526.62,544.85,498.4,528.41
2109908,250.69,242.8,272.2,251.93
2110005,176.19,169.15,199.9,178.28
2110039,473.12,496.15,452.3,478.61
2110104,286.88,301.45,350.8,307.11
2110203,331,350.8,365.8,347.17
2110237,269.94,284.6,313.8,285.85
2110278,317,336.35,363.5,335.52
2110302,146,132.55,146.4,140.24
2110401,301.88,305.75,336.5,311.09
2110500,542.12,529.7,501.5,527.89
2110609,271.69,266.65,312.7,278.41
2110658,47.25,53.4,66.1,54.02
2110708,94,87.65,90.6,90.5
2110807,41.75,51.45,61.6,50.28
2110856,89.5,95,109.2,96.17
2110906,72.38,60.15,77,68.07
2111003,448.88,418.6,452.9,436.59
2111029,235.12,213.15,277.4,234.76
2111052,88.56,68.85,100.2,82.52
2111078,156.31,144.7,150.3,149.96
2111102,58.81,56.95,62,58.7
2111201,525.38,552.85,561.6,545.2
2111250,131.38,114.45,130.7,123.87
2111300,524.62,546.9,564.6,543
2111409,195.69,186.2,204.2,193.41
2111508,250.5,232.9,253.7,243.54
2111532,140.06,119.4,137.4,130.5
2111573,76.25,62,77.6,70.35
2111607,48.69,49.6,58.2,51.15
2111631,133.12,116.1,140.2,127.26
2111672,134.69,119.05,146.8,130.52
2111706,507.56,487.65,471.6,491.09
2111722,252.88,236.65,269.4,249.41
2111748,127.88,113.8,115.1,118.98
2111763,86,84.2,96.4,87.48
2111789,585.19,635.5,645.4,620.15
2111805,78.56,72.65,97.6,80.13
2111904,75.31,72.85,97.1,78.98
2111953,64.69,60.8,74.2,65.07
2112001,49.69,41.25,41.3,44.2
2112100,196.69,205,210.2,203.24
2112209,134,135.8,144.6,137.09
2112233,187.69,174.2,188.4,181.98
2112274,267.19,256.15,293.2,268.04
2112308,98.69,88.4,91.4,92.63
2112407,560.38,628.65,627.8,604.72
2112456,522.62,570.65,542.6,547.85
2112506,271.88,289.75,303.4,286.5
2112605,295.44,309.85,344.6,312.39
2112704,276.69,247.1,269.5,262.26
2112803,437.56,414.65,431.8,426.35
2112852,124.81,115.25,133.4,122.52
2112902,289.88,287.3,331.8,297.87
2113009,214.06,203.2,226,211.93
2114007,370.25,348,366.4,359.74
2200053,16.75,22.45,26.4,21.33
2200103,106.56,94.1,118.9,103.83
2200202,91.38,81.25,101.5,89.17
2200251,38.06,35.85,40.1,37.54
2200277,37.81,25.55,41.5,33.28
2200301,119,95.3,102.8,105.17
2200400,146.44,129.95,136.8,137.17
2200459,34.12,24.45,56.5,34.78
2200509,68.31,52.55,68.2,61.43
2200608,80.5,69.55,91.5,78.13
2200707,15,9.1,34.6,16.7
2200806,34.69,44.65,41,40.39
2200905,77,67.8,84.1,74.54
2200954,26.88,28.75,44.2,31.46
2201002,46.81,44.1,54.3,47.26
2201051,47.88,48.1,52.5,48.98
2201101,18.94,11.85,42,20.87
2201150,44,36.8,56,43.48
2201176,50.69,49.65,62.6,52.83
2201200,265.56,224.45,265.3,247.63
2201309,24,16.45,26.7,21.3
2201408,99.38,84,112.7,95.59
2201507,258.94,230.65,237.8,242.04
2201556,18.44,19.35,33.8,22.17
2201572,28.44,21.75,36.7,27.33
2201606,124.94,108.75,116.7,116.11
2201705,32.25,32.4,37.3,33.41
2201739,22.38,31.55,43.5,30.96
2201770,227.19,203.05,209.6,212.87
2201804,36.88,32.4,39.4,35.48
2201903,30.44,19.2,49,29.59
2201919,192.81,195,211.1,197.74
2201929,11.94,8,26.4,13.37
2201945,197.38,187,185.5,190.28
2201960,187.25,171,172.8,177.04
2201988,19.62,18.45,34.9,22.43
2202000,208.94,228.95,206.9,217.2
2202026,70.38,63.25,64.4,65.98
2202059,220.5,201.3,214,210.74
2202075,42.31,42.45,54.1,44.93
2202083,186.62,189.3,197.9,190.24
2202091,34.5,26.55,43.4,32.98
2202109,21.94,26.3,39.3,27.61
2202117,15.69,21.1,31.1,21.39
2202133,28.5,24.85,37.8,28.93
2202174,276.25,258.9,311.7,276.41
2202208,158.5,134.65,141.7,144.48
2202251,29.62,28.4,45.5,32.54
2202307,26.75,23.3,44.9,29.2
2202406,195.31,187,185.6,189.59
2202455,13.06,20.05,30.2,19.83
2202505,16.81,10.1,39.8,18.89
2202539,231.94,227,231.4,229.67
2202554,21.31,21.9,36.4,24.85
2202604,91.38,74.25,63.5,77.87
2202653,205.56,221.4,201.5,211.57
2202703,187.25,169.65,182.8,178.63
2202711,182,167.05,172.8,173.5
2202729,171.44,154.6,180.8,166.15
2202737,138.81,116.15,126.3,126.24
2202752,32.25,25.9,45.7,32.41
2202778,28.88,32.65,46.3,34.3
2202802,17.31,21,32.9,22.3
2202851,11.94,15.4,24.6,16.2
2202901,21.38,16,28.9,20.67
2203008,17.69,18.65,30.9,20.98
2203107,30.25,22.75,57.6,32.93
2203206,22.75,14.15,42.8,23.37
2203230,31.69,23.5,54.3,33.04
2203255,106.56,97.4,122.4,106.02
2203271,25.69,25.85,44,29.74
2203305,129.69,124.35,133.8,128.26
2203354,9.62,8.15,19.8,11.2
2203404,32.56,30.65,46.5,34.76
2203420,108.06,99.4,127.9,108.61
2203453,11.44,14.95,28.9,16.76
2203503,82.81,69.2,90.2,78.5
2203602,29.38,27.25,39,30.54
2203701,263.69,247.5,272.2,258.5
2203750,12.81,7.25,19.6,11.87
2203800,30.69,26.65,47.8,32.65
2203859,23.94,29.15,44.6,30.7
2203909,49.75,42.7,59.5,48.8
2204006,62.31,56,72.2,61.72
2204105,53.75,43.55,59.6,50.59
2204154,32.56,24.65,41.2,31
2204204,31.81,30.6,36.8,32.37
2204303,43.06,32.6,47.5,39.48
2204352,26.88,29.45,40.5,30.96
2204402,28.88,19.2,33.7,25.72
2204501,46.69,51.1,53.2,50.02
2204550,22.94,17.55,45.9,25.59
2204600,89.31,76.9,96.8,85.54
2204659,211.88,237.8,244.5,230.24
2204709,42.31,38.3,53,42.89
2204808,35.88,30.85,49.6,36.67
2204907,21.44,24.4,38,26.33
2205003,23.62,25.55,38.2,27.63
2205102,33.94,27.95,54.1,35.72
2205151,19.38,20.9,31.1,22.59
2205201,22.69,23.95,36.7,26.28
2205250,84.94,70.75,89.3,79.72
2205276,132.75,128.35,129.2,130.07
2205300,41.94,40.65,49,42.91
2205359,16.38,18.8,29.8,20.35
2205409,249.56,245.95,261.4,250.57
2205458,277.75,262.95,315.5,279.52
2205508,183.81,166.05,177.1,174.63
2205516,81.31,75.55,78.3,78.15
2205524,17.31,11.5,30.3,17.61
2205532,16.81,8.95,30.9,16.46
2205540,97.94,85.55,107.5,94.63
2205557,226.44,199.3,224.6,214.24
2205565,12.88,19.1,27.2,18.7
2205573,122.88,130.6,145.9,131.24
2205581,117.5,113.55,124.5,117.3
2205599,48.94,40.7,41.7,43.78
2205607,35.81,41.15,38,38.61
2205706,187.25,188.7,198.7,190.37
2205805,274.25,262.85,300.7,275.04
2205854,285.38,278.8,336.6,293.65
2205904,34.44,26.45,56.9,35.85
2205953,31.5,24.65,41.5,30.7
2206001,40.44,47.35,49,45.3
2206050,20.19,20.15,38.4,24.13
2206100,274.94,273.2,319.7,283.91
2206209,257.75,222.5,264.6,243.91
2206308,104.19,93.05,117.4,102.22
2206357,96.12,98.4,126.9,103.8
2206407,106.94,98.5,116.6,105.37
2206506,36.25,33.3,37.7,35.28
2206605,28.19,15.1,39.4,24.93
2206654,22.19,12.85,40.6,22.13
2206670,266.81,249.05,284.4,262.91
2206696,253.94,264.4,268,261.54
2206704,41.31,38.45,61,44.35
2206720,113.5,116.2,123.2,116.78
2206753,189.44,173.25,181.6,180.7
2206803,268.5,231.9,279.7,255.02
2206902,51.62,46.3,61.7,51.5
2206951,111.12,93.95,90.4,99.15
2207009,36.06,38.05,44.9,38.85
2207108,99.38,84,112.7,95.59
2207207,31.44,24,39.6,29.98
2207306,18.38,21.55,37,23.8
2207355,22.38,22.95,40.8,26.63
2207405,30.12,25.9,54.5,33.59
2207504,94.12,86.6,113.5,95.07
2207553,27.5,27.8,45.3,31.5
2207603,17.56,14.1,32.3,19.26
2207702,205.38,219.85,236.9,218.52
2207751,102.75,87.4,112.9,98.28
2207777,19.88,20.2,33.9,23.07
2207793,133.44,117.6,127,125.15
2207801,18.94,22.15,27.7,22.24
2207850,29.06,28.1,44.1,31.91
2207900,75.44,77,115.2,84.76
2207934,15.62,22.15,34.7,22.61
2207959,14.19,21.85,33.5,21.72
2208007,28.06,27,47.6,31.85
2208106,50.19,42.15,45.7,45.72
2208205,45.62,38.35,41.2,41.5
2208304,198.44,182.35,192.6,190.17
2208403,189.06,174.2,177,179.98
2208502,282.88,265.5,311.3,281.5
2208551,43.44,48.05,46.4,46.09
2208601,106.94,91.5,106.6,100.15
2208650,13.38,21.1,26.7,19.63
2208700,28.81,16.05,47.4,27.3
2208809,68.75,56.2,73.3,64.28
2208858,21.19,14.5,41.7,22.74
2208874,19.19,24.45,38.9,25.76
2208908,48.19,43.55,46.9,45.89
2209005,30.94,27.05,49.1,33.2
2209104,27.5,27.35,45.4,31.33
2209153,92.25,76.2,90.5,84.89
2209203,38.62,32.05,45,37.15
2209302,28.25,20.1,57,30.96
2209351,36.19,32.45,42.3,35.89
2209377,36.69,38.9,51.3,40.83
2209401,33.69,30.85,38.1,33.41
2209450,87.44,78.1,97.2,85.5
2209500,24.06,28.75,46.4,30.96
2209559,15.69,10.1,26.8,15.67
2209609,97.88,77.15,98,88.89
2209658,15.62,18.85,25.9,19.26
2209708,37.69,37.15,48.2,39.74
2209757,24.12,15.15,24.9,20.39
2209807,86.25,77.05,92.8,83.67
2209856,43.25,37.3,40.3,40.02
2209872,160.25,123.5,168.6,146.09
2209906,108.94,84.2,81.8,92.28
2209955,35.69,30.65,53.1,37.28
2209971,277.81,255.65,288.5,270.5
2210003,14.25,21.45,30.8,20.98
2210052,230.56,219.35,214.1,222.11
2210102,28.88,28.05,51,33.33
2210201,36.94,32.6,41.9,36.13
2210300,40.25,32,40.4,36.7
2210359,11.38,12.6,22.6,14.35
2210375,41.94,34.7,39.1,38.17
2210383,105.25,85.2,106.8,96.87
2210391,21.88,28.15,44,29.41
2210409,80.69,70.25,51.2,69.74
2210508,101.12,87.2,112.2,97.48
2210607,12.25,11.95,28.3,15.61
2210623,15.88,14.55,30.8,18.54
2210631,32.94,32.1,36.6,33.37
2210656,120.88,111.3,101.7,112.54
2210706,30.19,27.95,43.8,32.17
2210805,17.69,23.15,36.2,24.09
2210904,20.88,24.35,40,26.54
2210938,32.56,31.75,39.7,33.76
2210953,21.56,20.9,35.3,24.26
2210979,41.94,40.3,56.4,44.37
2211001,139.31,130.85,136.4,135
2211100,212,190.4,224.9,205.41
2211209,36.06,41.55,46.8,40.78
2211308,60.38,54.75,65.4,59.02
2211357,12.81,7.95,32.4,14.96
2211407,51.94,48.25,63.7,52.89
2211506,22.69,25.25,37.7,27.07
2211605,31.56,23.45,37,29.22
2211704,27.44,27.45,46.5,31.59
2300101,86,73.25,88.6,81.02
2300150,243.69,238.35,236.7,239.85
2300200,196.69,213.85,182.1,200.98
2300309,167.38,107,167.6,141.17
2300408,52.81,51.05,60.7,53.76
2300507,175.81,170.25,184,175.17
2300606,88.12,60.85,99.6,78.76
2300705,134.94,146.6,142.8,141.72
2300754,188.38,172.15,172.9,177.96
2300804,70.19,60.95,67.8,65.65
2300903,151.94,152.9,133.5,148.35
2301000,360.5,345.2,329.3,347.07
2301109,176.31,158.45,175.6,168.39
2301208,225.31,232.75,224.1,228.28
2301257,94.25,96.05,118.1,100.22
2301307,65.12,48.25,70.6,58.98
2301406,290.94,269.95,256.9,274.41
2301505,69.31,68.25,64.3,67.76
2301604,78.56,57.95,82.5,70.46
2301703,104.5,96.35,121.9,104.74
2301802,120.62,105.75,132.7,116.78
2301851,168,158.25,150.4,159.93
2301901,124.12,90.45,107.9,105.96
2301950,228.31,221.55,213.9,222.24
2302008,97.25,73.05,99.6,87.24
2302057,182.75,189.35,194.7,188.22
2302107,342.44,306.85,334.4,325.22
2302206,181.62,180.3,184,181.57
2302305,164.44,155.7,177.7,163.52
2302404,141.69,133.3,116.5,132.57
2302503,78.62,64.85,82.3,73.43
2302602,182.75,183.65,206.3,188.26
2302701,54.38,40.05,54.4,48.15
2302800,131,125,110.2,123.87
2302909,284.31,262.85,271,272.09
2303006,185.88,187.15,175.1,184.09
2303105,141.38,118.35,144.5,132.04
2303204,105.69,82.75,82.8,90.74
2303303,104,106.75,122.1,109.13
2303402,140.5,106.85,160.8,130.28
2303501,248.69,251.45,249.5,250.07
2303600,93.81,80.1,90.9,87.22
2303659,95.81,86.85,86.9,89.98
2303709,242.19,249.05,245.2,245.83
2303808,126.5,93.4,119.7,110.63
2303907,178.88,180.7,173.6,178.52
2303931,175.94,175.2,160,172.15
2303956,202.69,214.65,184.8,204
2304004,139.75,136.95,150.7,140.91
2304103,64.38,67.2,82,69.43
2304202,107.25,73.65,93.7,89.7
2304236,95.75,89.55,115.5,97.35
2304251,166.88,176.75,174.7,172.87
2304269,156.5,138.95,148.7,147.17
2304277,188.5,162.65,160.8,171.24
2304285,399.5,378.75,380,386.24
2304301,93.44,65.45,102.6,83.26
2304350,113.5,105.35,119.9,111.35
2304400,415.5,390.85,386.5,398.48
2304459,192.25,178.5,190.4,185.87
2304509,203.62,177.6,205.5,192.72
2304608,154.75,142.7,138.3,145.93
2304657,202.25,164.8,193,183.96
2304707,186.44,190.65,192.6,189.61
2304806,107.94,95.55,107.6,102.48
2304905,116.81,110.5,134.3,117.87
2304954,274.56,257.35,254.5,262.72
2305001,109.69,87.1,120.1,102.13
2305100,427.69,373.35,402.5,398.59
2305209,123.69,103,127.8,115.59
2305233,261.44,236.15,236.2,244.96
2305266,182.69,183.15,169.7,180.07
2305308,215.88,183.05,214.9,201.39
2305332,169.94,165.95,149.5,163.76
2305357,159.62,156,134.6,152.61
2305407,116,100,135.6,113.3
2305506,130.5,110,166.5,129.41
2305605,62.31,55.1,58.4,58.33
2305654,78.19,75.75,95.5,80.89
2305704,115.94,106.2,125,113.67
2305803,165.38,148.1,161,156.91
2305902,111.69,114.5,136.1,118.22
2306009,165.06,169.1,167.3,167.3
2306108,108.25,93.5,80.6,95.83
2306207,154.81,146.05,143.9,148.63
2306256,313.69,305.5,281,303.02
2306306,196.31,176.3,186.7,185.52
2306405,198.12,202.85,195.8,199.67
2306504,243.69,230.05,215.9,231.72
2306553,231.62,235.15,199.3,226.13
2306603,150.81,147.15,127.4,144.13
2306702,173.19,157.45,150.8,161.48
2306801,169.06,144.95,152.8,155.04
2306900,146.38,133.75,139.9,139.48
2307007,145,136.2,143.4,140.83
2307106,116.81,102.8,110.9,109.43
2307205,72.81,61.1,79,69.07
2307254,162,171.45,179.4,169.89
2307304,105.88,76.05,85.5,88.48
2307403,104.94,99.55,138.4,109.87
2307502,118.44,105.55,116.4,112.39
2307601,134.31,151,130.7,140.78
2307635,137.62,144.8,124.5,137.89
2307650,337.56,313.85,319.9,323.41
2307700,276.25,254.4,258.9,262.98
2307809,144.69,165.75,154.3,155.93
2307908,162.12,152.55,171.3,159.96
2308005,176.44,169.25,164.6,170.74
2308104,87.88,67.25,85.2,78.33
2308203,177.88,172.4,176.6,175.22
2308302,85.88,78.9,89.2,83.57
2308351,173,171.35,151,167.5
2308377,123.75,106,108.2,112.65
2308401,98.56,67,90.4,83.07
2308500,164.19,159.95,149.4,159.13
2308609,98.62,97.7,88.7,96.07
2308708,162.5,161.2,151.8,159.61
2308807,162.19,164.35,175.1,165.93
2308906,141.81,155.85,141.3,147.8
2309003,167.69,125.05,168.8,149.39
2309102,411.56,356.55,377,380.13
2309201,93.81,60.1,103.6,81.28
2309300,99.44,96.45,126.6,104.04
2309409,63.75,70.9,67.7,67.72
2309458,178.56,189.15,167.3,180.72
2309508,119.06,93.8,124.3,109.22
2309607,261.44,236.15,236.2,244.96
2309706,313.69,305.5,281,303.02
2309805,377.94,340.1,327.9,350.61
2309904,173.38,138.3,162.9,155.85
2310001,146.12,154.55,153,151.28
2310100,365.81,327.2,336.8,342.72
2310209,297.12,296.45,285.3,294.26
2310258,278.06,272.95,264.5,272.89
2310308,55.19,49.85,53.8,52.57
2310407,145.31,133.55,118.6,134.39
2310506,157.5,152.25,144.1,152.3
2310605,70.94,70.1,70.6,70.5
2310704,147.69,139.85,143.2,143.3
2310803,184.94,157.5,143.7,164.04
2310852,314.19,299.3,284.9,301.35
2310902,164.12,133.85,155.1,149
2310951,132.12,121.5,145,130.3
2311009,69.81,66.05,84.6,71.39
2311108,112.44,97.65,105.6,104.52
2311207,56.81,46.4,68.6,54.85
2311231,159.56,155.4,163.7,158.65
2311264,48.75,52.3,56,51.87
2311306,178.88,154.55,161,164.41
2311355,138.12,103.9,141.8,124.04
2311405,178.12,184.9,173.6,180.09
2311504,140.19,143,151.9,143.96
2311603,268.06,255.35,259.5,260.67
2311702,176.06,150.7,164.1,162.43
2311801,144.5,156.8,145.4,150.04
2311900,86.75,81.05,88.1,84.57
2311959,40.88,35.75,50.4,40.72
2312007,139.38,138.85,130.2,137.15
2312106,93.94,63.35,92.2,80.26
2312205,83.31,88.3,84.4,85.72
2312304,192.12,149.8,190.8,173.43
2312403,194.94,210.7,203.2,203.59
2312502,128,142.7,123.3,133.37
2312601,166.19,162.1,163.1,163.74
2312700,192.31,180.5,191.1,186.91
2312809,157.38,147.7,163.8,154.57
2312908,113.5,105.35,119.9,111.35
2313005,170.44,161.35,148.1,161.63
2313104,125.25,151.65,126.5,137
2313203,69.56,65.4,82.5,70.57
2313252,76.19,64.7,79.9,72
2313302,72.06,56.25,66.9,64.07
2313351,147.62,137.45,149.8,143.67
2313401,197.19,160.9,206,183.33
2313500,259.88,251.45,251,254.28
2313559,191.19,182.3,173.6,183.5
2313609,208.19,180.75,210.2,196.7
2313708,125.38,106.4,144.2,121.22
2313757,169.38,149.55,153.8,157.37
2313807,213.06,193.95,196.2,201.09
2313906,162.94,171.35,170.7,168.28
2313955,125.75,109.55,134.2,120.54
2314003,111.38,102.15,114.9,108.13
2314102,185.38,153.5,185.9,171.63
2400109,88.62,96.7,73.7,88.89
2400208,138.44,144.7,131.7,139.7
2400307,144.88,130.35,123.3,133.87
2400406,176.88,147.5,143.6,156.87
2400505,168,156.55,158.5,160.96
2400604,182,162.75,171.3,171.3
2400703,150.44,137.65,140.9,142.8
2400802,126.19,128.5,111.9,124.09
2400901,170.19,162.05,163.9,165.28
2401008,161.75,151.75,145.6,153.89
2401107,150.94,149.4,127.1,145.09
2401206,494.31,556.65,388.3,498.37
2401305,151.75,152.25,152.2,152.07
2401404,546.88,581.9,472.7,545.98
2401453,158.06,151.6,159.4,155.54
2401503,205.56,244,166.6,213.8
2401602,316.12,355.55,254.2,319.8
2401651,118.94,125.35,110.5,119.89
2401701,340.81,422.75,291.9,365.8
2401800,395.19,442.3,314.5,398.13
2401859,216.62,230.5,162.1,210.8
2401909,187.19,223.05,152.6,195.26
2402006,100.56,105.9,106,104.07
2402105,150.56,161.25,146.2,154.26
2402204,502.62,542.45,426.1,503.3
2402303,165.81,159,150.5,159.52
2402402,99.31,106.3,85,99.24
2402501,152.31,137.1,141.8,143.41
2402600,516.25,604.95,419,533.67
2402709,124.5,146.05,120.3,132.96
2402808,154.31,165.05,149.6,157.96
2402907,177.31,146.2,148,157.41
2403004,95.56,111.1,97.1,102.65
2403103,124.56,140.35,132.1,133.07
2403202,187.56,154.95,146.8,164.52
2403251,504.06,597.45,383.9,518.54
2403301,187.56,154.95,146.8,164.52
2403400,100.94,104.5,73.4,96.5
2403509,399.69,432.5,333.9,399.65
2403608,534,617.25,413.8,544.07
2403707,172.88,162.1,141.1,161.28
2403756,136,136.2,110,130.43
2403806,110.81,116.65,102.6,111.57
2403905,176.69,156.75,149.4,162.09
2404002,171.19,163.4,170.1,167.57
2404101,157.88,188.1,140.8,167.3
2404200,480.44,511.7,385.9,473.48
2404309,174.31,170.4,138.4,164.8
2404408,169.94,156.95,132.1,156.07
2404507,138.12,137.55,120.8,134.11
2404606,412.31,496.35,336.8,432.43
2404705,143,132.6,125.7,134.72
2404804,98.19,103.9,100.4,101.15
2404853,134,129.95,125.3,130.35
2404903,161.62,156.8,151.9,157.41
2405009,138,157.75,132.6,145.41
2405108,179.06,182.7,134,170.85
2405207,162.25,150.55,157.9,156.22
2405306,250.38,288.65,201.8,256.46
2405405,213.69,223.65,173.6,209.3
2405504,255.25,319.85,210.8,273.67
2405603,121.94,117.75,129,121.65
2405702,84,97.65,82.6,89.63
2405801,306,340.4,228.6,304.13
2405900,173,164,167.2,167.83
2406007,171.69,143.8,149.2,154.67
2406106,135.88,133.5,129.3,133.41
2406155,395.19,442.3,314.5,398.13
2406205,259.5,278.8,201.4,255.26
2406304,372.44,437.55,298.3,384.63
2406403,219.94,249.6,174.2,222.89
2406502,119.88,128.75,115.2,122.72
2406601,309.62,354.45,243.9,314.83
2406700,158.5,182.75,126.3,162.04
2406809,166.19,173.55,158.5,167.72
2406908,171.19,163.4,170.1,167.57
2407005,173.5,147.3,154.7,158.02
2407104,422.38,514.25,336.2,443.59
2407203,140.88,138.7,128.9,137.33
2407252,169.06,137.8,145.8,150.41
2407302,161.81,149.15,144.1,152.46
2407401,170.62,162.25,168.4,166.5
2407500,495.19,598.9,402,520.02
2407609,170.19,144.55,159.9,156.8
2407708,448.81,467.4,381.9,442.35
2407807,402.81,476.15,328.8,418.61
2407906,238.75,260.75,178.2,235.15
2408003,175.88,163.2,143.4,163.3
2408102,540.62,622.5,420.5,550.11
2408201,540.25,626.25,437.2,555.24
2408300,333.75,351.15,265.4,326.46
2408409,177.56,155.95,165.4,165.52
2408508,90.31,99.3,78.7,91.7
2408607,159.81,140.65,144,148.04
2408706,145.25,149.5,143.3,146.67
2408805,268.06,301.45,192.9,266.24
2408904,92.81,98,71.3,90.39
2408953,469.12,548.3,376.9,483.5
2409100,279.5,288.45,219.4,270.33
2409209,395.19,442.3,314.5,398.13
2409308,178.19,149.75,168.6,163.74
2409332,341.81,406.7,292.1,359.22
2409407,179,157.15,154.4,164.15
2409506,304.81,344,240.3,307.83
2409605,192.06,222.35,148.3,195.72
2409704,145.69,136.1,117.1,135.3
2409803,443.81,467.95,383.2,441.13
2409902,149.12,135.8,141.4,141.65
2410009,171.44,154.1,160.2,161.46
2410108,390.62,439.05,319.6,396.24
2410207,164.31,161.7,150.5,160.17
2410256,149.19,130.55,132.1,137.37
2410306,234.12,260.15,184.2,234.59
2410405,425.5,506.45,341.1,442.35
2410504,191.62,155.4,152.7,167.41
2410603,178,158.5,177.6,169.43
2410702,167.5,153,163.9,160.41
2410801,176.88,147.5,143.6,156.87
2410900,267.31,317.85,204,275.52
2411007,155.12,153.25,150.9,153.39
2411056,167.75,152.2,140.1,154.98
2411106,206.06,255.05,170.2,219.57
2411205,177.81,191.1,159.7,179.65
2411403,115.44,118.95,113.5,116.54
2411429,88.25,95.15,63.8,85.93
2411502,276.25,301.9,227.7,276.85
2411601,281,309.55,211.3,278.26
2411700,170.44,181.4,152.9,171.39
2411809,117.12,114.55,120.8,116.8
2411908,170.81,162.8,156.6,164.24
2412005,503.69,590.2,413.7,521.74
2412104,103.94,110,110.1,107.91
2412203,498.25,583.7,389.6,511.78
2412302,231.69,242.85,179.3,225.15
2412401,86.62,102,89.4,93.91
2412500,177.31,146.2,148,157.41
2412559,331,372.95,262.8,334.41
2412609,257.69,302.15,218.7,268.54
2412708,340.62,423.25,278.6,363.07
2412807,131.31,132.6,133.2,132.28
2412906,155.56,180.85,140,163.17
2413003,97.19,104.75,93.2,99.61
2413102,284.75,332.85,233.2,294.46
2413201,551.12,602.2,440.4,549.26
2413300,261,275.3,192.8,252.39
2413359,158.06,157,140.6,153.8
2413409,135,124.05,132.9,129.78
2413508,300,333.65,221.9,297.65
2413557,172.94,163.6,165,167.15
2413607,158.31,152.35,153.1,154.59
2413706,201.19,228.2,153.4,202.54
2413805,167.94,159.65,159.7,162.54
2413904,438.19,506.7,345.8,447.89
2414001,206.31,219.9,154,200.85
2414100,154.12,137.7,144.4,144.87
2414159,98.69,111.05,105.6,105.57
2414209,521.25,556.45,415.7,513.61
2414308,119.81,116.1,128.9,120.17
2414407,400.12,468.6,319.2,412.3
2414456,140.94,149.45,137.5,143.89
2414506,164.44,150.9,160,157.59
2414605,148.44,152,138,147.72
2414704,399.69,432.5,333.9,399.65
2414753,147.44,126.9,144.7,137.91
2414803,402.81,476.15,328.8,418.61
2414902,167.5,153,163.9,160.41
2415008,559.38,607.85,473.8,561.85
2500106,150.56,141.5,145,145.41
2500205,128.44,130.3,134.9,130.65
2500304,433.94,416.3,373.4,413.11
2500403,428.88,417.35,369.6,410.98
2500502,432.69,460.2,358.9,428.61
2500536,200.81,175.65,146.5,178.07
2500577,230.5,221.5,192.4,218.3
2500601,767.69,820.4,697.3,775.3
2500700,140,119.75,121.3,127.13
2500734,126.5,133.25,114.9,126.91
2500775,146.25,141.2,135.6,141.74
2500809,402.5,473.95,329.4,417.67
2500908,423.88,422.25,337.6,404.41
2501005,294.44,292.9,217.6,277.07
2501104,413.31,406.05,340.2,394.26
2501153,109.5,108.6,90.4,104.96
2501203,295,288,246.6,281.43
2501302,341.12,350.3,295.8,335.26
2501351,99.94,112.1,79.3,100.74
2501401,577.12,660.1,515.7,599.85
2501500,434.88,470.05,337,428.89
2501534,123.81,135,94.1,122.22
2501575,195.12,198.7,158.7,188.76
2501609,186.31,177.4,147.4,173.98
2501708,159.75,140.85,102.4,139.07
2501807,684.38,722.8,638,691
2501906,407.31,440.45,316.9,402.07
2502003,157.38,138.5,151.1,147.8
2502052,146.62,134.3,143.1,140.5
2502102,132.94,111.25,127.4,122.3
2502151,140.56,141.05,94.7,130.8
2502201,123.19,110.4,122.3,117.43
2502300,157.56,155.15,156.3,156.24
2502409,119.62,109.3,128.1,116.98
2502508,158.38,148.1,113.1,144.07
2502607,129.31,136.65,153.6,137.78
2502706,434.88,470.05,337,428.89
2502805,148.19,128.45,148.2,139.61
2502904,169.69,157.25,160.5,162.28
2503001,762.19,796.75,722.5,768.59
2503100,161.88,157.65,113.9,149.61
2503209,769.31,846.35,705.5,788.93
2503308,117.75,104.65,116.9,111.87
2503407,96.06,97,93.5,95.91
2503506,281.94,269.05,216.3,262.07
2503555,102.06,100.85,98.2,100.7
2503605,386,405.8,307.1,377.46
2503704,125.31,113.25,124.1,119.8
2503753,128.25,138.95,141.4,135.76
2503803,378.5,418.25,325.4,384.24
2503902,123.69,106.9,102.9,111.87
2504009,304.69,308.35,250.2,294.43
2504033,474.94,549.6,405.8,492.37
2504074,120.94,105.7,78.6,105.11
2504108,129.19,119.3,127.8,124.59
2504157,293.62,280.4,229.3,273.89
2504207,112.06,122.85,120.2,118.52
2504306,172.5,157.05,162.5,163.61
2504355,194.31,187.35,137.7,178.98
2504405,101.38,68.45,90.5,84.7
2504504,122.44,128.7,124.4,125.59
2504603,774.69,827.75,744.1,791.11
2504702,118.56,105.6,84.4,105.5
2504801,116.19,135.1,142.5,130.13
2504850,123.06,107.3,82.7,107.43
2504900,469.69,521.35,410.1,479.2
2505006,105.31,116.7,69.1,102.39
2505105,185.25,190.7,147.8,179.48
2505204,432.69,460.2,358.9,428.61
2505238,433.06,495.5,378.5,448.35
2505279,411.62,446.8,342.3,411.85
2505303,130,98.7,126,115.52
2505352,243.44,228.45,194.9,226.37
2505402,112.19,116.15,107.2,112.83
2505501,134.19,126.6,136.7,131.43
2505600,120.38,91.95,121.4,108.24
2505709,372,378.45,289.5,356.87
2505808,411.69,441.5,321.2,404.98
2505907,120.12,132,131.4,127.74
2506004,331.5,318.05,277.9,314
2506103,307.38,320.5,256.8,302.09
2506202,107.94,118.65,93.7,109.5
2506251,210.75,219.9,176.2,207.22
2506301,428.44,459.6,338.1,422.35
2506400,350.19,390.95,300.9,357.2
2506509,108.88,113.8,74.2,103.48
2506608,116.94,89.8,119.9,105.78
2506707,134.94,134.65,125.8,132.83
2506806,344.12,341.9,296.1,332.72
2506905,377.19,390.65,345.2,376.09
2507002,133.25,134,149.2,137.04
2507101,426.62,503.35,371.5,448
2507200,305.94,306.85,253.7,294.98
2507309,448.81,467.4,381.9,442.35
2507408,158.62,161.15,152.3,158.35
2507507,813.81,861.95,751.1,821.11
2507606,367.75,379.4,315.7,361.5
2507705,94.69,106.95,70,94.65
2507804,99.88,108.9,78.7,99.2
2507903,433.81,457.6,396.6,436.07
2508000,167.31,182.75,155.8,171.52
2508109,158.62,161.15,152.3,158.35
2508208,390,403.7,319.1,380.54
2508307,368.38,365.75,310.9,354.74
2508406,151.31,138.15,140,143.13
2508505,113.19,118.2,106.7,113.96
2508554,366.19,391.15,295.3,361.63
2508604,699.62,801.4,641.8,731.3
2508703,110.5,110.9,105.6,109.61
2508802,121.81,119.7,132.5,123.22
2508901,491.81,572.7,408.7,508.91
2509008,134.25,104.45,134.1,121.26
2509057,582.12,649.25,498.9,593.22
2509107,374.94,413.75,330.1,382.07
2509156,137.81,128.5,122.9,130.52
2509206,373.94,372,314.2,360.11
2509305,542.38,627.75,486.9,567.43
2509339,403.75,390.85,337.3,383.7
2509370,165.12,151.3,153.6,156.61
2509396,106.31,105.15,97.9,103.98
2509404,324.19,357.65,282.7,329.72
2509503,295,288,246.6,281.43
2509602,118.12,100.15,122.1,111.17
2509701,122.25,125.5,107.7,120.5
2509800,392.31,421.3,325.5,390.39
2509909,367.88,381.1,318.8,362.96
2510006,128.75,124.65,124.2,125.98
2510105,138,157.75,132.6,145.41
2510204,130,116.6,138.5,126.02
2510303,100.12,111.65,80.9,100.96
2510402,116.38,122.75,130.8,122.28
2510501,123.06,115.2,80.8,110.46
2510600,133.75,138.75,118.6,132.63
2510659,122.19,110.1,78.4,107.41
2510709,97.56,93.7,88.8,93.98
2510808,93.88,102,101.6,99.09
2510907,144.81,140,144.2,142.59
2511004,130,116.6,138.5,126.02
2511103,104.75,122.25,78.5,106.65
2511202,671.19,723.35,614.1,681.46
2511301,111.94,116.8,141.4,120.46
2511400,129.12,143.35,119.9,133.3
2511509,386.06,439.2,353.6,402.11
2511608,470.31,488.65,385.9,459.93
2511707,448.94,485.55,354.7,444.37
2511806,407.31,440.45,316.9,402.07
2511905,794.94,841.4,739,802.98
2512002,219.38,204.5,177.4,203.78
2512036,147.44,126.9,144.7,137.91
2512077,143.06,134.3,138.7,138.3
2512101,147.69,147.55,136.9,145.28
2512200,128.19,135.55,114.3,128.37
2512309,161.94,172,157.9,165.43
2512408,315.12,303.4,275.9,301.5
2512507,267.12,281.65,219.8,263.15
2512606,89.88,91.9,88.9,90.54
2512705,331.5,318.05,277.9,314
2512721,441.94,459.7,354.6,430.67
2512747,317.25,312.35,242.1,298.78
2512754,344.12,341.9,296.1,332.72
2512762,402.94,462,356.4,418.5
2512788,158.44,144.15,102.4,140.04
2512804,168.69,152.75,165.4,161.04
2512903,582.12,649.25,498.9,593.22
2513000,104.88,109.1,84.4,102.26
2513109,370.56,362.65,322,356.57
2513158,296.5,276.2,219.3,270.89
2513208,156.94,147.45,141.7,149.5
2513307,135.88,107.95,128.1,122.04
2513356,109.81,64.3,102.7,88.48
2513406,99.56,99.45,80.7,95.41
2513505,140.06,92.45,123,115.65
2513604,116.19,117.15,146,123.09
2513653,162.81,143.35,145.5,150.59
2513703,591.56,669.05,549.9,616.2
2513802,112.5,117.6,107.3,113.59
2513851,110.19,109.95,73.7,102.15
2513901,146.25,128.25,139.7,137
2513927,130.44,137.9,136,134.89
2513943,141.19,125.85,87.2,122.78
2513968,141.12,134.85,144.7,139.17
2513984,153.06,139.25,136.3,143.41
2514008,138.69,128.25,87.3,122.98
2514107,175.81,141.95,141.3,153.59
2514206,126.06,134,131.2,130.63
2514305,121.56,114.75,133.4,121.17
2514404,109.06,110.95,110.4,110.17
2514453,340.56,390,310,355.41
2514503,128.38,115.1,123,121.43
2514552,170.19,175.85,160.2,170.48
2514602,100.94,106.65,101,103.43
2514651,138.06,125.2,142.6,133.46
2514701,98.62,99.3,68.5,92.37
2514800,121.56,114.45,102,114.22
2514909,100.62,99.7,85.2,96.87
2515005,489,509.7,434.8,486.22
2515104,339.75,328,279.6,321.57
2515203,135.75,131.85,123.1,131.3
2515302,493.25,538.15,404.7,493.52
2515401,98.19,108,66.6,95.59
2515500,135.75,124.35,101.7,123.39
2515609,407.31,440.45,316.9,402.07
2515708,121.56,114.75,133.4,121.17
2515807,379.38,370.65,326.4,364.07
2515906,470.31,488.65,385.9,459.93
2515930,407.31,440.45,316.9,402.07
2515971,402.94,462,356.4,418.5
2516003,381.25,386.25,278.8,361.15
2516102,108.69,110.3,75.4,102.15
2516151,118.25,134.7,92.5,119.8
2516201,150.94,141.8,131.8,142.8
2516300,124.62,134.25,109.6,125.54
2516409,335,318.8,256,310.78
2516508,111.56,115,86.1,107.52
2516607,167.31,182.75,155.8,171.52
2516706,100.31,106.05,91.4,100.87
2516755,93.44,97.05,71.5,90.24
2516805,139.81,113.7,136.9,127.83
2516904,153.94,128.7,132.9,138.39
2517001,285.06,314.25,237.2,287.35
2517100,95.31,101.2,93.2,97.41
2517209,153.5,132.3,136.4,140.57
2517407,117.25,122,105.1,116.67
2600054,713.12,720.15,627,697.46
2600104,161.81,159.2,132.5,154.3
2600203,13.69,22.8,24.4,19.98
2600302,358.38,386.9,292.9,356.54
2600401,769.44,782.4,683.4,756.37
2600500,255.12,320.7,202.3,272.15
2600609,212,212.65,186.4,206.72
2600708,576.31,590.35,504.8,566.87
2600807,294.38,333.4,255.6,302.91
2600906,616.81,586.9,503.1,579.09
2601003,518.56,521.25,455.4,506
2601052,678.25,682.4,597.8,662.57
2601102,41.69,35.65,44.1,39.59
2601201,176.94,191.95,153.5,178.37
2601300,622.25,586.85,491.3,578.39
2601409,786,872.7,793.4,825.3
2601508,566.94,570,453.9,543.7
2601607,37.25,51.55,48.6,45.93
2601706,234.69,221.55,186.4,218.48
2601805,110.81,124.65,96.7,113.76
2601904,366.38,357.55,302.2,348.59
2602001,71.31,53.95,74,64.35
2602100,440.56,470.95,353.9,434.93
2602209,433.94,422.4,373.2,415.72
2602308,562.75,534.65,441.4,524.15
2602407,471.06,496.6,390.7,464.7
2602506,113,108.4,98.6,107.87
2602605,237,242.1,184.5,227.8
2602704,496,497.05,431,482.33
2602803,199.62,222.25,172.5,203.57
2602902,791.12,818.8,743.7,792.85
2603009,37.94,51.6,52.5,47.04
2603108,234,252.2,210.5,236.8
2603207,327.69,371.25,289.4,338.3
2603306,401.88,415.75,321.7,390.48
2603405,149.81,164.5,124.8,150.76
2603454,820.75,785.4,747.5,789.46
2603504,458.62,450.55,387.9,439.74
2603603,493.62,487.9,441,479.7
2603702,540.5,527.85,445.3,514.3
2603801,312.94,317.7,270.2,305.72
2603900,169.19,182.9,142.1,169.26
2603926,49.62,56.65,58.4,54.59
2604007,520.12,512.5,438.8,499.13
2604106,247.81,267,192.9,244.22
2604155,320.62,330.6,262.6,312.35
2604205,658.56,612.95,505.5,605.46
2604304,92.88,86.7,83,88.04
2604403,548.06,533.95,459.7,522.72
2604502,475.94,486.2,392.5,462.26
2604601,720.19,724.85,649.8,706.91
2604700,558.44,587.4,506.6,559.76
2604809,677.44,650.6,560.7,640.39
2604908,335.56,326.9,257.1,314.74
2605004,424.62,443.5,336.5,413.67
2605103,144,174.05,126.6,153.28
2605152,23.62,34.15,33.8,30.41
2605202,642.5,681.85,612.1,653
2605301,96.62,71.7,96,85.65
2605400,494.25,475.85,407.3,467.35
2605509,493.62,487.9,441,479.7
2605608,170.75,179.9,138.7,167.76
2605707,70.62,74.1,67.3,71.41
2605806,313.56,322.6,222.6,297.72
2605905,789.25,848.4,744.6,805.26
2606002,460.94,500.8,391.8,463.24
2606101,465.75,454,380.1,442.02
2606200,751.44,768.2,707.1,749.09
2606309,78.38,77.5,73.6,76.96
2606408,395.69,394.9,304.8,375.59
2606507,317.88,370.75,268.1,330.04
2606606,120.25,136.7,108.8,124.91
2606705,363.19,380.4,296,356.07
2606804,770.75,757.45,702.2,750.07
2606903,160.81,155.6,133.2,152.54
2607000,142.88,155.8,138.6,147.57
2607109,157.75,153.8,132.6,150.57
2607208,791.94,891.05,791.3,834.89
2607307,51.75,41.2,61.3,49.24
2607406,45.62,50.1,44,47.22
2607505,224.88,258.8,196.1,233.37
2607604,810.12,848.05,756.9,815.04
2607653,564.62,571.3,495.5,552.5
2607703,103.94,111.45,100.6,106.48
2607752,697.94,716.95,641.3,693.89
2607802,650.31,687.35,598.1,655.07
2607901,816.88,813.4,750,800.83
2607950,599.81,597.55,472.3,571.11
2608008,187.06,176.25,146.8,173.61
2608057,149.06,157.1,137.9,150.13
2608107,421.88,412.65,363.4,405.15
2608206,732.88,674.8,597.9,678.28
2608255,372,381.75,308.4,362.41
2608305,401.88,415.75,321.7,390.48
2608404,456.38,447.4,364.9,432.59
2608453,520.12,512.5,438.8,499.13
2608503,548.06,533.95,459.7,522.72
2608602,514.19,534,442.5,507.22
2608701,566.94,570,453.9,543.7
2608750,35.25,41.15,42.6,39.41
2608800,363.19,380.4,296,356.07
2608909,458.38,444.5,382.2,435.78
2609006,407.75,398.25,344.2,389.8
2609105,433.94,422.4,373.2,415.72
2609154,195.62,220.25,181.3,203.22
2609204,669.75,662.6,529,636.04
2609303,60.62,66.85,69.5,65.26
2609402,681.62,677.7,606.3,663.54
2609501,526.56,518.55,436.2,503.43
2609600,811.19,785.05,748.8,786.26
2609709,433.94,422.4,373.2,415.72
2609808,37.69,52.4,48.9,46.52
2609907,38.88,47.8,42.5,43.54
2610004,703.12,638.1,542.3,639.89
2610103,575.31,592.05,513.6,569.17
2610202,431.19,443.4,345.2,417.8
2610301,287.69,330.05,249.8,297.87
2610400,38.94,52.05,51.3,47.33
2610509,398.75,388,320.2,377
2610608,668.81,628.1,571.2,629.89
2610707,811.19,785.05,748.8,786.26
2610806,203.94,247.5,166.9,214.83
2610905,220.81,212.05,190.3,210.37
2611002,75.38,92,85.9,84.89
2611101,25.06,25.25,22.6,24.61
2611200,209.25,203.95,182.4,201.11
2611309,469.06,470.6,407.4,456.33
2611408,618.19,651.5,536.5,614.91
2611507,547.81,546.5,460.3,528.22
2611533,179.25,186.65,157.5,177.74
2611606,821.44,826.25,745.2,806.96
2611705,323.19,318.85,239.6,303.13
2611804,780.94,824.85,742.1,791.59
2611903,798.31,879.25,809.3,835.89
2612000,510.19,508.85,424.3,490.93
2612109,390.5,377.85,313.6,368.28
2612208,42.81,55.65,62.2,52.61
2612307,329.94,391.85,277.1,345.37
2612406,232,222.45,194.9,219.78
2612455,31.94,46.75,34.9,39.02
2612471,150.12,139.75,141.9,143.83
2612505,126.94,118.7,78.6,112.85
2612554,28.69,40.3,38.8,35.93
2612604,35.25,44,46.5,41.5
2612703,300.19,304.25,224.9,285.59
2612802,136.62,128.05,113,127.76
2612901,597.62,593.7,491.4,572.83
2613008,271.25,276.2,216.6,261.52
2613107,242.75,270.15,209.7,247.48
2613206,464.81,497.45,389.6,462.65
2613305,418.62,441.4,341.8,411.83
2613404,769.44,879.4,805.4,825.07
2613503,92.88,63.55,88.9,79.26
2613602,129.62,132.15,114.1,127.35
2613701,631.81,596.4,540.8,596.63
2613800,420.06,413.7,376.4,407.8
2613909,116.81,105.15,109.9,110.24
2614006,76.69,79,72.4,76.76
2614105,132.62,155.85,107.2,137.2
2614204,813.12,873.3,809.9,838.59
2614303,104.88,97,99.1,100.2
2614402,150.62,136.35,136.3,141.3
2614501,317.94,323.65,255.2,306.78
2614600,145.19,134.65,124.2,136.04
2614709,228.38,235.35,186.6,222.33
2614808,133,146.6,111.5,134.24
2614857,784.31,881.55,808.8,831.91
2615003,239.5,228.4,173,220.22
2615102,416.81,467.3,352.7,424.83
2615201,43.69,51.75,53,49.22
2615300,442.12,440.3,383.8,428.65
2615409,275.06,257.7,202.4,251.72
2615508,594.19,611.2,520.7,585.61
2615607,40.81,44.25,48.6,44
2615706,162.75,168.85,153.1,163.3
2615805,175.44,216.35,159.1,189.67
2615904,139.94,138.75,117.6,134.57
2616001,203.94,247.5,166.9,214.83
2616100,67.12,65.35,64.3,65.74
2616183,283.38,283.7,218.4,269.39
2616209,308,289.2,230.2,282.91
2616308,498.25,499,411.3,479.67
2616407,522.56,552.1,464.7,522.83
2616506,735.31,717.8,612.3,700.96
2700102,215.5,199.65,214.4,208.37
2700201,575.88,576.45,487.4,556.89
2700300,415.88,458.75,341.2,418.28
2700409,726.25,779.9,590.9,720.15
2700508,811.88,852.6,671.7,799.11
2700607,776,813,671.9,769.46
2700706,296.81,311.8,268.1,297.09
2700805,534.5,550.85,464.3,526.35
2700904,304.25,306.55,257.4,295.07
2701001,696.5,744.3,600.5,696.41
2701100,663.94,671.75,552.8,643.17
2701209,305.06,370.15,253.6,322.17
2701308,644.75,683.7,538.8,638.65
2701357,751.81,740.2,643.2,723.15
2701407,643.25,683.35,542.9,638.87
2701506,401.31,434.65,351.7,405.02
2701605,240.88,248.7,221.4,240.04
2701704,665.81,708.85,541.8,657.57
2701803,251.62,274.85,225.1,255.96
2701902,605.88,623.65,556.1,602.78
2702009,463.69,510.65,379.8,465.87
2702108,670.88,678.85,555.1,649.17
2702207,817.62,835.55,716.7,803.48
2702306,620.44,675.45,540.1,626.89
2702355,371.25,407.05,296.7,370.61
2702405,189.44,185.65,188.4,187.57
2702504,284.44,340.05,244.6,299.96
2702553,389,424.9,314.4,388.39
2702603,407.19,451.4,348.7,413.7
2702702,597.69,629.95,511,592.87
2702801,753.56,784,603.9,734.26
2702900,326.56,373.15,276.9,336.02
2703007,647.06,650.4,521.6,621.24
2703106,436.62,445.6,358.7,423.59
2703205,514.75,545.05,445.5,512.87
2703304,239.56,237.25,216,233.43
2703403,275.94,300.05,240.3,278.67
2703502,775.62,805.6,680.2,767.91
2703601,803.81,875.2,740.1,821
2703700,302.31,358.45,250.6,315.48
2703759,733.62,778.35,621.7,728.74
2703809,704.81,691,567.1,668.87
2703908,759.56,746.45,608.8,721.09
2704005,541.38,576.25,445.8,535.76
2704104,372.06,404,312.9,373.09
2704203,536.75,571,437.9,530.15
2704302,811.69,840.05,703.7,800.54
2704401,303.38,318.45,265.2,301.63
2704500,787.88,880.25,762,822.41
2704609,244,268.45,190.2,242.93
2704708,793.62,823.95,707.9,788.17
2704807,605.19,634.1,507.1,596.43
2704906,525.5,538.8,458.3,516.67
2705002,212.69,210.25,209.7,210.98
2705101,806.06,818.75,690.9,786.54
2705200,738.5,780.45,630.9,733.35
2705309,341.31,390.05,289.3,351.2
2705408,275.94,300.05,240.3,278.67
2705507,705.19,740.2,568.3,690.65
2705606,738,717.85,594,697.93
2705705,269,302.15,230.9,275.13
2705804,217.94,215.45,205.1,214.07
2705903,447.44,465,387.3,442
2706000,274.38,325.7,240.7,289.37
2706109,241.12,275.9,193.1,245.8
2706208,263.19,283.8,225.1,263.87
2706307,432.38,462.75,359.7,429.78
2706406,230.88,253.75,215.3,237.43
2706422,188.62,186.4,177.7,185.28
2706448,840.62,864.1,680.1,815.93
2706505,804.62,830.15,684.7,789.65
2706604,529.31,529.3,449.7,512
2706703,580.81,624.9,504.4,583.37
2706802,570.31,610.6,496.6,571.8
2706901,734.88,784.3,588.6,724.57
2707008,615.81,634.7,514.1,601.91
2707107,202.75,214.15,180.7,202.91
2707206,244,268.45,190.2,242.93
2707305,781.75,817.85,666.7,772.43
2707404,812.06,822.6,692.8,790.72
2707503,466.94,481.25,413.1,461.46
2707602,529.31,529.3,449.7,512
2707701,781.25,809.15,679.5,771.26
2707800,776,813,671.9,769.46
2707909,817.62,835.55,716.7,803.48
2708006,259.81,296.65,225.3,268.33
2708105,619.75,636,558.7,613.54
2708204,435.44,470.25,400.9,443.07
2708303,596.88,596,508.1,577.2
2708402,233.31,262.7,212.1,241.48
2708501,767.44,800.75,620.7,750.02
2708600,736.62,804.4,628.1,742.5
2708709,804.62,830.15,684.7,789.65
2708808,524.44,551.4,425.4,514.63
2708907,792.44,821.75,679,780.52
2708956,266.38,278.95,231.6,264.28
2709004,534.5,550.85,464.3,526.35
2709103,523.44,560.5,441.6,521.76
2709152,608.44,658.05,525.2,611.91
2709202,327.88,359.15,290.7,333.39
2709301,631.06,653.5,552.8,623.8
2709400,613.44,638.1,515.7,602.91
2800100,420.38,464.5,383.7,431.59
2800209,451.5,520.5,436.5,478.24
2800308,630.19,647.45,631.8,638.04
2800407,636.38,613.75,632.7,625.74
2800506,591.38,645.3,605.9,617.98
2800605,627.75,656.85,612.4,637.07
2800670,634.06,607.65,634.7,622.72
2800704,565.75,594.5,490.6,561.91
2801009,511.12,534.25,545,528.54
2801108,385.81,436.15,374.8,405.3
2801207,214.06,194.05,175.7,197.02
2801306,539.69,589.6,521.1,557.35
2801405,318,328.9,334.1,326.24
2801504,597.56,623.1,591.2,607.28
2801603,461.62,514.15,434.8,478.63
2801702,545.44,521.2,533.7,532.35
2801900,480.25,551.75,484,512.15
2802007,604.38,652.4,604.2,625.22
2802106,657.94,663.8,674.4,664.07
2802205,387.25,441.15,396.3,412.65
2802304,435.75,447.1,479.1,450.11
2802403,317.94,320.35,296,314.22
2802502,597.56,623.1,591.2,607.28
2802601,439.5,497.8,423.3,461.33
2802700,553.56,574.15,474.4,545.3
2802809,636.44,616.15,625.7,625.28
2802908,526.81,556.3,544.4,543.46
2803005,563.81,553.65,575.5,561.93
2803104,358.06,412.05,364.3,382.89
2803203,632.31,633.8,652,637.24
2803302,582.81,625.65,555.4,595.48
2803401,553.06,585.05,503.4,556.17
2803500,565.5,542.2,585.3,559.67
2803609,623.81,646.45,623.5,633.59
2803708,485.75,506.05,509,499.63
2803807,502.5,557.95,464.5,518.35
2803906,591.88,640.15,607.8,616.33
2804003,615.56,653.4,615.4,631.98
2804102,527.06,590.15,560.3,561.72
2804201,250.88,240.6,236.1,243.2
2804300,502.5,557.95,464.5,518.35
2804409,519.25,547.8,462.4,519.3
2804458,373.12,393.85,390.7,385.96
2804508,275.88,262.3,277.4,270.3
2804607,503,564.05,531.5,535.74
2804706,347.75,374.5,338,357.26
2804805,623.81,646.45,623.5,633.59
2804904,557,583.65,503.5,556.96
2805000,452.94,456.45,507.2,466.26
2805109,601.31,587.6,599,594.85
2805208,379.69,391.3,423.7,394.3
2805307,596.06,625.05,561.9,601.24
2805406,221.94,210.55,198.4,211.87
2805505,248.94,234.2,265.5,246.13
2805604,262.44,274.55,247.2,264.39
2805703,461.62,514.15,434.8,478.63
2805802,481.81,462.5,499.7,477.3
2805901,601.75,651.8,608,624.87
2806008,481.25,531.9,508.9,509.28
2806107,606.81,639.5,603.5,620.3
2806206,636.25,622.25,638.1,630.57
2806305,642.19,635.2,637.3,638.09
2806404,529.75,555.9,456.8,525.26
2806503,591.88,640.15,607.8,616.33
2806602,622.62,650,609.7,631.72
2806701,624.31,646.65,627.1,634.63
2806800,511.12,534.25,545,528.54
2806909,510.75,587.65,469.4,535.2
2807006,429.12,504,461.6,468.74
2807105,401.19,398.65,430.7,406.5
2807204,570.69,628.2,590.7,600.04
2807303,435.44,470.25,400.9,443.07
2807402,329.31,283.3,315.4,306.28
2807501,501.62,432.35,511.2,473.59
2807600,604.06,570.3,583.3,584.87
2900108,70.5,61.5,73.1,67.15
2900207,33.75,44.15,39.1,39.43
2900306,410.25,346.45,431.7,387.17
2900355,275.56,253.55,264.7,263.63
2900405,279.56,287.8,282.6,283.8
2900504,48.44,40,53,45.76
2900603,183.31,148.4,184.4,168.37
2900702,451.81,415.05,470.7,439.93
2900801,293.25,265.55,288.8,280.24
2900900,266.88,261.25,273.5,265.87
2901007,210,178.5,200.3,194.2
2901106,433.5,384,448.2,415.17
2901155,33.44,17.65,33.4,26.57
2901205,41.06,36.15,40,38.7
2901304,123.12,115.95,114.1,118.04
2901353,122.12,117.65,146,125.37
2901403,20.69,15.05,16,17.22
2901502,260.44,242.1,247.2,249.59
2901601,234.38,235.95,246.7,237.74
2901700,268.38,251.5,268.1,260.98
2901809,177.31,161.5,199.9,175.35
2901908,407.81,352.05,424.1,387.11
2901957,260.75,261,270.8,263.04
2902005,27.88,21.7,25.8,24.74
2902054,522.5,468.7,525,499.65
2902104,147.88,139.7,154.1,145.67
2902203,376,361.75,377.2,370.07
2902252,291,273.2,272.8,279.3
2902302,570.56,535.4,518.9,544.04
2902401,317.12,276.9,282.9,292.2
2902500,26.19,10.8,18.1,17.74
2902609,158.81,136.15,187,155.09
2902658,185,186.75,219.5,193.26
2902708,12.81,11.05,33,16.43
2902807,54.38,41.65,68.1,51.83
2902906,108.06,100.85,140.5,111.98
2903003,16.56,14.4,19.9,16.35
2903102,274.88,262.75,309.6,277.15
2903201,22.94,22.8,22.8,22.85
2903235,28.81,24.55,28.1,26.8
2903276,169.19,162,172.2,166.72
2903300,317.19,299.55,311.4,308.26
2903409,358.75,346.7,353.6,352.39
2903508,43.06,36.3,47.6,41.11
2903607,196.5,191.7,201.5,195.5
2903706,112.94,94.8,119.2,106.41
2903805,69.81,70.1,82.1,72.61
2903904,12.94,12.25,11.8,12.39
2903953,64.94,58.35,58.8,60.74
2904001,62.94,49.25,47.4,53.61
2904050,129.38,120.45,152.4,130.5
2904100,16.31,16.05,13,15.48
2904209,29.44,17.2,22.2,22.54
2904308,152.94,136,139.9,142.74
2904407,16,9.65,16.1,13.26
2904506,18.19,17.55,14,17
2904605,25.94,19.4,22.7,22.39
2904704,349.31,334.85,350.2,343.22
2904753,15.56,10.1,33.6,17.11
2904803,138.56,135.6,175.7,145.35
2904852,316.25,322.3,305.4,316.52
2904902,486.38,442.3,467.2,463.04
2905008,13.81,10,11.3,11.61
2905107,148.81,133.7,170.2,146.89
2905156,31.69,24.8,36.3,29.7
2905206,12.31,8.9,13.6,11.11
2905305,48.81,55.05,64.4,54.91
2905404,582.88,589.2,595.5,588.37
2905503,150,133.1,168.4,146.65
2905602,278,245.8,268.4,261.91
2905701,687.06,674.65,702.8,685.09
2905800,430.56,460.1,507.9,460.22
2905909,16.38,8.7,36.3,17.37
2906006,74.31,76.2,90.5,78.65
2906105,19.5,8.6,16.1,14.02
2906204,35.19,29.6,40,33.8
2906303,392.5,369.55,376.6,379.07
2906402,211,192.25,216.6,204.07
2906501,669.38,612.4,674.2,645.65
2906600,9.56,8.35,11.1,9.37
2906709,43,38.35,43.1,41
2906808,120.69,120.25,129.8,122.48
2906824,130,145.3,169.8,145.3
2906857,121.5,102.3,120.2,112.87
2906873,110.06,97.75,113.7,105.5
2906899,38.5,28.1,39,34.09
2906907,249.62,241.05,262.2,248.63
2907004,617.56,566.75,603.5,592.41
2907103,9.12,7.1,8.6,8.13
2907202,11.69,16.65,21.8,16.04
2907301,254.5,233.15,243.3,242.78
2907400,25.56,14.1,16.2,18.54
2907509,513.62,489.45,523.8,505.33
2907558,36.12,31.25,31.7,33.04
2907608,9.44,13.3,13.1,11.91
2907707,38.88,47.7,38.2,42.57
2907806,211.19,234.2,245.7,228.7
2907905,185.69,185.4,222.9,193.65
2908002,299.56,283,296.5,291.7
2908101,21.94,12.2,16.3,16.48
2908200,405.12,371.4,386,386.3
2908309,363.25,374,357.5,366.67
2908408,154.56,146.85,166.8,153.87
2908507,400,343.35,411.9,377.96
2908606,632.25,584.25,627.2,610.28
2908705,19.69,16.15,22.3,18.72
2908804,35.75,28.4,48.3,35.28
2908903,358.5,324.6,353.1,342.59
2909000,16.81,16.1,18.8,16.93
2909109,15.69,12.05,11.1,13.11
2909208,256.19,250.95,240.2,250.43
2909307,21.81,13.2,11.9,15.91
2909406,18.19,13.95,18.5,16.41
2909505,273.31,269.95,261.5,269.28
2909604,346.94,304.55,354.8,330.22
2909703,20.62,13.15,14.7,16.09
2909802,331.06,342.55,319.6,333.57
2909901,35.81,43.15,41.3,40.2
2910008,179.31,169.2,198.7,179.13
2910057,687.06,674.65,702.8,685.09
2910107,30.25,22.75,34.3,27.87
2910206,473.44,490.4,469.4,479.93
2910305,221.81,177.85,217.1,201.67
2910404,60.38,57.35,63.9,59.83
2910503,590.44,545.9,575.3,567.78
2910602,612.38,555.2,611.6,587.35
2910701,167.25,173.25,207.7,178.65
2910727,216.81,194.95,205,204.74
2910750,234.56,238.8,256.4,241.15
2910776,10,4.5,10.5,7.72
2910800,272.81,270.6,264,269.93
2910859,170.81,153.1,190.3,167.35
2910909,172.31,168.5,184.3,173.26
2911006,225.75,223.45,238.1,227.43
2911105,21,23.2,27.8,23.43
2911204,403.81,435,435.6,424.28
2911253,113.81,102,113.4,108.59
2911303,7.69,13.5,13.2,11.41
2911402,111.19,116.25,115.6,114.35
2911501,278.06,248,291.8,267.98
2911600,343.12,345.95,345.6,344.89
2911659,16.69,13.2,19.3,15.74
2911709,9.31,8.7,11.2,9.46
2911808,175.06,157.6,167.9,165.91
2911857,209.56,210.3,245.9,217.78
2911907,84.19,61.55,64.1,69.98
2912004,14.94,10.5,12.3,12.43
2912103,281.44,268.25,286.6,276.83
2912202,100.56,85,94.7,92.52
2912301,219.69,203.7,230.5,215.09
2912400,9.12,11.95,14.7,11.57
2912509,34.38,27.95,19.7,28.39
2912608,78.5,77.5,79.5,78.28
2912707,313.94,318.05,369.3,327.76
2912806,155.12,144.8,173,154.52
2912905,289.75,279.6,286,284.52
2913002,26.62,18.6,20,21.7
2913101,17.25,12.05,20.1,15.61
2913200,19.75,16.1,12.7,16.63
2913309,191.69,178.8,196.9,187.22
2913408,9.12,8.75,15.4,10.33
2913457,436.94,470.45,504.4,466.17
2913507,176.5,168.05,186.5,175
2913606,403.75,369.5,394.1,386.76
2913705,354.69,344.1,357,350.59
2913804,226.25,185,210.7,204.93
2913903,226.31,201.95,244.5,219.67
2914000,147.88,117.2,137.5,132.28
2914109,16.81,14.25,13.5,14.98
2914208,133.62,130.3,132.3,131.89
2914307,67.44,60.9,80.3,67.39
2914406,133.69,117,136.1,126.96
2914505,317.31,299.45,320.3,310.2
2914604,11.31,14.15,16.4,13.65
2914653,259.75,239.5,239.5,246.54
2914703,109.69,79.1,105.7,95.52
2914802,327.44,301.3,323.3,315.17
2914901,411.88,393.65,421.2,405.98
2915007,69.44,73.3,85.9,74.7
2915106,137.44,123.15,152.4,134.48
2915205,189.31,166.3,195.6,180.67
2915304,188.75,173.9,176.2,179.57
2915353,9.94,8.3,13.6,10.02
2915403,171.56,164.15,165.2,166.96
2915502,322.38,291.35,311.2,306.46
2915601,219.88,210.7,223.4,216.65
2915700,312.38,303.05,316.5,309.22
2915809,124.19,118.95,146.4,126.74
2915908,635.44,633.95,647.5,637.41
2916005,171,160.65,173,166.93
2916104,696.5,661.75,667.1,675
2916203,287.38,291.75,287.8,289.37
2916302,229.62,196.45,213.4,211.67
2916401,162.62,150.55,174.7,160
2916500,265,240.95,262.9,254.09
2916609,265.31,231.2,262.9,249.96
2916708,242.62,237.6,235.4,238.87
2916807,142.44,125.3,147.2,136.02
2916856,125.5,109.75,114.2,116.2
2916906,140.81,139.5,156.8,143.72
2917003,125.31,118.75,131.4,123.78
2917102,162.38,151.5,177.6,160.96
2917201,36.44,33.9,52.7,38.87
2917300,502.38,534.8,569.9,531.15
2917334,7.5,4.35,9.7,6.61
2917359,30.81,15.1,21.4,21.93
2917409,13.5,10.8,15.1,12.67
2917508,142,123.05,168.2,139.46
2917607,197.81,184.9,213,195.5
2917706,97.31,111.7,141,113.07
2917805,640.62,614.1,620.6,624.74
2917904,624.06,593.8,604.1,606.57
2918001,121.44,117.25,127,120.83
2918100,155.75,162.4,179.6,163.83
2918209,297.69,292.45,288.8,293.48
2918308,211.31,196.9,224.7,207.96
2918357,17.69,12.95,19.2,15.96
2918407,21.5,17.4,22.5,19.93
2918456,188.62,179.4,193,185.57
2918506,10.12,11,14.3,11.41
2918555,269.5,254.7,252.8,259.43
2918605,77.31,54.75,76.9,67.41
2918704,120.12,117.5,131.7,121.5
2918753,16.19,9.6,13.2,12.67
2918803,403.62,413.1,385.4,403.78
2918902,129.94,102.75,133.1,118.8
2919009,112.38,105.1,103.9,107.37
2919058,123.94,127.2,141.9,129.26
2919108,218.06,206.55,215.1,212.41
2919157,17.19,12,21.8,15.93
2919207,729.44,661.05,719.5,697.54
2919306,135.25,123.05,141.8,131.37
2919405,10.62,12.05,11.4,11.41
2919504,22.69,15,19.4,18.63
2919553,34.5,27.8,28.4,30.26
2919603,142.81,122.6,145.5,134.61
2919702,96.25,99.75,111.6,101.11
2919801,17.56,11.4,17,14.76
2919900,53.12,49.35,56.9,52.3
2919926,657.88,618.6,652.3,639.59
2919959,21.62,20.9,23.2,21.65
2920007,107.75,103.05,105.9,105.3
2920106,152.31,135.75,186.8,152.61
2920205,6.75,5.2,8.5,6.46
2920304,17.56,15.35,16.6,16.39
2920403,55.44,39.6,61.9,49.96
2920452,17.62,12.15,28.5,17.61
2920502,71.06,70.7,85,73.93
2920601,565.56,529.55,551.2,546.78
2920700,421.25,424.8,477.9,435.11
2920809,62.81,68.3,105.6,74.5
2920908,311,282.2,306.4,297.48
2921005,639.94,646,664.3,647.87
2921054,8.69,6.55,13.1,8.72
2921104,163.5,150.3,172.3,159.67
2921203,108.5,97.05,120.1,106.04
2921302,161.56,135,151,147.72
2921401,85.5,79.6,91.2,84.17
2921450,37.69,25.9,40.7,33.22
2921500,127.75,118.75,160.5,130.96
2921609,17.56,14.9,16.4,16.15
2921708,64.81,47.35,86.3,61.89
2921807,15.75,12.2,18.2,14.74
2921906,92.38,81.9,96.3,88.67
2922003,183.56,164.75,191.8,177.17
2922052,103.94,101.1,115.3,105.17
2922102,152.38,143.6,183.1,155.24
2922201,570.56,535.4,518.9,544.04
2922250,14.69,12.9,17.2,14.46
2922300,396.31,378.3,369.9,382.74
2922409,297.69,292.45,288.8,293.48
2922508,574.19,547.95,568.8,561.61
2922607,527.75,567.5,586.5,557.8
2922656,121.94,119.5,130.8,122.8
2922706,173.62,170.65,203.1,178.74
2922730,128.5,112.95,130.9,122.26
2922755,332.62,341.35,345.3,339.17
2922805,121.88,92.95,107.8,106.24
2922854,78.88,80.05,81.6,79.98
2922904,199,186.9,217,197.65
2923001,209.69,196.75,236.8,209.96
2923035,47.62,36.35,26.5,38.13
2923050,211.81,218.25,218.4,216.04
2923100,241.94,222.6,264.6,238.46
2923209,13.44,13.15,11.7,12.93
2923308,342.56,316.6,344.1,331.61
2923357,46.75,37,48.1,42.8
2923407,6.38,6.65,8.5,6.96
2923506,117.38,101.05,122.6,111.41
2923605,39.19,26.05,28.2,31.09
2923704,16.75,14.95,20.8,16.85
2923803,313.44,309.55,324.6,314.17
2923902,251.75,228.45,233.9,237.74
2924009,165.75,164.85,158.1,163.7
2924058,137.44,122.55,123.9,128.02
2924108,375.44,335.2,371.3,357.04
2924207,223.31,209.4,192.5,210.57
2924306,75.88,62,58.8,66.13
2924405,13.19,10.25,21.6,13.74
2924504,11.69,10.15,10.3,10.72
2924603,172.19,152.7,193.1,168.26
2924652,139.81,113.95,129.3,126.28
2924678,416.69,454.1,484.3,447.65
2924702,20.31,21.4,22.6,21.28
2924801,118.62,112.35,128,117.93
2924900,85.75,77.8,104.7,86.41
2925006,114.38,117.7,148.9,123.33
2925105,115.56,107.65,115.2,112.04
2925204,597.06,572.4,599.4,586.85
2925253,142.31,124.85,154,137.26
2925303,315.56,271.2,285.8,289.8
2925402,240.44,217.9,244.3,231.48
2925501,298.56,274.8,293.2,287.07
2925600,9.81,17.35,14.1,14.02
2925709,18.06,15.25,20.2,17.3
2925758,360.62,382.15,351.7,368.04
2925808,108.19,100.25,113.3,105.85
2925907,151.69,160.35,176.3,160.8
2925931,124.62,113.2,128.8,120.57
2925956,181.5,139.6,169.2,160.61
2926004,8.94,9.6,16.6,10.89
2926103,129,118.8,146.3,128.33
2926202,18.31,13.8,17.2,16.11
2926301,159.62,140.15,146.8,148.37
2926400,9.56,7.85,12.3,9.41
2926509,200.56,194.25,229.6,204.13
2926608,189.69,192.8,229.7,199.74
2926657,82.06,80.95,91.1,83.54
2926707,55.44,45.3,60.3,52.09
2926806,16.88,11.75,15.6,14.37
2926905,51.31,41.05,42.1,44.85
2927002,443.44,386.15,440.2,417.83
2927101,72.5,71.95,70.6,71.85
2927200,132.12,128.55,137.9,131.83
2927309,655.5,626.5,634.4,638.3
2927408,711.94,680.2,720.5,700
2927507,250.56,254.1,247.4,251.41
2927606,199.44,180.25,173.5,185.46
2927705,346.75,302.55,306.4,318.76
2927804,189.5,197.6,208.5,197.15
2927903,183.06,185.15,186.2,184.65
2928000,125.25,112.35,135.5,121.87
2928059,364.5,338.5,358.8,351.96
2928109,16.44,8.6,16,12.93
2928208,18.44,9.55,17,14.26
2928307,268.38,262.85,266.5,265.57
2928406,15.56,13.05,26.5,16.85
2928505,184.31,158.95,175.5,171.37
2928604,489.25,432.8,470.8,460.7
2928703,458.44,443.05,418.5,443.07
2928802,267.56,261.75,247.7,260.72
2928901,27.69,16.85,20.9,21.5
2928950,123.94,111,137.4,121.24
2929008,436.62,417.05,409.3,422.17
2929057,16.88,11.8,16.3,14.54
2929107,513.12,498.1,492.4,502.09
2929206,625.75,573.6,621.8,602.22
2929255,14.81,12.35,18.7,14.59
2929305,349.62,316.5,347.7,334.8
2929354,295.38,290.3,291.5,292.33
2929370,117.38,102.7,118.5,111.24
2929404,286.06,288.35,304.1,290.98
2929503,607.56,568.8,627.7,595.09
2929602,308.31,308.6,276.5,301.52
2929701,225.06,219.1,255,228.98
2929750,609.31,557.05,603.1,585.24
2929800,158.38,142.05,190.8,158.33
2929909,55.69,46.6,51,50.72
2930006,8.44,7.9,11.1,8.78
2930105,165.56,164.05,205.9,173.67
2930154,11,9.45,14.1,11
2930204,13.31,11.15,12.9,12.28
2930303,16.94,9.35,14.5,13.11
2930402,195.38,169.8,182.6,181.48
2930501,192.25,178.55,189.4,185.67
2930600,135.56,114.6,135.3,126.39
2930709,713.12,656,729.1,691.76
2930758,14.94,13.3,11.3,13.43
2930766,236.69,241.35,237.8,238.96
2930774,17.88,14,24.7,17.67
2930808,64.69,52.45,62.4,58.87
2930907,22.69,12.55,15.4,16.7
2931004,31.38,25.75,36.5,30.04
2931053,19.5,12.45,20.3,16.61
2931103,239.69,234.05,240.8,237.48
2931202,500.38,518.95,502.2,508.85
2931301,135.5,128.45,169.2,139.76
2931350,214.69,205.95,227.1,213.59
2931400,400.31,358.8,410.2,384.41
2931509,171.75,163.95,173.9,168.83
2931608,385.88,393.7,380.6,388.13
2931707,490.62,467.1,513.4,485.35
2931806,36.38,29.8,37.9,33.85
2931905,151,158.95,165.2,157.54
2932002,84.75,80.95,111.4,88.89
2932101,261.69,248.75,240.5,251.46
2932200,315.25,289.3,320.7,305.15
2932309,283.5,293.75,316.2,295.07
2932408,6.75,14.8,12.2,11.43
2932457,37.06,20.85,41.3,30.93
2932507,366,352.9,347.6,356.3
2932606,9.75,8.95,10.5,9.57
2932705,375.25,321.05,331.5,342.17
2932804,139.81,135.7,153.1,140.91
2932903,530.44,529.75,539,532
2933000,122.69,114.85,139.5,122.93
2933059,127.31,105.45,123.2,116.91
2933109,141.12,129.7,153.9,138.93
2933158,63.19,45.75,68.1,56.67
2933174,320.5,323.7,323.2,322.48
2933208,677.88,666.1,672.8,671.65
2933257,197.19,198.05,194.4,196.96
2933307,64.75,51.95,69.2,60.15
2933406,129.62,129.2,142.6,132.26
2933455,19.31,12.7,21.3,16.87
2933505,307.5,291.05,309.4,300.76
2933604,11.5,6.35,16.8,10.41
3100104,44.38,37.55,60.3,44.87
3100203,47.88,36.8,48.7,43.24
3100302,62.62,42.6,55.3,52.33
3100401,64.81,44.7,61.8,55.41
3100500,69.38,50.3,54.8,57.91
3100609,50.75,50.8,55.9,51.89
3100708,88.69,69.5,79.2,78.28
3100807,86,72.6,78,78.43
3100906,111.06,93.6,119.6,105.33
3101003,38.12,33.55,34.1,35.26
3101102,58.19,45.7,61.3,53.43
3101201,97.19,94.1,85.3,93.26
3101300,117.06,114.6,116.1,115.78
3101409,145.44,130.85,126.2,134.91
3101508,66.56,65.25,76.7,68.2
3101607,103.38,97.85,88,97.63
3101631,72,64.35,63.8,66.89
3101706,97.56,92.85,97.1,95.41
3101805,54.62,39,51.3,47.11
3101904,96.69,86.15,81.4,88.78
3102001,100.94,93.85,84.6,94.3
3102050,92.62,73.25,82.5,82
3102100,69.12,56.15,60.8,61.67
3102209,57.12,46.2,50.6,50.96
3102308,63.69,40.9,57,52.33
3102407,52.88,35.15,52.5,45.09
3102506,58.44,49.65,63.4,55.7
3102605,130.5,119.65,115.2,122.46
3102704,38.69,32.45,37.8,35.78
3102803,83.69,80.55,69.3,79.2
3102852,53.38,50.8,55.9,52.8
3102902,65.19,74.4,60.2,68.11
3103009,73.56,45.4,54.5,57.17
3103108,88.75,74.35,79.8,80.54
3103207,33.19,28.4,45.8,33.85
3103306,69.06,73.75,62.6,69.7
3103405,20.75,18.3,18.5,19.2
3103504,62.31,46.1,62,55.2
3103603,102,99.7,85.6,97.43
3103702,65.94,56.35,60.5,60.59
3103751,56.25,45.95,54.8,51.46
3103801,62.62,35.25,68.4,51.98
3103900,57.62,41.45,66.1,52.43
3104007,77.69,62.75,69.9,69.5
3104106,119.44,103.55,97,107.65
3104205,71.94,61.3,84.9,70.13
3104304,101.94,94.75,89.5,96.11
3104403,63.44,64.9,70.9,65.7
3104452,43.38,42.65,39.7,42.26
3104502,24.88,12.7,40.8,23.04
3104601,73.19,66.25,60.7,67.46
3104700,90.06,69.75,97.1,82.76
3104809,26.69,22.2,29.8,25.41
3104908,105.94,104.55,93.5,102.63
3105004,38.56,24.6,52.3,35.48
3105103,70.69,65.45,69.4,68.13
3105202,99.25,97,97.8,97.96
3105301,117.06,98.95,103.5,106.24
3105400,64.31,36.05,52,49.35
3105509,86.69,79.9,78.6,81.98
3105608,68,67,63.7,66.63
3105707,59.19,43.25,54.3,51.2
3105905,68.5,62.7,60.2,64.17
3106002,67.94,40.95,55.3,53.46
3106101,91.69,74.65,62.4,77.91
3106200,66,42.25,53.8,53.02
3106309,63.31,42.65,54.9,52.5
3106408,55.31,44.2,57.5,50.96
3106507,21,16.3,18.8,18.48
3106606,146.69,130.55,149,140.17
3106655,31.75,28.65,27.5,29.48
3106705,55.81,39.1,55.9,48.57
3106804,70.44,74.6,74.9,73.22
3106903,77.25,71.65,67.8,72.76
3107000,46.19,31.05,55.8,41.7
3107109,88,79,77.4,81.78
3107208,121.06,118.95,115.1,118.85
3107307,20.25,17.2,21.1,19.11
3107406,57.88,37.95,60.5,49.78
3107505,95.69,104.1,88.9,97.87
3107604,108.19,97,92.9,100
3107703,58.94,32.5,48.4,45.15
3107802,61.56,44.5,56.5,53.04
3107901,129.31,116.05,88,114.57
3108008,76.81,64.95,75.8,71.43
3108107,55.75,44.8,61.4,52.22
3108206,25,15.15,39.6,23.89
3108255,13.44,11.5,15.4,13.02
3108305,120.31,110.1,89.9,109.26
3108404,117.12,110.1,110.4,112.61
3108503,22.12,18.55,20.7,20.26
3108552,22.31,16.2,32.8,21.93
3108602,21.94,14.7,24.1,19.26
3108701,66.44,51.6,56.1,57.74
3108800,56.5,38.15,47.2,46.5
3108909,128.38,110.1,95.3,113.24
3109006,60.88,42.4,58.3,52.28
3109105,140.62,138.3,108,132.52
3109204,27.19,20.6,30.4,25.02
3109253,62.44,43.3,53.1,52.09
3109303,35.88,14.5,41.6,27.83
3109402,17.25,12.45,30.1,17.96
3109451,40,19.6,42.9,31.76
3109501,111.38,109.3,101.7,108.37
3109600,43.75,30.5,47.3,38.76
3109709,126.44,114,91.9,113.52
3109808,66.12,55.5,56.3,59.37
3109907,40.12,28.4,45.4,36.17
3110004,55.69,35.25,47.8,45.09
3110103,86.06,73.2,73.6,77.76
3110202,66.88,49.9,68.5,59.85
3110301,118.44,101.95,107.9,108.98
3110400,70,66.05,72.9,68.91
3110509,165.06,155.2,121.7,151.35
3110608,142.81,122.4,89.3,122.3
3110707,90.56,91.4,75.2,87.59
3110806,62.75,51.7,63.3,58.07
3110905,94.94,96.15,77.1,91.59
3111002,115.38,95.8,100.2,103.57
3111101,64.81,59.75,65.3,62.72
3111150,20.44,15.6,27.9,19.96
3111200,81.19,69.2,77.5,75.17
3111309,95.38,86.65,82.2,88.72
3111408,77.19,64.55,72.2,70.61
3111507,74.44,58.2,77.9,68.13
3111606,92.81,87.4,78.6,87.37
3111705,64.56,52.4,64.4,59.24
3111804,60.75,51.9,59.5,56.63
3111903,79.81,66.8,82.6,74.76
3112000,73.56,66.75,76.8,71.3
3112059,55.31,45.8,49.8,49.98
3112109,88.62,69.85,76,77.72
3112208,69.94,56.9,62.1,62.57
3112307,43.12,41.25,42.1,42.09
3112406,93.81,88.45,84.2,89.39
3112505,42,27.5,45.4,36.43
3112604,65.94,50.35,46.1,54.85
3112653,47.38,34.3,47.4,41.7
3112703,13.62,10.5,13.8,12.3
3112802,78.19,75.65,69.7,75.24
3112901,54.31,41.05,54.4,48.57
3113008,70.75,63.2,79.6,69.39
3113107,67.25,50.35,62.1,58.78
3113206,70.56,62.05,62.5,65.11
3113305,84.88,67.5,72.5,74.63
3113404,57.81,45.9,58.8,52.85
3113503,24.25,20,22,21.91
3113602,109.44,104.65,94.8,104.17
3113701,104.81,84.5,94.6,93.76
3113800,52.88,34.1,51.4,44.39
3113909,74.5,70.3,72.9,72.33
3114006,62.38,57.45,65,60.8
3114105,105.75,102.45,89.6,100.8
3114204,58.06,47.5,61,54.11
3114303,56.5,34,64.6,48.48
3114402,92.88,85.6,76.5,86.15
3114501,65.69,58.9,66.5,62.91
3114550,91.31,74.85,84.3,82.63
3114600,74.19,69.65,72.5,71.85
3114709,109.88,103.65,97.7,104.52
3114808,103.94,110.75,107.3,107.63
3114907,65.81,50.9,63.3,58.78
3115003,56.69,43.85,66.4,53.22
3115102,94.56,80.65,81.8,85.74
3115201,65.06,58.65,68.5,63.02
3115300,78.56,70.1,77.3,74.61
3115359,65.62,42.2,57.6,53.7
3115409,59.38,47.9,57,53.87
3115458,86.56,79.3,90.2,84.2
3115474,7.62,6.5,10,7.65
3115508,99.94,98.3,84.6,95.89
3115607,59.56,40.95,69,53.52
3115706,60.44,53.65,63.2,58.09
3115805,60.38,48.3,55.5,54.07
3115904,70,71.9,66.7,70.11
3116001,58.5,46.3,59.3,53.37
3116100,24.94,17.35,24.1,21.46
3116159,25.12,13.7,30.8,21.39
3116209,71.94,79,63.4,73.15
3116308,68.06,57.4,56.3,60.87
3116407,95.88,87.45,90.2,90.98
3116506,26,15.35,27.3,21.65
3116605,61.56,51.6,60.4,56.98
3116704,74.19,59.85,64.8,65.91
3116803,52.12,47.15,46,48.63
3116902,67.88,65.85,66.8,66.76
3117009,27.25,26.1,31,27.57
3117108,102,90.9,82.9,93.02
3117207,121.69,116.3,107.4,116.24
3117306,82.06,62.65,73,71.65
3117405,52.31,43.45,54,48.83
3117504,48.62,30.3,58.8,42.87
3117603,49.12,37.25,56.9,45.65
3117702,98,98.6,84.5,95.33
3117801,135.75,114.25,89.1,116.26
3117836,12.56,8.95,13.4,11.17
3117876,44.81,27.9,42.4,36.93
3117900,114.38,106.25,90.2,105.59
3118007,59.62,44,59,52.7
3118106,43.75,27.85,52.3,38.7
3118205,80.94,69.7,74.7,74.7
3118304,62.12,47.1,61.3,55.41
3118403,49.25,40.5,48.4,45.26
3118502,134.88,115,86.3,115.67
3118601,59.75,39.55,51.4,49.15
3118700,83.38,75.55,75.4,78.24
3118809,21.38,14.2,29.1,19.93
3118908,29.5,26.75,41.6,30.93
3119005,94,100.7,78.8,93.61
3119104,25.81,20.15,36.7,25.72
3119203,62.12,45.65,49.5,52.22
3119302,49.75,37.55,48.8,44.24
3119401,66.56,42.7,51.2,52.85
3119500,21.12,17.65,19.6,19.28
3119609,70,71.9,66.7,70.11
3119708,63.19,57.3,67.9,61.65
3119807,73.25,56.45,73.1,65.91
3119906,143.94,130.75,97.5,128.11
3119955,71.62,65.65,80.5,70.96
3120003,64.75,45.35,52,53.54
3120102,39.62,27.25,34.1,33.04
3120151,104.94,102.5,108.1,104.57
3120201,82.88,71.45,75.8,76.37
3120300,22.69,17.05,32.8,22.43
3120409,66.12,50.5,63.5,58.76
3120508,127.12,114.7,103.3,116.54
3120607,59.88,53.65,61.3,57.48
3120706,66.12,42.85,61.6,55.02
3120805,87.94,82.8,77.5,83.43
3120839,62.5,57.6,60,59.83
3120870,36.12,30.15,34,33.07
3120904,28.12,26.25,42.6,30.46
3121001,41.31,28.2,42.1,35.78
3121100,124.94,114.6,103.7,115.83
3121209,81.06,76.55,74.6,77.7
3121258,85.19,72.95,75.7,77.8
3121308,69.88,65.15,61.3,65.96
3121407,61.69,54.2,65.7,59.3
3121506,68.81,65.65,62.3,66.02
3121605,31.75,26.2,36.4,30.35
3121704,64.81,44.7,61.8,55.41
3121803,65.94,43.75,45,51.74
3121902,66.12,56.05,56.9,59.74
3122009,79.56,62.05,70.6,70
3122108,46.31,40.35,48,44.09
3122207,60.12,50.3,46.8,52.96
3122306,58.88,54.25,63.5,57.87
3122355,44.62,39.8,51.4,44
3122405,109.5,98.7,94.7,101.59
3122454,73.62,75.35,78.6,75.46
3122470,28.25,17.15,44.2,26.89
3122504,55.44,40.6,47.2,47.2
3122603,53.75,33.1,54.2,44.87
3122702,63.25,42.4,50.7,51.46
3122801,116.69,104.55,96.7,107.07
3122900,73.19,66.25,60.7,67.46
3123007,68.5,62.7,60.2,64.17
3123106,56.44,33.8,50.1,45.22
3123205,62.12,44.8,64.5,55.11
3123304,67.5,61.3,52.6,61.57
3123403,71.56,66.95,71.4,69.52
3123502,52.06,42.8,60,49.76
3123528,60.06,50.5,59.6,55.8
3123601,91.62,102.85,73.1,92.48
3123700,56.06,39,51.7,47.7
3123809,22,13.1,25.3,18.85
3123858,59,43.85,53.6,51.24
3123908,59.25,48.6,61.9,55.2
3124005,73.81,58.5,67.3,65.74
3124104,47.19,33.75,55.9,43.24
3124203,88.62,69.85,76,77.72
3124302,9.06,7.05,11.7,8.76
3124401,111.25,101.3,95.1,103.41
3124500,129.81,114.7,85.8,113.67
3124609,66.38,66.05,75.9,68.3
3124708,71.75,47.1,76.5,62.07
3124807,55.31,48.2,58.2,52.85
3124906,86.38,76,79.8,80.43
3125002,70.06,71,66.6,69.72
3125101,173.62,171.45,127.8,162.72
3125200,102.19,95.45,85.5,95.63
3125309,84.88,67.5,72.5,74.63
3125408,44.62,32.55,38.4,38.02
3125507,41.94,29.75,35.8,35.3
3125606,111.38,83.5,107.5,98.41
3125705,33,27.9,43.1,32.98
3125804,56.06,39,51.7,47.7
3125903,61.12,38.3,58.8,50.7
3125952,63.38,54.2,56.1,57.8
3126000,50.81,38,60.7,47.39
3126109,72.75,66.75,76.9,71.04
3126208,34.12,13.35,35.3,25.35
3126307,100.25,86.55,96.6,93.5
3126406,42.12,30.15,50,38.63
3126505,20.75,15.9,20.4,18.57
3126604,21.06,13.45,26,18.83
3126703,14.44,12.45,23.8,15.61
3126752,64.56,61,65.8,63.28
3126802,72.69,61.05,80.2,69.26
3126901,57.75,46.4,48,50.7
3126950,49.81,45.9,44.8,47.02
3127008,79.5,80.25,89.5,82
3127057,107.5,91.15,109.9,100.91
3127073,21.69,24.55,18.8,22.3
3127107,77,72.75,87.5,77.43
3127206,36.31,23.6,45.4,32.76
3127305,48.75,40.6,48.5,45.15
3127339,9.38,6,12,8.48
3127354,20.06,15.75,30.7,20.5
3127370,50.5,50.2,55.3,51.41
3127388,73,73.4,60.5,70.46
3127404,147.38,127.95,102.5,129.17
3127503,62.75,48.7,45.8,52.96
3127602,33.81,22.7,42.5,30.87
3127701,57.25,41.2,48.2,48.3
3127800,21.5,20.75,24.7,21.87
3127909,52.38,42.95,56.3,49.13
3128006,58.31,36.75,49.1,46.93
3128105,82.06,78.25,72.8,78.39
3128204,65.56,47.15,61.3,56.63
3128253,20.19,16.75,32,21.26
3128303,118.75,105.5,100.5,109.02
3128402,69.12,64.55,61.6,65.5
3128501,71.56,69.25,69.9,70.2
3128600,39.06,24.9,45,34.2
3128709,118.38,102.75,91.1,105.65
3128808,77.5,72.55,68.8,73.46
3128907,68.31,43.3,61.4,55.93
3129004,73.12,69.35,69.7,70.74
3129103,61.88,53.5,52.5,56.2
3129202,109.19,107.4,95.8,105.5
3129301,56.81,40.4,49.2,48.02
3129400,69.12,69.35,65.4,68.41
3129509,72,60.95,71.9,67.17
3129608,17.88,13.05,27.4,17.85
3129657,10.5,8.65,20.6,11.89
3129707,95.31,86.3,87.6,89.72
3129806,62.62,42.95,57.8,53.02
3129905,128.5,119.5,115.4,121.74
3130002,77.25,64.65,74.2,71.11
3130051,17.75,14.5,21.5,17.15
3130101,54.44,41.95,66.9,51.72
3130200,52.25,42.3,61.9,50.02
3130309,72.31,63.1,80.4,70.07
3130408,75.69,63.95,73.8,70.17
3130507,90.38,81.55,75.3,83.26
3130556,56.69,47.75,47.5,50.8
3130606,124.5,115.5,93.9,113.93
3130655,20,20.75,16.8,19.63
3130705,57.44,53.85,59.4,56.3
3130804,75.94,69.35,72.9,72.41
3130903,56.75,42.65,48,48.72
3131000,40.69,28.6,45.9,36.57
3131109,27.19,22.55,39.8,27.91
3131158,59.5,41.6,46.2,48.83
3131208,55.06,48.25,52,51.43
3131307,66.56,42.7,51.2,52.85
3131406,66.19,52.65,45.8,55.87
3131505,115,102.7,93.3,104.93
3131604,62.44,54.4,58.8,58.15
3131703,63.38,34.25,53.9,48.65
3131802,69.75,60.65,71.2,66.11
3131901,62.94,47.35,60.7,55.67
3132008,20.56,17.7,34.2,22.28
3132107,9.38,6.35,11.1,8.43
3132206,59.5,46,62,54.17
3132305,84.06,79.9,85.9,82.65
3132404,132.75,120.75,104.9,121.48
3132503,40.75,35.25,32.3,36.52
3132602,72.75,67.1,61.6,67.87
3132701,66.75,58.7,66.4,63.17
3132800,57.25,35.5,61.8,48.78
3132909,114.12,106.05,103.3,108.26
3133006,119.06,116.3,116.3,117.26
3133105,115.94,105.25,102.6,108.39
3133204,47.81,35.4,45.5,41.91
3133303,27.94,22.9,33.9,27.04
3133402,68.56,61.65,69.8,65.83
3133501,67.25,65.75,71.6,67.54
3133600,168.12,165.6,124.3,157.5
3133709,58.38,46,71.9,55.93
3133758,93.69,82.9,88,87.76
3133808,53.62,43.7,65,51.78
3133907,61.5,47.2,57.7,54.46
3134004,21.75,19.15,22.1,20.7
3134103,55.75,49.8,62.8,54.7
3134202,61.06,50.9,53.7,55.04
3134301,76.06,65.1,74.3,70.91
3134400,81.19,66.7,77.1,74
3134509,76.56,66.4,73,71.37
3134608,48.12,26.15,49.2,38.8
3134707,110.38,92.7,96.3,99.63
3134806,107.81,92.8,98.7,99.3
3134905,147.62,134.1,125.6,136.96
3135001,69.31,46.45,53.7,55.98
3135050,7.06,4.85,11.8,7.13
3135076,53.5,46.85,51.2,50.11
3135100,9.44,6.25,11.8,8.57
3135209,14.38,11.55,14.8,13.24
3135308,70.5,60.75,84,69.2
3135357,16.31,10.85,32.4,17.43
3135407,57.5,44.7,58.2,52.09
3135456,21.88,17.7,22.1,20.11
3135506,63.5,44.15,55,53.24
3135605,22.06,12.55,23.2,18.17
3135704,32.81,25.15,47.5,32.67
3135803,83,71.3,70.9,75.28
3135902,107.31,103.8,91.6,102.37
3136009,76.81,69.9,75.7,73.57
3136108,61.69,38.2,52.9,49.57
3136207,66.5,42.35,56.8,53.89
3136306,39.38,19.75,39.9,30.96
3136405,22.69,17.8,28.2,21.76
3136504,100.25,98.8,97.7,99.07
3136520,22.19,17.75,19.7,19.72
3136553,55.5,51.25,53.2,53.15
3136579,22.38,18.9,20.2,20.39
3136603,55.62,29.15,47.5,42.35
3136652,52.25,37.3,56.4,46.65
3136702,80.31,67.4,66.3,71.65
3136801,19.19,16.15,33.2,20.91
3136900,107.88,104.95,94.8,103.76
3136959,9.31,4.25,9.5,7.15
3137007,79.94,71.45,78.6,75.96
3137106,44,28,41.4,36.48
3137205,68.69,55.95,84,66.48
3137304,19.12,11.9,23.3,16.89
3137403,64.69,52.4,68.3,60.13
3137502,57.12,32.9,55,46.13
3137536,34.12,22.55,40.7,30.52
3137601,44.62,26.2,41.4,35.91
3137700,74.56,57.2,71.9,66.43
3137809,107.38,103.55,94.9,103
3137908,70.44,48,58.2,58.02
3138005,90.12,76.9,81.5,82.5
3138104,24.56,15.05,31.4,21.91
3138203,80.06,66.9,76.5,73.57
3138302,52.25,36.85,60.1,47.26
3138351,23.38,17.6,19.6,20.04
3138401,71.19,71.5,71.8,71.46
3138500,110.38,126.35,100.6,115.2
3138609,86.69,81.65,77.2,82.43
3138625,80.31,63.75,69.2,70.7
3138658,13.06,10.15,34.4,16.43
3138674,73.81,56.95,63.9,64.33
3138682,22.56,12.5,25.6,18.85
3138708,76,71,71,72.74
3138807,71.88,56.9,72.4,65.48
3138906,132.94,116.6,137.6,126.85
3139003,109.75,90.05,96.8,98.37
3139102,68.56,61.9,68.9,65.74
3139201,57.19,55.7,60.6,57.28
3139250,8.56,7.4,12,8.8
3139300,8.19,5.1,12.2,7.72
3139409,55.38,43.8,54.3,50.11
3139508,75.12,57.7,71.2,66.7
3139607,78.5,65.65,75.5,72.26
3139706,45.38,32.6,51.8,41.22
3139805,70.88,77.15,69.4,73.28
3139904,123.75,119.5,106.1,118.07
3140001,63.94,44.3,57.6,54.02
3140100,61.62,49.55,47.5,53.3
3140159,57.44,39.75,57.2,49.7
3140209,68.12,69.4,62.7,67.5
3140308,68,43.05,51.1,53.48
3140407,122.44,115.9,98.4,114.37
3140506,52.56,36.85,55.7,46.41
3140530,70.62,52.65,66.5,61.91
3140555,92,88.55,91.6,90.41
3140605,53.81,46.25,50.7,49.85
3140704,51.12,43.2,68.3,51.41
3140803,89.19,70.45,65.5,75.89
3140852,7.81,5,12.7,7.65
3140902,61.5,41.9,57.9,52.2
3141009,10.69,11.15,12.7,11.33
3141108,42.25,25.75,44.1,35.48
3141207,65.62,37.65,71.3,54.7
3141306,71.25,70.8,72.5,71.33
3141405,31,28,37.1,31.02
3141504,59.12,50.85,67.2,57.28
3141603,68.12,62.5,59.6,63.83
3141702,60.75,40,60.4,51.65
3141801,29.06,24.2,27.1,26.52
3141900,78.81,75.95,71.9,76.07
3142007,19.94,14.15,30.6,19.74
3142106,81.12,62.95,76.2,72.15
3142205,81.69,74.1,76.4,77.24
3142254,8.88,5.2,11.4,7.83
3142304,59.62,45.3,59.5,53.37
3142403,69.19,46.75,73.5,60.37
3142502,30,24.6,39.3,29.67
3142601,90.88,92.7,73.4,87.87
3142700,11.38,4.85,10.5,8.35
3142809,62.81,51.3,52.1,55.48
3142908,7.75,6.25,10.4,7.67
3143005,110.5,111.3,98.4,108.22
3143104,52.19,47.7,58.5,51.61
3143153,58.81,56.65,63.1,58.8
3143203,122.56,101.7,100.8,108.76
3143302,17.62,13.45,16.9,15.65
3143401,149.88,146.5,123,142.57
3143450,17.38,13.7,20.6,16.48
3143500,44.19,24.7,47.8,36.5
3143609,26.94,23,37.9,27.61
3143708,55.56,31.1,60.6,46.02
3143807,166.12,161,131.1,156.28
3143906,88.62,80.4,81.7,83.54
3144003,58.62,46.95,54.7,52.7
3144102,111.62,107.95,100.2,107.54
3144201,60.69,50,51.6,54.07
3144300,114.12,84.65,113.7,101.22
3144359,64.12,43.75,52.4,52.72
3144375,34.31,17.6,47.9,30
3144409,122.75,118.45,106.1,117.26
3144508,73.75,62.1,72.8,68.48
3144607,81.69,70.05,74,74.96
3144656,30.69,26.4,31.2,28.93
3144672,78,62.6,84.6,72.74
3144706,72,40,56.5,54.72
3144805,63.88,45.2,58.6,54.61
3144904,55.62,46.25,61.4,52.8
3145000,66.31,59.95,59.9,62.15
3145059,9.88,5.95,10.2,8.24
3145109,105.38,95.25,89.9,97.61
3145208,49.81,38.6,63.4,47.89
3145307,51.56,46.3,54.4,49.89
3145356,95.62,88.25,96.8,92.67
3145372,22.5,24.3,19.7,22.67
3145406,101.31,100.1,93.9,99.17
3145455,22,20.15,21.4,21.07
3145505,107.31,103.8,91.6,102.37
3145604,69.75,62.7,70.3,66.8
3145703,64.44,73.7,64.2,68.41
3145802,48.19,35.95,54.4,44.22
3145851,63.75,45.9,56.4,54.39
3145877,63.75,50.8,59.6,57.22
3145901,60.94,46.15,57.4,53.74
3146008,125.88,119.9,100.8,117.83
3146107,58.06,45.95,57.5,52.67
3146206,84.88,71.5,90.1,80.2
3146255,24.62,24.35,17.7,23
3146305,41.56,40.15,47.5,42.24
3146404,47.38,35,46.1,41.72
3146503,73.25,67.15,79.8,72.02
3146552,8.38,5.4,9.5,7.33
3146602,67.38,71.15,60.6,67.54
3146701,90.5,71.95,79.4,80.02
3146750,156.62,134.2,152.9,146.07
3146909,39.88,30.75,43.1,36.61
3147006,35.06,20.55,40.8,30
3147105,47,36.4,60.3,45.28
3147204,102.75,101.1,84.5,98.07
3147303,134.12,115.55,84.8,115.33
3147402,35.94,28.95,43,34.43
3147501,59.5,37.05,56.4,49.07
3147600,115.25,107.55,99.7,108.52
3147709,63.75,59.05,70.6,63.2
3147808,116.88,135.95,109.2,123.5
3147907,86.5,83.05,84.7,84.61
3147956,14.88,11.9,32.5,17.41
3148004,61.19,34.95,48.8,47.09
3148103,67.38,48.2,59.8,57.39
3148202,86.12,79.85,81.1,82.3
3148301,65.38,53.95,59.2,59.07
3148400,53.25,46.7,51.7,50.07
3148509,97.19,93.65,100.3,96.33
3148608,55.62,46.85,50.2,50.63
3148707,64.81,62.25,66.3,64.02
3148756,67.81,45.9,61.4,56.89
3148806,58.56,47.8,61.5,54.52
3148905,67,61.55,78.4,67.11
3149002,77.44,65.65,66.3,69.89
3149101,126,115.1,110.6,117.91
3149150,10.25,8.85,15.5,10.78
3149200,62.56,57.95,60.6,60.13
3149309,47.25,29.85,44.5,39.09
3149408,87,80.2,71.7,80.72
3149507,77.12,71.55,68.9,72.91
3149606,44.81,33.5,52.9,41.65
3149705,55.38,42.65,67.3,52.43
3149804,73.94,56.85,63.6,64.26
3149903,80.56,67.95,80.8,75.13
3149952,57.44,42.75,54.5,50.41
3150000,56.19,48.75,63.3,54.5
3150109,71.31,77.35,65.8,72.74
3150158,52.5,46,51.5,49.46
3150208,59.88,42.15,46.7,49.3
3150307,68.56,65.15,66.4,66.61
3150406,59.12,49.9,61.3,55.59
3150505,79.44,72.1,77.3,75.78
3150539,66.12,45.75,56,55.07
3150570,16.38,13.1,25.1,16.85
3150604,62.94,57.1,66.6,61.2
3150703,82.69,66.45,81.5,75.37
3150802,64.38,46.5,58.3,55.28
3150901,156.94,132.05,111.9,136.33
3151008,131.75,123.1,105.6,122.3
3151107,74.31,72.85,68.3,72.37
3151206,19.12,10.65,31.3,18.09
3151305,69.94,65.7,61,66.15
3151404,45.94,35.7,51.9,42.78
3151503,71,71.4,63.8,69.61
3151602,80.75,67.4,83.8,75.61
3151701,115.25,96.3,99.1,103.5
3151800,131.56,112.95,115.8,120.04
3151909,56.38,48.95,52.1,52.22
3152006,45.94,31.55,43.5,39.15
3152105,56.38,46.05,57.1,52.04
3152131,15.62,14.45,28.5,17.91
3152170,43.25,38.3,49.1,42.37
3152204,9.69,7.75,11,9.13
3152303,66.38,46.7,68.6,58.3
3152402,77.81,73.6,74.5,75.26
3152501,121.56,108.35,85.8,108.04
3152600,106.12,101.7,90.1,100.72
3152709,63.31,59.45,66.8,62.39
3152808,62.06,61.5,62,61.8
3152907,94.81,84.75,91.1,89.63
3153004,80.5,69.2,79.2,75.3
3153103,64.81,47.7,61.2,56.59
3153202,29.31,22.65,41,28.96
3153301,45.56,30.1,49.3,39.65
3153400,51.38,30.2,48.9,41.63
3153509,85.31,63.4,73.6,73.24
3153608,37.94,26.4,43.3,34.09
3153707,60.25,42.1,67,53.83
3153806,64.06,48.2,62.8,56.89
3153905,62.5,42.45,51.4,51.37
3154002,55.25,39.45,53,47.89
3154101,78,73.2,69.7,74.11
3154150,70.12,50.3,64.5,60.28
3154200,63.5,55.25,70.1,61.35
3154309,60.25,55.85,67.7,59.96
3154408,70.88,61.9,63.8,65.43
3154457,21.56,12.7,32.5,20.09
3154507,16.56,17.35,12.2,15.96
3154606,49.62,32.9,43.6,41.04
3154705,80.06,66.25,77.2,73.43
3154804,63.5,46.35,62.2,55.76
3154903,63.56,43.35,50.6,51.96
3155009,58.62,42.9,54,50.78
3155108,118.31,94.85,117.5,107.93
3155207,68.19,51.15,55.6,58.04
3155306,56.69,45.75,68.4,54.48
3155405,68.12,67.75,60.8,66.37
3155504,70.5,42.75,77.9,60.04
3155603,17.81,20.85,16.5,18.85
3155702,64.56,39.45,52.7,51.07
3155801,70.25,66.95,61.6,66.93
3155900,86.62,85.85,80.1,84.87
3156007,46.19,41.65,38.8,42.61
3156106,65.56,58.95,69.7,63.59
3156205,70.38,71.2,63.9,69.33
3156304,72.44,67.2,61.9,67.87
3156403,54.94,51.15,59.4,54.26
3156452,79.31,69,76.3,74.17
3156502,23,22.95,20.5,22.43
3156601,113.44,88.95,96.1,99.02
3156700,60.44,38.35,46.5,47.8
3156809,52.38,42.3,49.4,47.35
3156908,83.88,76.45,73.6,78.41
3157005,25.81,25.75,22.2,25
3157104,155,131.1,130.2,139.22
3157203,65.62,42.2,57.6,53.7
3157252,59.69,44.7,53.9,51.91
3157278,93.56,76.15,69.1,80.67
3157302,67.62,72.05,63,68.54
3157336,64.5,57,66,61.57
3157377,31.69,29.5,31.8,30.76
3157401,64.44,42.35,52.3,52.2
3157500,63.12,49.25,53.2,54.93
3157609,20.25,15.8,26.8,19.74
3157658,141.25,126.55,145.2,135.72
3157708,72.69,59.75,61.4,64.61
3157807,49.12,32.05,41.9,40.13
3157906,62.31,46.95,55.7,54.2
3158003,67.88,37.45,62,53.37
3158102,137.94,114.1,126,124.98
3158201,57.81,51,56.4,54.54
3158300,90.19,86.9,78.7,86.26
3158409,84.81,72,80,78.2
3158508,30.44,23.55,45.1,30.63
3158607,79.25,76.45,69.2,75.85
3158706,73.94,77.5,78.4,76.46
3158805,74.5,66.35,81.5,72.48
3158904,56.69,47.35,55.4,52.35
3158953,63.81,44.15,56.3,53.63
3159001,46.56,26.6,57,40.15
3159100,62.56,49.8,59.6,56.37
3159209,119.56,109.25,96.3,110.02
3159308,104.12,105.15,93.4,102.24
3159357,58.56,46.15,58.2,53.09
3159407,72.56,72.4,73.3,72.65
3159506,57.44,48.5,62.5,54.65
3159605,123.19,109.3,96.7,111.39
3159704,76.19,53.4,79.5,67
3159803,66.38,53.2,54.3,58.02
3159902,75.12,66.8,81.1,72.8
3160009,61.94,64.85,69.9,64.93
3160108,60.75,42.4,54,51.3
3160207,49.69,36.25,45.2,42.87
3160306,143.06,113.95,134.5,128.54
3160405,62.69,49,76.8,59.8
3160454,13.88,13.55,18.1,14.65
3160504,57.75,36.15,58.2,48.46
3160603,26.69,20.45,36.3,26.07
3160702,66.56,77.8,65.5,71.22
3160801,75,71.6,70.9,72.63
3160900,61.44,45.4,62.5,54.7
3160959,55.56,44.3,47.2,48.85
3161007,67.81,44.5,51.1,54.04
3161056,57.56,49.3,65,55.59
3161106,18.62,10.6,21.1,15.67
3161205,72.69,65.85,77.5,70.76
3161304,72.25,62.9,73,68.35
3161403,76.25,61.9,63.1,67.15
3161502,68.19,62.7,63.9,64.87
3161601,64.88,47.85,51,54.46
3161650,47.88,43.9,50.5,46.72
3161700,44,21.4,45.1,34.41
3161809,52.38,45.85,59.2,51.02
3161908,63.06,36.9,52.9,49.48
3162005,99.62,101.85,84,97.2
3162104,71.88,42.1,78.7,60.41
3162203,83.31,77.15,75.5,78.93
3162252,22.75,15.6,32.7,21.8
3162302,114.62,98.3,99,104.13
3162401,13,10.1,20.3,13.33
3162450,7.5,6.7,13.5,8.46
3162500,65,56.55,66.9,61.74
3162559,56.94,42.35,56.3,50.46
3162575,68.62,59,65.1,63.67
3162609,57.19,39.25,51.1,48.07
3162658,23.12,14.35,28.6,20.5
3162708,23.44,20.95,22.4,22.13
3162807,49.25,42.75,51.1,46.83
3162906,67.69,64.7,57.6,64.2
3162922,53,37.3,58.3,47.33
3162948,88,80.65,75.8,82.15
3162955,44.81,27.9,42.4,36.93
3163003,57.88,48.3,49.6,51.91
3163102,44.5,32.4,53,41.09
3163201,131.75,123.1,105.6,122.3
3163300,69.62,58.3,78.5,66.63
3163409,65.81,42.6,49,52.07
3163508,50.75,48.3,47.3,48.93
3163607,57.06,46.75,57.4,52.65
3163706,104.44,98.8,86.6,98.11
3163805,66.88,49.9,68.5,59.85
3163904,111.31,102.75,93.7,103.76
3164001,63.56,43.15,51.3,52.02
3164100,55.31,50.95,49.8,52.22
3164209,18.94,16.7,26.1,19.52
3164308,78.31,75.25,72.5,75.72
3164407,113.69,103.85,94.7,105.28
3164431,79.19,73.75,72.4,75.35
3164472,56.31,42.15,46.3,47.98
3164506,45.12,44.1,47.2,45.13
3164605,59.88,56.55,62.6,59.02
3164704,105.94,106.5,98.5,104.57
3164803,57.56,36.45,59.5,48.8
3164902,115.62,101.5,93.3,104.63
3165008,69.56,58.7,74.2,65.85
3165107,101.38,97.85,89.7,97.3
3165206,92.19,92.2,80.1,89.57
3165305,79.19,75.1,73.5,76.17
3165404,146.56,134.2,113.5,134
3165503,61.88,52.85,50.9,55.57
3165537,57.44,39.75,57.2,49.7
3165552,57.31,52.65,54.3,54.63
3165560,68.75,39.7,48.5,51.72
3165578,151,137.4,112.6,136.74
3165602,66.62,67.25,70.1,67.65
3165701,64.19,53.75,57.4,58.17
3165800,117.31,109.35,91,108.13
3165909,36,30.25,30.2,32.24
3166006,68.88,52.5,60.5,59.93
3166105,52.88,33,50.9,43.8
3166204,71.31,62.55,64,65.91
3166303,67.94,44.95,63,56.87
3166402,94.81,90.35,79.6,89.57
3166501,49.38,35.2,44.3,42.11
3166600,68,44.55,71.8,58.63
3166709,124.69,100.65,130.3,115.46
3166808,67.88,43,62.3,55.85
3166907,112.19,93.6,96.4,100.67
3166956,14.12,13.35,13.6,13.67
3167004,90.88,81.75,75.9,83.65
3167103,47.38,31.05,45.9,39.96
3167202,39.56,27.7,47.9,36.22
3167301,69,62.4,54.9,63.07
3167400,112.5,101.95,95.3,104.17
3167509,79.44,69.35,65.4,72
3167608,50.69,43.95,53.5,48.37
3167707,58.19,41.1,48.3,48.61
3167806,102.62,100.55,89.5,98.87
3167905,74.25,73,61.4,70.91
3168002,23.62,22.2,20,22.22
3168051,56.5,48.1,52.2,51.91
3168101,83,73.35,71.8,76.37
3168200,73.38,69.55,79.9,73.13
3168309,51.31,28.25,45.4,40
3168408,53.5,41.9,47.4,47.13
3168507,63.94,48.85,66,57.83
3168606,90,82.15,90.2,86.63
3168705,71.44,43.05,55.5,55.63
3168804,66.19,58.45,64.9,62.54
3168903,52.75,30.95,57.9,44.39
3169000,71.38,65.9,57,65.87
3169059,126.5,114.6,92.6,113.96
3169109,170.12,167.7,129.9,160.33
3169208,81.62,68.9,72.4,74.09
3169307,82.5,82.2,70.6,79.78
3169356,37.12,18,39.5,29.33
3169406,83.62,78.7,75.5,79.72
3169505,46.81,34.65,45.2,41.17
3169604,59.19,43.45,49.4,50.22
3169703,23.75,18.75,23.9,21.61
3169802,114.38,95.3,99.5,102.85
3169901,73,67.9,61.5,68.28
3170008,17.25,13.7,22.2,16.78
3170057,54.94,44.3,47,48.59
3170107,76.62,65.6,70,70.39
3170206,60.19,56.7,67.6,60.28
3170305,142.75,120.65,141.1,132.78
3170404,36.31,20.35,47.4,31.78
3170438,79.62,62.45,73.3,70.78
3170479,26.69,13.05,44.5,24.63
3170503,62.25,43.05,52.3,51.74
3170529,19.75,15.7,28.2,19.83
3170578,60.5,43.9,62.2,53.65
3170602,75.25,71.45,68.2,72.07
3170651,20.62,19.2,20.6,20
3170701,86.81,89.1,73.9,85
3170750,45.81,27.7,53.8,39.67
3170800,19.25,11.05,32.1,18.48
3170909,11.38,7.1,20.5,11.5
3171006,40.69,24.1,42.8,33.93
3171030,8.56,5.55,12.1,8.02
3171071,27.12,24,22.8,24.83
3171105,79.06,64.1,68.4,70.24
3171154,54.88,40.4,54.8,48.57
3171204,48.69,32.95,44.6,40.96
3171303,64.12,48.9,65.5,57.8
3171402,86.31,72.15,78.8,78.52
3171501,59.06,43.1,47.8,49.67
3171600,21.25,17.4,19,19.09
3171709,118.69,109.5,103.3,111.35
3171808,60.56,49.75,49.9,53.54
3171907,56.19,45.35,47.1,49.5
3172004,68.94,65.15,64.2,66.26
3172103,64.56,64.45,79.8,67.83
3172202,149.31,128.25,116.9,133.11
3200102,83.19,64.6,78.6,74.11
3200136,86.12,75.35,87.1,81.65
3200169,96.25,75.85,89,85.8
3200201,96.31,88.35,98.3,93.28
3200300,234.31,208.1,219.1,219.61
3200359,80.38,70.05,77.5,75.26
3200409,220.5,199.25,197,206.15
3200508,105.25,92.55,116.8,102.24
3200607,162.06,154.55,164,159.22
3200706,135.06,118.15,131.2,126.87
3200805,58.31,59.75,62.6,59.87
3200904,97.5,78.9,97.3,89.37
3201001,120.31,87.7,87.8,99.07
3201100,97.62,92.05,110.1,97.91
3201159,97.12,73.95,84.5,84.3
3201209,142.94,115.55,140.8,130.57
3201308,179.94,184.4,172.7,180.3
3201407,112.56,99.15,115.9,107.46
3201506,83.25,78.15,75.6,79.37
3201605,181.25,146.75,151.8,159.85
3201704,102.88,88.45,98,95.54
3201803,98,81.35,89.2,88.85
3201902,152.88,126.6,142.2,139.13
3202009,94.69,72.15,76.8,81
3202108,102,78.45,105.2,92.46
3202207,192.5,180.55,177.6,184.07
3202256,102.88,82.85,79.6,89.11
3202306,92.94,82.05,87.9,87.11
3202405,198.75,199.35,193.7,197.91
3202454,80.56,63.05,73.2,71.35
3202504,168.81,161.6,153.2,162.28
3202553,90.44,76.8,83.1,82.91
3202603,236.5,202.9,210.6,216.26
3202652,89.38,71.65,79.5,79.52
3202702,70.75,59.25,65.1,64.52
3202801,176.06,152.15,171.8,164.74
3202900,82.5,79.3,78.7,80.28
3203007,89.38,71.65,79.5,79.52
3203056,137.38,140.4,128.5,136.76
3203106,115.62,106.05,113.5,111
3203130,139.62,142.5,132,139.22
3203163,69.12,54.55,60.7,60.96
3203205,146.56,149.9,150.9,148.96
3203304,68.94,60.45,64.9,64.37
3203320,180.5,152.8,175,167.26
3203346,191.31,172.2,179.1,180.35
3203353,98.19,89.8,88,92.33
3203403,122.75,108.5,120.2,116
3203502,114,98.95,111.2,106.85
3203601,97.12,77.55,95.8,88.33
3203700,90.44,79.2,86.9,84.78
3203809,118.38,110.95,119,115.28
3203908,101.06,78.6,93.8,89.72
3204005,89.06,77.45,81.5,82.37
3204054,127.56,113.55,130.4,122.09
3204104,124.06,96.75,99.4,106.83
3204203,202.81,174.8,195.2,188.98
3204252,104.25,81.8,95.1,92.5
3204302,147.25,125.1,149.8,138.17
3204351,106.81,94,89.8,97.54
3204401,193.44,164.2,178.2,177.41
3204500,165.38,158.65,159.2,161.11
3204559,100.81,89.1,89,93.15
3204609,133.06,127.45,121.4,128.09
3204658,100.62,83.3,84.4,89.57
3204708,90.44,78.45,92.7,85.72
3204807,90,85.6,98.3,89.89
3204906,151.31,134.7,130.9,139.65
3204955,109.06,98.85,96.6,101.91
3205002,179.25,184.35,163.7,178.09
3205010,126.94,125.9,120.3,125.04
3205036,189.94,156.3,179.4,173.02
3205069,107.12,89.8,100.9,98.24
3205101,190.88,178.15,189.6,185.07
3205150,97.12,77,92.4,87.35
3205176,104.5,93.3,103.2,99.35
3205200,189.31,198.35,183.7,192.02
3205309,296.69,269.4,309.5,287.61
3300100,277.5,273.5,202.7,259.5
3300159,86.31,82.8,68.3,80.87
3300209,265.31,226.9,223.6,239.54
3300225,92.25,98,77.9,91.63
3300233,227.69,207.25,196.1,211.93
3300258,272.88,235.75,230.6,247.54
3300308,94.06,105.6,89.9,98.17
3300407,93.62,94.3,92.5,93.67
3300456,174.56,192.35,150.9,177.15
3300506,105.19,93.65,82,95.13
3300605,96.69,86.25,102.8,93.48
3300704,243.12,214.65,216,224.85
3300803,262.31,270.9,236,260.33
3300902,82.5,79.6,63.2,77.04
3300936,151.69,155.75,131.4,149.04
3300951,81.12,68.4,68.3,72.8
3301009,101.31,92.65,93.4,95.83
3301108,70.06,70.7,74.7,71.35
3301157,92.88,83.9,79.5,86.07
3301207,60.5,66.45,76,66.46
3301306,236.69,210.65,201.1,217.63
3301405,148.25,160.9,130.8,149.96
3301504,83.5,81.4,71.2,79.91
3301603,82.62,80.65,63.6,77.63
3301702,178.19,173.45,161.8,172.57
3301801,104.5,101.1,100.3,102.11
3301850,264.06,237,245.5,248.26
3301876,272.88,235.75,230.6,247.54
3301900,235.81,235.6,224.6,233.28
3302007,213.75,174.85,167.3,186.74
3302056,87.88,74.8,79.4,80.35
3302106,89.56,92.1,70.9,86.61
3302205,84,72.25,86.8,79.5
3302254,127.62,105.5,110.8,114.35
3302270,122.12,110.55,124,117.5
3302304,88.44,80.3,77.4,82.5
3302403,173,167.8,141.9,163.98
3302452,90.62,92.05,81.5,89.26
3302502,211.44,186.95,186.1,195.28
3302601,185.31,149.4,164,165.07
3302700,248.81,223.1,225.6,232.59
3302809,99.75,101.1,95,99.3
3302858,167,178.4,154.4,169.22
3302908,153.69,145.2,144.4,147.98
3303005,91.31,80.8,76.9,83.61
3303104,92.19,79.1,89.7,85.96
3303203,184.06,183.35,160.4,178.61
3303302,229.25,226.8,219.3,226.02
3303401,240.19,241.3,222.9,236.91
3303500,149.56,130.4,149.6,141.24
3303609,116.31,117.1,108.5,114.96
3303708,85.81,77.75,72.5,79.41
3303807,217.94,213.55,189.2,209.78
3303856,115.12,110.2,106.4,111.09
3303906,106.88,104.65,99.9,104.39
3303955,99.25,107.25,95.1,101.83
3304003,113.06,104.55,102.8,107.13
3304102,82.5,70.7,72.3,75.15
3304110,99.75,97.55,88.5,96.35
3304128,105.62,105,93,102.61
3304144,162.31,156.25,160.3,159.24
3304151,138.44,133.15,115.3,131.11
3304201,123,97.7,114.4,110.13
3304300,273.31,241,238.2,251.63
3304409,142.25,109,135.8,126.39
3304508,90.19,73.65,71.4,78.91
3304524,209.56,186.55,188.6,195
3304557,194.69,197.15,187.9,194.28
3304607,121.88,132.95,107.5,123.57
3304706,81.5,83.45,62.5,78.22
3304755,111.25,103.05,101.9,105.65
3304805,87.5,78.45,72.9,80.39
3304904,230.06,221.95,226.1,225.67
3305000,105.19,104.5,100.7,103.91
3305109,174.56,192.35,150.9,177.15
3305133,84.12,74.9,63.9,75.72
3305158,80.38,83.75,72,80.02
3305208,260.88,223,223.2,236.22
3305307,92.38,99.2,80.8,92.83
3305406,82.31,79.55,69.2,78.26
3305505,257.19,235.75,230,241.96
3305554,133.81,122.95,136.8,129.74
3305604,286.62,267.7,239.5,268.15
3305703,111.62,108.45,91.7,105.91
3305752,250.88,233.05,221.6,236.76
3305802,219.88,196.15,198.3,204.87
3305901,115.62,125.2,103.3,117.11
3306008,77.56,87.35,61.3,78.28
3306107,87.19,87,75.2,84.5
3306156,89.06,77.05,78.9,81.63
3306206,81.56,83.95,75.5,81.28
3306305,99.19,106.05,93.9,101.02
3500105,171.12,123.2,134.1,142.24
3500204,123.44,93.65,110.2,107.61
3500303,119.19,108.8,106,111.8
3500402,139.25,119.35,123.6,127.2
3500501,153.75,141.75,125.3,142.35
3500550,188.19,172.65,170.3,177.54
3500600,133.81,134.6,110.7,129.13
3500709,173.5,163.6,156.4,165.48
3500758,177.62,187.6,165.5,179.33
3500808,183.19,142.5,145.2,157.24
3500907,84.5,85.5,89,85.91
3501004,111.38,104.1,101.6,106.09
3501103,147,120.5,139.1,133.76
3501152,196.69,188.8,158.8,185.02
3501202,86.62,81.3,83.9,83.72
3501301,204.12,154.25,152.6,171.24
3501400,162.19,148.85,149.6,153.65
3501509,191.25,181.55,157.6,179.72
3501608,145.44,152.25,125.4,144.04
3501707,129.12,107.65,118.7,117.52
3501806,86.5,83.15,87.8,85.33
3501905,152.5,152.7,121.2,145.78
3502002,132.25,125.25,111.2,124.63
3502101,142.19,93.8,117.6,115.8
3502200,197.38,191.45,179.6,190.93
3502309,160.25,155.55,136.2,152.98
3502408,223.75,173.55,162.4,188.59
3502507,124.12,112.05,89,111.24
3502606,118.38,95.55,99.6,104.37
3502705,272,270.2,274.2,271.7
3502754,206.5,184.15,166.6,188.11
3502804,130.62,107.1,116.8,117.39
3502903,169.88,178.8,149.5,169.33
3503000,86.56,75.15,77.5,79.63
3503109,205.06,198.25,190.2,198.87
3503158,129.75,106.7,94.7,112.11
3503208,126.69,104.65,106.1,112.63
3503307,148.38,123.3,122,131.74
3503356,168.12,134.4,147.2,148.91
3503406,144.88,125.15,121.9,131.3
3503505,129.88,109.2,99.2,114.22
3503604,163.56,158.95,146.3,157.8
3503703,106.56,100.55,106,103.83
3503802,140.81,138.15,121.5,135.46
3503901,153.75,169.8,149,159.7
3503950,103.81,90.65,96.5,96.5
3504008,213.31,187.8,170.6,192.93
3504107,160,180.35,136.1,163.65
3504206,115.69,94.1,101.7,103.26
3504305,161.5,150.4,138.6,151.7
3504404,129.5,104.25,115.3,115.43
3504503,203.19,195.55,172,193.09
3504602,104.69,98.75,106.9,102.59
3504701,139.69,116.1,133.1,128
3504800,95.56,96.85,95.7,96.15
3504909,145.25,131.65,121.8,134.24
3505005,268.56,224.9,220.5,239.13
3505104,121.69,96.9,105.9,107.48
3505203,141.12,120.6,128.2,129.39
3505302,154.06,141.5,125.9,142.48
3505351,272.62,260,256.4,263.61
3505401,270.62,265.2,293.2,273.17
3505500,80,83.85,86.3,83.04
3505609,101.69,97.7,97.1,98.96
3505708,179.88,182.3,162.5,177.15
3505807,179.44,143.85,155,158.65
3505906,107,96.05,92.3,99.04
3506003,168.06,156.1,137.3,156.17
3506102,88.31,93.95,96.4,92.52
3506201,149.75,109.7,132.8,128.65
3506300,216.12,206.2,193.7,206.93
3506359,426.88,353.1,358.4,379.91
3506409,134.69,106.05,125.6,120.26
3506508,127.38,103.5,125,116.48
3506607,322.25,298.1,256.1,297.37
3506706,121.38,102.65,115.4,111.93
3506805,151,124.35,127.9,134.39
3506904,181.31,184.25,156,177.09
3507001,167.75,173.1,149.6,166.13
3507100,165.19,177.2,139.4,164.8
3507159,283.69,255.55,259.9,266.28
3507209,190.5,157.9,158.9,169.46
3507308,155,130.6,137,140.48
3507407,124.81,100.6,110.4,111.15
3507456,172.12,165.4,155.2,165.52
3507506,179.38,172.75,160,172.28
3507605,149.81,169.7,118.6,151.67
3507704,138.31,111.3,129.5,124.65
3507753,131.31,102.2,124.4,117.15
3507803,126,105.6,106.2,112.83
3507902,149,126.4,114.8,131.74
3508009,204.44,208.4,190.7,203.17
3508108,129.62,105.6,109.7,114.85
3508207,92.75,78.1,91.4,86.09
3508306,165.06,161.35,148.3,159.8
3508405,194.19,187.1,150.6,181.63
3508504,133.81,131.3,109.8,127.5
3508603,117.44,114,90.8,110.15
3508702,121.06,112.1,110.3,114.83
3508801,132.12,104.35,128.9,119.35
3508900,177.88,145.9,147.3,157.33
3509007,173.62,186.7,151.8,174.57
3509106,201.88,141.8,151.1,164.72
3509205,199.56,192.9,155.5,187.09
3509254,246.25,271.15,304,269.63
3509304,87.62,92.55,95.8,91.54
3509403,115.25,99,101.2,105.13
3509452,202.5,194.3,185.1,195.15
3509502,157.06,158.75,124.7,150.76
3509601,176.69,188.45,146.8,175.3
3509700,168.56,137.7,123.1,145.26
3509809,198.81,180.65,165.3,183.63
3509908,350.12,371.7,398.3,369.98
3509957,112.56,111.1,85.3,106
3510005,230.19,205.95,174.4,207.52
3510104,112.69,99.75,104.4,105.26
3510153,216.94,205.7,188.7,205.91
3510203,219.56,226.2,213.9,221.22
3510302,166.69,179.65,145.1,167.63
3510401,155.56,165.5,126.1,153.48
3510500,244.56,228.35,308.6,251.43
3510609,179.88,182.3,162.5,177.15
3510708,83.44,77.7,81,80.41
3510807,111.69,108.7,110.4,110.11
3510906,116.75,104.6,102.7,108.41
3511003,143.88,92.2,116.1,115.37
3511102,114.88,96.3,111.8,106.13
3511201,110.62,101.3,111.2,106.7
3511300,110.06,108.2,115.1,110.35
3511409,202.31,196.1,180.2,194.8
3511508,152.25,156.8,139.9,151.54
3511607,169.56,183.5,157.4,172.98
3511706,137.88,138.15,117.3,133.52
3511904,142.88,109.15,125.2,124.37
3512001,84.62,86,87.1,85.76
3512100,77.56,70.55,88.8,76.96
3512209,142.31,120.5,113.7,126.61
3512308,168.62,166.2,139.2,161.17
3512407,150.19,130.65,122.7,135.72
3512506,130.5,101.55,123.9,116.48
3512605,255.75,221.2,214.6,231.78
3512704,146.12,121.1,107.8,126.91
3512803,142.38,142.35,127.1,139.04
3512902,92,91.5,89.7,91.28
3513009,192.81,185.25,166.3,183.76
3513108,107.75,101.8,98.3,103.11
3513207,94.88,86,100.9,92.33
3513306,226.5,198.25,180.2,204.15
3513405,115.44,105.45,100,107.74
3513504,362.56,313.45,355.4,339.65
3513603,152.19,137.85,109.6,136.7
3513702,132.88,108.75,117.8,119.11
3513801,172.88,178.25,156.1,171.57
3513850,112.56,97.35,104.5,104.2
3513900,126.19,113.95,116.7,118.8
3514007,117.94,99.95,97.8,105.74
3514106,158.44,148.3,123.9,146.52
3514205,102.25,83.1,95.6,92.48
3514304,140.62,125,115.5,128.37
3514403,176.88,122.8,128.6,142.87
3514502,176.12,162.1,148.1,163.93
3514601,102,100.15,98.3,100.39
3514700,193.38,165.55,157.1,173.39
3514809,267.44,272.4,287,273.85
3514908,165.06,171.15,131.1,160.33
3514924,121.19,107.1,114.4,113.59
3514957,93.12,94.2,98.9,94.85
3515004,186.81,179.25,162.9,178.33
3515103,215.12,187,197.1,198.98
3515129,178.5,130.1,141.6,149.43
3515152,140.69,123.65,115,127.7
3515186,136.94,123.25,112,125.57
3515194,171.62,169.6,150.2,166.09
3515202,103.56,81.95,94.8,92.26
3515301,238.69,187,174.2,202.2
3515350,261.94,190.25,194.5,216.11
3515400,236.56,218.2,207.2,222.2
3515509,100.56,84.4,92.8,91.85
3515608,112.69,99.75,104.4,105.26
3515657,182.94,172.95,150.1,171.46
3515707,168.19,175.7,158,169.24
3515806,183.06,120.3,138,145.98
3515905,106.62,93.85,98.7,99.35
3516002,173.94,120.5,133.3,141.87
3516101,230.81,208.8,185.4,211.37
3516200,95.12,85.25,90.3,89.78
3516309,176.69,188.45,146.8,175.3
3516408,173.62,186.7,151.8,174.57
3516507,144.81,110.35,130.9,126.8
3516606,182.94,172.95,150.1,171.46
3516705,179.38,164.5,147.7,166.02
3516804,123,103.15,105.7,110.61
3516853,123.5,102.15,107.9,110.83
3516903,113.31,93.55,96.1,100.98
3517000,150.12,123.6,147.1,137.93
3517109,125.69,96.2,119.4,111.5
3517208,122.44,102.2,121.2,113.37
3517307,141.38,111.25,138.9,127.74
3517406,86.25,71.35,79.6,78.33
3517505,95.62,92.65,100,95.28
3517604,262.62,250.5,261.9,257.2
3517703,89.56,79.3,87.7,84.7
3517802,144.38,100.15,122.1,120.3
3517901,80.44,81.05,86.4,82
3518008,93.5,74.75,88.8,84.33
3518107,149.81,128.15,137.8,137.78
3518206,136.06,106.9,126.7,121.35
3518305,157.19,153.85,133.2,150.52
3518404,121.5,108.3,85.2,107.87
3518503,190.75,187.05,168.3,184.26
3518602,103.38,97.4,91.6,98.22
3518701,456.5,409.75,439.2,432.41
3518800,167.94,173.5,139.1,164.09
3518859,100.06,99.25,97.7,99.2
3518909,121,100.6,104.2,108.48
3519006,168.88,141.4,156,154.13
3519055,143.81,142.8,126.2,139.54
3519071,151.12,157.75,125.3,148.39
3519105,129.88,114.3,111.9,119.2
3519204,173.19,133.35,147.1,150.2
3519253,190.75,180.5,170.9,181.98
3519303,126.81,114,128.6,121.63
3519402,114.62,107.5,115.9,111.8
3519501,210.69,192.9,173,194.76
3519600,128.44,109.25,114.7,117.11
3519709,226.56,212.2,187.9,211.91
3519808,79.69,81.65,86.3,81.98
3519907,224.44,187.95,165.6,195.78
3520004,157.56,150.55,144.4,151.65
3520103,86,71.75,81.2,78.76
3520202,165.38,154.9,138.9,155.07
3520301,383.25,375.8,405,384.74
3520400,252.19,230.3,321.7,257.78
3520426,349.06,344.9,383.5,354.74
3520442,120.69,86.6,100.5,101.48
3520509,164.12,171.9,135.3,161.24
3520608,193.56,150.2,150.8,165.41
3520707,88.31,71.75,83.4,80.04
3520806,180.06,133.15,140.7,151.11
3520905,219,212.25,193.3,210.48
3521002,166.5,178.3,141.8,166.26
3521101,143,139.35,119,136.2
3521150,89.69,95.7,94.4,93.33
3521200,270.38,282.45,281.3,278
3521309,90.25,77,91.3,84.72
3521408,140.5,139.35,119.3,135.39
3521507,125.31,104.9,116.8,114.59
3521606,171.31,117.05,130,138.74
3521705,241.62,209.95,212,221.41
3521804,210.06,198.1,190.6,200.63
3521903,123.88,101.9,115.5,112.5
3522000,134.44,108.8,121.5,120.48
3522109,327.75,303.8,332.2,318.3
3522158,263.12,259.6,262.1,261.37
3522208,204.44,184.6,186,191.8
3522307,189.5,186.5,173.6,184.74
3522406,246.56,230.6,225,234.93
3522505,194.94,181.85,164.1,182.54
3522604,152.56,136.7,125,139.67
3522653,286.31,265.8,253.6,270.28
3522703,120.25,103.5,112,111.17
3522802,266.88,221.35,221.4,237.2
3522901,161.12,139.25,135.3,146
3523008,128.06,86.05,105.5,104.89
3523107,160.88,165.7,145.3,159.59
3523206,282.5,248,234.5,257.07
3523305,273.94,260.3,318.2,277.63
3523404,161.75,184.55,145.6,168.15
3523503,203,193.5,180.2,193.91
3523602,148.12,127.45,104.2,129.59
3523701,96.62,95.5,84.3,93.46
3523800,109.81,103.8,106.1,106.39
3523909,173,173.3,147.1,167.5
3524006,171.38,182.05,141.5,169.52
3524105,94.44,76.25,83.9,84.24
3524204,84,81.85,85,83.28
3524303,101.31,94.35,92.1,96.28
3524402,141.25,135.45,118.3,133.74
3524501,108.56,94.85,107.2,102.3
3524600,247.94,281.8,315.7,277.39
3524709,143.81,142.8,126.2,139.54
3524808,104.12,85.45,98.2,94.72
3524907,135.81,138.4,122.1,133.96
3525003,179.88,182.3,162.5,177.15
3525102,111.06,97.3,98.8,102.41
3525201,164,180.35,137.4,165.33
3525300,157.88,128.6,128.7,138.8
3525409,95.06,83.6,93.3,89.7
3525508,168.62,168.55,131.5,160.52
3525607,195.75,160.25,165.9,173.83
3525706,116.94,95.25,104.8,104.87
3525805,154.12,129.85,148.4,142.33
3525854,157.62,152.35,133.9,150.17
3525904,173.75,184.9,140.2,171.3
3526001,173,119.2,129.3,140.11
3526100,286.88,271.2,288.9,280.5
3526209,227,206.1,214.3,215.15
3526308,135.12,114.35,100.7,118.61
3526407,155.19,154.85,136.4,150.96
3526506,140.88,102.85,124.8,120.85
3526605,112.31,104.5,95.7,105.3
3526704,131.31,116.85,108.3,120.02
3526803,171.62,170.7,153.3,167.24
3526902,140.06,137.65,119.5,134.54
3527009,157.62,155,127.1,149.85
3527108,130.19,103.7,128.4,118.28
3527207,112.56,111.1,85.3,106
3527256,125.12,107.35,105.4,113.11
3527306,157.81,188.95,147.2,169.04
3527405,175.56,124,139.6,145.33
3527504,178.69,172.7,149.5,169.74
3527603,110.56,106.4,98.4,106.11
3527702,153,125.05,140.3,138.09
3527801,190.25,179.5,154,177.7
3527900,195.69,158.85,155.1,170.85
3528007,155.38,140.9,140.7,145.89
3528106,116.12,101.6,98.5,105.98
3528205,95.38,79.2,86.8,86.48
3528304,106.25,90.2,97.5,97.37
3528403,196.69,188.8,158.8,185.02
3528502,174.06,179.05,156.2,172.35
3528601,207.31,202.85,188.3,201.24
3528700,236.69,160.3,153.8,185.46
3528809,218.94,187.3,174.5,195.52
3528858,120.56,102.4,114.2,111.28
3528908,181.88,119.5,136.9,144.98
3529005,179.06,155.85,149.4,162.52
3529104,114.88,96.15,98.1,103.09
3529203,191.56,152,154,166.2
3529302,128.38,102.05,101.2,111.02
3529401,178.56,179.7,172.7,177.78
3529500,119.25,95.15,115,107.85
3529609,94.81,86.8,90.6,90.41
3529658,93.62,76.65,85.8,84.54
3529708,85.38,67.75,81.7,76.91
3529807,156.62,144.65,129.2,145.46
3529906,230.94,211.1,223.1,220.61
3530003,85.19,74.45,84.9,80.46
3530102,140.44,96.35,121.4,117.13
3530201,246.19,179.55,173.2,201.35
3530300,98.81,96.55,97.7,97.59
3530409,87.31,91.5,94,90.59
3530508,114.44,95.9,95.7,102.3
3530607,185.12,179.45,161.3,177.48
3530706,131.38,112.7,108.3,118.24
3530805,148.38,124.25,117.1,131.09
3530904,159.44,153.65,128.8,150.26
3531001,119.88,105.05,99.5,109
3531100,413.94,383.6,405.8,398.98
3531209,158.19,155.3,124.4,149.59
3531308,106.94,100.45,99.7,102.54
3531407,102.62,96.3,96.7,98.59
3531506,90.25,95.2,96.1,93.67
3531605,166.19,116.4,124.3,135.43
3531704,154.94,144.5,126.9,144.3
3531803,158.5,166.1,127.6,155.09
3531902,91.12,80.25,95.1,87.26
3532009,141.12,161.8,117.5,144.98
3532058,118.56,103.7,108.5,109.91
3532108,143.69,97.15,119.8,118.26
3532157,236.56,192.35,163.5,201.46
3532207,240.38,193.1,178,206.26
3532306,213.38,202.85,202.4,206.41
3532405,167.62,167.8,137.3,161.11
3532504,101.69,98.7,99.7,99.96
3532603,108.12,97.6,97.3,101.2
3532702,105.81,97.4,100,100.89
3532801,116.25,97.05,110.6,106.67
3532827,264.31,251.2,248.2,255.11
3532843,105.25,91.8,97.6,97.74
3532868,118.19,102.4,103.3,108.09
3532900,129.56,99.75,104.9,111.24
3533007,82.94,88.85,92,87.48
3533106,171.62,120.15,123.7,138.83
3533205,154.75,105.05,123.4,126.33
3533254,95.12,92.35,100.6,95.11
3533304,123,103.15,105.7,110.61
3533403,145.44,152.25,125.4,144.04
3533502,121.38,102.1,114.5,111.5
3533601,99.62,90.2,91.8,93.83
3533700,188.94,175.75,154.8,175.78
3533809,201.94,192.15,181.5,193.24
3533908,85.62,88.5,89.9,87.8
3534005,93,90.6,99.9,93.46
3534104,183.5,156.4,151.3,164.72
3534203,76.88,77.4,88.6,79.65
3534302,95.69,82.65,96.9,90.28
3534401,170.69,185.2,157.2,174.07
3534500,192.62,151.4,155.9,166.72
3534609,179.44,134.3,140.6,151.37
3534708,217.38,208.25,188.9,207.22
3534757,91.81,73.65,84.1,82.24
3534807,174.81,123.8,124.8,141.76
3534906,174.44,115.45,132.7,139.72
3535002,79.31,83,89.5,83.13
3535101,112.81,98.7,114.2,106.98
3535200,110.25,98.35,101.9,103.26
3535309,214.69,200.2,181.9,201.26
3535408,175.38,124.1,126.9,142.54
3535507,202.94,175.25,167.9,183.28
3535606,148.81,157.3,150.9,152.96
3535705,94.31,94.05,101.7,95.8
3535804,214.06,197.95,182.3,200.15
3535903,99.38,80.6,88.8,88.91
3536000,181.38,137.85,145.4,154.63
3536109,183.19,179.65,158.1,176.2
3536208,275.69,279.45,323.6,287.74
3536257,91.75,82.65,87,86.76
3536307,102.81,95.5,86.5,96.09
3536406,161,112.15,125.6,132.07
3536505,146.5,156.2,127.3,146.54
3536570,165.56,164.95,152.5,162.46
3536604,72.69,67.2,78.6,71.59
3536703,172.94,145.95,134.7,152.89
3536802,172.69,162.7,147.7,162.91
3536901,93.5,83.45,87.4,87.8
3537008,95,86.8,89.8,90.3
3537107,145.56,144.1,115,138.28
3537156,227.25,199,186.5,206.11
3537206,264.31,238.6,292.4,259.24
3537305,132.38,107,119.2,118.48
3537404,134,84.6,111.4,107.61
3537503,155.44,167.55,144.5,158.33
3537602,290.62,273.3,325,290.57
3537701,153.44,115.5,130.7,132
3537800,212.38,203,188.8,203.17
3537909,214.75,200.5,196.7,204.63
3538006,138.19,125.5,107.3,125.96
3538105,118.44,98.65,112.3,108.5
3538204,174.38,160.55,143,161.54
3538303,196.5,139.05,143.3,159.96
3538501,120.94,115.75,100.7,114.28
3538600,168.12,163.75,134.9,159
3538709,140.62,146.6,116.4,137.96
3538808,216.31,204.95,197.1,207.2
3538907,153.5,127.95,140.1,139.48
3539004,94.75,97.5,99.3,96.93
3539103,193.94,183.6,151.3,180.17
3539202,238.69,187,174.2,202.2
3539301,124.56,107.45,106.8,113.26
3539400,167.88,161.75,146.3,160.52
3539509,99.06,93.45,98.9,96.59
3539608,123.38,106.15,104.4,111.76
3539707,208.62,186.45,169.8,190.54
3539806,168.19,175.7,158,169.24
3539905,105.75,95.55,95,98.98
3540002,172.62,150.65,151.2,158.41
3540101,126.5,107.15,120.3,116.74
3540200,97.31,90.2,94.5,93.61
3540259,108.94,92.85,100.2,100.04
3540309,82.69,79.7,81,81.02
3540408,91.94,74.5,84.9,82.83
3540507,175.81,184,151.4,174.07
3540606,166.5,171.75,148.7,164.91
3540705,117,105.2,104.6,109.17
3540754,135.25,119.6,99.3,120.63
3540804,114.5,108.8,114.8,112.09
3540853,173.38,133.4,141.7,149.11
3540903,99.62,98.05,96.4,98.24
3541000,446.12,402.75,411.1,419.65
3541059,185.31,175.75,155.6,174.7
3541109,166.88,153.7,148.1,157.07
3541208,207.69,154.95,154.5,173.2
3541307,210.19,148.2,156.8,171.63
3541406,183.19,142.5,145.2,157.24
3541505,192.94,136.15,144.5,157.72
3541604,127.12,103,122.7,115.67
3541653,177.94,192.85,163.4,181.26
3541703,191.06,158.8,160.7,170.43
3541802,160.44,134.35,148,146.39
3541901,114.94,103.1,91.7,104.74
3542008,182.19,147.05,160.9,162.28
3542107,156.81,162.55,134.6,154.48
3542206,204.44,170.2,168.4,181.72
3542305,139.19,136,132.1,136.26
3542404,209.5,166.6,156.4,179.3
3542503,127.94,111.3,110.8,116.98
3542602,268.56,273.3,297.8,276.98
3542701,95.12,86.6,90.5,90.41
3542800,257.75,249.15,237.7,249.65
3542909,128.06,120.85,120.9,123.37
3543006,255.38,252.8,248.2,252.7
3543105,89,83.25,91.5,87.04
3543204,198.06,184.35,163.9,184.67
3543238,184.62,132.05,136.6,151.33
3543253,237.31,236.85,218,232.91
3543303,245.81,227.35,241,236.74
3543402,106.31,101.55,95.4,101.87
3543501,275.5,221.95,225.2,241.28
3543600,84.31,75.9,79.3,79.57
3543709,114.44,101.35,105.8,106.87
3543808,167.12,127.7,137.8,143.61
3543907,151.62,128.35,119.4,134.5
3544004,154.31,155.9,125,148.63
3544103,347.38,342.2,358.9,347.63
3544202,76.56,70.15,75.5,73.54
3544251,248.38,186.35,199.5,210.78
3544301,125.31,115.95,95.4,114.74
3544400,145.81,107.85,134.2,126.78
3544509,109.62,91.8,102.5,100.33
3544608,121.31,97.5,112.6,109.07
3544707,179.94,134.55,141.9,151.93
3544806,121.69,91.55,113.8,106.87
3544905,105.88,93.85,94.4,98.15
3545001,201.06,188.75,184.6,192.13
3545100,165.56,121.95,137.6,140.52
3545159,146.88,146.4,125.1,141.93
3545209,159.94,161,130.8,154.07
3545308,189,187.8,167.3,183.76
3545407,206.38,191.9,170.2,192.22
3545506,243.31,185.65,174.6,203.3
3545605,116.56,105.5,114.1,111.22
3545704,104.81,85.75,97.8,95
3545803,153.38,163.95,129.2,152.72
3546009,146.25,148.05,126.3,142.7
3546108,99.81,86.3,95.7,93.04
3546207,134.62,119.45,111.5,123
3546256,116.62,102.05,105.7,107.91
3546306,121.5,107.5,110.8,113.09
3546405,205.06,195.15,174.5,194.11
3546504,114.56,98.35,94.3,103.11
3546603,106.94,92.65,97.6,98.7
3546702,154.38,131.95,121.3,137.43
3546801,158.44,167.15,147.4,159.83
3546900,126.19,105.6,114.3,114.65
3547007,150.94,145.8,125.6,143.2
3547106,171.62,121.05,123.7,139.22
3547205,106.56,95.45,100.4,100.39
3547304,201.5,174.95,156.1,180.09
3547403,103.81,88.35,96.4,95.48
3547502,112.12,105.45,102.1,107.04
3547601,113.44,102.9,96.2,105.11
3547650,106.56,95.45,100.4,100.39
3547700,210,154.35,154.7,173.78
3547809,245.81,227.35,241,236.74
3547908,113.19,106.1,101.6,107.59
3548005,151.88,147.9,124.5,144.2
3548054,120.62,100.7,103.6,108.26
3548104,145.44,130.85,126.2,134.91
3548203,163.62,141.7,124.1,145.5
3548302,181,128.65,140.4,149.41
3548401,162.88,125.25,141.7,141.91
3548500,437.88,411.45,442.1,427.3
3548609,156.94,128.85,114.9,135.59
3548708,338.12,286.35,314.9,310.57
3548807,174.19,179.35,156.6,172.61
3548906,131.25,116.05,125.1,123.3
3549003,106.38,94.7,102.8,100.52
3549102,121.19,109.95,110.1,113.89
3549201,105.62,87.35,96.5,95.7
3549250,101.38,87.85,94.6,94.02
3549300,168.31,116.25,124.7,136.2
3549409,93.81,79.25,94.3,87.59
3549508,90.19,84.05,91.2,87.74
3549607,160.12,145.2,111.8,143.13
3549706,121.06,107.7,106.6,112.11
3549805,94.06,93.45,98.5,94.76
3549904,163.12,155.55,130.8,152.8
3549953,217,200,211.3,208.37
3550001,168.5,157.15,136.8,156.67
3550100,159.25,155.45,146.6,154.85
3550209,224.06,211.3,222.1,218.09
3550308,172.88,178.25,156.1,171.57
3550407,140.06,137.3,117.4,133.93
3550506,190.38,188.55,160.1,183
3550605,198.56,199.25,174.5,193.63
3550704,276,236.5,340.8,272.91
3550803,131.75,117.35,119.6,122.85
3550902,111.69,104.5,98.3,105.65
3551009,411.88,351.65,377.9,378.3
3551108,179.31,180.65,161,175.91
3551207,226.88,213.9,205.3,216.54
3551306,107.38,98.3,97.3,101.24
3551405,112.12,98.65,100.2,103.67
3551504,120.62,104.85,104.2,110.2
3551603,157.62,155,127.1,149.85
3551702,100.75,96.35,99.4,98.54
3551801,305.38,290.7,293.3,296.37
3551900,84.94,88.55,89.1,87.41
3552007,124,117.8,96.2,115.26
3552106,170.88,160.25,143,160.2
3552205,172.94,171.7,139.6,165.15
3552304,122.94,97.4,102.4,107.37
3552403,151.12,157.75,125.3,148.39
3552502,193.62,205.8,178.1,195.54
3552551,117.38,92.65,98.5,102.52
3552601,104.81,103.65,109.7,105.37
3552700,135.5,102.75,110.4,115.8
3552809,180.38,186.7,157.4,178.13
3552908,241.06,190.7,171.6,204.07
3553005,233.62,211.55,204.6,217.72
3553104,101.5,101.4,101,101.35
3553203,97.56,99.4,100.5,99
3553302,112.25,103.65,103.2,106.54
3553401,93.56,95.45,94.6,94.61
3553500,297.62,292.15,273.6,290.02
3553609,120.38,107.5,107.3,111.93
3553658,97.06,94.3,99.4,96.37
3553708,110.88,96.45,98,101.8
3553807,232.69,202.9,191.7,210.83
3553856,223.88,220.25,210.5,219.39
3553906,232.75,173.25,163.1,191.74
3553955,222.38,195.5,180.6,201.61
3554003,166.31,176.75,150.2,167.35
3554102,121.38,118.75,103.3,116.3
3554201,225.12,214,203.3,215.54
3554300,256.75,187.8,181.4,210.39
3554409,86.19,83.6,87.7,85.39
3554508,157.62,152.35,133.9,150.17
3554607,223.19,210.65,197.4,212.13
3554656,182.5,189.8,155,179.7
3554706,151,143.8,125.9,142.41
3554755,131.31,118.35,116.7,122.5
3554805,139.25,125.25,108.7,126.52
3554904,107.94,95.4,103,101.41
3554953,159.5,165.65,126.9,155.09
3555000,177.38,148.4,156.1,160.15
3555109,170.62,120.55,126.7,139.3
3555208,127.88,106.55,107.7,114.22
3555307,95.12,74.1,86.9,84.2
3555356,122.44,93.65,109.4,107.09
3555406,256.25,223,223.5,234.67
3555505,188.38,183.05,164.4,180.85
3555604,106.25,104.65,108.4,106.02
3555703,113.06,98.55,100.5,104.02
3555802,107.19,93.8,100,99.8
3555901,128.19,107,119.3,117.04
3556008,118.62,101.8,114,110.3
3556107,99.56,90.3,95.1,94.57
3556206,159.25,173.85,136.1,160.57
3556305,145.56,106.85,126.5,124.59
3556354,169.5,167.4,136.8,161.48
3556404,128.38,110.35,114.1,117.43
3556453,200.94,202.45,178.2,196.65
3556503,191.44,189.85,151.7,182.11
3556602,187.06,168.2,155.2,171.93
3556701,157.81,188.95,147.2,169.04
3556800,90.38,89.2,93.7,90.59
3556909,103,102.75,107.4,103.85
3556958,105.81,81.9,97.9,93.7
3557006,181.06,173.25,140.9,168.93
3557105,97.88,92.2,92.2,94.17
3557154,126.56,103.35,113.4,113.61
3557204,216.94,205.7,188.7,205.91
3557303,135.88,115.7,109,121.26
4100103,271.38,237.05,215.1,244.22
4100202,253.56,254.4,255.4,254.33
4100301,317.81,325.35,301.3,317.5
4100400,296.25,306.85,297.8,301.2
4100459,525.31,369.9,354.5,420.61
4100509,389.56,258.5,289.7,310.87
4100608,319.06,224.3,219.2,256.15
4100707,435.19,303.85,307.7,350.37
4100806,256.44,210.05,186.5,221.07
4100905,320.5,224.85,213.4,255.63
4101002,574.75,451.1,397.2,482.39
4101051,493.06,336.8,350.2,394.07
4101101,228.38,209.85,193.9,212.83
4101150,310.81,235.45,218,257.87
4101200,359.5,365.6,359.8,362.22
4101309,365.88,342.55,321.5,346.09
4101408,361.5,263.45,253.8,295.46
4101507,350.06,253.05,247.4,285.57
4101606,301.38,252,235.8,265.65
4101655,443.69,331.95,322.5,368.76
4101705,400.81,282.1,275.4,321.93
4101804,283.19,297.1,289.6,290.63
4101853,449.88,329,299.6,364.65
4101903,316.06,255.6,224.1,269.78
4102000,466.56,313.3,330.5,370.35
4102109,282.25,215,219.6,239.39
4102208,317.38,240.65,217.9,262.39
4102307,292.75,307.55,292.8,299.2
4102406,241,214.25,199.2,220.28
4102505,398.56,277.15,254.6,314.48
4102604,578.06,493.1,408.8,504.33
4102703,234.88,218.6,192.5,218.59
4102752,567.75,450.25,385.9,477.13
4102802,276.25,220.45,205,236.5
4102901,506.88,477.3,412.5,473.5
4103008,459.81,318.95,338.6,372.22
4103024,527.56,419,369,445.89
4103040,474.44,356.25,355.9,397.28
4103057,516.62,386.95,348.9,423.78
4103107,287.94,302.45,298.8,296.61
4103156,574.44,489,416.3,502.91
4103206,371.19,276.7,247.6,303.24
4103222,535.25,428.95,391.4,457.76
4103305,401.44,285.05,266.1,321.41
4103354,528.88,367.7,367.3,423.67
4103370,418.12,307.7,308.6,346.3
4103404,256.56,210.25,192.6,222.52
4103453,495.06,337.75,340.1,392.98
4103479,409.88,271.9,291.4,324.13
4103503,373,274.7,253.3,304.24
4103602,215.06,202.8,177.4,201.54
4103701,296.94,229.8,218.8,250.76
4103800,372.62,276.8,267.8,308.17
4103909,501.75,346.7,365.2,404.65
4103958,488.5,395.25,360.7,420.17
4104006,324.5,328.8,309.4,323.09
4104055,534.38,374,365.4,427.91
4104105,339.44,339.05,311.8,333.26
4104204,312.06,303.35,291.7,303.85
4104253,293.5,300.7,294.3,296.8
4104303,422.12,297.8,296.7,340.8
4104402,442.12,341.55,353.2,379.07
4104428,510,419.25,362.1,438.39
4104451,530.81,415.65,410.3,454.54
4104501,528.56,415.8,372.3,445.57
4104600,515.06,381.4,346.8,420.37
4104659,356.31,319.85,295.9,327.33
4104709,261.06,229.35,206.6,235.43
4104808,518.94,365.55,376.3,421.24
4104907,362.06,307.2,294.8,323.59
4105003,511,395,377.6,431.57
4105102,251.06,205,186.7,217.04
4105201,269.25,258.05,263.7,263.17
4105300,533.31,408.25,373.4,444.17
4105409,531.56,456.05,405.4,471.3
4105508,386.06,263.5,255.5,304.39
4105607,346.06,223.8,228.3,267.3
4105706,541,475.65,387.3,479.17
4105805,276.88,297.1,280.6,286.48
4105904,272,208.1,199.9,228.54
4106001,304.06,261.95,221.6,267.83
4106100,274.62,236.95,217.9,245.91
4106209,292.69,306.85,286.8,297.57
4106308,511.5,354.5,355.9,409.41
4106407,266.75,226.75,221,239.41
4106456,513.12,472.3,423,475.78
4106506,539.62,463.2,395,474.96
4106555,418.31,292.3,276.2,332.63
4106571,522.62,405.4,366.4,437.7
4106605,383.56,257.05,262.6,302.26
4106704,289.44,206.1,196.7,233.04
4106803,446.38,416.25,365.5,415.7
4106852,413.5,308.25,279.3,338.57
4106902,288.81,310.95,293.8,299.52
4107009,316.19,263.6,224,273.28
4107108,261.5,195.4,198.6,219.09
4107124,535.38,389.75,359.9,433.91
4107157,486.62,380.7,361.8,413.43
4107207,554.56,463.45,392.2,479.65
4107256,325.38,224.95,231,261.2
4107306,402.12,293.4,274.4,327.09
4107405,568.81,466.2,397.4,486.93
4107504,390.31,271.6,257.4,309.8
4107520,379.5,259.45,279.6,305.59
4107538,484,338.7,347.9,391.24
4107546,529.38,386.85,377.8,434.46
4107553,443,319.25,328.3,364.26
4107603,424.12,318.15,273.7,345.35
4107652,294.06,307.2,298.1,300.65
4107702,391.5,268.8,256.8,308.87
4107736,386.38,354.65,324,359.02
4107751,304.12,262.45,229.3,269.74
4107801,387.81,290.6,272.3,320.43
4107850,575.94,506.65,394.6,506.39
4107900,372.69,259.15,249.9,296.63
4108007,254.75,212.55,186.1,221.48
4108106,310.81,235.45,218,257.87
4108205,446.88,322.4,319.8,365.13
4108304,514.94,392.7,342.8,424.37
4108320,404.31,273.65,308.7,326.72
4108403,566.06,465.65,409,488.26
4108452,529.12,454.05,387.4,465.67
4108502,454.06,431.55,357.9,423.37
4108551,405.38,298.3,269.2,329.22
4108601,433.75,293.4,313.7,346.63
4108650,521.44,406.65,399.8,445.09
4108700,428.75,312.4,276.4,345.04
4108809,415.62,277.85,284,327.11
4108908,316,218.8,208.6,250.39
4108957,425,354.65,323,372.24
4109005,279,237.15,214.3,246.74
4109104,340.62,234.1,223.3,268.8
4109203,250.69,207.25,197,220.13
4109302,542.81,389.45,364.6,437.39
4109401,474.44,409.55,379.4,425.57
4109500,371.81,376.3,391.2,377.98
4109609,357.5,373.6,369.2,367.04
4109658,551,473.4,381.6,480.43
4109708,319.69,271.55,255.3,284.76
4109757,527.62,389.9,374.4,434.43
4109807,301.94,237.85,220.1,256.28
4109906,344.75,243.05,235.1,276.7
4110003,322.5,238.9,230.8,266.22
4110052,486.38,330.05,355.1,389.87
4110078,419.88,346.9,313.4,365
4110102,404.19,348.1,317.5,360.96
4110201,437.81,410.7,352.1,407.39
4110300,260.19,188.6,187.3,213.22
4110409,355,252.3,240.1,285.37
4110508,359.06,313.2,303.3,327
4110607,409.38,275.1,311.4,329.7
4110656,469.94,328.8,336.4,379.54
4110706,412.38,370.65,326.5,375.57
4110805,453,327.8,320.8,369.83
4110904,258.62,195.95,186.6,215.72
4110953,490.56,391.4,351.1,417.13
4111001,234.62,210.2,185.6,213.35
4111100,380.31,264.85,251.6,302.13
4111209,522.44,428.35,388.1,452.33
4111258,315.31,297.7,300.4,304.41
4111308,272.38,200.95,203.2,226.28
4111407,447.81,355.1,348.6,385.93
4111506,448.62,323.55,301.1,362.17
4111555,341.88,233.5,234.3,271.37
4111605,384.56,283.1,260.5,313.48
4111704,313.44,257.95,255.8,276.78
4111803,224.81,216.2,193.8,214.33
4111902,256.19,206.05,189.5,219.89
4112009,326.12,269.05,256.4,286.15
4112108,374.81,286.5,257.6,310.93
4112207,440.94,308.05,333.1,359.72
4112306,310.88,261.9,255.8,277.61
4112405,355.62,261.1,244.8,290.43
4112504,446.62,319.05,298.4,358.93
4112603,250.81,190.4,184.7,210.17
4112702,302.88,241.4,220.6,258.26
4112751,473.88,328.5,327.5,378.85
4112801,271.06,235.55,211.1,242.59
4112900,283.31,242.55,214.4,250.61
4112959,458.88,315.25,345.6,371.8
4113007,378.31,267.9,256.8,303.89
4113106,393.69,293,269,322.8
4113205,362.75,341.45,319.3,344.04
4113254,532.56,390.85,378,437.35
4113304,548.31,416.45,407.5,460.37
4113403,245.56,215.3,202.1,222.96
4113429,410.81,293.55,268.7,328.93
4113452,530.69,390.5,355,431.54
4113502,315.19,221.55,207.2,251
4113601,273.75,218.5,202.5,234.24
4113700,341.19,252.45,237,279.96
4113734,469.56,337.55,347.1,385.54
4113759,399,288.6,268.7,322.67
4113809,247.5,206.45,190.5,217.26
4113908,389.06,360.7,332.8,364.5
4114005,478.69,347.65,367.3,397.5
4114104,339.69,241.45,227.1,272.5
4114203,348.38,255.35,245.4,285.54
4114302,296.38,301,279.2,294.65
4114351,573,466.5,405.7,490.33
4114401,532.12,467.45,393.1,473.78
4114500,486.06,368.55,351.9,405.8
4114609,437.19,305.45,332,357.04
4114708,358.94,244.65,255.2,286.7
4114807,358.69,255.85,250.1,290.37
4114906,373.12,279.9,263.3,308.72
4115002,279.75,193.35,207.4,226.46
4115101,417.5,296.6,282.9,335.67
4115200,347.94,250.85,242.6,282.83
4115309,547.88,481.5,414.3,489.98
4115358,457.44,315.8,329.7,368.09
4115408,565.56,484.3,395.2,493.2
4115457,535.81,419.05,419.1,459.67
4115507,386.81,295.7,269.4,321.67
4115606,527.56,388.4,362.1,431.09
4115705,356.31,361.5,346.4,356.41
4115739,536.38,380.8,370.9,432.76
4115754,396.5,296.65,271.7,325.96
4115804,512.88,388,345.4,422.17
4115853,424.06,294.55,325.7,346.37
4115903,324.31,230.35,218.5,260.46
4116000,248.31,198.85,183,212.61
4116059,487.25,389.7,363.7,417.98
4116109,421.31,281.65,307.7,335.89
4116208,328.88,338,340.1,335.28
4116307,286.81,221.8,222.3,244.52
4116406,270.38,224.45,204.9,236.17
4116505,320.81,230.3,220.5,259.65
4116604,304.12,255.25,226.3,265.96
4116703,478.56,324.35,341.3,381.67
4116802,507.06,355.3,358.1,408.7
4116901,329.56,234.65,231,266.87
4116950,564.31,447.35,393,476.22
4117008,296.5,250.65,217.5,259.39
4117057,551.06,399.65,398.5,452.07
4117107,279,201.4,204.4,229.04
4117206,349.94,228.15,241,273.3
4117214,320.5,265.95,225.5,276.13
4117222,432.81,296.45,325.4,350.17
4117255,518.12,389.35,358.4,427.41
4117271,431.75,330.8,335.2,366.87
4117297,384.62,281.95,263,313.54
4117305,375.88,294,258.5,314.76
4117404,399.38,296.65,274.8,327.63
4117453,479.81,333.5,357.2,389.54
4117503,396.25,290.65,268.1,322.48
4117602,527.94,481.85,406.2,481.43
4117701,343.31,331.55,301.1,329.02
4117800,563.94,392.05,392.4,451.91
4117909,425.62,289.1,316.4,342.52
4118006,322.25,236.45,217.9,262.26
4118105,268.06,195.4,189.9,219.48
4118204,321.69,326.4,302.7,319.61
4118303,250.75,187.9,182.4,208.57
4118402,303.06,210.1,205.4,241.41
4118451,461.25,323.35,335.4,373.93
4118501,549,484.4,418.6,492.57
4118600,401.75,411.95,330.6,390.72
4118709,399.25,376.7,319.1,372.02
4118808,396.19,275.75,267.1,315.76
4118857,420.75,271,280.7,325.2
4118907,392.25,262.8,281.6,311.91
4119004,556.5,454,386.1,474.89
4119103,316.88,340.1,305.6,324.52
4119152,278.56,300.95,283.4,289.35
4119202,329.19,261.35,248.2,282.09
4119251,580.62,469.25,405.6,494.15
4119301,550.69,486.65,431.9,497.02
4119400,346.56,297.85,287.7,312.59
4119509,312.31,357.65,341.8,338.43
4119608,504.62,386.9,392.1,428.98
4119657,287.12,217.65,222.2,242.8
4119707,327.75,224.9,221.2,259.87
4119806,544.81,442.05,382.9,464.93
4119905,349,331.9,292.5,329.28
4119954,338.12,348.3,334.1,341.67
4120002,249.88,206,184.1,216.5
4120101,344.44,334.55,310.2,332.7
4120150,524.12,412.4,389,446.17
4120200,285.81,194.05,203.1,227.93
4120309,456.31,431.85,371.1,427.15
4120333,247.75,202.4,186.3,214.67
4120358,564.88,473,412.3,491.76
4120408,337.06,248.6,228.8,275.07
4120507,243.94,207.85,180.6,214.48
4120606,443.75,378.2,360.8,397.22
4120655,457,309.45,340,367.41
4120705,269.5,233,209.9,240.67
4120804,349.75,368.75,356.8,359.54
4120853,448.88,312.2,334.1,364.5
4120903,526.75,404.25,384.5,442.57
4121000,299.44,211.2,208.5,241.3
4121109,396.94,271.6,255.5,311.7
4121208,297.44,318.15,294.8,305.87
4121257,502.5,388.55,379.3,426.17
4121307,251.94,220.65,203.6,227.83
4121356,453.88,309.3,340.6,366.39
4121406,523.5,417,368.5,443.5
4121505,389.12,350.3,311,355.26
4121604,564.31,475,390.2,487.63
4121703,436.88,350.15,329.6,375.85
4121752,539.25,473.9,417.6,484.39
4121802,230.56,207.9,191.3,212.17
4121901,286.94,242.3,215.4,251.98
4122008,389.56,348.75,316.3,355.89
4122107,381,286.75,264.5,314.7
4122156,520.75,416.75,388.2,446.72
4122172,453.94,326.7,294.6,363.98
4122206,302.62,295.65,305.8,300.28
4122305,349.94,352.7,334.5,347.78
4122404,285.81,218.3,220.6,242.28
4122503,484.81,348.75,349.6,396.26
4122602,358.88,243.25,239.2,282.59
4122651,453.25,327.55,298.9,365.04
4122701,323.06,235.3,240.5,266.96
4122800,578.12,484,423.2,503.52
4122909,266.94,224.25,222,238.61
4123006,549.44,447.95,392,471.09
4123105,265.56,230.2,211.8,238.5
4123204,320.5,265.95,225.5,276.13
4123303,296.81,213.25,210.3,241.67
4123402,287.5,229.65,213,246.15
4123501,495.38,357.3,354,404.61
4123600,259.69,196.2,187.1,216.3
4123709,303.81,219.35,217.8,248.39
4123808,547.69,427.5,380.3,459.04
4123824,536.88,400.45,355.1,438.04
4123857,559.94,402.95,425.6,462.48
4123907,254.31,214,198.6,224.67
4123956,310.56,215.15,221.2,249.65
4124004,267.38,219.9,223.3,237.15
4124020,511.06,358.05,372.2,414.35
4124053,514.94,392.7,342.8,424.37
4124103,243.5,224.9,198.1,225.54
4124202,273.12,191.8,195.1,220.8
4124301,312.88,263.6,227.1,272.8
4124400,562.12,477,412.8,492.65
4124509,261.94,202.05,195.4,221.43
4124608,349.69,256.55,243.3,286.07
4124707,346.25,277.9,262.8,298.39
4124806,550.5,460.35,402.6,479.15
4124905,281.75,199.8,199.2,228.17
4125001,388,272.85,249.7,307.87
4125100,376.06,337.75,323.3,347.93
4125209,543.5,439.6,387.5,464.41
4125308,392.25,292.3,272.2,322.7
4125357,377.94,252.2,273.8,300.63
4125407,265.38,230.2,230.5,242.5
4125456,475.38,360,353.6,398.74
4125506,335.44,357.8,338.2,345.76
4125555,341.12,248.35,230.3,276.7
4125605,367.81,356.8,318.1,352.22
4125704,528.31,398.75,352.1,433.67
4125753,501.69,360.5,373.6,412.46
4125803,383.56,285.4,250.1,311.87
4125902,289.81,194.4,201.7,229.17
4126009,310.44,256.15,228.4,269
4126108,371.69,265,249.6,298.76
4126207,336.31,277.35,254.6,292.91
4126256,353.12,251.6,244.8,285.43
4126272,535.06,456.65,394.9,470.5
4126306,285.88,257.2,240.4,263.52
4126355,501.94,389.35,338.3,417.41
4126405,237.44,212.35,192.7,216.8
4126504,266.88,218.8,203.4,232.17
4126603,274.5,227.65,222.3,242.78
4126652,544.62,450.85,392.8,470.85
4126678,381.12,290.3,274.4,318.43
4126702,325.44,237.95,227.1,266.02
4126801,376.31,255.35,256.2,297.61
4126900,334.25,224.45,236.2,265.2
4127007,387.38,355.4,329.3,360.85
4127106,360,294.1,272.1,312.24
4127205,382.31,267,251.4,303.72
4127304,277.31,192.1,195.4,222.46
4127403,428.56,283.2,308.7,339.3
4127502,352.06,298.85,290.6,315.57
4127601,304.81,329.1,301.3,314.61
4127700,486,342.65,355.2,395.24
4127809,304.38,252.6,246,269.17
4127858,529.62,411.85,363.7,442.35
4127882,258.44,278.7,265.5,268.78
4127908,391.5,260.4,253.4,304.48
4127957,498.62,337.45,343.4,394.8
4127965,468,366.55,354.2,399.15
4128005,468.56,324.25,344.3,378.8
4128104,365.5,247.65,267.1,292.87
4128203,431.94,433.15,357.3,416.24
4128302,301.06,220,208,245.59
4128401,271.31,233.95,214.4,242.7
4128500,273.12,230.2,229.5,244.98
4128534,334.69,271.65,241.1,286.93
4128559,523.69,387.2,377.6,432.59
4128609,548,446.05,394.1,470.22
4128625,369.12,248.4,263.9,293.76
4128633,281.81,268.15,251.9,269.37
4128658,536.06,419.25,401.7,456.07
4128708,563,477.35,412.4,493.02
4128807,383.19,262.6,283.5,309.09
4200051,460.88,487.5,327.3,443.41
4200101,540.75,485.1,400.3,486.02
4200200,336.31,394.15,274.1,347.93
4200309,348.38,392.15,276.4,351.76
4200408,495.5,463.95,341.9,448.39
4200507,515.75,463.9,342.2,455.48
4200556,516.38,470.35,338.6,457.72
4200606,309.12,369.8,287,330.7
4200705,346.25,385.85,307.1,354.96
4200754,497.44,520.8,360.4,477.8
4200804,536.56,475.55,363.2,472.35
4200903,302.88,370.7,282.6,327.96
4201000,476.56,495.45,354.7,458.28
4201109,333.69,376.7,310.9,347.43
4201208,288.75,359.85,267.8,315.11
4201257,331.81,368.9,277.7,336.17
4201273,515.25,521.5,356.9,483.54
4201307,348.56,356.95,337.8,349.87
4201406,352.56,370.2,317,352.5
4201505,287.94,310.45,281.9,296.41
4201604,444.75,428.05,324.3,411.3
4201653,523,487.65,348.8,469.76
4201703,339.06,372.35,280,340.7
4201802,344,393.3,273.6,350.13
4201901,348.19,376.6,270.1,343.57
4201950,356.69,369.55,309.7,352.07
4202008,292.06,362.3,289.2,321.98
4202057,334.94,367.85,337.7,349.85
4202073,367.75,367.65,308.4,354.8
4202081,547.25,451.2,374.7,467.98
4202099,526.12,448.55,351.7,454.48
4202107,316.38,346.7,317.2,329.74
4202131,386.5,380.4,319.4,369.26
4202156,548.62,457.35,363.4,468.67
4202206,329.31,351.35,283.4,328.91
4202305,275.62,362.25,261.7,310.26
4202404,338,366.35,306.8,343.54
4202438,359.38,445,284.1,380.24
4202453,268.38,359.05,270.7,308.3
4202503,377.12,429.6,315.7,386.59
4202537,527.38,488.45,366.7,475.52
4202578,520.31,476,346.9,463.35
4202602,342.69,408.95,288.7,359.76
4202701,301.06,350.6,268.4,315.5
4202800,284.88,309.9,271.3,292.8
4202859,345.5,397.85,271.8,352.24
4202875,421.25,433.1,301.8,400.43
4202909,314.88,358.6,283.7,327.11
4203006,421.5,412.9,322,396.13
4203105,522.31,478.4,352.5,466.3
4203154,419.25,404.65,321.1,391.57
4203204,307.31,361.1,289.2,326.76
4203253,431,453.7,336.6,420.35
4203303,363.06,393.45,347.1,372.8
4203402,432.44,466.25,335.5,426.07
4203501,554.5,507.25,370.5,493.96
4203600,490.69,496.1,360.3,464.7
4203709,293,359.05,268.2,316.33
4203808,392.56,400.05,313.7,378.67
4203907,485.88,480.05,362.2,456.46
4203956,315.81,333.45,304.1,320.93
4204004,494.62,488.8,345.2,459.61
4204103,512.56,469.95,348.6,458.39
4204152,516.38,508.4,370.2,481.13
4204178,453.31,471.5,336.8,435.89
4204194,343.19,387.4,287.6,350.33
4204202,501.31,481.6,344.4,458.63
4204251,322.19,352.6,291.9,328.83
4204301,492.5,520.85,356.6,475.28
4204350,515.06,479.05,348.4,463.17
4204400,524.19,466.15,344,459.78
4204459,546.81,493.8,378,487.07
4204509,352.75,374.95,321.2,355.54
4204558,388.5,431.95,287.3,385.39
4204608,348.44,362.5,307,345.54
4204707,501.44,447.35,339.7,442.76
4204756,514.31,468.4,338.8,456.2
4204806,403.06,412.3,294,383.37
4204905,515.19,449.4,348.7,450.39
4205001,587.25,505.6,405,512.13
4205100,350.81,364.05,283.4,341.91
4205159,346.81,362.6,295.3,342.48
4205175,528.38,479.95,357.5,470.17
4205191,367.06,376.3,307.3,358.09
4205209,475.75,479.05,332,445.93
4205308,520.62,500.05,366.1,478.09
4205357,517.38,440.35,342.8,445.93
4205407,279.06,363.55,279.8,315.96
4205431,536.44,488.4,355.3,476.17
4205456,350.94,368.8,306.2,348.98
4205506,417.94,416.8,311.2,394.24
4205555,410.38,407.1,311.4,387.43
4205605,552.75,491.7,396.3,492.2
4205704,319.25,347.15,317.8,331.07
4205803,373.56,415.25,380.9,393.28
4205902,333,359.8,301.1,337.72
4206009,268.38,359.05,270.7,308.3
4206108,310.06,355.25,281.3,323.46
4206207,299.19,323.5,282.9,306.22
4206306,317.31,358.05,282.8,327.52
4206405,555.06,468.8,370.3,477.39
4206504,352.62,369.2,339.2,356.91
4206603,585.88,513.45,395.8,513.07
4206652,507,475.85,347.2,458.72
4206702,476.31,469.05,325.4,440.35
4206751,473.25,477.35,339.2,445.89
4206801,457.56,443.7,326.2,422.98
4206900,339.56,362.7,277.8,336.2
4207007,342.75,358.75,314.9,343.65
4207106,317.94,369.6,306.4,337.89
4207205,308.31,321.4,294.6,311.02
4207304,318.38,343.7,322.1,330.2
4207403,341.56,378.75,282.6,344.91
4207502,333,370.7,281.5,338.2
4207577,438.31,422,320.6,405.63
4207601,480.5,488.4,347.1,454.93
4207650,527.38,481.35,360.3,471.04
4207684,535.75,482.45,373.7,477.35
4207700,525.81,520.55,356.6,486.74
4207759,511.56,450.75,342,448.26
4207809,503.38,519.4,358.2,478.78
4207858,532.44,488.1,353.8,474.33
4207908,401.12,405.65,329.4,387.5
4208005,518.12,515.9,360.1,482.8
4208104,370.81,379,322.4,363.85
4208203,322.44,367.65,296.2,336.39
4208302,283.25,359.5,277.6,315.17
4208401,511.19,473.2,361.9,462.22
4208450,368.81,394,382.3,382.7
4208500,342.44,375.15,275,342
4208609,491.44,492.7,346.1,460.39
4208708,375.38,387.5,302.9,364.89
4208807,331.06,336.9,309.3,328.87
4208906,366.44,393.7,339.6,372.46
4208955,515.44,473.45,343,459.7
4209003,472.69,472.55,333.9,442.46
4209102,389.06,415.7,381,398.89
4209151,348.25,362.45,287.7,341.26
4209177,564.94,486.4,409.4,496.98
4209201,479.06,483.4,337.3,450.13
4209300,408.31,435.05,325.3,401.89
4209409,317.5,332.15,306.1,321.39
4209458,528.31,476.55,347.5,466.5
4209508,348.31,390.25,271.5,349.85
4209607,316.75,371.3,284.3,333.41
4209706,391.81,398.15,322.2,379.43
4209805,319.12,354.4,279.2,325.78
4209854,512.94,520.05,362.1,483.24
4209904,346.06,373.15,275.7,342.54
4210001,315.75,351.95,314.6,331.24
4210035,479.31,461.4,332.3,439.57
4210050,433.69,413.6,321.7,400.61
4210100,366.62,375.35,334.5,363.43
4210209,285.12,359.4,269.9,314.11
4210308,393.62,389.95,318.7,375.74
4210407,349,366.65,311.8,348.59
4210506,494.88,441.45,337.2,437.37
4210555,521.94,480.65,344.5,465.41
4210605,334.56,361.6,323.8,343.98
4210704,433.19,407.6,340,401.8
4210803,357.62,377.1,304,354.43
4210852,361.44,393.6,297.6,361.54
4210902,499.62,456.1,343.6,446.78
4211009,527.38,481.35,360.3,471.04
4211058,432.75,424.65,316,403.85
4211108,391.12,392.7,323.4,377.09
4211207,326.31,345.5,308.7,330.83
4211256,362.75,395.6,302.4,363.91
4211306,313.19,351.65,304.8,328.09
4211405,514.31,454.3,339.7,450.26
4211454,518,460.95,334.9,453.39
4211504,287.81,360.95,272.1,316.2
4211603,347.62,370.65,302.1,347.74
4211652,556.12,494.05,384.4,491.8
4211702,303.88,357.3,279.9,321.89
4211751,339.94,424.35,271.9,361.85
4211801,475.75,486.05,336.8,450.02
4211850,532.38,495.35,374.2,481.89
4211876,519.31,505.5,353.7,477.3
4211892,380.81,444,307.9,392.43
4211900,308.62,362.4,304.4,331.09
4212007,588.25,519.55,399.7,517.39
4212056,359.31,433.2,276.2,373.37
4212106,521,471.65,342.8,460.8
4212205,394.75,391.75,322,377.63
4212239,544.88,448.1,373,465.43
4212254,366.31,370.45,295.1,352.63
4212270,537.69,509.15,385.3,492.15
4212304,312.88,354,317.1,331.67
4212403,293.38,324.05,281.9,304.22
4212502,315.69,353.55,301.4,329.04
4212601,484.25,505.9,350.4,464.57
4212650,317.5,332.15,306.1,321.39
4212700,340.62,405.35,276.7,354.87
4212809,314.94,350.5,311.4,329.63
4212908,507.75,453.5,334.2,446.43
4213005,457.5,435.25,328.4,419.76
4213104,487.12,504.35,352.2,465.28
4213153,515,467.4,346.3,457.63
4213203,336.69,370.8,312,346.15
4213302,374.56,419.85,274.6,372.52
4213351,400.25,417.1,313.1,388.63
4213401,516.75,502.1,378.8,480.39
4213500,283.25,359.5,277.6,315.17
4213609,426.31,412.75,346.6,403.09
4213708,347.06,391.4,282,352.2
4213807,372,394.6,294.6,365
4213906,483.12,481.1,341,451.35
4214003,354.38,372.3,278.6,345.7
4214102,332.44,366.65,269.9,333.72
4214151,584.88,488.75,407.9,504.61
4214201,524.81,475.3,343.8,463.93
4214300,299.31,371.45,271.6,324.65
4214409,429.69,422.5,319.7,402.65
4214508,363.81,396.05,312.8,366.74
4214607,352.31,387.85,285.3,353.2
4214706,341.88,375.4,305,348.43
4214805,347,369,273.9,340.67
4214904,311.69,326.85,307.5,317.37
4215000,342.19,375.1,321.2,351.93
4215059,367,439.25,298.4,383.5
4215075,522.5,471.25,352.7,463.3
4215109,319.81,359.2,284.4,329.24
4215208,520.38,446,336.8,448.13
4215307,363.12,385.7,301.3,359.5
4215356,535.12,478.45,351.8,470.63
4215406,460,432.6,328.5,419.5
4215455,336.56,340.6,310.3,332.61
4215505,394.19,403.85,313,380.74
4215554,533,466.6,361.2,466.78
4215604,311.69,326.85,307.5,317.37
4215653,365.25,370.1,292.4,351.52
4215679,378.94,396.35,310.7,371.67
4215687,529.31,489.4,361.1,475.39
4215695,524,476.7,355,466.7
4215703,307.56,361.1,299.6,329.11
4215752,562.62,493.45,381.9,493.26
4215802,332.38,364.45,323.5,344.39
4215901,326.94,355.8,315.3,336.96
4216008,515.88,466.45,339.3,456
4216057,394.94,421.85,288.8,383.57
4216107,544.31,489.75,384.1,485.76
4216206,358.81,380.75,355.7,367.67
4216255,539.56,489.9,363.6,479.72
4216305,279.81,353.9,272.9,310.52
4216354,312,347.15,319.4,328.89
4216404,368.94,379.65,290.4,356.52
4216503,412.31,451.25,325.9,410.46
4216602,272.56,355.35,258.6,305.52
4216701,581.75,494.5,392.3,502.63
4216800,401.56,443.7,288,395.2
4216909,558.88,496.6,382.1,493.37
4217006,286.75,317.15,279,298.28
4217105,303.06,322.8,293.2,309.5
4217154,514.5,446.75,332.1,445.39
4217204,522.56,435.15,348.9,446.8
4217253,290.44,364.35,260.2,316
4217303,506.38,456.25,341.2,448.67
4217402,390.19,412.15,366.4,394.57
4217501,516.94,501.2,351.2,474.07
4217550,520.31,476,346.9,463.35
4217600,350.25,384.8,302.9,354.98
4217709,371.38,362.85,314.3,355.26
4217758,523.81,471.35,345.8,462.3
4217808,353.88,388.3,297.4,356.57
4217907,448.88,441.35,329.3,419.61
4217956,509.06,466.65,345.3,455.02
4218004,275.88,359.4,267,310.26
4218103,381.44,417.75,316.4,383.09
4218202,326,364.2,285.1,333.72
4218251,381.75,395.05,316.1,373.26
4218301,373.81,355.3,319,353.85
4218350,318.56,357.65,280.1,327.2
4218400,317.88,334.3,299,320.91
4218509,463.94,445.5,329.1,426.61
4218608,346.06,395.3,274.1,351.83
4218707,315.81,327.6,299.7,317.43
4218756,533,466.6,361.2,466.78
4218806,373.12,382.9,307,363
4218855,515.44,473.45,343,459.7
4218905,342.44,408.8,299.2,361.89
4218954,392.38,445.5,314.6,398.57
4219002,305.81,335.1,282.6,313.5
4219101,530.38,483.05,374.4,475.89
4219150,440.62,458.35,316,421.24
4219176,503.88,496.4,360.7,469.5
4219200,334.12,363,277.4,334.35
4219309,449.25,435.65,326.4,416.63
4219358,352.19,374.7,292.4,348.98
4219408,354.44,375.2,289.7,349.39
4219507,533.12,487.5,357.4,475.09
4219606,533.25,505.95,356.1,482.87
4219705,516.12,480.8,347.1,464.02
4219853,491.38,486.05,356.6,459.76
4220000,347.19,365.1,311.9,347.3
4300034,369.31,369.5,323.5,359.43
4300059,497.12,519.6,367.1,478.63
4300109,483.19,530.45,372.7,479.72
4300208,496.19,515.85,372.7,477.89
4300307,446.25,461.4,327,426.91
4300406,354.25,380.7,291.4,352.09
4300455,505.56,514.7,356.3,477.09
4300471,517.38,521.35,372.5,487.61
4300505,506.06,475.3,360.8,461.11
4300554,498.38,513.6,366.6,476.35
4300570,476.81,502.6,371.2,465.07
4300604,430.06,449.1,349.4,420.8
4300638,425.62,384.25,335.8,388.11
4300646,517.44,507.1,371.5,481.22
4300661,443.31,456.65,329.8,424.43
4300703,426.81,485.2,335.2,432.28
4300802,462.56,513.25,359.3,462.15
4300851,435.69,404.75,339.5,401.33
4300877,445.19,468.8,372.3,439.61
4300901,513.31,529.9,355.7,486.26
4301008,451.94,455.65,356.3,432.76
4301057,391.56,393.15,295,371.26
4301073,432.75,419.95,336.6,406.28
4301107,435.94,457.9,325.3,421.43
4301206,485.5,502.9,380.2,470.17
4301305,350.12,387.6,307.9,357.24
4301404,483.75,516.45,349.6,468.8
4301503,513.62,509.75,359.3,478.39
4301552,508.19,545.7,390.2,498.85
4301602,382.31,383.9,346.1,375.13
4301636,424.88,430.7,327,406.13
4301651,467.62,497.3,375,460.39
4301701,531.5,553.95,377.9,507.87
4301750,448.88,453.65,343.7,428.09
4301800,505.94,516.55,392.2,485.83
4301859,497.88,480.1,342.6,456.39
4301875,262.19,260.85,210,250.26
4301909,442,456.4,325.5,422.93
4301925,526.88,554.65,366.3,504.04
4301958,513.25,531.1,380.1,492.07
4302006,500.56,531.05,368.4,485.09
4302055,529.56,546.1,381.5,504.57
4302105,435.5,452.25,361.2,426.63
4302154,501,520.9,376.5,482.59
4302204,474.12,495.8,328.3,451.85
4302220,526.31,532.3,357.9,492.3
4302238,513.06,512.35,343.5,475.89
4302253,449.75,479.45,361,443.37
4302303,418.81,459.3,332.2,417.59
4302352,479.06,477.35,376.9,456.11
4302378,479.44,487.95,325.6,449.7
4302402,437.5,461.35,352.5,429.39
4302451,507.38,543.5,358.9,490.8
4302501,465.31,482.85,382.1,454.85
4302584,505.56,514.45,365.8,479.04
4302600,484.88,485.55,325.6,450.54
4302659,450.38,461.45,369.6,437.63
4302709,429.69,460.4,329.7,421.3
4302808,427.06,426.2,358.2,411.72
4302907,409.44,434.45,345,406.3
4303004,443.25,433.75,375.2,424.33
4303103,430.06,449.1,349.4,420.8
4303202,503.81,530.55,409.9,495.02
4303301,446.81,439.5,347.7,422.09
4303400,528.25,494.7,361.2,477.35
4303509,432.75,402.55,339.3,399.3
4303558,497.44,535.4,362.4,484.59
4303608,387.88,426,298.2,384.96
4303673,474.56,505.3,358.4,462.67
4303707,436.44,432.3,331.8,411.89
4303806,524.38,552.05,385.4,506.2
4303905,452.69,458,358.2,434.46
4304002,481.75,485.9,322.7,448.98
4304101,485.25,503,360.6,465.87
4304200,505.38,530.5,389,491
4304309,432.62,436.7,327.2,411.48
4304358,366.56,370.15,333.9,361.02
4304408,470.38,491.2,368.6,457.3
4304507,425.25,408.2,339.8,399.26
4304606,437.75,450.15,352.8,424.67
4304614,482.12,507.45,367,468.11
4304622,508.5,524.2,390.8,489.74
4304630,396.19,411.55,310.4,384.22
4304655,470.94,483.4,381.2,456.85
4304663,369.75,363.4,303.3,352.54
4304671,424,433.3,332.6,408.17
4304689,451.62,445.1,354.9,427.76
4304697,449.81,442.55,342.2,423.26
4304705,518.62,516.6,370.2,485.48
4304713,426,460.25,338.8,421.93
4304804,456.56,481.7,369.3,448.52
4304853,500.94,534.8,389.9,491.52
4304903,452.69,499.05,339.9,448.33
4304952,476.88,519.1,359,469.61
4305009,501.69,497.1,367.4,470.5
4305108,486.06,514.65,372,473.7
4305116,508.19,545.7,390.2,498.85
4305124,383.25,384.7,315.9,369.24
4305132,510.62,532.65,395.5,495.17
4305157,518.88,536.4,393.3,499.2
4305173,448.5,437.05,353.5,422.87
4305207,435.81,428.65,324.3,408.46
4305306,509.31,527.5,377.3,488.52
4305355,435.06,438.85,331,414.09
4305371,516.62,545.35,395.9,502.87
4305405,503.56,515.15,355.4,476.39
4305439,313,361.85,304.1,332.3
4305447,440.38,399,335.6,399.61
4305454,421.88,434.9,331,407.78
4305504,491.69,517.55,361.3,474.59
4305587,434.5,436.2,349,416.65
4305603,519.06,521.25,362.5,485.98
4305702,520.81,526.45,374.4,491.43
4305801,512.88,532.8,389.1,494.63
4305835,448.81,481.4,338.3,438.96
4305850,522.88,519.2,372.6,488.61
4305871,505.19,503.75,352,471.26
4305900,479.38,495.3,328.1,453.41
4305934,431.56,448.8,339.2,418.98
4305959,424.44,426.05,351.3,409.24
4305975,511.06,541.65,367.5,493.15
4306007,451.19,454.4,322.8,424.67
4306056,425.88,391,338.8,391.78
4306072,521.62,516.45,374.8,487.46
4306106,516.56,525.8,352.3,484.87
4306130,530.5,553.15,381.2,507.89
4306205,436.31,468.4,339.3,429.17
4306304,466.38,505.3,334,454.52
4306320,477.75,457.7,332.9,437.54
4306353,442.19,431.3,340.8,415.41
4306379,439.44,470.5,364.6,436.67
4306403,474.75,487.2,378.6,459.26
4306429,479.44,489.5,349.9,455.65
4306452,429.31,470.3,333.8,426.37
4306502,441,414.1,341.3,407.63
4306551,381.88,384.7,293.6,363.91
4306601,369.06,372.7,329.2,361.98
4306700,485.88,518.7,369.5,474.85
4306734,453.56,456.05,335.7,429.02
4306759,443.5,484.6,334.4,437.65
4306767,428.12,448.25,319.1,413.17
4306809,449.81,442.55,342.2,423.26
4306908,426.62,397.75,352.1,397.87
4306924,512.88,532.8,389.1,494.63
4306932,476.12,482.3,346.9,450.72
4306957,527.75,545,383.4,503.87
4306973,521.62,549.3,379.2,502.7
4307005,520.31,553.05,374.9,502.93
4307054,515.25,545.55,363.4,495.41
4307104,356.69,387.9,327,363.8
4307203,517.69,512.4,359.5,481
4307302,489.81,480.9,333.5,451.96
4307401,495.31,505.7,374,473.46
4307450,456.38,449,320.8,423.7
4307500,502.31,522.65,368.1,481.98
4307559,510.5,550.8,388.5,501.5
4307609,469.25,462.9,367.4,444.35
4307708,438.19,442.5,347.7,420.39
4307807,428.62,437.1,334.7,411.89
4307815,481.31,499.6,377.6,466.72
4307831,488.62,496.3,351.1,462.07
4307864,438.44,465.05,333,427.09
4307906,473.56,513.8,365,467.46
4308003,485.38,522.4,374.4,477.35
4308052,516,516.95,366.8,483.98
4308078,448.19,456.1,356.5,431.7
4308102,478.69,489.2,372.6,460.2
4308201,459.44,483.65,352.3,446.67
4308250,510.88,546.05,395,500.98
4308300,480.69,525.55,338.2,469.22
4308409,463,478.5,378,451.26
4308433,466,480.65,360,449.33
4308458,493.38,498.9,343.6,463.22
4308508,517.06,493.2,365,473.63
4308607,451.12,479.4,367.5,445.24
4308656,421.81,418.2,347.9,404.17
4308706,511.94,549.5,365.6,496.46
4308805,435.12,458.15,330,422.28
4308854,486.69,515.55,366.6,473.13
4308904,514.19,549.8,395,503.76
4309001,485.19,495.7,355.5,461.57
4309050,427.69,451.95,348.5,421.02
4309100,479.12,502.1,371.8,465.78
4309126,525.38,519.2,386.7,492.54
4309159,507.5,541.5,395.4,497.91
4309209,433.56,454,348.7,424
4309258,461.94,484.85,338.7,445.11
4309308,435.19,454.9,322.7,419.3
4309407,453.88,489,326.9,441.54
4309506,461.12,469.95,336.6,437.89
4309555,467.25,463.75,372.1,445.04
4309571,507.94,537.4,401.2,497.54
4309605,443.25,452.25,321.8,420.76
4309654,368.19,366.2,335.9,360.3
4309704,478.19,485.2,322.7,447.43
4309753,490,511.35,373.9,474.04
4309803,503.5,535.95,389.2,492.76
4309902,476.69,511,332.7,460.3
4309951,507.19,541.05,371,492.3
4310009,524.94,529.25,353.9,489.63
4310108,450.25,491.45,365.3,449.7
4310207,504.12,506.25,361.1,473.96
4310306,464.69,492.55,333.9,448.37
4310330,424.19,444.45,335.1,413.63
4310363,440.12,460.15,347.2,428.63
4310405,496.94,507.65,352.4,470.17
4310413,503.31,514.3,359.3,476.78
4310439,465.62,501.5,361.6,458.61
4310462,516.69,546.95,386.8,501.61
4310504,526.94,500.9,369.1,481.3
4310538,474.25,504.75,370,464.85
4310553,442.5,462.7,369.2,435.35
4310579,495,532.45,371.5,484.43
4310603,343,370,286.7,342.5
4310652,391.19,418.7,298.3,382.96
4310702,512,521.4,352.2,481.35
4310751,474,506.8,366.3,464.85
4310801,472.75,472.15,374.5,451.13
4310850,510.25,525.9,384.3,489.67
4310876,484.06,507.35,355.9,466.33
4310900,526,550.5,381.6,505.26
4311007,338.5,389.05,319,356.24
4311106,449.75,481.4,368,445.74
4311122,401.12,440.45,318.8,400.33
4311130,488.19,500.7,383.6,470.89
4311155,494.88,507.25,355.1,469.87
4311205,473.62,486.85,354.9,453.57
4311239,499.94,519.6,389.9,484.57
4311254,495.25,540.3,383.1,490.46
4311270,510.25,516.1,359.1,479.93
4311304,499.25,537,385.6,490.96
4311403,460.44,470.65,361.1,443.28
4311429,510.56,529.9,384.9,491.65
4311502,396.5,406.9,347.6,390.39
4311601,520.19,527.4,385.3,494
4311627,472.69,474.8,372.4,451.8
4311643,478.69,489.2,372.6,460.2
4311700,491.38,479.55,364.2,458.59
4311718,371,403.7,314.9,373.02
4311734,377.5,403.3,286.9,369.02
4311759,379,418.6,313.5,381.98
4311775,411.56,447.05,329.3,409.11
4311791,461.06,460.05,371,441.04
4311809,493.12,533.8,354.2,480.61
4311908,497.44,520.8,360.4,477.8
4311981,433.25,449.95,322.2,416.37
4312005,509.38,533.95,359.3,487.43
4312054,461.19,476.3,352.4,444.11
4312104,450.19,486.85,363,447.17
4312138,502,533.9,367.8,486.7
4312153,450.5,473.45,345.7,437.7
4312179,443.75,445.5,329.5,419.67
4312203,496.5,533.1,379.3,486.93
4312252,427.38,457.8,328.2,419.04
4312302,471.88,467.55,329.8,439.11
4312351,462.44,510.55,336.7,456.02
4312377,458,490.55,351.9,449.09
4312385,413.81,437.6,332.2,406.41
4312401,438.81,433.85,343.6,415.96
4312427,501.31,540.4,367.8,489.28
4312443,383.06,392,290.5,366.83
4312450,409.75,407.4,334.4,392.35
4312476,474.75,487.2,378.6,459.26
4312500,419.75,406.55,302.9,388.61
4312609,425.69,445.35,334.1,414.33
4312617,485.56,503,370.6,468.15
4312625,477.19,506.55,332.7,458.54
4312658,517.38,515.45,364.5,483.3
4312674,505.44,544.45,362.2,491.26
4312708,522,510.65,373.9,484.87
4312757,495,532.45,371.5,484.43
4312807,448.75,498.85,336.3,446.09
4312906,458.69,495.45,340.8,449.04
4312955,513.38,534.8,382.1,494.15
4313003,446.19,457.55,335.1,426.98
4313011,453.81,464.5,321.8,429.76
4313037,454.75,480.55,377.9,449.26
4313060,455.19,487.8,371.5,451.17
4313086,454.12,498.35,358.6,452.59
4313102,479,524.3,365.9,474.11
4313201,489.81,514.15,378.7,476.24
4313300,438.56,493.3,337.8,440.46
4313334,511.25,516.25,366.4,481.93
4313359,452.69,496.1,360.6,451.54
4313375,441.88,440.55,344.5,420.13
4313391,495.31,529.65,383.1,485.85
4313409,437.19,445.4,349.4,421.67
4313425,440.81,462.05,322.5,424.33
4313441,523.19,524.75,380.4,492.83
4313466,513.88,545.25,386.4,499.8
4313490,511.94,537.25,383.9,495.11
4313508,414.5,447.85,334.3,411.57
4313607,499.19,530.2,387.5,488.39
4313656,424.62,423.25,321.4,401.59
4313706,515,527.6,377.7,490.63
4313805,487.56,476.3,340.1,450.61
4313904,518.25,530.7,364.6,490.26
4313953,447.25,467.85,359.8,437.2
4314001,448.75,498.85,336.3,446.09
4314027,496,528.2,388.4,486.61
4314035,459.5,451.95,357.6,434.07
4314050,443.75,468.2,370.9,438.54
4314068,507.75,525.95,400.7,492.39
4314076,464.31,486.15,356.2,450.3
4314100,505.44,537.05,362.7,488.15
4314134,522.81,548.1,375.7,501.83
4314159,447.25,453.2,359.7,430.8
4314175,368.19,394.9,334.4,372.46
4314209,361.31,381.15,316.2,360.13
4314308,523.56,530.9,363.1,491.87
4314407,424.56,397.85,329,392.17
4314423,479.12,499.75,373.5,465.13
4314456,514.12,513.35,375.7,483.7
4314464,508.94,526.9,397.2,492.46
4314472,484.38,497.15,357,462.24
4314498,503.31,482.65,353.3,461.72
4314506,372.44,378.6,338.1,367.65
4314548,447.81,476.2,360.7,441.22
4314555,429.94,424,336.1,406.96
4314605,388,394.1,343.4,380.96
4314704,522.5,507.4,378.2,484.57
4314753,466,472.2,379.2,449.83
4314779,524.19,545.75,382,502.65
4314787,527.19,552.5,380.4,506.28
4314803,467.44,452.6,373.6,440.59
4314902,439.12,456.9,338,424.87
4315008,442.88,443.65,329.1,418.48
4315057,434.31,459.4,319.8,420.33
4315073,440.75,463.25,329.7,426.39
4315107,433.75,428.85,330.8,409.24
4315131,460.31,492.75,338.4,447.91
4315149,472.75,472.15,374.5,451.13
4315156,484.75,527.4,356.1,475.33
4315172,440.25,486.95,347.6,440.41
4315206,457.38,491.8,336,445.96
4315305,306.25,316.7,287.2,306.65
4315313,513.31,542.65,386,498.39
4315321,492.38,502.65,371.2,470.5
4315354,508.38,503.65,347.1,471.26
4315404,482.94,481.15,330.3,448.98
4315453,452.56,475.5,327.5,435.35
4315503,468.12,490.25,378.1,458.17
4315552,512.31,479.9,355.2,464.07
4315602,346.81,362.75,291.2,341.65
4315701,454.81,471.85,349.4,439.3
4315750,417.94,452.8,337.5,415.61
4315800,437.62,448.3,342.9,421.67
4315909,522.69,510.8,381.2,486.76
4315958,429.69,414.65,331.6,401.83
4316006,420.88,474.7,347.5,428.33
4316105,522.31,548.3,391.1,505.09
4316204,515.69,531.1,381.7,493.26
4316303,439.5,435.4,334.4,414.87
4316402,379.44,398.25,333,377.52
4316428,514.62,537.05,387.2,496.67
4316436,534.06,538.9,373.2,501.2
4316451,485.06,501.65,350.2,462.96
4316477,434.62,430.15,328.8,409.67
4316501,462.25,469.5,380.1,447.54
4316600,505.56,530.5,398.4,493.11
4316709,522.94,534.75,363,493.3
4316733,500.62,530.15,390,489.41
4316758,465.75,477.75,350.4,445.89
4316808,481.19,521.25,378.3,476.24
4316907,459.25,488.85,384.9,455.96
4316956,486.94,511.75,379.3,474.33
4316972,406.94,429.75,355,405.57
4317004,412.75,404,345.8,394.39
4317103,330.81,351.15,316.1,336.46
4317202,473.06,484.35,341.2,449.3
4317251,422.56,448.35,336.3,415.02
4317301,315.81,360.2,306.5,333.09
4317400,470.12,484.3,390.4,458.96
4317509,488.88,485.8,350.4,457.43
4317558,478.75,516.4,359.8,469.26
4317608,417.88,455.75,348.8,419.33
4317707,425.06,413.65,353,404.43
4317756,511,543.8,369.7,494.54
4317806,505.81,512.9,356.7,476.48
4317905,448.31,466.55,329.5,430.41
4317954,508,534.3,406.4,497.35
4318002,367.56,398.3,314.6,369.41
4318051,450,495.7,336.7,445.24
4318101,426.19,445.9,349.6,418.11
4318200,427.81,453.85,325.9,416.98
4318309,397.25,398.95,344.9,386.61
4318408,436.88,466.4,334.2,427.39
4318424,497.56,538.3,389.7,491.83
4318432,467.69,512.3,362.3,464.17
4318440,457.5,494.3,341,448.17
4318457,514.62,537.05,387.2,496.67
4318465,462.69,484.9,334.2,444.41
4318481,472.69,474.8,372.4,451.8
4318499,500.25,516.35,348.4,474.24
4318507,374.38,383.55,305.7,363.43
4318606,508.38,530.2,404.9,495.37
4318614,467.25,463.75,372.1,445.04
4318622,403.38,444.05,317.9,402.48
4318705,449,444.25,354.6,426.41
4318804,421.75,390.9,338.2,390.17
4318903,453,469.05,354.1,438.48
4319000,476.62,490.7,356.8,456.7
4319109,491.12,503,328.8,461
4319125,477.5,507,372,467.39
4319158,475.38,482.55,353.5,452
4319208,424.69,416.55,343.2,403.43
4319307,438.5,437.3,330.2,414.43
4319356,462.25,469.5,380.1,447.54
4319364,510.56,529.9,384.9,491.65
4319372,437.12,430.95,334.8,412.2
4319406,458.62,489.7,374.7,453.89
4319505,470.75,464.2,373,446.65
4319604,441.31,434.8,380.9,425.35
4319703,531.44,549.05,378.9,505.93
4319711,428.56,445.55,340.7,416.85
4319737,486.19,507.4,334.4,462.41
4319752,476.81,502.6,371.2,465.07
4319802,424.25,455.55,347.2,421.11
4319901,445.19,468.8,372.3,439.61
4320008,438.19,442.5,347.7,420.39
4320107,522.62,546.1,380,501.83
4320206,512.25,507.9,375.1,480.54
4320230,492.38,500.65,324.8,459.54
4320263,499.12,516.95,388,482.72
4320305,504.88,501.3,361.1,472.07
4320321,467.19,472.8,342.9,442.61
4320354,439.88,422.85,335,409.67
4320404,464.81,507.9,340.6,456.54
4320453,482.12,507.45,367,468.11
4320503,511.12,545.3,387.8,499.17
4320552,445.12,441.9,330.4,418.78
4320578,464.88,468.95,344.8,440.54
4320602,510.38,542.5,360,491.65
4320651,465.69,504.3,372.2,462.15
4320677,506.56,537.35,386.1,493.76
4320701,501.19,513.1,384.4,480.98
4320800,496.81,534.85,367.6,485.26
4320859,438.81,447.55,347.5,422.76
4320909,514.31,540.5,392.5,499.22
4321006,502.31,517.35,364.3,478.85
4321105,423.88,424.25,320.4,401.54
4321204,435.12,470.35,367.3,435.7
4321303,435.81,454.85,342.6,423.83
4321329,492.06,475.05,341,451.83
4321352,422,388.5,318.1,384.85
4321402,475.06,477.45,336.6,446
4321436,396.19,411.55,310.4,384.22
4321451,450.81,467.9,362.9,439.13
4321469,509.75,548.35,367.2,495.54
4321477,461.75,458.45,325.4,430.67
4321493,463.88,501.55,376.1,461.17
4321501,381.88,384.7,293.6,363.91
4321600,413.06,439.45,332,406.91
4321626,446.19,457.55,335.1,426.98
4321634,510.38,542.5,360,491.65
4321667,386.25,391.55,293.7,368.43
4321709,456.94,483.1,364.9,448.3
4321808,479.62,489.75,341.7,454.04
4321832,390.12,400.85,292.9,373.65
4321857,510.62,537.05,378.3,493.35
4321907,455.75,452.85,316.3,424.17
4321956,523.19,534.15,383.5,497.59
4322004,436.75,439.6,333.4,415.52
4322103,461.12,473.15,339.8,439.98
4322152,492.88,527.35,375.6,482.37
4322186,521.19,553.5,414.4,512.02
4322202,502.25,513.9,380.2,480.78
4322251,475,478.5,374.7,454.72
4322301,450.25,470.3,321.4,430.96
4322327,410.19,388.6,324.1,382.09
4322343,437.75,444.4,326,416.35
4322350,473.75,514.7,342.4,463
4322376,439.69,470.9,369.2,437.93
4322400,295.31,307.55,246.8,290.09
4322509,458.69,460.05,353.6,436.43
4322525,436.75,464.95,338.6,427.67
4322533,514.81,536.85,409.1,501.41
4322541,477.56,508.25,368.6,467.22
4322558,466.38,505.3,334,454.52
4322608,450.5,473.45,345.7,437.7
4322707,477.38,512.9,365.9,468.59
4322806,439.31,470.25,364.7,436.54
4322855,427.5,454.55,334.1,418.96
4322905,499.5,527.05,372.2,483.8
4323002,422.5,440.75,335.6,411.54
4323101,525.25,497.15,358.3,476.74
4323200,514.19,537.8,368.7,492.83
4323309,453.81,493.8,356.7,450.09
4323358,514.25,544.95,375.2,497.37
4323408,479.69,521.3,362.9,472.39
4323457,425.94,436.9,364.8,417.41
4323507,487.56,476.3,340.1,450.61
4323606,438.44,465.05,333,427.09
4323705,497.88,480.1,342.6,456.39
4323754,460.06,471.9,338.2,438.72
4323770,450.81,467.9,362.9,439.13
4323804,418.75,435.8,335.4,408.04
5000203,143.56,89.8,112.3,113.39
5000252,118.56,76.5,76.9,91.22
5000609,365.69,222.15,234.3,274.72
5000708,232.81,141.7,160.5,177.48
5000807,245.62,180.25,181,203.15
5000856,268.81,175.85,188.5,210.93
5000906,326.5,205.6,207.6,248.09
5001003,105.75,83.45,97.9,94.35
5001102,170.25,101.65,134.4,132.63
5001243,361.31,225.45,226.8,273
5001508,185.25,108.1,120.3,137.59
5001904,212.44,147.25,161.8,173.09
5002001,260.38,177.6,199.5,211.15
5002100,292.69,186.15,193,224.7
5002159,222.69,130.35,160.1,168.93
5002209,253.06,148.9,174.6,190.72
5002308,172.81,105.7,138.8,136.24
5002407,300.5,183.55,193.9,226.48
5002605,156.56,89.3,92.8,113.46
5002704,213.62,124.55,168.8,165.15
5002803,283.06,165.65,183.9,210.46
5002902,105.12,75.75,77.3,86.3
5002951,109.19,89.55,87.5,95.93
5003108,197,113.95,138.7,148.22
5003157,380.56,238.25,246.8,289.61
5003207,116.81,77.45,78.2,91.3
5003256,121.19,85.65,83.3,97.5
5003306,129.88,72,93.2,96.74
5003454,281.5,182.25,190.7,218.61
5003488,227.5,142.55,169.2,177.89
5003504,284.31,177,181.1,215.22
5003702,293.5,185.1,201.9,226.46
5003751,371.69,253.7,254.1,294.83
5003801,288.56,187.6,188.1,222.83
5003900,132.69,79.8,91.3,100.7
5004007,285.56,184.4,195.1,221.91
5004106,274.12,170.9,182,209.22
5004304,356.44,236.5,242.6,279.54
5004403,117.19,83.8,96.9,98.26
5004502,290,182.85,201.5,224.17
5004601,349.12,223.45,237,270.11
5004700,267.5,182.95,191.4,214.2
5004809,393.75,264.55,251.6,306.67
5004908,194.69,122.65,150.4,153.74
5005004,273.5,159.05,185.3,204.57
5005103,292.19,195.9,211.6,232.8
5005152,308.06,187.45,202.5,232.67
5005202,143.44,77.15,88.1,102.59
5005251,335.38,200.2,215.6,250.57
5005400,267.38,154.65,200.4,203.8
5005608,187.88,106.7,128.7,139.72
5005681,393.31,274.25,272.6,315.3
5005707,323.94,204.8,218.3,249.17
5005806,255.38,150.4,171.1,191.41
5006002,244.31,147.2,172.2,186.41
5006200,237.12,156.2,177.6,189
5006259,274.62,188.2,207.6,222.48
5006275,127.5,88.45,84.9,101.26
5006309,97.38,73.15,91,85.46
5006358,389.62,251.4,257.9,300.89
5006408,117.56,70.9,88,90.85
5006606,316.75,210.85,210.6,247.63
5006903,220.44,141.5,174.2,176.07
5007109,192.56,108.55,142.2,145.09
5007208,256.75,163.85,179.2,199.5
5007307,171.62,96.65,118.8,127.54
5007406,147.56,84.2,107,111.2
5007505,195,117.95,140.4,149.63
5007554,201.31,121.1,153.2,155.98
5007695,147.19,83,110,111.2
5007703,376.06,254.3,248.3,295.35
5007802,125.69,83.55,103.2,102.48
5007901,245.62,143.45,175.7,186
5007935,112.06,71,74.9,86.13
5007950,384.25,252.25,257.5,299.3
5007976,278.62,186.6,202,221.96
5008008,223.69,132.45,162.6,170.74
5008305,145.12,91.45,115.4,115.33
5008404,279.94,187.25,189.1,219.89
5100102,67.19,59.05,76.2,65.61
5100201,44.38,22.95,31.6,32.28
5100250,91.62,66.25,83.1,78.74
5100300,93.12,60.95,67.9,73.65
5100359,39.69,33.1,50.6,39.2
5100409,85.31,48.15,69,65.61
5100508,77.94,50.7,71.6,64.72
5100607,97.38,61.15,72.7,76.26
5100805,118.44,97.35,109.7,107.37
5101001,36.88,15,32.4,26.39
5101209,81.44,48.3,59.6,62.28
5101258,111.38,62.65,81.2,83.63
5101308,79.75,47.65,71.2,63.93
5101407,86,74.25,81,79.8
5101605,96.69,56.95,58.3,71.07
5101704,88.44,63.25,68.1,73.07
5101803,47.19,21.25,45.8,35.61
5101852,33.88,30.8,43.7,34.67
5101902,68.56,42.85,46.6,52.61
5102504,96.56,61.25,93.5,80.54
5102603,52.56,23.9,40.2,37.41
5102637,73.94,45.95,73,61.57
5102678,66,51.35,71,60.72
5102686,111.25,63.65,84.6,84.76
5102694,47.44,35.05,49.1,42.41
5102702,38.38,21.5,30.1,29.24
5102793,86.19,55.65,74.7,70.41
5102850,75.88,63.95,82.8,72.2
5103007,78.94,58.85,82.5,70.98
5103056,52.88,32.7,53.7,44.28
5103106,32,19.15,30.7,26.13
5103205,73,35.65,64.2,54.85
5103254,155.62,126.2,132.2,137.74
5103304,109.88,76.55,100.8,93.41
5103353,56.69,39.6,57.4,49.41
5103361,93.25,66.45,88,80.46
5103379,102.94,76.75,86.3,87.93
5103403,95.25,74.35,97.6,86.67
5103437,90.12,61.4,80.3,75.5
5103452,79.31,49.6,70.5,64.48
5103502,78.12,40.95,73.1,60.87
5103601,74.94,59.5,74.7,68.17
5103700,53.75,38.9,48.2,46.09
5103809,109.69,63.05,80.5,83.07
5103858,53.44,28.5,46.3,41.04
5103908,58.44,31.05,56.9,46.2
5103957,105.56,56.25,80,78.57
5104104,82.31,42.35,72.3,62.76
5104203,76.69,45.55,68.4,61.35
5104500,110,63.25,77,82.5
5104526,51.19,37.45,52,45.39
5104542,54.69,39.4,55.1,48.13
5104559,64.31,32.35,52.9,47.93
5104609,99.31,62.65,75.3,78.15
5104807,84.38,60.3,82.4,73.48
5104906,82.06,64.55,67.3,71.24
5105002,109.12,67.05,78.2,84.11
5105101,81.38,57.7,55,65.35
5105150,72.75,62.05,74.7,68.52
5105176,88.88,60.45,87.3,76.17
5105200,76.94,53.45,72.8,65.83
5105234,90.62,64.5,76.6,76.22
5105259,49.75,31.45,50.2,41.89
5105309,39.75,30,57.2,39.3
5105507,101.88,60.8,81.5,79.59
5105580,52.38,37.3,64.8,48.52
5105606,67.94,43.4,62.1,56
5105622,96.31,56,80.1,75.26
5105903,67.31,41.8,64.6,55.63
5106000,78.81,45.6,73.1,63.13
5106109,82.44,65.85,71.5,72.85
5106158,104.12,84.2,79.1,90.02
5106174,39.56,18.75,28.2,28.04
5106182,101.25,69.6,90.2,85.09
5106190,58.38,29.25,54.4,44.85
5106208,60.88,46.45,68.9,56.35
5106216,69.94,42.25,65.6,56.96
5106224,63.56,40.5,57.3,52.17
5106232,88.06,61.55,74,73.48
5106240,49.06,39.55,39.8,42.91
5106257,40.44,18.35,35.8,29.83
5106265,96.19,54.2,83.8,75.24
5106273,71.62,47.85,50.5,56.7
5106281,49.19,30,49.8,40.98
5106299,98.19,78.3,92.7,88.35
5106307,45.38,34.45,44.2,40.37
5106315,33.06,24.6,46.7,32.35
5106372,85.12,62.3,66.3,71.11
5106422,56.56,39.45,66.9,51.37
5106455,60.5,42.85,54.5,51.52
5106505,89.88,64.55,66.2,73.72
5106653,50.19,26.7,52.3,40.43
5106703,68.75,40.55,58.1,54.17
5106752,103.69,63.8,76.5,80.43
5106778,49.31,36.45,50.1,43.89
5106802,64.94,45,56.4,54.41
5106828,110.44,64.15,74.6,82.52
5106851,92.12,60.75,70.1,73.7
5107008,69.88,46.3,62.2,57.96
5107040,55.19,38.4,53.9,47.61
5107065,41.06,33,51.5,39.83
5107107,105.88,61.15,76.9,80.13
5107156,102.69,66.95,84,83.09
5107180,29.06,24.95,34.5,28.46
5107198,56.62,33.95,51.9,45.74
5107206,103.88,65,80.6,81.91
5107248,48.31,42.35,46.5,45.33
5107263,88.69,66,83.8,77.76
5107297,72.81,51.65,56.2,60
5107305,63.88,32.65,64.2,50.37
5107354,51.19,40.8,59.9,48.57
5107404,71.5,51,70.2,62.3
5107578,97.88,84.7,95.6,91.65
5107602,72.81,49,54.5,58.48
5107701,65.81,46.75,61.1,56.5
5107743,54.12,42.4,61.8,50.7
5107750,101.56,70.55,80.5,83.5
5107768,55.75,42.15,58.5,50.43
5107776,64.12,41.9,61.2,53.83
5107792,46.81,33.4,46.6,40.93
5107800,87.81,58.6,65.2,70.2
5107859,45.12,34.85,51,41.93
5107875,86.75,58.15,78.6,72.54
5107883,33,31.25,54.7,36.96
5107909,52.12,44.2,48.4,47.87
5107925,47.44,31.6,50.7,41.26
5107941,62.38,40.55,56.5,51.61
5107958,89.38,64.6,85.2,77.7
5108006,46.31,33.05,53.6,42.13
5108055,63.88,37.05,58.9,51.13
5108105,65.06,32.4,63.4,50.5
5108204,55.75,31.65,50,44.02
5108303,50.06,33.35,50.8,42.96
5108352,100,69.05,79.3,82.04
5108402,82.25,65.9,80.8,74.83
5108501,46.69,39.7,42.3,42.7
5108600,63.25,39.1,54.4,50.83
5108808,75.19,45.55,70.3,61.24
5108857,87.31,55.75,82,72.43
5108907,62.31,42.2,54.5,51.87
5108956,98.75,79.8,81.1,86.67
5200050,45.56,26.15,38.7,35.63
5200100,42.19,23.5,44.4,34.54
5200134,53.12,31.45,42.1,41.3
5200159,43.62,22.9,44.1,34.72
5200175,27.69,15.75,36.3,24.37
5200209,55.06,33.5,44.4,43.37
5200258,44.06,19,45.9,33.57
5200308,43.62,23.75,48.8,36.11
5200506,50.44,30.55,45,40.61
5200555,27.31,14,30.1,22.13
5200605,33.94,20.2,37.4,28.72
5200803,31.38,16.8,26.8,24.04
5200829,25.75,17.65,34.9,24.22
5200852,42,23.85,43.2,34.37
5200902,54.81,23.55,38.5,37.67
5201108,43.69,26.35,42.3,35.85
5201207,54.25,38.55,55.9,47.78
5201306,40.69,22.75,44.3,33.67
5201405,45.31,29.3,37.1,36.57
5201454,82.75,58.95,66.1,68.78
5201504,106.31,85.45,78.5,91.2
5201603,38.75,21,42.9,31.93
5201702,44.81,21.15,44.8,34.52
5201801,41.19,26.2,37.5,33.87
5202155,31.88,18.7,39.8,27.87
5202353,49.06,20.8,39.1,34.61
5202502,31.12,16.95,34.7,25.74
5202601,54.56,25.45,39.1,38.54
5202809,40.38,18.5,37,30.13
5203104,51.88,30.3,48,41.65
5203203,29.88,20.8,30,25.96
5203302,42.81,32.2,37.2,36.98
5203401,48,21.15,43.7,35.39
5203500,62.75,41.8,42,49.13
5203559,43.12,29.1,34.6,35.17
5203575,23.19,20.2,40.9,25.74
5203609,40.56,26.5,39.8,34.28
5203807,32.38,15.75,30.1,24.65
5203906,55.62,36.75,42.6,44.59
5203939,46,21.8,36.8,33.48
5203962,33.19,15.4,25.7,23.83
5204003,37.25,15.95,43.7,29.39
5204102,78.56,55.95,68.3,66.5
5204201,51.88,26.45,36.4,37.46
5204250,63.62,46.7,43.4,51.87
5204300,88.56,58.65,70.5,71.63
5204409,68.5,40.85,62,55.07
5204508,52.19,32.2,44.3,41.78
5204557,43.75,30.85,34.6,36.15
5204607,44.12,22.2,34.5,32.5
5204656,30.5,16.4,35.2,25.39
5204706,31.75,16.2,34,25.48
5204805,40.12,33.05,44.1,37.91
5204854,41.31,27.1,39.5,34.74
5204904,29.44,17.8,31.2,24.76
5204953,26.62,13.75,30,21.76
5205000,35.94,21.4,44.7,31.52
5205059,61.19,44.3,45.5,50.43
5205109,44.06,32.25,54.8,41.26
5205208,38.62,22.95,39.1,31.91
5205307,31.81,18,36.6,26.85
5205406,36.88,23.7,45.8,33.09
5205455,46,24.65,32,33.67
5205471,108.62,72.75,78.1,86.39
5205497,50.5,22,44.8,36.87
5205513,39.44,20.65,41.6,31.74
5205521,32.56,19.3,32.3,26.74
5205703,52.88,23.55,40.9,37.52
5205802,41.12,21.3,44.4,33.22
5205901,54.44,33.25,41.8,42.48
5206206,36.06,22,51.1,33.22
5206305,44.19,27.75,37.8,35.65
5206404,28.12,16.65,35.2,24.67
5206503,45.69,29.6,41.5,37.78
5206602,55,38.7,56.4,48.22
5206701,31.75,14.3,31.1,24.02
5206800,39.69,26.6,38.3,33.7
5206909,48,36.3,54.5,44.33
5207105,51,20.35,40.2,35.33
5207253,62.06,40.75,47.5,49.63
5207352,48.62,27.5,37.1,36.93
5207402,51.88,28.7,37.8,38.74
5207501,32.88,17.05,34.1,26.26
5207535,36.06,20.25,35.4,29.04
5207600,47.44,19.45,36.6,32.91
5207808,52.12,24.6,37.9,37.07
5207907,32.5,20.45,31.8,27.11
5208004,33.56,18.05,37.7,27.72
5208103,32.31,17.35,33.2,26
5208152,42.38,26.9,41.5,35.46
5208301,22.25,18.9,25.5,21.5
5208400,43.44,29.5,38.9,36.39
5208509,46.56,32.9,45.7,40.43
5208608,34.56,22.55,34.2,29.26
5208707,45.31,28.4,36.8,36.11
5208806,40.81,24.85,38.6,33.39
5208905,38.81,23.35,41.4,32.65
5209101,57.31,37.65,44.4,45.96
5209150,62.62,49.6,48.5,53.89
5209200,42.38,25.4,36,33.61
5209291,38.12,23.7,44.6,33.26
5209408,25.88,18.1,25.3,22.37
5209457,27.5,20.95,33.1,25.87
5209606,38.44,23.8,48.1,34.17
5209705,44.56,30.55,38.9,37.24
5209804,30.06,24,33.5,28.17
5209903,25.06,17.85,25.8,22.09
5209937,65.75,49.05,43.4,53.63
5209952,49.75,24.2,33.5,35.11
5210000,36.88,21.35,44.8,31.85
5210109,42.31,31.25,41.9,37.41
5210158,36.31,22.95,46.2,32.65
5210208,51,23.1,39.1,36.28
5210307,49.56,22.65,40.2,35.83
5210406,35.38,24.3,42.6,32.13
5210562,38.19,23.1,44.4,32.98
5210604,37.62,22.8,45.6,32.91
5210802,98.31,67.8,84.3,82
5210901,30.56,25.8,35.8,29.63
5211008,39.06,15.75,31.8,27.35
5211206,37.38,22.1,45.7,32.54
5211305,94.38,65.55,75.4,77.72
5211404,37.19,23.4,43,32.46
5211503,60.31,46.15,40.7,49.89
5211602,54.44,23.55,42.5,38.41
5211701,54.56,24.5,33.5,36.91
5211800,38.75,22.65,43.6,32.8
5211909,84.31,53.1,71.1,67.87
5212006,49.81,19.35,40.2,34.48
5212055,39.19,24.4,44.3,33.87
5212105,53.81,29.95,42.2,40.91
5212204,33.62,14.85,30.9,24.87
5212253,95.88,66.9,82.7,80.41
5212303,43.25,31.05,38.5,36.91
5212501,44.75,23,46.6,35.7
5212600,44.56,29.4,39.9,36.96
5212709,34.19,16.7,27.7,25.17
5212808,27.19,15.75,34.5,23.8
5212907,51.44,32.65,43.8,41.61
5212956,33.06,15.6,29.2,24.63
5213004,60.25,43.2,44.1,49.33
5213053,29.19,14.45,31.3,23.24
5213087,32.88,14.25,31.6,24.5
5213103,86.69,58.3,72.8,71.33
5213400,53.62,24.45,40.4,38.07
5213509,22.31,14.85,25.9,19.85
5213707,42.88,18.3,37.6,31.04
5213756,61.31,40.85,51.3,50.24
5213772,32.12,14.15,26.7,23.13
5213806,51.44,29.7,46.4,40.89
5213855,37.06,20.55,42.3,31.02
5213905,40.19,22.8,42.2,33.07
5214002,27.88,17.35,33.3,24.48
5214051,25.25,19.5,40.9,26.15
5214101,30.25,18.9,38.1,27.02
5214408,42.19,18.65,36,30.61
5214507,42.94,29.55,41.1,36.72
5214606,26.38,11.3,26.9,19.93
5214705,34.69,22.9,45.8,31.98
5214804,45.88,33.3,39.9,39.11
5214838,25.12,18.15,36.1,24.48
5214861,34.12,28,41.8,33.13
5214879,27.5,19.3,31.2,24.74
5214903,28.06,19.95,33.2,25.65
5215009,40.56,26.5,39.8,34.28
5215207,40.69,19.4,36.7,30.57
5215231,60.19,21.15,47,40.35
5215256,23.88,21.2,42.2,26.7
5215306,39.75,26,34.1,32.54
5215405,40,26.25,38.4,33.67
5215504,48.5,36.5,56.8,45.09
5215603,32.19,17.8,39.4,27.5
5215652,57.19,25.6,41.9,40.13
5215702,44.94,22.35,37.2,33.43
5215801,39.44,27.65,37.4,33.87
5215900,52.19,23.15,39.4,36.78
5216007,58.06,41.3,42.1,47.3
5216304,77.5,54.75,63.1,64.48
5216403,51.81,30.1,40.2,39.85
5216452,81,56.7,71.7,68.41
5216809,40.31,24.95,44,34.43
5216908,25.31,20.05,31.1,24.28
5217104,46.06,30.55,40.6,38.13
5217203,53.38,27.65,45.1,40.39
5217302,42.56,23.25,44,34.48
5217401,38,28.15,35.4,33.15
5217609,43,16,31.7,28.8
5217708,51.81,28.15,40.7,39.11
5218003,30.62,19,37.6,27.09
5218052,57.5,37.15,43.3,45.57
5218102,86.75,55.05,63.9,68
5218300,33.12,18.85,24.8,25.11
5218391,44.94,29.25,40.7,37.2
5218508,69.69,48.6,52.3,56.74
5218607,36.62,23.05,41.9,31.87
5218706,38,22.7,41.4,32.09
5218789,52.5,32.25,43.6,41.76
5218805,70.5,46.45,53.2,56.28
5218904,35.75,23.2,45.1,32.33
5219001,43.44,22.25,40.3,33.54
5219100,38.88,19.55,36,29.85
5219209,39.94,27.15,38.2,34
5219258,34.81,15,31.3,25.43
5219308,60.44,38.95,40.9,46.85
5219357,33.25,20.25,37.6,28.54
5219407,86.56,54.4,60.5,66.91
5219456,30.69,20.9,31.7,26.65
5219506,39.38,24.2,44.3,33.85
5219605,34.5,17.75,33.3,26.96
5219704,23.94,19.1,29.4,23.02
5219712,57.44,33.55,45.3,44.41
5219738,42.25,27.9,38.8,35.26
5219753,55.19,25.85,46.9,40.63
5219803,21.75,18.75,25.1,21.17
5219902,39.31,23.8,43.2,33.41
5220009,31.88,20.25,36,27.72
5220058,54,26.1,36.5,38.07
5220108,48.31,23.65,40.1,35.8
5220157,32.56,24.65,37.2,30.13
5220207,31.44,19.85,39.3,28.11
5220264,43.12,27.65,37.4,35.15
5220280,36.56,23.65,43.5,32.46
5220405,78.06,54.1,61,63.93
5220454,43.06,28.4,36.8,35.33
5220504,96.44,73.5,81.2,83.15
5220603,42.06,26.05,38.6,34.35
5220686,29.56,17.05,25,23.13
5220702,30.94,14.05,31,23.61
5221007,36.56,23.65,43.6,32.48
5221080,28.06,19.05,34.9,25.63
5221197,43.06,28.35,38.9,35.76
5221304,49.88,38.75,56.7,46.52
5221403,41.81,24.4,36.6,33.11
5221452,32.75,15.7,31.7,25.11
5221502,47.56,20.75,39,34.04
5221551,58.56,37.3,43.6,46.07
5221577,23.56,16.05,28.7,21.41
5221601,28.31,19.9,29.7,24.96
5221700,37.88,21.55,46.7,32.7
5221809,43,30.2,39.8,36.74
5221858,54.56,21.4,49.3,39
5221908,46.12,25.25,32.6,34.11
5222005,39.69,27.7,33.7,33.17
5222054,56.06,33.05,39.7,42.5
5222203,28.75,17.8,30.3,24.33
5222302,32.69,14.85,33.3,25.07
5300108,45.81,19.75,38.3,32.85
