code_muni,en,ln,n,med
1100015,421.25,404.65,449.5,420.17
1100023,476.19,443.2,544.1,476.61
1100031,472,421.1,470.3,449.5
1100049,426,435.6,453.5,436.15
1100056,470.44,397.65,466.9,438.02
1100064,457.62,422.85,483,448.02
1100072,460.94,389.4,459.2,429.46
1100080,371.69,340.05,402.2,364.57
1100098,431.69,430.1,454.2,435.89
1100106,356,331.55,399,354.72
1100114,456.81,444.2,483.5,457.13
1100122,461.25,416.55,477.1,445.26
1100130,476.75,487.65,633.6,515.59
1100148,421.44,405.5,428.4,416.02
1100155,472.94,431.3,470.9,454.39
1100189,428.69,429.35,449.5,433.5
1100205,474.56,460.85,551.2,485.26
1100254,448.19,422.35,471.1,441.93
1100262,498.44,472.75,584.8,506.04
1100288,426.5,414.7,463.1,429.33
1100296,425.19,408.8,471.9,428.22
1100304,435.38,420.75,466.4,435.76
1100320,418.5,412.4,448.8,422.43
1100338,428.62,428.8,438.9,430.93
1100346,445.38,426.6,455.8,439.48
1100379,413.81,403,457.2,418.54
1100403,481.06,467.75,555.2,491.39
1100452,497.62,461.95,530.2,489.2
1100502,418.38,404.05,449.6,418.93
1100601,462.94,422.95,508.2,455.39
1100700,498,449.25,507.4,478.85
1100809,488.31,466.25,592.8,501.43
1100908,431.19,418.95,458.8,431.87
1100924,441.56,389.1,451.6,420.93
1100940,486.75,484.7,612.5,513.2
1101005,465.5,439.25,480.1,457.26
1101104,488.12,462.2,601.3,501.46
1101203,453.12,430.65,460.6,444.98
1101302,459.75,444.7,457.4,452.7
1101401,480.75,442.05,509.6,470.2
1101435,470.81,435.75,453.5,451.8
1101450,419.06,416.9,453,425.5
1101468,454.19,393.2,465.7,430.17
1101476,426.88,420.5,475.2,434.61
1101484,431.19,421.75,468.9,435.28
1101492,395.88,362.9,432,389.39
1101500,399.06,385.8,427.8,399.54
1101559,465.81,432.05,464.8,450.91
1101609,486.31,448.5,539.2,481.37
1101708,461.75,440.6,468.7,454.07
1101757,473.81,455.9,572.2,487.41
1101807,464,427.9,496.4,455.35
1200013,466.88,440.5,500.7,462.76
1200054,412.69,425.6,459.3,428.43
1200104,379.5,422.55,459.6,415.63
1200138,428.56,411.6,456.4,427.24
1200179,399.38,428.9,496,433.22
1200203,502.25,469.6,496.4,486.78
1200252,392,409.9,460.3,414.63
1200302,502.38,525.1,492,510
1200328,499.62,494.45,444.4,485.37
1200336,509.12,456.45,552.5,495.65
1200344,468.69,473.15,477.6,472.57
1200351,489.5,469.25,440.2,469.98
1200385,430.56,436.35,502.1,448.63
1200393,481.75,469.5,466.2,473.04
1200401,411.88,418.6,463.7,426.07
1200427,499.38,458.5,536,489.57
1200435,492.19,515.65,489,501.7
1200450,439.44,419.3,497.8,443.37
1200500,438.62,430.45,460.4,439.8
1200609,503.62,514.65,479.5,503.17
1200708,390.88,415.95,475,420.07
1200807,448.81,418.1,495.9,445.7
1300029,522.25,551.1,580.8,547.52
1300060,537.44,574.4,562.7,559
1300086,400.94,449.4,451.5,433
1300102,451,467.95,490.1,466.87
1300144,524.88,573.6,589,560
1300201,602.31,592.3,627.2,603.37
1300300,322.06,412.05,403.1,378.8
1300409,365.38,452.05,460.2,423.67
1300508,221.38,310.3,357.5,289.63
1300607,562.44,584.8,603.4,581.07
1300631,446.56,478.9,517.8,476.11
1300680,225.19,306.7,346.1,286.91
1300706,425.25,410.65,472.8,429.24
1300805,352.56,436.85,476.7,416.2
1300839,398.81,450.7,444.8,431.37
1300904,505.19,469.15,524.3,493.67
1301001,538.06,552.25,543.3,545.37
1301100,335.06,433.05,426.4,397.52
1301159,313.62,422.65,433.1,387
1301209,510.19,512.55,493.3,507.54
1301308,466.19,468.8,501,474.89
1301407,541.38,522.8,565.8,538.61
1301506,517.5,521.15,574.3,531.43
1301605,528.94,569.15,580.2,557.57
1301654,508.38,466,556.3,500.37
1301704,480.88,475.15,573.6,498.54
1301803,530.12,523,555.1,532.46
1301852,329.38,415.4,439.3,390.67
1301902,277.12,359.8,384.8,336.48
1301951,550.94,566.9,583.6,564.98
1302009,268,353.1,373.4,327.91
1302108,564.31,616.25,655.5,606.72
1302207,526.25,558.25,555.6,546.54
1302306,567.38,563.65,592,571.11
1302405,482.94,495.8,501.3,492.52
1302504,328.5,389.3,417.6,374.3
1302553,363.75,422.4,437.6,405.3
1302603,341.19,445.9,460.4,412.63
1302702,409.62,487.2,516.5,466.59
1302801,522.06,497.1,609.9,530.3
1302900,315.5,434.05,425.7,391
1303007,252.38,359.5,346.6,319.43
1303106,295.06,401.55,390,362
1303205,383.5,439.4,453.4,423
1303304,514.62,572.6,619,562.52
1303403,165.31,269.7,342.2,249.15
1303502,490.81,502.55,572,513.57
1303536,356.56,435.55,426.4,406.09
1303569,346.62,416.3,440.2,397.26
1303601,458.62,528.8,536,505.96
1303700,531.62,561.7,577.8,554.74
1303809,606.19,660.4,690.4,648.07
1303908,540.06,568.75,565.7,558.11
1303957,308.56,394.2,375.5,360.35
1304005,267.06,347.35,368.9,324.11
1304062,520.44,536.25,541.7,531.93
1304104,517.38,541.6,547.7,534.5
1304203,500.19,562.45,552.6,538.65
1304237,531.31,567.05,558.8,552.83
1304260,521.69,513.65,598.1,534.8
1304302,309.44,400.95,389.1,366.54
1304401,219.06,296.6,340.4,279.15
1400027,292.25,366.35,354.8,338.07
1400050,296.62,380.2,362.2,347.22
1400100,160.06,247.4,288.6,225.98
1400159,158.19,256.3,266.2,224.33
1400175,182.06,269.85,300.8,246.04
1400209,240.75,341.45,371.8,313.02
1400233,257.75,370.35,380.5,333.39
1400282,249.5,394.15,360.3,336.48
1400308,224.75,356.65,339,306.93
1400407,152.56,239.25,250.5,211.54
1400456,238.12,352.75,329.3,307.78
1400472,339.12,409.8,421.1,387.67
1400506,267,370.95,386.8,338.24
1400605,259,360.75,379.1,329.35
1400704,192.12,284.5,271.6,249.57
1500107,195,291.5,263.9,251.93
1500131,200.31,263.1,285.4,246.11
1500206,201.12,276.1,251.7,244.72
1500305,98.88,140.45,126.2,122.89
1500347,398.81,409.5,423.2,408.76
1500404,205.25,272.05,282.1,251
1500503,108.94,146.15,167,137.74
1500602,366.44,439.35,398.1,405.02
1500701,196.44,242.3,222.9,222.13
1500800,273.88,364.4,376.4,335.52
1500859,148.38,183.25,202.3,175.26
1500909,49.69,70.65,70.5,63.33
1500958,176.31,230.1,220.1,209.22
1501006,234.5,347.05,342.5,306.91
1501105,188.62,256.85,215.2,224.07
1501204,144.81,186.95,196.8,174.43
1501253,460.25,435,486.3,454.93
1501303,237.38,333.3,321.5,297.37
1501402,255.5,357.85,359.2,322.54
1501451,148.81,209.15,227.6,192.17
1501501,274.94,362.95,379.8,336
1501576,208.56,266.4,286.6,250.67
1501600,115.75,170.65,185,154.67
1501709,55.69,86.9,93.5,77.48
1501725,155.12,217.05,203.7,192.61
1501758,223.69,273.05,322.3,266.59
1501782,139.94,188.4,194.8,172.93
1501808,270,322.6,273.7,293.67
1501907,222.62,283.3,282.1,261.93
1501956,101.81,145.1,155.2,132.24
1502004,163.25,240,222.6,209.52
1502103,153.31,216.4,200.9,191.09
1502152,308.62,326.2,357.3,326.85
1502202,58.75,102.2,106.9,88.11
1502301,141.88,191.45,199.3,175.91
1502400,176.75,225,264.1,216.72
1502509,101.12,155.8,137.9,132.89
1502608,168.19,222.45,238.3,207.02
1502707,402.69,423.2,478.6,428.11
1502756,192.56,264.15,230.1,231.85
1502764,433.94,441.2,484.7,448.13
1502772,278.06,299.8,305.5,293.48
1502806,222.62,289.7,236,254.7
1502855,184.69,240.8,242.1,221.57
1502905,77.88,119.05,130.5,107.22
1502939,105.44,160.7,182.7,146.26
1502954,269.88,270.9,281.2,272.78
1503002,257.5,371.3,366.5,330.67
1503044,386.75,411.4,455.3,412.37
1503077,128.44,167.75,195.1,160.02
1503093,150.94,204.5,222.4,189.76
1503101,206.12,247.3,256.3,234.93
1503200,101.12,145.7,171.3,135.76
1503309,166.94,242.9,214.7,210.35
1503408,206.31,267.25,286.8,250.3
1503457,164.19,186.35,203.9,182.46
1503507,157.75,209.9,215.4,192.96
1503606,394.31,489.6,489.8,456.5
1503705,239.75,275.9,285.2,265.35
1503754,401,469.15,519.3,456.35
1503804,199.25,246.75,263.7,233.91
1503903,157.25,243.95,280.6,221.76
1504000,139.19,209.2,185,179.59
1504059,153.94,215.2,211,192.98
1504109,78,116.6,122.5,104.46
1504208,257.62,285.1,298.9,278.54
1504307,52.44,72.05,75.2,65.91
1504406,80.06,121.85,136.5,110.5
1504422,273.88,364.4,376.4,335.52
1504455,162.25,215.7,199.8,193.65
1504505,255.44,287,275.1,273.43
1504604,156.31,205.3,214.2,190.2
1504703,169.62,215.55,236.8,204.2
1504752,145.62,210.35,213.9,188.61
1504802,155.12,201.5,210.8,187.39
1504901,160.38,210.7,193.7,189.5
1504950,115.62,153.5,173.5,144.67
1504976,214,254.65,284.4,246.98
1505007,81.19,130.45,143.2,116.09
1505031,428.75,497.15,580.2,491.41
1505064,159.5,195.35,228.8,190.15
1505106,243.94,343.05,327.2,305.13
1505205,175.81,242.05,216,213.35
1505304,235.25,372.1,345.3,318.67
1505403,102.56,156.25,167.2,139.96
1505437,456.5,447.25,487.8,459.28
1505486,140.19,181.05,196.9,170.28
1505494,224.81,279.8,329.2,271.41
1505502,110.88,140.3,151.6,132.52
1505536,350.19,364.8,393.2,365.89
1505551,436.56,427.35,490.3,444.24
1505601,68.5,113.55,127.3,100.87
1505635,285.12,309.4,329,305.22
1505650,208,291.85,289,262.07
1505700,160.12,224.2,214.1,199.72
1505809,150.94,216.45,219.1,194.24
1505908,119.5,167.75,180.8,153.8
1506005,93.56,153.35,148.3,131.46
1506104,45,83.55,75.4,68.37
1506112,39.38,67.4,63,56.7
1506138,443.38,441.65,487.8,452.28
1506161,382.94,408.05,430.6,404.22
1506187,178.5,239.55,250.6,220.72
1506195,247.94,338.3,325.9,304.17
1506203,37.56,56,51.4,48.59
1506302,162.69,216.1,229.9,200.52
1506351,233.94,296.4,338.3,283.78
1506401,153.81,204.05,207.7,187.37
1506500,256.81,328.5,350.8,308.41
1506559,114.62,157.85,172.2,145.93
1506583,418.62,420.05,478.7,432.3
1506609,141.25,188.9,218.3,178.72
1506708,391.81,424.95,464.7,422.07
1506807,118.56,181.95,193.6,162.43
1506906,58.5,91.05,94.1,80.39
1507003,198.25,249.6,279.1,238.15
1507102,116.88,171.2,178.4,153.87
1507151,241.44,265.15,285.4,261.3
1507201,185.69,256.25,226.8,225.3
1507300,436.38,439.45,474.1,445.91
1507409,164.56,209.5,253.5,203.43
1507458,254.06,275.2,322.4,278.11
1507466,87.81,133.05,153.5,121.76
1507474,34.12,58.4,53.2,48.83
1507508,223.94,270.4,278.4,255.98
1507607,166.25,224,233.1,205.89
1507706,186,252.5,210.4,220.22
1507755,320.62,360.7,342.9,342.89
1507805,153.06,192.3,214,183.37
1507904,115.94,171.1,164.7,150.52
1507953,176.81,193.9,226.9,195.13
1507961,135.06,173.75,205.3,167.15
1507979,166.31,261.5,276.6,231.67
1508001,187.94,223.55,234.5,213.54
1508035,42.62,79.55,85.5,68
1508050,364.56,471.65,484.1,437.11
1508084,441.56,426.95,472.4,441.91
1508100,136.38,173.85,196.5,165.74
1508126,82,126.35,145.2,115.02
1508159,192.12,238.25,247.9,224.3
1508209,174.06,227.9,247.4,213.41
1508308,77.38,106.45,115.3,98.26
1508357,152.12,202.9,190.8,182.61
1508407,324,370.85,362.4,352.72
1600055,172,239.75,239.6,216.15
1600105,117.94,165.85,143.2,144.26
1600154,175.62,209.85,233.7,203.13
1600204,126.5,166.4,147.3,148.37
1600212,86.62,120.1,128,110.17
1600238,146,194.4,213.8,181.78
1600253,78.56,105.6,112.6,97.72
1600279,147.62,197.3,205.7,181.85
1600303,78.56,105.6,112.6,97.72
1600402,131.5,164.95,166.7,153.7
1600501,139.31,182.35,182.3,167.37
1600535,155.12,194.15,212.6,184.59
1600550,128.06,169.55,152,151.3
1600600,118.44,150.65,153.2,140
1600709,100.5,153.45,140.4,132.2
1600808,140.5,185.85,220.2,177.54
1700251,441.88,437.75,486.8,449.85
1700301,215.56,249.6,253.8,238.67
1700350,354.94,351.45,406.5,364.63
1700400,307.31,307.4,371,321.2
1700707,313.12,359.4,373.1,346.28
1701002,236.75,278.05,326.1,274.13
1701051,248.31,277.85,292.2,270.7
1701101,367.19,366.25,391.7,372.11
1701309,328.88,366,400.5,360.59
1701903,400.06,415.8,475.9,423.39
1702000,332.81,386.3,384.6,367.33
1702109,377.75,388.3,459,400
1702158,316.25,345.05,393.1,345.48
1702208,197.81,263.2,293.5,247.04
1702307,368.38,409.7,436,401.04
1702406,284.56,308.35,366,312.61
1702554,185.88,256.6,270.3,234.98
1702703,294.94,330.4,394.4,331.98
1702901,184.88,244.25,271.6,229.54
1703008,309.62,332.05,348,327.72
1703057,385.75,418.4,470.8,418.43
1703073,291.75,333.35,355,323.59
1703107,431.88,411.6,476.8,432.83
1703206,375.31,420.7,449.5,411.17
1703305,372.25,386.15,425.1,389.78
1703602,376.88,437.75,454.2,420.15
1703701,356.75,351.55,428.3,370.04
1703800,200.94,261.4,280.1,244.43
1703826,203.44,255.95,271.1,240.98
1703842,300.62,318.7,338.1,316.63
1703867,327,354.7,368.2,348
1703883,330.5,371.5,401.2,363.7
1703891,190.5,261.9,279,240.78
1703909,405.56,415.55,483.4,426.83
1704105,372.94,369.95,401.8,377.91
1704600,424.06,407.75,496.7,432.76
1705102,307,316.15,401.8,331.59
1705508,377.5,421.6,473.6,417.57
1705557,288.81,331.8,372.7,325.74
1705607,284.38,297.15,350.7,304.35
1706001,390.62,418.2,488.1,423.8
1706100,375.25,370.25,459.1,391.3
1706258,365.19,365.4,422.9,377.83
1706506,256.44,286.5,288.2,276.41
1707009,294.56,317.9,386,324.59
1707108,433.19,427.6,500.6,445.41
1707207,423.44,436.25,474,440
1707306,362.81,372,407,376.41
1707405,216.19,271.8,278.9,254
1707553,380.19,361.6,452.4,387.8
1707652,327.06,362.35,374.5,352.72
1707702,296.38,335.05,351.6,325.2
1708205,342.62,374.1,381,364.65
1708254,401.44,402.2,462.4,415.02
1708304,410.56,432.1,492.3,437.7
1709005,321.25,335.15,375.5,339.09
1709302,379.56,414.7,459.8,412.28
1709500,326.31,345.2,374.6,345.02
1709807,338.44,335.95,433.3,357.98
1710508,368.75,401.45,429.4,396.15
1710706,194.88,237.4,262.5,228.07
1710904,369.75,407.55,435.7,400.52
1711100,393,431.95,480.2,428.89
1711506,319.25,331.5,386.4,339.17
1711803,380.75,427.3,468.5,420.07
1711902,357.5,381.15,400.5,377.13
1711951,337.88,337.5,402,351.65
1712009,379.19,373.4,424.3,386.48
1712157,284.25,334.65,366.2,323.98
1712405,319.25,318.95,336.2,322.8
1712454,214.69,257.65,269.9,245.37
1712504,407.25,402.95,489.2,423.2
1712702,255.94,314.75,309.1,293.07
1712801,201.19,244.5,260.9,233
1713205,407.62,399.8,458.9,415.37
1713304,417,425.5,456.5,429.28
1713601,330.62,336.35,420.6,352.67
1713700,443.75,411.25,498.6,441.54
1713809,248.44,276.4,284,268.33
1713957,340.94,368.2,399.9,365.61
1714203,294.06,309.65,367.9,316.89
1714302,226.81,261.8,271.6,251.76
1714880,359.12,391.45,439.5,390.65
1715002,404.75,376.7,474.4,407.7
1715101,332.44,348.85,392.2,352.57
1715150,300.19,340.95,364.3,331.85
1715259,299.88,316.45,394.3,327.61
1715507,399.25,375.15,468.8,403.89
1715705,349.12,390.8,435.8,386.09
1715754,358.88,342.5,385.5,357.54
1716109,416.69,388.3,486.9,419.61
1716208,310.88,288.45,354.5,310.61
1716307,371.31,391.45,451.3,397.46
1716505,369.38,380.35,410.3,383.04
1716604,305.25,316.45,358.3,321.65
1716653,384.06,427.65,474.6,422.7
1716703,402.88,422.3,466.1,425.07
1717008,312.06,319.9,398.9,334.35
1717206,285.12,317.9,348,313.04
1717503,398.69,388.65,479.4,411.87
1717800,307.06,291.65,395.2,319.52
1717909,317.94,317.95,390.2,333.65
1718006,299.62,304.75,377.7,318.83
1718204,388.5,369.6,472.1,398.46
1718303,171.81,244.15,270.6,224.74
1718402,384.81,437.7,465.8,425.41
1718451,412.5,386.3,484.6,416.78
1718501,355.25,349.35,383.6,358.85
1718550,264.44,302.1,343.7,298.04
1718659,298.81,334.45,402.4,336.83
1718709,398.12,389.1,446.1,404.63
1718758,355.88,351.5,384,360.09
1718808,183.75,250.55,270.4,231.63
1718840,320.5,375.85,401.6,362.2
1718865,334.44,373.95,402.3,366.37
1718881,385.88,398.2,439.1,402.8
1718899,371.5,373.9,446.5,388.85
1718907,313.62,314.15,407.5,334.26
1719004,343.31,332.45,407.3,352.5
1720002,230.69,265.15,275.7,255.46
1720101,198.5,254,278,239.91
1720150,295.44,309.55,315.5,305.93
1720200,178.44,230.3,262,219.15
1720259,309.75,311.8,356.9,320.89
1720309,214,267.35,286.7,253
1720499,294.06,314.35,369.6,319.3
1720655,319.44,320.85,405.8,338.83
1720804,182.06,239.35,265.9,225.2
1720853,310.06,327.1,347.9,325.7
1720903,312.25,316.1,408.2,334.78
1720937,294.88,289.35,378.2,310.59
1720978,322.88,368.05,382.7,355.52
1721000,360.62,371.05,408,375.46
1721109,372.25,376.9,412.8,383.09
1721208,205.56,242.2,256.4,232.54
1721257,382.44,410.25,451.7,409.59
1721307,380.19,431.85,450.8,418
1722081,300.38,336.4,362.8,329.61
1722107,276.12,313.55,360,310.63
2100055,93.81,164.05,184.7,144.11
2100105,55.62,78.1,62.5,66.89
2100154,13,25.6,25.9,21.28
2100204,21.69,33.5,36.4,30.02
2100303,66.81,86.85,77.9,77.93
2100402,96.88,97.15,137.8,105.89
2100436,81.44,90.15,121,93.83
2100477,86.19,105.75,133.1,104.89
2100501,252.12,267.15,283,265.37
2100550,52.62,72.05,79.3,66.87
2100600,120.38,153.3,178.5,147.33
2100709,91.88,99.15,138,105.07
2100808,35.31,60.6,47.7,49
2100832,21.56,35.65,37.5,31.15
2100873,74.38,88.6,109.1,88.11
2100907,12.81,25.2,22.4,20.28
2100956,100.81,131.05,163.8,127.65
2101004,109.69,105.65,154.1,117.59
2101103,39.75,63.6,56.5,53.76
2101202,97.12,96.7,134.8,105.13
2101251,59.75,73.8,79.1,70.07
2101301,21.19,35.85,37.7,31.15
2101350,28.56,47.85,46,40.74
2101400,266.12,283.4,307.8,282.7
2101509,144,153.5,155.5,150.63
2101608,93.69,130.25,177.6,127.83
2101707,17.88,34.35,36.2,29.02
2101731,34.06,61.4,54.8,50.46
2101772,100.38,96.45,147.4,108.89
2101806,164.06,202.65,259.8,201.65
2101905,19.81,35.95,38.6,30.91
2101939,86.94,93.15,134.8,100.04
2101970,68.81,91.45,105.1,86.54
2102002,72.56,103.4,132.8,99.07
2102036,72.44,125.85,156.1,113.85
2102077,82.62,94.35,130.6,98.15
2102101,42.62,59.65,52.6,52.2
2102150,83.06,103.8,128.1,101.87
2102200,43.94,69.15,43.2,54.74
2102309,130.81,163.7,195.3,159.13
2102325,64.62,103,138.6,97.39
2102358,151.5,200,236.5,191.07
2102374,58.31,88.85,84.7,77.33
2102408,53.81,68.2,72.8,64.2
2102507,105.44,99.85,144.6,111.52
2102556,183.88,219.4,246.3,212.89
2102606,39.31,62.65,64.7,54.98
2102705,85.88,96.05,131.7,100.26
2102754,81.06,87.55,112.6,90.74
2102804,277.31,309.5,304,297.11
2102903,58.69,75,85.4,71.59
2103000,76.44,82.05,110.4,86.26
2103109,18.94,32.6,38.1,29.04
2103125,21.12,35.9,40,31.65
2103158,91.25,118.8,129.2,111.48
2103174,97.62,118.2,136,114.91
2103208,42.44,67.5,50.6,55.11
2103257,165.94,232.95,262.9,216.15
2103307,75.25,80.1,90.3,80.63
2103406,52.38,77.3,63,65.52
2103505,143.31,176.4,188.8,167.59
2103554,106.62,107.55,156.8,117.93
2103604,70.88,84.25,108.8,84.93
2103703,19.25,37.4,39.5,31.54
2103752,156.19,207.15,244.8,197.61
2103802,99.25,108.55,144.7,113.17
2103901,45.06,70.6,42.6,55.63
2104008,93.19,103.3,154.6,110.93
2104057,251.38,271.15,254.1,260.57
2104073,186.94,243.85,233.3,221.76
2104081,125.62,153.8,188.3,151.5
2104099,147.38,204.15,194.1,182.22
2104107,180.5,249.35,254.2,226.46
2104206,131.75,150.4,179.3,150.2
2104305,40.81,61.1,58.4,53.46
2104404,100.12,107.8,141.4,112.43
2104503,95.19,100.15,123.2,103.43
2104552,181.56,224.8,246.6,214.5
2104602,120.06,138.1,170.9,138.96
2104628,127.62,152.25,179.1,149.52
2104651,97.56,99.65,122.8,103.96
2104677,65.88,93.45,92.1,83.57
2104701,123.38,141.6,166.2,140.61
2104800,136.12,172.8,183.7,162.41
2104909,20.44,35.2,39.5,31
2105005,30.38,53.85,50.6,44.98
2105104,34.06,60.6,49.1,48.87
2105153,103.69,102.75,146,112.48
2105203,88.69,94.85,130.8,100.52
2105302,158.56,212.15,252.1,202.2
2105351,84.44,116.05,168.4,116.43
2105401,81,95.9,126,97.26
2105427,75.69,131.45,153.2,116.78
2105450,140.88,166.4,185.6,161.7
2105476,88.44,126.25,180.8,124.96
2105500,142,198.95,224.8,184.76
2105609,102.38,108.7,154.7,116.5
2105658,93.44,128.95,129.6,116.74
2105708,84.88,100.55,136.1,102.83
2105807,91.94,100.55,136.5,105.37
2105906,100.81,101.35,154.8,112.78
2105922,135.25,166.85,188.3,160.52
2105948,91.94,100.55,136.5,105.37
2105963,91.69,107.9,166.5,115
2105989,174.38,203.7,220.7,197.2
2106003,81.19,86.9,124.4,93.07
2106102,175.81,219.7,250.1,211.04
2106201,43.56,61.85,57.7,54.59
2106300,22.5,40.25,42.9,34.65
2106326,71.56,97.05,98.4,88.48
2106359,81.56,101,136.8,102.02
2106375,65.94,96.3,93.4,85.11
2106409,42.12,70.6,46.4,55.43
2106508,60.44,75.65,93.2,74.17
2106607,104.88,113.35,165.7,121.78
2106631,105.19,111.4,151.5,117.96
2106672,36.44,54.4,57.9,48.91
2106706,153.31,194.45,221.7,186.07
2106755,107.5,109.3,153.7,118.33
2106805,20.69,35.65,40,31.39
2106904,100.81,95.8,136.9,106.48
2107001,169.25,200.8,242.7,198.93
2107100,37.75,72.35,61.2,57.89
2107209,53.12,84.2,87.1,74.02
2107258,181.75,244.75,254.7,225
2107308,172.75,188,194.7,184.15
2107357,75.62,89.05,108.4,88.59
2107407,90.81,93.2,129.7,100.3
2107456,58.06,70.9,87.3,70
2107506,31.75,49.5,42,41.7
2107605,34.5,51.9,59.8,47.57
2107704,166.75,182.2,199,180.48
2107803,116.94,140.5,185.2,142.02
2107902,144.5,169.3,197.7,166.85
2108009,164.25,180.45,193.4,177.63
2108058,18.56,30.35,32.8,26.78
2108108,83.88,98.95,129.7,100.39
2108207,84.38,93,135.1,99.15
2108256,67.88,82.55,95.4,80.24
2108306,93.5,99.15,130.4,103.98
2108405,20.12,40,43.4,33.83
2108454,78.06,80.1,103.3,84.43
2108504,103.56,102,137.9,110.35
2108603,28.94,49.45,52.2,42.91
2108702,100.38,96.95,149.9,109.65
2108801,75.88,85.25,120,89.54
2108900,92.56,100.55,146.9,107.85
2109007,180.44,214.5,226,205.15
2109056,19.06,35.8,38.5,30.57
2109106,108.62,120.8,166.5,126.5
2109205,49.94,78.6,76.2,68.11
2109239,46.44,72.85,78.5,64.89
2109270,36.44,61.15,71.6,54.83
2109304,63.69,89.95,88.8,80.57
2109403,23.75,51.7,44.1,40.33
2109452,30.5,46.1,41.7,39.72
2109502,229.12,275.5,296,263.83
2109551,184.5,227.3,248,216.91
2109601,56.19,70.95,71,65.83
2109700,190.06,243.8,271,231.02
2109759,124.12,144.2,181.1,145.24
2109809,40.56,59.25,67.4,54.52
2109908,99.75,99.35,145.4,109.5
2110005,82.81,102.4,128.2,101.2
2110039,48.81,73.25,82,66.65
2110104,32.94,48.9,52.2,44.07
2110203,84.38,98.75,118.2,97.98
2110237,24.31,36.1,42.4,33.37
2110278,19.44,42.3,37.5,33.3
2110302,91.94,98.75,138.3,104.98
2110401,41.06,76.9,66.3,62.13
2110500,39.25,56.1,63,51.74
2110609,33.06,53.5,60.4,47.89
2110658,154.5,203.4,235.7,193.41
2110708,137.44,163.65,178.9,157.85
2110807,158.25,207.55,253.7,200.43
2110856,139.94,203.75,232.1,187.72
2110906,137.06,146.4,170.5,148.39
2111003,73.19,84.8,106.3,85.43
2111029,94.31,105.4,132.4,107.41
2111052,188.25,227.1,205.6,208.91
2111078,85.75,93.6,130.1,98.8
2111102,153.69,162.3,173.4,161.72
2111201,31.75,49.5,42,41.7
2111250,103.12,112.75,150.4,117.59
2111300,33,50.95,43.7,43.13
2111409,89.38,88.95,127,97.37
2111508,106.81,103.8,153.3,115.61
2111532,213.75,266.6,286.6,252.57
2111573,188.88,235.35,219.1,215.65
2111607,181,235.25,243.5,218.17
2111631,90.12,114.5,166.9,117.41
2111672,93.69,112.7,166,117.67
2111706,53.19,67.1,80.3,65.13
2111722,93.62,96.85,139.7,105.04
2111748,101.5,122.3,147.3,120.5
2111763,140.31,197.3,224.7,183.43
2111789,19.38,38,39.6,31.87
2111805,149.56,195.55,201.4,180.83
2111904,157,189.05,195.5,179.3
2111953,147.56,156.85,186.4,160.04
2112001,235.62,258.65,289.8,257.41
2112100,67.12,78.85,91.8,77.59
2112209,83.12,94.35,134.9,99.26
2112233,84.81,87.1,128.8,95.37
2112274,102.44,100.75,148.2,111.65
2112308,127.12,157.95,189.6,154.11
2112407,33.19,48.6,50.9,43.74
2112456,31.5,54.55,60.4,47.8
2112506,19.88,32.6,37.1,29.15
2112605,30.62,55.5,44.6,44.48
2112704,52.56,76.9,87.5,70.74
2112803,81.31,89.35,120.6,93.35
2112852,179.38,244.6,274.8,228.48
2112902,105.5,102.65,148.8,113.67
2113009,91.62,100.55,132.6,104.41
2114007,83.06,100.7,126.4,100.15
2200053,54.5,78.55,54.8,65.02
2200103,91.75,116.7,140.4,113.17
2200202,96.38,129.35,150.1,122.39
2200251,23.94,41.75,33.7,33.8
2200277,24.44,31.95,32.2,29.39
2200301,65.44,88.35,87.7,80.24
2200400,56.06,79.75,90.9,73.93
2200459,135.62,144.45,190,151.28
2200509,115.62,142.75,143.4,133.46
2200608,107.94,131.35,143.7,125.89
2200707,95.5,130.95,134.5,119.39
2200806,173.06,205.6,245.3,202.91
2200905,65.06,100.4,84.1,84.57
2200954,63.69,83.5,73.5,74.43
2201002,101.56,131.15,122.3,118.93
2201051,15.06,25.35,15.4,19.61
2201101,141.94,165.25,158.4,155.65
2201150,206.62,217.75,231.8,216.93
2201176,75.38,110.65,89.6,93.8
2201200,42.25,65.9,70.2,58.61
2201309,209,255.95,229.9,233.96
2201408,92.75,118.35,137.1,113.52
2201507,43.75,61.8,57.7,54.63
2201556,63.94,86.8,84.2,78.28
2201572,32.69,43.65,36.4,38.26
2201606,74.12,94.65,96.1,87.83
2201705,146.06,154.85,196,160.74
2201739,46.38,65.85,51.6,55.98
2201770,40.62,62.85,57.2,53.89
2201804,44,69.7,55.8,57.74
2201903,175.38,186.6,220.1,189.98
2201919,4.31,11.35,7.5,8.07
2201929,89.38,128.15,126.5,114.3
2201945,44.62,61.2,50.5,53.11
2201960,33.75,46.85,40.2,40.85
2201988,94.31,105.95,123.3,105.67
2202000,15.88,27.9,25.4,23.17
2202026,22.5,38.2,22,29.22
2202059,43.69,67,58.9,57.13
2202075,93.56,133.05,104.3,113.07
2202083,1.5,8.2,4,4.96
2202091,23.88,34.6,29.4,29.74
2202109,68.12,94.9,85,83.43
2202117,73.06,88.05,82.6,81.65
2202133,33.62,50.45,41,42.54
2202174,45.44,65.15,70.2,59.39
2202208,46.75,69.25,68,61.15
2202251,159.69,149.9,188.3,161.65
2202307,125.44,124.4,178.6,136.54
2202406,39.75,58.15,50.3,50.04
2202455,73.12,94.2,77.4,83.22
2202505,103.88,129.55,144.6,123.89
2202539,32.06,44.4,47.8,40.85
2202554,42.81,60.05,51.6,52.22
2202604,33.69,55.2,45.8,45.67
2202653,16.5,30.7,32.5,26.15
2202703,11.5,18,16,15.3
2202711,42.19,61.4,50.1,52.26
2202729,17.44,21.6,23.6,20.59
2202737,53.62,80.2,79.4,70.78
2202752,134,133.85,185.9,145.22
2202778,80.56,107.55,110.7,98.85
2202802,60.69,85.4,68.7,73.17
2202851,73.62,107.7,100.8,94.35
2202901,191.44,245.3,200.8,216.89
2203008,205.25,257.6,223.5,231.98
2203107,142.75,156.15,185.5,157.87
2203206,153.56,183.3,182.1,172.7
2203230,177.31,179.45,210.6,185.48
2203255,96.19,119.75,147.4,117.57
2203271,38.62,59.15,48.9,49.78
2203305,73.31,106.5,118.7,97.61
2203354,75.81,117.95,96.7,98.67
2203404,57.94,87.25,67.1,72.67
2203420,20.75,33.1,18.5,25.63
2203453,77.56,98.05,77.3,86.41
2203503,75.12,107.75,105.9,96
2203602,133.12,130.95,184.4,143.33
2203701,42.12,62.35,66.7,56.26
2203750,86.88,127.5,124,112.61
2203800,123.12,119.35,147.2,126.72
2203859,68.88,96.1,86.9,84.63
2203909,136.12,150.65,176.9,151.3
2204006,82.56,117.45,99.8,101.48
2204105,123,156.3,140.6,141.3
2204154,23.5,34.8,32.2,30.3
2204204,33.19,54.75,46.3,45.41
2204303,26.12,31.4,40.1,31.46
2204352,53.19,73.5,59.8,63.46
2204402,203.06,242.25,234.9,227.02
2204501,165.62,163.55,177.5,167.3
2204550,128.44,145.05,155.5,141.54
2204600,90.62,123.45,129.3,113.3
2204659,2.94,13.85,10,9.22
2204709,55,88.1,55.9,69.59
2204808,65.56,86.75,72.5,76.28
2204907,64.06,87.3,76.4,76.85
2205003,57.44,80.15,62.6,68.43
2205102,142.81,134.15,173.9,145.8
2205151,53.81,77.4,58.2,65.02
2205201,47.5,63.55,54.7,56.04
2205250,94.94,125.75,136,117.26
2205276,38.81,60.8,62.7,53.57
2205300,170.31,153.3,187.3,166.61
2205359,82.25,107.45,113.1,99.91
2205409,41.94,56.45,58.4,51.83
2205458,39.94,62.35,64.7,55.07
2205508,54.44,76.45,78.2,69.17
2205516,28.12,54.95,47.9,44.09
2205524,164.06,190.35,195.1,182.24
2205532,95.94,129.05,132.8,118.35
2205540,93.62,121.75,148.4,117.76
2205557,50.75,79.9,68.7,67.33
2205565,65.88,87,58.6,73.48
2205573,29.31,45.25,28.8,36.13
2205581,78.62,108.7,125.1,101.8
2205599,36.56,57.25,44.9,47.37
2205607,177.62,182.2,218.5,188.5
2205706,2.44,9.2,5.3,6
2205805,40.5,63.9,68.8,56.83
2205854,41.62,61.55,66,55.59
2205904,135.38,152.85,194.8,155.89
2205953,24.56,36.4,34.1,31.78
2206001,179.38,183.6,206.9,187.2
2206050,44.06,57.8,50.9,51.52
2206100,42.81,63.25,60.6,55.57
2206209,47.5,71,61.6,60.78
2206308,90.88,118.85,149.2,115.72
2206357,26.88,42.85,33.2,35.2
2206407,89.5,114.6,136,110.52
2206506,27.38,49.3,41.8,40.04
2206605,181.06,213.25,206.4,200.57
2206654,130.88,163.5,174.9,154.63
2206670,46.25,64.5,68.7,59.07
2206696,25,41.5,47.9,37.15
2206704,116.12,131.5,159.5,132.24
2206720,85.31,107.65,137.1,106.28
2206753,46.5,63.65,53,55.37
2206803,45.62,71.05,64.1,60.7
2206902,70.62,104.8,76.9,86.85
2206951,52.44,81.95,72.9,69.72
2207009,77.81,111.75,94.7,96.24
2207108,92.75,118.35,137.1,113.52
2207207,28.44,40.1,34.2,34.76
2207306,80.44,103.1,100.5,94.65
2207355,114.12,110,138.4,117.61
2207405,156.75,166.15,186.8,167.37
2207504,105.94,132.55,164.3,130.2
2207553,62.38,85.05,72.2,74.37
2207603,167.44,221,208,199.54
2207702,3.69,12.15,8.1,8.33
2207751,95.56,117.25,129.1,112.28
2207777,49.5,68.1,53.8,58.52
2207793,63.5,98.3,101.6,86.91
2207801,57,77.3,53.2,65
2207850,132.69,125.6,176.9,139.22
2207900,18.94,37,22.4,27.54
2207934,79.44,103.2,100.4,94.33
2207959,72.69,93.4,87.9,85
2208007,62,82.7,66.6,72
2208106,21.94,35.4,31.5,29.87
2208205,23.38,33.35,21.9,27.39
2208304,35.44,41.05,34.4,37.65
2208403,39.06,51.9,47.1,46.39
2208502,48.81,70.8,60.2,60.85
2208551,186,194.7,225.2,198.3
2208601,75.56,99.7,102.4,91.89
2208650,63.69,88.3,57.7,73.09
2208700,173.5,187.85,210.6,187.8
2208809,94.81,123.9,112.3,111.26
2208858,172.88,224.1,210.6,203.35
2208874,94.94,104.7,113.6,103.24
2208908,189.94,232.3,262.6,224.15
2209005,137.81,130.8,167.3,141.17
2209104,69.5,94.1,79.3,82.33
2209153,60.38,90.05,86,78.85
2209203,236.69,259.75,284.5,257.11
2209302,163.38,160,205.6,171.09
2209351,46.75,72.25,55.5,59.74
2209377,80.81,118.45,97.5,100.8
2209401,33.19,58.9,49.6,47.93
2209450,98.25,131.6,145.9,123.11
2209500,77.19,108.1,98.6,95.28
2209559,104.56,120.55,136.5,118.46
2209609,79.69,99,111.7,95.04
2209658,60.94,79.1,66.7,70.09
2209708,101.94,123.65,145.2,120.78
2209757,196.5,256.5,225.5,228.89
2209807,96,129.45,145.9,121.39
2209856,36.44,62.95,50.4,51
2209872,17,27.5,17.6,21.7
2209906,52.94,84.85,66.1,69.67
2209955,69.25,90.7,79.2,80.74
2209971,42.5,65.1,73.8,59.13
2210003,76.25,98.8,91.6,89.39
2210052,40.31,52.25,48.3,47.24
2210102,99.5,120.7,145.1,118.63
2210201,46.88,73.7,54.8,60.26
2210300,25.56,37.5,34.8,32.76
2210359,77.44,112.1,104.4,98.37
2210375,32.5,56.35,49.4,46.54
2210383,80.88,102.55,111.5,96.96
2210391,85.38,113,121.4,105.22
2210409,30.62,53.15,36.2,41.63
2210508,96,121.3,146,117.87
2210607,92.38,111.1,126.5,107.93
2210623,178.38,238.65,212.3,211.96
2210631,153.75,164.55,201.6,168.85
2210656,36,56.55,57.2,49.54
2210706,31.69,48.55,36.1,39.98
2210805,71.56,93.1,95.6,86.15
2210904,87.19,110.45,107.5,101.72
2210938,45.38,70.3,55.7,58.46
2210953,110.69,114.45,145.1,119.8
2210979,83.69,116.35,90.9,99.46
2211001,74.62,98.25,108.5,92.26
2211100,53.31,81.95,71.9,69.8
2211209,160.31,189.35,226.6,187.35
2211308,62.25,92.6,73.9,77.98
2211357,95.56,128.8,134.6,118.5
2211407,82.31,117.8,93.5,100.17
2211506,63.81,86.05,74.4,75.78
2211605,30.06,41.55,37.8,36.74
2211704,70.81,93.15,89.8,84.65
2300101,49.69,56.55,65.9,56.2
2300150,13.75,12.15,9.2,12.07
2300200,2.62,4.4,1.7,3.2
2300309,21.69,20.5,34.5,23.96
2300408,18.06,30.1,19.4,23.59
2300507,3.25,6.2,8.9,5.76
2300606,36.44,42.95,40.7,40.2
2300705,2.62,14.9,5.6,8.61
2300754,5.25,4.3,4.1,4.59
2300804,23.06,28.75,21.8,25.26
2300903,7.31,4,10.3,6.52
2301000,17.19,15.85,14.9,16.11
2301109,4.56,8.1,7.5,6.74
2301208,10,12,9.2,10.7
2301257,8.44,21.45,6.6,13.7
2301307,32.06,32.9,52,36.76
2301406,14.31,14.5,15.6,14.67
2301505,14.62,25.15,12.1,18.65
2301604,30.31,37.05,42.3,35.85
2301703,43.75,43.1,39.5,42.54
2301802,26,35.9,30.5,31.28
2301851,5.19,9.35,6.3,7.24
2301901,50.25,56,69.9,57.02
2301950,8.62,9.7,7.8,8.91
2302008,38,33.9,40.5,36.76
2302057,0.12,6,2.3,3.15
2302107,35.12,30.85,32.9,32.78
2302206,6.56,8.45,6.8,7.43
2302305,1.81,2.95,1,2.13
2302404,7.44,8.25,4.7,7.2
2302503,41.62,55.1,51.9,49.72
2302602,0.44,3.3,0.6,1.72
2302701,28.31,32.95,39.1,32.67
2302800,3.06,4.35,2.3,3.46
2302909,13.69,14,14.1,13.91
2303006,15.44,13.7,17.3,15.09
2303105,4.69,10.3,6.3,7.48
2303204,36.06,50.3,64.6,48.46
2303303,32,45.15,37.8,38.98
2303402,12.94,21.75,21.6,18.65
2303501,11.31,11.15,8.9,10.72
2303600,19.38,27.45,17.7,22.52
2303659,4.19,9.25,5.8,6.74
2303709,8.25,9.55,8.4,8.85
2303808,27.31,37.8,30.5,32.57
2303907,0.06,9.75,2.5,4.8
2303931,6.62,7.8,4.6,6.7
2303956,9.19,12.5,8.7,10.52
2304004,3.81,10.7,4.3,6.91
2304103,8.25,21.35,3.3,12.87
2304202,44.69,65,71.8,59.41
2304236,6.88,21.95,13.2,14.8
2304251,2.12,3.4,1.1,2.46
2304269,6.88,12.3,9.1,9.72
2304277,6.44,11.95,16.5,11.02
2304285,22.12,19.8,20.5,20.76
2304301,37.06,43.85,41.4,40.96
2304350,1.88,5.6,2.9,3.72
2304400,35.12,27,22.7,28.89
2304459,5,8.5,8.2,7.22
2304509,13,21.15,18.7,17.78
2304608,9.38,4.35,13.1,8
2304657,13.25,24.25,21.8,19.89
2304707,1.19,11.4,8.1,7.13
2304806,43.12,53.2,45.2,47.96
2304905,1.44,6.3,2.9,3.87
2304954,19.06,16.9,15.1,17.26
2305001,10.38,18.7,16.8,15.39
2305100,57.12,50.4,54,53.52
2305209,7.94,9.7,7.3,8.57
2305233,11.31,10.25,12.1,11.02
2305266,5.62,7.9,6.6,6.83
2305308,15.75,27.25,22.2,22.15
2305332,3.69,8.8,5.7,6.35
2305357,5.81,5.15,7.2,5.83
2305407,14.06,28.45,19.4,21.48
2305506,24.94,32.75,34.8,30.48
2305605,5.94,13.4,10.5,10.17
2305654,6.94,28.7,4,15.76
2305704,29.31,34,33.5,32.26
2305803,11.44,13.85,11.4,12.48
2305902,8.94,23.05,10.3,15.37
2306009,3.75,11.6,7.2,7.91
2306108,0.75,5,1.8,2.83
2306207,3.88,4,2.9,3.72
2306256,19.38,22.85,15.6,20.07
2306306,5.62,4.45,5.2,5.02
2306405,6.75,5.25,4.2,5.54
2306504,9.88,11.85,10.4,10.85
2306553,4.81,5.2,4.4,4.89
2306603,3.06,3.8,3.4,3.46
2306702,5.5,14.9,4,9.26
2306801,6.06,14.65,5,9.57
2306900,7.81,20.1,13.6,14.41
2307007,3.56,4.15,3.4,3.78
2307106,47.88,50.85,60.7,51.96
2307205,38.69,52.9,55.8,48.59
2307254,1.69,2.55,0.9,1.89
2307304,39.88,52,70.3,51.76
2307403,19.56,40.55,31.9,31.37
2307502,41.56,35.55,34.9,37.5
2307601,4.25,8.2,5,6.13
2307635,4.19,6.15,3.3,4.85
2307650,18.94,25.3,16.5,21.17
2307700,22.31,22.65,24.4,22.91
2307809,1.81,4.05,0.9,2.59
2307908,0.88,4.9,1.3,2.72
2308005,6.62,13.75,8.6,10.15
2308104,30.75,36.5,45.3,36.41
2308203,3.94,18,10.9,11.57
2308302,47.62,50.2,57.8,50.96
2308351,4.44,16.45,9,10.65
2308377,1.94,3.15,0.5,2.15
2308401,51.06,59.95,78.2,60.83
2308500,11.81,15.15,10.4,12.96
2308609,6.31,7.85,3.9,6.46
2308708,3.62,10.1,4.8,6.7
2308807,0.94,6.55,5.4,4.35
2308906,1.5,3.9,0.9,2.41
2309003,11.38,13.05,16.2,13.15
2309102,44.12,36.15,38.7,39.48
2309201,37.5,50.9,45.8,45.13
2309300,8.75,12.95,8.1,10.43
2309409,10.94,33,12,20.76
2309458,5.31,9.25,4.7,6.89
2309508,12.62,35.45,14.6,22.98
2309607,11.31,10.25,12.1,11.02
2309706,19.38,22.85,15.6,20.07
2309805,50.75,44.4,47.5,47.28
2309904,9.88,18.4,12.6,14.17
2310001,2.56,5.8,2,3.85
2310100,42.25,39.2,41.9,40.85
2310209,6.12,7.25,7.3,6.87
2310258,4.06,7.45,6.4,6.04
2310308,12.5,25.6,17.8,19.35
2310407,7.38,3.95,11.1,6.7
2310506,10.31,10.45,3.3,8.85
2310605,33.94,46.25,49.3,42.63
2310704,2.5,3.85,4.2,3.46
2310803,6.62,12.65,19.2,11.98
2310852,15.12,12.6,11.7,13.28
2310902,12.19,17,10.2,13.85
2310951,8.25,11.6,7.9,9.63
2311009,9.25,28.5,7.2,17.17
2311108,49.62,57.8,61.5,55.76
2311207,30.81,31.25,44.4,33.96
2311231,5.81,13.8,6.7,9.48
2311264,9.44,24,15.7,17.13
2311306,5.19,7.15,8.5,6.76
2311355,14.31,29.6,22.2,22.67
2311405,7.06,9.8,9.3,8.74
2311504,4.62,6,3.1,4.89
2311603,15.5,18.2,14,16.35
2311702,10.12,18.2,11.6,13.96
2311801,2.44,6.25,2.3,4.07
2311900,14.94,31.65,21.1,23.54
2311959,23.44,25.6,44.4,28.93
2312007,2.81,6.05,2.9,4.24
2312106,35.56,47.35,57,45.35
2312205,2.88,10.05,2.9,6
2312304,13.25,24.7,21.8,20.09
2312403,6.75,6.95,5.2,6.5
2312502,3.06,11.95,7.8,7.96
2312601,3.94,4.2,2.9,3.83
2312700,8.69,13.4,7.4,10.46
2312809,4.31,4.55,7.3,5.07
2312908,1.88,5.6,2.9,3.72
2313005,6.69,20.5,8.9,13.17
2313104,3.62,11.05,7.8,7.76
2313203,4.69,12.15,6.3,8.28
2313252,26.94,35.6,23.2,29.89
2313302,13.75,19.45,8.6,15.11
2313351,7.56,3.4,11.4,6.59
2313401,12.5,22.6,25.8,19.78
2313500,5.75,5.3,6.2,5.65
2313559,6.06,4.1,3.1,4.57
2313609,16,23.7,25.8,21.48
2313708,22.5,39.8,30.6,31.78
2313757,3.94,2.15,2.8,2.91
2313807,6.62,5.5,5.4,5.87
2313906,1.44,7.15,4.8,4.65
2313955,4.62,12.75,6.1,8.48
2314003,41.56,48.05,42.1,44.5
2314102,10.75,22.25,17.9,17.3
2400109,7.06,10.95,12.6,9.96
2400208,3.88,7.55,12.2,7.28
2400307,5.12,7.6,4.3,6.02
2400406,9.94,14.3,21.1,14.26
2400505,9.38,25.05,22.8,19.11
2400604,14.44,21.9,26.2,20.24
2400703,4.62,7.5,5.9,6.15
2400802,4.19,7.85,6,6.17
2400901,10.69,24.85,24.2,19.78
2401008,7.44,12.25,5.8,9.17
2401107,5.56,6.15,6.3,5.98
2401206,75.81,65.85,76.8,71.7
2401305,7.81,13.3,11.4,10.98
2401404,86.12,78.25,100.8,85.89
2401453,5.5,6.2,4.5,5.59
2401503,25.94,22.65,20.2,23.26
2401602,32.81,32.2,38.3,33.74
2401651,9.25,6.9,6.2,7.57
2401701,50.56,45.55,45.5,47.28
2401800,58.19,52.5,56.8,55.41
2401859,13.88,18.2,19.8,17.04
2401909,20.38,19.45,17.1,19.26
2402006,5.38,12.2,15.9,10.63
2402105,15.31,12.95,15.5,14.33
2402204,79.44,73.05,88.3,78.59
2402303,8.12,10.45,10.4,9.63
2402402,8.69,16.75,10.4,12.57
2402501,4.62,6.9,7.1,6.15
2402600,66.31,59.5,76.5,65.57
2402709,14.25,8.15,9.4,10.54
2402808,15.75,17.2,17,16.65
2402907,9.12,16.65,21.7,15.13
2403004,8.44,10.8,13.2,10.5
2403103,12.56,10.8,14.7,12.26
2403202,7.38,12.65,21.6,12.76
2403251,78.56,64.05,74.9,71.46
2403301,7.38,12.65,21.6,12.76
2403400,12,19.45,19.3,16.83
2403509,58.19,52.45,55.9,55.2
2403608,75.44,63.15,80.1,71.11
2403707,7.06,9.75,6.6,8.13
2403756,8.94,8.6,5.1,7.96
2403806,8.81,8.8,10.1,9.09
2403905,5.94,10.75,18.1,10.67
2404002,12.5,21.25,24.2,18.85
2404101,7.56,12.95,11.9,10.85
2404200,71.56,59.45,75.3,67.11
2404309,6.12,9.35,6.3,7.57
2404408,6,6.1,7.3,6.33
2404507,6.31,8,4.3,6.61
2404606,55.88,46.95,58.7,52.61
2404705,4.88,6.2,10.3,6.63
2404804,7.38,18.25,13.7,13.48
2404853,4.88,6.2,11.1,6.8
2404903,6.31,14,11.3,10.74
2405009,13.5,17.8,14.4,15.57
2405108,11.62,14.4,13.9,13.33
2405207,9.06,15.55,14,12.96
2405306,32.56,29,25.1,29.39
2405405,29.25,26.85,30,28.37
2405504,30.69,29.55,30.1,30.07
2405603,5,16.65,17,12.67
2405702,5.88,13.15,16,11.24
2405801,31.56,32.1,33.1,32.13
2405900,11.06,24.6,25.7,20.13
2406007,9.75,25.3,22,19.17
2406106,7.75,12.65,15,11.46
2406155,58.19,52.5,56.8,55.41
2406205,34.88,34.8,33.2,34.48
2406304,57.31,49.2,49.2,52.02
2406403,29.75,25.6,23,26.48
2406502,8.69,8.8,8.1,8.61
2406601,42.31,37.45,37.3,39.11
2406700,12.69,14,13,13.33
2406809,18.12,14.05,16,15.89
2406908,12.5,21.25,24.2,18.85
2407005,10.75,20.35,24.4,17.89
2407104,63.56,54.95,58.6,58.74
2407203,4.88,7.3,3.8,5.7
2407252,9.56,24.35,28.1,20.02
2407302,6.31,21.05,19.6,15.61
2407401,9.06,18.55,19.4,15.43
2407500,66.94,59.5,71.9,64.78
2407609,10.31,19.15,18.3,15.89
2407708,71.44,62.6,83.1,70.13
2407807,61.25,53.45,56.1,56.74
2407906,34.25,33.3,30.3,32.98
2408003,6.75,7.65,7.5,7.3
2408102,77.88,64.25,80.4,72.5
2408201,84.12,71.85,84.1,78.78
2408300,45.38,41.85,44.4,43.63
2408409,9.69,17.05,18.7,14.85
2408508,8,15.95,15.1,13
2408607,9.12,28.55,23.4,20.67
2408706,6,7.05,9.1,7.13
2408805,23.44,27.2,26.4,25.72
2408904,8.5,17.35,17.1,14.22
2408953,60.38,54.25,65.3,58.78
2409100,41.19,36.15,39.4,38.61
2409209,58.19,52.5,56.8,55.41
2409308,11.56,20.75,23.4,18.13
2409332,41.19,37.65,43.1,40.07
2409407,7.69,12,19.6,12.15
2409506,31.56,30.7,33.5,31.61
2409605,19,19.1,15.8,18.35
2409704,8.06,9.85,4.6,8.09
2409803,74.19,61.05,77,69.09
2409902,4.75,7.65,4,5.85
2410009,9.06,22.95,19.9,17.46
2410108,45.31,42.3,51.3,45.3
2410207,7.25,12.45,15,11.2
2410256,5.19,6.8,5,5.85
2410306,30.94,27.6,22.9,27.74
2410405,54.12,50.2,58.4,53.35
2410504,7.69,10.95,21.3,12.07
2410603,11.31,19.7,21.9,17.26
2410702,7.88,14.85,12.4,11.89
2410801,9.94,14.3,21.1,14.26
2410900,32.12,29.25,29.9,30.39
2411007,4.81,13.55,8.8,9.48
2411056,6.75,5.35,7.7,6.35
2411106,25.62,22.4,19.6,22.91
2411205,20.75,19.25,16.3,19.13
2411403,6.44,5.35,11.5,7.07
2411429,9.06,13.95,18.6,13.26
2411502,38.56,34.55,39.5,37.02
2411601,25.19,26.8,29.4,26.8
2411700,19.06,18.35,17.8,18.48
2411809,5.31,14.55,16.2,11.7
2411908,4.69,12.2,12,9.54
2412005,74.19,61.25,76.2,69
2412104,6.56,14.65,16.6,12.26
2412203,79,65.9,76,72.65
2412302,30.56,29.3,29.6,29.8
2412401,5.5,12.05,13.9,10.17
2412500,9.12,16.65,21.7,15.13
2412559,38.31,34.15,38,36.43
2412609,33.12,27.25,29.2,29.72
2412708,45.5,41.45,42.3,43.04
2412807,6.75,6.4,13.4,8.04
2412906,16.88,13.05,11.5,14.04
2413003,8.75,9.25,9.9,9.22
2413102,37.25,32.55,30.2,33.67
2413201,85.19,72.4,87,80.02
2413300,35.12,34.9,33.3,34.63
2413359,4.44,8.45,6.5,6.63
2413409,7.31,18.85,17.4,14.52
2413508,38.62,36.25,36,37.02
2413557,11.5,22.7,24.8,19.26
2413607,6.12,13.4,9.9,10.11
2413706,27,23.85,19.3,23.96
2413805,7.69,12.95,12,10.91
2413904,53.56,51.2,62.4,54.46
2414001,26.19,25.05,20.9,24.54
2414100,7.69,29.9,20.8,20.2
2414159,9.31,8.35,10.6,9.17
2414209,78.81,67.95,84.5,75.33
2414308,5.25,15.85,16.7,12.35
2414407,47.88,43.8,50.8,46.74
2414456,6.62,10.95,11.9,9.65
2414506,9.19,15.3,8.9,11.78
2414605,4.94,6.65,9.7,6.72
2414704,58.19,52.45,55.9,55.2
2414753,11.19,19.75,20.8,17
2414803,61.25,53.45,56.1,56.74
2414902,7.88,14.85,12.4,11.89
2415008,87.56,80.45,99.3,87.02
2500106,27.19,41.55,49.8,38.35
2500205,30.06,45.1,33.9,37.43
2500304,83.44,64.9,94.3,77.74
2500403,86.38,69.5,96.3,81.2
2500502,77.06,60.2,81.3,70.65
2500536,28.06,18.85,32.2,24.96
2500577,34.69,29.05,45.8,34.65
2500601,133.44,113.35,137.6,125.61
2500700,26.81,30.2,40.5,31.26
2500734,11.56,22.6,16.1,17.35
2500775,11.62,30.75,34.1,24.83
2500809,63.5,58.3,65.7,61.72
2500908,81,67.9,85.3,76.24
2501005,42.69,39.45,49.6,42.78
2501104,82.94,64.75,90.1,76.59
2501153,15.38,20.5,27,20.13
2501203,52.5,40.05,53.4,47.28
2501302,55.06,41.45,61.4,50.52
2501351,12.88,11.1,21,13.87
2501401,88.94,88.6,100.1,91.22
2501500,77.12,68.1,79,73.61
2501534,9.12,14.1,7.1,10.85
2501575,26.06,18.7,30.3,23.78
2501609,25.81,18.65,20.1,21.46
2501708,19.31,17.8,19.5,18.7
2501807,118.69,96.95,123.6,110.3
2501906,67.25,58.55,66.1,63.22
2502003,9.56,16.5,19.4,14.72
2502052,13.38,24,29.3,21.46
2502102,26.75,39.8,44.4,36.26
2502151,18.38,14.15,16.5,16.13
2502201,26.94,34.8,38.1,32.78
2502300,9.75,29.2,21,20.65
2502409,37.62,45.6,43.3,42.33
2502508,22.06,16.45,24.1,20.07
2502607,26.94,41,32,34.15
2502706,77.12,68.1,79,73.61
2502805,9.06,19.85,17.3,15.54
2502904,11.06,28.6,23.5,21.39
2503001,136.75,110.25,144,126.8
2503100,21.19,16.2,22.2,19.24
2503209,117,107.05,126.5,114.74
2503308,30.44,30.15,35.9,31.5
2503407,13.88,26.2,16.9,19.89
2503506,43.75,39.1,51.3,43.37
2503555,12,26.55,19,19.85
2503605,59.94,51.2,55.9,55.26
2503704,29.06,40.2,40.9,36.48
2503753,30.38,49.3,30.3,38.59
2503803,62.19,46.15,66,56.04
2503902,14.44,23.85,21.3,20.02
2504009,50.12,42.1,50.2,46.65
2504033,74.81,71.8,84,75.5
2504074,9.69,21.9,17.6,16.72
2504108,34.81,48.35,35.1,40.76
2504157,49,40.8,57.8,47.35
2504207,15.88,40.85,26.7,29.09
2504306,10.38,28.65,26.6,21.85
2504355,28.69,17.45,28.3,23.72
2504405,31.94,42.85,55.2,41.74
2504504,14.06,36.95,17.4,24.74
2504603,126.69,110.85,140.9,122.89
2504702,9.88,22.9,18.8,17.48
2504801,33.06,47,34.1,39.35
2504850,10.06,22.95,16.9,17.15
2504900,81,59.3,81.8,71.74
2505006,6.88,14.1,6.4,9.91
2505105,23.38,18.95,18.7,20.43
2505204,77.06,60.2,81.3,70.65
2505238,71.31,61,68.2,66.15
2505279,58.56,52.05,65.2,57.17
2505303,27.19,42.3,44.2,37.46
2505352,37.94,29.7,40.5,34.91
2505402,14.12,26.1,15.6,19.65
2505501,9.19,28.25,17.4,19.26
2505600,29.19,38.8,46.2,37.07
2505709,65.31,56.8,67.7,62.13
2505808,62.81,56.1,64.8,60.33
2505907,14.69,36.05,25.6,26.35
2506004,59.75,46.9,68.9,56.15
2506103,49.19,35.05,52.8,43.83
2506202,10.75,11.8,9.5,10.93
2506251,29.69,19.5,33,25.98
2506301,73,59.95,73.1,67.35
2506400,57.75,40.95,59.3,50.78
2506509,12.94,17.25,21.9,16.76
2506608,33.25,39.55,53.8,40.46
2506707,22.19,41.3,41.8,34.76
2506806,56.81,41.5,68.8,52.76
2506905,63.12,43.4,62.7,54.46
2507002,31.12,42,33.5,36.37
2507101,67.31,61.1,68,64.76
2507200,47.69,34.2,53.3,43.04
2507309,71.44,62.6,83.1,70.13
2507408,10,30.75,22.2,21.67
2507507,128.75,113.1,138.8,124.13
2507606,63.38,47,72.8,58.3
2507705,11.88,12.05,19.4,13.59
2507804,15.38,15.35,24.7,17.39
2507903,74.44,53.05,77.5,65.8
2508000,32,39.9,49.9,39.33
2508109,10,30.75,22.2,21.67
2508208,59.06,51.75,60.6,56.22
2508307,66.62,54.2,68.6,61.65
2508406,9.88,28.6,29.5,22.28
2508505,12.12,23,14.8,17.43
2508554,53.94,48.1,50,50.54
2508604,105.44,94.75,113.5,102.54
2508703,15.94,35,28.8,27.02
2508802,10.75,31.7,13.3,20.41
2508901,72.94,74.3,77.9,74.61
2509008,30.31,49.15,46,41.91
2509057,89.88,83.25,95.5,88.22
2509107,63.94,46.7,63.3,56.3
2509156,25.44,31.6,40.9,31.48
2509206,66.19,48.7,73.6,60.2
2509305,86.75,82.45,97.4,87.2
2509339,73.56,55,83,67.54
2509370,10.31,32.1,22.4,22.41
2509396,14.56,34.25,23.8,25.13
2509404,53,34.25,54.3,45.13
2509503,52.5,40.05,53.4,47.28
2509602,42.06,44.35,46,43.91
2509701,21.5,36.95,27.9,29.61
2509800,68.5,48.3,65.2,59
2509909,63.38,48.8,67,57.83
2510006,26.88,40.55,36.8,34.98
2510105,13.5,17.8,14.4,15.57
2510204,28.38,38.05,42,35.54
2510303,8.31,18.2,8.8,12.72
2510402,17.12,35.15,30.8,27.93
2510501,14.69,19.65,13.5,16.59
2510600,15.75,28.65,15.9,21.39
2510659,11.44,17.45,19.9,15.89
2510709,13.44,22.35,16.5,17.98
2510808,10.19,21.5,13.7,15.87
2510907,10.31,32.8,17.8,21.72
2511004,28.38,38.05,42,35.54
2511103,6.75,16.95,7.1,11.26
2511202,118.38,101.8,121.2,111.78
2511301,23.06,31.65,36.2,29.65
2511400,12.5,14.95,11.5,13.35
2511509,66.56,48.45,71.9,59.85
2511608,92,78.4,98.6,87.52
2511707,78.62,68.85,86.7,76.13
2511806,67.25,58.55,66.1,63.22
2511905,135.12,112.9,142.8,127.13
2512002,34.31,30.15,35.6,32.78
2512036,11.19,19.75,20.8,17
2512077,15.44,25.8,37.3,24.7
2512101,12.94,28.7,18.6,21.02
2512200,14.44,26.3,16.8,20.11
2512309,28.06,41.8,47,38.15
2512408,57.5,42.45,52.8,49.93
2512507,37.88,32.55,39.4,35.89
2512606,9.81,21.65,15.2,16.13
2512705,59.75,46.9,68.9,56.15
2512721,64.56,60.85,73.7,64.93
2512747,48.5,41.5,52.9,46.41
2512754,56.81,41.5,68.8,52.76
2512762,65.69,51.55,74.1,61.37
2512788,21.75,15.85,22.9,19.43
2512804,10.31,28.35,25,21.35
2512903,89.88,83.25,95.5,88.22
2513000,13.69,17.45,28.4,18.52
2513109,58.25,42.95,63.1,52.65
2513158,44.75,34.1,45.7,40.33
2513208,8.5,29.2,20.9,20.2
2513307,24.94,31.6,38.4,30.76
2513356,29.88,44.05,50.5,40.52
2513406,11.75,22.3,22.9,18.76
2513505,28.38,47.7,49.1,41.28
2513604,26.31,38.85,40,34.74
2513653,12.06,24.15,29.4,21.09
2513703,98.88,85.75,107.4,95.02
2513802,17.38,31.7,16.3,23.37
2513851,9.5,14.75,24.5,15.04
2513901,7.94,18.6,19.1,15
2513927,15.38,33.75,19.9,24.35
2513943,12.38,22.7,16.4,17.74
2513968,28.62,49.15,27.3,37.26
2513984,10.44,29,25.4,21.76
2514008,12.5,22.7,18.9,18.33
2514107,22,30.85,32.8,28.2
2514206,21.25,35.65,42.6,32.15
2514305,31.81,45.1,44.3,40.3
2514404,10.19,21.25,16.9,16.46
2514453,56.12,39.1,52.7,47.98
2514503,37,44,36.1,39.85
2514552,33.31,46.25,49.9,42.54
2514602,14.25,31.9,20.1,23.2
2514651,6.19,17.65,21,14.39
2514701,12.06,21.55,25.9,19.2
2514800,10.69,21.5,14.5,16.22
2514909,11.5,22.8,20.5,18.37
2515005,87.75,61.2,86.5,75.93
2515104,61,47.3,66.9,56.33
2515203,26.81,38.5,33.9,33.43
2515302,83.5,65.4,86.1,76.2
2515401,7.94,15.6,11,11.93
2515500,11.62,25.7,16.8,18.87
2515609,67.25,58.55,66.1,63.22
2515708,31.81,45.1,44.3,40.3
2515807,65,50.95,78.6,61.85
2515906,92,78.4,98.6,87.52
2515930,67.25,58.55,66.1,63.22
2515971,65.69,51.55,74.1,61.37
2516003,66.31,58.6,70.9,63.96
2516102,13.62,14.75,15,14.41
2516151,9.31,13.9,6.9,10.78
2516201,19.25,32.25,33.7,28.04
2516300,12.75,23.6,16.1,18.2
2516409,49.5,41.55,51.5,46.48
2516508,10.25,19.7,19.6,16.39
2516607,32,39.9,49.9,39.33
2516706,11.69,29.75,20.2,21.39
2516755,13.12,11.75,18.1,13.61
2516805,21.5,30.25,36.8,28.63
2516904,12.75,25.25,32.2,22.41
2517001,43.88,34,47.3,40.33
2517100,9.06,19.65,19.1,15.85
2517209,11.56,31.1,29.5,23.96
2517407,21.75,37.25,27.8,29.8
2600054,141.38,111.65,145.7,129.39
2600104,30.56,39.3,52.6,39.15
2600203,61.06,87.55,57.1,71.72
2600302,66.88,75.3,73.4,71.96
2600401,169.81,148.7,184.4,163.8
2600500,49.56,69.4,60,60.46
2600609,29.38,55,46.1,44.15
2600708,111.81,91.2,118.4,104.28
2600807,50.69,63.6,65.5,59.52
2600906,118.69,106.3,136.8,117.24
2601003,96.5,115.95,133.1,112.91
2601052,139.5,106.45,144.3,126.17
2601102,27.56,42.3,31.1,34.74
2601201,32.38,48.55,45.1,42.17
2601300,126.12,116.45,144.2,125.85
2601409,177.19,159.65,192.6,172.91
2601508,115.12,120.4,133,121.3
2601607,27.81,47,37.5,38.26
2601706,31.81,47.85,47.2,42.13
2601805,27.81,46.1,43.1,39.09
2601904,66,55.85,69.4,62.33
2602001,29.94,44.15,44.5,39.28
2602100,80.69,106.15,97.2,95.35
2602209,77.94,58.05,85.5,70.93
2602308,112.12,105.9,127.4,112.74
2602407,89.38,114.3,118,106.43
2602506,15.69,33.65,30.2,26.65
2602605,33.56,41.25,44.3,39.24
2602704,95.88,80.7,104.3,91.11
2602803,42.12,58.5,57.4,52.57
2602902,165.88,123.2,162.9,146.67
2603009,32.56,51.45,40.9,42.59
2603108,35.81,50.9,49.9,45.43
2603207,62.62,88.05,87.8,79.15
2603306,71.31,90.1,90.1,83.57
2603405,31.81,44.6,49.5,41.22
2603454,173.75,119.15,172.9,149.83
2603504,87.06,84.4,106.7,90.17
2603603,86.94,61.15,84.2,75.13
2603702,107.81,120,136.2,119.28
2603801,55.88,69.9,74.4,66
2603900,30.25,39.8,52.3,39.2
2603926,28.38,43.85,34.4,36.41
2604007,95.56,80.35,106.3,91.28
2604106,34.38,41.95,46.3,40.26
2604155,50.56,39.65,56.9,47.2
2604205,137.56,127.35,143.1,134.33
2604304,34.69,43,50.1,41.65
2604403,100.19,80.6,101.3,91.91
2604502,95.62,74.85,102.6,88.11
2604601,133.25,100,133.4,118.83
2604700,110.44,131.4,143.6,126.76
2604809,134.5,123.15,157.4,134.54
2604908,52.44,44.05,54.6,49.26
2605004,88.19,93,96.3,92.04
2605103,27.44,41.65,51.1,38.76
2605152,41.38,72.8,46.7,56.2
2605202,133.62,110.7,137.8,124.57
2605301,34.31,51.2,51.7,45.43
2605400,86.31,72.2,92.7,81.57
2605509,86.94,61.15,84.2,75.13
2605608,32.12,43.15,50.3,40.87
2605707,31.81,46.75,35.5,39.11
2605806,46.25,45.05,51.8,46.93
2605905,179.5,157.85,199.7,174.48
2606002,89.31,114.8,119.4,106.93
2606101,82.38,68.8,87.5,77.59
2606200,139.38,107.6,143.8,126.52
2606309,35.06,48,46.9,43.26
2606408,68.88,54,70,62.65
2606507,60.56,80.6,78.3,73.13
2606606,30.06,45.05,36.5,37.98
2606705,61.94,80.2,81.4,74.11
2606804,157.94,116.2,163.6,141.02
2606903,28.12,41.85,37.8,36.2
2607000,34.88,51.85,43.7,44.17
2607109,26.56,40.35,37.8,35
2607208,167,146.35,185.5,162.04
2607307,27.38,32.8,38.4,32.13
2607406,28.62,42.5,38.3,36.76
2607505,42.94,59.4,56.4,53.02
2607604,158.88,124.65,162.5,144.78
2607653,100.38,76.8,95.4,89.04
2607703,11.25,27.9,18.1,19.98
2607752,145.44,110.8,148,130.93
2607802,129,103.85,137.2,119.85
2607901,171.44,119.45,165.8,147.61
2607950,128.38,127.7,138.4,130.26
2608008,26.94,33.95,38.8,32.57
2608057,33.69,57.1,36.9,44.57
2608107,75.19,58.7,85.1,70.17
2608206,149.38,126.85,164.5,142.87
2608255,70.62,85.55,90.4,81.41
2608305,71.31,90.1,90.1,83.57
2608404,79.94,98.2,105.7,93.48
2608453,95.56,80.35,106.3,91.28
2608503,100.19,80.6,101.3,91.91
2608602,98.62,120.9,122.6,113.52
2608701,115.12,120.4,133,121.3
2608750,33.06,59.2,44.1,46.83
2608800,61.94,80.2,81.4,74.11
2608909,84.69,65.1,90.4,77.41
2609006,75.81,52.5,71.5,64.74
2609105,77.94,58.05,85.5,70.93
2609154,41.12,56,59.4,51.57
2609204,147.12,140.8,166.8,148.65
2609303,23.31,46.25,38.8,36.65
2609402,140.44,106.95,129.7,123.54
2609501,99.94,85.55,108.7,95.59
2609600,170.38,120.1,171.9,148.85
2609709,77.94,58.05,85.5,70.93
2609808,33.31,52.45,37.6,42.57
2609907,31.81,54.2,39.7,43.26
2610004,149.25,129.05,164.9,143.87
2610103,106.69,128.05,144.5,124.2
2610202,82.88,92.35,104.5,91.7
2610301,51.75,75.85,76.2,67.54
2610400,33.44,55.4,43.1,45.09
2610509,65.5,55.9,68.4,61.96
2610608,138.62,99.95,133.5,120.7
2610707,170.38,120.1,171.9,148.85
2610806,33.94,60.1,54.7,49.83
2610905,30.44,52,46.2,43.24
2611002,23.94,46.15,33.1,35.59
2611101,39.06,78.9,58.4,60.59
2611200,32,50.5,42,42.22
2611309,81.19,71.3,89.3,78.65
2611408,122,114.85,137.8,122.33
2611507,115.25,127.5,138.7,125.67
2611533,32.81,41.45,54.1,41.2
2611606,169.31,122.1,166.1,148.09
2611705,48.38,42.7,50.6,46.39
2611804,178.25,155.25,193.5,171.57
2611903,184.94,163.25,196.2,177.96
2612000,101.62,93.3,119.9,101.98
2612109,66.81,52.15,71.1,61.37
2612208,24.5,50.2,39.6,38.96
2612307,62.94,86.85,81,77.26
2612406,30.88,52.55,47.4,43.89
2612455,37.19,57.05,44.1,47.33
2612471,32,50.15,49.4,43.67
2612505,13.69,20,16.3,17
2612554,38.25,63.05,52.2,52.07
2612604,34.56,52.5,42.7,44.13
2612703,43.06,41.25,50.6,43.91
2612802,21.94,34.95,42.7,32.11
2612901,125.69,135.5,148.9,135
2613008,41.31,61.2,53.9,52.7
2613107,33.75,50.1,54.6,45.39
2613206,84.06,109.25,111.1,100.89
2613305,83.31,83.3,84.5,83.57
2613404,179.06,160.1,197.3,174.78
2613503,28.19,46.2,45,39.67
2613602,13.25,25.25,16.6,19.2
2613701,127.06,93.55,122.3,111.46
2613800,81.38,60.85,84.1,73.04
2613909,31,46.1,38.1,39.11
2614006,31.06,43.9,47.3,40.17
2614105,25.12,44.65,37.3,36.26
2614204,180.81,157.7,193.8,173.59
2614303,38,49.65,48.6,45.37
2614402,27.19,42.15,51.1,38.89
2614501,48.44,41.85,56,47.22
2614600,25.31,41.5,48.6,37.41
2614709,34.38,45.2,47.5,41.93
2614808,34.06,51.8,38.7,42.78
2614857,178.62,157.55,197.2,173.5
2615003,34.25,31.55,38.7,34.04
2615102,80.88,107.45,98.7,96.3
2615201,28.12,49.3,49.8,42.04
2615300,84.25,56.95,81.7,71.83
2615409,38.62,34.95,43.7,38.13
2615508,116.06,93.8,123.2,107.93
2615607,29,44.85,33.2,36.8
2615706,34.19,48.8,52.4,44.5
2615805,37.81,58.6,57.1,51.04
2615904,17.75,32.9,20.5,24.93
2616001,33.94,60.1,54.7,49.83
2616100,27.44,50.65,49,42.22
2616183,37.38,32.2,42.2,36.17
2616209,46.56,37.95,49.9,43.54
2616308,97.5,74.85,101.1,88.43
2616407,85.94,86.05,98.5,88.72
2616506,163.94,147.65,177.4,159.78
2700102,43.88,61.1,57.8,54.39
2700201,114.62,122.75,134.3,122.43
2700300,83.56,89.95,103,90.57
2700409,156.75,152,180,159.74
2700508,190.56,159.2,197.9,178.52
2700607,181.12,157.5,200.7,175.11
2700706,60.75,65.5,83.7,67.8
2700805,108.06,115.8,118.1,113.61
2700904,61.25,66.15,93.2,70.33
2701001,147,147.55,174.7,153.26
2701100,123.81,137.75,164.1,138.63
2701209,64.25,75,73.6,70.96
2701308,126.81,142.95,161.1,141.28
2701357,165.81,149.3,182.3,162.22
2701407,130,128.3,159.3,135.63
2701506,74.75,88.25,123.7,91.26
2701605,47.31,55.95,63.9,54.67
2701704,127.56,141.45,161,140.87
2701803,48.44,59.9,70.7,58.26
2701902,118.12,138.4,161.4,136.35
2702009,95.94,109.1,107.1,104.09
2702108,149.44,143.3,180.4,153.5
2702207,196.81,160.1,222.3,186.39
2702306,123.88,125,162.2,132.7
2702355,78.69,82.3,87.9,82.26
2702405,39.62,60.65,54.3,51.96
2702504,57.38,71.7,76.9,67.85
2702553,76.88,96.45,88.6,87.93
2702603,85.31,89.3,117.3,94
2702702,124.25,120.65,180.6,134.93
2702801,163.12,152.7,193.5,165.2
2702900,64.25,79.1,86.9,75.63
2703007,136.69,139.85,162.2,143.61
2703106,88.81,96.4,99.4,94.41
2703205,92.06,107.1,163.5,114.13
2703304,44.75,60.95,59.1,54.91
2703403,57.38,66.75,79,66.15
2703502,174.69,151.6,176.7,165.09
2703601,184.56,155.45,188.4,172.74
2703700,64,74,72.4,70.17
2703759,163,150.3,178.1,160.76
2703809,152.94,144.2,175.7,154.09
2703908,170.31,146.95,177.6,161.74
2704005,109.69,118.1,141.1,120.17
2704104,70.06,83.65,104.9,83.54
2704203,109.69,116.4,127.4,116.46
2704302,198.06,162.6,218.5,187.09
2704401,60.81,65.25,75,65.83
2704500,184.19,161.5,189.5,175.48
2704609,47.81,56.05,60.7,54.2
2704708,180.56,159,210.4,177.67
2704807,124,134.4,139.7,131.93
2704906,107.38,117.8,121.6,115
2705002,43.12,55.05,58.3,51.61
2705101,186.31,154.15,203.1,175.98
2705200,163.44,149.85,187.7,162.8
2705309,67.62,84.55,79.4,77.54
2705408,57.38,66.75,79,66.15
2705507,141.81,141.15,168,147.22
2705606,168.12,151.25,183.1,164.04
2705705,55.75,63.3,71.5,62.46
2705804,41.44,63.85,57.3,54.63
2705903,83,96.4,138.5,100.89
2706000,56.88,65.25,71.8,63.76
2706109,46.88,57.8,59.4,54.35
2706208,55.25,64.4,75.2,63.57
2706307,87.88,101.75,95.6,95.59
2706406,48.94,62.15,73.4,60
2706422,38.5,60.2,52.4,50.96
2706448,193.19,162.25,212.3,183.89
2706505,186.94,156.7,193.8,175.28
2706604,103.44,118.05,123.9,114.24
2706703,120,118.95,181.9,133
2706802,118.56,117.2,178,130.89
2706901,159.25,155.75,179.4,162.11
2707008,122.62,134.85,143.8,132.54
2707107,39.25,63.1,53.4,52.7
2707206,47.81,56.05,60.7,54.2
2707305,179,153.15,183.5,168.74
2707404,187.19,153.05,191.9,173.37
2707503,87.12,99.65,149.1,106.04
2707602,103.44,118.05,123.9,114.24
2707701,182.31,158.35,209.9,177.89
2707800,181.12,157.5,200.7,175.11
2707909,196.81,160.1,222.3,186.39
2708006,51.31,62.05,70.4,60.13
2708105,119.88,135.65,167.9,137.17
2708204,84.19,99,143,103.41
2708303,112.88,129.4,156.5,129.54
2708402,48,58.95,74.3,58.48
2708501,176.88,160.9,192,173.22
2708600,166.81,154.2,187.6,165.85
2708709,186.94,156.7,193.8,175.28
2708808,106.62,106.75,152.4,116.63
2708907,186.56,157,216,180.11
2708956,49.56,61.05,65,57.91
2709004,108.06,115.8,118.1,113.61
2709103,102.12,117.05,125.6,113.72
2709152,123.06,121.75,162.7,131.11
2709202,65.12,76.25,99.9,77.52
2709301,121.06,136.9,169,138.37
2709400,122.12,137.8,149.6,134.91
2800100,82,95,137.2,99.65
2800209,93.88,109.3,147.8,112.3
2800308,158.94,169.3,226,178.02
2800407,177.69,215.45,260.1,212.02
2800506,149.81,160.05,226.9,171.02
2800605,153.94,164.25,218.7,172.5
2800670,171.56,205.65,261.9,206.02
2800704,114.69,113.5,176.8,127.67
2801009,148.25,149,213.8,162.83
2801108,82.94,94.7,130.1,98.3
2801207,44.25,61.55,55.5,54.22
2801306,119.75,129.15,181.3,137.22
2801405,88.12,99.55,121.1,100.26
2801504,138.06,149.8,207.7,158.3
2801603,91.81,111.2,151.5,113.22
2801702,162.5,197.55,239.2,194.41
2801900,107.25,124.45,169,128.15
2802007,146.44,156.75,223.2,167.61
2802106,181.31,223.05,270.1,218.76
2802205,91.31,94.75,135.4,102.39
2802304,117.81,121.3,174.2,131.59
2802403,66.38,70.7,117.9,79.46
2802502,138.06,149.8,207.7,158.3
2802601,98.88,101.6,151.4,111.48
2802700,105.75,118.15,168.9,124.87
2802809,189.62,220.3,258.8,218
2802908,139.88,138,208.5,153.98
2803005,156.06,203.55,238.6,194.65
2803104,78.81,95.3,124.8,95.98
2803203,174.44,197,251.2,200.93
2803302,128.5,140.6,196.3,148.5
2803401,108.94,124.35,179.5,130.98
2803500,151.88,178.05,247.4,184.02
2803609,156.25,167.4,227.7,176.63
2803708,132.62,138.3,194.4,148.52
2803807,103.19,121.3,167.2,124.98
2803906,146.31,155,218.7,165.83
2804003,154.81,167.2,222.6,174.93
2804102,136.31,136.35,200.7,150.33
2804201,55.31,68.1,83.9,67.09
2804300,103.19,121.3,167.2,124.98
2804409,103.94,112.3,172.3,122.43
2804458,91.12,104.8,139.6,107.61
2804508,61.12,68.7,99.8,72.83
2804607,115.25,128,182.1,135.33
2804706,74.31,86.55,120.2,89.61
2804805,156.25,167.4,227.7,176.63
2804904,115.81,122.7,180.9,132.96
2805000,130.44,138.6,194.7,147.96
2805109,168,208,254.1,204.11
2805208,107.06,119.45,163.5,124.72
2805307,134.94,143.1,196,151.76
2805406,48.88,59.7,60.1,56.02
2805505,86.81,123.4,127.5,111.57
2805604,58.75,66.95,93.4,69.85
2805703,91.81,111.2,151.5,113.22
2805802,139.88,177.15,205.6,170.37
2805901,150.81,166.85,224.1,173.72
2806008,127.62,128.85,180.9,139.74
2806107,146.75,154,212.1,164.11
2806206,171.25,203,255.3,203.33
2806305,182.75,223.65,258.3,216.96
2806404,97.31,108.8,170.4,118.2
2806503,146.31,155,218.7,165.83
2806602,154.12,156,209.1,166.89
2806701,168.81,181.95,243,190.65
2806800,148.25,149,213.8,162.83
2806909,105.88,125.1,166.2,127.35
2807006,101.69,109.4,155.2,116.67
2807105,118.75,141.65,176.8,141.33
2807204,138.56,146.45,211.4,157.83
2807303,84.19,99,143,103.41
2807402,97.62,142.6,159.2,130.57
2807501,146.75,182.3,225.1,179.24
2807600,167.81,205.7,258.5,204
2900108,188.5,216.35,200.2,203.15
2900207,31.38,46.35,36.6,39.02
2900306,154.88,165.4,218.2,173.22
2900355,82.31,106,115.2,99.76
2900405,114.56,162.05,166,146.39
2900504,177.25,205.6,163.1,186.5
2900603,188.5,207.6,173.4,193.52
2900702,181.69,211.85,272.7,214.59
2900801,308.44,359.2,350.2,339.59
2900900,235.5,322.05,259.1,278.26
2901007,144.81,179.55,142.2,159.35
2901106,189.5,216.25,259.3,216.3
2901155,106.31,153.8,106.9,127.09
2901205,150.31,169.8,128.9,154.13
2901304,176.44,214.65,177.4,193.26
2901353,71.12,83.35,78.7,78.09
2901403,198.25,254.5,214,226.13
2901502,110.81,158.85,153.7,141.02
2901601,71.31,101.9,110.7,93.17
2901700,111.75,161.45,167.7,145.52
2901809,101.25,117.05,107.3,109.43
2901908,152.56,171.2,220.6,175.46
2901957,224.12,250.45,231.8,237.24
2902005,140.06,165.15,133.4,149.52
2902054,202.69,227.7,309.7,236.83
2902104,73.56,110.45,97.4,94.78
2902203,150.62,190.2,229,184.87
2902252,272.31,329.1,252.1,292.61
2902302,268,302.25,332.1,296.83
2902401,263.31,304.8,260.4,280.72
2902500,212.06,290.95,245.5,253.63
2902609,107.56,142.15,134,128.35
2902658,63.31,107.5,110.4,92.76
2902708,138.56,171.75,139.3,153.15
2902807,142.69,163.7,127.4,148.5
2902906,204.44,227.15,161.4,204.96
2903003,109.5,163.7,111,133.39
2903102,235.25,273.35,264.3,258.13
2903201,241.19,318.3,291.1,285.57
2903235,99.69,163.7,110.6,129.89
2903276,86.62,124.2,104,106.74
2903300,281.75,356.1,321.6,322.74
2903409,301.94,376.7,294.9,332.91
2903508,179,198.8,170.8,185.83
2903607,83.5,130.85,121.4,112.33
2903706,173.12,192.35,126,171.24
2903805,108.88,131.85,93.4,115.5
2903904,165.94,214.05,198.2,193.87
2903953,142.94,163.65,104.9,143.67
2904001,148.62,183.55,141.6,162.28
2904050,141.56,174.55,132.4,153.91
2904100,146.5,185.7,153.6,165.09
2904209,190.69,214.5,182,199.15
2904308,117.88,154.85,122.2,134.89
2904407,182.56,253.75,208.5,219.15
2904506,126.19,195.3,145.3,160.39
2904605,134.31,178,123.9,151.04
2904704,297.44,375.1,322.6,336.67
2904753,141.75,166.85,148.1,154.04
2904803,199.94,236.25,165.7,208.28
2904852,136.81,201.05,191.2,176.57
2904902,215.88,236.55,272.9,237.26
2905008,177.5,222.8,165.2,194.52
2905107,113.31,139.1,134,129.02
2905156,138.94,153.05,123.5,141.72
2905206,174.38,220.1,164,192
2905305,107.75,165.6,110.9,133.59
2905404,326.56,368.55,418.3,364.76
2905503,109.44,137,123.7,124.52
2905602,267.81,319.05,225.9,280.98
2905701,255.69,284.05,360,290.7
2905800,319.88,335.75,349,333.11
2905909,99.88,132.45,126.3,119.78
2906006,63.12,94,81.6,80.57
2906105,219.94,288.7,234.4,252.98
2906204,102.69,159.35,105.9,128.02
2906303,315.06,376.55,303.1,339.2
2906402,94.62,130.65,133,118.63
2906501,271.19,272.85,347,288.39
2906600,163.12,205.6,192.3,187.93
2906709,194.06,231.7,211.2,214.15
2906808,62.88,94.3,84.8,81.3
2906824,59.12,80.85,69.3,70.78
2906857,78.44,104.2,95.9,93.43
2906873,84.31,103.4,97.4,95.46
2906899,152.31,182.65,152.8,165.61
2906907,301.25,354.7,363.6,338.04
2907004,218.75,242.5,314.4,249.87
2907103,170.56,232.6,181.4,199.89
2907202,59.12,86.95,66.5,72.83
2907301,123.94,164.35,161.7,149.72
2907400,208.56,270.5,250.7,244.65
2907509,198.75,246.85,291,239.72
2907558,179.12,194.25,163.5,182.3
2907608,104.56,151.05,102.4,124.3
2907707,30.38,44.55,34.1,37.35
2907806,70,106.35,117.6,96.15
2907905,77.19,111.05,113.2,99.74
2908002,260.31,330.25,289.1,296.98
2908101,231.38,299.3,249.6,264.87
2908200,173.19,218.2,224.3,203.87
2908309,171.19,210.3,224.7,199.83
2908408,80.19,120.9,95.8,101.28
2908507,169.38,191.9,242.7,195.11
2908606,205.12,224.95,282.5,230.57
2908705,191.69,243,202.4,216.33
2908804,127.44,154.1,117.5,136.87
2908903,148.44,184.85,218.1,179.41
2909000,195.94,237.8,197.2,214.41
2909109,216.31,288.45,247.9,254.54
2909208,63.88,86,86.8,78.48
2909307,253.38,296.05,287,279.24
2909406,195.44,241.55,206,217.78
2909505,204.5,232.85,204.7,216.87
2909604,125.56,155.5,178.6,150.11
2909703,193.31,255.1,232.1,228.61
2909802,155.5,207.35,196,186.85
2909901,29.69,53.1,36.7,41.39
2910008,203.75,234.6,190.3,214.24
2910057,255.69,284.05,360,290.7
2910107,151.31,187.6,128.6,162.15
2910206,227.5,265.3,277.3,254.76
2910305,143.38,175.9,143.8,157.61
2910404,194.81,234.3,196.6,212.37
2910503,209.81,237.9,317.2,245.37
2910602,205.19,228.3,294.4,234.63
2910701,64,101.55,90.6,86.11
2910727,259.25,339.2,272.1,296.8
2910750,76.88,108.95,120.4,100.28
2910776,188.25,252.85,214.9,222.13
2910800,117.75,170.95,167.5,151.7
2910859,95.5,112.45,98,103.41
2910909,188.75,248.8,185.9,214.24
2911006,206.12,282,223.3,242.85
2911105,217.62,281.65,222.6,246.54
2911204,289.81,333.45,320.8,315.52
2911253,77.38,105.95,88.1,92.13
2911303,128.81,175.6,133.1,150.09
2911402,32.44,48.45,37.3,40.46
2911501,245.56,285.15,257.1,265.28
2911600,145.75,207.6,193.1,182.93
2911659,165.75,208.65,156.9,182.48
2911709,167.31,218.25,192.3,194.89
2911808,255.56,320.3,266.4,286.07
2911857,74.38,112.45,115,99.76
2911907,90.75,110.15,87.1,98.39
2912004,183.31,226.1,167.6,198.5
2912103,245.88,335.05,276.1,291.22
2912202,174.94,212.2,154.4,186.67
2912301,223.69,283.1,221.1,248.96
2912400,107.25,163.15,114.3,133.09
2912509,147.75,182.55,147,162.72
2912608,126.12,157.6,98.3,133.76
2912707,267.62,295.3,284.1,283.24
2912806,270.69,290.75,326.4,291.52
2912905,232.75,260.2,231,244.3
2913002,131.19,169,149.2,151.54
2913101,95.12,161.9,105.1,126.33
2913200,152.62,208,184.8,183.7
2913309,94.06,126.7,119.6,113.8
2913408,175.12,220.35,170.5,193.78
2913457,313.69,348.95,353.5,337.67
2913507,207.44,257.75,189.9,225.5
2913606,322.38,392.15,364.4,361.85
2913705,136.38,181.3,212.2,172.39
2913804,100.25,138.85,139.4,125.54
2913903,209.81,235.75,219.3,223.15
2914000,80.19,122.45,95.9,101.98
2914109,129.81,189.4,142,158.37
2914208,119.81,162.15,110.9,136.28
2914307,141.56,161.6,121.2,145.85
2914406,162.5,184.8,148.4,169.13
2914505,136.12,170.05,193.3,163.3
2914604,97.5,161.25,109.6,127.85
2914653,303.75,366.55,288.7,327.78
2914703,93.75,132.4,103.1,112.59
2914802,292.12,364.2,327,331.04
2914901,321.25,353,349.8,341.26
2915007,147.81,178.3,126,156.33
2915106,161.44,194.95,156.2,174.87
2915205,195.81,227.95,192.1,208.98
2915304,232.44,306.7,239,266.15
2915353,90.12,138.05,97.7,112.61
2915403,190.25,248.2,176.3,212.41
2915502,271,351.5,305.4,313.48
2915601,300.12,347.45,316.6,324.28
2915700,249.25,276.35,260.4,263.46
2915809,204.81,231.15,180.3,210.93
2915908,215.81,267.85,358.2,269.39
2916005,282.5,310.3,309.1,300.37
2916104,293.31,274.6,367.5,301.3
2916203,259.06,350.5,286,304.67
2916302,256.38,310.1,240.7,276.33
2916401,187.38,248.1,191.8,214.74
2916500,93.31,134.4,142.3,121.83
2916609,246.5,288.75,248.5,265.3
2916708,184.25,218.05,191.8,200.59
2916807,199.06,263.55,202.7,227.89
2916856,93.62,130.5,94.6,109.87
2916906,140,182.25,127,155.54
2917003,71.69,89.9,82.7,82
2917102,182.38,242.85,187.7,209.83
2917201,139.81,168.5,122.4,148.5
2917300,334.06,361.25,391.4,358.35
2917334,178.19,226.55,180,199.61
2917359,268.94,311.95,294.9,293.28
2917409,180.75,236.05,181.4,204.93
2917508,112.88,140,139.7,130.5
2917607,168.88,197.65,175.9,182.91
2917706,62.31,84.3,77.8,75.24
2917805,300.25,321.7,386.6,328.35
2917904,192.56,213.45,260.2,216.35
2918001,137.56,172.65,128.8,150.91
2918100,54,71.85,68.3,64.87
2918209,205.94,250.2,212.7,226.65
2918308,194.12,221.05,199.1,206.91
2918357,93.31,157.6,108.6,124.59
2918407,47.38,73.7,55.2,60.52
2918456,288.38,332,309.6,311.96
2918506,87.44,144.05,105,115.87
2918555,252.88,322.8,246,281.78
2918605,171.81,191.6,137.4,172.93
2918704,144.69,171.5,124.2,151.89
2918753,170.69,204.55,151.9,181.33
2918803,232.62,286.85,271.8,264.72
2918902,251,262.25,283.8,263.02
2919009,136,164.55,108.2,142.37
2919058,141.25,176.3,123.6,152.65
2919108,97.38,136,129.4,121.13
2919157,94.19,159.05,109.3,125.67
2919207,261.88,272.95,368.5,289.87
2919306,167.75,199.8,166.2,181.35
2919405,177.5,226,179.5,199.02
2919504,160.31,201.1,135.8,172.72
2919553,265.38,314.85,364.3,308.39
2919603,105.38,150.65,127.8,129.93
2919702,191.62,241.75,201.5,215.57
2919801,169.81,197.55,185.5,185.28
2919900,28.62,42.6,33.1,35.67
2919926,280.25,263.5,355.5,289.33
2919959,150,192.75,148.6,168.28
2920007,187.31,252.4,202.9,219
2920106,112.88,135.4,133,127.04
2920205,176.88,226.8,175.4,198.26
2920304,142.69,193.55,140.5,164.33
2920403,122.31,145.25,94.2,126.17
2920452,169.56,221.75,193.2,197.39
2920502,135.06,158.35,109,139.52
2920601,238,259.85,297.1,260.35
2920700,325.38,342.8,344,337
2920809,107.38,146.3,102.2,123.17
2920908,296.75,337.3,260.6,306.52
2921005,231.94,275.45,360.5,278.8
2921054,170.19,221.4,184.7,195.61
2921104,278.44,300.35,298.8,292.39
2921203,99.31,128.2,118.7,116.09
2921302,123.12,152.6,119.5,135.15
2921401,82.62,114.9,101,100.65
2921450,122.19,141.45,103.1,126.41
2921500,61.5,86.2,87.6,77.91
2921609,152.5,204.85,174.9,180.13
2921708,104.44,138.1,115.6,121.5
2921807,181.69,244.75,192.6,211.48
2921906,172.56,220.4,181,195.2
2922003,278.5,318.2,341.3,309.41
2922052,138.69,165.3,128.9,148.13
2922102,123.5,156.4,129.9,139.2
2922201,268,302.25,332.1,296.83
2922250,169.38,219.8,199.3,197.8
2922300,172.19,224.15,221.4,205.48
2922409,205.94,250.2,212.7,226.65
2922508,251.88,270.5,304.8,271.48
2922607,341.38,374.55,410.5,370.83
2922656,64.69,94.9,86.7,82.61
2922706,203.12,253.65,189.4,222.11
2922730,81.25,112.8,90.9,97.07
2922755,271.81,301,277.1,285.65
2922805,113.5,131.95,97.7,118.09
2922854,159.56,186.15,144.4,167.83
2922904,75.88,111,117.9,100.28
2923001,283.88,326,362.4,319.26
2923035,155.62,179.05,161.2,167.02
2923050,67.56,99.95,106.3,90.07
2923100,87.5,131.9,143.7,119.02
2923209,155.75,205.15,151.7,176.35
2923308,145.31,172.8,212.9,171.96
2923357,69.81,103.95,91.9,89.46
2923407,168.12,208.8,164.7,185.07
2923506,160.75,197.95,153.8,175.41
2923605,178.94,208.95,161.5,188.2
2923704,152.31,197.4,181.4,178.24
2923803,95.12,119.65,134.2,114.28
2923902,246.5,304.55,211.8,264.2
2924009,38.19,58.5,42.7,48
2924058,75.62,116.85,88.6,96.37
2924108,150.38,186.3,222.6,181.7
2924207,52.5,69.65,62.7,62.17
2924306,171.62,198.45,185.5,186.3
2924405,94.5,132.35,113.8,115.15
2924504,169.5,221.45,193.1,197.22
2924603,104.5,119.15,110,112.07
2924652,86,118.3,100.4,103.17
2924678,309.5,348.15,341.9,333.35
2924702,186.69,232,185,206.02
2924801,110.31,144.1,109.5,124.83
2924900,118.56,134.65,99,121.3
2925006,203.56,221.3,147.1,199
2925105,194.75,203.25,118.7,181.91
2925204,216.5,257.7,333,259.74
2925253,101.5,125.25,106.2,112.85
2925303,308.56,391.35,322.1,347.5
2925402,252.88,311.85,240.5,275.83
2925501,324.62,374.7,339.3,349.59
2925600,102.81,161.7,106.5,129.22
2925709,160.62,201.35,155.7,177.26
2925758,231.44,313.45,265.3,274.46
2925808,65.31,95.25,85,82.61
2925907,62.19,104.65,94.9,87.76
2925931,95.69,121.35,117,111.48
2925956,93.25,130.5,119.6,115.17
2926004,77.06,112.9,96.6,96.89
2926103,76,112.3,92.4,95.35
2926202,200.19,290.65,232.3,246.5
2926301,76.38,121.1,98.9,100.72
2926400,171.94,228.6,194.3,201.43
2926509,75.44,114.1,115.3,100.91
2926608,67.81,110.7,114.2,96.54
2926657,206,232.55,195.7,215.3
2926707,164.12,193.8,139.6,171.7
2926806,159.5,206.65,145.4,176.93
2926905,172.56,196.75,192.8,187.48
2927002,145.88,171.95,214.1,172.04
2927101,26.38,46.85,34.4,37.02
2927200,121.38,159.45,121.9,138.04
2927309,285.31,257.05,362.7,289.85
2927408,281.19,289.6,376.8,305.63
2927507,104.88,153.35,162.3,138.43
2927606,45.19,60.95,52.4,53.61
2927705,309.38,382.35,311,341.46
2927804,189.81,261.8,203,223.98
2927903,150.06,191.65,139.7,165.89
2928000,74.88,108.1,88.8,92.35
2928059,328.19,372.75,293.9,340.11
2928109,242.69,299.25,258.8,270.78
2928208,207.69,272.5,207.6,235.85
2928307,113.19,158.1,162.8,143.5
2928406,179.31,249.1,225.2,219.63
2928505,105.94,151.5,136.9,132.48
2928604,201.94,223.85,266.4,225.48
2928703,237.88,295.5,276.2,271.26
2928802,117.81,172.4,159.6,150.63
2928901,232.38,293.35,295.1,272.52
2928950,79.56,109.5,95.2,95.98
2929008,186.06,226.6,227.8,212.76
2929057,230.38,288.6,234.7,256.63
2929107,226.19,256.85,265.7,248.11
2929206,254.44,256.85,311.7,267.93
2929255,87.5,152.5,109.8,120.61
2929305,144.19,191.15,196.7,176.02
2929354,267.31,358.65,274.5,308.59
2929370,81.94,104.95,96.3,95.07
2929404,168.06,222.8,197.1,198.17
2929503,246.31,263.8,327.2,271.5
2929602,143.31,189.2,178.8,170.98
2929701,91.69,134.9,138.1,120.57
2929750,254.88,247.85,323.7,266.78
2929800,113.25,138.05,135.8,128.93
2929909,135.94,169.95,134.3,150.37
2930006,174.19,210.6,174.8,190.15
2930105,86.5,102.2,94.4,95.04
2930154,179.44,241.1,206.7,212.17
2930204,71.06,92.4,98.6,86.33
2930303,176.88,239.05,193,207.41
2930402,80.81,131.8,117.7,111
2930501,90.06,129,111.5,111.65
2930600,105.31,123.15,126.6,117.7
2930709,276.06,271.7,360.1,292.43
2930758,163.94,209.95,191,189.83
2930766,67.81,91.65,98.3,84.8
2930774,49.31,74.9,67.7,64.43
2930808,133.5,168.9,107.8,143.3
2930907,195.81,268.15,230.3,234.76
2931004,131.44,153.9,124,139.59
2931053,182.5,219.2,175,196.83
2931103,99.31,145.35,150.9,130.54
2931202,300.25,347.5,370.3,336.02
2931301,123.44,154.5,111.3,134.3
2931350,278.5,331.1,346.4,316.13
2931400,170.06,196.45,236.1,195.89
2931509,82,125.05,107.7,106.3
2931608,263,313.05,306.6,294.24
2931707,204.75,235,280.3,234.33
2931806,187.88,221.6,192.8,203.61
2931905,71.94,106.35,97,92.35
2932002,46.94,71.05,60.7,60.41
2932101,187.19,225.15,177.6,201.61
2932200,265.81,300.2,286.8,285.33
2932309,240.62,280.95,241.5,258.35
2932408,115.69,164.25,105.8,134.65
2932457,67.5,96,85.3,83.76
2932507,319.94,385.55,304.6,345.13
2932606,172,215.3,177.7,192.07
2932705,292.56,354.7,318.9,325.3
2932804,140.44,171,113.6,147.89
2932903,288.56,327.85,383.7,326.33
2933000,78.81,109.9,95.2,95.89
2933059,90.31,108.2,104.6,101.2
2933109,112.19,131.9,126.8,123.93
2933158,91.62,124,109,109.48
2933174,172.75,226.15,199.9,201.87
2933208,290.56,294.55,391.4,314.22
2933257,282.81,351.3,309,318.28
2933307,193.44,202.9,176.2,193.8
2933406,148.56,180.2,131.6,158.63
2933455,186.75,230.35,204.3,209.52
2933505,227.19,258,253.5,246.3
2933604,102.12,145.3,98.4,120.09
3100104,324.94,305,368.1,325.65
3100203,267.44,320.25,305.9,298.76
3100302,304.5,357.45,343.7,336.04
3100401,323,371.6,363,352.83
3100500,303.94,332.3,351.6,326.63
3100609,288.06,339.3,310.3,315.17
3100708,393.88,287.4,359.2,340.04
3100807,331.38,344.25,346.5,340.26
3100906,255.62,270.4,290.9,269.72
3101003,202.31,242.85,224.9,224.85
3101102,226.56,281.3,298.6,266.02
3101201,385.31,377.3,406.4,386.41
3101300,458.88,445.7,510.9,464.46
3101409,408.44,355.55,425.3,389.11
3101508,289.56,325.55,308.1,309.24
3101607,344.94,322.6,363.8,339.33
3101631,402.88,410.85,423.1,410.74
3101706,196.5,251.55,229.4,227.59
3101805,253.31,296.15,319,286.22
3101904,373.12,339,360.7,355.59
3102001,368.19,325.4,351.4,345.93
3102050,356,406.95,399,387.5
3102100,386.19,403.65,412.8,399.57
3102209,256.94,332.9,317.1,303.04
3102308,328.56,375.4,366.1,357.09
3102407,327.19,379.2,373,359.76
3102506,294.44,341.9,363.3,330.04
3102605,400.5,371.05,402.1,388.04
3102704,203.56,259,221.1,231.48
3102803,363.81,357.85,367,361.91
3102852,297.5,338.45,310.9,318.22
3102902,383.31,400.8,403.1,395.22
3103009,308.25,360.35,361.6,342.5
3103108,346.06,411.3,397,385.5
3103207,275.56,333,365.9,320.17
3103306,389.38,423.3,427.4,412.39
3103405,210.5,235.7,197.7,218.67
3103504,374.31,326.9,358.9,350.35
3103603,413.12,435.35,416.2,423.46
3103702,315.31,384,373.6,357.85
3103751,331.25,335.65,321.9,331.13
3103801,360.44,391.35,364.6,374.78
3103900,302.06,331.7,346.5,324.61
3104007,384.94,371,386.6,379.24
3104106,405.44,361.1,406.7,386.43
3104205,352.06,340.85,365.8,350.17
3104304,363.81,330.55,355.3,347.5
3104403,294.25,350.95,332.7,327.26
3104452,295.62,334.25,307.4,314.98
3104502,272.75,305.5,299.2,292.74
3104601,345.38,383.5,376.3,368.67
3104700,296.19,323.55,318.6,312.96
3104809,260.25,315.2,282.8,289.04
3104908,382.06,381.6,433.9,393.13
3105004,296.12,324.55,361.6,322.72
3105103,357.56,360.1,369.5,361.26
3105202,193.19,261.15,220.3,228.63
3105301,387,349.1,393.9,372.02
3105400,329.56,388.3,394.4,369.2
3105509,353.25,411.2,405,389.7
3105608,393.25,391.4,401.8,394.3
3105707,318.25,355,359.7,343.24
3105905,396.88,391.7,409.1,397.28
3106002,321,381.1,376.6,359.22
3106101,328.56,351.2,308.6,334.07
3106200,357,441.9,434.4,410.74
3106309,310.94,345.2,354.8,335.37
3106408,316.12,360.05,375.1,348.04
3106507,219.56,233.65,201.9,221.85
3106606,271.88,293.8,285.6,284.39
3106655,204.25,243.75,208.8,222.41
3106705,341.81,402.7,387.4,378.2
3106804,367.25,374.5,387.9,374.89
3106903,341.94,363.5,342,351.33
3107000,303.62,373.2,356.1,345.28
3107109,329.69,323.65,345.7,330.54
3107208,484.06,487.6,521.9,493.83
3107307,255.44,293.15,293.1,280.02
3107406,300.94,332.5,334.8,322.02
3107505,418,458.65,464.6,445.8
3107604,395.12,346.05,384.8,371.54
3107703,309.56,361.95,380.2,347.7
3107802,292.12,364.65,368.8,340.33
3107901,346.38,325.4,348.6,337.74
3108008,345.38,352.65,375.5,355.09
3108107,319,358.15,358.4,344.59
3108206,284.38,315.15,308.4,302.98
3108255,245.06,298.95,269.9,273.89
3108305,361.75,351.65,371.7,359.52
3108404,394.19,385.45,419.7,395.93
3108503,261,295.5,264.4,276.74
3108552,261.56,303.95,332.4,295.39
3108602,228.25,287.95,301.1,270.04
3108701,340.19,371.75,372.1,360.85
3108800,293.88,337.8,338.2,322.61
3108909,326.06,325.15,393.3,340.28
3109006,343.25,397.35,393.8,377.76
3109105,389.19,349.35,387.4,371.48
3109204,277.5,328.9,303.8,305.57
3109253,302.12,350.75,348.8,333.41
3109303,328.88,339.45,336.6,335.15
3109402,258.5,300.1,306.5,287.02
3109451,297.38,324.35,366.1,324.04
3109501,387.38,359.5,389.7,375.76
3109600,278.56,347.8,363.7,327.17
3109709,320.25,334.65,371.9,337.74
3109808,356.38,354.4,313.9,346.28
3109907,269.44,342.5,366.3,322.26
3110004,310.88,368.5,387,352.48
3110103,334.38,367.2,371,356.61
3110202,305.88,367.9,370.5,346.89
3110301,392.44,362.7,396.2,380.33
3110400,332.94,366.6,351.3,351.57
3110509,417.5,370.6,386.6,390.39
3110608,351.19,330.4,350.6,342.02
3110707,335.44,336.3,421.9,354.61
3110806,257.56,291.6,274.1,275.96
3110905,317.81,323.9,399.7,338.26
3111002,374.75,347.2,399,368.04
3111101,354.62,292.25,307.3,317.22
3111150,242.94,263.2,280.5,259.91
3111200,337.25,348.05,342.9,343.17
3111309,334.31,320.85,347.6,331.35
3111408,368.75,303.6,352.2,336.83
3111507,393.69,394.85,408.7,397.46
3111606,336.38,316.5,338.1,328.11
3111705,312.69,368.15,384.2,352.35
3111804,343.19,332.4,317.4,332.89
3111903,338.19,356.65,357.1,350.33
3112000,334.75,362.15,352,350.41
3112059,302.56,348.2,346.5,331.96
3112109,352.56,391.3,382,375.8
3112208,399.12,418.25,436.3,415.52
3112307,291.62,331.8,292,309.17
3112406,406.06,362.95,398.9,385.76
3112505,277.56,334.05,377.6,323.87
3112604,356.94,343.75,323.4,343.91
3112653,234.62,292.15,294.9,272.74
3112703,199.44,264.2,248.4,238.24
3112802,347.56,354.4,367.5,354.87
3112901,303.88,357.65,360.8,339.63
3113008,246.75,258.95,270.4,257.2
3113107,371.19,399.6,401.7,390.17
3113206,400,398,411.5,401.63
3113305,333.94,371.35,380,360.22
3113404,281.12,344.25,339.4,321.24
3113503,266.38,291.7,260.9,276.2
3113602,334.56,339.35,407.8,352.57
3113701,271.94,288.9,292.7,283.83
3113800,308.88,346.6,354.3,335.15
3113909,332.06,328.1,357.4,335.85
3114006,337.81,357.4,377,354.85
3114105,360.88,366.15,425.1,377.13
3114204,343.94,344.15,345.2,344.3
3114303,357.94,397.25,359.1,375.28
3114402,346.94,331.2,355.3,341.91
3114501,334.56,362.65,379.3,356.5
3114550,304.5,250.9,277.2,275.26
3114600,346.81,330.6,361,342.85
3114709,340.19,330.45,387.2,346.17
3114808,448,467.95,482.5,464.17
3114907,364.94,386.35,400.3,381.93
3115003,363.62,313.55,372.1,343.7
3115102,392,365.95,390.4,380.33
3115201,365,365.7,378.2,368.17
3115300,366.62,409.85,421.4,397.33
3115359,345.12,411.35,400.8,386.02
3115409,373.25,403.05,396.6,391.28
3115458,273.75,284.6,301.8,284.57
3115474,154.5,221.7,210.2,195.83
3115508,373.12,374.55,425.9,385.22
3115607,329.75,401.15,373.9,370.39
3115706,241.44,277.85,270.8,263.65
3115805,349.44,337.3,326.8,339.24
3115904,355.56,370.55,380.6,367.52
3116001,277.19,351.75,363.2,328.3
3116100,235.12,251.5,213.4,237.52
3116159,303.75,341.7,324.7,324.8
3116209,309.12,330.95,290.5,314.57
3116308,375.19,400.9,407.9,393.48
3116407,448.75,388.5,429,418.26
3116506,249.12,284,295.1,274.28
3116605,344.06,348.9,348.2,347.07
3116704,331.94,403.7,392.3,376.26
3116803,301.25,344.25,339.2,328.2
3116902,375.25,309.8,328.9,336.72
3117009,188,236.4,197,211
3117108,369.5,339.2,361.4,354.57
3117207,367.06,372.65,430.5,383.28
3117306,377.81,290.25,351.4,334
3117405,269.94,336.85,348.9,316.2
3117504,344.56,374.15,380.7,365.28
3117603,285.75,322.9,325.5,310.54
3117702,361.44,369.6,421.7,378.09
3117801,327.44,331.4,375.8,339.67
3117836,225.75,278.6,237.7,251.33
3117876,283.19,332.5,370.7,323.65
3117900,368.56,354.55,383.5,365.72
3118007,342.5,381.25,384.8,368.54
3118106,313.25,334.55,347.1,329.87
3118205,385.38,318.5,365.4,351.96
3118304,359,386.1,394.5,378.5
3118403,234.56,293.2,289.2,271.93
3118502,336.5,319.05,347.3,331.26
3118601,347.06,418.4,419.4,393.8
3118700,338.38,319.75,336.8,329.93
3118809,240.5,285.7,270,266.57
3118908,269.44,318.6,341.2,306.41
3119005,312.38,313.35,373.8,326.15
3119104,243.31,311.1,288.5,282.61
3119203,272.75,328.85,336.1,310.91
3119302,357.25,342.7,392.6,358.61
3119401,308.31,355.75,365.2,341.3
3119500,206.94,235.1,195.5,216.7
3119609,355.56,370.55,380.6,367.52
3119708,380.31,359.85,403.6,376.48
3119807,374.06,388.45,392.9,384.41
3119906,369.44,321.45,348.8,344.09
3119955,334.12,333.05,344.9,336
3120003,305.5,368.25,356.2,343.8
3120102,293.81,359.15,342.9,332.89
3120151,275.56,294.4,295.6,288.11
3120201,327.31,335.95,343.6,334.61
3120300,243.56,269.25,263.2,259
3120409,363.88,391.5,402.6,384.3
3120508,374.81,381.55,439.5,391.8
3120607,332.25,370.55,362,355.37
3120706,349.88,385.8,377.9,371.59
3120805,360.31,348.45,386,360.74
3120839,233.88,283.3,290.2,267.61
3120870,207.25,251.7,214.7,228.2
3120904,242.62,303.8,314.6,284.87
3121001,298,364.35,344.5,336.96
3121100,344,323.3,390.2,345.04
3121209,379.5,383,380.6,381.26
3121258,391.94,289.5,377.1,344.17
3121308,336.25,382.05,357.5,360.78
3121407,331.75,367.65,381.8,358.24
3121506,403.12,419.6,441.1,418.54
3121605,279.06,347.45,330.8,320.04
3121704,323,371.6,363,352.83
3121803,311.06,366.9,347.7,343.3
3121902,325.69,378,378.1,359.83
3122009,328.12,365.8,384.6,356.78
3122108,225.81,272.2,265.3,254.57
3122207,297.75,340.9,355.5,329.07
3122306,339.94,331.25,350.1,338.37
3122355,197.31,247.7,217.4,223.59
3122405,366.69,338.45,371.5,355.46
3122454,195.19,245.35,210.9,220.41
3122470,282.81,317.95,319.7,306.11
3122504,283,332.15,320.3,312.48
3122603,326.5,371.8,367.8,355.17
3122702,317.19,348.25,348.8,337.57
3122801,370.38,366.25,429.4,381.41
3122900,345.38,383.5,376.3,368.67
3123007,396.88,391.7,409.1,397.28
3123106,294.31,336.65,340.6,322.78
3123205,316,364.15,343.5,342.91
3123304,355.94,384.65,379,373.43
3123403,342.12,347.25,357.4,347.67
3123502,352.19,316.85,373.1,341.37
3123528,297.94,364.1,362.4,340.72
3123601,316.38,318.75,368.6,328.76
3123700,266.94,312.2,321.6,298.5
3123809,246.75,293.9,291.7,277.02
3123858,286.5,345.15,338.1,323.22
3123908,345.75,373.3,393.4,368.09
3124005,332.12,401,405.1,377.93
3124104,312.75,368,365.2,348.17
3124203,352.56,391.3,382,375.8
3124302,165.56,212.2,187.5,190.61
3124401,342.38,330.55,390.1,347.61
3124500,346.69,324.35,358.3,339.5
3124609,279,312.9,320,302.65
3124708,356.88,388.85,376.8,375.11
3124807,357.38,321.4,376.5,345.89
3124906,355.88,427.1,431.6,403.3
3125002,375.44,390.4,405.4,388.46
3125101,423,373.25,378.9,391.78
3125200,337.94,321.2,355.5,334.48
3125309,333.94,371.35,380,360.22
3125408,305.06,366.35,336.6,338.57
3125507,303.19,360.8,337.8,335.76
3125606,228.44,259.95,266.1,250.33
3125705,251.38,302.3,299,283.87
3125804,266.94,312.2,321.6,298.5
3125903,298.75,362,356.6,338.83
3125952,322.25,369.45,373.6,353.93
3126000,318.12,374.3,367.5,353.28
3126109,333.56,338.25,343.4,337.74
3126208,305.5,333.45,363.5,330.26
3126307,379.06,347,383.7,366.13
3126406,279.5,340.35,351,321.5
3126505,223.94,237.5,199.8,224.59
3126604,249.81,297.9,284,278.15
3126703,216.75,278.1,264.4,253.78
3126752,285.62,328.4,302.2,307.83
3126802,288.06,313,292.7,299.91
3126901,258,293.25,295.1,281.39
3126950,291.81,342.65,330.8,322.39
3127008,353.38,283.15,328.8,317.5
3127057,242.19,267.25,257.7,256.46
3127073,225.38,265.45,241.4,246.28
3127107,357.62,292.75,338.1,325.17
3127206,275.94,319.6,365,314.28
3127305,227.38,276.2,266.8,257.17
3127339,171.06,206.2,182.7,188.87
3127354,246.19,277.55,292.7,269.93
3127370,225.81,276.6,284.5,260.65
3127388,357.12,400,380.4,380.83
3127404,368.75,332.85,369.8,353.37
3127503,304.19,335.45,354.6,328.74
3127602,271.5,334.35,333.3,312.26
3127701,250.62,300.3,303.8,283.78
3127800,239.88,299.25,276.3,273.61
3127909,354.38,308.65,371.5,338.22
3128006,300.5,329,345.8,322.74
3128105,337.12,335.9,364,342.43
3128204,304.81,349.45,370.5,338.5
3128253,246.31,281.1,293.3,271.65
3128303,409.06,369.55,414.9,393.15
3128402,332.81,383.1,362.1,361.04
3128501,333.44,352.65,340.7,343.37
3128600,308.88,325.2,371.1,329.5
3128709,413.12,357.05,403.5,386.65
3128808,362.81,411.25,422.1,396.76
3128907,351.56,381.95,384.5,371.93
3129004,355.62,414.45,420.3,395.26
3129103,341.44,287.95,332.3,316.2
3129202,333.88,341.95,408.5,353.61
3129301,293.5,335.55,342.3,322.39
3129400,396.94,391.25,390.3,393.02
3129509,368.5,383.95,401.9,382.48
3129608,254.06,271.6,272.5,265.7
3129657,205.69,256.85,239.5,235.28
3129707,442.44,389.35,427.6,416.13
3129806,351.69,417.9,407.5,392.61
3129905,392.5,376.75,394.7,386.13
3130002,344.88,344.7,369.1,350.07
3130051,231.56,260.4,278.9,254.39
3130101,330.31,376.3,379.1,360.91
3130200,325.56,330.2,338.9,330.48
3130309,353.38,357.2,374.9,359.72
3130408,340.19,341.65,365.4,346.3
3130507,335.38,328.35,342.7,333.91
3130556,276.38,346.2,332.7,318.98
3130606,362,340.4,359.2,352
3130655,204.69,254.95,228.8,231.78
3130705,355.62,310.55,362.4,337.5
3130804,347.06,334.25,360.2,344.35
3130903,272.31,329.65,323.5,308.37
3131000,270.06,342.55,364.3,322.07
3131109,250.19,308.25,307.1,287.8
3131158,299.62,345.8,357.8,332.35
3131208,264.19,344.85,341.5,316.07
3131307,308.31,355.75,365.2,341.3
3131406,368.31,322.95,338.5,342.11
3131505,374.81,345.45,384,364.04
3131604,342.44,334,371.4,345.07
3131703,320.38,370.6,382.9,355.8
3131802,262.31,275.25,272.9,270.24
3131901,346.5,403.85,426.1,388.74
3132008,251.56,285.55,290.3,274.76
3132107,186,255.3,212.8,221.96
3132206,350.19,360.4,346.3,353.78
3132305,276.44,280.95,291.8,281.74
3132404,349.94,335.15,404.9,355.46
3132503,293.38,336,306,314.65
3132602,346.38,386.15,373.1,369.48
3132701,277.88,313.1,293.1,296.5
3132800,334.12,381.95,380.6,365.02
3132909,425.62,362.05,422.9,397.39
3133006,440.81,452.3,497.1,458.04
3133105,386.19,367.8,421.5,385.87
3133204,238.12,300.55,299.5,278.61
3133303,185.44,213.7,201.7,201.26
3133402,360.06,297.5,302.4,320.33
3133501,338.19,357.65,359.6,351.3
3133600,419.06,366.3,378.7,387.35
3133709,341.88,368.1,359.6,357.13
3133758,366.69,347,376.5,360.26
3133808,326.75,369.2,357.9,351.98
3133907,376.81,403.25,402.7,393.93
3134004,191.31,222.8,187.6,204.2
3134103,222.25,274.7,300.6,262.09
3134202,331.81,300.25,321.4,315.83
3134301,341.56,342,368.5,347.61
3134400,334.94,263.2,288,293.54
3134509,343.69,334.45,371.8,345.78
3134608,300,326.1,385.9,330.02
3134707,199,267.45,238.5,237.35
3134806,396.25,343.8,389,371.87
3134905,400.94,359.5,414.6,385.89
3135001,313.38,360.7,355.9,343.2
3135050,183.5,219.3,189.9,200.46
3135076,247.06,286.25,275.2,270.22
3135100,175,221.45,217.1,204.35
3135209,230.94,290.1,264,263.85
3135308,353.25,345.1,373.5,354.11
3135357,213.88,281.7,259.5,253.28
3135407,328,366.4,378.1,355.59
3135456,226.81,245.75,212.3,231.89
3135506,296.5,349.95,351.8,331.76
3135605,248.44,280.55,284.5,270.24
3135704,279.38,319.65,351.7,312.61
3135803,203.94,247.5,235.1,229.65
3135902,361.25,354.7,434.4,374.3
3136009,215.69,248.45,241.4,235.52
3136108,291.25,335.55,347.6,322.76
3136207,333.19,391.9,390.9,371.26
3136306,276.62,327.5,318.1,307.76
3136405,261.12,310.1,282.9,287.15
3136504,191.44,260.65,216.9,227.07
3136520,243.69,262.65,228.6,248.65
3136553,291.88,343.55,337.3,324.22
3136579,224.44,252.55,233.1,238.54
3136603,300.06,338.05,383.9,334.8
3136652,318.25,381.7,370.3,357.15
3136702,362.5,354.35,353.7,357.04
3136801,249.62,280.9,304.1,275.07
3136900,404.75,347.3,382.1,374.85
3136959,182.31,243.8,201.9,213.3
3137007,301,322,299.8,309.87
3137106,328.38,344.35,364.5,343.17
3137205,361.81,351.95,373.6,360.09
3137304,260.44,276.55,272.3,270.02
3137403,366.19,377.45,396.9,377.76
3137502,344.12,372.5,343.1,356.24
3137536,294.5,332.75,332.8,319.46
3137601,269.19,313.15,366.3,309.41
3137700,300.75,367.2,355.5,341.54
3137809,350.44,346.85,430.2,366.22
3137908,365.38,394.75,385.1,382.43
3138005,362.75,424.55,413.6,400.67
3138104,247.81,298.75,307.6,282.96
3138203,344.12,333.5,355.9,342.07
3138302,286.06,335.25,336.8,318.48
3138351,245.56,262.05,228.9,249.11
3138401,330.19,371.6,377.9,358.57
3138500,458.19,492.55,479,477.65
3138609,400.62,387.7,411.4,397.35
3138625,320.88,281.6,271.5,293.07
3138658,215,277.05,235.6,246.46
3138674,320.25,353.65,370.7,345.74
3138682,229.88,273.55,296.3,263.3
3138708,342.81,332.5,359.3,341.91
3138807,354.69,368.85,373.7,364.98
3138906,263.25,289.8,283.3,279.15
3139003,342.38,332.25,373,344.63
3139102,352.06,348.25,369.2,354.13
3139201,303.31,337.7,309.6,319.63
3139250,165.62,216.9,192.9,193.85
3139300,185.75,257.75,208.3,221.96
3139409,302.31,349.15,363.2,335.91
3139508,331.88,381.6,387,365.48
3139607,262.56,293.65,278.6,279.57
3139706,282.31,345.3,356,325.72
3139805,330.31,350.3,324.9,337.83
3139904,367.19,371,415.9,379.43
3140001,352.81,387.7,381.3,374.17
3140100,269.12,313,308.9,296.85
3140159,335.25,388.25,381.3,368.3
3140209,337.31,371.5,340.2,352.8
3140308,314.69,363.5,347.3,343
3140407,370.75,355.8,397.2,370
3140506,264,306.55,309.6,292.41
3140530,312.88,368.95,384.5,352.83
3140555,202.44,238.7,205.5,218.87
3140605,317.62,368.95,358.1,348.74
3140704,315.56,370.6,368.2,350.93
3140803,342.25,365.45,319.7,347.43
3140852,178.31,233.7,196.3,206.3
3140902,306.38,357.65,365.6,341.54
3141009,165.12,238.9,227.2,210.7
3141108,273.19,330.15,377.3,320.59
3141207,370.31,401.2,390.7,388.17
3141306,390.06,381.55,407.8,390.22
3141405,186.62,239.75,204,213.5
3141504,242.81,269.05,274.3,261.07
3141603,369,411.9,406.9,395.89
3141702,296.19,339.5,363.5,329.65
3141801,265.44,288.55,237.4,269.39
3141900,358.44,344.3,363.8,353.46
3142007,219.44,293.1,263.5,261.04
3142106,347.38,418,430.5,396.15
3142205,372.88,426.75,445.2,412.02
3142254,195.81,269.3,217,232.37
3142304,340.81,398.8,420.3,383.3
3142403,350,354,374.3,357.02
3142502,261.69,321.9,309.7,298.3
3142601,329.69,330.4,381.1,341.17
3142700,201.12,267.8,226.5,235.63
3142809,353.38,328.2,343,340.17
3142908,154.25,215.85,207.9,192.7
3143005,394.12,362.95,394.8,380.72
3143104,351.19,334.35,379.8,350.09
3143153,211.06,244.6,239.7,231.87
3143203,408.12,367.45,412,391.28
3143302,237.56,278.5,265.6,261.46
3143401,411.06,366.5,409.4,391.33
3143450,181.5,247.1,199.7,213.98
3143500,281,341.5,355.3,323.46
3143609,244.69,304.65,300.5,282.89
3143708,334.44,374.85,380.4,362
3143807,420.5,367.65,384.8,389.76
3143906,368.12,436.3,450.9,415.76
3144003,252.38,327.6,315.3,298.76
3144102,407.56,355.7,397.1,382.74
3144201,275.06,325.05,322.1,307.02
3144300,245.19,260.9,287.5,261.22
3144359,293.88,338.25,345.7,324.43
3144375,310.69,325.75,342.4,324.13
3144409,351.5,360.25,415.9,369.3
3144508,337.44,331.5,369.2,341.76
3144607,347.5,324.85,345,337.11
3144656,200.31,237.6,195.8,215.54
3144672,273.69,283.4,275.3,278.26
3144706,320.06,369.1,381.1,354.65
3144805,352.88,433.85,443.9,407.87
3144904,248.88,280.25,262.6,265.5
3145000,352.31,329.55,381.8,348.83
3145059,164.56,225.2,216.2,202.15
3145109,392.62,341.1,369.6,365.22
3145208,292.75,319.4,333.4,313.17
3145307,260.12,280.6,256.6,268.26
3145356,267.81,292.05,296,284.48
3145372,227,265.1,242.3,246.89
3145406,451.56,439.75,468,450
3145455,254.94,301.8,275,279.67
3145505,361.25,354.7,434.4,374.3
3145604,337.5,350.85,387.8,354.24
3145703,394.19,413.65,420.3,408.33
3145802,296.75,358.3,340.4,333
3145851,301,351,363.6,336.35
3145877,314.25,356.6,367,344.13
3145901,356.56,395.4,396.9,382.22
3146008,384.75,359.3,385.8,373.91
3146107,339.06,374.3,400.8,367.8
3146206,287.06,336.8,305.6,312.72
3146255,235.06,269.5,241.7,251.48
3146305,205.81,232.65,232.3,223.24
3146404,291.31,344.35,333.4,323.52
3146503,340.75,334.6,360.9,342.46
3146552,155.69,223.95,212.1,197.63
3146602,378.12,425.25,416.7,407
3146701,350.69,368.25,379.7,364.63
3146750,251.88,289.4,277.8,273.83
3146909,258.38,328.45,349.4,308.63
3147006,301.38,335.9,341.2,325.04
3147105,312.19,354,348.8,338.33
3147204,331.12,320.5,361.3,333.07
3147303,330.56,315.4,351.9,328.61
3147402,260.81,332.75,363.1,314.33
3147501,321,367.65,367.6,351.41
3147600,385.44,356.2,384.2,372.46
3147709,344.25,365.15,400.8,365.63
3147808,476.69,517.95,495.9,498.8
3147907,368.31,346.9,382.5,362.09
3147956,215.38,292.3,254.8,257.39
3148004,355.56,378.75,377.6,370.43
3148103,350.5,371.2,390.4,368.17
3148202,357.81,436.35,423.6,406.26
3148301,318.56,360.05,371.5,348.11
3148400,314.5,356.6,346.1,339.67
3148509,275.56,301.65,293.3,290.76
3148608,297.5,349.25,344.3,330.17
3148707,193.5,250.3,216.4,223.17
3148756,314.25,356.75,385.5,348.22
3148806,298.25,346.7,366.7,334.2
3148905,348.88,346.75,370.8,352.72
3149002,330.5,383.3,378.6,363.91
3149101,369.5,369.2,428.4,382.17
3149150,205.56,257.1,244.1,236.35
3149200,335.88,331.8,375.3,342.67
3149309,285,350.65,384.3,335.13
3149408,405.94,371.5,400.1,389.7
3149507,318.88,356.85,315.6,334.67
3149606,283,342.7,352,323.96
3149705,314.12,326.3,350.1,327.24
3149804,378.69,359.3,392.2,373.2
3149903,337.81,358.35,360.8,351.74
3149952,280.19,324.45,333.6,311.04
3150000,249.94,284.5,262.3,267.65
3150109,376,409.7,401.3,396.15
3150158,281.5,353.8,343.4,326.39
3150208,307.5,349.6,345.8,334.13
3150307,367.19,366.8,373.9,368.48
3150406,317.88,365.1,365.9,348.85
3150505,328.25,324.2,352.3,331.72
3150539,303.94,375.35,367.7,348.85
3150570,236.5,248.65,259.1,246.7
3150604,337.12,359.95,388.4,358.2
3150703,368.88,300.9,348.6,334.91
3150802,337.44,371.8,375.2,360.59
3150901,372.94,361.8,406.2,375.33
3151008,355.62,358.25,409.5,368.48
3151107,314.56,332.65,337.3,327.37
3151206,259.94,288.65,290.3,279.02
3151305,332.44,385.2,364,362.24
3151404,270.06,337.15,337.7,313.93
3151503,351.56,356.6,369.6,357.67
3151602,348.06,293.8,348.5,324.57
3151701,351.25,347.15,392.7,358.48
3151800,405,379.95,411.5,395.52
3151909,258.25,333.55,318.3,304.04
3152006,243.44,301.85,304.4,282.09
3152105,305.75,348.2,365.5,337.2
3152131,243.31,257.05,262.3,253.41
3152170,200.06,224.15,230.1,217.07
3152204,162,227.45,211.7,201.26
3152303,296.81,345.2,362,332.02
3152402,288.81,308.45,293.1,298.28
3152501,339.38,336.65,371.6,345.2
3152600,373.19,370.35,425.9,383.41
3152709,395.88,378.95,406,390.72
3152808,363.25,321.6,337.9,339.63
3152907,375.56,347.8,380.9,364.65
3153004,389.88,400.2,411.6,399.09
3153103,336.31,367.9,377.6,359.02
3153202,253.56,303.45,312,287.96
3153301,308.44,361.25,354.1,341.33
3153400,350.75,367.05,360.4,359.93
3153509,342.69,375.95,384.4,366.22
3153608,280.5,332.25,368,322.02
3153707,314.62,367.2,355.5,346.37
3153806,360.69,393.3,396.9,382.74
3153905,331.56,426.9,408.9,389.83
3154002,294.75,360.3,344.2,334
3154101,323.62,353.6,352.6,342.96
3154150,310.62,359.85,381.3,347.39
3154200,361.25,373.35,395.5,373.96
3154309,225.62,278.95,296.7,264.26
3154408,404.62,413.85,436.3,415.52
3154457,258.81,296.55,294.5,282.98
3154507,209.31,264,232.2,238.07
3154606,303.75,371.75,396.8,353.54
3154705,341.94,337.3,357.8,343.37
3154804,337.06,390.15,432.6,380.91
3154903,315.88,365.05,363.5,347.61
3155009,311.94,347.95,356.6,337.3
3155108,226.25,260.75,263.1,249.26
3155207,380.12,403.3,406.8,396
3155306,330.25,366.8,367.3,354.2
3155405,343.31,389.85,357.6,366.65
3155504,380.69,398.85,379.8,388.39
3155603,207.56,266.6,240.9,240.48
3155702,325.69,392.5,374.9,365.43
3155801,340.88,395,361.6,368.91
3155900,379.62,398.7,417,396.04
3156007,295.19,346.25,351.3,329.59
3156106,371.5,376.35,393.7,378.43
3156205,334.69,364.85,355.3,352.28
3156304,350.31,382.7,373.3,369.39
3156403,330,324.95,361.4,334.63
3156452,355.25,424.85,428.2,401.37
3156502,224.75,260.5,216.1,238.41
3156601,211.12,262,242.4,240.04
3156700,320.69,403.45,402.6,374.48
3156809,314.69,365.45,355.6,345.65
3156908,406.31,380.05,388,390.91
3157005,221.31,264.85,222.4,240.48
3157104,211.94,300.8,232.7,255.09
3157203,345.12,411.35,400.8,386.02
3157252,296.81,370.1,363.8,343.24
3157278,362.12,348.65,373.8,358.8
3157302,393.88,420.7,435.1,414.5
3157336,375.81,387.6,401.3,386.48
3157377,198,257.2,213.4,227.09
3157401,313.31,344,348,334.2
3157500,295.19,337,370.7,329.78
3157609,262,294.6,318.2,288.39
3157658,271.75,292.05,284.2,283.28
3157708,355.94,342.8,388.1,357.22
3157807,290.88,356.3,378.9,338.46
3157906,309.12,350.5,365.3,339.33
3158003,315.75,366.15,363.9,348.13
3158102,218.31,289.85,250.6,256.43
3158201,289.62,340.25,331,320.63
3158300,343.38,316.05,345.3,331.91
3158409,372.38,420.05,448.1,409.57
3158508,273.44,304.95,325.1,298.37
3158607,306.5,308.15,297.4,305.24
3158706,384.5,375.75,397.1,383.43
3158805,337.88,367,362.2,355.83
3158904,295.44,356.85,383,341.17
3158953,313.38,362.35,368.5,346.65
3159001,329.56,355.4,371.9,350
3159100,374.38,408.5,402.5,395.33
3159209,373.75,340.7,381.6,361.09
3159308,444.38,452.6,461.6,451.7
3159357,290.81,347.5,340.8,326.33
3159407,391.62,389.2,409.8,394.52
3159506,228.31,294.25,311,274.96
3159605,329.06,346.85,395.1,351.15
3159704,390.88,398.5,407.3,397.76
3159803,336.81,280.3,309.7,306.35
3159902,336.12,361.35,376.7,355.91
3160009,288.56,328.45,309.4,310.43
3160108,304.81,348.5,350.9,333.83
3160207,316.5,382.9,354.3,353.59
3160306,232.69,286.8,263.7,262.96
3160405,336.19,350.95,363.9,348.63
3160454,174.56,247.1,218.7,215.7
3160504,328.38,381.85,370.6,360.8
3160603,250.81,302.2,285.8,280.76
3160702,384.94,412.25,419.8,404.39
3160801,329.5,329,370.7,338.24
3160900,347.5,373.55,390.9,368.26
3160959,282.44,339.3,328.1,317.09
3161007,318.75,385.95,376.9,360.61
3161056,245.75,268,259.8,258.48
3161106,225.12,264.75,267.9,251.65
3161205,338.19,363.65,383.2,359.04
3161304,354.62,282.2,291.5,309.41
3161403,327.31,374.75,377.7,358.89
3161502,342.31,395.3,400,377.89
3161601,290.25,326.1,340.3,316.72
3161650,225.5,276.9,269.4,257.39
3161700,283.81,334.25,348.2,319.74
3161809,324.56,330.65,329.2,328.22
3161908,329.94,378.6,394.8,365.2
3162005,317.88,333.9,396,341.83
3162104,368.56,402,389,387.54
3162203,371.5,370.5,367.3,370.15
3162252,248,288.2,294.5,275.59
3162302,346.19,350.05,395.5,358.59
3162401,198.62,262,232.2,233.48
3162450,191.19,258.15,209.1,224.2
3162500,372.94,385.1,398.4,383.76
3162559,302,345.65,360.2,333.63
3162575,246.69,281,271.1,266.91
3162609,283.94,324.85,337.1,313.28
3162658,241,291.6,294.2,274.57
3162708,197.06,241.95,203.2,217.91
3162807,302.44,349.75,339,330.96
3162906,332.19,376.3,352.9,355.87
3162922,325.88,373.6,369.2,356.04
3162948,358.12,352.75,366.1,357.52
3162955,283.19,332.5,370.7,323.65
3163003,273.94,323.15,324.5,306.33
3163102,289.94,351.2,355.1,330.74
3163201,355.62,358.25,409.5,368.48
3163300,265.19,283.15,274.5,275.02
3163409,305.94,364.35,353,341.57
3163508,295.5,342.8,335.7,324.8
3163607,287.81,358.9,375.4,337.76
3163706,368.25,387.25,431.5,390.26
3163805,305.88,367.9,370.5,346.89
3163904,406.69,354.35,381.7,378.5
3164001,318.69,379.25,369.2,356
3164100,295.88,340.25,341.4,325.07
3164209,249.31,266.95,278.6,263.35
3164308,396.94,401.25,398.7,399.2
3164407,334.88,341,384.4,348.3
3164431,368.38,428.95,434.5,409.09
3164472,269.12,338.9,324.6,311.52
3164506,286.81,336.55,321.4,315.96
3164605,335.62,339.6,357.4,342.09
3164704,400.81,356.35,414.6,384.48
3164803,331.94,384.85,377.6,364.87
3164902,367.5,364.3,430.1,379.72
3165008,346.06,353.8,402.6,361.72
3165107,426.5,365.6,421,398.83
3165206,365.12,369.95,409.6,376.89
3165305,361.88,354.35,365.3,359.35
3165404,391.62,343.3,366.8,365.22
3165503,290.06,337.45,351.4,324
3165537,335.25,388.25,381.3,368.3
3165552,299.75,333.25,296.1,313.52
3165560,314.94,361.5,363,345.63
3165578,384.94,349.95,357.6,363.78
3165602,315.5,355.8,316.7,333.28
3165701,337.38,370.45,374.7,359.87
3165800,366.56,352.2,371.5,361.39
3165909,290.94,329.2,314.7,312.74
3166006,361.12,389.35,394.5,380.65
3166105,309,334.8,347.1,328.5
3166204,406.88,416.8,440.2,418.43
3166303,315.75,359.25,370.3,346.52
3166402,400.62,399.9,425.8,405.78
3166501,303.62,378.05,361.2,348.5
3166600,345.44,378.2,368.5,364.7
3166709,250.19,257.55,285.4,261.04
3166808,356.94,370.35,375,366.7
3166907,349.44,335.5,361,345.89
3166956,188.62,240.15,229.4,219.89
3167004,379.94,368,389.9,376.91
3167103,315.19,374.35,354.5,349.46
3167202,282.06,344.85,375.9,329.76
3167301,355.38,398.7,387.9,381.28
3167400,335.38,338.05,385.7,347.48
3167509,304.19,321.6,302.7,311.43
3167608,288.25,351.15,363.2,331.89
3167707,283.75,325.55,329.6,311.89
3167806,370.31,380.25,432.5,388.15
3167905,356.94,407.05,379.1,383.54
3168002,212.25,254.35,221.6,232.59
3168051,262.44,348.95,339.7,316.85
3168101,400.06,393.3,399.1,396.91
3168200,387.12,386.55,406.6,391.11
3168309,297.88,325.25,384.9,328.7
3168408,270.19,327.9,327.3,307.7
3168507,298.94,351.9,363.2,335.93
3168606,297.81,335.9,308.2,316.63
3168705,311.94,355.8,356.4,340.67
3168804,378,374.05,410.4,383.33
3168903,331.88,383.9,376.2,364.13
3169000,334.94,376.45,364.4,359.39
3169059,351.44,335.75,366,347.78
3169109,422.62,379.15,390.8,396.8
3169208,323.25,363.4,380.1,353.07
3169307,336.62,324.35,384,341.59
3169356,256.81,304.25,318.3,290.8
3169406,339.75,330.4,345.3,336.89
3169505,231.81,290.3,286.4,269.11
3169604,324.62,333.25,336.7,331
3169703,268.81,283.45,247.3,270.5
3169802,342.06,351.15,395.7,357.67
3169901,340.94,381.55,382.7,367.67
3170008,232.62,260.55,278.2,254.67
3170057,279.31,343.05,330.8,318.22
3170107,376.12,328.05,383.8,356.89
3170206,367.12,334.15,338,346.46
3170305,274.44,287.7,292.5,284.13
3170404,308.44,335.8,357.6,331.02
3170438,327.69,271.55,287.2,294.48
3170479,276.5,322.45,300,301.59
3170503,307.75,357.1,361.1,340.8
3170529,250.94,273.15,274.6,265.74
3170578,290.69,366,368.6,340.37
3170602,364.12,365.05,373.2,366.5
3170651,195.12,248.55,216.4,222.98
3170701,321,325.4,357.7,330.89
3170750,304.88,365.3,361.2,343.39
3170800,260.44,289.95,308.8,283.78
3170909,206.06,259,220.2,232.15
3171006,321.5,334.65,355.7,334.65
3171030,187,227.8,202.4,208.09
3171071,276.5,301.4,261.8,284.13
3171105,370.12,318.85,360.9,345.83
3171154,300.38,357.45,354.8,337.02
3171204,297.12,366.6,391.5,347.85
3171303,295.69,351,363.6,334.5
3171402,350.44,416.6,426.1,395.65
3171501,252.12,305.85,302.1,286.35
3171600,218.5,240.05,203.9,224.7
3171709,374.12,379.55,420,386.46
3171808,305.81,338.65,354,330.57
3171907,284.69,330.85,331.5,314.93
3172004,353.25,398.75,376.3,378.04
3172103,271.25,313.35,317.6,299.63
3172202,355.56,342,406.8,360.8
3200102,265.38,338.15,330.6,311.2
3200136,259.19,323.05,315.6,299.22
3200169,290.38,317.25,304.1,305.04
3200201,342.56,378.85,376.4,365.7
3200300,423.25,494.05,461.9,462.43
3200359,241.69,292.65,300.5,276.63
3200409,362.88,454.95,399,410.76
3200508,305.5,355.5,363.5,339.85
3200607,307.81,430.55,404.2,382.13
3200706,298.12,389.75,349.4,349.11
3200805,221.06,270.7,286.3,256.83
3200904,292.75,334.5,306.3,313.85
3201001,267,295.55,301.7,286.96
3201100,305.88,344.3,360.1,334.37
3201159,307.12,380.15,359.5,350.26
3201209,324.44,372.25,358.3,352.59
3201308,325.19,482.5,427.2,415.76
3201407,349.19,405.5,392.1,383
3201506,263.12,310.2,320.5,296.07
3201605,278.06,349.95,352.4,325.48
3201704,335.5,394.85,385.1,372.09
3201803,360.19,415.15,389.8,390.52
3201902,329.5,388.9,401.2,370.91
3202009,354.81,395.25,383.3,378.59
3202108,297.12,315.95,332.8,313.07
3202207,342.88,484.65,478.5,434
3202256,280.19,338.45,339.7,318.46
3202306,349.25,384.1,384.7,372.11
3202405,319.62,440.45,405.9,390.91
3202454,314,370.65,355.1,347.57
3202504,365.62,471.75,462.6,432.85
3202553,346.44,397.55,399.2,380.13
3202603,402.38,499.1,445.2,453.74
3202652,344.62,389.85,387.9,373.7
3202702,244.19,307.95,318.4,288.04
3202801,312,407.65,375.7,367.43
3202900,249.12,343.75,329.3,307.7
3203007,344.62,389.85,387.9,373.7
3203056,299.62,377.35,379,350.67
3203106,327.06,397.95,367.9,366.76
3203130,335.19,431.8,430.6,397.93
3203163,238.5,297.3,295.8,276.52
3203205,300.62,414.8,402.1,372.33
3203304,236.25,281.95,273.2,264.15
3203320,305.56,403.35,380.2,364.3
3203346,365.25,428.1,425.4,405.65
3203353,282,338.1,356.1,322.5
3203403,312.31,396.05,357.4,358.52
3203502,254.06,285.65,298.4,277.43
3203601,261.38,281.7,294.5,277.41
3203700,322.44,369.95,356.9,350.59
3203809,321.69,400.15,369,366.09
3203908,273.5,298.95,304.3,291.26
3204005,251.69,307.95,315.4,290
3204054,258.81,292.95,313.9,285.63
3204104,268.38,302.7,295.2,289.13
3204203,328.88,431.8,391.9,387.33
3204252,282.75,303.2,310.2,297.61
3204302,295.75,387.15,353.7,348.09
3204351,287.69,353.85,366.6,333.61
3204401,345.62,441.95,398.1,398.91
3204500,335.25,456.65,432.5,409.17
3204559,273.75,355.4,350.4,325.91
3204609,307.75,412.65,407.4,375.02
3204658,275.56,341.95,344.8,319.48
3204708,270.06,321.95,325.7,304.72
3204807,318.06,355.9,370.7,345.96
3204906,289.69,373.8,364.9,342.61
3204955,286.38,368.75,365.4,339.37
3205002,337,487.55,440.5,424.96
3205010,303,380.2,383.7,354.11
3205036,390.88,442.75,413.5,418.35
3205069,328.81,387.3,380.1,365.39
3205101,320.19,421.9,417.8,385.63
3205150,277.56,300.45,311.5,294.89
3205176,289.19,349.25,366.6,332.13
3205200,313.94,450.6,399.8,392.02
3205309,314.31,386.55,368.8,357.57
3300100,539.75,552.55,491.4,534.8
3300159,302.12,333.7,330.7,322.07
3300209,433.12,488.8,428.3,456.28
3300225,290.06,312.35,283.9,298.41
3300233,423.75,472.5,417,443.48
3300258,404.62,455.35,409.4,427.72
3300308,328.62,311.2,342.9,324.15
3300407,310.81,305.7,326.2,311.93
3300456,295.06,332.6,314.9,315.7
3300506,355.5,341.75,349.3,348.17
3300605,308.62,341.35,351.4,332.15
3300704,423.81,478.25,421.5,446.98
3300803,522.5,547.55,486.3,525.52
3300902,297.56,334.7,311.6,316.76
3300936,334.5,403.75,377.5,373.96
3300951,294.75,285,282.1,287.76
3301009,235.5,308.5,287.5,278.54
3301108,288.25,321.3,323.7,310.33
3301157,247.38,320.9,286.1,287.76
3301207,272.19,304.6,324.9,297.74
3301306,503.94,554.4,488.2,522.46
3301405,368.69,449.9,411.8,413.37
3301504,305.69,317.45,332.9,316.72
3301603,306.31,318.3,320,314.5
3301702,371.44,358,392.2,370.11
3301801,303.88,290.9,309.8,299.52
3301850,580.5,505.95,525.3,536.09
3301876,404.62,455.35,409.4,427.72
3301900,375.12,397.75,366.5,383.09
3302007,381.69,356.35,362.8,366.57
3302056,270.31,326.2,298.9,300.83
3302106,300,341.45,331.8,324.93
3302205,290.5,336.75,348.1,323.13
3302254,393.19,389.45,445.9,403.02
3302270,294.81,254.25,323.2,283.35
3302304,342.56,393.4,381.6,373.15
3302403,387.69,461.4,429.4,428.8
3302452,319.75,352.8,358.2,342.48
3302502,453.56,413.55,455.8,436.65
3302601,379.12,349.55,395.9,369.91
3302700,330.69,341.7,334,336.2
3302809,298.56,289.9,329.8,301.59
3302858,305.06,315.9,311.7,311.22
3302908,374.25,361.8,383.5,370.85
3303005,348.62,387.95,366.5,369.61
3303104,325.75,381.85,389.3,363.96
3303203,283.75,297.8,293.4,291.96
3303302,330.44,338.15,318.4,331.17
3303401,576.25,586.25,571.7,579.61
3303500,291.75,264.55,327.7,287.74
3303609,318.38,292.9,341.2,312.26
3303708,290.81,302.5,284.6,294.54
3303807,490.81,497.75,448.9,484.72
3303856,341.12,358.15,369,354.59
3303906,321.88,332.25,343.2,331.02
3303955,323.31,290.9,345.6,314.07
3304003,336.44,265.65,365.3,311.93
3304102,316.88,367.8,357.4,347.83
3304110,347.56,344.7,378.2,352.98
3304128,381.38,388.15,395.4,387.37
3304144,295.62,290.25,299.1,294.04
3304151,265,336.7,298.6,303.48
3304201,383.06,382.25,446.7,396.54
3304300,389.62,432,385.7,407.2
3304409,354.81,287.6,373.2,329.59
3304508,314.62,325.85,338.3,324.65
3304524,452.31,508.75,473.8,481.52
3304557,284.94,313.45,302,301.04
3304607,341.19,414.9,383.7,382.48
3304706,302.94,338.4,323.7,322.87
3304755,256.62,345.55,312.6,307.46
3304805,276.94,329.9,308.7,306.87
3304904,326.19,342.05,333.4,334.65
3305000,211.5,300.55,265.5,261.96
3305109,295.06,332.6,314.9,315.7
3305133,306.81,344.75,332.4,328.87
3305158,318,341.6,302.6,324.91
3305208,429.69,482.5,427.1,452.09
3305307,311.88,350.05,358.8,338.67
3305406,326.62,346.7,303.7,330.37
3305505,376.38,407,364.5,387.11
3305554,300.44,254.35,336.6,288.26
3305604,553.94,560,553,556.37
3305703,363,383.85,333.5,365.65
3305752,372.25,401.35,366.7,383.7
3305802,543.56,497,492.3,512.17
3305901,358.31,414.1,404.8,392.67
3306008,291.38,301.7,272,291.65
3306107,321.44,358.85,367.7,347.76
3306156,348.19,371.25,367.7,362.46
3306206,309.25,323.45,339.8,322.07
3306305,335.44,345.9,342.3,341.48
3500105,352.25,269.25,271,298.5
3500204,335.25,256.8,281.9,289.54
3500303,362.38,323.95,363.9,346
3500402,415.19,359.95,412.8,390.65
3500501,407.38,354.95,414,386.02
3500550,390,308.3,308.7,336.8
3500600,354.88,281.2,324.6,316.26
3500709,353.81,289.3,303.6,314.85
3500758,355.44,276.6,271.2,302.85
3500808,370.06,292.45,282.7,317.33
3500907,337,277.15,309.5,305
3501004,438.88,372.2,403.8,402.26
3501103,361.38,295.6,286,316.39
3501152,368.5,316.25,308.3,332.7
3501202,359.69,259.25,290.8,301.04
3501301,390.69,305.75,297.2,333.43
3501400,355.19,306.55,295.5,321.07
3501509,376.94,310.95,309,333.48
3501608,368.06,300.5,328.4,330.07
3501707,368.31,292,375.3,336.65
3501806,366.88,264.4,294.3,306.54
3501905,381.12,343.85,351,358.37
3502002,372.81,316.8,374.7,348.87
3502101,335,253.4,287.1,289.11
3502200,391.75,301.95,289,330.37
3502309,350,293.65,306.9,316.13
3502408,396.31,323.1,314.7,346.74
3502507,339.56,315.15,331.4,327.17
3502606,353.5,261.95,288.9,299.65
3502705,424.12,383.55,381,397.11
3502754,381.62,312.85,332.5,341.04
3502804,341.75,289.05,280.4,305.5
3502903,336.19,279.7,258.9,294.83
3503000,401.56,300.05,380.5,352.85
3503109,410.06,313.2,322.4,348.89
3503158,372.56,356.6,398.8,371.33
3503208,338.81,288.85,357.1,321.07
3503307,365.25,299.25,365.2,336.54
3503356,360.31,298.75,296.6,319.7
3503406,300.44,277.25,281.3,286.2
3503505,385.62,372.9,397,382.57
3503604,329.94,268.45,301,296.91
3503703,322.44,280.65,318.5,303.41
3503802,336.56,299.65,328.7,318.8
3503901,364.12,308.1,327.6,331.83
3503950,339.75,252.7,285.3,290.07
3504008,393.44,333.45,326,352.7
3504107,367.31,324,357,346.24
3504206,340.56,283.9,285.7,304
3504305,327.81,295.95,282.8,304.17
3504404,323.94,262.05,260.9,283.33
3504503,398.25,319.4,318.7,346.67
3504602,359.12,289.75,292.5,314.48
3504701,311.94,281.4,302.2,296.54
3504800,345.69,299.3,292.6,313.98
3504909,352.75,340.55,388.6,355.24
3505005,425.62,347,323.9,369.33
3505104,336.25,263.7,269.4,290.17
3505203,307.94,264.6,319.5,291.61
3505302,320.75,269.35,316.9,297.57
3505351,406.44,355.95,372.3,377.07
3505401,410.25,354.7,343.7,371.63
3505500,330.62,284.35,342.3,313.04
3505609,342.56,325.8,357.1,338.43
3505708,359.75,311.9,308.9,327.89
3505807,374.62,302.8,297.1,326.54
3505906,429.75,371.95,415.9,401.61
3506003,330.25,296.25,298.7,308.61
3506102,327.25,303.6,314.8,314.26
3506201,359.38,281.4,271.4,306.35
3506300,438.62,330.15,343.6,370.8
3506359,751.75,647.1,625.1,678.72
3506409,335.69,283.3,271.4,298.93
3506508,326.19,295.05,266.6,299.7
3506607,563.5,550.85,467.3,537.09
3506706,307.62,274.75,308.9,293.61
3506805,332.25,282.35,328.4,309.72
3506904,359.25,291.25,297.3,316.22
3507001,323.31,247.1,261.8,276.8
3507100,365.56,325.75,353.3,345.59
3507159,415.06,355.75,364,378.17
3507209,380.44,326.1,320.1,343.7
3507308,307.44,271.9,308.2,292.15
3507407,327.12,277.75,293.6,298.37
3507456,331.06,285.85,293.1,303.15
3507506,375.06,294.15,314.7,326.76
3507605,364.19,336.2,331.1,344.83
3507704,342.31,284.05,273,301.91
3507753,319.06,280.5,263.6,290.24
3507803,443.81,407.7,420.9,423.13
3507902,330.06,292.45,345.8,317.13
3508009,390.56,310.7,285.1,332.91
3508108,321.38,283.6,262.3,292.11
3508207,433,344.45,428.1,393.43
3508306,372,286.15,280.3,314.74
3508405,393.94,317.35,346.2,350.26
3508504,311.75,287.15,294.7,297.35
3508603,362.75,354.8,361.3,358.98
3508702,404.5,375.3,435.8,398.61
3508801,301.5,270.4,291.2,285.74
3508900,382.5,296.45,278.3,322.43
3509007,388.75,318.95,329.9,345.61
3509106,377.25,292,273.9,317.72
3509205,399.12,320.35,361.9,356.78
3509254,397.19,371.45,327.7,370.89
3509304,297.62,273.45,306.8,289.11
3509403,409.38,366.35,390.5,386.57
3509452,415.31,299.8,282.6,336.24
3509502,378.5,311.9,332.1,339.46
3509601,379,324.85,347.1,348.52
3509700,418.5,376.05,400.8,396.2
3509809,392.19,316.9,324.7,344.78
3509908,526.5,511.65,453.1,504.09
3509957,350.75,345.6,340.5,346.28
3510005,399.06,332.35,305.9,349.8
3510104,341.62,293.15,313.1,314.35
3510153,430.81,346.85,322.8,370.83
3510203,399,332.5,323.1,353.59
3510302,327.94,260.2,254.1,282.43
3510401,326.56,270.95,298.5,296.28
3510500,458.19,419.1,400.4,428.63
3510609,359.75,311.9,308.9,327.89
3510708,357.62,275.05,286.6,306.28
3510807,373.75,325.65,384.6,355.2
3510906,413.25,371.45,415.9,395.65
3511003,330,260.55,289.8,291.07
3511102,324.69,281.4,321.5,305.17
3511201,315.94,276.5,313.7,298.3
3511300,353.81,298.25,325.4,323.48
3511409,408.06,320.9,305.7,347.91
3511508,292.38,240.7,262.8,263.48
3511607,334.12,257.85,269.8,286.98
3511706,362.94,274.05,308.4,312.43
3511904,336.94,276.8,267.8,295.76
3512001,340.88,297.7,340.6,322.04
3512100,335,286.15,355.8,318.28
3512209,347.5,303.9,335.5,325.93
3512308,325.81,270.7,281.8,292.28
3512407,372.5,296.85,362.6,337.46
3512506,331.81,280.35,271,296.22
3512605,408.5,340.35,303.6,356.07
3512704,357,298.15,367.9,333.78
3512803,341.75,297.75,323.4,318.63
3512902,368.44,287.85,317,322.22
3513009,364.31,311.2,311.3,329.7
3513108,388.06,332.8,378,361.85
3513207,448.25,375,421.6,410.61
3513306,410.31,337.85,312.7,357.59
3513405,368.44,343.85,365.8,357.17
3513504,644.12,536.9,558.2,578.83
3513603,352.75,357.65,349.5,354.17
3513702,382.75,325.8,379.1,357.2
3513801,354.81,302.5,316.7,323.78
3513850,361,273.7,284.4,306.39
3513900,412.19,384.7,427.2,403.5
3514007,315.19,297.85,332.9,311.5
3514106,357.69,300.9,342.9,329.78
3514205,332.94,252.9,295.9,290.09
3514304,352.31,289.95,334.2,321.26
3514403,360.88,274.9,266,302.87
3514502,373.25,294.45,290.3,320.96
3514601,359.5,344.4,365.9,354.33
3514700,383.31,320.2,321.6,342.46
3514809,435.81,407.2,370.3,409.13
3514908,323.5,276.2,291.3,295.93
3514924,332.88,291.75,310.2,310.07
3514957,299.94,275.6,302.3,289.87
3515004,365.12,300.1,308.3,324.5
3515103,384.38,318.15,320.5,341.7
3515129,365,272.7,267,303.57
3515152,342.88,308.65,337.8,326.89
3515186,383.25,335.7,403.2,366.91
3515194,366.12,287.9,296,316.87
3515202,328.44,253.3,297.7,289.09
3515301,401.69,334.25,320.6,354.74
3515350,410.81,345.85,326.4,364.22
3515400,409.81,340.25,340.2,364.43
3515509,351.06,258.55,331.7,306.63
3515608,341.62,293.15,313.1,314.35
3515657,383.94,311,303,334.63
3515707,354.69,322.35,321.4,333.39
3515806,366.5,273.9,268.7,304.98
3515905,361.44,289.3,307.3,318.3
3516002,364.81,268.55,269.9,302.33
3516101,403.62,334.4,304.8,352.04
3516200,450.81,383.8,415.6,414.02
3516309,379,324.85,347.1,348.52
3516408,388.75,318.95,329.9,345.61
3516507,353.5,288.55,274.3,308.04
3516606,383.94,311,303,334.63
3516705,380.69,319,315.4,339.67
3516804,337.81,274.95,298,301.83
3516853,312.94,272.1,310.9,294.74
3516903,331.81,275.95,275.5,295.28
3517000,355,289.9,276.8,309.7
3517109,315.38,274.45,262.5,286.09
3517208,299.56,245.2,261.1,267.57
3517307,321.31,266.4,276.8,287.76
3517406,337.88,291.45,357.9,322.04
3517505,347,287.4,308.5,312.72
3517604,426.69,374.9,361.5,390
3517703,426.38,358.2,423.9,396.2
3517802,361.38,266.9,275,301.52
3517901,342.69,279.8,329.1,312.39
3518008,326.31,251.1,291.2,285.98
3518107,318.19,294.2,296.9,303.13
3518206,352.38,294.35,274.3,310.17
3518305,312.19,288.2,285.8,296.02
3518404,350.31,338.1,352.6,345.5
3518503,381.38,280.1,293.4,318.22
3518602,326.69,311.6,338.5,322.7
3518701,711.81,675.45,606.4,673.09
3518800,357.19,311.3,329.6,331.24
3518859,352.19,312.4,353.4,335.15
3518909,360.88,283.45,289.3,311.65
3519006,364.5,305.45,299.1,324.61
3519055,353.88,304.1,323.2,325.57
3519071,343.94,281.75,303.9,308.2
3519105,322.81,279.6,296.3,298.26
3519204,354.94,295.6,306.2,318.54
3519253,374.62,318.25,305.3,335.04
3519303,345.88,295.55,378.9,331.17
3519402,340.38,293.35,319.7,315.43
3519501,414.75,324.55,301.8,350.98
3519600,332.56,280.45,325.2,308.3
3519709,389.06,365.05,322,364.04
3519808,346.62,280.35,321.6,312.37
3519907,402.38,323.65,316.6,349.5
3520004,325.12,266.65,307.3,295.83
3520103,393.75,300.55,397.5,354.04
3520202,357.69,315.6,341.2,335.8
3520301,487.31,436.45,400.5,446.33
3520400,402.06,402.5,352,391.37
3520426,447.44,439.15,379.2,429
3520442,339.19,251.6,288.4,290.07
3520509,344.19,274.25,300.8,304.35
3520608,387.12,305.85,296.1,332
3520707,344.62,260.35,297.9,297.83
3520806,365.5,283.8,286.3,312.76
3520905,442.81,351.65,333,379.3
3521002,329.31,262.6,260.8,285.41
3521101,357.31,292.95,331.3,323.67
3521150,345.69,290.85,290.2,309.78
3521200,443.06,404.25,365.6,409.35
3521309,378.81,333.3,378.8,359.02
3521408,360.5,294.05,339.4,327.02
3521507,330.44,289.8,300.4,306.24
3521606,364.94,272.15,269.3,303.8
3521705,384.38,323.9,306,341.04
3521804,413.38,314.2,330.2,352.17
3521903,339.94,292.75,308.6,312.61
3522000,304.5,275.6,319.3,295.15
3522109,519,459.1,435.6,474.83
3522158,397.62,342.35,356.5,364.65
3522208,383.94,314.8,326,341.28
3522307,379.25,287.05,298.1,321.52
3522406,387.44,334.8,313.1,348.39
3522505,364.62,307.95,315.2,329.24
3522604,393.62,344,405.8,374.7
3522653,416.06,345.75,370.3,375.54
3522703,346.38,303.9,315.7,321.24
3522802,425,345.8,303.1,364.07
3522901,310.25,269.65,304.8,291.41
3523008,327.25,253.55,286.4,286.33
3523107,358.94,311.75,323.6,330.74
3523206,385.62,348.6,323.7,356.07
3523305,417.44,391.45,334,388
3523404,362.06,322,343.3,340.57
3523503,402.38,304.85,310.7,340.04
3523602,338.62,313.25,358.9,332
3523701,406.19,377.6,415.3,395.74
3523800,366.31,325.3,378.5,351.13
3523909,343.38,281.85,308.1,308.96
3524006,366.06,303.8,321.5,329.3
3524105,420.12,336.95,398.2,379.2
3524204,347.75,293.85,334.6,321.46
3524303,325.5,318.95,349.9,327.96
3524402,318.12,267.15,288.8,289.59
3524501,346.75,272.95,290.2,302.37
3524600,390.12,388.65,328.9,376.17
3524709,353.88,304.1,323.2,325.57
3524808,331.44,254.4,294.4,289.89
3524907,317.06,274.4,280.8,290.63
3525003,359.75,311.9,308.9,327.89
3525102,396.5,373.7,386.6,384.43
3525201,355.88,323.75,350.2,340.67
3525300,331.75,282.65,330.6,310.15
3525409,443.19,362.5,431.4,405.54
3525508,407.06,362.1,374.3,380.39
3525607,395.69,321.15,291.9,340.72
3525706,327.81,260.55,276.4,287.39
3525805,330.38,285.3,287.2,301.39
3525854,299.62,251.8,271,272.61
3525904,366.88,323.55,333.9,340.87
3526001,365,272,273,304.57
3526100,450.62,377.3,375.5,402.41
3526209,408.25,362.8,361.4,378.3
3526308,326.25,287.25,309.9,305.74
3526407,291.5,250.4,269.6,268.87
3526506,354.69,283,274.2,306.02
3526605,363.94,348.45,371.6,358.87
3526704,356.38,311.2,364.3,338.46
3526803,336.25,281.75,309.7,306.78
3526902,352.88,303.2,334.2,327.22
3527009,407.56,363.4,390.7,384.7
3527108,299.62,260.15,275.6,277.24
3527207,350.75,345.6,340.5,346.28
3527256,328.56,281.95,273.2,296.26
3527306,362.88,327.95,339.7,342.65
3527405,357.94,269.35,278.8,302.22
3527504,368.56,298.4,301,323.37
3527603,393.62,333.15,394.6,367.54
3527702,360.69,290.05,285.4,313.61
3527801,377.69,305.9,303.1,330.26
3527900,379.5,317.55,323.3,340.35
3528007,295.88,260.7,291.2,279.57
3528106,350.5,288.4,284.7,309.2
3528205,360.69,259.85,300.3,303.72
3528304,355.5,273.7,303.3,308.59
3528403,368.5,316.25,308.3,332.7
3528502,387.56,321.1,341.8,348.72
3528601,426.38,323.7,331,361
3528700,390.56,307.3,312.2,337.33
3528809,398.06,324.9,314.3,348.04
3528858,321.06,288.15,302.6,302.74
3528908,367.56,273.25,275.6,306.57
3529005,365.12,310.1,320.7,331.54
3529104,356.5,268.65,285.8,302.93
3529203,393.19,304.2,297.1,333.61
3529302,305.38,289.45,323.8,302.46
3529401,357.12,316.5,320.5,331.5
3529500,342.38,274.25,288.7,301.09
3529609,349.75,266.85,302.2,303.37
3529658,314.88,241.5,277.3,274.8
3529708,373.75,294.15,353.8,334.8
3529807,336.31,276.05,332.4,309.26
3529906,339.56,321.35,291.4,321.17
3530003,350.94,258.2,300.3,299.61
3530102,356.88,268.45,271.7,299.91
3530201,404.69,317.75,325.3,349.63
3530300,344.19,293.4,282.8,308.76
3530409,336.75,282.3,302.5,305.63
3530508,372.5,326.2,382,354.43
3530607,354.12,319.35,321.7,331.96
3530706,346.69,300.3,346.3,326.43
3530805,362.5,314,349.4,338.57
3530904,316.5,268,289.8,289.61
3531001,348.12,283.4,293,308
3531100,628.19,552,564.7,581.26
3531209,375.19,336.35,365.3,356.15
3531308,327.69,290.45,324.1,310.72
3531407,344.94,287.3,283.3,306.48
3531506,321.06,287.75,299.2,301.83
3531605,371.44,272.1,278.9,308.13
3531704,395.25,349.5,379.7,371.98
3531803,331.38,271.3,293.3,296.98
3531902,363.88,329.05,364.7,348.91
3532009,340.94,314.1,319.3,324.57
3532058,338.75,301.45,341.2,323.07
3532108,348.06,260,284.6,295.98
3532157,398.56,321.25,316.5,347.11
3532207,397.56,338.8,320.3,355.22
3532306,460.44,423.6,374.2,425.67
3532405,362.44,331.45,351.9,346.67
3532504,334.44,287.15,283.6,302.83
3532603,374.06,288.5,312.3,323.43
3532702,339.69,286.95,283,304.43
3532801,343.12,272.75,295.5,302.17
3532827,400.31,361.9,331.3,368.61
3532843,332.44,263.45,280.4,291.13
3532868,331.25,281.65,290.3,300.78
3532900,307.62,275.75,309,294.07
3533007,330.75,271.8,300,298.43
3533106,369.38,271.45,266.8,304.5
3533205,353.62,261.9,276.5,296.98
3533254,299.75,272.55,295.9,287.09
3533304,337.81,274.95,298,301.83
3533403,368.06,300.5,328.4,330.07
3533502,318.88,295.75,294.3,303.48
3533601,397.88,373.6,426.1,393.46
3533700,364.31,289.5,303.5,318.57
3533809,416.06,318.4,323.6,353.5
3533908,305.94,278.5,305.2,293.85
3534005,347.94,290.35,298.4,312.13
3534104,368.69,308.35,315.4,330.87
3534203,342.19,277.2,305.4,305.93
3534302,397.12,346.25,395.6,374.67
3534401,369.31,317.1,313.6,334.5
3534500,364.88,304.85,333.7,332
3534609,362.31,288.55,290.6,314.65
3534708,445.31,345.9,314.6,373.67
3534757,321.31,246.2,285.8,280.93
3534807,368.81,273.3,262.7,304.22
3534906,365.69,269.35,271.3,303.28
3535002,336.75,278.95,304.3,304.57
3535101,327.56,277.35,316.9,303.41
3535200,359.69,274.8,283.5,306.22
3535309,408.31,332.45,303.2,352.48
3535408,367.31,275.65,263.4,304.87
3535507,388.69,329.3,310.5,345.87
3535606,321.81,298.05,280.7,302.54
3535705,310.56,276.55,309.6,295.57
3535804,418,303,283.7,338.8
3535903,333.19,248.8,293.4,287.85
3536000,370.44,294,301.2,322.15
3536109,379.75,298.4,311.2,329.48
3536208,395.94,367.05,338,370.78
3536257,353.75,265.45,296.8,302.98
3536307,415.69,374.95,420.6,399.04
3536406,354.75,269.85,274.6,300.41
3536505,369.75,302.45,328.2,331.46
3536570,360.88,281.9,278.1,308.54
3536604,347.62,281.4,299.1,308.28
3536703,310.31,278,307,295.54
3536802,423.19,374.55,406.5,398.41
3536901,350.62,262.05,302.7,301.7
3537008,441.56,365,432.8,406.37
3537107,363.81,309.65,321,330.96
3537156,408.94,332.25,299.8,351.87
3537206,435.5,381.55,351.6,393.8
3537305,334.44,265.4,270.1,290.43
3537404,330.31,246.8,277.8,282.59
3537503,309.06,248.85,277.7,276.07
3537602,419.38,402.25,336,393.8
3537701,351.75,290.35,284.8,310.5
3537800,367.19,314.05,311.7,332.02
3537909,398.81,300,315.6,337.76
3538006,349.44,348,332.2,345.07
3538105,324.88,283.2,309.7,303.46
3538204,419.06,364.9,400.7,391.52
3538303,382.44,290.4,277.1,319.52
3538501,355.94,328.45,381.8,349.61
3538600,365.62,335.7,347.7,348.72
3538709,344.12,265.3,284.6,296.91
3538808,420.5,315.5,323.1,353.67
3538907,315.12,282.15,294,296.2
3539004,322.94,284,304,301.89
3539103,393.31,316.3,353.6,351.2
3539202,401.69,334.25,320.6,354.74
3539301,375.94,326.05,389.3,357.15
3539400,342.69,291.5,301.8,311.54
3539509,337,321.7,357.5,334.8
3539608,342.75,274.9,276.8,298.91
3539707,396.88,323.8,318.5,348.07
3539806,354.69,322.35,321.4,333.39
3539905,349.88,293.05,281.9,310.39
3540002,365.25,316.65,314.4,333.07
3540101,308.94,275.85,278.7,287.98
3540200,339.06,316.6,365.5,335.04
3540259,355,262.3,288.7,300.28
3540309,363.19,258.7,289.6,301.76
3540408,318.69,243,278.1,276.96
3540507,343.31,280.1,278.2,301.67
3540606,332,255.35,262.8,283.63
3540705,371,319.7,389.6,352.74
3540754,358.62,325.45,346.2,341.5
3540804,344.81,286.5,307.3,311.3
3540853,366.69,280.8,280.7,310.65
3540903,341.62,313.95,342.9,329.87
3541000,661.75,582.45,573.9,608.17
3541059,376.06,290.8,325.2,327.93
3541109,336.94,298.4,303.6,312.93
3541208,395.75,308.7,299.2,336.91
3541307,382.62,301.75,293.7,328.13
3541406,370.06,292.45,282.7,317.33
3541505,372.75,286.35,269,312.63
3541604,315.56,254.85,259.4,276.96
3541653,354.88,272.15,276.2,301.8
3541703,385.25,326.15,304,341.89
3541802,359,305.75,299.8,322.98
3541901,360.75,351.6,380.8,361.13
3542008,359.31,307.45,321.4,328.52
3542107,322,256.55,269.6,282.15
3542206,398.81,321.5,296.8,343.02
3542305,324.75,285.1,279.4,297.65
3542404,402.88,314.3,303.5,342.76
3542503,321.94,275.3,295.8,295.98
3542602,406,369.7,338,375.43
3542701,420.81,354.25,420.4,391.78
3542800,369.06,325.5,346.6,345.24
3542909,347.56,288.5,347.9,321.96
3543006,412.62,358.1,358.1,377.07
3543105,445.69,377.8,415.1,409.52
3543204,390,305.2,307,335.09
3543238,375.44,279.8,273.8,311.76
3543253,421.62,342.3,327,366.57
3543303,467.81,417.2,383.6,427.5
3543402,376.56,348.95,373.7,363.93
3543501,407,347.3,307,359.3
3543600,405.38,357.75,405.2,384.63
3543709,359.19,301.45,353.6,332.87
3543808,347.69,275.75,295.2,305
3543907,376.44,304.7,372.3,344.35
3544004,356.94,283.8,309.7,314.87
3544103,622.06,577.05,559.1,588.8
3544202,349.56,257.9,276.2,293.76
3544251,413.31,326.5,333,358.11
3544301,343.25,302.85,323.7,321.43
3544400,358.5,293.65,272.3,311.57
3544509,332.19,261.2,288.9,291.91
3544608,301.06,252.1,268.1,272.61
3544707,370.94,284.15,283.3,314.15
3544806,322.25,263.7,280.7,287.76
3544905,399.81,370.05,417.2,390.65
3545001,356.06,331.6,307.5,334.87
3545100,343.38,266.1,277.8,295.52
3545159,330.75,266.85,285.2,293.07
3545209,336.19,262.7,287.7,293.7
3545308,347.94,294.2,278.7,309.52
3545407,402.19,329,306.8,349.63
3545506,401.06,322.05,324.8,350.13
3545605,352.31,304.85,312.8,323.09
3545704,326.5,250.3,285.3,284.41
3545803,355.69,287.25,313.7,316.8
3546009,307.38,283.05,274.1,289.57
3546108,317.38,251.4,275.5,279.59
3546207,358.88,311.75,371.1,341.04
3546256,416.38,382.1,398.3,397.54
3546306,379.62,325.45,393.7,359.13
3546405,424.69,328.8,327.3,361.83
3546504,314.81,308,320.7,313.13
3546603,329.81,261.3,286.2,290.54
3546702,379.12,299.5,358.2,339.96
3546801,376.69,321.4,351.8,347.24
3546900,366.44,305.25,358.8,338.17
3547007,362.75,294.45,355.4,331.46
3547106,368.69,271.85,268,304.7
3547205,352.5,264.05,285.3,299.43
3547304,377.25,308.9,324.2,336
3547403,321.56,260.6,279,285.8
3547502,395.12,326.75,409.6,368.54
3547601,380.25,314.45,413.1,358.78
3547650,352.5,264.05,285.3,299.43
3547700,396.31,298.9,290.2,330.89
3547809,467.81,417.2,383.6,427.5
3547908,429.69,360.75,423,398.26
3548005,384,316.3,343.4,345.74
3548054,331.81,281.05,286.9,299.98
3548104,408.44,355.55,425.3,389.11
3548203,429.62,369.6,407.3,398.67
3548302,357.12,276,271.3,303.2
3548401,358,293.15,290.2,315.07
3548500,710.38,677.5,625.1,677.54
3548609,385.94,355.65,406,377.13
3548708,606.06,467.5,476.7,517.7
3548807,344.19,307.75,316.2,322.26
3548906,367.12,327.65,373.8,351.41
3549003,352.5,265.5,281.8,299.3
3549102,383.81,320.55,375.6,354.52
3549201,348.38,255.85,305.5,298.83
3549250,336.44,265.35,294.7,296.46
3549300,365.38,275.35,272.8,306.11
3549409,404.62,346.45,392.1,376.61
3549508,428.88,371.8,418.7,401.85
3549607,421.06,410.7,431.6,418.85
3549706,389.44,342.75,404.7,372.46
3549805,348.31,291.9,291.2,311.37
3549904,389.62,335.6,360.3,359.76
3549953,391.88,341.15,355.8,361.98
3550001,362.12,346.95,313.4,344.93
3550100,330.69,270.4,305,298.89
3550209,420.88,317.6,342.3,358.89
3550308,354.81,302.5,316.7,323.78
3550407,356.94,284.5,326,318.72
3550506,381.06,307.25,311.8,333.91
3550605,382.06,327.55,320.3,344.93
3550704,430.06,395.35,374.2,402.83
3550803,414.69,368.55,408.9,393.37
3550902,396.31,333.75,395,368.83
3551009,662.5,553.9,541.2,588.91
3551108,344.81,275.45,257.2,295.61
3551207,417.44,332.8,343.9,364.65
3551306,380.25,293.75,310.3,327.43
3551405,396.06,344,390.6,372.24
3551504,432,390.3,415.1,410.2
3551603,407.56,363.4,390.7,384.7
3551702,340.62,337.2,368.8,345.26
3551801,517,436.05,429.7,462.83
3551900,310.62,286.5,318.1,301.76
3552007,371.69,355.2,372.1,364.61
3552106,423.31,369.75,407.3,396.54
3552205,326.81,275.85,271.5,292.63
3552304,361.5,271.25,282.7,305.13
3552403,343.94,281.75,303.9,308.2
3552502,377.62,365.25,313.1,358.22
3552551,334.44,250.1,276.4,285.15
3552601,326.19,290.2,327,310.72
3552700,308.94,284.25,324,301.48
3552809,363.81,308.5,303.5,326.65
3552908,395.06,325.7,326.1,349.91
3553005,402.56,328.05,341.1,356.8
3553104,335.12,296,316.2,314
3553203,334.06,302.45,329.8,319.39
3553302,361.69,316.25,412.8,353.04
3553401,355.56,295.45,314.1,320.41
3553500,484.94,432.5,404.1,444.57
3553609,410.62,359.4,445,395.83
3553658,339.12,312.9,343.3,328.63
3553708,327.19,293.55,326.7,312.46
3553807,401.5,333.15,327.8,355.76
3553856,381,329.4,304.1,341.85
3553906,401.31,319.6,309.3,345.78
3553955,401.31,333.25,309.3,351.72
3554003,336.06,265.5,254,287.54
3554102,320.94,285.9,295.3,300.13
3554201,408.25,323.4,341.1,356.76
3554300,419.75,339.8,327.2,364.87
3554409,351.75,307.3,337.5,329.33
3554508,299.62,251.8,271,272.61
3554607,432.62,340.75,345.4,373.72
3554656,350.62,278.6,287.1,305.5
3554706,363.62,302.9,358.9,336.2
3554755,340.06,290.2,334.4,317.15
3554805,359,318.95,343.3,338.17
3554904,350.31,262.95,291.8,299.61
3554953,382.5,335.3,359.9,357.07
3555000,370.06,313,292.9,328.48
3555109,363.56,268.85,281.9,304.63
3555208,332.56,290.85,282.5,303.54
3555307,325.31,246.5,294.6,284.37
3555356,330.5,258.15,270.8,286.07
3555406,527.12,475.4,469.5,492.11
3555505,378.38,304.55,313.5,332.17
3555604,336.62,295.85,324.3,316.22
3555703,343.75,282.9,277.7,302.93
3555802,345.88,260.55,284.8,295.5
3555901,321.12,281.65,290.5,297.3
3556008,319.75,291.2,293.4,301.61
3556107,363.38,274.95,303.5,311.91
3556206,365,324.55,342,342.41
3556305,350.19,277.3,271.1,301.3
3556354,407.81,369.3,376.8,384.33
3556404,403.81,329.8,393.5,369.39
3556453,381.94,331.35,321.1,346.72
3556503,396.5,329.65,372.3,362.17
3556602,387.75,314.2,312.5,339.41
3556701,362.88,327.95,339.7,342.65
3556800,346.62,316.15,348,333.67
3556909,320.44,283.35,313.4,302.78
3556958,338.19,257.5,316.2,298.33
3557006,323.56,292.85,276.5,299.98
3557105,379.69,286.05,310,323.83
3557154,325.62,277.65,269.1,292.48
3557204,430.81,346.85,322.8,370.83
3557303,357.31,305.4,365,336.41
4100103,445.44,346.85,316.8,374.61
4100202,375.31,339.7,338,351.72
4100301,438.5,377.25,350.6,392.76
4100400,434.5,358.15,377.7,388.96
4100459,587.31,482.3,476.4,517.54
4100509,499.81,438.05,390.4,449.17
4100608,468.06,363.75,349,396.83
4100707,525.38,467.1,426.5,478.54
4100806,423,338.15,325.9,365
4100905,437.56,365.6,340,385.07
4101002,694.88,522.35,542.1,586.65
4101051,569.69,472.45,456.9,502.89
4101101,429.12,331.5,325.4,364.13
4101150,451.94,369.95,339,391.74
4101200,604.44,586.2,545.9,583.78
4101309,477.19,399.55,392.5,425.02
4101408,503.5,410,376.4,435.22
4101507,501.69,408.85,363.4,431.26
4101606,434.81,356.8,340.4,380.37
4101655,554.19,447.25,402.2,474.65
4101705,503.06,424.4,377.1,441.48
4101804,413.81,344.7,356.8,371.37
4101853,552,441.8,400.2,471.09
4101903,448.69,361.95,322.1,383.46
4102000,571.81,471.95,434.5,498.54
4102109,442.81,356.4,341.6,383.24
4102208,460.75,377.5,346.8,399.78
4102307,445,363.4,369.6,393.13
4102406,435.25,328.7,319.8,363.83
4102505,506.38,417.15,368.4,437.59
4102604,735.38,542.85,572.5,616.26
4102703,458.44,345.9,320,379.41
4102752,682.81,519.55,527.4,578.04
4102802,446.06,351.55,333.9,380.59
4102901,633.81,515.1,511.8,555.67
4103008,565.06,466.4,415.8,489.72
4103024,646.81,508.4,481.6,550.72
4103040,564.44,460.45,437.7,491.67
4103057,637.25,503.35,491.2,547.28
4103107,438.19,373.85,369.8,395.35
4103156,730.25,531.65,562.5,607.43
4103206,502.25,403.7,373.3,431.37
4103222,671.31,484.25,531.3,559.54
4103305,530,408.75,405.9,450.3
4103354,630.81,491.8,482.3,538.09
4103370,530.69,473.15,415.8,480.7
4103404,415.88,339.5,324.8,362.87
4103453,586.31,480.05,447.6,509.96
4103479,514.5,442.6,375.3,452.98
4103503,505.06,412.85,383.2,438.48
4103602,423.38,317.95,301.5,351.04
4103701,454.75,368.9,352.9,395.28
4103800,507.69,410.5,387.7,439.35
4103909,574.25,471.05,457.8,504.07
4103958,586.25,480.7,472.1,515.54
4104006,509.81,440.4,416.4,459.33
4104055,652.38,515.75,494.8,558.72
4104105,463,387.5,379.9,412.11
4104204,440.06,352.9,387.6,390.76
4104253,428.38,351.9,387.3,386.2
4104303,554.12,435.25,400.8,469.11
4104402,512.56,425.7,449,460.98
4104428,602.19,493.65,484.8,529.48
4104451,616.56,506.2,517.2,546.98
4104501,619.88,491.7,492.6,536.48
4104600,641.62,505.85,494.8,550.67
4104659,464.44,392.9,404.4,420.28
4104709,422.5,336.4,316.1,361.93
4104808,638.81,525.75,496.6,558.74
4104907,476.25,393.7,414.6,426.96
4105003,643.19,533.45,530.9,571.07
4105102,406.62,330.3,316,353.74
4105201,387.12,318.4,344.4,347.96
4105300,662.38,537.35,529.9,579.22
4105409,645.38,512.7,505,557.17
4105508,485.38,405.4,352.7,421.76
4105607,451.19,372.2,351.4,395.15
4105706,670.69,520.5,547.4,578.59
4105805,428.81,353.85,380,385.61
4105904,426,342.35,340.2,370.98
4106001,424.12,363.75,331.6,377.76
4106100,412.69,348.7,315.9,363.83
4106209,424.56,353.85,358.6,379.48
4106308,615.44,483.65,466.5,525.76
4106407,431.75,340.9,313,366.43
4106456,654,501.75,527.4,560.28
4106506,666.38,507.7,521.9,565.98
4106555,528.31,415.05,396.5,450.41
4106571,647.31,514.15,503.9,558.24
4106605,474.25,401.2,361.7,418.02
4106704,434.38,340.25,348.5,374.78
4106803,610.38,467.7,464.4,516.61
4106852,551.38,435.65,422.6,473.07
4106902,449.25,361,386.3,397.2
4107009,442.69,363.85,343.9,386.93
4107108,401.44,340.45,338.8,361.3
4107124,620.06,511.1,480.2,542.28
4107157,605.12,515.35,483.9,539.74
4107207,672.62,506.75,529.4,569.37
4107256,453.81,374.8,351.4,397.2
4107306,523.31,414.65,393.7,447.89
4107405,683.88,518.25,557.2,584.33
4107504,492.12,408.35,367.3,428.57
4107520,484.81,419.1,350.8,427.11
4107538,609,491.35,455.8,524.54
4107546,627.69,535.4,521.2,564.41
4107553,558.56,473,405.5,488.09
4107603,565.56,440.95,438.8,483.83
4107652,438.94,363.4,377.7,392.78
4107702,500.12,400.2,366.2,427.57
4107736,514.56,422.35,426.6,455.35
4107751,440.06,376.95,343.6,391.65
4107801,519.62,408,388.5,442.59
4107850,708.69,566.95,590.9,621.46
4107900,484.62,397.25,350,417.37
4108007,416.06,344,323.8,364.67
4108106,451.94,369.95,339,391.74
4108205,519.25,457.65,431.6,473.41
4108304,613.38,480.3,495,529.78
4108320,522.81,449.65,406.7,465.76
4108403,687,523.5,564.8,589.35
4108452,623.31,505.95,511.3,547.93
4108502,603.12,505.5,457.6,529.04
4108551,522.31,436.1,395.5,457.26
4108601,534.12,432.1,396.4,459.83
4108650,608.44,497.15,505.3,537.63
4108700,541.88,433.1,412.7,466.5
4108809,550.5,444.45,419,475.8
4108908,433.56,366.55,341.1,384.33
4108957,497.56,425.65,435.2,452.74
4109005,457.62,356.65,330.2,386.02
4109104,456.62,375.8,343.2,396.83
4109203,412.12,346.15,333.3,366.3
4109302,649.31,524.3,497.2,561.89
4109401,591.56,501.6,483.3,528.91
4109500,569.94,499.15,484.7,520.63
4109609,576,581.9,505.8,563.3
4109658,661.31,515.8,549.2,573.67
4109708,429.94,372.35,354,388.39
4109757,650.25,539.45,531.8,576.33
4109807,470.25,375.85,339.7,400.83
4109906,480.69,399.8,389.9,425.78
4110003,468.44,379.5,347.8,403.54
4110052,561.12,477,446.5,499.63
4110078,543.25,435.5,446.3,475.33
4110102,479,409.05,430.2,437.98
4110201,577.19,500.5,471.7,520.91
4110300,428.44,330.5,318.2,361.89
4110409,480,394.7,355.1,415.76
4110508,451.38,400.5,390.9,416.11
4110607,523,451.5,402.6,465.74
4110656,548.62,465.5,439.5,488.76
4110706,530.12,429.4,452.1,469.37
4110805,582.88,456.65,427.8,494.28
4110904,404.19,329.9,324,354.46
4110953,600,504.55,493.8,535.41
4111001,406.44,334.65,305.4,353.26
4111100,492.62,396.25,360.7,422.04
4111209,649.75,472.55,527.7,546.17
4111258,430.5,347.3,387.6,385
4111308,413.38,347.9,345.8,370.22
4111407,511.75,441.1,439.2,465.26
4111506,556.38,445.1,408.9,475.93
4111555,484.06,397.45,383.9,424.63
4111605,491.5,408.35,364.9,427.83
4111704,435.81,369.95,345.4,387.52
4111803,443.06,344.2,308.8,370.89
4111902,416,348.85,323.5,366.7
4112009,435.5,345.75,358.3,379.7
4112108,513.81,407.8,380.7,438.78
4112207,562.31,452.2,405.3,480.3
4112306,433.5,370.6,350,388
4112405,477.44,391.85,358.6,414.39
4112504,555.44,440.4,409.2,473.63
4112603,412.94,325.45,318.9,354.46
4112702,470.44,363.9,331.3,393.87
4112751,563.5,469.45,439.6,495.67
4112801,444.75,354.8,323.4,379.26
4112900,440.12,358.4,328,380.22
4112959,545.94,464.75,399.4,478.78
4113007,491.12,405.2,358.2,424.87
4113106,532.5,411.6,405.8,452.39
4113205,486.81,388.65,414.5,428.41
4113254,606.31,496.7,475.9,530.3
4113304,625.19,531.95,529.6,563.87
4113403,405.38,330.6,306.4,351.35
4113429,535.5,427.9,411.1,461.67
4113452,671.44,527.9,543,581.11
4113502,431.19,372.2,356,389.2
4113601,432.69,348.2,327.8,373.15
4113700,486,388.9,349.2,414.04
4113734,613.25,484.95,460.2,524.2
4113759,525.12,425.85,398.4,454.41
4113809,406.5,331.05,317.9,354.43
4113908,556.75,435.25,455,481.8
4114005,591.69,493.8,454.1,519.22
4114104,477.31,383.75,354.7,409.98
4114203,496.12,399.85,369.3,426.7
4114302,429.12,368.35,355.6,386.72
4114351,699.56,534.35,562.8,598
4114401,650.31,523.45,518.6,566.52
4114500,587.31,472.85,447.6,507.17
4114609,581.62,470,444.4,503.26
4114708,478.44,397.75,375.2,420.91
4114807,494.06,401.3,366,425.89
4114906,511.69,411.85,394.5,442.8
4115002,408.12,332.45,344,361.28
4115101,504.38,443.2,397.9,454.63
4115200,487.94,393.65,356.8,418.43
4115309,684,526.35,557,587.85
4115358,568.44,480.1,433.1,500.61
4115408,697.69,546.15,572.7,604.63
4115457,623.81,530.1,500.8,556.33
4115507,523.25,409.55,396.1,446.17
4115606,625,505.55,499.4,545.76
4115705,528.56,555.45,462.4,525.87
4115739,613.12,478.55,467.8,523.02
4115754,546.94,425.95,418.9,466.5
4115804,615.69,495.1,495.8,537.2
4115853,563,456,448.5,491.59
4115903,443.25,367.45,332,386.11
4116000,410.88,330.65,316.4,355.46
4116059,599.44,511,484.8,536.07
4116109,523.62,428.6,391,453.48
4116208,538.56,500.25,490.3,511.41
4116307,447.25,359.2,339.8,385.61
4116406,428.94,352.8,332.9,374.96
4116505,449.25,364.1,331.6,386.65
4116604,459,365.4,326.5,389.5
4116703,558.88,464.35,447.2,493.5
4116802,575.25,481.7,461.8,509.91
4116901,474.25,374,346.7,402.93
4116950,672.94,507.65,534.5,570.98
4117008,436,349.95,330.5,375.65
4117057,633.94,544.5,519.3,570.13
4117107,413,340.8,342.3,366.24
4117206,460,375.3,353.5,400.02
4117214,455.31,366.3,326.5,388.61
4117222,550.94,457.7,426.5,483.35
4117255,628.19,496,480.6,538.63
4117271,550.06,455.15,421.1,480.76
4117297,512.25,409.05,386.4,440.02
4117305,523.38,402.6,398.9,443.8
4117404,522.88,409.85,389.7,444.78
4117453,608.62,520.2,470.5,540.15
4117503,515.75,404.25,379.3,437.61
4117602,648.88,519.75,523.3,565.43
4117701,473.06,372.1,396.6,412.54
4117800,621.12,488.95,485,534.07
4117909,538.56,448.85,424.3,474.72
4118006,445.88,368.95,330,387.24
4118105,426,322.95,330,360.33
4118204,491.81,505.65,409.3,479.89
4118303,420.5,324.05,321.3,357
4118402,442.19,357.45,328.4,380.61
4118451,600.19,484.6,451.2,517.54
4118501,686.94,514.55,527.8,577.39
4118600,536.06,434.55,437.8,470.57
4118709,531.75,427.15,435.5,465.35
4118808,512.56,411.05,374.1,438.33
4118857,501.62,440.4,390,450.74
4118907,484.25,425.4,359.3,431.5
4119004,681.06,517.85,516.2,574.26
4119103,446.25,381.65,354.4,398.2
4119152,424.19,355.75,375.8,383.91
4119202,451.75,368.2,363.3,396.2
4119251,710.62,533.9,562.6,601.61
4119301,672.12,528.5,507.2,573.83
4119400,482.12,383.9,371.5,415.37
4119509,514.31,480.55,453.3,486.37
4119608,585.75,497.95,480.4,524.67
4119657,447.56,371.2,356.3,394.52
4119707,449.81,377.15,357.7,398.2
4119806,659.81,505.2,513,560.67
4119905,474.56,389.8,399.2,421.33
4119954,494.94,530.95,424.8,495.35
4120002,407.94,341,323.1,360.39
4120101,487.56,372.95,410.5,420.98
4120150,605.19,530.05,518,553.57
4120200,415.75,341.6,347.8,368.74
4120309,569.69,461.7,455.4,497.89
4120333,415.5,340.45,319.9,362.09
4120358,692.12,513.2,534.9,580.15
4120408,465.81,377.15,348.9,401.85
4120507,420.5,330.55,319.4,359.41
4120606,545.5,454.65,474.7,490.61
4120655,536.62,442.75,402.2,466.59
4120705,416.5,342.5,317.7,362.85
4120804,595.56,538.15,504.4,550.78
4120853,564.69,474.05,454.7,501.37
4120903,643.31,534.8,544.1,574.57
4121000,432.62,375.4,366,393.26
4121109,498.25,393.35,369.2,424.59
4121208,435.81,373,354,390.72
4121257,604.56,522.7,498.3,545.87
4121307,440.81,343,332.8,374.8
4121356,558.69,454.15,394.4,477.52
4121406,618.94,483.3,483.3,530.48
4121505,528.5,426.15,424.9,461.48
4121604,691.25,544,558.3,598.33
4121703,540.69,439.7,456,478.37
4121752,647.31,514.05,519,561.48
4121802,421.38,337.6,323.5,363.67
4121901,426.88,342.75,324.8,368.11
4122008,539.19,428,433,467.76
4122107,505.5,411.55,390.5,439.65
4122156,623.94,533.6,525.3,563.22
4122172,541.25,436.35,425.5,470.48
4122206,419.44,343.9,386.1,379.35
4122305,473.25,400.2,389,423.17
4122404,441.88,368.55,356.4,391.41
4122503,605.12,476.65,457.2,517.11
4122602,473.56,382.05,349.2,406.74
4122651,533.12,419.9,431.2,461.74
4122701,464.81,387.7,375.5,411.87
4122800,717.06,535.45,556.8,603.26
4122909,427.06,347.25,310.6,367.04
4123006,669.62,505.95,520.5,566.04
4123105,444.38,333.45,320,369.11
4123204,455.31,366.3,326.5,388.61
4123303,425.06,361.2,349.3,380.83
4123402,436.81,360.85,324.9,379.46
4123501,616.94,505.15,474.3,537.33
4123600,416.31,333.8,333.9,362.52
4123709,418,362.75,340.4,377.11
4123808,648.88,498.4,501,551.3
4123824,673.56,528.65,522,577.61
4123857,631.38,503.7,510.1,549.5
4123907,416.62,332.3,312.1,357.24
4123956,417.75,361.25,345.5,377.48
4124004,414.25,345.75,304.4,360.59
4124020,622.88,518.15,501.7,551
4124053,613.38,480.3,495,529.78
4124103,460.62,352.1,325.1,383.98
4124202,424.69,332.6,329.4,363.93
4124301,436.62,363.7,338.8,383.65
4124400,705.81,512.4,532.1,583.96
4124509,409.5,327.25,325.5,355.48
4124608,484.56,391.75,354.3,415.89
4124707,484.88,386.25,377.9,418.74
4124806,677.44,513.85,539,576.22
4124905,444.06,337.9,329,372.89
4125001,508.31,411.8,371.9,436.7
4125100,495,402,422.5,438.8
4125209,673.38,515.35,520.2,571.37
4125308,516.5,409.15,381.3,440.43
4125357,488.5,421.25,368.3,433.13
4125407,397.19,342.8,309.2,354.41
4125456,604.75,507.5,444.7,527.67
4125506,533,463.5,473.2,489.78
4125555,465.56,378,346.3,401.57
4125605,513.31,407.1,417.3,446.26
4125704,632.38,487.25,500.1,540.52
4125753,609.12,530.3,491.2,549.22
4125803,513.12,402.3,370,433.83
4125902,404.81,328.2,342.7,358
4126009,453.06,365.2,317.8,385.46
4126108,489.38,399.5,361.2,422.43
4126207,471,385.6,369.4,411.78
4126256,488.44,396,365.5,421.52
4126272,656,513.25,527.5,566
4126306,397.94,335.65,340.2,358.3
4126355,599.44,484.4,471.5,521.61
4126405,429.56,333.8,311.2,362.2
4126504,441.19,347.4,324.8,375.11
4126603,418.81,346.4,310.4,363.76
4126652,669.06,514.15,535.1,572.59
4126678,526.56,416.65,404.5,452.24
4126702,466.31,370.6,332.3,395.57
4126801,483,395.25,357.7,417.61
4126900,454.06,372.4,353.2,396.63
4127007,493.56,414.75,431.6,445.83
4127106,495.56,389.2,399.8,428.5
4127205,485.81,403.65,360.2,422.78
4127304,418.12,344.5,315.3,363.76
4127403,539.31,449.35,431.9,476.85
4127502,458.19,396.9,375.7,413.61
4127601,448.81,418.45,377.5,420.11
4127700,602.19,522.75,475.8,540.17
4127809,434.88,364.35,331.5,381.74
4127858,652.12,524.1,510.8,565.74
4127882,385.69,325.05,334.8,348.26
4127908,489.62,406.5,361.3,425.59
4127957,598.19,490.05,471.6,523.65
4127965,568.81,448.95,467.6,494.7
4128005,547.69,474.25,435.2,491.3
4128104,479.44,412.2,389.6,430.67
4128203,570.75,463.25,437.2,494.98
4128302,452.69,362.55,349.7,391.11
4128401,439.31,347.45,314.1,372.15
4128500,407.88,352.95,308.3,362.35
4128534,445.94,370.85,352.1,392.89
4128559,621.06,520.45,498,550.57
4128609,671.25,494.75,533.2,564.5
4128625,489.62,407.65,378.1,429.74
4128633,416.69,340.05,356.5,370.28
4128658,607.38,530.75,533.5,558
4128708,688.12,541.05,559,596.11
4128807,492.31,417.55,372.5,433.76
4200051,650.19,446.35,471.6,522.74
4200101,659.69,517.15,559.1,575.85
4200200,520,422.4,387.8,448.83
4200309,526.06,413.65,388,447.17
4200408,619.56,492.7,500.8,538.59
4200507,661.38,495.4,482.7,550.37
4200556,673.38,496.5,500.3,558.85
4200606,496.88,474.05,384.2,462.46
4200705,523,423.4,399.9,452.93
4200754,671.38,471.65,479.1,542.74
4200804,711.12,518.45,543.2,590.85
4200903,487.31,469.3,399.1,460.3
4201000,658.5,441.9,468.9,523.11
4201109,515.88,453.3,401.2,463.74
4201208,468.06,461.65,394.6,449.3
4201257,477.5,415.3,385.4,430.43
4201273,673.88,504.45,508.9,564.35
4201307,534.94,534.6,467.7,520.17
4201406,482.69,383,363.4,413.41
4201505,421.12,340.9,319,364.04
4201604,616,484.3,468.4,526.65
4201653,642.69,472.2,505.3,538.7
4201703,491.25,422.2,416.4,444.96
4201802,524.81,414.1,384.1,446.09
4201901,511.88,399.05,376.4,433.37
4201950,485.69,386.15,366,416.39
4202008,477.19,464.4,400.3,454.91
4202057,541.81,534.1,447.6,517.98
4202073,507.56,400.35,387.3,434.8
4202081,719.94,511.25,537.6,589.57
4202099,694.06,505.95,537.2,578.17
4202107,474.25,445.8,428.5,451.93
4202131,506.62,428.8,435.3,457.28
4202156,701.69,509.3,510.4,576.46
4202206,483.81,428.2,435.3,449.09
4202305,451,485.05,385.7,451.61
4202404,508.62,461.2,432.7,471.5
4202438,547.69,445.4,389.9,468.91
4202453,457.75,483.95,369.3,449.91
4202503,540.88,427.4,411.8,463.48
4202537,630.88,504.25,535.9,555.17
4202578,707.31,520.6,515.2,584.37
4202602,518.12,405.3,382.2,439.52
4202701,475.06,425,379.8,432.59
4202800,425.75,335.65,325.6,364.8
4202859,536.69,423.4,386.7,454.83
4202875,619.19,436.5,435.5,499.83
4202909,484.5,446.7,405.9,450.98
4203006,598.56,467.3,437.4,506.46
4203105,662.56,513.8,476.8,557.5
4203154,586.62,468.45,437.2,502.76
4203204,489.19,449.45,400.3,452.59
4203253,592.88,418.3,420.9,479.59
4203303,538.69,518.6,422.9,504.78
4203402,621.62,436.2,434,500.22
4203501,706.44,559.65,562.8,611.39
4203600,666,461.75,494.3,539.87
4203709,446.06,451.8,382.8,434.8
4203808,507.69,431.2,413.2,453.89
4203907,657.25,446.25,477,526.33
4203956,429.12,361.8,328.4,377.96
4204004,665.31,486.85,508.9,553.72
4204103,656.94,486.75,477.1,543.85
4204152,676.12,466.5,491.9,544.93
4204178,649.19,420.85,457.8,508.3
4204194,509.38,400.15,377.6,433.24
4204202,632.75,451.65,483.5,521.57
4204251,483.06,385.9,363.8,414.89
4204301,672.62,490.15,501.1,556
4204350,657.69,474.65,507.1,545.37
4204400,672.25,494.25,500.9,557.61
4204459,677.56,528.9,550,585.2
4204509,514.5,512.95,433.3,496.17
4204558,592.81,418.75,391.2,473.3
4204608,491.44,394.9,379.9,425.22
4204707,671.19,502.8,493.7,559.39
4204756,668.88,507.45,473.8,556.28
4204806,596.75,423.25,412.2,481.2
4204905,673.25,503,495.8,560.65
4205001,754,550.8,585.6,629.04
4205100,492.94,389.1,376.1,422.39
4205159,493.44,434,423.7,452.43
4205175,651.94,491.05,525.3,554.46
4205191,506.19,410.05,389.3,438.98
4205209,655.12,466,481.2,535.09
4205308,638.31,512.7,537.5,561.78
4205357,676.75,503.85,510.3,565.39
4205407,476.5,504.05,382,467.93
4205431,692.56,528.6,536.4,587.33
4205456,496.38,402.05,385.7,431.3
4205506,614.19,449.8,430.1,502.7
4205555,600.75,428.85,429.1,488.7
4205605,676,544,557.8,592.91
4205704,463.12,410,356.5,416.85
4205803,668.62,689.5,544.9,650.8
4205902,489.5,446.3,411.1,453.67
4206009,457.75,483.95,369.3,449.91
4206108,477.19,400.85,361.1,418.76
4206207,426.69,351.7,320.1,370.91
4206306,483.94,443.7,401.4,448.5
4206405,730.56,517.15,557.4,600.13
4206504,553.75,556.6,477,538.3
4206603,744.12,562.5,575.3,628.46
4206652,645.62,458.35,480.4,528.28
4206702,651.44,480.95,481.7,540.41
4206751,647.62,484.2,475.1,539.07
4206801,632.12,485.4,470.1,533.11
4206900,476.06,401,383,423.2
4207007,482,383.55,372.2,415.33
4207106,505.38,465.4,411.5,467.59
4207205,428.25,365.85,332.9,380.39
4207304,450.44,395.15,348.8,404.3
4207403,503.19,400.8,368.3,429.35
4207502,487.19,426.4,425.9,447.43
4207577,613.94,482.1,456.2,522.33
4207601,653.19,456,474.7,528.65
4207650,669.94,515.4,475.3,560.43
4207684,652.81,502.85,544.7,564.11
4207700,669.75,510.75,525.6,569.28
4207759,664.75,505.4,491.5,557.8
4207809,677.25,514.45,526.9,573.78
4207858,690.69,529.85,532.8,586.43
4207908,533.38,438.55,437.9,471.39
4208005,653.5,481.4,488.4,542.78
4208104,492.81,415.1,402.7,439.43
4208203,495.94,455.7,414.3,460.7
4208302,460.5,461.15,379.1,443.09
4208401,672.06,496.95,461.5,550.15
4208450,587.5,619.6,518.5,586.46
4208500,506.06,404.25,370.8,432.39
4208609,668.94,484.85,496.2,551.35
4208708,536.44,425.4,400.3,458.57
4208807,455.38,365.65,344.1,392.17
4208906,579.31,577.75,481.8,557.43
4208955,683,507.95,503.4,567.85
4209003,642.75,462.9,487.8,530.87
4209102,660.06,655.3,539.7,631.83
4209151,481.94,394.25,388.8,423.57
4209177,694.94,543.7,559.7,599.78
4209201,653.81,470,475.9,535.22
4209300,592.5,405,399.8,469.09
4209409,433.62,370.05,338,385.2
4209458,646.62,488.6,510.2,548.26
4209508,526.31,416.3,382.7,447.26
4209607,471.06,395,352.9,412.3
4209706,552.38,430.8,418.4,470.39
4209805,488.62,429.5,389.8,441.43
4209854,678.38,514.6,530.5,575.02
4209904,491.25,408.05,381,431.11
4210001,480.56,437.3,416.5,447.83
4210035,648.38,478.7,493.6,540.96
4210050,604.81,481.1,459.3,519.39
4210100,493.38,420.5,405.4,442.57
4210209,465.06,450.6,372.4,438.63
4210308,518.62,436,444.7,466.63
4210407,481.56,384.75,367.3,414.63
4210506,678.31,501.75,502.1,563.24
4210555,664.31,487.7,510.6,554.11
4210605,505.06,478.25,456,482.74
4210704,571.5,470.95,440.2,499.24
4210803,514.19,417.65,395.3,446.37
4210852,576.69,441.6,422.1,484.35
4210902,694.62,502.75,500.4,568.98
4211009,669.94,515.4,475.3,560.43
4211058,625.56,444.15,440,506.35
4211108,543.94,435.4,444.1,475.04
4211207,464.38,376.6,352.9,401.98
4211256,537.62,441,423.9,470.89
4211306,478.69,436.55,404.4,444.22
4211405,663.81,493.45,484.4,550.74
4211454,671.81,489.4,494.8,554.02
4211504,474.31,452.85,384.8,445.52
4211603,503.31,416.15,391,441
4211652,683.5,555.15,563.5,601.61
4211702,462.19,390.05,353.6,407.22
4211751,537,440.35,382.3,461.35
4211801,651.88,464.4,483,533.65
4211850,642.12,509.3,541.3,562.46
4211876,652.5,470.35,490.8,538.15
4211892,565.19,430,395.6,469.54
4211900,497.62,481.9,391.4,467.7
4212007,739.88,564.75,580.8,629.15
4212056,564.88,428.95,386.3,466.96
4212106,671.25,504.75,474.9,556.17
4212205,530,435.3,440,469.26
4212239,712.94,505.55,540.4,585.26
4212254,511.06,390.3,384.4,431.02
4212270,672.44,519.45,550.8,579.48
4212304,479.56,445.55,368.3,440.59
4212403,447,351.4,333.2,380.7
4212502,471.5,430.05,411.2,440.37
4212601,664.75,464.7,479.1,537.41
4212650,433.62,370.05,338,385.2
4212700,519.94,422.6,383.5,447.96
4212809,480.56,444.8,415,450.76
4212908,669.19,493.05,490.1,553.67
4213005,638.88,487.25,470.2,536.28
4213104,655.25,455.8,467,527.61
4213153,654.81,478.1,492.5,542.7
4213203,500.44,476.25,442.9,477.41
4213302,586.56,432.4,389.5,476.7
4213351,600.56,436.7,424,490.93
4213401,667.81,507.65,545.2,571.52
4213500,460.5,461.15,379.1,443.09
4213609,538.12,445,443.3,477.02
4213708,535.69,422.5,400.7,457.13
4213807,525.44,399.8,394.3,442.3
4213906,653.31,467.7,484.2,535.85
4214003,497.69,397.55,373.5,427.15
4214102,487.38,416.2,374.3,431.85
4214151,753.62,537.65,565.6,618.85
4214201,680.5,505.95,514.5,568.52
4214300,485.12,474,381.4,457.74
4214409,610.12,469.85,454.9,515.39
4214508,570.38,430,431.1,479.07
4214607,538.06,416.25,405.1,456.2
4214706,508,493.1,462.2,491.57
4214805,495.56,403.15,376.9,429.59
4214904,489.38,384.05,363.6,416.24
4215000,495.69,474.95,409.6,467.96
4215059,542.56,423.7,384.3,456.48
4215075,672.25,514,471.5,559.8
4215109,478.94,429.6,428.7,446.57
4215208,680,503.75,537.8,572.46
4215307,557.94,425.55,415.7,469.46
4215356,704.06,536.05,530.1,593.2
4215406,620.44,479.6,476.9,528
4215455,463,372.8,348,398.78
4215505,594.19,438.3,424.1,489.43
4215554,683.06,507.6,489.6,564.72
4215604,489.38,384.05,363.6,416.24
4215653,519.88,393.45,396.4,438.07
4215679,536.19,429,428.3,466.13
4215687,708.62,541.8,545.5,600.63
4215695,667.69,500.4,521.8,563.24
4215703,489.94,478.65,386.5,462.54
4215752,708.5,554.9,557.9,608.98
4215802,486.69,455.1,380.4,449.85
4215901,496.31,418.2,379.6,436.98
4216008,665,502.9,472.7,552.72
4216057,594.19,436.5,409.9,485.57
4216107,665.56,523.4,555.8,579.89
4216206,604,607.85,494.1,581.78
4216255,676.88,511.3,476.4,561.3
4216305,461.81,458.45,388.4,444.39
4216354,477.69,475.35,424.7,465.15
4216404,518.81,395.45,394.1,438.07
4216503,578.5,412.45,396.2,466.67
4216602,461,495.85,367.3,455.78
4216701,747.5,535.05,576.7,618
4216800,593.12,414.35,413,476.24
4216909,707.06,547.7,548.2,603.24
4217006,440.62,342.65,332.6,374.54
4217105,439.12,359.55,329.6,380.72
4217154,683.62,507.45,536.3,575
4217204,681.75,496.6,513.6,564.7
4217253,471,480.1,381.6,455.52
4217303,677.06,503.25,486.7,560.11
4217402,655.38,660.45,532.3,630.83
4217501,639.75,478.85,499.4,539.28
4217550,707.31,520.6,515.2,584.37
4217600,505.19,404.85,393.8,437.35
4217709,508.75,395.2,387.1,432.93
4217758,693.88,518.8,513.6,578.57
4217808,571.06,436.3,423.9,480.48
4217907,636.19,484.6,471,534.37
4217956,696.06,518.6,518.8,580.37
4218004,449.62,469.65,370.3,441.09
4218103,534.44,433.25,416.4,464.78
4218202,485.44,438.4,432.2,453.41
4218251,521.44,428.15,426.2,460.17
4218301,487.75,410.2,399.5,434.85
4218350,484.56,388.8,361.8,416.24
4218400,450.12,369.35,340.7,391.22
4218509,629.06,486.85,490.2,537.04
4218608,529.38,421.15,379.8,449.8
4218707,446.69,363.5,339,387.11
4218756,683.06,507.6,489.6,564.72
4218806,522.69,418.5,397.2,450.11
4218855,683,507.95,503.4,567.85
4218905,516.25,424.9,382.9,447.54
4218954,566.56,423.95,397,467.7
4219002,467.44,368.95,362.1,401.72
4219101,645.44,496.3,546.7,559.13
4219150,635.56,438.9,459.4,511.76
4219176,667.12,508.6,524.6,567.22
4219200,494.94,405.15,364.9,427.63
4219309,629.88,485.45,464.5,531.13
4219358,518.5,399.2,396.2,440.04
4219408,520.62,397.5,401.9,441.28
4219507,642.5,492.5,526.9,552.15
4219606,639.25,499.45,519.7,552.48
4219705,648.62,476.6,511.5,544.02
4219853,651.94,459.1,486.3,532.09
4220000,486.75,384.1,366.6,416
4300034,480.62,299.95,416.3,388.09
4300059,679.81,480.8,499,553.98
4300109,619.06,451.7,456.7,511
4300208,690.5,495.5,508,566.04
4300307,677.25,453.7,457.7,532.33
4300406,545.25,385.45,411.1,446.61
4300455,681.94,471,489.6,548.41
4300471,690.12,483.25,469,552.11
4300505,651.62,496.3,460.3,542.5
4300554,641.06,450.2,459.6,518.63
4300570,573.81,433.45,458.3,487.67
4300604,515.81,391.25,394.2,435.22
4300638,468.81,326,359.5,382.96
4300646,666.75,495,463.2,547.83
4300661,618.62,449.45,450.1,508.43
4300703,550.44,421.2,424.1,466.78
4300802,587.06,419.3,475.6,489.89
4300851,487,365.75,377.7,410.52
4300877,533.44,422.55,414.3,459.33
4300901,657.31,471.45,485.6,539.17
4301008,547.44,422.4,431.3,467.83
4301057,530.69,403.85,429.8,453.61
4301073,510.44,380.65,420.2,434.39
4301107,504.06,373.65,388.2,422.17
4301206,637.81,430.25,472.4,511.61
4301305,447.69,300.7,397.1,372.78
4301404,610.75,443.25,470.9,507.52
4301503,709.06,486.35,467.4,559.7
4301552,694,479.85,490.8,556.72
4301602,476.81,311.3,410,390.33
4301636,436.56,355.3,350.9,382.61
4301651,562.25,426.9,450.2,479.04
4301701,680.94,500.5,496.4,562.37
4301750,511.62,383.9,394.3,430.59
4301800,675.69,471.5,499.7,548.65
4301859,670.06,491,452.7,544.96
4301875,411.88,303.2,353.8,352
4301909,506.38,381.2,400.5,428.93
4301925,684.19,502,495.2,563.89
4301958,692.19,490.2,469.4,555.93
4302006,655,441.3,475.5,523.07
4302055,678.56,492.3,481.4,554.72
4302105,545.12,387.8,443.4,454.61
4302154,662.38,469.3,468,536.17
4302204,672.19,454.6,445.4,528.28
4302220,708.06,485.75,489.9,563.98
4302238,667.44,450.35,471.5,530.46
4302253,542.75,418.15,441.4,466.54
4302303,552.44,400.95,413.3,456.33
4302352,561.5,429.15,441.2,477.8
4302378,666.69,475.05,439.5,533.98
4302402,551.5,423.7,422.4,467.87
4302451,663.44,462.7,460.2,531.98
4302501,684.44,472.4,454.6,542.28
4302584,693.69,491,495.1,562.39
4302600,661.88,473.45,442,532.15
4302659,545.81,421.05,436.6,467.83
4302709,519.38,379.55,396.4,431.85
4302808,529.38,366.25,383.2,426.67
4302907,614.75,411.95,432.5,486.96
4303004,554.81,380.35,393.2,443.83
4303103,515.81,391.25,394.2,435.22
4303202,690.12,477.4,497.8,555.83
4303301,661.94,454.3,442.8,524.02
4303400,667.5,499.85,473,552.33
4303509,485.25,365.35,375.9,409.35
4303558,662.88,478.6,494.1,546.07
4303608,547.69,415.3,423,463.02
4303673,598.38,431.8,466.3,497.24
4303707,675.44,460,454.7,533.78
4303806,685.62,506.2,471.7,561.11
4303905,542.06,421.35,400.9,458.89
4304002,657.88,471.65,443.5,530.3
4304101,621.25,459.7,476.9,519.63
4304200,642.25,452,461.8,520.3
4304309,660.56,453.2,462.3,527.3
4304358,479.25,313.7,412.3,392.72
4304408,562.19,420.75,442.6,474.7
4304507,488.69,355.3,412.5,414.13
4304606,520.81,399.75,394.6,440.74
4304614,618.25,450.4,450.2,508.74
4304622,678.69,466.35,485.4,544.35
4304630,494.38,385.65,396,425.72
4304655,685.81,448.3,449.8,531.24
4304663,449.62,321.7,388.4,380.7
4304671,452.06,362.65,355.5,392.2
4304689,541,406.6,408.7,453.8
4304697,530.69,399.5,430.1,451.78
4304705,699.19,479.9,471.4,554.33
4304713,490,394.85,408.6,430.93
4304804,563.69,411.25,441.5,470.85
4304853,690.44,478.35,485,553.57
4304903,631.44,455.8,480.2,522.2
4304952,654.5,463.85,479.3,533.52
4305009,699.06,488,488.4,561.5
4305108,574.19,423.05,461.8,484.04
4305116,694,479.85,490.8,556.72
4305124,473.75,329.5,410.2,397.22
4305132,646.75,462.9,465.9,527.5
4305157,693.62,488.9,473.9,556.85
4305173,505.56,382.55,389.1,426.76
4305207,648.44,456.45,455.6,523.04
4305306,683.56,495,476,556.46
4305355,526.19,384.2,388.8,434.59
4305371,701.62,482.85,505.2,563.8
4305405,668.38,472.95,485.7,543.7
4305439,357.06,255.25,359.1,313.24
4305447,485.38,352.9,376.1,404.02
4305454,439.06,357.85,356.1,385.72
4305504,667.31,474.75,495,546.13
4305587,516,396.65,414.9,442.13
4305603,679.06,462.2,465.2,538.28
4305702,691.69,495.8,496.2,564.02
4305801,675.75,489.6,457.6,547.39
4305835,566.06,410.55,431.7,469.24
4305850,706.44,483.65,475.5,559.37
4305871,703.69,490.6,488.6,564.28
4305900,637.06,472.3,449.7,524.7
4305934,534.06,390.4,412.7,445.22
4305959,549.19,386.75,440.7,454.98
4305975,697.38,487.9,498.4,563.04
4306007,664.75,460.2,434,525.65
4306056,482.75,349.5,377,401.83
4306072,677.38,489.05,465.6,549.46
4306106,672.75,462.6,478.6,539.17
4306130,677.5,506.3,474.9,559.02
4306205,551.5,428.15,409.2,466.93
4306304,632.19,455.2,468.1,519.57
4306320,679.25,481.05,449.3,543.09
4306353,682.19,465.9,444.6,536.5
4306379,599.62,415.6,411.5,478.72
4306403,563.31,451.65,441.2,488.22
4306429,657.5,472.8,462.4,534.78
4306452,533.38,400.1,415.6,449.83
4306502,485.56,341.9,372,398.41
4306551,532.06,409,416.5,453.43
4306601,494.25,317.1,407.4,398.35
4306700,620.62,445.3,463,510.13
4306734,676.94,453.7,455.1,531.65
4306759,548.75,415.4,424.1,463.67
4306767,522.19,382.25,392.4,433.13
4306809,530.69,399.5,430.1,451.78
4306908,492.25,330.1,373.3,395.89
4306924,675.75,489.6,457.6,547.39
4306932,685.94,472.35,453.4,542.52
4306957,672.75,499.5,473.2,554.04
4306973,684.62,501.3,498.1,564.37
4307005,678.88,496.15,488.3,558
4307054,690.44,485.85,478,555.3
4307104,473.31,306.4,427.1,390.7
4307203,653.75,469.6,480.6,536.04
4307302,663.62,485.5,431.6,535.74
4307401,656.06,465.15,485,535.87
4307450,660.5,473.75,435.1,530.3
4307500,639.12,459,461.7,522.24
4307559,703.31,490.3,498.9,566.26
4307609,553.12,430.9,417.9,470.59
4307708,521.31,402,393.4,441.63
4307807,527.19,410.9,399,448.76
4307815,633.5,427.7,466.9,507.8
4307831,698.5,476.7,452.2,548.52
4307864,565.31,405.9,446.3,470.13
4307906,559.75,425.35,455.2,478.59
4308003,619.75,447.5,458.6,509.83
4308052,664,476.1,468.9,539.89
4308078,545.25,422.95,424.3,465.78
4308102,572.44,440.55,445.1,487.41
4308201,557.62,397.65,453.1,465.35
4308250,700,489.8,502,565.57
4308300,636.81,440,457.6,512.28
4308409,578.88,413.3,422.1,472.8
4308433,596.56,439.05,452.4,496.74
4308458,646.81,456,465.1,524.35
4308508,665.88,494.5,465.9,547.89
4308607,569.38,406.4,453,473.22
4308656,658.94,454.25,457.2,526.09
4308706,686.56,480.95,475.8,551.35
4308805,531.12,405.75,406.7,449.57
4308854,665.75,478.7,495.9,547.5
4308904,700.81,491.3,490.4,563.98
4309001,689.94,474.15,473.5,549.07
4309050,500.81,390.4,386.3,427.91
4309100,566.5,438.95,451.1,485.96
4309126,674.5,492.05,470,550.72
4309159,666.88,451.6,477.8,532.17
4309209,512.62,401.75,392.1,438.22
4309258,613.88,448.65,460.4,508.67
4309308,520.38,375.65,396,430.41
4309407,580.31,429.95,456.9,488.11
4309506,681.75,472.6,474.8,545.83
4309555,555.62,423.65,425.8,470.02
4309571,676.88,470.95,480.4,544.63
4309605,658.19,449.05,448.6,521.7
4309654,478.12,304.6,413.7,388.67
4309704,666.44,473.55,431.9,531.59
4309753,625.12,442,466.3,510.98
4309803,691.25,470.55,493.9,552.39
4309902,645.5,461.35,470.6,527.41
4309951,664.56,473.15,494.3,544.33
4310009,690.31,467.95,474.3,546.67
4310108,528.62,422.1,409.6,456.43
4310207,689.19,487,485.9,557.09
4310306,571.94,416.35,436.7,474.89
4310330,476.94,375.5,394.3,414.87
4310363,525.19,401.45,423,449.17
4310405,693,474.85,484.6,552.85
4310413,678.31,471.5,488.8,547.2
4310439,596.5,434.65,476.1,499.96
4310462,714.12,487.55,491.2,567.15
4310504,674.5,505.8,465.6,555.74
4310538,623.12,429.4,450.9,501.46
4310553,651.5,451.6,460.8,523.13
4310579,659.5,467.6,504,542.26
4310603,556.19,388.4,416.1,452.78
4310652,535.62,418.9,436.4,463.3
4310702,643.75,479.4,483.3,537.41
4310751,605.38,430.35,449.8,495.46
4310801,564.06,441.55,435.7,482.89
4310850,686.56,483.1,470.2,551.07
4310876,637.81,455.05,467.3,521.28
4310900,676.25,503.1,477.5,557.76
4311007,424.81,285.7,402.1,359.39
4311106,654.62,427.35,457.9,513.04
4311122,540.69,405.05,411.8,453.7
4311130,682.44,436,458.8,526.67
4311155,687.38,467.15,459,541.98
4311205,612.12,415.35,458.3,493.13
4311239,637.31,449.9,463.5,518.04
4311254,666.69,449.05,476.5,530.72
4311270,665.62,457,462.6,530.78
4311304,677.62,469.05,482.4,544.5
4311403,586.88,436.8,440.5,489.8
4311429,682.75,476.2,468.9,546.46
4311502,507.56,344.05,406,414.39
4311601,679.12,494.9,458.7,551.11
4311627,564.88,439.15,434.7,481.91
4311643,572.44,440.55,445.1,487.41
4311700,666.56,451.7,478.8,532.33
4311718,573.19,408.1,434.1,471.17
4311734,535.56,409.4,415.3,454.57
4311759,583.25,408.55,440.8,476.33
4311775,505.38,396.45,407.4,436.72
4311791,553,422.35,433,470.11
4311809,671.25,481.5,490.9,549.54
4311908,671.38,471.65,479.1,542.74
4311981,510.5,369.15,392.5,423.39
4312005,675.38,477.95,481.8,547.46
4312054,578.5,423.35,433.9,479.61
4312104,649.5,432.15,440.8,509.63
4312138,689.19,475.75,500.6,555.39
4312153,590.12,442.55,431.4,491.46
4312179,650.88,457.15,448.7,522.7
4312203,674.62,470.2,482,543.87
4312252,517.69,380.75,396,431.7
4312302,655.31,474.5,431.6,528.07
4312351,629.38,446.85,476.4,516.76
4312377,582.06,437.05,460.7,492.63
4312385,520.38,380.75,398.2,433.11
4312401,536.88,398.55,399.7,446.91
4312427,661.75,457.6,475.1,532.41
4312443,534,405.2,424.5,454.2
4312450,493.25,355.35,427.2,418.93
4312476,563.31,451.65,441.2,488.22
4312500,424.5,343.9,338,370.65
4312609,515.44,386.5,415.8,437.72
4312617,639.38,448.1,473.1,520.07
4312625,644,463.85,473.9,528.7
4312658,678.81,461.7,466.5,538.26
4312674,670.75,480.95,486.9,548.26
4312708,655.75,483.55,475,541.59
4312757,659.5,467.6,504,542.26
4312807,602.88,441.8,459.2,501.61
4312906,607,436.3,462.9,501.46
4312955,702.31,483.6,471.6,557.07
4313003,557.19,408.9,433.6,465.85
4313011,660.62,451.55,441.7,522.13
4313037,665.19,431.95,476.3,522.72
4313060,543.62,434.65,419.5,469.26
4313086,558.06,405.1,452.7,468.65
4313102,617.88,436.5,456.5,503.93
4313201,577.94,447.95,469.2,497.78
4313300,586.5,436.3,461.3,493.98
4313334,671.88,485.15,493.2,551.85
4313359,559.25,400.2,453.1,467.02
4313375,531.12,397.9,398.1,444.28
4313391,631.69,446.4,449.3,511.48
4313409,522.19,405.6,393.5,443.52
4313425,679.81,450.9,454.8,531.37
4313441,688.62,493.3,463.2,554.7
4313466,688.81,489.5,465.9,553.7
4313490,688.81,489.1,478.8,556.33
4313508,453.62,366.1,380,399.57
4313607,680,468.95,477.5,544.22
4313656,434.19,348.1,342,376.72
4313706,666.5,489.2,488.8,550.78
4313805,656.75,479.4,448.6,534.39
4313904,700.81,498.8,491,567.37
4313953,531.5,381.5,407.2,439.26
4314001,602.88,441.8,459.2,501.61
4314027,631.06,450.3,459,515.07
4314035,547.69,413.05,417.8,460.91
4314050,519.88,411.3,410.6,448.91
4314068,654.44,448.5,477.6,526.46
4314076,602.12,429,439.3,491.46
4314100,695.56,487.55,484.4,559.22
4314134,677.75,502.45,493.4,561.46
4314159,546.31,424,427.5,467.3
4314175,489.12,318.55,440.4,404.37
4314209,464.94,314.9,404.4,386.54
4314308,691.5,491.9,492.8,561.52
4314407,497.25,368,414.7,423.11
4314423,565.56,447.1,448.3,488.57
4314456,673.75,483.9,463.1,545.41
4314464,690.44,481.55,503.1,558.89
4314472,621.69,413.6,460.1,496.09
4314498,668.88,495.05,461.8,548.28
4314506,496.56,320.8,423.9,404.35
4314548,543.12,400.7,461.8,463.52
4314555,689.19,462.4,448.9,538.35
4314605,491.88,336.5,428.8,410.61
4314704,669.25,491.95,471.6,549.2
4314753,555.69,427.45,446,476.09
4314779,705.56,489.8,493.5,565.65
4314787,674.62,500.3,472.6,554.91
4314803,555.25,427.3,418.2,469.83
4314902,513.5,390.4,395.7,434.37
4315008,690.5,462.05,454.5,539.87
4315057,677.25,452.85,451.4,530.59
4315073,690.69,461.3,456.3,540
4315107,689.19,469.9,451.4,542.15
4315131,587.06,430.1,440.3,486.91
4315149,564.06,441.55,435.7,482.89
4315156,630.44,450.7,457.3,514.65
4315172,579.12,426.8,468.4,488.83
4315206,566.38,413.5,429,470.04
4315305,491.38,323.9,398,398.26
4315313,701.44,500.2,492.1,568.43
4315321,666.31,438.9,452.2,520.89
4315354,650.62,451.2,461.8,522.87
4315404,658.19,481.25,428.9,531.41
4315453,558.12,403.4,430.6,463.13
4315503,587.62,420.85,426.9,480.17
4315552,640.56,477.1,474.7,533.43
4315602,407.06,285.7,351.9,342.3
4315701,560.19,399.1,413.9,458.35
4315750,506.44,393.1,415.3,437.35
4315800,524.56,397.45,428.4,448.39
4315909,677.81,487.3,464.7,548.65
4315958,652.56,453.6,445.5,521.04
4316006,509.19,393.1,402.3,435.48
4316105,687.56,500.6,477.9,560.7
4316204,684.69,499.95,461.8,555.91
4316303,695.12,468.75,450,543.41
4316402,574.62,382.15,413.7,455.96
4316428,681.56,482.55,472.7,549.63
4316436,703,480.7,485.4,559.04
4316451,625,432.5,459.5,505.33
4316477,675.31,462.6,457.9,535.57
4316501,544.75,422.85,430.5,466.91
4316600,699.19,477.7,482.4,555.76
4316709,690.44,484.6,480.3,555.26
4316733,690.44,475.7,491.2,553.76
4316758,591.5,435.85,448.4,492.72
4316808,626.75,443.8,452.2,509.26
4316907,604.94,415.5,430.1,484.57
4316956,577.56,452,464.5,498.39
4316972,533.81,365.5,378,426.76
4317004,494.56,344.55,397.1,408.15
4317103,515.5,346.75,400.5,417.13
4317202,689.75,454.1,472,539.96
4317251,531.56,386,414.6,442.85
4317301,358.12,254.3,361.6,313.74
4317400,681.31,443.2,479.2,533.85
4317509,692.62,483.3,476.7,554.67
4317558,651.75,477.9,497.5,542.63
4317608,483.38,377.25,381.2,415.02
4317707,654.69,455.45,451.3,523.85
4317756,705.88,482.95,484.3,560.78
4317806,663.06,480,491.2,546.11
4317905,690.94,463.55,458.4,541.52
4317954,694.94,476.9,489,555.37
4318002,589.19,414.45,435.2,479.74
4318051,624.44,454.8,474,517.98
4318101,637.06,421.6,473.3,507.78
4318200,529.31,408.65,421.4,453.39
4318309,531.62,358.85,379.5,423.43
4318408,519.5,380.65,388.4,430.63
4318424,688.31,475.8,485.5,551.83
4318432,603.19,437.4,433.6,494.24
4318440,621.5,456.15,469.3,516.52
4318457,681.56,482.55,472.7,549.63
4318465,585.62,424.45,441.4,484.2
4318481,564.88,439.15,434.7,481.91
4318499,696,463.4,472.9,546.37
4318507,443.19,327.75,347.6,372.22
4318606,680.06,479.2,494,552.28
4318614,555.62,423.65,425.8,470.02
4318622,561.94,436.3,445.4,481.98
4318705,529.5,406.3,399.8,447.74
4318804,484,347.15,377.5,401.35
4318903,675.88,466.7,445.1,534.76
4319000,575.56,409.6,466.7,479.74
4319109,657.62,457.65,455.3,526.7
4319125,627.19,429.7,462.6,505.54
4319158,687.88,466.05,447.3,539.13
4319208,671.19,459.95,448.5,530.93
4319307,691.81,468.3,453.2,542.76
4319356,544.75,422.85,430.5,466.91
4319364,682.75,476.2,468.9,546.46
4319372,671.88,463.1,453.1,533.54
4319406,642.94,426.35,430.8,502.65
4319505,564.94,420.65,428.9,472.63
4319604,555.5,370.35,388.6,438.72
4319703,683,497.4,484.5,559.15
4319711,536.12,386.4,423,446.43
4319737,656.56,465.4,471.5,533.22
4319752,573.81,433.45,458.3,487.67
4319802,623.44,418.7,435.7,493.61
4319901,533.44,422.55,414.3,459.33
4320008,521.31,402,393.4,441.63
4320107,706.56,492.75,471.2,562.43
4320206,683.62,486.95,469.5,551.57
4320230,668.5,462.9,448.3,531.24
4320263,649.31,442.05,470.9,520.41
4320305,653.62,468.5,468,532.78
4320321,683.62,471.75,479,547.02
4320354,493,381.35,389.7,422
4320404,616.06,446.55,474.5,511.59
4320453,618.25,450.4,450.2,508.74
4320503,708.19,482,503.8,565.41
4320552,502.88,371.85,386.7,420.65
4320578,686,470.15,475.6,546.41
4320602,682.44,482,481.3,551.57
4320651,603.31,431.35,433.1,491.54
4320677,671.94,465.85,480.3,540.67
4320701,644.75,432.05,465.6,513.33
4320800,660.12,448.9,492.8,531.91
4320859,524.75,407.75,418.6,450.8
4320909,700.75,481.75,515,565.15
4321006,646.94,452.75,463,522.52
4321105,484.19,372.55,376.6,412.26
4321204,518.69,399.6,406.9,442.61
4321303,533.12,415.5,414,456.09
4321329,660.69,477.75,446.6,534.61
4321352,430.38,345.6,351,376.26
4321402,662.88,483.15,433.3,534.83
4321436,494.38,385.65,396,425.72
4321451,537.75,421.2,433.6,464.43
4321469,673.19,481.65,476,547.04
4321477,671.12,473.85,436.4,534.33
4321493,658.81,438.1,444.4,516.24
4321501,532.06,409,416.5,453.43
4321600,452.44,364.1,372.7,396.7
4321626,557.19,408.9,433.6,465.85
4321634,682.44,482,481.3,551.57
4321667,531.81,406.75,428.4,454.96
4321709,536.44,422.4,420,461.54
4321808,678,448.85,469,532.93
4321832,534.25,417.45,432.7,461.39
4321857,664.19,491.7,462.1,545.26
4321907,657.81,463.85,431.7,524.33
4321956,658.5,486.6,463.3,541.33
4322004,529.12,387.5,395,438.39
4322103,688.06,454.2,466.2,538.15
4322152,655.12,444.75,474.7,524.43
4322186,701.56,496.6,505.6,569.85
4322202,671.06,455.95,465.6,532.87
4322251,561.56,428.4,441.5,477.57
4322301,686,454.35,461.8,536.54
4322327,479.94,358.7,389.7,407.61
4322343,667.25,457.9,470.5,533.46
4322350,625.62,446.6,475.1,515.07
4322376,651.56,443.75,478.3,523.54
4322400,474.25,337.5,360.6,390.09
4322509,599.44,420.55,463.3,492.07
4322525,542.38,406.45,416.4,455.89
4322533,670.12,464.35,471.5,537.48
4322541,564.88,433.9,452.6,483.52
4322558,632.19,455.2,468.1,519.57
4322608,590.12,442.55,431.4,491.46
4322707,609.62,434.9,449.4,498.83
4322806,561.69,397.9,456.1,467.52
4322855,520.25,388.05,412.4,439.33
4322905,680.25,467.65,472.4,542.63
4323002,475.25,375.75,368.5,408.78
4323101,666.56,510.5,460.6,553.93
4323200,672.25,473.15,472,542.15
4323309,578.75,412.2,469.9,482.67
4323358,692.88,483.6,512.9,562.76
4323408,655.12,481.4,503.4,546.61
4323457,550.44,368.75,375.7,433.46
4323507,656.75,479.4,448.6,534.39
4323606,565.31,405.9,446.3,470.13
4323705,670.06,491,452.7,544.96
4323754,668.88,468.35,452.9,534.74
4323770,537.75,421.2,433.6,464.43
4323804,484.56,383.85,404.7,423.41
5000203,391.94,301.35,320.7,337.07
5000252,415.12,374.85,391.9,392.57
5000609,523.5,421.45,418.4,456.28
5000708,349.81,306.75,323.8,325.43
5000807,418.75,317.85,342.2,358.24
5000856,442.94,371.1,350.9,391.7
5000906,463,382.95,374.4,408.93
5001003,310.06,247.15,281.9,276.59
5001102,309,272.35,312.2,293.76
5001243,525,436.35,426.2,464.98
5001508,385.12,335.75,350.1,356.04
5001904,401.75,309.15,332.8,346.5
5002001,408.44,321.25,341.1,355.89
5002100,417.44,346.7,352.1,372.48
5002159,334.62,307.5,335.4,323
5002209,358.62,312.55,337.6,334.02
5002308,378.44,292.1,275.1,318.43
5002407,489.56,369.95,340.7,405.2
5002605,372,312.75,346,340.59
5002704,391.44,327.85,347.9,354.33
5002803,393.56,328.4,338.1,353.17
5002902,425.56,308.55,373.9,363.46
5002951,446.69,344.5,398.6,391.8
5003108,343.69,303.2,334.8,324.15
5003157,527.38,435.45,435.8,467.5
5003207,227.62,239.4,224.5,232.07
5003256,429.81,371.7,389.8,395.85
5003306,367.69,315.45,379.6,347.57
5003454,448.56,363,345.4,388.93
5003488,361.62,327.95,348,344.02
5003504,442.5,341.45,330.7,374.26
5003702,473.31,345.25,342.1,389.11
5003751,490.44,435.35,404.8,447.87
5003801,474.25,364.2,329.2,394.87
5003900,376.56,332.3,346.3,350.74
5004007,453.12,364.95,343.3,390.91
5004106,424.94,340.55,358.3,373.76
5004304,483,416.3,422.4,440.83
5004403,384.94,301,342.2,339.15
5004502,467.75,336.7,345.4,384.17
5004601,470.56,397.35,387.9,420.76
5004700,435.62,360.7,341.4,382.57
5004809,523.25,442.45,419,465.46
5004908,392.44,358.55,353.2,369.17
5005004,407.94,317.2,349.2,355.72
5005103,453.31,373.8,375.9,401.91
5005152,486.81,376.6,362.1,411.78
5005202,247.69,216.25,235.9,231.46
5005251,509.88,401.15,368.3,431.83
5005400,422.31,331.7,353.6,367.98
5005608,315.94,288.9,312,303.33
5005681,539.25,452.75,409.5,473.43
5005707,466.5,383.7,389.4,413.74
5005806,373.25,309.05,327,335.28
5006002,393.56,329.4,352,356.63
5006200,425.81,346.2,353,375.37
5006259,414.69,355.25,344.8,373.65
5006275,430.06,345.95,371.7,380.8
5006309,334.88,270.35,299.3,299.09
5006358,535.75,439.4,463.1,478.07
5006408,391.69,340.05,380,366.7
5006606,485.56,395.6,365.6,420.37
5006903,348.12,310.9,313,324.3
5007109,385.88,313.55,327.2,341.67
5007208,416.44,340.2,346.5,368.09
5007307,355.81,311.55,340.4,333.22
5007406,346.62,301.35,353.5,328.43
5007505,365.25,345.95,350.1,353.57
5007554,397.12,307.85,310.3,339.43
5007695,347.94,305.1,341.6,327.93
5007703,514.25,430.2,441.9,461.98
5007802,343.38,282.9,299.5,307.54
5007901,391.5,347.4,365.8,366.74
5007935,399.56,343.65,371,369.04
5007950,522.62,434.55,456.5,469.96
5007976,401,330.5,340.1,357.11
5008008,364.06,354.5,353.7,357.65
5008305,363.94,287.2,280.2,312.37
5008404,477.69,364.9,336.2,397.89
5100102,374.94,326.45,346.5,347.67
5100201,392.62,406.05,456.9,412.43
5100250,487.81,490.75,594.3,512.24
5100300,435.31,359.55,376.1,389.5
5100359,401.81,443.9,436.2,427.59
5100409,413.56,361.25,387.2,385.09
5100508,420.12,344.3,370.6,376.39
5100607,420.06,373.65,377.7,390.67
5100805,433,479.15,550,478.5
5101001,357.5,326.4,377.2,348.26
5101209,402.62,355.45,362.5,373.39
5101258,326.5,288,383,322.04
5101308,420.31,340.8,409.2,383.33
5101407,401.44,397.65,437.1,407.54
5101605,286.19,239.7,297.3,268.39
5101704,375.88,316.15,353.4,345.02
5101803,364.81,311.5,383.4,345.67
5101852,397.38,422.4,422.4,413.7
5101902,399.31,421.95,439.1,417.8
5102504,255.06,261.5,252.2,257.24
5102603,408,373.45,442.4,400.46
5102637,426.62,373,413,400.35
5102678,396.12,337,396.8,370.57
5102686,443.5,408.35,416.5,422.35
5102694,420.56,468.5,462.5,450.52
5102702,389.56,413.15,435.1,409.72
5102793,473.81,463.4,585.2,493.5
5102850,428.88,441.15,479.9,445.3
5103007,422.94,370.6,387.9,392.57
5103056,469.19,520,530.3,504.57
5103106,344.38,352.95,389.2,357.85
5103205,473,483.7,564.5,497.54
5103254,471,450.65,535.4,476.15
5103304,476.69,452.1,468,464.11
5103353,420.19,461.5,473.4,449.72
5103361,331.25,315.25,318.6,321.54
5103379,424.88,451.8,530.5,459.54
5103403,414.5,352.45,387.7,381.7
5103437,317.56,276.9,304.1,296.96
5103452,426,334.3,384.7,377.15
5103502,439.19,352.1,428.9,399.09
5103601,433.94,350.1,400.9,390.3
5103700,438.06,495.35,514.8,479.65
5103809,290.06,266,341.1,290.7
5103858,393.12,426.85,443,418.63
5103908,377.69,354.85,391.8,370.83
5103957,285.94,264.55,323.3,284.76
5104104,468.38,498.65,614.6,513.33
5104203,378,366.5,379.1,373.24
5104500,307.56,278.3,360.3,306.3
5104526,446.12,464.5,500.2,465.87
5104542,443,451.6,486.7,456.24
5104559,477.56,479.6,539.4,491.89
5104609,366.88,324.8,353.3,345.63
5104807,431.12,366.9,395.3,395.41
5104906,339,306.75,318.1,320.43
5105002,305.12,275.8,357.1,303.67
5105101,461.94,459.8,490.6,467.24
5105150,408.19,393.95,466,414.57
5105176,425.12,445.8,503.1,451.07
5105200,411.5,337.8,354.7,367.11
5105234,355.75,296.75,330.4,324.59
5105259,406.19,395.15,462.1,413.54
5105309,395.94,443.35,416.7,421.07
5105507,298.69,269.9,298.6,286.15
5105580,470.81,484,560.6,496.07
5105606,471.62,479.2,572.6,496.87
5105622,308.38,281.35,290.9,292.83
5105903,433.75,392.55,373.1,402.65
5106000,431.12,343.25,420.3,390.57
5106109,338.06,295.1,302.2,311.59
5106158,439.31,508.8,561.2,496.02
5106174,378.75,366.45,397.5,377.48
5106182,382.31,347.35,356.6,361.52
5106190,476.31,496,560.7,503.22
5106208,405.88,370.5,402.3,389.72
5106216,476.56,447.9,564.7,483.26
5106224,434.75,390.2,424,413.04
5106232,402.25,330.75,375.1,365.26
5106240,391.44,430.6,427.6,416.33
5106257,386.69,342.75,415.9,373.93
5106265,480.69,493.5,620.9,516.74
5106273,466.75,467.05,515,477.37
5106281,388.62,349.1,406.8,375.39
5106299,466.06,489.45,576.6,500.26
5106307,400.12,428.6,440.7,421.33
5106315,344.44,411.1,387.7,382.83
5106372,374.81,320.85,339.9,343.76
5106422,480.88,478.95,559.5,497.13
5106455,421.38,387.7,446,412.09
5106505,280.38,265.7,259.6,269.48
5106653,340.06,319.9,346,332.59
5106703,370.25,340.3,342.7,351.24
5106752,293.25,267.1,299.8,283.3
5106778,430.5,473.95,474.3,458.91
5106802,469.62,465.45,505.4,475.59
5106828,274.38,261.55,326.1,280.04
5106851,323.75,286.2,290.9,300.28
5107008,422.25,364.8,390,390.26
5107040,436.38,375.35,460.7,415.13
5107065,424.62,426.15,454,431.67
5107107,311,285.15,345.9,307.35
5107156,373,346.15,422.1,372
5107180,374.88,393.75,417.7,392.39
5107198,364,333.2,346,346.7
5107206,348.25,305.2,371.8,334.65
5107248,440.06,501.5,502.9,480.43
5107263,472.38,375.75,447.5,424.96
5107297,379.12,313.1,327.8,339.26
5107305,429.94,385.65,426.6,409.96
5107354,450.31,477.5,515.7,476.35
5107404,421.69,328.6,354.6,366.63
5107578,435.38,421.15,451.3,432.65
5107602,373.38,302.25,317.6,330.33
5107701,407.44,365.3,336.4,373.67
5107743,442.38,461.15,505.1,464.17
5107750,397.19,335.3,383,367.2
5107768,409.19,399.15,414.7,406.02
5107776,382,408.4,431.4,404.22
5107792,411.31,361.6,452.6,398.67
5107800,376.62,294.7,317.4,328.13
5107859,417.06,463.8,454,445.41
5107875,439.25,424.25,438.8,432.63
5107883,378.06,440.7,418.9,414.17
5107909,443.81,500.25,504.1,481.46
5107925,398.25,411.7,469.7,419.63
5107941,480.44,453.35,527.6,478.91
5107958,451.25,370.75,420.5,409.57
5108006,426.19,407.65,481.3,430.11
5108055,478.69,481.1,581.7,502.13
5108105,370.69,363.4,388.8,371.46
5108204,361,329.45,339.6,342.63
5108303,452.38,504.7,531.7,492.37
5108352,329.62,335.6,385.4,344.35
5108402,352.38,300,343.4,327.65
5108501,404.56,441.15,472.7,435.28
5108600,394.31,442.3,468.3,431.26
5108808,461.31,466.7,568,486.85
5108857,472.81,372.25,445.7,423.2
5108907,407.06,413.45,441.9,417.41
5108956,444.38,506.05,573.7,499.3
5200050,382.62,376.75,425.3,389.35
5200100,388.06,437.9,400.6,412.46
5200134,338.88,291.45,357.9,322.39
5200159,360.75,387.5,403.3,381.63
5200175,325.94,383.45,382.6,363.26
5200209,342.38,316.3,351.9,333.11
5200258,390.69,416.5,412,406.54
5200308,394.56,403.15,385.6,396.35
5200506,375.19,342.25,407.9,367.98
5200555,361.69,389.8,393.6,380.85
5200605,300.81,370.5,401.3,352.96
5200803,287.5,311.7,335.4,308.43
5200829,336.38,372.65,378.8,361.37
5200852,362.75,387.2,409.5,383.54
5200902,326.88,331.6,395.1,343.76
5201108,395.56,426.4,400.7,410.09
5201207,382.06,316.8,386.7,354.7
5201306,363.38,365.3,396.8,371.48
5201405,384.56,363.8,428.6,385.11
5201454,400.56,298.4,353.6,345.93
5201504,445.56,319.8,369.9,374.43
5201603,362.56,363.65,397.7,370.67
5201702,362.88,325.4,341.1,341.85
5201801,385.5,345.85,428.1,377.52
5202155,381.56,397.8,398.3,392.26
5202353,337.31,351.25,352.5,346.67
5202502,347.69,354.55,375.7,356.76
5202601,344.75,338.1,404.4,354.83
5202809,347.06,357.85,376.8,358.22
5203104,365.44,321.8,333.5,339.52
5203203,351.38,345.7,394,358.17
5203302,406.88,402.85,448.1,414.09
5203401,360.19,327.2,337.7,340.96
5203500,371.94,319.35,360.8,346.65
5203559,387.75,390.55,406.5,393.04
5203575,331.19,376.75,376.9,360.93
5203609,359.56,361.35,404.5,370.11
5203807,332.38,372.1,385.7,361.24
5203906,337.94,326.75,342.8,334.13
5203939,345.25,379.15,400.4,371.98
5203962,305.62,307.05,330.5,311.65
5204003,313.69,332.2,355.8,330.89
5204102,360.75,272.1,326.5,314.76
5204201,337.06,318.95,393.5,341.46
5204250,369.62,349.7,340.5,354.63
5204300,348.38,268.15,302.6,303.54
5204409,353.94,315.2,362.8,339.02
5204508,366.38,334,361.1,351.15
5204557,401,386.25,435.7,402.13
5204607,364,340.45,403.8,362.41
5204656,378.62,404.2,421.2,399
5204706,383.12,397.6,443.1,402.46
5204805,340.69,325.45,382.7,343.2
5204854,379.38,385.05,390.2,384.2
5204904,298.88,341.2,346.5,327.63
5204953,357.19,388.55,379.5,375.67
5205000,389.75,398.4,408.6,397.61
5205059,353.75,310.25,356.1,335.35
5205109,333.5,309.6,378,332.78
5205208,359.12,361.3,382.4,365.13
5205307,311.31,342.7,388.4,341.72
5205406,387.94,398.7,406.6,396.67
5205455,336.69,320.9,401.8,343.98
5205471,450.75,348.75,398.7,395.09
5205497,368.25,396.05,391.4,385.37
5205513,405.19,425.8,400.6,413.15
5205521,321.31,369.8,372.1,353.43
5205703,335,351.05,402,356.54
5205802,399.19,408.6,396.3,402.65
5205901,350.12,311.4,364.4,336.39
5206206,348.69,350.85,395.9,359.89
5206305,372,379.9,417.7,385.37
5206404,374.06,392.8,371.8,381.72
5206503,377.06,355.5,437.9,380.91
5206602,383.88,322.55,388.1,358.13
5206701,319.25,317.75,362.8,328.07
5206800,355.38,363.15,396.1,367.61
5206909,338.06,303.1,373.4,330.54
5207105,335,353.85,377.8,352.5
5207253,349.81,325.1,342.9,337.57
5207352,351.12,306.6,390.4,340.3
5207402,349.31,299.15,377.4,333.61
5207501,375.19,396.05,432,396.61
5207535,372.56,398.45,409.4,391.83
5207600,321.69,365,393.6,356.15
5207808,341.88,345.7,394.6,355
5207907,297.75,333.05,359.5,326.52
5208004,337.12,348.95,356.8,346.54
5208103,373.25,395.8,441.6,397.91
5208152,399.88,417.65,436.8,415.63
5208301,288,326.55,329.5,313.78
5208400,391.81,396.7,418.2,399.67
5208509,368.81,307.7,372.8,343.11
5208608,379.81,359.2,385.7,372.13
5208707,382.75,384.45,420.5,391.7
5208806,364.81,362.65,403.6,372.3
5208905,387.25,401.8,420,400.7
5209101,371.94,318.45,369.2,348.09
5209150,360.06,300.3,357.7,333.57
5209200,368.88,340.45,424.7,368.65
5209291,397.19,407.1,435.7,409.87
5209408,273.5,309.5,307.2,296.48
5209457,370.31,387.8,367.7,377.35
5209606,407.62,381.6,430.2,401.22
5209705,381.69,369.2,450.4,391.2
5209804,375.44,382.75,389.9,381.76
5209903,269.12,301.55,306.7,291.39
5209937,368.81,319.45,358.9,345.2
5209952,334.56,306.15,381.8,332.48
5210000,370.38,369.75,396.8,375.85
5210109,350.88,329.55,382,348.37
5210158,394.31,409.9,407.1,403.87
5210208,333.38,344.45,390.7,350.65
5210307,321.88,343.95,401,348.67
5210406,377.31,381.2,398.8,383.67
5210562,385.69,358.8,412.2,379.76
5210604,400,381.4,426.3,397.63
5210802,368.5,287.8,320.1,322.89
5210901,379.19,404.35,383.1,390.98
5211008,331.19,391.65,396,371.57
5211206,391.5,406.4,426.8,405.65
5211305,372.75,282.65,317,321.46
5211404,381.25,370.35,396.6,379.85
5211503,370.69,363.95,328.4,358.57
5211602,322.56,338.8,399.6,346.37
5211701,341.94,323.6,381,342.46
5211800,400.69,395.55,398.8,398.04
5211909,418.5,300.5,338.4,349.78
5212006,334.62,371.25,395,363.67
5212055,399.5,377.2,416.2,393.43
5212105,359.56,316.2,380.8,345.33
5212204,333.88,367.2,379.1,358.2
5212253,354.31,305.7,303.4,322.11
5212303,414.31,421.3,449.9,425.09
5212501,374,377.55,377.4,376.28
5212600,371.81,327.7,427.5,364.74
5212709,313.94,327.3,356.4,328.98
5212808,350.38,370.55,380.4,365.67
5212907,356.19,323.45,366.1,344.11
5212956,346.12,377.7,389.1,369.2
5213004,358.12,303.65,353.4,333.41
5213053,341.44,365.45,397.8,364.13
5213087,386.12,378.95,423.9,391.22
5213103,397.69,339.5,368.7,366.09
5213400,331.25,336.1,405.2,349.43
5213509,278.62,310.4,315,300.35
5213707,331.94,364.15,360.5,352.15
5213756,374.94,320.8,378.2,352.11
5213772,343.81,369.1,398.7,366.74
5213806,373.38,351,397.9,368.98
5213855,380.94,410.6,407.8,399.67
5213905,367.56,386.15,413.8,385.7
5214002,351.38,369.75,376.7,364.87
5214051,324.06,355,362.6,345.89
5214101,351.12,379.25,399.9,373.96
5214408,350.44,358.45,376.3,359.54
5214507,383.06,387.85,419.8,393.13
5214606,331.62,381.65,391.6,366.41
5214705,395.62,411.85,409.7,405.74
5214804,348.56,296.85,358.9,328.33
5214838,332.06,343.15,352.2,341.26
5214861,394.44,400.5,401.5,398.61
5214879,367.06,384.3,402.7,382.3
5214903,284.62,324.65,378.4,322.41
5215009,359.56,361.35,404.5,370.11
5215207,332.31,373.55,399.6,364.87
5215231,399.19,390.55,403,396.26
5215256,325.25,384.65,378.8,362.72
5215306,386.88,360.8,399.9,378.37
5215405,360.62,370.2,391.9,371.59
5215504,344.94,308.3,372.3,334.96
5215603,379.5,407.15,398.3,395.61
5215652,327.38,318.65,386.6,336.46
5215702,356,337.9,374.7,352.2
5215801,368.62,347.2,375.2,360.74
5215900,361,349.05,380,359.93
5216007,361.19,348.4,342.6,351.59
5216304,351.5,272,292.4,304.09
5216403,347.12,300.6,384.3,334.98
5216452,384.56,312.7,358.5,347.65
5216809,390.88,372.95,405.7,386.3
5216908,366,382.25,373.4,374.67
5217104,362.56,370.05,411.2,376.39
5217203,351.56,327.7,358.2,342.63
5217302,412.62,415.95,394.9,410.22
5217401,374.25,358.7,377.8,368.26
5217609,334.06,402.45,350.8,367.43
5217708,353,316.95,392.6,345.93
5218003,341.44,370.2,393.7,365.3
5218052,352.69,312.1,371.1,339.04
5218102,399.75,339.75,355.9,364.13
5218300,278.94,313.3,331.8,305.37
5218391,374.75,361.1,435.3,381.98
5218508,338.56,293.05,329.7,316.85
5218607,383.19,376.55,396.9,383.28
5218706,388.62,377.4,396.9,385.54
5218789,356.69,330.8,363.3,346.87
5218805,389,313.85,392.2,357.02
5218904,392.38,405.85,407.7,401.57
5219001,347.75,378.25,388.1,369.78
5219100,339.25,362.05,370.9,356.04
5219209,365.69,371,400.9,375.65
5219258,338.62,378.2,385.4,366
5219308,351.31,312.4,361.5,336.61
5219357,381.5,367.1,399.9,379.24
5219407,412.38,349.4,349.4,371.3
5219456,364.5,344.65,390.8,361.59
5219506,398.31,373.85,404.7,389.07
5219605,364.88,400.85,440.4,396.93
5219704,358,377,359,366.48
5219712,350.88,303.45,368.4,334.07
5219738,372.94,381.8,411.5,385.17
5219753,411,397.4,390.5,400.63
5219803,277,318.1,307.1,301.41
5219902,391.44,399.75,403.8,397.74
5220009,283.19,363.9,385.1,340.43
5220058,351.44,337.1,387.8,353.11
5220108,336.5,354.35,384.3,354.65
5220157,379.69,378.7,391.6,381.85
5220207,322.12,377.7,384.3,359.8
5220264,401,396,455.8,410.74
5220280,380.25,397.2,401.7,392.28
5220405,333.19,268.15,295.2,296.65
5220454,379.62,382.9,416.3,389.02
5220504,453.56,360.95,361.8,393.35
5220603,394.56,402.2,434.7,406.61
5220686,281.62,300.9,323.7,299.15
5220702,308.44,319.25,369.6,326.43
5221007,388.25,364.7,396.9,379.89
5221080,293.56,328.45,381.7,327.89
5221197,384.44,393.6,408.9,393.74
5221304,346,305.05,376.4,334.8
5221403,363,375,408,378
5221452,383.31,385.4,425.6,393.41
5221502,332.56,355.05,376.4,351.87
5221551,345.88,303.8,360.3,330.72
5221577,335.56,387.75,366.3,364.93
5221601,362.06,373.55,415.1,378.59
5221700,398.81,391.7,421.8,400.72
5221809,352.25,333.9,381.8,350.7
5221858,411.94,407.5,405.3,408.57
5221908,343.25,323.15,404.7,347.87
5222005,381.88,365.65,408.6,380.63
5222054,354,314.05,383.2,342.98
5222203,305.75,349.9,354.9,335.63
5222302,371,366.2,388.4,372.7
5300108,369.88,404.9,339.8,378.57
