code_muni,en,ln,n,med
1100015,703.29,706.11,718.5,707.76
1100023,809.12,743.84,779.9,775.8
1100031,713.88,728.21,740.4,725.57
1100049,752.24,759.89,755.8,756.17
1100056,674.06,687.37,707.6,686.85
1100064,713.18,740.26,760.1,734.57
1100072,673.47,707.58,715.5,696.7
1100080,610.88,640.74,663.5,634.65
1100098,734.76,760.58,757.3,750.33
1100106,610.06,613.79,668.1,624.22
1100114,814.18,758.95,745.9,776.52
1100122,808.53,757.58,766.1,778.26
1100130,895.12,893.42,922.6,900.39
1100148,733.35,721.42,701.2,721.43
1100155,809.53,732.05,766.6,768.2
1100189,709.59,756.47,758.6,739.61
1100205,787.12,796.63,826.6,799.63
1100254,777.41,716.53,758,748.04
1100262,871.35,865.53,837.7,861.63
1100288,709.47,737.58,726.8,724.85
1100296,721.35,734.95,724.3,727.61
1100304,736.29,775.68,740.4,753.46
1100320,710.88,705.53,706.8,707.78
1100338,721.06,713.21,702.5,713.78
1100346,759.94,723.21,725.6,737.3
1100379,705.24,711.84,718.5,710.85
1100403,831.29,791.37,801.1,808.24
1100452,843.71,849.68,791.4,834.8
1100502,729.41,729.26,698.4,722.61
1100601,773.76,721.95,759.2,749.2
1100700,794.59,859.84,802.2,823.2
1100809,886.35,897.79,978.2,911.04
1100908,757,724.47,732.3,738.2
1100924,665.12,727.89,738,706.89
1100940,892.24,875.68,905.2,888.22
1101005,808.18,784.89,756.5,787.33
1101104,882,863.21,905.8,879.41
1101203,776.41,724.89,769.5,753.63
1101302,796.88,754.37,721.2,762.87
1101401,799.53,800.11,790.4,797.78
1101435,805.76,724.53,721.1,753.8
1101450,693.47,734.42,736.5,719.74
1101468,682.71,680.74,713.8,688.65
1101476,713.65,737.74,763.8,734.5
1101484,710.47,727.53,754.5,727.09
1101492,654.47,672.26,683.2,668.07
1101500,690.12,712.26,704.4,702.37
1101559,793.88,731.63,752,759.07
1101609,878,814.74,799.6,834.83
1101708,784.71,728.53,739,751.57
1101757,863.29,850.37,866.5,858.65
1101807,828.47,750.05,767.1,782.74
1200013,759.88,787.74,791.8,778.33
1200054,628.53,636.11,661.5,638.83
1200104,635.88,632.84,644,636.39
1200138,650.88,720.42,741.5,699.3
1200179,672.53,751.32,748.1,721.5
1200203,740.94,773.21,778.7,762.48
1200252,639.47,646.74,648.8,644.5
1200302,665.29,793.16,788.9,744.98
1200328,681.12,780.58,688.3,723.76
1200336,759.53,768.63,774.4,766.52
1200344,627.18,740.74,759.1,702.76
1200351,688.53,755.95,698.3,718.5
1200385,695.47,784.37,774.4,749.35
1200393,724.12,769.26,716.8,741.17
1200401,662.18,702.84,713.7,690.17
1200427,747.94,763.11,754.7,755.67
1200435,643.94,744.63,779.3,714.96
1200450,704.71,802.58,788.5,763.35
1200500,632.65,678.47,714.3,669.33
1200609,696.24,829.89,740.1,760.98
1200708,632.53,674.53,683.9,661.04
1200807,696.65,798.74,775.5,755.96
1300029,844.35,945.16,940.7,906.93
1300060,808.12,832.84,837.5,824.72
1300086,792.59,871.32,881.9,844.52
1300102,805.35,877.84,891.2,853.96
1300144,914.94,1049.47,979.2,984.48
1300201,779.65,841.95,821.1,814.39
1300300,811.53,866.68,891.5,851.7
1300409,649.65,690,676.1,672.07
1300508,867.29,993.58,861.5,918.2
1300607,797.94,874.84,863.6,843.98
1300631,811.65,927.16,885.7,875.46
1300680,853.59,957.11,854.3,896.5
1300706,676.29,724.68,785.2,719.96
1300805,814.41,866.58,900.7,854.72
1300839,791.82,854.26,853.4,831
1300904,866.82,918.32,921.1,899.89
1301001,847.06,895.53,874.7,873.09
1301100,803.06,932.47,918.1,881.52
1301159,836,935.32,926.2,896.63
1301209,806.29,892.95,884.9,859.17
1301308,802.41,870.11,856.3,842.09
1301407,753.76,820.79,825.8,797.11
1301506,749.12,823.89,840.5,799.87
1301605,856.94,912.84,845.7,877.59
1301654,780.59,785.42,771.4,780.59
1301704,868.94,939.74,901.7,905.3
1301803,713.12,771.16,765.5,748.48
1301852,825.12,931,909,887.09
1301902,775.29,920.42,835.8,848.39
1301951,828.41,958,835.4,883.46
1302009,806.35,980.47,854.6,888.76
1302108,812.82,864.05,957.3,865.39
1302207,848.06,920.89,909.2,891.43
1302306,876.59,928.42,920.3,907.5
1302405,786.24,878.58,759.4,818.54
1302504,773.65,848.11,843.6,819.61
1302553,807.94,900.95,894.8,865.24
1302603,861.06,979,958.6,930.98
1302702,840.06,898.42,859.8,868.46
1302801,817.76,857.05,919.8,856.17
1302900,873.59,955.63,862.7,905.11
1303007,890.53,1014.11,928.9,949.91
1303106,865.82,917.32,886.9,891.67
1303205,812.06,848.68,816,828.04
1303304,952.41,1048.95,987.7,999.96
1303403,931.41,1011.26,933.3,964.8
1303502,778.12,889.74,849,839.63
1303536,843.71,901.68,884.3,876.48
1303569,839.41,944.79,935.3,903.78
1303601,675.94,760.32,694.1,714.74
1303700,788.12,790.47,810,793.85
1303809,778.12,919.47,890.6,860.96
1303908,820.18,875.16,871.2,853.98
1303957,849.24,1014.68,827.4,912.83
1304005,785.29,987.37,841.7,881.02
1304062,775.53,805.68,803.6,794.09
1304104,944.29,985.53,996.2,972.61
1304203,851.18,973.32,956,924.41
1304237,802.88,853.53,870.2,838.43
1304260,826.41,892.89,930.1,876.41
1304302,815.94,951.63,860.7,881.72
1304401,838.53,943.47,858.4,886.2
1400027,309.71,451.21,355.1,378.02
1400050,337.65,489.16,393.9,412.46
1400100,203.24,232.79,219.8,219.04
1400159,206.76,235.53,231.4,224
1400175,242.41,300.26,268.3,271.93
1400209,374,418.68,395.6,397.15
1400233,462.12,530.16,440.8,485.59
1400282,339,458.37,375.6,396.26
1400308,265.06,396.79,294.4,325.85
1400407,161.88,166.42,181.3,167.98
1400456,195.94,273,204.7,229.67
1400472,593.76,683.53,615.2,635.5
1400506,494.88,545.26,489.3,514.48
1400605,447.76,510.58,437,471.37
1400704,177.12,201.16,190.2,189.89
1500107,1108.65,1220.53,1201.6,1175.07
1500131,816.71,1029.79,881.4,918.78
1500206,1140.94,1283.74,1173.4,1206.98
1500305,1027.06,1062.11,1117.5,1061.2
1500347,759.82,841.58,776,797.11
1500404,826.12,1039.53,889.6,928.07
1500503,781.65,870.05,838.7,830.57
1500602,821.12,945.21,877.6,884.65
1500701,1166.65,1243.16,1104.5,1184.74
1500800,1190.06,1229.32,1229,1214.74
1500859,989.18,1138.95,1067.6,1068.09
1500909,1192.53,1198.95,1217.5,1200.61
1500958,1132.59,1294.58,1094.1,1191.13
1501006,826.29,951.37,839.3,880.78
1501105,1236.06,1352.16,1231.4,1283
1501204,1135.12,1267.21,1172.3,1197.76
1501253,764.06,784.21,757.5,770.96
1501303,1148.29,1233.89,1208,1196.63
1501402,1189.53,1212.11,1190,1198.96
1501451,860.71,1033.16,897.9,940.02
1501501,1186.76,1225.95,1216.6,1209.43
1501576,802.82,1012.32,855.1,900.72
1501600,1093.24,1119.53,1141.2,1114.52
1501709,1191.41,1221.53,1179.6,1201.28
1501725,878.24,1085.21,946.9,978.65
1501758,715.76,891.47,766,799.26
1501782,1038.06,1187.84,1103.3,1114.11
1501808,1065.59,1110.58,1001.9,1070.33
1501907,1120.24,1132.21,1085.9,1117.72
1501956,1040.71,1034.53,1050.5,1040.28
1502004,1313.53,1317.32,1286,1309.11
1502103,1199.94,1335.11,1212.2,1258.43
1502152,717.59,851.21,751,780.04
1502202,1231.76,1287.68,1244.3,1257.59
1502301,1058.35,1132,1083,1094.13
1502400,1087.35,1120.37,1201.7,1125.85
1502509,1305.29,1318.37,1350.6,1320.54
1502608,1308.18,1348.68,1304.8,1324.17
1502707,742,789,779.3,769.52
1502756,1121.12,1149.37,1076.6,1123.11
1502764,694.35,718.95,771.2,721.22
1502772,745.65,899.37,742,808.35
1502806,1136.41,1220.84,1094.2,1162.11
1502855,894.94,1065.26,920.5,970.85
1502905,1369.35,1429.21,1372.9,1394.85
1502939,849.59,1030.42,907.1,936.78
1502954,782.29,921.37,776.8,838.54
1503002,901.76,1034.74,923.9,961.5
1503044,757.18,794.21,740.5,768.85
1503077,1051.88,1110.05,1076.3,1081.22
1503093,1007.82,1169,1054.6,1084.57
1503101,960.41,1002.21,942.2,973.72
1503200,1159.71,1231.21,1213.5,1200.93
1503309,1099.35,1281.11,1174.8,1190.83
1503408,1056.88,1100.84,1125.6,1089.98
1503457,1053.24,1236.47,1083.7,1135.54
1503507,1044.18,1092.37,1094.4,1075
1503606,882.76,976.47,907.9,926.93
1503705,804.06,994.84,853.2,893.54
1503754,896.53,914.53,881.2,900.63
1503804,917.41,1117.63,968.3,1011.17
1503903,937.59,1066.37,908.6,984.48
1504000,1105.29,1260.63,1153.1,1179.85
1504059,1097.94,1203.63,1070.4,1135.61
1504109,1358.94,1403.26,1365,1378.57
1504208,794.59,960.16,809.7,866.26
1504307,1471.82,1513.05,1511.5,1497.48
1504406,1344.59,1397.42,1342.2,1365.89
1504422,1190.06,1229.32,1229,1214.74
1504455,868.59,1013.79,872.8,929.48
1504505,1034.47,1093.16,952.5,1040.89
1504604,1198.53,1317,1217.1,1251.5
1504703,1175.47,1311.68,1230.8,1243.76
1504752,847.12,1034.11,889.2,933.5
1504802,803.12,954.58,857.6,877.52
1504901,1099.59,1201.89,1079.5,1137.48
1504950,1010.47,1071.68,1010.3,1035.72
1504976,843.82,1016.21,901.2,927.5
1505007,1192.88,1203.05,1206.1,1199.96
1505031,923.24,943.79,906.8,928.15
1505064,963.53,1156.37,995.8,1050.2
1505106,880.88,1054.37,954.7,968.59
1505205,1210.47,1336.26,1197.8,1259.67
1505304,880.12,1067.95,999.2,983.59
1505403,1107.24,1119.47,1164.5,1124.74
1505437,768.65,778,806.8,780.8
1505486,1093.76,1229.16,1142.1,1160.2
1505494,700.12,891.26,776.5,795.67
1505502,947.53,1132.42,959.1,1026.41
1505536,779.76,898.58,783,829.54
1505551,747.53,771.53,740.4,755.89
1505601,1204.53,1253.21,1255,1235.61
1505635,715.94,855.26,731.2,776.8
1505650,792.24,940.16,834.8,862.59
1505700,1211.41,1232.74,1189.7,1215.5
1505809,1258,1329.63,1240,1283.67
1505908,917.18,1000.68,902.8,948.54
1506005,812.41,952.89,840,876.43
1506104,1341.71,1347.58,1331.3,1341.87
1506112,1393.53,1425.32,1366,1400.67
1506138,729.41,762.89,730.3,743.43
1506161,742.06,792.37,723.6,758.83
1506187,880.12,1089.37,916.1,974.37
1506195,768.53,913.95,850.6,846.43
1506203,1511,1573.47,1538.1,1542.7
1506302,1362.71,1351.42,1333.6,1351.72
1506351,1214.65,1223.68,1241.4,1224.2
1506401,1294.82,1295.58,1271.5,1290.07
1506500,1141.47,1157.53,1189.9,1158.63
1506559,1079.47,1075.11,1096,1081.26
1506583,685.18,741.05,755.6,723.57
1506609,1081.53,1085.95,1162.7,1101
1506708,678.47,687.16,741.4,695.74
1506807,900.71,1061.89,932.9,974.28
1506906,1364.06,1405.21,1362.5,1380.72
1507003,1198.82,1210.05,1218.9,1207.83
1507102,1329.71,1327.32,1307.3,1323.85
1507151,764.41,939.42,813.7,847.41
1507201,1098.94,1140.32,1078.6,1111.61
1507300,764.76,785.05,767.4,773.72
1507409,1080.41,1097.11,1204.6,1114.3
1507458,788.53,900.53,788.2,834.72
1507466,1348.24,1385,1327,1358.8
1507474,1487.29,1567.89,1533.4,1530.61
1507508,770.47,966.95,803.2,858.74
1507607,1064.12,1065.74,1144.5,1082.26
1507706,1102.35,1229.21,1080.5,1150
1507755,714.88,830.84,703.4,760.28
1507805,919,1064.79,1025.5,1002.37
1507904,1385.12,1357.63,1344.9,1365.02
1507953,1086.35,1295.32,1154.7,1187.52
1507961,1197.12,1197.16,1217.6,1201.59
1507979,906.53,1079.63,994.7,997.2
1508001,1137.59,1329.37,1129.2,1214.98
1508035,1264.41,1305.05,1251.8,1278.46
1508050,866.59,994.68,924.5,932.09
1508084,784.12,793.16,783.5,787.72
1508100,1025.41,1189.74,1103,1110.15
1508126,852.18,1022.05,885.6,929.61
1508159,782.76,878.37,772.5,820.02
1508209,1261.47,1277.21,1219.6,1258.87
1508308,1107.88,1120.32,1146.8,1121.48
1508357,976.71,1134,1104,1069.35
1508407,715.65,823.58,709.3,758.85
1600055,1094,1146.53,1124.2,1122.26
1600105,1460.06,1670.11,1436.3,1541.65
1600154,970,947.05,1014.9,970.28
1600204,1451.35,1706.84,1470.1,1560.96
1600212,1241.12,1311,1295.5,1281.8
1600238,981.47,948.16,998.5,971.41
1600253,1092.59,1149.16,1210.7,1141.63
1600279,827.94,897.53,891.6,870.52
1600303,1092.59,1149.16,1210.7,1141.63
1600402,918.82,871.89,942,904.48
1600501,1296.65,1506.68,1343.9,1393.67
1600535,941.24,881.89,919.4,911.98
1600550,1375.76,1503.95,1391.6,1432.15
1600600,1004.29,981.74,999,993.83
1600709,1275.71,1341.63,1261.4,1299.83
1600808,931.35,975.37,921,947.28
1700251,754.53,796,835.8,789.33
1700301,629.47,728.58,714.1,688.8
1700350,622.18,613.79,657.1,626.3
1700400,583.53,594.58,594,590.37
1700707,548.59,537.58,570.6,548.83
1701002,701.65,842.79,757.1,772
1701051,674.47,802.26,758.9,745.61
1701101,647.65,697.26,657.6,670.3
1701309,725.24,869.37,812.5,803.74
1701903,722.24,764.84,799.2,756.57
1702000,578.35,559.26,600.4,575.26
1702109,735.12,800.89,823.9,781.59
1702158,721.12,863.58,807,798.63
1702208,719.53,875.79,813.8,804.57
1702307,734.47,749.32,753,744.63
1702406,493.94,411.79,515,464.59
1702554,717.35,871.42,798.7,798.67
1702703,639.59,503.11,624.7,579.98
1702901,660.47,805.74,756.4,741.33
1703008,693.53,736.68,778.2,729.76
1703057,725,753.79,762,744.93
1703073,633.41,681.11,696.4,666.8
1703107,754.12,776.79,783.2,769.8
1703206,730.35,758.11,765.6,749.48
1703305,669.76,721.89,710.6,700.17
1703602,680.82,766.58,716.8,724.07
1703701,648.53,650.74,703.2,661.33
1703800,730.94,933.11,808.5,831.3
1703826,675.41,790.53,710.6,730.61
1703842,576.47,630.16,594.6,602.59
1703867,572.06,577.11,578.6,575.57
1703883,726.88,830.58,846.9,795.8
1703891,742.24,927.68,809.5,833.46
1703909,684.59,730.42,808.4,730.43
1704105,673.59,733.32,686.5,701.07
1704600,738.06,782.32,806.9,771.3
1705102,582.18,587.32,636.4,596.09
1705508,701.94,751.32,737.7,730.11
1705557,551.47,456.68,584.9,519.59
1705607,503.59,482.47,527,499.96
1706001,723.18,754.21,739.8,739.61
1706100,727.94,736.26,763.4,739.09
1706258,659.65,656.16,696.1,666.13
1706506,658.35,753,728.9,712.78
1707009,619.71,584.05,565.5,593.2
1707108,741.59,806.32,826.3,786.74
1707207,761.65,789.84,759.3,772.78
1707306,639.41,639.89,652.3,642.41
1707405,777.35,970.37,826.3,867.72
1707553,709.71,702.16,745.8,714.43
1707652,560.06,562.21,565.3,562.09
1707702,667.53,702.21,738.1,697.2
1708205,597.65,586.58,654.6,605.46
1708254,704.71,746.89,700.9,721.3
1708304,749.47,781.42,760.2,765
1709005,645.12,697.89,695.4,677.85
1709302,675.76,725.74,692.4,700.02
1709500,575.53,580.11,600,582.74
1709807,648.35,599.53,703.5,640.17
1710508,671.71,751.89,696.7,710.26
1710706,655.35,747.58,738.5,711.52
1710904,675.88,769.84,702.7,720.52
1711100,696.82,754.84,713.7,724.46
1711506,533.12,531.05,544.2,534.67
1711803,727.65,758.21,749.9,745.11
1711902,666.65,651.16,713.1,670.35
1711951,631.35,672,661.4,654.67
1712009,677.94,726.11,676.8,697.59
1712157,563.71,467,570.7,525.28
1712405,594.18,675.74,625.8,634.74
1712454,665.29,771.32,730.4,723.24
1712504,677.12,735.84,803.8,728.91
1712702,467.59,581.16,536.8,529.54
1712801,653.71,742.21,742.4,709.54
1713205,719.65,762.63,737.2,741.22
1713304,730.41,767.32,727.5,745.02
1713601,634.47,642.68,697.2,651.5
1713700,760.12,803.74,807.8,788.5
1713809,654.41,736.89,727.3,704.33
1713957,722.76,844.37,812.3,792.46
1714203,568.29,556.95,595.9,569.61
1714302,655.29,773.84,728.9,720.26
1714880,693.76,771.63,778.6,744.37
1715002,719.35,748.79,767.6,742
1715101,628.53,674.89,662.3,655.02
1715150,559.41,448.53,569.4,515.78
1715259,620.29,564.42,593.9,591.48
1715507,717.06,756.32,761.8,743
1715705,676.53,757.63,739.8,723.78
1715754,551.18,556.42,504.3,543.15
1716109,737.12,773.16,797.5,765.13
1716208,476.88,476.74,465,474.24
1716307,741.12,779.05,779.8,765.2
1716505,661.59,694.42,666,676.11
1716604,513.12,508.84,569.4,523.59
1716653,718.53,758,724.7,736.17
1716703,715.71,762.79,719.8,736.04
1717008,611.76,628.42,644,625.65
1717206,716.06,818.32,782.5,772.74
1717503,687.47,721.21,816.7,729.5
1717800,628.53,520.32,594.7,576.48
1717909,627.71,650.05,620.6,635.39
1718006,574.94,583.37,584.8,580.57
1718204,711.59,719.11,775.3,728.54
1718303,701.59,847.47,793.6,781.85
1718402,684.35,761.53,695.3,718.61
1718451,733.35,770.84,792.7,761.74
1718501,664.41,727.47,652.5,687.87
1718550,701.06,828.11,766.9,767.85
1718659,627.18,586.58,629.8,610.98
1718709,691.18,727.84,706.5,709.65
1718758,633.18,696.37,646.3,662.13
1718808,727.65,893.42,827.3,817.78
1718840,592.53,575.79,604.4,588.2
1718865,734.82,825.32,822.7,791.3
1718881,688.71,728,708.5,709.24
1718899,693.88,711.16,732.5,709.41
1718907,595.53,568.11,662.9,598.85
1719004,639.12,647.05,670,649.11
1720002,654.82,777,744.7,724.83
1720101,677.24,809.74,726.8,742.74
1720150,569.76,675.79,595.1,619.07
1720200,649.18,780.68,734.5,722.04
1720259,485.88,494.16,513.4,495.28
1720309,774.71,987.05,834.6,875.43
1720499,544.24,533.11,568.1,544.83
1720655,606.35,583.58,678.1,612.54
1720804,655.53,789.42,739.3,729.04
1720853,527.82,519,542.5,527.37
1720903,627.59,509.11,610.1,574.85
1720937,575.65,491.89,536,532.43
1720978,546.24,540.53,547.7,544.2
1721000,649.41,680.74,684.8,670.04
1721109,659.47,703.42,657.5,677.2
1721208,627.47,753.89,709.6,697.54
1721257,665.29,716.47,692.3,692.3
1721307,681.12,774.05,710.6,725.91
1722081,712.29,813.89,793.5,771.91
1722107,719.65,839.84,764.7,779.09
2100055,803.47,978.89,756.8,865.78
2100105,768.41,1010.74,845.6,885.28
2100154,702.59,874,781,790.43
2100204,1034.24,1190.05,1105.4,1114.07
2100303,776.12,964.16,823.7,864.13
2100402,950.53,1082.26,991.4,1013.83
2100436,819.18,1009.11,934,922.59
2100477,915.65,1031.79,940.1,968.93
2100501,524.18,590.42,545.5,556.17
2100550,1114.29,1144.05,1087,1120.65
2100600,563.06,683,599.8,620.59
2100709,917.18,1138.47,968.5,1019.74
2100808,827.65,1038.95,886.3,927.67
2100832,1066.18,1205.74,1072.9,1125.28
2100873,1000.24,1035.37,910.4,995.22
2100907,693.76,870.42,768.5,782.98
2100956,605.29,742.95,631.7,667.89
2101004,921.18,1122.32,991.8,1019.61
2101103,960.59,1159.63,1013.1,1054.22
2101202,834,1053.89,966,953.52
2101251,951.18,1152.47,1017.5,1048.74
2101301,1058.06,1201.32,1056.3,1116.85
2101350,1011.24,1143.68,1033.1,1070.7
2101400,529.82,611.37,554.9,568.96
2101509,459.65,580.89,551.6,529.72
2101608,518.47,660.32,575.1,589.37
2101707,806.94,928.37,796.6,854.85
2101731,845.12,986.26,871.7,909.2
2101772,969.24,1100.68,1012.6,1032.96
2101806,439.82,481.32,449,458.96
2101905,989.71,1119.84,1028.4,1051.87
2101939,802.88,1007.32,929.4,914.83
2101970,1098.76,1111.95,1080.9,1100.33
2102002,806.94,950.74,825.9,870.46
2102036,758.94,911.05,716.9,812.63
2102077,850.71,1064.58,989.4,969.2
2102101,845.59,1033.89,885.6,932.07
2102150,887.71,1041.89,986.4,972.85
2102200,853.29,1081.79,918.4,961.83
2102309,586.12,681.79,628.9,634.93
2102325,733.35,881.68,722.5,792.26
2102358,607.76,716.84,700.3,672.93
2102374,931.71,1125.21,951.5,1015.93
2102408,987.35,1141.74,1009.4,1055.91
2102507,970.18,1157.74,1007.9,1055.85
2102556,601,702.42,682.3,660.57
2102606,1108.76,1149.89,1072,1117.76
2102705,899.29,1103.95,970.2,999.24
2102754,798.76,945.11,863.1,873.2
2102804,604.94,658,696.8,646.83
2102903,1138.65,1164.89,1143.1,1150.46
2103000,748.59,893,801.4,819.72
2103109,976.88,1177.84,1032.9,1072.07
2103125,984.47,1112.68,999.2,1040.63
2103158,998.24,1002.47,926.8,984.46
2103174,981.35,1045.58,936.8,998.2
2103208,833.18,1065.95,929.8,950.33
2103257,763.59,942.79,817.2,849.26
2103307,779.24,929.16,811.4,848.15
2103406,769.53,1021.95,846.5,890.52
2103505,571.53,610.42,582.3,589.93
2103554,903.94,1125.79,986.8,1013.59
2103604,837.06,976.89,920,912.85
2103703,1040.18,1183.74,1047.2,1101
2103752,628.41,741.47,715.6,694.07
2103802,710.82,848.16,807.5,788.57
2103901,847.65,1067.58,895.4,948.87
2104008,718.24,938.58,831.8,833.93
2104057,606.94,697.11,699,664.2
2104073,466.82,562.63,509.2,515.61
2104081,480.35,601.63,489.6,532.46
2104099,458.71,589.21,515,524.85
2104107,436.76,520.79,494.8,484.09
2104206,598.06,691.84,626.5,642.98
2104305,1151.18,1191.74,1158.8,1169.59
2104404,700.35,818.79,761,762.46
2104503,761,872.79,829.7,822.11
2104552,608.65,727.58,728.4,683.8
2104602,624.71,730.21,665.9,677.24
2104628,599.88,698.58,633.9,648.04
2104651,1024.76,1090,974.8,1040.85
2104677,1057.88,1058.11,969.7,1038.8
2104701,602.24,690.21,650.5,649.07
2104800,509.06,631.05,557.3,569.93
2104909,982.12,1159.53,1036.4,1067.2
2105005,921.41,1091.37,959.9,999.98
2105104,967.18,1167.47,1008.6,1058.91
2105153,960.24,1117.26,986.3,1030.76
2105203,795.76,1045.79,960.9,934.93
2105302,702.06,821.37,773.3,766.83
2105351,565.82,715.26,610.5,637.26
2105401,895.59,1103.53,955.3,994.46
2105427,811.94,985,794.2,879.57
2105450,569.88,651.79,596.2,609.43
2105476,509.88,648.95,577.2,581.96
2105500,676.94,791.84,720.1,733.78
2105609,693.47,856.32,772.3,777.87
2105658,1037.71,1033.37,990.9,1025.74
2105708,764.76,971.42,898.6,879.22
2105807,817.94,1041.53,961.2,941.43
2105906,862.53,1082.84,972.4,977.41
2105922,585.94,702.84,635.1,644.91
2105948,817.94,1041.53,961.2,941.43
2105963,673.53,891.42,769.5,784.39
2105989,551.29,681.79,635.8,623.57
2106003,807.35,999.79,896.8,906.28
2106102,431.12,475.11,453.4,454.13
2106201,1156.06,1187.37,1165.8,1171.11
2106300,699.65,834.58,739,763.93
2106326,1061.94,1069.89,995.3,1050.74
2106359,764.76,917.32,865.9,849.76
2106375,978.18,969.79,887.2,954.93
2106409,829.12,1080.58,908.3,950.2
2106508,973.06,1061.21,976.6,1010.24
2106607,696.24,801.74,712,743.24
2106631,869.71,1086,991.3,985.48
2106672,800.41,941.53,819.3,862.8
2106706,505.47,617.89,510.6,553.02
2106755,874.76,1119.84,973,997.35
2106805,980.12,1133.21,992.6,1046.07
2106904,1015.12,1130.53,987.5,1056.78
2107001,582.47,711.26,678.9,656.63
2107100,940.41,1102.32,929.2,1004.85
2107209,881.76,1070.79,934.7,971.35
2107258,440.76,528.74,488.1,487.39
2107308,480,544.74,487.5,508.37
2107357,1005.76,1031.84,909.8,995.67
2107407,914.65,1084.95,1003.3,1004.26
2107456,967.35,1052.89,968.1,1002.85
2107506,1018.71,1199.58,1045.9,1099.33
2107605,951.71,1027.95,926.6,977.74
2107704,553.76,598,562.1,573.85
2107803,636.41,749,662.3,688.54
2107902,587.47,677.74,619.2,631.65
2108009,533.94,582,526.7,552.22
2108058,794.82,911.26,784.1,840.59
2108108,860.59,1036.37,991.7,961.7
2108207,786.53,983.89,897.9,892.26
2108256,1001.35,1045.95,907,999.26
2108306,1041.76,1123.16,990,1064.13
2108405,971.24,1069.05,978.4,1013.2
2108454,821.18,961.32,883.5,892.61
2108504,1008.35,1098.05,981.6,1039.59
2108603,938.76,1007.47,906.5,960.13
2108702,944.76,1122.58,1010.5,1032.5
2108801,925.47,1085.79,971.4,1001.67
2108900,733.59,951.63,890.6,857.78
2109007,560.59,710.42,659.6,644
2109056,1002.06,1160.42,1028.9,1073.3
2109106,643.82,770.37,708.3,710.11
2109205,958.41,1147.68,961.9,1037.35
2109239,950.24,965.37,872,939.48
2109270,942.88,1002.42,871,951.85
2109304,892.59,1117.16,946.3,997.02
2109403,880.12,1043.47,879.8,947.52
2109452,1027.53,1202.53,1050.9,1104.89
2109502,484.94,561.32,539.6,528.37
2109551,628.88,726.95,720.6,689.33
2109601,979.59,1168.63,1014,1065.15
2109700,436.65,526.11,497.2,486.76
2109759,603.76,717,629.3,656.09
2109809,936.71,990.58,868.8,944.2
2109908,981.06,1090.21,1005.7,1031.5
2110005,853.59,980.21,912.7,918.74
2110039,953.29,965.26,866.2,939.3
2110104,799.12,947.74,831.2,867.48
2110203,933.29,1131.58,964.3,1021.93
2110237,776.18,858.21,761.7,806.91
2110278,835.88,965.47,848.8,892.22
2110302,744.24,903.68,834.7,829.76
2110401,877.76,1055.42,909.1,957.96
2110500,951.06,1033.74,940.8,982.98
2110609,755.29,846.32,759.4,793.78
2110658,467.18,503.42,443.4,476.98
2110708,573.71,661.37,601.7,616
2110807,426.06,489.95,429.9,453.28
2110856,719.65,832.47,770.5,777.3
2110906,526.41,662,624.6,603.76
2111003,958.24,1097.79,1001.3,1025.24
2111029,904.24,994.47,922.6,945.5
2111052,529.35,672.68,632.5,610.98
2111078,727.94,847.89,782.8,789.41
2111102,498.94,598.32,517.7,544.07
2111201,1018.71,1199.58,1045.9,1099.33
2111250,690.12,847.58,777.4,774.13
2111300,1018.24,1192.05,1047.5,1096.39
2111409,809.24,1042.74,923.9,930.61
2111508,864.35,1097.68,980.5,985.98
2111532,776.12,997.16,856.1,884.8
2111573,489.65,607.47,555.4,552.61
2111607,418.71,513.95,456.7,466.3
2111631,647.94,827.42,736,741.22
2111672,661,838.42,771.1,758.22
2111706,959.94,1030.16,951.1,987.02
2111722,962.41,1094.16,1022.8,1029.96
2111748,662.35,781,731.2,726.33
2111763,641.06,769,701.7,707.09
2111789,1021.53,1174.05,1033.9,1087.22
2111805,509.59,662,561.3,583.78
2111904,543.71,608.21,528.7,567.09
2111953,502.41,611.42,537.8,555.13
2112001,510.41,583.63,529.7,544.85
2112100,858.76,985.89,893.9,918.91
2112209,717.41,858.26,726.8,777.63
2112233,795.82,1030,917.3,918.96
2112274,1002,1089.95,984.2,1034.46
2112308,581.71,697.95,586.3,630.72
2112407,1047.24,1127.74,1012.7,1072.98
2112456,966.18,999.74,876.4,960.52
2112506,736.53,852.37,772.2,792.13
2112605,846.53,972.89,853.6,900.26
2112704,868.76,1056.84,957.8,965.8
2112803,981.53,1122.16,1023.3,1048.7
2112852,772.12,960.53,831.5,862.85
2112902,941.65,1139.37,973.9,1030.33
2113009,893.59,1047.89,992.6,978.85
2114007,1021.18,1086.53,964.6,1035.87
2200053,262.12,298.05,282.5,281.39
2200103,656,808.11,680.7,724.2
2200202,628.35,771,661.5,694.48
2200251,322.71,377.95,398,361.89
2200277,323.29,368.37,375.3,353.22
2200301,661.29,785.47,669.6,714.39
2200400,738.59,871.68,740.4,793.96
2200459,352.12,377.42,385.5,369.83
2200509,507.47,647.63,581.5,581.46
2200608,570.65,727.16,637,649.72
2200707,284.59,283.53,301.2,287.76
2200806,436,470.63,437.7,450.67
2200905,561.41,674.37,578.6,611.8
2200954,362.29,424.37,389.9,393.93
2201002,470.06,522.42,526,503.85
2201051,355.53,431.21,432.1,403.43
2201101,289.82,312.58,298,301
2201150,447.24,532.53,476.3,488.78
2201176,497.06,580.26,555.6,544.15
2201200,833.65,990.26,899.5,912.65
2201309,387.94,426,446.4,416.37
2201408,642.29,774.47,687.1,706.63
2201507,800.65,945.42,810.4,862.57
2201556,325.29,376.47,312.2,343.59
2201572,329.53,369.32,374.1,355.65
2201606,682.88,817,677,737
2201705,333.88,417.95,386.4,380.02
2201739,260.47,305.05,276.2,282.3
2201770,826.29,1009.32,847.8,906.57
2201804,371,445.53,406.9,409.59
2201903,373.41,391.16,405.6,387.74
2201919,627.29,822.16,681.1,719.48
2201929,264.94,293.26,314.1,287.33
2201945,801.18,995.47,827.4,887.13
2201960,707.29,824.05,734.1,761.35
2201988,281.82,344.74,314.6,314.93
2202000,625.59,808.63,677.2,712.41
2202026,427.71,553.79,435.3,481.43
2202059,821.53,1001.21,858.1,903.7
2202075,466.35,518.21,519.4,499.3
2202083,647.53,867.95,704.4,750.93
2202091,322.06,388.26,385.2,363.13
2202109,360.47,401.42,327.7,370.26
2202117,293.12,332.37,302.6,311.39
2202133,329.29,391.68,387.3,367.67
2202174,838.82,997.47,909.9,919.8
2202208,741.71,910.32,739.8,810.93
2202251,392.41,455.47,443,429.46
2202307,314.06,377.42,341.2,346.13
2202406,790.41,953.79,809.2,861.98
2202455,274.18,316.58,293.4,295.87
2202505,292.53,290.05,313.3,296.02
2202539,652.29,794.37,670.5,714.93
2202554,306.65,340.53,337.1,327.26
2202604,509.12,654.58,525.3,572.72
2202653,610,789.53,635.4,689.67
2202703,579.53,739.05,588.3,647.33
2202711,761.94,935.47,785.1,838.65
2202729,598.53,706.95,596.1,642.78
2202737,699.71,848.79,696.7,760.63
2202752,333.06,385.79,360.4,360.78
2202778,397.94,453.95,397.2,420.91
2202802,315.59,368.84,300.5,334.3
2202851,257.12,319.05,307.7,293.7
2202901,359.41,382.84,395.6,376.96
2203008,369.71,385.37,420.9,387.3
2203107,352,371.47,393.1,368.98
2203206,336.88,347.95,345.1,343.24
2203230,372.76,401,419.2,394.52
2203255,665.65,819.74,682.5,732.96
2203271,307.35,353.95,344.7,334.72
2203305,699.59,847.84,707.4,762.52
2203354,239.71,297.74,286.1,273.76
2203404,395.12,438.16,407.8,415.65
2203420,512.06,617.16,571.7,568.43
2203453,243.29,304.84,276.6,275.96
2203503,585.59,683.53,640.2,637.91
2203602,326.82,394.84,369.2,364.13
2203701,749.12,865.79,771.8,802.24
2203750,255.47,286.74,280.2,273.76
2203800,338.53,440.58,421.1,398.63
2203859,369.59,419.84,360.5,388.37
2203909,416.76,521.21,496.4,477.22
2204006,534.29,611.05,586.1,577.26
2204105,445.29,524.95,532,497.04
2204154,323.82,374.84,382.4,357.63
2204204,339.53,395.58,387.7,373.15
2204303,317,349.84,352.9,338.37
2204352,358.41,427.74,400.7,396.24
2204402,414.47,434.05,410.7,421.74
2204501,429.65,525.74,463.8,476.76
2204550,320.12,330.84,322.1,324.98
2204600,584.29,722.68,660.6,658.04
2204659,665.94,882.89,759.4,775.87
2204709,423.88,502.26,424.2,456.33
2204808,415.12,467.26,418.2,437.33
2204907,355.76,386.11,330.7,362.85
2205003,352.29,383.26,365.3,367.91
2205102,349.94,471.74,455.3,423.15
2205151,307.24,345.42,301.4,321.74
2205201,330.18,384.53,377.4,362.89
2205250,578.59,719.89,642.7,650.89
2205276,699.12,874.63,688.5,769.3
2205300,408.12,497.05,447.8,453.48
2205359,284.65,331,313.2,310
2205409,702.94,806.11,728.1,751.02
2205458,786.82,856.63,771.9,812.41
2205508,777.53,957.63,807.6,858.46
2205516,512.65,640.79,498.3,562.46
2205524,320.12,335.32,330.2,328.59
2205532,277.41,282.26,314.9,287.57
2205540,641.71,790.05,676.2,710.48
2205557,839,1009.53,870.7,916.33
2205565,253.06,307.63,271.7,279.65
2205573,600.24,744.95,671.6,675.52
2205581,694.76,840.58,692.2,754.43
2205599,401.76,457.47,452.6,435.83
2205607,419.47,469.95,454.1,447.85
2205706,649.94,840.26,706.2,740.78
2205805,781.29,848.89,775.6,807.98
2205854,791,943.84,817.9,859.98
2205904,352.94,387.63,390.5,375.43
2205953,323.12,384.16,387.8,362.39
2206001,444.24,506,468.1,474.93
2206050,307.65,348.37,344.3,332.43
2206100,813.35,1000.68,853.3,899.41
2206209,849.12,1039.05,906.6,940.07
2206308,656.12,801.16,695.3,724.54
2206357,560.53,673.21,604.6,616.65
2206407,668.12,814.11,682.7,731.59
2206506,332.76,402.53,390.2,374.07
2206605,366.94,389.84,370.6,377.2
2206654,301.94,319.26,293.9,307.35
2206670,768.88,882.05,786.1,819.37
2206696,677.76,834.32,718.6,751.3
2206704,411.47,502.89,460.4,459.87
2206720,686.24,826.37,699.4,746.98
2206753,791.76,974.42,812.1,871.63
2206803,851.18,1037.16,914.7,941.8
2206902,480.71,563.26,536.1,526.85
2206951,638,772.21,641.2,694.13
2207009,439.35,487.79,461.7,464.22
2207108,642.29,774.47,687.1,706.63
2207207,333.12,374.63,377.5,359.91
2207306,326.06,375.58,334.6,348.37
2207355,313.18,397.37,346.1,355.11
2207405,372.41,397.42,418.5,392.76
2207504,644.71,773,667,702.54
2207553,375.76,434.53,393,403.78
2207603,365.06,362.11,361.6,363.09
2207702,644.18,867.11,744,757.96
2207751,632.82,757.11,685.3,695.57
2207777,314.53,363.16,337.4,339.59
2207793,705.12,839.05,705.5,760.52
2207801,266.35,309.26,289.7,289.15
2207850,321.88,406.26,353.8,363.67
2207900,471.71,568,533.6,524.93
2207934,325.88,355.42,326.4,338.2
2207959,319.59,344.89,326.9,331.63
2208007,374.53,437.05,404.4,406.85
2208106,369.41,420.89,426,402.98
2208205,320.35,360.74,362.7,346.24
2208304,628.29,770.42,667.4,695.5
2208403,759.59,919.42,796.5,833.63
2208502,844.59,1076.05,915.2,955.54
2208551,459.18,498.32,486.6,481.3
2208601,629.65,757.05,688.8,695.13
2208650,250.65,293.37,262.7,270.91
2208700,349.18,371.32,383.9,365.87
2208809,545.06,640.32,624.8,601.74
2208858,344.71,380.05,361,362.85
2208874,311,371.74,332.1,340.67
2208908,489.65,555.89,500,519.26
2209005,339.06,443.95,406,396.93
2209104,376.76,444.05,394.9,408.5
2209153,573.71,701.63,594,630.96
2209203,494.59,547.89,529.6,524.22
2209302,356.35,373.21,387.9,370.17
2209351,377.24,436.95,402.7,407.43
2209377,441.71,511,495.6,482.04
2209401,349.35,428.37,399.6,392.91
2209450,611.88,755.47,638,676.87
2209500,367.41,435.63,372.7,396.74
2209559,272.88,297.47,328.6,295.15
2209609,602.82,710.26,650.2,657.5
2209658,285.12,332.84,278.5,303.39
2209708,413.47,487.37,457.4,453.54
2209757,367.18,396.16,422.1,391.09
2209807,608.88,755.84,641.6,676.7
2209856,387.53,451,425.8,422.07
2209872,533.59,606.53,607,579.67
2209906,588,726.21,596.4,646.91
2209955,417.82,484.42,413.6,444.41
2209971,831.41,947,879.1,889.52
2210003,298,328.68,317.8,314.98
2210052,672.35,842.84,691.9,747.02
2210102,384,453.26,430.3,422.67
2210201,384,447.89,401.9,414.28
2210300,320.82,370.16,377.7,353.57
2210359,257.82,307,305.6,288.52
2210375,373.94,437.95,413.1,408.89
2210383,622.47,750.26,668.4,685.24
2210391,367.29,403.74,370.3,383
2210409,456.59,590.53,477.9,516.54
2210508,650.06,795.47,686.1,717.96
2210607,273.47,324.58,317.9,304.24
2210623,369.18,351.42,399.7,368.48
2210631,362.24,434.05,394.9,399
2210656,632.82,786,606.3,690.33
2210706,308.12,357.53,351.7,338
2210805,343.18,380,320.7,353.5
2210904,336.82,388.37,345.9,360.09
2210938,369.53,442.16,409.6,408.24
2210953,302.94,363,316.2,330.63
2210979,461.76,531,528.3,504.83
2211001,698.65,851.68,715.1,765.43
2211100,815.35,1008.53,868,906.59
2211209,409.41,455.21,426.4,432.02
2211308,491.65,589.47,498.7,533.59
2211357,277.47,282.58,303.7,285.28
2211407,506.41,587.16,564.8,552.46
2211506,356.24,391.11,339.5,367
2211605,325.35,370.32,390.9,358.17
2211704,397.88,453.63,395.5,420.39
2300101,516.47,638.16,552.8,574.63
2300150,558.41,675.74,620.2,620.3
2300200,702.29,791.68,659.7,729.96
2300309,425.82,489,475.7,462.76
2300408,325.65,370.32,351.8,349.78
2300507,665.35,841.21,763.3,759.28
2300606,497.47,615.63,557.5,559.33
2300705,384.35,509.42,453.3,451
2300754,553.35,703.21,571.6,619.22
2300804,373.71,459.68,430.6,421.59
2300903,435.88,539.89,470.7,486.41
2301000,717.88,824.89,769.2,773.24
2301109,440.94,634.26,527.3,539.57
2301208,480.12,568.37,515.4,524.24
2301257,464.47,597.95,492,525.59
2301307,409.41,483.68,458.4,450.74
2301406,482.53,537.95,492.3,507.54
2301505,309.18,382.84,348.5,348.15
2301604,424.18,518.95,482.1,475.91
2301703,481.76,621.63,553.9,555.22
2301802,464.41,595.16,547.1,536.39
2301851,357.76,421.42,459.5,406.17
2301901,501.47,557.42,506.3,525.63
2301950,503.41,606.42,548.3,555.72
2302008,438.71,587.68,487.8,510.91
2302057,678.88,887.16,718.4,773.5
2302107,576.18,624.05,582.4,597.3
2302206,463.41,605.95,552,541.54
2302305,611.59,723.37,610.1,657.43
2302404,313.76,411.21,422.9,377.74
2302503,402.71,510.32,435.9,454.37
2302602,710.18,860.74,716.5,773.74
2302701,333.65,377.37,369.8,359.57
2302800,370.65,460.47,419.5,418.37
2302909,493.82,539.95,504.5,515.2
2303006,441.06,549.11,466.1,491.13
2303105,475.35,617.79,530.7,546.22
2303204,539.88,654.53,575.6,595
2303303,483.47,620.74,586.8,562.63
2303402,469.94,562.95,512.8,517.67
2303501,585.06,732,633.7,656.33
2303600,337.12,415.58,380.6,378.98
2303659,385.82,521.95,428.2,451.26
2303709,661.47,692.47,637.7,669.11
2303808,469.41,599.74,517.8,533.76
2303907,660.59,853.58,690.5,746.8
2303931,379.41,466.26,449.6,430.54
2303956,507.35,652.84,554.9,577.78
2304004,572.71,715.63,642.3,646.87
2304103,409.47,523.74,451.7,465.85
2304202,582.71,667.11,609.8,623.46
2304236,375.18,479.32,427.6,429.59
2304251,706.53,796.63,672.6,736.37
2304269,387,474.79,476.6,442.74
2304277,445.47,570.37,528.4,515.09
2304285,788.82,886.95,862.4,845.35
2304301,508.82,626.95,556.8,568.04
2304350,421.24,575.89,517.5,506.04
2304400,852.65,908,879.7,881.39
2304459,477.53,692.11,597.4,592.22
2304509,680.24,845.11,757.7,765.17
2304608,439.24,514.74,470,477.11
2304657,607.94,773.53,701.7,696.72
2304707,676.59,893.11,734.8,778.67
2304806,543.65,661.42,603.2,605.24
2304905,439.88,584.58,507.3,514.3
2304954,590.59,737.63,648.1,663.83
2305001,397.59,485.26,447.1,444.57
2305100,637.41,711.95,667.9,674.83
2305209,498.88,650.42,548.4,572.24
2305233,562.94,699.37,577.5,622.46
2305266,419,507.05,479.5,468.52
2305308,621.24,755.53,706.6,695.26
2305332,391.65,502.32,475.2,455.52
2305357,411.82,611.68,477.1,508.57
2305407,401.24,496.11,417.6,443.98
2305506,487.53,612.05,514.6,544.85
2305605,318.06,421.11,332.2,363.7
2305654,402.29,527.37,439.1,461.96
2305704,471.29,606.37,552.7,544.78
2305803,542.65,697.74,615.8,622.61
2305902,438.65,573.84,496.4,507.04
2306009,409.41,540.26,489.6,480.89
2306108,306,416.42,363.4,364.09
2306207,405.76,542.79,470.8,476.5
2306256,700.82,787.74,739.3,745.09
2306306,505.18,637.79,529.8,565.3
2306405,654.65,806.79,726.1,733.02
2306504,452.06,517.63,482.9,485.85
2306553,714,777.42,679.3,732.65
2306603,312.29,404.37,389,367
2306702,380.53,445.68,506.3,434.78
2306801,391.59,468.63,494,445.67
2306900,381.41,489.16,490.3,449.59
2307007,391.82,517.26,423.6,450.54
2307106,447.41,493.47,463.1,469.85
2307205,396.65,489.42,415.9,439.15
2307254,674.29,789.58,640.3,714.52
2307304,548.18,636.58,577.2,591
2307403,435.59,541.74,505.6,494.65
2307502,476.59,591.32,561.3,542.39
2307601,396.12,493.84,461.5,450.7
2307635,291.59,384.95,391.9,351.96
2307650,771.59,803.32,781.7,786.89
2307700,575.82,720.53,603.5,641.61
2307809,555.06,681.16,531.5,602.02
2307908,638.41,765.26,663,696.15
2308005,649.71,771.53,712.4,713.65
2308104,417.82,550.05,442.1,477.72
2308203,641.12,766.47,749.7,716.5
2308302,478.47,615.42,525.4,545.24
2308351,369.94,443.16,463.6,420.54
2308377,417.47,601.32,437.1,497.67
2308401,551.94,654.42,566.9,597.52
2308500,356.18,435.74,425.1,404.02
2308609,309.82,416,377.7,368.43
2308708,382.94,496.16,444.1,443
2308807,638.12,810.05,708.3,724.39
2308906,520.53,686.37,496.3,583.76
2309003,571,674.21,633.2,627.15
2309102,596.71,648.95,625.1,624.46
2309201,515.88,625.16,571,573
2309300,504.71,645.11,529.7,568.13
2309409,392.88,493.63,434.9,443.63
2309458,442.12,567.21,544.6,516.07
2309508,405.24,520.84,449.5,462.61
2309607,562.94,699.37,577.5,622.46
2309706,700.82,787.74,739.3,745.09
2309805,632.06,745.84,645.2,681.91
2309904,538.59,700.68,636.5,626.83
2310001,388.29,517.63,432.7,451.37
2310100,640.59,775.11,668.7,702.26
2310209,708.59,768.47,702.4,731.98
2310258,685.59,758.32,662.2,710.54
2310308,332.24,398.58,368.2,367.46
2310407,427.94,495.11,454.5,461.46
2310506,332.94,411.21,381.3,375.78
2310605,377,434.84,392.6,404.28
2310704,441.18,552.63,474.9,494.54
2310803,433.12,564.89,539.3,510.63
2310852,656.12,779.63,698.8,716.41
2310902,387.65,477.89,464.5,441.63
2310951,478.82,658.53,540.8,566.52
2311009,364.29,501.47,389.3,426.39
2311108,428.59,479.11,454,454.98
2311207,389.53,461.05,452.9,432.85
2311231,394.06,491.05,452.1,446.74
2311264,345.59,419.58,400.8,388.15
2311306,392.47,463.95,439.8,432.28
2311355,426.88,544.58,467.8,484.39
2311405,350.18,436.74,432.5,403.83
2311504,386.41,510.21,448.3,451
2311603,573.35,679.42,623.2,628
2311702,541.35,740.89,644.7,646.24
2311801,400.88,526.21,431.5,459.3
2311900,350.41,442.89,401.5,399.72
2311959,332.47,403.68,398.9,376.33
2312007,516.82,635.63,528.5,568.43
2312106,473.47,557.21,546.7,523.98
2312205,419.29,515.42,476.7,471.48
2312304,577.65,702.26,637.3,642.09
2312403,563.59,666.84,573.8,608.46
2312502,384.82,501.11,447.1,446.39
2312601,506.88,630.11,529.4,562.67
2312700,366.53,458.68,461.6,425.26
2312809,605.76,721.47,642.1,661.46
2312908,421.24,575.89,517.5,506.04
2313005,385.29,447.95,491.1,434.17
2313104,389.35,509.89,454.2,453.24
2313203,353,465.89,394.2,408.59
2313252,416.06,505.95,473.5,465.67
2313302,276.41,356.37,339.6,323.17
2313351,417.88,486.53,449.7,453.15
2313401,657.94,752.53,736.3,714.04
2313500,726.41,796.37,712.2,752.22
2313559,597.59,789.05,672.4,692.93
2313609,640.71,798,698.6,718.26
2313708,432.24,561.95,484.8,497.24
2313757,524.06,665.11,562.1,590.59
2313807,574.88,721.79,606.8,642.5
2313906,645.88,791.53,673.9,712.13
2313955,464.47,633.89,550.1,553.07
2314003,518.76,646.37,603.8,589.96
2314102,611.06,769.74,703.1,696.61
2400109,267.94,334.16,329.7,308.72
2400208,333.18,442.42,425.1,398.28
2400307,329.82,422.26,402.2,383.74
2400406,422,526.05,506.1,483.26
2400505,427.71,524.95,487.6,480.89
2400604,451.18,555.32,527.5,510.78
2400703,339.82,429.63,405,391.09
2400802,298.59,412.47,397.4,367.11
2400901,436.47,538.26,517.8,496.2
2401008,377.41,493.37,425.1,435.67
2401107,385.41,503.95,437.6,445.72
2401206,362.53,459.84,419.6,415.13
2401305,361.94,489.58,448.5,433.48
2401404,395.29,473.74,413.3,431.61
2401453,400.24,513.95,442.9,456.48
2401503,258.12,299,285.7,281
2401602,300.53,369.53,372.6,344.7
2401651,245.53,339.11,338.8,304.46
2401701,305.71,385.16,356.6,349.59
2401800,325.12,409.42,344.6,364.17
2401859,303.82,379.95,374.2,350.57
2401909,244.71,315.74,305.9,287.35
2402006,341,473.84,421.1,413.28
2402105,261,319.53,333.2,300.87
2402204,377.29,458.58,396.2,414.98
2402303,364.59,499.11,439.9,436.52
2402402,276.88,356.37,354,326.48
2402501,342.65,422.63,416.7,391.78
2402600,396.41,475.05,469.2,444.72
2402709,226.12,293.21,286.3,266.91
2402808,261.41,311.16,307.5,291.98
2402907,414.24,519.47,503.3,477.07
2403004,316.53,432.26,393,380.96
2403103,257.94,319.89,319.8,296.98
2403202,440.29,543.89,527.7,502.09
2403251,388,474.53,436.5,434.28
2403301,440.29,543.89,527.7,502.09
2403400,301.12,401.11,362.2,355.7
2403509,311.47,388,342.9,349.91
2403608,400.47,467.26,469.9,443.15
2403707,376.53,482.21,435.5,433
2403756,254.76,343.58,321.4,305.93
2403806,327.76,435.84,407.6,389.76
2403905,421.82,536.63,512.9,489.04
2404002,439.06,541.21,529.1,500.83
2404101,306.29,383.53,383.1,354.89
2404200,363.59,439.84,392.2,401.3
2404309,380.06,484.68,455.4,439.65
2404408,400.53,577.47,466,487.85
2404507,299.88,391.79,393.4,358.17
2404606,352.76,421.42,435.9,399.2
2404705,334.35,439.58,420.4,396.52
2404804,348.76,469.47,472.6,425.54
2404853,325.82,437.26,424.6,393.33
2404903,399.59,511.47,449.1,456.57
2405009,257,320.37,321.8,297.26
2405108,284.12,357.74,352.2,329.33
2405207,389.65,515.16,468.6,458.65
2405306,259.24,329.84,285.9,294.2
2405405,242,290.42,275.7,269.33
2405504,283,349.11,331,320.74
2405603,368.18,502.16,458.1,443.07
2405702,316,438.47,401.5,385.17
2405801,309.82,375.58,367.9,349.61
2405900,434.65,537.63,532.2,498.39
2406007,435.06,531.11,482.1,484.96
2406106,357.71,479.74,449.1,427.98
2406155,325.12,409.42,344.6,364.17
2406205,259.59,324.53,281.5,291.17
2406304,315.88,407.05,346.7,360.24
2406403,260.59,297.32,273.5,278.57
2406502,279.35,378.21,349.8,335.5
2406601,282.88,371.74,323.7,328.46
2406700,249.41,329.68,312.3,296.24
2406809,252.06,304.79,311.4,286.74
2406908,439.06,541.21,529.1,500.83
2407005,420.12,513.84,474.7,470.7
2407104,342.35,436,405,394.65
2407203,321.47,416.11,401.4,377.93
2407252,417.12,524.53,468.2,472.59
2407302,416.53,520.26,504.5,478.5
2407401,433.29,532.89,505.4,490.11
2407500,385.12,460.84,445.3,429.48
2407609,398.71,530.58,481.9,471.26
2407708,341.18,397.68,360.3,368.67
2407807,326.12,420.53,380,376.83
2407906,242.94,298.37,270.6,271.85
2408003,391.29,499.42,452,449.15
2408102,399.65,467.26,462.7,441.28
2408201,395.24,491.79,459.9,449.17
2408300,279.53,345.89,292.1,309.67
2408409,415.41,529,466,473.33
2408508,320.76,439.16,416.5,390.48
2408607,423.82,534.11,475.4,480.59
2408706,343.71,474,438.4,418.11
2408805,294.35,378.63,362.4,343.96
2408904,306.88,408.79,382.6,365.43
2408953,368.88,435.79,439.6,411.89
2409100,267.76,335.84,294.8,301.76
2409209,325.12,409.42,344.6,364.17
2409308,428,545.11,496.3,491.22
2409332,313.94,377.11,381.5,354.72
2409407,422.47,542,520.5,493.15
2409506,317.35,396.68,387.5,365.37
2409605,264.59,357.16,341.4,319.52
2409704,282.35,364.89,351.7,331.52
2409803,340.65,401.68,355.1,369
2409902,326.29,420.47,411.8,383.78
2410009,425.29,511.26,505.7,478.28
2410108,331.24,397.47,406.7,375
2410207,426.06,535.63,515.6,490.78
2410256,341,447.63,418.7,401.93
2410306,253.88,317,279.8,285.59
2410405,355.94,422.05,424.8,398.22
2410504,446.12,542.26,532.4,504.59
2410603,433.12,543.84,497.5,492.85
2410702,429.29,534,482.5,484.11
2410801,422,526.05,506.1,483.26
2410900,276.24,328.26,329.2,309.24
2411007,398,511.84,453.5,457.09
2411056,411.82,584.37,473.2,496.43
2411106,262.71,303.74,299.4,287.63
2411205,254.35,313.95,309.7,291
2411403,311,412.21,403.6,372.93
2411429,311.35,408.32,378.3,365.96
2411502,268.06,333.68,286.2,299.11
2411601,312.41,400.47,372.4,361.83
2411700,246.35,303,302.2,281.89
2411809,358.76,501.26,458.6,439.33
2411908,412.47,535.53,493.6,480.93
2412005,393,456.95,467.3,435.57
2412104,341.71,486.21,462.1,427.57
2412203,369.82,470,423.3,422.83
2412302,251.18,306,270.5,278.02
2412401,323,438.26,391.9,385.59
2412500,414.24,519.47,503.3,477.07
2412559,331.41,393.32,376.4,366.76
2412609,282.41,316.47,320.2,304.7
2412708,305.76,380.42,365.1,349.5
2412807,338.06,462,437.9,410.96
2412906,237.88,280,280.5,264.54
2413003,279.53,371.37,345.3,331.76
2413102,283.82,346.47,317.2,316.96
2413201,388.18,478.42,445.2,437.85
2413300,256.35,313.53,284.2,286.02
2413359,375.65,481.32,433.3,431.83
2413409,387.47,528.05,481.2,465.91
2413508,273.76,339.95,307.2,308.37
2413557,435.53,538.47,532.3,499.09
2413607,386.59,498,417.3,439.28
2413706,251.29,298.11,276.1,276.02
2413805,426,523,503.2,482.85
2413904,353.53,425.89,437.3,401.63
2414001,240.47,295.26,258.6,267.04
2414100,417.53,530.58,460.5,473.57
2414159,306.29,414.11,380.5,366.96
2414209,380,468.89,414,424.11
2414308,361.24,497.32,455.6,437.96
2414407,344.35,417.68,417.7,390.59
2414456,366.47,482.68,466.4,436.2
2414506,421.59,532.26,468.1,477.41
2414605,342.88,474.47,430.5,416.28
2414704,311.47,388,342.9,349.91
2414753,388.06,488.32,450.8,443.11
2414803,326.12,420.53,380,376.83
2414902,429.29,534,482.5,484.11
2415008,406.35,500.68,432.6,451.02
2500106,388.29,479.47,471.7,444.09
2500205,473,613.42,529.3,543.24
2500304,333,354.32,388.1,353.78
2500403,319.94,366.89,382.8,353
2500502,338.29,349.47,383.6,352.76
2500536,181.53,200.53,217,197.09
2500577,204.65,241.79,260.2,232.07
2500601,458.71,511.32,482.9,485.7
2500700,459.35,607.47,503.2,530.07
2500734,293.24,369.05,326,331.67
2500775,451.94,545.68,503.5,501.87
2500809,313.94,349.68,317,329.37
2500908,302.53,351.53,379.1,339.41
2501005,270.35,318.37,306.8,298.11
2501104,302.53,346.95,360.4,333.46
2501153,299.06,413.63,370.3,361.87
2501203,237.94,258.21,290.9,257.83
2501302,247.88,251.11,251.9,250.09
2501351,238.35,302.47,273,272.37
2501401,410,500.58,439.4,453.8
2501500,333.29,393.42,378.3,367.91
2501534,209.76,291.42,288.2,260.54
2501575,180.06,203.74,220.1,198.54
2501609,183.47,239.05,247,220.24
2501708,179.71,211.16,201.5,197.43
2501807,453.53,483.95,432.2,461.46
2501906,308.06,365.32,343.6,339.43
2502003,390.41,519.32,471.6,461.3
2502052,399.59,503.84,459.6,455.7
2502102,429.24,548.05,473.1,487.85
2502151,171.41,215.53,229.2,202.2
2502201,475.24,630.53,545.1,554.57
2502300,429.35,519.84,484.4,478.7
2502409,453,593.21,496.8,520.43
2502508,166.47,192.89,212.7,187.43
2502607,463.47,604.32,537,537.63
2502706,333.29,393.42,378.3,367.91
2502805,412.35,539.84,476.8,479.02
2502904,425.12,518.89,493.1,478.63
2503001,451.47,491.53,479,474
2503100,157,192.79,223.4,186.22
2503209,457.76,531.21,471.8,491.15
2503308,467.29,642.58,544.6,556.5
2503407,360.35,497.47,458.8,438.39
2503506,234.88,281.74,297.4,267.83
2503555,321.76,461.05,399.2,396.13
2503605,295.82,354.42,317.7,324.78
2503704,474.88,641.79,543,558.63
2503753,450.41,537.79,523.8,502.46
2503803,288.47,312.21,292.2,299.09
2503902,240.88,292.74,267.3,268.04
2504009,217.65,258.42,276.8,247.35
2504033,369.71,381.05,338.8,367.67
2504074,204.94,262.84,218.1,231.72
2504108,477.88,612,535.6,545.83
2504157,237.82,280.63,297.6,268.5
2504207,433.18,528.84,521.7,491.93
2504306,411.65,524,503.1,477.93
2504355,175.82,194.37,220.3,193.15
2504405,397.82,513.42,445.9,456.02
2504504,435.35,564,506.8,504.02
2504603,470.06,535.58,479.3,499.13
2504702,215.65,288.21,241.1,251.15
2504801,451.12,515.32,516.8,491.91
2504850,214.65,294.32,233.2,251.59
2504900,345.88,359.42,326.9,347.35
2505006,201.35,274.95,286.6,250.28
2505105,222.41,288.74,276,261.46
2505204,338.29,349.47,383.6,352.76
2505238,327.59,347.84,324,335.17
2505279,320.41,351.11,327.1,334.54
2505303,420,539.47,473.3,480.93
2505352,211.65,270.74,276.8,250.22
2505402,312.29,430.84,359.2,371.46
2505501,401.41,551.74,504.8,485.98
2505600,426.12,538.63,449.7,477.72
2505709,316.94,369.26,358.6,347.61
2505808,313.76,351.58,321.3,331.02
2505907,439.18,532.16,512.5,493.52
2506004,253.06,286.21,301.7,277.33
2506103,239.53,261.26,254.2,251.7
2506202,235.65,312.11,326.7,287.02
2506251,193.18,193.95,220.3,199.39
2506301,329.47,358.32,365.2,349.15
2506400,275.65,300.89,294.5,290.17
2506509,206.24,266.63,243.8,239.35
2506608,425.47,527.58,452.4,473.5
2506707,396.71,476.58,475.6,446.85
2506806,269.88,276.21,294.6,277.87
2506905,274.41,292.47,270.6,281.04
2507002,457.53,587.84,505.5,521.78
2507101,327.71,358.05,319.2,338.39
2507200,240.71,248.05,254.8,246.8
2507309,341.18,397.68,360.3,368.67
2507408,427.12,516.42,490.2,477.72
2507507,484.88,543.21,493,510.74
2507606,287.76,299.63,321.2,299.93
2507705,245,314.42,260.3,277
2507804,267.88,339.84,334.2,312.02
2507903,299.47,319.26,295.7,306.83
2508000,395.12,463.68,447.2,434.76
2508109,427.12,516.42,490.2,477.72
2508208,296.12,351.32,318.5,323.78
2508307,266.88,315.42,317.9,298.02
2508406,414,540.63,457.1,475.67
2508505,287.47,408.26,317.2,343.83
2508554,283.65,352.16,322.5,320.39
2508604,448.47,512.11,460.6,477.39
2508703,393.94,505,481,458.74
2508802,405.82,560.58,503.3,490.93
2508901,376.35,421.37,377.2,395.13
2509008,377.24,496.68,440.8,440.39
2509057,409.76,474.16,430.7,440.91
2509107,287.35,309.42,314.2,302.3
2509156,479.76,604.37,538.2,543.93
2509206,279.88,303.58,318.8,298.13
2509305,398.24,484.16,418.9,438.22
2509339,286.12,329.63,350.5,318.09
2509370,428.59,528.68,491,483.5
2509396,394.65,504.11,465.2,455.2
2509404,251.18,287.21,268.1,269.74
2509503,237.94,258.21,290.9,257.83
2509602,439,586.32,473.3,507.3
2509701,249.06,291.95,301,278.07
2509800,299.59,324.95,339.8,318.8
2509909,262.82,262.16,259.9,261.91
2510006,484.24,609.32,524.2,544.59
2510105,257,320.37,321.8,297.26
2510204,421.24,550.47,472.5,485.76
2510303,264.47,355.63,334.3,317.3
2510402,409.24,498.26,481.9,461.8
2510501,247.41,351.68,310.8,304.26
2510600,286.29,351.84,315.4,319.7
2510659,240.88,307.53,259.4,272.43
2510709,320.76,452.37,403.4,393.09
2510808,387.65,527,494.3,468.39
2510907,411.06,526.11,485.7,474.8
2511004,421.24,550.47,472.5,485.76
2511103,233.53,332.26,308.1,290.52
2511202,421.76,458.21,412.7,434.85
2511301,424,514.42,491.5,476.02
2511400,251.24,325.11,336.7,300.33
2511509,283.47,314.37,286.7,296.93
2511608,360.47,407.58,413.2,391.39
2511707,332.29,385.37,394.3,367.7
2511806,308.06,365.32,343.6,339.43
2511905,465.06,507.47,498,489.74
2512002,229.29,288.53,284,265.65
2512036,388.06,488.32,450.8,443.11
2512077,418.65,533.79,455.9,474.3
2512101,440.24,522.05,510.3,489.26
2512200,280.71,353.37,316,318.39
2512309,395.18,476,461.9,443.07
2512408,229,267.37,289.3,257.96
2512507,208.82,240.84,257.9,232.72
2512606,359.88,494,460.1,437.07
2512705,253.06,286.21,301.7,277.33
2512721,333.82,385.42,344.4,357.43
2512747,288.59,342.32,328,319.35
2512754,269.88,276.21,294.6,277.87
2512762,298.12,315.63,291,303.8
2512788,173.82,197.89,207.8,191.15
2512804,422.24,535.16,505.5,486.98
2512903,409.76,474.16,430.7,440.91
2513000,277.76,354.32,325.8,319.83
2513109,274.47,281.53,264.1,275.13
2513158,198.53,223.63,234.7,216.76
2513208,418.47,527.05,456.2,471.52
2513307,441.65,604.32,512.8,524.3
2513356,386.71,504.79,441,447.28
2513406,317,452.32,413.5,393.87
2513505,393.65,513.16,471,459.83
2513604,433.29,548.89,490.4,493.46
2513653,409.71,516.79,467.9,466.59
2513703,414.59,447.32,402.1,425.39
2513802,423.06,554.16,505.8,495.2
2513851,247.59,320.79,257.3,279.93
2513901,395.88,536.74,478.9,472.11
2513927,440.18,559.16,530,508.85
2513943,183.06,255.95,240.7,225.7
2513968,458.65,549.79,524.9,510.7
2513984,433.06,537.11,456.7,481.17
2514008,192.18,256,245.3,230.09
2514107,229.82,274.79,275.9,258.41
2514206,473.35,598.26,528,536.83
2514305,459.71,570.79,500,514.35
2514404,376.71,523.05,495.5,462.98
2514453,269.65,301.74,265.3,281.96
2514503,472.53,622.68,538.4,548.87
2514552,379.65,456.79,431.6,422.8
2514602,408.94,519.16,481.6,470.26
2514651,390.76,518.47,466.5,459.98
2514701,316.76,426.84,399.2,380.15
2514800,263.41,361.37,297.6,311.3
2514909,347.47,473.37,439.7,419.52
2515005,340.47,344.42,323.1,338.33
2515104,265.12,295.26,312,287.76
2515203,242.59,276.84,296.7,268.5
2515302,350.35,353.21,327.5,346.57
2515401,208.35,281.42,283.8,254.93
2515500,240.24,342.79,276.3,290.43
2515609,308.06,365.32,343.6,339.43
2515708,459.71,570.79,500,514.35
2515807,296.41,304.89,340.3,309.46
2515906,360.47,407.58,413.2,391.39
2515930,308.06,365.32,343.6,339.43
2515971,298.12,315.63,291,303.8
2516003,286.82,344.53,349.7,324.33
2516102,198.35,264.16,252.8,237.37
2516151,204.82,280.84,268.7,250.11
2516201,467.82,579.68,496.1,520.17
2516300,276.59,357,311.5,317.39
2516409,291.47,347.53,322.6,321.39
2516508,277.41,367.05,292.7,317.76
2516607,395.12,463.68,447.2,434.76
2516706,371.76,491.89,443.3,436.93
2516755,261.53,340.47,295.4,301.5
2516805,422.06,570,469.8,493.54
2516904,413.88,538.26,448.9,472.87
2517001,204.94,221,222.7,215.43
2517100,339.65,471.16,439.3,415.63
2517209,424.71,542.11,441.1,476.76
2517407,245,286.21,296.4,273.2
2600054,396.35,427.26,427.3,415.85
2600104,351.94,428.37,437.9,402.2
2600203,238.71,281.37,263.5,261.72
2600302,221.24,242.11,258.6,237.98
2600401,421.41,418.58,482.8,433.59
2600500,194.53,172.26,223.3,191.59
2600609,232.82,262.58,286.4,256.76
2600708,333.59,365.05,373.9,355.35
2600807,212.06,226.16,244.3,224.89
2600906,328.76,327.84,363.2,335.87
2601003,262.06,233.21,310,260.57
2601052,395.18,417.58,416.8,409.13
2601102,318.82,376.21,385.2,356.96
2601201,233.88,245.89,288.8,250.78
2601300,330.47,333,386.3,343.65
2601409,451.29,456.16,501.3,464.17
2601508,298.94,306.32,357.3,314.67
2601607,227.24,261.53,220.4,239.91
2601706,240.18,252.95,278.2,253.72
2601805,279.06,321.21,312.2,303.67
2601904,213.82,239.42,236.4,229.3
2602001,369.12,462.95,462.3,428.13
2602100,206.65,204.26,251.3,215.37
2602209,263.88,255.79,289,266
2602308,293,321.53,342.5,315.54
2602407,232.24,224.89,270.8,237.59
2602506,372.53,473.16,441.2,429.02
2602605,208.65,255.89,270.6,241.63
2602704,297.35,304.32,329.4,307.2
2602803,232.53,232.95,265.8,239.93
2602902,451.35,463.32,465.4,459.35
2603009,240.47,294.63,266.2,268.43
2603108,201.71,221.63,233.8,216.91
2603207,229,224.68,258.8,233.7
2603306,226.18,226.05,279.4,237.7
2603405,342.06,399.05,370.4,371.76
2603454,470.18,464.11,486.1,471.13
2603504,267.41,279.53,289.4,277.2
2603603,323.29,334.74,325.4,328.48
2603702,276.24,242.11,316,270.78
2603801,237.41,236.37,260.8,242.07
2603900,354,421.26,405.8,393.04
2603926,252.06,263.89,251,256.72
2604007,299.59,303.37,321.2,305.85
2604106,189.29,220.37,230.5,211.09
2604155,209.76,219.68,240.9,220.63
2604205,332.82,323.11,391.3,341.52
2604304,377,418.79,402.9,399.89
2604403,297.71,313.79,314.9,308.09
2604502,273,292.37,288,284.26
2604601,419.53,446.74,443.8,436.04
2604700,260.82,243.47,318.5,266.2
2604809,362.71,364.05,409.2,373.37
2604908,187.06,230.58,247.9,218.26
2605004,244.18,253.89,291.3,258.43
2605103,283.71,341.89,351.3,322.43
2605152,228.24,265.58,252.1,248.85
2605202,370.47,375,377.9,373.96
2605301,447.12,567.84,510,510.65
2605400,280.88,276.58,300,283.26
2605509,323.29,334.74,325.4,328.48
2605608,343.12,424.21,414.7,392.17
2605707,255.12,277.95,263.6,266.39
2605806,180.35,234,225.7,212.37
2605905,441.88,438.11,504.2,453.87
2606002,238.71,234.37,280.3,245.96
2606101,271.59,259.58,285.6,269.67
2606200,442.41,473.68,469.1,461.13
2606309,322.41,391.21,370.9,361.37
2606408,216.29,242.53,247.6,233.93
2606507,199.88,177.42,254.9,202.57
2606606,250.12,250.89,262.4,253.11
2606705,223.59,225.74,263.7,233.2
2606804,438.88,453.26,468.2,451.2
2606903,310.71,367.89,389.4,351.43
2607000,198.24,212.74,229.3,210.98
2607109,311.76,371.37,367,348.39
2607208,458.47,482.05,470.2,470.76
2607307,374.47,423.26,452.4,411.57
2607406,216.71,224.26,243.8,225.72
2607505,206.35,196.63,229.1,207.28
2607604,466.94,507.74,507.4,492.59
2607653,349.82,362.32,366.6,358.63
2607703,335.53,455.32,396.5,398.26
2607752,420.65,440,440.1,432.87
2607802,386.82,424.37,439.8,413.85
2607901,453.59,468.26,488.2,467.17
2607950,314.59,314.37,364.5,325.35
2608008,227.76,272.74,259.3,253.2
2608057,157.71,167.47,187.5,168.22
2608107,252.41,249.68,280.7,257.43
2608206,382.24,375.95,432.5,390.57
2608255,236,220.05,274.3,237.74
2608305,226.18,226.05,279.4,237.7
2608404,247.06,228.95,290.5,249.02
2608453,299.59,303.37,321.2,305.85
2608503,297.71,313.79,314.9,308.09
2608602,238.59,228.47,284,244.28
2608701,298.94,306.32,357.3,314.67
2608750,233.18,258.84,223.1,241.59
2608800,223.59,225.74,263.7,233.2
2608909,269,262.53,290.3,270.96
2609006,288.82,275.89,297.4,285.35
2609105,263.88,255.79,289,266
2609154,224.18,216.74,244.9,225.61
2609204,341.35,344.63,419.4,359.67
2609303,292.88,340.47,312.2,316.74
2609402,385,387.68,405.4,390.54
2609501,294.47,315.05,333.9,311.54
2609600,466.71,466.21,486,470.7
2609709,263.88,255.79,289,266
2609808,239.76,286.42,271.5,265.93
2609907,250,319.63,313.8,292.63
2610004,358.12,357.21,421.6,371.54
2610103,266.65,241.26,323.3,268.48
2610202,235.82,230.63,294.1,246.35
2610301,218.18,211.11,248.9,221.93
2610400,252.71,306.79,275.8,280.07
2610509,215.65,240.84,262.3,236.2
2610608,376.12,383.63,395.1,383.35
2610707,466.71,466.21,486,470.7
2610806,228.24,240.89,246.7,237.48
2610905,237.18,267.05,299.5,263.07
2611002,191.88,204.05,223.9,203.87
2611101,207.65,215.58,223.4,214.35
2611200,240.12,269.21,288,262.54
2611309,261.88,273.95,294.2,273.89
2611408,349.06,363.53,376.5,361
2611507,291,261.21,324.5,285.98
2611533,366.82,443.42,430.7,412.35
2611606,458.35,481.32,488.1,474.3
2611705,180.35,231.21,244.8,215.37
2611804,441.47,441.26,493.1,452.61
2611903,461.29,460.05,512.9,472
2612000,287.76,302.11,323,301.35
2612109,223,234.11,266.4,237.02
2612208,284.76,349.11,307.1,316.2
2612307,209.29,199.11,247.6,213.41
2612406,228.65,259.74,271.9,250.89
2612455,237.29,293.37,264.6,266.39
2612471,365.47,442.95,414.3,408.09
2612505,164.53,218.74,207.9,196.35
2612554,242.82,292.42,258.6,266.74
2612604,223.82,269.63,240.3,246.33
2612703,180.76,224.21,242.2,212.07
2612802,358.82,454.79,431.5,414.26
2612901,309.76,283.47,363.9,310.67
2613008,215.76,241.95,250.8,234.2
2613107,200.94,221.89,239.5,217.98
2613206,241.88,241.74,286.9,251.61
2613305,242.88,273.63,263.8,260.13
2613404,450.88,461.63,494,464.7
2613503,354.71,466.47,408.8,412.63
2613602,318.18,397,337.3,354.89
2613701,359.88,352.84,374.6,360.17
2613800,278.65,267.79,297.3,278.22
2613909,333.65,378.63,342.4,354.13
2614006,337.59,402.42,388.3,375.39
2614105,250.94,270.58,286.8,266.85
2614204,460.24,461.32,490.9,467.35
2614303,404.12,500.84,435.3,450.85
2614402,366.76,457.53,436.6,419.43
2614501,196.18,214.95,230.3,211.35
2614600,346.59,449.58,428.3,406.89
2614709,203.06,219.32,240.9,218
2614808,176.88,190.53,220.4,191.98
2614857,451.65,461,506.7,467.48
2615003,194.47,221.47,236.9,214.85
2615102,217.76,217.47,264.7,227.85
2615201,266.24,317.74,299,294.63
2615300,303.29,307.84,313.3,307.35
2615409,191.76,218,250.9,215.46
2615508,319.35,372.47,365.9,351.41
2615607,316.82,379.95,401.9,361.39
2615706,364.94,431.79,413.7,403.15
2615805,221.82,227.05,246.4,229.33
2615904,285.71,340.68,327.8,317.57
2616001,228.24,240.89,246.7,237.48
2616100,344.59,426.26,377,385.37
2616183,182.59,213.05,224,204.17
2616209,199.06,225.47,244.5,219.85
2616308,311.65,309.58,325.5,313.8
2616407,300.18,313.42,321.1,310.2
2616506,378.53,371.16,476.3,396.74
2700102,169,165.26,220.4,178.63
2700201,244.18,245.84,317.9,260.89
2700300,183.24,176.37,215.2,187.35
2700409,309.71,363.21,407.9,353.15
2700508,382.24,401,441,402.76
2700607,327,370.53,417.5,364.65
2700706,155.29,140.11,170.6,152.35
2700805,222.94,237.89,272.2,239.83
2700904,156.41,143.68,185.6,157.5
2701001,295.65,363.47,393.8,345
2701100,276.94,279.32,377.7,299.83
2701209,175.24,164,190.7,173.96
2701308,272.94,293,369.8,302.28
2701357,391.12,395.47,475.8,411.33
2701407,262.65,313.37,330,298.24
2701506,169.53,187.32,209.4,185.54
2701605,183.41,187.21,216.1,192.09
2701704,277.12,302.53,377.4,309.41
2701803,146.82,142.95,175.3,151.41
2701902,278.71,259,349.4,285.93
2702009,197.71,201.68,240.1,208.57
2702108,343.94,331.68,407.3,352.65
2702207,344.06,404.05,449.5,391.76
2702306,278.94,304.42,328.2,300.17
2702355,176.29,173.89,207.4,182.07
2702405,159.06,156.16,209.1,168.74
2702504,166.82,162.21,199.9,172.11
2702553,205.41,188.47,238.5,205.61
2702603,176.47,181,207.4,185.07
2702702,269.41,285.79,295.6,281.87
2702801,328,360.26,416.3,360.52
2702900,158.06,156.84,176.5,161.57
2703007,316.94,297.79,396,326.22
2703106,190.94,191.84,221.9,198.04
2703205,212.18,247.11,237.9,232.2
2703304,171,167.95,210.9,178.41
2703403,148.88,140,187,153.5
2703502,405.53,438.68,471.6,433.59
2703601,436,453.63,484.6,453.85
2703700,160,149.11,179.9,159.83
2703759,315.59,367.84,385.1,352.28
2703809,338.65,325,415,349.61
2703908,387.18,408.37,473.3,414.65
2704005,224.18,243.95,280.9,244.67
2704104,160.35,169.37,186.1,169.67
2704203,227.35,234.95,270,239.76
2704302,346.41,393.89,430.5,384.3
2704401,161.88,144.89,189.2,160.8
2704500,450,459.16,481.1,460.54
2704609,155.94,164.05,199.8,168.83
2704708,335.35,391.74,442.9,382.02
2704807,266,270.53,335,282.87
2704906,232.59,226.21,278,239.83
2705002,191.59,185,230.8,197.39
2705101,391,404.42,481.7,416.26
2705200,303.71,349.95,394.3,342.5
2705309,198.41,177.63,225,195.61
2705408,148.88,140,187,153.5
2705507,279.76,300.47,403.9,315.3
2705606,376.24,376.79,465.1,395.78
2705705,149.82,143,177.8,153.09
2705804,161,152.58,199.3,165.85
2705903,180.94,209.26,225.5,202.33
2706000,159.53,153.63,186.6,162.98
2706109,174.82,176.68,219.7,185.35
2706208,145.24,136.84,178.5,149
2706307,196.76,194.21,227.6,202.41
2706406,143,125.42,167.4,141.04
2706422,164.76,164.53,218.8,176.41
2706448,380.41,411,459.5,410.24
2706505,411.47,415.84,471.6,426.35
2706604,238.71,224.37,280.8,241.93
2706703,258.12,280.79,286,273.54
2706802,257.76,283.53,277.1,272.61
2706901,308.65,376.84,404.6,357.67
2707008,260.59,270.21,334.8,280.7
2707107,152,139.84,170.7,151.04
2707206,155.94,164.05,199.8,168.83
2707305,422.76,423.79,478.9,435.39
2707404,425.76,438.84,484.9,444.02
2707503,197.47,223.79,233.4,216.15
2707602,238.71,224.37,280.8,241.93
2707701,324.65,371.68,424.3,365.74
2707800,327,370.53,417.5,364.65
2707909,344.06,404.05,449.5,391.76
2708006,152.71,154.16,186.2,160.59
2708105,278.12,259.58,359.7,288.2
2708204,178.24,206.26,239.6,203.15
2708303,287.12,249.42,352.4,285.74
2708402,139.71,133.74,170.4,143.91
2708501,359,381.32,434.4,384.61
2708600,311.47,366.53,395.3,352.43
2708709,411.47,415.84,471.6,426.35
2708808,211.59,231.79,262.1,230.91
2708907,336.82,390.26,432.6,379.72
2708956,159.35,158.74,205.5,169.13
2709004,222.94,237.89,272.2,239.83
2709103,217.59,223.95,271.7,231.98
2709152,260.59,288.37,314.4,283.76
2709202,161.65,155.47,180,163.09
2709301,283.76,265.37,359,292.52
2709400,267.06,268.89,355.1,286.96
2800100,174.76,192.53,224.7,192.96
2800209,194.18,211.42,242,211.7
2800308,292,329,361.5,322.39
2800407,325.59,356.26,382.9,350.72
2800506,264.18,302.16,324.9,293.07
2800605,289,320.42,355.6,316.46
2800670,321.41,346.53,374.3,343.28
2800704,257.71,280,276.6,271.02
2801009,248,270.74,277.1,263.72
2801108,177.71,179.47,212.3,185.96
2801207,159.59,143.11,183.7,158.02
2801306,224.94,252.42,284.6,249.26
2801405,162.94,160.16,198.9,169.61
2801504,266.18,287.21,324.8,287.61
2801603,194.29,220.42,241.3,215.3
2801702,309.41,315.58,336,317.74
2801900,208.94,229.58,264.4,229.52
2802007,266.12,299.26,318.4,291.17
2802106,338.76,379.79,411.2,371.46
2802205,173.29,183.42,229.6,189.72
2802304,192.88,216.74,223.8,209.46
2802403,153.35,145.47,187.7,157.57
2802502,266.18,287.21,324.8,287.61
2802601,190.06,196.32,246.2,204.85
2802700,251.24,274.05,269.2,264.57
2802809,339.18,360.26,399.4,360.98
2802908,231.12,256.63,284.6,253.28
2803005,294.53,323.42,341.3,316.63
2803104,173.82,177.47,193,179.5
2803203,322.24,352.53,374.5,346.11
2803302,250.24,273.84,310.9,273.17
2803401,230.06,259.95,269.6,251
2803500,275,300.89,325.7,296.72
2803609,290.65,323.42,349.4,316.96
2803708,224.35,243.21,255.8,238.98
2803807,205.41,233.42,256.7,228.13
2803906,262.65,295.47,313.8,287.33
2804003,278.88,313,334.6,305.09
2804102,231.53,255.42,276.9,251.26
2804201,138.47,126.95,182.7,143.33
2804300,205.41,233.42,256.7,228.13
2804409,237.47,262.42,249.1,250.3
2804458,170.35,176.63,216.7,183.02
2804508,139.88,128.84,179.5,143.93
2804607,218.35,236.37,263.7,235.65
2804706,166.71,165.63,180.3,169.22
2804805,290.65,323.42,349.4,316.96
2804904,248.71,281.89,291.5,271.72
2805000,214.29,240.84,257.4,234.63
2805109,312.29,337.26,365.6,334.2
2805208,189.65,197.26,227.9,201.11
2805307,269.47,286.37,326.3,288.8
2805406,150.41,125.63,181.5,146.93
2805505,175.35,162,206.5,176.61
2805604,140.88,134.11,169.4,144.28
2805703,194.29,220.42,241.3,215.3
2805802,242.71,265.26,300.7,264.63
2805901,270.24,312.53,311.1,296.59
2806008,208.88,235.74,249.9,228.89
2806107,267.35,290.37,330.7,290.63
2806206,318.59,347.68,382.8,344.57
2806305,330,361.05,399,357.83
2806404,226.59,253.84,238.6,240.46
2806503,262.65,295.47,313.8,287.33
2806602,287.88,302,347.6,306.7
2806701,310,348.53,365.8,338.04
2806800,248,270.74,277.1,263.72
2806909,212.76,243.47,254.6,234.54
2807006,186.35,205.26,240.7,205.98
2807105,214.24,220.21,248.9,224.24
2807204,246.12,272.89,303.1,269.57
2807303,178.24,206.26,239.6,203.15
2807402,185.59,182.32,225.6,192.93
2807501,272.35,266.47,307.9,277.65
2807600,313.53,338.11,367.4,335.39
2900108,261.59,214.16,320.5,254.8
2900207,205.18,243.47,228.5,226.07
2900306,249.06,235,274.1,248.7
2900355,166.06,150.37,208.4,168.78
2900405,220.82,193.47,254.8,216.91
2900504,226.29,195.74,269.1,222.98
2900603,239.59,219.11,303.7,245.07
2900702,286,276.63,349.3,295.89
2900801,312.94,316.21,375.5,327.89
2900900,319.18,354,393.2,349.65
2901007,251.94,205.21,269,236.35
2901106,274.76,290.21,343.1,296
2901155,190.94,149.42,227.9,181.83
2901205,192.65,154.42,285.4,197.02
2901304,308.24,258,363.5,299.5
2901353,215.47,171.16,199.7,193.74
2901403,320.88,339.21,393.4,344.22
2901502,209.71,190.21,245.7,209.48
2901601,171.06,152.42,215,172.91
2901700,217.41,200.16,251,217.59
2901809,257.18,200.84,242.1,230.63
2901908,262.18,245.37,286.5,260.52
2901957,296,287.26,364.2,307.22
2902005,193.59,154.89,250.9,190.07
2902054,305.06,316.47,368,323.46
2902104,177.76,143.16,196.6,167.57
2902203,251.82,242.89,308.8,260.52
2902252,342.65,349.32,430.9,364.59
2902302,423.59,443.42,458.6,439.39
2902401,327.29,349.32,387.9,349.57
2902500,341.76,331.58,395.3,349.2
2902609,242.47,165.58,247.4,211.78
2902658,155,143.21,181.4,155.87
2902708,262.94,274.37,299.6,275.63
2902807,202.53,162.32,243,194.72
2902906,221.59,209,326.2,239.13
2903003,169.53,151.95,238.4,177.24
2903102,311.18,321.68,398.1,334.41
2903201,359.65,367.53,428.4,377.85
2903235,171.29,137.74,241.1,172.61
2903276,197.29,150.05,203.1,179.04
2903300,371.06,394.11,420.5,391.33
2903409,350.53,374.89,409.1,373.33
2903508,184.29,172.68,290.9,202.67
2903607,197.82,152,207.1,180.91
2903706,220.29,190.53,279.2,220.8
2903805,235.06,152.21,238,201.48
2903904,256,232.47,336.3,263.74
2903953,186.06,153.95,264,189.74
2904001,237.59,200.37,282,231.87
2904050,229.47,172.11,261.2,212.67
2904100,228.94,202.37,277,228.41
2904209,218.76,206.68,293.1,229.93
2904308,206.47,182.95,239.9,204.02
2904407,310.59,287.05,322.6,303.48
2904506,220.18,195.74,230.6,212.35
2904605,177.82,149.32,224.2,176.13
2904704,396.47,438.58,481.7,432.39
2904753,273.35,300.16,300.7,290.37
2904803,237.29,228.84,377.6,264.3
2904852,255.06,245,281.8,256.72
2904902,305,326.53,375.8,329.28
2905008,186.18,178.05,239.9,194.5
2905107,275.53,204.84,249.8,240.74
2905156,194.12,148.63,276.2,193.17
2905206,201.29,187.89,238,203.74
2905305,191.71,143.79,252,185.02
2905404,485.71,502.16,557.9,508.2
2905503,264.24,199.21,243.4,232.85
2905602,321.12,328.84,435.9,349.26
2905701,423.24,460.58,481.8,451.39
2905800,439.59,450.68,505.5,458.5
2905909,274.71,283.58,290.7,281.85
2906006,191.59,164.05,169.3,175.37
2906105,341,266.05,373.6,317.13
2906204,182.24,138.42,249.4,178.74
2906303,383.35,411.21,443.9,408.02
2906402,202.47,151.63,240.6,189.76
2906501,432.82,462.95,492.4,458.22
2906600,214.94,185.16,252.3,210.76
2906709,172.53,187.95,277.2,201.65
2906808,156.06,123.53,183.1,148.5
2906824,168.53,151.42,191.7,166.5
2906857,191.35,132.79,236.6,177
2906873,203.59,136.11,210.7,177.26
2906899,194.53,162.26,282.9,200.41
2906907,325.94,338.53,358.9,338.3
2907004,352.06,375.37,363.1,364.09
2907103,259.29,208.53,284.9,243.89
2907202,214.71,242.63,259,235.87
2907301,244.18,210.16,258,233.13
2907400,351.59,347.16,420.2,364.67
2907509,323.71,332.32,386.6,340.93
2907558,218.47,196.63,291.8,225.39
2907608,213.12,189.79,257.3,213.09
2907707,191.12,184.53,223,195.33
2907806,175.41,154.37,194.5,170.87
2907905,182.65,147.21,204.4,172.74
2908002,337.41,373.26,387.4,363.09
2908101,343.41,298.32,375.4,331.74
2908200,270.12,272.42,310.2,279.78
2908309,324.53,300.53,341.2,318.24
2908408,186.71,143.95,209.8,174.07
2908507,256.82,250.37,312.1,266.17
2908606,340.76,362.32,372.2,356.5
2908705,192.88,174.95,269.8,202.2
2908804,184,155.89,224.1,181.11
2908903,234.76,224.84,283.2,241.2
2909000,179,168.58,267.3,193.89
2909109,301.35,246.79,343.4,287.96
2909208,152.59,139.42,194.5,156.26
2909307,369.06,312.42,390.8,350.39
2909406,314.76,329.84,380.8,335.35
2909505,284,277,356,296.76
2909604,220.53,207.11,242.8,219.83
2909703,331.06,337.58,384.2,345.3
2909802,265.12,268.21,298.1,273.57
2909901,194.41,204.68,198,199.43
2910008,262.94,244.79,337.2,271.59
2910057,423.24,460.58,481.8,451.39
2910107,188,162.68,209.3,182.17
2910206,384.47,376.47,425.6,390.11
2910305,249.59,209.21,269.2,237.17
2910404,177.18,188.47,265.2,200.98
2910503,330.24,364.68,366.2,352.28
2910602,339.12,352.42,356.1,348.3
2910701,155.53,138.42,207.5,159.76
2910727,300.53,286.74,341,303.63
2910750,183,154.74,210.4,177.28
2910776,294.29,219.42,321.5,269.28
2910800,208.65,204.05,239,213.35
2910859,242.41,194.05,243.7,222.72
2910909,248,269.21,358.8,280.85
2911006,291.76,312.21,371.9,317.63
2911105,358.94,409.79,411.1,391.28
2911204,413.06,429.58,490.1,436.63
2911253,183.24,129.05,231.8,171.41
2911303,228.59,200.11,280.2,228.04
2911402,163.88,169,191.7,172.04
2911501,305.18,322.89,393.2,331.63
2911600,257.18,252.11,278.7,259.76
2911659,181.29,161.42,246.7,187.3
2911709,219,186.47,255.3,213.46
2911808,304.94,261.21,322,290.59
2911857,174.82,158.05,197.2,172.76
2911907,175.88,151.79,214.5,174.33
2912004,202.12,181.63,248.5,203.74
2912103,336.41,362.42,405,362.07
2912202,258,223.26,326.4,258.52
2912301,288.24,308.26,362.5,312.65
2912400,203.53,170.32,268.1,203.85
2912509,226.41,183.21,253.6,214.48
2912608,242.29,176.21,260.3,218.91
2912707,357.76,348.42,428.8,369.35
2912806,282.76,301.74,299.9,294.33
2912905,305.71,304.63,375.8,320.5
2913002,208.71,178,229.6,200.57
2913101,188.29,147.11,246.8,184
2913200,256.71,263.53,325.1,274.39
2913309,192.35,148.32,229,182.13
2913408,211.29,193.95,263.6,215.5
2913457,453.41,464.32,525.5,473.59
2913507,275.47,257.42,357.9,285.93
2913606,430.12,463,505.9,460.17
2913705,249.35,230.42,288.9,250.13
2913804,218.18,167.26,241.7,202.26
2913903,266.53,259.05,346.7,280.87
2914000,188.65,142.05,211.3,174.33
2914109,223.59,193.84,257.8,218.74
2914208,210.12,182,235.1,203.93
2914307,219.94,167.47,256.6,206.24
2914406,262.18,204.11,304.1,247.3
2914505,222.59,205.79,266.3,225.15
2914604,194.41,165.53,234.3,191.15
2914653,334.76,301.47,353,324.98
2914703,210.76,156.89,222.1,190.98
2914802,390.59,416.89,441.9,412.61
2914901,424.65,448.21,488.8,448.33
2915007,269.35,191.32,307.5,245.41
2915106,215.59,201,279.7,223.5
2915205,257.65,249.11,329.3,269.7
2915304,277.12,270.05,309.1,281.15
2915353,197.94,190.21,252.8,206.67
2915403,249.76,269.68,344.4,278.57
2915502,353.18,389.95,407.3,380.13
2915601,311.29,302.95,349.4,316.13
2915700,318.59,312.26,394.3,332.43
2915809,230.65,223.32,338.9,251.15
2915908,371.88,423.84,402.9,400.09
2916005,303.29,302.89,330.1,308.96
2916104,492.71,507.37,511.6,502.87
2916203,351.47,387.26,419.2,380.98
2916302,301.41,296.05,338.4,307.24
2916401,259.82,252.84,346.3,275.74
2916500,173.12,173,202.5,179.46
2916609,296.65,321.53,371.5,323.2
2916708,265.47,248.58,326.9,271.85
2916807,258.71,241.47,318.1,264.5
2916856,183.53,147.74,213.8,175.33
2916906,216.06,200.11,245.8,215.93
2917003,181.18,146.79,201,171.28
2917102,247.47,256.05,352.4,273.83
2917201,197.06,164.74,214.5,187.5
2917300,492.12,487.84,551,503.15
2917334,245.47,199.32,274.8,232.78
2917359,392.24,350.37,417.3,380.39
2917409,208.94,188.68,266.4,213.07
2917508,293.29,219.63,248.4,253.11
2917607,231.59,216.11,291.2,238.15
2917706,229.59,177.42,191.9,199.85
2917805,482.65,504.74,524.1,500.78
2917904,335.88,355.53,374,352.28
2918001,204.18,178.47,254.3,204.46
2918100,163.06,159.11,188.7,167
2918209,319,305.26,371.7,324.78
2918308,254.12,238.79,317.7,261.61
2918357,187.47,155.63,219.9,181.37
2918407,205.35,175.68,224.9,197.35
2918456,315.94,305.89,344.5,318
2918506,190.18,165.63,235.1,189.8
2918555,330.59,353,425,360.37
2918605,230.76,190.11,260.6,220.46
2918704,205.47,191.26,257.9,211
2918753,186.71,171.26,229.6,189.65
2918803,390.47,370.26,410.3,386.43
2918902,261.76,272,277.7,269.46
2919009,245.82,166.26,267.7,217.72
2919058,216.53,194,251.9,214.91
2919108,200.59,158.53,231.4,189.91
2919157,190.94,154.63,228.9,184.2
2919207,469.35,511.05,512.7,496
2919306,286.35,229.74,332.7,273.04
2919405,214.24,191.32,254.1,213.43
2919504,178.35,167.95,201.5,179.09
2919553,529.94,456.11,528.6,499.15
2919603,241.53,168.37,244.2,211.89
2919702,232.47,230.79,291.4,244.59
2919801,218.24,216.26,315.5,238.57
2919900,186.41,173.11,214.4,187
2919926,457.59,485.42,495.9,477.41
2919959,186.18,162.79,281.4,197.22
2920007,248,232.21,297.3,252.2
2920106,233.12,168.63,226.3,205
2920205,245.59,204.42,274.1,234.78
2920304,171.71,161.63,222.8,178.65
2920403,178.24,142.05,230.4,174.63
2920452,310.18,323.63,353.4,325.13
2920502,206,169.05,254.7,201.33
2920601,403.29,399.37,422.1,405.76
2920700,429.29,448.53,506.8,454.09
2920809,247.29,159.53,273,216.63
2920908,349.24,361.42,444.7,375.02
2921005,381.29,431.26,436.9,414.02
2921054,216.41,197.05,258.7,217.61
2921104,294.82,301.89,305,299.96
2921203,256.47,180.16,214.4,215.8
2921302,216.06,175.58,237.1,203.91
2921401,203.06,164,190.4,184.17
2921450,184.76,140.53,254.3,181.61
2921500,173.12,138.47,219.8,168.96
2921609,264.76,250.32,326.7,272.26
2921708,189.59,138.68,187.8,168.17
2921807,214.71,195.26,287.6,222.52
2921906,281.35,244.58,358.6,282.96
2922003,279.82,300.68,327.7,298.85
2922052,223.65,174.21,264.8,212.17
2922102,256.71,167.42,255.2,219.5
2922201,423.59,443.42,458.6,439.39
2922250,304.65,288.68,337.5,305.2
2922300,275.29,278.32,326.6,287.7
2922409,319,305.26,371.7,324.78
2922508,422,413,436.6,421.46
2922607,501.24,505.95,556.3,515.15
2922656,155.65,128.42,189.1,151.67
2922706,261.06,259.16,373.8,284.78
2922730,175.24,133,236.9,171.2
2922755,341.65,357.37,413.1,363.67
2922805,201.35,166.16,228.6,192.74
2922854,277.12,209.32,300.4,254.17
2922904,178.35,140.84,207.4,169.17
2923001,302.47,324.53,343.7,320.54
2923035,228.53,184.79,267.1,218.85
2923050,171.71,154.63,192.7,169.22
2923100,191.76,158.79,212.3,182.61
2923209,237.29,233.11,277.6,244.33
2923308,236.41,223.21,294.5,243.59
2923357,180,142.21,197.7,168.24
2923407,220.71,189.11,250.3,214.09
2923506,279.71,241.47,352.1,279.65
2923605,211.47,197.84,242.4,212.57
2923704,255.71,243.21,330.8,266.87
2923803,177,178.26,217,186.22
2923902,299.35,316.26,410.2,330.43
2924009,156.47,155.47,180.2,161.22
2924058,182,137.89,232.3,174.72
2924108,241.12,234.21,294.5,249.87
2924207,150.35,134.21,192.9,152.93
2924306,261.88,209.63,329.6,255.02
2924405,263.47,282.26,270.4,272.74
2924504,217.76,194.53,242.3,213.5
2924603,249.18,194.79,240.6,224.85
2924652,202.06,140.95,237.5,184.52
2924678,438.71,452.89,507.6,459.54
2924702,178.47,171.21,265.5,194.39
2924801,242.88,170.95,230.4,210.46
2924900,226.53,163.63,248.5,205.33
2925006,234.24,209.26,321.6,242.91
2925105,215.41,199.63,285.5,224.13
2925204,347.88,380.16,399.3,372.39
2925253,249.71,185.79,236.4,220.41
2925303,328.76,325.16,361.2,334.33
2925402,309.71,315.68,372.7,325.87
2925501,333.65,311.79,380.9,334.89
2925600,207.94,164.89,238.4,196.78
2925709,181.76,158.42,262.1,189.59
2925758,368.18,374,428.9,383.78
2925808,186.71,127.32,192.6,163.46
2925907,154.29,127.63,197.5,152.67
2925931,236.18,162.74,225,203.41
2925956,201.82,148.21,232.7,186.39
2926004,232.76,301.74,300.7,276.02
2926103,179.82,128.58,220.9,167.59
2926202,334.53,340.11,385.8,347.98
2926301,191.76,133.84,241.3,178.61
2926400,229.94,202.32,279.8,229.37
2926509,181.12,153.63,199.6,173.78
2926608,167.35,153.42,190.9,166.72
2926657,202.59,223.37,314.3,235.46
2926707,220.65,197.21,251.8,217.74
2926806,174.24,161.74,230.7,181.35
2926905,246.53,202.26,309.6,241.96
2927002,254.65,252.16,280.5,259.24
2927101,168.65,164.16,203,174.26
2927200,249.24,175.74,253.8,219.87
2927309,458.94,478.47,516.9,479.61
2927408,475.88,529.74,516.8,507.02
2927507,208.82,177.32,236.4,201.8
2927606,158,145.89,192.9,160.59
2927705,352,350.74,380.6,357.7
2927804,267.06,290.05,358.1,296.35
2927903,250.24,218.89,275.7,242.83
2928000,173.29,137.05,201.6,164.48
2928059,384.35,402.05,467.7,409.78
2928109,335.82,264.42,398.3,319.91
2928208,318.12,253.89,360.3,300.76
2928307,211.88,183.89,245.2,207.57
2928406,330.29,334.37,376.2,341.96
2928505,205.82,174.58,236.9,199.67
2928604,297.82,324.95,372.7,325.3
2928703,389.41,382.26,431.6,395.63
2928802,229.29,215.74,272.2,233.02
2928901,387.59,367.47,422.7,386.91
2928950,175.35,137.42,210.8,167.39
2929008,281.71,304.89,344.1,304.85
2929057,316.47,250.32,358.1,298.2
2929107,384,383.16,401,387.35
2929206,402.82,427.74,466.6,426.98
2929255,186,160.95,229,185
2929305,240.35,237.21,277.4,247.11
2929354,361.29,399,419.2,389.46
2929370,205.88,135.95,221.2,180.33
2929404,301.47,271.05,321.6,293.28
2929503,395,410.63,462.4,416.11
2929602,262.65,262.42,298.4,270.33
2929701,193.88,156.79,225.3,185.39
2929750,402.65,429.42,445.9,423.11
2929800,274.76,212.89,244.7,242.67
2929909,221.82,176.68,246.5,208.54
2930006,219.82,191.05,258.3,216.3
2930105,242.71,189.95,233,218.8
2930154,268.35,224.42,318.1,261.02
2930204,205.76,214.16,276.6,224.63
2930303,292.47,251.47,332.1,284.15
2930402,197.71,153.42,235.9,187.72
2930501,199.29,151.84,216.7,183.48
2930600,251.82,177.47,237.2,217.93
2930709,466.35,513.74,519.2,497.41
2930758,266.76,239.63,321.3,267.41
2930766,161.59,145.79,204.2,164.33
2930774,187.35,182.42,226.1,193.74
2930808,200.29,160.74,244.2,193.5
2930907,320.59,322.89,354.6,328.93
2931004,190.94,156.21,246.4,188.65
2931053,217.12,204.89,281.1,225.98
2931103,207.94,172.84,237.1,199.78
2931202,437.59,448.79,501,456
2931301,238.65,165.47,227.3,205.96
2931350,298,311.95,341,313.11
2931400,265.59,244.95,324.4,269.85
2931509,197.35,147.05,195.9,176.26
2931608,392.35,385.05,457,403.39
2931707,305.06,330.89,375.2,330.98
2931806,182.41,181.16,277,202.46
2931905,174,147.58,192.3,167.07
2932002,195.29,169.32,189.1,183.22
2932101,290.94,266.21,337.5,290.85
2932200,328.59,345.21,427.3,356.91
2932309,323.41,334.32,387.8,341.91
2932408,221.12,187.79,268.7,217.7
2932457,178.59,154.84,210.2,175.65
2932507,398.53,415.53,483.4,424
2932606,211.59,183.58,252.4,208.89
2932705,388.94,407.84,438.1,407.43
2932804,243.41,177.26,258.4,219.35
2932903,447.29,452.74,504.6,462
2933000,176.29,136.26,199,164.7
2933059,209,149.58,216,185.98
2933109,268.12,187.16,233.8,227.22
2933158,188.88,147.58,192.9,172.7
2933174,322.65,293.32,324.2,310.87
2933208,512.47,515.16,532.3,517.89
2933257,295.06,311.47,325.9,308.54
2933307,196.47,173.58,282.8,205.78
2933406,251.47,179.05,272.8,226.2
2933455,321.65,327.47,358.2,332
2933505,307.12,299.68,377.6,319.37
2933604,192.35,194.95,263.1,208.8
3100104,489.47,396.79,437,439.78
3100203,392.76,354.11,382,374.46
3100302,311.47,323.21,347.1,324.07
3100401,362,378.84,389.4,374.91
3100500,340.35,271.42,368.4,317.98
3100609,294.18,256.37,341.7,288.89
3100708,537.76,393.89,400.1,448.41
3100807,421.71,393.63,410.2,407.61
3100906,275,271.21,327.4,284.83
3101003,190.35,182.95,291.3,209.24
3101102,259.18,231.84,303.6,257.54
3101201,464.82,433.21,461.6,451.07
3101300,582.47,599.53,623.8,598.5
3101409,512.12,470.84,431.1,477.46
3101508,311.29,328.63,333.8,323.35
3101607,441.59,389.79,394.1,409.87
3101631,434.29,427.42,455.4,436.04
3101706,249.35,233.32,297,253.09
3101805,291.18,251.84,308.9,278.78
3101904,460.82,372.68,370.6,404.8
3102001,467.65,391.84,399.8,421.59
3102050,378.41,412.95,431.9,404.3
3102100,413.35,413.26,456,422.59
3102209,294.59,268.37,347.1,295.17
3102308,374.06,382.21,397.3,382.48
3102407,386.41,336.32,408.6,370.54
3102506,319.47,327.16,376.4,335.02
3102605,519.71,480.21,443.7,486.87
3102704,198.71,187.42,291,214.11
3102803,442.94,393.42,418.3,417.13
3102852,282,254.26,332.4,281.5
3102902,436,449.11,469.1,448.61
3103009,359.12,336.58,372.3,352.67
3103108,398.71,416.68,396.3,405.61
3103207,384.82,318.79,370.9,354.52
3103306,456.76,485.42,511.7,480.54
3103405,197.76,186.21,236.4,201.39
3103504,511.12,449.32,460.8,474.65
3103603,482.35,473.42,495.3,481.48
3103702,351.06,371,391.4,368.07
3103751,485,451.21,401,452.78
3103801,476.41,429.42,482.9,458.41
3103900,377.41,339.26,374.4,361
3104007,533,459.95,477.2,490.7
3104106,483.82,438.63,417.1,450.65
3104205,410.76,370.47,381,387.65
3104304,464.59,401.05,410.8,426.65
3104403,309.29,347.79,377.5,340.02
3104452,284.47,279,348.8,296.2
3104502,405.41,324.21,401.7,371.07
3104601,356.41,378.11,432.1,381.83
3104700,290.71,311.37,369.2,316.3
3104809,293.76,290.26,343.9,303.22
3104908,455.24,438.58,443.6,445.83
3105004,363,312.79,365.3,342.76
3105103,464.53,383.63,420.9,421.63
3105202,245.35,238.21,301.3,254.57
3105301,510.82,409.32,454.3,456.61
3105400,392.12,366.53,390.3,381.15
3105509,380.24,405.95,384.6,391.8
3105608,429.35,413.74,434.4,424
3105707,353.82,345.79,386,357.5
3105905,422.24,405.11,418,414.24
3106002,365.29,332.95,379.3,354.98
3106101,396.65,398.79,422.9,403.24
3106200,471.35,451.05,447.6,457.8
3106309,339.82,302.63,369.3,330.87
3106408,376.59,330.05,357,353.11
3106507,199.06,180.89,260,204.8
3106606,291.24,291.37,322.1,298
3106655,193.06,172.16,281.1,203.57
3106705,436.12,412.53,406,419.83
3106804,448.24,472.26,466.3,462.09
3106903,397.47,392.47,458.1,408.59
3107000,425.82,394.95,459.5,420.39
3107109,414.94,384.37,392.7,397.48
3107208,659.12,690.11,698.7,680.52
3107307,290.35,269.21,310.2,285.93
3107406,395.82,335.32,381.3,367.67
3107505,507.47,544.74,543.6,530.72
3107604,492.65,395.58,400.5,432.52
3107703,359.76,330.79,357.6,347.33
3107802,319.59,312.21,378.6,329.37
3107901,444.06,423.47,389.5,423.7
3108008,423,400.37,408.4,410.48
3108107,390.47,360.95,380.3,376.07
3108206,388.65,326.21,373,359.46
3108255,330.18,287.37,423.2,332.72
3108305,475.12,450.05,409.6,450.52
3108404,490,420.63,457.7,454.33
3108503,267.59,249.53,302,267.61
3108552,362.53,293.37,340.1,329.09
3108602,291.53,280.58,315.8,292.28
3108701,365.18,367.16,394.2,372.3
3108800,329.12,275.05,374.9,316.74
3108909,407.94,376.89,378.7,388.76
3109006,428.06,414.84,423.5,421.61
3109105,504.82,449.95,412,461.98
3109204,323.06,297.68,350.3,318.5
3109253,335.82,306.47,365.8,330.22
3109303,508.47,404.11,472.8,457.61
3109402,323.94,261.47,325.8,298.54
3109451,467.41,382.53,414.2,420.78
3109501,481.82,411.05,421.1,439.39
3109600,387.65,339.79,359.1,361.67
3109709,410.82,387.58,375.6,393.57
3109808,504,463.68,385.9,461.67
3109907,378.53,334.26,361.7,356.59
3110004,369.71,342.95,371.5,359.04
3110103,370.24,413.58,387.1,391.8
3110202,326,341.58,375,343.09
3110301,522.71,421.26,445.2,463.96
3110400,407.29,391.53,392.1,397.48
3110509,530.06,476.37,452.4,491
3110608,431.29,406.95,390.9,412.46
3110707,395.94,411.84,407.4,405
3110806,279.24,239.37,306,268.59
3110905,414.24,395,391.4,401.33
3111002,505.41,405.42,448.8,451.8
3111101,480.29,453.32,426.7,457.5
3111150,287.35,262.79,313.9,282.98
3111200,412.06,391.63,414,404.04
3111309,428.47,380.68,397.3,401.96
3111408,589.71,472.84,454,511.93
3111507,551.29,425.63,502.4,488.76
3111606,424.47,382.05,407.3,403.22
3111705,333.29,343.79,404.6,353.13
3111804,496.59,442.74,393.7,451.98
3111903,413.76,395.84,424,408.59
3112000,412.76,397.74,408.4,405.61
3112059,325.71,272.95,367.6,313.02
3112109,382.59,426.84,407.1,406.2
3112208,426.35,417.53,454.8,428.89
3112307,274.06,254.32,322,276.33
3112406,509.29,468.95,416,472.35
3112505,369.29,336.21,351,351.65
3112604,516.94,463.53,391.2,467.54
3112653,258.65,242.89,267.8,254.13
3112703,259.94,237.26,293.3,257.83
3112802,463.88,405.32,397.2,425.2
3112901,302.94,318.32,330.2,315.22
3113008,246.53,248.42,310.6,261.24
3113107,405.12,369.53,396,388.43
3113206,416.71,407.42,437.2,417.33
3113305,372.53,415.53,403.7,397.07
3113404,306,293,349.8,310.15
3113503,267.41,250.26,304.7,268.43
3113602,442.35,403.37,386,414
3113701,263.53,286.79,306.1,282.39
3113800,366.71,310.74,389.1,348.46
3113909,393.53,386.42,385.8,388.91
3114006,402.06,375.21,366.4,383.22
3114105,458,416.26,441.9,437.26
3114204,402.76,362.79,361.6,377.3
3114303,458.82,420.89,466,444.72
3114402,447.47,385.05,376.9,406.35
3114501,415,377.53,379.4,391.78
3114550,424.47,412.16,375.6,408.76
3114600,420.71,362.58,399.2,392.02
3114709,468.12,404.95,412.1,429.85
3114808,537.47,537,580.2,546.57
3114907,405.59,354.26,394.5,381.98
3115003,529.76,437.11,460.9,476.52
3115102,486.29,445.42,410.9,453.02
3115201,420.88,409.68,406.6,413.15
3115300,392,421.95,446,416.11
3115359,420.82,397.58,420.7,411.2
3115409,391,375.84,385.3,383.5
3115458,268.24,264.74,335.6,281.43
3115474,216.12,188.63,257.6,213.78
3115508,443.59,418.84,434.9,431.48
3115607,457.53,430.84,484.3,452.33
3115706,246.06,247.21,293.3,256.8
3115805,484.59,462.37,397,456.37
3115904,423.53,427.11,488.9,439.22
3116001,321.06,291.89,361.6,317.83
3116100,220.94,193.11,264.4,218.89
3116159,403.12,331,485.5,391.24
3116209,348,362.42,354.5,355.37
3116308,413.29,410.32,440.7,418.02
3116407,575.24,495.79,455.1,516.3
3116506,312.18,283.68,299.5,297.65
3116605,392.71,360.16,353.9,370.83
3116704,358.24,377.89,404.8,376.48
3116803,312.76,271.47,359.7,305.91
3116902,539.59,478.53,450,494.89
3117009,188.12,186.95,253.7,201.89
3117108,468.47,386.37,382.5,415.87
3117207,458.71,406.42,427.6,430.35
3117306,558.29,431.79,425.6,477.2
3117405,311.94,267.47,329.4,297.37
3117504,406.06,357.63,396.6,384
3117603,369.47,337.63,344.1,350.8
3117702,442,414.53,426.6,427.3
3117801,417.06,381.74,390.1,396.61
3117836,304.24,269.21,375.4,305.24
3117876,358.29,335.47,357.6,348.72
3117900,486.53,449.21,406.1,453.63
3118007,383.53,337,359.1,359
3118106,374.53,314.63,376.6,350.24
3118205,539.06,428.53,445.1,472.98
3118304,384.76,347.05,374.6,366.98
3118403,244.53,233.74,293.2,250.65
3118502,405.29,387.16,373.2,390.83
3118601,450.18,424.47,438.7,437.07
3118700,415.65,390.37,388.3,399.26
3118809,291.29,278.32,299.7,287.76
3118908,351.59,307.95,368.8,337.3
3119005,412.06,389.89,377.1,395.3
3119104,321.59,313.68,343.1,323
3119203,314.94,251.68,324.7,290.93
3119302,501.94,420.42,444.2,455.72
3119401,352.18,317.63,374.1,342.67
3119500,199.65,171.89,259.2,201.13
3119609,423.53,427.11,488.9,439.22
3119708,408.94,390.11,397.3,398.63
3119807,491.35,417.79,480.2,458.54
3119906,427.82,414.74,379.3,411.87
3119955,410.59,369.26,387.5,388.5
3120003,322.76,298.58,367.8,322.57
3120102,343,311.16,356.7,332.83
3120151,286.24,284.16,317,292.07
3120201,413.59,382.37,396.4,396.96
3120300,242.82,210.79,284.3,238.61
3120409,399.47,365.05,383.7,381.83
3120508,483.94,424.68,461.1,454.5
3120607,409.12,372.63,384.2,388.63
3120706,488.65,454.16,459.9,468.15
3120805,433.41,380.47,420.7,408.78
3120839,240.94,248.47,301.7,257.26
3120870,201.94,185.89,301,216.85
3120904,331.82,295.68,355.4,322.02
3121001,369.12,319.95,393.3,354.07
3121100,438.47,420.05,418.5,426.52
3121209,533.82,451.89,445.9,480.87
3121258,540.12,410.63,415.9,459.63
3121308,355.29,377.37,452.3,385.5
3121407,414.12,366.79,377.9,386.7
3121506,451,453.63,494.2,461.48
3121605,325.29,310.89,366.7,328.35
3121704,362,378.84,389.4,374.91
3121803,345.47,312.79,371.7,337.67
3121902,349.82,347.79,390.7,357.87
3122009,368.29,406.95,391.1,389.22
3122108,233,237.11,256.8,239.87
3122207,339.59,281.95,368.6,322.09
3122306,398.47,365.74,370.8,378.93
3122355,188.65,183.11,275.1,205.15
3122405,487.35,396.63,424.7,436.26
3122454,204.06,217.58,279.6,226.07
3122470,416.12,334.89,363.9,371.22
3122504,306.94,263.95,334.9,295.26
3122603,385.59,332,396,365.72
3122702,341.18,331.42,359.6,341.15
3122801,473.65,414.05,446.4,443.11
3122900,356.41,378.11,432.1,381.83
3123007,422.24,405.11,418,414.24
3123106,342.29,302.42,376,333.15
3123205,429,387.26,456.1,417.65
3123304,396.47,390.84,430.7,401.59
3123403,437.29,377.89,401.5,404.98
3123502,518.76,424.89,433,461.35
3123528,326.35,312.37,358.2,327.5
3123601,398.82,383.16,372.6,386.65
3123700,295.35,264.68,308.3,285.5
3123809,301.88,267.37,306.4,288.61
3123858,310.53,288.68,342.3,308.41
3123908,386.06,343,379.3,366.8
3124005,359.18,382.58,410.8,380.07
3124104,403.71,362.95,356.5,376.61
3124203,382.59,426.84,407.1,406.2
3124302,218.82,194.42,250.7,215.67
3124401,461,409.63,386.5,423.59
3124500,438.76,415.21,394,419.3
3124609,283.88,311.84,324.6,304.28
3124708,479.35,427.84,497,461.91
3124807,532.41,438.05,419.5,468.89
3124906,408.06,435.32,433.7,424.89
3125002,447.12,480.53,516.8,476.07
3125101,538.06,451.16,429.1,478.48
3125200,427.53,391.68,393.6,405.35
3125309,372.53,415.53,403.7,397.07
3125408,343.12,301.63,366.9,331.15
3125507,340.76,299.84,360.7,328.2
3125606,273,253.79,316.4,274.5
3125705,365.59,342.84,368,356.72
3125804,295.35,264.68,308.3,285.5
3125903,365.82,312.21,385.5,347.96
3125952,353.24,383.79,372.8,370.11
3126000,429.24,372.21,377.8,394.5
3126109,412.59,373.58,384.5,390.37
3126208,468.76,401.53,527.7,453.8
3126307,479,373.84,407.6,420.04
3126406,385.12,337.21,346.1,356.85
3126505,203.35,183.63,260.3,207.59
3126604,305.94,272.53,310.6,293.15
3126703,278.41,241.79,288.6,265.5
3126752,285.18,259.58,332.6,284.91
3126802,277.76,285.21,340.6,294.5
3126901,275.18,232.63,301.7,263.37
3126950,305.88,268,353.6,300.61
3127008,501.24,434.11,393,449.98
3127057,275.76,264.58,307.7,278.09
3127073,237.29,207.58,307.5,240.28
3127107,523.06,432.11,399.1,458.54
3127206,344.82,321,346.2,335.28
3127305,240.59,237.89,259.2,243.52
3127339,219.24,196.37,254.7,217.5
3127354,286,270.95,310.4,285.09
3127370,231.53,237.32,278.9,244.22
3127388,409.47,425.21,474.7,430.15
3127404,440.88,406.68,406.2,419.22
3127503,344.47,281.26,373.1,324.59
3127602,343.53,308.89,380.8,337.33
3127701,283.18,248.63,289.5,270.28
3127800,267.94,239.63,293,261.7
3127909,516.24,430.84,438.4,464.04
3128006,338.06,275.37,363.8,317.76
3128105,441.35,380.16,385.1,403.85
3128204,339.88,347.79,376.7,351.15
3128253,284.65,265.05,309.9,282.04
3128303,507.65,437.26,442.5,464.41
3128402,371.47,392.58,455.8,398.52
3128501,379.53,369,435.3,387.3
3128600,467.29,395.32,449.3,433.65
3128709,497.53,420.21,435,452
3128808,377.24,409.74,442,404.74
3128907,495.65,460.53,466,474.7
3129004,374.82,402.84,448.6,402.43
3129103,494.59,420.74,421.6,448.22
3129202,435.47,407,394.5,414.8
3129301,323.65,297.11,354.9,319.48
3129400,439.94,419.21,427.2,428.61
3129509,523.29,429.37,450.4,468.65
3129608,296.41,270,300.2,286.33
3129657,278.88,228.84,298,262.37
3129707,565.59,483.26,452.3,506.96
3129806,451.29,431.16,437.1,439.89
3129905,528.41,474.26,446.3,488.2
3130002,424.94,392.11,406.5,407.37
3130051,308.18,254.95,321.8,289.15
3130101,415.88,374.89,375.8,390.24
3130200,393.71,359.53,363.6,373.04
3130309,431.71,379.32,403.7,403.98
3130408,416,388.63,400.7,401.37
3130507,433.24,375.37,377.1,397.13
3130556,319.41,302.26,347,318.33
3130606,470.65,447.47,403.9,446.57
3130655,216.24,167.74,281.9,210.48
3130705,519.71,438.89,402.5,460.85
3130804,420.71,388.79,395.6,402.07
3130903,300.71,272.63,335.2,296.61
3131000,379.47,334.68,359.7,356.67
3131109,319.76,297.37,349.5,316.98
3131158,338.94,301.95,365.1,329.35
3131208,317.71,297.79,332.4,312.67
3131307,352.18,317.63,374.1,342.67
3131406,522.71,466.37,430,479.28
3131505,509,433.63,436.6,462.13
3131604,512,427.32,418.6,456.72
3131703,363.24,336.21,379.7,355.65
3131802,255.71,271.42,307.8,273.52
3131901,436.88,412.32,429.8,425.2
3132008,276.59,256.79,316.6,277.11
3132107,267.88,231.74,317.5,263.74
3132206,411.24,359.95,362.7,379.5
3132305,272.35,273.47,332.3,285.85
3132404,428.65,377.37,397.9,400.78
3132503,290.12,280.21,329.4,294.57
3132602,358.12,385.63,453.2,390.15
3132701,282.94,243.89,327,276.39
3132800,385.82,358.89,416,381.26
3132909,533.18,449.32,450.5,480.57
3133006,582.29,608.53,602.7,597.57
3133105,453.76,411.32,434,431.93
3133204,263.65,243.89,284.4,260
3133303,196.88,179.95,238.4,198.91
3133402,495.53,459.42,423.7,465
3133501,405.88,390.32,378.7,393.54
3133600,520.18,442.26,405.6,463.09
3133709,432.53,385.53,367.9,399.07
3133758,471.88,387.95,395.4,420.59
3133808,436.82,379.11,384.1,401.52
3133907,400.47,381.84,395,391.59
3134004,197.94,175.84,224.9,194.67
3134103,235.06,216.05,305.9,242.61
3134202,499.18,413.26,409.4,444.17
3134301,418.35,384.26,406.4,401.67
3134400,438.35,436.26,373.6,423.41
3134509,414.94,366.89,400.6,391.98
3134608,367.24,321.63,372.4,349.52
3134707,252.06,227.95,292,250.78
3134806,483.24,391.58,417.5,431.09
3134905,515.29,454.47,428,471.2
3135001,357.18,327.37,375.2,348.78
3135050,227.82,219.37,259.6,231.24
3135076,263.94,227.32,284.5,253.28
3135100,211.71,205.16,261.3,219.78
3135209,313.88,267.79,385.5,310.41
3135308,413.65,369.11,383.4,388.67
3135357,272.71,267.74,288.9,274.17
3135407,389.12,325.63,350.7,354.54
3135456,208.65,195,260.1,214.2
3135506,316.06,318,341.8,322.46
3135605,304.35,271.21,304.6,290.72
3135704,359.82,313.26,359.9,340.61
3135803,247.76,236.58,303.9,255.35
3135902,441.76,414.84,433.8,428.91
3136009,251.18,244.32,297.9,258.5
3136108,346,278.84,380.7,325.8
3136207,379.88,354.53,394.3,372.54
3136306,411.53,357.21,394.7,385.43
3136405,311,286.05,316.8,301.96
3136504,243.59,233.32,293,250.09
3136520,226.53,196.21,272.3,223.96
3136553,315.76,267.95,373.1,308.48
3136579,216.06,187.05,270.9,216
3136603,353.59,302.63,360.5,334.04
3136652,417.59,367.21,366,385.57
3136702,430.35,433.63,494.6,445.67
3136801,282.53,266.58,312.7,282.5
3136900,493.24,413.53,408.8,441.96
3136959,282.71,216.05,299,258.72
3137007,306.06,272.37,351.1,301.93
3137106,514.12,413.32,465.3,461.87
3137205,411.88,370.95,391.1,390.46
3137304,290.53,257.58,291.5,277.13
3137403,409.82,368.89,393.5,389.37
3137502,451.06,409.89,452.5,434.37
3137536,457,379.68,434.7,420.22
3137601,343.59,311.42,347.1,331.07
3137700,355.06,350.95,392,361.39
3137809,442,408.63,426.4,424.83
3137908,390.24,383.32,382.8,385.76
3138005,371.82,408.05,402.7,393.5
3138104,320.06,298.21,329,312.98
3138203,424.29,385.58,401.6,403.37
3138302,385.35,336.21,351.1,357.61
3138351,230.71,203.63,276.1,229.39
3138401,334.53,375.79,414.3,368.91
3138500,552.94,558.21,555.4,555.65
3138609,500.47,496.53,506.4,500.13
3138625,425.47,418.74,384.5,413.78
3138658,274.88,237.11,290.5,262.67
3138674,347.65,377.32,342.9,358.87
3138682,294.41,274.58,319.3,291.63
3138708,407.53,379.95,393.2,393.02
3138807,422.18,376.84,413.4,401.54
3138906,283.24,290.74,312,292.59
3139003,460.88,395.84,428.7,427.02
3139102,420.65,390.05,421.6,408.22
3139201,283.94,260.05,334.3,285.02
3139250,214.76,195.11,258.2,216.09
3139300,266.94,220.26,300,254.85
3139409,307.94,323.47,330.9,319.35
3139508,354,376.47,379,368.72
3139607,262,285.89,314.2,283.22
3139706,393.47,341.74,341.3,360.76
3139805,371.65,372.26,389.3,375.74
3139904,463.82,396.89,423.6,427.43
3140001,411.65,399.42,421.8,408.8
3140100,295.35,242.42,310,276.67
3140159,410.59,399.74,409.6,405.89
3140209,355.71,379.05,428.2,381.11
3140308,360.24,327.37,377.1,350.33
3140407,468.71,419.32,426.2,439.07
3140506,368.06,324.63,363,349.02
3140530,335.24,328.63,372.1,340.52
3140555,218.18,225.05,302.3,239.3
3140605,345.53,304.68,396.7,339.78
3140704,424.12,381.58,360,392.61
3140803,405.94,412.11,452.6,418.63
3140852,238,212.63,265.7,233.54
3140902,315.29,325.21,345.4,325.93
3141009,215.88,180.68,260.4,211.02
3141108,361,328.74,357.2,346.85
3141207,496.88,441.95,513.1,477.72
3141306,537.12,412.37,458.5,468.5
3141405,186.24,187.89,250.8,200.96
3141504,243.53,246,294.7,255.67
3141603,415.88,428.74,470.7,433.11
3141702,334.88,286.11,379,324.33
3141801,241.18,216.47,279.8,239.37
3141900,429.94,372.95,398.2,399.5
3142007,273.94,285.84,312,287.13
3142106,391.76,412.95,438.3,410.63
3142205,404.41,435.05,455,428.07
3142254,283.76,233.11,332.2,273.37
3142304,416.76,386.68,410.4,402.96
3142403,419.53,362.05,401.5,391.87
3142502,318.82,309.26,357,323.17
3142601,418,395.11,391.3,402.74
3142700,297.35,235.53,337.2,280.48
3142809,491.82,464.37,413.1,463.37
3142908,216.47,191.63,260.6,215.8
3143005,498.18,419.53,420.4,448.78
3143104,488.82,422.84,421.1,446.85
3143153,230.88,227.37,279.8,240.07
3143203,512.65,444.68,449.6,470.87
3143302,262.82,266.47,286,269.37
3143401,520.41,452.89,414,469.39
3143450,215.82,192.05,295.1,223.24
3143500,404.12,388.53,436.4,404.7
3143609,323.12,299,350.4,319.09
3143708,401.53,359.42,399.9,383.78
3143807,520.12,449,402.1,465.09
3143906,414.88,445.84,445.4,434.3
3144003,289.82,264,324.3,286.65
3144102,498.12,414.79,421.8,447.11
3144201,306.94,242.16,332.3,285.7
3144300,251,272.58,278.6,265.91
3144359,323.94,294.89,355.2,318.74
3144375,453.65,359.32,392.1,401.3
3144409,453,403.95,408.8,423.13
3144508,415.18,362.32,394.3,388.8
3144607,416,393.74,408.7,405.22
3144656,177.18,183.32,288,203.8
3144672,262.41,280.16,316.8,281.57
3144706,358.41,327.84,378.8,350.22
3144805,468.88,456.58,456,461
3144904,252.41,243.21,282.2,255.09
3145000,528.06,430.16,420.4,464.22
3145059,214.65,181.47,255.1,209.74
3145109,491.59,393.11,390.4,428.91
3145208,373.24,339.42,349.1,354.02
3145307,246.47,226.11,299,249.48
3145356,266.35,274.58,327.1,282.96
3145372,230.24,201.42,306.5,234.91
3145406,532.65,543.58,526.2,535.76
3145455,279.18,264.47,312.4,280.33
3145505,441.76,414.84,433.8,428.91
3145604,403.12,380.63,370.2,386.67
3145703,445.88,476.05,504.8,471.15
3145802,401,360.89,354.9,374.41
3145851,318.65,315.42,352.2,324.61
3145877,334.53,369.37,366.4,355.85
3145901,398.18,372,384.6,384.41
3146008,509.94,462.84,430.8,473.28
3146107,388.71,354.11,386.9,374.02
3146206,285.82,303.95,358.3,309.07
3146255,231.76,203.05,306.7,236.2
3146305,215.59,209.11,267.9,224.28
3146404,413.71,370.84,433.5,400.3
3146503,410.53,367.89,376.8,385.59
3146552,211,187.47,241.8,207.98
3146602,438.71,466.32,508.6,465.3
3146701,345.06,353.79,367.2,353.48
3146750,293.24,276.79,333.2,295.13
3146909,378.88,335.05,371.5,359.17
3147006,436.06,368.95,449.4,411.24
3147105,408.35,360.16,360.5,378.04
3147204,428.29,390,402.4,406.85
3147303,394.88,371.26,373.2,380.41
3147402,365.35,323.42,360.1,346.89
3147501,370.47,339,399.6,363.8
3147600,447.94,411.63,409.9,424.67
3147709,422.94,374.84,396.1,397.24
3147808,611.06,656.89,644.8,637.33
3147907,483.71,384.21,394.9,423.3
3147956,271.24,268.68,307.5,278.07
3148004,492.76,427.89,480.9,463.39
3148103,502.88,466.58,462.4,479.09
3148202,406.53,434.53,421.1,421.26
3148301,335.47,344.68,385.7,350.2
3148400,328,276.05,378.7,317.57
3148509,279.76,287.47,320,291.7
3148608,332.24,267.42,366.6,312.93
3148707,211.47,197.32,287.9,222.24
3148756,332.18,353.21,381.4,351.57
3148806,319.18,331.74,372.2,335.89
3148905,412.59,381.05,382,392.91
3149002,371,414.05,392.7,393.5
3149101,456.59,404.89,432.6,430.02
3149150,265.47,232.11,290.7,257.17
3149200,524,429.42,407.4,459.59
3149309,384.65,360.53,384.5,374.65
3149408,471.24,494.26,503.2,487.7
3149507,371.47,374.68,407.1,380.54
3149606,399.06,339.37,341.3,361.85
3149705,373.18,348.26,370.4,362.28
3149804,530.06,468.58,465.4,490.61
3149903,417.82,394.58,418.2,408.3
3149952,311.88,277.95,343.4,304.72
3150000,247.35,243.47,278.5,252.52
3150109,439.24,480.42,510.9,471.83
3150158,311.35,296.58,348.5,313.33
3150208,324.94,308.58,342.1,321.91
3150307,430.35,408.63,425.6,420.35
3150406,406.65,354.63,368.4,376.85
3150505,406.65,362.63,373.3,381.22
3150539,337.41,314.74,388.4,339.13
3150570,297.53,255.89,321.8,285.61
3150604,414.71,371.37,381.1,389.5
3150703,581.59,448.37,423.8,492.26
3150802,357.76,361.42,376.6,363.37
3150901,484.76,429.58,443.1,452.91
3151008,444,393.26,403.5,414.24
3151107,299.71,312.05,311.7,307.41
3151206,311.47,275.53,322.5,299.02
3151305,369.47,390.68,458.3,397.54
3151404,384.18,333.84,337.2,353.17
3151503,475.06,412.42,415.9,436.33
3151602,542.35,433.89,400.8,466.78
3151701,484.41,420.26,428.2,445.7
3151800,511.76,455.79,489.7,483.85
3151909,303.76,273.53,354.5,302.3
3152006,361.71,334,367.1,351.43
3152105,343.41,345.11,383,352.72
3152131,297.29,263,309.7,285.83
3152170,207.71,200.42,256.2,215.24
3152204,215.71,180.84,260.2,210.98
3152303,322.47,336.21,377.8,340.17
3152402,295.94,273.16,339,295.89
3152501,433.94,418.47,391.5,418.33
3152600,451.88,420.05,434.1,434.87
3152709,417.24,398.63,412.8,408.59
3152808,549.24,480.79,469.8,503.7
3152907,467.71,410.58,398.1,428.98
3153004,547.82,432.26,472.5,483.72
3153103,351.76,352.05,379.7,357.96
3153202,331.76,291.84,356.6,320.67
3153301,377.53,326.11,393,359.65
3153400,503.18,421.79,495.8,467.96
3153509,366.41,385.79,387.4,378.98
3153608,367.47,334.05,356,351.17
3153707,460.06,409.95,477.7,443.2
3153806,395.82,353.84,366.2,372.04
3153905,410.82,418.26,410.6,413.85
3154002,310.76,314.95,350.3,321.09
3154101,325.12,343.42,352.5,338.63
3154150,340.29,325.74,362.5,339.11
3154200,406,386.95,396.3,396.02
3154309,237.47,237.21,315,254.22
3154408,442.53,432.11,470.8,444.37
3154457,355.06,283.26,382.9,331.46
3154507,238,217.21,290.2,240.76
3154606,404.35,378.26,394.9,391.52
3154705,424.59,399.26,408.1,410.54
3154804,423.41,395.05,415.3,409.93
3154903,324,318.21,348,326.83
3155009,345.59,341.32,377.4,350.74
3155108,279,247.84,314.9,273.93
3155207,410.24,401.95,418.8,408.67
3155306,414.59,384.26,368.2,391.98
3155405,396,410.74,475.6,419.39
3155504,507.12,429.47,495,472.41
3155603,232.06,186.37,272.1,221.89
3155702,377.18,350.11,389,368.57
3155801,385.94,394.68,455.4,404.65
3155900,488.76,507.32,493.7,497.5
3156007,321.82,285.63,364.4,316.13
3156106,404.12,408.21,406.9,406.41
3156205,379.41,384.58,447.6,396.37
3156304,358.59,382.74,438,385.83
3156403,500.59,411.79,408.4,443.87
3156452,386.24,420.79,438.8,411.93
3156502,218.06,205.16,294.5,229.35
3156601,260.65,225.21,298.8,254.3
3156700,402.53,384.32,389.9,392.26
3156809,346.65,294.42,383,332.98
3156908,582.94,468.79,467.4,510.67
3157005,218.94,210.26,291.5,231.13
3157104,260.53,237.58,282.2,255.76
3157203,420.82,397.58,420.7,411.2
3157252,304.41,308,345,314.72
3157278,446.41,470.42,458.6,458.98
3157302,445.24,469.58,500.7,467.35
3157336,426.29,433.05,415.4,426.72
3157377,198.12,185.89,277.2,210.26
3157401,338.41,324.79,356.6,336.74
3157500,342.88,281.74,367.1,322.89
3157609,329.47,274,335.4,307.85
3157658,288.59,289.32,322.6,296.28
3157708,530.53,447.05,434.2,475.11
3157807,381.29,349.68,382.7,368.54
3157906,326.94,363.16,361.9,349.5
3158003,358.41,326.84,395.9,353.52
3158102,273.35,231.79,306.3,263.35
3158201,312.12,251.63,357.6,297.02
3158300,417.88,390.32,388.5,400.11
3158409,398.06,435.05,459.1,426.61
3158508,341.47,299.42,343.2,324.48
3158607,330.35,347.47,369.2,345.87
3158706,461.65,444.05,454.6,452.85
3158805,416.24,403.79,414.1,410.63
3158904,316.65,296.05,340.5,313.33
3158953,357.82,329.37,375.6,349.93
3159001,394.53,342.26,388.6,371.65
3159100,405.06,376.21,394.3,390.8
3159209,515.82,432.11,430.6,462.72
3159308,545.76,565,543.4,553.2
3159357,309.47,294.47,348.9,311.85
3159407,455.35,450.89,452.6,452.91
3159506,256.65,227.16,321.6,258.59
3159605,415.41,399.68,390.8,403.57
3159704,536,433.16,512.7,488.46
3159803,457.94,413.89,430.7,433.83
3159902,419.88,406.42,416.7,413.63
3160009,304.29,320.68,342.4,319.35
3160108,320.53,318.42,334.3,322.65
3160207,358.88,324.47,388.6,351.13
3160306,285.53,239.42,310,271.8
3160405,404.41,373.89,386.7,387.96
3160454,228.94,190.21,277.9,223.59
3160504,385.76,354.63,397,375.35
3160603,304,288.21,351.5,307.8
3160702,448.18,495.05,508.7,480.7
3160801,391.47,393.74,386.5,391.33
3160900,385.82,333.21,361,358.7
3160959,311.94,289.37,340.4,308.8
3161007,360,332.16,361.7,348.87
3161056,235.82,241.89,283.2,248.63
3161106,286.82,266.79,326.6,287.2
3161205,410.53,392.37,400.3,400.8
3161304,470.06,457.05,418.7,453.52
3161403,367.47,412.42,398.1,392.7
3161502,361.59,375.95,429.6,382.3
3161601,332.12,272.53,346.9,310.72
3161650,232.59,238.47,263.1,241.65
3161700,408.18,377,429.2,399.87
3161809,389.71,357.42,340.7,365.72
3161908,384.35,360.68,375.9,372.74
3162005,417.59,396.16,388.8,402.48
3162104,501.41,447.21,517.2,482.46
3162203,493.88,428.63,413.2,449.39
3162252,302.88,286.11,312.3,298
3162302,484.18,419.79,425.5,444.83
3162401,259.71,236,292.9,257.13
3162450,261.71,227.11,318.4,259.74
3162500,428.12,429.11,412.3,425.09
3162559,312,321.79,343.8,322.96
3162575,243.65,258.21,293.6,260.52
3162609,308.71,278.84,339.8,303.13
3162658,308.71,277.37,317.8,297.74
3162708,192.71,167,279.6,200.98
3162807,320,262.37,362.3,305.39
3162906,363.88,383.21,435.5,387.43
3162922,409.82,375.84,381.2,389.57
3162948,471.71,388.47,388,419.13
3162955,358.29,335.47,357.6,348.72
3163003,294.41,243.84,328.8,281
3163102,394.06,340.32,342.8,360.72
3163201,444,393.26,403.5,414.24
3163300,248.35,274.84,314.4,273.65
3163409,331.59,312,367.2,331.24
3163508,310.94,263.11,361.8,302.24
3163607,319.53,304.68,353.8,320.85
3163706,452.82,409.26,424.7,428.72
3163805,326,341.58,375,343.09
3163904,497.71,408.21,407,441.02
3164001,328.12,320.11,360,331.74
3164100,317.35,265.58,373.8,308.24
3164209,316.76,265.68,331.2,298.8
3164308,551,466.68,476.5,499.98
3164407,435.82,414.74,377.4,414.41
3164431,400.06,421.26,450.1,419.7
3164472,308,284.79,343.1,306.04
3164506,292.53,264.32,351.7,293.74
3164605,393.12,366.89,361.2,375.35
3164704,514.65,451.63,438.8,472.13
3164803,382.65,358.21,414.5,379.48
3164902,454,401.32,429.7,426.96
3165008,414.41,391.84,408.7,403.85
3165107,528.71,474.11,430.4,484.78
3165206,443.06,406.68,427.4,424.63
3165305,443.24,383.79,418.2,413.24
3165404,475.12,460.68,420.8,457.35
3165503,344,271.58,368.9,319.5
3165537,410.59,399.74,409.6,405.89
3165552,274.41,253.05,328.4,277.33
3165560,351.35,327.11,361.2,343.48
3165578,486.59,442.47,395.9,448.65
3165602,335.76,361.95,379.2,356.02
3165701,362.65,359.16,396.3,368.52
3165800,482.47,452.79,410.9,454.65
3165909,298.88,283.16,334.3,300.09
3166006,389.59,394.11,418.2,397.67
3166105,362.18,294.58,377.3,337.54
3166204,444.53,434.47,477.6,447.57
3166303,327.76,345,376.2,345.41
3166402,478.41,441.89,503.2,468.72
3166501,356.94,320.95,388.7,348.98
3166600,476.53,420.42,489.1,456.09
3166709,251.41,270.84,281,265.87
3166808,491.47,442.79,457.2,463.91
3166907,472.76,401.63,428.1,433.67
3166956,228.24,178.37,276.9,218.22
3167004,466.41,403.68,440.1,434.78
3167103,382.65,332.37,402.1,366.11
3167202,381.29,329.11,361.3,355.39
3167301,412.71,415.05,459.5,423.85
3167400,445.47,411.95,386,418.7
3167509,334.47,349.79,376.6,349.96
3167608,312.59,305.74,335,314.63
3167707,306.41,286.68,331.5,303.72
3167806,442.24,417.32,435.8,430.54
3167905,411.29,419.42,477.8,429.11
3168002,211.71,183.26,292.2,217.46
3168051,320.35,302,336.1,316.2
3168101,564.76,479.68,495.6,514.59
3168200,542,410.58,465.7,471.13
3168309,352.53,311.11,348.6,334.57
3168408,302.06,268.37,322.9,292.67
3168507,323.18,335.42,376.9,339.91
3168606,296.06,308,358.2,314.5
3168705,358.18,320.68,365.9,344.37
3168804,408.41,411.74,398.3,407.59
3168903,434.41,407.63,465,430
3169000,376.59,385.16,462.5,398.8
3169059,456.59,426.89,397.8,431.54
3169109,527.71,458.11,411.6,473.72
3169208,365.29,407.47,394.4,389.04
3169307,386.29,398.68,405.3,395.54
3169356,367.94,347.05,351.1,355.65
3169406,412.94,391.84,401,401.63
3169505,253.82,238.84,265.3,250.13
3169604,489.59,453.37,428.3,461.3
3169703,258.47,238.37,306.3,260.57
3169802,475.47,414.16,425.2,439.22
3169901,373.06,386.26,453.2,395.93
3170008,302.29,255.68,313.5,285.48
3170057,310.65,289.58,343.1,309
3170107,565.53,454.58,456.1,495.91
3170206,528.88,454.89,451.3,481.46
3170305,276.71,288.63,291.7,284.89
3170404,484.82,388.84,419.3,430.93
3170438,440.76,422.58,397.3,423.8
3170479,422.94,348.53,400.1,387.24
3170503,331.12,324.21,348.8,332.11
3170529,317.53,270.26,331.8,301.11
3170578,326.29,313.74,384.9,333.85
3170602,500.18,419.58,423.6,450.24
3170651,209.65,178.21,283.5,212.72
3170701,393.94,390.32,373.9,388.09
3170750,440.41,409.58,457.4,431.37
3170800,320.82,280.63,318.3,303.67
3170909,254.18,229.37,283.4,250.28
3171006,507.35,394.95,449.7,448.39
3171030,235.18,219.68,264,235.04
3171071,253.76,238.74,300.9,257.8
3171105,589.41,474.11,469.1,515.63
3171154,304.53,306.74,339.6,313.07
3171204,399.18,374.89,395.3,388.3
3171303,322.06,334.37,375.5,338.76
3171402,403.53,427.21,430.4,419.15
3171501,287.41,231.95,292.9,265.7
3171600,202.24,170.74,268.4,203.61
3171709,481.53,418.37,440.9,446.61
3171808,336.24,279.37,368,319.65
3171907,314.82,238.84,340.8,289.09
3172004,358.06,384.63,436.1,386
3172103,286.82,309.63,322,303.89
3172202,466.41,420.84,436.5,441.09
3200102,314.12,313.11,356.5,322.91
3200136,281.88,297.84,330,298.93
3200169,292.82,306.63,348.2,310.57
3200201,389.18,400.26,419.3,400.3
3200300,435.41,487.21,507.6,472.5
3200359,263.24,284.89,336.4,288.09
3200409,326.29,360.95,390.5,354.57
3200508,367.88,354,368.8,362.35
3200607,297.35,311.68,359.6,316.8
3200706,338,332.37,340,336.11
3200805,229.71,211.26,284.3,233.96
3200904,304.76,309.58,346.5,315.83
3201001,263.12,271.89,301.1,275
3201100,363.12,357.53,357.4,359.57
3201159,360.35,373.47,402.6,374.96
3201209,368.24,374.16,390,375.41
3201308,310.47,373.68,366.9,348.85
3201407,403.18,438.95,448.1,427.72
3201506,261.47,254.47,323.4,272.04
3201605,256.59,272.26,325.6,278.07
3201704,400,438.16,432.2,422.76
3201803,401.35,446.16,450.3,430.5
3201902,356.29,407.16,429.1,393.13
3202009,385.59,426.26,416.3,409.07
3202108,305.65,306.37,363.4,318.5
3202207,332.94,374.95,429,371.17
3202256,281,289.11,346.7,298.63
3202306,397.41,435,429.8,419.98
3202405,296.53,363.37,366.1,339.26
3202454,363.29,364.16,404.9,372.7
3202504,341.82,367.42,429.7,371.5
3202553,387.29,401.11,454.1,407.52
3202603,405.24,433.05,456.5,427.87
3202652,384.18,387.58,446.6,399.15
3202702,276.94,257.63,306.9,275.48
3202801,291.76,326.63,340,316.65
3202900,289.65,286.05,322.7,295.35
3203007,384.18,387.58,446.6,399.15
3203056,270.53,283,319.2,286.26
3203106,375.47,402.32,405.9,393.17
3203130,321.18,344.63,399.2,347.83
3203163,271.65,269.68,310.1,279.2
3203205,294.06,310.63,348.2,312.67
3203304,238.59,256.58,286.8,256.5
3203320,281.71,303.16,319.8,298.85
3203346,377.71,432,463.5,418.78
3203353,272.59,277.05,344.4,290.04
3203403,363.82,368.11,368.7,366.65
3203502,249.18,271.89,282.8,265.87
3203601,265.41,274.42,299.2,276.48
3203700,385.53,396.84,433.9,400.72
3203809,372.94,382.21,389.3,380.33
3203908,294.82,280.58,316.5,293.65
3204005,269.12,286.21,345.4,292.76
3204054,251.18,274.37,292.4,269.72
3204104,261.35,271,297.2,273.13
3204203,305.76,331.53,360,328.2
3204252,282.29,286.21,310.3,290
3204302,310.29,312.79,330.6,315.74
3204351,289.35,290.58,345.9,302.15
3204401,357.24,379.05,388.3,373
3204500,325.41,369,396.7,358.91
3204559,309.06,297,345.3,311.96
3204609,324.65,336.63,366.2,338.63
3204658,287.24,299.16,348.5,305.48
3204708,295.24,291.68,330.8,301.5
3204807,366.35,388.21,387.2,379.91
3204906,265.12,279.53,324.2,283.91
3204955,295.12,302.68,337,307.35
3205002,317.53,377.95,394.1,359.13
3205010,283.12,284.21,328.4,293.41
3205036,425.65,440.74,445.3,436.15
3205069,377.18,415.11,422.6,402.72
3205101,321.18,388.26,396.2,365.2
3205150,293.06,281.79,316.9,293.59
3205176,287,294,334.6,300.24
3205200,284.06,359.53,350,329.57
3205309,335.59,345.05,391.4,351.63
3300100,690.76,784.16,646.8,719.78
3300159,293.82,309.74,280.7,297.54
3300209,549.82,568.79,583.7,565.02
3300225,331.18,356.89,319.9,339.35
3300233,491.41,499.89,541.9,505.89
3300258,525.12,533.79,539.7,531.87
3300308,447,470.11,441.1,455.26
3300407,472.47,452.68,453.4,460.15
3300456,453.76,424.16,397.6,429.33
3300506,417.71,412.58,459.4,424.65
3300605,356.18,351.47,329.9,348.52
3300704,508.29,506.42,563.1,519.43
3300803,644.53,729.16,665,683.93
3300902,284.71,304.42,250.7,285.46
3300936,348.94,367.26,386.6,364.7
3300951,315.53,324.79,339.8,324.63
3301009,230.35,258.05,252.6,246.63
3301108,294.94,320.21,323.7,311.63
3301157,246.59,270.05,249.4,256.89
3301207,291.65,305.95,325.2,304.85
3301306,599.47,611.21,666.9,618.98
3301405,403.59,413.53,437.2,415
3301504,339.18,319.37,355.2,334.48
3301603,342.06,334.05,352.3,340.98
3301702,534.59,459.68,493.2,494.65
3301801,401.35,386.84,360.1,386.39
3301850,668.71,659.89,702.2,672.35
3301876,525.12,533.79,539.7,531.87
3301900,529,510.53,443.2,502.72
3302007,487.06,422.05,428.8,447.54
3302056,283.18,292.79,251.3,280.22
3302106,292.47,311.16,283.1,298.15
3302205,338.94,338.58,321,334.89
3302254,554.71,557.42,559.6,556.89
3302270,395.41,340.74,365.4,366.3
3302304,374.18,385.74,351.4,374
3302403,426.12,432.16,456.7,435.26
3302452,352.53,337.79,352.5,346.43
3302502,605.59,510.11,574.4,559.37
3302601,549.76,522.05,528.2,533.63
3302700,470.82,438.21,396.5,441.2
3302809,413.24,397.74,361.3,395.54
3302858,450.94,405.47,394.4,419.87
3302908,500.71,447.74,472.1,472.61
3303005,351.24,365.42,355.4,358
3303104,373.24,393.89,381.8,383.63
3303203,429.06,359,374.7,388.3
3303302,466.06,416.26,387.8,428.48
3303401,616.59,648.47,686.2,644.89
3303500,422.65,361.11,401.7,392.67
3303609,424.88,382.58,366.3,394.67
3303708,308.65,340.53,321.3,324.57
3303807,586.24,666.53,596.7,621.67
3303856,435.35,445.53,421.1,436.46
3303906,412.35,403.11,403.6,406.63
3303955,435.82,418.63,420,425.28
3304003,444.53,393.95,412.8,416.74
3304102,362.35,413.32,363.8,383.72
3304110,529.47,501.37,516.5,515.04
3304128,564.94,566.16,570.5,566.65
3304144,438.47,365.26,374.5,394.33
3304151,262.29,283.95,287.8,276.78
3304201,554.65,555.47,552,554.41
3304300,547.82,550.68,533.3,545.85
3304409,508.94,440.47,485.9,475.65
3304508,387.76,417.42,389,400.28
3304524,514.29,519.95,587.8,532.61
3304557,440.41,363.58,376.1,394.7
3304607,358.47,367.26,380.4,366.87
3304706,292.35,311.79,270,295.52
3304755,275.94,292.58,294.3,286.8
3304805,262.47,283.21,258.7,270.22
3304904,467.06,436.26,392.3,438.09
3305000,209.65,238.16,229.7,225.78
3305109,453.76,424.16,397.6,429.33
3305133,312.24,317.32,279.2,307.15
3305158,381.59,387.16,371.4,381.67
3305208,529.24,554.79,573.9,549.5
3305307,320.53,337.47,343.5,332.52
3305406,387.35,394.11,382.8,389.15
3305505,511.59,515.42,464.6,502.96
3305554,398.47,345.89,377.3,372.15
3305604,706.71,711.21,812.2,731.5
3305703,429.41,432.68,426.9,430.22
3305752,522.82,513.26,434.9,499.76
3305802,576.41,629.89,637.3,611.74
3305901,403.47,406,430,410.28
3306008,312.76,322.58,313.7,317.02
3306107,449.41,473.11,440,457.15
3306156,383.35,418.05,393.7,399.93
3306206,397.82,412.11,384.6,400.85
3306305,503.47,511.68,493.1,504.61
3500105,414.24,400.21,331.9,390.54
3500204,427.76,368.16,398.6,396.8
3500303,459,411.26,376,421.24
3500402,497.41,461.63,461.6,474.85
3500501,533,436.11,422.7,469
3500550,440.12,383.79,358,399
3500600,481.29,371.05,377.3,413.15
3500709,444.47,372.42,366.1,397.67
3500758,402.82,338.11,314.1,356.8
3500808,403.76,383.53,301.1,373.09
3500907,457.65,432.95,388.1,432.33
3501004,557.88,470.63,437.2,495.61
3501103,435.35,408.68,369.7,410.07
3501152,486.82,363.26,373.4,411.13
3501202,451.24,456.74,378.8,437.76
3501301,403.53,395.11,316.9,381.22
3501400,448.06,376.42,372.4,402.02
3501509,446.88,412.26,368.6,415.57
3501608,453.06,386.79,349.4,403.15
3501707,481.71,431.26,388,440.5
3501806,466.35,457.11,405.6,449.33
3501905,450.94,430.21,355.4,421.61
3502002,503.18,441.21,437.2,463.24
3502101,377.47,383.63,325.9,368.8
3502200,401.47,367.89,354.5,377.39
3502309,446.18,364.84,345.9,390.78
3502408,402.18,386.68,318.5,377.59
3502507,481.06,463.26,410.7,458.41
3502606,435.35,410.53,361.4,409.02
3502705,422.59,400.16,377.5,403.52
3502754,507.06,367.95,427.4,432.28
3502804,445.24,423.84,369.5,419.93
3502903,399.65,320.53,317.2,349.04
3503000,537.82,397.63,398.3,449.59
3503109,448.24,393.53,362.9,407.09
3503158,508,512.89,465.3,500.74
3503208,468.88,433.05,388.3,436.57
3503307,490.35,426.63,368.2,437.48
3503356,444.71,431.11,353.8,419.33
3503406,416.35,357.47,339.2,375.26
3503505,490.59,523.63,453.3,496.13
3503604,418.53,370.42,354.7,384.78
3503703,456.53,381.26,418.2,417.11
3503802,436.41,392.26,369.8,403.7
3503901,497,451.84,437.1,465.33
3503950,441.06,437.26,361.5,422.2
3504008,433.53,392.42,344.8,397.26
3504107,469.76,410.58,395.2,429.11
3504206,434.18,425.42,352,412.7
3504305,423.59,370,375.3,390.96
3504404,438.47,390.05,340.7,397.22
3504503,452,414.16,364.1,417.26
3504602,469.53,417.68,432.6,440.09
3504701,419.88,354.84,372.8,382.78
3504800,465.59,431.11,395,436
3504909,504.18,520.42,479.5,505.52
3505005,399,365.26,317.9,367.43
3505104,415.94,390.05,351.5,391.24
3505203,427.41,359,354.3,383.26
3505302,426.12,370.84,360.1,388.93
3505351,383.71,381.89,332.7,371.87
3505401,503.35,451.32,491.2,479.22
3505500,507.53,409.68,392.1,442.02
3505609,481.24,418.89,376.2,432.65
3505708,518.35,448.74,455.9,476.02
3505807,432.29,409.21,342.6,403.26
3505906,555.18,449.42,465.7,492.04
3506003,437,379.74,361.3,396.89
3506102,487.24,390.95,422.7,433.43
3506201,426.18,412.37,349.3,403.76
3506300,471.76,416,367.8,426.13
3506359,848.06,815.16,829.1,830.35
3506409,424.12,404.37,355.4,401.02
3506508,424.88,414.21,383.1,411.39
3506607,676.88,645.79,631.6,654.2
3506706,451.59,376.58,386.4,406.43
3506805,443.35,398.63,372.9,409.57
3506904,440.47,403.58,341.6,403.74
3507001,388.71,320.53,288.7,338.8
3507100,478.24,414.95,419.5,439.33
3507159,402.24,373.84,340.6,377.11
3507209,437.94,404.68,372.5,409.98
3507308,414.71,368.26,351.6,381.8
3507407,428.41,328.26,366.7,373.63
3507456,436.65,373.37,356.7,393.13
3507506,463.06,417.79,379.4,426.17
3507605,465.41,401.89,347.8,413.61
3507704,418.71,403.47,348.3,397.11
3507753,421.82,391.53,389.1,402.2
3507803,554,487.47,478.3,510.07
3507902,497.24,399.63,407.5,437.41
3508009,380.59,371.16,335.4,366.87
3508108,439,398.11,373.4,407.85
3508207,549.71,440.58,451.8,483.35
3508306,424.12,385.95,359.8,394.37
3508405,492.29,379.95,410.4,428.09
3508504,425.06,425.16,368.3,412.76
3508603,471.24,500.95,411,470.41
3508702,486.12,406.16,440.9,443.26
3508801,419.71,369.63,374.7,389.24
3508900,413.47,382,308.8,377.72
3509007,524.35,452.05,435.8,475.24
3509106,386.12,364.11,331.6,365.17
3509205,523.35,425.58,458.9,468.96
3509254,565.29,524.21,551.2,545.26
3509304,454.94,387.53,421.2,419.76
3509403,528.47,439.47,409.8,465.91
3509452,387.82,375.79,354.2,375.54
3509502,466.82,402.58,338.8,412.46
3509601,483.29,428.63,416.9,446.28
3509700,525.35,474.16,505.4,499.87
3509809,420.24,389,363.9,395.09
3509908,805.41,748.63,836.9,788.8
3509957,447.65,460.21,394.3,441.24
3510005,424.71,401.89,337.8,396.39
3510104,466.35,404.26,394.6,425.11
3510153,451.41,389.16,315.9,396.24
3510203,410.94,377.58,361.2,386.35
3510302,388.12,327.63,299.4,343.85
3510401,442.35,375.42,332.4,390.8
3510500,623,554.32,597.1,589
3510609,518.35,448.74,455.9,476.02
3510708,470.12,455.16,378.2,443.96
3510807,468.06,406.63,405,428.98
3510906,528.35,469.32,450.7,487.09
3511003,382.82,393.63,334.4,376.76
3511102,475.47,385.95,448.3,432.59
3511201,469.24,393.79,433.8,430.37
3511300,492.53,434.26,440.6,457.17
3511409,442.29,398.74,337.2,401.46
3511508,392.71,319.32,284.1,338.78
3511607,396.71,348.26,300.4,355.76
3511706,467.35,358.68,366.7,400.59
3511904,428.65,396.26,335.2,394.96
3512001,507.18,396.05,389.1,435.61
3512100,516.06,410.58,387.4,444.52
3512209,431.18,414.32,336.1,403.54
3512308,419.88,336.42,313.3,362.24
3512407,494.88,424.95,378.3,440.65
3512506,428.29,403.21,374.7,406.28
3512605,418.47,357.32,328.4,373.63
3512704,501,422.21,430.7,453.17
3512803,434.18,372.05,354.9,391.28
3512902,480.82,471.42,405.2,460.5
3513009,483.82,391.63,412.6,430.26
3513108,491.24,415.16,396.4,439.2
3513207,583.29,470.53,454.2,508.65
3513306,434.59,392.53,323.7,393.11
3513405,452,423.37,412.7,431.63
3513504,832.65,741.84,852.9,799.54
3513603,480.53,493.68,435.5,476.17
3513702,529.41,431.37,401.6,461.13
3513801,560.76,481.05,438.4,501.24
3513850,452.53,432.32,368.7,425.96
3513900,507.06,421.42,459.4,461.33
3514007,459.59,398.84,360.9,413.04
3514106,485.82,401.53,399.3,432.2
3514205,451.82,447.47,366.7,431.52
3514304,478.71,411.05,394.9,432.54
3514403,389,382.32,334.9,374.48
3514502,448.82,389.58,374.6,408.22
3514601,488.71,445.74,401.1,451.91
3514700,440.41,378.53,374,400.41
3514809,577.59,518.42,557.9,548.87
3514908,430.24,361.68,330.2,380.17
3514924,485.47,400.74,438.4,440.24
3514957,449.47,368.37,417.6,409.04
3515004,505.76,410.63,436.9,451.5
3515103,525.71,449.84,451.8,478.3
3515129,390.06,361.05,305.4,359.67
3515152,427,396.21,339.7,395.3
3515186,472.59,446.32,400.9,446.15
3515194,407.41,382.16,329.4,380.02
3515202,454.53,443.89,355.9,428.7
3515301,415.76,381.16,317,380
3515350,375.06,389.42,335.6,372.41
3515400,420.65,385.63,350.4,390.91
3515509,484.41,468.79,363,451.57
3515608,466.35,404.26,394.6,425.11
3515657,454.76,407.74,374.9,417.98
3515707,527.88,478.26,457.4,492.07
3515806,408.76,369.68,322.9,373.96
3515905,456.29,450.05,386.3,438.5
3516002,422.82,393.47,332.1,390.98
3516101,415.88,387.11,307.4,380.41
3516200,566.24,504.21,454,516.22
3516309,483.29,428.63,416.9,446.28
3516408,524.35,452.05,435.8,475.24
3516507,442.88,415,357.5,412.8
3516606,454.76,407.74,374.9,417.98
3516705,473.53,398.05,380.4,422.11
3516804,429.24,411.53,371.7,409.41
3516853,449.18,380.74,364,402.39
3516903,427.24,420.84,354.3,408.74
3517000,447.35,389.79,366.1,405.91
3517109,409.88,385.74,356.5,388.3
3517208,425,359.63,355.4,382.87
3517307,440.29,358,360.1,388.87
3517406,501.76,382.95,390.2,428.43
3517505,466.71,428.74,419.1,440.67
3517604,465.06,406.21,394.6,425.43
3517703,538.12,442.16,423.5,473.57
3517802,390,412.26,345.4,389.5
3517901,471.94,432.05,384.4,436.43
3518008,437.82,440.47,347.1,419.2
3518107,420.47,379.74,379.3,394.7
3518206,432.35,419.42,358.2,410.89
3518305,455.71,423.53,392.3,428.63
3518404,479.29,448,387.6,446.43
3518503,412.59,375.26,333.1,379.89
3518602,460.59,400.05,365.3,414.87
3518701,923.76,892.63,860.8,897.22
3518800,518.82,460.68,441.2,477.93
3518859,462.29,401.74,385,420.48
3518909,432.29,429.58,371.7,418
3519006,451.18,425.32,366.3,422.04
3519055,447.06,384.11,357.6,401.61
3519071,448.12,374.26,348.8,396.02
3519105,432.59,341.11,363.4,379.76
3519204,437.65,422.53,344.8,411.22
3519253,442.47,386.89,348.9,399.17
3519303,496.71,394.26,391.7,431.57
3519402,483.59,414.79,430.7,443.67
3519501,409.53,392.26,332.5,385.65
3519600,450.65,359.74,367.5,395.02
3519709,503.18,469.95,414.5,470.17
3519808,458,435.58,389.1,433.76
3519907,423.94,380.26,334.9,386.54
3520004,412.35,371.84,349.1,381.87
3520103,538.24,422.37,441.6,469.37
3520202,482.24,426.37,417.7,445.13
3520301,714.12,668.79,723.8,697.5
3520400,634.94,543.16,541.5,576.72
3520426,733.18,666.84,724.1,703.8
3520442,407.35,417.05,382.8,406.02
3520509,417.47,353.16,323.5,370.48
3520608,406.59,382.79,302.9,374.22
3520707,453.82,445.58,373.9,433.04
3520806,422.41,386.95,346.6,391.28
3520905,472.88,404.53,334.4,414.54
3521002,387.88,322,309.8,343.7
3521101,502.94,392.68,395.4,434.02
3521150,455.29,419.21,396.4,427.59
3521200,477.18,458.53,472.7,468.5
3521309,515.88,436.68,429.7,464.43
3521408,480.35,404.68,376.3,426.48
3521507,464,399.11,395.5,422.3
3521606,413.24,396,337.6,389.67
3521705,411.41,357.63,309,366.93
3521804,455.12,386.95,367.3,407.87
3521903,473.24,379.58,415,421.89
3522000,428.88,379.26,332.4,387.41
3522109,723.88,662.89,665.9,686.09
3522158,382.71,371.26,338.7,368.41
3522208,530.06,426.79,421.5,463.8
3522307,407.82,355.11,334.3,370.07
3522406,393.82,362.47,299.6,360.39
3522505,496.59,389.42,422.3,436.17
3522604,523.35,429.95,417.7,461.8
3522653,397.12,373.21,330.4,372.74
3522703,472.06,378.47,392.8,416.17
3522802,408.47,364.74,303.4,367.57
3522901,432.53,365.16,344.2,385.5
3523008,375.47,408.05,379.2,389.74
3523107,508.41,447.74,449.2,470.48
3523206,417.82,341,289.9,358.28
3523305,676.47,661.47,702,675.83
3523404,471.88,411.11,361.2,422.72
3523503,452.41,403.74,372.4,414.91
3523602,490.82,414.95,453.6,451.39
3523701,514.18,504.21,430.1,491.78
3523800,447.12,401,400.4,417.91
3523909,419,336.21,333.2,366.15
3524006,464.53,404.53,354.7,415.87
3524105,522.24,435.95,411,462.41
3524204,500.12,396.53,385.1,432.33
3524303,479.06,405.42,361.9,423.17
3524402,453.18,420.53,382.6,424.35
3524501,442,400.47,418.9,419.83
3524600,577.88,553.79,567.4,565.65
3524709,447.06,384.11,357.6,401.61
3524808,445.59,441.84,356.7,424.72
3524907,439.71,423,375.2,418.78
3525003,518.35,448.74,455.9,476.02
3525102,499.94,473.58,442.3,476.52
3525201,453.12,400.53,376.5,414.74
3525300,435.94,398.37,374.9,407.15
3525409,581.94,450.63,466.8,502.67
3525508,527.71,457.16,422,475.59
3525607,434.71,409.68,372.8,410.91
3525706,421.53,383.53,385.2,397.93
3525805,443.82,364.16,367.4,394.3
3525854,397.65,333.21,294.9,348.7
3525904,467.53,413.84,365.4,423.15
3526001,402.53,385.42,341.1,382.11
3526100,601.65,519.79,485.9,542.67
3526209,546.65,506.47,485.7,516.8
3526308,456,441.37,382.3,433.93
3526407,399.29,320.16,292.4,343.37
3526506,391.18,415.32,353.5,392.96
3526605,442.59,432.68,399.4,429.11
3526704,471.53,422.11,361.2,427.13
3526803,441.53,393.74,365.8,405.33
3526902,452.76,406.11,345.8,410.24
3527009,510.65,453,400.3,462.85
3527108,421.53,369.11,369.4,388.54
3527207,447.65,460.21,394.3,441.24
3527256,431.59,408.79,374.1,409.67
3527306,479.12,412.58,362.2,426.22
3527405,423.12,388.95,355.9,394.39
3527504,434.88,411.05,367.2,410.33
3527603,503.82,439.95,393.5,453.46
3527702,433.06,421.16,367.3,413.85
3527801,443.47,409.84,364,412.3
3527900,449.24,388.79,376.5,408.46
3528007,414.06,350.21,331.7,369.78
3528106,446.59,414.21,372.5,417.11
3528205,461.71,448.05,370.1,436.15
3528304,466.41,462.79,384,447
3528403,486.82,363.26,373.4,411.13
3528502,529.29,455.37,452.7,482.11
3528601,445.29,407.47,359.4,411
3528700,391.76,383.47,319.4,372.61
3528809,440.41,393.32,344.6,400.13
3528858,472.41,390.84,405.9,424.26
3528908,420.94,382.16,326.3,384.35
3529005,461.76,394.42,367.8,413.52
3529104,438.35,417.42,362,413.11
3529203,421.65,379.84,305.2,379.07
3529302,458.24,386.32,353.7,405.8
3529401,544.82,503.21,459.2,509.02
3529500,445.35,387.68,409.2,413.67
3529609,468.18,479.95,369.2,451.52
3529658,416,423.47,344,403.43
3529708,515.71,390.05,395.7,437.72
3529807,435.94,385.68,384.5,404
3529906,512.65,469.26,501.1,492.22
3530003,454.06,446.63,378.8,434.63
3530102,385.53,408.47,348,386.85
3530201,401.82,392.21,320.9,380.26
3530300,467.47,416.16,415.3,434.93
3530409,467.41,415.84,403.2,432.15
3530508,469.41,405.89,382.4,424.26
3530607,519,464.05,448.6,481
3530706,424.94,406.11,348.4,400.52
3530805,464.94,418.53,381.8,427.7
3530904,425.35,368.53,321.5,379.3
3531001,438.18,422,366,415.8
3531100,872.94,804.63,825.1,834.33
3531209,455.41,426.53,372.6,425.48
3531308,470.94,402.42,401.8,427.61
3531407,453.88,400.74,378.1,415.46
3531506,467.47,382.68,426,423.43
3531605,387.71,398.58,331.7,380.02
3531704,543.06,510.84,481.1,516.28
3531803,436,371.53,336.5,387.74
3531902,511.06,423.42,405.6,451.93
3532009,421.06,398.47,322.3,390.26
3532058,475.71,428,376.4,434.41
3532108,388.71,403.74,325.5,381.17
3532157,403.94,393.26,312.5,379.65
3532207,413.35,385.42,315.8,380.61
3532306,571.41,543.63,525.1,549.87
3532405,478.06,427.89,411,442.76
3532504,462.59,399.05,402,423.17
3532603,462.65,463.79,395,448.41
3532702,452.47,412.63,379.7,420.2
3532801,444.82,379.95,421,412.85
3532827,411.53,363.37,302.9,368.02
3532843,436.18,419.32,357.3,412.07
3532868,430,423.95,362.4,412.8
3532900,453.82,383,359.9,404.15
3533007,459.29,401.68,386.4,419.65
3533106,381.29,385.89,338,373.78
3533205,371.06,406.26,336.7,378.13
3533254,465.71,368.63,430.8,418.02
3533304,429.24,411.53,371.7,409.41
3533403,453.06,386.79,349.4,403.15
3533502,444.18,359.74,390,397.52
3533601,534,454.68,436.5,480.04
3533700,420.88,384.84,358.6,392.46
3533809,447.65,406.53,346.7,408.72
3533908,463.29,404,409.7,427.15
3534005,458.18,431,407.3,435.89
3534104,467.41,389.68,372.6,414.7
3534203,483.24,417.16,403.5,438.61
3534302,523.41,435.21,421.1,464.74
3534401,553.41,474.26,461,500.63
3534500,463.24,390.89,368.2,412.7
3534609,428.41,402.11,353.1,401.17
3534708,449.35,412.26,339.8,410.22
3534757,425.88,436.37,337.6,411.02
3534807,375.47,384.89,335.4,370.65
3534906,418.24,385.47,330.1,385.54
3535002,480.76,424.79,407.6,441.74
3535101,465.94,377.68,435.3,422.83
3535200,446.35,435.21,366.9,424.48
3535309,427.06,393.84,344.7,395.43
3535408,379.41,384,338.3,372.37
3535507,430.53,409.84,361,406.87
3535606,427.88,417.05,352.7,407.07
3535705,451.12,364.84,424.9,409.78
3535804,424.82,367.37,357.8,386.52
3535903,439.47,450.58,352.3,425.11
3536000,427.47,397.95,340.3,396.33
3536109,452.41,412,366.6,417.07
3536208,591.41,546.63,543.1,562.41
3536257,464.12,474.37,367.8,447.41
3536307,524.24,475.79,438.9,485.67
3536406,374.71,399.63,336.2,376.63
3536505,455.59,394.53,350.4,407.5
3536570,411.12,377.37,344.2,382.63
3536604,474.47,437.32,401.9,443.35
3536703,424.94,372.05,348.6,386.5
3536802,524.71,458.16,419.9,474.43
3536901,472,464.89,360.1,444.74
3537008,592.35,462.47,466.2,511.28
3537107,422.88,397.53,335.2,393.35
3537156,408.88,387.16,303.3,376.96
3537206,621.53,612.74,658.9,626.02
3537305,433.59,402,335.8,399.28
3537404,370.47,391.42,341.4,372.8
3537503,401.29,322.42,278.6,342.04
3537602,701.29,672.58,708,690.89
3537701,434.71,409.63,348,405.5
3537800,448.71,351.37,353,387.7
3537909,423.59,379,344.6,388
3538006,452.53,476.26,393,449.39
3538105,461.88,372.68,419.2,415.76
3538204,515.94,446.74,413.4,465.07
3538303,379.12,375.84,315.5,363.93
3538501,451.88,429.11,427,437.07
3538600,489.18,421.26,388.7,439.28
3538709,452.59,358.47,348.8,391.15
3538808,455.06,389.05,352.4,405.48
3538907,428.12,375.84,379.8,396.02
3539004,456.47,376.79,433.2,418.5
3539103,498.59,391.74,433.4,440.28
3539202,415.76,381.16,317,380
3539301,508.82,426.95,392.6,449.74
3539400,444.06,377.16,360.7,398.3
3539509,477.18,421.53,372.9,431.52
3539608,436.06,409.32,371.1,410.89
3539707,429.18,379.95,358.2,393.41
3539806,527.88,478.26,457.4,492.07
3539905,457.94,424.74,377.5,426.74
3540002,467.76,407.89,364.8,420.65
3540101,405.12,343.37,370.8,372.15
3540200,453.41,427.95,407.7,432.96
3540259,459.12,432.32,372.6,429.24
3540309,456.59,452.05,389.7,440.17
3540408,422.88,434.37,342.2,410.09
3540507,427.35,383.37,323.9,386.7
3540606,393,321.58,293.9,341.96
3540705,505.41,431.89,396.8,451.43
3540754,483.47,465.21,401.1,458.02
3540804,479.53,412.37,424.7,439.87
3540853,415.65,381.42,327.7,382.39
3540903,456.76,409.47,366.6,417.63
3541000,931.18,823.37,862.1,871.63
3541059,460.76,396.26,372.3,414.89
3541109,435.06,371.16,377.4,396.13
3541208,406.76,391.63,318,381.22
3541307,388.65,392.16,333.2,378.04
3541406,403.76,383.53,301.1,373.09
3541505,382.76,375.68,337.6,370.02
3541604,421.94,369.37,341.2,382.67
3541653,415.47,367.63,315.9,374.07
3541703,434.71,405.11,366.9,407.74
3541802,449.88,420.58,366.2,419.59
3541901,446.06,441.26,409.7,436.17
3542008,454.47,401.79,357.7,411.67
3542107,406.88,339.89,307.3,357.57
3542206,428.06,410.74,344.3,402.7
3542305,467.59,423.68,355.8,425.15
3542404,408.24,381.16,304.8,374.57
3542503,429,332.42,364.7,375.13
3542602,583.47,538.26,515.2,549.96
3542701,554.71,433.37,465.4,485.17
3542800,347.82,356.26,302.2,341.39
3542909,473.35,374.58,380.5,412.37
3543006,434.65,377.68,356.6,394.15
3543105,573.82,462.11,445.6,499.8
3543204,422.29,401.84,341.6,396.3
3543238,379.88,370.42,307.3,360.2
3543253,424.35,366.95,368.4,388.48
3543303,643.59,592.37,552.5,602.63
3543402,487.06,435.21,391,444.76
3543501,420.29,349.32,298.4,364.48
3543600,555.24,451.79,456.6,491.07
3543709,476.41,421.26,376.8,431.98
3543808,424,401.74,348.2,398.33
3543907,510.18,421.58,398.1,449.22
3544004,441.88,381.11,333.5,393.22
3544103,779.24,755.74,757.7,764.85
3544202,447.76,436.63,387.4,430.04
3544251,375.41,385.21,342.4,372.28
3544301,459.47,444.47,371.4,434.13
3544400,431.24,413.95,358,408.17
3544509,439.88,420.95,377.2,418.43
3544608,423.29,356.53,371.2,384.39
3544707,424.88,385.84,343.2,391
3544806,431.82,364.89,388.7,394.8
3544905,531.18,470.58,441.7,486.7
3545001,494.35,461.74,426.1,466.04
3545100,420.94,401.79,350.3,397.67
3545159,425.47,352.79,324.4,373.48
3545209,412.06,339.21,329.8,364.09
3545308,419.29,324.79,330.4,360.93
3545407,425.18,405.89,333.2,397.22
3545506,396.47,374.21,312.5,369.02
3545605,486.94,404,427.6,439.78
3545704,435.12,424.84,360.3,414.61
3545803,449.94,383.42,339.1,398.37
3546009,429.29,415.47,370.4,410.78
3546108,436.94,418.11,361.9,412.85
3546207,489.24,431.84,378.6,441.48
3546256,549.76,461.58,433.4,488.04
3546306,485.82,418.47,399.5,439.24
3546405,455.94,416,346.1,415.57
3546504,461.59,396,360.5,412.52
3546603,437.18,427.74,364.2,417.41
3546702,507.12,418.58,389.5,444.98
3546801,491.41,447.95,430,460.11
3546900,490.59,435.68,388.1,445.63
3547007,486,377.32,378.3,417.7
3547106,381.06,384.68,337.4,373.07
3547205,450.29,447.63,366.5,430.98
3547304,506.71,372.84,431.4,435.04
3547403,434,427.32,361.5,415.48
3547502,515.53,441.32,401.2,460.02
3547601,495.94,411.26,384.9,436.83
3547650,450.29,447.63,366.5,430.98
3547700,405.29,382.53,317.2,376.74
3547809,643.59,592.37,552.5,602.63
3547908,531.65,449.37,449.5,479.8
3548005,455.29,407.37,366.2,416.13
3548054,430.82,420.37,364.1,412
3548104,512.12,470.84,431.1,477.46
3548203,519.71,477.63,460.4,489.43
3548302,396.76,357.42,309.7,361.59
3548401,442.24,425.16,356.8,416.61
3548500,914.82,899.74,863.6,897.46
3548609,464.88,420.84,443.5,442.04
3548708,787.24,670.47,737.1,728.11
3548807,558.59,495.68,442,507.26
3548906,516.41,426.74,396.9,453.39
3549003,447.35,441.63,367.9,427.72
3549102,441.47,414.05,387.3,418.37
3549201,460.59,441.58,348.2,428.3
3549250,440.59,435.26,348.8,418.43
3549300,381.71,393.37,338.1,377.04
3549409,526.76,449.58,435.8,475.11
3549508,553.29,444.84,438.1,483.46
3549607,582.47,618.16,521.9,584.04
3549706,473.82,408,408.6,432.46
3549805,462.12,441.95,419.1,444.43
3549904,541,513.74,478.9,516.24
3549953,530.06,474.63,446.8,489.07
3550001,484.12,497.37,389.3,468.98
3550100,424.53,375.11,355.6,389.13
3550209,445.35,378.79,364.7,400.33
3550308,560.76,481.05,438.4,501.24
3550407,486.06,373.16,372.8,414.8
3550506,431.59,410.53,345.7,404.22
3550605,502.59,384.11,397,430.7
3550704,629.59,537.63,558.2,576.09
3550803,513.35,455.53,473.7,480.85
3550902,506,431.95,396.9,451.7
3551009,890.65,786.16,842.8,837.09
3551108,387.47,330.32,318.6,348.89
3551207,444.82,386.47,355.7,401.35
3551306,469.82,471.37,407.5,456.91
3551405,507.88,422.37,402.4,449.63
3551504,538.47,471.58,442.1,489.89
3551603,510.65,453,400.3,462.85
3551702,486.41,447.63,389.7,449.37
3551801,637.88,566.11,593.3,598.54
3551900,475.53,393.89,397.4,424.83
3552007,490.88,501.68,434.2,483.02
3552106,519.29,457.37,417,471.48
3552205,400.71,302.95,321.9,343.2
3552304,417.47,421.11,354.9,405.37
3552403,448.12,374.26,348.8,396.02
3552502,549.94,530.68,469,524.39
3552551,418.41,405.68,369.8,402.59
3552601,488.88,416.16,451.9,450.8
3552700,458.94,382.42,354.9,404.72
3552809,546.94,459.16,417.6,482.57
3552908,403.88,391.11,309.3,378.04
3553005,435.41,375.26,352.3,392.5
3553104,473.94,405.21,416.3,433.02
3553203,471.88,405.68,408.5,430.76
3553302,492.71,412.95,386.4,436.65
3553401,489.35,442.68,397.4,450.09
3553500,613.88,584.42,472,570.87
3553609,489,414.32,432.6,445.89
3553658,477.29,416.37,401.9,435.74
3553708,476.18,394.84,375.9,420.78
3553807,450,378.95,356.4,400.3
3553856,386.29,375.42,319.4,367.26
3553906,409.35,387.37,316.1,380
3553955,437.29,393.21,324.3,394.52
3554003,392.59,336.68,301,349.59
3554102,417.76,417.79,357.7,404.72
3554201,439.71,381.89,364.2,399.41
3554300,378,394.63,325.1,373.37
3554409,508.18,393.42,396.1,436.41
3554508,397.65,333.21,294.9,348.7
3554607,463.71,396.58,343.5,409.85
3554656,425.24,394.68,331.4,392.22
3554706,500.35,391.26,400,433.48
3554755,471.82,393.95,399.7,423.98
3554805,468.18,454.21,407.5,449.22
3554904,448.24,439.79,370.9,427.93
3554953,469.12,417.11,367.6,425.57
3555000,451.06,433.21,341.2,419.8
3555109,385.35,391.68,341,378.33
3555208,440.71,409.32,366.5,411.61
3555307,432,443.05,346.1,417.89
3555356,430.06,372.89,379.4,395.43
3555406,668.88,644.95,628.1,650.13
3555505,443.41,414.26,352.2,411.54
3555604,498.41,423.63,461.2,459.43
3555703,443,406.79,374,413.04
3555802,441.59,450.58,368.2,429.35
3555901,421.12,338.89,362.3,374.37
3556008,461.76,389.74,389.7,416.35
3556107,463,479.79,387.8,453.59
3556206,475.59,406.95,344.3,418.7
3556305,401.53,404.47,351.1,391.78
3556354,516.65,444.84,394.5,460.43
3556404,463.59,422.42,425.3,438.26
3556453,497.18,388.21,399.8,431
3556503,507.76,404.79,442.6,451.07
3556602,477.94,409.37,388.1,430.09
3556701,479.12,412.58,362.2,426.22
3556800,503.71,406.84,402.1,441.61
3556909,463,386.74,414.6,420.98
3556958,465.29,460.84,366,441.87
3557006,410.65,307.89,343.2,353.54
3557105,477.65,496.95,410.3,470.98
3557154,417.53,396.58,365.7,397.61
3557204,451.41,389.16,315.9,396.24
3557303,456,412.74,377.9,421.15
4100103,395.47,363.89,311.1,364.09
4100202,373.71,366.74,324.3,360.09
4100301,410.71,392.58,334.1,386.57
4100400,405.29,358.05,299.6,362.8
4100459,504.71,462.05,406.7,465.78
4100509,372.06,388.16,316,366.52
4100608,402.71,410.74,364.8,397.78
4100707,404.41,441.11,337.5,405.02
4100806,412.24,366.05,309.5,370.83
4100905,383.53,408.11,346.6,385.65
4101002,542.35,451.26,395.6,472.83
4101051,502.18,482.58,389.9,469.67
4101101,389.18,391.63,335,378.41
4101150,415.76,407.79,349.9,398.15
4101200,743.88,736.53,736.8,739.3
4101309,398.06,372.63,301,366.46
4101408,472.41,435.63,364.5,433.76
4101507,466.06,445.26,361.1,434.65
4101606,428,378.37,331.8,386.59
4101655,447.47,444.47,371.3,429.67
4101705,425,393.58,331.8,391.76
4101804,380.41,346.47,286.9,346.07
4101853,469.35,419,346.9,421.93
4101903,441.65,395.58,312.7,394.59
4102000,453.94,450.47,361.3,432.37
4102109,436.06,423.53,342.8,410.61
4102208,424.29,414,368.9,408
4102307,403.47,359.95,288,360.39
4102406,390.47,370.68,327.9,368.7
4102505,449.18,421.68,351.6,416.61
4102604,594.94,482.26,438.5,514.39
4102703,401.35,391.74,349.4,386.09
4102752,523.88,476.26,410.7,479.61
4102802,431.88,400.16,321.2,394.72
4102901,512.41,422.79,443.8,460.48
4103008,451.82,438.32,373.9,429.3
4103024,470.76,463.74,405.3,453.63
4103040,447.47,432,346.2,419.07
4103057,500.88,477.74,394.6,468.22
4103107,453.06,407.47,396.7,421.98
4103156,593.65,481.84,430.5,512
4103206,454.76,435.68,385,431.72
4103222,484.18,435.16,410.8,447.98
4103305,467.35,402.26,377.5,420.93
4103354,527.76,484.68,405.1,483.3
4103370,396,437.11,337.6,400.28
4103404,388.76,374.05,332.5,370.46
4103453,498.76,469.05,385.3,461.83
4103479,377.35,397.58,306.6,370.33
4103503,482.47,439.26,379.9,442.33
4103602,418.76,396,342.3,392.74
4103701,457.47,428.47,331.9,418.2
4103800,464.71,446.11,379.1,438.41
4103909,493.82,456.21,417.7,461.74
4103958,446.82,420.21,351,415
4104006,577.29,516,498.4,534.83
4104055,527.24,488.63,407.6,485.28
4104105,408.18,363.47,310.1,368.39
4104204,397.47,365.32,300.2,363.04
4104253,388.41,361,298.8,357.61
4104303,448.65,433.42,363.4,423.83
4104402,429,395.89,328.5,393.48
4104428,485.65,422.74,406.9,442.54
4104451,483.94,457.89,399.6,454.85
4104501,470.41,450.21,402.6,447.33
4104600,518.24,482.95,407.4,479.57
4104659,427.76,395.37,299.9,386.59
4104709,385.12,358.05,338,363.7
4104808,507.29,495.26,396.8,478.3
4104907,480.41,412.16,347.1,423.24
4105003,497.88,491.11,420.1,478.17
4105102,390.76,353.32,311.7,358.11
4105201,362.88,355.47,300.6,346.28
4105300,532.94,504.42,428.8,498.52
4105409,485.53,440.63,411.4,450.87
4105508,428.82,400.37,360.6,402.24
4105607,380.18,420.68,354.4,391.3
4105706,511.29,467.37,419.1,473.11
4105805,386.82,344,300.3,350.33
4105904,397.18,379.16,339.6,377.22
4106001,417.29,387.11,317.6,383.15
4106100,385.59,348.79,313.8,354.78
4106209,389.88,354.53,283.8,352.22
4106308,516.18,488.95,396.7,478.96
4106407,412.06,373.37,302,372.15
4106456,493.76,451.42,413,458.72
4106506,483.82,437.26,415.7,449.78
4106555,446.82,426.21,367.1,420.98
4106571,485.35,479.26,399,464.07
4106605,379.76,382.11,329,369.7
4106704,406.41,387.16,352.1,386.65
4106803,470.29,422.21,386.4,432.2
4106852,475.35,431.11,373.4,434.91
4106902,411.71,373.16,325,376.93
4107009,394.35,359.74,321.7,364.26
4107108,347.88,373.89,339.7,356.85
4107124,531.24,470.21,417,481.2
4107157,486.53,463.58,353.1,448.04
4107207,487.18,468.84,428.4,466.83
4107256,368.71,402.63,338.6,376.17
4107306,458.88,427.53,391.5,431.28
4107405,521.88,463.37,436.8,479.22
4107504,460.88,416,380.5,424.87
4107520,367.41,386.63,315.1,363.98
4107538,452.41,444.79,332.7,423.24
4107546,473.59,463.32,411.8,455.91
4107553,451.29,433.79,346.6,421.3
4107603,483.24,443.63,391.7,446.98
4107652,410.94,353.47,305.2,364.22
4107702,444.18,407.42,347.5,407.98
4107736,410.65,381.95,293.8,373.39
4107751,399.24,369.68,337,373.5
4107801,417.24,431.63,394,418.13
4107850,575.59,477.58,464.4,510.93
4107900,452.71,429.21,384.8,428.24
4108007,401.35,371.16,313,369.67
4108106,415.76,407.79,349.9,398.15
4108205,407.76,440.21,350.5,408.72
4108304,465.53,433.95,396.6,437.5
4108320,390.41,404.53,326.5,382.35
4108403,533.94,468.53,444.5,487.48
4108452,505.76,446.53,420.6,462.78
4108502,484.71,425.32,399.7,441.7
4108551,446.82,429.26,346,417.65
4108601,418.47,406.53,319,391.91
4108650,455.82,440.32,372.4,431.28
4108700,460.59,420.16,346.5,419.09
4108809,413.82,413.16,327.6,394.8
4108908,384.41,393.42,370.8,385.17
4108957,409.82,398.58,285.9,378.24
4109005,394.35,364.84,351.6,372.87
4109104,377.29,411.37,349,385.22
4109203,394.35,379.21,331.5,374.43
4109302,527.24,474.63,420.7,482.35
4109401,480.06,445.89,361.1,440.09
4109500,798.59,752.16,876.1,796.26
4109609,730.53,721.53,686.9,717.33
4109658,506.12,450.37,431.3,466.83
4109708,394.12,364.05,331,367.98
4109757,512.88,478.37,436.5,482.02
4109807,446.18,415.89,333.8,409.24
4109906,376.47,407.37,339.2,381.13
4110003,429.47,429.79,358.3,414.13
4110052,491.76,476.84,405.8,466.91
4110078,443.88,421.05,339.2,411.7
4110102,403.94,365.42,282.9,361.72
4110201,499.71,458.79,389,458.74
4110300,376.53,385.47,341.8,372.67
4110409,397.24,431.95,365.4,404.65
4110508,407.29,358.84,285.3,360.76
4110607,381.65,400.21,322.5,376.46
4110656,466.53,462.21,380.7,446.09
4110706,445.18,410.47,317.5,403.09
4110805,476.88,467.84,391.8,454.65
4110904,392.12,378.26,318.6,370.41
4110953,464.47,429.26,369.9,429.37
4111001,415.71,398.53,329.2,389.8
4111100,452.24,412.37,358.7,415.43
4111209,481.29,423.47,412.1,442.37
4111258,418.29,366.42,311.5,373.65
4111308,355.24,381.89,354.4,366.07
4111407,412.88,391.58,310.8,381.89
4111506,478.94,431.79,361.8,434
4111555,380.06,402.32,342.1,381
4111605,444.47,425.37,371.8,420.78
4111704,412.41,365.63,329.1,374.98
4111803,416.18,401.74,348.2,395.43
4111902,409,390.16,317,381.22
4112009,421.94,365.58,325.9,377.78
4112108,465.82,439.47,385.1,437.39
4112207,439.53,417.16,337.3,408.07
4112306,401.29,368.63,340.4,374.57
4112405,403.94,425.11,360.7,403.28
4112504,479.41,433.05,366.9,435.8
4112603,376.65,379.84,318.4,365.3
4112702,443,405.95,323.2,401.65
4112751,458.71,461.63,371.3,440.91
4112801,394.71,364.37,345.2,371.41
4112900,395.06,363.42,310.4,363.59
4112959,448.12,436.11,374.3,427.11
4113007,450.18,424.84,375.7,423.52
4113106,469.06,429.79,385.4,434.65
4113205,436.71,372.11,326.8,386.13
4113254,493.53,477.16,424,471.65
4113304,505.47,478.47,407.9,473.11
4113403,396.71,380.95,284.4,365.78
4113429,464.12,414.47,355.1,419.91
4113452,546.06,501.11,423.9,500.93
4113502,387.12,414.53,342.8,388.8
4113601,395.82,376.89,331.2,373.96
4113700,485.12,414.89,363.5,429.67
4113734,482.18,476.05,416.3,465.33
4113759,461.47,419.37,362.9,422.65
4113809,400,364.58,329.7,370.09
4113908,425.12,386,360.9,395
4114005,485.24,476.05,399.4,462.78
4114104,437.29,424.58,375.1,418.52
4114203,461.35,455.11,383.5,441.85
4114302,415.06,377.63,343.9,384.13
4114351,557.24,458.84,415.3,485.74
4114401,490.29,455.21,423.6,461.3
4114500,493.18,455.11,375.5,451.87
4114609,441.94,422.89,328.5,409.41
4114708,390.06,411.32,330.2,385.83
4114807,457.53,457.89,402.9,445.8
4114906,478.94,425.32,395.1,438.57
4115002,353.18,378.84,320,356.57
4115101,402.53,415.16,316.6,389.07
4115200,446.65,454.58,383,436.09
4115309,524.41,462.47,422.7,476.72
4115358,449.29,461.68,358,434.57
4115408,558.65,467.79,469.2,501.67
4115457,500.47,471.84,428,472.89
4115507,468.53,431.47,378,433.54
4115606,484.06,454.53,413.6,456.54
4115705,749.35,773.63,735.7,756.41
4115739,486.29,489.79,431.8,475.89
4115754,487.29,439.68,397,448
4115804,488.24,449.79,400.7,453.33
4115853,436.82,423.21,338.2,409.76
4115903,368,412.42,343.9,381.11
4116000,407.71,373.16,312.8,372.8
4116059,473.12,452.89,362.4,440.7
4116109,409.76,399.79,304.4,382.74
4116208,626.12,611.53,580.2,610.11
4116307,422.12,408.42,342.9,399.24
4116406,402.53,377,339.9,378.37
4116505,374.41,404.32,344,380.15
4116604,440.35,394.53,316.5,394.5
4116703,488.76,467.05,386.1,457.48
4116802,518.59,477.32,401.7,476.13
4116901,408.29,409.89,373,401.28
4116950,504.76,448.58,411.8,461.35
4117008,411.88,391.53,307.8,380.85
4117057,507.47,474.42,452.8,481.93
4117107,359.12,379.89,337.8,363.07
4117206,382.18,419.74,341.7,388.89
4117214,434.35,409.95,314.4,398.2
4117222,439.29,442,352,421.43
4117255,487.53,461.21,398.3,457.26
4117271,446.41,456.42,383.8,436.93
4117297,460.76,431.05,382.1,431.39
4117305,423.12,413.58,346.4,402.5
4117404,432.94,433.95,398.5,425.87
4117453,485.94,445.63,377.1,445.63
4117503,432.88,429.05,382.3,420.3
4117602,491.71,437.63,419.5,453.67
4117701,428.18,354.53,294,368.59
4117800,497.06,487.63,437.3,480.17
4117909,416.71,433.74,344.6,408.07
4118006,368.82,411.47,346.5,381.59
4118105,383.06,376.05,339.2,370.63
4118204,670.06,699.53,687.2,685.96
4118303,379.94,374.53,324.7,365.7
4118402,384.12,395,350.2,381.24
4118451,444.94,434.53,330,415.65
4118501,524.65,455.05,423.1,473.83
4118600,433.18,372.95,362.3,392.89
4118709,416.18,386.47,367.1,393.24
4118808,436.94,416.26,362.3,412.17
4118857,394.82,404.05,305,379.11
4118907,375.18,396.79,318.1,371.7
4119004,532.41,478.95,418.1,485.48
4119103,405.35,374.42,317.1,373.39
4119152,398.24,365.37,311,365.7
4119202,434.24,381.37,340.7,392.07
4119251,558.18,459.47,408.8,484.93
4119301,548.29,493.53,429.1,499.76
4119400,448.18,390.63,332.7,399.3
4119509,481.12,457.37,407.5,455.3
4119608,480.18,462.89,380.3,451.33
4119657,446.41,440.11,348.5,422.52
4119707,393,429.58,357,400.28
4119806,501.53,460.11,419.8,466.65
4119905,436.24,386.58,315.2,389.41
4119954,754.41,753.74,727.2,748.22
4120002,401,372.53,315.4,370.63
4120101,439.12,358.63,322.7,380.57
4120150,482.76,465.42,402.7,458.2
4120200,348.24,384.37,323.4,357.76
4120309,466.29,380.11,373.7,410.57
4120333,415.06,388.16,314.1,382
4120358,549.76,475.53,441.3,495.52
4120408,410.35,410.95,378.5,403.67
4120507,409.65,379.58,300.6,373.52
4120606,475.71,430.05,330.1,425.2
4120655,412.06,430.32,354.9,407.17
4120705,388.82,353.37,344.3,364.5
4120804,584.94,544.32,512.3,552.37
4120853,467.53,444.32,355.7,433.63
4120903,491.71,467.32,421.8,466.43
4121000,356.24,412.79,306.2,368.72
4121109,449.94,404.84,359,411.54
4121208,408.94,389.63,327.5,383.26
4121257,498.06,473.16,363.3,458.48
4121307,413.41,385.74,297.9,376.87
4121356,436.47,421.11,348.8,411.07
4121406,478.65,454.26,392.5,449.85
4121505,413.12,376.47,302.1,373.85
4121604,542.06,473.21,456.9,495.11
4121703,445.59,423.63,333.3,412.11
4121752,522.06,452.89,421.8,471.7
4121802,421.47,375.63,323.7,381.28
4121901,393.59,359.32,296.3,358.28
4122008,418.29,388.68,324,385.57
4122107,468,438.84,398.1,440.76
4122156,471.65,456.79,413.7,452.91
4122172,465.53,411.89,347,417.61
4122206,423.88,361.53,312.1,373.83
4122305,392.24,352.16,311.2,358.07
4122404,451.94,438.63,334.3,420.87
4122503,474.12,493.05,431.3,472.63
4122602,398.94,425.21,360.2,401.37
4122651,458.53,396.63,340.9,407.39
4122701,458.29,444.53,355,430.15
4122800,572.12,470.95,425.7,498.5
4122909,404.59,361.11,318.8,367.98
4123006,498.47,453.74,413.4,461.5
4123105,394.82,367.58,324.6,368.3
4123204,434.35,409.95,314.4,398.2
4123303,363.82,401.16,323.4,370.46
4123402,412.47,390.37,335.6,386.63
4123501,463.06,462.58,337.7,435.61
4123600,392.12,370.89,320.5,367.78
4123709,380.94,392.53,325.1,373.59
4123808,497,445.84,382.4,450.96
4123824,539.35,507.79,418,499.93
4123857,489.18,466.11,424.4,465.57
4123907,402.18,382.95,317.8,375.89
4123956,379.06,394.05,323.7,373.22
4124004,402.88,350.84,295.3,358
4124020,501.76,489.84,410.5,477
4124053,465.53,433.95,396.6,437.5
4124103,392.18,381.11,361.3,380.89
4124202,378.24,389.58,349.8,376.74
4124301,419.59,400.74,317.4,389.59
4124400,565.06,475.32,425.9,497.74
4124509,388.24,368.89,329,367.37
4124608,400.12,434.63,383.3,410.72
4124707,461.88,394.79,360.3,412.09
4124806,497.71,454.37,429.3,464.93
4124905,387.47,401.32,352.4,385.57
4125001,451.06,407.37,346.2,410.22
4125100,421.35,351.95,315.9,369.76
4125209,491.47,476.37,424.5,470.67
4125308,429.06,433.53,389.2,422.24
4125357,367.59,393.47,318.6,367.63
4125407,396.88,332.16,296.6,348.35
4125456,482,457.79,348.7,443.02
4125506,528.53,473.53,444.2,487.48
4125555,389.53,421.32,355.3,395.22
4125605,407.53,383.79,323.2,379.39
4125704,476.18,442.05,407,447.04
4125753,502.88,459.79,396.4,461.93
4125803,460.88,418.32,353.2,419.89
4125902,356,380,321.3,358.37
4126009,434.88,399.63,308.9,392.93
4126108,433.82,428.74,379.5,419.91
4126207,428.41,373.74,350.6,388.91
4126256,456.65,453.84,388.9,440.76
4126272,488.53,436.26,410.4,449.96
4126306,409.18,343,316.5,361.7
4126355,454.47,432.53,395,432.48
4126405,410.71,384.95,287.3,373.24
4126504,417.35,380.37,314,379.61
4126603,401.65,354.42,325.7,365.63
4126652,492.53,452.11,427.9,461.78
4126678,487.82,432.32,389.2,443.46
4126702,388.59,411.63,363.1,392.57
4126801,405.59,394.68,344.7,387.85
4126900,377.71,406.68,339.4,381.35
4127007,401.59,379.26,293.8,368.93
4127106,401.76,374.58,327.8,374.46
4127205,464.06,430.21,392.5,434.52
4127304,373.71,386.05,363,376.48
4127403,421.82,415.05,342.5,401.78
4127502,399.24,352.68,308.3,360.24
4127601,441.82,424.42,365.1,417.96
4127700,493.06,454.05,377.8,451.89
4127809,407.18,365.11,335.7,374.26
4127858,482.47,493.89,401.4,469.57
4127882,367.06,346.79,292.1,342.39
4127908,392.47,388.89,333.5,378.17
4127957,495.76,466.37,378.3,458.09
4127965,449.29,428.68,361.8,421.76
4128005,486.94,471.58,395.6,460.74
4128104,393.41,393.21,329.9,379.52
4128203,466,389.37,368.3,413.11
4128302,412,407.37,359,398.57
4128401,416.12,383.32,297.2,376.72
4128500,406,339.11,298.7,355.04
4128534,429.29,389.47,319.6,389
4128559,513,474.63,381.5,468.57
4128609,489.82,451.47,437.2,462.54
4128625,372.47,391.74,315.6,368.07
4128633,398.94,382.37,327,376.46
4128658,493.94,476.63,406,467.67
4128708,538.35,477,443.6,492.41
4128807,373,380.84,319.8,364.67
4200051,441.53,380.11,410.7,409.46
4200101,521.76,462.63,427.4,476.83
4200200,385.41,371.89,343.5,370.72
4200309,394.71,370,342.8,373.22
4200408,491.65,426.95,402.9,445.63
4200507,513.82,439.47,454,470.11
4200556,520,471.68,435.3,481.63
4200606,510.59,494.37,486.3,498.61
4200705,432.71,403,384.9,410.04
4200754,479.59,399,424.2,434.26
4200804,578.76,455.84,478.5,506.2
4200903,458.94,438.58,456.2,449.93
4201000,443.35,376.26,404.4,407.17
4201109,555.53,503.95,465.3,514.61
4201208,485.47,460.79,467.2,471.3
4201257,394.47,371.74,351,375.63
4201273,508,443.58,433.6,465.22
4201307,603.29,575.16,530,575.74
4201406,423.88,430.53,387.6,418.74
4201505,435.29,413.32,400.4,418.63
4201604,475.41,422.58,408,438.93
4201653,509.29,415.26,424.5,452.02
4201703,413.94,398.74,394.6,403.46
4201802,388.53,370.42,341.4,370.8
4201901,383.29,349.26,347.3,361.41
4201950,422.06,436.42,391.6,421.37
4202008,465.88,476.58,463.2,469.72
4202057,624.12,595.63,513.1,588.22
4202073,445.18,435.53,382.2,427.5
4202081,574,440.53,480.2,498.48
4202099,556.18,459.16,484.6,500.54
4202107,537.88,486.74,449.7,497.59
4202131,394.24,353.95,336,364.93
4202156,556.18,440.42,479.7,491.74
4202206,414.12,405.47,416.6,411.09
4202305,466.06,481.53,441,467
4202404,493.65,446,462,467.09
4202438,388.88,360.21,357.4,370.2
4202453,457.71,487.32,430.8,464.09
4202503,431.82,431.58,406.7,426.26
4202537,524.18,458.89,426.5,475.98
4202578,558.35,481.79,455.7,504.41
4202602,375.24,349.21,340.1,356.85
4202701,407.76,391.58,390.7,397.37
4202800,435.59,412.47,401.8,418.7
4202859,403.59,382.11,353.1,383.74
4202875,416.76,357.32,379.4,384.09
4202909,444,437.26,427.4,437.61
4203006,441.65,408.37,391.9,417.09
4203105,529.71,444.26,448.2,476.7
4203154,441.53,396.95,387.5,411.37
4203204,473.65,467.32,456.7,467.35
4203253,394.82,346,377.9,370.98
4203303,512.59,507.11,439.4,494.41
4203402,407.76,373.42,398.8,391.63
4203501,586.24,474.42,474.7,515.8
4203600,463.06,398.37,426.2,428.33
4203709,439.94,445.63,418.9,437.72
4203808,417.53,363.32,338.9,378.04
4203907,453.53,390.37,423.7,420.96
4203956,396.94,368.21,343.2,373.39
4204004,504.71,435.26,442.9,462.59
4204103,515.53,428.47,437.9,462.7
4204152,462.41,390,423.5,424.04
4204178,429.94,363.89,401.6,396.5
4204194,374.24,333.74,346.5,351.48
4204202,480.41,400.32,427.8,435.89
4204251,451.71,432.32,402.9,433.09
4204301,488.76,426.21,436.2,451.5
4204350,526.59,423.21,435.3,464.04
4204400,523.41,468.53,441,482.83
4204459,526.94,476.53,439.5,487.11
4204509,469.94,451.74,456.1,459.41
4204558,427.94,350.11,360.4,381.11
4204608,452.06,438.95,396.8,434.63
4204707,533.41,450.37,448.7,480.7
4204756,530.29,441.79,436.6,473.37
4204806,415.53,354.95,354.4,377.22
4204905,530.82,453,465.2,484.41
4205001,606.35,483.47,468.7,525.67
4205100,366.65,351.58,318.6,349.98
4205159,412.94,412.26,403.6,410.63
4205175,520.35,457.32,424.8,473.54
4205191,444.76,461.26,425.6,447.41
4205209,469.65,412.37,433.6,438.15
4205308,534,467.11,425.4,482.76
4205357,537.76,454.42,481.4,491.09
4205407,478.88,520.37,451,489.96
4205431,533.94,490.84,439,495.5
4205456,452.71,449.26,408.2,441.61
4205506,423.94,370.95,372.6,390.89
4205555,418.65,354.32,350,377.15
4205605,525.65,489.58,430.3,490.02
4205704,477.24,466.26,428.8,462.17
4205803,797.24,766.32,722.2,768.15
4205902,480.82,448.26,460.2,462.89
4206009,457.71,487.32,430.8,464.09
4206108,500.24,467.74,428.5,471.22
4206207,407.47,392.58,386.9,396.85
4206306,446.06,435.32,431.7,438.5
4206405,582.24,456.63,468.3,505.59
4206504,611.41,587.26,512,579.83
4206603,608.88,479.79,471,525.59
4206652,492.71,408.37,438.9,446.17
4206702,474.12,425.05,430,444.26
4206751,461.12,416.95,422.9,434.57
4206801,471,421.47,414.5,438.26
4206900,383.35,369.42,327.3,365.41
4207007,434.18,408.89,368.8,409.52
4207106,527.82,473.68,465.6,491.93
4207205,420.06,403.68,375.8,403.67
4207304,452.41,449.11,414.7,442.85
4207403,368.59,344,343.7,353.02
4207502,418.06,402.89,418.9,411.98
4207577,470.18,411.79,402.9,431.43
4207601,468.12,402.53,432.4,433.26
4207650,536,442.68,449.7,478.7
4207684,512.18,462.21,424.5,472.48
4207700,525.53,453.47,446,478.48
4207759,531.59,458.32,465,486.85
4207809,525.18,453.74,456,480.63
4207858,532.47,491.74,442,495.98
4207908,421.06,358.89,355.2,381.07
4208005,507.94,417.63,423.1,452.2
4208104,383,366.05,323.5,363.07
4208203,506.71,474.16,484,488.33
4208302,443.65,461.58,436.3,449.46
4208401,522.06,424.63,438.5,463.65
4208450,775,785.47,692.4,761.37
4208500,368.29,349.05,353,357.02
4208609,500,423.95,447.5,457.17
4208708,466.71,469.89,430,460.04
4208807,401.18,370.53,356.9,378.89
4208906,558.06,546.26,514.6,543.74
4208955,522.53,481.89,439.7,487.74
4209003,481.12,418.37,437.2,445.65
4209102,733.94,693.74,646.7,698.37
4209151,367.24,365.95,343.4,361.52
4209177,539.35,476.26,427.7,489.02
4209201,471.12,415.63,439.6,441.35
4209300,395.71,342.79,385.4,371.61
4209409,392,370.05,337,370.98
4209458,520.29,435.95,427.1,465.2
4209508,401.65,378.21,337.1,377.93
4209607,450.71,430.53,409,433.3
4209706,406.94,383.47,343.6,383.48
4209805,400.71,380.63,403.9,393.11
4209854,526.47,460.37,449.1,482.35
4209904,395.88,360.74,331.5,367.37
4210001,519.35,456.37,453.2,478.96
4210035,485.35,430.89,424,449.52
4210050,478.12,409.05,402.3,433.11
4210100,395.59,368.37,330.6,370.22
4210209,437.59,414.47,407.8,421.57
4210308,408.29,370.47,344.8,378.87
4210407,432.53,427,391.9,421.41
4210506,532.71,450.63,443.7,479.46
4210555,529.88,442.53,429.8,472.04
4210605,550.29,483.32,480.9,507.54
4210704,459.35,393.32,376.4,414.04
4210803,458.35,466.89,433.4,456.46
4210852,449.47,397.79,390.4,415.28
4210902,530.65,466.37,449.1,486.37
4211009,536,442.68,449.7,478.7
4211058,424,367.95,375,390.2
4211108,438.94,392.63,360,402.65
4211207,417.94,401.11,372.3,401.07
4211256,480.06,479,444.5,471.89
4211306,509.12,451.11,462.3,474.98
4211405,523.35,453.16,441.9,476.65
4211454,521.18,452.63,442.7,475.8
4211504,448.47,421.05,412.7,429.37
4211603,462.12,462.89,419,453.07
4211652,537.53,492.89,437.1,497.26
4211702,477,448.37,428.7,454.67
4211751,388.24,373.63,339.7,371.65
4211801,482.76,412,437.4,443.67
4211850,531.53,460.32,422.6,478.43
4211876,483.24,411.26,422.1,440.22
4211892,385.94,351.42,370,368.22
4211900,507.76,522.26,479.5,507.61
4212007,602.94,478.89,480.1,525
4212056,420.59,347.89,355.8,376.48
4212106,522.35,447.84,439.9,473.65
4212205,423.12,387,345.4,391.3
4212239,576.76,439.42,477.7,498.5
4212254,429.59,417.05,360.5,409.39
4212270,518.47,459.26,423.7,473.41
4212304,501.24,502.63,465.6,494.07
4212403,431.71,411.63,409.4,418.57
4212502,508.94,454.37,467.6,477.41
4212601,481.76,411.68,433.4,442.3
4212650,392,370.05,337,370.98
4212700,377.71,367,339.2,364.91
4212809,525.06,471.53,453.9,487.48
4212908,520.59,456.79,442.4,477.24
4213005,463.94,412.37,413.8,431.74
4213104,463.82,391.84,425.6,425.78
4213153,511.59,435.26,451.2,466.93
4213203,481.82,456.89,461.9,467.2
4213302,431.41,365.79,365.7,390.02
4213351,442.76,377.53,364.8,398.87
4213401,519.76,448.26,441,473.11
4213500,443.65,461.58,436.3,449.46
4213609,447.88,368.32,361.3,396.2
4213708,405.59,390.26,363.7,390.15
4213807,442.76,402.16,360.1,408.02
4213906,481.12,413.63,438.2,443.91
4214003,379.53,363.42,324.5,360.91
4214102,391,377.05,359,378.28
4214151,607.76,470.32,463.1,519.54
4214201,528.82,476.74,439.6,487.91
4214300,454.59,443.84,454.1,450.04
4214409,461.82,396.58,380.3,417.15
4214508,453,411.16,374.3,418.61
4214607,407.24,384.58,364.3,388.54
4214706,459.18,447.89,454.7,453.54
4214805,383.59,369.42,319.1,363.72
4214904,531.35,467.84,442.5,485.8
4215000,425.06,418.47,408.7,418.78
4215059,386.12,364.89,362.5,372.22
4215075,533.18,448.21,453.6,480.78
4215109,418.47,417.89,423.8,419.39
4215208,557,443.16,473.5,491.83
4215307,438.47,389.95,384.9,406.78
4215356,557.94,484.68,455.2,505.35
4215406,496.12,421.89,412.7,447.33
4215455,407.94,387.63,364.9,390.2
4215505,439.47,378.26,357.6,396.39
4215554,537.35,443.47,460.8,481.93
4215604,531.35,467.84,442.5,485.8
4215653,436.88,435.21,376.9,423.15
4215679,421.29,392,350.4,393.78
4215687,575.82,467.47,472.7,508.65
4215695,514.29,468.11,422.5,475.26
4215703,509.35,520.37,477.2,506.91
4215752,573.65,483.68,458,511.35
4215802,434.35,430.58,372.4,419.33
4215901,554.59,515,464.6,518.67
4216008,524.76,439.79,434,469.93
4216057,448.06,374,372.8,401.11
4216107,528.71,474,428.3,484.28
4216206,697.12,691.84,614.8,677.04
4216255,536.88,441.42,447.9,478.11
4216305,469,451.89,447.5,457.26
4216354,549.47,512.74,447.7,512.17
4216404,441.53,424.05,356.2,415.76
4216503,397.47,357.32,373.1,375.59
4216602,468.06,497,444.5,474.89
4216701,606.18,472.68,473.3,522.15
4216800,401.71,355.89,369.6,375.8
4216909,564.76,484.21,447.6,506.02
4217006,428.24,403.79,405.7,413.24
4217105,466.18,445.95,424.8,448.83
4217154,552.94,452.26,468,492.89
4217204,546.53,435.84,482.7,486.93
4217253,482.35,467.42,472.2,473.98
4217303,534,461.21,439.8,483.46
4217402,697.82,647.89,583.3,652.3
4217501,509.35,420.11,421.9,453.48
4217550,558.35,481.79,455.7,504.41
4217600,436.12,424.95,391.3,421.76
4217709,441.82,445.11,415.4,437.43
4217758,548,478.32,448.1,497.5
4217808,445.41,394.84,387.7,411.98
4217907,455.24,411,409.5,427.02
4217956,554.35,467.26,454.6,496.7
4218004,433.18,463.53,403.4,439.24
4218103,451.29,437.42,428,440.5
4218202,437.53,422.89,423,428.33
4218251,401.18,356.53,344.7,370.46
4218301,402.71,364.58,306.2,365.98
4218350,446.82,426.84,401.7,428.76
4218400,414.53,391.11,380.3,397.41
4218509,489.82,439.21,415.4,452.74
4218608,395.59,385,340,379.13
4218707,404.65,382.37,369,387.7
4218756,537.35,443.47,460.8,481.93
4218806,462.94,468.42,429.2,457.87
4218855,522.53,481.89,439.7,487.74
4218905,431.71,408.84,375.6,410.07
4218954,394.41,360.58,366.7,374.41
4219002,447.82,429.26,416,433.24
4219101,520.41,452.42,422.4,471.02
4219150,422.24,368.84,398,394.91
4219176,518.65,448.16,452.3,475.11
4219200,367.94,347.26,348.3,355.13
4219309,459.47,418.32,405.2,430.67
4219358,395,366.37,346.9,372.72
4219408,392.29,365.79,356.7,373.61
4219507,522.71,435.16,432.9,467.02
4219606,520.65,440.42,431.8,468.2
4219705,527.71,430.68,431.1,466.63
4219853,463.71,397.11,436.5,430.28
4220000,433,425.89,394,421.59
4300034,412.71,307.05,409.5,368.37
4300059,450.12,382.16,385.7,408.04
4300109,469.65,405.32,389.6,425.67
4300208,483.71,408.32,418.5,438.39
4300307,491.12,425.89,434.8,451.93
4300406,499.06,398.11,422.1,440.63
4300455,485.59,429.68,423.9,449.09
4300471,464.18,399.26,395,422.33
4300505,506.94,438.32,416.3,458.89
4300554,439.29,388.16,347.2,398.15
4300570,384.71,379.47,373.1,380.02
4300604,350.53,322.58,327.7,334.02
4300638,360.41,318.11,323.8,334.98
4300646,511.29,446.68,421.6,465.11
4300661,426.18,349.16,377.4,383.76
4300703,445.53,458.05,417.8,444.67
4300802,424.76,359.58,394.3,391.22
4300851,370.88,331.74,365,353.43
4300877,384.24,360.37,349.5,366.83
4300901,483,405.37,424.7,438.26
4301008,437,439.63,398,429.61
4301057,467,446,376.4,438.63
4301073,431,375.11,409.4,403.22
4301107,340.29,303.74,305.4,317.61
4301206,465.29,380.89,387.7,413.57
4301305,384.53,325.74,399.2,363.43
4301404,450.76,432.58,410,434.39
4301503,492,437,411.4,451.76
4301552,476.88,402.37,403.6,430.17
4301602,416.29,315.47,422,375.89
4301636,339.59,289.05,308.9,312.04
4301651,379.76,376.26,365.2,375.15
4301701,477.82,418.21,421.3,440.91
4301750,362.35,336.53,346.7,348.28
4301800,463.82,382.21,418.4,420.24
4301859,539.35,428.74,442.8,472.67
4301875,422.06,346.37,417.4,389.78
4301909,352.82,318,325.4,332.48
4301925,476.59,421.05,427.1,442.89
4301958,469.65,399.32,399.3,425.3
4302006,461.47,399.21,382.9,418.67
4302055,472,424,428.2,442.65
4302105,362.76,358.21,355.5,359.3
4302154,465.94,408.89,401.8,428.43
4302204,506.29,439.58,414.9,458.87
4302220,475.12,436,388.5,440.13
4302238,444.82,378.95,359.5,399.07
4302253,395.76,383.37,360.6,383
4302303,400.06,336.53,368.6,366.98
4302352,376.06,373.16,361.1,371.61
4302378,517.12,435.79,424.7,463.43
4302402,367.47,335.37,302.7,340.13
4302451,498.59,423.11,394.4,444.76
4302501,520.76,457.79,456.6,480.8
4302584,480.94,406.95,408.5,434.63
4302600,515.53,426.42,419.1,457.76
4302659,360.82,348.05,318.2,346.28
4302709,356.94,316,296.9,326.98
4302808,426.65,346.05,384.3,384.15
4302907,486.18,384.74,419.2,429.72
4303004,400.71,351.74,352,369.89
4303103,350.53,322.58,327.7,334.02
4303202,469.59,377,398.5,415.89
4303301,479.41,406.47,438.2,440.33
4303400,535.76,445.74,434.2,476.5
4303509,369.06,335.74,362.8,353.93
4303558,427.12,402.47,362.6,402.91
4303608,430.35,391.89,357.3,398.59
4303673,419.06,359.37,393.8,388.91
4303707,502.41,408.47,455.3,453.37
4303806,459.47,416.32,405.6,429.93
4303905,361.53,349.37,339.9,351.8
4304002,504.94,449.89,411.6,461.91
4304101,452.59,381.79,349,400.83
4304200,472.29,408.89,397.8,429.91
4304309,487.88,397.95,438.9,440.09
4304358,395.41,310,413,363.96
4304408,424.53,390.16,375.8,399.74
4304507,410,344.37,381.9,376.78
4304606,359.06,327.84,324.7,338.7
4304614,457.29,404.21,375,417.48
4304622,447.18,359.26,384,397.13
4304630,426.59,406.58,360.2,403.89
4304655,516.65,433.68,446.9,467.22
4304663,399.18,343.95,374.9,371.09
4304671,340,297,303.3,314.26
4304689,361.71,334,326.7,342.65
4304697,435.18,435.58,403.3,428.41
4304705,459.47,389.26,386,414.5
4304713,404.59,362.16,351,375.41
4304804,367.29,364.16,352,362.67
4304853,480.12,392.11,408.5,428.2
4304903,455,371.37,387.4,405.76
4304952,449.94,373.53,392,405.78
4305009,504.59,427.84,415.1,453.43
4305108,407.53,373.84,388.8,389.54
4305116,476.88,402.37,403.6,430.17
4305124,421.35,347.16,392.9,384.52
4305132,479.94,415.26,400.4,435.93
4305157,480.59,422.16,405.6,440.15
4305173,361,339.53,365.4,353.09
4305207,477.47,393.16,452.5,437.22
4305306,456.53,400.58,398.6,420.83
4305355,346.24,300.16,292.5,315.52
4305371,469.94,395,400.5,423.89
4305405,483.24,431.68,412.6,446.59
4305439,356.88,321.89,395,350.72
4305447,364.35,335.74,343.8,348.07
4305454,350.35,293.89,310.9,318.46
4305504,450.59,369.95,384.7,402.96
4305587,416.94,418.95,392.7,412.5
4305603,447.12,387.11,359.3,403.24
4305702,458.18,412.74,401.2,427.02
4305801,471.94,417.42,411,436.17
4305835,452.06,442.63,390.4,434.76
4305850,461.12,385.95,393.7,415.41
4305871,489.35,437.74,404.4,449.57
4305900,487,420.42,413.1,443.43
4305934,394.06,387.47,377.9,387.83
4305959,401.06,371.11,397.7,387.96
4305975,448.47,390.05,372.5,407.83
4306007,499.24,431.16,417.7,453.39
4306056,377.41,341.11,364.8,359.67
4306072,516.47,440.42,425.2,465.22
4306106,449.71,385.37,367.9,405.35
4306130,469.35,420.16,410.1,436.15
4306205,405.94,377.05,344.1,380.57
4306304,447.82,374.42,384.6,403.76
4306320,530.18,423.05,438.7,466.04
4306353,506.35,429.53,464.7,465.57
4306379,452.59,383.05,387.9,409.8
4306403,390,380,366,380.65
4306429,503.47,409.21,406.8,443.52
4306452,439.76,444.74,420.7,437.67
4306502,367.53,326.63,329.1,342.28
4306551,474.53,447,374.7,441.46
4306601,435.35,332.26,449.4,395.83
4306700,470.18,411.95,392.6,429.26
4306734,470.18,424,425.6,441.41
4306759,442,461.37,417.5,444.67
4306767,347.94,299.89,300.3,317.74
4306809,435.18,435.58,403.3,428.41
4306908,374.71,332.16,331.3,347.7
4306924,471.94,417.42,411,436.17
4306932,487.47,422.47,422.7,446.54
4306957,477.65,429.84,428.4,447.2
4306973,469.94,404.21,392.5,425.96
4307005,473.41,412.89,400.2,432.5
4307054,433.88,410.32,371.5,410.59
4307104,391.18,320.63,405.7,365.2
4307203,478.65,409.05,422.2,437.63
4307302,512.12,428.84,411,455.74
4307401,445.35,368.84,398.4,403.54
4307450,508.24,431.68,416.7,456.72
4307500,434.76,399.47,342.8,400.2
4307559,468.65,398.42,389.5,422.43
4307609,379.94,365.74,352.9,368.2
4307708,357.41,329.95,328.6,339.8
4307807,415,417.79,371.5,406.7
4307815,462.18,381.11,387.9,412.54
4307831,495.12,435.68,422.6,454.8
4307864,436.35,399.11,399.1,412.87
4307906,383.29,378,372.6,378.78
4308003,474.12,411.11,386.2,428.98
4308052,484.65,414.47,424.4,442.57
4308078,407,403.89,338.4,390.8
4308102,386.06,376.37,366.3,377.76
4308201,393.41,354.26,386.2,375.67
4308250,479.29,399.68,394.6,428
4308300,443.12,397.42,388.2,412.3
4308409,443.24,380.26,372.7,401.89
4308433,451.65,432.47,369.3,425.83
4308458,441.06,381.89,362.1,399.46
4308508,517.24,439.16,420.5,463.96
4308607,374.82,366,356.1,367.11
4308656,519.41,462.89,487.1,489.04
4308706,471.88,404.05,410.2,430.46
4308805,358.88,310.47,291.6,324.26
4308854,446.53,373.79,381.3,402.3
4308904,475.47,402.53,396.7,428.22
4309001,492.06,435.05,433,455.67
4309050,362.71,327.26,328,340.52
4309100,430.35,398.63,388.8,408.22
4309126,500.35,433.53,426.1,456.61
4309159,476.65,408.16,382.7,427.93
4309209,355.59,321.32,330,335.87
4309258,443.65,354.89,383.2,393.85
4309308,348.82,301.47,297.1,318.02
4309407,464.59,445.32,407.2,444.15
4309506,496.82,415.21,437.2,450.15
4309555,362.65,364.74,347.5,360.22
4309571,483.59,417.89,391.2,436.37
4309605,483.71,420.32,417.6,443.15
4309654,395.06,308.63,408.3,362.24
4309704,516.18,433.16,425.8,462.24
4309753,464.06,397.58,396.8,421.98
4309803,449.94,375.47,394,407.02
4309902,449.71,368.21,396.7,404.52
4309951,421.29,401.42,369.5,401.83
4310009,455.06,390.79,372.1,410.48
4310108,404.24,380.21,349.3,382.37
4310207,482.71,415.74,405.4,438.24
4310306,449.88,447.32,416,441.46
4310330,402.47,348.26,344.5,367.48
4310363,402.71,392.58,380.9,393.78
4310405,484,437.53,432.8,453.67
4310413,487.35,431.47,424.1,450.52
4310439,424.24,353.37,396.7,388.98
4310462,468.12,401.21,388.1,423.09
4310504,519.65,446.63,436.7,471.46
4310538,479.94,403.63,373.8,425.35
4310553,512.47,452.16,468.7,478.04
4310579,438.24,391.47,386.9,407.76
4310603,492.65,400.21,454.1,446.09
4310652,467.65,447.84,377.7,439.91
4310702,470.76,410.37,428.8,436.7
4310751,465.24,407.37,383.9,423.65
4310801,380.71,372.16,359.6,372.59
4310850,480.82,406.95,400.7,432.89
4310876,449.76,378.47,356.3,400
4310900,454,409.11,398.4,423.37
4311007,372.41,316.37,399.6,355.17
4311106,514.41,432.68,444,465.35
4311122,393.06,353.47,361,369.74
4311130,504.76,437.42,418.1,458.11
4311155,493.82,427.05,412.2,448.5
4311205,456,385.74,374.5,409.26
4311239,471,403,398.6,427.17
4311254,484.82,402.95,378.2,427.83
4311270,436.41,375.84,350.5,392.72
4311304,441.41,358.74,377.5,393.37
4311403,443.59,427.84,359.4,418.78
4311429,472.71,408.95,398.7,430.28
4311502,437.12,339.79,423.4,393.93
4311601,488.59,428.16,413,447.2
4311627,375.71,373.47,359.3,371.22
4311643,386.06,376.37,366.3,377.76
4311700,458.82,378.53,424,418.09
4311718,497.76,420.63,457.8,457.22
4311734,440.59,421,359.3,414.83
4311759,525.18,419.58,454.8,466.26
4311775,429.71,396.05,360,400.65
4311791,370.76,363.11,329.7,358.67
4311809,440.12,381.79,361.7,398.98
4311908,479.59,399,424.2,434.26
4311981,347.65,315.63,319,328.2
4312005,481.18,410.05,415.3,437.48
4312054,469.88,456.42,392.6,447.52
4312104,494.65,414,429.1,447.09
4312138,458.47,385.21,372,409.41
4312153,422.47,384.79,353.8,391.98
4312179,484.82,401.11,435.8,439.59
4312203,475.94,388.58,415.9,426.8
4312252,355.88,309.05,298.8,324.13
4312302,520.82,423.21,422.5,459.13
4312351,450.29,374.79,389.2,405.83
4312377,415.06,356.47,386,384.54
4312385,383,382.47,375.7,381.2
4312401,343.35,312.89,306.6,322.78
4312427,435.53,414.63,369.6,412.57
4312443,464.94,444.79,371.6,436.33
4312450,438,366.84,393.5,398.93
4312476,390,380,366,380.65
4312500,316.59,282.63,294.8,297.83
4312609,421.35,432.16,406.2,422.52
4312617,427.35,355.05,383.2,387.89
4312625,454.35,370.89,396.7,407.35
4312658,451.29,385.84,363.1,405.09
4312674,422.41,397.37,370.3,400.74
4312708,494.24,420.11,424.6,448.48
4312757,438.24,391.47,386.9,407.76
4312807,449.12,360.16,380.1,397.37
4312906,446.82,364.26,388.9,400.13
4312955,474.59,397.68,395.9,425.72
4313003,450.59,430.47,394.8,430.15
4313011,493.82,415.63,408.8,443.04
4313037,531.29,437.05,457.3,476.28
4313060,404.47,386.79,356.9,386.83
4313086,395.76,369.42,387.9,383.17
4313102,471.82,398.68,381.4,421.96
4313201,413.12,387.37,383.3,396
4313300,439.47,363.42,374.9,394.02
4313334,481.24,426.32,411.9,443.48
4313359,401,367.32,384.9,383.59
4313375,361.41,317.26,316.2,333.35
4313391,465.47,404.47,392.6,424.43
4313409,359.59,334.63,327.8,342.37
4313425,473.88,431,433.4,447.37
4313441,494.47,433.89,410.5,451.2
4313466,475,416.11,401.4,434.67
4313490,467.24,411.53,405.8,430.87
4313508,367.82,310.42,325.9,335
4313607,464.59,382.32,404.7,417.59
4313656,322.24,289.37,292.4,302.17
4313706,461.29,408.58,404.8,427.24
4313805,529.24,430.79,413.8,463.48
4313904,473.47,414.47,406,434.43
4313953,385.41,330.05,338,352.24
4314001,449.12,360.16,380.1,397.37
4314027,468.53,406.58,398.6,427.74
4314035,351.94,342.79,323.2,341.91
4314050,386.35,350.74,343.2,362.26
4314068,481.06,402.16,397.9,430.39
4314076,417.24,360.21,335.9,376
4314100,442.53,390.47,371.6,405.61
4314134,473.71,406.37,399.6,429.78
4314159,362,354.47,319.1,349.57
4314175,411.65,327.95,416.3,378.09
4314209,404.47,331.47,395.5,372.37
4314308,458.88,403.63,396.1,422.41
4314407,429.06,364.95,406.8,397.74
4314423,389.82,376.74,366.8,379.41
4314456,496.41,434.47,406.1,451.2
4314464,469.82,386.26,406.5,421.54
4314472,445.47,369.21,368.1,397.15
4314498,535.82,438.53,434.1,473.52
4314506,391.53,316.95,420.5,367.02
4314548,395.18,364.63,387.4,380.87
4314555,522.06,448.26,477.6,481.91
4314605,407.18,323.26,420.5,375.41
4314704,515.53,438.05,432.6,465.5
4314753,369.76,368.68,347.5,364.48
4314779,460.12,401.42,394.9,421.7
4314787,465.53,417.26,410,433.52
4314803,374.41,358.05,348.5,362.02
4314902,357.35,329.32,326,338.96
4315008,510.06,421.11,462.8,463.04
4315057,472.71,427.05,433.7,445.37
4315073,496.24,426.68,445.1,456.39
4315107,519,450.16,470.1,479.93
4315131,454,452,398.4,441.09
4315149,380.71,372.16,359.6,372.59
4315156,457.71,403.95,369.4,416.3
4315172,432,364.58,393.9,395.87
4315206,456.24,445.11,406.2,440.76
4315305,487.71,379.68,441.6,433.07
4315313,460.41,407.26,398.7,425.04
4315321,502.29,414.11,392.8,442.07
4315354,448.12,382.74,355.4,400.96
4315404,512.65,421.58,413,453.37
4315453,444.88,436.74,395.9,430.87
4315503,446.29,388.89,381.1,408.41
4315552,498.35,418.53,433.3,451.24
4315602,358.18,325.74,379.6,349.43
4315701,394.18,340.26,329.5,357.85
4315750,422.18,384.53,351.7,391.3
4315800,424.88,428.32,397,420.24
4315909,504.71,446.26,412.9,460.61
4315958,484.53,402.32,453.3,443.78
4316006,375,342.32,332.9,352.35
4316105,469.65,412.42,407.4,432.48
4316204,469.94,401.74,402.9,427.2
4316303,512.12,436,468,471.09
4316402,473.47,377.74,426.8,423.78
4316428,472,413.63,402.6,432.8
4316436,467.88,404.95,398,426.7
4316451,441.29,371.16,359.9,394.63
4316477,492.71,408,459.1,450.41
4316501,368.88,371,343.8,364.3
4316600,462.94,385.11,388.4,414.59
4316709,447.53,403.21,376.5,413.78
4316733,453.47,381.58,389.3,409.83
4316758,453.47,428.37,373.1,425.63
4316808,454.29,391.53,356,407
4316907,467.29,391.47,386.8,418.48
4316956,422.82,407.63,380.7,407.39
4316972,436.53,338.58,395.6,387.17
4317004,397.41,337.95,376.8,368.37
4317103,481.82,370.79,454.4,430
4317202,483.06,421.63,439.2,448.15
4317251,405,384.21,383.3,391.7
4317301,357.88,320.84,392,350
4317400,542.24,443.68,454,482.35
4317509,501.35,421.32,422.7,451.2
4317558,448.71,374.11,380.4,403.04
4317608,367.35,322.84,315.1,337.61
4317707,511.65,458.47,484.2,483.72
4317756,446,399,377.2,411.63
4317806,487.71,421.84,410.7,443.76
4317905,495.71,428.42,441.1,456.04
4317954,463.41,375.05,395.5,412.15
4318002,496.47,426.63,440.8,455.52
4318051,448.18,371.05,383.1,402.17
4318101,535.71,434.26,460.1,477.37
4318200,407.65,360.21,363.4,378.43
4318309,433,331.95,400,384.09
4318408,359.71,323,313.3,334.46
4318424,472.76,391.05,404.8,424.24
4318432,456.88,398.74,380,416.15
4318440,449.24,367.47,382.9,401.04
4318457,472,413.63,402.6,432.8
4318465,453.59,447.95,411.1,442.02
4318481,375.71,373.47,359.3,371.22
4318499,483.76,431,432.1,450.74
4318507,373.65,338.32,366.5,357.5
4318606,474.24,388.21,416.8,426.22
4318614,362.65,364.74,347.5,360.22
4318622,452,432.11,431,439.22
4318705,359.12,338.53,328.6,343.98
4318804,382.35,346.63,371.9,365.33
4318903,512.35,430.58,454.9,466.09
4319000,409.41,353.84,394.1,383.13
4319109,504.65,443.95,419.3,461.02
4319125,484.47,408.95,380,430.57
4319158,500.47,444.68,437.9,463.83
4319208,509.12,447.42,476.8,476.61
4319307,519.94,429.16,461.7,469.78
4319356,368.88,371,343.8,364.3
4319364,472.71,408.95,398.7,430.28
4319372,487.47,413.68,454.1,449.74
4319406,481.29,399.47,407.7,431.5
4319505,365.35,361.21,350.5,360.41
4319604,427.18,337.68,394.1,383.02
4319703,478.06,418.89,423.5,441.76
4319711,415.59,413.79,399.4,411.33
4319737,504.65,433.68,422.5,457.48
4319752,384.71,379.47,373.1,380.02
4319802,483.29,383.89,427.1,430.02
4319901,384.24,360.37,349.5,366.83
4320008,357.41,329.95,328.6,339.8
4320107,476.18,405.05,404,431.11
4320206,496.59,420.84,410,446.48
4320230,503.76,440.32,413,457.83
4320263,480.59,397.95,391.5,427.09
4320305,444.88,375.53,352.9,396.24
4320321,499.35,417.47,431.9,450.87
4320354,365.76,337.79,364.7,353.98
4320404,449.29,404.68,382.2,416.28
4320453,457.29,404.21,375,417.48
4320503,462.88,396.26,387.3,418.93
4320552,354.82,331.11,330.9,339.83
4320578,491.29,414.42,429.6,446.13
4320602,471.59,403.79,405.4,429.2
4320651,468.82,394.89,391.6,421.5
4320677,488.29,411.68,374.3,431.87
4320701,466.24,395.26,395.6,421.57
4320800,426.94,394.32,354.1,397.63
4320859,351.71,325.58,299.1,329.48
4320909,469.29,394.63,399.7,423.33
4321006,436.59,378.32,353.6,394.48
4321105,350.59,329.68,345,340.74
4321204,386.94,340.16,343,358.07
4321303,351.35,319.63,292,325.35
4321329,524.65,425.58,410.9,459
4321352,340.65,291.79,322.3,316.48
4321402,519.41,432.63,419.9,461.93
4321436,426.59,406.58,360.2,403.89
4321451,400.94,394.26,358,388.85
4321469,428.88,411.63,372.5,409.5
4321477,513.65,431.26,423.2,459.96
4321493,497.65,419,416.7,447.57
4321501,474.53,447,374.7,441.46
4321600,354.24,303,319.4,325.5
4321626,450.59,430.47,394.8,430.15
4321634,471.59,403.79,405.4,429.2
4321667,469,443.95,375,438.22
4321709,411.47,380.89,364.9,388.72
4321808,473.24,432.32,426.3,446.13
4321832,466.71,446.84,376.2,438.83
4321857,457,421.47,404.4,430.89
4321907,501.29,431.05,415.6,453.65
4321956,482.82,430.32,424.4,448.43
4322004,346.24,305.11,292.3,317.52
4322103,476.88,427.68,431,446.59
4322152,467.12,395.58,366.3,415.65
4322186,469.35,378,395.2,415.5
4322202,501.47,421.74,409.5,448.54
4322251,375.71,369.79,356.3,369.04
4322301,483.29,431.37,435.3,451.41
4322327,411.35,361.16,400.1,388.17
4322343,487.76,397.79,432.8,438.65
4322350,441.76,387.16,383.6,406.57
4322376,530.29,444.84,473.3,482.61
4322400,451.88,385.42,442.2,422.33
4322509,409.88,340.21,378.5,374.28
4322525,376.65,322.16,301.1,337.72
4322533,485.24,414.37,389.1,435.07
4322541,397.24,377.05,375.4,384.15
4322558,447.82,374.42,384.6,403.76
4322608,422.47,384.79,353.8,391.98
4322707,440.59,381.21,366.9,400.04
4322806,387.88,360,379.6,374.57
4322855,430.41,447.95,411.8,433.61
4322905,476.12,389.32,417.1,427.43
4323002,335.06,311.16,312.6,320.3
4323101,532,443,437.9,474.78
4323200,429.41,408.16,368.2,407.33
4323309,412.06,366.16,383.9,386.98
4323358,469.53,395,387.7,420.96
4323408,449.35,369.47,373.6,399.89
4323457,433.53,339.42,385.4,384.2
4323507,529.24,430.79,413.8,463.48
4323606,436.35,399.11,399.1,412.87
4323705,539.35,428.74,442.8,472.67
4323754,481.94,414.68,423.8,441.52
4323770,400.94,394.26,358,388.85
4323804,417.18,362.47,347.1,379.35
5000203,478.12,486.37,432.5,471.61
5000252,586.24,598.32,535.1,580.11
5000609,426.29,480.42,363.2,434.93
5000708,383.59,412.32,383.6,395.46
5000807,397.18,418.16,342.2,393.89
5000856,402.65,444.53,304.3,398.57
5000906,450.53,471.89,402.6,448.93
5001003,430.76,417.68,397.2,418.07
5001102,378.88,419.32,368.6,393.35
5001243,460.29,496.26,391.7,460.24
5001508,444.41,477.79,407.6,450.2
5001904,400.88,420.63,332.4,394.15
5002001,367.76,400.79,323.9,371.87
5002100,428.35,452.26,373.5,426.3
5002159,358.88,395.26,355.8,373.24
5002209,382.65,389.89,364.9,381.78
5002308,408.06,422.58,328,396.65
5002407,414.76,440.32,348.8,410.98
5002605,439.82,482,440.9,457.48
5002704,413.35,458.53,356,419.54
5002803,423.12,436.58,394.2,422.39
5002902,523.53,489.47,475.1,498.93
5002951,550.47,562,521.5,548.93
5003108,412.06,426.42,390.4,413.28
5003157,461.53,498.68,383.7,459.96
5003207,364.12,358.53,364.3,361.85
5003256,571.65,555.05,520.6,553.7
5003306,471.12,492.11,461.7,477.74
5003454,402.94,445.84,315.8,401.72
5003488,413.76,426.89,397.5,415.65
5003504,419.76,437.11,325.9,406.52
5003702,435.53,455.32,362.8,427.89
5003751,383.65,426.53,319.5,387.41
5003801,424.29,454.32,336.7,417.65
5003900,491.47,497.11,459.5,486.85
5004007,392.06,441.68,312,395.15
5004106,413.88,416.89,368.7,405.3
5004304,393.76,446.68,328.2,401.37
5004403,524.94,501.63,441.5,497.17
5004502,434.71,444.53,362.7,423.11
5004601,378.35,425.37,314,383.78
5004700,400.65,450.58,303.9,400.24
5004809,413.94,446.68,321.3,407.33
5004908,462.24,485.53,389.4,456.02
5005004,402.24,389.53,361.8,388.2
5005103,392.47,431.26,317.5,392.2
5005152,408.53,442.21,332.1,405.83
5005202,352.76,333.32,349.6,344.04
5005251,443.47,481.53,386.9,446.89
5005400,432.29,442.79,372.1,423.54
5005608,356.76,390.74,356.2,370.67
5005681,409,412.42,324.9,392.13
5005707,376.53,430.26,318.6,386.13
5005806,374.12,387.37,359.7,376.46
5006002,404.24,439,344.7,405.65
5006200,411.47,459.05,311.8,409.46
5006259,350.53,399.63,286.2,356.83
5006275,494,520.74,486,503.3
5006309,475.47,447.26,427.4,453.37
5006358,450.35,479.74,366.8,444.33
5006408,543.71,581.26,511.5,552.22
5006606,450.47,482.95,407.6,454.57
5006903,400.06,408.47,340.2,390.52
5007109,415.94,434.79,362.9,412.2
5007208,403.88,447.47,339.7,407.93
5007307,415.12,441.32,402.6,423.22
5007406,416.94,445.95,434.7,432.78
5007505,440.12,462.32,393.7,439.2
5007554,423.53,427.89,340.3,407.24
5007695,426.53,457.37,435.5,441.22
5007703,424.59,459.05,348.4,422.26
5007802,440.24,441.47,397.6,431.48
5007901,432.29,447.11,371.7,425.24
5007935,595.12,647.05,529.2,602.24
5007950,427.88,469.05,359,429.91
5007976,337.76,381.63,302.4,348.2
5008008,432.65,449.63,384.3,429.15
5008305,427.06,427.84,351.9,411.04
5008404,407.24,437.16,327.3,402.22
5100102,543.47,600.32,580.7,575.04
5100201,617.76,561.74,609.5,592.83
5100250,805,831.16,846.6,824.85
5100300,595.41,595.58,539.8,583.39
5100359,581.71,601.37,598.3,593.43
5100409,583.24,548.42,532.1,557.74
5100508,633.76,659.63,634.5,644.61
5100607,616.06,634.05,559,611.09
5100805,844.65,867.79,827.1,850.39
5101001,555.29,458.26,463.6,495.28
5101209,561.18,544.53,530.3,547.59
5101258,551.88,564.84,524.3,551.24
5101308,664.35,652.53,670.9,660.89
5101407,809.29,785.32,758.7,788.39
5101605,398.82,398.68,413,401.85
5101704,560.06,619.68,541.6,580.67
5101803,548.76,440.74,508.6,495.41
5101852,585.65,596.84,601,593.61
5101902,710.06,694.26,756,713.52
5102504,420.47,465.95,458.6,447.54
5102603,595.53,542.32,560.7,565.98
5102637,688.35,683.79,683,685.3
5102678,567,588,574.9,577.39
5102686,720.41,760.89,717.6,736.52
5102694,639.29,624.63,638.7,633.11
5102702,604.88,573.42,595,589.74
5102793,771.12,784,819.8,787.02
5102850,811.41,782.42,786.7,794.07
5103007,626.35,681.42,606,644.67
5103056,755.06,794.63,764.5,773.46
5103106,551.47,506.74,517.7,525.65
5103205,759.94,781.74,779.2,773.13
5103254,882.88,871.84,910.8,884.39
5103304,731.24,820.21,762.7,774.83
5103353,679.71,637,705.4,667.65
5103361,589.59,639.05,551.9,601.83
5103379,829.65,854.11,827.8,839.35
5103403,636.35,673.47,617.7,647.63
5103437,481.76,516.16,480.3,495.65
5103452,625.88,647.84,643.4,638.76
5103502,688.35,659.37,691.7,677.11
5103601,586,584.05,642.6,597.5
5103700,766.12,767.79,794.6,773
5103809,528,547.95,521.9,534.91
5103858,643.47,639.37,692.7,652.48
5103908,554.06,519,560.8,541.04
5103957,463.18,515.42,505.1,493.87
5104104,760.53,791.32,753,771.61
5104203,573.88,560.37,562,565.72
5104500,540.47,558.63,535.3,546.85
5104526,706.18,699.58,715.9,705.57
5104542,731.65,742.53,770.5,744.59
5104559,737.71,757.32,754.7,749.5
5104609,564.41,562.16,519.5,553.72
5104807,560.59,603.16,625.4,592.26
5104906,516.47,569.32,514,537.76
5105002,549.71,583.42,529.7,559.28
5105101,773.24,771.37,771.2,772.02
5105150,750.18,725.42,755.8,741.17
5105176,834.71,817.37,799,819.78
5105200,510.29,523.68,541.7,522.65
5105234,524.24,563.16,492.4,533.39
5105259,688.82,621.95,674,657.98
5105309,650.41,646.95,684.1,656.3
5105507,541.18,556.63,524.3,543.89
5105580,721.29,802.53,799.6,771.87
5105606,760.12,791.74,787.2,779.07
5105622,476.06,505,475.5,487.89
5105903,647.35,652.16,613.8,642.04
5106000,683.12,659.68,692.9,675.57
5106109,519.82,551.63,508.4,530.48
5106158,827.65,878.89,836.8,850.8
5106174,592.29,512.47,537.3,547.37
5106182,669.76,670.89,607.8,656.76
5106190,762.53,791.53,773.1,776.8
5106208,581.88,616.84,567.8,593.26
5106216,760.29,772.74,777.4,769.15
5106224,644.65,688.68,637.8,661.35
5106232,591.76,632.16,563.5,602.3
5106240,687.88,645.84,729,679.46
5106257,582.53,495.63,531.3,535.5
5106265,781.35,787,831.7,794.63
5106273,745.88,766.58,770.6,759.8
5106281,573.71,506.63,555.1,541.96
5106299,814.88,821.63,839.6,823.04
5106307,647.35,622.79,667.1,641.5
5106315,627.29,551.79,629.8,596.65
5106372,584.12,568.42,521.2,563.96
5106422,704.71,750.63,771.4,738.17
5106455,583.41,616.42,599.8,600.61
5106505,425.82,445.26,428.7,434.48
5106653,539,466.89,507.8,502.43
5106703,568.12,526.53,522.3,540.98
5106752,516.59,574.84,527.3,542.98
5106778,656.24,630.68,653.7,645.13
5106802,728.71,789.32,769.6,762.63
5106828,494.65,532.89,509,513.57
5106851,492.35,533.47,483.5,507.41
5107008,577.94,565.74,599.8,577.65
5107040,598.29,565.58,591.6,583.33
5107065,608.65,618.37,660.5,623.93
5107107,496,538.89,509.5,516.65
5107156,588.65,631.05,559.3,599.78
5107180,588.76,564.11,593.2,579.54
5107198,577.41,515.63,536.9,543.09
5107206,522.82,582.84,513.7,545.63
5107248,747.35,759.89,744.2,751.85
5107263,704.65,698.53,699.4,700.98
5107297,525.12,487.32,477.2,499.09
5107305,671.47,658.74,659.5,663.61
5107354,666.82,670.63,702.9,676.24
5107404,530,498.32,574,526.48
5107578,801.59,776.89,797.2,790.43
5107602,490.06,472.11,482.5,481
5107701,580.65,650.63,556.8,604.37
5107743,683.88,659.63,723.2,682.41
5107750,583.06,648,557.4,604.3
5107768,633.88,624.47,629.5,629.04
5107776,672.18,679.32,741.9,690.28
5107792,567.24,526.89,598.2,557.3
5107800,450.12,513.74,525.2,492.72
5107859,621.41,623.95,628.9,624.09
5107875,706.65,769.63,740.2,739.96
5107883,578.41,591.26,649.4,599.15
5107909,743.59,744.68,731.9,741.5
5107925,707.18,636.68,663.4,668.54
5107941,737.06,767.74,778.4,758.72
5107958,673.76,718.58,619.1,680.39
5108006,708.29,659,705.1,687.24
5108055,789.18,807,805.2,800.02
5108105,558.53,539.79,558.3,550.74
5108204,563.12,508.74,532.8,534.07
5108303,773.47,790.68,795.8,785.43
5108352,585.65,639.05,537.9,597.33
5108402,547.29,581.79,543.3,560.67
5108501,704.41,639.42,681.2,672.52
5108600,668.94,645.58,710.9,668.41
5108808,780.71,778.05,786.2,780.8
5108857,710.82,700.21,707.3,705.67
5108907,677.53,660,739.4,683.74
5108956,800.24,841.53,846.6,827.37
5200050,554.47,557.89,588,563.17
5200100,609.47,530.21,567.6,567.63
5200134,513.24,470.05,478.8,487.91
5200159,577.24,531.84,546.4,551.78
5200175,519.12,423.47,480.7,471.26
5200209,498.71,454.47,467.1,473.57
5200258,584,476.63,586,540.09
5200308,568.88,509,548.9,539.8
5200506,545.35,511.32,500.8,521.61
5200555,584.94,518.42,601.3,561.02
5200605,551.59,457.53,541,510.43
5200803,447.76,387.32,500.5,434.26
5200829,576.59,521.58,557,549.61
5200852,577.94,521.42,550.7,548.67
5200902,577.06,476.79,507.3,520.48
5201108,602,526.21,560.9,561.76
5201207,503.71,452.05,485,478.3
5201306,541.12,506.79,534,525.39
5201405,551.76,555.68,564.2,556.09
5201454,543,490.63,444.2,499.89
5201504,560.35,529.79,502.6,535.17
5201603,516.88,487.95,536.6,509.22
5201702,553.59,480.89,543.1,521.28
5201801,560.35,554.63,556.4,557.13
5202155,594.88,531.26,566.4,562.41
5202353,597.24,489.84,531,538.48
5202502,547.76,491.47,509.8,516.26
5202601,528.88,510.21,530.5,521.52
5202809,496.41,480.53,539.5,499.22
5203104,560.59,500.84,540.1,531.46
5203203,525.65,464.37,526.7,500.57
5203302,571.94,561.79,575.3,568.48
5203401,565.94,486.68,555.3,530.89
5203500,513.41,487.79,421.5,482.85
5203559,543.65,550.89,559.9,550.17
5203575,582.18,523.63,567.3,554.76
5203609,545.12,483.79,562.5,523.57
5203807,540.76,487.79,537.8,518.24
5203906,498.82,463.42,456,474.89
5203939,582.65,497.11,562.6,542.96
5203962,457.88,384.68,481.9,432.87
5204003,479,415.05,442.8,444.72
5204102,491,438.63,441.6,458.63
5204201,506.88,496.26,522.1,505.8
5204250,514.29,487.68,420.7,482.96
5204300,483.94,439.84,445.4,457.35
5204409,552.06,488.53,547.6,524.85
5204508,521.24,463.84,462.1,484.67
5204557,529.18,546.84,546.9,540.33
5204607,525.29,528.63,554.9,533.11
5204656,619.88,551.21,567.3,580.09
5204706,622.47,558.74,593.6,589.87
5204805,446.47,436.74,458.5,445.07
5204854,568.24,498.95,547.1,535.02
5204904,552.65,429.63,559.8,503.39
5204953,577.24,515.32,594.6,555.43
5205000,578.47,489.58,585.6,543.3
5205059,502.53,475.05,444.4,478.54
5205109,473,429.63,459.6,452.17
5205208,516.18,492.63,566.9,517.48
5205307,550.88,472,507.4,508.85
5205406,593.18,487.11,608,552.59
5205455,509.94,529.68,513.2,518.8
5205471,602.53,599.84,543.2,588.52
5205497,523.88,461.68,520.4,497.43
5205513,592.53,517.05,593.6,561.59
5205521,558.12,523,499.2,530.8
5205703,554.76,502.42,536.7,529.22
5205802,588.88,524.95,569.7,558.3
5205901,480,453,472.1,467.13
5206206,499.59,448.89,501.5,479.07
5206305,528,521,517.9,522.91
5206404,598.71,522.84,602.9,568.28
5206503,580.35,560.95,544.1,564.46
5206602,515.47,450.47,487.4,482.52
5206701,468.82,396.63,528.2,451.91
5206800,539.76,474.89,541.6,513.37
5206909,501.76,411.47,447.5,452.67
5207105,610.41,481.16,539.6,541.63
5207253,567.24,480.95,521.3,521.61
5207352,509.24,500.32,481.4,499.5
5207402,503.59,498.05,484.8,497.22
5207501,633.35,566.16,596.9,597.67
5207535,592.88,505.84,571.1,552.2
5207600,570.59,478.26,545.7,527.04
5207808,505.82,523.79,529.8,518.46
5207907,472.88,405.26,494.7,449.7
5208004,532.65,422.16,494.9,478.8
5208103,637.53,567,595.4,599.24
5208152,580.59,533.63,559.8,556.67
5208301,497.29,404.79,520.9,464.22
5208400,562.29,530.68,576.3,552.28
5208509,503.65,449.58,471,474.22
5208608,539.35,472.79,545.8,513.26
5208707,553.59,547.63,586.2,558.22
5208806,525.88,482,575.8,518.61
5208905,607.88,514.47,583.7,564.04
5209101,508.06,485.11,438.4,483.43
5209150,507.65,458.79,439.4,472.63
5209200,546.94,548.37,538,545.59
5209291,616.59,506.11,609.3,569.37
5209408,460.65,405.37,482.4,442.54
5209457,580.47,508.32,605.3,556.07
5209606,597.06,487.26,600,552.35
5209705,588.35,568.16,561.2,574.11
5209804,574.65,500.89,579.3,545.2
5209903,436.88,380.42,457.6,418.07
5209937,521,466.63,434.6,479.76
5209952,481.59,506.26,503.6,496.57
5210000,538.94,481,543.3,515.96
5210109,462.59,454.32,464.7,459.63
5210158,606.94,505.68,624.9,569.02
5210208,587.47,483.84,527,531.52
5210307,554.06,473.21,534.6,516.43
5210406,576.29,490.58,550.7,535.33
5210562,571.06,471.37,584.6,532.83
5210604,585.12,483.32,581.5,542.28
5210802,489.35,469.42,454.5,473.54
5210901,587.82,510.11,603,559.02
5211008,556.12,492,546.9,527.63
5211206,599.41,492.58,591.2,553.5
5211305,504.35,460.16,444,472.98
5211404,566.35,481.89,539.4,525.61
5211503,511.47,499.42,409.9,484.41
5211602,557.29,477.05,512.8,514.48
5211701,476.59,511.05,517.5,499.72
5211800,601.12,512.05,593.7,562.72
5211909,593.53,515,505.4,541.93
5212006,600.71,505.42,558.2,552.11
5212055,595.47,500.53,564.2,549.46
5212105,503.06,491.11,475.7,492.17
5212204,541.53,479.58,522.4,511.78
5212253,476.12,472.79,435.5,465.91
5212303,564.18,549.74,570,559.48
5212501,523.18,475.74,520.7,503.04
5212600,565,539.37,526.2,545.98
5212709,469.82,388.42,513,445.59
5212808,575.24,516.58,551.9,545.93
5212907,492.59,451.84,474.6,471.85
5212956,546.59,485.32,519.8,515.46
5213004,495.82,473.68,440.4,474.63
5213053,501.47,431.89,540.2,481.15
5213087,587.18,596.32,523.3,577.07
5213103,579.76,584.26,505.7,565.52
5213400,537.53,484.47,526.6,513.24
5213509,474.18,369.05,469.8,429.8
5213707,581.88,486.42,542.6,533.91
5213756,561.06,530.47,488.3,532.61
5213772,577.35,539.89,541.6,554.11
5213806,529.71,498.89,499.7,510.46
5213855,588.76,509,577.7,553.41
5213905,584.47,516.16,544.8,547.63
5214002,558.24,504.11,540.8,532.09
5214051,560.18,485.89,520.4,520.85
5214101,623.88,541.11,573.9,578.83
5214408,500.59,494.74,543.6,507.52
5214507,559.29,516,571.5,544.07
5214606,546,470.16,550.3,515.61
5214705,607.88,513.05,623,572
5214804,483.06,445.32,464.1,463.35
5214838,544.29,498.16,504.9,516.67
5214861,596.88,512,597.5,561.96
5214879,588.88,518.37,573.7,556.46
5214903,495.76,396.63,477.7,450.89
5215009,545.12,483.79,562.5,523.57
5215207,571.82,484.16,562.2,533.52
5215231,552.88,486.32,541.4,522.89
5215256,586.35,526.89,581.6,560.76
5215306,500.12,496.21,496.2,497.65
5215405,544.59,476.32,542.5,515.93
5215504,507.35,430.26,456.7,464.5
5215603,526.18,434.84,582.9,500.78
5215652,568.88,449.05,522.8,509.37
5215702,519.53,526.58,520.7,522.7
5215801,491.94,470.05,473.8,478.96
5215900,504.47,538.53,525.5,523.11
5216007,501.82,489.63,416.7,478.28
5216304,471.94,411.11,443.3,440.59
5216403,508.53,498.89,501.3,502.98
5216452,567.65,522.74,520.2,538.78
5216809,589.18,495.68,564.2,545.13
5216908,573.24,500.63,588.7,546.61
5217104,536.94,524.42,510.8,526.09
5217203,589.06,495.63,537.8,539.33
5217302,622.82,536.79,586.9,579.48
5217401,490.18,483.68,472.5,483.65
5217609,529.18,405.58,511.8,474.35
5217708,499.94,500.53,478.1,495.43
5218003,603.59,538.84,575,570.63
5218052,507.53,479.68,448,483.09
5218102,551.29,542.37,471.4,530.24
5218300,449.59,391.58,474.5,431.04
5218391,566.59,556.63,539.6,556.61
5218508,462.12,437.21,442.7,447.61
5218607,552.24,473.26,569.2,523.3
5218706,558.24,481.53,574.2,530.02
5218789,501.59,464.47,479.5,481.46
5218805,565.82,522.74,495,532.63
5218904,602.47,501.84,612.2,563.02
5219001,573.76,522.74,545.2,546.48
5219100,476.65,483.21,553.1,495.98
5219209,508.53,507.21,492.3,504.46
5219258,547.12,485.58,530.5,518.09
5219308,517.82,489.42,475,496.78
5219357,557.88,462.84,563.8,519.91
5219407,556.12,569.58,507.9,551.2
5219456,556.88,468.53,535.1,515.65
5219506,593,494,560.9,545.13
5219605,645.88,571.53,604.7,606.22
5219704,559.29,497.26,586,539.48
5219712,542.06,491.32,496.7,511.24
5219738,548.53,507.53,569,536.04
5219753,565.06,499.58,542.3,533.07
5219803,472,398.42,492.7,446.11
5219902,602.94,510.89,577.6,559.41
5220009,512.29,432.89,496.7,476.11
5220058,493.12,528.58,530,515.78
5220108,511.88,522.63,512.9,516.54
5220157,569.88,497.11,584.5,543
5220207,624.76,526.21,593.8,577.33
5220264,549.76,541.68,560.5,548.76
5220280,576,493.95,575.9,542.09
5220405,454.47,403.21,429.4,427.85
5220454,545.82,545.68,553.6,547.46
5220504,598.76,610.26,536.2,589.91
5220603,537.65,525.95,547.7,535
5220686,445.12,382.95,476.7,426.3
5220702,464.24,412.47,529.4,457.02
5221007,567.24,481.68,550.2,528.2
5221080,508.82,397.68,491.6,459.17
5221197,562.76,519.58,555.1,543.26
5221304,511.71,430.84,455.1,466
5221403,533,523.32,552.2,533.17
5221452,625.94,565.47,580.5,591.09
5221502,509.18,523.32,517.7,516.87
5221551,515.71,474.79,479.2,490.87
5221577,564.12,489.16,575.7,535.67
5221601,577.88,500.32,551.2,540.04
5221700,583.82,475.84,593.4,541.3
5221809,472.41,453.63,474,465
5221858,572.94,491.84,530.5,530.22
5221908,519.76,540.47,512.2,526.67
5222005,485.53,498.74,519.2,498.3
5222054,503.47,495.95,464.5,491.89
5222203,506.41,426.32,483.9,468.43
5222302,518.18,453.05,543.6,496.8
5300108,510.76,451.68,548.8,494.63
