code_muni,en,ln,n,med
1100015,586.38,614.15,665,615.54
1100023,664.56,605.6,732.9,653.78
1100031,667.44,661,669.9,665.17
1100049,626.5,675.25,658.6,654.67
1100056,656.5,632.6,665.5,648.07
1100064,649.5,656.7,686.4,660.65
1100072,639.56,626.25,655.8,637.3
1100080,532.94,523.95,580.7,539.41
1100098,630.25,678.5,645.8,654.61
1100106,518.31,507.65,560.4,522.83
1100114,624.62,635.75,662.6,637.72
1100122,666.19,634.5,678.9,655.17
1100130,681.38,720.2,860.8,737.26
1100148,593.56,607.05,614.5,603.98
1100155,645.62,631.05,659.5,642.3
1100189,614.62,674.65,652.5,648.96
1100205,666.5,656.6,740.6,678.3
1100254,643.94,639.35,656.7,644.72
1100262,711.19,674.9,795,713.63
1100288,617.25,637.1,650.7,633.15
1100296,610,625.75,666.9,629.22
1100304,622.31,675.45,685.8,659.22
1100320,583.38,611,636.7,606.98
1100338,601.31,620.25,597.6,608.74
1100346,609.19,629,638.3,624.13
1100379,583.25,613.65,658.2,612.76
1100403,684.81,631.25,742.8,674.13
1100452,713.69,661.15,709.9,690.02
1100502,609.31,619.45,639.2,620.22
1100601,647.31,595.95,689.5,634.15
1100700,691.12,646.9,681.3,669.76
1100809,708.25,667,819.5,714.5
1100908,630.06,634.25,653.1,636.89
1100924,599.69,625.3,654,622.63
1100940,693.69,699.05,829.5,725.54
1101005,648.62,627.25,650.7,639.78
1101104,701.31,649.05,794.9,698.93
1101203,654.81,654.95,661.3,656.28
1101302,632.25,634.1,629.9,632.54
1101401,685.38,621.4,700.1,660.76
1101435,629.94,630.55,624.3,628.98
1101450,591.94,641.85,651.3,626.54
1101468,628,614.1,674.7,632.11
1101476,617.94,656.65,672.1,646.54
1101484,615.38,657,665,644.26
1101492,538.44,548.2,626.2,561.76
1101500,553.69,579.95,614.1,578.24
1101559,628.69,631.75,645.3,633.63
1101609,689.56,662.1,746.4,689.98
1101708,625.25,641.2,654,638.43
1101757,663.31,690.7,794.4,703.72
1101807,649.81,630.6,687.5,649.65
1200013,628.94,640.15,674.4,643.7
1200054,563.31,581.5,600,579.2
1200104,524.19,574.1,598.7,562.09
1200138,574.94,596.4,634.6,597.24
1200179,550.75,622.2,649.4,603.26
1200203,638.25,603.15,608.9,616.61
1200252,537.56,563.15,590.3,560.15
1200302,675,698.4,646.8,679.04
1200328,658.69,652.4,589,640.8
1200336,644.12,577.85,661.5,619.09
1200344,632.31,644.95,648,641.22
1200351,628.88,620.15,583.1,615.13
1200385,589.94,639.15,681.5,631.24
1200393,626.31,606.95,596.8,611.48
1200401,560.38,603.2,628.4,593.78
1200427,632.88,578.9,645,612.04
1200435,653.56,693.4,652.7,670.7
1200450,605.69,624.75,678.8,629.87
1200500,592.31,613.9,620.9,607.91
1200609,680.75,692.15,619,672.28
1200708,539.56,585.65,607.2,574.3
1200807,608.62,619.6,679.7,628.85
1300029,649.75,677.9,661.2,664.48
1300060,667.44,687.75,680.8,679.17
1300086,539.5,588.4,556.1,564.37
1300102,597.5,599.75,604.2,599.93
1300144,705.25,815.65,815.2,777.15
1300201,748,711.95,699.3,721.74
1300300,457.62,557.55,501.2,510.54
1300409,335.31,511.35,428.8,432.17
1300508,315.06,464.8,474.1,414.74
1300607,694.19,720.15,746.3,716.8
1300631,601,628.05,652.9,624.04
1300680,320,466.2,437.2,409.04
1300706,584.75,590.95,640.6,599.59
1300805,469.88,570.05,582.4,537.89
1300839,530.81,584.45,538.7,555.85
1300904,683.31,662,744,687.24
1301001,704.06,721.8,681.4,706.85
1301100,473.25,610.45,540.6,547.54
1301159,451.31,592.45,524.6,528.61
1301209,625.12,667.35,609,639.98
1301308,588.88,619.35,598,604.11
1301407,700.56,686.5,726.3,700.04
1301506,680.12,686.45,723.5,692.3
1301605,637.06,677.3,648.2,656.98
1301654,641.19,601.7,650.3,626
1301704,676.88,665.7,765.6,691.3
1301803,684.19,678.75,661,676.78
1301852,469.88,583.95,560.6,539.2
1301902,409.44,514.45,464.9,467.15
1301951,756.69,772.95,767.8,766.17
1302009,384.31,519.15,458,458.96
1302108,705.5,715.7,747.7,719.11
1302207,649.44,670,618.6,651.67
1302306,725.69,722.7,737.2,726.89
1302405,639.56,729.4,684.7,688.43
1302504,469.38,556.2,543,523.13
1302553,506.19,586.8,571.1,555.35
1302603,469.38,627.45,564.3,558.74
1302702,558.19,656.05,696.5,630.8
1302801,605.19,603.25,675,619.52
1302900,433.12,554.8,528,506.65
1303007,330.31,476.4,429,415.28
1303106,425,536.2,475.8,484.39
1303205,453.5,555.2,490.6,505.78
1303304,687.75,813.4,799.5,766.67
1303403,259.56,446.25,485.3,389.8
1303502,687.69,701.3,763.6,710.11
1303536,412.19,543.9,480.6,484.33
1303569,448.81,574.3,526.7,520.3
1303601,463.38,597.65,529.9,536.22
1303700,680.56,661.3,702.4,676.93
1303809,690.62,716.4,689.4,701.57
1303908,679.5,703.15,689.2,691.89
1303957,403.38,546.55,452,476.2
1304005,398,524.7,463.6,467.35
1304062,655.62,648.1,671.8,655.87
1304104,683.94,725.65,738.4,713.91
1304203,648.38,725.05,664.8,685.28
1304237,653,682.3,662.1,667.72
1304260,618.81,629.85,658.6,632.26
1304302,361.88,497.6,419,433.3
1304401,313.75,455.5,437.7,402.33
1400027,261.38,398.95,302.5,330.13
1400050,276.88,410.6,315.6,343.43
1400100,120.25,221.3,213.5,184.46
1400159,120.19,221.45,185.7,178.46
1400175,137.69,245.65,218.1,202.11
1400209,186.19,316.85,297.2,267.13
1400233,220.88,355.9,298.1,296.37
1400282,201.62,371.45,287.1,294.04
1400308,170.44,341.35,261.6,264.57
1400407,120.06,203.9,178.1,169.13
1400456,172.19,322.1,242.1,252.57
1400472,308.62,447.3,383.6,385.22
1400506,229.75,360.95,319.8,306.37
1400605,218.69,341.85,306.7,291.37
1400704,144.38,259.45,212.8,209.28
1500107,282.44,408.9,384.7,359.65
1500131,345.06,472.75,460,425.57
1500206,299.69,408.5,366.2,361.46
1500305,185.38,254.1,223.5,223.54
1500347,501.75,571.1,593.4,551.83
1500404,237.06,389.2,360.9,330.13
1500503,163.81,234.25,223.6,207.43
1500602,480.12,604.3,605,561.26
1500701,274.38,379.3,314.9,328.8
1500800,364.75,493.95,470.1,443.83
1500859,269.06,362.6,336.6,324.41
1500909,74.69,123.7,123.9,106.7
1500958,295.88,380.3,313.4,336.39
1501006,308.69,486.75,458.9,418.76
1501105,278.12,392.95,341.9,341.91
1501204,254.69,358.7,343.1,319.13
1501253,551,615.2,671.7,605.15
1501303,318.38,449.45,418.9,397.22
1501402,342.12,474.4,451.3,423.37
1501451,215.94,354.55,330.7,301.15
1501501,366.25,494.75,469.3,444.52
1501576,364.75,462.75,464.2,428.98
1501600,148.31,243.8,211.1,203.48
1501709,84.62,144.8,141.6,123.17
1501725,229.19,362.1,308,304.11
1501758,360.06,449.9,494.2,428.28
1501782,263.06,351.6,372.5,325.35
1501808,331.38,421.9,357.2,376.35
1501907,312.81,407.45,363.7,365.02
1501956,139.06,211.05,202.6,184.17
1502004,240.12,372.85,319.5,315.09
1502103,251.81,373.3,329.6,321.54
1502152,414.69,467.4,524.2,461.41
1502202,96.5,163.15,139,134.72
1502301,205.94,286.15,258.6,252.26
1502400,231.44,326.3,323,292.59
1502509,204,299.55,256.4,256.93
1502608,226.44,328.4,320.8,291.28
1502707,557.62,627.6,712.9,621.8
1502756,283.81,385.35,310.9,333.85
1502764,567.38,642.95,699.3,628.91
1502772,397.25,448.15,477.7,436.87
1502806,307.31,416.95,337,361.43
1502855,238.31,385.75,368.1,330.63
1502905,125,206.85,204.2,177.8
1502939,203.31,320.45,317,278.96
1502954,398.5,422.7,455.9,421.5
1503002,325.88,481.65,428,415.8
1503044,519,597,680.8,588.09
1503077,179.38,249.5,245.8,224.3
1503093,289.06,363.3,409.8,347.59
1503101,250.5,303.45,317.8,288.15
1503200,141.94,221.45,197.4,188.57
1503309,254.75,381.25,332.6,326.67
1503408,282.94,382.5,359.3,342.83
1503457,265.88,349.15,312.6,312.24
1503507,216.75,302.4,259.9,263.37
1503606,537.44,646.75,629.3,604.93
1503705,378.69,450.7,466,428.98
1503754,564.06,668.15,747.1,649.11
1503804,354.88,430.8,442.5,406.93
1503903,249.94,414.05,428.5,360.11
1504000,225.69,346.05,317.6,298
1504059,244.19,337.2,287.4,294.02
1504109,129,202.05,192.3,174.52
1504208,398.12,445.45,473.6,435.11
1504307,110.06,151.65,134.6,133.48
1504406,130.25,207.1,207.2,180.39
1504422,364.75,493.95,470.1,443.83
1504455,218.12,347.65,295.3,291.22
1504505,325.56,375.85,354.2,353.65
1504604,255.88,371.6,342.2,324.96
1504703,273.19,378.2,360.2,337.76
1504752,206.56,344.6,314.1,289.96
1504802,182.88,305.5,262.9,253.59
1504901,228.19,334.8,293,288.63
1504950,171.88,247.1,227.8,216.74
1504976,364,425.65,460.4,411.76
1505007,117.81,201.4,161.3,163.61
1505031,611.06,723.6,800,701.07
1505064,308.62,375.15,414,360.46
1505106,276.44,439.55,401.3,374.5
1505205,275.69,385.65,327.4,334.74
1505304,279.44,471.35,422.4,393.96
1505403,132.06,219.5,200,184.85
1505437,551.94,611.65,662.8,602
1505486,263.19,354.55,363.4,324.7
1505494,358.69,447.55,498,427.61
1505502,195.56,275.6,256.8,243.67
1505536,449.56,517,560.9,503.09
1505551,570.38,618.8,700.9,619.8
1505601,104.62,183.6,156.3,150.2
1505635,400.94,460.8,519,452.63
1505650,279.12,435.55,387.2,370.63
1505700,231.31,346.45,329.2,302.65
1505809,239.31,345.7,342,307.89
1505908,180.75,259.75,253.7,230.96
1506005,130.62,265.45,223.7,209.48
1506104,88.56,145.05,126.5,121.37
1506112,85.81,135.9,121.9,115.43
1506138,581,646,710.5,637.41
1506161,512.88,607.1,641.1,581.72
1506187,306.75,424.3,426.6,383.91
1506195,318.38,484.5,437.6,416.52
1506203,102.5,132,120.3,119.2
1506302,235.75,342,316.3,299.46
1506351,303.94,413.4,412,375.02
1506401,235,341.7,298,295.09
1506500,348.06,454.25,447,415.74
1506559,145.12,217,211.9,190.89
1506583,574.12,635.1,711,630.39
1506609,190.81,275.3,260.4,242.67
1506708,556.81,642.1,678.7,620.39
1506807,188.31,325.65,324.2,277.57
1506906,102.56,161.2,138.6,135.89
1507003,254.56,352.8,355,319.11
1507102,168.62,259.6,255.8,227.13
1507151,382.31,448.5,452,426.24
1507201,272.56,375,310.1,325.26
1507300,519.5,586.45,671.3,581.61
1507409,218.38,304.3,310.3,275.72
1507458,384,425.75,507.5,429
1507466,134.62,223.05,220.3,191.7
1507474,95.88,126.15,119.6,114.2
1507508,377.19,470.5,452.7,434.17
1507607,229.62,324.8,300.2,286.35
1507706,269.88,387.5,313.3,330.46
1507755,435.06,544.15,526.7,502.41
1507805,262.69,355.25,343.8,320.57
1507904,170.81,284.95,244.4,236.43
1507953,277,361,351.7,329.76
1507961,185,272,275.2,242.43
1507979,243.12,419.95,417.8,357.98
1508001,300,388.65,347.2,348.8
1508035,78.94,141.3,130.1,117.17
1508050,480.88,620.75,631.5,574.43
1508084,532.44,569.35,640,571.87
1508100,269.31,344.1,372.4,324.24
1508126,171.31,259.85,270.1,231.28
1508159,242.75,354.7,337.4,312
1508209,229.19,323.75,321.6,290.39
1508308,107.5,162.4,157,142.13
1508357,253.62,353,293.3,305.46
1508407,442.31,559.05,551.7,516.85
1600055,294.94,366.35,386.1,345.8
1600105,321.38,403.4,352,363.7
1600154,270.88,304.1,336.7,299.63
1600204,359.06,428.2,427.9,404.09
1600212,228.44,273.25,269.3,256.8
1600238,251.75,288.7,312.4,281
1600253,190.62,225.25,235.2,215.37
1600279,217.06,283.85,278.8,259.52
1600303,190.62,225.25,235.2,215.37
1600402,213.56,263.3,242.1,241.39
1600501,376.25,439.95,443.8,418.63
1600535,245.31,285.85,296.1,273.98
1600550,312.31,371.65,354.1,347.2
1600600,204.81,261.75,238.7,236.93
1600709,260.75,328.85,299.1,298.7
1600808,205.31,265,281.4,247.8
1700251,627.81,698.3,758.6,686.89
1700301,318.25,391.65,411.9,370.52
1700350,557.62,593.1,691.4,602.13
1700400,518.88,543.95,641.6,556.46
1700707,496.69,587.05,673.1,574.33
1701002,355.25,433.45,485.1,417.48
1701051,363.5,417.6,456.2,407.17
1701101,549.62,610.75,654.7,599.04
1701309,447.81,529.55,596.2,515.61
1701903,577.25,648.5,709.1,636.89
1702000,540.56,661.6,710.2,630.07
1702109,516.44,573.4,653.6,571.02
1702158,435.56,509.25,599.1,503.15
1702208,335.62,454,443.4,410.52
1702307,525.81,594.2,654.9,583.61
1702406,471.12,518,644.7,529.24
1702554,316.25,447.1,420.4,395.78
1702703,510,571.45,694,576.72
1702901,299.44,430.75,410,380.57
1703008,439.69,511.1,547,494.07
1703057,538.75,617.1,692.5,606.24
1703073,440.38,523.45,559.1,502.3
1703107,633.88,662.35,774.5,676.83
1703206,536.69,614.1,684.4,602.46
1703305,549.75,615.05,661.4,602.41
1703602,536,640,702.1,617.33
1703701,553.44,596.95,697.5,603.67
1703800,340.31,457.1,435.7,411.83
1703826,316,415.9,409.1,379.67
1703842,463.12,522.55,539.4,505.54
1703867,525.38,593.25,653.2,582.67
1703883,458.94,554.3,580.9,526.91
1703891,323,454.8,427.4,403
1703909,577.62,644.85,719.6,637.72
1704105,555.69,598,639.9,592.39
1704600,627.81,668.6,791.8,681.2
1705102,513.81,563.65,665,568.35
1705508,536.81,617.25,703.5,608.02
1705557,476.5,569.85,651.1,555.04
1705607,491.38,496.8,613.7,520.33
1706001,555.56,630.5,747.2,629.8
1706100,599.38,644.9,739.5,649.63
1706258,569.25,616.75,706.3,619.7
1706506,374.5,437.5,458.4,420.13
1707009,522.44,551.4,649.5,562.65
1707108,621.69,683.35,769.4,680.61
1707207,601.25,687.35,750.1,671.04
1707306,571.5,634.5,704.6,627.83
1707405,368.31,477.4,449.3,433.35
1707553,601.69,628.85,725.7,640.46
1707652,517.06,604.6,671.3,588.65
1707702,443.25,525.8,553.2,503.04
1708205,552.06,648.6,686.5,623.26
1708254,564.38,636.4,726,630.83
1708304,579.94,675.85,751.5,658.93
1709005,479.12,524.75,584.2,521.8
1709302,541.06,626.5,714.2,615.85
1709500,525.38,570.3,643.9,570.67
1709807,535,565.15,716.3,587.52
1710508,542.5,618.6,668.4,602.96
1710706,304.19,410.6,400.2,371.33
1710904,541.38,607.3,668.4,597.65
1711100,548.44,642.25,738.3,630.5
1711506,507.94,580.45,698.1,580.8
1711803,533.44,624,719.6,613.28
1711902,565.31,662.3,644.5,624.7
1711951,525.25,581.55,679.1,583.17
1712009,564.38,617.6,680.2,612.7
1712157,467.5,553.6,639.8,542.39
1712405,506.06,537.25,560.8,531.52
1712454,324,402.5,421.2,379.26
1712504,577.44,632.65,727.6,634.09
1712702,444.06,537.55,544,506.43
1712801,311.12,405.3,397.6,370.87
1713205,599.31,651.4,753.8,655.54
1713304,590.44,669.1,730.9,655.17
1713601,528.94,582.45,692.9,587.85
1713700,656.06,673.6,785.6,691.85
1713809,361.44,418,457.1,406.83
1713957,459.5,538.85,589.4,522.24
1714203,503.38,544.45,627.3,548.17
1714302,332.25,400.25,437.7,384.74
1714880,506.56,579.1,633.1,565.61
1715002,635.56,643.75,750.6,664.13
1715101,520.06,583.9,669.8,580.37
1715150,492.31,582.2,639.8,563.46
1715259,524.44,551.55,664.2,566.61
1715507,628.31,642.25,746.6,660.09
1715705,512.31,583.25,639.8,570.87
1715754,536.56,612.1,671.2,598.67
1716109,635.19,658.25,775.6,675.74
1716208,495.94,517.85,625.7,533.67
1716307,517.31,570.45,640.7,567.24
1716505,541.88,607.1,652.2,594.22
1716604,485.19,521.9,636.7,534.09
1716653,542.5,629.8,731.3,621.5
1716703,568.38,654.95,728.4,640.8
1717008,519.44,575.75,689.6,580.91
1717206,410.44,477.4,530.6,465.67
1717503,593.94,652.55,740.5,651.28
1717800,534.06,513.25,666.3,553.76
1717909,513.12,569.55,673.1,572.43
1718006,516.38,534,629.3,548.59
1718204,605.31,630.5,763.9,650.74
1718303,297,434.95,420.2,383.76
1718402,548.88,654.05,728.4,633.63
1718451,636.31,660.7,774.4,676.93
1718501,542.12,560.35,611.5,565.13
1718550,385.56,456.45,519.3,445.46
1718659,532.69,570.2,675.2,579.98
1718709,560.06,616,694.6,613.63
1718758,538.62,573.8,622.2,572.09
1718808,315,445.5,420.8,394.74
1718840,542.25,649.05,707.2,624.54
1718865,452.75,539.5,602,522.91
1718881,563.94,620.5,676.2,612.93
1718899,587.31,647.65,732,645
1718907,512.25,539.35,676.8,559.8
1719004,533.62,566.4,678,579.26
1720002,337.94,405.95,441.1,389.93
1720101,309.5,425.25,422,384.28
1720150,490.81,536.85,534,520.22
1720200,288.88,416.65,400.8,368.76
1720259,488.12,550.65,659.7,552.61
1720309,359.81,472.65,453.2,429.17
1720499,480.44,548.35,648.9,546.59
1720655,518.25,550.25,681.4,567.63
1720804,294.19,423.9,406,374.89
1720853,497.62,535.4,642.5,545.54
1720903,534.88,554.6,708.6,581.22
1720937,516.38,486.8,640.7,530.54
1720978,514.94,608.8,703.6,596.76
1721000,550.12,616.1,671.5,605.2
1721109,550.19,618,655.2,602.5
1721208,306.94,391.25,403.7,364.63
1721257,542.5,633.4,697.2,615.65
1721307,549.75,642.7,700.2,622.87
1722081,419.5,514.05,542.2,487.28
1722107,400.88,469.65,544.6,462.02
2100055,196.44,315.65,318.8,274.87
2100105,134.25,183.15,176.6,164.72
2100154,38.5,62.8,77.5,57.54
2100204,56.19,88.1,117.3,83.35
2100303,145.94,199.55,203.2,181.7
2100402,176.06,214.4,259.1,210.78
2100436,162.88,208.55,232.3,197.83
2100477,144.5,217.85,257.9,201.04
2100501,412.81,456.5,490.1,448.61
2100550,84.12,128.3,127.9,112.85
2100600,206.25,282.3,280.3,255.41
2100709,166.31,212.05,244.5,203.2
2100808,96.31,135.4,147.1,124.35
2100832,49.12,82,84.8,71.17
2100873,128.88,183.55,209.9,170.26
2100907,38.62,58.8,72.8,54.83
2100956,172.81,254.45,275.3,230.59
2101004,195.62,222.1,262.8,221.74
2101103,92.38,152.5,154.8,132.09
2101202,177.31,220.5,245.9,211
2101251,115.94,169.4,176.6,152.37
2101301,48.38,82.3,84.7,71.02
2101350,66.75,118.55,134.3,103.96
2101400,420.62,468.5,503.7,459.5
2101509,247.88,284.95,275.8,270.07
2101608,152.19,244.55,295.5,223.5
2101707,49.12,82,102,74.91
2101731,86.44,135.35,135.1,118.28
2101772,181.38,199.65,262.9,207.04
2101806,266.44,366.6,377,334.02
2101905,52.25,93.7,115.6,84.04
2101939,171.06,210.35,271.2,209.91
2101970,98.81,151.55,151,133.09
2102002,126.94,208.05,244.7,187.8
2102036,143.5,236.85,274.3,212.52
2102077,167.38,221.95,263.8,212.07
2102101,101.81,141.4,158.6,131.37
2102150,155.25,223.85,255.1,206.78
2102200,108.94,158.05,162.6,141.96
2102309,220.5,277.95,346.8,272.93
2102325,127,198.75,252.9,185.57
2102358,249.94,365.05,356.6,323.17
2102374,125.12,194.75,183.2,168.02
2102408,101.94,157,159.5,138.39
2102507,180.62,208.2,250.3,207.76
2102556,277.81,362.05,383.1,337.33
2102606,71.69,114.5,109.7,98.57
2102705,170.69,205.3,253.6,203.76
2102754,158.19,207.3,253.7,200.3
2102804,415.19,486.55,515.1,467.93
2102903,88.06,130.95,136.1,117.15
2103000,173.5,189.5,223,191.22
2103109,48.12,86.35,97.3,75.43
2103125,50.25,88.6,97.1,77.11
2103158,140.62,201.2,190.5,177.8
2103174,170.56,229.45,224.4,207.87
2103208,117.94,153.25,145.9,139.37
2103257,293.5,424.25,419.4,377.72
2103307,157.12,200.85,224.6,190.8
2103406,128.81,181.55,169.9,160.67
2103505,236.19,297.2,330.9,283.3
2103554,192.94,220.85,268.4,221.48
2103604,147.5,192.3,229.3,184.76
2103703,45.5,83.15,88.4,71.2
2103752,253.44,376.4,385.6,335.63
2103802,169.69,226.45,289.7,220.46
2103901,112.5,165.5,145.1,142.63
2104008,160.12,229.4,297.3,220.07
2104057,360.12,418.05,436.7,401.96
2104073,291.38,389.65,381.8,353.76
2104081,200.19,269.35,297.9,251.5
2104099,235.5,327.35,329.8,295.93
2104107,292.94,409.3,423.1,371.83
2104206,210.44,262.95,324.5,258.07
2104305,73.19,111.55,103.6,96.48
2104404,172.75,221.4,285,218.3
2104503,166.75,217.95,267.5,210.91
2104552,277.75,393.8,382.8,351.04
2104602,209.38,244.65,328.3,250.57
2104628,208.81,264.2,327.4,258.67
2104651,155.88,217.25,242.1,201.3
2104677,104,158.6,141.3,135.85
2104701,197.88,250.8,313.6,246.04
2104800,209.5,284.55,288.9,259.39
2104909,50.12,89.45,107,79.59
2105005,69.88,125.85,140.3,109.52
2105104,75.19,139.05,139,116.83
2105153,184.62,208.4,264.8,212.39
2105203,166.81,224.25,268.2,213.83
2105302,270.12,392.25,399.7,351.39
2105351,147.25,234,290.1,216.02
2105401,165,208.45,241,200.41
2105427,164.25,266.95,281,234.28
2105450,227.25,283.15,334.7,274.91
2105476,146.31,242.2,298.4,221.07
2105500,246.12,374.4,355.5,325.67
2105609,169.88,228.75,292.3,222.09
2105658,129.69,195.95,170,167.26
2105708,159.12,231.1,272,214.96
2105807,169.88,232.3,275.3,219.93
2105906,182.94,218.15,261.2,215.26
2105922,230.62,292.65,349.7,283.48
2105948,169.88,232.3,275.3,219.93
2105963,159.75,242.3,303.4,226.87
2105989,254.81,343.25,345.1,312.89
2106003,159,206.05,252.6,199.8
2106102,294.19,373.15,377.8,346.7
2106201,75.44,113.75,103.4,98.17
2106300,51.94,86.7,96.6,76.76
2106326,108.25,162.9,145.9,140.2
2106359,158.81,227.85,271.3,213.28
2106375,107.75,171.15,155.8,145.76
2106409,110.56,156.5,147.4,138.54
2106508,113.62,166.05,183.8,151.67
2106607,196,219.75,293.3,227.48
2106631,190.75,228.5,263.8,223.04
2106672,86.19,121.8,152.2,116.02
2106706,255.69,335.9,350.7,311.22
2106755,191.94,224.5,265.2,222.02
2106805,47.12,84.75,91.1,73.04
2106904,175.56,206.05,260.1,207.2
2107001,256.38,355.85,372.8,324.93
2107100,88.31,158.3,146.1,131.3
2107209,129.19,185.45,197.9,168.59
2107258,294.44,404.3,427.8,371.2
2107308,265.56,325,341,307.8
2107357,127.38,185.6,207.8,170.17
2107407,178.69,207.65,244.4,205.57
2107456,108.94,157.05,176.9,144.63
2107506,67.62,122.7,131.9,105.54
2107605,73.88,119.85,130.2,106.11
2107704,264.81,326.7,345.9,309.35
2107803,213.94,245.2,329.9,252.74
2107902,237.56,291.5,361.6,287.98
2108009,255.5,317.9,335.1,299.93
2108058,48,76.05,97.5,70.96
2108108,159.88,230.25,265,213.33
2108207,160.88,213.2,273,208
2108256,122.81,174.2,190.8,159.93
2108306,162.88,208,240.4,199.35
2108405,54.19,96.9,115.2,86.02
2108454,161.12,197.55,230.1,191.96
2108504,174.69,213.25,262.9,210.63
2108603,64.19,112.9,114.6,96.33
2108702,182.12,204.5,259.3,208.63
2108801,159.19,191.2,243,191.33
2108900,158.75,230.9,283.7,217.28
2109007,271.06,352.5,360.6,325.93
2109056,46.12,83.5,88.5,71.59
2109106,180.19,235.15,314.1,233.2
2109205,113.19,181,177.8,156.72
2109239,81.62,137.1,135.6,117.48
2109270,70.19,129.1,132.8,109.41
2109304,133.75,194.3,189.6,172.22
2109403,62.38,115.1,126.1,99.15
2109452,64.94,115.65,130.7,101.28
2109502,359.19,455.75,476.3,426.63
2109551,284.44,386.1,385.3,350.57
2109601,113.44,167.35,164.4,147.96
2109700,302.31,419.05,416.4,377.87
2109759,197.25,270.2,324.4,256.61
2109809,73.12,124.8,125.5,106.98
2109908,174.94,212,269.7,211.65
2110005,147.75,206.95,254.1,196.61
2110039,85.62,141.05,143.3,122.26
2110104,79.56,111.6,141.8,107.02
2110203,158.31,206.05,215.4,191.48
2110237,54.88,86.6,103.9,79.33
2110278,52.19,95.25,101.9,81.72
2110302,167.31,210.95,278.4,210.43
2110401,106.88,169.15,156.9,144.83
2110500,78.88,126.7,134.6,111.78
2110609,69.06,110.2,124.7,99.04
2110658,266.94,366.4,364.4,331.37
2110708,220.69,278.75,330.3,269.76
2110807,273.19,365.75,374.7,335.5
2110856,242.19,378.65,372.5,329.85
2110906,233.81,269.9,332.1,270.87
2111003,136.38,180.8,203.1,170.2
2111029,151.5,221.3,245.5,202.28
2111052,276.19,352.35,337.6,322.65
2111078,171.94,206.7,273,209.02
2111102,257.12,297.3,310.6,286.22
2111201,67.62,122.7,131.9,105.54
2111250,174.88,228.3,298.3,224.93
2111300,69.25,123.2,133.2,106.61
2111409,174.06,210.1,247,205.59
2111508,191.88,223.4,261.9,220.8
2111532,358.38,475.75,454.3,430.26
2111573,280.81,367.9,372.1,338.52
2111607,300.75,404.05,389.2,364.89
2111631,152.56,242,299.9,223.48
2111672,158.75,240.85,302.3,225.65
2111706,98.94,146.9,159,132.85
2111722,176.44,209.55,259,208.78
2111748,184.88,229.25,286.3,226.22
2111763,239.5,368.35,356.1,320.87
2111789,44.75,84.2,86.7,71.02
2111805,234.06,318.5,303.1,285.78
2111904,245.56,326.55,333.4,299.87
2111953,252,292.9,337.6,288.39
2112001,383.25,437.1,487.9,429.41
2112100,152.88,193.35,221.2,185.33
2112209,176.88,199.45,245.4,201.59
2112233,169.06,210.6,261.4,207.2
2112274,174.81,214.35,271.1,212.93
2112308,200.5,283.85,334.9,265.96
2112407,61.62,97.55,93,84.07
2112456,59.19,108.6,97.1,88.91
2112506,45.38,77.45,93.3,69.74
2112605,81.69,120.3,129.5,108.87
2112704,129,171.25,206.9,164.3
2112803,146.81,189.15,220.3,181.2
2112852,312.25,443.85,439,397.02
2112902,189.19,212.4,258.1,214.26
2113009,171.5,221.6,260.8,212.7
2114007,144.62,213.15,238.4,194.8
2200053,110.44,148.85,145.8,134.83
2200103,172.56,228.45,281.1,220.46
2200202,177.81,243.7,300.1,233.04
2200251,56.75,92.4,118.7,85.72
2200277,61.12,84.25,124.3,84.91
2200301,137.19,177.6,188.4,165.89
2200400,133.12,171.15,193.3,162.74
2200459,219.62,255.4,336.7,260.63
2200509,198.94,260.55,304.2,248.61
2200608,189.56,252.35,297,240.22
2200707,181.62,212.7,261.5,212.5
2200806,268.19,364.25,376.6,333.52
2200905,136.56,196.3,215.2,179.63
2200954,139.19,168.15,175.6,159.7
2201002,195.25,250.55,283.1,238.39
2201051,39.69,60.1,78.3,56.96
2201101,240.69,291.75,314.5,278.93
2201150,331.94,383.2,409.9,371.17
2201176,161.38,209.95,250.9,201.96
2201200,92.69,141.35,176.1,131.98
2201309,349.75,422.15,412.3,394.83
2201408,173.25,229.2,276.3,219.98
2201507,78.88,125.5,139.4,112.3
2201556,136.62,157.15,186.7,156.43
2201572,77.69,100.65,126.2,98.22
2201606,156.56,192.9,197.4,181.24
2201705,236.44,281.15,342,278.83
2201739,95.06,127.75,137.4,118.48
2201770,76.62,129.35,168.9,119.61
2201804,107.81,140.45,149.3,131.02
2201903,271,329.5,388,321.87
2201919,22.94,41.3,41.2,34.89
2201929,173.31,209.45,249.9,205.67
2201945,89,128.3,153.9,120.2
2201960,62.31,93.4,106.8,85.5
2201988,174.5,193.9,245.7,198.41
2202000,37.75,63.2,68,55.39
2202026,53.75,77.75,79,69.67
2202059,90.69,138.3,170.2,128.67
2202075,185.56,242.1,257.1,225.7
2202083,22,34.9,30.5,29.46
2202091,62.88,87.3,115.2,84.87
2202109,147.69,176.55,192.3,169.93
2202117,137.88,158.35,182.3,156.43
2202133,78.69,110.25,135.9,104.85
2202174,101,144.9,167.2,134.48
2202208,103.44,142.5,168.7,134.61
2202251,243.5,275.6,334.8,277.3
2202307,212.56,217.95,321.6,238.61
2202406,81.06,116.75,155.4,112.74
2202455,132.62,164.4,176,155.87
2202505,188.44,216.15,278.5,220.07
2202539,61.12,86.2,95.2,79.43
2202554,94.56,124.75,143.8,118.39
2202604,81.81,112.75,119.6,103.48
2202653,41.38,66.45,78,60.24
2202703,29.44,52.7,50.7,44.17
2202711,86.31,124.35,161.8,119.26
2202729,36.19,62,58.1,52.17
2202737,127.56,161.7,184.7,154.83
2202752,220.69,235.65,336.3,252.33
2202778,178.12,203.5,248.7,204.5
2202802,124.75,158.95,165.4,148.46
2202851,140,178.35,206.4,171.11
2202901,328.75,409.95,388,376.93
2203008,348.81,442.6,441.3,409.7
2203107,227.62,270.5,347.7,272.37
2203206,258.88,319.35,359.2,306.98
2203230,274.94,313.95,365.7,311.63
2203255,188.62,232.8,283.8,228.52
2203271,87.75,122.65,138.6,113.98
2203305,159.5,208.3,229.8,196
2203354,144.56,186.65,208,176.65
2203404,133.81,167.65,171.4,156.7
2203420,37.75,71.2,71.5,59.63
2203453,138,167.9,174.4,158.91
2203503,149.38,210.75,246.4,197.15
2203602,218,234.6,333.9,250.41
2203701,85.12,120.7,129.8,110.3
2203750,160.62,198.25,236.3,193.43
2203800,211.69,218.8,284.3,230.57
2203859,153.62,185.3,195.3,176.46
2203909,240.5,273.2,288.8,265.22
2204006,167.75,220.8,275.2,214.17
2204105,227.81,277.95,278.9,260.72
2204154,61.69,90.15,123.7,87.54
2204204,75.19,114.3,139.6,106.2
2204303,60.06,74.5,102.3,75.52
2204352,115.56,145.3,162.8,138.76
2204402,330.44,398.35,409.5,377.15
2204501,263.12,291.85,321,288.2
2204550,214.62,247.75,292.6,245.98
2204600,164.81,234.9,269.7,218.09
2204659,23.25,42.6,48.9,37.24
2204709,133.94,169.2,160.5,155.04
2204808,148.94,169.4,184.6,165.59
2204907,137.25,165.85,180.7,159.13
2205003,119,153.4,158.9,142.63
2205102,230.5,242.6,310.6,253.17
2205151,108.5,143.55,159.5,134.83
2205201,95.81,131,149.9,122.87
2205250,172.81,246.05,295.6,231.35
2205276,86.62,129.15,160.5,121.17
2205300,266.31,292,321.3,289.43
2205359,152.88,183.8,218.4,180.57
2205409,75.12,108.7,114.2,98.22
2205458,78.38,128.65,135.5,112.65
2205508,128.12,161.85,177.6,153.54
2205516,68.25,108.65,129,99.02
2205524,282.12,333.75,361.1,321.74
2205532,184,212.05,263.2,213.41
2205540,178.5,231.85,295.2,227.07
2205557,100.5,159.65,177.8,143.02
2205565,120.94,152.15,151.3,141.11
2205573,54.62,90,97.4,79.3
2205581,168.12,216.9,247.8,206.65
2205599,85.56,118.9,135.8,110.98
2205607,278.94,330.3,353,317.37
2205706,25,34.9,35.3,31.54
2205805,78.5,129.8,140.2,114.22
2205854,89.44,134.95,159.2,124.39
2205904,220.31,274.15,332,268
2205953,63.94,92.7,129.4,90.67
2206001,281.19,330.15,338.3,314.89
2206050,97.12,122.3,148.3,119.2
2206100,95.62,139.7,161.3,129.07
2206209,107.19,160.15,179.3,145.89
2206308,174.38,231.45,292.7,224.91
2206357,51.94,87.85,111,80.39
2206407,171.31,224.6,270.9,216.13
2206506,65.38,105.6,135.8,98.17
2206605,291.81,364.05,366.1,339.37
2206654,224.75,281.4,327.3,271.67
2206670,88.62,127.1,139.4,116.39
2206696,54.19,85.95,103.2,78.65
2206704,215.62,245.9,274.6,241.61
2206720,180,214,251.1,210.24
2206753,92.56,130.4,161.4,123.98
2206803,104.31,161.65,175,144.61
2206902,155.88,196.35,219.1,187.22
2206951,114.38,165.95,168.5,148.57
2207009,166.12,216,245.9,205.15
2207108,173.25,229.2,276.3,219.98
2207207,70.56,96.85,122.7,93.33
2207306,158.88,183.6,220.2,182.96
2207355,190.81,202.4,273.7,213.87
2207405,247.25,295.25,336.6,287.54
2207504,190.12,247,310,240.91
2207553,139.38,170.15,177.7,161.09
2207603,290.19,377.05,405.8,353.09
2207702,21.25,41.25,45.4,35.2
2207751,175.88,227.55,260.5,216.74
2207777,102,137.15,151.4,128.02
2207793,146.5,196.2,201.1,179.98
2207801,119,144.2,149.1,136.5
2207850,220.12,223,318.6,242.78
2207900,38.31,73.05,82.9,63.11
2207934,154.5,179.55,220.5,179.74
2207959,146.88,167.45,195.7,166.43
2208007,136.94,163,171.5,155.78
2208106,57.12,82.45,111.5,79.96
2208205,52.75,74.65,94.5,71.35
2208304,57.44,84.25,85.9,75.28
2208403,68.56,104.5,135,98.63
2208502,112.25,161.45,180,148.37
2208551,282.69,338.8,353.1,322.39
2208601,151,197.2,217.1,185.46
2208650,116.12,160.2,149.2,142.48
2208700,269.5,327.1,382.7,319.15
2208809,172.62,242.2,280,226.22
2208858,293.5,379.05,381.2,349.76
2208874,171.75,190.2,237.8,194.13
2208908,309.88,400.55,437.2,376.98
2209005,225.12,240.55,307.7,249.78
2209104,152,182.45,191.2,173.76
2209153,124.88,176.6,200.9,163.89
2209203,388.38,435.95,521.5,438
2209302,254.5,281.45,352.4,287.5
2209351,112.56,146.6,148.1,135.09
2209377,167.75,223.1,246.2,208.87
2209401,78.06,121.6,141.5,110.78
2209450,178.75,253.1,299.9,237.41
2209500,167.81,204.25,227.6,196.65
2209559,192.81,205.15,265.8,214.04
2209609,151.81,194.8,238,189.24
2209658,121.81,148.3,153.5,140.22
2209708,205.69,235.6,270.7,232.83
2209757,336.88,424.85,398.4,388.5
2209807,176.31,250.3,298.4,235.02
2209856,83.12,125.95,137.4,113.54
2209872,38.06,63.05,66.7,55.15
2209906,113.5,167.8,161.7,147.59
2209955,154.88,177.45,204.9,175.57
2209971,94.62,140.45,162.2,129.24
2210003,144.56,172.85,192.3,167.24
2210052,67.94,98.75,96.4,87.52
2210102,192.38,224.6,286.5,226.85
2210201,113.56,148.25,142.5,134.93
2210300,61.69,85,125.4,85.67
2210359,148.25,179.1,222.2,177.74
2210375,75.56,115.3,138.7,106.57
2210383,159.12,203.6,242.3,196.54
2210391,180.12,202.05,258.3,206.65
2210409,75.62,106.65,117,98.11
2210508,177.81,236.1,293.1,228.22
2210607,171,186.3,245.5,193.85
2210623,310.44,400.95,427.1,375.15
2210631,249.56,302.75,338.1,291.93
2210656,83.75,122.2,146,114
2210706,79.56,107.1,121.7,100.7
2210805,149.06,165.75,210.1,169.59
2210904,165.25,196.1,236.7,194.2
2210938,103.44,140.95,153.6,130.65
2210953,191.19,201,273.9,213.43
2210979,170.81,218.55,258.3,210.59
2211001,163.94,195.6,201.5,185.87
2211100,122.5,176.25,177.2,157.76
2211209,259.56,358.3,367.4,325.93
2211308,130,173.45,191.1,162.17
2211357,177.31,205.6,255.2,206.54
2211407,167.62,219.9,269.4,212.48
2211506,132.06,166.85,179.8,157.57
2211605,73.69,98.8,131.9,97.26
2211704,154.19,183.1,214.8,179.93
2300101,88.56,130.25,177.9,126.11
2300150,28.81,27.45,35.9,29.76
2300200,13.75,19.35,21.9,17.96
2300309,34.25,55.55,80.5,53.57
2300408,41.06,67.15,77.2,60.26
2300507,25,34.6,66.1,38.11
2300606,74.19,92.05,132.9,94.72
2300705,18.25,32.45,24.2,25.72
2300754,13.19,18.05,24,17.65
2300804,49.94,66.75,65.2,60.57
2300903,23.56,16.8,35.9,23.3
2301000,37.69,28.05,43.8,34.83
2301109,16.31,15.75,34.7,20.07
2301208,24.69,33.95,36.1,31.2
2301257,24.94,47,38.9,37.57
2301307,66.06,79.7,120.8,83.89
2301406,30.19,37.25,46.1,36.72
2301505,34.88,59.95,62.4,51.76
2301604,58.88,82.6,114.9,81.37
2301703,73.31,104.6,123.3,97.78
2301802,54.25,82.6,90,74.35
2301851,19.75,31.7,27.3,26.59
2301901,90.69,136.85,176.7,129.46
2301950,21.62,23.7,32.6,24.91
2302008,59.38,81.95,115,81.28
2302057,22.69,32.9,28.4,28.37
2302107,54.44,56.75,70.6,58.96
2302206,17.31,23.2,34.3,23.57
2302305,11.12,14.45,22.6,15.07
2302404,17.31,30.2,42.6,28.41
2302503,83.31,112.75,160.3,112.85
2302602,22.69,21.45,30.2,23.78
2302701,59.25,77.5,106.6,77.48
2302800,12.56,17.6,27.8,18.07
2302909,29.88,36.6,44.9,36.07
2303006,27.88,29.75,38.8,31.07
2303105,25.12,40.8,51.5,37.67
2303204,70.69,127.95,164.7,116.02
2303303,64.06,96.05,120.7,90.28
2303402,30.12,52.5,62.5,46.89
2303501,25.88,25.75,42.8,29.5
2303600,35.44,66.45,62.8,54.87
2303659,19.62,33.1,44.5,30.89
2303709,24.31,23.55,41.8,27.78
2303808,50.62,82.95,107.4,77.02
2303907,18.62,36.55,30.3,28.96
2303931,18.5,26.55,35.1,25.61
2303956,23.56,27.45,40.1,28.85
2304004,18.62,39.2,50.7,34.54
2304103,23.81,46.7,58.3,41.26
2304202,95.19,163.15,182.6,143.74
2304236,21.69,46.5,56.6,40.07
2304251,13.38,20,23.6,18.48
2304269,16.56,36.95,45.4,31.7
2304277,21,36.6,47.6,33.57
2304285,42.25,37.55,52.8,42.5
2304301,72.44,96.6,127,94.8
2304350,17.06,22.3,29.3,22
2304400,56.94,46.15,58.5,52.59
2304459,18.25,17.5,34.9,21.54
2304509,45.06,64.15,74.5,59.76
2304608,25.62,18.6,37.4,25.13
2304657,41.25,70.7,85.6,63.7
2304707,26.06,38.35,41.5,34.76
2304806,78.69,124.2,131.4,109.93
2304905,17.88,26.65,35,25.41
2304954,38.88,36.35,49.3,40.04
2305001,23.88,45.75,52.7,39.65
2305100,79.38,80.65,94.9,83.3
2305209,20.62,39.45,54.4,36.15
2305233,31,25.15,45.9,31.7
2305266,17.44,29.45,35.4,26.57
2305308,44.31,66,77.5,60.96
2305332,19.44,32.35,31.2,27.61
2305357,18.38,14.85,34.3,20.3
2305407,31.25,64.5,59.2,51.78
2305506,45.88,77.4,95.1,70.28
2305605,21.88,35.75,50.8,34.2
2305654,24.81,54.25,42.1,41.37
2305704,59.81,84,99.6,78.98
2305803,26.44,48.9,67.4,45.11
2305902,25.5,52.25,43.7,41.09
2306009,19.38,33.15,24.4,26.46
2306108,10.81,18.35,20.9,16.28
2306207,10,11.5,26.6,14.26
2306256,38.69,41.6,48,41.98
2306306,22.44,22.45,30.9,24.28
2306405,21,23.9,37.1,25.76
2306504,23.44,37.05,40.1,32.98
2306553,21,19.9,24.3,21.24
2306603,10.5,14.85,26.1,15.78
2306702,20.44,38,27.6,29.63
2306801,24.62,33.05,29.2,29.28
2306900,18.81,40,35.4,31.63
2307007,8.19,12.7,28.7,14.61
2307106,83.81,118.5,174.6,118.63
2307205,81.94,110.6,159.5,111.26
2307254,13.31,17.65,23.5,17.41
2307304,81.75,129.55,176.5,123.13
2307403,44.44,82.05,83.9,69.37
2307502,68.19,84.5,107.4,83.8
2307601,16.19,28.5,27.4,23.98
2307635,12.25,18.25,28.7,18.43
2307650,35.75,50.8,55.8,46.65
2307700,46.38,45.6,58,48.57
2307809,10.94,13.85,18.7,13.89
2307908,18.62,24.55,32.6,24.24
2308005,31.25,47.4,57.4,43.96
2308104,55.19,83.15,117.6,80.91
2308203,26.62,51.95,62.9,45.52
2308302,80.75,114.85,149.5,110.52
2308351,12.5,40.3,45.9,31.85
2308377,8.19,12.8,19.9,12.74
2308401,96.69,144.55,201.5,140.28
2308500,28.56,37.15,45.6,36
2308609,22.69,30.85,39.5,29.89
2308708,20.19,32.5,28.3,27.3
2308807,22,35.5,52.7,34.54
2308906,7.19,14.75,18.3,12.89
2309003,32.38,47.35,74.6,48.07
2309102,64.75,64.3,79.6,67.78
2309201,81.5,109.85,135.5,105.57
2309300,25.12,38.95,49.5,36.43
2309409,31.88,66.1,61,53.09
2309458,16.75,25.45,36.2,24.76
2309508,30.62,70.9,60.5,54.63
2309607,31,25.15,45.9,31.7
2309706,38.69,41.6,48,41.98
2309805,78.69,75.5,88.2,79.37
2309904,34.06,63.4,77.2,56.2
2310001,10.31,18.8,27.1,17.65
2310100,67.06,70.45,79.2,71.17
2310209,24.69,18.3,34.5,24.04
2310258,19.31,20.35,31.8,22.48
2310308,36.19,63.1,76.5,56.65
2310407,22.44,17.55,37,23.48
2310506,19.81,32.7,50.2,32.02
2310605,73.81,103.45,137.3,100.5
2310704,13.25,13.45,29,16.76
2310803,22.69,37.65,55.6,36.35
2310852,35,26.8,43.1,33.2
2310902,28.5,45.75,48.3,40.3
2310951,23.56,46.65,65.4,42.7
2311009,29.19,58.6,42.3,44.83
2311108,85.5,124.2,162,118.96
2311207,64.25,76.05,106.1,78.48
2311231,21.12,34.35,24.3,27.57
2311264,29.62,58,66.8,50.04
2311306,15.25,27.65,35.2,24.98
2311355,28.62,69.3,70.7,55.46
2311405,18.56,26.3,39.8,26.54
2311504,13.06,21.4,27.6,19.85
2311603,34.5,38.05,42.9,37.87
2311702,33,67.7,76.7,57.59
2311801,14.12,21.45,24.7,19.61
2311900,37,72.3,50.6,55.3
2311959,58.56,71.95,123,78.39
2312007,13.25,22.35,32.7,21.43
2312106,69.88,111.2,136.4,102.3
2312205,13.44,25.6,35.5,23.52
2312304,36,64.65,70.2,55.89
2312403,24.06,17,38.2,24.07
2312502,17.56,29.35,26.8,24.7
2312601,15.94,12.85,27.4,17.09
2312700,22.88,37.25,50.5,35.13
2312809,24.31,25.2,40.7,28.26
2312908,17.06,22.3,29.3,22
2313005,17.25,44.6,45.4,35.26
2313104,19.06,31.65,29.5,26.8
2313203,20.69,35.85,40.2,31.52
2313252,59.5,73.7,71.2,68.22
2313302,31.12,44.1,65.1,44.15
2313351,22.12,15.05,33.2,21.46
2313401,44.81,65.05,86.8,62.74
2313500,22.38,22.6,37.1,25.67
2313559,21.19,25,37.6,26.41
2313609,48.44,67.75,81.1,63.93
2313708,46.19,79.95,81.4,68.52
2313757,13.75,11.8,21,14.48
2313807,25.88,27,37.8,28.96
2313906,25.94,37.65,39.8,34.04
2313955,25.44,42.8,51.6,38.67
2314003,76.81,106.75,133.9,102.24
2314102,41.25,61.1,62.6,54.52
2400109,19.12,26.45,33.1,25.35
2400208,10.5,22.5,41.3,22.41
2400307,13.19,15.6,23.3,16.43
2400406,27.94,41.05,51.9,38.85
2400505,24.62,48.3,63.6,43.39
2400604,27.62,40.3,70.6,42.48
2400703,13.12,15.8,26.3,17.15
2400802,12.19,16.25,23.5,16.41
2400901,26.38,45.15,70.1,44.04
2401008,20.44,25.75,25.2,23.78
2401107,14.75,14.95,32,18.59
2401206,66.88,54.9,70.7,62.5
2401305,18.25,28.4,42.7,27.98
2401404,68.75,64.4,81.7,69.67
2401453,11.5,16.45,29.3,17.52
2401503,21.88,19.55,28.8,22.37
2401602,30,23.8,40.8,29.65
2401651,12.38,16.65,21.3,16.17
2401701,44.19,35.55,47.7,41.2
2401800,52.19,45.15,61.6,51.17
2401859,17.56,16.4,33,20.41
2401909,18.5,17.45,25.4,19.54
2402006,19.38,31.55,46.7,30.61
2402105,18.25,21.3,33.9,22.98
2402204,67.88,62.9,76.3,67.54
2402303,20.12,22.55,32.7,23.91
2402402,20,30.55,32.6,27.33
2402501,13.12,15.4,25.4,16.78
2402600,60.94,44.5,58.6,53.28
2402709,14.12,15.7,21.5,16.41
2402808,17.38,22.3,34,23.13
2402907,29,43.5,59.4,41.91
2403004,22.19,28.8,39.6,28.85
2403103,21.31,22.85,29.4,23.74
2403202,24.19,39.05,56,37.57
2403251,69.19,50.55,68.7,60.98
2403301,24.19,39.05,56,37.57
2403400,27.06,36.45,38.5,33.63
2403509,52.38,46.9,56.9,50.98
2403608,66.69,48.2,63.7,58
2403707,19.5,23.75,34.8,24.67
2403756,12.56,15.15,19.1,15.11
2403806,19.62,25.4,37.4,26
2403905,19.75,28.55,43.8,28.8
2404002,25.94,39.25,68.4,40.96
2404101,14.69,15.7,27.2,17.85
2404200,65.69,52.9,68.7,60.78
2404309,15.75,22.35,36.7,23.17
2404408,18,16.6,34.8,21.04
2404507,14,13.2,20.7,15.11
2404606,49.62,34.8,52.2,43.74
2404705,14.06,18.95,31.8,20.04
2404804,20.31,43.15,43.1,35.2
2404853,14.25,19.7,34.1,20.93
2404903,21.25,26.85,34.4,26.54
2405009,18.38,24.25,31.8,23.85
2405108,15.88,13.5,26.1,17.07
2405207,21.19,31.85,41.4,30.22
2405306,27.81,23.7,36,27.8
2405405,26.38,25.65,41.6,29.37
2405504,26.38,22.75,38,27.33
2405603,20.69,37.25,48.3,33.89
2405702,20,32.25,45.1,30.78
2405801,29,24.5,38.4,29.09
2405900,26.12,43.65,72.7,43.87
2406007,31.88,57.95,55.6,48.37
2406106,18.19,26.8,44.8,27.72
2406155,52.19,45.15,61.6,51.17
2406205,28.69,31.35,42.6,32.87
2406304,49.75,40.65,50.8,46.02
2406403,24.88,22.2,34.4,25.78
2406502,17.56,20.15,24.7,20.24
2406601,38.06,31.55,44.8,36.7
2406700,14.56,14.95,24.4,16.87
2406809,18.31,19.9,33.5,22.3
2406908,25.94,39.25,68.4,40.96
2407005,32.31,52.75,59.1,47.02
2407104,53.75,43.8,57,50.13
2407203,13.44,14.6,22.4,15.89
2407252,29.25,56.45,64.2,48.67
2407302,25.88,45.6,51.4,40
2407401,21.94,36.45,56.5,35.76
2407500,62.06,44.35,55.9,53.02
2407609,24.56,35.7,46.1,34.09
2407708,58,56.4,70.9,60.11
2407807,53,43.45,56.7,49.65
2407906,29.12,29.75,42.1,32.22
2408003,15.5,19.05,37.2,21.76
2408102,68.94,48.85,68.7,60.15
2408201,72.75,59.65,77.7,68.13
2408300,38.44,37.45,44.1,39.24
2408409,21.81,32.4,50.9,32.74
2408508,21.5,38,43.8,33.52
2408607,29.5,60.15,62.6,50.02
2408706,13.5,22.2,37.4,22.48
2408805,24.19,21.1,34.4,25.07
2408904,21.88,34.7,39,31.17
2408953,55.25,38.35,50.5,46.87
2409100,34.69,33.25,48.2,37
2409209,52.19,45.15,61.6,51.17
2409308,25.12,38.3,59.2,38.26
2409332,34.75,28.45,43.8,33.98
2409407,22.88,32,47,32.09
2409506,30.94,24.05,35.5,28.93
2409605,19.88,17.75,30,21.15
2409704,14,12.85,20.5,14.91
2409803,59.81,55.3,67.5,59.52
2409902,13.25,14.65,21.9,15.74
2410009,23.88,44.5,56,39.83
2410108,41.94,31.05,47.9,38.5
2410207,18.94,29.6,41.9,28.57
2410256,15.56,14.65,23.6,16.91
2410306,25.88,23.15,34.1,26.48
2410405,49.56,35.4,47.4,42.93
2410504,25.69,34.95,52.9,35.63
2410603,23.81,36.95,58,36.96
2410702,21.81,29.45,42.2,29.57
2410801,27.94,41.05,51.9,38.85
2410900,28.38,23.05,37.7,28.09
2411007,19.38,28.75,27.3,25.17
2411056,19.31,16,35.5,21.39
2411106,22.12,19.2,27.2,21.96
2411205,19.38,20.5,33,22.83
2411403,16.12,20.45,31.4,21.33
2411429,23.94,36.1,40.7,32.87
2411502,33.38,31.75,45.8,35.37
2411601,27.69,22.1,35.1,26.87
2411700,18.69,20.3,32.6,22.41
2411809,19.56,36.65,48.3,33.24
2411908,19.88,32.7,34.5,28.63
2412005,65.06,46.6,63.8,56.76
2412104,18.81,36.95,47.7,32.98
2412203,67.94,53.7,68.9,61.96
2412302,26.19,26.85,41.6,29.83
2412401,20.69,29.8,41.5,29.17
2412500,29,43.5,59.4,41.91
2412559,35.31,26,39.8,32.24
2412609,27.5,22.4,39.5,27.89
2412708,38.62,31.1,42.6,36.22
2412807,14.62,19.85,38.8,22.15
2412906,16.38,18.05,25.3,19.04
2413003,19.81,24.2,30.6,24.07
2413102,32.25,27.8,36.8,31.3
2413201,73.81,60,76.4,68.37
2413300,30.88,31.95,46.6,34.76
2413359,13.31,16.8,33,19.11
2413409,23.25,49,50.2,40.3
2413508,35.44,30.9,49,36.41
2413557,24.94,41.05,67.9,41.28
2413607,20.5,28.2,29.6,25.83
2413706,22,20.3,28.8,22.74
2413805,22.5,27.85,38.9,28.39
2413904,48.88,36.75,53.1,44.52
2414001,22.06,22.8,32.4,24.63
2414100,29.75,59.45,61.5,49.57
2414159,19.44,24,33.8,24.54
2414209,70,59.1,73.7,66.07
2414308,20.69,38.45,47.2,34.17
2414407,42.06,31.05,42,37.26
2414456,16.44,25.4,41.8,25.85
2414506,21.12,28.55,42,28.89
2414605,13.31,21.75,40.3,22.85
2414704,52.38,46.9,56.9,50.98
2414753,27.56,49.3,53.6,42.67
2414803,53,43.45,56.7,49.65
2414902,21.81,29.45,42.2,29.57
2415008,72.62,66.75,84.6,72.67
2500106,48.5,75.6,94.1,70.2
2500205,59.44,88.6,92,79.2
2500304,65.38,61.2,91.9,69.33
2500403,67.62,63.3,96.4,72
2500502,58.56,56.75,78.3,62.07
2500536,20.56,24.8,38.1,26.22
2500577,28.62,29.3,50.7,33.72
2500601,97.62,94.65,122.8,101.8
2500700,51.94,71.1,88.5,68.22
2500734,25.44,40.65,37.3,34.63
2500775,34.81,65.45,81.3,58.24
2500809,49.69,51.3,60.7,52.78
2500908,64.62,61.7,85.5,67.89
2501005,37.56,39.1,56.6,42.37
2501104,65.06,60.05,89.1,68.11
2501153,32.75,40.35,60.6,42.11
2501203,40.19,36.5,59.9,42.87
2501302,42.75,32.65,62.8,42.72
2501351,22.25,23.9,37.3,26.24
2501401,72.06,68.4,84.5,73.17
2501500,60.12,63.3,73.2,64.35
2501534,13.5,22.65,26.9,20.39
2501575,20.62,19.1,35.9,23.28
2501609,23.69,22.4,31.6,24.85
2501708,17.12,26.3,26.9,23.24
2501807,89.38,79.65,107.7,89.13
2501906,52.56,53.2,62.4,54.98
2502003,24.75,32.75,47.8,33.24
2502052,29.56,58.3,66.3,50.04
2502102,57.44,79.95,120.1,80.85
2502151,13.44,22.3,28.6,20.59
2502201,56.44,79.4,92.7,74.3
2502300,27.81,52.4,59.4,45.37
2502409,62.56,93.5,116.1,87.65
2502508,18.38,22,31.1,22.72
2502607,52.56,80.85,95,74.09
2502706,60.12,63.3,73.2,64.35
2502805,25.12,40.3,51.3,37.41
2502904,25.75,47.6,70.3,44.93
2503001,99.94,92.25,129.4,103
2503100,14.69,22.6,30.9,21.65
2503209,84.94,76.05,96.2,83.52
2503308,61.19,75.45,101.7,76.2
2503407,34.44,62.15,50.2,49.91
2503506,38.25,36.35,57.8,41.67
2503555,28.19,55.7,47.6,44.37
2503605,44.44,46.55,50.7,46.72
2503704,57.81,86.2,103.9,80.17
2503753,43.88,79.15,69.2,64.72
2503803,45.12,45.65,56,47.72
2503902,23.75,45.85,42.9,37.52
2504009,39.62,40.1,49.3,41.93
2504033,63.12,59.9,70.2,63.26
2504074,19.06,34.1,34.9,29.04
2504108,61.88,97.65,97.5,85.17
2504157,38.62,38.15,61.6,43.41
2504207,37,74.5,66.8,59.78
2504306,25.88,49.65,73.2,46.5
2504355,18.06,20.1,34.4,22.5
2504405,61.25,84.6,125.6,85.39
2504504,34.31,75,60.4,57.67
2504603,92.62,82.3,117.3,93.5
2504702,18.44,34.8,39.2,30.07
2504801,47.5,77.5,75.6,66.65
2504850,18.5,35.8,36.9,30.02
2504900,61,53.95,68.5,59.57
2505006,12.38,29,27.4,22.87
2505105,22.88,21.4,32.4,24.3
2505204,58.56,56.75,78.3,62.07
2505238,53.56,53.95,57.7,54.63
2505279,48.88,45.55,56.9,49.17
2505303,60.81,83.3,119.6,83.37
2505352,32.56,30.95,46.5,34.89
2505402,30.69,51.05,43.7,42.37
2505501,29.44,70.15,56.7,53.07
2505600,59.56,83,114.4,81.67
2505709,51,52.35,71.4,56.02
2505808,47.38,49.9,59.1,51.02
2505907,31.56,69.15,66.2,55.43
2506004,46.88,41.3,70,49.48
2506103,38.56,28.5,59.6,38.76
2506202,21,23.2,26.3,23.11
2506251,23.19,18.2,40.9,24.87
2506301,54.06,56.4,73.8,59.37
2506400,43.44,41.6,51.7,44.43
2506509,16.69,28.1,38.3,26.35
2506608,63.31,77.9,123.4,82.72
2506707,45.12,77.6,78.4,66.48
2506806,45.81,40.1,73.6,49.37
2506905,48.38,40.4,65.6,48.65
2507002,57.25,88.35,101.9,80.48
2507101,53.56,51.4,60.1,54.04
2507200,40.19,27.55,62,39.43
2507309,58,56.4,70.9,60.11
2507408,27.69,53.1,58.8,45.5
2507507,91.19,82.45,111.6,91.83
2507606,48,46.05,71.1,52.17
2507705,23,24.85,35.6,26.54
2507804,30.88,33.25,47.3,35.48
2507903,54.94,47.95,77.9,56.89
2508000,51.69,70.8,107.3,72.09
2508109,27.69,53.1,58.8,45.5
2508208,46.5,48.45,52.4,48.63
2508307,52.38,48.25,67.6,53.89
2508406,33.75,61.8,74.9,54.89
2508505,25.62,45.6,36.1,36.59
2508554,41.75,43.35,47.5,43.7
2508604,77.75,70.35,89.8,77.15
2508703,40.38,72.1,68.5,60.28
2508802,29.19,73.45,55.3,54.11
2508901,62.44,60.05,71.3,63.33
2509008,67.5,86.9,113.7,85.98
2509057,73.44,65.15,82.2,71.74
2509107,46.94,45.55,55.7,48.24
2509156,57.5,74.9,91.2,72.39
2509206,51.25,42.6,77.7,53.24
2509305,69.25,66.25,81.3,70.57
2509339,57.38,50.65,82.7,59.96
2509370,29.44,58.15,57,47.91
2509396,39.06,73.6,57.8,58.15
2509404,41.31,36.65,50.9,41.37
2509503,40.19,36.5,59.9,42.87
2509602,65.62,94.1,119,89.61
2509701,36.31,57.95,55.8,49.96
2509800,48.94,47.05,64.1,51.41
2509909,48.75,40.75,70.3,49.96
2510006,58.88,86.75,89,77.54
2510105,18.38,24.25,31.8,23.85
2510204,54.56,81.3,118.4,80.07
2510303,16.06,30.15,31.7,25.59
2510402,33.19,65.85,73.6,56.17
2510501,23,39.3,34.1,32.5
2510600,34.31,47.2,38.4,40.8
2510659,19.94,32.15,43.2,30.3
2510709,26.31,48.9,47.1,40.65
2510808,30.69,60.3,52.7,48.35
2510907,27.62,66.4,53.4,50.09
2511004,54.56,81.3,118.4,80.07
2511103,12.62,28.25,28,22.76
2511202,89.19,85.65,110.8,92.35
2511301,43.88,70.6,94.7,66.54
2511400,19.12,23.15,29.4,23.11
2511509,47.5,45.4,63.1,49.98
2511608,73.75,73.2,94.9,78.11
2511707,61.75,65.85,84.5,68.48
2511806,52.56,53.2,62.4,54.98
2511905,97.69,92.45,122,100.7
2512002,31.19,35.65,46.1,36.37
2512036,27.56,49.3,53.6,42.67
2512077,32.62,62.4,75,54.78
2512101,28,61.9,56.5,48.93
2512200,29.56,43.05,38.2,37.3
2512309,51.5,70.6,116.2,73.87
2512408,43.94,39.35,51.9,43.67
2512507,28.94,28.65,42.7,31.8
2512606,27.88,54,52.1,44.5
2512705,46.88,41.3,70,49.48
2512721,52.06,54.75,62.6,55.52
2512747,39.25,40.55,61.2,44.59
2512754,45.81,40.1,73.6,49.37
2512762,48,48.45,63.9,51.65
2512788,17.75,21.85,31.8,22.59
2512804,29.75,53.45,62.8,47.24
2512903,73.44,65.15,82.2,71.74
2513000,28.69,35.05,51.7,36.46
2513109,47.88,40.05,68.7,49
2513158,30.75,39.1,49.7,38.5
2513208,29.56,57.95,58.9,48.28
2513307,46.62,71,88.2,66.26
2513356,67.75,87.3,128.7,89.5
2513406,28.12,45.05,48.7,39.96
2513505,67.44,90.4,116.3,88.04
2513604,49.38,80,107.9,75.41
2513653,28.06,54,67.1,47.83
2513703,77,70.1,88.3,76.46
2513802,39.81,70.4,57,56.85
2513851,18.56,27.6,46.6,28.59
2513901,24.88,45.25,55.3,40.35
2513927,29.5,71.9,60.5,54.67
2513943,18.62,30.35,33.1,26.87
2513968,46.56,78.05,75,66.43
2513984,31,61.3,66.7,51.93
2514008,16.88,29.8,36.1,26.67
2514107,29.75,50.2,51.9,43.46
2514206,52.19,75.75,95.5,71.85
2514305,56.25,88.6,116.8,83.48
2514404,29.75,61.55,55.7,49.22
2514453,41.31,38.65,48.2,41.65
2514503,65.25,95.85,106.9,87.61
2514552,56.62,74,110.2,75.83
2514602,39,71.85,56.6,57.11
2514651,21.88,37.4,49,34.52
2514701,30.75,43.9,51.8,41.04
2514800,22.31,39.45,38.7,33.33
2514909,28.81,51.7,50.4,43.46
2515005,65.56,52.6,79.1,62.87
2515104,48.12,43.25,70.6,50.89
2515203,38.25,62.9,64.2,54.61
2515302,62.94,56.35,71.4,61.91
2515401,13.69,29.2,24.5,22.78
2515500,22.25,38.1,39.8,32.96
2515609,52.56,53.2,62.4,54.98
2515708,56.25,88.6,116.8,83.48
2515807,53.5,47.5,81.6,57
2515906,73.75,73.2,94.9,78.11
2515930,52.56,53.2,62.4,54.98
2515971,48,48.45,63.9,51.65
2516003,52.81,55.55,72.4,58.26
2516102,15.44,27.3,33.3,24.48
2516151,12.5,24.2,21.7,19.59
2516201,52.94,72.35,84.2,68.17
2516300,24.69,40.1,39.5,34.61
2516409,37.5,38.95,56.3,42.22
2516508,20.94,35.35,38.8,31.09
2516607,51.69,70.8,107.3,72.09
2516706,34.81,68.45,46.9,52.07
2516755,26.38,26.75,34.4,28.28
2516805,39.12,66.1,82,60.17
2516904,35.31,57.6,73.4,53.28
2517001,33.19,29.45,45.5,34.24
2517100,23.38,41.95,48.1,36.83
2517209,36.88,62.35,74.1,56.04
2517407,36.56,58.9,57.8,50.89
2600054,106.81,95.1,129.2,106.59
2600104,47.94,68.3,82.3,64.26
2600203,110.88,155.2,145.9,137.76
2600302,53,61.95,72.2,61.07
2600401,124.38,115.75,184.4,133.67
2600500,46.69,63.65,97.5,65.11
2600609,36.81,67.05,58.9,54.76
2600708,88.06,76.75,110.2,87.96
2600807,43.81,57.75,64.4,54.35
2600906,91.62,89.85,143.5,102.13
2601003,67.5,80.15,127.9,86.13
2601052,104.94,88.55,129.7,103.2
2601102,68.31,95.5,116.5,90.61
2601201,38.69,64.8,75.9,58.13
2601300,94.25,96.5,136.1,104.33
2601409,128.44,126.45,187.7,140.46
2601508,81.19,94.45,122.1,95.85
2601607,57.56,96.1,108.5,85.39
2601706,36.75,61.95,60.5,52.87
2601805,51.06,76.6,96.1,71.96
2601904,50.31,56.6,67.7,56.83
2602001,64.06,101.1,131.2,94.76
2602100,54.56,79.45,93.1,73.76
2602209,57.62,49.9,79.6,59.04
2602308,81.5,90.2,118.2,93.26
2602407,60,82.85,104.4,79.59
2602506,41.38,72.05,62.1,59.22
2602605,32.81,53.35,54.4,46.43
2602704,74.94,69.05,97.2,77.22
2602803,45.44,66,87.7,63.57
2602902,134.25,104.65,150.5,124.91
2603009,68.75,101.6,115.5,93.2
2603108,33.75,53.7,53.8,46.78
2603207,49.19,74.05,88.3,68.5
2603306,48.75,68.25,79.7,63.96
2603405,57.06,74.55,99.5,73.89
2603454,133.5,101.05,153,123.63
2603504,63.25,73.15,104.4,76.5
2603603,66.5,56.5,84.4,66.04
2603702,74.88,83.85,123.7,89.39
2603801,51.62,70.95,71.9,64.43
2603900,44.62,67.15,88.4,63.93
2603926,60.06,93.85,99.8,83.39
2604007,78.19,68.85,100.9,79.07
2604106,30.62,44.8,53.1,41.67
2604155,39,34.4,49.7,39.33
2604205,99.69,101.25,125.3,105.93
2604304,68.06,101.5,145.3,99.39
2604403,83.38,71.75,100.1,81.96
2604502,78,70.05,112.4,82.02
2604601,95,84.05,118.9,95.43
2604700,76.5,91,135.1,95.54
2604809,101.75,103.8,158.3,114.93
2604908,42.62,48.05,56.5,48
2605004,65,72.05,86.6,72.76
2605103,39,63.95,85.3,59.91
2605152,88.69,130.3,128.1,115.35
2605202,107.38,95.25,147.4,110.8
2605301,77,125.25,147.8,113.37
2605400,72.75,63.85,89.5,72.52
2605509,66.5,56.5,84.4,66.04
2605608,50.31,71.65,83.8,66.87
2605707,65.5,89.85,108.8,85.5
2605806,36.69,46.9,52.7,44.61
2605905,131.75,127.8,194.6,143.7
2606002,63,82.8,107.1,81.2
2606101,73.81,63.4,94.3,73.74
2606200,100.5,90.2,129.9,102.41
2606309,69.44,109.5,134.2,100.93
2606408,61.69,54.4,74.3,61.26
2606507,48.12,69.55,106.6,70.15
2606606,46.75,65.4,86.5,63.5
2606705,49.06,67.05,70.9,61.63
2606804,117.56,97.65,144.6,114.78
2606903,42.44,66.2,69,58.54
2607000,52.38,73.6,91.3,70.07
2607109,42.62,66.05,66.8,58.07
2607208,127.81,126.55,173,137.09
2607307,68.06,81.8,125.9,86.61
2607406,54.88,91.15,118,84.37
2607505,47.56,63.7,97.2,65.37
2607604,114.5,104.05,138,115.07
2607653,75.5,67.25,89.9,75.04
2607703,29.5,59.05,39.2,44.46
2607752,109.81,89.85,131.6,105.87
2607802,97,85.45,120.9,97.17
2607901,134,100.85,156.9,124.57
2607950,89.19,99.25,128,102
2608008,37.81,55.3,58.6,49.93
2608057,49.88,66.95,78,63.41
2608107,57.69,50.55,79.3,59.28
2608206,109.31,104.5,167.4,119.85
2608255,51.44,69.85,83.3,66.37
2608305,48.75,68.25,79.7,63.96
2608404,58.44,71.9,94.8,72.2
2608453,78.19,68.85,100.9,79.07
2608503,83.38,71.75,100.1,81.96
2608602,68,87.1,103.6,84.04
2608701,81.19,94.45,122.1,95.85
2608750,70.38,112.65,137.2,103.28
2608800,49.06,67.05,70.9,61.63
2608909,64.44,55.55,84.3,64.89
2609006,58.31,46.15,80.5,57.85
2609105,57.62,49.9,79.6,59.04
2609154,50.62,67,103.4,69.22
2609204,105.19,107.45,152.2,116.39
2609303,59.88,97,102.9,85.37
2609402,120.38,87.65,130.9,108.43
2609501,81.75,75.2,99.5,82.76
2609600,129.75,101.05,151.1,121.91
2609709,57.62,49.9,79.6,59.04
2609808,65.44,99.95,120.1,92.33
2609907,69.31,107.7,125.5,98.22
2610004,108.12,103.2,150.7,115.24
2610103,71.12,85.65,134.7,91.26
2610202,61,69.85,92.7,71.74
2610301,44.88,70.8,86.5,65.2
2610400,73.88,110.1,129,101.61
2610509,55.88,54.9,72.5,59.07
2610608,111.12,85.9,127.6,103.74
2610707,129.75,101.05,151.1,121.91
2610806,40.75,67.3,78.2,60.43
2610905,36.88,63.9,58.9,53.41
2611002,52.56,78,99.6,73.85
2611101,72.69,133.2,142.6,114.2
2611200,36.75,62.7,56.4,52.3
2611309,76.44,66.9,99.2,77.24
2611408,95.69,99,142.6,107.33
2611507,80.38,93.15,126.6,95.98
2611533,46.75,65.95,94.6,65.5
2611606,131,103.2,144.5,121.85
2611705,40.31,47.05,55.5,46.54
2611804,132.38,128.55,190.2,143.28
2611903,135.81,132.55,186.3,145.37
2612000,79.38,82.6,116.4,88.83
2612109,53.94,52.35,72.3,57.24
2612208,58.31,104.25,110.4,89.61
2612307,51.56,74.75,90.9,70.2
2612406,38.75,65.7,59.4,54.96
2612455,75.06,108.6,128.6,101.28
2612471,61.38,82.2,111,81.22
2612505,19.25,32.95,28.3,27.17
2612554,78.19,118.3,138,108.63
2612604,70.88,101.55,131.2,97.33
2612703,32.12,42.65,50.9,40.78
2612802,43.56,71.2,72.5,61.87
2612901,90.69,98.5,136.7,104.09
2613008,42.94,65.4,60.3,56.48
2613107,33.19,51.55,59.1,46.8
2613206,59.81,77,96.9,75.35
2613305,62,68.9,82.2,69.39
2613404,129.56,126.15,181.4,139.35
2613503,64.69,96.75,130.1,92.85
2613602,32.12,47.6,38.5,40.24
2613701,107.81,78.2,121.4,97.89
2613800,60.5,52.9,87.8,63.13
2613909,64.31,84.3,89.8,78.54
2614006,68.44,100.5,142.8,98.54
2614105,35.38,63.05,70.3,55
2614204,133.81,131,185.2,143.76
2614303,73.94,127.3,145.6,112.72
2614402,45.19,74.1,91,67.72
2614501,37.69,41.9,53.4,42.93
2614600,44.31,72.55,87,65.87
2614709,33,50.2,55.4,45.35
2614808,51.88,69,92.5,68.15
2614857,129,125.1,192.5,141.11
2615003,25.19,38,44.8,35.02
2615102,57.06,79.2,96.5,75.26
2615201,71.62,105.25,132.2,99.41
2615300,63.75,49.55,82.4,61.63
2615409,26.44,39.65,52,37.74
2615508,91.25,81.5,108.7,90.8
2615607,66.25,96.5,123,91.74
2615706,57.75,77.9,113.5,78.63
2615805,48.38,67.05,87.5,65
2615904,37.94,52.95,45.3,46.07
2616001,40.75,67.3,78.2,60.43
2616100,68.06,105.2,130,97.67
2616183,29.44,33.05,42.2,33.78
2616209,32.69,42.1,54.3,41.48
2616308,72.81,65.2,97.6,74.89
2616407,80.69,76.9,103.7,84.04
2616506,116.12,113.9,160.1,124.72
2700102,52.19,70,91.8,68.54
2700201,67.5,87,132,90
2700300,53.94,68.7,108.9,72.3
2700409,100.19,101.6,164.6,114.8
2700508,135.81,111.15,175.5,133.72
2700607,110.88,109.2,187,126.7
2700706,45.75,52.7,87.4,57.83
2700805,68.44,84.6,113.7,85.3
2700904,45.75,53,95.6,59.74
2701001,88,104.05,155.6,109.67
2701100,84.25,91.05,144.5,100.3
2701209,46.19,63.9,95.4,64.59
2701308,85.62,94.3,141.1,101.46
2701357,119.56,116.75,174.6,130.3
2701407,70.56,89.95,158.2,98.04
2701506,49.88,64.75,118.9,71.35
2701605,49.5,64.55,96.8,66.33
2701704,86.44,91.5,142,100.72
2701803,45.38,54.55,87.1,58.43
2701902,80.75,94.65,151.2,102.11
2702009,58.94,78.9,110.7,78.87
2702108,103.38,102.7,164.5,116.37
2702207,123.06,107.75,201.5,133.46
2702306,66.31,91.55,150.8,95.65
2702355,54.69,65.4,98.2,68.8
2702405,52.56,68.75,89.9,67.72
2702504,45.38,61.75,96.2,63.54
2702553,53.62,76.85,98.6,73.5
2702603,51.31,66.4,119.1,72.61
2702702,75,88.4,158.8,99.04
2702801,109.75,104.3,171.2,120.74
2702900,44.25,60.2,94.6,62.13
2703007,95.12,102.1,148.9,109.85
2703106,56.94,71.8,98.2,72.37
2703205,61.06,76.65,141.2,85.26
2703304,51.06,70.65,86.2,67.22
2703403,47.88,56.75,87,60.24
2703502,120.38,119.95,166.8,130.28
2703601,126.94,122.1,176.1,135.52
2703700,46,63,88.7,62.67
2703759,90.31,104.25,160.4,111.61
2703809,107.69,103.1,162.7,117.65
2703908,118.06,113.35,164.2,126.04
2704005,61.31,84.25,138.9,88.15
2704104,44.12,63.85,108,66.59
2704203,62.81,82.7,128.3,85.7
2704302,133,108.6,195,135.87
2704401,45.88,56.5,88.4,59.74
2704500,130.12,125.7,173.9,137.72
2704609,47.19,55.25,86.6,59.26
2704708,112.75,109.5,197.1,129.67
2704807,80.06,90.6,126,94.63
2704906,67.56,85.2,110.8,84.63
2705002,52.31,70.85,101.1,70.98
2705101,131.69,110.5,186.2,134.33
2705200,106,96.95,168.5,115.65
2705309,48.88,70.4,95,68.26
2705408,47.88,56.75,87,60.24
2705507,95.12,90.75,150.3,105.22
2705606,118.5,114.9,166.7,127.41
2705705,45.25,52.9,84.6,57.13
2705804,49.88,71.8,79.5,65.85
2705903,58.12,69.6,122.6,77.13
2706000,45.81,57.75,89.9,60.59
2706109,47.62,59.9,97.1,63.72
2706208,45.12,55.45,83.7,58
2706307,60.88,77.3,95.5,75.54
2706406,48.62,56.55,84.1,59.78
2706422,52,67.95,89.2,67.02
2706448,133.25,114.3,192.4,137.87
2706505,134.12,113.2,176.3,134.2
2706604,66.19,85.15,110.1,83.98
2706703,74,86.95,156.5,97.57
2706802,74.06,85.6,157.2,97.15
2706901,97.88,107.15,162.5,115.96
2707008,81.12,89.1,124.2,93.96
2707107,46.19,71,73.2,62.85
2707206,47.19,55.25,86.6,59.26
2707305,127.81,119.7,171.3,133.74
2707404,131.19,117.5,176.9,135.17
2707503,60.06,71.7,131.3,80.61
2707602,66.19,85.15,110.1,83.98
2707701,116.06,101.7,191.8,126.28
2707800,110.88,109.2,187,126.7
2707909,123.06,107.75,201.5,133.46
2708006,45.25,57.6,85.7,59.41
2708105,81.56,90,152,100.54
2708204,58.12,67.95,124.3,76.78
2708303,76.31,87.2,144.2,95.8
2708402,46.38,56.05,86.5,59.3
2708501,124.75,114,166.8,129.22
2708600,103.44,104.1,167.9,117.74
2708709,134.12,113.2,176.3,134.2
2708808,59.81,75.75,147.4,85.78
2708907,119.25,103.85,197.1,129.48
2708956,49.38,61.4,86.6,62.7
2709004,68.44,84.6,113.7,85.3
2709103,61.19,83.15,120.8,83.7
2709152,66,88.35,158.8,95.89
2709202,44.5,56.9,101.8,62.35
2709301,81.88,90.4,158.5,102.24
2709400,82,91.7,130,96.65
2800100,56.38,66.9,118.4,74.43
2800209,62.81,76.25,130.3,83.33
2800308,106.19,121.55,197.2,132.65
2800407,130.06,157.75,235,164.91
2800506,103.38,114.25,198.2,128.72
2800605,103.25,115.45,194.2,128.33
2800670,124.88,149.85,238.5,160.43
2800704,72.62,82.55,155.6,94.98
2801009,109.38,111.1,192.9,128.28
2801108,53.31,66.7,119.4,73.5
2801207,52.12,72.35,84.7,68
2801306,75.88,89.35,164.5,101
2801405,71.69,82.95,122.9,87.72
2801504,87.88,103.55,182.3,115.22
2801603,61.38,74.9,135.9,83.46
2801702,127.25,161.75,231,164.8
2801900,67.25,88.6,153.6,95.3
2802007,93.44,108.55,193.2,121.7
2802106,131.75,158.15,243.4,167.5
2802205,60.75,68.55,124.3,77.96
2802304,85.5,95.7,163.5,106.89
2802403,46.75,57.1,108.4,64.65
2802502,87.88,103.55,182.3,115.22
2802601,64.25,76.1,132.1,84.15
2802700,70.44,84.5,151.6,94.2
2802809,143.81,166,240,174.37
2802908,101.12,103.8,185.6,120.65
2803005,119.44,154.65,214.8,155.48
2803104,50.12,67.6,114.1,71.63
2803203,123.38,138.85,225.2,152.24
2803302,79.25,97.15,176.6,108.2
2803401,69.81,83.65,160.7,95.59
2803500,113,136.95,226.2,148.02
2803609,105.12,120,198,131.78
2803708,97.94,106.6,177.6,119.02
2803807,68.5,83.45,147.1,92.09
2803906,96.94,107.6,189.5,121.7
2804003,101.19,116.1,189.6,126.89
2804102,89.06,96.5,175.3,111.04
2804201,51.88,64.8,97.4,67.39
2804300,68.5,83.45,147.1,92.09
2804409,69.38,79.6,150.6,91.48
2804458,67.25,82.3,135.4,88.61
2804508,52.5,62.35,98.5,66.78
2804607,70.81,91.3,162.8,99.72
2804706,49.12,60.55,112.2,67.8
2804805,105.12,120,198,131.78
2804904,76.69,86.9,163.5,100
2805000,100.12,104.85,179.9,119.52
2805109,124,155.35,232.1,161.13
2805208,84.56,97.6,154.9,105.52
2805307,85.12,101.25,171.5,110.91
2805406,52.38,64.5,82.4,64.17
2805505,85.38,115.95,141.3,110.83
2805604,51.62,58.05,95.8,64.02
2805703,61.38,74.9,135.9,83.46
2805802,108.69,137.75,196.2,140.35
2805901,98.81,115.7,192.6,126.54
2806008,87.69,95.4,161.1,107
2806107,94.19,109,184.8,120.33
2806206,122.5,143.55,228.3,154.65
2806305,137.12,167.35,239.3,172.48
2806404,64.62,76.4,147.1,87.67
2806503,96.94,107.6,189.5,121.7
2806602,102,111.45,184.8,124.11
2806701,116.25,129.85,213.6,143.33
2806800,109.38,111.1,192.9,128.28
2806909,68.81,85.35,144.1,92.37
2807006,65.88,78.35,142.4,87.93
2807105,95.25,117.15,171.3,121.3
2807204,87.81,101.85,184.2,114.87
2807303,58.12,67.95,124.3,76.78
2807402,84.12,132.85,165.7,123.04
2807501,117.62,149.7,210.9,151.85
2807600,125.56,158.6,236.2,163.98
2900108,272.75,342,321.8,313.52
2900207,56.25,91.55,120.3,85.52
2900306,127.31,144.35,228.8,156.78
2900355,74.19,98.85,128.7,96.76
2900405,118.19,180.45,169.2,156.35
2900504,265.62,324.9,301.2,299.13
2900603,226.31,269.15,267.5,253.89
2900702,156.38,212.35,273.6,206.2
2900801,351.62,458.05,399.3,408.26
2900900,290.5,396.75,360.5,351.91
2901007,179.5,230.75,240.1,214.96
2901106,167.44,225.1,289,218.93
2901155,173.44,252.5,240.1,222.3
2901205,231.94,285.8,275.3,264.78
2901304,262.06,337.35,335.4,310.74
2901353,111.25,126.4,166.4,129.83
2901403,354.94,442.85,423.3,408.02
2901502,106.06,178.45,190.8,155.96
2901601,71,103.4,128.3,97.54
2901700,108.12,179.8,210.8,161.61
2901809,141.75,162.4,196,162.52
2901908,124.62,156.3,232.1,161.76
2901957,250,294.05,308.5,281.87
2902005,220.19,275.45,270,255.04
2902054,156.75,214.3,294.1,211.63
2902104,84.94,136.95,161.1,124.11
2902203,137.81,196.25,234.8,184.3
2902252,325.38,403.7,361.4,367.26
2902302,239,286.2,331.8,279.7
2902401,304,375.05,350.2,344.93
2902500,353.56,487.35,415.2,425.13
2902609,136.62,196.95,250.4,187.59
2902658,72.25,118.45,140.9,107.26
2902708,232.56,293.2,288.9,271.17
2902807,217,260.75,264.6,246.37
2902906,282,345.3,285.2,310.22
2903003,197.31,285.95,279.8,253.78
2903102,264.06,326.7,355.2,311.11
2903201,405.94,514.55,504.4,474.57
2903235,184.88,275.45,274.1,243.65
2903276,105.06,146.85,155.2,134.13
2903300,332.75,425.85,412.1,390.48
2903409,336.38,437.35,387.4,391.37
2903508,283.44,329.85,354.6,319.09
2903607,93.69,145.05,145.6,127.3
2903706,233.25,281.05,244.4,256.46
2903805,160.06,206.3,231.7,195.74
2903904,287.62,368.3,383.6,343.57
2903953,218.19,266,230.6,241.67
2904001,221.81,297.45,263.8,263.83
2904050,193.94,255.35,219.9,226.28
2904100,244.12,303.15,311.6,284.46
2904209,303.75,353.8,334.3,332.15
2904308,161.06,217.6,213,196.93
2904407,293.88,428.65,392.3,373.87
2904506,218.56,306.6,294.8,273.41
2904605,217.94,288.85,254.7,256.76
2904704,345.88,448.25,420.9,406.7
2904753,238.19,287.5,294.7,271.91
2904803,265.12,335.05,278.2,298.37
2904852,121.81,211.45,238.1,186.07
2904902,183.88,234.75,299.7,231.17
2905008,291,354.5,356.8,332.91
2905107,144.25,198.3,256.7,192.2
2905156,216,258.95,268.2,246.02
2905206,301.06,364.35,359.8,341.35
2905305,177.75,263.15,238.2,228.02
2905404,298.75,346.5,425.1,346.98
2905503,145.06,200.1,241.3,189.91
2905602,320.12,394.95,340.1,357
2905701,210.75,267,334.3,262.07
2905800,324.31,366.5,424.3,364.39
2905909,179.88,214.7,239.9,208.07
2906006,103.81,152.8,160.8,137.5
2906105,367.69,497.9,449,441.98
2906204,176.06,263.15,246.8,229.3
2906303,342.12,435.2,403.5,395.93
2906402,106.81,154.55,178.9,143.24
2906501,232.69,264.2,331.7,267.91
2906600,294.62,354.55,393.5,342.17
2906709,300.62,388.75,402.6,361.11
2906808,95.88,132.65,147.1,123
2906824,81.88,111.95,132.3,105.91
2906857,115.69,150.35,184.2,145.65
2906873,122.31,155.6,204.6,154.67
2906899,247.38,299.3,331.2,288.17
2906907,361.44,444.25,433,413
2907004,161.88,216.75,316.4,219.33
2907103,304.94,422.2,356.3,367.09
2907202,103.25,160.15,147.9,137.7
2907301,132.25,190.5,222.4,177.17
2907400,365.94,462.4,438.6,423.67
2907509,171.19,241.7,283.8,226.33
2907558,276.88,314.85,309.1,300.39
2907608,178.75,261,241.4,228.13
2907707,57.5,92.2,110.1,84.02
2907806,74.88,111.85,147,106.63
2907905,84.88,125.45,149.1,116.48
2908002,313.5,396.6,376.5,363.33
2908101,410.44,507.2,488.4,469.46
2908200,147.06,225.5,259.2,205.54
2908309,159,218.9,266,208.3
2908408,98.88,146.85,160.8,133.2
2908507,152,200.6,266.2,197.96
2908606,158.31,197.5,288,203.54
2908705,317.06,391.6,380.5,363.26
2908804,199.19,249.35,250.3,232.11
2908903,134,195.3,237.2,183.09
2909000,315.69,387.8,373.1,359.52
2909109,372.12,498.4,488,452.22
2909208,63.88,83.1,100.4,80.17
2909307,418.69,508.8,520.3,479.96
2909406,325.56,409,393.6,376.63
2909505,221,274.3,272.3,255.33
2909604,107.38,142.15,189.5,140.35
2909703,322.44,440.1,413.9,393.48
2909802,139.12,214.55,247.1,195.39
2909901,62.25,104.3,126.5,94.5
2910008,252.12,301.85,305.2,285.28
2910057,210.75,267,334.3,262.07
2910107,238.56,297.65,256.4,268.13
2910206,205.94,258.9,297.6,248.89
2910305,177.94,219.85,232.2,207.96
2910404,290.81,380.4,363.9,345.65
2910503,162.56,213,302.1,214.83
2910602,155.5,199.6,292.5,204.46
2910701,76.88,119.9,142.3,109.8
2910727,333.69,432.25,384.5,387.59
2910750,75.25,106.15,139.1,102.57
2910776,349.25,463.45,433.8,417.28
2910800,112.38,187.35,199.9,164
2910859,138.94,157.85,191.9,158.67
2910909,248,323.45,294.2,290.85
2911006,261.75,352.5,333.5,316.8
2911105,378.38,476.4,439.9,434.37
2911204,290.06,347.35,371.2,332.61
2911253,112.44,145.05,175.6,140.35
2911303,208.38,289.4,298,263.09
2911402,50.81,69.55,93.5,68.24
2911501,281.81,345.85,346.4,323.7
2911600,127.19,218.2,236.1,190.43
2911659,261.38,332.75,340.1,309.52
2911709,300.38,366.4,399.9,350.72
2911808,338.38,439.35,401.9,396.09
2911857,76.38,110.65,144.1,106
2911907,142.25,172.8,202.7,168.67
2912004,301.94,365.3,366.2,343.46
2912103,295,406.6,379.7,361.93
2912202,253.5,329.95,287.9,294.22
2912301,272.25,359.55,336,324.07
2912400,192.12,284.35,263.7,247.78
2912509,232.81,290.7,278,267.8
2912608,186.81,249.3,226.1,222.52
2912707,287.75,342.5,378.9,331.37
2912806,362.75,395.25,422.7,389.91
2912905,255.31,302.6,311.1,288
2913002,210.62,275.45,269.7,251.65
2913101,179.62,284.35,265.8,243.89
2913200,247.75,331,365.1,309.46
2913309,109.69,150.6,166.7,139.87
2913408,309,388.3,371.3,357.02
2913457,312.69,368.95,418.2,360.09
2913507,261.94,339.35,302.2,304.35
2913606,372.88,449.9,448.6,422.83
2913705,124.62,182,205.7,167.2
2913804,110.12,169.35,190.5,153.35
2913903,239.62,297.8,308.2,279.83
2914000,109.56,165.5,181.4,149.5
2914109,217.44,294.5,301.6,269.24
2914208,168.19,226.55,202.2,200.96
2914307,215.75,255.95,261.8,243.24
2914406,223.12,288.4,268,261.26
2914505,130.56,183.55,211.5,171.2
2914604,174.44,280.15,246.7,236.11
2914653,366.75,465.45,391.2,414.98
2914703,145.62,193.3,229,184.48
2914802,344.94,436.95,426.6,402.7
2914901,345.44,405.75,426.4,389.26
2915007,225.44,285.05,284,264.09
2915106,213.5,262.65,258,244.54
2915205,239.5,298.35,303.5,279
2915304,303.62,404.85,353.4,358.46
2915353,156.62,238.85,254.2,213.59
2915403,253.5,330.05,281,292.76
2915502,324.06,416.2,390.5,378.57
2915601,367.25,458.8,414.4,417.3
2915700,265.62,317.05,322.6,300.37
2915809,270.38,351.15,310,314.11
2915908,165.56,237.6,314.5,229.26
2916005,373.25,430.2,421.6,408.52
2916104,248.5,272.6,361.1,283.46
2916203,310.06,424.75,396.1,378.63
2916302,317.69,399.7,352.5,360.91
2916401,243.75,332.35,299.2,294.33
2916500,88.56,129.6,155.9,121.04
2916609,289.06,359.3,341.6,331.02
2916708,208.25,268.3,261,245.83
2916807,270.44,372.2,336.3,329
2916856,133.69,183.6,184.6,166.46
2916906,187.88,253,229.3,225.2
2917003,114.19,135.4,178,137.28
2917102,235.75,321.2,297.3,286.28
2917201,223.5,274.85,239.8,249.37
2917300,319.44,367.8,431.5,364.83
2917334,309.06,385.85,370.8,355.87
2917359,448.69,535.45,563.9,511.46
2917409,298.19,381.95,392.2,355.04
2917508,149.81,207.15,253.7,197.33
2917607,195.5,260.15,263.8,238.46
2917706,101.06,132.2,152.5,125.78
2917805,261.44,299.85,364.3,300.5
2917904,149.12,167.85,245.5,178.22
2918001,186.44,251.5,222.3,222.52
2918100,66.38,93.2,114.5,88.5
2918209,229.44,283.4,287.9,265.61
2918308,228.81,276.8,284.3,261.74
2918357,156.69,252.95,224.9,213.37
2918407,85.38,125.65,158.7,118.83
2918456,367.69,448.9,431.2,416.8
2918506,151.12,245.75,239.5,211.48
2918555,311.31,402.95,357.4,361.17
2918605,243,304.15,243.2,269.63
2918704,194.25,242.85,216.2,220.15
2918753,283.25,333.35,313.3,311.57
2918803,235.31,300,321.6,282.2
2918902,355.75,386.75,402,379.28
2919009,189.56,245.1,210.9,218.35
2919058,193,247.35,228,224.24
2919108,109.31,157.1,160.7,141.26
2919157,172.62,277.4,251.4,235.3
2919207,232.44,261.05,330.9,266.28
2919306,237.31,313,305.2,284.98
2919405,303.38,366.2,398.9,351.46
2919504,253.44,315,273,284.46
2919553,466.62,545.65,622.6,534.89
2919603,137.44,208.05,242.7,191.02
2919702,270.62,366.1,338.1,326.8
2919801,273.56,336.4,332.6,313.72
2919900,54.56,85.6,104.4,78.89
2919926,236.62,254.6,349,268.87
2919959,243.5,315.1,312.1,289.54
2920007,268.88,381.4,341.4,333.57
2920106,147.81,195.55,247.2,190.17
2920205,307,398.65,351.2,356.46
2920304,232.75,310.1,300.1,281.02
2920403,196.25,241.7,216.8,220.48
2920452,281.81,369.5,361.2,337.2
2920502,203.5,241.5,233.3,226.5
2920601,202.94,247.9,301.2,243.85
2920700,334.56,383.25,429.3,376.33
2920809,165.62,218.1,229.1,202.24
2920908,349.44,414.4,370.3,382.22
2921005,179.75,248.6,317.9,239.72
2921054,299.69,393.35,373.6,356.48
2921104,377.38,422.65,403.1,402.65
2921203,136.62,200.4,222.2,182.96
2921302,160.62,211.95,217.9,195.39
2921401,120.62,169.5,183.9,155.63
2921450,200.94,241.5,237.3,226.48
2921500,86.06,124.45,171.2,121.26
2921609,251.31,321.8,362.7,306.17
2921708,151.38,207.2,222.6,191.13
2921807,307.38,401.55,389.7,366.22
2921906,254.31,351.15,332.5,313.41
2922003,368.62,410.85,447.3,404.09
2922052,200.25,256.6,226.1,230.37
2922102,158.5,212.7,238.4,199.43
2922201,239,286.2,331.8,279.7
2922250,275.69,369.9,375.6,338.37
2922300,145.56,229.6,259.8,206.93
2922409,229.44,283.4,287.9,265.61
2922508,214.88,256.8,307.8,253.3
2922607,323.5,371.7,441.2,370.04
2922656,95.75,135.55,156.6,126.28
2922706,263.69,341.1,303.6,306.02
2922730,115.56,145.95,169.8,140.57
2922755,280.88,328.1,347,315.78
2922805,160.31,192.55,199.4,182.83
2922854,234.56,297.15,305.2,277.13
2922904,78.88,118.2,136.1,108.41
2923001,367.31,418.95,438.7,405.28
2923035,239.38,292.8,286.1,272.76
2923050,75.25,112.8,134.9,104.54
2923100,83.44,129.6,163.7,120.96
2923209,250.69,319.5,307.8,293.02
2923308,137.44,184.55,223.8,176.7
2923357,118.81,173.6,177.5,155.39
2923407,289.56,376.35,318.6,333.61
2923506,233.81,313.65,277.1,277.93
2923605,280.81,333.55,309.7,310.02
2923704,252.38,330.15,366.9,311.09
2923803,82.06,106.3,137.6,104.67
2923902,304.44,386.75,326.9,345.11
2924009,51.81,71.65,96.8,70.22
2924058,106,153.25,159.7,138.22
2924108,138.5,198.2,231.1,184.59
2924207,58.94,73,89.4,71.67
2924306,245.62,321,291.8,288.43
2924405,168.88,212.15,231.9,201.39
2924504,305.31,369.95,409.5,356.07
2924603,146.38,169.4,201.2,168.3
2924652,119.69,160.85,184.7,151.72
2924678,312.69,365.9,408.9,356.74
2924702,305.5,381.2,364.6,351.26
2924801,145.69,207.6,212.5,187.13
2924900,167.5,204.1,208.1,192.24
2925006,278,323.95,265.4,295.24
2925105,262.81,298.55,228.4,270.87
2925204,170.88,236.65,300.3,227.61
2925253,143,182.65,216,176.11
2925303,365.06,474.9,394.5,419.22
2925402,310.56,393.35,359.4,357.17
2925501,369.69,475.4,404.6,423.24
2925600,180.06,283.35,243.5,238.76
2925709,256.62,330.15,321.3,302.65
2925758,244.69,326.45,330.3,298.85
2925808,105.94,139.6,177.5,136.13
2925907,75.81,130.75,138.2,113.26
2925931,133.88,185.45,232.6,177.76
2925956,118.38,171.4,185.7,156.07
2926004,135.88,181.9,196.3,169.02
2926103,103.56,140.8,168.4,133.85
2926202,346.56,475.05,464.2,428
2926301,100.81,150.95,157.5,134.93
2926400,300.44,402.5,391.6,364.63
2926509,81.75,111.65,153,110.24
2926608,75.75,118.45,150.7,110.61
2926657,293.81,369.85,349.1,338.89
2926707,241.06,311.75,254.8,274.78
2926806,253.06,330.05,308.1,298.5
2926905,256.38,321.2,319.9,298.37
2927002,119.44,146.1,210.6,150.85
2927101,47.62,75.2,109.3,73.02
2927200,165.06,221.3,227.1,203
2927309,238.12,248.8,355.9,268.37
2927408,235.94,278.65,354.1,280.2
2927507,113.5,172.65,190,155.85
2927606,55.19,76.8,92.5,72.7
2927705,357.88,454.5,405.3,410.2
2927804,247.31,330,310.6,297.02
2927903,187.62,248.2,221.9,221.41
2928000,101.75,140.5,177.1,134.98
2928059,368.38,439,395.1,404.89
2928109,396.56,513.45,494.8,468.74
2928208,348.25,458.65,393.8,406.15
2928307,118.94,176.95,190,159.61
2928406,312.19,416,421.3,381.04
2928505,132.44,194.9,207.7,175.96
2928604,176.12,225.2,293.5,222.98
2928703,234.5,295.1,308.5,276.93
2928802,116.56,190.1,207.1,168.22
2928901,383.62,483.2,520,456.57
2928950,109.88,141.45,179.2,138.67
2929008,155.56,229.55,261.7,210.8
2929057,378.44,496.8,446.2,444.63
2929107,194.69,250,280,237.28
2929206,219.69,250.25,313.9,253.46
2929255,153.62,253.75,232,214.2
2929305,127.19,200.4,239.5,183.43
2929354,317.38,433.65,388,383.28
2929370,121.81,158,204.5,155.52
2929404,189.44,248.6,266,231.8
2929503,209.69,254.95,315.1,252.28
2929602,139.5,201.3,237.4,187.65
2929701,95.31,138.95,153.7,126.98
2929750,211.75,235.2,323.2,246.17
2929800,150.81,196.05,251.5,192.37
2929909,208.56,279.2,261.4,250.76
2930006,308.5,356.3,365.8,341.74
2930105,131.44,142.25,180.7,146.85
2930154,312.94,417.85,394.9,376.37
2930204,124.25,167.85,206.8,161.15
2930303,300.19,409.95,373.3,363.8
2930402,92.5,157.65,164,136.37
2930501,103.88,150.05,149.8,133.93
2930600,142.75,188.05,251.3,186.04
2930709,235,260,326.4,265.74
2930758,284.62,356.65,373.3,335.22
2930766,70.25,91.4,117.4,89.7
2930774,92.44,126.55,164.2,122.87
2930808,211.12,284.3,230.4,247.13
2930907,324.62,457.9,420.7,403.46
2931004,209.94,258.05,255.3,240.72
2931053,301.56,366.55,344.8,339.22
2931103,108.81,166.7,187.7,151.13
2931202,283.06,338.15,393.2,330.96
2931301,161.25,217.8,201.5,194.59
2931350,345.25,434.4,427.6,401.91
2931400,152.88,206.5,244.8,196.17
2931509,94.81,148.45,147.7,129.63
2931608,268.19,327.15,372,316.39
2931707,177.81,233.9,284.2,225.33
2931806,302.5,368.45,410.3,354.61
2931905,83.19,128.4,149.8,117.33
2932002,79.38,116.9,152.8,111.65
2932101,214.44,270.4,251.3,246.78
2932200,298.19,358.6,379.9,342.22
2932309,260.38,326.15,327,303.46
2932408,194.69,284.2,244.7,244.48
2932457,120.56,164.65,180.9,152.85
2932507,359.75,451.75,409.1,410.48
2932606,307.25,361.15,371.6,344.67
2932705,333.5,413,395.8,381.61
2932804,191.56,245.05,196.5,215.89
2932903,263.81,309,390.2,310.93
2933000,106,140.4,182.8,137.65
2933059,127.5,165.35,218.5,163.74
2933109,149.75,199.35,245.8,192.2
2933158,137.44,191.65,192.7,173.02
2933174,184.19,242.9,263.8,227.02
2933208,252,284.1,368,291.17
2933257,357.38,462.25,420.3,416.65
2933307,296.75,334.8,346.7,324.15
2933406,205.56,262.85,223.8,234.43
2933455,301.62,390.4,381.5,357.59
2933505,237.5,296.5,315.6,280.13
2933604,163.19,248.6,239.6,216.93
3100104,552.62,530.4,631,560
3100203,473.75,544.45,535.2,517.85
3100302,522.5,609.75,555.5,567.61
3100401,541.75,610.35,594.2,582.98
3100500,514.88,545.45,577.1,541.7
3100609,476.56,539.4,567.7,523.7
3100708,594.06,483.65,571.5,541.15
3100807,528,563.85,549,548.15
3100906,384.75,437.55,434.9,418.61
3101003,318.94,410.25,434.2,383.7
3101102,376.69,459.25,527.1,445.28
3101201,603.31,582.35,638.4,601.83
3101300,703.12,693.6,767,712.87
3101409,609.25,563.45,594.3,586.09
3101508,474.44,533.75,508.6,507.65
3101607,513,496.75,558.8,515.89
3101631,608.62,645.8,642.1,632.07
3101706,304.12,405.5,377.4,364.13
3101805,437.88,483.8,539.3,479.89
3101904,554.38,524.25,533.8,536.8
3102001,539,509.65,539.6,526.37
3102050,563.88,654.75,616.4,614.8
3102100,587.31,649.75,632,624.17
3102209,453.69,533.6,564.3,512.48
3102308,550.31,615.1,627.8,595.33
3102407,546.62,650.2,644.7,612.98
3102506,483.56,559.85,570.9,535.72
3102605,594.88,584.6,579.6,587.09
3102704,332.56,445.9,429.6,402.93
3102803,534.81,572.6,572.9,559.52
3102852,488.44,532.95,562.9,523.98
3102902,594.94,644.05,613.1,620.24
3103009,518.81,605.35,628.8,580.35
3103108,512.44,649.7,593.3,589.7
3103207,500.31,582.9,600,557.89
3103306,609.94,672.85,667.3,649.76
3103405,353.5,403.75,383,381.76
3103504,611.94,564.6,629,595.07
3103603,597.75,668.7,628.2,635.22
3103702,511.06,606.9,580,567.72
3103751,531.19,553.8,572.5,550
3103801,588.06,642.65,641.1,623.33
3103900,540.31,543,583.6,550.89
3104007,596.94,602,587,596.98
3104106,602.69,570.9,604,589.15
3104205,569.19,589.25,584.4,581.22
3104304,534,512.85,555,529.37
3104403,480.88,568,526.7,528.72
3104452,505.31,537.8,568.6,533.2
3104502,474.5,534.05,565.2,520.11
3104601,548.69,617.2,576.9,584.61
3104700,457.38,505.9,520.8,492.26
3104809,425.38,524,498.6,484.17
3104908,603.12,605.65,648.2,614.02
3105004,525.12,583.75,616,570.37
3105103,591.38,591.1,576.4,588
3105202,292.56,407.5,364.5,358.17
3105301,578.81,538.4,588.5,563.35
3105400,578.5,659,721.4,644.57
3105509,518.5,651.25,611.1,596.35
3105608,592.31,620.1,615,609.33
3105707,540.12,580.95,593.1,569.39
3105905,591,628.6,617.7,613.15
3106002,539.56,630.25,669,607.13
3106101,513.56,538.85,512.1,524.24
3106200,670.31,762.45,775.3,733.2
3106309,527.88,583.75,592.7,566.26
3106408,528.06,587.7,613.2,572.5
3106507,364.06,410.5,408.4,393.89
3106606,389.31,434.05,413.9,414.11
3106655,332.94,414.85,414.6,386.3
3106705,612.69,685.35,691.7,661.46
3106804,578.25,594.9,592.5,588.59
3106903,536.56,581.2,541.1,556.96
3107000,527.12,607.85,606.2,579.41
3107109,514.75,522.2,534.8,522.35
3107208,736.69,745.25,755.5,744.5
3107307,426.62,517.65,551.6,493.37
3107406,534.5,542.9,564.7,544.72
3107505,614.69,710.95,675.4,669.74
3107604,585.06,535.2,564.2,558.85
3107703,532.12,605.7,671.9,594.5
3107802,487.5,594.4,606,559.74
3107901,486.25,502.55,514.3,499.43
3108008,568.44,586.85,595.7,582.37
3108107,566.56,598.5,626.3,593.43
3108206,503.31,548.4,557.8,534.76
3108255,427.38,522.25,512.8,487.2
3108305,514.75,543.4,537.8,532.22
3108404,575.62,600.65,602.6,592.37
3108503,430.56,496.45,515.3,477.63
3108552,482.5,520.45,573.2,518.72
3108602,417.56,510.3,546.4,485.89
3108701,531.88,611,579.3,576.59
3108800,510.56,558,578,545.85
3108909,477.12,484.25,556,497.37
3109006,595.81,658.35,684.4,642.26
3109105,555.12,545.1,561.7,552.2
3109204,463.12,548.1,531.1,514.85
3109253,519.38,586.7,587.2,563.39
3109303,560.5,585.5,614.9,583.2
3109402,449.25,509.4,563.5,500.24
3109451,482.56,538.45,597.4,531.83
3109501,559.75,557.9,564.2,559.91
3109600,502.62,594.3,614.3,566.76
3109709,468.5,502.4,536.1,497.93
3109808,539.12,584.6,549.9,561.24
3109907,491.5,587.8,607.9,558.67
3110004,557.88,640.35,697.4,624.07
3110103,510,593.1,546.6,554.09
3110202,496.19,585.95,565.5,550.28
3110301,588.75,556.85,590.1,575.17
3110400,558.25,613.35,567.9,584.3
3110509,562.5,542.85,564.4,554.37
3110608,490,487.65,524.3,496.43
3110707,544.69,516.1,612.8,547.07
3110806,422.56,460.45,489.1,453.5
3110905,519.12,507.35,586.9,528.74
3111002,568.12,531.1,605.7,560.2
3111101,505.31,496.65,502.2,500.87
3111150,440.5,464.3,532.3,470.8
3111200,531.88,581.3,555,558.39
3111309,512,513,539.6,518.43
3111408,568.19,512.15,573.7,545.02
3111507,620.31,647.25,644.4,637.26
3111606,513.44,505.65,524.4,512.43
3111705,499.31,579.85,594.2,554.96
3111804,532.69,540.7,557.7,541.61
3111903,538.94,584.55,566.4,564.74
3112000,546.56,609.9,569,578.98
3112059,501.5,563.2,600.6,549.87
3112109,539.62,622.75,588.2,586.33
3112208,611.81,661.8,647,641.2
3112307,478.38,527.7,542.7,513.8
3112406,607.25,576.5,581.2,588.22
3112505,501.06,579.8,643.5,566.26
3112604,531.94,563.45,541,547.61
3112653,405.06,469.85,528.6,460.09
3112703,365.5,477.45,489.5,441.13
3112802,546,568.95,573.4,561.93
3112901,513.75,610.3,568.8,567.7
3113008,389.19,425,447.2,417.37
3113107,578.06,636.15,615.4,611.43
3113206,601.12,623.6,619.1,614.8
3113305,513.56,595.8,557.8,558.93
3113404,473.62,560.7,568.3,532.07
3113503,442.75,484.55,503.3,474.09
3113602,510.62,531.3,595.4,538.04
3113701,402.75,421.05,444.3,419.74
3113800,532.88,590.3,626.5,578.2
3113909,521.88,534.75,550.1,533.61
3114006,572.44,592,607.5,588.57
3114105,572.75,569.2,618,581.04
3114204,580.12,577.4,613.5,586.2
3114303,585.38,648.15,637.2,623.93
3114402,524.5,520.15,540.7,526.13
3114501,566.5,609.85,618.7,596.7
3114550,451.19,418.55,450.9,436.93
3114600,550.62,537.4,572.8,549.7
3114709,525.19,510.5,587.6,532.37
3114808,681,710.25,723.9,703.04
3114907,570.12,628.25,619.3,606.09
3115003,588.31,559.55,652.1,589.67
3115102,584,578.15,562.7,576.83
3115201,577.12,609.75,595.1,595.22
3115300,579.88,656,615.7,620.76
3115359,601.88,702.7,725.6,672.61
3115409,575.5,644.2,606.6,612.13
3115458,423.25,434.75,474.3,439.35
3115474,300.62,393.75,410.7,365.04
3115508,596.44,588.45,635.8,601.52
3115607,552.56,649.5,627.4,610.98
3115706,390.62,464.3,468.4,439.57
3115805,554.81,550.95,575.9,557.72
3115904,566.25,596.5,608.2,588.52
3116001,476.88,566.4,587.8,539.91
3116100,390.75,419.3,430.3,411.76
3116159,538.94,594.1,593.7,574.83
3116209,483.25,522.7,471.7,497.89
3116308,575.88,651.15,626,619.5
3116407,664.06,624.35,630.9,639.59
3116506,427.75,513.6,534.6,488.3
3116605,580.19,582,607.5,586.91
3116704,515.5,634.7,597.3,585.11
3116803,503.88,548.95,579.9,540
3116902,556.94,508.35,562.6,537.04
3117009,318.88,411.7,378.2,372.13
3117108,554.56,526.1,540.7,539.17
3117207,541.62,573.45,612.3,570.83
3117306,562.88,483.95,563.1,528.61
3117405,473.19,544.3,571.6,525.5
3117504,584.94,655.95,656.3,631.33
3117603,518,522.05,543.2,525.24
3117702,585.81,576.25,625.2,590.22
3117801,485.88,488.7,549.8,501
3117836,401,489.95,466.1,453.83
3117876,507.69,587.3,649.3,573.09
3117900,527.62,557.35,554.2,546.33
3118007,540.62,615.75,603,586.85
3118106,533.62,592.9,599.8,573.78
3118205,599.5,539.5,578.7,568.89
3118304,563.88,622.7,608.9,599.24
3118403,401,460.2,515.1,451.54
3118502,477.12,469.9,523.4,484.04
3118601,640.31,720.9,745,698.11
3118700,515.06,519.9,519.4,518.11
3118809,421.88,509.8,513.1,479.93
3118908,477,567.25,580.9,538.83
3119005,490.88,493.4,555.3,505.98
3119104,408.94,528.6,523.9,485.96
3119203,464.69,528.35,572.1,515.72
3119302,629.75,587.55,676.1,621.48
3119401,520.75,601.6,609.4,575.17
3119500,352.69,416.6,374.5,385.22
3119609,566.25,596.5,608.2,588.52
3119708,579.88,604.05,610.9,597.13
3119807,606.56,631.45,605.1,617.07
3119906,508.69,468.75,519,493.57
3119955,535.88,581.4,559,560.7
3120003,500.88,597.75,582.4,560.72
3120102,499.62,607.75,596,567.59
3120151,410.19,443.9,439.8,431.28
3120201,521.62,552.9,533.3,537.76
3120300,400.12,466.6,494.6,449.57
3120409,570.06,625.6,618.6,604.76
3120508,557.56,573.65,636.9,581.8
3120607,562.25,614.4,625.4,598.65
3120706,566.81,632.1,624.6,607.76
3120805,571.62,565.3,591.4,573.17
3120839,372.12,472.35,484.7,440.17
3120870,335.5,427.95,430.2,396.28
3120904,432.19,538.75,547.3,503.54
3121001,503.5,618.65,597.2,573.93
3121100,500.38,475.85,525,495.07
3121209,592.44,611.85,581.6,598.52
3121258,594.06,504.15,597.1,555.63
3121308,533.19,601.3,565.1,569.74
3121407,542.81,620.85,622.6,594.09
3121506,614.94,672.85,664.7,650.93
3121605,475,590.9,567.5,545.5
3121704,541.75,610.35,594.2,582.98
3121803,514.12,600.9,599.5,570.41
3121902,522.88,602.8,595.2,573.35
3122009,510.06,604.5,576.2,565.5
3122108,384.62,440.45,467.6,426.93
3122207,497.56,562.05,612.4,550.57
3122306,573.38,558.25,599,572.37
3122355,309,411.65,420.1,377.78
3122405,545.31,513.2,560.2,534.59
3122454,295.56,403.35,365,357.52
3122470,503.75,538.35,570.4,533.28
3122504,485.62,538.7,556.4,524.09
3122603,555.88,645.15,645.1,614.09
3122702,541,579.6,595.4,569.61
3122801,559.25,558.45,630.3,574.35
3122900,548.69,617.2,576.9,584.61
3123007,591,628.6,617.7,613.15
3123106,504.06,571,600.7,554.17
3123205,530.88,589.55,566.6,564.15
3123304,556.75,622.7,593.2,593.35
3123403,567.75,582.85,571.4,575.11
3123502,570.62,547.8,639.3,575.63
3123528,506.56,596,596.5,565
3123601,487.31,489.6,539.5,499.65
3123700,471.19,506.85,539.8,501.61
3123809,420.25,517.15,517.4,483.5
3123858,487.19,566.85,578.1,541.59
3123908,541.44,608.4,608.2,585.07
3124005,510.44,632.4,607.7,584.61
3124104,572.69,620.5,655,611.37
3124203,539.62,622.75,588.2,586.33
3124302,303.75,362.45,370.9,343.87
3124401,504.5,525.45,561.4,525.98
3124500,495.56,497.05,541.9,506.28
3124609,438.38,501.25,514.2,482.2
3124708,575.31,629.5,610.3,606.48
3124807,574.69,543.2,624.9,571.91
3124906,541.31,673.7,633.3,618.87
3125002,598.88,618.35,634.9,615.17
3125101,570.25,532.85,543.7,548.22
3125200,501.62,493.8,546.2,507.91
3125309,513.56,595.8,557.8,558.93
3125408,520.69,605.15,587.5,571.93
3125507,513.31,599.65,599.1,569.5
3125606,344.44,419.75,427.5,395.24
3125705,445.56,550.3,551.8,514.2
3125804,471.19,506.85,539.8,501.61
3125903,519.62,601.9,614.7,576.07
3125952,512.88,602.8,566.7,563.67
3126000,593.81,626.05,665,623.3
3126109,537.44,587.3,554.8,562.89
3126208,525.94,567.6,618.1,564.09
3126307,573.75,546.45,558,558.46
3126406,499.88,570.65,587.9,549.78
3126505,367.38,413.45,409,396.46
3126604,415.69,504.4,534.4,480.07
3126703,386.31,487.4,474,449.33
3126752,455.25,506.85,521.9,492.17
3126802,457.25,501.85,502,486.37
3126901,428.62,460.7,530.4,464.7
3126950,489.12,541.4,567.4,528.87
3127008,517,477.6,539.7,504.8
3127057,364.38,433.2,404.7,403.07
3127073,394.06,461.4,476.1,441.17
3127107,522.31,491.4,561,517.28
3127206,504.81,569.3,629.9,560.04
3127305,385.56,441.8,471.1,428.61
3127339,313.31,358.6,372.9,345.96
3127354,417.25,501.3,544.5,481.46
3127370,364.81,457.2,482.3,430.52
3127388,557.62,638.5,610.1,604.2
3127404,519.12,484.35,552.6,511.28
3127503,510.31,552.4,604.9,549.17
3127602,472.06,572.05,567.5,536.28
3127701,424.69,476.15,527.3,469.37
3127800,417.31,504.05,518.8,477.09
3127909,575.06,541.8,640.8,574.89
3128006,509.81,563,584.2,549.11
3128105,521.88,536.65,558,536.15
3128204,504.94,579.35,593.6,556.57
3128253,415.62,504.2,552.2,483.83
3128303,619.25,580.6,615.7,601.67
3128402,528.81,608.4,577.4,573.98
3128501,524.69,568.85,542.6,547.78
3128600,539.94,561.85,664.1,576.46
3128709,616.31,551.85,595.1,583.67
3128808,567.12,656.1,616.5,616.54
3128907,571.5,636,630.5,612.37
3129004,553.31,639.9,624.3,606.39
3129103,510.56,491.3,536.4,507.8
3129202,511.75,537.95,598.6,542.02
3129301,509.62,561.8,568.2,545.04
3129400,596.31,619.15,606.8,608.52
3129509,583.56,614.95,634.7,608.33
3129608,444.19,472.9,525.5,474.35
3129657,371,459.65,463.5,429.65
3129707,657.38,623.4,624.5,635.46
3129806,614.31,696.7,704,669.63
3129905,587.38,586.25,563.6,581.72
3130002,568.44,563.45,578.7,568.5
3130051,435.12,465.95,500.1,462.65
3130101,600.44,643.05,666.5,633.33
3130200,559.31,540.4,589.8,557.72
3130309,585.25,596.05,584.5,589.78
3130408,555.25,548.35,566.4,554.67
3130507,513.38,529.15,533.2,524.54
3130556,488.44,567.35,578.5,542.33
3130606,512.31,520.65,531.6,520.13
3130655,367.44,414.85,418.6,399.17
3130705,589.5,520.65,596.6,561.11
3130804,554.31,543.1,556.7,549.96
3130903,479.75,538.1,573.3,525.46
3131000,491.81,589,607.4,559.2
3131109,445.44,546.1,539,509.54
3131158,514.62,579,601,561.39
3131208,464.62,563.5,569.1,530.33
3131307,520.75,601.6,609.4,575.17
3131406,539,537.5,552.1,541.2
3131505,556.44,535.9,567.8,549.98
3131604,559.88,543.25,590.5,559.3
3131703,542.69,614.25,671.6,601.83
3131802,417.75,454.95,476.4,446.67
3131901,599.94,669.7,716,655.5
3132008,424.25,499.45,550.7,484.43
3132107,352.81,447.35,417.4,407.96
3132206,597.88,601.95,619.9,604.43
3132305,426.94,445.25,469.1,444.07
3132404,513.69,497.7,557.5,516.26
3132503,505.31,542.15,555.1,532.15
3132602,550.5,616.35,577.4,584.98
3132701,444.56,487.85,511.1,477.85
3132800,569.19,651.45,678.6,628.74
3132909,635.94,576.55,623.9,607.5
3133006,671.88,692,740.8,695.61
3133105,580.81,550.75,611.7,574.46
3133204,411.62,479,536.4,468.04
3133303,315.81,383,367.9,356.35
3133402,501.44,493,512.4,500.15
3133501,559.81,601,575.9,581.22
3133600,568.38,523.75,533.3,541.35
3133709,593.44,626.9,642.7,618.7
3133758,557.06,548.9,546.3,551.17
3133808,582.19,619.75,634.3,609.85
3133907,585.75,650,620.8,621.3
3134004,327.69,391.75,352.8,361
3134103,360.81,442.6,524.8,432.02
3134202,507.56,498.75,538.7,510.5
3134301,563.81,549.7,578.5,560.87
3134400,473.25,453.95,478.9,466.09
3134509,567.12,540.8,583.5,559.24
3134608,530.44,572.35,665,577.91
3134707,295.62,407.2,386.4,363.87
3134806,595.62,539.35,579.2,567.59
3134905,597,552.7,591.5,576.54
3135001,521.75,604.75,624.3,580.13
3135050,339.62,386.3,372.8,367.13
3135076,411.25,461.65,498.2,452.07
3135100,323.25,388.15,409.5,370.22
3135209,414.38,510.25,507,476.2
3135308,577.69,593.15,592.8,587.7
3135357,391.81,489.45,478.8,453.17
3135407,534.06,591.7,603.3,574.17
3135456,379.94,414.45,417.7,403.15
3135506,507.31,579.1,562,550.41
3135605,420.12,484.6,529.4,471.91
3135704,503.94,574.95,588.5,553.2
3135803,328.62,418.2,408.9,385.02
3135902,565,554.95,623.9,573.43
3136009,345.44,420.4,411.4,392.37
3136108,507.06,553.95,588.9,545.24
3136207,565.38,653.85,684.6,629.76
3136306,498.31,551,580.6,539.11
3136405,436.25,523.65,527.1,494
3136504,281.62,400.8,359.5,350.37
3136520,400.25,436.95,463.4,429.93
3136553,485.62,540.35,594.7,533.13
3136579,382.88,442.95,456.6,425.02
3136603,531.56,576.95,686.5,584.98
3136652,596.81,637.35,664.3,629.11
3136702,566.31,559.65,572.1,564.67
3136801,422.81,501.3,563.8,487.59
3136900,594.75,534.5,565.1,562.11
3136959,332.06,436.2,410.4,394.37
3137007,470.69,493.7,515,490.33
3137106,589.62,606.75,673.6,615.33
3137205,590.75,596.1,605.8,596.35
3137304,438.5,489.55,513.2,476.93
3137403,569.69,621.05,623.9,603.8
3137502,568.69,615.05,595.5,594.67
3137536,537.38,578.25,625.4,574.28
3137601,489.56,551,641.4,549.28
3137700,495.69,583.5,579.7,552.13
3137809,550.25,542.45,623.2,562.72
3137908,560.56,637.4,584.4,599.15
3138005,557.19,671.7,628.3,622.43
3138104,419.88,501.3,549.3,483.41
3138203,547.5,540.35,553.8,545.76
3138302,524.06,547.45,563.1,542.72
3138351,406.38,439.6,454.6,431.3
3138401,525.5,592.05,592.4,568.98
3138500,676.5,740.85,695,708.5
3138609,617.44,619.1,621.5,619.04
3138625,477.69,454.4,461.6,464.07
3138658,395.31,482.4,459,447.02
3138674,510.12,593.6,568.2,559.04
3138682,411.69,476.65,532.2,466.13
3138708,553.62,541.6,566.7,551.24
3138807,587.69,595.45,584.2,590.3
3138906,386.88,445.25,415.5,418.48
3139003,527.19,512.4,576.7,531.52
3139102,539.69,567.65,584.6,561.61
3139201,492.38,530.3,558.5,523.24
3139250,306.44,371.8,385.4,352.02
3139300,341.62,452.45,410.3,404.74
3139409,512.25,592.3,573.1,560.28
3139508,536.88,634,619.7,597.11
3139607,408.44,479.85,491.6,457.57
3139706,508.88,573.8,583.9,553.41
3139805,520.5,555,514.7,534.24
3139904,528.25,558.65,581.6,553.07
3140001,601,640.5,660.6,631.13
3140100,457.62,489.85,551.4,492.02
3140159,593.38,650.4,672.5,635.37
3140209,533.81,592,546.8,561.93
3140308,520.69,601.6,598.7,572.83
3140407,548.19,532.9,574.1,547.17
3140506,477.56,512.35,531.6,504.43
3140530,513.69,609.15,609,575.91
3140555,293.75,389.6,360.7,349.98
3140605,524.12,605.4,600.9,576.15
3140704,571.31,630.75,651.4,614.57
3140803,538.19,564.5,526,546.98
3140852,324,392.7,387.9,367.76
3140902,523.31,612.3,578.8,574.07
3141009,315.75,409.9,430.9,381.72
3141108,497.81,576.45,649,564.87
3141207,601,657.85,658.4,638.2
3141306,624.75,620.15,630.5,624
3141405,319.38,420.35,371.9,374.7
3141504,397.44,451.55,473.8,437.57
3141603,567.44,655.6,630,619.37
3141702,509.25,564.75,602.7,553.7
3141801,438.94,467.2,482.7,460.74
3141900,561.06,550.25,576.1,559.63
3142007,393.62,528.05,503.4,475.93
3142106,535.62,649.1,635.4,606.65
3142205,582.19,678.5,650.4,638.89
3142254,364.69,478.65,423.7,427.07
3142304,584.19,652.5,686,636.02
3142403,587.25,582.95,603.7,588.96
3142502,449.31,550.15,507.1,505.72
3142601,514.62,508.6,564.9,522.93
3142700,361.81,485.85,445.6,433.96
3142809,569.69,556.3,573.7,564.74
3142908,299.19,383.55,408.4,359.61
3143005,566.12,566.35,574.7,568.09
3143104,589.19,551.5,632.8,582.28
3143153,342.06,425.7,410.5,393.3
3143203,612.75,578,607.2,596.43
3143302,406.75,503.65,514.7,472.35
3143401,598.94,564.05,593.7,582.63
3143450,317.38,403.75,375.7,367.61
3143500,480.19,572.05,606.7,547.63
3143609,431.69,538.2,546.4,502.93
3143708,573.75,655.3,683.7,633.11
3143807,573.38,536.05,539,549.67
3143906,555.81,692.35,655.9,636.93
3144003,433.56,526.25,532,495.26
3144102,596.69,547.9,582.2,572.33
3144201,459.25,513.75,569.3,506.87
3144300,355.81,389,421.4,384.5
3144359,503.38,568.5,562.2,544.48
3144375,536,557.9,595.2,558.39
3144409,522.62,560.35,597.7,555.35
3144508,550,539.35,578.2,551.5
3144607,529.62,536.9,534.5,533.85
3144656,319.94,397.1,398.2,370.5
3144672,430.38,462.9,487.2,456.87
3144706,538.69,606.8,670.8,597.02
3144805,648.5,731.9,768.6,710.87
3144904,408.31,456.65,469.6,442.65
3145000,575.75,529.85,585.7,557.96
3145059,311.69,391.4,413.2,368.41
3145109,577.56,527.2,545.2,548.63
3145208,527.31,512.15,553.6,526.43
3145307,417.44,451.85,460.1,441.67
3145356,407.38,449.8,455.9,436.37
3145372,404.12,454.65,475.8,441.67
3145406,654.75,691.5,666.3,673.24
3145455,429.69,517.5,546.6,493.28
3145505,565,554.95,623.9,573.43
3145604,565.5,593.35,608.5,586.96
3145703,612.06,657.75,640.1,638.02
3145802,532.88,589.1,571.7,565.76
3145851,509.81,576,575.6,552.89
3145877,500.5,594,552.1,552.37
3145901,567.56,635.55,614.1,607.24
3146008,560,551,564.5,557.07
3146107,549.5,603,626.2,589.43
3146206,449.44,513.9,502.4,488.98
3146255,402.88,461.3,481.9,445.46
3146305,337.88,410.35,397,382.24
3146404,507.88,571.6,575.2,550.22
3146503,547.38,577.55,573.8,566.24
3146552,300.88,394.1,405.6,364.17
3146602,593.06,675.85,653.7,642.24
3146701,530.12,581.9,582.3,563.98
3146750,344.38,413.45,409.7,388.61
3146909,471.94,569.25,588.7,539.63
3147006,553.56,597.7,611.2,585.28
3147105,567.62,581.7,615.4,584.13
3147204,506.69,497.5,552.8,512.72
3147303,477.56,459.1,524.1,479.65
3147402,472.31,575.45,594.7,543.76
3147501,549.56,620.65,649.5,602.2
3147600,569,521.1,539.8,541.83
3147709,562.19,609.8,618.7,595.17
3147808,712.44,780.35,709.9,741.41
3147907,567.38,554.8,556,559.43
3147956,384.44,514.2,491.8,464.2
3148004,599.62,641.2,627.3,623.72
3148103,566,613.5,626.8,599.87
3148202,536.5,685.75,618.2,619.15
3148301,501,593.7,582.7,559.07
3148400,516.31,575.45,588.4,557.7
3148509,410.06,440.9,444.7,431
3148608,498.38,564.65,602,549.72
3148707,310.12,421.45,394.7,376.91
3148756,528.38,596.6,598.2,573.22
3148806,488.12,564.05,573.9,539.78
3148905,574.38,595.55,593.7,587.78
3149002,505.69,618.55,551,564.61
3149101,540.56,570.9,604.8,567.72
3149150,374.19,458.75,468.5,431.46
3149200,549.88,531.1,566.6,545.35
3149309,533.31,621.95,686.8,605.22
3149408,613.06,585,606.2,599.37
3149507,506.31,558.1,505.4,528.63
3149606,512.06,572.25,578.7,552.72
3149705,549.88,541.85,589.8,555.07
3149804,600.69,583.6,608.2,594.89
3149903,540.62,590.55,571.3,569
3149952,482.25,532.5,549.3,518.67
3150000,405.81,462.2,469.5,444.17
3150109,595.69,657.9,624.8,629.07
3150158,483.88,574.15,582.1,544.48
3150208,521.75,580.55,571.5,558.13
3150307,563.25,601.95,594,586.76
3150406,540.06,604.9,617.4,585.07
3150505,529.62,551.85,556.7,545.17
3150539,503.69,609.8,603.7,571.57
3150570,439.25,453.1,497.7,457.98
3150604,561.94,604.8,618.6,592.89
3150703,549.44,507.9,575,536.93
3150802,535.75,612.95,589.5,581
3150901,550.69,525,577.8,545.41
3151008,518,545.2,564.8,540
3151107,471.94,522,532.2,506.8
3151206,433.38,496.7,552.6,486.83
3151305,524.12,616.65,578,576.07
3151404,496.5,551.35,553.1,532.65
3151503,572.5,577.75,579.4,576.28
3151602,516.5,501.1,564.1,520.15
3151701,537.19,538,593.1,549.7
3151800,600.69,585.9,601.2,594.37
3151909,456.25,534.85,564.5,513.96
3152006,447.94,535.65,538.1,505.67
3152105,517.62,567.4,595.6,556.22
3152131,442.38,463.65,512.8,466.93
3152170,332.75,403.45,396.8,377.41
3152204,310.06,401.7,413.5,372.39
3152303,483.44,574.25,565.1,540.67
3152402,455.44,480.15,495.3,474.85
3152501,486.44,520.35,540.4,512.91
3152600,579.88,586.15,633.7,594.3
3152709,600.06,621,613.8,612.15
3152808,576.44,540.85,564.2,558.3
3152907,572.75,553.75,555.7,560.78
3153004,607.44,642.65,635.5,628.85
3153103,522.31,607.5,585,572.98
3153202,453.31,543.85,541.7,511.89
3153301,522.44,629.9,607.2,587.59
3153400,594.94,635.05,637.9,621.72
3153509,549.5,614.3,600.4,588.74
3153608,503.12,579.95,623.8,562.76
3153707,531.25,602.9,588.9,574.93
3153806,569.38,634.3,617.4,608.04
3153905,626.62,741.25,742.9,701.74
3154002,486.25,602.3,545.9,549.67
3154101,499.44,559.15,562.7,539.15
3154150,516.38,602.8,601.3,572.41
3154200,568,616.2,615.9,599.37
3154309,357.31,452.25,509.9,431.76
3154408,616.75,651.1,656.6,640.35
3154457,469.25,523.25,546.7,509.57
3154507,376.5,456.45,466.6,430.85
3154606,569.81,649.65,702.7,633.41
3154705,541.81,556.8,559.2,552.11
3154804,591.25,644.5,719.4,642.26
3154903,535.81,610.65,595.4,581.3
3155009,530.19,566.35,589.1,558.72
3155108,339.25,409.25,419.3,387.09
3155207,588.31,653.6,620.8,623.76
3155306,589.12,623.6,649.4,617.22
3155405,539.12,616.25,595.3,584.87
3155504,605.88,642.3,637.4,628.57
3155603,385.56,438.7,456.2,424.02
3155702,560.69,643.35,645.9,615.15
3155801,540.31,623.4,588.8,586.98
3155900,582.62,636.4,599.3,609.63
3156007,500.19,563.95,599.8,549.57
3156106,578.75,626.25,601.6,604.37
3156205,528.69,579.9,568.2,559.54
3156304,552.94,619.95,574.4,586.74
3156403,549.94,530.75,581.5,548.46
3156452,542.94,652.85,636.3,611.02
3156502,386.25,461.7,432.7,429.15
3156601,322.5,413.55,397.8,378.46
3156700,611.06,705.25,738.1,679.63
3156809,517.56,598.95,609.5,572.93
3156908,636.06,616.85,618.9,623.98
3157005,380.56,463.85,436.4,428.91
3157104,294.75,416.25,360.9,361.96
3157203,601.88,702.7,725.6,672.61
3157252,499.88,598.35,583.4,560.85
3157278,547.25,549.95,570.2,553.41
3157302,605.25,673.95,658.6,646.72
3157336,576.81,651.45,608.8,616.22
3157377,337.69,446.7,421.2,403.24
3157401,534.31,574.05,592,564.13
3157500,498.94,558,603.3,547.3
3157609,465.5,510.35,574.3,508.65
3157658,390.44,438.25,411.7,415.85
3157708,576.88,550.4,609.7,572.5
3157807,541.31,628.55,678.3,609.02
3157906,500.5,593.1,562.2,554.17
3158003,543.38,610.8,634,592.39
3158102,309.69,415.65,397.6,374.87
3158201,476.75,529,581.5,522.24
3158300,513.81,506.35,526.5,513.33
3158409,591.44,669.65,666,641.65
3158508,482.75,547.45,555.1,526.61
3158607,480.81,486.65,482,483.61
3158706,580.12,599.6,609.3,594.93
3158805,547.75,617.05,576.2,584.07
3158904,506.88,588.5,620.3,567.02
3158953,532.31,612.15,612.1,584.37
3159001,571.44,637.2,655.8,618.37
3159100,584.56,650.1,614.4,619.54
3159209,551.69,527,559.1,542.57
3159308,653,700.1,672.8,677.78
3159357,484,570.25,569.3,540.04
3159407,592.38,623.1,623.4,612.48
3159506,384.56,468.85,541,455.22
3159605,489.44,532.05,567.9,525.02
3159704,623.38,646.2,647.7,638.59
3159803,491.25,463.45,525.2,486.54
3159902,546.56,603.75,604,583.91
3160009,469.75,530.85,499.3,502.74
3160108,522.19,582.4,558.4,556.24
3160207,529.81,636.05,606.8,592.74
3160306,329.88,415.15,403.1,382.87
3160405,574.62,585.15,604.5,585.7
3160454,327.56,416.1,419.3,386
3160504,562.5,650.85,657.8,621.63
3160603,429.94,516.5,486.7,479.91
3160702,604.19,650.45,652.7,634.85
3160801,532.5,527.45,563.1,536.96
3160900,545.62,604.35,608.7,584.87
3160959,488.31,555.4,572.3,535.74
3161007,535.62,633.05,641,600.89
3161056,404.5,441.25,455.8,431.63
3161106,412.31,472.6,488,454.98
3161205,561.69,608.25,607.6,591.91
3161304,489.38,481.45,476.7,483.17
3161403,500.69,600.75,554,555.78
3161502,538.31,623.25,611.4,591.13
3161601,488.44,539.6,576,529.72
3161650,374.31,455.45,465,429.3
3161700,484.81,556.35,594.8,539.83
3161809,556,545.5,562.4,552.83
3161908,563.44,627.6,681.8,617.07
3162005,503.5,526.6,573.3,528.72
3162104,592.38,652.6,643.4,629.65
3162203,581.88,588.3,561.7,580.28
3162252,424,513.1,539.9,487.93
3162302,528.88,543.55,595.2,549.67
3162401,365.94,469.3,466.5,432.74
3162450,349.69,454.5,416.3,409.74
3162500,576.75,645.1,616.6,615.13
3162559,507.56,584.8,567.3,554.13
3162575,387.94,464.5,468.8,438.8
3162609,496.19,541.45,568.7,531.63
3162658,430.31,511.2,559.4,493.54
3162708,328.75,408.4,376.6,373.78
3162807,500.25,566.15,583.4,546.98
3162906,529.81,591.55,567,564.74
3162922,588.81,631.95,650.4,620.96
3162948,552.12,561.9,563.8,558.91
3162955,507.69,587.3,649.3,573.09
3163003,453.06,505.65,574.6,502.35
3163102,534.56,587.6,603.2,572.54
3163201,518,545.2,564.8,540
3163300,418.19,459.45,469.4,447.26
3163409,508.5,608.55,590.5,569.83
3163508,491,548.05,585,536.24
3163607,498.06,582.95,602.2,557.61
3163706,577.31,594.85,649.2,600.57
3163805,496.19,585.95,565.5,550.28
3163904,608.75,542.55,566.5,570.78
3164001,530.69,626.1,598.7,586.96
3164100,490.44,543.3,603,537.89
3164209,459.06,484.5,520.4,483.46
3164308,625.06,647.35,613.9,632.33
3164407,490.31,538.55,554.6,525.26
3164431,560.19,659.95,632.9,619.37
3164472,482.06,547.05,575.4,530.61
3164506,484.31,533.1,569.8,524.11
3164605,566.25,567.1,606.1,575.28
3164704,608.06,564.55,607.7,589.07
3164803,565.62,651.9,669.7,625.76
3164902,567.81,559.3,637.8,579.33
3165008,566.81,591.05,608.2,586.35
3165107,635.75,573.5,603.8,601.74
3165206,580.81,586.2,629.1,593.65
3165305,547.12,569.6,582.4,564.57
3165404,539.19,498.95,535.4,520.87
3165503,488.5,556.05,585.3,538.91
3165537,593.38,650.4,672.5,635.37
3165552,481.81,520.95,542.8,512.09
3165560,535,600.75,612.7,580.48
3165578,532.44,517.95,517.7,522.93
3165602,500.25,564.65,508.7,530.09
3165701,528.38,612.7,581.2,576.52
3165800,523.62,546.7,543.1,537.89
3165909,503.69,538.15,570.3,533.15
3166006,554.44,638.6,601.1,601.17
3166105,524.44,572.15,614.4,564.74
3166204,620.38,656.5,659.8,644.65
3166303,531.19,599.55,583.5,572.28
3166402,605.19,621.1,655.6,623.07
3166501,510.94,630.25,605,583.26
3166600,565.69,613,610.7,596.04
3166709,359.56,383.2,409.8,380.76
3166808,573.31,593.55,609.9,590.07
3166907,526.25,520,565.1,531.98
3166956,339.12,417.45,443.9,395.96
3167004,587.62,578.45,616.7,589.96
3167103,532.44,635.1,613.3,594.65
3167202,507.75,593.2,632.5,572.02
3167301,552.56,641.25,608.3,603.24
3167400,492.94,534.15,558.4,525.09
3167509,475.5,504.75,485.7,490.43
3167608,502.81,576.05,587.5,553.07
3167707,494.75,538.65,540.1,523.7
3167806,582.06,594.25,643.9,600.8
3167905,550.88,645.7,614.5,605.93
3168002,371.38,431.55,428.7,410
3168051,456.5,572.15,576.1,532.78
3168101,611.94,648.75,604.2,626.26
3168200,622.56,624.25,631.4,625.22
3168309,528.25,569.8,672.3,577.63
3168408,469.06,529.85,563.5,516.02
3168507,486.56,579,574.3,545.83
3168606,454.56,503.25,497.1,484.98
3168705,520.88,598.45,595.2,570.76
3168804,569.44,620.9,611.7,601
3168903,560.06,629.85,647.5,609.41
3169000,534.81,599.5,581.8,573.15
3169059,492,511.1,531.7,508.93
3169109,569.44,538.7,538.6,549.37
3169208,498.94,589.55,555.8,550.7
3169307,519,507.7,564.8,524.04
3169356,437.88,527,560.3,503.24
3169406,509.38,531.25,532.6,523.93
3169505,403.31,465,523.9,456.35
3169604,537.44,561.75,580.2,557.3
3169703,443.62,469.9,484.4,463.91
3169802,522.69,545.6,596.2,548.63
3169901,539.25,616.65,597.3,585.52
3170008,438.12,462.95,505.4,463.54
3170057,487.69,559.75,572.2,537.39
3170107,598.75,542.45,609,576.5
3170206,616.56,569.35,578.4,587.74
3170305,394.12,427.5,410.4,412.17
3170404,521.69,564.55,625.8,562.96
3170438,476,452.85,485.5,468
3170479,477.75,551.05,549.2,525.15
3170503,525.62,585.75,574.4,562.37
3170529,459.25,485.75,526.9,485.48
3170578,488.62,598.3,610.4,562.78
3170602,588.69,587,585.4,587.24
3170651,339.44,409.45,390.8,381.04
3170701,493.56,499.35,528.1,503.59
3170750,535.06,609.15,634.2,588.83
3170800,433.12,495.4,570.6,490.09
3170909,374.62,452.8,437.8,422.35
3171006,584.19,590.9,654.5,602.39
3171030,349.5,407.9,404.6,386.87
3171071,462.31,492.65,509.1,485.67
3171105,578.25,534.1,576.8,558.74
3171154,495.81,605.75,559.8,557.52
3171204,557.44,640.55,689.7,622.33
3171303,479.62,576.65,569,541.24
3171402,538.06,658.35,628.5,610.02
3171501,424.5,480.95,531,472.2
3171600,362.38,419.65,408.8,397.37
3171709,563.38,566.9,622,577.65
3171808,505.56,561.2,608.2,552.07
3171907,471.88,528.05,581.7,520.17
3172004,551,621.7,586.2,589.39
3172103,433.19,509.9,512.7,483.83
3172202,525.12,498.7,561.6,521.57
3200102,428.69,535.15,559.5,503.41
3200136,397.25,508.6,550.3,478.93
3200169,452.44,498.95,539.2,491.52
3200201,520.44,597.75,556.4,561.87
3200300,565,667.65,633.4,624.5
3200359,375.81,487.4,515.4,454.67
3200409,454.69,567.05,516,516.87
3200508,462.56,557.4,528,518.02
3200607,404.94,569.1,625.2,524.2
3200706,406.19,549.1,481.3,484.65
3200805,357.25,429.45,521.3,424.3
3200904,452.12,520.5,546.8,502.43
3201001,395.31,432.1,494.9,432.96
3201100,470.44,547.65,523.2,515.48
3201159,483.25,584.55,583.1,549
3201209,466.19,548,501.6,509.46
3201308,448.69,611.95,612.1,555.2
3201407,526.12,614.25,564.4,572.76
3201506,408.5,486.85,562.7,476.09
3201605,367.44,462.75,513.3,440.59
3201704,524.5,601.95,594.6,573.41
3201803,566.19,647,603,609.33
3201902,480.75,550.2,591,534.91
3202009,540.81,623.4,569.6,582.98
3202108,456.25,481.8,527.8,482.91
3202207,449.06,632.1,706.2,584.54
3202256,415.06,524.75,588.7,500.5
3202306,539.88,608.15,583,578.93
3202405,420.94,548.5,552.1,504.91
3202454,522.25,596.2,576.2,566.13
3202504,486.56,632.45,707.1,597.93
3202553,558,623.75,621.5,600.39
3202603,520.56,658.8,593.5,596.52
3202652,554.62,616.7,614,594.52
3202702,388.81,487.5,573.5,471.87
3202801,400.31,539.2,487.3,479.61
3202900,404.56,533.5,589.9,500.91
3203007,554.62,616.7,614,594.52
3203056,409.06,501.65,580.2,486.52
3203106,484.94,622.85,525.8,553.78
3203130,459.56,595.2,680.9,566.65
3203163,390.69,484.7,532.5,462.39
3203205,406.31,555.05,617.4,516.87
3203304,370.88,463.15,468.3,432.17
3203320,379.94,523.25,480,464
3203346,504.44,568.4,598.3,552.65
3203353,414.06,519.25,602.9,500.85
3203403,449.31,593.35,513.8,525.96
3203502,358.12,417.15,449,403.54
3203601,391.94,432.2,455.3,423.22
3203700,509.69,557.65,542.8,537.74
3203809,463.31,608.15,531.7,541.15
3203908,422.94,454.4,526.3,459.09
3204005,385.88,502.2,544.8,471
3204054,359.5,411.2,459.9,403.8
3204104,392.12,434.2,466.8,426.65
3204203,409.75,558.95,503.4,494.98
3204252,431.06,463.1,503.9,460.83
3204302,389,526.6,472.6,467
3204351,415.06,530.6,610.7,507.83
3204401,454.62,590.65,526.1,529.3
3204500,457.81,599.45,634.2,557.74
3204559,423,548.05,610.9,518.22
3204609,452.69,583.3,655.4,553.54
3204658,415,530.9,595.2,504.57
3204708,413.12,504,572.1,487.2
3204807,495.44,573.6,548.7,541
3204906,399.25,500.45,559.2,478.02
3204955,429.69,544.7,606.5,518.13
3205002,461.56,620.35,649.1,571.37
3205010,418.81,526.2,608.4,506.72
3205036,534.56,623.55,579.5,583.02
3205069,510.94,600.65,590.9,567.33
3205101,435.06,541.25,576.9,512.07
3205150,422.62,461.55,533.2,463.59
3205176,418.88,511.05,609.4,500.37
3205200,425.31,563.35,573.8,517.61
3205309,372.38,471.4,427.3,427.37
3300100,688.62,681.15,613.8,669.11
3300159,445,515.35,516.7,491.17
3300209,566.88,667.2,595.2,616.65
3300225,444.69,482.6,441.9,460.57
3300233,539.44,623.05,563.9,581.11
3300258,523.81,614.5,562.8,571.72
3300308,492.12,471.55,480.8,480.72
3300407,488.06,461.55,477.4,474.22
3300456,392.25,434.85,446.3,422.52
3300506,555.31,549.75,609.1,564.59
3300605,466.19,541.55,519.7,510.59
3300704,536.31,634.25,569.2,586.04
3300803,703.94,772.05,713.3,735.59
3300902,432.31,520.1,492.8,483.63
3300936,442.12,526.8,521.5,496.2
3300951,455.5,437.85,465.1,449.91
3301009,326.12,432.55,398.7,388.17
3301108,447.81,505,517.9,487.91
3301157,355.75,463,417,415.7
3301207,444.25,500.15,524,485.89
3301306,672.62,775.3,692.9,721.67
3301405,508.69,592.55,574.7,559.5
3301504,482.06,493.25,547.9,501.24
3301603,490.12,502.4,547.8,508
3301702,525.56,516.35,546.4,526.09
3301801,419,423.15,446.4,426.76
3301850,751.81,694.4,761.8,729.02
3301876,523.81,614.5,562.8,571.72
3301900,488.06,530.65,492,507.43
3302007,502,424.8,480.8,463.83
3302056,401.44,486.15,451.1,449.07
3302106,442.69,512.55,518.8,489.61
3302205,446.25,532.2,508.1,497.07
3302254,563.12,590.75,635.7,590.91
3302270,390,347.85,439.8,382.5
3302304,501.75,623.5,584.4,572.65
3302403,529.81,603.85,608.3,579.07
3302452,506.38,535.7,574.3,533.89
3302502,619.12,582.4,670,614.22
3302601,556.25,468.1,555.7,517.8
3302700,412.31,427.65,443.2,425.7
3302809,417.5,423.35,462.8,429.89
3302858,406.12,404.1,442.1,413.07
3302908,524.38,523.85,547.2,529.11
3303005,504.5,613.35,580.8,568.41
3303104,497.25,620.45,586.2,570.15
3303203,370,355.95,394.9,369.3
3303302,406.06,411.2,418.1,410.91
3303401,803.19,830.2,826.6,820.02
3303500,385.38,349.25,447,383.07
3303609,423.06,396.45,457.9,419.07
3303708,444.56,459.9,452.5,452.96
3303807,601.5,637.15,573.7,610.96
3303856,506.88,547.3,536.3,530.85
3303906,493.62,524.9,520,512.96
3303955,473.12,427.55,481.5,455.13
3304003,489.75,386.75,507.4,448.8
3304102,478.25,595.4,526.7,539.72
3304110,535.75,523.15,533.2,529.72
3304128,592.56,594.2,571.7,588.74
3304144,377.56,363.55,402.5,376.89
3304151,342.81,424.8,402.3,391.39
3304201,556,589.35,612,582.67
3304300,517.94,575.15,532.2,545.91
3304409,523.5,408,532.7,475.28
3304508,487.25,514.9,495.3,501.02
3304524,608.75,684.25,661,652.93
3304557,363,364,398.8,371.22
3304607,490.94,561.9,557.1,536.17
3304706,446.69,530.5,508.8,496.63
3304755,348.44,477.05,419.7,419.85
3304805,411.69,485.85,465.5,455.63
3304904,407.69,429.5,438.8,423.93
3305000,277.25,398.2,353.7,346.46
3305109,392.25,434.85,446.3,422.52
3305133,446.38,538,516.9,501.54
3305158,500,548.4,495.8,520.13
3305208,558.62,655.9,590.4,607.83
3305307,467.25,508.3,546.2,502.26
3305406,520.88,558.6,515.5,536.11
3305505,489.94,540.95,495.3,513.28
3305554,398.44,330.9,443.2,378.8
3305604,747.19,803.35,780.9,778.93
3305703,566.44,603.85,567.3,582.89
3305752,488.31,539.5,504.2,514.02
3305802,718.06,725.6,717.7,721.26
3305901,543.38,579.05,618.8,575.28
3306008,439.81,466.35,438.5,451.07
3306107,492.44,557.2,532.3,529.26
3306156,532.06,598.1,559.8,566.8
3306206,467,507.3,495.6,490.74
3306305,521.12,520.7,485.3,513.15
3500105,468.81,395.05,369.1,415.07
3500204,462.5,409.05,431.3,432.48
3500303,522.69,510.6,505.5,513.7
3500402,597.25,557.05,579.8,575.98
3500501,592.44,540.85,606.8,573.13
3500550,509.12,430.5,428.1,457.33
3500600,488.19,437.35,434.7,454.46
3500709,497.69,426.65,410.8,447.91
3500758,464.69,388.05,338.3,403.89
3500808,470.19,398.6,371.3,417.57
3500907,490.25,475.75,495.4,485.07
3501004,650.88,584.15,612.7,613.57
3501103,478.56,438.2,412.7,446.7
3501152,492.12,447.4,390.2,450.52
3501202,485.69,447.95,453,462.17
3501301,481.44,408.75,384.7,428.8
3501400,479.25,440.4,431.2,451.91
3501509,489.31,433.85,418.1,449.72
3501608,514.25,452.6,455.3,474.63
3501707,546.12,483.4,542.3,518.02
3501806,499.12,463.8,481.9,480.02
3501905,547.31,517.9,510.1,526.43
3502002,522.81,488.1,527.1,508.65
3502101,427.38,393.95,418.5,410.91
3502200,458.44,420.85,364.7,421.72
3502309,479.81,442.75,405.1,447.46
3502408,480.81,421.55,403.1,438.15
3502507,474.88,465.8,434.9,462.24
3502606,463.94,405.05,442.5,433.67
3502705,472.44,449.85,424.8,452.26
3502754,508.06,436.55,411.5,455.98
3502804,445.12,443.3,417.1,438.24
3502903,445.81,395.35,335,399.78
3503000,605.06,505.35,604.1,561.5
3503109,518.5,430.05,417.5,458.09
3503158,538.5,533.25,558.1,540.48
3503208,514.88,477.25,516.5,498.87
3503307,516,453.65,518.9,489.52
3503356,475.75,432,419.8,444.57
3503406,426.44,425.95,408.8,422.39
3503505,548.25,539.4,532.8,541.04
3503604,432.19,411.1,415.4,419.37
3503703,476.44,440.25,482.6,462.04
3503802,490.69,444,476.6,467.33
3503901,511.31,443.45,430.4,464.22
3503950,467.44,416.2,459.9,443.52
3504008,489.12,435.7,422.9,451.5
3504107,502.81,456.1,497.9,481.43
3504206,439.5,420.6,435.7,430.46
3504305,447.88,430.85,389.6,427.8
3504404,436.75,392.6,393,408.04
3504503,505.06,453.3,403.9,460.57
3504602,503.56,479.55,461.6,484
3504701,438.69,422.05,419.2,427.22
3504800,486.88,485,449,477.83
3504909,525.62,491.65,559.1,518.13
3505005,482.88,425.2,367.8,432.78
3505104,440.44,413.95,394.2,418.87
3505203,445.88,432.5,443.3,439.5
3505302,444.94,431.65,434.9,436.98
3505351,454.31,420.5,408.5,429.65
3505401,490.88,415.55,394.1,437.09
3505500,515.44,474.6,539.8,502.98
3505609,514.25,508.2,541.4,517.52
3505708,480.25,439.85,386.4,442.28
3505807,476.31,413.35,405,433.43
3505906,635.5,586.7,604.5,607.54
3506003,460.69,434.1,407,437.46
3506102,484.38,472.1,491,480.48
3506201,455.69,429.3,411.2,434.54
3506300,543.62,437.85,457,478.8
3506359,857.25,802.55,714.5,802.43
3506409,431.69,429.45,397.6,423.3
3506508,442.44,453.65,386.1,435.07
3506607,689.88,695.95,563.8,665.11
3506706,470.38,429.75,445.4,447.28
3506805,483.81,456.35,438.2,461.96
3506904,486.31,411.15,386,431.83
3507001,419.88,377.3,319.3,379.5
3507100,508.19,467.45,475.8,483.43
3507159,474.94,418.25,418.7,438.07
3507209,477.38,433.6,430.7,448.2
3507308,436.94,430.25,426.3,431.72
3507407,453.81,421.85,448.8,438.83
3507456,454.06,427.25,410.1,432.85
3507506,508.75,434.75,426.8,458.76
3507605,499.81,476.3,473.7,483.91
3507704,446.56,422.35,400.7,426.07
3507753,444.12,424.2,380.4,421.61
3507803,663.81,640.85,619.5,644.2
3507902,467.19,467.25,474,468.7
3508009,450,405.2,354.1,409.67
3508108,451.06,416.8,381.4,421.02
3508207,641.25,551.3,657.2,605.61
3508306,490.81,420.9,377.2,435.72
3508405,535.12,444.55,449.3,477.09
3508504,415.25,427.4,385.3,414.02
3508603,529.5,521.35,480.2,515.24
3508702,599.5,585.65,626.4,599.33
3508801,423.75,405.3,404,411.43
3508900,491.81,399.15,366,424.17
3509007,525.44,468.05,428.4,479.39
3509106,464.62,384.9,365.9,408.5
3509205,528.12,452.7,455.5,479.54
3509254,468.25,450.85,377.5,440.96
3509304,444.56,450.45,493.7,457.8
3509403,616.25,570.3,602.3,593.24
3509452,470.56,399.1,362.4,415.98
3509502,544.62,463.05,469.3,492.78
3509601,523.44,471.65,463.8,487.96
3509700,585.06,531.9,584.4,561.8
3509809,492.81,422.35,420.8,446.52
3509908,621.06,603.55,520.3,591.54
3509957,509.94,498.5,453.8,492.76
3510005,482.31,420.4,406.8,438.98
3510104,498.25,468.4,486.3,482.67
3510153,540.94,441.2,414.4,470.07
3510203,461,428.05,381.3,429.35
3510302,430.69,376.05,326.3,384.24
3510401,440.25,432.2,379.5,423.54
3510500,517.56,519.4,457.6,505.33
3510609,480.25,439.85,386.4,442.28
3510708,484.75,483.1,458.9,478.41
3510807,528.38,505.45,538.8,520.67
3510906,610.31,583.45,634.9,603.98
3511003,426.44,393.85,426.5,412.28
3511102,463.12,451.95,487.9,463.65
3511201,451.88,452.45,473.7,456.87
3511300,521.81,491.9,495.8,503.15
3511409,518.19,441.35,411.3,461.54
3511508,391.69,374.35,326.7,370.02
3511607,436.38,380.15,342,391.41
3511706,489.69,410.95,420.4,440.39
3511904,439.12,409.4,389.7,415.46
3512001,513.12,484.5,518.7,501.89
3512100,497.25,479.65,569.6,505.33
3512209,497.38,458.45,475.5,475.7
3512308,438.81,409.75,360.7,409.2
3512407,525,454.9,485,485.83
3512506,440.94,440.8,396.7,431.26
3512605,478.94,418.25,357.9,426.24
3512704,509.12,463.25,516.9,490.87
3512803,490.88,442.5,461.7,463.5
3512902,504.62,483.85,472.6,488.63
3513009,457,438.1,378,431.61
3513108,568.81,538.8,565,554.93
3513207,664.12,594.3,649.8,630.65
3513306,493.56,424.1,410.8,445.37
3513405,543.81,497.65,508,515.96
3513504,736.25,666.1,614.7,679.33
3513603,493.69,495.4,487,492.98
3513702,549.44,511.3,550.7,533.13
3513801,468.19,425.55,401.7,435.2
3513850,477.81,421.9,450.5,447.57
3513900,602.69,600.55,616.7,604.8
3514007,467.56,461.8,485.7,469
3514106,502.19,480.85,472.1,486.37
3514205,463.31,420.9,476.6,447.76
3514304,514.38,468.9,456.7,482.07
3514403,460,390.05,364,408.72
3514502,490.81,428.75,395.9,443.2
3514601,547.75,545.65,556.2,548.67
3514700,482.69,421.9,453.1,449.83
3514809,515,490.8,423.9,484.67
3514908,448.62,426.75,382.6,424.76
3514924,469.94,461.3,473.9,467.04
3514957,444.5,445.8,471.3,450.89
3515004,464.25,414.7,366.6,421.48
3515103,481.94,439.2,391.5,443.7
3515129,468.12,379.05,357.1,405.26
3515152,501.88,462.9,475.1,479.11
3515186,571.88,533.7,561.6,553.04
3515194,498.5,420.2,397.5,442.5
3515202,450.44,415.95,474,440.57
3515301,477.31,432.8,419.9,445.48
3515350,465.56,397.25,405,422.7
3515400,486.94,433.55,419.4,449.04
3515509,480.62,447.95,507.8,472.33
3515608,498.25,468.4,486.3,482.67
3515657,496.31,441.85,417,455.39
3515707,485.06,455.95,423.7,459.07
3515806,478.56,383.35,364.6,412.39
3515905,487.31,462.75,437.1,465.72
3516002,479.56,387.6,365.2,414.72
3516101,473.56,417.4,394.6,431.98
3516200,652.12,607.6,612.9,624.24
3516309,523.44,471.65,463.8,487.96
3516408,525.44,468.05,428.4,479.39
3516507,451.75,435.75,402.2,434.02
3516606,496.31,441.85,417,455.39
3516705,496.38,456.1,427.4,463.87
3516804,453.12,416.1,415.9,428.93
3516853,480.44,430.65,441.7,450.37
3516903,443.31,413.75,424.7,426.41
3517000,473.69,434.85,404.1,441.67
3517109,427.38,415.6,383.6,412.74
3517208,408.56,377.2,386,390.02
3517307,437.88,400,402.3,413.67
3517406,513.69,471.15,550.1,503.11
3517505,501.81,477.65,473.2,485.09
3517604,490.94,461.5,414.9,461.61
3517703,625,567.8,641,603.61
3517802,444.25,413.05,413.4,423.98
3517901,505.94,482.25,528.8,500.61
3518008,452.25,422.8,480.2,445.52
3518107,446.69,438.1,414.2,435.89
3518206,441.19,457.3,409.6,441.33
3518305,427,402.75,382.4,406.76
3518404,508.56,486.4,483.1,493.39
3518503,468.19,403.25,376.2,419.96
3518602,494.19,479.55,496.1,488.24
3518701,823.19,836.8,655.1,792.57
3518800,508.44,448.65,436.9,466.89
3518859,521.94,510.9,527.5,518.35
3518909,465.31,422.15,450.7,443.37
3519006,478.75,435.45,413.3,445.7
3519055,512.62,451.7,473.9,477.72
3519071,487.62,431.6,418.1,448.15
3519105,448.75,429.15,441.1,438.57
3519204,462.06,414.4,428.2,433.98
3519253,490.75,443.55,415.4,453.85
3519303,520.5,459.45,531.3,496.3
3519402,496.31,473.6,484.3,483.83
3519501,512.38,407.8,374.7,436.98
3519600,475.06,438.6,490.2,462.5
3519709,481.62,496.4,375.4,464.96
3519808,505.5,484.9,524.3,500.63
3519907,473.88,412.05,423,435.93
3520004,439.75,422.35,421.2,428.15
3520103,601.12,513.35,619.7,567
3520202,489.44,441.65,437.4,457.35
3520301,549.38,503.15,432.1,503.78
3520400,459.44,504.65,406,467.48
3520426,516.88,515.8,430.3,497.59
3520442,442.5,384.4,434.6,415.52
3520509,473.75,414.55,399,431.76
3520608,488.31,412.85,381.9,432.37
3520707,476.06,439.55,483.8,461.87
3520806,492.31,391,385.7,425.09
3520905,552.19,453.1,442.5,485.26
3521002,431.62,377.7,335.6,387.3
3521101,497.38,454.25,449.3,468.17
3521150,491.06,473.5,453.2,475.2
3521200,519.56,470,398.5,471.7
3521309,566.06,531.5,586.7,555.52
3521408,501.25,449.8,453.2,468.43
3521507,476.69,451.55,448.4,459.61
3521606,463.06,395.05,363.3,411.8
3521705,461.56,400,365.7,413.96
3521804,505.19,429.1,427.2,455.15
3521903,471.94,443.55,470.1,459.2
3522000,438.19,447.25,448.2,444.3
3522109,613.06,573.5,482.4,567.46
3522158,450.19,391.2,386.7,410.74
3522208,484.06,436,395.9,444
3522307,467.06,385.25,367.8,409.91
3522406,436.44,407.1,367.5,408.7
3522505,474.06,441.85,380.5,439.72
3522604,576.19,521.95,595.2,556.74
3522653,479.56,410.05,401.2,432.3
3522703,498.62,470.95,482.9,483.17
3522802,485,418.9,347.3,426.33
3522901,440.75,425.75,419,429.5
3523008,424.62,381.4,420.6,404.96
3523107,510.25,442.8,431.8,463.87
3523206,462.5,396.15,391,418.11
3523305,525.25,481.95,389.7,476.96
3523404,502.88,466.75,470.3,480.09
3523503,500,423.15,394.7,443.7
3523602,487,495.6,500.2,493.61
3523701,599.94,591.25,610,598.35
3523800,519.31,507.3,541.8,518.98
3523909,468.69,402.95,401,425.39
3524006,498.88,461.4,428,467.17
3524105,627.88,541.75,614.5,587.52
3524204,522.25,475.05,517.6,500.72
3524303,499.56,482.6,525.3,497.78
3524402,424.94,387,397.1,402.39
3524501,484.62,449.15,459.2,463.67
3524600,456.31,466.55,385.7,445.41
3524709,512.62,451.7,473.9,477.72
3524808,449.12,412.65,466.9,437.13
3524907,414.62,400.6,370.4,398.91
3525003,480.25,439.85,386.4,442.28
3525102,587.5,606.8,575.3,593.24
3525201,497.44,454.4,478.3,474.57
3525300,476.38,454.9,436.3,458.33
3525409,660.5,571.75,658,621.37
3525508,547,518.3,515.5,527.67
3525607,492.62,432.75,403,447.11
3525706,443.88,415.55,424,427.24
3525805,452.06,421.8,409.7,429.7
3525854,394.62,387.8,332.4,378.13
3525904,502.69,472.15,447.9,477.5
3526001,460.19,392.55,370.4,411.26
3526100,512.81,473.75,403.9,472.15
3526209,490.88,499.75,417,478.67
3526308,459.69,423.4,420.6,435.41
3526407,392.12,390.95,342.4,380.8
3526506,439.12,430.95,417.1,430.78
3526605,521.25,508.85,491,509.28
3526704,501.88,478.5,525.9,496.93
3526803,448.5,429.35,425.8,435.24
3526902,497.75,457.4,458.9,471.76
3527009,585.06,554.65,571.7,568.93
3527108,413.12,396.45,384.5,399.65
3527207,509.94,498.5,453.8,492.76
3527256,456.19,418.75,396.4,426.91
3527306,508.81,477.85,462.2,485.22
3527405,484.44,383.15,380,417.7
3527504,481.56,428.75,402.8,441.48
3527603,559.88,543.05,576.6,556.2
3527702,474.31,433.05,411.7,442.76
3527801,484.94,425.8,413,443.59
3527900,480.31,425.95,461.3,452.54
3528007,402.81,410.85,406.3,407.07
3528106,482.31,439.4,433.6,453.07
3528205,489.88,446.3,486.7,470.24
3528304,471.44,453.3,439.7,456.65
3528403,492.12,447.4,390.2,450.52
3528502,548.12,465.1,449.2,490.52
3528601,520.62,437.9,438.8,466.87
3528700,478.81,396.95,384,422.61
3528809,490,416.9,400.7,438.8
3528858,459.38,437.1,457.3,449.24
3528908,494.56,386.85,363,419.13
3529005,493.06,443.1,472.4,466.85
3529104,469.25,411.15,446,438.93
3529203,498.69,411.8,384.2,436.02
3529302,464.31,449.1,468.5,458.61
3529401,476.25,439.7,401.9,444.2
3529500,476.25,440.7,446.2,454.26
3529609,472.5,457.2,457,462.48
3529658,437.62,411.6,466,432.48
3529708,559.88,479.35,558.7,524.61
3529807,475.69,446,450.6,457.33
3529906,411.81,400.7,329,388.98
3530003,485.44,446.05,477.5,466.59
3530102,437.62,412.5,410,420.7
3530201,488.75,413.25,416.8,440.28
3530300,484.56,471.85,449.6,471.43
3530409,485.06,467.6,475,475.28
3530508,542.81,524.65,548.1,536.07
3530607,460,445.5,425.9,446.28
3530706,498.69,462.35,476.8,478.13
3530805,527.56,470.35,511.8,499.26
3530904,424.44,424.8,365.6,411.8
3531001,476.94,425.45,423.8,443
3531100,726.5,662.45,596.1,670.3
3531209,528.12,491.2,512.1,508.59
3531308,492.62,453.4,493.1,475.67
3531407,480.31,453.4,425.8,456.76
3531506,477.25,450.95,464.6,463.07
3531605,457.19,407.35,387.5,420.37
3531704,532.5,499.4,509.8,513.17
3531803,458.81,426.15,384.6,428.48
3531902,539.38,531,560.6,540.35
3532009,478.69,456.3,452.4,463.24
3532058,508.06,500.85,514.4,506.3
3532108,438.62,406.9,419.5,420.67
3532157,478.69,416.4,418,438.41
3532207,470.81,429.9,426.9,443.48
3532306,547.88,526.8,444.3,516.2
3532405,499.81,463.6,454.8,474.28
3532504,464.81,453.7,442.7,455.17
3532603,505.88,464.65,447.9,475.35
3532702,472.94,448.9,441,455.54
3532801,479.12,444.8,460.2,460.09
3532827,453.81,435.1,384.8,430.67
3532843,453.75,416.45,440.5,434.65
3532868,443.94,417.3,424.8,428.2
3532900,474.81,437.65,436.4,450.3
3533007,476.69,457.85,472.9,467.67
3533106,458.56,392.8,367.6,410.2
3533205,440.62,397.3,397,412.3
3533254,434.56,447.65,463.9,446.63
3533304,453.12,416.1,415.9,428.93
3533403,514.25,452.6,455.3,474.63
3533502,439.5,440.3,434,438.65
3533601,594.75,594.05,618.7,599.65
3533700,469.44,407.5,426.5,433.17
3533809,529.06,437.35,443.3,470.54
3533908,455,464.35,489.3,466.52
3534005,499.25,484.45,469.8,486.41
3534104,495.25,437.25,460.7,462.52
3534203,492.19,473.55,511.2,488.22
3534302,597,561.4,593.9,580.85
3534401,495.62,438.65,403.7,450.87
3534500,471,420.45,465.3,447.78
3534609,479.88,394.9,398.8,425.3
3534708,556.5,434.65,409.1,471.48
3534757,440.75,415.6,482.2,438.83
3534807,457.44,390.4,361.7,407.48
3534906,474.75,394,372.5,417.41
3535002,480.12,467.5,499.7,478.89
3535101,474.75,440.3,476.4,460.13
3535200,474.56,421.95,448.9,446.11
3535309,496.06,415.5,393.1,438.65
3535408,452,390,364.1,405.93
3535507,486.56,431.3,411.4,446.2
3535606,425.88,409.45,360.1,404.43
3535705,464.81,437.65,470.7,454.28
3535804,479.19,413.35,367.2,426.22
3535903,462.31,424.3,489.2,451.63
3536000,480.69,401.05,404.4,429.48
3536109,501.44,421.65,399,444.48
3536208,448,438.4,388,430.78
3536257,480.19,459.75,459.1,466.72
3536307,611.75,588.5,609.4,601.13
3536406,441.75,395.85,389.9,410.52
3536505,526.44,453.35,465,481.3
3536570,484.06,412.75,380.4,430.52
3536604,489.56,477.15,510.5,488.72
3536703,435.94,431.1,425,431.46
3536802,575.94,542.15,565,558.87
3536901,482.5,455.35,468.7,467.7
3537008,668.69,594.85,646.7,631.8
3537107,507.5,468.65,463.6,481.07
3537156,475.81,415.5,403.5,433.87
3537206,524.25,485.55,404.9,481.48
3537305,442.31,403.65,396.2,415.48
3537404,419.62,377,417.2,400.57
3537503,416.5,379.3,354.9,386.93
3537602,530.62,499.45,395.7,487.74
3537701,456.81,423.85,405.5,431.33
3537800,484.12,431.2,390.1,440.67
3537909,492.19,395.2,371.4,423.76
3538006,482.38,512.85,469.8,492.89
3538105,463.75,434.6,476.7,453.89
3538204,580.12,523.55,557.8,550.67
3538303,475,376.55,369.5,409.26
3538501,511.75,484.5,533.7,504.67
3538600,506.5,478.75,461.7,484.7
3538709,459.88,401.15,385,418.07
3538808,520.69,414.45,423.2,453.3
3538907,440.19,423.6,405.5,425.43
3539004,477.62,444.35,463.5,460.09
3539103,527.94,444.7,444.3,473.57
3539202,477.31,432.8,419.9,445.48
3539301,530.94,509.3,547.2,525.07
3539400,480.75,427.55,413.5,443
3539509,500.88,495.95,521.3,503.17
3539608,464.25,428.85,415.3,438.22
3539707,491.69,414.55,416.3,441.76
3539806,485.06,455.95,423.7,459.07
3539905,479.5,463.25,424.4,460.46
3540002,488.25,453.2,452.9,465.33
3540101,418.12,410,395.9,409.76
3540200,503.75,520.15,542.3,519.26
3540259,470.94,412.95,454.2,442.09
3540309,492.69,458.2,470.3,472.83
3540408,442.12,413.5,467,435.09
3540507,458.38,403.45,365.2,414.24
3540606,431.69,386.2,330.3,389.87
3540705,524.25,505,551.8,521.87
3540754,494.56,479.85,463.6,481.43
3540804,500.06,463.05,469.4,477.3
3540853,488.94,384.85,373.2,418.52
3540903,508.06,501.9,512.8,506.41
3541000,763.44,700.2,607.8,702.11
3541059,495.38,433.6,433.7,455.11
3541109,460.5,436.45,408.4,438.72
3541208,482.56,411.6,385.5,430.61
3541307,470.56,406.25,381.3,423.2
3541406,470.19,398.6,371.3,417.57
3541505,466.75,377.6,356.9,404.11
3541604,423.44,383.2,392,399.11
3541653,456.94,389.45,347.2,403.74
3541703,483.94,437,414.3,448.39
3541802,468.44,438.7,430.8,447.33
3541901,514.12,514.75,510.7,513.65
3542008,457.69,424.9,444.1,440.48
3542107,415.25,395.95,335.3,389.48
3542206,502.75,433.2,398.5,449.85
3542305,438.31,409.15,388.7,414.85
3542404,506.44,421.75,383.3,442.85
3542503,445.75,417.45,437.4,431.63
3542602,457.25,442.75,385.6,435.37
3542701,622.88,565.65,632,599.98
3542800,422.62,377.7,378.9,393.59
3542909,507.81,458.7,487.8,482.11
3543006,459.5,440,417.9,441.98
3543105,658,589.2,634.9,623.07
3543204,487.06,410.35,393.9,433.46
3543238,473.06,382.55,366.5,410.54
3543253,487,442.15,387.1,445.78
3543303,558.81,537.65,460,528.13
3543402,563.38,561.6,564.6,562.87
3543501,461,410.1,354.5,415.72
3543600,621.75,578.1,644.5,607.72
3543709,536.06,506.55,530.8,522.09
3543808,460.75,394.25,409.2,420.63
3543907,533,463.1,502.4,495.96
3544004,479.25,440.5,404.2,446.09
3544103,728.75,725.5,624.5,704.67
3544202,474.38,454.7,458.5,462.37
3544251,458.38,353.25,404.5,400.96
3544301,458.81,449.8,417.6,445.93
3544400,451.19,445.65,413.4,440.57
3544509,453.38,419.25,457.2,439.37
3544608,412.19,392.75,394.1,399.8
3544707,495.38,386.45,383.2,423.63
3544806,447.69,410.45,427.8,427.17
3544905,606.88,607.85,595.8,604.89
3545001,465.06,440.9,391.1,438.48
3545100,459.75,392.35,396.8,416.76
3545159,443.06,414.4,373.5,415.48
3545209,460.31,410,376.5,420.22
3545308,465.94,415.1,362.5,421.35
3545407,501.06,419.2,381,439.37
3545506,481.31,413.15,415.2,437.3
3545605,505.44,474.3,491.4,488.85
3545704,453.5,419.1,456.1,439.11
3545803,478.75,447.45,401.1,448.26
3546009,415.19,382.15,361.9,389.24
3546108,454.69,414.55,436.4,433.26
3546207,506.38,478.15,531.9,499.65
3546256,633.44,604.85,618.8,617.83
3546306,536.75,508.55,553.3,528.09
3546405,538.81,458.5,431.4,480.54
3546504,475.94,475.5,476.9,475.96
3546603,452.25,423.5,457.9,440.98
3546702,531.94,459.25,481.4,489.35
3546801,515.31,444.6,442.8,468.8
3546900,547.12,510.3,540,529.57
3547007,489.88,463.65,484.4,477.28
3547106,459.75,392.25,370.9,411.09
3547205,475.44,424.8,461.8,450.46
3547304,509.12,434.4,396.8,452.22
3547403,454.94,420.05,448.8,438.43
3547502,565.69,531.9,584.4,555.07
3547601,547.5,505.4,578.6,535.96
3547650,475.44,424.8,461.8,450.46
3547700,488.62,389.5,385.9,423.2
3547809,558.81,537.65,460,528.13
3547908,641.88,573.9,624.7,608.59
3548005,535.5,481.8,492.2,502.74
3548054,436.38,415.95,433.5,426.87
3548104,609.25,563.45,594.3,586.09
3548203,578.25,528.3,551.1,550.63
3548302,469.31,384.1,360.4,408.59
3548401,465.38,423,409.2,434.74
3548500,810.88,838.9,689.7,796.72
3548609,540.88,506.35,576.1,533.52
3548708,702.44,593.05,525.9,616.5
3548807,467.31,434.85,404.5,439.54
3548906,534.62,509.55,538.8,524.63
3549003,469.62,419.4,443.1,442.02
3549102,545.75,497.4,526.1,520.46
3549201,458.75,416.3,456.5,439.8
3549250,444.62,411.45,436.6,428.46
3549300,453.19,400.45,377.4,413.78
3549409,604,549.2,604.5,580.28
3549508,631.19,575,634.2,607.41
3549607,612.12,597.55,589.5,600.87
3549706,561.38,543.2,567.6,554.83
3549805,503.94,484.1,463.3,486.48
3549904,518.69,483.05,485.8,496.04
3549953,492.94,474.75,431.4,471.65
3550001,479.56,465.9,417.9,460.22
3550100,448.12,414.05,424.7,428.22
3550209,473.69,407.25,400.5,428.89
3550308,468.19,425.55,401.7,435.2
3550407,484.81,448.3,440.9,459.39
3550506,500.31,428.05,412,449.7
3550605,501.75,460.7,398.6,461.48
3550704,498.5,495,432.3,482.59
3550803,598.25,568.05,585.8,582.41
3550902,579.62,548.25,589.8,568.2
3551009,759.06,681.7,584.9,687.57
3551108,449.94,381.7,326.3,393.39
3551207,501.38,431.5,434.1,456.37
3551306,517.69,479.6,456.2,487.76
3551405,589.75,557.45,593.2,576.46
3551504,650.5,616.65,611.6,627.33
3551603,585.06,554.65,571.7,568.93
3551702,520.88,524.95,552,529.41
3551801,580.62,534.5,499.3,542.89
3551900,469.56,473.2,504.1,478.65
3552007,530.69,529.45,496.3,522.67
3552106,589.81,545.9,570.5,566.52
3552205,452.62,395.05,353,405.93
3552304,462.44,406.55,435,432.17
3552403,487.62,431.6,418.1,448.15
3552502,489.5,501.7,402,475.78
3552551,442.06,394.35,440.9,421.07
3552601,472.69,472.15,499.4,478.26
3552700,465.38,456.95,465.1,461.65
3552809,470.69,423.85,375,429.52
3552908,471.19,417.6,426.9,438.26
3553005,487.56,425.8,414.8,444.89
3553104,498.31,463.1,487.2,480.59
3553203,494.12,468.45,497.7,483.74
3553302,514.38,509.85,576.6,525.93
3553401,499.19,486,478.6,488.98
3553500,582.81,546.25,448.1,537.63
3553609,607.12,569.25,647.5,599.43
3553658,499.12,482.95,508.3,494.09
3553708,484.06,470,495.1,480.35
3553807,489.94,434.1,398.5,445.78
3553856,422.06,409.95,362.6,403.87
3553906,477.88,417.8,401.1,435.07
3553955,487.69,424.2,404.8,442.07
3554003,437.06,385.3,328.6,390.98
3554102,420.69,413.65,405.4,414.3
3554201,497.62,421.25,426.2,448.89
3554300,482.94,408,405.9,433.61
3554409,514.56,484.25,517.1,501.93
3554508,394.62,387.8,332.4,378.13
3554607,531.94,439.95,450.3,474.2
3554656,466.94,398.95,371.2,416.57
3554706,498,482.55,493.9,490.39
3554755,497.81,463.45,472.2,477.3
3554805,477,454.05,466.2,464.67
3554904,473.56,431.1,465.8,453.41
3554953,519.06,477.5,501.8,497.24
3555000,471.69,436.1,403,441.28
3555109,454.06,393,379.7,411.35
3555208,454.25,428.3,402.6,431.74
3555307,447.12,415.6,494.1,443.63
3555356,449.94,403.85,417.4,422.83
3555406,642.25,592.75,563.5,603.61
3555505,502.69,432.35,410,451.96
3555604,490.94,484.3,501.6,490.37
3555703,471,437.4,429.7,447.41
3555802,466.62,422.2,460.1,445.89
3555901,441.31,415.8,422.4,426.11
3556008,462.62,442.15,444,449.67
3556107,478.38,459.9,450.9,464.37
3556206,524.5,466.5,474.8,488.48
3556305,438.12,416.35,407.5,422
3556354,553.06,517.25,527.6,531.96
3556404,572.88,507.55,554.1,540.39
3556453,478.44,459.5,400,453.15
3556503,534.12,468.65,483.6,494.67
3556602,503.94,445.85,454.9,468.02
3556701,508.81,477.85,462.2,485.22
3556800,509.19,495.1,523.9,506.26
3556909,473.94,447.25,482.6,464.22
3556958,467,428.5,504.1,458.33
3557006,448.19,413.65,366.9,415.5
3557105,504.38,491.7,465.7,490.46
3557154,446.06,422.05,392,423.87
3557204,540.94,441.2,414.4,470.07
3557303,523.69,469.25,511,497.26
4100103,481,412.55,390,431.46
4100202,434.62,386.45,367,398.98
4100301,477.44,422.65,357.4,427.52
4100400,472.5,398.55,399.9,424.57
4100459,616.88,524.75,536.1,559.26
4100509,523.44,494.4,499.6,505.63
4100608,517.06,416.25,462.2,461.3
4100707,540.69,532.95,521.3,533.11
4100806,479.69,413.6,439.7,442.26
4100905,499.81,412.5,440.9,449.04
4101002,699.75,547.15,585.5,608.57
4101051,588.56,518.15,543.7,548.2
4101101,500.31,404.9,414.2,440.11
4101150,503.75,426.15,451.6,458.67
4101200,724.88,693.45,602.1,684.52
4101309,510.38,414.8,373.9,439.15
4101408,543.62,464.1,490.4,497.48
4101507,544.81,466.05,488.6,498.35
4101606,495.62,413.35,436.1,446.91
4101655,580.69,503.2,457.7,520.26
4101705,545.88,486.75,464,502.37
4101804,441.12,375.6,342.4,391.17
4101853,561.38,492.55,462.3,509.91
4101903,509.31,433,444.9,462.13
4102000,581.69,531.15,508.4,543.78
4102109,506.31,427.1,459.2,461.63
4102208,514.5,429.2,463.9,466.41
4102307,472.38,386.75,366.6,412.15
4102406,492.06,401.55,398,432.26
4102505,548,467.15,451.3,491.83
4102604,726.19,570.2,592.5,629.3
4102703,532.06,411.15,413.2,453.65
4102752,676.88,548.4,563.1,596.28
4102802,504,427.05,464.1,461.87
4102901,616.94,536.35,552.5,567.89
4103008,592.88,530,498.4,545
4103024,651.19,541.85,535.9,578.59
4103040,566.56,499.25,478,518.04
4103057,640.06,530.65,561.3,575.37
4103107,489.25,439.65,398.1,447.87
4103156,728.06,555.75,592,623.57
4103206,548,461.75,459.8,491.33
4103222,673.94,507.5,558.6,576.5
4103305,560.5,462.2,479.6,500.17
4103354,648.94,528.4,568.3,579
4103370,537.44,545.5,506.7,534.26
4103404,472.88,418.1,459.6,446.17
4103453,603.12,518.15,520.5,548.22
4103479,530.75,495.9,487.2,506.13
4103503,558.19,482.75,493.8,511.39
4103602,514,392,380,431.83
4103701,516.69,444.15,504.7,482.54
4103800,548.44,472.55,491.9,503.15
4103909,604.25,517.7,533.6,551.26
4103958,593.88,504.8,501.3,535.02
4104006,590.38,527.55,451.8,532.93
4104055,659.81,557.65,566.3,595.07
4104105,493.06,418.65,369.7,433.89
4104204,478.31,382.2,402,419.93
4104253,471.81,390.25,411.1,423.15
4104303,572.25,489.75,500.5,520.78
4104402,522.88,464.65,503.2,493.28
4104428,619,521.35,531.3,557.48
4104451,634.88,523.35,557.3,569.52
4104501,630.69,507.2,513.8,551.59
4104600,648.19,537.35,562.7,581.41
4104659,487.75,445.95,440.7,459.35
4104709,482.12,408.8,391.5,430.54
4104808,650.06,568,563.6,595.59
4104907,500.81,451.95,446.2,467.7
4105003,644.94,570.45,571.4,596.57
4105102,466.12,412.85,453.2,440.15
4105201,436.12,382.6,375.8,399.74
4105300,682,572.65,601.3,616.91
4105409,635,540.7,544.3,574.28
4105508,542.88,466.15,454.5,490.3
4105607,504.25,426.4,458.7,460.5
4105706,675.19,537.9,575.8,593.89
4105805,467.5,391.1,380.9,415.46
4105904,483.12,409.25,462.9,446.61
4106001,474.12,426.05,415,440.37
4106100,459.56,408.1,387.1,421.43
4106209,453.44,382.15,345.8,399.04
4106308,636.12,517.45,559.8,567.93
4106407,469.5,421.7,420.3,438.02
4106456,656.5,509.8,544.7,568.41
4106506,665.31,536.1,559.5,586.13
4106555,557.56,469.45,479.5,502.28
4106571,652.75,551.65,548.4,586.11
4106605,523.44,463.1,449.7,481.17
4106704,496.75,388.2,465.6,442.78
4106803,600.75,482.9,481.9,523.67
4106852,569.12,482.65,483.4,512.89
4106902,492.56,393.85,380.1,425.2
4107009,486.44,421.4,421.9,444.13
4107108,446.94,355.9,421.4,401.8
4107124,642.62,558.7,550.6,586.13
4107157,616.12,544.55,551.7,571
4107207,680.5,537.9,558.9,592.07
4107256,496.81,440.05,451.1,462.2
4107306,586.06,471.85,501.2,517.96
4107405,693.81,539.9,582,602.59
4107504,553.06,471.65,484.7,502.8
4107520,525.88,473.35,477.4,492.5
4107538,618.5,533.6,523.1,560.85
4107546,636.5,576.05,555.5,592.61
4107553,596.56,529,497.7,545.7
4107603,590,488.5,509.9,528.46
4107652,472.5,407.35,364.1,420.61
4107702,539.44,453.8,464.1,485.83
4107736,522.88,425.05,416.5,457.22
4107751,507.94,426.3,420.9,453.52
4107801,571.06,458.1,496.6,505.76
4107850,695.25,572.95,629.7,627.83
4107900,546.06,449.4,446.9,482.48
4108007,477.06,423.15,452.6,448.3
4108106,503.75,426.15,451.6,458.67
4108205,538.06,533.85,506.9,529.46
4108304,619.69,519.9,576,566.8
4108320,526.38,514.8,504,516.48
4108403,692.75,538.9,590.4,603.61
4108452,642,534.65,557.1,576.87
4108502,612.56,524.6,465.8,542.41
4108551,555.06,485.6,468.6,506.07
4108601,547.5,495.4,487.1,511.72
4108650,630.75,519.45,546.4,564.02
4108700,564.19,482.2,478.5,509.91
4108809,572.94,506.75,506.6,529.74
4108908,493.62,414.1,446.6,448.83
4108957,492.25,456.25,436.8,464.54
4109005,507.12,431.45,413.7,453.91
4109104,507.38,428.35,445.3,459.52
4109203,479.38,427.05,469.3,454.43
4109302,657.62,577.2,554.2,600.17
4109401,605.88,537.1,503.8,553.78
4109500,680.94,607.95,538.6,618.26
4109609,643.81,658.45,562.6,632.52
4109658,660.62,531.9,573.7,585.76
4109708,497.31,416.35,430.9,447.67
4109757,651.25,587.15,576.1,607.04
4109807,534.25,449.1,491.4,487.91
4109906,518.62,454.75,493,485.28
4110003,515.12,445.25,461.8,473.15
4110052,579.88,527.7,534.2,547.26
4110078,567.44,488.75,511.5,521.07
4110102,485.06,423.6,425.5,445.39
4110201,591.38,529.45,493,543.07
4110300,479,384.5,420,425.09
4110409,533.38,448.05,470.4,482.59
4110508,463.62,420.45,433.4,438.28
4110607,523.88,516.85,502.8,516.24
4110656,565.69,524.55,527.7,539.54
4110706,543.81,446.05,446.8,480.22
4110805,606.25,510.4,513.3,544.37
4110904,474.75,416.45,438.6,441.54
4110953,596.12,533.75,571.4,563.63
4111001,479.62,419.3,410.4,438.35
4111100,543,455.05,455.7,485.78
4111209,648.69,494.15,555.9,561.33
4111258,480.44,388.1,423.2,427.85
4111308,455.94,377.7,440.7,418.61
4111407,516.25,473.75,458.7,485.26
4111506,564.88,489.5,472.3,511.98
4111555,519.31,462.45,484.3,486.98
4111605,547.25,463.3,476.7,495.41
4111704,489.06,417.8,424.5,444.04
4111803,543.25,426.6,394.7,460.24
4111902,480.19,419.95,445,446.35
4112009,481.5,398.7,435.6,435.52
4112108,555.94,472.6,485.1,504.3
4112207,585.69,513.4,499.8,535.59
4112306,507.75,420.05,431.1,452.96
4112405,531.81,446.3,465.8,480.28
4112504,570.75,486.75,475.9,513.61
4112603,481.19,407,425,436.72
4112702,523.62,436.2,464.7,472.8
4112751,577.25,533.05,515,544.5
4112801,497.38,424,411.2,446.74
4112900,475.88,419,400.8,434.83
4112959,562.44,525.85,480.4,528.7
4113007,551.81,463.65,471.4,496
4113106,573.56,473.4,490.4,511.93
4113205,518.44,400.6,390.9,439.48
4113254,648,533.2,534.5,573.41
4113304,648.19,563.15,575.9,595.5
4113403,445.44,407.3,400.4,419.07
4113429,560,471.3,482.1,504.5
4113452,681.69,558.45,603.2,611.04
4113502,494.88,414.9,437,447.52
4113601,479.94,409.2,439.1,440.3
4113700,546.25,457.25,486.7,494.61
4113734,637.56,535.45,553.3,574.85
4113759,555.44,475.4,480.1,504.26
4113809,469.81,418.3,447,442.46
4113908,567.56,458.75,452,495.13
4114005,613.12,544.15,555,570.5
4114104,539.75,435.7,468.9,479.11
4114203,562.06,452.85,474.9,495.63
4114302,471.06,416.45,350.2,421.04
4114351,701.12,552.7,602.8,615.22
4114401,641.56,530.15,548.9,572.98
4114500,596.44,528.85,504.6,547.09
4114609,601,521.85,529.7,551.09
4114708,520.69,468.55,483.3,489.89
4114807,560.81,455.05,467.9,494.63
4114906,554.25,469,493.4,503.96
4115002,451.06,362.45,436.4,409.35
4115101,523.62,509.05,472.6,506.2
4115200,558.75,449.7,466.1,491.2
4115309,679.38,550.85,588.6,603.76
4115358,591.62,534,506.8,548.13
4115408,693.56,562.4,603.5,616.96
4115457,648.31,555.55,558,588.35
4115507,564.56,479.25,480.6,509.22
4115606,632.19,541.75,576.1,580.67
4115705,612.62,653.6,529.8,612.43
4115739,642.88,529.85,540,571.37
4115754,573.31,479.4,501.3,516.83
4115804,624.5,526.3,572.4,570.48
4115853,588.31,507.7,532.6,541.15
4115903,497,422,434.1,450.72
4116000,475.62,412,450.8,442.57
4116059,604.44,539.2,560.3,566.48
4116109,547.44,485.2,483.6,506.5
4116208,617.5,582.4,531.5,583.54
4116307,497.06,426.5,460.1,458.35
4116406,478.94,420.55,463.4,450.17
4116505,499.62,420.4,430.4,450.13
4116604,508.56,440.8,443.6,464.98
4116703,579.5,511.15,533.8,539.85
4116802,606.88,524.95,541.8,557.11
4116901,525.25,426.3,463,468.7
4116950,678.44,533.8,556.8,589.11
4117008,476.75,415.95,432,440.59
4117057,661,582.85,571.9,607.65
4117107,455.75,369.15,427.9,412.04
4117206,513.12,438.5,457.4,468.57
4117214,516.69,438.35,439.8,465.91
4117222,581,507.65,491.5,529.65
4117255,634.75,517.95,543.9,564.22
4117271,573.38,507.25,479.3,524.17
4117297,554.62,476.9,476.8,503.91
4117305,540.75,473.4,469.4,495.96
4117404,577.75,460.65,498.2,509.54
4117453,633.12,558.65,529.3,578.17
4117503,575.25,457.1,490.4,505.43
4117602,660.44,519.25,546.6,574.3
4117701,510.38,374.9,386.6,424.57
4117800,656.31,535.5,547.9,580.22
4117909,546.12,513.9,509.6,524.17
4118006,497.69,427.25,437.1,453.89
4118105,477.56,375.65,438.8,424.83
4118204,579.81,597.8,462.1,562.04
4118303,482,389.3,425.4,429.39
4118402,485.94,401.8,428.6,436.89
4118451,610,534.55,525.2,558.76
4118501,686.31,537.4,563.4,594.85
4118600,539.81,455.2,455.5,484.7
4118709,548.69,445.85,429.3,478.02
4118808,549.81,468.25,463.1,495.5
4118857,519.75,499.2,485,503.26
4118907,521.19,483.15,485,496.78
4119004,683,546.5,553.5,595.5
4119103,475.06,418.8,353.6,424.2
4119152,471.44,393.5,374.3,416.43
4119202,521.06,421.25,450.7,462.37
4119251,714.75,555.7,605,621.74
4119301,684.62,568.15,549.8,604.67
4119400,506.5,441.35,445.2,464.85
4119509,561.06,517.3,471.5,522.57
4119608,597.06,558.75,532.6,566.39
4119657,510.31,444.5,477.9,474.65
4119707,513.81,425.9,446.9,461.04
4119806,665.62,532.75,546.2,581.89
4119905,505.19,417.7,403.7,445.09
4119954,580.38,621.65,483.1,577.17
4120002,473.44,423.85,442,445.04
4120101,518.19,381.45,389.2,430.7
4120150,633,569.15,572.3,592.04
4120200,476.5,385.15,443,429.5
4120309,548.19,477.1,459.5,498
4120333,483.88,417.65,446.1,446.87
4120358,692.31,538.6,564.8,597.76
4120408,521.12,425.6,470.7,468.63
4120507,479,411.2,417.9,436.24
4120606,551.75,489.5,498.4,513.09
4120655,541.94,507.9,487.2,515.24
4120705,477.06,404.9,400,428.93
4120804,655.62,602,530.2,605.04
4120853,600.69,518.8,538.1,551.48
4120903,644.56,571.75,579.7,598.8
4121000,501.12,426.85,448.8,457.46
4121109,545.75,452.05,472.4,489.07
4121208,475.75,416.8,352.9,423.41
4121257,617.94,558.75,577.1,583.33
4121307,476.06,413.6,425.1,437.83
4121356,574.06,512.65,484.8,527.96
4121406,624.88,507.35,522.3,551.48
4121505,545.31,429.45,416.3,466.89
4121604,680.19,560.3,584.1,607.17
4121703,563.38,489.15,520,521.67
4121752,654.25,542.1,565.6,586.22
4121802,507.69,426.75,406.9,450.59
4121901,460.44,399.55,403.7,421.63
4122008,567.44,442.7,421.5,481.48
4122107,545.12,471.7,472.5,497.41
4122156,640.06,564.95,562.1,590.46
4122172,560.81,489.35,485.5,513.37
4122206,471.75,390.6,424.4,426.17
4122305,500.81,429.6,385.9,444.87
4122404,505.88,445.6,486.7,475.5
4122503,628.06,523.1,545.3,564.43
4122602,522.62,436.1,457.2,470.78
4122651,549.75,474.8,503.3,507.07
4122701,522.62,449.65,499.8,485.93
4122800,717.31,554.45,600.6,621.13
4122909,489.38,415.8,354.5,428.07
4123006,674.94,532.3,552.5,586.3
4123105,492.25,405.15,415.7,437.74
4123204,516.69,438.35,439.8,465.91
4123303,493.62,414.3,430.8,445.48
4123402,482.69,414.75,442.5,444.41
4123501,632.5,546.1,544.5,575.8
4123600,479.5,397.5,443.8,436.09
4123709,472.94,420.95,429.9,440.98
4123808,650.94,527.15,540.5,573.11
4123824,682.25,562.9,582.1,608.59
4123857,651.62,549.5,556.4,586.52
4123907,466.62,405.1,413.5,428.33
4123956,475.38,417,436.3,441.5
4124004,471.38,415.3,347.8,420.13
4124020,648.5,561.5,569.4,593.48
4124053,619.69,519.9,576,566.8
4124103,529.94,428.75,411.5,460.2
4124202,473.5,391.5,426.6,427.65
4124301,488.19,426.5,430.4,448.8
4124400,702.88,536.65,565.9,600.83
4124509,473,417.15,446.5,442.96
4124608,546.94,442.35,467.9,484.28
4124707,557.75,446.65,485.2,493.67
4124806,679.88,553.1,578.9,602.8
4124905,495.31,387.15,426.1,433.24
4125001,545.94,463.45,452.6,489.78
4125100,521,410.25,415.3,449.87
4125209,678.31,552.8,555.8,597.11
4125308,569.12,459.85,494.8,505.46
4125357,533.94,476.1,492.8,499.85
4125407,454.88,395.7,368.1,410.28
4125456,610.75,545.2,509.1,560.15
4125506,588.88,516.9,469.8,531.7
4125555,516.44,429.75,457.8,466
4125605,526.06,422.8,400.1,453.78
4125704,633,525.95,573.2,573.46
4125753,639.25,563.65,556.3,588.35
4125803,553,468.3,456.7,495.24
4125902,455.69,365.75,439.7,413.11
4126009,505.56,437.45,432.4,460.04
4126108,552.88,460.85,476.8,496.33
4126207,532.06,443.35,460.4,477.91
4126256,559.06,451.6,472.9,493.61
4126272,650.75,550,563.1,587.89
4126306,463.06,383.5,405.5,415.96
4126355,605.06,523.95,532.1,553.93
4126405,474.31,406.8,407.2,430.37
4126504,489.94,416.2,432.5,445.39
4126603,480.06,415.05,365.5,426.89
4126652,673,548.05,571.6,596.63
4126678,570.62,475.1,515.6,517.13
4126702,515.88,425.95,444.4,461.24
4126801,531.19,453.25,456.7,481.11
4126900,501.25,435.9,453.6,462.48
4127007,498,429.55,434.1,454.35
4127106,508,443.2,458.7,469.11
4127205,551,466.5,476.1,497.98
4127304,465,384.45,412.7,418.61
4127403,564,504.45,512.1,526.83
4127502,472.94,423.7,425.2,441.15
4127601,514.94,480.35,379.4,470.43
4127700,627.31,571.2,535.5,582.96
4127809,491.12,417.25,411.3,441.65
4127858,658.81,554.85,574.9,595.37
4127882,436.56,370.65,363.8,392.09
4127908,536.12,474.8,450.2,490.78
4127957,612.19,537.95,521.4,560.17
4127965,567.94,482.15,496.9,515.2
4128005,569.94,528.6,513.7,539.74
4128104,511.25,478.75,502.5,495.22
4128203,553.88,469.7,453.9,495.54
4128302,511.19,409.5,469.9,458
4128401,485.38,424.6,423.7,445.54
4128500,453.44,410.7,362.6,415.11
4128534,496.88,435.6,450.9,460.24
4128559,646.25,552.75,573.9,589.87
4128609,679.12,527.4,560.4,587.35
4128625,544.31,453.55,489.1,492.85
4128633,470.75,414.2,386.8,427.91
4128658,632.56,559.85,580.4,589.61
4128708,673.38,563.4,585.7,606.5
4128807,522.5,466.35,493.5,491.78
4200051,620.5,430.55,454.2,501.76
4200101,670.06,526.55,579.4,587.96
4200200,528.25,420.2,386.6,450.48
4200309,535.06,409.95,382.4,447.48
4200408,632.94,503.8,508.3,549.7
4200507,647.94,513.4,511.8,559.85
4200556,659.12,530.55,523.9,573.83
4200606,529.44,548.65,435.4,517.35
4200705,529.56,455.95,413,472.22
4200754,653.19,463.9,489.2,535.24
4200804,686.62,528.75,593,597.63
4200903,496.81,514.6,419.2,487.67
4201000,617.88,425.15,440.9,495.61
4201109,548,518.05,448.3,513.3
4201208,493.5,521.95,407.2,487.11
4201257,482.75,437.75,378.9,440.61
4201273,658.94,507.3,523.8,563.63
4201307,580.38,590.85,490.8,565.46
4201406,475.25,396.35,350.2,413.76
4201505,437.56,381.7,341.7,392.43
4201604,626.06,495.25,461,533.3
4201653,627.88,465.75,519.1,533.74
4201703,507.38,459.4,404.5,464.15
4201802,531.94,413.45,385.1,448.5
4201901,507.12,397.4,375.2,430.74
4201950,474.88,399.45,354.4,415.89
4202008,489.12,510.05,404.2,479.76
4202057,584.19,592.1,467.4,562.24
4202073,484.62,398.05,363.4,420.63
4202081,711.5,543.65,576.9,609.26
4202099,673,522.45,589.1,589.3
4202107,503.81,497.6,435.9,486.35
4202131,520.25,432.1,417.3,459.54
4202156,694.06,539.9,558.9,597.65
4202206,500.94,441.2,420.5,457.48
4202305,473.5,545.65,393.8,487.54
4202404,527.81,501,435,495.98
4202438,522.44,435.75,384.8,454.83
4202453,479.06,549.8,381.7,488.65
4202503,533.81,432.35,434.4,468.09
4202537,627.19,510.95,545.9,558.98
4202578,685,544.3,562.2,597.13
4202602,502.5,397.4,378.5,429.85
4202701,477.12,447.2,391.7,445.54
4202800,449.75,376.55,353.1,396.91
4202859,553.44,426.15,382.6,460.96
4202875,601.81,429.25,424.2,488.17
4202909,497.19,480.55,415.4,472.17
4203006,611.5,494.6,442.1,523.85
4203105,644.69,530,510.6,565.67
4203154,599.62,491.55,442.2,518.41
4203204,498.56,491.4,402.3,474.52
4203253,547.31,404.2,417.3,456.83
4203303,574.88,559.25,429.4,536.46
4203402,590.44,431.6,419.8,484.28
4203501,686.5,568.2,600.8,616.43
4203600,643.69,449.8,489.3,525.83
4203709,470.25,493.9,390.5,463.2
4203808,528.25,439.3,418.2,465.65
4203907,636.31,436.7,479.9,515.52
4203956,423.25,382.65,310.3,381.04
4204004,670,496.55,528.4,563.8
4204103,645.75,491.6,499.6,546.96
4204152,639.38,448.85,471.9,520.13
4204178,604.56,402.5,437.6,480.41
4204194,498.44,393.05,376.3,426.07
4204202,613.62,449.6,483.9,514.11
4204251,487.5,410.25,372.7,428.96
4204301,653.88,491,520.2,554
4204350,643,492.3,526.7,552.2
4204400,658.06,526.25,523.7,571.54
4204459,657.12,545.2,572.3,590.02
4204509,552.56,544.5,419.7,520.17
4204558,577.69,411.2,384.7,463.35
4204608,499.69,417.5,366.1,434.91
4204707,651.5,533.2,539.6,575.74
4204756,652.44,534.6,513.5,571
4204806,592.56,425.65,412.3,480.8
4204905,657,529,549.9,578.07
4205001,738.69,574.35,605.8,638.35
4205100,512.88,397.25,373,432.2
4205159,510.75,441.9,412,459.35
4205175,649.38,507.25,541.5,564.13
4205191,497.81,418.7,382.7,438.39
4205209,647.69,461.6,486.3,531.7
4205308,640,514.8,552.3,566.5
4205357,658.75,528.65,561.3,581
4205407,502.44,596.9,393.4,519.8
4205431,671.19,548.5,561.2,593.93
4205456,502.06,421.1,372.7,438.74
4205506,619.5,456.2,430.4,507.39
4205555,598.06,428.1,422.9,486.09
4205605,660,566.95,581.8,602.54
4205704,458.69,471.95,379.5,447.24
4205803,724.69,771.85,580.2,713.78
4205902,503.81,494.2,420,481.41
4206009,479.06,549.8,381.7,488.65
4206108,506.88,450.35,389.3,456.74
4206207,432.69,385.05,334.3,390.59
4206306,498.12,474.85,410,468.85
4206405,711.31,540.15,592.2,611
4206504,609.25,624.8,492.8,590.7
4206603,723.12,579.05,601.2,633.98
4206652,630.19,456.45,483.4,522.74
4206702,647.38,480.25,484.9,539.39
4206751,640.19,473.25,476.9,532.11
4206801,637.56,489.45,466.2,535.91
4206900,488.94,402.65,383.3,428.46
4207007,475.81,408.45,348.9,418.93
4207106,518.88,514.1,412,493.57
4207205,418.31,397.2,338.5,391.78
4207304,442.25,448.45,366,428.37
4207403,489.25,399.7,366.2,423.57
4207502,503.19,464.15,417.1,467.5
4207577,628.12,498.05,447.6,532.33
4207601,643.81,453.5,490.3,527.7
4207650,654.88,538.2,516,573.96
4207684,648.81,512.8,561.9,570.78
4207700,661.25,512.15,549.2,572.07
4207759,644.5,526.7,541.2,570.83
4207809,673.19,523.75,552.3,581.93
4207858,670.19,560.4,560.8,598.67
4207908,543.75,457.75,444.2,484.72
4208005,643.44,470.5,490,534.89
4208104,526.25,440.55,399.6,461.46
4208203,509.62,503.7,419.5,487.46
4208302,468.62,509.75,379.1,467.04
4208401,665.94,517.05,494.4,563.91
4208450,653.38,716.65,563.6,661.37
4208500,498.19,400.9,379.8,430.15
4208609,670.56,492.4,514.5,559.17
4208708,524.38,434.8,395.8,457.48
4208807,443.31,384.75,314,389.74
4208906,624.06,624.3,482.1,593.3
4208955,663.69,543.15,525.4,581.22
4209003,645.38,469,503.6,537.87
4209102,708.81,722.25,570.8,684.65
4209151,504.75,406.45,381.1,435.13
4209177,674.75,565.5,587.6,608.3
4209201,645.31,470.7,491.2,535.89
4209300,551,392.4,396.8,448.52
4209409,417.5,388.35,313.7,382.26
4209458,641.12,500.85,527.6,555.46
4209508,538.75,415.7,376.5,449.98
4209607,479.75,429.5,388,437.96
4209706,565.88,445.1,408.1,479.07
4209805,488.75,451.05,406.5,454.48
4209854,676.12,524.15,556.2,583.98
4209904,502.25,405.6,375.6,432.7
4210001,502.06,483.75,419.2,476.09
4210035,653.19,492.35,503.2,550.65
4210050,621.56,507.45,452.2,535.13
4210100,525.25,452.65,404.8,467.5
4210209,472.06,485.65,387,459.48
4210308,533.81,437.8,427.7,469
4210407,478.25,402.15,350.4,417.37
4210506,654.31,531.8,548.5,578.04
4210555,646.81,509.3,530.4,561.72
4210605,542.38,530.4,467.9,520.98
4210704,579.25,494.95,454.3,515.43
4210803,509.88,433.95,391.3,451.09
4210852,596.12,456.25,414.8,495.89
4210902,673.62,543.45,539.4,587.85
4211009,654.88,538.2,516,573.96
4211058,623.75,447.15,432.8,505.46
4211108,568.69,443.4,426.6,483.33
4211207,457.31,395.1,331.5,402.91
4211256,538.81,450.65,432.7,477.41
4211306,490.88,482.3,408.2,469.17
4211405,646.94,527.35,517.8,566.87
4211454,657.94,523.6,518.3,569.17
4211504,486.12,481.8,386.7,462.63
4211603,509,433.05,381.6,448.28
4211652,665.12,573.9,594.9,610.2
4211702,492.75,433.4,381.5,442.76
4211751,528.62,426.75,383.4,452.76
4211801,647.5,463,503,535.87
4211850,644.19,518.95,550.3,569.33
4211876,637.19,458.05,490.8,527.48
4211892,535.88,415.6,399.7,453.98
4211900,515.88,579.75,420.1,522.83
4212007,721,578.2,623.8,637.78
4212056,554.94,421.3,388.7,460.7
4212106,651.25,521.5,504.4,562.91
4212205,557.94,447.55,425.2,481.09
4212239,699,534.05,578.7,601.13
4212254,480.56,390.05,357.2,414.39
4212270,681.88,528.05,563.2,589.2
4212304,496.19,529.2,409.4,491.67
4212403,456.25,381.3,357.5,402.2
4212502,485.56,478.85,414.3,467.15
4212601,655.81,464.45,497.2,538.13
4212650,417.5,388.35,313.7,382.26
4212700,507.75,418.8,390.1,443.5
4212809,502.69,496.55,422.7,482.63
4212908,647.88,531.75,519.9,569.57
4213005,642.06,490,461.9,536.78
4213104,633.56,447.85,476.4,518.65
4213153,641.5,495.9,516.6,551.04
4213203,529.75,517.6,444,505.83
4213302,590.81,428.9,372.9,473.04
4213351,600.56,442.45,406.9,489.72
4213401,667.12,508.1,570,576.87
4213500,468.62,509.75,379.1,467.04
4213609,542.44,462,446.2,486.54
4213708,557.31,430.8,403.1,468.78
4213807,496.94,395.35,374.9,426.24
4213906,651.38,461.45,504.8,536.93
4214003,515,401.25,369.5,433.91
4214102,488.12,435.3,376.6,440.91
4214151,738.81,564.9,598.3,632.65
4214201,665.06,534.9,535.5,580.3
4214300,500.06,524.6,416.2,492.5
4214409,618.56,486.2,445.5,523.39
4214508,596.31,448.25,427.7,495.28
4214607,556.62,419.7,400.4,463.13
4214706,527.5,519.05,448.6,506.67
4214805,506.88,401.1,371.7,431.5
4214904,522.5,441.6,406.7,462.15
4215000,523.12,495.8,403.4,485.22
4215059,519.62,414.65,386.7,445.09
4215075,650.12,535.55,511.4,570.15
4215109,497.62,448.7,419,459.26
4215208,660,519.1,596,584.83
4215307,584.69,444.25,406.6,484.91
4215356,681.75,556.5,572.8,603.61
4215406,637.69,495.9,479.3,541.61
4215455,451.69,394.5,322.3,398.7
4215505,598.75,443.55,410.9,490.43
4215554,671.75,537.5,534.1,583.46
4215604,522.5,441.6,406.7,462.15
4215653,492.44,394.9,371.5,423.74
4215679,567.5,448.6,422.9,484.37
4215687,688.12,552.45,594.4,608.76
4215695,652.81,521.85,541.2,571.61
4215703,514.44,578.75,419.8,521.83
4215752,686.88,569.65,599,616.8
4215802,519.81,484.95,376,473.39
4215901,529.81,489,421.6,488.54
4216008,650.31,526.75,504.9,564.98
4216057,596.38,437.35,397.6,484.02
4216107,662.88,538.8,576.7,590.2
4216206,655.75,685.3,534.5,642.24
4216255,661.75,538.6,511.1,575.46
4216305,484.69,505.7,395.3,474.39
4216354,510.5,523.4,439.1,500.59
4216404,485.88,394.95,367.5,420.61
4216503,538.44,396.7,403.9,447.57
4216602,489.19,570.25,386.1,502.02
4216701,728.44,559.9,602.5,627.78
4216800,574.19,412.2,407.7,467.57
4216909,689.88,566.75,582.9,613.09
4217006,453.12,376,355.4,398.35
4217105,449.19,405.35,360.7,410.89
4217154,660.69,521.5,583.4,583.37
4217204,671.06,523.95,568.1,584.72
4217253,502.56,546.9,411.3,502
4217303,658.19,542.1,527,579.2
4217402,704.06,716.5,541.3,674.09
4217501,631.12,471.65,512.8,536.07
4217550,685,544.3,562.2,597.13
4217600,498.44,419.3,402.1,443.09
4217709,498.38,401.75,376.1,429.78
4217758,669.25,542.8,545.3,587.33
4217808,591.69,452.95,419.3,493.89
4217907,635.25,486.1,463.7,533.11
4217956,675.12,540.55,567.9,593.3
4218004,469.5,516.2,371.1,468.41
4218103,519,433.3,412.2,458.52
4218202,505.19,473.8,422.4,473.54
4218251,536.44,432.2,412.7,464.22
4218301,510,421,380.4,443.13
4218350,485.31,412.35,396.9,434.37
4218400,443,397.6,341.1,401.11
4218509,637.94,499.1,488.4,545.07
4218608,542.88,421.45,378.3,454.3
4218707,442.31,394.55,335.8,398.39
4218756,671.75,537.5,534.1,583.46
4218806,512.56,429.55,390.7,449.98
4218855,663.69,543.15,525.4,581.22
4218905,516.38,440,394.3,456.63
4218954,536.12,408.9,398.7,450.93
4219002,472.75,398.55,383.9,421.17
4219101,641.12,499.7,557.3,561.41
4219150,606.69,425.5,444.9,492.74
4219176,672.38,516.85,544.2,576.89
4219200,492.38,408.6,377.8,431.04
4219309,634.25,486.7,459.8,532.17
4219358,544.75,417.5,390.6,455.91
4219408,538.38,412.6,398.5,453.28
4219507,642.5,496.85,539.3,556.74
4219606,628.19,490.35,529,546.7
4219705,639.06,481.6,534.4,547.85
4219853,636.31,446.95,485,521.09
4220000,487.69,399.9,349.5,419.48
4300034,486.25,243.3,376.6,356.78
4300059,635.38,448.3,471.7,518.46
4300109,585.44,381.85,431.9,463.54
4300208,674.56,494.5,510,560.5
4300307,688.75,465.25,485.6,547.41
4300406,564.5,348.9,431.6,441.87
4300455,673.62,475.75,500.6,549.98
4300471,651.25,454.5,453.1,522.63
4300505,639.06,500.85,478.8,544.13
4300554,607.44,395.75,430.5,476.93
4300570,545.5,388.55,442.7,454.91
4300604,454.69,327.6,386.5,384.61
4300638,439.25,272.55,339.8,345.15
4300646,661.06,494.2,484.1,550.04
4300661,563.5,426.55,444.3,478.04
4300703,536.56,389.45,403.4,443.65
4300802,545.69,389.5,451.7,457.35
4300851,448,303.75,353,364.63
4300877,488.12,366.45,400.3,416.13
4300901,644.38,455,480,526.3
4301008,531.06,385,407.3,440.65
4301057,516.19,398.3,391.6,437.85
4301073,468.5,304.1,392.9,380.59
4301107,466,308.3,366.9,375.89
4301206,604.69,365.9,441.4,465.37
4301305,419.94,249.25,335.8,327.43
4301404,579.75,397,431.7,468.11
4301503,693,458.35,473.3,543.22
4301552,661.38,457.25,482.4,533.72
4301602,481.19,254.3,374.3,359.3
4301636,382.44,287.95,335.2,331.09
4301651,535.94,378.85,434.6,445.61
4301701,666.38,479.2,480,544.48
4301750,474.56,318.6,381.9,386.61
4301800,626.62,451.45,482.4,519.11
4301859,676.44,509.55,488.1,562.93
4301875,472.06,304,388.4,380.8
4301909,459.19,312.2,378.3,377.7
4301925,669.31,481.05,481.1,546.54
4301958,660.88,465.4,472.1,534.85
4302006,621.31,375.9,452.9,478
4302055,670.69,480.7,474.1,545.35
4302105,523.44,351.1,430.9,428.39
4302154,654.62,462.6,485.1,534.28
4302204,684.25,475.5,464.9,545.8
4302220,690.31,449.55,478.7,539.63
4302238,623.25,394.7,460.1,488.41
4302253,522.75,377.1,418.6,436.78
4302303,513.5,383.9,410.4,434.74
4302352,520.81,373.45,429.3,436.85
4302378,679.19,482.9,465,547.28
4302402,510.5,359.9,399.2,420.83
4302451,619.88,389.9,429,478.39
4302501,681.31,434.1,487.2,531.63
4302584,672.88,479.1,502.8,551.65
4302600,677.12,481.5,469.1,546.85
4302659,501.94,363.25,414.1,422.54
4302709,480.56,314.3,377,385.76
4302808,499.31,289.15,358.2,377.26
4302907,598.19,332.4,416.3,443.09
4303004,504.19,301.6,377,388.46
4303103,454.69,327.6,386.5,384.61
4303202,648.06,454.45,490.9,529.72
4303301,651.69,440.65,472.8,521.04
4303400,659.44,505.75,490.3,555.85
4303509,446.75,304.9,350.2,364.09
4303558,619.62,441.8,457.3,507.02
4303608,518.31,407.85,407.3,446.15
4303673,553.81,410.5,449.1,468.74
4303707,680.25,453.35,486,539.37
4303806,658.25,484.2,463.2,540.17
4303905,485.56,356.9,387.9,408.39
4304002,674.06,485.1,471.4,547.85
4304101,591.06,396.8,450.5,476.04
4304200,604.69,376.7,427.8,467.11
4304309,666.5,458.45,488.9,537.43
4304358,474.75,253.9,364.1,354.67
4304408,539.31,380.75,439.5,448.67
4304507,456.94,281.75,380.9,364.24
4304606,454.94,331.4,386.2,386.28
4304614,586.31,381.15,424.1,461.85
4304622,614,434.4,464.5,503.41
4304630,478.5,371.25,372.9,408.91
4304655,676.56,402.45,458.3,509.93
4304663,420,260.5,345.1,334.37
4304671,392.75,291.65,336.6,336.59
4304689,473.88,339.5,397.7,398.89
4304697,519.56,371.05,406.9,430.5
4304705,655,446.25,454.6,520.67
4304713,462.88,350.6,385.6,397.26
4304804,542.38,368.85,421.9,440.74
4304853,651.5,465.1,480.7,533.33
4304903,595.5,432.95,459,495.15
4304952,603.06,436.85,476.9,503.37
4305009,688.75,494.1,493.1,561.59
4305108,541.38,386.1,448.5,453.67
4305116,661.38,457.25,482.4,533.72
4305124,438.94,267,353.5,345.61
4305132,610.38,387.55,434.3,475.22
4305157,680.69,480.05,482.7,550.41
4305173,466.94,318.05,375.4,382.3
4305207,642.62,453.15,486.2,526.24
4305306,649.44,474.35,476.4,535.7
4305355,467,313.15,370.1,379.04
4305371,657.81,456.9,498.4,535.8
4305405,658.81,475.15,490.8,542.43
4305439,355.94,213.5,292.2,280.15
4305447,456.94,295.25,357.7,365.07
4305454,386.81,295.1,347.4,338.37
4305504,618.25,445.25,461,508.85
4305587,501.38,369.85,396.6,421.41
4305603,630.81,417.85,446.3,498.11
4305702,667.94,483.75,495.7,550.41
4305801,669.62,485.35,466.8,545.41
4305835,547.88,371.1,412.6,441.61
4305850,662.69,449.65,458.8,525.74
4305871,684.81,472.95,485.3,549.33
4305900,655.31,478.85,467.1,537.67
4305934,509.88,354.95,390.7,416.61
4305959,522.94,358.85,412.5,427.59
4305975,643.25,450,475.9,522.85
4306007,680.75,481.8,453.4,544.83
4306056,443.75,294.3,352.1,358.85
4306072,672.62,487.75,486.4,551.76
4306106,632,408,466.9,498.72
4306130,659,496.2,470.7,547.28
4306205,525.12,373.55,382.4,428.2
4306304,593.12,431.85,453.2,492.59
4306320,686.94,497.35,474.7,558.37
4306353,691.75,454.1,479.5,542.28
4306379,571,339.9,399.2,433.17
4306403,517.56,392.45,429.6,444.04
4306429,665.19,477.55,487,544.87
4306452,512.75,379,397.2,429.48
4306502,459.69,280.1,357.1,359.3
4306551,511.31,403.55,382.1,436.37
4306601,494.81,260.85,382.3,368.63
4306700,585.06,384.05,439.6,466.04
4306734,681.12,470.6,467.5,543.15
4306759,529.88,386.6,400.9,439.54
4306767,461.19,316.1,368.4,377.93
4306809,519.56,371.05,406.9,430.5
4306908,463.06,264.05,350.6,352.09
4306924,669.62,485.35,466.8,545.41
4306932,677.88,449.45,473,534.02
4306957,665.31,491.6,467.3,546.74
4306973,651.44,470.75,482.7,536.2
4307005,652.81,472.3,479.4,536.63
4307054,641.12,453.75,451.8,518.5
4307104,447.94,254,362.9,345.13
4307203,649.06,452.8,468.8,524.54
4307302,673.31,487.9,458.4,545.98
4307401,599.88,443,460.1,501.28
4307450,670.19,487.75,459,544.96
4307500,607.88,400.55,432.2,479.54
4307559,669,457.35,486.5,537.3
4307609,500.5,366.8,406.2,421.87
4307708,458.62,333.65,385.2,388.33
4307807,503.94,370.6,375.1,417.96
4307815,596.69,360.6,444.7,461
4307831,685.25,449.4,462.7,534.33
4307864,541.75,386.45,421.2,448.02
4307906,538.88,383.55,441.6,450.2
4308003,584.81,385.25,442.9,467.2
4308052,656.44,461.45,462.9,529.59
4308078,516.69,377.15,399,430.43
4308102,534.81,388.9,432.8,449.2
4308201,530.69,362.8,441.5,438.3
4308250,659.38,463.15,500.9,539.61
4308300,610.25,382.45,434.6,473.02
4308409,547.38,341.6,412.7,428.63
4308433,570.56,383.8,426.1,457.96
4308458,616.06,400.95,443,484.91
4308508,657.06,494.8,488.2,549.8
4308607,544.75,361.9,437.5,441.93
4308656,683.31,437.55,493,535.09
4308706,658.31,463.75,473.1,533.46
4308805,484.06,332.5,374.1,394.26
4308854,615.69,446.7,463.1,509.04
4308904,664.38,462.55,479.3,536.39
4309001,684.19,482.15,479.7,551.89
4309050,451.44,325.4,379.2,380.93
4309100,542.62,393.55,442.1,455.96
4309126,681,491.4,477.6,554.35
4309159,631.81,382.7,444.9,482.87
4309209,456.31,332.6,382.6,386.5
4309258,566.31,424.1,446.2,478.37
4309308,465.19,310.3,374.1,378.04
4309407,557.12,399.65,433.7,461.83
4309506,670.94,467.4,491.9,543.52
4309555,510.94,363.2,418.6,426.63
4309571,636.44,389.7,446.3,487.83
4309605,669.94,472,460.6,538.37
4309654,480.94,247.8,360.3,353.35
4309704,674.75,484.85,455.4,544.5
4309753,592.38,376.3,439.2,465.13
4309803,630,438.95,478.1,513.91
4309902,594.56,436.7,469,498.63
4309951,624.75,437.9,459.6,507.61
4310009,641.5,426.55,458.1,508.17
4310108,494.5,370.9,405.8,421.48
4310207,667.44,476.75,490,545.96
4310306,551.19,377.1,411.4,445.11
4310330,435.62,326.55,366.8,373.24
4310363,511,362.5,403,422.96
4310405,684.94,483,486.5,554
4310413,672.5,477.55,493.3,548.78
4310439,553.5,405.2,448.8,466.26
4310462,674.38,456.1,472.6,535.61
4310504,662.62,508.4,490,558.04
4310538,586,360.7,437.9,455.85
4310553,659,409.2,486,512.78
4310579,621.38,416.15,460.6,497.2
4310603,593.69,364.35,450.2,462.78
4310652,520.38,410.9,399.2,446.43
4310702,638.62,456.05,479.6,524.67
4310751,568.62,373.05,438.5,455.3
4310801,515.19,382.3,427.4,438.33
4310850,681.44,472.6,484.2,547.76
4310876,608.56,389.15,445,477.61
4310900,644.5,477.4,462.8,532.35
4311007,401.81,236.85,330,314.48
4311106,628.75,361.6,463.9,476.76
4311122,504.81,388.95,404.4,432.61
4311130,652.56,373.5,446.6,486.46
4311155,680,432.55,470.9,526.96
4311205,577.12,355.4,441.7,451.28
4311239,604.62,385.05,433.4,471.93
4311254,630.81,381,447.1,482.26
4311270,619,413.4,441.2,490.96
4311304,610.06,433.8,457.3,500.22
4311403,561.81,386.75,419.7,454.8
4311429,671.25,466.8,477.1,540.15
4311502,504.62,278.4,378.2,378.78
4311601,681,490.45,468.8,552.02
4311627,517.19,379.65,424.1,437.15
4311643,534.81,388.9,432.8,449.2
4311700,642.06,437.3,477.5,517.26
4311718,609.69,376.75,462,476.3
4311734,512.69,404.1,386.1,437.96
4311759,598.75,371.15,463,470.28
4311775,491.56,372.3,389.6,417.54
4311791,514,363.8,409,425.87
4311809,618.56,446.35,462.2,509.7
4311908,653.19,463.9,489.2,535.24
4311981,463.88,306,377.1,376.37
4312005,655.12,466.05,484.6,535.85
4312054,558.12,375.9,415.2,447.83
4312104,608.5,357.85,442.3,463.39
4312138,638.25,441.35,478.1,517.83
4312153,554.38,382.45,403.5,446.83
4312179,641.62,449.4,477.4,522.35
4312203,645.69,465.75,481.8,531.83
4312252,481.62,314.3,374.6,385.61
4312302,665.94,484.9,453.1,540.96
4312351,600.69,415.25,449.5,487.2
4312377,542.12,412.75,445.9,464.96
4312385,498.69,344.3,385.4,406.93
4312401,481.19,334.75,378.9,395.28
4312427,625.5,416.4,445,495.35
4312443,516.94,402,389.3,439.22
4312450,451.25,289,382.1,365.67
4312476,517.56,392.45,429.6,444.04
4312500,367.38,261.75,314.7,310
4312609,502.12,355.6,396.2,415.39
4312617,576.81,418,439.2,477.85
4312625,598.38,439.2,470.9,501.46
4312658,634.75,415.7,449.8,499.3
4312674,625.25,440.05,453.5,507.39
4312708,657.62,478.1,476.8,540.26
4312757,621.38,416.15,460.6,497.2
4312807,564,414.35,441.7,472.35
4312906,572.56,409.35,447.1,474.33
4312955,665.62,460.15,470.3,533.83
4313003,540.06,367.5,408.7,436.48
4313011,672.75,473.35,453.8,538.46
4313037,649.44,378,480.7,494.74
4313060,508.62,382.6,412,432.83
4313086,533.94,364.45,440.8,440
4313102,578.69,376.15,440.4,460.57
4313201,543.62,405.5,453.5,463.98
4313300,554.44,406.45,447.8,466.91
4313334,662.62,483.25,504.8,550.33
4313359,532.25,361.05,433.2,436.28
4313375,466.88,331.5,390.8,391.48
4313391,594.69,371.35,421.3,459.89
4313409,460.44,341,386.6,392.46
4313425,686.44,468.25,476,545.83
4313441,681.75,484.85,474.3,551.04
4313466,672.38,474.85,479.1,544.48
4313490,669.44,474.5,487.3,545.09
4313508,406.75,308,362,354.09
4313607,642.69,456.15,472,524.48
4313656,375.25,271.15,323.6,318.76
4313706,650.38,482.4,493,543.13
4313805,659.88,487.25,471.7,543.91
4313904,680.38,480.1,497.5,553.54
4313953,498.12,309.55,386.6,391.89
4314001,564,414.35,441.7,472.35
4314027,594.94,382.25,429.8,466.57
4314035,497.81,350.9,400.8,412.85
4314050,481.12,357.55,405.8,411.02
4314068,616.75,372.6,445.5,473.37
4314076,561.06,360.6,397.2,438.28
4314100,643.69,453,466.8,522.33
4314134,648.88,476.95,480.5,537.52
4314159,508.38,368,408.7,425.67
4314175,470.5,264.05,380.2,361.11
4314209,432.94,260,341.9,337.96
4314308,671.31,458.9,490.2,539.59
4314407,460.94,293.45,386.2,371.87
4314423,528.88,398.35,439.5,452.7
4314456,667.5,475.6,473.1,541.8
4314464,640.31,463.2,479.6,528.37
4314472,582.06,360.6,441.4,455.2
4314498,671.69,509.95,489.8,561.83
4314506,480.69,258.4,366.7,359.26
4314548,526.25,360.55,446.2,436.8
4314555,707,456.3,490.8,551
4314605,476.5,269.6,371.6,363.74
4314704,668.69,492.15,483.7,551.72
4314753,527.38,379.75,425.9,441.13
4314779,662.19,452.25,479.7,531.24
4314787,653.12,482.75,466.5,538.48
4314803,499.56,362.3,404.5,419.22
4314902,452.19,325,383.6,381.98
4315008,700.56,462,487.2,550.46
4315057,682.75,470.5,474.3,545.15
4315073,702.31,470.9,487.3,554.96
4315107,705.56,467.45,491.6,555.52
4315131,567.19,375.05,420.1,451.67
4315149,515.19,382.3,427.4,438.33
4315156,601.19,375.35,430.5,465.89
4315172,542.19,397.45,453.8,460.04
4315206,547.44,372.15,405.9,440.46
4315305,542.69,284.8,411.2,401.98
4315313,667.62,469.8,474.1,539.54
4315321,626,365.5,442.9,472.93
4315354,617.62,401.05,440,484.85
4315404,664.25,485.55,459.1,541.96
4315453,537.94,362.85,404.1,432.72
4315503,553.56,347.4,415.4,433.89
4315552,633.38,480.4,480.4,533.61
4315602,374.44,220.8,294.6,290.28
4315701,522.81,330.2,388.5,409.87
4315750,481.94,368.3,394.9,413.61
4315800,512.62,366.6,405.8,425.91
4315909,674.56,491.8,482,553.24
4315958,657.25,444.95,476.7,525.7
4316006,472.94,350.2,385.3,400.52
4316105,655.88,478.05,477.3,539.74
4316204,656.88,480.3,464.8,538.35
4316303,708.56,465.45,491.4,555.65
4316402,578.69,319.15,388.7,424.54
4316428,671.62,469.7,482,542.61
4316436,655.69,448.65,471.7,525.67
4316451,592.12,374.3,442.6,464.91
4316477,680.12,457.8,490.8,542.3
4316501,514.69,369.55,417.3,430.41
4316600,648.88,448.55,478.5,524.74
4316709,654.56,458.5,468.9,528.96
4316733,640,446.85,476.1,520.39
4316758,563,386.25,425.8,456.33
4316808,585.69,369.55,417.5,455.15
4316907,566.69,345.65,411.3,436.8
4316956,548,403.75,455.1,465.09
4316972,511.69,294.55,358.4,383.96
4317004,470.25,269.75,364.3,360.04
4317103,555.88,293.95,385.5,404.96
4317202,683.56,468.85,479,545.74
4317251,512.06,348.45,394.2,415.3
4317301,355.81,212.25,294,279.96
4317400,660.56,392.3,477.7,504.17
4317509,676.44,476.45,484.7,547.8
4317558,603.75,447.95,460.4,504.85
4317608,442.31,323.65,367.8,374.52
4317707,676.56,435.4,491,531.37
4317756,660.25,450.05,458.2,524.93
4317806,652.25,474.2,493.5,540.33
4317905,702.12,473.35,486.4,555.76
4317954,642.06,449.5,485.4,524.28
4318002,610.12,395.2,460,484.04
4318051,581.31,430.65,459.3,489.28
4318101,628.69,376.95,484.7,487.93
4318200,497.38,384.8,415.8,430.7
4318309,521.88,296.25,356.8,387.89
4318408,482.31,315.35,372.7,385.89
4318424,651.31,462.05,478.5,531.46
4318432,569.69,368.1,421.3,449.78
4318440,574,432.25,453.8,486.24
4318457,671.62,469.7,482,542.61
4318465,566.69,379.75,419.4,453.39
4318481,517.19,379.65,424.1,437.15
4318499,690.12,473.4,477.2,549.61
4318507,396.25,261.2,316.5,320.2
4318606,634.06,462.65,480,526.04
4318614,510.94,363.2,418.6,426.63
4318622,545.56,429.45,454.7,475.33
4318705,467.88,338,392.2,394.96
4318804,449.12,289.35,350.5,358.22
4318903,674.75,450.75,480.6,535.15
4319000,534.5,378.25,449.1,448
4319109,673.38,475.25,468,542.59
4319125,591.19,360.9,449.7,460.3
4319158,680.56,432.8,468.4,526.72
4319208,691.62,445.6,490.1,540.85
4319307,700.62,467.35,486.5,552.65
4319356,514.69,369.55,417.3,430.41
4319364,671.25,466.8,477.1,540.15
4319372,677.31,458.75,485.2,540.52
4319406,598,347.75,423.2,451.2
4319505,513.44,361.75,421.6,427.52
4319604,530.38,299.7,371.7,395.59
4319703,668.25,481.75,476.6,545.5
4319711,510,360.1,401.6,421.26
4319737,657.69,479.1,487.2,542.98
4319752,545.5,388.55,442.7,454.91
4319802,591.75,347.85,430.5,450.65
4319901,488.12,366.45,400.3,416.13
4320008,458.62,333.65,385.2,388.33
4320107,666.94,463.9,470.3,535.91
4320206,679.25,480.35,483.5,550.22
4320230,682.75,479.05,469.6,547.85
4320263,616,372.8,441.8,472.39
4320305,610.62,417.6,445.5,490.8
4320321,681.44,472.15,491.8,549.22
4320354,455.56,314.6,375.9,376.96
4320404,587.69,410.35,448.9,480.41
4320453,586.31,381.15,424.1,461.85
4320503,662,444.85,487.2,529.59
4320552,460.44,310,375.1,376.48
4320578,670.5,468.35,489.6,543.28
4320602,656.94,465.9,477.4,534.85
4320651,572.25,364.1,418.2,448.26
4320677,629.88,388.8,448,485.52
4320701,610.75,363.25,433.5,464.61
4320800,635.94,394.9,465.3,494.04
4320859,486,351.5,392.4,407.17
4320909,656.94,450.45,504.1,533.93
4321006,611,398.4,441.5,481.72
4321105,444.25,305.55,360.9,365.83
4321204,481.44,344.35,397,403.48
4321303,488.75,346.3,387.6,404.83
4321329,665.62,484.6,471.4,544.7
4321352,382,278.35,322,323.89
4321402,663.12,498.95,457.4,547.02
4321436,478.5,371.25,372.9,408.91
4321451,515.94,382,411.9,435.09
4321469,627.88,441.85,447.3,507.74
4321477,682.44,490.45,454.2,549.35
4321493,614.75,359.25,436.7,464.96
4321501,511.31,403.55,382.1,436.37
4321600,402.06,300,355.7,347.61
4321626,540.06,367.5,408.7,436.48
4321634,656.94,465.9,477.4,534.85
4321667,519.75,402,391.4,440.65
4321709,508.62,377.35,412.5,430.65
4321808,673.31,464.9,477.1,540.04
4321832,520.69,408.4,396.8,444.93
4321857,656,478.55,461.5,536.57
4321907,673.25,478.65,455,541.2
4321956,662.19,481.05,457.8,539
4322004,471.19,316.1,374.9,382.83
4322103,689.75,471.3,474.9,548.07
4322152,620.5,376.8,448.8,477.22
4322186,643.69,469.75,501.9,537.24
4322202,647.38,397.15,456,496.98
4322251,523.5,372.15,423.8,436.02
4322301,692.38,472.95,482.8,551.41
4322327,448.19,288,361.9,359.78
4322343,665.06,457.15,490.1,536.63
4322350,596.25,406.75,447.1,481.43
4322376,650.44,395.1,483.3,503.09
4322400,524.94,319.75,397.1,407.93
4322509,545.88,384.55,429.9,450.52
4322525,504.12,335.25,383.8,404.54
4322533,629.56,385.2,436.5,481.35
4322541,538.06,390.7,440.8,452.85
4322558,593.12,431.85,453.2,492.59
4322608,554.38,382.45,403.5,446.83
4322707,571.62,357.75,412.4,444.02
4322806,539.12,358.7,429.3,436.8
4322855,505.12,366.4,389.9,419.76
4322905,657.88,454.15,479.5,530.52
4323002,418.94,302,353.3,353.83
4323101,651.56,515,489.3,556.91
4323200,628.25,429.6,443.6,501.74
4323309,543.31,378.45,441.8,449.57
4323358,646.62,448.9,493.5,527.37
4323408,605.94,443.4,461.8,503.93
4323457,527.31,295.95,359.3,390.2
4323507,659.88,487.25,471.7,543.91
4323606,541.75,386.45,421.2,448.02
4323705,676.44,509.55,488.1,562.93
4323754,657.12,446.95,467.7,524.57
4323770,515.94,382,411.9,435.09
4323804,459.19,343.05,381.1,391.72
5000203,528,452.7,489.3,486.85
5000252,573.56,564.1,577.3,570.26
5000609,586.31,477.55,562.1,533.76
5000708,469.44,408.55,427.8,433.91
5000807,480.19,375.3,413.4,420.07
5000856,503.94,424.7,430.5,453.52
5000906,568.38,464.55,479.6,503.93
5001003,434.81,402.2,438.7,421.48
5001102,439.69,393.8,442.3,420.3
5001243,587.5,495.35,550.5,539.39
5001508,513.06,470.75,481,487.7
5001904,486.31,407.2,417.6,436.98
5002001,449,352.55,413.6,399.37
5002100,523.88,441.7,464.1,475.15
5002159,453.75,423.1,464.7,442.8
5002209,457.19,409.55,460.4,437.17
5002308,474.56,412.95,399,431.35
5002407,559.75,419,444,473.39
5002605,513.31,434.75,478.8,471.65
5002704,497.88,418.3,444.1,451.59
5002803,496.06,425.6,459.9,457.57
5002902,579.69,477.5,578.2,534.93
5002951,599.5,521.75,585.1,562.57
5003108,464.5,427.4,464.4,448.35
5003157,586.25,501.75,570.2,546.02
5003207,337.81,358.45,365.5,352.8
5003256,604.62,558.8,570.7,577.33
5003306,544.5,471.85,532.9,510.39
5003454,508.5,420.35,430.7,453.26
5003488,481.81,439.4,455.9,457.74
5003504,513.25,402.5,423.9,445.67
5003702,556.75,407.15,444.3,467.26
5003751,533.12,499.65,525,516.8
5003801,532.81,420.35,422.7,459.98
5003900,544.31,478.4,506,507.33
5004007,505.06,418.9,419.5,449
5004106,522.06,428.55,475,471.17
5004304,541,478.85,553.8,516.76
5004403,536.75,456.7,532.4,501
5004502,555.38,401.7,450,465.65
5004601,541.69,450.35,497.3,492.33
5004700,489.38,413.65,414.3,440.13
5004809,556.5,505.8,533.2,529.39
5004908,516.5,486.8,479.3,495.5
5005004,505.69,412.95,462.3,455.93
5005103,514.69,421.2,458.2,461.76
5005152,547.94,423.5,458,474.28
5005202,358.75,309.25,352.1,335.78
5005251,586.5,456.65,493.8,509.89
5005400,519.25,407.6,453.7,456.46
5005608,443.56,416.05,435.8,429.91
5005681,557.06,528.9,509.2,534.41
5005707,532.75,430,485.2,477.74
5005806,475.38,402.1,430.7,433.8
5006002,479.56,402.3,448.8,439.28
5006200,495.25,418.5,444.6,450.87
5006259,481.25,400.3,417.7,432.24
5006275,564.19,509.25,528.6,532.57
5006309,495.25,451.5,476.6,472.17
5006358,579.62,499.7,604.7,550.33
5006408,560,523.05,543.9,540.43
5006606,581,460.35,477.6,506.07
5006903,454.56,416.65,443.1,435.59
5007109,475.38,431.85,448.6,450.63
5007208,494.31,404.9,449.9,445.78
5007307,474.56,450.9,475.4,464.46
5007406,509.38,455.95,501.6,484.46
5007505,481.88,469.65,481.9,476.57
5007554,501,409.15,424,444.33
5007695,487.56,437.15,491.9,466.59
5007703,554.56,495,565.5,531.04
5007802,463.44,414.1,440.7,437.04
5007901,491.56,435,462,460.54
5007935,564.75,547.9,539.7,551.98
5007950,568.5,497.85,593.9,543.3
5007976,457.06,372.35,431.9,414.76
5008008,484.56,473.55,467.9,476.15
5008305,472.75,414.85,428.1,437.87
5008404,534.75,421.45,426.9,462.04
5100102,476.69,520.2,524.4,505.98
5100201,611.75,659.65,706.4,653.15
5100250,663.06,712.85,866.1,728.85
5100300,601.56,583.2,618.9,597.35
5100359,615.81,674.9,695.6,658.85
5100409,598.56,583.7,650.8,603.46
5100508,589.25,578.55,573.3,581.13
5100607,576.81,588.1,584.5,583.39
5100805,631.5,698.4,836.4,705.13
5101001,568.31,561.3,634.9,579.74
5101209,574.31,571.4,618,582.54
5101258,457.69,447.9,535.9,470.43
5101308,604.38,570.8,626.3,594.54
5101407,619.06,636.3,676.7,639.09
5101605,423.06,391.35,432.8,411.39
5101704,531.88,532.5,529,531.52
5101803,542.75,532.6,625.4,556.3
5101852,604.81,660.5,708.1,651.48
5101902,604,693.4,687.6,661.04
5102504,378.81,416.65,358.5,390.85
5102603,596.56,621.3,693.9,628.48
5102637,613,578.45,627.8,601.2
5102678,557.88,525.85,597.7,552.61
5102686,626.81,613.1,613.1,617.87
5102694,630.88,705,705.4,679.3
5102702,606.88,654.6,708,649.61
5102793,633,686.2,832,699.39
5102850,627.25,692.15,745,681.07
5103007,588.88,604.05,613,600.72
5103056,682.75,792.05,817.4,759.54
5103106,562.88,598,652.2,597.57
5103205,638.38,732.6,825.8,720.09
5103254,694.06,698.1,774.3,713.26
5103304,656.94,692.35,676.7,676.63
5103353,610.88,702.55,687.1,667.3
5103361,479.44,471.9,455.6,470.98
5103379,632.31,689.7,798.5,693.39
5103403,563.31,569.95,589.9,571.98
5103437,440.5,453.7,448.8,448.04
5103452,611.75,577.6,594.2,593.09
5103502,629.38,592.45,686,625.63
5103601,604.94,546.3,639.8,587.02
5103700,672.38,789.75,805.4,752.33
5103809,418.06,428.6,476,435.24
5103858,618.56,707.1,712.9,677.57
5103908,577.5,564.8,667.8,591.61
5103957,411.38,421.1,447.4,423.43
5104104,661.88,749.8,851,741.22
5104203,592.12,594,652.7,606.11
5104500,441.94,441.95,507,456.09
5104526,656.06,722.15,779.9,711.72
5104542,641.88,731.45,729.4,699.85
5104559,668.62,732.45,811.5,727.43
5104609,525.06,514.5,528.5,521.22
5104807,583.5,560.2,604.2,577.87
5104906,444.19,501.2,494,479.8
5105002,433.31,442.7,501.7,452.26
5105101,653.06,720.85,723.2,697.78
5105150,611.81,634.85,718.6,645.04
5105176,633.5,688.35,761.3,685.13
5105200,575.25,534.05,533.5,548.26
5105234,489.38,477.45,486.4,483.54
5105259,610.94,614.85,723.1,637.02
5105309,606.06,695.05,648.9,654.07
5105507,437.19,437.6,433.4,436.54
5105580,672.81,753.95,842.6,745
5105606,673.81,731.25,837.7,734.41
5105622,428.12,445.95,431.7,436.65
5105903,605.5,626.5,598.1,613.02
5106000,617.81,576.15,639.7,604.46
5106109,472.06,467.65,459.6,467.43
5106158,638.88,741.65,846.8,728.76
5106174,598,603.95,643.6,610.5
5106182,543.19,548.3,528.8,542.28
5106190,678.38,758.4,835.4,747.3
5106208,567.19,582.15,602.6,581.39
5106216,632.5,679.25,823.2,694.28
5106224,625,632.6,657.3,635.33
5106232,579.25,549.1,555.9,561.07
5106240,630.38,715.3,693.1,680.93
5106257,578.31,576.45,654.4,594.04
5106265,663.62,715.35,869.7,730.91
5106273,662.62,742.15,762.9,719
5106281,581,572.3,679,598.52
5106299,657.56,699.35,861.1,719.98
5106307,643.81,707.15,709.8,685.7
5106315,565.19,666.25,663.4,630.48
5106372,555.25,552.25,554.4,553.76
5106422,663.38,736.3,814.5,727.93
5106455,625.88,614.4,682.3,633.15
5106505,410.69,416.65,388.1,408.37
5106653,510.69,544.8,575.2,539.54
5106703,557.38,552.4,586,561.43
5106752,426.06,426.5,427.9,426.65
5106778,629.81,717.7,697.1,682.65
5106802,665.25,753.4,755.1,723.11
5106828,399.56,419.1,449.9,419
5106851,456.06,485.35,439.6,465.22
5107008,631.31,588.6,666.1,620.3
5107040,643,598.75,720.2,640.54
5107065,628.94,653.35,734.6,662.52
5107107,434.69,445.5,487.7,450.91
5107156,516.75,519.9,589.7,533.98
5107180,586.44,619.35,711.5,627.93
5107198,553.5,559.55,582.8,562.5
5107206,479.81,476.6,517.3,486.57
5107248,662.81,792.2,776.7,743.83
5107263,666.19,609.2,672.9,642.87
5107297,548.75,536.05,557.5,545.13
5107305,622.38,639.8,665.7,639.37
5107354,640.25,718.6,740.1,696.02
5107404,588.44,515.7,553.7,549.26
5107578,649.88,666.8,682.9,664.41
5107602,528.88,500.75,516,513.85
5107701,560.5,592.95,524.8,566.85
5107743,627.31,706.5,743.4,686.98
5107750,538.75,524.65,550.2,535.11
5107768,610.88,644.6,669.2,638.22
5107776,555,643.7,660.6,616.52
5107792,616.5,589.45,708.7,624.78
5107800,519.69,469.75,470.8,487.35
5107859,629.88,694.05,704.1,673.91
5107875,638.25,644.9,654.3,644.63
5107883,586.44,689.35,698.5,655.54
5107909,659.88,778.4,788.7,739.41
5107925,600,644.6,736.6,649.09
5107941,679.19,719.35,791,720.96
5107958,616.38,583.15,622.8,603.33
5108006,623.38,644.25,725.4,654.63
5108055,686.56,739.65,840.2,743.04
5108105,581.69,582.55,656.1,598.24
5108204,544.38,558.4,584.2,559.13
5108303,672.69,791.5,822,756.8
5108352,469.38,504.6,535.4,499.04
5108402,464.56,481.2,524.6,484.85
5108501,600.38,689.7,731.4,667.7
5108600,565.94,667.85,693.6,638
5108808,644.31,703.8,825.7,709.61
5108857,666.31,611.05,678.9,645.02
5108907,608.75,669.05,683.4,651.2
5108956,648.38,725.6,865.6,729.17
5200050,588.06,590.95,681.1,609.54
5200100,602.62,687.25,637.8,647.07
5200134,514.19,470.1,590.7,511.65
5200159,582.44,636.05,669.1,624.59
5200175,514.38,616.25,633.8,584.63
5200209,548.62,531.25,583.9,548.74
5200258,583.25,645.5,673,629.83
5200308,588.25,628.6,621.3,612.98
5200506,614.31,573.55,662.7,607.11
5200555,598.62,674.25,695.1,652.48
5200605,507.12,600.15,641.6,576.8
5200803,474.44,525.25,554.1,513.85
5200829,541.56,651.8,680.6,619.72
5200852,585.56,636.4,672.9,626.65
5200902,570.5,570.45,671.8,592.5
5201108,612.12,668.35,636.9,641.96
5201207,598.81,554.65,649.7,590.67
5201306,562.69,592.7,650,594.72
5201405,596.88,584.75,671.6,607.85
5201454,547.88,473.85,577.7,522.17
5201504,602.81,492.4,599.7,554.13
5201603,546.25,577.25,641.3,580.39
5201702,551.5,558.35,593.2,563.54
5201801,591.44,561.5,667.5,594.96
5202155,626.38,651.15,695.8,652.24
5202353,570.75,598.5,635.7,596.93
5202502,594,604.5,653.1,611.41
5202601,558,544.9,658.4,574.13
5202809,523,564.8,604.3,558.85
5203104,550,546.55,571.7,553.22
5203203,553.19,599.65,657.5,596.07
5203302,642.06,633.7,702.3,651.52
5203401,560,558.1,598.2,567.48
5203500,563.81,519.55,567.2,545.3
5203559,614.81,614.2,632.1,618.3
5203575,533.19,662.3,677.5,620.7
5203609,557.69,557.7,645.2,576.72
5203807,588.06,619.4,666.5,618.74
5203906,539.56,547.2,574.7,550.52
5203939,594.31,626.35,688.2,628.65
5203962,477,514.95,552,509.8
5204003,514.75,558.1,621.9,556.89
5204102,510.94,438.1,540.8,485.76
5204201,536.31,525.85,641.7,554.67
5204250,548.25,573.5,557.9,561.33
5204300,498.69,440.75,512.3,476.46
5204409,539.44,515.35,592.4,540.48
5204508,576.25,554.45,584.1,568.48
5204557,623.38,610.85,676.9,629.57
5204607,556,558.85,640.2,575.54
5204656,602.31,685.85,724.2,665.13
5204706,628,689.2,755.4,682.3
5204805,550.38,522.4,639.8,557.65
5204854,580.56,605.95,622.5,600.72
5204904,486.19,577.15,602.4,551
5204953,596.12,670.2,663.5,642.98
5205000,616.19,652.05,697.7,649.5
5205059,529.81,507.55,575.2,530
5205109,549.12,501.25,644.9,549.13
5205208,553.25,567.75,620,574.07
5205307,487.69,574.75,639.6,558.57
5205406,612.12,649.25,702.8,647.98
5205455,527,526.1,618.2,546.43
5205471,609.12,538.8,588.1,573.98
5205497,558.62,610.9,617.6,594.17
5205513,607.88,675.5,656,647.74
5205521,515.62,625.25,629.7,588.09
5205703,575.44,575.85,672.9,596.8
5205802,598.81,653.55,651.4,634.04
5205901,557.69,515.8,602.4,549.2
5206206,565.69,592.15,661.1,597.93
5206305,602.5,605.4,675.8,619.7
5206404,599.25,661.8,678.4,643.65
5206503,608.12,587.9,705.3,620.46
5206602,604.19,563.95,652.8,597.26
5206701,522.25,531.9,601.2,543.61
5206800,554.69,563.15,629.9,574.72
5206909,580.06,513.55,638,563.74
5207105,584.5,600.9,670.9,610.41
5207253,533.94,527.4,580.4,541.2
5207352,559.44,508.85,612.4,548.96
5207402,551.5,502.45,603.1,541.39
5207501,605.81,685.15,758.8,673.57
5207535,635.31,652.6,707,658.41
5207600,584.62,608.55,686.8,617.24
5207808,536.69,564.25,628.1,568.54
5207907,489.31,542.65,583.5,532.98
5208004,543.31,566.6,638.7,574.17
5208103,599.25,684.85,763.9,672.26
5208152,624.25,658.05,687.7,652.74
5208301,461.06,552.05,563.8,522.96
5208400,608.94,616.75,647.6,620.74
5208509,572.5,532.35,635,568.63
5208608,598.62,609.85,643.3,613.22
5208707,595.12,598.6,650.5,608.67
5208806,559.94,558.25,646.2,577.96
5208905,646.94,663.55,711.9,668.28
5209101,567.25,529.7,585.5,554.89
5209150,529.56,500.95,568.7,525.63
5209200,573,556.35,659.8,584.63
5209291,656.12,666.25,728.3,676.22
5209408,438.31,534.35,519.2,497.65
5209457,598.31,659.15,671.5,640.67
5209606,646.5,627.75,723.9,655.17
5209705,610.44,597.95,719.7,628.76
5209804,608.75,653.35,678.9,643.39
5209903,430.5,518.15,507.8,485.41
5209937,537.25,530.6,560.4,539.39
5209952,508.31,500.9,594.3,523.78
5210000,560.88,591.55,644.3,592.35
5210109,563.56,538.8,633.5,568
5210158,619.69,679.6,708.8,665.11
5210208,577.06,586.45,670.7,601.5
5210307,571.38,576,680.4,597.09
5210406,593.94,622.45,659.6,620.61
5210562,606.62,596,697.7,621.8
5210604,632.88,631.55,709.5,648.96
5210802,528.81,483.9,531.5,509.87
5210901,608.12,674.85,683.2,653.46
5211008,599.81,640.05,691.1,637.15
5211206,626.88,663.7,714.2,661.87
5211305,522.81,464.65,530.3,499.15
5211404,589,608.35,656.2,612.02
5211503,576.12,590.8,577.7,582.85
5211602,567.31,573.65,680.5,594.67
5211701,517.56,511.8,593.6,531.59
5211800,625.12,661.8,675.8,652.09
5211909,578.88,464.15,529.2,518.2
5212006,607.88,620.3,693.6,631.91
5212055,619.75,617.85,688.4,633.85
5212105,568.56,530.7,606.5,560.35
5212204,575.75,610.1,649.5,606.72
5212253,509.94,496.1,503.9,502.61
5212303,645.75,663.55,712.3,667.96
5212501,581.75,596.05,628.3,598.09
5212600,592.94,549.15,682.8,593.43
5212709,509.88,544.9,592.1,542.98
5212808,569.75,640.8,696.4,628.17
5212907,559.12,538.5,591.3,557.15
5212956,607.62,628.15,673.5,630.87
5213004,540.25,495.85,562.3,525.74
5213053,526.81,613.75,652.7,591.98
5213087,590.19,662.75,722.1,650.41
5213103,547.69,525.95,551,538.96
5213400,561.69,553.45,673.9,582.5
5213509,453.25,525.6,558.2,507.52
5213707,571.12,611.1,650.9,605.85
5213756,546.56,490.55,606.9,535.33
5213772,532.62,642.15,715.7,620.04
5213806,614,584.5,655.2,610.13
5213855,625,671.95,705.7,662.96
5213905,596.25,637.85,684.3,633.48
5214002,599.56,625.85,669.7,626.24
5214051,538.5,614.7,613.7,587.98
5214101,557.06,662.5,732,640.93
5214408,529.75,568.45,600.2,561.89
5214507,595.56,605.8,652.5,612.39
5214606,554.81,653.7,673.5,623.61
5214705,621.25,685.65,708.5,668.22
5214804,551.25,498.85,600.9,539.26
5214838,554,592,620.4,584.96
5214861,620.56,670.4,706.2,660.85
5214879,608.12,659.5,695.6,649.48
5214903,459.25,532.8,605.3,522.98
5215009,557.69,557.7,645.2,576.72
5215207,596.69,626.15,703.6,632.74
5215231,589.75,602.1,638,605.61
5215256,527,666.8,681,621.26
5215306,604.81,579.95,673.3,608.89
5215405,562.94,575.65,628.9,582.8
5215504,563.19,536.35,641.1,568.46
5215603,559.69,651.55,647.5,618.72
5215652,555.75,531.6,662.5,568.46
5215702,531.56,548.55,582.4,550
5215801,571.81,561.6,612,576.11
5215900,536.62,558.2,592.2,558.09
5216007,551,571.55,571.2,564.33
5216304,495.06,444.3,512.3,476.74
5216403,520.31,487.6,611.3,525.87
5216452,541,485.7,537,516.09
5216809,603.81,616.5,677.5,625.35
5216908,600.19,653.1,674.7,639.39
5217104,589.62,599.65,647.6,606.59
5217203,570.19,552,641.6,577.8
5217302,633.38,673.75,654.7,655.57
5217401,584.25,575.4,619.5,588.07
5217609,498.31,621.1,592.9,572.26
5217708,569.69,528.75,623.4,563.57
5218003,540.88,650.3,731,629.78
5218052,548.31,514.85,575.9,539.76
5218102,551,527.8,547,540.04
5218300,443,533.15,551.9,505.87
5218391,604.12,591,702.9,619.89
5218508,498.44,467.95,537.9,493.76
5218607,603.06,624.65,661.7,625.2
5218706,605.5,633.25,665.4,630.59
5218789,563.12,555.35,588.3,565.22
5218805,547.5,487.1,615.9,536.11
5218904,619.56,665.1,707.3,658.43
5219001,578.62,621.6,653.4,613.57
5219100,506.81,574.7,584.7,553.26
5219209,595.62,594.5,646.8,606.26
5219258,591.31,620.1,667.7,620.43
5219308,536.5,505.75,592.6,535.33
5219357,602.56,619.95,672.9,625.41
5219407,562,562.35,584.6,567.07
5219456,580.31,600.85,663.4,607.3
5219506,615.19,611.2,675.6,626.59
5219605,585.75,688.3,777,671.91
5219704,597,644.75,638.9,626.87
5219712,537.69,479.95,606.1,527.46
5219738,579.12,594.3,645.9,600.24
5219753,586.62,621,613.5,607.41
5219803,437.75,538.9,520.5,499.72
5219902,602.94,651.55,665.1,637.59
5220009,480.62,586.3,611.6,555.04
5220058,532.56,543.75,612.9,554.89
5220108,531.25,583.8,626.1,574.72
5220157,607.25,651.4,671.4,640.39
5220207,545.38,649.15,656,614.54
5220264,640.25,633.15,736.1,658
5220280,614.69,645.65,686.4,643.74
5220405,479.69,438.5,498.8,465.93
5220454,590.94,602.7,638.2,606.33
5220504,608.62,561.6,555,576.52
5220603,617.69,634.05,683.4,639.09
5220686,441.44,511.15,536.4,492.39
5220702,511.31,531.8,611.7,542.04
5221007,602.81,601.9,659.7,614.78
5221080,471.25,539.35,622.5,533.74
5221197,597.88,615.55,640.5,614.83
5221304,560.81,537.15,654.8,570.96
5221403,564.12,581.6,648.8,590.13
5221452,590,676,753.4,662.91
5221502,517.56,583,602.7,564.52
5221551,529,506.25,585.3,531.35
5221577,555.44,659.85,644.3,620.15
5221601,600.31,643.3,704.5,641.65
5221700,627.44,642.25,701.8,650.04
5221809,560.38,547.7,629.7,569.93
5221858,610.25,625.8,638.6,623.17
5221908,535.38,535.45,625.2,554.93
5222005,608.75,585.75,683.4,614.98
5222054,558.56,528,597.9,553.83
5222203,514.56,574.55,615.6,562.61
5222302,571.12,623.25,634.5,607.57
5300108,539.19,615.8,540.4,572.76
