code_muni,en,ln,n,med
1100015,254.5,215.65,254.2,237.54
1100023,283.81,259.15,337.8,284.83
1100031,271.69,204.8,276.8,243.72
1100049,245.12,228.3,268,242.78
1100056,283.5,201.25,289.7,249.09
1100064,267.75,216.1,290.1,250.15
1100072,277.44,201.2,281.7,245.22
1100080,225.69,189.8,225.2,209.98
1100098,253.62,230.7,274.5,248.2
1100106,222.31,192.7,241.8,213.67
1100114,283.5,240.75,321.4,273.15
1100122,270.81,216.85,300,253.7
1100130,297.75,278.9,385.8,308.7
1100148,256.38,209.5,260.4,236.87
1100155,288.06,226,313.1,266.52
1100189,256.69,231.45,267.7,248.11
1100205,300.12,273.55,351.1,299.65
1100254,260.81,216.85,292.1,248.5
1100262,294.19,262.45,355,293.61
1100288,258.06,212.55,280.6,243.17
1100296,256.12,214.75,283.5,244.09
1100304,262.44,221.95,286.5,250.07
1100320,260.31,216.45,281.7,245.89
1100338,261.62,251,266,257.96
1100346,279.25,214.9,297.5,255.24
1100379,252.88,211.35,269,238.33
1100403,296.44,266.55,341.6,293.26
1100452,300.38,275.3,336.3,297.28
1100502,247.62,207.5,270.4,235.13
1100601,287.38,232.7,317.9,270.24
1100700,306.31,266.75,328.1,293.85
1100809,309.31,267.05,361.5,302.28
1100908,247.62,216.55,278.4,240.8
1100924,274.94,205.8,277,245.33
1100940,300.19,276.05,370.6,305
1101005,295.31,247.4,311.2,277.93
1101104,292,259.8,367.8,294.48
1101203,262.69,227.05,277.1,250.33
1101302,291.88,239.25,301.2,271.02
1101401,295.88,259.2,321.2,285.43
1101435,293.56,235.05,303.2,270.22
1101450,261.38,219.75,272.9,245.78
1101468,278.56,200.2,282.7,245.39
1101476,253,221.95,281.6,245.72
1101484,258.38,224.2,282.7,248.8
1101492,243.19,192.95,252,223.26
1101500,247.56,209.3,258.6,233.33
1101559,288,226.7,308,265.7
1101609,289.75,243.85,339.2,280.54
1101708,290.88,225.2,306.9,265.8
1101757,289.19,247.3,351.7,284.57
1101807,280.19,227.1,323.4,266.5
1200013,285.75,258.35,328.9,283.22
1200054,260.12,257,295.4,266.43
1200104,247.44,258.05,297.8,263
1200138,278.19,245.85,279.2,264.35
1200179,268.12,253.95,335.8,276.67
1200203,327.62,331.2,378.7,340.28
1200252,259.06,247.95,292.9,261.59
1200302,330.38,336.45,339.9,335.09
1200328,318.62,327.45,305.2,319.54
1200336,345.31,331.7,414.8,354.5
1200344,292.25,295.4,311.8,297.87
1200351,322.31,314.3,302.5,314.52
1200385,281.81,259.05,332.6,282.96
1200393,306.5,327.8,335.8,322.13
1200401,274,252.85,293.7,269.09
1200427,336.06,332.15,401.5,348.59
1200435,319.12,326.85,326.2,324.02
1200450,283.12,251.05,324.6,278.2
1200500,276.12,257.2,287.2,270.3
1200609,332.06,333.95,343.3,335.33
1200708,260.38,256.55,295.4,266.33
1200807,295.38,251.3,309.2,279.22
1300029,464.94,446.2,518.9,468.52
1300060,478.75,486,512.2,489.17
1300086,330.31,352.6,365.9,347.74
1300102,357.75,364.4,389.8,367.61
1300144,345.88,355.65,399.1,361.7
1300201,472.88,450.85,506.7,470.65
1300300,245,309.55,296.8,284.33
1300409,400.69,435.7,477.5,432.61
1300508,196.69,243.9,324.1,244.91
1300607,451.88,444.3,485.2,455.83
1300631,345.62,365.6,401.1,366.37
1300680,199.06,250.9,312.1,246.17
1300706,276.19,247.05,297.4,268.13
1300805,274.69,316.8,363.3,312.26
1300839,329.62,355,379.1,351.41
1300904,326,293.15,358.9,318.87
1301001,410.56,409.45,438,416.04
1301100,250.31,307.05,308.9,287.72
1301159,237.06,308.9,323.6,287.11
1301209,405.81,369.3,399.9,388.65
1301308,366.25,361.7,403.8,372.43
1301407,394.19,345.8,432.2,381.41
1301506,366.25,343.8,442,372.96
1301605,497.62,500.95,539.4,508.15
1301654,341.81,333.65,420.7,355.41
1301704,309.19,296.05,397.9,322.76
1301803,378.5,363.45,432.7,383.74
1301852,258.56,299.2,313.2,288.11
1301902,221.75,277.75,313.9,266.13
1301951,396.12,391.05,413.6,397.72
1302009,220.44,288.4,314,270.33
1302108,534.5,558,591.3,557.07
1302207,466,466.15,528.7,479.7
1302306,446.69,425.2,479.5,444.48
1302405,297.75,301.2,355.5,311.8
1302504,264.38,280.9,319.3,283.5
1302553,290.75,308.85,335.4,308.33
1302603,274.12,326.2,346.8,312.57
1302702,283.31,306.65,390.5,316.76
1302801,478.12,431.95,551,473.89
1302900,236.12,313.5,328.8,289.91
1303007,223.94,309.9,294.2,276.59
1303106,233.25,310.85,314.3,284.61
1303205,346.56,381,396.8,372.46
1303304,340.12,348.45,439,365.24
1303403,143.81,199.45,288.8,199.52
1303502,328.44,332.95,355,336.17
1303536,324.06,399.1,396.3,372.39
1303569,287.75,341.25,363.2,327.41
1303601,491.56,499.3,538.7,505.17
1303700,464.06,471.75,514.3,478.33
1303809,628.25,654.25,667.7,648.13
1303908,437.56,436.85,476.1,445.63
1303957,273,339.05,332.4,314.63
1304005,213.31,271.9,304.2,258.54
1304062,430.81,427.9,461.7,436.26
1304104,364.62,373.35,414.7,379.3
1304203,408.88,434.55,474.8,434.37
1304237,492.44,484.75,511.6,493.26
1304260,465.81,436.1,547.4,470.63
1304302,299.06,371.3,373.1,346.57
1304401,192.31,237,297.2,234.54
1400027,367.69,458.45,450.1,425.07
1400050,355.31,455.6,453.6,420.28
1400100,274.56,384.05,403.4,350.17
1400159,286.56,392.2,393.3,355.7
1400175,316.94,404.65,448,383.57
1400209,362.44,422.2,489.4,416.02
1400233,343.75,447.2,475.8,417.43
1400282,367.38,481.65,481.4,441.85
1400308,342.56,454.05,468.2,418.35
1400407,259.94,374.95,385.1,337.15
1400456,365.12,494.55,441.6,438.02
1400472,384.19,448.55,485.4,434.17
1400506,347.88,440.75,476.6,416.24
1400605,347.31,440.65,482.4,417.26
1400704,286.12,398.85,381.8,355.93
1500107,233.12,272.1,293.3,263.15
1500131,104.5,115.55,131.9,115.26
1500206,209.31,239.5,252.9,231.91
1500305,140.94,159.8,165.7,154.52
1500347,275,223.35,265.5,250.48
1500404,181.75,216.7,228.8,207.17
1500503,145.25,165.4,187.2,163.13
1500602,256.25,264.1,247.2,257.7
1500701,240.25,243.25,257.2,245.24
1500800,315.5,351.65,404.8,350.63
1500859,109.31,125.5,118.6,118.37
1500909,101.5,128.35,140.7,121.7
1500958,142.56,187.15,191.9,172.67
1501006,200.44,252.65,254.8,234.96
1501105,198.5,239.45,206.4,218.02
1501204,114.25,121.7,139.9,123.07
1501253,312.38,237.2,298,276.57
1501303,288.31,327.95,370.6,323.43
1501402,301.25,357.3,396,346.22
1501451,121.19,157.1,185.8,150.85
1501501,313,347.5,404.8,347.96
1501576,114.25,129.6,137.9,126.07
1501600,181.62,208.75,240.7,206.26
1501709,119.5,148.8,179,145.17
1501725,120.69,162.95,148.5,145.11
1501758,120.44,127.95,170.5,134.59
1501782,86.88,98.55,107.7,96.48
1501808,297.56,315.8,287.7,303.35
1501907,244.62,258.65,292.8,261.2
1501956,152.75,172.4,202.4,172.09
1502004,216.38,251.6,264.2,242.09
1502103,165.44,186.1,194.8,180.8
1502152,206.62,177.7,201.3,192.89
1502202,121.88,157.5,180.7,150.15
1502301,155.06,192.8,215,184.5
1502400,235.44,244.3,295.5,252.35
1502509,136,171.85,174.1,159.87
1502608,236.06,266.3,297.5,262.57
1502707,236.75,193.9,277,226.87
1502756,198.5,237.75,234.4,223.37
1502764,262.06,229.6,287.6,253.5
1502772,178.5,160.25,179.6,170.8
1502806,244.06,266.8,250.5,255.35
1502855,155.81,182.75,191,175.17
1502905,142.56,167.75,179.9,161.63
1502939,51.5,65.8,83,64.57
1502954,162.5,140.2,160.7,152.41
1503002,233.88,326.1,316.1,291.85
1503044,249.44,196.6,257.9,228.3
1503077,152.56,179.5,212.4,177.28
1503093,80.44,108,104.6,97.67
1503101,262.19,281.65,273.1,273.02
1503200,179.5,190.7,233,196
1503309,195.62,216.35,221.9,210.35
1503408,236.56,255.5,304.9,259.65
1503457,116,138.4,156.8,134.61
1503507,179.62,216.2,250.3,210.89
1503606,289.56,316.8,334,311.07
1503705,148.81,139.7,151.8,145.5
1503754,278.31,275.55,347.8,292.22
1503804,114.12,121.15,123,119.11
1503903,129.38,188.35,233.4,177.63
1504000,177.19,189.15,198.1,186.93
1504059,154.94,192.85,206.3,182.59
1504109,138.19,157.35,174.3,154.37
1504208,159.31,149.2,169.5,157.13
1504307,103.56,103.85,126.6,108.7
1504406,142.25,162.85,182.4,159.93
1504422,315.5,351.65,404.8,350.63
1504455,127.75,164.8,149.7,148.63
1504505,276.06,292.55,275.7,283.15
1504604,142.69,158.1,184.7,158.52
1504703,151.75,168.35,192.8,167.89
1504752,120,152.6,177.1,146.59
1504802,153.25,165.75,174.7,163.35
1504901,192.25,200.9,223.9,202.89
1504950,134.19,157.25,176,153.3
1504976,122.31,127.05,136,127.35
1505007,155.81,180.25,206.1,177.37
1505031,279.69,278.45,352.1,294.89
1505064,103.88,107.95,116.4,108.37
1505106,226.12,297.85,285,270.11
1505205,194.94,216.8,209.8,207.67
1505304,224.81,331.2,303.3,288.13
1505403,162.69,200.25,239.1,195.63
1505437,315.62,261.05,309.9,290.65
1505486,105.75,125.4,117.1,116.76
1505494,123.06,128.15,178.4,137.3
1505502,70.06,86.65,103.7,84.59
1505536,243.12,197,244.2,223.3
1505551,277.5,220.9,282.5,253.98
1505601,144.19,168.25,192.9,165.24
1505635,180.94,150.35,188.4,169.26
1505650,158.06,208.3,214.1,192.09
1505700,209.62,227.1,258.6,227.87
1505809,152,191.9,209.5,181.85
1505908,130.75,150,167.1,147.02
1506005,95.44,114.2,125.2,110.07
1506104,101.69,132.95,139.9,123.59
1506112,89.44,113.95,124.3,107.67
1506138,267.81,221,289.2,252.11
1506161,249.62,204.1,242.1,228.2
1506187,93.75,109.25,116.3,105.39
1506195,199.94,240.1,239.5,226
1506203,75.75,91.8,106.9,89.5
1506302,214.56,246,273.8,241.11
1506351,293.25,320.2,377.1,323.2
1506401,202.81,224.3,269.6,226.67
1506500,290.94,309,366.1,315.13
1506559,167.56,200.35,241.7,197.93
1506583,238.06,192.85,274.6,226.35
1506609,201.62,213.75,247.7,216.91
1506708,218.5,196,251.1,215.8
1506807,95.69,139.1,152.1,126.83
1506906,123.12,140.35,161.7,139
1507003,268.25,285.4,332.9,289.76
1507102,190.38,222.35,238.7,214.78
1507151,126.19,125.4,143.4,129.59
1507201,194,233.7,232.5,219.63
1507300,308.38,260.85,303.2,286.59
1507409,226.75,232.35,283.8,241.59
1507458,148.31,132.4,196.3,151.83
1507466,158,185.5,204.5,180.07
1507474,74.44,95.75,110.3,91.5
1507508,114.38,124.5,135.1,123.28
1507607,208.25,227,251.1,225.72
1507706,216.06,228.85,233.8,225.48
1507755,211.25,173.1,193.6,190.83
1507805,111.62,140.95,133.1,129.04
1507904,177.19,215.55,221.8,203.57
1507953,132.19,138.85,156.9,140.46
1507961,201.06,209.35,238.2,212.74
1507979,138.81,197.7,219.8,182.02
1508001,146.62,174.85,182,166.59
1508035,108.56,137.7,156.1,131.57
1508050,275.44,315.75,331.3,305.11
1508084,309.75,250.75,313.6,284.93
1508100,87.38,99.85,101.5,95.87
1508126,42.69,54.9,72.7,54.52
1508159,149.19,183.4,199.5,175
1508209,245.31,271.8,306.8,270.2
1508308,135.31,156.65,180,154.3
1508357,117.88,153.75,137.7,137.78
1508407,211.88,178.1,206,195.91
1600055,206.81,274,264.7,248.61
1600105,128.69,170.1,136,148.28
1600154,206.81,235.5,254,229.54
1600204,136.5,181.7,143.4,157.65
1600212,108.69,133.95,146.8,127.96
1600238,174.06,213.95,246.7,207.2
1600253,100.5,120.9,145.8,119.22
1600279,187.19,231.7,235.8,217.11
1600303,100.5,120.9,145.8,119.22
1600402,166.5,186.35,186.2,179.41
1600501,137.56,179.4,170.3,162.87
1600535,181.69,217.75,238.8,209.78
1600550,143.62,175.6,148.5,158.59
1600600,145.44,166.7,177.4,161.63
1600709,115.5,162.7,147.5,142.98
1600808,194.44,206.05,231.5,207.54
1700251,236.38,192.1,261.3,222.54
1700301,120.25,114.9,139.5,122.11
1700350,170.44,136.8,185.9,159.17
1700400,137.38,103.15,155.6,126.46
1700707,157.94,138,136.6,144.63
1701002,138.56,130.4,184.5,145
1701051,142.5,122.9,164.1,138.67
1701101,184.19,138.65,183.1,164.15
1701309,202.69,169.35,221.5,192.28
1701903,217,178.6,262.5,210.2
1702000,167.94,146.6,153.6,155.54
1702109,237.12,180.1,254.5,216.11
1702158,191.94,158.15,226.3,184.72
1702208,101.5,118.4,144.6,118.22
1702307,216.25,177.7,243.9,205.5
1702406,126.25,94.3,141,115.57
1702554,93.62,110.25,128.3,108.39
1702703,130.25,92.6,152.6,118.74
1702901,97.06,106.55,131,108.57
1703008,193.19,142.85,187.2,170
1703057,233.81,179.25,255.4,214.78
1703073,169.38,125.75,177.5,152.17
1703107,219.44,176.95,234.7,204.28
1703206,218.5,179.5,249.4,208.26
1703305,211.62,147.85,200.5,181.48
1703602,220.06,184.9,232.7,207.52
1703701,181.75,139.1,198,166.74
1703800,102.62,111.6,128.4,112.13
1703826,111.75,115.9,134.2,118.43
1703842,165.38,120.45,163.6,145.46
1703867,157.06,138.75,152.4,148.09
1703883,206.19,168.35,222.1,193.2
1703891,95.38,113.45,129.4,110.63
1703909,219.75,187.85,256.9,213.96
1704105,208.69,138.2,185.5,173
1704600,217.06,175.5,234.9,202.87
1705102,146.75,106.5,178.1,136.07
1705508,229.69,182.6,248.9,213.39
1705557,137.56,92.15,143.7,119.15
1705607,125.56,91.7,130.2,111.85
1706001,218.88,180.25,266.5,212.43
1706100,183.94,156.9,222.7,180.61
1706258,179.5,145.2,193.5,167.63
1706506,149.19,129.35,155.1,141.85
1707009,125.38,101.85,143.6,119.11
1707108,229.44,187.95,262.4,218.57
1707207,221.38,184.5,250.4,211.65
1707306,168.94,150.7,180.2,163.46
1707405,113.38,123,135.3,122.33
1707553,195.06,147.5,217.2,179.2
1707652,162.19,134.9,148,147.24
1707702,176,134.05,180.1,158.65
1708205,174.62,140.4,151.5,154.72
1708254,213.81,163.2,228.2,194.93
1708304,221.62,180.85,266,213.54
1709005,187.5,124.6,184.1,159.41
1709302,216.12,170.45,230.9,199.48
1709500,155.19,127.4,169.7,146.26
1709807,172.19,130.75,199.6,160.13
1710508,211.31,160.85,204.4,187.87
1710706,103.06,108.85,134.8,112.48
1710904,215,166.3,212,193.17
1711100,228.19,183.7,255.4,214.76
1711506,166.19,121.75,144.6,142.17
1711803,221.88,181.2,256.7,211.76
1711902,184.31,157.7,183.9,172.65
1711951,154.38,130.5,176.9,148.89
1712009,192,148.75,198.1,174.52
1712157,137.06,94.05,137.9,118.54
1712405,163.69,112.85,147.6,138.09
1712454,121.56,120.05,141.9,125.33
1712504,217.62,179.8,249.8,208.17
1712702,119,97.45,128.3,111.65
1712801,105.81,111.95,135.8,115
1713205,210.38,170.35,228.3,196.87
1713304,218.12,177.8,231.2,203.43
1713601,160.19,128.9,189.8,153.02
1713700,225.5,177.45,244.2,208.67
1713809,145.06,125.65,155.8,138.96
1713957,211.62,167.35,226.2,195.54
1714203,136.25,98.15,152.9,123.3
1714302,128.69,119.9,149.6,129.41
1714880,221.81,171.15,225.5,200.59
1715002,204.75,160.1,227.2,190.22
1715101,158.56,129.05,177.5,149.85
1715150,146.31,99.75,138.1,124.28
1715259,130.94,106.1,156.9,125.78
1715507,204.56,155.75,220.5,186.8
1715705,208.62,163.55,212.3,189.83
1715754,186.31,116.15,156.1,149.24
1716109,213.25,162.55,233.1,195.52
1716208,149.88,92.85,136.8,122.24
1716307,230.56,175.1,255.6,211.89
1716505,200.81,145.35,194.2,175.26
1716604,147.81,113.55,142.3,131.72
1716653,218.94,182.1,255,210.76
1716703,222,173.15,237,204.02
1717008,150.94,111.2,169.5,137.7
1717206,171.38,143.3,188.5,162.89
1717503,206.38,167.25,232.3,195
1717800,133.75,87.85,156.1,118.65
1717909,151.5,112.7,160,136.48
1718006,134.56,104.8,147.9,124.52
1718204,196.62,150.8,220.2,181.83
1718303,93.88,102.6,131.5,105.85
1718402,219.81,184.35,232.9,207.24
1718451,213.19,161.55,231.8,194.78
1718501,195.88,134.15,187.5,167.22
1718550,157,136.65,197.6,156.98
1718659,126.44,117.2,156.9,129.04
1718709,214.12,157.45,217.4,190.2
1718758,177.75,132.45,174.9,157.43
1718808,92,106.45,129.8,106.5
1718840,165,134.4,153.1,149.11
1718865,207.06,166.8,232.1,195
1718881,222.31,155.75,213.6,191.48
1718899,183.94,152.55,204.1,174.67
1718907,157.94,116.6,182.2,145.24
1719004,162.38,127.8,179.4,151.04
1720002,129.5,119.3,152.6,130.09
1720101,106.62,114.7,135.9,116.5
1720150,144.31,100.8,130.5,122.39
1720200,93.12,102.55,126.4,104.46
1720259,155.56,109.05,133.5,130.54
1720309,110.12,117.45,136.1,118.96
1720499,142.75,107.55,151.1,129.26
1720655,159.44,117.9,181.5,146.17
1720804,96.88,107.65,126.8,108.07
1720853,150.81,121.9,133.3,134.43
1720903,130.62,87.4,158.8,117.96
1720937,120,89.85,143.5,112
1720978,169.75,137.4,136.1,148.37
1721000,181.88,147.35,192.2,169.11
1721109,197.81,147.3,197.6,175.8
1721208,112.12,115.55,133.6,118.28
1721257,221.38,163.7,221,196.22
1721307,220.81,177.6,224.8,202.89
1722081,183.31,151.25,207.4,174.61
1722107,164.38,144.25,206.4,164.76
2100055,41.06,66.15,76.5,59.67
2100105,31.38,41.95,30.1,35.7
2100154,10.88,18.7,22.2,16.74
2100204,35.69,39.1,50,40.28
2100303,39.19,44.95,34.5,40.67
2100402,56.38,56.1,67.5,58.67
2100436,47.19,43.3,59.3,48.13
2100477,45.12,57.75,61.1,54.09
2100501,122.06,84.45,117.5,104.72
2100550,97.5,108.95,126.9,108.87
2100600,64.25,64.45,74,66.46
2100709,69.38,78.55,103.9,80.87
2100808,21.69,33.65,39.1,30.67
2100832,41.69,61.95,67.6,56.13
2100873,69.81,67.2,89.3,72.91
2100907,10.75,18.8,19.2,16.09
2100956,52.19,56.45,69.2,57.74
2101004,79.44,73.1,104.2,82.07
2101103,42.69,53.35,58.2,50.7
2101202,62.69,49.55,68.6,58.26
2101251,55.44,65.9,71.9,63.57
2101301,42.69,62,69,56.8
2101350,44.25,51.85,60.7,51.13
2101400,132.12,105.25,132,120.41
2101509,62.38,54.3,64.8,59.39
2101608,47.25,66.05,60.4,58.28
2101707,13.81,27.25,32.7,23.76
2101731,20,33,35.6,29.04
2101772,67.81,63.35,90.4,70.78
2101806,83.88,65,108.1,80.93
2101905,32.44,40.8,54.3,40.83
2101939,45.75,49.55,65.4,51.67
2101970,114.56,128.1,153.7,128.96
2102002,37.75,50.3,53.3,46.59
2102036,30.94,56.8,57.3,47.91
2102077,47.5,50.1,64.4,52.3
2102101,26.56,37.75,41.9,34.76
2102150,47.06,54.75,59.1,53.02
2102200,23.88,35.2,26.8,29.43
2102309,74.19,74.95,77.6,75.26
2102325,31.5,46.8,51.1,42.41
2102358,81.38,82.75,113.7,89
2102374,43.25,62.75,72.6,58.11
2102408,57.88,64.15,73.5,64
2102507,85.38,74.5,98.6,83.52
2102556,99.56,98.2,121.2,103.67
2102606,79.88,97.4,106,93.17
2102705,49.12,60.8,75.5,59.93
2102754,44.06,45.6,54,46.89
2102804,162.88,120.2,151.8,141.91
2102903,108.81,123.45,138.7,121.67
2103000,43.31,44.25,41.5,43.33
2103109,33.69,40.95,53.6,41.17
2103125,34.25,40.7,57.7,42.15
2103158,116.62,119.85,137.6,122.59
2103174,84.44,83.55,102.8,88.04
2103208,20.56,34.8,30.6,28.93
2103257,83.31,95.35,121.6,96.87
2103307,44.06,45.75,37.7,43.41
2103406,28.12,41.75,28.9,34.22
2103505,85.25,71.1,85.8,79.22
2103554,74.44,71.35,96.8,77.96
2103604,41.69,42.25,53.3,44.46
2103703,38.75,54,63.9,50.85
2103752,84.12,89.15,113.8,92.76
2103802,55.69,52.85,61.3,55.67
2103901,24.38,35.9,25.2,29.57
2104008,50.44,51.9,67.2,54.72
2104057,145.75,117.1,135.3,131.02
2104073,101.19,93.75,113.6,100.65
2104081,65.19,67.25,70.5,67.24
2104099,81.88,81,84.2,82
2104107,99.56,90.4,118.1,99.61
2104206,76.81,65.85,77.6,72.22
2104305,83.25,101.9,103.5,95.76
2104404,57.75,55.6,57,56.65
2104503,53.44,50.5,53.5,52.17
2104552,97.06,98.4,119.1,102.43
2104602,69.81,62.5,65.2,65.63
2104628,73.94,68.55,77.1,72.28
2104651,71.94,61.6,75.3,68.17
2104677,103.62,112.95,126.7,112.7
2104701,70.19,65.25,68.8,67.74
2104800,70.5,72.55,78.1,73.04
2104909,32,40.65,55,40.76
2105005,33.25,47.15,50.5,43.04
2105104,39.56,48.7,53.1,46.48
2105153,73.75,67.65,91,74.85
2105203,48.81,47.85,64,51.7
2105302,82.88,92.45,120.1,95.13
2105351,45.88,55.25,62.2,53.5
2105401,48.25,59.55,74.4,58.85
2105427,36.88,52.75,63.9,49.65
2105450,80.81,72.75,83.2,77.83
2105476,47.19,61.95,61.2,56.65
2105500,73,82.7,104.3,84.02
2105609,53.75,53.5,66.6,56.43
2105658,136.94,149.85,169.2,149.57
2105708,44.31,49.8,60.1,50.13
2105807,50.44,50.4,65.7,53.74
2105906,67.25,57.35,81.1,65.96
2105922,70.19,68.6,74.3,70.39
2105948,50.44,50.4,65.7,53.74
2105963,52.94,51.35,63.1,54.46
2105989,93.31,87.6,110.2,94.5
2106003,44.56,43.05,59.8,47.22
2106102,92.06,71.75,104.7,85.98
2106201,86.06,101.9,104.4,96.93
2106300,19.5,29.15,35.5,27.17
2106326,111.88,118.25,134.7,119.61
2106359,47.75,51.05,57.6,51.33
2106375,84.75,93.7,107.6,93.61
2106409,22.81,37.9,30.8,31.11
2106508,68.19,61.2,83.8,68.54
2106607,57.75,56.95,54.1,56.61
2106631,68.62,70.5,88.2,73.7
2106672,24.69,36.25,47.9,34.76
2106706,80.25,80.5,90.3,82.54
2106755,69.44,73.95,94.6,76.87
2106805,37.5,46.35,60.8,46.41
2106904,72.88,63.3,90.6,72.57
2107001,92.31,86.7,109.3,93.57
2107100,36.81,54.35,56.2,48.65
2107209,30.31,42.5,51.3,40.17
2107258,98.62,89.25,122.8,99.8
2107308,86,62.55,85.8,75.76
2107357,73.94,68.15,91.3,75.2
2107407,57,54.35,70.8,58.85
2107456,66.38,59.4,81.1,66.54
2107506,44.5,51.25,61,51.02
2107605,52.5,51.65,66.1,55.09
2107704,94.31,72.75,92,84.43
2107803,65.5,62.55,61.6,63.37
2107902,84,73.65,82.9,79.26
2108009,95.12,69.2,89.7,82.67
2108058,13.75,24.5,33.1,22.63
2108108,46.94,52.5,61.9,52.61
2108207,46.94,48.2,62.6,50.89
2108256,67.19,65.55,81.4,69.57
2108306,78.44,71.5,96.5,79.35
2108405,33.75,39.7,57.9,41.59
2108454,42.94,39.8,52.7,43.7
2108504,62.69,63.2,80.7,66.83
2108603,48.69,52.85,66.9,54.46
2108702,65.69,62.35,90.7,69.67
2108801,43.12,48.1,67.7,50.63
2108900,49.94,50.5,68.3,54.17
2109007,98.12,95.7,112.2,100.13
2109056,35.12,48.2,62.2,46.7
2109106,58.5,59.25,63.6,59.93
2109205,44.31,58.4,67.5,55.48
2109239,67.62,74.2,98.6,77.22
2109270,58.25,62.2,85,65.78
2109304,45.19,57.55,69.5,55.85
2109403,25.25,40.25,47.3,36.57
2109452,39.5,46.4,55.6,46
2109502,129.19,100.15,133.4,117.48
2109551,97.5,100.9,118,103.43
2109601,53.31,63.3,66.7,60.57
2109700,101,78.2,118.7,94.93
2109759,65.5,66.1,71.7,67.11
2109809,62.94,61.65,80.4,66.17
2109908,58.94,59.25,74.4,62.43
2110005,45.56,50.6,46.6,47.98
2110039,67.31,71.25,98.5,75.8
2110104,23.25,33.75,42.2,31.93
2110203,61.75,77.25,94.5,75.61
2110237,21.06,28.35,42.1,28.8
2110278,17.5,30.25,41.8,28.33
2110302,48.94,48.5,63.2,51.85
2110401,26.19,37.25,45.3,35.15
2110500,55.12,54.15,67.2,57.33
2110609,25.81,37.4,53.5,36.87
2110658,83.75,70.6,98.8,81.3
2110708,78.38,72,76.9,75.28
2110807,82.88,70.65,102.3,81.78
2110856,71.81,86.45,110.7,86.63
2110906,67.88,55.2,64.4,61.61
2111003,69.94,68.5,83.9,72.35
2111029,55.12,57.6,67,58.78
2111052,102.12,99.95,97.4,100.15
2111078,54.19,47.15,43.6,48.83
2111102,74,59.75,67.6,66.41
2111201,44.5,51.25,61,51.02
2111250,55.38,55.55,62,56.89
2111300,46.5,53.25,63,53.02
2111409,50.94,42.9,61.7,49.78
2111508,68.38,59.6,84.1,67.98
2111532,108.94,115.9,136.1,117.87
2111573,105.19,91.1,105.7,99.17
2111607,94.69,80.95,109.2,91.87
2111631,48.69,58.6,64.1,56.35
2111672,50.94,59.35,63.6,57.35
2111706,65.31,57.65,78.7,64.89
2111722,58.62,60.25,77,63.33
2111748,59.5,57.65,54.3,57.57
2111763,74.56,83.45,104.5,84.93
2111789,39.69,53.95,63.8,51.13
2111805,79.5,77.95,87.5,80.57
2111904,93.38,76.95,92.9,86.13
2111953,72.31,59.65,74.9,67.37
2112001,114.38,93.1,121.2,106.61
2112100,38.62,40.35,45.4,40.85
2112209,46.25,48.15,46.1,47.04
2112233,46.56,45.15,67.1,50.41
2112274,59.69,61.15,77.3,64.15
2112308,65.94,74.25,75.9,71.72
2112407,58.75,74.9,84,71.26
2112456,53.69,65.95,86.4,66.13
2112506,18.19,25.6,34.3,24.91
2112605,18,32.65,39.2,28.98
2112704,28.75,39.95,46.3,37.43
2112803,73.88,69.7,92.1,76.02
2112852,91.31,104.6,128.3,105.13
2112902,77.06,71.4,97.1,78.96
2113009,52.5,54.6,65.4,56.22
2114007,66.5,70.35,84.6,72.11
2200053,20.75,18.95,9.5,17.52
2200103,48,47.7,48.3,47.93
2200202,50.56,50.3,54.1,51.22
2200251,13,11.95,5.5,10.91
2200277,13.38,8.85,5.9,9.78
2200301,32.19,37.85,27.8,33.7
2200400,32.31,42.65,37.1,37.85
2200459,60.12,44.6,70.3,55.59
2200509,55.31,50.05,53.1,52.54
2200608,55.5,51.45,51.8,52.93
2200707,39.56,31.15,39.5,35.89
2200806,82.19,62.5,101.2,77.76
2200905,32.44,43.45,21,34.74
2200954,29.12,20.3,12.9,21.76
2201002,45.62,42.85,43.3,43.91
2201051,6.94,12.25,5.3,8.89
2201101,53.19,35.55,55.4,46
2201150,96.69,68.2,93.4,83.59
2201176,31.44,39.05,27.2,33.83
2201200,24.81,40.35,47,36.39
2201309,84.38,69.5,80.2,77
2201408,45.38,46,46.7,45.93
2201507,32.06,36.55,44.8,36.78
2201556,26.62,21,18.6,22.43
2201572,16.44,11.4,6.8,12.15
2201606,38.25,41.3,36.9,39.28
2201705,64.38,51.2,73.8,60.7
2201739,19.44,16.45,10.9,16.28
2201770,28.44,35.55,33.6,32.65
2201804,18.94,21.4,12.1,18.52
2201903,84.5,53.2,105,75.35
2201919,4.12,14.75,7.1,9.39
2201929,38.44,32.75,39.2,36.13
2201945,28.31,32.05,27.2,29.7
2201960,24,27.55,22.5,25.22
2201988,36.56,26.55,35.3,31.93
2202000,13.38,20.5,17.9,17.46
2202026,12.19,15.35,6.2,12.26
2202059,27.44,37.45,32.7,32.93
2202075,41.75,43.15,34.6,40.8
2202083,1.31,11.9,3.6,6.41
2202091,12.56,9.1,5.4,9.5
2202109,28.81,22.9,17.3,23.74
2202117,30.56,20.8,20.2,24.07
2202133,15.38,13.55,6.5,12.65
2202174,25.56,41.45,47.8,37.3
2202208,28.69,33.45,28.4,30.7
2202251,70.62,46.3,69.4,59.78
2202307,49.31,38.05,62.3,47.24
2202406,26.38,31.85,26.7,28.83
2202455,27.38,21.5,16.7,22.5
2202505,42.88,29.65,46.5,37.91
2202539,25.38,28.25,34,28.5
2202554,19.44,13.95,8.4,14.65
2202604,15.38,22.55,8.5,17
2202653,13.31,22.7,23.8,19.67
2202703,6.5,17.05,11.6,12.2
2202711,26.62,31,24.6,28.09
2202729,9.5,19.4,14.4,14.87
2202737,29.25,38.25,31.9,33.74
2202752,54.88,42,62.5,50.93
2202778,31.69,31.75,25.4,30.35
2202802,26.75,20,14.3,21.11
2202851,26.56,25.2,25.9,25.83
2202901,72.19,62.65,70.3,67.63
2203008,82,66.35,76,73.89
2203107,67.69,44.25,68.2,57.61
2203206,61.75,42.45,78.8,57.07
2203230,88.5,54.4,93,74.65
2203255,51.94,50.45,49,50.65
2203271,19.19,13.1,10.3,14.61
2203305,39.5,49.75,44.4,45.02
2203354,27.88,25.25,27.9,26.74
2203404,25.38,26.1,12.4,22.87
2203420,11.38,11.35,8.1,10.65
2203453,29.25,24.6,20,25.22
2203503,38.44,43.25,31,38.91
2203602,54.75,41.35,60.6,50.2
2203701,30.44,36.9,52.1,37.96
2203750,37.19,30.75,37.9,34.54
2203800,46.25,35.15,40.5,40.17
2203859,29.81,23.5,17.6,24.41
2203909,54.12,52.75,61.9,55.22
2204006,37.12,42.8,32.2,38.52
2204105,53.5,52.55,56.9,53.83
2204154,12.69,8.85,5.3,9.41
2204204,14.44,14.4,9.8,13.41
2204303,15.12,9.95,10.7,11.91
2204352,24.06,20.2,10.8,19.5
2204402,89.69,64.2,95.7,79.91
2204501,70.31,52.9,68.6,62.37
2204550,58.94,37.7,56.4,49.15
2204600,45.56,46.25,44.1,45.54
2204659,2.56,14.35,8.7,9.02
2204709,22.94,31.15,14.6,24.7
2204808,28.06,27.6,16.7,25.39
2204907,28.19,20.8,15,22.11
2205003,26.75,20.35,12,20.76
2205102,54.56,41.05,56.1,49.02
2205151,22.5,18.7,10.6,18.26
2205201,23.81,17,11.3,18.13
2205250,48.38,47.6,48.1,47.98
2205276,24.19,27,20.7,24.65
2205300,68.44,48.55,71.4,60.43
2205359,31.38,26.05,29.3,28.61
2205409,34.06,34.35,41.9,35.89
2205458,31.12,44.55,52.9,41.7
2205508,31.5,41.2,38.2,37.17
2205516,15.62,21.9,10.2,17.17
2205524,62.19,42.95,62.4,53.87
2205532,40.25,32.1,40.7,36.8
2205540,46.69,48.1,51.7,48.39
2205557,29.88,42.9,35.6,36.78
2205565,27.06,22.6,9.8,21.37
2205573,17.12,18.7,12.8,16.87
2205581,42.56,49.15,44.4,45.83
2205599,15,23.8,10.2,17.78
2205607,78.5,55.9,88,70.74
2205706,2.44,11.75,4.4,6.91
2205805,29.62,44.9,52.1,41.15
2205854,29.19,42.6,54.5,40.52
2205904,56.94,49.6,74.3,57.52
2205953,12.62,9.7,5,9.7
2206001,77.88,60.4,85.7,71.98
2206050,20.19,14.15,8.9,15.11
2206100,26.25,41.55,44.5,36.87
2206209,24.12,38.55,31.9,32.09
2206308,47.38,47.6,49.5,47.93
2206357,16.69,18.1,12.5,16.39
2206407,46.75,47.75,46.1,47.04
2206506,13.5,13.65,6.7,12.09
2206605,78.69,54.2,86.2,69.67
2206654,51.19,35.25,77.8,50.04
2206670,34.12,39.3,51.3,40.11
2206696,20.06,28.45,36.4,27.26
2206704,44.25,44.55,55.4,46.8
2206720,46.75,50.1,45.8,48
2206753,29.38,31.65,25.5,29.52
2206803,23.5,38.75,36.5,32.96
2206902,29.94,39.15,22.3,32.28
2206951,26.38,34.25,20.2,28.46
2207009,33.06,36.35,25.7,32.89
2207108,45.38,46,46.7,45.93
2207207,14.19,10.1,5.8,10.59
2207306,33.06,26.35,27.1,28.85
2207355,40.44,32.6,44.4,37.89
2207405,74.44,50.7,73.5,63.91
2207504,54.94,51.95,53.5,53.33
2207553,28.25,22.05,13,22.24
2207603,64.38,52,85.2,63.52
2207702,3.31,13.3,6.9,8.43
2207751,45.38,47.5,44.2,46.04
2207777,24.38,17.1,10.9,18.28
2207793,35.62,45.55,38.3,40.52
2207801,23.25,19.55,8.9,18.52
2207850,52,39.1,61.1,48.37
2207900,11.25,9.5,7.6,9.7
2207934,31.94,25.95,26.8,28.22
2207959,28.38,21.7,22,24.09
2208007,28.38,21.1,11.4,21.52
2208106,10.06,16.4,5.8,11.89
2208205,13.88,11.5,5.6,11.04
2208304,25.62,24.4,19.7,23.8
2208403,26.19,25.9,27.6,26.37
2208502,24.88,39.2,33.6,33
2208551,87.62,64.35,94.8,79.07
2208601,35.81,41.05,31.3,37.11
2208650,26.88,23.05,9.4,21.41
2208700,78.81,49.9,98.8,70.59
2208809,46.12,42.5,41.7,43.59
2208858,68.25,55,93.2,67.91
2208874,34,28.9,35.5,32.11
2208908,99.56,78.55,108.6,92.39
2209005,55.06,40.2,55.7,48.74
2209104,31,24.5,13.5,24.37
2209153,28.25,38.2,21.6,31.13
2209203,107.25,78.9,117.2,97.09
2209302,79.62,46,97.5,68.89
2209351,20,21.7,11.6,18.91
2209377,35.06,39.7,25.4,34.98
2209401,15.31,17.95,10.1,15.33
2209450,51.25,50.5,52.4,51.17
2209500,32.62,28.8,17.9,27.76
2209559,44.62,29.25,41.6,37.28
2209609,38.38,41,30,37.7
2209658,25.5,19.1,13,20
2209708,41.31,40.2,38.3,40.17
2209757,74.81,65.85,76.3,71.24
2209807,49.44,51.45,50.7,50.59
2209856,15.19,23.55,13.5,18.46
2209872,8.44,16.8,14.2,13.33
2209906,23.12,33.3,16.3,26.07
2209955,30.31,27.9,16.7,26.3
2209971,24.75,42.15,52.1,38.26
2210003,28.06,24.4,24.5,25.7
2210052,29.19,29.15,34,30.22
2210102,36.94,34.95,36.3,35.93
2210201,19.69,23,12.8,19.63
2210300,14.31,10.05,6.7,10.8
2210359,30.81,25.35,35.8,29.52
2210375,13.5,18.6,9.4,14.83
2210383,38.56,42.7,34.5,39.48
2210391,32.25,31.25,30.4,31.41
2210409,12.06,21.25,8.2,15.22
2210508,48.75,47.35,49.4,48.28
2210607,35.94,25.85,39.7,32.37
2210623,70.81,57.5,73.5,65.61
2210631,68.06,51.1,76.9,62.61
2210656,20.88,26.3,17.5,22.5
2210706,15.44,12,7.3,12.17
2210805,30.62,22.2,21.6,25
2210904,31.88,30.5,29.7,30.8
2210938,19.5,21,11,18.3
2210953,40.56,30.6,43.2,36.8
2210979,37.56,40.45,27.8,36.7
2211001,41.88,48.1,39.7,44.11
2211100,30.19,44.2,34.1,37.13
2211209,76.5,55.65,90.9,70.57
2211308,27.31,37.35,16.7,29.37
2211357,40.81,30.9,39.1,36.13
2211407,36.62,40.35,29.3,36.65
2211506,29.12,21.65,13,22.37
2211605,15.25,11,6.1,11.41
2211704,31.06,24.95,17.8,25.52
2300101,19.81,32,21,25.37
2300150,11.38,15.5,12.6,13.43
2300200,1.62,3.95,4.9,3.35
2300309,18.81,14.7,38.3,21.26
2300408,9.75,13.25,7.8,10.85
2300507,3,5.75,3.6,4.33
2300606,15.44,19.8,9.7,16.09
2300705,4.81,11.65,7.6,8.39
2300754,4.62,4.8,8.7,5.59
2300804,9.38,12.9,11.5,11.37
2300903,4.75,7.55,5.7,6.17
2301000,17.62,25.9,20.8,21.91
2301109,4.06,7.45,8.3,6.46
2301208,10.44,13.8,11.3,12.09
2301257,7.06,8.25,5.3,7.2
2301307,12.94,15.1,17.5,14.87
2301406,18,23.8,17.5,20.41
2301505,9.88,12.5,11.3,11.33
2301604,11.5,17.1,8.9,13.37
2301703,18,26.4,15.8,21.17
2301802,17.38,19.5,15.6,17.91
2301851,7,8.85,5.7,7.52
2301901,23.38,33.8,32.3,29.85
2301950,7.44,11.4,12.1,10.17
2302008,14.56,18.7,20.1,17.57
2302057,0.06,9.1,2.6,4.54
2302107,36.75,32.7,34.6,34.52
2302206,8.12,10.25,7.7,8.96
2302305,0.44,1.4,2,1.2
2302404,9.12,7.65,8.4,8.33
2302503,17.5,28.25,18.1,22.3
2302602,0.12,3.5,3.7,2.37
2302701,15.38,10.3,11,12.22
2302800,3.12,6.3,3.1,4.5
2302909,17.75,22.9,17.4,19.91
2303006,12.81,12.75,19.3,14.2
2303105,1,6.7,2.6,3.83
2303204,17.25,24.9,22.8,21.78
2303303,20.88,28.95,25.5,25.39
2303402,5,10.4,10.4,8.52
2303501,10.5,15.5,9.4,12.43
2303600,14.69,13.8,16.9,14.78
2303659,3.88,3.65,3.8,3.76
2303709,8.62,14.2,13.1,12.02
2303808,17.56,24,20.8,21.07
2303907,0,13.35,2,6.24
2303931,9.44,12.65,3.6,9.57
2303956,9.5,15.35,10.2,12.2
2304004,1.25,5.95,2.7,3.61
2304103,6.5,7.15,5.4,6.54
2304202,15.19,29.2,19.4,22.2
2304236,4.31,7.2,4.4,5.59
2304251,0.88,2.6,3.9,2.28
2304269,13.25,11.3,7.9,11.24
2304277,8.62,13.45,8.3,10.65
2304285,25.12,30.95,28.6,28.41
2304301,17.25,20.35,12.5,17.57
2304350,1.56,3.95,2,2.7
2304400,40.25,36.85,36.7,38
2304459,5.75,8.15,9.5,7.61
2304509,4.38,14.8,11.9,10.54
2304608,5.81,6.45,5.4,6
2304657,4.19,14.35,11.5,10.2
2304707,0.69,8.3,3.8,4.67
2304806,21.19,27.05,19.4,23.35
2304905,1,4,1.8,2.48
2304954,15.62,21.75,20.6,19.37
2305001,5,6.4,8.4,6.35
2305100,57.5,50.5,57.3,54.41
2305209,3.12,4.1,2.6,3.43
2305233,9.69,15.5,16,13.59
2305266,6.75,12.6,2.9,8.46
2305308,5.62,18.95,17.4,13.98
2305332,6.75,14.05,2.1,8.91
2305357,3.94,6.7,6.1,5.61
2305407,13.38,21.45,21,18.54
2305506,22.38,20,38,24.74
2305605,5.38,5.5,8.7,6.15
2305654,5.88,9.45,5.6,7.37
2305704,15.88,18.9,14.6,16.91
2305803,5.75,9.65,6.9,7.7
2305902,6.44,9.5,3.8,7.2
2306009,8.12,10.7,5.7,8.72
2306108,0.94,2.05,1.7,1.59
2306207,3.62,5.55,3.3,4.39
2306256,17.75,28.45,18.2,22.5
2306306,4.69,8.15,6.5,6.59
2306405,6.38,8.35,9.1,7.83
2306504,12.69,17.7,11.2,14.54
2306553,4.75,5.9,7.3,5.8
2306603,7.38,5.05,5.5,5.96
2306702,7.5,12.75,6.9,9.65
2306801,7.62,9.9,7.3,8.54
2306900,9.06,19.2,6.6,12.93
2307007,3.62,4.85,3.1,4.04
2307106,23.69,31.5,30.6,28.59
2307205,15.56,27.25,15.8,20.7
2307254,0.56,2.05,3.8,1.91
2307304,17.88,25.4,20.7,21.76
2307403,13.31,24.3,24.8,20.59
2307502,21.69,20.95,16.9,20.33
2307601,5,10.35,2.7,6.83
2307635,8.12,4.45,4.3,5.7
2307650,21.25,31.45,24.3,26.35
2307700,19.94,25.3,28.5,24.13
2307809,1.25,3.5,3.4,2.7
2307908,0.44,2.4,3.7,2
2308005,3.88,11.15,4.9,7.26
2308104,14.56,22.15,25.2,20.17
2308203,4,13.6,5.2,8.43
2308302,17.12,31.05,18.1,23.39
2308351,10.81,12.8,10.5,11.61
2308377,0.62,3.05,1.4,1.85
2308401,20.69,30.7,23.7,25.7
2308500,12.56,17.2,18,15.76
2308609,5.06,4.4,5.1,4.78
2308708,5.44,15.7,3.4,9.46
2308807,1,3.3,1.9,2.2
2308906,1.25,3.25,4.1,2.74
2309003,3.38,10,10.3,7.76
2309102,46.62,41.65,44.9,44.09
2309201,13.81,20.35,12.3,16.33
2309300,3.31,5.95,3,4.39
2309409,5.38,16.9,7.7,10.89
2309458,5.38,14.05,5.8,9.24
2309508,12.94,22.55,15.8,17.74
2309607,9.69,15.5,16,13.59
2309706,17.75,28.45,18.2,22.5
2309805,47.5,43.15,49.5,46.04
2309904,2.69,10.9,5.6,6.89
2310001,3.69,10.55,3.6,6.65
2310100,38.44,39.7,44,40.2
2310209,9,10.5,7.3,9.28
2310258,8,10.55,7.7,9.04
2310308,5.88,12,6.7,8.72
2310407,5.06,4.4,5.2,4.8
2310506,10.94,14.8,11.9,12.83
2310605,13.94,23.4,15.5,18.39
2310704,1.62,6.15,2.7,3.83
2310803,9.19,12.85,13.1,11.63
2310852,13.56,21.2,16.1,17.43
2310902,16.5,13.4,11.7,14.11
2310951,3.38,6.05,2.1,4.26
2311009,6.69,9.25,4.9,7.41
2311108,24.69,34.8,26.3,29.43
2311207,12.5,13.45,11.7,12.74
2311231,5.56,10.45,4.2,7.39
2311264,3.94,12.05,6.6,8.04
2311306,4.56,9.4,3,6.33
2311355,16.12,17.15,22.7,18
2311405,12.75,10.9,12.1,11.8
2311504,5.94,7.95,2.3,6.02
2311603,13.5,20.9,17.8,17.65
2311702,4.19,10.3,4.3,6.87
2311801,4.19,14.4,2.6,8.28
2311900,8.88,14.75,13.9,12.52
2311959,11.75,9.95,10.9,10.78
2312007,1.69,6.7,6.1,4.83
2312106,13.38,18.75,19.3,17
2312205,2.38,5.85,3,4.02
2312304,4.62,14.35,14.1,10.91
2312403,6.12,9.1,5.9,7.37
2312502,4.62,15.35,6.8,9.76
2312601,2.56,5.8,2.4,3.93
2312700,13.12,16.5,18,15.65
2312809,0.88,3.05,3.3,2.35
2312908,1.56,3.95,2,2.7
2313005,11,16.1,8.2,12.61
2313104,4.81,14.35,5,9
2313203,2.62,3.7,3.9,3.37
2313252,12.44,16.05,11.9,13.89
2313302,9.88,10.15,9,9.8
2313351,4.31,4.9,5.6,4.85
2313401,5.38,17.95,18.3,13.65
2313500,8.75,8.8,10.9,9.24
2313559,5.06,9.3,5.2,6.93
2313609,5.62,17.6,18.2,13.57
2313708,17.88,22.3,20.9,20.46
2313757,2.25,6.4,2.7,4.15
2313807,5.44,9.65,7.3,7.67
2313906,1.12,3.55,2.8,2.54
2313955,1.88,7.5,0.9,4.11
2314003,19.88,27.6,23.7,24.07
2314102,2.69,18.15,12.7,11.59
2400109,12.44,13.85,10.8,12.7
2400208,8,13.35,11.5,11.09
2400307,5.38,12,5,8.17
2400406,11.69,16.05,15,14.3
2400505,8.62,22.55,9.7,14.91
2400604,12.81,17.65,11,14.52
2400703,7.25,11.1,7.7,9.02
2400802,7.81,13.95,8.2,10.57
2400901,9.62,22.3,10.5,15.33
2401008,6.88,13.85,7.8,10.11
2401107,7.19,8.8,6.6,7.76
2401206,132.88,136.65,124,132.59
2401305,11.12,17.4,9.9,13.59
2401404,146.25,154.4,158.7,152.5
2401453,6.81,9,6.8,7.76
2401503,45.81,50.85,36.5,45.98
2401602,61.31,72.55,63.1,66.59
2401651,15.44,19,11,16.02
2401701,89.25,94.8,80.2,89.7
2401800,105.38,110.1,90.5,104.2
2401859,29.69,35.25,28.4,31.83
2401909,35.81,42.5,33.2,38.15
2402006,7.44,12.1,5.4,9.02
2402105,30,28,25.3,28.11
2402204,140.5,145.05,141.4,142.67
2402303,9.69,18.65,9.9,13.63
2402402,13.56,16.2,9.5,13.83
2402501,7.19,10.75,9,9.13
2402600,111.81,124.2,125.9,120.26
2402709,24.81,23.3,18.4,22.76
2402808,30.19,34.1,26.6,31.11
2402907,10.38,16.95,15.2,14.28
2403004,10.06,11.8,8.1,10.39
2403103,21.44,22.2,22.9,22.09
2403202,10.31,14.2,15.4,13.11
2403251,128.56,134.5,117.5,128.74
2403301,10.31,14.2,15.4,13.11
2403400,14.81,17.55,15.4,16.13
2403509,105.62,108.25,94.8,104.41
2403608,123.94,131.25,130.5,128.54
2403707,9.62,16.4,6.8,11.96
2403756,15.12,19.3,10.4,15.91
2403806,12.12,12.4,8.4,11.43
2403905,7.44,12,9.3,9.83
2404002,11.06,19.45,10.9,14.67
2404101,16.25,23.5,15.6,19.26
2404200,129.25,125.45,124.3,126.52
2404309,10.75,14.65,8.2,11.89
2404408,5.69,7.85,6.7,6.85
2404507,8.81,13.4,6.3,10.26
2404606,94.25,99.85,94.8,96.8
2404705,7.81,11.6,11.6,10.28
2404804,7.06,14.8,4,9.76
2404853,9.12,13.05,11.4,11.33
2404903,6.25,12.6,7.4,9.26
2405009,26.38,32.55,24.7,28.7
2405108,21.44,26.9,20.5,23.61
2405207,12.94,17.8,9.6,14.33
2405306,59.38,63.2,49.2,58.83
2405405,57.75,60.55,46,56.41
2405504,51.44,63.95,50.9,56.76
2405603,7.38,14.15,4.3,9.65
2405702,8.81,11.5,6.5,9.48
2405801,52.94,68.35,56,60.3
2405900,9.25,22.35,10.9,15.3
2406007,12.94,22.45,15.9,17.72
2406106,10.69,15.8,8.6,12.46
2406155,105.38,110.1,90.5,104.2
2406205,65.56,73,57.4,67.02
2406304,97.12,101.95,82,95.93
2406403,52,57,39.2,51.39
2406502,13.5,17.05,12.6,14.85
2406601,79.62,80.25,66.4,77.02
2406700,24.44,28.65,21.7,25.67
2406809,33.31,33.95,25.9,31.98
2406908,11.06,19.45,10.9,14.67
2407005,13.81,20.05,19.3,17.72
2407104,106.5,116,95.2,108.17
2407203,6.81,10.9,5.8,8.37
2407252,14.75,23.1,19.1,19.33
2407302,10.38,19.7,11.8,14.74
2407401,8.5,16,8.7,11.8
2407500,108.25,121.25,119.8,116.41
2407609,12.75,19.4,10.1,15.07
2407708,123.69,122.15,130.4,124.48
2407807,105,111.65,94.3,105.57
2407906,64.06,70.4,49.5,63.65
2408003,9.06,10.75,6.6,9.26
2408102,128.75,133.7,129.5,131.07
2408201,145.12,152.45,135.5,146.22
2408300,85.81,88.95,76.9,85.24
2408409,11.81,18.45,11.3,14.59
2408508,9.94,13.45,6.9,10.8
2408607,12.62,28.4,17,20.43
2408706,10.62,14.35,10.2,12.15
2408805,41.5,56.5,39.8,47.65
2408904,12,13.9,11.8,12.78
2408953,100.44,111.1,110,107.15
2409100,73.81,75.9,67.2,73.28
2409209,105.38,110.1,90.5,104.2
2409308,13.81,18.9,11.7,15.57
2409332,74.81,84,72.8,78.37
2409407,9.38,12.95,10.2,11.11
2409506,52.56,62.6,53.7,57.17
2409605,29.88,37,28.1,32.59
2409704,14.69,17.05,8.8,14.43
2409803,125.19,121.6,124,123.37
2409902,7.19,11.35,6.4,8.83
2410009,10.62,18.85,9.6,13.98
2410108,77.81,88.8,84.7,84.09
2410207,7.44,10.95,9.2,9.35
2410256,6.25,9.15,7.1,7.7
2410306,55.88,60.8,41.5,54.89
2410405,90.62,104.05,96.1,97.65
2410504,10.19,12.85,13.8,12.13
2410603,12.88,17.65,10.1,14.35
2410702,6.88,12.15,7.8,9.37
2410801,11.69,16.05,15,14.3
2410900,56.31,64.75,50.1,58.63
2411007,5.06,11.35,5.8,7.96
2411056,5.12,6.9,6.8,6.26
2411106,43.88,50.75,36.8,45.33
2411205,38.88,46.35,28,39.76
2411403,10,13.1,11.9,11.76
2411429,11.31,12.7,12.7,12.22
2411502,70.19,73.7,66.3,70.87
2411601,43.38,55.8,43.5,48.8
2411700,37.19,43.15,29.3,38.07
2411809,7.5,12.9,4.2,9.13
2411908,7.19,11.1,5.7,8.57
2412005,121.06,129.35,123.9,125.28
2412104,7,12.85,4,8.89
2412203,133.75,141.45,120.6,134.24
2412302,56.25,63.25,48.6,57.63
2412401,8.62,11.55,6.6,9.46
2412500,10.38,16.95,15.2,14.28
2412559,62.25,71.15,64.6,66.63
2412609,62.5,61.3,53,59.91
2412708,79.69,90.35,71.5,82.54
2412807,11.31,14.05,11.2,12.48
2412906,30.81,31.1,23.3,29.3
2413003,11.12,12.95,11.7,12.04
2413102,69.69,72.25,57.5,68.15
2413201,148.5,149.8,142.8,147.83
2413300,67.94,71.85,56.9,67.24
2413359,6.75,11.9,7,9.04
2413409,8.38,13.7,4.5,9.85
2413508,78,81,58.9,75.15
2413557,10.75,19,11.3,14.46
2413607,5.38,12.85,7.2,9.02
2413706,46.81,52.95,31.8,46.22
2413805,7.44,11.55,7.6,9.26
2413904,90.69,105.4,101.7,99.48
2414001,47.94,56.65,32.3,48.33
2414100,10.88,26.8,14.9,18.67
2414159,11.06,12.25,11.6,11.7
2414209,140.5,140.1,138.8,139.96
2414308,7.38,13.75,4.6,9.54
2414407,80.06,90.8,82.8,85.33
2414456,12.81,14.95,7.6,12.61
2414506,8.94,13.85,8.9,11.07
2414605,9.62,13.6,9.8,11.39
2414704,105.62,108.25,94.8,104.41
2414753,12.81,19.25,21.3,17.46
2414803,105,111.65,94.3,105.57
2414902,6.88,12.15,7.8,9.37
2415008,155.25,163.15,155.4,158.72
2500106,19.69,31.55,32.6,27.65
2500205,18.69,30.35,21.3,24.33
2500304,139.62,132.3,140.2,136.57
2500403,145.25,139.95,141.4,142.11
2500502,134.69,124.3,133,129.8
2500536,53.25,42.55,45.3,46.87
2500577,64.69,63.3,66.7,64.52
2500601,230.38,231.6,212.7,227.07
2500700,19.44,20.2,23.2,20.59
2500734,18.62,23.1,15.2,19.83
2500775,11.88,28.9,21.6,21.39
2500809,114.75,116.25,104.8,113.24
2500908,138.81,139.05,136.8,138.48
2501005,82.88,80.9,73.9,80.07
2501104,138.88,131.35,136,134.98
2501153,17.56,20.3,19.5,19.17
2501203,92.31,84.95,87.6,88.09
2501302,101.69,95.7,103.4,99.46
2501351,17.19,21.1,24.4,20.46
2501401,159.62,171.4,165.5,166.02
2501500,137.19,138.75,132.4,136.83
2501534,17.69,26.15,15.7,20.93
2501575,52.12,45.75,47.1,48.26
2501609,46.75,43.9,39.1,43.85
2501708,36.75,31.8,31.8,33.52
2501807,202,196.25,188.7,196.61
2501906,120.75,118.75,107,116.89
2502003,12.25,16.75,8.1,13.3
2502052,15.62,21.15,24.7,20
2502102,16.81,23.8,21.7,20.91
2502151,32.44,32,28.3,31.35
2502201,15.75,17.35,18.4,17.02
2502300,8.62,25.4,10,16.22
2502409,23.12,28.6,30,27
2502508,38.56,34.35,30.1,34.89
2502607,17.12,28.2,20.7,22.72
2502706,137.19,138.75,132.4,136.83
2502805,11,13.9,6.3,11.24
2502904,9.25,24.65,9.7,16.04
2503001,230.56,223.35,219.7,225.07
2503100,38,34.05,36.2,35.89
2503209,205.88,227.85,199.1,213.96
2503308,15.12,14.55,15.9,15.04
2503407,11.69,14.55,6.4,11.78
2503506,83.88,79.05,78.9,80.7
2503555,12.75,18.35,9.5,14.48
2503605,109.12,106.6,94.8,104.91
2503704,16.12,21.25,19.8,19.15
2503753,22.44,45.3,22.1,32.3
2503803,109.25,103.45,109.2,106.72
2503902,18.12,21.5,18.8,19.74
2504009,93,90.15,85.4,90.11
2504033,130.19,137,130.2,133.15
2504074,14.38,21.7,19.9,18.76
2504108,18.94,31.5,21.1,24.87
2504157,90.81,85.95,88.6,88.22
2504207,10.75,25.65,12.2,17.54
2504306,10.38,24.8,9.9,16.54
2504355,52.88,43.4,42.6,46.52
2504405,17.5,25.95,32.4,24.41
2504504,9.88,30.7,10.3,19.02
2504603,221.81,232.4,212.1,224.3
2504702,15.5,22.85,21,19.89
2504801,22.12,43,22.3,31.24
2504850,15.88,23.65,20.1,20.17
2504900,135.06,131.4,131.5,132.7
2505006,16.06,20.45,11.6,17
2505105,46,43.5,34.7,42.46
2505204,134.69,124.3,133,129.8
2505238,123.69,126.1,115.6,122.98
2505279,104.38,108.85,107.3,106.96
2505303,16.25,25.95,22.9,21.91
2505352,72.94,64.05,65.1,67.37
2505402,15.62,20.8,10.7,16.8
2505501,6.94,19.85,6,12.35
2505600,18.62,22.25,29.6,22.59
2505709,117,115.45,104.1,113.52
2505808,115.38,111.45,103.7,111.13
2505907,10.38,28.55,15.7,19.43
2506004,102.94,102,106.6,103.33
2506103,87.06,87.45,82.9,86.33
2506202,18,19.15,13.7,17.57
2506251,57.12,50.2,53.2,53.26
2506301,129.81,121.4,119.7,123.96
2506400,100.94,91.75,98.2,96.35
2506509,20.44,24.05,29.1,23.89
2506608,19.94,27.2,33.7,26.09
2506707,15.12,28.1,26.2,23.17
2506806,101.81,96.6,103.3,99.87
2506905,104.38,94.1,96.5,98.2
2507002,17.69,25.2,20.2,21.5
2507101,118.12,122.9,111.5,118.76
2507200,86.5,81.35,86.9,84.35
2507309,123.69,122.15,130.4,124.48
2507408,8.81,24.6,9.1,15.74
2507507,222.38,238.75,216.1,228.13
2507606,110.94,102,104.3,105.61
2507705,15.62,18.65,23.2,18.59
2507804,17.56,20.05,19.1,18.98
2507903,120.69,113.05,112,115.48
2508000,29,36.2,39.8,34.48
2508109,8.81,24.6,9.1,15.74
2508208,106.94,103.35,98.3,103.5
2508307,114.06,114.4,111.7,113.7
2508406,12.12,28.2,20.8,21
2508505,15,22.8,14.9,18.37
2508554,99.25,98.7,89.4,96.87
2508604,185.5,210.85,180.5,195.43
2508703,11.19,22.2,13,16.37
2508802,7.56,26.4,5.7,15.35
2508901,130.12,144.5,124.9,135.24
2509008,20.06,32.4,29.6,27.5
2509057,160.94,163.95,155.3,161.02
2509107,110.12,105.25,108,107.54
2509156,19.75,27.75,24.6,24.28
2509206,113.25,111.25,115.5,112.87
2509305,150.38,160.7,156.2,156.13
2509339,124.75,119,129.5,123.28
2509370,9.19,23.25,8,15.04
2509396,12.56,20.85,9.4,15.48
2509404,91.88,81,81.2,84.83
2509503,92.31,84.95,87.6,88.09
2509602,23.5,26,31.1,26.24
2509701,19.12,30.1,23.8,24.91
2509800,114.25,104.75,107.2,108.59
2509909,111.88,104.45,105.7,107.3
2510006,16.44,28.55,21.5,22.8
2510105,26.38,32.55,24.7,28.7
2510204,15.81,23.05,22.6,20.43
2510303,14.69,22.35,7.8,16.52
2510402,11.06,23.35,17.3,17.76
2510501,22.69,22.1,20.4,21.93
2510600,18.25,25.5,16.8,21.09
2510659,17.69,21.5,23.8,20.67
2510709,14.19,17,9.4,14.37
2510808,7.31,15.35,4.3,10.15
2510907,8.62,24.3,6.4,14.96
2511004,15.81,23.05,22.6,20.43
2511103,16.06,22.65,9.8,17.57
2511202,203.44,207.65,184.5,201.15
2511301,10.94,21.2,18.4,17.02
2511400,22.25,25.95,20.4,23.46
2511509,110.19,105.75,107.9,107.76
2511608,159.56,156.2,156.1,157.35
2511707,144.25,141.65,139.8,142.15
2511806,120.75,118.75,107,116.89
2511905,233.44,229.1,220.9,228.83
2512002,60.44,52.25,55.7,55.85
2512036,12.81,19.25,21.3,17.46
2512077,17.69,21.05,26.3,21.02
2512101,11.5,26.4,11.2,17.91
2512200,19.31,24.55,15.6,20.78
2512309,29.38,39.6,36.4,35.35
2512408,100.38,88.65,96.3,94.39
2512507,73.69,78.6,73.8,75.85
2512606,9.88,14.1,5.7,10.8
2512705,102.94,102,106.6,103.33
2512721,115.06,119.6,117.6,117.59
2512747,89.5,87,80.5,86.46
2512754,101.81,96.6,103.3,99.87
2512762,113.88,111.6,119.2,114.04
2512788,38.44,32.6,28.3,33.7
2512804,9.94,20.7,8.6,14.33
2512903,160.94,163.95,155.3,161.02
2513000,16.56,21.9,23.7,20.43
2513109,100.38,88.8,100.3,95.33
2513158,86.62,81.1,83.7,83.59
2513208,9.81,27.35,11.5,17.8
2513307,18,19.55,21.3,19.39
2513356,20.19,25.7,28.9,24.48
2513406,12.88,19.35,12.9,15.7
2513505,22.69,30.85,32.5,28.37
2513604,12.75,24.2,20,19.3
2513653,16.75,22.4,24.8,20.96
2513703,168.94,178.55,167.2,172.74
2513802,11.12,22.25,6.9,15.04
2513851,16.25,20.05,25.9,20
2513901,9.75,14.2,7.4,11.17
2513927,11.62,29.05,14.6,19.85
2513943,22.25,29,27.3,26.28
2513968,22.75,48.55,19.7,33.3
2513984,12.38,28.8,17,20.52
2514008,23.25,29.1,30.1,27.28
2514107,37.44,40.15,40.4,39.26
2514206,15.12,27.95,23.3,22.48
2514305,22.44,31.7,28.8,27.85
2514404,7.44,15.9,3.9,10.35
2514453,96.25,89.1,86.3,90.98
2514503,20.75,26.25,20.5,23.09
2514552,30.69,45.5,40.5,39.26
2514602,11.19,19.95,7.7,14.24
2514651,9.69,14.65,3.7,10.54
2514701,14.25,17.2,12.6,15.17
2514800,16.88,24.5,17.2,20.26
2514909,11.81,18.1,9.3,14
2515005,142.88,134.15,134.5,137.26
2515104,106.88,100.15,104.1,103.35
2515203,28.62,32.85,36.8,32.24
2515302,141.44,135.85,136.9,138.02
2515401,17.12,21.05,16.4,18.67
2515500,19.75,29,24.2,24.74
2515609,120.75,118.75,107,116.89
2515708,22.44,31.7,28.8,27.85
2515807,113.69,109.9,120.2,113.46
2515906,159.56,156.2,156.1,157.35
2515930,120.75,118.75,107,116.89
2515971,113.88,111.6,119.2,114.04
2516003,121.19,120.05,110.4,118.35
2516102,24.62,23.15,22,23.41
2516151,18.69,23,12.8,19.28
2516201,15.06,30,22.4,23.15
2516300,20,24.25,16.8,21.15
2516409,91.38,87.3,79.9,87.11
2516508,16.31,24.8,19.7,20.74
2516607,29,36.2,39.8,34.48
2516706,11.88,17.85,7.6,13.54
2516755,15.94,17.05,18.8,17.04
2516805,19.19,20.15,22.8,20.39
2516904,15.44,23.9,24.6,21.11
2517001,82.38,81.7,82.7,82.15
2517100,9.12,15.05,5.7,10.96
2517209,13.12,29.5,19.6,21.65
2517407,20.88,28.75,24,24.98
2600054,224.56,230.85,232.9,229.11
2600104,27.25,33.05,40.2,32.59
2600203,24.5,21.9,11.2,20.48
2600302,121.38,139.15,119.9,128.78
2600401,275.62,282.5,280.5,279.67
2600500,89.56,107.25,82.9,95.8
2600609,53.31,65.75,61.2,60.43
2600708,178.56,178.2,172.4,177.07
2600807,90.62,115.5,99.7,103.41
2600906,195.75,200.4,200.6,198.83
2601003,195.12,207.9,206.6,203.17
2601052,219.19,210.35,215.5,214.54
2601102,14.06,12.4,9.8,12.41
2601201,48.94,54.6,63,54.46
2601300,214.38,214.25,214.5,214.35
2601409,280.56,308.2,295.7,295.87
2601508,201.75,214.7,211.5,209.5
2601607,9.94,18.95,11.3,14.15
2601706,60.5,67.05,63,63.89
2601805,17.19,36.2,25.1,27.17
2601904,122.69,110.8,106.5,114
2602001,13.5,18.8,18.6,16.91
2602100,164.94,181.75,161.7,171.54
2602209,141.5,124,145.2,134.7
2602308,193.06,193.2,194.9,193.52
2602407,178.19,196.25,188.2,188.22
2602506,12.69,21.05,13,16.39
2602605,60.06,75.35,70.5,68.98
2602704,161.5,157.3,159.9,159.33
2602803,64.31,66.9,68.7,66.39
2602902,263.69,254.95,269.6,261.17
2603009,11.94,19.1,12.6,15.2
2603108,68.38,81.3,67.2,73.74
2603207,122,137.75,128.2,130.2
2603306,143.38,154.25,138,146.93
2603405,25.44,39.2,33,33.07
2603454,277.81,251.55,274.6,265.7
2603504,158.5,162.35,156.4,159.72
2603603,145.5,122.5,129.1,131.93
2603702,205.94,210.65,204.5,207.67
2603801,105.81,107.05,110.9,107.46
2603900,29.06,38.4,40.9,35.7
2603926,12.31,20,13.1,15.83
2604007,157.81,158.65,166.2,160
2604106,67.5,86,72.2,76.57
2604155,96.88,90.45,97.6,94.24
2604205,238.31,228.4,224.5,231
2604304,17.06,23.55,20.4,20.61
2604403,160.88,163.65,162.5,162.43
2604502,152.31,142.1,154.8,148.41
2604601,219.88,199.5,203.6,207.48
2604700,216.81,231.75,230.2,226.22
2604809,225.69,226.85,226.7,226.41
2604908,95,93.55,95,94.37
2605004,154.44,171.9,151.6,161.41
2605103,27.25,40.6,34.3,34.59
2605152,17.31,20.6,12.4,17.67
2605202,206.44,214.5,213.2,211.41
2605301,12.94,20.5,22,18.2
2605400,143.62,138.9,152.6,143.52
2605509,145.5,122.5,129.1,131.93
2605608,32.56,40.9,36.8,37.11
2605707,11.88,24.25,14.7,17.87
2605806,87.25,97.55,90.5,92.43
2605905,286.25,301.3,291.1,293.85
2606002,173.75,194.6,190.1,186.37
2606101,128.44,130.1,142.5,132.22
2606200,232.5,216,217.3,222.02
2606309,14.5,22.6,19.3,19.07
2606408,109.19,105.65,111.6,108.17
2606507,120,127.75,116.5,122.61
2606606,28.75,44.45,25.6,34.89
2606705,125.75,135.8,123.2,129.57
2606804,254.62,244,259.3,251.02
2606903,25.88,31.35,35.3,30.3
2607000,39.94,54.95,43.2,47.17
2607109,24.94,29.35,34.1,28.85
2607208,262.25,287.65,284.3,278.09
2607307,11.5,11.9,13.3,12.07
2607406,13.12,18.6,10.7,14.98
2607505,74.56,82.45,69.3,76.85
2607604,259.75,244.95,257.6,252.85
2607653,169.06,154.35,149.2,158.35
2607703,10.94,19.85,8.7,14.33
2607752,228,219,226.8,223.83
2607802,211.19,208.15,202.9,208.07
2607901,274.88,248.75,271.4,262.76
2607950,224.12,228.1,215,223.87
2608008,42.81,46.75,49.1,45.89
2608057,41.75,64.55,50.5,53.57
2608107,136.25,120.45,142.4,130.72
2608206,252,236.55,243.1,243.35
2608255,138.12,140.6,137.1,138.98
2608305,143.38,154.25,138,146.93
2608404,164.12,175,156.7,167.24
2608453,157.81,158.65,166.2,160
2608503,160.88,163.65,162.5,162.43
2608602,190.81,211.55,205.5,203.02
2608701,201.75,214.7,211.5,209.5
2608750,11.69,17.3,10.5,13.87
2608800,125.75,135.8,123.2,129.57
2608909,147.81,129.5,148.7,140.04
2609006,126.81,105,114.8,114.72
2609105,141.5,124,145.2,134.7
2609154,60.62,75.15,64.6,67.8
2609204,253.62,255.8,252.9,254.41
2609303,10.19,21.75,12.5,15.72
2609402,220.31,207.35,215.9,213.72
2609501,160.31,165.15,164.4,163.3
2609600,273.62,253.6,274.4,265.09
2609709,141.5,124,145.2,134.7
2609808,12.62,18.7,10.4,14.78
2609907,14.62,18.5,9.3,15.15
2610004,256.38,237.9,242.5,245.33
2610103,219.69,233.45,226.8,227.22
2610202,164.75,168.25,155.9,164.35
2610301,102.56,111.35,105.3,106.98
2610400,15.44,20,13.1,16.91
2610509,114.44,107.1,112.1,110.74
2610608,221.94,198,207.4,208.37
2610707,273.62,253.6,274.4,265.09
2610806,58.56,82.75,66.7,70.85
2610905,54.44,62.8,61.8,59.67
2611002,15.75,33.7,22.4,25
2611101,15.81,18.4,13.1,16.35
2611200,52.94,61.6,57.8,57.76
2611309,124.19,135.65,142.2,133.09
2611408,197.56,217.85,204.4,207.87
2611507,217.56,224.5,212.3,219.43
2611533,32.94,42.5,41.6,38.98
2611606,271.25,256.3,271.3,264.76
2611705,88.44,92.55,88.2,90.17
2611804,280.69,292.2,287.4,287.15
2611903,289.06,311.65,296.1,300.41
2612000,174.44,177.45,175,175.87
2612109,120.69,104.15,118.8,113.09
2612208,11.12,19.75,14.1,15.52
2612307,121.56,140.6,120.1,129.52
2612406,56.5,70.2,62.1,63.67
2612455,16.94,18.25,11.1,16.24
2612471,21.88,41.05,33.5,32.74
2612505,23.06,26.35,21,24.04
2612554,16.44,18.05,13.7,16.54
2612604,13.25,15,11.7,13.67
2612703,83.38,95,88,89.43
2612802,19,25.35,27.2,23.54
2612901,230.94,240.1,228.7,234.43
2613008,79.12,91.25,81.4,84.89
2613107,66.88,91.75,77.3,79.96
2613206,166,192.55,173.9,179.26
2613305,148,158.9,133,149.48
2613404,279.06,309.45,298.6,296.52
2613503,17.12,23.55,16.6,19.8
2613602,16.38,23.05,13.8,18.72
2613701,201.31,182.45,194.3,191.59
2613800,138,118.75,135.6,129.11
2613909,15.5,29.55,24,23.46
2614006,13,21.2,16,17.22
2614105,25.38,39.55,36.1,33.87
2614204,282.75,300.75,291.1,292.39
2614303,16.19,28.65,21.6,22.78
2614402,22.44,32.4,37,29.93
2614501,92.06,90.95,95.5,92.33
2614600,20.5,30.55,33.1,27.61
2614709,65.62,73.4,59.2,67.61
2614808,35.38,55.45,41.9,45.52
2614857,282.88,305.85,297.6,296.07
2615003,68.38,71.1,67.3,69.33
2615102,159.69,182.15,157.5,168.98
2615201,10.56,19.7,14.1,15.3
2615300,135.88,115.4,127.1,125.07
2615409,76.88,80.85,78.4,78.93
2615508,185.38,183.65,184.3,184.39
2615607,14.69,13.9,14.5,14.3
2615706,28.56,46.8,39.1,38.78
2615805,53.69,68.15,58.7,61.07
2615904,18.38,27.75,18.9,22.57
2616001,58.56,82.75,66.7,70.85
2616100,11.62,22.75,15.9,17.39
2616183,75.62,76.65,75.3,76
2616209,91.06,88.75,85.8,88.91
2616308,158.19,151.05,152.4,153.83
2616407,133.44,167.6,164.8,155.11
2616506,283.69,275.1,271.4,277.28
2700102,66.5,76.7,82.5,74.41
2700201,203.12,208.9,218.2,208.91
2700300,157.38,144.3,147.1,149.46
2700409,255.06,277.8,274.2,269.11
2700508,305.5,299.9,289.3,299.54
2700607,292.31,273.65,305.7,287.11
2700706,101.94,97.3,105.4,100.67
2700805,210.06,203.15,196,204
2700904,104.19,98.25,115.3,104.02
2701001,243.38,258.9,268,255.48
2701100,253.5,260.6,251.3,256.11
2701209,117.62,118.5,104.7,115.2
2701308,245.12,262.15,249.2,253.41
2701357,278.12,280.9,278,279.3
2701407,230.81,220.3,253.5,231.17
2701506,136.75,138.25,166.5,143.87
2701605,75.62,80.55,86.6,80.15
2701704,247.31,270.25,250.1,257.89
2701803,79.81,92.55,93.9,88.41
2701902,235.81,247.7,248.7,243.78
2702009,178.5,178.95,165.3,175.83
2702108,262.88,264.6,267.6,264.65
2702207,305.88,288.8,331.5,304.02
2702306,221.44,203.05,243.2,218.17
2702355,144.06,133.05,124.5,135.02
2702405,57.31,72.75,74.3,67.72
2702504,104.94,111.45,107.4,108.3
2702553,153.75,154.65,136.8,150.46
2702603,154.94,137.85,163.3,149.33
2702702,217.5,190.3,251.3,213.02
2702801,292.38,290.1,287.6,290.35
2702900,118.06,120.45,119,119.3
2703007,251.5,253,248.5,251.5
2703106,170.81,160.95,149.3,161.85
2703205,166.25,170.7,218.7,179.59
2703304,74.19,85.8,84.8,81.54
2703403,94.94,97.35,103.5,97.85
2703502,285.88,289.55,278.4,285.85
2703601,291,308.45,292.1,298.83
2703700,115.62,108.95,101.8,109.72
2703759,273.62,262.75,280.5,270.39
2703809,275.81,273.9,264.4,272.5
2703908,281.88,282.6,276,280.91
2704005,202.31,191.3,206.3,198.39
2704104,128.75,131.85,144.2,133.46
2704203,204.19,193.6,201.7,199.04
2704302,306.75,291.95,322.4,303.72
2704401,109.44,101.5,105.2,105.07
2704500,287.31,312.2,297.2,300.28
2704609,80.75,89.3,82,84.74
2704708,287.69,284.1,313.8,291.8
2704807,228.5,238.85,223.3,231.87
2704906,209.19,204.9,196.3,204.52
2705002,66.06,74.05,77.6,72.04
2705101,301.44,299.8,305.3,301.57
2705200,280.25,281.2,296.9,284.28
2705309,127.12,135.15,122.1,129.52
2705408,94.94,97.35,103.5,97.85
2705507,277.75,271.2,254.5,269.85
2705606,281.88,280.3,275.8,279.87
2705705,93.81,97.25,98.3,96.28
2705804,64.62,82.35,80.8,75.85
2705903,149.81,146.85,183,155.74
2706000,98.12,100.5,99.7,99.5
2706109,81.38,84.95,79.8,82.59
2706208,91.38,93.5,98.4,93.83
2706307,171.69,169.2,150.3,165.96
2706406,76.56,87.6,92.8,84.89
2706422,54.94,72.45,72.6,66.39
2706448,316.44,306.2,310.2,310.63
2706505,295.38,303.7,296.4,299.22
2706604,201.81,206.2,202.7,203.91
2706703,209.75,188,250.7,209.2
2706802,203.12,183.6,243.5,203.41
2706901,258.25,275.15,269.6,268.07
2707008,230.69,244,231.3,236.61
2707107,57.06,78.7,75.9,70.57
2707206,80.75,89.3,82,84.74
2707305,282.5,296.4,278.3,287.63
2707404,295.06,298.55,291.4,295.78
2707503,153.25,154.45,196.3,163.13
2707602,201.81,206.2,202.7,203.91
2707701,294.81,291.3,319.2,298.59
2707800,292.31,273.65,305.7,287.11
2707909,305.88,288.8,331.5,304.02
2708006,86.31,96.5,97.2,93.11
2708105,247.88,251.75,252.5,250.57
2708204,148.69,150.9,189,158.41
2708303,231,232.5,236.2,232.78
2708402,77.69,86.15,93.8,84.87
2708501,286.94,301.45,282.7,292.33
2708600,271.69,271.2,280.2,273.33
2708709,295.38,303.7,296.4,299.22
2708808,191.44,172.9,209.5,187.3
2708907,298.69,285.85,322.2,298.22
2708956,86.06,92.3,98.4,91.46
2709004,210.06,203.15,196,204
2709103,199.12,198.35,201.7,199.35
2709152,216.75,198.15,240.9,213.91
2709202,118.19,114,129.6,118.85
2709301,251.88,256.05,256.6,254.72
2709400,238.12,250.2,236,242.91
2800100,144.38,145,185.7,153.63
2800209,156.19,168.8,198.5,170.87
2800308,246.25,245.2,312.2,260.13
2800407,258.75,281.85,338.9,286.22
2800506,237.94,240.15,312.1,255.02
2800605,239,239.9,300.1,252.67
2800670,252.94,272.6,333.4,278.98
2800704,194.94,179.75,238.9,197.89
2801009,212,216.15,286.7,230.04
2801108,140.31,144.8,174.9,149.78
2801207,70.19,74.65,71.9,72.5
2801306,198.56,197.45,247.7,208.76
2801405,127.19,144.2,163.3,142.43
2801504,226.19,224.7,285.5,238.43
2801603,154.94,168.3,202,170.98
2801702,222.62,243.75,300.7,248.78
2801900,179.88,186.2,229,193.3
2802007,236.38,236.9,311,252.83
2802106,267.75,299.15,351.1,299.52
2802205,150.25,147.15,181.5,155.7
2802304,177,175.5,238,189.61
2802403,113.75,105.2,146.8,117.22
2802502,226.19,224.7,285.5,238.43
2802601,165.25,156.3,203.5,169.67
2802700,179.44,182.85,223.8,190.57
2802809,259.56,280,341.4,286.24
2802908,214.06,205.7,282.4,225.28
2803005,223.56,260.35,313.2,259.04
2803104,133.25,141.8,165.2,143.91
2803203,254.56,271.85,329.1,278.28
2803302,216.12,217.85,270.4,228.67
2803401,185.88,194.9,235.3,200.54
2803500,228.88,239.75,315.6,252.46
2803609,243.88,241.9,312.9,258.02
2803708,196.44,198.45,260.7,211.28
2803807,173.19,183.2,220.9,187.91
2803906,233.38,235.05,307.9,250.3
2804003,243.19,241.5,309.8,256.93
2804102,211.06,210.4,284.9,226.83
2804201,87.69,91.7,106.3,93.48
2804300,173.19,183.2,220.9,187.91
2804409,172.12,176.4,222.6,184.96
2804458,142.81,151.3,192,157.2
2804508,97.69,95.85,127.7,103.41
2804607,190.25,197.85,251.3,206.83
2804706,127.69,128.2,157.5,134.39
2804805,243.88,241.9,312.9,258.02
2804904,188.88,188.85,237,199.33
2805000,189,198.9,257.3,208.15
2805109,245,269.65,324.9,273.09
2805208,157.94,169.15,216.2,175.48
2805307,222.94,217.55,272.8,231.43
2805406,72.12,79.1,78.2,76.48
2805505,113.12,128.25,134.9,124.43
2805604,90.88,92.3,117.5,97.28
2805703,154.94,168.3,202,170.98
2805802,199.5,228.3,259.4,225.04
2805901,240.31,245.85,314.3,258.8
2806008,195,194.45,256.2,208.07
2806107,233.81,232.2,292.8,245.93
2806206,255.88,274.2,331.2,280.22
2806305,260.19,292.4,339.9,291.52
2806404,169.75,174.15,221.8,182.98
2806503,233.38,235.05,307.9,250.3
2806602,238.94,233.4,289.5,247.52
2806701,253.81,258.75,324.7,271.37
2806800,212,216.15,286.7,230.04
2806909,175.44,190.1,226.3,192.87
2807006,165.12,168,208.5,175.8
2807105,166.81,185.45,224.2,187.39
2807204,226.5,223.6,293.9,239.89
2807303,148.69,150.9,189,158.41
2807402,134,150.7,169.6,149
2807501,202.62,215,284.8,225.87
2807600,241.5,263.2,322.6,268.57
2900108,92.38,72.3,108.8,87.22
2900207,8.75,15.15,9.9,11.78
2900306,185.12,181.65,244.8,196.59
2900355,114.56,130.8,125.8,124.07
2900405,125.88,141.2,165.7,141.2
2900504,77.38,61.85,91.7,73.74
2900603,142.81,137.1,147.9,141.43
2900702,202.06,205.75,275.2,219.57
2900801,257.94,208.2,283.8,241.93
2900900,190.88,249.95,239,227.02
2901007,127.88,139.8,120.5,131.46
2901106,201.5,200.6,249.6,211.57
2901155,41.69,43.8,33.4,40.8
2901205,68.62,50.25,60.9,58.96
2901304,79.5,94.9,100.1,90.67
2901353,51.56,49.3,63,53.07
2901403,72,69.3,72.8,71
2901502,116.5,130.45,144.3,128.61
2901601,96.38,119.95,117.1,111.13
2901700,124,137,163.8,138.3
2901809,81.06,79.85,93.3,83.2
2901908,180.81,190.35,240.8,198
2901957,190.88,209,215,204
2902005,56.81,43.85,60.9,52.07
2902054,244.5,236.05,320.6,257.37
2902104,72.38,68.8,78.5,72.15
2902203,165.62,183.8,231.3,187.8
2902252,206.19,237.9,229.5,225.04
2902302,300.06,334.05,372.3,330.54
2902401,222,239.9,236.1,232.85
2902500,79,79.25,85.9,80.61
2902609,91.31,98.2,105.7,97.43
2902658,75.25,91,110.2,89.7
2902708,51.94,37,34.8,41.72
2902807,66.06,55.65,79.2,64.39
2902906,119,100,115.2,109.91
2903003,43.5,38.6,37.7,40.11
2903102,195.88,219.4,235.2,214.65
2903201,97.38,96.55,105.9,98.87
2903235,37.38,49.1,42.9,43.67
2903276,87.62,87.25,89.7,87.91
2903300,233.19,292.1,286.9,270.48
2903409,253.44,276.9,272.2,267.72
2903508,81.56,54.65,87.4,71.13
2903607,90.56,100.3,110.6,99.15
2903706,106.69,98.2,91.8,99.76
2903805,48.12,59.5,51.9,53.89
2903904,58.44,49,69.2,56.67
2903953,70.81,63.6,59.4,65.2
2904001,57.12,63.55,74.8,63.76
2904050,83.5,88.15,93.5,87.7
2904100,55.69,37.6,56.4,47.98
2904209,74.94,48.3,80.5,64.57
2904308,94.56,108.15,85.2,98.43
2904407,75.12,61.2,59,65.57
2904506,47.94,44.95,54.7,48.11
2904605,47.88,47.7,55.8,49.52
2904704,253.31,313.7,294.2,288.46
2904753,54.06,35.5,39.2,42.76
2904803,126.06,125.05,135.4,127.65
2904852,154.75,182.45,194.2,175.37
2904902,238.5,230.2,272,242.17
2905008,66.62,42.8,73.8,57.83
2905107,82.94,95.55,101.2,92.39
2905156,61.06,41.5,59.3,52.17
2905206,64.56,44.3,58.4,54.41
2905305,43.19,62.15,54.6,53.91
2905404,349.75,404.65,444.5,394.22
2905503,78.5,87.5,89.8,84.87
2905602,207.69,224.55,208.1,215.11
2905701,297.06,305.8,365.8,315.8
2905800,300.12,325.15,351.4,322.15
2905909,44.25,31.8,39.2,37.74
2906006,42.06,42.75,45.8,43.17
2906105,86.88,66.6,77,75.91
2906204,39.06,52.4,41.6,45.41
2906303,274.38,285.45,276.4,279.63
2906402,99.94,99.05,122,104.35
2906501,298.44,285.25,346.3,303.11
2906600,61,39.2,68.2,53.09
2906709,84.62,66.35,110.9,82.39
2906808,47.88,58.55,66.1,56.48
2906824,52.62,64.85,71,61.93
2906857,65.88,63.35,71.1,65.91
2906873,61.56,63.5,65.4,63.24
2906899,67.44,47.4,68.9,59.04
2906907,226.62,210.05,269.8,228.8
2907004,278.94,278.5,359.2,296.2
2907103,59.06,47.7,65.6,55.54
2907202,23.31,20.7,14.5,20.26
2907301,130.5,148.9,152,143.17
2907400,81.38,79.2,92.4,82.83
2907509,223.31,247.45,303.8,251.3
2907558,74.81,51.9,82.1,66.43
2907608,44.44,34.9,29.4,37.02
2907707,11.62,16.25,13.2,13.98
2907806,91.44,110.35,119.7,105.8
2907905,84.25,87.45,113.5,92
2908002,217.12,272.2,259.5,250.28
2908101,88.75,76.95,98.7,85.78
2908200,192.44,205.15,231.5,206.46
2908309,192.06,214.9,231.7,210.61
2908408,79,79.4,88.7,81.28
2908507,180.94,176.65,238.1,191.5
2908606,266.38,268.55,349.5,285.39
2908705,76.56,56.95,101.1,73.37
2908804,52,41.85,60.9,49.52
2908903,153.69,166.75,213.2,172.3
2909000,77.19,56.35,93.2,71.61
2909109,82.06,68.7,90.7,78.13
2909208,94.25,115.25,110.5,106.91
2909307,110.44,70.05,111.4,93.09
2909406,77.75,60.15,64.4,67.2
2909505,194.5,203.9,196.6,199.04
2909604,148.81,165.35,198.3,166.76
2909703,76.69,64.5,76.4,71.33
2909802,169.94,196.95,199.5,188.11
2909901,11.75,17.3,13.3,14.5
2910008,151.12,158.4,159.3,156.07
2910057,297.06,305.8,365.8,315.8
2910107,58.38,49.65,64.8,55.98
2910206,252.88,291.2,301.4,280.09
2910305,127.81,138.65,128.7,132.72
2910404,89.06,75.9,105.2,86.85
2910503,264.19,266.75,351.6,284.3
2910602,258.62,265.05,343.1,279.78
2910701,65.69,84.85,89.1,79.11
2910727,184.5,204.35,218.1,200.43
2910750,101.44,123.8,126.2,116.54
2910776,72.44,59.3,84.5,69.35
2910800,119.25,145.3,158.1,139.02
2910859,71.75,74.85,88.6,76.76
2910909,122.88,156.4,151.8,143.74
2911006,163.25,204.6,199.2,189.04
2911105,89.88,73.25,77.2,79.89
2911204,281.69,332.75,343,317.22
2911253,63.62,61.7,66,63.3
2911303,47.5,37.25,44.3,42.35
2911402,29.88,47.1,41.6,39.91
2911501,201.62,221.2,230.1,216.33
2911600,163.31,191.1,199,183.15
2911659,62.12,45.85,71.3,57.04
2911709,62.38,43.9,62.3,54.33
2911808,173,166.55,193.3,174.61
2911857,91.56,108.25,119,104.78
2911907,54.31,49.6,49,51.11
2912004,68.5,44.6,67.2,57.83
2912103,208.69,264.2,251.3,242.09
2912202,90.38,88.8,112.3,94.46
2912301,172.31,198.9,202.6,190.46
2912400,40.81,35.1,34.1,36.87
2912509,61.12,48.15,76.6,58.85
2912608,52.5,61.5,60.3,58.11
2912707,230.38,253,265.8,247.91
2912806,183.19,156.65,214.8,178.52
2912905,200.75,223.35,219.2,214.59
2913002,48.94,39.2,74.1,50.17
2913101,35.75,37.25,28.8,34.89
2913200,58.94,44.15,57.6,52.22
2913309,97.19,91.7,106.2,96.76
2913408,68.56,44.7,58.3,55.96
2913457,303.81,348.55,357.4,334.91
2913507,148.56,161.65,158.7,156.46
2913606,278.62,338.75,337.4,317.54
2913705,157.31,177.3,217.6,179.11
2913804,108.75,106.85,130.3,112.61
2913903,171,172.75,189.6,175.8
2914000,77.69,79.25,77.6,78.35
2914109,46.06,42.15,51.4,45.52
2914208,86.62,100.05,79.1,90.83
2914307,72.81,64.7,82.1,71.3
2914406,88.75,94.5,97.9,93.24
2914505,140.94,151.65,182.3,154.59
2914604,38.81,38.95,28.3,36.59
2914653,231.19,220.85,247.6,230.26
2914703,63.69,67.6,61.2,64.85
2914802,241.44,300.35,294,278.48
2914901,286.31,310.25,334.8,307.26
2915007,62.38,68.8,75.7,68.07
2915106,110.19,118.35,120.4,115.96
2915205,145.12,150.35,152.5,149
2915304,164.19,180.6,185.2,175.89
2915353,34.56,29.6,26.1,30.57
2915403,120.12,155.95,145.6,141.24
2915502,229.31,291.6,279.2,267.24
2915601,222.94,196.4,240.9,215.3
2915700,222.81,242.6,247.8,236.85
2915809,123.62,109.55,136.4,120.28
2915908,278.06,297.8,386.1,310.13
2916005,185.88,162,216.5,182.15
2916104,320.62,287.75,380.4,319.33
2916203,217.25,281.65,258.7,254.26
2916302,191.12,195.2,201.8,195.22
2916401,120.75,141.7,153.8,137.04
2916500,110.5,127.4,145.4,125.43
2916609,197.81,220,225,213.37
2916708,167.94,179.1,174.5,174.22
2916807,134.31,133.65,143.9,136.11
2916856,76.31,86.4,67.3,78.74
2916906,96,113.2,99.9,104.33
2917003,48.5,53.7,59.4,53.13
2917102,123,147.1,149.8,139.3
2917201,56.62,50.05,74.7,57.7
2917300,333.69,376.75,405.2,367.96
2917334,68.69,43,66.3,57
2917359,113.38,78.75,113,98.24
2917409,76.44,48.7,86.1,66.48
2917508,80.62,85.85,95.8,86.2
2917607,140.31,141.65,153.5,143.76
2917706,46.19,46.1,54.1,47.87
2917805,337.94,365.5,435.8,371.2
2917904,255.25,267.85,335.3,278.13
2918001,87.5,104.35,90.4,95.46
2918100,59.94,69.55,77.3,67.89
2918209,196.19,229.75,214.2,214.7
2918308,153.81,162.7,175.1,162.3
2918357,35.69,45.65,26.1,37.93
2918407,16.62,18.2,11.7,16.24
2918456,201.75,183.7,222.3,198.37
2918506,33.94,31.9,21.7,30.39
2918555,192,240.8,210.4,217.22
2918605,84.75,66.9,97.6,79.78
2918704,85.38,101.95,90.8,93.76
2918753,64.38,45,62.1,55.46
2918803,242,295.3,285.2,274.57
2918902,151.06,118.85,175.5,142.37
2919009,71.38,73.45,63.9,70.65
2919058,84.62,107.15,92.6,96.15
2919108,106.19,105.15,120.1,108.76
2919157,33.88,38.4,33.9,35.85
2919207,298.81,290.25,392.4,315.43
2919306,83.94,93.6,101.6,91.98
2919405,68.25,43.65,70.6,58.07
2919504,58.88,47.5,58.3,53.8
2919553,101.38,91.7,137.7,105.07
2919603,83.56,94.95,92.7,90.5
2919702,108.12,104,130.3,111.15
2919801,62.81,42.05,82.9,58.15
2919900,12.25,17.45,16.5,15.43
2919926,297.44,271.75,352.8,298.3
2919959,56.81,46.05,68.8,54.74
2920007,112,109.55,128,114.41
2920106,91.38,94.55,108.6,96.5
2920205,62.5,43.85,61,54.07
2920304,55.88,44.95,62.1,52.48
2920403,56.19,47.55,50.3,51.15
2920452,65.75,50.75,55.9,57.09
2920502,63.75,71.15,69.5,68.22
2920601,275.31,288.3,336.3,294.22
2920700,291.25,317.25,332.6,311.54
2920809,50.44,63.65,53.3,56.8
2920908,241.12,246.35,242,243.59
2921005,290.94,299.6,376.9,313.39
2921054,63.62,44.05,57.7,53.83
2921104,178.81,155.25,207.6,174.83
2921203,69.81,74.95,72.8,72.7
2921302,98.88,110.7,85.4,101.09
2921401,49.94,51.25,53.3,51.24
2921450,49.88,38.55,53.8,45.8
2921500,48.56,52.95,64.3,53.89
2921609,59.44,42.8,61.3,52.61
2921708,50.31,60.2,50.1,54.57
2921807,76.06,51.85,86.6,67.83
2921906,82.31,83.05,100.9,86.67
2922003,203,178.65,226.2,197.46
2922052,72.31,79.6,84.9,78.22
2922102,99.25,109.3,98.3,103.41
2922201,300.06,334.05,372.3,330.54
2922250,64.06,47,57.6,55.24
2922300,196.81,214.95,228.4,211.57
2922409,196.19,229.75,214.2,214.7
2922508,283.31,295.7,348.4,302.85
2922607,350.62,396.3,430.5,387.85
2922656,49.88,56.7,65.4,56.22
2922706,133.94,153.7,161.8,148.59
2922730,71.88,68.9,75.3,71.33
2922755,245.56,277.4,277.2,266.28
2922805,76.19,77.15,57.4,72.52
2922854,64.25,71.6,79.5,70.76
2922904,81.62,89.9,116.1,92.72
2923001,211.12,185.6,256.9,209.98
2923035,68.31,53.5,76.5,63.65
2923050,85.44,102.55,114.7,99.24
2923100,102.31,120.1,141.5,118.57
2923209,55,41.45,55,49.11
2923308,154.19,160.05,211.6,169.22
2923357,33.31,33.4,34.3,33.57
2923407,58.31,40.1,44.9,47.48
2923506,77.06,84.35,86.4,82.26
2923605,72.38,54.7,71.6,64.52
2923704,58.62,39.95,53.1,49.3
2923803,135.56,156.85,160.4,150.22
2923902,183.94,209.4,196,197.63
2924009,48.94,67.05,58.3,58.85
2924058,71.88,75.65,77.4,74.72
2924108,163.31,168.25,223.3,178.5
2924207,77.81,93.95,85,86.39
2924306,81.25,70.15,105.7,81.74
2924405,38.75,32.4,33.4,34.83
2924504,61.62,42.85,68.6,54.98
2924603,80.06,79.25,90.9,82.07
2924652,79.19,79.3,82.9,80.04
2924678,297.5,342,352.2,328.74
2924702,74.69,55.7,93.1,70.43
2924801,81.5,92.05,75.3,84.74
2924900,63.31,68.45,58.2,64.43
2925006,118.56,111.3,114.9,114.61
2925105,117.69,104.45,88.1,105.5
2925204,265.19,271.95,352.3,287.07
2925253,72.38,75.65,75.5,74.48
2925303,242.12,255.35,294.9,259.35
2925402,196.25,207.5,211.7,204.5
2925501,268.88,221.65,285.2,251.89
2925600,44.75,37.8,30.3,38.59
2925709,59.12,48.4,73.4,57.57
2925758,226.88,304.9,273.4,270.91
2925808,47.12,51.95,59.3,51.87
2925907,60.62,75.8,74.4,70.22
2925931,68.44,78.05,78.4,74.78
2925956,94.69,92.35,105.4,96
2926004,27.81,23.25,23.4,24.87
2926103,70.44,66.1,81.7,71
2926202,71.81,79.45,83.3,77.63
2926301,75.12,80.4,87.3,80.07
2926400,61.31,42.85,63.6,53.78
2926509,92.38,103.7,111.1,101.37
2926608,81.31,94,116.4,94.46
2926657,104.38,93,116.8,102.13
2926707,73,62.9,89.7,72.24
2926806,62.56,45,65.2,55.5
2926905,81.12,60.15,99.2,75.93
2927002,185.75,195.45,256.6,205.37
2927101,16.69,30.85,22.9,24.2
2927200,87,94.65,77.4,88.24
2927309,310.38,283.65,377.3,313.3
2927408,317.56,297.9,384.2,323.5
2927507,110.75,127.1,147.2,125.78
2927606,64.38,69.55,72.1,68.3
2927705,245.38,265.9,288.7,263.72
2927804,139.94,175.7,169.5,161.91
2927903,121.19,147.7,115.6,131.5
2928000,62.44,60.2,71.1,63.35
2928059,271.69,286.75,269.4,277.74
2928109,99.81,69.85,97,86.17
2928208,84,60.15,67,69.93
2928307,119.25,131.05,148.4,130.72
2928406,68.31,59.6,69.5,64.78
2928505,100,116.5,122.8,112.13
2928604,218.19,220.55,261.8,228.7
2928703,258.88,310.25,302.7,290.74
2928802,131.5,148.55,157.3,144.52
2928901,98.81,90.05,110.7,97.59
2928950,68.62,63.05,75.9,67.78
2929008,214.12,219.35,237.3,221.43
2929057,89.06,64.8,84.3,77.48
2929107,257.69,278.25,304.5,276.8
2929206,268.75,263.1,311.4,275.57
2929255,33.5,39.3,24.9,34.15
2929305,159.62,174.5,191,172.91
2929354,223.19,281.5,244.7,253.22
2929370,61.31,63.85,66,63.43
2929404,168.69,210.4,199.1,193.43
2929503,269.12,272.75,326.8,283.24
2929602,154.94,181.2,176.8,171.11
2929701,97.25,114.25,137.4,113.37
2929750,283.06,264,335.2,286.11
2929800,81.62,88.9,102.8,89.39
2929909,51.25,60,63.1,57.63
2930006,65.44,40.55,60.9,53.63
2930105,71.62,74.7,86.3,76.15
2930154,62.06,51.65,75.5,60.46
2930204,27.06,16.15,24.7,21.8
2930303,71.69,57.4,55,61.85
2930402,89.75,98,108.9,97.5
2930501,98.12,95.8,99.7,97.46
2930600,73.69,82.85,83.8,79.87
2930709,308.06,287.75,382.5,315.41
2930758,60.88,48.7,54.4,54.17
2930766,96.12,118,115.6,109.87
2930774,19.81,13.7,12.5,15.57
2930808,53.94,60.7,54.1,56.91
2930907,80.56,70.05,79.3,75.72
2931004,53.06,40.5,59.8,49.07
2931053,69.75,46.8,72.5,60.37
2931103,107.31,117.3,135.6,117.8
2931202,317.44,372.8,391.9,357.7
2931301,91.88,98.5,78,91.74
2931350,205,187.3,253.4,207.83
2931400,182.06,180.1,238,193.37
2931509,86.25,86.25,93.9,87.91
2931608,258.75,304.7,298.8,287.43
2931707,222.94,233,284.5,240.7
2931806,80.19,60.55,104.1,76.85
2931905,73.44,72.55,83,75.13
2932002,29.06,36.1,43.6,35.28
2932101,179.06,198.55,165.3,184.54
2932200,223.19,237.5,256.9,236.74
2932309,203.25,242.75,230.9,226.43
2932408,48.75,37.4,29.8,39.7
2932457,29.69,24.55,26,26.65
2932507,270.06,302.3,282.8,286.85
2932606,66.38,40.45,70.2,55.93
2932705,260.88,298.6,284.8,282.48
2932804,90.56,92.2,81.1,89.22
2932903,313.81,360.2,405.1,353.83
2933000,66.25,61.65,76.1,66.39
2933059,66.81,66.9,74.5,68.52
2933109,83.94,88.8,91.9,87.78
2933158,44.5,50.15,43.9,46.83
2933174,183.88,220.95,212.1,206.13
2933208,326.62,318.85,415.5,342.57
2933257,196.69,197.6,225,203.24
2933307,93.25,64.45,93,80.67
2933406,84.06,85.9,80,83.98
2933455,76.25,49.4,62.6,61.61
2933505,216.81,231.1,247.7,229.74
2933604,36.19,32.1,21.8,31.28
3100104,174.19,118.7,154.2,145.72
3100203,133,125.15,134.6,129.93
3100302,165.25,160.45,145.6,158.89
3100401,163.62,166.85,174.7,167.43
3100500,152.19,125.85,164.2,143.35
3100609,134.81,109.25,146.5,126.24
3100708,226.75,162.2,191,190.91
3100807,190.81,183.55,170,183.13
3100906,141.75,104.5,167.6,131.17
3101003,89.38,68.65,114.1,85.74
3101102,129.06,108.8,121.7,118.65
3101201,219.06,215.1,209.4,215.24
3101300,265.06,255.25,267.9,261.41
3101409,260.5,215.3,253.4,239.3
3101508,149.12,165.15,157.8,157.98
3101607,208.19,188.6,194.4,196.67
3101631,218.19,216.6,204.6,214.54
3101706,103.94,98.75,137.7,109.02
3101805,129.12,111.35,152.6,126.5
3101904,233.75,184.8,203,205.78
3102001,223.25,184.4,193.6,199.91
3102050,211.88,185.5,189.7,195.59
3102100,208.31,201.3,199.7,203.39
3102209,137.12,114.35,137.2,127.24
3102308,164.5,164.25,163.2,164.11
3102407,155.81,145.45,154.8,151.09
3102506,149.88,155.15,167.7,156.04
3102605,261,225.05,234,239.5
3102704,89.56,71.45,111.3,86.41
3102803,210.69,187.55,195.3,197.28
3102852,141.94,106.65,145.8,127.43
3102902,205.69,207.9,199.9,205.39
3103009,152.94,145.75,152.6,149.74
3103108,201.25,187.45,212.3,197.65
3103207,131.69,125.05,135.1,129.54
3103306,205.81,211.75,208.2,208.91
3103405,87,58.3,86.8,74.48
3103504,184.31,147.8,161.9,163.57
3103603,244.75,243.45,233.6,241.76
3103702,174.38,188.9,182.6,182.48
3103751,168.31,157.1,153.3,160.17
3103801,186.62,162.25,155.1,169.17
3103900,160.56,141.1,153.8,150.63
3104007,217.19,183.35,193.1,197.24
3104106,248.44,206.95,205.9,221.15
3104205,192.69,160.5,180.7,176.09
3104304,223.62,188.55,191.2,201.33
3104403,148.62,163.15,167.8,159.11
3104452,137.75,106.9,148.1,126.59
3104502,107.06,91.75,117,102.57
3104601,174.62,175.55,185.4,177.37
3104700,170.31,125.25,148.8,146.04
3104809,119.69,107,126.4,115.63
3104908,226.5,211.45,219.5,218.43
3105004,133.25,122.3,144,130.83
3105103,184.94,175.15,190,181.78
3105202,103.31,103.85,137,110.87
3105301,243.25,217.05,217.7,226.3
3105400,158.12,161.15,152.9,158.3
3105509,207.69,190.2,208.3,200.22
3105608,213.88,203.65,197.4,205.85
3105707,165.19,158.6,166.2,162.54
3105905,209.25,202.8,199,204.22
3106002,153.75,163.2,150.2,157.09
3106101,189.69,175.1,161.3,177.17
3106200,172.62,189.6,163.2,177.96
3106309,153.31,128.5,159.2,143.8
3106408,172.38,173.75,178.4,174.28
3106507,87.25,61.5,85.1,75.59
3106606,167,135.45,187.7,157.78
3106655,89.56,63.65,103.6,81.35
3106705,168.25,171.85,151.8,166.24
3106804,202.81,199.25,194.7,199.5
3106903,188.5,184.6,180.9,185.15
3107000,144.69,139.65,148.3,143.28
3107109,189.31,177.05,177.3,181.37
3107208,269.44,274.45,285.4,275.09
3107307,110.25,80.1,102,95.35
3107406,153.81,138.4,147.7,145.78
3107505,243.62,249.75,251.1,247.91
3107604,247.94,192.3,204.3,214.26
3107703,139.44,150.35,143.3,145.02
3107802,156.44,153.95,141.8,152.17
3107901,235.69,213.95,228.6,224.7
3108008,189.38,175.1,177.2,180.52
3108107,168.06,157.85,149.4,159.57
3108206,107.69,97.85,117.8,105.61
3108255,98.12,75.2,101.7,88.93
3108305,240.5,217.5,229.5,228.11
3108404,247.06,228.55,230.1,235.33
3108503,111.69,80.5,103.9,96.43
3108552,107,99.05,124.9,107.43
3108602,95.5,80.1,125.5,95.33
3108701,172.94,174,181.6,175.28
3108800,145.69,126.15,151,138.35
3108909,218.75,207.9,243.8,219.48
3109006,176.25,172.5,160.6,171.22
3109105,261.75,220.85,242.5,239.78
3109204,120.44,113.15,133.8,120.17
3109253,149.62,127.8,150.7,140.37
3109303,142.12,103.65,133.6,123.54
3109402,99.88,91.05,109.2,98.07
3109451,140.56,111.25,142.8,128.3
3109501,246.25,212.5,213.5,224.46
3109600,133.12,136.65,132.1,134.43
3109709,214.19,209.7,225.8,214.76
3109808,183.44,173.4,149.8,171.76
3109907,129.44,132.3,129.1,130.61
3110004,143.81,150.2,148.4,147.59
3110103,197,176,174,182.87
3110202,154.38,172.45,192.5,170.52
3110301,248.31,222.4,220,230.89
3110400,189.81,182.5,165,181.24
3110509,285.19,242.9,253,259.8
3110608,238.75,216.45,226.5,226.39
3110707,200.44,194.55,206.4,199.17
3110806,141.06,104.45,128.3,122.37
3110905,199.12,189.6,205.5,196.37
3111002,234.38,212.6,217.9,221.33
3111101,189.5,154.55,144.9,164.61
3111150,95.31,73.6,118.4,90.89
3111200,193.5,178.35,165.5,180.83
3111309,196.56,178.45,186.9,186.59
3111408,192,163.3,172.4,175.26
3111507,208.31,185.6,204.2,197.54
3111606,198.44,177,180.5,185.22
3111705,162.31,175.55,189.2,173.91
3111804,176.5,156.75,153.2,162.85
3111903,197.31,181.1,173.3,185.04
3112000,189.75,178.9,168,180.3
3112059,152.12,127.2,166.8,144.48
3112109,208.31,180.2,175.3,188.91
3112208,211.69,214.3,211.2,212.72
3112307,133.56,99.5,128.7,117.7
3112406,251.12,194.95,208,217.33
3112505,128.56,132.75,140.6,133
3112604,186.81,166.05,147,169.13
3112653,123.69,101.55,133.6,116.22
3112703,80.25,62.85,88.2,74.41
3112802,201.75,185.85,194.6,193.28
3112901,165.81,159.8,146.1,158.91
3113008,136.44,89.65,136,116
3113107,200.62,199.1,194.5,198.63
3113206,215.69,205.75,202.5,208.5
3113305,196.06,177.7,196.8,188.24
3113404,149.31,144.15,129.6,142.78
3113503,122,81.65,98.8,99.41
3113602,217.31,204.95,223.7,213.33
3113701,144.44,116.6,163.2,136.41
3113800,150.81,130.3,142.9,140.17
3113909,190.19,176.5,172.8,180.46
3114006,180.12,173.65,172.2,175.59
3114105,223.81,212.05,221.9,218.28
3114204,171.25,150.3,144.8,156.39
3114303,182.12,160.05,150.2,165.59
3114402,211.19,181.1,196.6,194.93
3114501,177.38,179.55,169.6,176.63
3114550,179.56,149.8,151.8,160.59
3114600,193,175,164.1,178.89
3114709,208.19,202.1,201.4,204.07
3114808,247.81,264.15,259.7,257.5
3114907,193,197.3,198.2,196
3115003,190.19,134.65,169.1,161.46
3115102,239.94,193.75,221.4,215.83
3115201,191.44,187.45,184.9,188.28
3115300,188.88,186.55,208,192.02
3115359,169.44,172.45,162.8,169.3
3115409,195.38,193.35,183.6,191.93
3115458,156,107,153.9,134.24
3115474,59,46.75,66.6,55.33
3115508,220.25,209.3,211.1,213.5
3115607,171.5,162.1,162.7,165.5
3115706,127.62,105.85,116.7,115.78
3115805,176.06,152.95,158.6,162.22
3115904,193.69,187.75,191.5,190.63
3116001,161.62,149.65,169.1,158.04
3116100,99.12,65.1,83.6,80.96
3116159,113.38,88.45,123.5,104.74
3116209,174.06,168.6,162,169.07
3116308,196,197.8,197.2,197.04
3116407,260.69,207.25,230.6,230.91
3116506,101,74.9,113.1,92.28
3116605,177.44,163.7,155.1,166.61
3116704,174.06,192.6,202.5,188.3
3116803,147.12,122.2,166.1,140.41
3116902,201.88,165.7,159.1,176.85
3117009,79.31,65.95,92.9,76.46
3117108,230.75,188.15,199.8,205.5
3117207,235,228.8,255.3,236.72
3117306,201.25,162.6,167.5,177.11
3117405,152.81,138.05,152.1,146.24
3117504,154.88,145.95,146.6,149.2
3117603,146.69,136.9,141.1,141.22
3117702,211,207.9,205.6,208.48
3117801,220.25,212.9,230,219.17
3117836,90.81,71.7,91.3,82.61
3117876,131.38,129.25,143,132.98
3117900,239.69,215.85,229.3,227.07
3118007,185.19,187.75,185.9,186.46
3118106,141.38,129.05,140,135.72
3118205,215.75,157.95,193.4,185.76
3118304,193.12,192.85,188.7,192.04
3118403,127.94,94.75,130.5,114.07
3118502,221.5,212.55,220.2,217.33
3118601,167.25,178.2,159.1,170.24
3118700,195.12,171.5,170,179.39
3118809,95.56,76,106.8,89.5
3118908,130.62,116.45,133.4,125.07
3119005,194.12,186.2,191.5,190.11
3119104,111,106,123.3,111.5
3119203,140.69,124.85,164.1,138.89
3119302,186.25,131.8,149.2,154.52
3119401,157.56,133.3,153.1,146.04
3119500,77.88,63.15,84.5,72.91
3119609,193.69,187.75,191.5,190.63
3119708,189.88,179.05,193.5,185.96
3119807,197.31,178.25,202.7,190.2
3119906,250.75,220.3,228.2,232.61
3119955,186.56,164.05,172.4,173.7
3120003,153.19,162.55,137.7,153.89
3120102,134.56,125.25,145.8,132.96
3120151,148.5,120.45,170,140.98
3120201,184.12,177,173.1,178.63
3120300,103.94,70.55,115.8,92
3120409,194.31,199.65,195,196.78
3120508,240.44,228.7,257.8,239.11
3120607,174,175.5,163.1,172.28
3120706,183.06,179.2,176.2,179.89
3120805,200.19,193.05,189.8,194.83
3120839,134.94,109,126.9,121.91
3120870,90.5,67.55,109,84.54
3120904,122.06,113.2,125.7,119
3121001,137.12,138.65,147.3,140
3121100,220.88,207.95,224.3,216
3121209,220.69,194.7,205.9,206.17
3121258,222.69,154.1,199.1,187.74
3121308,171.31,175.1,174.9,173.74
3121407,180.19,184.8,186.3,183.52
3121506,211.62,213.5,213.8,212.91
3121605,128.38,118.7,144.9,127.76
3121704,163.62,166.85,174.7,167.43
3121803,152.94,158.2,130.2,150.28
3121902,167.31,178.9,193.8,178.11
3122009,188.25,177.15,177.1,181
3122108,119.5,98.1,125.1,111.41
3122207,149.31,127.1,169.9,144.13
3122306,172.12,152.55,152.2,159.28
3122355,85.88,70.9,116.1,85.93
3122405,227.25,202.05,201.7,210.74
3122454,89.5,85.1,115.2,93.17
3122470,114.88,105.95,120.5,112.22
3122504,140.12,115.5,142.4,129.91
3122603,155.19,144,149.3,149.04
3122702,162.25,156.3,157.4,158.61
3122801,235.06,212.2,243.6,226.98
3122900,174.62,175.55,185.4,177.37
3123007,209.25,202.8,199,204.22
3123106,148.19,130.2,144.5,139.57
3123205,168,150.6,162.3,159.2
3123304,187.38,183.05,180.4,183.98
3123403,183.75,172.2,183,178.57
3123502,187.5,128.25,167,157.28
3123528,168.19,152.4,160.7,159.7
3123601,191.5,189.6,186.5,189.59
3123700,129.5,110.2,145.5,124.59
3123809,103.31,81.15,106.2,94.3
3123858,148.88,137.4,131.2,140.04
3123908,185.75,191.35,188.9,188.87
3124005,174.94,192.55,200.2,188.09
3124104,148,154.4,137.2,148.43
3124203,208.31,180.2,175.3,188.91
3124302,64.25,41.85,71.1,56
3124401,222,197.75,219.1,210.83
3124500,232.94,212.1,225.6,222.28
3124609,146.56,157,169.6,156.11
3124708,191.75,170.85,178.1,179.7
3124807,190.12,143.55,174.4,166.46
3124906,208.31,193.4,221,204.59
3125002,205.19,202.4,201.2,203.11
3125101,288.94,242.25,249.9,260.15
3125200,197.06,187,186.6,190.41
3125309,196.06,177.7,196.8,188.24
3125408,136.44,127.9,149.4,135.54
3125507,136.25,125.35,148.8,134.24
3125606,127.44,100.4,157.5,122.22
3125705,120,104.8,118.2,113
3125804,129.5,110.2,145.5,124.59
3125903,153.62,146.05,152.7,150.13
3125952,181.38,174.2,170.4,175.87
3126000,156.25,150.3,136.2,149.3
3126109,181.94,166.65,172,173.13
3126208,114.94,99.2,149.4,115.59
3126307,242.31,191.45,210.9,213.37
3126406,137.69,136.65,133.6,136.35
3126505,92.12,58.3,83.5,75.54
3126604,103.19,91.8,111,99.93
3126703,89.81,75.45,106.5,87.2
3126752,147.12,111.6,146.6,131.57
3126802,157.38,115,133.1,133.67
3126901,135.81,105.75,139,123.43
3126950,140.25,118.6,163.2,135.83
3127008,195.12,157.6,164.7,172.2
3127057,132.06,105,152.8,124.8
3127073,90.31,61.35,98.3,79.46
3127107,190.5,158.95,168.8,172.07
3127206,124.31,119.8,136.5,125
3127305,119.5,97.4,119.7,109.93
3127339,68.25,41.85,65.7,56.22
3127354,103.94,74.75,108.5,92.24
3127370,131.19,101.05,121.1,115.89
3127388,191.44,193.75,183.7,190.76
3127404,241.31,226.7,234.2,233.41
3127503,151.06,123.65,160.9,141.28
3127602,133.38,134.15,144.9,136.22
3127701,131.31,111.2,144.8,125.5
3127800,102.62,78.8,117.2,95.43
3127909,187.94,125.5,167,156.24
3128006,146.69,121.35,150,136.39
3128105,200.19,174.95,190.9,187.2
3128204,157.25,157.15,176.2,161.33
3128253,106.06,74,108.9,92.74
3128303,253.75,210.1,210.2,225.3
3128402,174.69,177.6,174.1,175.83
3128501,181.88,174.95,179.3,178.3
3128600,139.62,126.85,127.9,131.52
3128709,251.62,202.2,205.6,220.13
3128808,186.19,191.25,206.3,192.76
3128907,188.62,177.5,175.1,180.85
3129004,179.5,198.6,213.6,195.22
3129103,181.56,145.05,143.9,157.5
3129202,219.19,206.55,223.9,214.72
3129301,144.69,120.75,147.4,134.87
3129400,215.31,207.9,193.2,207.28
3129509,197.56,188.95,199.6,194.26
3129608,98.5,77.95,100.8,90.07
3129657,80.31,58.2,95.9,74.09
3129707,254.25,207.45,237,230.15
3129806,177.25,179.45,163.4,175.2
3129905,259.75,228.45,234.3,240.61
3130002,188.56,173.3,172.4,178.41
3130051,93.25,68.75,114.9,87.3
3130101,170.25,157.35,147.7,159.74
3130200,168.38,145.55,139.6,152.2
3130309,188.56,172.1,190.8,181.89
3130408,184.25,168.8,176.3,175.8
3130507,198.12,177.35,178.5,184.83
3130556,150.06,136.3,133.7,140.52
3130606,243.56,217.3,230.2,229.24
3130655,86.38,65.85,91.5,78.57
3130705,187.81,140.35,159.9,161.11
3130804,192.38,173.45,168.3,178.91
3130903,141.25,121.15,136.5,131.48
3131000,129.31,133.05,130.4,131.17
3131109,120.5,119.05,134.1,122.83
3131158,149.62,126.75,148.4,139.41
3131208,146.81,136.4,150.6,143.11
3131307,157.56,133.3,153.1,146.04
3131406,184.38,162.4,150,167.35
3131505,242.38,211.75,222.3,224.7
3131604,185.38,158.05,177,171.67
3131703,151.56,158.7,144.2,153.07
3131802,145.44,107.25,124.1,124.2
3131901,179.38,183.45,181.1,181.52
3132008,104.19,75.65,116.3,94.41
3132107,68.94,63.8,77.4,68.54
3132206,172.75,160.05,149.3,162.13
3132305,156.75,102.3,148.1,131.2
3132404,223.62,216.4,243.2,224.74
3132503,139.44,107.15,137.9,125.07
3132602,177.44,175.45,185.3,178.28
3132701,152.19,111.85,138.9,131.76
3132800,160.12,155.4,148.4,155.52
3132909,262.75,210.45,212.9,229.17
3133006,261.69,262.35,263.8,262.43
3133105,247.12,223.75,241.2,235.67
3133204,123.94,102.15,134.6,116.78
3133303,80.25,60.8,97,75.43
3133402,196.38,161.85,149.5,171.17
3133501,185.94,175.2,169.3,177.65
3133600,287.94,236.05,251.8,257.52
3133709,174.94,158.95,149.5,162.46
3133758,233.94,184.75,209.5,207.24
3133808,166,157,145.1,157.54
3133907,198.69,197.05,187,195.43
3134004,75.19,59.7,86.8,70.98
3134103,129.56,100.1,131.2,117.11
3134202,181.5,141.05,139,154.67
3134301,187.81,169.7,172.5,176.61
3134400,182.94,142.65,141.8,156.48
3134509,188.31,173.05,165.4,176.7
3134608,129.75,126.5,154.7,133.76
3134707,113,109.05,150.5,119.43
3134806,249.31,196.05,207.2,217
3134905,255.19,218.85,250.1,238.28
3135001,151.31,149.05,144.6,148.87
3135050,70.62,47.6,70.4,60.57
3135076,131.88,104.45,128.4,119.2
3135100,67.62,49.4,76.3,61.59
3135209,89.19,71.95,103.1,84.72
3135308,191.94,162,182.6,176.89
3135357,93.56,75.85,102.4,87.78
3135407,176.19,180.35,180.3,178.89
3135456,95.94,63.15,87.6,79.87
3135506,162,158.1,158.9,159.63
3135605,99.5,84.95,106.3,94.65
3135704,130.25,119.4,132.6,126.04
3135803,100.94,91.4,125.4,102.11
3135902,223.94,208,235,219.41
3136009,111,91,129,106.22
3136108,144.44,127.45,145.7,137.33
3136207,160.31,166.4,155,161.8
3136306,119.19,113.55,121.2,117.17
3136405,111.81,101.65,115.1,108.11
3136504,106.5,106.95,132.2,112.28
3136520,102.19,70.05,85.4,84.57
3136553,143.38,120.95,163.7,138.04
3136579,90.19,66.25,101,82.13
3136603,135.81,137.55,148.3,139.28
3136652,158.94,158.2,141,154.72
3136702,207,182.9,182.5,191.2
3136801,103.19,76.55,117.4,94.7
3136900,254.44,198.05,204.2,219
3136959,73.94,53.35,76.6,65.57
3137007,164.06,113.5,137.5,136.3
3137106,147.94,122.75,126.7,132.37
3137205,193.81,158.75,176.5,174.8
3137304,98.69,77,98.6,89.24
3137403,188.56,191.1,196.9,191.48
3137502,178.56,151.45,154.1,161.46
3137536,120.88,116.55,121.6,119.15
3137601,120.56,123.1,139.3,125.74
3137700,170.06,167.85,169.2,168.91
3137809,221.38,206.4,234.2,217.65
3137908,191.5,188.2,187.2,189.13
3138005,202,192.95,214.5,200.78
3138104,107.25,100.35,119.1,106.83
3138203,190.19,169.35,171.1,176.98
3138302,147.19,140.4,147,144.2
3138351,103.38,71.35,86.7,85.83
3138401,168.5,175.4,194.2,177.09
3138500,263.81,284.85,264.2,273.04
3138609,228.69,209.7,212.6,216.93
3138625,172.56,153.75,131.4,155.43
3138658,91.81,69.9,93.7,82.7
3138674,186,164.95,164,172.07
3138682,96.88,76.8,118.9,92.93
3138708,189.88,176.25,163.2,178.15
3138807,187.06,171.65,191.8,181.39
3138906,153.19,127.2,178,147.28
3139003,201.69,199.9,194.1,199.26
3139102,194.25,180.9,182.2,185.83
3139201,147.31,110.95,148.6,131.78
3139250,64.31,44.55,69.9,56.93
3139300,76.44,65.45,72.3,70.76
3139409,166.69,155.2,148.5,157.74
3139508,193.62,167.55,171.9,177.57
3139607,149.06,118.95,120,129.65
3139706,138.19,143.3,143.5,141.57
3139805,181.94,182.75,176.6,181.13
3139904,238.44,228.5,244.9,235.52
3140001,178,175.6,172.3,175.72
3140100,141.5,115.4,152.2,132.48
3140159,169.94,166.75,152.3,164.72
3140209,179.81,177.8,166.8,176.11
3140308,155.56,149.8,141.8,150.07
3140407,239.88,220.45,229.1,229.09
3140506,133.94,123.85,137.7,130.37
3140530,180.69,154.45,169.3,166.8
3140555,98.88,93.45,122.7,101.7
3140605,151.56,139.1,170.7,150.3
3140704,164.12,156.6,146.6,157.04
3140803,194.44,186.45,170.8,185.83
3140852,74.06,55.35,69.6,64.96
3140902,166.5,160.95,154.5,161.48
3141009,66.94,51.05,71,60.91
3141108,126.44,126.5,140.4,129.5
3141207,193.81,167.75,166.9,176.63
3141306,204.31,186.85,210,197.96
3141405,81,71.05,95.3,79.78
3141504,127.06,102,120.5,114.74
3141603,197.69,202.45,196.3,199.46
3141702,149.94,128.65,158.1,142.46
3141801,119.19,76.15,89.1,93.93
3141900,200.69,186.55,179.1,189.85
3142007,95.69,76.5,110.7,90.61
3142106,191,205.6,218.9,203.41
3142205,197.5,200.3,217.9,203.15
3142254,80,71.7,85,77.48
3142304,178.94,185.3,178.9,181.7
3142403,187.56,152.6,179.8,170.67
3142502,128.06,120.15,133,125.7
3142601,208.38,193.1,195.6,198.96
3142700,83.38,66.55,88.5,77.17
3142809,170.12,155.25,167.9,163.17
3142908,59.31,44.3,67.9,54.65
3143005,251.62,210.35,211.2,224.89
3143104,190.06,140.9,169.9,164.3
3143153,104.81,81.3,119.6,97.8
3143203,252.12,211.1,211.8,225.52
3143302,97.5,74.75,103.9,89
3143401,264.94,225.6,243.3,243.13
3143450,79.81,54.4,85.7,70.04
3143500,128.81,123.5,134.3,127.7
3143609,116.19,104.85,126,113.39
3143708,155.81,150.4,145.5,151.22
3143807,291.5,233.5,252.5,257.8
3143906,208.81,205.1,225.4,210.8
3144003,145.38,136.2,136.7,139.5
3144102,257.19,202.85,211.3,223.59
3144201,143.81,117,157.5,135.13
3144300,144.56,114.4,168.8,136.72
3144359,142.12,124.25,158.9,138
3144375,127.06,109.55,128.8,119.83
3144409,227.38,222.4,239.8,227.91
3144508,182.81,168.25,165.8,172.78
3144607,199.81,171.95,170.5,181.33
3144656,91.19,65.75,108,83.78
3144672,157.69,112.15,123.3,130.41
3144706,151.62,159.5,151.1,154.93
3144805,175.38,189.15,173.7,181
3144904,133.06,100.5,122.4,116.59
3145000,188.25,157,188,174.61
3145059,62,51.6,71.3,59.5
3145109,248.5,190.85,199.8,212.85
3145208,153.44,136.85,142.5,143.85
3145307,133.75,83.85,117.8,108.59
3145356,150.75,111.6,159.3,135.59
3145372,94.12,58.25,95.4,78.8
3145406,261.88,242.55,259.8,253.02
3145455,115.5,85.25,97.6,98.46
3145505,223.94,208,235,219.41
3145604,186.88,178.9,182.5,182.46
3145703,206.19,212.7,207.9,209.39
3145802,149.75,150.15,141.7,148.17
3145851,161.69,154.4,165.7,159.39
3145877,177.5,167.85,166.5,170.91
3145901,188.81,189.15,183.6,187.83
3146008,258.31,222.8,239.9,238.87
3146107,182.25,176.75,178.4,179.02
3146206,159.62,129.25,138.2,141.76
3146255,97.75,66,102.2,84.91
3146305,98.56,70.7,112.8,89.54
3146404,141.44,135.3,139.3,138.3
3146503,191.25,161.25,183.2,176.46
3146552,59.44,46.9,60.1,54.13
3146602,197.5,212.8,203.6,205.48
3146701,192.69,176,202,187.46
3146750,160.75,143.85,183,158.24
3146909,127.31,122.9,127.1,125.35
3147006,129,115.75,144.2,126.54
3147105,159.19,147.6,134.7,148.83
3147204,195.12,191.4,186.8,191.7
3147303,218.38,211.2,221,215.83
3147402,125.94,122.5,126.3,124.52
3147501,154,149.55,143.1,149.7
3147600,253.75,222.6,229.4,234.91
3147709,180.12,182.7,189.9,183.37
3147808,280,295.3,279.5,286.54
3147907,228.31,185.85,210.4,205.96
3147956,93.38,80.55,101.3,89.52
3148004,185.44,155.5,151.6,165.07
3148103,190.31,176.15,180.1,181.93
3148202,211.75,198.65,216.1,207
3148301,160.88,162.75,183.6,166.63
3148400,153.88,131.8,167.9,147.33
3148509,149.62,119.05,166,139.89
3148608,146.81,126,165.2,141.76
3148707,86.88,84.35,122.2,93.46
3148756,173.62,164.25,169.8,168.72
3148806,152.5,155.5,169.9,157.59
3148905,189,160.3,177.5,174.02
3149002,187.75,186.6,191.2,188
3149101,238.5,230.25,256.4,238.8
3149150,80.06,61.7,97.1,75.78
3149200,184.81,160.2,176.6,172.33
3149309,134.31,142.8,147.2,140.8
3149408,231.62,197.25,206.2,211.15
3149507,178.06,183.75,166.7,178.07
3149606,139.19,143.05,142.3,141.54
3149705,162.81,141.15,153.3,151.33
3149804,210.88,173,194.7,190.89
3149903,197.19,178.2,173.9,183.87
3149952,138.81,118.55,153.8,133.26
3150000,134.56,103.4,121.1,118.09
3150109,202.12,205.95,196.7,202.61
3150158,154.31,142.3,134.2,144.72
3150208,162.88,154.85,151.5,156.91
3150307,197,197.05,187.9,195.04
3150406,173.19,173.8,171.6,173.11
3150505,186.19,167.4,181.6,177.02
3150539,158.62,156.8,148,155.52
3150570,89.06,63.2,99.5,80.09
3150604,170.31,179.25,183.4,177.04
3150703,189.81,160.2,174.1,173.52
3150802,173.69,169.95,178,173
3150901,249.44,236.9,247.9,243.65
3151008,233.62,225.25,247.8,233.07
3151107,170.94,165.6,179.1,170.39
3151206,102.69,91.6,104.4,98.24
3151305,174.44,178.65,175.7,176.54
3151404,135.75,139.3,139.9,138.2
3151503,195.25,178.1,189.2,186.48
3151602,178.06,154.05,177.9,167.59
3151701,221.5,206.7,211,212.78
3151800,253.31,231.85,233.1,239.59
3151909,143.38,117.7,135.4,130.48
3152006,122.69,113.2,122.4,118.5
3152105,157.06,156.05,165.2,158.39
3152131,95.56,71,101.6,86.2
3152170,93.56,68.55,110.3,86.33
3152204,63.19,53.2,70.3,60.39
3152303,149.25,155.3,177.1,157.93
3152402,156.94,110.75,139.5,133.07
3152501,224.19,207.05,226.6,217.26
3152600,226.75,212.7,221.7,219.54
3152709,195.94,195.45,196.7,195.89
3152808,186.31,164,168.6,172.76
3152907,236.31,183.65,209,207.48
3153004,210.19,197.95,210.2,204.87
3153103,172.81,168.15,183.1,173.02
3153202,121.12,117,136,122.57
3153301,142.75,137.05,145.9,140.96
3153400,166.75,134.9,142.4,147.61
3153509,203.25,168,174.9,181.76
3153608,131.81,128.95,134.1,131.07
3153707,166.69,152.15,161.1,159.15
3153806,193.94,199.1,191.7,195.7
3153905,163,178.5,157.7,168.59
3154002,159.56,162.1,133.8,155.07
3154101,174.5,177.35,181,177.15
3154150,181.5,156.5,168.9,167.89
3154200,187.19,190.05,194.4,190
3154309,139.31,105.25,128.6,122.17
3154408,214.31,213.85,210.3,213.24
3154457,97.12,85.05,114.9,95.74
3154507,93.19,66.1,90.5,80.83
3154606,144.31,154.25,152.1,150.33
3154705,190.5,172.55,170.9,178.43
3154804,178.75,177.25,179.9,178.35
3154903,163.75,164.95,151.7,161.65
3155009,160.5,154.45,164.6,158.76
3155108,131.81,107.5,158.7,127.09
3155207,197.88,197.9,193.8,197
3155306,168,157.95,149.5,159.61
3155405,185.5,187.75,176.1,184.43
3155504,200.31,178,170.4,184.11
3155603,88.25,64.95,84.9,77.39
3155702,153.69,164.15,151.2,157.7
3155801,183.06,187.8,176,183.59
3155900,213.81,211,220.3,214
3156007,136.69,124.65,155.7,135.59
3156106,186.81,186.8,194.4,188.46
3156205,178.81,180.4,180.5,179.87
3156304,173.88,174.75,185.6,176.8
3156403,178.44,148.35,167.2,162.91
3156452,192.38,206.05,217.4,203.76
3156502,86.5,62.15,94.7,77.7
3156601,123.75,101.25,146.4,118.89
3156700,151.94,165.7,152.7,158.09
3156809,151.94,140.05,156.1,147.67
3156908,230.25,185.7,204.8,205.35
3157005,87.62,61.4,95.5,77.93
3157104,137.94,147.55,161.4,147.22
3157203,169.44,172.45,162.8,169.3
3157252,160.81,161.1,138,155.98
3157278,212.75,183.3,202.7,197.76
3157302,209.56,212.05,211.3,211.02
3157336,188.12,193.8,195.5,192.2
3157377,82,69.5,100,80.48
3157401,160.19,154.2,157.2,156.93
3157500,145.44,126.45,172.7,143.11
3157609,101.25,85.3,113.4,96.96
3157658,166.19,132.8,183.4,155.41
3157708,193.19,167.2,199.4,183.24
3157807,131.62,144.3,146.6,140.39
3157906,176.94,163.4,163.5,168.13
3158003,149.19,148.8,151.7,149.57
3158102,138,129.8,168.2,141
3158201,142.75,119.1,157.9,135.76
3158300,201.56,173.7,177.3,184.17
3158409,195.69,192.05,223.6,200.17
3158508,126.94,114.9,133.8,123.2
3158607,169.94,155.85,154,160.35
3158706,211.88,198.5,200.5,203.59
3158805,191.25,186.5,172.7,185.15
3158904,166.62,148.1,167.8,158.83
3158953,158.5,134.95,158.4,148.24
3159001,147.06,134.5,141.6,140.41
3159100,195.69,202.4,189.7,197.3
3159209,247.62,212.3,230.2,228.48
3159308,261.12,251.2,257.4,256
3159357,155.81,147.1,131.3,146.7
3159407,218.69,207.2,200.6,209.76
3159506,130.88,101.55,132.5,118.48
3159605,216.81,216.4,230.8,219.67
3159704,205.25,182.75,197.6,193.8
3159803,178.12,145.85,135.9,154.91
3159902,193.19,180.8,176.8,184.24
3160009,149,158.7,152.4,153.96
3160108,165.06,156.85,154.8,159.26
3160207,145.31,140.55,158,146
3160306,145.12,127.6,171.1,143.15
3160405,179,152.65,168.8,165.33
3160454,72.12,54.4,83.1,66.8
3160504,156.81,154,142.5,152.48
3160603,118.56,108.4,123.7,115.26
3160702,205.75,208.95,208.7,207.78
3160801,185.56,179.15,175.6,180.61
3160900,189.19,184.95,187.9,187.07
3160959,147,126.6,133.1,135.11
3161007,151.5,173.45,156.1,162.04
3161056,129.5,99.85,119,114.33
3161106,96,73.1,106.3,88.28
3161205,192.56,183.2,179,185.54
3161304,188.19,152.2,145.3,163.22
3161403,186.75,179.5,183.8,182.96
3161502,174.38,186.35,204.3,186.09
3161601,144.88,119.55,155,136.07
3161650,121,100.75,116.2,111.15
3161700,128.5,114.25,126.6,121.89
3161809,165.31,149,140.6,152.85
3161908,156.75,156.3,157.3,156.67
3162005,209.81,199,207.8,204.67
3162104,197.69,172.3,170.1,180.65
3162203,217.88,191.7,201.8,203
3162252,98.31,78.35,109.1,91.98
3162302,222.06,210.4,209.8,214.33
3162401,77.25,63.25,90.7,74.09
3162450,77.25,65.95,77.4,72.37
3162500,189.12,196.35,195.6,193.67
3162559,171.44,156.05,151.8,160.48
3162575,135.56,112.65,116.9,121.54
3162609,139.19,116.6,144.1,130.43
3162658,94,77.45,122.1,92.91
3162708,80.69,59.25,100.1,75.59
3162807,148.88,126.45,163.6,142.33
3162906,174.5,178.3,172,175.61
3162922,162.75,156.5,141.5,155.41
3162948,213.81,186.3,197.4,198.28
3162955,131.38,129.25,143,132.98
3163003,139.75,114.3,156.8,132.39
3163102,142.81,142.95,135.4,141.26
3163201,233.62,225.25,247.8,233.07
3163300,145.38,108.75,124.2,124.85
3163409,153.38,163.4,135.8,153.91
3163508,145.06,121.35,162.9,138.63
3163607,165.56,150.05,171.4,160.09
3163706,224.31,216.8,226.8,221.59
3163805,154.38,172.45,192.5,170.52
3163904,252.38,199.15,206.1,219.17
3164001,164.81,171.45,148.3,164.11
3164100,147.25,120.6,165.9,139.72
3164209,90.75,71.2,106.6,85.7
3164308,218.44,198.7,211.6,208.37
3164407,217.69,207.1,218.4,213.24
3164431,194.38,208.3,222.4,206.52
3164472,141.94,127.4,135.6,134.24
3164506,133.62,111.25,158.2,129.24
3164605,174.19,154.05,159.8,162.3
3164704,248.5,201.3,209.5,219.5
3164803,159.62,156.9,146.5,155.59
3164902,231,209.8,242.7,224.33
3165008,184.12,181,192.3,184.54
3165107,257,196.3,217.4,222
3165206,212.25,206.3,199.4,206.87
3165305,208.88,188.15,185.1,194.7
3165404,252.06,232.7,227.6,238.33
3165503,145.38,128.9,163.9,142.24
3165537,169.94,166.75,152.3,164.72
3165552,145.75,103.95,137,125.67
3165560,155.25,160.8,155.9,157.8
3165578,267.94,227.5,235.2,243.24
3165602,168.25,174.9,162.5,169.89
3165701,171.56,171.5,186.6,174.8
3165800,243.12,218,229.5,229.24
3165909,136.62,106.7,134.9,123.24
3166006,187.19,185.9,195.7,188.48
3166105,150.62,129.7,143.2,139.91
3166204,216.31,215.55,213.5,215.37
3166303,171.44,165.55,167,167.91
3166402,224.25,223.7,220.8,223.26
3166501,140.38,138.65,157.1,143.26
3166600,185.25,163,169,172.04
3166709,155.06,120.5,173.6,144.07
3166808,187.69,173.85,181.7,180.37
3166907,208.19,202.15,194.1,202.5
3166956,78.56,55.55,79.3,68.72
3167004,220.19,204.2,199.3,208.7
3167103,145.31,142.75,149.4,145.09
3167202,134.12,131.95,131.4,132.59
3167301,189.69,188.4,187.4,188.63
3167400,217.19,206.45,218.7,212.85
3167509,165.81,159.15,162.7,162.24
3167608,161.88,145.85,152.2,152.8
3167707,135.25,117.55,147.7,130.26
3167806,225.62,209.8,223.7,218.33
3167905,196.31,195.2,187.3,193.87
3168002,86.62,64,88.5,77.2
3168051,146,138.45,149.2,143.41
3168101,228.12,202.7,214.4,214.09
3168200,203.69,187.05,209.9,197.8
3168309,133.25,131.85,146.5,135.52
3168408,136.62,115.4,140.3,128.2
3168507,150.25,156.75,175.3,158.52
3168606,165.38,128.2,155,146.96
3168705,151.69,140.65,146.4,145.74
3168804,184.12,189.4,198.2,189.48
3168903,164.44,150.95,152.1,155.89
3169000,173.56,175.35,175.8,174.83
3169059,236.69,216.85,230.6,226.74
3169109,290.62,237.8,258.3,260.63
3169208,186.88,173.25,188.8,181.37
3169307,205.56,181.9,190.6,192.02
3169356,112.19,106.05,114.7,110.07
3169406,197.62,183.05,174.4,186.24
3169505,122.69,98.8,128.7,113.61
3169604,161.25,145.65,151,152.24
3169703,125.06,81.1,94.4,99.28
3169802,216.56,211.15,209,212.57
3169901,171.56,176.2,184.7,176.43
3170008,92.31,72.25,115.6,88.65
3170057,148.75,131.85,130.1,137.35
3170107,207.94,168.1,199,188.67
3170206,182.69,159.3,158.1,167.17
3170305,160.12,130.6,186.7,153.07
3170404,128.06,107,132.5,119.87
3170438,176.25,149.05,136.6,155.8
3170479,111.88,97.05,115.6,106.24
3170503,163.19,153.6,162.4,158.85
3170529,91.31,73.3,106.3,86.74
3170578,155.12,149.5,149.1,151.37
3170602,205.56,185.1,192.3,193.78
3170651,83.56,59.1,91,74.54
3170701,192.88,188.6,184.6,189.22
3170750,145,132.8,144.1,139.5
3170800,101.69,91.85,110.7,99.37
3170909,77.06,59,81.6,70.2
3171006,142,121.55,120,128.33
3171030,69.88,46.8,71.4,60.17
3171071,126.69,85.4,103.3,103.65
3171105,194.75,169.6,179.4,180.48
3171154,163.94,158.4,136.9,155.65
3171204,141.5,150.4,149.4,147.09
3171303,148.62,155.75,175.9,157.65
3171402,202.56,188.7,214.9,199.22
3171501,132.88,113.75,142.7,126.7
3171600,88.56,64.15,83.7,76.89
3171709,241.12,228,244,236.04
3171808,152.62,130.15,168.1,146.22
3171907,144.94,119.4,159.5,137
3172004,177.44,188.45,193.8,185.78
3172103,139.38,158.9,164.8,153.39
3172202,230.56,224.55,247.4,231.61
3200102,155.88,151.05,150.1,152.52
3200136,168.12,135.45,146.5,149.22
3200169,176,131.1,141.9,149.07
3200201,204.81,182.4,191.4,192.15
3200300,308.75,305.05,274.1,299.61
3200359,152.06,123.45,136.3,136.2
3200409,286.06,283.75,246.9,276.54
3200508,183,178,183.1,180.85
3200607,222.19,221.5,204.9,218.13
3200706,203.69,220.15,185.3,206.85
3200805,124.19,113.1,121.4,118.76
3200904,180.44,140.7,145.5,155.57
3201001,165.62,132.75,170.3,152.35
3201100,178.19,169.9,176.5,174.22
3201159,180.5,182.5,163.7,177.72
3201209,212.62,204.65,193.9,205.09
3201308,257.19,277.85,226.2,259.43
3201407,212.62,207.35,198.2,207.2
3201506,164.88,138.05,138.9,147.57
3201605,202.81,186.25,220.6,199.48
3201704,201.44,200.3,185.7,197.52
3201803,214.31,195.1,183.8,199.33
3201902,225.88,214,210.5,217.37
3202009,212.56,184,181,193.28
3202108,180.5,132.05,179,159.11
3202207,260.06,278.85,246.2,265.22
3202256,186.06,153.3,151.2,164.24
3202306,203.38,181.95,182.8,189.59
3202405,253.56,274.15,232.4,257.91
3202454,175.75,165.85,171.1,170.43
3202504,263.5,276.6,239.1,263.89
3202553,203.25,183,188.1,191.15
3202603,306.19,299.1,273.6,296.02
3202652,197.75,178.4,185.4,186.65
3202702,138.88,130.4,132.4,133.78
3202801,235.44,236.75,226.8,234.13
3202900,152.69,156.7,143.1,152.35
3203007,197.75,178.4,185.4,186.65
3203056,207.69,202.3,198.6,203.37
3203106,200.88,198.35,190.8,197.59
3203130,230.25,238.05,212.6,229.8
3203163,133.19,123.85,123,126.91
3203205,211.75,210.4,203.8,209.43
3203304,138.5,113.9,114.5,122.59
3203320,234.5,242.55,235.8,238.28
3203346,261.25,254.75,234.9,252.7
3203353,191.69,159.6,158.4,170.5
3203403,200.56,209.65,184.3,200.98
3203502,158.06,135.8,167.9,150.52
3203601,148.69,117.05,160.4,137.48
3203700,188,181.25,185.7,184.57
3203809,204.12,208.15,189,202.59
3203908,177.94,130.65,152.9,151.93
3204005,163.5,132.2,144,145.65
3204054,172.44,146.45,186.5,164.2
3204104,168.62,139.65,169.2,156.15
3204203,260.75,258.55,244.9,256.35
3204252,168.12,132.3,172.6,153.52
3204302,212.06,222.8,198.1,213.7
3204351,195.25,164.65,167.9,176
3204401,252.31,261.4,230.5,251.52
3204500,245.44,271.2,239,255.24
3204559,173.75,167.35,161.8,168.37
3204609,212.06,223.65,198.3,214.11
3204658,183.06,154.6,157.8,165.2
3204708,175.88,141.15,149.8,155.11
3204807,182.38,170.4,179.6,176.57
3204906,195.62,193.65,206.1,197.04
3204955,187.19,183.8,167.5,181.43
3205002,260.44,281.1,227,262.15
3205010,211.25,195.05,193.1,200.26
3205036,273.62,255.3,241.1,258.59
3205069,199.25,193.95,182.5,193.3
3205101,246.56,253.2,233.9,246.7
3205150,174.19,130.65,151.2,150.26
3205176,191.19,165.15,182.5,177.98
3205200,254.81,270.9,218.8,253.98
3205309,252.69,230.5,292.4,251.67
3300100,375.94,398.15,352.7,380.54
3300159,167.75,162.25,176,167.15
3300209,300.5,290.35,286.8,293.11
3300225,167.06,169.2,170.5,168.74
3300233,289.62,279.8,267.3,280.5
3300258,287.81,275.15,281.7,280.98
3300308,196.62,178.9,203.7,190.46
3300407,176.75,179.25,201,183.11
3300456,206.75,237.9,206.7,220.28
3300506,189.62,161.6,175.8,174.43
3300605,176.75,168.05,169.7,171.43
3300704,294.38,285.7,278.7,287.2
3300803,341.25,344.1,317.5,337.33
3300902,167.25,161.1,168.4,164.83
3300936,226.19,227.45,221.1,225.63
3300951,166.12,144.05,152,153.46
3301009,158,163.4,165,161.87
3301108,153.25,158,173.5,159.72
3301157,154.19,161.95,164.3,159.76
3301207,142.12,148.15,170,150.8
3301306,327.25,318.6,304.1,318.46
3301405,232.75,258.2,243.2,246.09
3301504,161.19,148.35,175.8,158.78
3301603,165.25,153.95,167.2,160.76
3301702,244.69,225.65,251.9,237.98
3301801,194.06,171.45,188.7,183.07
3301850,384.94,324.9,356.7,352.7
3301876,287.81,275.15,281.7,280.98
3301900,266.44,265.75,264.6,265.74
3302007,261.88,253.4,254,256.48
3302056,152.81,161.8,163.8,159.11
3302106,168.94,171.8,180.5,172.7
3302205,170.69,164.9,166.8,167.33
3302254,245,222.6,257.3,237.93
3302270,192.25,167.55,203.3,183.91
3302304,202.56,177.4,201,191.28
3302403,250.94,266.5,258.3,259.3
3302452,170.31,172.3,192.3,175.96
3302502,305.5,262.4,290.8,283.57
3302601,249.06,227,255.9,240.96
3302700,245.94,247.45,251.2,247.74
3302809,195.12,173.1,195.5,185.63
3302858,203.56,219.8,208.9,211.78
3302908,237,215.95,239.3,228.35
3303005,202.81,176.25,195.2,189.61
3303104,191.12,178.1,199.8,187.35
3303203,203.44,225.75,212.3,215.07
3303302,245.5,254.55,229.9,246.04
3303401,383.19,356.25,366,367.74
3303500,198.69,176,221.1,193.7
3303609,202.81,192.9,201.4,198.2
3303708,167.88,154.25,153.3,158.78
3303807,350.94,346.85,318.8,342.17
3303856,207.12,202.5,214.7,206.76
3303906,188.56,188.8,200.6,191.28
3303955,198.19,176.05,203.3,189.67
3304003,199.5,164.85,209.5,186.61
3304102,183.12,173.9,179.8,178.39
3304110,193.38,188.55,222.7,197.65
3304128,220.75,209.1,224.6,216.52
3304144,198.38,202,214,203.35
3304151,192.62,198.6,182.5,193.02
3304201,233,209.3,260.9,228.76
3304300,272.31,280.1,272.5,275.74
3304409,226.88,179.25,232.4,207.37
3304508,182.56,171,181.6,177.33
3304524,294.38,302.65,291.6,297.37
3304557,212.38,243.6,230.4,229.87
3304607,206.81,226.5,222.4,218.76
3304706,167.12,163.1,174.2,166.91
3304755,179.12,188,171.5,181.33
3304805,156,169,171,164.91
3304904,242.94,243.55,246.5,243.98
3305000,158.06,166.9,159.5,162.22
3305109,206.75,237.9,206.7,220.28
3305133,176.19,165.3,178.6,171.98
3305158,178.62,180.1,166.1,176.54
3305208,296,286.2,282.9,288.89
3305307,173.38,178.9,198.9,181.33
3305406,181.75,183.65,162.8,178.46
3305505,265,271.2,259,266.39
3305554,199.25,177.55,212.3,192.65
3305604,356.25,333.5,349.1,344.8
3305703,219.25,211.85,181.5,207.83
3305752,264.75,265.55,263.6,264.85
3305802,346.19,298.9,322.7,320.52
3305901,204.06,218.05,221.5,213.93
3306008,162.38,157.25,158,159.2
3306107,188.44,190.9,207.4,193.63
3306156,198.81,176.55,173,183.52
3306206,181.25,171.95,187,178.46
3306305,196.31,197.6,210.1,199.87
3500105,229.75,204.7,172.8,206.48
3500204,213.56,169.35,171.3,185.15
3500303,227.12,195.3,209.7,209.5
3500402,261.25,221.25,240.1,239.26
3500501,255.75,219.25,244,237.33
3500550,269.06,230.05,210.9,239.46
3500600,213.06,174.95,199.8,193.61
3500709,235.19,209.2,205.8,217.5
3500758,234.38,221.85,181.6,217.46
3500808,251.62,232.85,190.5,230.17
3500907,191.44,166,169.2,175.54
3501004,262.62,218.15,210,231.85
3501103,249.69,204.85,179.2,214.87
3501152,248.94,244.5,197.9,235.91
3501202,204.12,156.1,149.3,171.33
3501301,275.25,243.4,209,247
3501400,235.69,215.2,190.2,216.89
3501509,246.88,236.6,221.5,236.89
3501608,230.5,195.7,215.4,212.09
3501707,235.62,179.1,209.3,205.33
3501806,208.81,156.7,152.8,173.98
3501905,257.19,217.6,212.7,230.3
3502002,225.81,194,225,211.8
3502101,219.56,180.75,185.7,195.33
3502200,272.56,251,194.7,246.26
3502309,222.06,205.05,189.8,207.65
3502408,283.75,260.3,225.8,260.96
3502507,210.19,198.5,207,204.41
3502606,216.31,179.6,163,188.76
3502705,324.75,342.15,306.5,328.35
3502754,263.94,232.4,214.6,239.5
3502804,226.88,197.95,175.8,203.2
3502903,224.94,216.75,183.5,212.37
3503000,227.81,164.8,200.1,194.39
3503109,287.94,248.3,228.2,257.72
3503158,221.69,214.3,244.7,223.48
3503208,215.31,177.35,199.5,195.37
3503307,225.56,190.7,229.4,211.24
3503356,246.31,215.4,184.6,219.46
3503406,198.88,182.7,174,186.43
3503505,239.31,236.4,249.8,240.33
3503604,221.12,195.15,199.5,205.13
3503703,200.38,168.35,167.9,179.39
3503802,220.62,190.35,216.1,206.48
3503901,242.19,212.7,215.4,223.54
3503950,211.56,159.2,161.1,177.83
3504008,272.69,250.6,227.5,253.26
3504107,249.19,224.35,228,233.78
3504206,212.62,184.55,160.5,189.09
3504305,216.44,208.1,189,206.85
3504404,214.19,182.25,171.3,190.98
3504503,275.31,247.25,217,250.43
3504602,213.81,184.7,161.3,189.74
3504701,203,189.1,187.8,193.65
3504800,202.94,183.65,159.4,185.09
3504909,214.31,216.95,240.2,221.09
3505005,307.44,290.35,253,288.17
3505104,219.12,174,171.7,189.2
3505203,199.5,170.25,187.4,184.15
3505302,205.69,183.75,188.1,192.33
3505351,319.5,333.85,306.4,322.89
3505401,307.25,326.75,276.7,309.09
3505500,178.62,162.65,172.1,170.26
3505609,204.75,186.3,190,193.52
3505708,237.94,225.55,213.3,227.2
3505807,246.44,224.7,188.3,224.35
3505906,253.56,201.6,217.4,223.11
3506003,214.75,205.3,194.6,206.26
3506102,197.5,174.1,160.4,179.26
3506201,232.56,197.45,184.7,206.89
3506300,301.19,263.2,230.8,269.37
3506359,593.88,513.4,501.4,538.78
3506409,232.88,198.15,179.6,206.2
3506508,213.06,198.4,176.5,198.74
3506607,442.56,433.8,360.3,420.87
3506706,194.56,168.65,165.5,176.98
3506805,213.19,186,194,197.2
3506904,233.38,216.15,206.5,220.04
3507001,206.56,190.4,184,194.63
3507100,249.31,222.35,231.3,233.67
3507159,315.38,327.8,294.5,316.24
3507209,254.81,240.3,210,238.76
3507308,199.5,179.95,182.2,187.24
3507407,205.88,173.7,169.2,183.91
3507456,230.19,207.5,191.1,211.83
3507506,248.69,215.95,214.6,227.04
3507605,242.12,218.35,217.9,226.52
3507704,238.69,198.15,173.9,206.98
3507753,210.31,185,177.2,192.11
3507803,280.94,227.85,217.3,244.02
3507902,210.88,190.2,195.5,198.54
3508009,288.62,268.3,206.8,262
3508108,211,187.45,172.2,192.33
3508207,246.38,188.7,213,214.04
3508306,244.88,210,202.2,220.43
3508405,265.88,229.1,217.7,239.41
3508504,202.69,186.45,201.6,195.39
3508603,232.69,227.55,217.1,227.07
3508702,252.5,226.85,226.5,235.7
3508801,202.62,181.95,189.3,190.74
3508900,255.5,234.15,186.9,231.3
3509007,260.38,229.45,215,237.07
3509106,269.88,227.2,188.6,233.65
3509205,277.06,230.8,233.2,247.41
3509254,288.06,331.6,237.4,295.98
3509304,176.19,163.6,160.3,167.26
3509403,236.38,216.4,204.8,220.83
3509452,304.38,260.45,192.8,261.02
3509502,240.06,200.35,208.9,216.02
3509601,253.81,234.8,218,237.76
3509700,279.31,245.85,242.8,256.83
3509809,269.31,246.95,226.7,250.33
3509908,389.38,440.65,342.5,401.48
3509957,226.25,216.55,205.3,217.48
3510005,277.88,262.2,214.7,257.33
3510104,217.25,173.85,171.6,188.46
3510153,297.19,277.1,217.5,271.13
3510203,296.56,287.75,231.2,278.52
3510302,214.12,201.55,182.3,201.74
3510401,207.12,186.9,197.9,196.33
3510500,351.31,339.2,309.4,336.93
3510609,237.94,225.55,213.3,227.2
3510708,202.25,154.7,146.7,169.5
3510807,228.12,192.1,212.4,209.04
3510906,253.62,219.65,215.8,230.63
3511003,219.5,185.95,186.3,197.7
3511102,203.94,175.2,171.1,184.3
3511201,203.75,173.7,168.6,183.04
3511300,215.25,188.45,169.4,193.63
3511409,277.94,246.3,212.4,249.93
3511508,184.81,177.25,181.3,180.76
3511607,223.06,199.2,189.8,205.46
3511706,217.81,176.25,203.1,196.54
3511904,235.62,194.1,173.9,204.15
3512001,188.38,169.35,171.8,176.5
3512100,175.56,154,180.7,167.3
3512209,219.12,189.55,209.2,204.11
3512308,210.56,201.95,185.3,201.33
3512407,224.06,190.5,231.5,211.09
3512506,221.25,192.6,177.7,199.33
3512605,288.94,284.1,241.3,276.48
3512704,216.19,186.15,226.6,205.39
3512803,222.94,191,210.4,206.33
3512902,208.56,178.6,161.8,185.37
3513009,244.56,240.4,216.1,236.57
3513108,229.56,191.9,202,207.2
3513207,262.69,209.7,222.3,230.87
3513306,281.5,267.4,208.5,259.5
3513405,246.38,218.05,220.5,228.43
3513504,479.38,427.05,437.1,447.43
3513603,232.38,231.75,236.4,232.98
3513702,229.81,195.35,216,211.83
3513801,229.25,218.6,218.5,222.28
3513850,222.56,175.85,160.6,188.78
3513900,259.19,232.1,227.2,240.46
3514007,202.81,173.3,191.8,187.59
3514106,233.19,200.9,202.1,212.39
3514205,208.25,151,159.8,172.83
3514304,219.62,191.1,192.5,201.33
3514403,246.75,206.55,172.9,213.22
3514502,245.44,213.35,208.6,223.48
3514601,214,193.9,188.5,199.72
3514700,264.19,243,211.2,243.46
3514809,318.5,359.65,276.5,327.26
3514908,214.31,196.9,185.8,200.54
3514924,212.88,182.8,168.8,190.22
3514957,179.69,166.05,157.5,168.93
3515004,237.5,228.6,212.2,228.13
3515103,265.94,253.75,232.9,253.46
3515129,258.25,210.95,181,220.89
3515152,216.5,199,212.7,208.07
3515186,241.56,206.4,234.2,224.67
3515194,234.5,214.6,208.7,220.24
3515202,199.94,150.55,164.6,170.78
3515301,293.44,273.1,237.5,272.43
3515350,317,294.1,259.3,294.5
3515400,294.44,273.5,237.9,273.04
3515509,210.19,148.95,179,176.78
3515608,217.25,173.85,171.6,188.46
3515657,255,229.35,214.8,235.11
3515707,228.38,235.1,215.5,228.5
3515806,247.5,206.2,174.5,213.67
3515905,215.88,178.7,180.9,192.11
3516002,238.12,204.6,174.3,209.67
3516101,279.38,269.8,206.7,259.41
3516200,272.56,212.95,221.2,235.48
3516309,253.81,234.8,218,237.76
3516408,260.38,229.45,215,237.07
3516507,239.44,202.1,180,210.28
3516606,255,229.35,214.8,235.11
3516705,253.94,229.25,213.2,234.35
3516804,216.69,177.25,184,192.43
3516853,199,163.15,175.6,178.33
3516903,207.19,179.3,163,185.46
3517000,239.31,200.5,180.4,209.63
3517109,209.31,185.85,170.8,190.74
3517208,201.31,170.1,171.7,181.3
3517307,212,180.4,184.1,192.2
3517406,176.31,160.55,173.6,168.87
3517505,204.56,176.2,158.5,182.22
3517604,316,322.5,275,309.91
3517703,248.56,198.75,211.3,218.8
3517802,228.12,191.85,178.2,201.5
3517901,188.5,160.4,172.7,172.85
3518008,197.69,139.8,154.7,163.17
3518107,211.06,201.05,189.1,201.93
3518206,228.81,201.25,177.7,205.72
3518305,214.81,205.9,197.3,207.13
3518404,217.69,202.85,196.1,206.54
3518503,262.5,221.6,200.5,231.24
3518602,202.81,174.9,191.3,188.17
3518701,564.12,546.6,508.2,544.35
3518800,231.25,220.35,219.1,223.87
3518859,205.38,178.75,184.7,189.3
3518909,218.31,189.55,160.2,193.17
3519006,246.88,220.4,188.8,222.74
3519055,232.56,194.3,210.8,211.2
3519071,222.94,191.25,193.2,202.7
3519105,204.31,176.6,176.7,186.26
3519204,240.56,219.1,187.4,219.67
3519253,263.12,235.15,205.1,238.35
3519303,216.38,186.7,217.7,203.76
3519402,213.62,188,171,193.22
3519501,274.94,256.65,212.9,253.5
3519600,209.88,175.55,189.2,190.46
3519709,275.38,296.5,241.6,277.22
3519808,190.81,158,167.2,171.41
3519907,278.69,253.5,222.6,255.54
3520004,215.81,189.35,195.8,199.96
3520103,224.31,159,209.5,192.7
3520202,248.75,218.6,239.6,233.65
3520301,391.88,406.55,335.9,386.09
3520400,317.81,327.4,282.6,314.33
3520426,344.12,391.3,294.3,353.8
3520442,209.12,175.35,167,185.28
3520509,223.75,196.75,183.5,203.26
3520608,255.31,241.6,202.3,237.83
3520707,199.75,142.05,154.7,164.87
3520806,235.62,218.05,181.2,216.15
3520905,299.31,275.55,222,272.17
3521002,213.69,205.05,187.6,204.26
3521101,214.38,186.85,212,201.89
3521150,204.38,177.1,151.2,180.96
3521200,325.75,353.85,287.8,329.72
3521309,200.81,197.05,194.4,197.78
3521408,215.56,188.6,220.4,204.89
3521507,208.56,186.8,172.6,191.28
3521606,243.5,201.5,177.6,210.91
3521705,279.75,270.5,239.3,266.93
3521804,294.38,242.5,231,258.04
3521903,210.69,188.3,178.1,193.87
3522000,201,168.65,187.6,184.02
3522109,379.38,384.35,352.7,375.74
3522158,318.5,321.2,281.5,311.63
3522208,255,245.65,230.6,245.63
3522307,258.75,243.2,198.7,238.93
3522406,306.31,285.75,242.5,283.5
3522505,243.31,232.15,202.1,229.5
3522604,245.38,214.6,241,231.04
3522653,322.5,335.95,303,324.11
3522703,215.44,183.35,171.3,191.89
3522802,303.81,292.9,245.2,286.33
3522901,202.31,179.8,184.6,188.67
3523008,208.75,180.4,168.8,187.74
3523107,236.31,217.55,214.2,223.35
3523206,296.25,308.3,257.7,293.11
3523305,303.06,325.75,236.4,298.43
3523404,234.75,219.7,210.5,222.93
3523503,275.81,239.95,215.4,247.09
3523602,214.06,198.65,211.8,206.87
3523701,247.25,203.45,218.3,221.91
3523800,226.88,193.35,199.9,206.43
3523909,222,211.05,187.7,209.78
3524006,241.12,214.9,192.9,219.24
3524105,244.25,189,200.9,210.8
3524204,186.69,162.35,166.7,171.76
3524303,198.69,183.15,185.5,189.07
3524402,213.62,183.25,203.4,198.2
3524501,210.56,176.7,163.6,185.63
3524600,285.38,347.15,238.9,302.13
3524709,232.56,194.3,210.8,211.2
3524808,206.62,152.7,160.3,173.11
3524907,208.44,180.4,197.5,193.87
3525003,237.94,225.55,213.3,227.2
3525102,247.5,213.85,206.1,223.87
3525201,236.25,224.8,214.7,226.59
3525300,212.31,185.85,190.2,196
3525409,255.06,199.8,225.6,224.63
3525508,279.06,241.55,251.3,256.72
3525607,256.81,241.2,195.5,236.7
3525706,209.12,168.55,165.8,182.07
3525805,217.69,197.8,186.8,202.33
3525854,188.44,182.45,184.8,185.04
3525904,238.5,223.9,193.2,222.3
3526001,241.62,204.9,179.3,212.11
3526100,340.06,330.9,288.9,324.96
3526209,290.56,289.15,272.7,286.07
3526308,204.12,185.15,209.2,196.98
3526407,186.69,180.6,181.4,182.89
3526506,222.44,199.1,182.4,203.59
3526605,239.75,219.35,230.1,228.78
3526704,222.88,183.75,212.9,203.7
3526803,232.56,204.65,203.1,214.02
3526902,222.62,196.85,215.2,209.8
3527009,268.69,230.05,235.2,244.61
3527108,200.19,175.45,182.3,185.54
3527207,226.25,216.55,205.3,217.48
3527256,214.19,183.35,173.9,192.02
3527306,235.31,223,202.3,222.78
3527405,227.94,206.35,179.3,207.98
3527504,242.81,222.7,215.2,228.07
3527603,229.75,192.6,208.7,209.02
3527702,253.38,202.95,177.6,214.98
3527801,251.69,234,217.1,236.48
3527900,262.31,238.7,210.3,240.74
3528007,195.12,183.3,181.6,187.04
3528106,218.31,181.3,168.3,191.35
3528205,209.94,146.1,156.4,170.54
3528304,207.44,171.9,179.2,185.85
3528403,248.94,244.5,197.9,235.91
3528502,259.75,228.95,228.9,239.65
3528601,291.38,257.15,231.2,263.41
3528700,288.19,250.55,221.3,257.28
3528809,274.38,251,218.5,252.07
3528858,204.5,186.8,171.7,189.67
3528908,239.5,206.7,178.2,211.91
3529005,246.12,227.6,208.3,229.85
3529104,216.62,182.05,159.6,189.2
3529203,259.25,242.4,203.7,239.85
3529302,195,174.25,189.4,184.76
3529401,242.06,232.7,224.7,234.22
3529500,214,178.95,170.2,189.24
3529609,202.06,159.15,167,175.78
3529658,190.81,144.95,150.3,162.07
3529708,205.56,169.05,177,183.48
3529807,215.44,186.25,194.9,198.28
3529906,245.81,267.75,208.2,247.17
3530003,204,142.95,157.2,167.28
3530102,224.12,192.65,178.7,200.57
3530201,297.06,267.45,238.3,271.41
3530300,201.31,184.95,156.4,184.43
3530409,193.88,175.5,152.7,176.93
3530508,230.69,191.55,199.5,206.89
3530607,249.56,240.1,221.6,239.37
3530706,214.44,190.05,209.6,202.78
3530805,228.44,200.55,219.2,214.3
3530904,198.62,185.15,197.2,192.46
3531001,220.62,182.8,176.7,194.63
3531100,475.75,473.2,463.2,471.91
3531209,251.38,217.85,238.6,234.02
3531308,206.31,170.55,172.3,183.37
3531407,207.5,179.65,159.1,184.87
3531506,196.25,168.15,152.5,174.52
3531605,239.81,199.45,189.5,211.33
3531704,263.38,229.65,247.1,245.17
3531803,212.12,190.05,192.2,198.2
3531902,201.31,185.6,182.2,190.33
3532009,227.75,204.4,205.8,212.83
3532058,210.19,177.45,185.7,190.63
3532108,226.12,187.75,188,201.15
3532157,284.31,261.3,228.2,262.11
3532207,285.5,276.1,235.2,270.48
3532306,339.12,323.5,283.5,320.24
3532405,251.38,229.3,238.9,239.07
3532504,201.94,180.05,154.6,182.13
3532603,220.69,180.05,179.4,194.04
3532702,208.25,180.4,159.6,185.57
3532801,211.88,177.6,167.8,187.39
3532827,308.56,317.55,263,302.57
3532843,201.06,172.7,159.5,179.7
3532868,207.62,180.35,174,188.46
3532900,198.44,166.8,175.5,179.7
3533007,187.56,167.35,153.7,171.41
3533106,243.69,203.9,181.3,212.83
3533205,230.06,192.3,187.4,204.37
3533254,184.75,161.95,156.4,168.67
3533304,216.69,177.25,184,192.43
3533403,230.5,195.7,215.4,212.09
3533502,201.25,184.45,173.4,187.89
3533601,235.62,209.15,230,222.89
3533700,245.38,224.8,211.5,229.07
3533809,285.12,243.2,224.2,253.65
3533908,179.38,167.65,163.3,170.78
3534005,202.56,177.3,151.4,180.46
3534104,248.38,227.8,205.3,230.07
3534203,187.94,155.55,156.2,166.96
3534302,225.25,197.95,203.4,208.63
3534401,245.44,229.05,222.2,233.26
3534500,253.94,230.5,213.2,234.89
3534609,238.06,220.55,180.3,217.89
3534708,306.69,275.55,211.9,272.54
3534757,190.06,139.85,147.1,158.89
3534807,248.06,205.05,178.4,214.22
3534906,244.69,203.15,175.1,211.5
3535002,186.62,163.4,155.3,169.72
3535101,203.56,168.05,169.1,180.63
3535200,222.25,177.75,157,188.72
3535309,273.19,271.6,212.7,259.35
3535408,246.62,205.7,178,213.91
3535507,262.5,248.3,211.3,245.2
3535606,224.06,219.35,207.2,218.35
3535705,189.38,163.45,161.5,172.04
3535804,303.69,251.5,202.5,259
3535903,200.44,147.8,154.3,167.52
3536000,243,223.4,189.4,222.83
3536109,246.69,219.05,214,227.57
3536208,297.69,333.55,254,303.78
3536257,203.81,156.75,161.7,174.2
3536307,246,200.7,217.7,220.15
3536406,231.75,199.1,185.3,207.46
3536505,232.25,195.05,213.1,211.91
3536570,236.38,210.25,199.9,217.09
3536604,188.75,148.75,153.1,163.61
3536703,206.88,186.2,187.2,193.61
3536802,290.81,232.95,264.4,259.91
3536901,201.19,150.9,165,171.46
3537008,253,191.55,227.3,220.7
3537107,244.81,193.7,199,212.63
3537156,280.62,263.8,205.4,256.96
3537206,312.19,321.85,261.7,305.41
3537305,222.94,182.45,172.7,194.41
3537404,207.31,183,170.8,188.8
3537503,200.25,187.75,187.6,192.07
3537602,309.38,332.65,240.7,304.57
3537701,239.69,203.6,184.3,211.96
3537800,256.56,251.1,221.9,246.65
3537909,278.69,258.8,226.6,258.72
3538006,226.94,216.05,198.2,215.96
3538105,204.5,175.8,169.7,184.46
3538204,287.25,230.8,264.9,257.85
3538303,279.88,227.7,187.4,237.09
3538501,232.62,210.2,222.7,220.72
3538600,252.88,222.75,238,236.54
3538709,216.75,179.45,184.6,193.54
3538808,291.5,255.6,222.3,260.85
3538907,205.81,192.7,189.8,196.63
3539004,197,166.95,155.9,175
3539103,264.44,226.1,223.8,238.93
3539202,293.44,273.1,237.5,272.43
3539301,228.19,192.25,215.4,209.78
3539400,228.56,209.25,202.4,214.48
3539509,206.94,192,175.2,193.54
3539608,219.75,175.65,168.1,189.35
3539707,273.06,244.3,221,249.24
3539806,228.38,235.1,215.5,228.5
3539905,210.38,182.1,161.1,187.37
3540002,248.62,229.4,201.3,229.98
3540101,199.19,178,175.9,184.91
3540200,206.62,184.05,187.9,192.74
3540259,219.44,167.6,163.1,184.65
3540309,203.56,151.1,147,168.46
3540408,191.19,140.6,147.4,159.67
3540507,220.75,210.3,191.3,209.8
3540606,210.56,193.45,179.9,196.46
3540705,223.12,188.6,212.5,205.8
3540754,227.94,205.75,207.1,213.76
3540804,211.56,186.6,167.4,191.11
3540853,236.44,219.4,180.3,216.83
3540903,200.62,175.35,185.4,186.33
3541000,507.81,490.65,460.7,490.11
3541059,254.69,218.6,220,231.46
3541109,224.94,211.4,201.2,213.89
3541208,278.25,244.25,210,248.63
3541307,272.44,241.35,209,245.13
3541406,251.62,232.85,190.5,230.17
3541505,266.5,221.85,182.4,228.8
3541604,208.81,177.4,171.2,186.98
3541653,237.19,211.8,190.9,216.09
3541703,251.25,243,199,236.3
3541802,245.75,216.2,190.5,220.89
3541901,227.06,215.85,229.8,222.78
3542008,249.69,227.95,205.5,230.63
3542107,205.81,184.9,186,192.41
3542206,260.38,245.75,207.5,242.52
3542305,209.69,196.2,200.7,201.87
3542404,273.88,250.15,214.9,250.74
3542503,202.69,173.45,174.8,183.91
3542602,309.56,332.55,249.1,306.41
3542701,250.19,193.7,218.1,218.65
3542800,301.06,315.9,281.2,303.2
3542909,212.31,185.85,197.9,197.67
3543006,314,309.25,274.5,303.35
3543105,263.19,212,222.6,232.11
3543204,268.69,239.5,213.8,244.07
3543238,269.88,217.9,179.9,227.72
3543253,321.31,291.85,234.5,289.63
3543303,344.19,318.1,300.2,323.28
3543402,226.06,199.35,195.9,207.89
3543501,302.5,299.35,255.1,290.83
3543600,232,180.95,212.1,205.48
3543709,220,172.5,187,192.17
3543808,232.62,204.8,181,209.3
3543907,228.5,194.4,232.4,214.52
3544004,221.94,192.25,212.1,206.89
3544103,489.81,468.25,475.1,477.24
3544202,194.5,145.25,141.2,161.5
3544251,318.81,282.6,264.3,291.22
3544301,216.56,195.4,197.2,203.15
3544400,234,204.3,182.5,209.89
3544509,208.38,171.65,163.5,182.65
3544608,196.44,168.85,171.9,179.11
3544707,239.06,220,178.6,217.63
3544806,205.38,172.05,172,183.63
3544905,237.19,205.85,226.5,221.24
3545001,270.62,245.95,226.7,250.35
3545100,224.69,198.8,177.6,203.2
3545159,211.06,186.8,187.2,195.33
3545209,216.38,192.05,179.4,197.76
3545308,238.69,233.8,195.7,227.22
3545407,275.19,260.8,215.2,255.89
3545506,293.12,272.3,245,273.61
3545605,219.19,183.8,171.4,193.41
3545704,204.5,158.2,163.4,175.43
3545803,215.75,192.45,212.7,204.96
3546009,212.94,195.85,191.8,200.91
3546108,195.62,158.65,159.9,171.78
3546207,223,186.95,221.2,206.93
3546256,241.81,221.65,204.5,224.93
3546306,229.5,191.55,218.6,210.63
3546405,286.62,257.2,221.6,259.7
3546504,197.81,175.2,186,185.41
3546603,204.88,167.8,164,179.87
3546702,223.44,190.4,229.8,210.46
3546801,262.56,220.15,239.4,239.09
3546900,235.44,180.95,196.2,203.22
3547007,226.25,195.4,204.9,208.2
3547106,241.81,204.3,181.3,212.35
3547205,214.75,166.35,160.3,181.87
3547304,257.56,224.35,217.1,234.33
3547403,199.38,162.6,162.2,175.3
3547502,230,192.05,215,210.24
3547601,221.62,179.7,216.5,202.28
3547650,214.75,166.35,160.3,181.87
3547700,282.12,240.3,196.8,245.39
3547809,344.19,318.1,300.2,323.28
3547908,262.94,209.15,214.5,229.02
3548005,257.75,197.65,214.1,222.13
3548054,213.19,182.7,169.3,190.39
3548104,260.5,215.3,253.4,239.3
3548203,277.12,252.55,255.7,261.78
3548302,245.25,210.15,179.8,215.76
3548401,247.31,210,185,217.54
3548500,563.31,552.05,529,550.96
3548609,260.31,239.45,256.7,250.46
3548708,451.25,381.55,375.8,404.54
3548807,227.38,225.5,221.6,225.3
3548906,226.19,201.2,221.5,214.3
3549003,216.5,172.1,157.2,184.3
3549102,239.75,194,218.9,215.33
3549201,211.44,160.95,173,181.13
3549250,209.38,172.55,165.3,183.78
3549300,237.81,202.75,186.6,211.43
3549409,225.75,201.95,199.8,209.76
3549508,252.44,209.35,220.3,226.72
3549607,261.44,267.2,288.4,269.8
3549706,241.19,213.35,204.3,221.07
3549805,203.38,179.95,153.7,182.39
3549904,263.62,222.75,244.1,241.61
3549953,274.31,266.6,259.2,267.67
3550001,244.56,243.55,236.2,242.3
3550100,220.12,194.8,202.7,205.33
3550209,308.31,277.5,242.5,280.61
3550308,229.25,218.6,218.5,222.28
3550407,217.06,184.7,196.8,198.59
3550506,252.25,238.85,218.6,239.11
3550605,258.75,257.8,204.8,246.61
3550704,345.75,321.8,306,326.7
3550803,252.62,229.85,219.9,235.61
3550902,229.62,194.35,212.1,210.48
3551009,498.62,451,430.8,463.17
3551108,229.88,219.75,176.1,213.78
3551207,292.88,267.35,238.1,269.87
3551306,220.62,183.2,177.1,194.89
3551405,231.5,202,206.8,213.3
3551504,257.19,220.15,210.2,230.87
3551603,268.69,230.05,235.2,244.61
3551702,208.81,196.05,188.8,198.91
3551801,391.25,379.15,321.5,370.83
3551900,178.62,167.45,164.3,170.65
3552007,235,229.85,229.1,231.48
3552106,291.12,234.95,265.7,261.17
3552205,211.12,204.35,185,202.5
3552304,216.88,182.85,160.2,189.76
3552403,222.94,191.25,193.2,202.7
3552502,261.5,274.1,223.7,258.76
3552551,206.06,173.8,158.9,181.78
3552601,204.12,180.4,172,186.83
3552700,200,176.55,191.8,188.02
3552809,233.75,227.8,210.1,226.02
3552908,284.75,263.45,235.5,264.78
3553005,277.19,258.65,244.2,261.96
3553104,209.81,173.55,166.1,184.54
3553203,205.56,176.2,171.8,185.46
3553302,214.88,180.55,214.8,199.93
3553401,204.69,182.85,163.4,186.22
3553500,351.44,372.95,304,350.48
3553609,259.31,212.2,220.7,230.43
3553658,207.5,184.55,170.5,189.48
3553708,211.38,171.7,180.3,187.37
3553807,285.75,261.15,233.7,263.74
3553856,298.19,284.6,230,277.46
3553906,289.5,259.45,223.1,262
3553955,272.75,259,211.4,253.43
3554003,219.5,205.45,180.8,204.98
3554102,210.12,188.65,194.7,197.43
3554201,282,259.5,237.9,262.63
3554300,316.44,281.85,257.9,288.67
3554409,191.75,169.1,169.5,177.07
3554508,188.44,182.45,184.8,185.04
3554607,302.19,272.55,234.8,274.65
3554656,229.88,211.05,202.3,215.7
3554706,229.56,195.8,208.6,210.33
3554755,214.06,186.7,185.3,195.91
3554805,237.69,211.6,215.7,221.57
3554904,215.06,169.3,167.9,184.91
3554953,255.31,218.05,240.8,235.96
3555000,246.88,225.85,187.1,224.74
3555109,239.25,202.45,189.7,212.48
3555208,216.69,187.05,176.8,195.13
3555307,192.12,140.7,151.8,161
3555356,211.75,173.1,168.1,185.46
3555406,385,346.75,340,358.59
3555505,248.62,233.6,220.5,235.98
3555604,209.31,184.45,167,189.3
3555703,211.94,178.9,164.9,187.35
3555802,212.31,162.55,159.2,179.13
3555901,205.5,181.3,174.9,188.33
3556008,200.81,185.45,165.2,186.39
3556107,209.88,167.35,168.4,182.37
3556206,232.06,215.75,215.1,221.28
3556305,223.38,194.9,186.7,203.02
3556354,276.25,235.45,244.9,251.7
3556404,248.69,199.85,227.1,222.76
3556453,262.62,264.3,216.8,253.39
3556503,274,232.45,229.2,246.2
3556602,259.69,229.35,214.4,236.65
3556701,235.31,223,202.3,222.78
3556800,199.12,178.3,172.4,184.26
3556909,197.75,167.55,164.3,177.35
3556958,209.31,150.8,166.8,174.63
3557006,219.19,219.1,184.9,211.7
3557105,217.12,175.35,167.1,188.09
3557154,209.56,180.95,176.5,189.93
3557204,297.19,277.1,217.5,271.13
3557303,221.94,196.6,216.9,209.83
4100103,331.19,292.45,220.1,290.2
4100202,300.19,318.05,260.4,299.3
4100301,357.88,368.3,314,352.87
4100400,350.56,350.55,321.7,344.28
4100459,477.12,460.75,371.5,447.04
4100509,387.12,392.4,303.2,371.17
4100608,335.31,320.75,282.4,317.48
4100707,415.81,425.05,345.5,404.54
4100806,298.5,275.2,238,275.22
4100905,320.88,337.8,296.2,322.87
4101002,555.44,502.95,468.4,513.7
4101051,456.12,454.3,378.2,438.39
4101101,295.94,279.95,219.4,272.35
4101150,327.19,319.5,267.4,310.85
4101200,453.25,490.4,423.2,462.87
4101309,400.12,400.7,351.7,389.85
4101408,369.81,354.9,293.3,346.7
4101507,364.81,346.15,278.8,338
4101606,331.94,318.2,253.5,308.91
4101655,427.81,422.2,320.4,402.02
4101705,384.38,391.9,312.1,371.93
4101804,344.69,359.65,303.1,342.15
4101853,430.12,420.15,311.6,400.02
4101903,325.31,306.6,240.8,298.8
4102000,450.94,438.85,353.6,424.52
4102109,317.94,295.25,257.8,295
4102208,331.25,326.85,270.3,316.09
4102307,371.19,379.4,308.8,361.2
4102406,310.75,274.7,218.8,275.09
4102505,391,381.15,292.6,365.33
4102604,589.94,518.85,486.1,536.46
4102703,326.81,288.05,218.7,286.46
4102752,548.56,501.85,468.4,510.83
4102802,313.06,286.2,243,286.15
4102901,531.38,519.85,453.1,509.35
4103008,442,439.65,343.7,419.61
4103024,520.44,489.35,428.8,487
4103040,467.88,447.75,371.8,438.24
4103057,524.31,486.1,426.5,486.43
4103107,342.81,363.65,312,345.17
4103156,583,514.55,477,530.2
4103206,366,352.7,304.3,346.8
4103222,543.31,478.95,453.6,495.83
4103305,399.75,367.7,314.7,367.33
4103354,494.81,483.35,389.7,466.98
4103370,429.38,427.15,327.7,406.3
4103404,300.88,283.95,245.7,281.52
4103453,470.81,462.6,366.2,444.5
4103479,395.56,399.15,301.3,376.63
4103503,368.75,354.7,303.5,348.46
4103602,276.44,260.6,211.8,255.5
4103701,320,298.6,255.4,296.65
4103800,369.31,356.65,307.2,350.3
4103909,450.94,453.9,365.6,433.67
4103958,489.56,468,398.1,460.3
4104006,390.5,402.85,335.5,383.91
4104055,513.19,505.95,403.6,486.22
4104105,391.25,388.25,334.7,377.65
4104204,359.12,355,317.1,348.2
4104253,348.69,347.9,321.5,342.43
4104303,440.81,405,322.6,399.54
4104402,417.56,409.9,357,401.07
4104428,512.12,480.7,394.9,472.98
4104451,507.94,489.45,432.7,483.54
4104501,507.19,475.1,456.3,482.17
4104600,518.88,486.65,428.4,485.2
4104659,380.31,380.25,337.4,370.96
4104709,307.94,278.6,225.6,277.28
4104808,507.94,500.25,412.1,483.76
4104907,392.25,376.85,344.9,375.26
4105003,526.88,516.25,454.8,506.59
4105102,292.12,275.25,238.3,273.09
4105201,311.31,316.8,281.4,307.2
4105300,513.31,499.75,437.1,490.85
4105409,537.62,506.5,429,500.48
4105508,359,377.65,294.4,353.07
4105607,334.75,346.65,288.6,329.89
4105706,560.75,514.4,469.1,520.67
4105805,342.06,349.7,326.8,342.07
4105904,313.12,291.8,267.3,293.89
4106001,316.19,311.95,249.7,299.89
4106100,305.25,291.3,231.9,283.24
4106209,351.44,363.25,315.8,348.83
4106308,483.25,469.55,382,455.28
4106407,311.62,285.3,227.6,281.91
4106456,544.38,499,470.2,508.52
4106506,535.5,496.8,439.4,497.78
4106555,412.06,382.95,317.6,378.87
4106571,519.88,500.8,437.1,493.59
4106605,362.44,374.1,290.7,351.91
4106704,315.81,298.9,275.7,299.74
4106803,505,467.3,407.7,467.46
4106852,417.06,397.45,324.3,388.37
4106902,359.06,369.9,329.7,357.39
4107009,354.56,333.4,273.4,327.72
4107108,312.31,298.55,270.8,297.3
4107124,503.31,491.8,375.1,470.43
4107157,462.94,486.4,395.8,458.54
4107207,546.38,507,463.3,511.2
4107256,347.5,351.2,285,335.52
4107306,385.06,371.5,326.3,366.39
4107405,554.75,507.25,481.8,518.24
4107504,365.94,368.25,304.8,353.65
4107520,367.5,379.6,278.1,353.33
4107538,457.94,455.6,364.2,436.54
4107546,524.12,508.2,437.1,498.28
4107553,436.38,448.35,334.1,419.35
4107603,418.06,402.4,341,394.5
4107652,364.75,364.65,324,355.85
4107702,385.06,362.25,296.5,355.89
4107736,420.81,418.7,374.4,409.8
4107751,336.56,333.8,261.2,318.98
4107801,381.88,367.2,326.4,363.43
4107850,570,549.5,486.2,542.87
4107900,356.06,345.55,298.3,338.93
4108007,297.94,283.35,244.6,280
4108106,327.19,319.5,267.4,310.85
4108205,420.69,422.65,345,405.09
4108304,479.12,450.9,425.7,455.24
4108320,410.5,404.6,318.3,387.89
4108403,563.31,511.1,486.3,523.87
4108452,526.62,496.6,425.1,491.5
4108502,504,503.3,414.2,484.17
4108551,394.94,400.2,317.2,380.33
4108601,419,400.95,326.5,391.04
4108650,500.44,478.1,425.6,474.46
4108700,410.44,398.5,325.2,386.72
4108809,414.5,401.3,335.6,391.61
4108908,320,333.4,288.2,318.91
4108957,425.56,424,371.7,413.17
4109005,338.38,295.45,233.8,296.98
4109104,339.31,348.05,288.6,332.09
4109203,301.12,283,244.1,280.85
4109302,524.12,504.65,402.9,489.3
4109401,494.25,474.8,413.7,468.28
4109500,430.19,442.3,401.3,429.17
4109609,454.12,501.4,433.4,470.17
4109658,534.56,501.8,474.9,507.35
4109708,317.62,326.25,270.4,311.11
4109757,529,520,439.3,505.59
4109807,321.12,307.55,236.8,296.89
4109906,367.31,371.05,297.8,353.83
4110003,337.31,326.9,274,319.02
4110052,443,454.25,368.8,431.76
4110078,432.69,410.6,351.5,405.43
4110102,401.25,409.4,370.8,398.17
4110201,491.38,482.55,407.6,469.33
4110300,316.06,285.7,258.4,290.33
4110409,356.25,360.35,304.3,346.74
4110508,374.06,387.95,325.8,369.61
4110607,411.12,404.15,311.8,386.5
4110656,448.12,445.4,365.8,429.04
4110706,436.62,432.1,389.7,424.46
4110805,442.88,435.3,351.5,419.72
4110904,297.75,276.95,255.9,279.61
4110953,468.25,473.65,409.5,457.83
4111001,282.38,270.55,208,261.07
4111100,364.75,349.85,300.5,344.3
4111209,529.94,464.5,451,484.33
4111258,349,341.75,318.4,339.2
4111308,317.56,307.25,275.8,304
4111407,439.12,431.2,376.1,421.98
4111506,430.5,419.8,315.4,400.83
4111555,370.44,369.95,296.9,354.24
4111605,365,367.7,312.4,354.74
4111704,330.25,329.1,266,315.78
4111803,307.25,275.4,208.8,272
4111902,300,284.25,240.8,280.28
4112009,346,332.75,283.4,326.63
4112108,371.94,353.5,305.5,349.48
4112207,440.75,423.15,338.3,410.83
4112306,323.94,329.45,266.7,313.89
4112405,353.75,357.1,304.6,344.52
4112504,428.44,415.1,319.7,399
4112603,306.75,271.45,254.8,280.11
4112702,322.5,300.25,231.5,293.04
4112751,454.31,443.75,359,429
4112801,328.12,294.25,232.8,292.67
4112900,326.12,303.35,235.7,296.57
4112959,427.25,439.5,327.1,410.8
4113007,359.44,370.8,297.2,350.85
4113106,388.69,363.1,321.4,362.93
4113205,406.06,392.3,368.4,391.89
4113254,487.5,471.65,393.2,460.11
4113304,523.56,518.55,443.2,503.91
4113403,288.25,272.75,214.7,265.52
4113429,405.56,392.65,318.7,381.07
4113452,535.5,498.05,447.6,500.11
4113502,325.44,337.35,306.9,326.59
4113601,316.12,298.1,259.5,295.98
4113700,350.88,327.85,270.4,323.37
4113734,474.44,465.4,358.8,445.37
4113759,399.5,387.45,316.8,376.28
4113809,291.88,273.9,237.1,272.15
4113908,466.25,427.95,398.1,434.78
4114005,464.44,464.25,363.8,442.48
4114104,344.19,332.95,282,325.78
4114203,349.56,346.45,292.7,335.85
4114302,349.25,357.35,306.8,343.54
4114351,560.88,510.15,471.8,519.46
4114401,529.88,507.95,441.5,501.13
4114500,465.88,448.55,358.3,434.96
4114609,433.75,436.15,358.2,418.37
4114708,370.56,367.4,300.1,353.87
4114807,352.75,347.95,302.1,339.65
4114906,377.38,356.25,311.1,353.78
4115002,320.5,298,286.8,303.39
4115101,404.38,410.95,313.7,387.52
4115200,343.56,342.9,295,332.72
4115309,569.25,520.45,466.2,525.63
4115358,436.56,444.15,343.3,419.59
4115408,573,529.7,484.5,534.93
4115457,512.88,513.7,417,492.39
4115507,383.94,360.4,320.8,359.98
4115606,497.88,470.6,423.5,469.85
4115705,403.25,461.2,390.1,425.59
4115739,495.75,464.95,390.9,459.57
4115754,405.06,381.1,326,377.46
4115804,488.38,461.15,416,460.8
4115853,422.75,424.75,356.9,409.3
4115903,326.25,335.25,290.2,322.33
4116000,292.19,262.3,233.6,266.46
4116059,458.56,482.95,400.1,456.46
4116109,404.94,400.55,318.6,384.26
4116208,417.56,428.2,405.8,419.63
4116307,320.5,302.8,263.5,300.41
4116406,311.56,299.5,253,293.59
4116505,329.81,329.35,288.8,320.7
4116604,327.88,308.05,237.9,299.7
4116703,451.5,442.85,370.4,430.11
4116802,454.12,462.6,376.5,440.93
4116901,335.56,327.8,282.1,320.57
4116950,544.75,493.35,465.4,505.15
4117008,322,299.25,238.6,293.98
4117057,530.69,522.9,433.5,506.17
4117107,320.75,304.65,281.7,305.26
4117206,344.56,352.25,284.2,334.78
4117214,338.06,315.25,248.1,308.59
4117222,420.19,421.55,346.2,404.7
4117255,513.31,480.6,416.6,478.07
4117271,432.75,435.1,340.1,413.63
4117297,377.88,358.8,309.5,354.72
4117305,391.44,372.95,316.5,367.11
4117404,384.88,369.1,327.3,365.5
4117453,469.88,477.7,379.1,453.54
4117503,379.56,361.2,321.5,358.96
4117602,555.25,524.2,467.6,522.7
4117701,393.31,382.75,338.9,376.89
4117800,507.5,473.6,413.2,472.26
4117909,421.75,407.75,334.7,396.74
4118006,326.81,335.8,289.6,322.63
4118105,315,280.6,266.2,289.43
4118204,367,416.75,331.4,380.89
4118303,310.19,274.45,255.5,282.76
4118402,323.81,319.7,273.6,311.11
4118451,448.44,449.55,361.8,430.09
4118501,560.38,509.6,439.6,512.04
4118600,458.44,430.3,381.8,429.54
4118709,444,422.9,380.2,420.96
4118808,400.12,378.35,299.8,368.85
4118857,394.62,401.6,313.5,380.02
4118907,367.44,384.45,287,357.35
4119004,551.5,503.5,460.4,510.83
4119103,373.31,376.95,319.4,363.17
4119152,340.56,351.55,322.4,341.39
4119202,345,320.75,276.7,319.61
4119251,570.56,508.5,476.2,523.07
4119301,567.12,518.05,429.3,515.83
4119400,383.62,365.5,301.6,357.91
4119509,420.38,454.65,383.1,427.17
4119608,488.19,474.45,410.5,465.33
4119657,316.19,305.3,265.7,300.48
4119707,336,342.75,307.6,332.76
4119806,534.38,489.45,467.5,500.3
4119905,383.25,391.25,325.4,374.15
4119954,373.69,439.5,353,397.8
4120002,286.44,278.85,235.8,272.13
4120101,412.38,384.5,353.6,387.48
4120150,512.19,514.4,444.4,498.41
4120200,313.88,312.3,289.6,307.91
4120309,494.19,470.15,400.4,463.35
4120333,295.25,272.9,232.2,271.83
4120358,558.88,501.4,473.8,515.39
4120408,333.06,331.2,281.7,321.09
4120507,294.75,271.3,230.2,270.52
4120606,453.06,452.25,409.7,443.28
4120655,427.5,415.75,332.8,401.8
4120705,309.19,290.9,229.7,283.96
4120804,478.06,481.65,422.4,467.52
4120853,431.38,437.05,368,420.07
4120903,523.56,510.1,455.5,502.91
4121000,328.88,344.9,296.1,328.72
4121109,377.25,355.7,301.5,351.41
4121208,355,366.45,312.3,350.7
4121257,473.25,496.6,415.5,470.85
4121307,306.25,282.45,228.4,278.98
4121356,434.94,426.55,329.1,408.28
4121406,492.81,472.05,434,471
4121505,430.38,425.4,375.2,416.22
4121604,580.75,528.95,482.6,536.89
4121703,430.62,421.1,360.7,411.28
4121752,554.25,499.1,431.8,503.65
4121802,298.69,276,228.5,273.57
4121901,311.12,289.95,232.3,284.78
4122008,446,421.35,380.1,420.96
4122107,374.75,358.35,312.8,354.15
4122156,522.12,511.6,444.6,500.7
4122172,428.38,407.95,328.6,397.8
4122206,337.94,336.3,319.5,333.22
4122305,406.31,399.05,347.4,390.35
4122404,314.06,301.9,263.3,297.74
4122503,473.62,463.45,375.7,447.91
4122602,356,355.2,298.5,343.15
4122651,425.56,394.55,335.6,392.52
4122701,330.94,322.95,285.1,317.5
4122800,571.75,515.6,466.9,524.54
4122909,308.81,293.55,246,288.52
4123006,539.94,492.1,453.7,500.39
4123105,322.5,281.7,223.7,283.28
4123204,338.06,315.25,248.1,308.59
4123303,323.62,335.95,294.3,322.61
4123402,321.5,311.65,256.4,303.07
4123501,467.62,471.75,380.4,450.46
4123600,302.19,284.3,262.2,285.72
4123709,322.5,337.85,283.6,320.72
4123808,514.94,478.6,445.2,483.98
4123824,544,505.5,442.1,505.11
4123857,526.44,491.05,441,492.48
4123907,298.56,267.65,221.1,268.28
4123956,314.31,340.75,290.5,320.63
4124004,302.62,298.85,249.4,289.41
4124020,479.88,486.55,412.2,468.07
4124053,479.12,450.9,425.7,455.24
4124103,332.62,291.05,221.9,290.48
4124202,319.69,287.2,266.1,293.91
4124301,327,312.4,252.2,304.39
4124400,566.38,498.35,463.9,514.52
4124509,298.38,272.2,251,276.7
4124608,346.31,352.35,298.6,338.57
4124707,361.94,341.95,296.6,339.04
4124806,557.5,507.55,460.5,514.7
4124905,327.62,298.05,267.4,301.67
4125001,381.62,368,298.6,357.65
4125100,409.38,399.2,376.9,397.89
4125209,540.56,511.85,451.4,508.7
4125308,381.5,368.25,319.2,362.2
4125357,373.94,375.95,291.9,356.98
4125407,301.25,308.5,246.2,292.43
4125456,463.75,470.9,366.1,445.63
4125506,429.5,431.8,398.8,423.83
4125555,344.56,348.6,297.7,336.13
4125605,426.31,406.3,370.5,405.48
4125704,499.81,456.55,428.6,465.52
4125753,466.31,494.05,400.5,464.07
4125803,377.62,356.95,297.4,351.2
4125902,311.69,296.25,286.2,299.43
4126009,325.94,309.05,237.3,299.33
4126108,358.75,366.5,304.1,350.24
4126207,365.31,351.75,289.6,342.96
4126256,342.44,345.4,296.7,333.78
4126272,545.44,503.95,449.5,506.54
4126306,309.56,307.55,267.4,299.52
4126355,481.62,456.2,405.3,453.98
4126405,298.44,275.7,214.3,270.26
4126504,306.94,281.8,227.8,278.8
4126603,307.88,295.65,241.8,288.2
4126652,550.75,507.35,458.8,511.89
4126678,391.19,373.1,311.3,365.96
4126702,333.62,330.9,284.2,321.7
4126801,367,367.45,299.3,352.48
4126900,344.31,349.4,282.3,333.04
4127007,404.5,411.2,374,400.78
4127106,393.38,367.35,324.5,367.09
4127205,356.81,363.15,298.1,346.8
4127304,320.44,301.7,256.9,298.48
4127403,414.25,411.25,337.8,396.33
4127502,372.75,379.25,304.5,360.74
4127601,358.25,386.15,322.2,362.54
4127700,467.5,486.85,381,457.11
4127809,325.06,319.75,253.1,307.11
4127858,530.38,511.1,442.9,502.98
4127882,306.94,322.4,280.2,307.85
4127908,370.44,377.65,293,356.74
4127957,471.12,464.5,377.3,447.85
4127965,482.44,443.65,395.7,446.72
4128005,435.81,451.2,362.5,426.57
4128104,371.38,380.5,305.5,361.02
4128203,490.88,471.85,383.3,459.22
4128302,325.81,317.25,276.8,311.43
4128401,304.5,291.2,218.4,280
4128500,310.75,310.35,249.6,297.28
4128534,348.38,333.1,276.4,326.09
4128559,484.44,494.75,415.7,473.98
4128609,551.88,487.95,457.7,503.61
4128625,369.19,372.05,289.9,353.2
4128633,328.44,336.15,294.5,324.41
4128658,513.44,519.2,449.7,502.09
4128708,580.75,530.7,480.2,537.13
4128807,371.69,381.1,290.9,358.22
4200051,546.94,475.45,451.6,495.13
4200101,569.44,518.7,494.5,531.09
4200200,439.31,437.35,373.5,424.15
4200309,445.5,432.2,375.5,424.5
4200408,518.62,498.85,446.9,494.43
4200507,551.75,496.75,451.6,506.07
4200556,561.75,492.65,453.4,508.15
4200606,415.06,430.5,367.5,411.43
4200705,449.69,423.75,387.2,424.83
4200754,578.06,493.55,450.8,513.65
4200804,577.81,502.45,465.4,520.61
4200903,420.31,433.9,378.6,417.15
4201000,548.94,470.25,464.2,496.3
4201109,428.06,420.15,390.4,416.43
4201208,394.88,416.3,366,397.91
4201257,418.75,418.15,356.9,405.04
4201273,576,520.7,470.2,528.96
4201307,432.12,466.5,402.7,440.67
4201406,419.81,375,396.2,395.2
4201505,355.62,334.55,310.3,336.61
4201604,519.31,482.75,430.6,484.13
4201653,555.31,481.5,465.6,503.72
4201703,426.56,414.8,373.3,409.87
4201802,444.75,433.85,373.3,424.48
4201901,443.62,414.95,363.9,413.83
4201950,422.06,379.4,394.9,397.61
4202008,403.44,415.95,345.7,396.33
4202057,439.94,462.45,379,436.48
4202073,435.5,396.8,412.2,413.61
4202081,586.62,491.05,480.5,522
4202099,572.06,489.85,473.4,514.87
4202107,407.06,395.1,367.4,393.24
4202131,436.5,438.5,397.5,428.89
4202156,573.25,492.05,459.9,513.3
4202206,424.31,409.1,376.6,407.33
4202305,380.62,433,358.4,398.57
4202404,440.5,420.35,379.2,418.41
4202438,473.06,453.15,393.5,447.11
4202453,383.38,433.05,339.7,395.48
4202503,463.62,431.25,415.7,439.13
4202537,555.25,511.25,497.2,523.5
4202578,580.25,510.2,460,523.65
4202602,449.06,424.55,380.4,423.48
4202701,413.69,405.1,354.1,397
4202800,357.69,327.9,312.2,334.85
4202859,451.25,442.5,365.7,428.85
4202875,522.06,456.95,418.4,471.22
4202909,414.44,409.1,360.7,400.43
4203006,484.69,464.95,390.1,455.54
4203105,550.88,515.35,458.5,515.35
4203154,479.5,466.2,387.5,453.72
4203204,421.06,404.35,345.5,397.37
4203253,495.75,443.2,421.6,456.78
4203303,439.75,474.95,367.7,439.39
4203402,514.25,462.95,434.5,474.61
4203501,570.69,545.4,469.3,537.65
4203600,564.19,485.45,462.4,507.83
4203709,388.81,406.7,344,386.85
4203808,432.62,428.65,375.5,418.48
4203907,565.56,469.05,445.8,497.57
4203956,377.06,353.65,340.1,358.85
4204004,562.31,507.15,458.8,515.83
4204103,547.88,491.3,448.6,501.7
4204152,575.94,491.7,478.8,518.2
4204178,535.25,448.3,454.6,479.91
4204194,447.25,422.85,371.9,420.26
4204202,536.88,458.85,444.5,482.87
4204251,409.56,371,372.2,384.67
4204301,575.94,510.4,462,522.67
4204350,559.62,474,463,501.39
4204400,566.81,490.9,452.1,508.87
4204459,586.88,520.75,470.7,532.87
4204509,442.19,477.35,391.5,446.46
4204558,496.69,441.55,396.6,450.96
4204608,420.06,381.5,403.2,399.63
4204707,559.25,495.05,453.5,508.35
4204756,551.12,507.9,449.2,510.17
4204806,502.75,438.85,397.5,452.09
4204905,557.38,496.5,460.4,509.83
4205001,605.31,523.95,494.9,545.93
4205100,428,403.1,355.7,401.46
4205159,432,417.55,375.8,413.5
4205175,560.12,492.4,468.8,510.83
4205191,439.06,398.5,415.1,416.22
4205209,563.31,485.05,446.8,503.96
4205308,551.19,521.3,505.8,528.33
4205357,563,484.85,465.7,507.87
4205407,380.75,441.95,351.7,401.04
4205431,589.94,520.1,475.2,534.63
4205456,423.62,385.9,405.5,403.28
4205506,515.25,461.9,399.9,466.98
4205555,508.5,442.85,403.3,457.09
4205605,580.19,534.75,470,536.48
4205704,383.44,380.25,349.4,374.65
4205803,513.81,579.7,454.4,529.54
4205902,426.56,402.85,360.2,401.83
4206009,383.38,433.05,339.7,395.48
4206108,396.5,380.15,358.6,381.15
4206207,369.62,343.5,319.3,347.33
4206306,414.44,410.25,362.2,401.26
4206405,587.12,498.4,483.6,526.04
4206504,448.44,480.3,409.4,453.8
4206603,596.94,540.65,483.5,547.8
4206652,540.94,464.3,442.4,486.2
4206702,558.75,505.25,436.5,508.91
4206751,563.44,507.45,441.6,512.61
4206801,539.19,493.2,431.1,495.7
4206900,410.62,409.6,357.3,398.59
4207007,414.12,368.65,393.8,389.93
4207106,436.06,410.2,351.8,406.5
4207205,374.25,357.65,326.6,356.67
4207304,378.5,375.1,339,368.43
4207403,444.25,415.35,361.5,413.7
4207502,419.62,411.9,378.9,407.41
4207577,510.88,474.4,418,474.83
4207601,562.31,478.6,439.7,499.26
4207650,552.88,516.05,451.4,514.8
4207684,568.75,507.9,482.3,523.5
4207700,573.75,526.05,485.7,533.87
4207759,557.38,495.55,459.8,509.28
4207809,573.88,530.7,484.6,535.7
4207858,584.69,519.7,475.4,532.67
4207908,454.25,437.9,387.5,432.63
4208005,563.69,496.5,459.2,511.76
4208104,425.62,418.7,373,411.17
4208203,430.5,403,350.9,401.24
4208302,392.81,412.3,337.6,389.28
4208401,546.69,497.4,440.9,502.26
4208450,460.38,513.35,437.4,478.41
4208500,446.25,418.55,367.3,417.04
4208609,570.5,500.1,453.3,514.41
4208708,458.69,407.25,425,429
4208807,397.69,354.65,369.5,372.85
4208906,480.81,514.6,424.3,483.22
4208955,572.25,503.1,454.7,516.63
4209003,549.12,485.9,448,499.65
4209102,524.62,556.65,446.8,521.63
4209151,416.31,403.05,359.7,398.24
4209177,584.5,533.45,474.3,538.35
4209201,565.19,487.1,441.8,504.41
4209300,497.69,427.15,408.7,447.67
4209409,379.38,360.3,347,364.04
4209458,559.12,489.4,463.8,508.09
4209508,442.56,432.2,363.6,420.89
4209607,399,379.85,357.3,381.61
4209706,458.12,433.5,389,432.39
4209805,427.06,412.5,369.3,408.17
4209854,575.44,530.8,486,536.59
4209904,422.94,419.1,359.6,407.5
4210001,414.88,389,353.9,390.37
4210035,552.12,497.25,446,505.2
4210050,495.19,465.55,415.4,464.96
4210100,428.19,419.7,373,412.5
4210209,406.88,420.15,358,402.02
4210308,452.38,445.6,406.6,439.48
4210407,415.75,378.7,396.6,395.48
4210506,559.81,492.9,451,507.07
4210555,569.44,485.25,459.7,508.98
4210605,432.5,433.75,392.7,424.39
4210704,480.25,465.05,392.1,454.48
4210803,442.81,399.2,418.3,418.52
4210852,473.19,444.55,396.9,444.15
4210902,572.19,496.9,451.5,513.22
4211009,552.88,516.05,451.4,514.8
4211058,525.31,457.45,413.9,471.59
4211108,467.25,451.85,405.3,447.09
4211207,400.88,364.05,372.9,378.78
4211256,463.31,416.7,434.9,436.87
4211306,409.69,384.3,344.6,384.5
4211405,549.19,491.5,441,500.59
4211454,558.94,484.9,451.1,503.3
4211504,410.25,419.45,362,403.76
4211603,429.19,392.1,405.5,407.91
4211652,586.75,543.9,475,543.83
4211702,383,373.75,351.8,372.2
4211751,455,452.1,378.7,437.15
4211801,561.62,484.5,443.6,502.43
4211850,555.19,518.55,503.8,528.09
4211876,560.06,485.85,456.5,505.28
4211892,482.19,447.95,400.3,449.5
4211900,400.62,422.45,361.4,401.59
4212007,590,544.55,480.6,546.46
4212056,479.31,447.55,392.5,446.63
4212106,557.19,507.4,454.1,513.13
4212205,459.31,445.85,401.8,440.96
4212239,584.19,483.45,481.3,518.02
4212254,443.56,391.55,415.7,414.89
4212270,568.19,527.15,496.5,534.76
4212304,393.12,403.45,352.6,388.8
4212403,381.88,339.1,332,352.43
4212502,402.44,376.95,347.2,379.35
4212601,569.12,490,448.4,508.48
4212650,379.38,360.3,347,364.04
4212700,448.94,441.95,381.1,431.15
4212809,410.38,392.55,354,390.37
4212908,553.44,488.35,446.8,501.96
4213005,544.12,487.4,431.9,495.07
4213104,567.88,480.85,437.5,501.7
4213153,547.5,477.95,450.1,496.09
4213203,434.56,434.35,383,423.26
4213302,488,447.7,383.7,447.8
4213351,506.19,449.65,407.8,460.22
4213401,560.88,518.05,497.3,528.43
4213500,392.81,412.3,337.6,389.28
4213609,467.25,444.15,389.9,440.39
4213708,447.44,435.9,372.8,426.2
4213807,453.56,402.8,424,425.07
4213906,562.38,487.6,447.4,504.87
4214003,431.12,411.3,355.2,406
4214102,432,416.25,348,406.89
4214151,601.5,515,484.5,538.46
4214201,579.5,501.05,459.1,519.22
4214300,416.5,435.55,363.2,413.2
4214409,505.44,468.05,414.8,469.48
4214508,469.5,441.35,398.6,441.85
4214607,452.06,428.15,377.5,425.46
4214706,441,458.1,399.3,439.37
4214805,426.25,418.15,357.3,407.74
4214904,395.06,365.2,351.4,372.59
4215000,425.38,459.45,378.5,430
4215059,474.06,434.25,393,439.13
4215075,557.44,513.1,446.5,514.04
4215109,409.12,409.9,373.7,401.76
4215208,556.81,485.25,473.2,507.52
4215307,460,431.15,391.1,432.48
4215356,580.19,522.1,467.9,530.52
4215406,512.62,482.25,435.9,482.74
4215455,403.31,365.2,371.1,379.74
4215505,497.44,447.5,405.9,455.83
4215554,563.88,503,456.2,514
4215604,395.06,365.2,351.4,372.59
4215653,446.25,390.7,428,418.13
4215679,457.75,439.45,388.5,434.74
4215687,576.31,527.65,467.8,531.57
4215695,575.5,492.95,456.3,513.7
4215703,397,420.2,359.4,398.91
4215752,587.56,537.35,471.4,540.48
4215802,412.31,430.4,350.6,406.76
4215901,412,387.3,363.1,390.63
4216008,549.44,504,443.7,506.7
4216057,499.06,446.75,394.9,453.67
4216107,576.12,518.65,479.5,530.13
4216206,473.75,509.45,410,475.41
4216255,556.94,509.35,450.9,513.2
4216305,393.31,414.65,360.1,395.37
4216354,402.69,422.45,362.1,402.46
4216404,447.19,398.6,420.4,420.24
4216503,501.44,435.1,409.4,452.59
4216602,371.88,437.95,340.4,393.76
4216701,601.44,513.8,488,538.67
4216800,495.5,444.7,412.9,455.46
4216909,585.25,532.45,464.2,535.98
4217006,374.25,333.45,327.3,346.3
4217105,376.56,350.85,320.5,353.2
4217154,559.25,492.8,472.5,511.5
4217204,563.44,480.25,467.2,506.35
4217253,399.69,428.95,358.3,403.41
4217303,557.94,499.15,445,507.83
4217402,524.94,568.3,449,527.28
4217501,552.25,489.25,465.3,505.96
4217550,580.25,510.2,460,523.65
4217600,433.81,394.15,408.6,411.09
4217709,438,389.6,412.6,411.43
4217758,574,512.6,459.4,522.39
4217808,465.75,439.8,397.8,439.7
4217907,541,498,428.4,497.83
4217956,573.56,506.7,463,520.46
4218004,381.44,424.05,338.5,390.63
4218103,473.94,422.15,434.8,442.91
4218202,419.19,416.8,375.1,408.57
4218251,437.06,429.3,389.3,423.3
4218301,419.44,414.5,364.8,405.41
4218350,410.44,372.4,364,383.8
4218400,391.38,355.65,350.7,367
4218509,530,494.85,441.6,495.5
4218608,446.44,438.3,365.6,425.33
4218707,387.38,352.05,344.5,362.7
4218756,563.88,503,456.2,514
4218806,451.19,402.05,424.4,424
4218855,572.25,503.1,454.7,516.63
4218905,441.62,420.95,387.9,420.96
4218954,489,439.45,406.1,449.43
4219002,396.06,353.25,358.9,369.37
4219101,557.12,506.45,507.7,524.35
4219150,530.81,466,443.8,483.72
4219176,560.5,523.25,470.7,524.78
4219200,435.94,409.8,360,408.07
4219309,532.62,493.2,424.3,491.93
4219358,439.81,415.15,372.9,414.54
4219408,445.38,409.5,373.8,414.22
4219507,560.56,499.6,490.1,518.74
4219606,553.31,508.55,483,518.57
4219705,556.44,480.55,469,504.43
4219853,564.19,480.35,453,503.57
4220000,420.06,376.9,395,395.85
4300034,427.12,346.75,383.9,382.78
4300059,581.75,492.6,501.2,525.48
4300109,559.12,478.7,405.4,490.74
4300208,571.88,509.2,480.6,524.78
4300307,550.69,451.2,427.1,480.57
4300406,440.19,385.95,330.6,392.78
4300455,557.62,479.55,456.9,501.78
4300471,577.31,501,472.4,521.33
4300505,542.06,501.4,435.9,501.3
4300554,543.12,481.85,445.8,495.33
4300570,519.06,456.85,454.4,477.96
4300604,492.94,431.3,398.9,445.7
4300638,446.19,368.45,348.9,391.24
4300646,554.62,504.3,444.7,508.85
4300661,537.56,463.85,449.8,486.43
4300703,479.06,429,407.5,441.74
4300802,521,445.25,470.3,477.04
4300851,463.88,402,372.4,417.09
4300877,504.5,452.05,419.7,463.26
4300901,561.06,486.8,460.5,506.91
4301008,480.06,432.95,397.4,441.61
4301057,460.06,412.45,448.2,436.78
4301073,485.25,434.7,398.3,444.37
4301107,479,412.15,366.8,425.54
4301206,560.31,456.75,437.5,488.59
4301305,425.44,356.7,381.3,385.96
4301404,523.5,463.35,454.6,482.37
4301503,584.38,504.95,446.5,519.87
4301552,595.19,506.9,484.6,532.76
4301602,425,354.85,376.4,383.93
4301636,434.56,381.6,350.5,393.26
4301651,509.88,451.55,436.6,468.59
4301701,585.44,513.3,481.5,531.48
4301750,484.62,422.7,382.5,435.5
4301800,577.62,496.35,491,523.46
4301859,540.38,490.75,422.9,493.26
4301875,301.88,286.8,274.2,289.3
4301909,481.38,418.1,393.5,434.76
4301925,585.75,515.3,474.4,530.91
4301958,580.62,500.5,460.1,519.59
4302006,556.62,476.35,450.1,498.57
4302055,572.25,500.25,462.4,517.07
4302105,491.56,409.15,421.1,440.41
4302154,565,479.05,452.5,503.17
4302204,547.06,457.4,416.9,479.78
4302220,585.88,506.05,456.9,523.13
4302238,561.56,472.55,436.8,495.74
4302253,485,434.9,419.8,449.04
4302303,492.25,416.85,433.3,446.65
4302352,516.62,455.15,434.1,471.96
4302378,543.69,477.3,413.3,486.48
4302402,504.94,447.05,385.5,453.8
4302451,572.44,497.3,432.1,509.26
4302501,543.88,479.25,403.6,485.28
4302584,581.19,506.8,468.5,524.35
4302600,537.88,475.3,415.6,484.09
4302659,501.06,449.3,407.1,458.13
4302709,484.5,416.3,368.4,429.61
4302808,483.94,409.6,359.5,424.57
4302907,505.62,435.6,358.6,443.22
4303004,507.88,422.95,373.2,441.67
4303103,492.94,431.3,398.9,445.7
4303202,586.31,505.35,491.7,530.54
4303301,546.31,467.1,409.7,482.17
4303400,548.31,509.05,450.6,510
4303509,461.81,402.65,370.7,416.28
4303558,572.56,493.7,485.9,519.43
4303608,477.75,414.9,444.7,443.24
4303673,542.25,449.45,473.6,486.98
4303707,549.31,459.8,424.5,483.26
4303806,588.38,521.05,467.5,532.83
4303905,508.25,450.15,400.4,459.54
4304002,538.19,469.5,409,480.24
4304101,531.75,486.75,452.7,495
4304200,574.38,480.8,420.8,500.3
4304309,542.19,456.15,427.9,479.93
4304358,432.38,357.55,382.9,389.09
4304408,520.81,440.3,440,468.24
4304507,461.31,411.75,384.1,422.98
4304606,496.12,439.05,393.7,449.04
4304614,537.44,481.45,422.7,488.15
4304622,576.88,494,495.1,523.07
4304630,451.44,403.3,414.8,422.54
4304655,554.19,458.75,400.6,479.3
4304663,429,368.45,358.4,387.33
4304671,445.06,394,352.7,402.78
4304689,510.25,439,393.8,453.96
4304697,465.12,403.65,394.9,423.13
4304705,579.69,500.15,467.2,520.65
4304713,460.94,425.3,413.3,435.09
4304804,500.19,435.05,424.4,455.39
4304853,591.31,504.15,475.1,528.15
4304903,540.69,473.5,473.7,496.91
4304952,555.94,481.75,480.8,507.35
4305009,574.44,499.9,456.2,516.33
4305108,527.06,452.55,467.3,481.67
4305116,595.19,506.9,484.6,532.76
4305124,450.06,379.5,380.1,404.17
4305132,579.88,489.1,422.1,506.11
4305157,584.56,502.3,464.4,522.67
4305173,482.81,423.35,378.7,434.33
4305207,539.75,460.45,420.8,479.41
4305306,574.62,505.55,465.4,520.85
4305355,489.94,421.25,372.3,434.5
4305371,594.56,508.15,505,537.52
4305405,553.88,484.95,455.8,502.59
4305439,365.25,300.45,368.4,337.76
4305447,464.5,391.5,363.8,410.87
4305454,440.25,381.75,353.7,396
4305504,579.25,488.35,500,522.5
4305587,457.88,401.7,387.3,418.11
4305603,559.25,491.85,450.9,506.39
4305702,575.88,512.8,476.9,526.93
4305801,570.88,499.35,456.2,514.85
4305835,491.5,427.45,401.2,444.02
4305850,587.38,499.8,472.9,524.41
4305871,589.5,508.9,460.2,526.35
4305900,531.38,471.05,424.4,481.89
4305934,467.25,405.2,387.1,422.85
4305959,488.75,402,440.5,440.54
4305975,598.06,499.5,497.4,533.33
4306007,536,459.2,415.4,476.39
4306056,462,395.05,368.2,412.5
4306072,562,503.9,452.8,513
4306106,561.62,487.05,444.2,503.67
4306130,583.81,515.55,465.5,528.41
4306205,496.44,447.95,377.1,449.41
4306304,544.38,477.45,469.1,498.91
4306320,542.94,476.65,422.9,488.02
4306353,551.94,465.9,406.6,482.93
4306379,514.81,440.6,355.4,447.89
4306403,522.69,475.45,439.7,484.11
4306429,535.75,474.85,426.7,485.57
4306452,469.69,406.4,397,426.37
4306502,460.31,385.5,360.7,406.13
4306551,459.81,410.25,440.2,434
4306601,427.88,350.8,365.7,380.85
4306700,555.88,475.4,412,489.61
4306734,553.19,460.75,439.4,488.26
4306759,477.69,423.35,396.5,436.41
4306767,487.19,420.05,376.8,434
4306809,465.12,403.65,394.9,423.13
4306908,455.88,376.05,354.7,399.17
4306924,570.88,499.35,456.2,514.85
4306932,559.25,492.85,426.6,501.54
4306957,567.81,507.2,461.8,518.41
4306973,593,521.05,488.3,538.96
4307005,591.06,516.8,472.3,532.96
4307054,579.75,512.75,474.6,527.76
4307104,439.88,356.25,397.7,394.35
4307203,554.12,480.9,452.8,500.26
4307302,535.38,487.65,413.9,488.22
4307401,556,492.9,483.4,512.78
4307450,525.81,470.95,412.5,477.33
4307500,545.38,494.05,449.4,502.2
4307559,596.56,511.35,494.6,537.35
4307609,521.5,462.1,410.4,471.52
4307708,498.5,434.4,396.7,448.5
4307807,467.56,423.6,362.7,425.65
4307815,559.06,454.7,429.7,485.57
4307831,570.88,494.2,429.2,506.74
4307864,486.56,415.7,445.4,446.8
4307906,505.69,452.65,453.2,471.22
4308003,550,477.95,407.8,487.76
4308052,551.5,486.35,442.5,499.48
4308078,488.31,440.1,392.5,446.52
4308102,523.88,463.95,442,480.02
4308201,505.75,440.25,451.9,465.57
4308250,598.06,516.25,499.2,541
4308300,542.44,473.25,435.6,489.13
4308409,529.38,452.2,375.1,462.28
4308433,521.81,458.55,423,472.83
4308458,540.38,482.05,437.7,492.7
4308508,553.88,507.9,449,511.09
4308607,508.81,432,433.4,459.02
4308656,514.56,450.05,396.1,460.76
4308706,591.81,502.9,460.6,524.63
4308805,491.5,437.55,378.9,443.57
4308854,576.56,491.55,504.1,523.85
4308904,597,515.7,488.4,538.04
4309001,559.38,485.9,441.2,501.74
4309050,477.62,424.75,389.3,435.43
4309100,520.94,461,448.5,479.13
4309126,561.75,500.95,460.9,513.39
4309159,574.75,485.85,455.3,510.13
4309209,485.81,434.15,395.4,443.7
4309258,536.06,465.6,462.7,489.48
4309308,487.25,415.3,380.6,432.78
4309407,497.12,436.35,436.1,457.43
4309506,554.88,483.6,438.9,498.67
4309555,513.25,450.45,415.3,464.65
4309571,590.75,501.7,441.4,519.57
4309605,536.25,451.35,424.9,475.13
4309654,427.69,349.9,385.1,384.61
4309704,544.25,475.35,412,485.54
4309753,556.81,469.75,421.5,489.54
4309803,585.81,491.05,497.1,525.33
4309902,556.69,476.1,469,502.59
4309951,564.38,495.15,482,516.37
4310009,565.06,498.3,455.1,512.13
4310108,506.56,448.75,421.4,462.91
4310207,578.69,505.3,461.6,521.33
4310306,493.19,432.75,415.6,450.04
4310330,449.12,398.05,398.7,415.96
4310363,467.38,415.25,394.3,428.83
4310405,566.38,487.95,455,508.07
4310413,557.75,483.05,455.6,503.07
4310439,527.25,452.9,477.9,484.2
4310462,605.5,510.25,490.2,539.02
4310504,559.88,514,448.4,515.7
4310538,546.75,454.1,393.7,473.2
4310553,508.31,458.05,386.4,459.96
4310579,569,491.2,488.9,517.76
4310603,414.5,377.15,325,378.8
4310652,466.38,426.2,452.9,445.98
4310702,544.88,492.05,451.4,501.59
4310751,539.06,459.3,395.3,473.13
4310801,526.25,465.85,427.8,478.59
4310850,572.62,497.55,456.5,514.74
4310876,539.19,485.35,443.7,495.02
4310900,583.69,518.35,473,531.22
4311007,412,341.2,398.2,378.22
4311106,539,441.65,379.5,462
4311122,488.38,420.85,436.5,447.74
4311130,570.12,456.6,399,483.57
4311155,566.75,481.1,426.4,499
4311205,531.19,436.2,401.2,461.63
4311239,571.81,476.25,421.7,497.63
4311254,574.38,484.95,446,507.59
4311270,551,487.45,447.2,500.8
4311304,578.56,493.2,490.6,522.33
4311403,514.94,452.65,406.8,464.35
4311429,575.94,489.1,458.7,512.7
4311502,443.62,377.9,362,397.3
4311601,568.19,504.95,456.6,516.43
4311627,526.19,463.3,425.9,477.04
4311643,523.88,463.95,442,480.02
4311700,570.25,475.65,449.7,502.91
4311718,441.25,403.35,341,402.98
4311734,465.06,409.5,428,432.85
4311759,464.94,403.05,347.1,412.41
4311775,471.38,422.3,419.4,438.74
4311791,507.06,450.9,418.3,463.35
4311809,577.06,498.05,493.1,524.46
4311908,578.06,493.55,450.8,513.65
4311981,488.69,408.8,373.3,428.87
4312005,573.75,497.3,456.4,515
4312054,502.88,440.75,400.2,453.54
4312104,539.5,450.5,368.9,463.72
4312138,588.44,490.55,500.8,526.83
4312153,522.62,467.1,395.7,470.89
4312179,538,467.45,413.3,480.22
4312203,576.81,495.5,458.9,515.83
4312252,482,414.15,364.7,427
4312302,529.88,475.5,412.3,480.67
4312351,537.31,471.8,467.4,493.63
4312377,521.88,451.7,472.7,480.67
4312385,463.94,397.95,377.2,416.39
4312401,497.31,429.75,379.7,442.37
4312427,557.06,491.3,464.3,508.3
4312443,461.81,408.2,443.8,434.59
4312450,475.5,407.65,396.2,428.76
4312476,522.69,475.45,439.7,484.11
4312500,424.12,387.95,336.6,389.37
4312609,451.62,393.75,383.6,411.67
4312617,553,464.8,474.1,497.5
4312625,552.31,479.55,474.4,503.74
4312658,561.31,493.25,454,508.39
4312674,571.56,507.65,475.9,522.98
4312708,547.69,490.75,453,502.35
4312757,569,491.2,488.9,517.76
4312807,521.44,462.5,458.5,482.13
4312906,524,457,459.9,480.93
4312955,591.31,498.25,467,523.83
4313003,484.56,425.75,399.3,440.46
4313011,533.88,452.3,420.5,473.76
4313037,540.69,443.55,389.8,465.65
4313060,508.44,458.1,426,468.63
4313086,496.44,452.25,447.3,466.54
4313102,541.88,466.65,403.8,479.15
4313201,529.75,472.3,465.9,490.89
4313300,506.19,455.95,449.1,471.93
4313334,560,499.3,464.8,512.91
4313359,497.5,442.55,446.4,462.5
4313375,500.19,432.55,385.9,445.93
4313391,570.25,478.05,404.1,494.04
4313409,498.38,438.75,391.2,449.15
4313425,551.75,456.8,432.4,484.52
4313441,574.19,506.3,459.4,519.72
4313466,581.88,501.9,459.7,520.54
4313490,578.94,502.3,463.5,520.52
4313508,445.31,390.2,383.1,407.83
4313607,576.5,498.55,467.7,518.96
4313656,432.56,379.9,337.2,388.93
4313706,566.88,500.75,472.4,517.59
4313805,530.12,486.4,424,488.04
4313904,576.25,514.5,461.4,524.43
4313953,493.94,421.95,384.6,438.87
4314001,521.44,462.5,458.5,482.13
4314027,570.81,477.5,412.9,495.91
4314035,508.88,442.3,399.4,456.13
4314050,494.94,438.6,416.8,453.46
4314068,581.38,478.7,440.4,506.09
4314076,542.12,457.7,398.3,474.15
4314100,587.62,501.95,482.3,527.48
4314134,590.81,520.3,479.3,535.91
4314159,497.94,447.55,398.5,454.41
4314175,447.81,365.45,402.3,402.11
4314209,441.69,364.8,379.8,394.8
4314308,568.12,512.35,462.3,520.87
4314407,474.12,418.1,388.8,431.22
4314423,519.75,471.2,443.2,482
4314456,564.81,497.85,457.2,512.3
4314464,587.5,509,502.3,534.85
4314472,540.81,441.4,416,470.46
4314498,536.25,496.1,430.1,495.72
4314506,448.5,363.25,390.2,398.76
4314548,485.94,436.95,452.6,457.39
4314555,549.5,457.6,404.7,478.07
4314605,455.69,384.1,391.9,410.7
4314704,555.19,498.5,453.1,508.35
4314753,498.06,446.45,420.4,458.74
4314779,598.19,512.15,489.8,537.22
4314787,583.5,513.2,468.6,527.96
4314803,523.44,456.45,410.5,469.76
4314902,491.56,428.8,393.5,442.96
4315008,560.88,457.55,427.3,486.91
4315057,554.94,457.35,426.2,484.52
4315073,559.5,459.1,423.6,486.3
4315107,550.12,461.75,403,479.72
4315131,508.31,446.95,408.8,460
4315149,526.25,465.85,427.8,478.59
4315156,546.44,487.7,430.8,495.76
4315172,502.19,443.55,460.2,467.57
4315206,490,430.65,402.8,445.24
4315305,384.44,326.45,316.7,344.5
4315313,600.38,521.7,486.2,541.35
4315321,565.44,460.75,395.8,483.04
4315354,540.62,479.1,442,492.43
4315404,535.12,479.9,410.8,484.09
4315453,479.81,419.65,399.1,436.11
4315503,534.12,459.75,380.2,468.33
4315552,538,483.75,447.8,494.8
4315602,399.69,350.1,348.4,366.98
4315701,515.38,430.85,384.8,450.24
4315750,472.5,422.85,420.2,439.54
4315800,459.38,401.95,396.9,420.83
4315909,563.25,498.45,453.8,511.28
4315958,537.81,458.15,409.4,475.26
4316006,488.38,426.5,413,445.09
4316105,585.56,514.4,477.7,531.17
4316204,584.44,509,462.3,525.09
4316303,558.38,464.35,406.2,484.41
4316402,475.5,404.45,358.1,419.09
4316428,574.19,495.95,463.6,516.13
4316436,579,507.2,477.1,525.63
4316451,528.5,459.05,431.7,477.26
4316477,551.38,465.8,421.1,485.85
4316501,495.94,447.4,418.2,457.93
4316600,590.56,500.9,478.3,527.17
4316709,569.19,508.1,467.6,520.54
4316733,583.12,499,493.9,527.15
4316758,522.38,453.3,413.4,468.65
4316808,559.88,475.2,416.1,491.8
4316907,535.5,446.25,380.1,462.91
4316956,531.75,476.95,463,492.98
4316972,473.19,406.9,342.7,416
4317004,454.81,392.3,369,408.98
4317103,416.81,366.75,339.1,378.15
4317202,564.81,466.75,446.9,496.54
4317251,463.25,404,390.2,421.61
4317301,367.5,300.05,371.1,338.96
4317400,553.31,453.7,403.8,477.5
4317509,565.69,497.75,448.7,510.72
4317558,569.12,492.1,499.8,520.57
4317608,467.38,412.6,385.9,425.85
4317707,514.5,450.65,388.1,459.26
4317756,582.62,509.7,478.3,528.24
4317806,557.44,490.35,459.6,507
4317905,558.75,461.5,425.8,487.57
4317954,586.56,507.3,484.7,529.96
4318002,457.75,410,350.8,413.74
4318051,539.12,473.05,468.2,494.98
4318101,511.94,419.9,376.5,442.48
4318200,481.19,422.55,432.4,445.09
4318309,453.44,386.1,341.4,399.8
4318408,485.44,418.75,368.6,431.04
4318424,584.94,504,475.3,525.91
4318432,546.38,466.15,382.2,475.8
4318440,541.44,473.2,461.7,494.43
4318457,574.19,495.95,463.6,516.13
4318465,506.88,442.8,412.1,458.41
4318481,526.19,463.3,425.9,477.04
4318499,568.38,476.75,456.5,504.22
4318507,427.06,385.1,339.8,389.85
4318606,581.12,504.6,490.4,528.13
4318614,513.25,450.45,415.3,464.65
4318622,499.81,434.3,454.7,461.52
4318705,503.62,438.35,399.1,452.52
4318804,464.69,394.9,364.7,412.61
4318903,554.25,472.3,407.9,486.8
4319000,526.38,430.75,476.8,474.02
4319109,537.5,456.7,420.8,477
4319125,547.31,455.55,401.7,475.76
4319158,561.44,480.85,414.1,494.37
4319208,534.62,456.8,400.7,471.67
4319307,561.56,466.65,419.7,489.46
4319356,495.94,447.4,418.2,457.93
4319364,575.94,489.1,458.7,512.7
4319372,547.62,465.45,415,483.07
4319406,544.06,448.05,364.3,463.24
4319505,523.19,448.45,417.8,467.78
4319604,506.5,413.8,350.5,432.28
4319703,587.75,509.85,473.8,529.11
4319711,474.44,400.6,401.5,426.48
4319737,535.31,468.3,430.8,483.46
4319752,519.06,456.85,454.4,477.96
4319802,521.44,437.2,360.2,449.76
4319901,504.5,452.05,419.7,463.26
4320008,498.5,434.4,396.7,448.5
4320107,591.94,508.6,471.3,529.48
4320206,570.19,502,457.6,516.07
4320230,543.56,462.95,415,480.57
4320263,568.81,471.25,433.7,497.02
4320305,549.25,497.25,450.6,505.2
4320321,557.12,482.35,445.6,500.37
4320354,471.88,416.3,387.9,429.46
4320404,530.12,465.1,465.8,487.87
4320453,537.44,481.45,422.7,488.15
4320503,599.44,506.4,502.4,537.89
4320552,479.19,412.6,375.6,427.72
4320578,560.38,483.15,441,500.85
4320602,586.56,504.75,466.2,524.83
4320651,538.75,460.5,380.6,470.35
4320677,584.19,501.4,443.2,517.54
4320701,573.75,458.65,429.4,492.33
4320800,562.19,481.3,468.5,506.65
4320859,479.94,433.45,390.3,440.24
4320909,593.75,507,516.6,539.26
4321006,541.25,480.65,448.4,494.72
4321105,465.62,411.45,378.1,423.04
4321204,500.19,433.6,413,452.28
4321303,498.94,444.3,382.6,449.89
4321329,531,486.15,422.2,487.85
4321352,422.25,396.55,351.3,395.65
4321402,530.12,484.5,416.7,485.63
4321436,451.44,403.3,414.8,422.54
4321451,479.44,437.05,412,446.35
4321469,572.12,513.1,470.5,524.37
4321477,536.38,472.75,418.3,483.04
4321493,550.94,454.85,378.9,471.76
4321501,459.81,410.25,440.2,434
4321600,446.69,386.75,379,405.91
4321626,484.56,425.75,399.3,440.46
4321634,586.56,504.75,466.2,524.83
4321667,458.69,412.65,445.7,435.85
4321709,498.06,444.85,426.4,459.35
4321808,559.94,464.2,446.5,493.65
4321832,463.31,422.1,449.6,442.41
4321857,562.88,498.2,453.5,510.98
4321907,529.06,462.3,411.3,474.43
4321956,555.88,495.3,455.6,507.74
4322004,491.19,423.85,376,436.87
4322103,565.38,464.4,451.6,496.74
4322152,561.31,479.35,453.3,502.2
4322186,598.81,521.85,501.6,544.22
4322202,567.75,471.1,418,493.17
4322251,514.69,455.55,429.1,470.37
4322301,559.25,460.5,431.3,488.5
4322327,457.56,409.5,368.4,417.28
4322343,548.69,465.75,436.1,488.15
4322350,534.44,467.5,458.2,488.76
4322376,507.94,446.65,386.4,454.87
4322400,357.25,324.8,289.5,328.41
4322509,512.94,439.9,468.4,471.5
4322525,498.69,432.5,381.8,444.5
4322533,589.5,495.5,435.4,515.13
4322541,516.94,458.2,451,477.07
4322558,544.38,477.45,469.1,498.91
4322608,522.62,467.1,395.7,470.89
4322707,547.19,467.55,405.1,481.67
4322806,497.38,424.5,449,455.17
4322855,455.31,391.25,391.6,413.61
4322905,588,494.25,450.2,517.28
4323002,464.69,413.45,369.1,421.63
4323101,553.38,516.3,444.1,513.5
4323200,566.44,502.25,463.3,516.11
4323309,510.88,435.05,458.9,466.61
4323358,592.25,498.15,510.1,533.48
4323408,568.62,496.5,502.8,522.96
4323457,492.25,409.35,341.4,423.41
4323507,530.12,486.4,424,488.04
4323606,486.56,415.7,445.4,446.8
4323705,540.38,490.75,422.9,493.26
4323754,548.5,485.75,422.2,493.76
4323770,479.44,437.05,412,446.35
4323804,456.19,407.6,410,425.02
5000203,250.88,186.6,196.2,211.04
5000252,240.81,199.6,209.8,216.15
5000609,372.25,356,296.6,348.74
5000708,240.69,227.65,221.1,230.76
5000807,309.38,267.6,258.9,280.24
5000856,310.31,303.85,262.9,297.2
5000906,315.56,289.3,263.4,292.8
5001003,193.31,162.85,161.9,173.24
5001102,201.25,187.2,191,192.91
5001243,370.62,349.85,301.7,346.61
5001508,260.94,230.9,221.3,239.26
5001904,280.94,243.85,238.4,255.57
5002001,314.88,282.7,273,291.78
5002100,282.38,246.7,236.6,256.91
5002159,214.62,213.15,219.8,215.11
5002209,244.5,227.75,239.2,236.07
5002308,245.56,209.65,188.7,217.59
5002407,338.31,307.2,245.9,304.7
5002605,237,210,201,217.43
5002704,269.44,256.15,224.1,253.8
5002803,258.5,222.3,216.9,233.72
5002902,253.19,179.4,198.3,209.17
5002951,266.06,199.9,221.9,227.7
5003108,239.69,204.9,210.4,218.2
5003157,376.81,357.4,311.5,354.17
5003207,140.94,140.6,135,139.5
5003256,245.69,210.1,211.6,222.8
5003306,203.19,166.95,213.1,189.59
5003454,313.12,300.5,261,296.3
5003488,250.56,236.7,231,240.28
5003504,303,274.35,235.5,275.87
5003702,328.44,281.5,248.4,290.63
5003751,371.75,383.9,306.5,362.85
5003801,330.56,301.3,250.1,300.35
5003900,224,193,195.9,204.41
5004007,322.81,306.4,270.9,304.39
5004106,291.56,251.85,251.1,265.5
5004304,360.81,367.5,307.8,352.2
5004403,243.31,179.55,175.1,200.76
5004502,321.94,272.75,249.8,284.87
5004601,349.56,354.45,292.4,339.26
5004700,317.94,301.05,274.3,301.11
5004809,395.38,388,321.7,376.15
5004908,270.94,255.3,235.2,256.37
5005004,272.62,232.6,245.5,249.33
5005103,332.06,326.8,299,322.59
5005152,345.25,323.6,270.3,319.54
5005202,151,141.95,144,145.54
5005251,354.88,326,271,324.09
5005400,296.25,250.05,256.5,267.52
5005608,197.5,184.45,189.7,190.13
5005681,407.5,404.65,319,387.02
5005707,342.5,341.3,296.2,331.91
5005806,255.62,230.3,236.4,240.43
5006002,266.31,265.35,228.6,257.7
5006200,298.12,280.85,267.3,283.91
5006259,305.62,311.6,282.2,303.13
5006275,271.06,208.45,208,230.13
5006309,205.44,155.3,163.9,174.61
5006358,389.81,371.15,332.1,369.15
5006408,222.69,178.3,203.8,199.28
5006606,333,306.8,266.4,307.13
5006903,213.94,206.25,208.9,209.5
5007109,265.25,223,223,237.7
5007208,279.25,275.45,230.6,267.02
5007307,241.19,200.9,210.1,216.91
5007406,204.44,177.95,210.2,194.17
5007505,250.44,237.95,229,240.35
5007554,264.69,232.95,225.4,242.35
5007695,223.94,189.6,196.9,203.13
5007703,378.31,365.65,323.1,360.8
5007802,222.75,182.65,166.7,193.13
5007901,266.5,255.15,248.6,257.67
5007935,230.12,182.45,199.9,202.83
5007950,384.81,373.6,333.2,368.72
5007976,305.44,303.7,278.4,298.8
5008008,251.38,251.8,238.3,248.72
5008305,238.69,192.75,166.2,202.96
5008404,337.06,303.6,254.1,304.48
5100102,225.81,157.65,181.3,186.5
5100201,206,165.85,210.1,189.43
5100250,298.62,256.1,349.6,291.22
5100300,249.5,196.2,187.2,212.78
5100359,221.75,200.9,201.3,208.24
5100409,228.38,177.4,185.6,196.91
5100508,250.44,165,196.8,201.63
5100607,243.69,203.3,196.9,215.96
5100805,271.81,262.95,336,281.91
5101001,180.69,129.15,159.3,153.63
5101209,216.94,179.3,170.5,190.48
5101258,195.56,151.2,211.2,179.67
5101308,246.06,175.35,226.3,211.02
5101407,235.56,203.35,241,222.74
5101605,179,116.9,155.3,146.85
5101704,226.38,159.05,184.3,187.96
5101803,198.69,138.35,160.1,164.07
5101852,218.88,188.3,192.2,199.78
5101902,222.75,195.7,225.1,211.5
5102504,165.88,133.5,142.3,146.67
5102603,223.94,157.45,206.3,191.2
5102637,258.12,191.2,225.2,221.87
5102678,239.81,169.75,211.2,203.13
5102686,276.62,210.6,245.6,241.17
5102694,240,214.2,233.5,227.37
5102702,201.88,174.25,197.1,188.83
5102793,300.31,239.85,328.8,280.22
5102850,255.19,228.1,263.1,245.13
5103007,254.81,183.1,203.5,212.48
5103056,255.56,233.05,270.4,249
5103106,169.56,142,171,157.89
5103205,301.38,244,296.3,275.33
5103254,289.88,248,324.4,279.17
5103304,287.62,230.75,280.4,261.33
5103353,238.88,213.25,255.9,231.43
5103361,195.31,155.15,176.2,173.7
5103379,255.94,236.25,286,253.91
5103403,245,167,203.5,202.07
5103437,192.44,140.8,160.4,163.02
5103452,245.81,167.6,201.2,202.11
5103502,258.12,176.55,233.8,217.37
5103601,254.94,175,202.6,208.8
5103700,231.44,217.9,239.6,227.33
5103809,172.56,136.15,189.3,160.37
5103858,208,178.6,210.7,195.8
5103908,205.75,164.75,176.3,181.52
5103957,164.62,135.1,182.3,155.63
5104104,290.38,256.55,337.7,285.96
5104203,198,175.85,179.2,184.28
5104500,185.12,143.3,204.1,171.07
5104526,251.88,215.3,257.6,237.22
5104542,256.94,211.55,257,237.22
5104559,285.38,228.9,275.6,258.7
5104609,207.81,168.3,187.9,186.3
5104807,255.69,178.95,203.4,210.96
5104906,202.31,143.65,165.6,168.83
5105002,183.81,144.65,196.9,169.63
5105101,285.38,229.8,283.8,260.87
5105150,237.56,195.75,265.3,225.41
5105176,248.12,232.45,272.4,246.59
5105200,238.75,170,190.1,198.28
5105234,211.62,155.6,184.5,181.37
5105259,237.44,188.8,232,215.11
5105309,210.94,189.85,200.1,199.41
5105507,172.5,130.05,160.1,151.35
5105580,267.06,232.65,286.4,256.3
5105606,288.25,249.9,303.6,274.91
5105622,180.69,143.65,156.3,159.28
5105903,259.06,194.95,204.8,219.39
5106000,253.25,175.05,235.1,215.3
5106109,203.56,143.45,156,167.09
5106158,270.38,265.25,314.4,277.72
5106174,192.12,152.95,181.9,172.87
5106182,227.19,173.95,202.2,198.61
5106190,275.19,241.05,281.7,261.76
5106208,247.62,180.55,223.6,213.24
5106216,298.25,228.85,308.9,270.39
5106224,258.31,189.95,217.9,219.8
5106232,238.38,166.25,190.9,196.7
5106240,200.88,196.25,201.2,198.93
5106257,200.88,137.3,180.3,168.76
5106265,304.19,263.2,353.1,297
5106273,277.81,229.9,292.2,260.11
5106281,217.62,160.45,178.9,184.35
5106299,285.81,260.85,349.9,288.89
5106307,216.38,190.2,206.4,202.83
5106315,182.94,175.5,169.6,176.8
5106372,205.88,166.45,185.2,184.24
5106422,285.06,241.65,297.1,268.8
5106455,250.69,184.85,223.9,216.24
5106505,179.06,131,141.4,149.98
5106653,181.25,141.3,162.6,159.83
5106703,195.62,159.05,164,172.85
5106752,170,135.5,166.9,154.33
5106778,246.62,218.95,247.4,234.76
5106802,278.94,220.5,276.1,252.91
5106828,161.19,135.5,185.4,155.28
5106851,193.62,139,154.5,161.37
5107008,229.94,177.95,183.8,197.3
5107040,257.44,175.65,222.4,214.26
5107065,241.88,198.85,224.2,219.33
5107107,182.94,146.2,185.4,167.5
5107156,221.5,182.45,231.5,206.7
5107180,205.06,177.45,189.3,189.63
5107198,186.5,151.45,158.5,165.17
5107206,205.38,157.75,208.6,185.37
5107248,232.31,227.55,245.4,233.09
5107263,285.12,193.3,248.8,237.3
5107297,208.19,165.8,167.2,180.85
5107305,251.56,183.95,228,217.04
5107354,264.31,229.9,266.1,249.74
5107404,239.75,166.1,184.2,195.65
5107578,250.5,213.5,253.7,235.11
5107602,206.56,160.7,170,178.67
5107701,240.88,179.2,187.8,202.52
5107743,258.38,225.3,265.1,245.46
5107750,233.69,165.25,209,198.57
5107768,235.44,190.65,201.9,208.67
5107776,209.19,180.4,210.6,196.98
5107792,236.25,158.15,204.2,195.33
5107800,216.5,141.15,169.2,173.46
5107859,237.88,212.5,226.3,224.33
5107875,266,224.5,249.3,244.33
5107883,209.69,195.45,187.8,198.74
5107909,246.19,230.15,250.9,240.24
5107925,223.31,189.4,240,212.2
5107941,284.62,217.65,287.1,256.04
5107958,269.06,198.3,238.2,231.59
5108006,242.56,195.3,248.5,223.3
5108055,290.44,242.75,292.6,270.17
5108105,198.12,166.95,173.3,179.17
5108204,187.94,147.5,156.8,163.59
5108303,242.19,225.5,259.8,238.76
5108352,198.5,176.6,203.5,190.07
5108402,206.75,147.25,179.2,174.89
5108501,216.06,211.2,233.1,217.65
5108600,219.25,203.25,249.5,218.87
5108808,289.38,243.25,304.4,272.59
5108857,286.25,190.2,248.1,236.2
5108907,232.25,194.35,213.5,211.7
5108956,262.75,264.8,336.3,279.63
5200050,203.5,158.55,198.5,182.87
5200100,206.25,167.05,188.9,185.43
5200134,174.62,130.8,166.5,153.8
5200159,186.19,159.4,194.6,176.37
5200175,183.56,141.35,169.5,162.15
5200209,171.94,147.75,154.7,157.67
5200258,206.88,155.25,196.8,182.24
5200308,207.88,164.4,177.3,182.33
5200506,183.44,156,173,169.24
5200555,181.81,147.7,175.8,165.67
5200605,148.12,135.15,173.8,148.07
5200803,130.5,97,136.7,117.28
5200829,166.38,137.15,167.6,153.93
5200852,187.69,158.65,197,177.09
5200902,171.38,135.25,169.4,155.24
5201108,215.31,173.65,188,191.26
5201207,188.56,142.05,175.8,165.57
5201306,187.5,150.1,185.5,170.8
5201405,196.69,155.95,210.6,182
5201454,218.56,160.4,174.7,183.74
5201504,248.06,179.2,198.2,207.28
5201603,191.38,150,181,171.13
5201702,177.62,139.1,148.8,154.61
5201801,198.81,146.35,195.6,175.3
5202155,190.25,155.55,179.6,172.85
5202353,159.19,140.7,144.9,148.04
5202502,169.62,132.7,165.5,152.67
5202601,181.75,142.4,180.8,164.43
5202809,179.94,146.1,169.3,162.91
5203104,185.25,141.8,150,158.7
5203203,173.5,122.2,176.5,151.85
5203302,202.06,177.65,208,192.74
5203401,171.38,142.8,137.8,151.65
5203500,186.62,152.85,161.4,166.46
5203559,206.5,166.25,201.5,187.91
5203575,160.44,140.1,159.4,151.37
5203609,197.56,158.55,192.3,179.46
5203807,163.38,134.1,169.8,152.04
5203906,173.94,145.8,154.2,157.41
5203939,175.31,149.35,183.6,165.83
5203962,129.94,99.3,131.7,117
5204003,148.44,107.4,141.4,129.07
5204102,205.75,144.35,154.6,167.93
5204201,180.81,129.95,174,157.22
5204250,185.44,166.65,151,169.78
5204300,210,140.25,149.6,166.54
5204409,187.12,155.95,171.8,170.24
5204508,182.88,155.55,160.4,166.11
5204557,205.94,164.5,208.7,188.52
5204607,184.88,140.6,181.8,164.96
5204656,186.06,135.75,176.8,162.17
5204706,193.94,137.7,196.9,170.13
5204805,162.88,152.1,160.2,157.61
5204854,211.25,163.7,183.6,184.57
5204904,143.75,99.1,133,122
5204953,178.56,147.15,169.8,163
5205000,209.12,164.7,197.7,187.33
5205059,180.56,151.8,153.4,162.15
5205109,164.69,135.5,154.7,149.83
5205208,195.44,154.85,178.1,174.02
5205307,153.31,119.4,164.7,141.04
5205406,207.94,167.85,185.5,185.63
5205455,168.31,132.8,176.2,154.59
5205471,250.06,193.2,215.8,217.89
5205497,186.69,154,184.6,172.02
5205513,218,156.7,187.3,184.67
5205521,161.19,132.6,148.9,146.09
5205703,174.94,138.25,176.9,159.41
5205802,217.5,156.5,181.8,183.22
5205901,167.56,144.25,161.1,156.02
5206206,156.94,134.6,165.7,149.13
5206305,179.94,172.5,173.8,175.37
5206404,180.88,155,167.2,166.65
5206503,184,159.4,186.2,173.78
5206602,188.12,141.65,175.7,165.22
5206701,129.94,97.65,142.4,118.61
5206800,196,158.7,189.1,178.28
5206909,178.25,122.7,158.5,149.8
5207105,161.75,137.9,157.9,150.54
5207253,183.44,158.75,151.4,165.74
5207352,175.62,135.9,166.7,156.41
5207402,179.19,127.1,168.3,154.17
5207501,188.44,135.7,187,165.2
5207535,189.12,152.05,190.2,173.24
5207600,161.88,146.6,169.9,156.98
5207808,179.12,138.5,179.4,161.52
5207907,149,112.4,147.3,132.72
5208004,179.62,120.55,152.8,148.11
5208103,185.56,134.45,189,164.09
5208152,212.06,174.35,206.1,194.37
5208301,134.5,96.4,123.6,115.57
5208400,210.44,171.05,207.1,192.59
5208509,179.44,132.9,166.1,156.3
5208608,195.31,140.5,182.4,168.67
5208707,206.75,163.45,206.7,187.91
5208806,199.06,156.6,184.9,177.52
5208905,197.69,157.8,194.5,179.65
5209101,182.44,149.15,160.4,163.17
5209150,181.75,150.05,150.9,161.26
5209200,182.31,146.15,186.9,167.59
5209291,205.25,161.9,202.1,185.72
5209408,131.38,93.2,111.2,110.39
5209457,184.88,152.4,163.9,166.2
5209606,216.25,158.55,208.4,189.46
5209705,191.06,162.05,204.8,181.43
5209804,191.56,148,181,170.33
5209903,132.88,93.85,118.8,112.85
5209937,185.19,158.85,154.2,167
5209952,177.56,127.9,171.1,154.57
5210000,195.94,159.5,180.1,176.65
5210109,172.56,149.4,163.9,160.61
5210158,209.81,171,185.1,187.57
5210208,173.12,139.5,165.6,156.87
5210307,168.5,138.55,171.7,156.17
5210406,199.19,155.2,195.9,179.35
5210562,207.31,148.9,197,179.67
5210604,211.81,160.35,207.3,188.46
5210802,218.19,154.35,162.7,178.37
5210901,196.81,162.85,176,177.52
5211008,163,144.5,177.5,158.11
5211206,207.94,169.3,197.5,188.87
5211305,223.44,151.95,162.7,179.15
5211404,201.75,152.25,195.3,178.83
5211503,189.38,173.45,149,173.67
5211602,172.12,138.1,171,157.09
5211701,180.12,133.2,176,158.83
5211800,211.38,157.2,184.4,181.96
5211909,232.81,162.35,173.7,189.33
5212006,167,138.05,164.8,153.93
5212055,209.56,157.75,198.5,184.63
5212105,180,141.7,164.3,159.93
5212204,158.31,135.35,158.4,148.35
5212253,212.88,164.5,157.4,179.78
5212303,218.75,178.1,213.8,200
5212501,182.81,147.4,178.6,166.5
5212600,183.94,146.6,181,167.07
5212709,126.12,103.7,140.5,119.5
5212808,178.06,136.5,172.4,158.76
5212907,170.38,153.6,161.8,161.22
5212956,172.75,136.65,170.1,156.48
5213004,182.56,146.45,153.5,160.54
5213053,186.06,130.6,180.6,160.76
5213087,206.06,128.95,169.2,164.52
5213103,217.31,184.6,198.6,199.02
5213400,177.31,138.1,174.6,159.67
5213509,136.75,90.2,124.1,113.76
5213707,157.5,141.05,149.2,148.54
5213756,196.88,162.5,172.5,176.63
5213772,181.31,130.4,153.5,153.13
5213806,189.31,162.15,171.2,173.57
5213855,202.12,163.25,189.8,182.54
5213905,187.75,156.95,196.5,176.26
5214002,171.38,140.85,169.6,157.72
5214051,152.38,140.75,154.3,147.74
5214101,180.69,139.85,170.2,160.65
5214408,181.19,144.35,170.6,162.87
5214507,206.56,166.25,206.7,189.07
5214606,164.19,133.35,164.4,150.83
5214705,211,171.7,182.7,187.76
5214804,172.44,135.45,165,154.74
5214838,156.69,139.05,154.3,148.5
5214861,204.75,161.1,179.7,180.33
5214879,183.06,143.1,186,166.33
5214903,147,110.25,154,132.54
5215009,197.56,158.55,192.3,179.46
5215207,169.62,138.7,178.9,158.2
5215231,203.06,158.25,190.1,180.76
5215256,160.56,147.05,156.3,153.76
5215306,178.44,156.8,172.5,167.74
5215405,198.75,160.4,189.4,180.04
5215504,179,123.8,164.2,151.78
5215603,205.88,144.35,193.9,176.52
5215652,169.25,148.25,159.4,157.98
5215702,182.94,141.35,174.6,163.04
5215801,175.31,155.4,160.5,163.43
5215900,186.44,143.65,179.3,166.28
5216007,180.94,159.6,150.9,165.13
5216304,197.19,136.15,133.2,156.74
5216403,184.94,130,175,158.89
5216452,213.56,163.25,196,187.87
5216809,208.75,158.75,188.5,182.61
5216908,185.5,147.6,171.7,166.02
5217104,176.12,169.2,169.3,171.63
5217203,178.94,151,146.9,159.83
5217302,220.62,164.55,190.5,189.7
5217401,177.56,160.1,159.8,166.11
5217609,178.56,150.05,171.6,164.65
5217708,175.25,144.4,166.7,159.98
5218003,173.75,136.3,163.9,155.33
5218052,180.69,144.7,164.2,161.46
5218102,218.56,178.95,188.2,194.74
5218300,132.19,100,128.8,117.46
5218391,180.5,163.35,180.3,173
5218508,187.06,146.1,144.5,160
5218607,203.62,158.6,186.8,180.39
5218706,206.06,157.8,187.3,181
5218789,181.81,155,160.5,165.52
5218805,209.56,167.9,183.2,185.72
5218904,209.44,169.1,184,186.37
5219001,177.5,152.5,184,168.04
5219100,180,146.8,170.2,163.43
5219209,176.62,164.1,169.1,169.54
5219258,163.75,137.35,163.4,152.2
5219308,179.75,149,161.6,162.43
5219357,197.88,147.8,188.8,174.13
5219407,227.25,184.4,170.7,196.33
5219456,178.62,125.1,181.1,155.89
5219506,210.69,156.1,189.5,182.35
5219605,185.19,141.45,185.5,166.24
5219704,178.75,143.6,162,159.83
5219712,178.5,140.35,170.8,160.24
5219738,202.94,165.9,199.5,186.09
5219753,217.44,171.6,180.2,189.41
5219803,131,95.3,108.5,110.59
5219902,207.19,160.2,190.1,183.04
5220009,145.88,135.95,164.1,145.52
5220058,185.62,137.15,177,162.67
5220108,179.38,143.05,176.9,163.04
5220157,192.06,144.5,176,167.89
5220207,158.12,143.9,167.5,153.98
5220264,196.62,179.15,197,189.11
5220280,204.44,163.85,191.7,184.02
5220405,184.62,138.25,129.7,152.52
5220454,197.38,162.95,211.9,185.57
5220504,248.19,195.5,200.5,214.91
5220603,200.88,170.8,198.4,187.26
5220686,129.19,95.05,129.5,114.41
5220702,126,97.65,150.6,119.02
5221007,207.38,153.55,194.5,181.17
5221080,146.25,112.85,159,134.5
5221197,207.12,167.55,202.9,189
5221304,181.69,122.2,166.8,152.59
5221403,191.62,156.95,190,176.2
5221452,204.75,132.25,182,168.28
5221502,174.88,142.7,176.4,161.22
5221551,177.5,140.05,162,157.85
5221577,160.56,147.75,158.9,154.63
5221601,177.12,135.8,191.9,162.37
5221700,211.31,163.55,201.2,188.35
5221809,170.69,154.85,166.9,162.98
5221858,206.5,165.35,190.9,185.22
5221908,171.19,136.35,176.9,157.28
5222005,182.94,160.8,174.7,171.52
5222054,179.44,140.6,166.3,159.7
5222203,162.69,116.85,147.1,139.37
5222302,187.38,130.95,177.4,160.67
5300108,199.5,156.05,172.3,174.7
