code_muni,en,ln,n,med
1100015,63.31,36.3,55.6,49.89
1100023,71.75,36.75,67.5,55.61
1100031,55.75,45.05,57.9,51.57
1100049,60.69,28.85,64,47.57
1100056,53.62,34.55,63.2,47.41
1100064,55.38,45.85,55.8,51.33
1100072,53.56,34.55,59.2,46.52
1100080,71.38,41.1,85.7,61.33
1100098,66.06,29.6,64.3,49.83
1100106,76.94,46.75,96.4,68.04
1100114,72.25,40.3,79.9,60.02
1100122,54.44,38.8,68.5,50.7
1100130,78.88,53.55,90.4,70.37
1100148,64,37.35,65,52.63
1100155,63.31,44.3,77.1,58.04
1100189,62.75,31.7,65,49.74
1100205,102.75,65,93.3,84.28
1100254,61.31,41.65,65,53.57
1100262,74.25,42.8,82.1,62.28
1100288,61.06,27.85,66.6,47.83
1100296,58.38,30.65,59.3,46.52
1100304,59.81,41.95,69.3,54.11
1100320,74.31,37.9,81.5,60.04
1100338,88.12,56.75,91.4,75.2
1100346,68.38,45.4,74.7,59.76
1100379,58.88,30.6,55.4,45.83
1100403,73.94,40.5,73.5,59.3
1100452,83.12,54.65,93.4,72.98
1100502,59.5,29.3,64.3,47.41
1100601,83.25,38.1,79,62.7
1100700,92.5,49.7,100.2,75.57
1100809,99.56,64.55,103.9,85.28
1100908,61.31,37.6,62.6,51.28
1100924,57.88,34,67.9,49.67
1100940,79.56,53.5,92.3,71
1101005,87.88,48.2,96.2,72.43
1101104,79.31,52,86.1,68.91
1101203,59.69,39.65,56.2,50.22
1101302,78.44,50,93.1,69.26
1101401,86.69,42.65,93.7,69.07
1101435,72.25,47.85,81.6,63.67
1101450,55.06,30.65,58,45.09
1101468,56.44,33.8,63.7,48.17
1101476,61.75,29.15,61,47.41
1101484,60.12,30.6,60.8,47.43
1101492,68.88,37.95,73.1,56.35
1101500,77.25,41.6,89.2,64.35
1101559,65.62,47.25,80.4,60.85
1101609,66.75,38.8,76.2,56.65
1101708,68.25,45.1,80,60.74
1101757,66.12,43.2,83.8,60
1101807,60.56,40.2,79.4,55.8
1200013,107.88,66.25,137.8,96.28
1200054,108.62,78.25,111.1,95.96
1200104,106.44,73.6,106.3,92.13
1200138,125.31,73.5,114.8,100.5
1200179,117.56,69.25,134,100.13
1200203,192.06,176.35,256.6,199.26
1200252,101.38,65.85,102.8,86.24
1200302,167.62,144.55,179.1,160.09
1200328,158.56,151.05,185.2,161.09
1200336,223.75,203.1,288.8,228.91
1200344,137.38,105.7,137.3,123.59
1200351,164.75,154.65,198.4,167.67
1200385,115.62,69.8,140,101
1200393,172.38,167.55,220.9,180.83
1200401,124,73.6,114.3,99.98
1200427,208.19,196.5,267.6,216.02
1200435,147.75,128.55,143.9,138.57
1200450,115.56,70,136.9,100.39
1200500,125.69,84.75,116.5,105.89
1200609,191.25,144.15,203.6,173.46
1200708,108.69,72.85,104.4,92.17
1200807,128.06,81.1,136.4,109.46
1300029,469.19,440.35,492.8,461.78
1300060,499.31,433.25,514.9,473.98
1300086,367.56,327,371.6,350.8
1300102,372.5,325.05,355.4,348.15
1300144,148.88,117.2,152.9,135.98
1300201,396.12,329.9,402.4,368.7
1300300,285,297.6,318.8,297.83
1300409,662.75,641.45,673.9,655.91
1300508,341.88,330.6,415.9,353.07
1300607,392.38,327.5,379.2,361.3
1300631,363.81,307.95,331.1,332.41
1300680,319.75,323.8,393.6,337.57
1300706,127.94,88.65,139.2,113.3
1300805,263.38,224.4,286.2,251.39
1300839,360.81,327.9,385.9,351.96
1300904,139.81,122.4,179.8,140.93
1301001,315.62,293.65,344.7,312.39
1301100,282.12,285.6,324.6,292.87
1301159,275.69,306.95,341.2,303.52
1301209,352.69,305.55,348.6,331.3
1301308,353.94,342.95,386.9,356.33
1301407,247.81,189.3,260.8,225.2
1301506,221.5,164.3,236.1,199.8
1301605,620.88,599.7,627.9,613.2
1301654,221.31,199.9,282.6,225.33
1301704,133.38,115.5,190.9,138.11
1301803,259.25,207.2,287.7,242.8
1301852,266,276,313.2,280.61
1301902,299.12,291.35,340.3,304.7
1301951,264.44,225.85,286.5,252.46
1302009,308.44,339.95,370.2,335.57
1302108,637.31,584.4,624.6,611.54
1302207,493.81,495.2,520.7,500.26
1302306,370,342.8,378.9,360.11
1302405,128.19,108.7,171.3,129.09
1302504,294.56,265.2,334.6,290.5
1302553,334.12,288.05,360.5,319.83
1302603,309.69,325.8,360.6,327.76
1302702,171.88,132.85,224.3,166.3
1302801,549.25,473.9,562.7,519.41
1302900,230.75,211.35,271.1,231.09
1303007,324.88,368.25,370,353.54
1303106,284.12,279.7,337.8,293.87
1303205,481.44,476.45,508.8,485.22
1303304,158.25,127.5,192.8,152.39
1303403,295.12,311.45,372.9,319.13
1303502,173.75,148.15,197.5,167.78
1303536,424.81,488.3,495.3,467.74
1303569,332.75,375.15,408.3,367.61
1303601,716.12,697.75,678,699.85
1303700,515.94,402.75,552.5,474.67
1303809,897.12,849.95,823,860.5
1303908,433.25,335.05,430.6,389.98
1303957,371.38,385.65,419.4,388.02
1304005,311.31,315.15,343.7,320.02
1304062,432.62,341.45,456.1,398.09
1304104,243,217.7,279.3,239.89
1304203,372.38,369.4,421.3,381.72
1304237,549.81,509.55,553.1,533.02
1304260,510.62,471.95,525.3,497
1304302,431.88,432.4,488.4,444.39
1304401,314.38,324.3,378.7,332.67
1400027,762.31,923.5,801,840.8
1400050,715.62,846.15,763.1,782.7
1400100,735.31,844.8,830.9,803.7
1400159,766.69,868.15,822.8,823
1400175,813.88,893.15,869,860.33
1400209,815.81,817.1,835.8,820.72
1400233,736.5,809.25,824.2,787.2
1400282,822.81,874.75,810.4,842.7
1400308,808.25,906.35,838.5,857.48
1400407,639.88,814.45,814.4,753.72
1400456,723,957.95,840.3,850.65
1400472,711.81,728.8,727.3,722.57
1400506,733.94,782.65,812.4,772.17
1400605,751.62,803.05,835.7,792.26
1400704,581.19,791.45,755.9,710.59
1500107,427.25,404.85,463.1,425.3
1500131,52.44,48.2,59.6,52.15
1500206,376.88,333.3,375.2,357.57
1500305,490.94,482.6,542.3,498.48
1500347,70.62,43.35,83.7,61.61
1500404,298.69,308.85,320.6,307.87
1500503,425.62,430.45,480.3,439.61
1500602,100.88,81.55,115.8,95.72
1500701,463,479.85,535.2,486.02
1500800,488.25,503.45,531.5,504.26
1500859,139.94,157.75,181.9,156.8
1500909,431.06,482.2,514.1,471.35
1500958,270.94,261.9,290.1,271.17
1501006,248.69,228.7,248.3,239.91
1501105,353.69,364.55,416.9,372.15
1501204,189.44,178.25,218.5,190.89
1501253,66.69,28.95,71.4,51.3
1501303,470.25,480.5,532.2,488.17
1501402,477.56,512.65,543.3,507.11
1501451,243.44,247.9,259.7,248.91
1501501,484.62,492,535.6,498.91
1501576,55.62,61.35,65.8,60.33
1501600,450.06,438.4,471.4,449.63
1501709,439.62,492.55,517.1,479.48
1501725,210.12,179.6,226,200.3
1501758,36.31,37.85,64.1,43.02
1501782,121.25,127.9,149.7,130.33
1501808,465.56,450.25,529.7,472.85
1501907,442.44,402.5,435,423.46
1501956,352.94,371.45,440,379.91
1502004,454.25,471.5,495.8,470.78
1502103,350.88,340.45,378.8,352.41
1502152,62.94,45.8,70.9,57.22
1502202,441.56,485.65,500.8,473.61
1502301,345.06,339.35,380.6,350.3
1502400,476.31,455.65,488.4,469.96
1502509,455.25,485.7,527.4,484.17
1502608,497.94,538.3,553.3,527.52
1502707,28.94,16.3,34,24.54
1502756,402.56,373.8,369.4,382.85
1502764,45.94,14.95,42.1,31.63
1502772,52.56,49.1,73.8,55.67
1502806,428.19,418.15,486.9,436.59
1502855,250.88,244.05,268,251.63
1502905,469.38,507.6,492.5,491.02
1502939,56.56,53.7,79.5,60.3
1502954,48.75,50.3,71.7,54.41
1503002,340.56,381.95,384.3,368.07
1503044,35.31,21.8,48.5,32.3
1503077,331.19,331.25,381.2,342.09
1503093,95.38,114.3,110.7,106.93
1503101,555.5,508.6,557.5,535.54
1503200,483.25,469.8,496,480.17
1503309,392.69,377.3,425.5,393.13
1503408,431.44,421.3,465.2,434.37
1503457,171.88,174.2,203.3,179.72
1503507,378.06,379.4,422.7,388.35
1503606,174.5,129.55,176.9,155.48
1503705,69.88,71.8,89.6,75
1503754,109.94,68.45,110.1,91.93
1503804,78.88,88,83.5,83.85
1503903,286.31,300.35,329.1,301.72
1504000,408.94,378.5,441,402.67
1504059,329.06,322.8,355.1,332
1504109,466.69,479.4,471.4,473.24
1504208,62.69,58.95,79.2,64.65
1504307,438.56,439.45,449.7,441.37
1504406,470.31,485.1,477.4,478.28
1504422,488.25,503.45,531.5,504.26
1504455,215.38,177.95,232.4,202.8
1504505,448.69,419.6,495,446.11
1504604,271.19,245.55,322.2,271.13
1504703,258.81,228.5,303.3,255.3
1504752,225.06,227.7,271.3,236.26
1504802,308.06,283.45,306,296.91
1504901,407.75,407.75,455.6,418.15
1504950,277.5,277.4,319.6,286.61
1504976,68.06,79.3,74.9,74.43
1505007,467.88,474.05,492.8,475.98
1505031,71.69,46.25,75.6,61.48
1505064,100.06,118.55,116.4,111.65
1505106,331.19,350,383.6,350.76
1505205,361.62,340.8,409,362.87
1505304,374.31,429.55,412.1,406.54
1505403,440.12,455.55,488.8,457.41
1505437,90.19,42.1,75.6,66.11
1505486,156.94,179.25,184.6,172.65
1505494,35.94,36.1,64.7,42.26
1505502,110.69,115,142.6,119.5
1505536,77.56,51.35,90.8,69.04
1505551,45.62,21.55,50.4,36.2
1505601,469.81,483.9,496.7,481.78
1505635,43.81,40.65,74.1,49.02
1505650,180.5,185.95,196.5,186.35
1505700,431.62,426.1,480.9,439.93
1505809,330.12,343.15,406,352.28
1505908,385.88,359.1,378,372.52
1506005,297.25,258,301.9,281.2
1506104,418.44,474.65,470.8,454.26
1506112,399.69,463.9,455.3,439.7
1506138,36.88,17.5,43.5,29.89
1506161,38.44,24.05,52.8,35.3
1506187,64.5,71.05,74.5,69.52
1506195,207.88,204,214.3,207.59
1506203,397.06,442.9,456.2,429.85
1506302,463.62,490.35,528.6,489.37
1506351,505.62,528.3,562.2,527.78
1506401,454.12,479.3,507.3,476.63
1506500,468.94,453.7,516.3,472.61
1506559,414.06,430.5,482.5,436.09
1506583,25.62,11.75,29.9,20.52
1506609,455.69,415.35,452.5,437.46
1506708,18.75,7.75,27.1,15.78
1506807,253.75,271.75,268,264.67
1506906,459.94,493.4,497.5,482.65
1507003,509.75,537.75,565.6,534.07
1507102,482.31,534.45,522.5,513.72
1507151,40.06,43.55,45.8,42.83
1507201,392.25,371.9,374.7,379.59
1507300,100.19,48.75,93.4,76.35
1507409,473.12,446.85,476.1,462.35
1507458,42.62,41.7,87.4,51.96
1507466,483.06,520.8,512.9,505.96
1507474,397.31,454.05,467.4,437.22
1507508,43.75,42.15,51,44.63
1507607,426.88,397.3,431.9,415.11
1507706,409.69,406.95,466.4,420.83
1507755,39.88,32.45,65.6,42.24
1507805,145.06,159.7,192.2,161.67
1507904,459.56,503.95,529.9,494.15
1507953,205.94,175.95,223.7,196.76
1507961,492.19,482.7,486.1,486.74
1507979,278.5,287.45,315.7,290.48
1508001,226.06,215.15,240.4,224.43
1508035,440.25,491.85,498.5,475.35
1508050,213.88,157.05,201.5,186.48
1508084,94.88,50.1,94,75.22
1508100,113.38,128.45,147.1,127.26
1508126,70.69,57.8,96.9,70.78
1508159,175.69,168.25,216.1,181.24
1508209,506.81,550.65,554.8,536.3
1508308,410.88,452.2,496,447.35
1508357,208.12,201,257.1,215.67
1508407,39.25,31.45,62.5,40.91
1600055,512.25,554.15,559.9,540.83
1600105,518.38,598.35,545.7,559.09
1600154,464.25,485.25,537.5,489.3
1600204,580.31,631.6,564.3,599.13
1600212,461.38,472.85,498.3,474.39
1600238,432.38,483.3,528.3,475.37
1600253,434.38,475.55,501.6,466.89
1600279,453.94,489.1,539.4,487.8
1600303,434.38,475.55,501.6,466.89
1600402,503.62,473.9,523.9,495.11
1600501,573.88,605.65,581.9,589.43
1600535,457.44,470.45,502.8,472.96
1600550,510.25,569.65,541.9,542.96
1600600,495.44,485.25,518.1,495.93
1600709,473.75,511.05,492,493.93
1600808,557.12,512,534,532.48
1700251,22.25,10.45,28.9,18.57
1700301,31,29.2,43.8,33
1700350,8.69,3.95,13.6,7.7
1700400,9.12,3.5,22.3,9.54
1700707,8.88,3.2,9.6,6.57
1701002,37.12,38.15,69.9,44.7
1701051,35.38,34.65,63.9,41.26
1701101,9.12,8.9,21.7,11.76
1701309,47.88,35.2,62.6,45.57
1701903,21.56,10.65,30.4,18.74
1702000,9.69,2.2,9.8,6.46
1702109,43.38,28.6,47.4,37.83
1702158,45.25,36.15,81.1,49.09
1702208,35.38,34.5,46.1,37.33
1702307,29.88,17.2,36.7,25.85
1702406,6.62,1.8,10.3,5.33
1702554,33.44,33.6,46.1,36.26
1702703,8.69,1.75,12.4,6.48
1702901,27.31,30.5,41.6,31.8
1703008,31.12,26.45,54.9,34.26
1703057,31.38,19.7,34.4,26.96
1703073,19.25,18.6,31.1,21.54
1703107,17.12,5.85,34.3,15.96
1703206,27.38,16.85,33.6,24.15
1703305,20.69,11.05,21.9,16.76
1703602,24.75,14.1,29,21.04
1703701,10.88,5.15,14.3,9.13
1703800,38.75,37.65,45,39.63
1703826,30.69,31.05,42.4,33.39
1703842,16.19,14.5,20.4,16.37
1703867,7.38,5,13,7.57
1703883,46.81,32.95,69.8,45.78
1703891,38.38,37.45,44.3,39.26
1703909,21.69,8.95,25.9,17.07
1704105,22.44,14.7,18,18.11
1704600,15.19,6.6,21.7,12.87
1705102,8.62,9.35,23.2,12.11
1705508,29.69,18.15,32.3,25.24
1705557,9.56,1.55,11.1,6.41
1705607,6.44,2.55,10.2,5.57
1706001,24.44,13.2,29.6,20.67
1706100,12.44,4.1,19,10.24
1706258,11.25,4.9,13.6,9
1706506,30.12,30.25,55.8,35.76
1707009,9.75,8.7,11.1,9.59
1707108,21.25,8.15,30.7,17.61
1707207,20.81,9.15,29.1,17.54
1707306,6.38,9.55,14.4,9.5
1707405,44.62,41.35,51.8,44.76
1707553,11.75,5.25,20.4,10.8
1707652,8.19,3.1,11,6.59
1707702,20.62,21.2,47.6,26.74
1708205,8.5,5.55,9.9,7.52
1708254,20.69,8.1,25.1,16.17
1708304,23.56,11.3,32.2,20.11
1709005,19.81,13.85,30.2,19.48
1709302,21.38,8.75,22.9,16.22
1709500,7,2.95,13,6.54
1709807,9.19,5.05,15.2,8.7
1710508,16.31,12.6,21.7,15.87
1710706,27.5,29,42.6,31.43
1710904,20.94,13.3,28.8,19.33
1711100,25.19,14.3,27.6,20.98
1711506,14.31,3.1,8.6,8.2
1711803,27.19,14.35,32.3,22.72
1711902,8.12,4.75,17.7,8.74
1711951,6.19,4.7,16.4,7.76
1712009,11.62,8.25,21.7,12.35
1712157,9.31,1.45,10.9,6.24
1712405,9.19,5.1,15.7,8.83
1712454,31,30.2,45.8,33.87
1712504,21.25,7.9,25.8,16.43
1712702,4.62,2.65,12.4,5.46
1712801,28.5,28.6,44.7,32.07
1713205,13.44,4.9,31,13.54
1713304,18.94,7.7,30,16.46
1713601,6.75,4.1,16.2,7.65
1713700,16.75,7.3,29.1,15.33
1713809,30,27.6,51.3,33.59
1713957,48.38,30.5,60.5,43.24
1714203,9.12,9.8,21.9,12.2
1714302,32.88,30.75,54.7,36.7
1714880,35.62,22.65,41.1,31.17
1715002,12.5,4.75,18.1,10.35
1715101,6.38,5.35,18,8.46
1715150,9.56,2.75,9.8,6.65
1715259,10,8.4,11.2,9.57
1715507,11.75,4.5,19,10.17
1715705,25,17.7,33.5,23.67
1715754,17.56,3.7,10.3,9.96
1716109,11.88,4.9,20.7,10.76
1716208,13,2.45,8.5,7.43
1716307,40.88,25.05,42.1,34.26
1716505,19.5,9.9,20.3,15.5
1716604,5.94,2,9.6,5.02
1716653,25.62,12.85,28.9,20.78
1716703,23.06,9.6,27.2,18.11
1717008,12.25,4.9,25.1,11.85
1717206,41.38,35.55,77.8,46.76
1717503,18.62,6.95,22.3,14.35
1717800,11.75,5.25,11.4,8.85
1717909,11.12,4.55,14.5,9
1718006,8.81,3.65,12.1,7.28
1718204,10.19,4.9,19.4,9.89
1718303,30.75,32.65,48.9,35.52
1718402,22.31,11.9,27,18.8
1718451,11.81,4.75,19,10.3
1718501,18.44,12.2,24.7,17.09
1718550,39.19,38.7,82.1,48.3
1718659,8.12,3.45,11.9,6.91
1718709,20.44,10.6,22.8,16.67
1718758,6.94,9.85,12.7,9.46
1718808,35.81,34.5,56.1,39.65
1718840,10.25,2.6,8.9,6.63
1718865,45.38,29.7,58.1,41.33
1718881,21,12.45,22.1,17.52
1718899,10.06,3.45,17.6,8.83
1718907,9.56,9.55,16.2,11
1719004,6.62,6.45,16.4,8.67
1720002,33.44,30.45,59.3,37.76
1720101,31,32.15,45.2,34.59
1720150,8.06,4.3,12.1,7.3
1720200,26.94,28.15,42.5,30.85
1720259,12.5,2.65,8.5,7.35
1720309,45.62,41.5,48.6,44.48
1720499,7.94,8.15,13.6,9.26
1720655,7.38,5.7,16,8.52
1720804,26.06,29.9,41.8,31.15
1720853,6.62,2.75,12,6.11
1720903,9.12,4.4,12.1,7.72
1720937,9.69,2.25,10.9,6.72
1720978,13.25,3.25,9.3,8.04
1721000,10.5,6.75,19.9,10.91
1721109,15.69,9.25,20.2,13.87
1721208,29.81,27.4,44.5,31.96
1721257,23.44,12,18.9,17.48
1721307,22.69,13.95,29,20.26
1722081,42.12,32.55,70.9,44.22
1722107,41.88,39.3,84.6,50.04
2100055,34.19,36.1,51.3,38.74
2100105,72.38,71.65,78.5,73.39
2100154,95.5,106.1,120,105.43
2100204,328.12,326.7,347.5,331.72
2100303,60.19,69.75,65.8,65.57
2100402,92.38,79.35,101,88.59
2100436,56.88,59.75,75.3,62.13
2100477,89.56,71.05,111.4,86.26
2100501,8.75,5.15,10.2,7.5
2100550,376.56,421.75,465.4,415.52
2100600,25.94,20.8,24.3,23.35
2100709,146.06,150.4,170.8,153.33
2100808,122.88,114.4,154.7,126.11
2100832,349.38,394.5,404.8,381.04
2100873,218.06,203.95,221.9,212.76
2100907,92,103.4,107.9,100.41
2100956,34.5,33.85,47.8,37.11
2101004,127.56,112.45,152.4,126.39
2101103,196.81,213,222.5,209.43
2101202,73.44,64.25,91.7,73.41
2101251,202.31,217.75,225.7,214.11
2101301,348.38,390.95,401.9,378.52
2101350,304.81,314.25,316,311.35
2101400,14.81,9.45,15.2,12.57
2101509,12,13,17.6,13.65
2101608,26.06,29,39.2,30.2
2101707,125.56,132.95,152.5,134.63
2101731,114.5,115.85,136.7,119.91
2101772,119.31,96.75,136.9,113.33
2101806,9.94,9.8,16,11.2
2101905,319.75,329,332.2,326.48
2101939,56,56.2,68.2,58.74
2101970,375.62,412.9,459.8,410.13
2102002,56.06,49.65,81.6,58.83
2102036,38.88,33.7,53.7,39.85
2102077,71.25,60.1,85,69.39
2102101,110.31,104.8,152.6,117.11
2102150,72.62,61.65,82.7,70.04
2102200,94.81,88.55,122.8,98.17
2102309,18.44,24.95,34.3,24.72
2102325,40.75,35.45,59,42.41
2102358,24.81,25.15,38.7,27.98
2102374,145.44,161.35,171.2,157.96
2102408,242.5,254.8,256.7,250.93
2102507,176.69,159.95,186.6,171.57
2102556,27.31,23.95,42.5,29.15
2102606,371.12,415.3,451.1,407.72
2102705,98.31,84.75,115.6,96.17
2102754,53.25,56.65,67.4,57.8
2102804,19.88,18.55,30.3,21.57
2102903,414,460.5,507.2,454.48
2103000,47.94,57.5,51.4,52.85
2103109,312.25,329.4,338.3,325.37
2103125,322.38,328,330.7,326.63
2103158,269.06,280.05,304.7,281.59
2103174,173.69,148.15,183.1,164.63
2103208,101.31,80.35,102.4,92.43
2103257,37.25,37.35,53.5,40.83
2103307,53.69,60.45,63.2,58.7
2103406,72.38,72.6,83.6,74.91
2103505,19.19,24.85,30.9,24.2
2103554,118.5,100.85,136.2,114.67
2103604,60.62,59.7,79.1,64.24
2103703,331.94,370.75,375.1,358.2
2103752,25.81,26.75,38.9,29.07
2103802,40,38.45,51.4,41.8
2103901,90.94,81,110,90.76
2104008,47.56,46.65,59,49.65
2104057,25.06,23.1,44.7,28.48
2104073,20.38,16.65,31.4,21.15
2104081,21.75,31.75,26.6,27.15
2104099,21.5,19.75,29.3,22.43
2104107,15,12.9,20.5,15.28
2104206,23,26,38.9,27.76
2104305,392.44,436,484.6,431.41
2104404,41.38,40.4,48.5,42.5
2104503,45.88,42.65,60,47.54
2104552,26.62,27.95,39.4,29.98
2104602,26.5,29.6,42.2,31.26
2104628,21.94,26.8,38.7,27.7
2104651,158.88,131,164.4,147.96
2104677,336.81,367,384.5,360.3
2104701,25.25,27.05,40.9,29.43
2104800,27.44,23.45,23.7,24.89
2104909,317.38,329.65,342.6,328.2
2105005,178,201.75,208.3,194.91
2105104,203,220.4,236.1,217.76
2105153,134.94,113.25,151.9,129.2
2105203,59.19,59.95,69.4,61.74
2105302,24.25,31.35,46,32.07
2105351,29.31,33.4,45.4,34.59
2105401,104.5,94,124,104.17
2105427,44.25,42.2,63.8,47.61
2105450,20.56,26.45,37.5,26.8
2105476,26.5,29.55,43.7,31.57
2105500,26.81,28.6,39.4,30.33
2105609,39.88,37.75,52,41.59
2105658,341.69,359.3,407.8,363.72
2105708,56,48.7,70.3,55.93
2105807,62.5,59.35,73.3,63.48
2105906,90,75.4,105.8,87.09
2105922,17.81,21.35,28.6,21.7
2105948,62.5,59.35,73.3,63.48
2105963,44.75,44.25,64.2,48.76
2105989,23.12,22.1,36.2,25.52
2106003,55.44,54.2,70,58.07
2106102,11.62,13.8,16.8,13.7
2106201,392.12,438.35,487.4,432.93
2106300,110.81,109.3,142.3,117
2106326,341.31,372.15,407.1,369.02
2106359,56.62,50.25,74.9,57.83
2106375,267.75,276.55,288.5,276.09
2106409,104,94.85,124.7,104.52
2106508,259.38,244.05,247.8,250.2
2106607,27.44,35.5,45.7,34.91
2106631,96.44,82.65,119.4,95.43
2106672,123.19,119.55,164.3,130.54
2106706,20.75,33.05,21.7,26.3
2106755,102.25,91.75,129.9,103.7
2106805,324.44,343.95,354.2,339.39
2106904,165.19,126.3,186.5,152.91
2107001,26.38,21.55,32.7,25.65
2107100,167,181.3,191.5,178.54
2107209,100.88,93.8,120.1,101.98
2107258,14.38,11.85,24.6,15.5
2107308,11.38,13.25,17.1,13.43
2107357,226.75,213.8,224.7,220.67
2107407,94.75,76.7,106.1,89.37
2107456,261.81,251.6,257.8,256.5
2107506,277,295.5,300.2,290.09
2107605,305.5,292.2,294.4,297.3
2107704,18.12,19.75,26.3,20.61
2107803,18.56,28.2,42.9,28.04
2107902,18.69,21.9,32,22.98
2108009,15.81,18.95,26.3,19.46
2108058,123.62,125.7,156.9,131.76
2108108,68.12,60.45,80,67.37
2108207,57.69,54.8,64.2,57.85
2108256,230.69,212.25,239.3,224.54
2108306,189.19,164.55,199,180.61
2108405,322.31,318.8,319.2,320.11
2108454,53.69,60.1,74.3,60.96
2108504,128.69,104.1,147.2,122.02
2108603,310.25,300.95,294.9,302.87
2108702,110.38,94.35,131.8,108.07
2108801,100.12,82.1,108.1,94.02
2108900,52,49.95,65.8,54.11
2109007,26.44,24.05,38.1,27.93
2109056,326.94,356,370.4,349.02
2109106,33.5,31.5,42.9,34.67
2109205,169.75,180.1,192,179.09
2109239,274.31,289.9,293.3,285.22
2109270,301.69,299.15,293.9,298.89
2109304,130.81,145.65,156.9,142.93
2109403,157.06,178,184.9,172.22
2109452,265.12,279.1,295.6,277.83
2109502,14,9.8,22.2,13.96
2109551,25.75,24.1,35.2,27.09
2109601,208.94,215.65,224.7,215.28
2109700,11.31,12.15,13.9,12.24
2109759,26.25,32.1,38.6,31.48
2109809,304.69,308.05,294.1,303.85
2109908,103.38,86.8,113.4,98.35
2110005,61.44,51.05,72.8,59.39
2110039,272.19,278.9,280.1,276.83
2110104,125.62,123.95,161.6,132.72
2110203,143.69,154.25,174.4,154.96
2110237,122.5,115.5,162.8,128.22
2110278,138.44,146.95,175.3,150.15
2110302,43.5,43.4,56.7,46.33
2110401,117.69,112.7,144.2,121.28
2110500,296.06,288.25,275.6,288.22
2110609,124.06,106.85,166.6,125.83
2110658,14.75,14.2,21.3,15.93
2110708,22.75,27.2,37.9,27.98
2110807,12.88,13.85,18,14.41
2110856,27.69,31.8,45.1,33.26
2110906,16.62,14.8,24.4,17.52
2111003,228.06,207.4,227.2,218.89
2111029,103.06,74.7,116.7,93.7
2111052,25.38,23.85,34.2,26.63
2111078,46.06,44.85,51.4,46.7
2111102,11.81,14.65,17.4,14.26
2111201,277,295.5,300.2,290.09
2111250,40.62,36.5,51.8,41.26
2111300,277,290.85,299.5,287.91
2111409,58.81,60.1,74.7,62.83
2111508,90.62,74.9,110,88
2111532,46.88,43.5,53.2,46.78
2111573,22.25,17.65,32.7,22.52
2111607,13.56,16.1,19.9,16.04
2111631,40,40.9,51.3,42.85
2111672,41.56,42.1,53.5,44.39
2111706,274.56,257.25,258.8,263.61
2111722,103.69,81.6,115.8,96.72
2111748,33.12,33.85,46.4,36.33
2111763,27.44,28.5,39,30.41
2111789,327.38,364.6,368.1,352.41
2111805,22.19,19.35,27.8,22.17
2111904,20,24.95,36.9,25.83
2111953,13.25,16.1,18.8,15.7
2112001,9.94,9.9,8.1,9.52
2112100,62.56,67.65,75.7,67.63
2112209,34.88,37.85,51.7,39.83
2112233,57.38,57.95,71,60.59
2112274,113.62,94.15,129.9,108.7
2112308,24.19,32.35,33.5,29.76
2112407,328.38,379.85,381,362.2
2112456,306.31,337.5,316.4,322.07
2112506,116.75,117.5,147.1,123.67
2112605,117,121.9,149.1,126.11
2112704,98.25,72.8,100.8,87.74
2112803,222.75,200.95,228.4,214.5
2112852,39.69,39.45,52.5,42.37
2112902,131,115.9,150.3,128.63
2113009,80.31,68.75,88.6,77.09
2114007,183.88,160.35,198.9,176.91
2200053,2.88,5.7,4.9,4.54
2200103,23.62,24.4,40.7,27.67
2200202,23.81,20.75,31.9,24.24
2200251,11.56,7.45,10.4,9.52
2200277,10.06,5,12.8,8.46
2200301,25.88,21.9,32.7,25.63
2200400,35.88,36.5,52.8,39.83
2200459,4.81,2.45,20.2,7.13
2200509,16.56,11.95,16.6,14.57
2200608,22.25,17.3,28.7,21.5
2200707,1.44,1.45,15,4.39
2200806,7.38,8.95,14.6,9.63
2200905,14.69,16.45,22.5,17.15
2200954,2.31,5,5.6,4.2
2201002,9.19,8.25,10.5,9.07
2201051,13.56,12.2,16.4,13.59
2201101,3.44,0.55,21,6
2201150,6.44,7.35,17.8,9.3
2201176,10.38,10.5,9.4,10.22
2201200,88.56,78.6,106.7,88.17
2201309,3.94,2.65,3.1,3.2
2201408,25,21.3,38.2,26.26
2201507,99.19,83.35,93.5,91.07
2201556,2.81,5.25,9.3,5.28
2201572,6.44,4.15,9.9,6.2
2201606,30.38,27.5,41.3,31.5
2201705,3.5,3.65,10.2,5.02
2201739,8.31,9.75,18.2,11.09
2201770,79,62.95,79.7,72.17
2201804,5.31,7,7.6,6.54
2201903,4.25,2.7,16.7,6.28
2201919,58.25,69.8,77.5,67.46
2201929,1.44,1.55,10.8,3.52
2201945,66.31,56.6,73.2,63.59
2201960,68,56.15,53.3,59.65
2201988,2.81,3.45,8.8,4.39
2202000,76.69,89.8,83.9,83.96
2202026,19.69,14.4,26.2,18.8
2202059,71.5,64.15,79.8,70.11
2202075,6.88,7.3,8.5,7.41
2202083,54.5,59.15,58.7,57.43
2202091,6.5,5.25,13.3,7.43
2202109,1.5,5.6,7.2,4.52
2202117,2.94,5.65,9.6,5.57
2202133,6.19,4.7,9.9,6.35
2202174,101,96.95,144.1,108.61
2202208,42.81,36.05,51.3,41.72
2202251,4.31,3.75,8.4,4.96
2202307,2.56,2.05,8.4,3.61
2202406,63,57.7,68.2,61.83
2202455,3.25,7.65,10.4,6.72
2202505,1.31,1.7,15.7,4.61
2202539,91.56,91.35,96.6,92.57
2202554,4.44,4.4,12.4,6.15
2202604,20.88,18.7,17.5,19.2
2202653,75.44,90.35,85.8,84.17
2202703,59.56,62.35,70.5,63.15
2202711,57.12,49.7,66.8,56
2202729,58.88,54.25,66,58.41
2202737,32.75,29.95,46.3,34.48
2202752,2.94,2,9.1,3.87
2202778,1.88,5.65,7.5,4.74
2202802,1.94,4.15,7.2,4.04
2202851,2.81,5.6,8.9,5.35
2202901,3.94,1.75,2.8,2.74
2203008,4.75,2.45,5,3.8
2203107,4.69,2.5,19.7,7
2203206,3.75,2,18.8,6.26
2203230,4.88,3.3,17.7,6.98
2203255,23.5,25,39.6,27.65
2203271,7.19,6.7,17.4,9.2
2203305,31.5,33.25,49.8,36.24
2203354,1,1.4,6.9,2.46
2203404,2.44,6.9,6.5,5.26
2203420,36.75,24.85,35,31.2
2203453,3.56,6.45,10.2,6.26
2203503,18.31,16.2,23.3,18.48
2203602,3,2.3,6.5,3.46
2203701,105.5,94.05,122.1,104.13
2203750,1.75,1.3,4.8,2.22
2203800,2.19,3.2,6.9,3.65
2203859,1.88,4.75,6.3,4.09
2203909,9.31,8.9,5.3,8.26
2204006,12.81,12.05,16.3,13.24
2204105,12.56,9.1,9.6,10.41
2204154,6.38,4.9,12.8,7.13
2204204,7.69,5.9,9.2,7.24
2204303,13.62,7.15,13.3,10.74
2204352,4.19,5.5,6.4,5.24
2204402,4.81,3.55,4.1,4.11
2204501,7.94,10.45,10.8,9.65
2204550,2.75,1.7,15.6,5.09
2204600,23.62,20.4,31.9,24.02
2204659,71.19,84.7,92.3,81.65
2204709,6.19,8.65,9.2,7.91
2204808,2.31,6.45,5.9,4.89
2204907,1.75,4.2,7.1,3.98
2205003,2.62,4.3,6,4.09
2205102,2.75,4.6,5.9,4.24
2205151,2.88,4,7,4.26
2205201,3.5,4.2,7.3,4.63
2205250,22.81,17.5,27.8,21.59
2205276,33.81,34,43.7,36.04
2205300,6.88,8,9.1,7.85
2205359,2.75,3.75,8.7,4.48
2205409,108.94,94.5,121,105.28
2205458,126.12,105.95,157.6,124.2
2205508,53.81,55.4,68.1,57.61
2205516,20.62,18.4,21.7,19.89
2205524,3.56,0.25,4.8,2.39
2205532,1.44,1.65,10.8,3.57
2205540,24.44,21.25,33.7,25.07
2205557,72.44,72,77.6,73.37
2205565,2.19,7.65,7.7,5.76
2205573,40.69,41.45,41.5,41.2
2205581,27.94,29.8,44.8,32.41
2205599,11.31,11.05,10.4,11
2205607,5,7.3,10.7,7.24
2205706,57,62.15,65.4,61.07
2205805,121.25,104.1,145.6,119.09
2205854,125.62,112.05,167.6,128.85
2205904,4.75,3,20.7,7.46
2205953,6.12,5.05,13.2,7.2
2206001,6.81,10.55,12.3,9.63
2206050,2.81,3.15,11.3,4.8
2206100,109.75,105.8,147.8,116.3
2206209,80.5,79.45,101.4,84.59
2206308,23.62,24.15,37,26.76
2206357,30.06,26.6,33.4,29.28
2206407,23.88,24.4,41.4,27.91
2206506,9.69,6.4,10.1,8.35
2206605,2.88,2.1,15,5.17
2206654,3.56,1.8,18.1,5.96
2206670,113,95.75,133.8,110.02
2206696,109.62,105.9,134.8,113.48
2206704,5.19,6.5,8.4,6.46
2206720,24.25,32.05,43.9,31.91
2206753,61.75,50.95,71.2,59.11
2206803,87.56,82.6,112.2,90.76
2206902,8.75,9.95,8.1,9.13
2206951,23.06,22.55,24.2,23.09
2207009,5.19,6.7,7.2,6.28
2207108,25,21.3,38.2,26.26
2207207,6.5,5.1,12.8,7.26
2207306,2.5,4.6,6.9,4.37
2207355,1.69,3.2,5.3,3.13
2207405,3.81,3.5,15.7,6.26
2207504,23.06,22.6,36.3,25.74
2207553,2.06,5.7,5.2,4.33
2207603,4.06,1.75,4.2,3.09
2207702,66.69,78.2,86,75.89
2207751,25.75,22.8,39.2,27.39
2207777,2.75,3.15,7.9,4.04
2207793,30.75,29.8,48.5,34.2
2207801,2.38,5,7.2,4.57
2207850,2.5,2,7.3,3.33
2207900,26.25,18.55,33.2,24.41
2207934,2.62,3.7,8.3,4.33
2207959,2.75,4.9,10.2,5.3
2208007,2.12,5.7,5.9,4.5
2208106,12.56,12.1,14.1,12.7
2208205,14.44,11.35,12.9,12.76
2208304,73.94,64.65,68.2,68.65
2208403,66.31,57.4,59,60.85
2208502,98.19,97.3,127.6,104.2
2208551,8.56,10.85,14.8,10.91
2208601,23.94,22.45,34.7,25.63
2208650,1.81,8.3,6.9,5.74
2208700,4.62,1.95,18.1,6.39
2208809,14.56,12,15.9,13.74
2208858,2.94,2.6,19.8,6.46
2208874,1.75,3.75,6.8,3.72
2208908,8.56,9.35,9.4,9.09
2209005,2.56,2.95,4.6,3.17
2209104,2.38,5.1,5.2,4.17
2209153,19.81,18.85,25.3,20.59
2209203,7,6.8,10,7.57
2209302,4.38,2.6,22.2,7.48
2209351,4.81,7.2,7.7,6.48
2209377,6.38,7.6,7.7,7.2
2209401,6.38,6.5,8.8,6.96
2209450,24.25,19.05,31.3,23.52
2209500,1.38,4.95,6.9,4.13
2209559,0.94,1.85,9.2,3.13
2209609,20.75,18.5,30.4,21.87
2209658,1.94,4.65,6.7,4.15
2209708,4,5.85,8,5.67
2209757,3.12,1.65,3.3,2.52
2209807,23.69,19.35,28,22.74
2209856,7.75,8.45,9.8,8.5
2209872,62,39.9,60,51.96
2209906,23.25,21.6,21.3,22.11
2209955,2.06,6.3,7.1,5
2209971,103.75,98.35,131.2,107.37
2210003,3.06,5.25,10.4,5.61
2210052,90.38,80.75,82.6,84.5
2210102,1.38,3.85,8.9,4.09
2210201,5,6.85,7.3,6.3
2210300,12.44,7,11.9,9.96
2210359,0.88,2.35,8.3,3.13
2210375,7.81,7.65,9.3,8.07
2210383,24.38,21.45,36.5,25.74
2210391,0.88,4.75,7.6,4.02
2210409,20.75,20.35,14.3,19.17
2210508,24.06,21.55,35.2,25.39
2210607,1.56,3.1,13.4,4.8
2210623,4,1.45,3.1,2.7
2210631,3.44,3.55,9.9,4.89
2210656,28.31,28.6,32.5,29.35
2210706,6.12,6.95,16.9,8.83
2210805,1.81,5.75,8.2,4.91
2210904,2.38,3.85,7.4,4.11
2210938,5.06,6.3,7.4,6.11
2210953,2.31,2.95,8.7,3.98
2210979,7.25,7.35,7.2,7.28
2211001,33.5,36.25,50.3,38.35
2211100,62.88,72,79.2,70.39
2211209,5.75,6.45,15.5,8.17
2211308,11.88,12.9,14.6,12.91
2211357,1.25,1.4,14.9,4.28
2211407,8.44,9.8,10,9.37
2211506,1.94,4.2,6.1,3.83
2211605,7.81,4.25,10.9,6.93
2211704,2.44,5.35,5.5,4.37
2300101,32.62,25.2,39.6,30.91
2300150,114.94,95.95,116.9,107.11
2300200,79.62,75.8,64.7,74.72
2300309,77.56,41.3,65.1,59.09
2300408,17.44,14.7,19,16.59
2300507,60.75,57.15,55.5,58.04
2300606,25.44,15.2,28.4,21.63
2300705,58.88,59.95,77.3,63.35
2300754,79.25,65,67.5,70.5
2300804,24.38,15.85,24.8,20.76
2300903,63,61.45,55.7,60.74
2301000,184.75,153,190.4,172.17
2301109,68,53.5,77.4,63.74
2301208,110.88,111,120.1,112.93
2301257,38.75,30.55,44.5,36.43
2301307,24.62,11.85,21.6,18.41
2301406,158.06,145.2,151.8,151.11
2301505,27.38,24.25,25.8,25.67
2301604,23.19,13.15,21.8,18.52
2301703,42.88,37.05,51.5,42.22
2301802,50.06,39.4,45.4,44.41
2301851,71.25,74,78.2,73.96
2301901,50.81,39.2,55.3,46.74
2301950,106.62,90.6,110.4,100.48
2302008,40.81,26.85,34.4,33.35
2302057,58.44,58.05,51.7,56.8
2302107,203.06,158.3,198.4,182.59
2302206,82.38,77.4,80.8,79.87
2302305,52.5,48.05,50.7,50.17
2302404,78.12,63.15,64.4,68.63
2302503,30.75,24.05,36.7,29.13
2302602,57.75,55.9,59.7,57.37
2302701,18.75,8.35,14.8,13.37
2302800,55.19,49.35,44.8,50.39
2302909,153.81,140,164.1,150.04
2303006,88.56,83.7,99.5,88.83
2303105,42.56,36.65,49,41.39
2303204,41.75,26.45,32.6,33.11
2303303,42.44,32.15,48.7,39.33
2303402,55.31,35.65,61.3,48.07
2303501,109.88,103.1,117.3,108.54
2303600,40.5,28.55,37.7,34.7
2303659,36.81,32.5,34,34.33
2303709,135.12,105.9,116.1,118.28
2303808,45.56,32,38,38.02
2303907,52.5,56.35,50.6,53.76
2303931,79.12,80.05,88,81.46
2303956,96.38,91.95,85.4,92.07
2304004,42.62,39.75,46.2,42.15
2304103,26.75,14.45,35.8,23.37
2304202,36.06,22.8,35.4,30.15
2304236,35.06,31.85,52.7,37.5
2304251,60.31,52.9,62,57.46
2304269,86.5,53.65,71.7,69
2304277,79.19,61.7,69.3,69.43
2304285,226.12,175.95,214.8,201.85
2304301,29.69,16.65,34.9,25.15
2304350,33.12,35.15,37.8,35.02
2304400,244,187.65,224.2,215.2
2304459,78.31,62.45,74.9,70.67
2304509,80.12,66.65,80.5,74.35
2304608,64.5,55.35,61.2,59.8
2304657,79.75,58.65,86.6,72.07
2304707,56.31,56.65,57.6,56.74
2304806,42.5,30.65,47.5,38.43
2304905,32.75,35.55,41.7,35.91
2304954,135.62,112.1,132.8,124.78
2305001,41.38,29.55,50.6,38.24
2305100,270,202.3,262,238.83
2305209,35.5,25.65,41,32.41
2305233,124.94,98.35,126,113.61
2305266,89.5,77,98.3,85.98
2305308,90.56,66.05,85.1,78.72
2305332,77.62,71.25,86.6,76.8
2305357,61.12,51.15,58.7,56.26
2305407,56.56,40.55,51.3,48.46
2305506,55.94,36.15,64,49.09
2305605,29.12,14.5,24.5,21.76
2305654,30.44,19.9,37.1,27.3
2305704,49.44,40.15,44.6,44.35
2305803,60.62,51.1,71.6,58.87
2305902,47.56,44.4,58.1,48.48
2306009,70.06,71,80.5,72.74
2306108,37.44,33.2,24.5,32.78
2306207,58.75,58.5,66.2,60.26
2306256,164.19,135.45,151,148.83
2306306,97.44,71.65,83.1,83.11
2306405,85.31,80.55,85.4,83.26
2306504,124.06,114.05,124.9,119.89
2306553,97.25,93.65,77.7,91.43
2306603,75.12,66.1,65.5,69.11
2306702,73.75,69.35,78.9,72.96
2306801,73.62,59.55,71.9,67.13
2306900,67.19,50.65,56.7,57.72
2307007,56.38,54.3,70.8,58.61
2307106,53.25,49.3,59.9,52.98
2307205,27.31,23.6,35.4,27.46
2307254,50.31,53.65,55.1,52.8
2307304,40.75,24.75,35.3,32.61
2307403,40,33,54.8,40.17
2307502,46.88,40.6,44.5,43.63
2307601,58.06,63.4,68.1,62.57
2307635,65.12,66.7,67.8,66.39
2307650,195.69,146,180.3,170.74
2307700,141.81,114.95,144.4,130.7
2307809,45.75,54.75,38.1,48
2307908,49.62,45.45,45.4,46.89
2308005,60.88,61.9,47.8,58.48
2308104,37.25,26,34.8,31.83
2308203,68.75,63.3,56.4,63.7
2308302,30.75,24.7,35.2,29.09
2308351,89.88,68.05,77.1,77.61
2308377,39.44,33.5,33.4,35.54
2308401,36.75,19.85,38.8,29.85
2308500,93.56,71.05,79,80.61
2308609,50.62,39,41.8,43.65
2308708,75.12,71.9,93.7,77.76
2308807,51.38,49.9,43.7,49.07
2308906,44.69,54.8,40.6,48.2
2309003,61,40.95,68.3,53.87
2309102,252.5,196.1,243.8,226.09
2309201,28.19,14.45,30.3,22.67
2309300,31.94,24.45,41.2,30.7
2309409,25,18.7,25.1,22.28
2309458,80.19,87.05,80.8,83.3
2309508,49.5,35.55,41,41.59
2309607,124.94,98.35,126,113.61
2309706,164.19,135.45,151,148.83
2309805,225.06,177.95,203,199.78
2309904,57.94,45.2,65.9,54.13
2310001,60.88,67,78.7,67.41
2310100,209.12,162.5,203.9,187.72
2310209,166.44,118.7,133.5,138.52
2310258,149.88,109.45,119.1,125.61
2310308,17.38,14.7,18.5,16.46
2310407,56.81,47.95,51.4,51.78
2310506,95.25,70.6,84.1,82.11
2310605,25.75,31.65,30.3,29.3
2310704,62.06,56.6,67.7,60.91
2310803,78.81,61.75,61.5,67.63
2310852,152,129.65,154.6,142.85
2310902,93.62,58.5,72.5,73.76
2310951,40.44,33.75,50.9,39.8
2311009,28.56,21.05,37,27.13
2311108,51.56,49.5,57.7,52
2311207,21.38,10.65,17.8,15.93
2311231,66.62,63.15,82.2,68.5
2311264,15.31,12.7,16.8,14.5
2311306,67.81,66.95,81.2,70.35
2311355,55.75,37.4,49.9,46.5
2311405,90.38,96.3,101.7,95.41
2311504,59.75,59.85,82.9,64.83
2311603,133.81,110.95,139.3,125.07
2311702,65.88,49.1,71.3,59.76
2311801,58.62,70.45,80.5,68.52
2311900,32.38,27.85,34.8,30.93
2311959,10.69,5.85,15.2,9.57
2312007,43.31,46.55,33.4,42.57
2312106,31.69,18.55,31.5,25.93
2312205,25.19,25.75,26.4,25.7
2312304,75.81,53.6,79.4,66.93
2312403,102.19,84.5,91,92.07
2312502,59.56,61.35,68.4,62.26
2312601,74.31,57,67.9,65.39
2312700,103.88,81.3,101,93.43
2312809,50.62,47.3,43,47.52
2312908,33.12,35.15,37.8,35.02
2313005,86.5,65.1,70.7,73.76
2313104,55.38,64.25,73.7,63.22
2313203,27.75,19.8,26,23.91
2313252,25.06,17.55,26.8,22.17
2313302,35.06,21.8,29.4,28.07
2313351,57.12,55.1,66.8,58.35
2313401,78.19,59.3,86.3,71.74
2313500,128.38,103,107.9,112.89
2313559,91.69,71.75,76.6,79.74
2313609,86,65.9,79.6,75.87
2313708,55.12,42.9,61.2,51.13
2313757,77.81,53.55,60.3,63.46
2313807,105.94,78.4,91.1,90.74
2313906,53.06,51.25,44.6,50.43
2313955,31.75,29.2,39.6,32.35
2314003,42.88,30.05,49.6,38.76
2314102,70.56,51.9,66.5,61.57
2400109,45.19,47.5,48,46.8
2400208,63.88,64.95,83,68.5
2400307,66.69,60.35,77.6,66.3
2400406,78.69,66.15,70.9,71.54
2400505,76.5,75.55,81.9,77.26
2400604,82.62,70.3,93.2,79.57
2400703,69.5,63.4,88.1,70.89
2400802,61.81,61.35,72.2,63.87
2400901,79.81,79.05,90.1,81.72
2401008,70.81,67.65,84.8,72.48
2401107,63.38,62.1,70.7,64.41
2401206,428.25,457.15,348.4,423.46
2401305,68.06,65.95,77.3,69.15
2401404,455.31,470.9,433.8,457.41
2401453,67.88,64.05,91.3,71.3
2401503,166.19,191.3,136.2,170.59
2401602,260.69,283.25,218.2,261.26
2401651,62.75,76.2,76.6,71.61
2401701,299.5,339.8,255.8,307.52
2401800,334.06,361.55,282.4,334.78
2401859,156.69,159.45,120.7,150.07
2401909,144.81,169.15,127,151.52
2402006,42.94,39,49.7,42.7
2402105,99.12,109.3,111.6,106.26
2402204,426.12,444.1,388.1,425.67
2402303,73.5,72.35,81.5,74.74
2402402,52.75,49.8,53.7,51.67
2402501,72.88,64.9,89.2,72.96
2402600,437.06,480.4,363.6,439.93
2402709,81.06,97.95,91,90.57
2402808,106.62,116.45,117.5,113.26
2402907,79.69,67.2,73.4,72.89
2403004,43,47,53.1,46.93
2403103,73.88,85.9,97.7,84.28
2403202,78.06,62.5,69.9,69.52
2403251,436.81,486.2,336.2,436.41
2403301,78.06,62.5,69.9,69.52
2403400,63.69,51.8,51.2,55.8
2403509,336.38,350.65,302.3,335.17
2403608,460.69,494.8,360.7,453.78
2403707,79.31,78.4,87.3,80.65
2403756,81.56,84.55,78.4,82.17
2403806,51.06,51,56.2,52.15
2403905,73.62,58.4,68.8,65.96
2404002,79.19,75.2,94.8,80.85
2404101,96.19,117.6,97.7,105.83
2404200,404.19,411.7,352.3,396.17
2404309,80.25,80.7,83.9,81.24
2404408,67.69,57.3,63.4,62.24
2404507,74.56,71.6,73.8,73.11
2404606,353.19,396.3,290.7,358.35
2404705,65.31,64.15,76.2,67.17
2404804,37.25,35.7,48.9,39.11
2404853,62.25,62.85,75.6,65.41
2404903,68.81,63.85,79.6,69
2405009,93.81,104.75,100.6,100.04
2405108,121.69,120.3,98.6,116.07
2405207,71.12,62.35,78.6,68.93
2405306,210.62,229.7,177.5,211.72
2405405,175,183.1,159.6,175.17
2405504,213.12,255.45,179.8,224.28
2405603,53.38,43.8,58.3,50.28
2405702,38.31,37.4,41.8,38.67
2405801,251.75,270.5,193.2,247.17
2405900,79.25,78.1,95.6,82.3
2406007,78.25,69.35,73.8,73.41
2406106,59.31,58.05,66.6,60.35
2406155,334.06,361.55,282.4,334.78
2406205,213.06,225.2,186,212.46
2406304,321.94,354.4,260.6,322.72
2406403,181,199.05,147.8,181.63
2406502,61.62,69.8,72.9,67.63
2406601,267.44,282.55,216,262.83
2406700,111.25,127.05,100.6,115.8
2406809,117.12,123.45,121.8,120.89
2406908,79.19,75.2,94.8,80.85
2407005,78.81,74.05,83.3,77.72
2407104,364.12,418.2,292.6,372.09
2407203,68.25,65.35,77.9,69.09
2407252,82.69,69.1,72.9,74.65
2407302,71.5,66.35,73.4,69.67
2407401,74.38,69.55,88,75.24
2407500,421.31,474.6,345.3,427.96
2407609,75.31,59.3,77.7,68.87
2407708,380.06,374.25,346.4,370.22
2407807,350.88,387.95,291.6,354.11
2407906,202,213.65,166.5,199.35
2408003,73.31,67.95,84.1,73.33
2408102,467.44,500.8,364.6,459.59
2408201,467.75,514.6,391.6,471.57
2408300,278.5,285.4,242.4,273.65
2408409,79.62,71.6,86.1,77.54
2408508,39.69,38.05,39.2,38.87
2408607,76.81,72.55,71.2,73.74
2408706,67.88,65.35,78.6,69.11
2408805,209.75,227.45,149,204.24
2408904,52.44,43.35,45.9,47.07
2408953,398.69,434.55,321.7,397.54
2409100,232.19,235,206.9,227.91
2409209,334.06,361.55,282.4,334.78
2409308,79.44,66.8,87.3,75.65
2409332,291.25,328.95,249.2,298.5
2409407,75.25,58.85,75.3,68.13
2409506,245.12,256.15,192.4,238.46
2409605,142.88,159.75,117,144.59
2409704,89.81,77.85,81.7,82.85
2409803,372.5,377,347.6,369.04
2409902,69.19,62.95,89.8,70.96
2410009,77.88,69.9,79.7,74.8
2410108,325.81,344.5,273.9,322.65
2410207,71.19,61.3,80.7,68.96
2410256,65.06,56.45,79.1,64.37
2410306,194.25,206.6,164,193.04
2410405,359.31,400.3,293.5,362.83
2410504,80,58.65,72.8,69.15
2410603,82.31,69.55,90,78.43
2410702,72.75,60.8,86.2,70.48
2410801,78.69,66.15,70.9,71.54
2410900,221.62,253.5,172.4,224.78
2411007,65.31,60.65,79,66.26
2411056,66.94,52.85,67.1,60.85
2411106,166.62,199.05,140.8,175.11
2411205,133.38,146.25,126.5,137.48
2411403,51.88,58.85,64.4,57.63
2411429,44.56,41.35,41.6,42.52
2411502,226.75,241.8,211.7,230.02
2411601,218.69,228.25,164.3,211.02
2411700,125.62,136.9,125.4,130.48
2411809,49.94,41.85,55.3,47.59
2411908,71.12,60.75,71.4,66.67
2412005,434,478.95,358.6,437.15
2412104,41.12,38.25,51,42.02
2412203,434.5,482.95,347.4,436.63
2412302,187.81,196.2,166.9,186.91
2412401,40.19,38.85,47.5,41.2
2412500,79.69,67.2,73.4,72.89
2412559,276.31,286.8,215.2,267.59
2412609,221.38,238.05,185.7,220.87
2412708,293.44,343.35,235.3,302.5
2412807,58.38,64.35,72.1,63.96
2412906,111.75,130.15,110,119.37
2413003,49.5,48.7,59.2,51.26
2413102,245.19,263.05,201.5,243.46
2413201,475.88,492.55,399.2,466.46
2413300,219.75,223.5,184,213.61
2413359,67.44,71.4,81.5,72.22
2413409,55.81,43.75,63.3,52.2
2413508,252.12,268.05,202.5,248.26
2413557,79.56,75.55,92.6,80.65
2413607,70.38,65.95,84.8,71.59
2413706,162.56,180.3,127,162.54
2413805,73.31,62.65,84.1,71.02
2413904,367.69,399.7,300.1,366.91
2414001,164.19,177.6,135.3,163.74
2414100,72.56,68.9,71.9,70.83
2414159,46.75,50.15,59.2,50.93
2414209,439.19,450.55,382.1,431.72
2414308,53.25,41.5,58.8,49.35
2414407,337.56,365.5,268.3,334.65
2414456,63.5,64.95,69.9,65.52
2414506,67.94,61.2,84.2,68.54
2414605,67.44,64.9,79.2,68.89
2414704,336.38,350.65,302.3,335.17
2414753,72.75,62.15,73.2,68.24
2414803,350.88,387.95,291.6,354.11
2414902,72.75,60.8,86.2,70.48
2415008,473.81,497.75,429,474.48
2500106,77,76.65,84.1,78.39
2500205,55.06,59.75,57.8,57.7
2500304,378.69,357.25,356.9,364.63
2500403,379.81,365.75,353.9,368.07
2500502,376.5,378.85,345.1,370.7
2500536,160.31,140.35,142,147.65
2500577,191.88,184.8,181.6,186.57
2500601,675.12,668.45,630.7,662.57
2500700,58.75,47.3,54.6,52.87
2500734,76.06,75.85,80.4,76.91
2500775,67.5,67.65,68.8,67.85
2500809,354,376.1,307.7,353.54
2500908,373.31,370.15,331.1,362.76
2501005,250.94,244.15,205.7,238.15
2501104,368.31,353.45,326.3,352.72
2501153,52.88,62.1,68.1,60.2
2501203,258.69,244.55,238.4,248.13
2501302,295.81,291.75,294,293.65
2501351,67.88,73.6,69,70.61
2501401,493,528.35,470.5,503.48
2501500,382.56,400.45,327.5,378.37
2501534,78.44,89.75,73.3,82.24
2501575,161.75,157.25,153.7,158.04
2501609,147.81,139.25,136,141.52
2501708,117.81,110.5,103.7,111.57
2501807,600.62,579.25,565.3,583.65
2501906,353,368.2,295.5,347.11
2502003,65.81,52.55,69.6,60.87
2502052,74.69,68.5,71.4,71.28
2502102,55.5,55.65,55.6,55.59
2502151,104.81,105.6,93,102.59
2502201,55.38,43.85,44.3,47.96
2502300,69.31,76.95,86.5,76.37
2502409,58.75,52.3,64.3,57.15
2502508,121.5,113.8,105.4,114.65
2502607,53.69,64.9,66.7,61.39
2502706,382.56,400.45,327.5,378.37
2502805,60.81,45.3,72.6,56.63
2502904,76.69,74.25,87.4,77.96
2503001,667.19,645.75,656.2,655.48
2503100,123.44,120.55,110.8,119.43
2503209,650.31,668.25,630,653.7
2503308,49.38,42.65,40.9,44.61
2503407,36.56,34.6,47.3,38.04
2503506,241.44,228.85,207.8,228.65
2503555,46.19,41.9,57.3,46.74
2503605,328.44,336.7,281.3,321.78
2503704,56.62,45.75,43.9,49.13
2503753,58.69,76,73.1,69.35
2503803,330.81,329.6,315.4,326.93
2503902,70.06,62.5,64.8,65.63
2504009,264.81,263.1,240.8,258.85
2504033,416.31,429.6,374.3,412.96
2504074,69.31,68.35,60.2,66.91
2504108,57.44,51.4,52,53.63
2504157,253.75,243.3,221.5,242.2
2504207,44.12,53.3,62,52
2504306,78.62,73.8,88.1,78.59
2504355,155.81,150.85,134.2,148.96
2504405,46.12,28.65,46.5,38.61
2504504,48.5,57,62.6,55.26
2504603,666,673,657.1,667.11
2504702,65.31,64.15,60.8,63.83
2504801,50.06,71.5,73.6,64.5
2504850,68.06,66.55,64.1,66.54
2504900,415.31,410.85,382.9,406.33
2505006,64.62,71,54.2,65.13
2505105,148.38,145.85,131.3,143.57
2505204,376.5,378.85,345.1,370.7
2505238,380.75,391.15,353.7,379.39
2505279,348.12,351.65,310.8,341.54
2505303,59.56,49.75,52.2,53.7
2505352,209.5,191.25,183.1,195.83
2505402,57.06,57.2,73.1,60.61
2505501,51,45.25,70.6,52.76
2505600,51.56,42.2,56.4,48.54
2505709,321.25,325,276.7,313.2
2505808,352.62,359.05,294.8,342.85
2505907,49.12,60.8,68.4,58.39
2506004,290.56,275.9,270,279.72
2506103,261.5,273.3,250.1,264.15
2506202,62.44,69.05,65.1,65.89
2506251,173.75,174.35,169.8,173.15
2506301,375.62,377.05,322.3,364.65
2506400,299.56,311.8,289.5,302.7
2506509,75.88,72.35,72.5,73.61
2506608,56.88,45.3,63.1,53.2
2506707,63,70.1,72.8,68.22
2506806,298.81,293.05,284.8,293.26
2506905,320,317.6,317.4,318.39
2507002,51.25,62.15,64.1,58.78
2507101,374.25,398.65,339.1,377.22
2507200,262.56,256.55,250.4,257.3
2507309,380.06,374.25,346.4,370.22
2507408,68.25,75.15,84,74.67
2507507,690.12,687.6,667.6,684.13
2507606,317.69,313.35,301.5,312.28
2507705,64.94,66.45,59.6,64.43
2507804,60.94,66.85,58.9,63.07
2507903,366.88,371.55,361.4,367.72
2508000,98.75,112.15,95.6,103.89
2508109,68.25,75.15,84,74.67
2508208,330.12,325.7,287.7,318.98
2508307,318.88,318.9,300.4,314.87
2508406,71.56,69.25,70.5,70.33
2508505,60,61.35,79.6,64.85
2508554,307.5,322.75,271.6,306.33
2508604,586.38,631.7,574.6,603.52
2508703,47.06,49.7,53.6,49.63
2508802,45.69,46.6,66.9,50.7
2508901,423.5,451.75,369.9,424.13
2509008,71.69,61.65,80.2,69.17
2509057,498.5,516.65,451.4,496.15
2509107,324.62,329.25,319,325.41
2509156,61.88,55.15,48.7,56.09
2509206,321.06,326.3,307.8,320.46
2509305,459.31,503.75,443.9,475.28
2509339,349.56,338.7,331,340.8
2509370,70.5,64.75,83.6,70.85
2509396,48.06,42.45,48.7,45.76
2509404,279.94,285.1,264.6,278.85
2509503,258.69,244.55,238.4,248.13
2509602,59.19,45.75,61.2,53.78
2509701,64.25,73.3,67,68.78
2509800,339.31,338,308.3,332
2509909,321.88,314.85,311,316.46
2510006,53.25,53.3,45.3,51.54
2510105,93.81,104.75,100.6,100.04
2510204,53.75,52.25,59.5,54.35
2510303,58.75,62.6,52.1,58.98
2510402,46.12,53.7,68.5,54.28
2510501,78.62,67.15,62.7,70.17
2510600,74.06,79.45,76,76.83
2510659,73.31,64.15,71.9,69.02
2510709,40.19,41.8,54.1,43.91
2510808,32.5,35.9,52.6,38.35
2510907,59.19,54.85,75.4,60.83
2511004,53.75,52.25,59.5,54.35
2511103,64.25,73.2,55.3,66.2
2511202,594.81,596.1,558.8,587.54
2511301,39.75,48.15,65.3,48.96
2511400,78.56,90.75,91.5,86.67
2511509,338.31,347.5,330.3,340.57
2511608,417.62,425.4,374.7,411.67
2511707,398.25,409.3,348.7,392.28
2511806,353,368.2,295.5,347.11
2511905,692.62,675.35,667.9,679.74
2512002,178.81,157.85,165.6,166.83
2512036,72.75,62.15,73.2,68.24
2512077,72.69,64.55,69.4,68.43
2512101,63.19,62.6,68.7,64.13
2512200,76.06,76.95,76.2,76.48
2512309,100,112.75,94.2,104.28
2512408,278.69,260.55,271.4,269.22
2512507,222.88,235.7,216.6,227.09
2512606,31.12,32.95,45.8,35.11
2512705,290.56,275.9,270,279.72
2512721,371.44,367.4,316.4,357.72
2512747,263.31,262.25,229,255.39
2512754,298.81,293.05,284.8,293.26
2512762,357.5,364.5,340.8,356.91
2512788,119.62,112.55,95.4,111.28
2512804,76.25,63.95,83,72.37
2512903,498.5,516.65,451.4,496.15
2513000,61.19,69.25,69.1,66.41
2513109,311.06,288.15,311.2,301.13
2513158,248.75,243.85,228.2,242.15
2513208,72.5,75.7,72.9,73.98
2513307,56.44,43.1,53.2,49.93
2513356,56.31,27.4,59.1,44.35
2513406,44.5,48.5,52,47.87
2513505,79.88,52.25,67.6,65.2
2513604,40.31,48.45,67.3,49.72
2513653,80.44,73.65,78,76.96
2513703,512.88,529.15,494,515.85
2513802,44.69,50.05,57.1,49.72
2513851,66.44,62.9,68.9,65.43
2513901,59.31,44.6,74.5,56.22
2513927,53.44,56.65,69.5,58.33
2513943,90.12,82.5,85,85.7
2513968,68.62,76,74.5,73.11
2513984,70.31,70.15,71,70.39
2514008,92.12,81.15,86.7,86.17
2514107,127.56,105.8,116.3,115.65
2514206,53.19,60.2,54.4,56.5
2514305,54.81,59,62.5,58.3
2514404,38.62,39.45,55.8,42.72
2514453,294.88,306.55,287.2,298.28
2514503,59.62,48.2,45.6,51.61
2514552,109.06,121.65,104.4,113.52
2514602,45.19,40.85,51.3,44.63
2514651,59.62,46.3,63.2,54.61
2514701,46.38,45.25,42.4,45.02
2514800,68.5,66.95,79,70.11
2514909,42,44.05,48.9,44.39
2515005,428.56,413.6,397.9,415.39
2515104,296.94,280.2,269.3,283.65
2515203,82.81,84.7,93.8,86.02
2515302,437.31,427.1,384.3,421.35
2515401,62.94,67.85,53.6,63.04
2515500,76.62,76.5,84.5,78.28
2515609,353,368.2,295.5,347.11
2515708,54.81,59,62.5,58.3
2515807,328.94,318.4,316.2,321.59
2515906,417.62,425.4,374.7,411.67
2515930,353,368.2,295.5,347.11
2515971,357.5,364.5,340.8,356.91
2516003,336.44,335.35,270.9,321.72
2516102,76.88,73.1,68.6,73.43
2516151,79.88,84.95,70,79.93
2516201,67.94,66.85,58.3,65.37
2516300,75.5,77.8,77.6,76.96
2516409,278.12,263.9,237.2,263.04
2516508,59.62,69.45,71.2,66.41
2516607,98.75,112.15,95.6,103.89
2516706,43.5,40.9,45.5,42.8
2516755,62.12,56.4,57.3,58.59
2516805,62.62,49.3,64,57.13
2516904,76.38,63.15,66.6,68.5
2517001,246.69,260.55,239.1,251.07
2517100,40.25,37.2,46.5,40.28
2517209,73.62,66,69.2,69.35
2517407,65.5,71.1,67.4,68.35
2600054,607.69,621.75,605.2,613.26
2600104,96.75,99.15,82.3,94.65
2600203,2.62,7.4,6.8,5.61
2600302,311.69,337.75,302.5,321.02
2600401,665.25,691.1,684.4,680.65
2600500,217.75,272.5,206.4,239.09
2600609,155.06,174.55,162.9,165.24
2600708,498.81,499.95,480,495.22
2600807,244.88,289.2,259.3,267.28
2600906,524.06,506.35,497.8,510.65
2601003,466.62,473.6,467,469.74
2601052,587.56,571.05,564.5,575.37
2601102,13.75,11.45,18.6,13.8
2601201,127.19,151.95,141.4,141.04
2601300,536.38,518.1,495.1,519.46
2601409,669.44,764.3,771.3,732.83
2601508,498.62,503.3,478.9,496.37
2601607,21.69,29.4,29.2,26.67
2601706,181.75,181.7,174.8,180.22
2601805,65.19,81.05,70,73.13
2601904,320.81,308.95,297.4,310.57
2602001,28.38,20.8,33.6,26.22
2602100,395.69,415.95,359.6,396.65
2602209,385.62,363.95,383.4,375.72
2602308,483.81,468,446.6,468.85
2602407,426.94,446.1,405.1,430.52
2602506,50.75,49.2,51.4,50.22
2602605,184,210.35,186.8,196.07
2602704,435,431.75,430.3,432.57
2602803,156.81,176.15,167,167.43
2602902,679.81,695.05,704.6,691.83
2603009,19.69,25.1,22.9,22.74
2603108,191.62,218.85,201.6,205.63
2603207,286.75,328.45,284.4,304.37
2603306,353.44,372.65,322.6,355.09
2603405,93.62,108.8,81.8,97.65
2603454,715.62,677.25,703.6,696.33
2603504,399.31,397.5,385.3,395.48
2603603,424.75,394.25,409.7,408.22
2603702,487.75,477.35,457.8,476.72
2603801,264.5,280.35,261.1,270.65
2603900,109.69,118.7,88.7,109.04
2603926,27.75,32.9,36.4,31.87
2604007,446.69,442.8,437.9,443.09
2604106,200.88,238.85,197.3,216.61
2604155,282.88,282.4,266.7,279.15
2604205,578.81,540.45,518.8,549.09
2604304,40.31,44.2,45.4,43.11
2604403,461.81,455.35,447.2,455.83
2604502,397.44,402.1,391.6,398.2
2604601,628.88,586,600.4,604.04
2604700,507.81,534.25,519.9,521.93
2604809,578.38,564.3,548.8,565.83
2604908,278.5,282.9,264.1,277.28
2605004,372.31,397.8,352.6,379.11
2605103,93.88,114.9,87.8,101.7
2605152,8.19,10.75,14,10.57
2605202,538.62,581.4,582,566.65
2605301,34,24.75,42,31.72
2605400,422.5,399.25,407.9,409.22
2605509,424.75,394.25,409.7,408.22
2605608,111.19,119.75,88.5,109.98
2605707,39.31,45.35,45.2,43.22
2605806,259.38,283.7,233.8,264.39
2605905,680.94,748.5,719.6,718.72
2606002,413.12,448.7,403.7,426.54
2606101,388.19,373.4,381,380.2
2606200,661.06,623.7,648.2,642.02
2606309,34.31,39.45,37.8,37.3
2606408,329.38,325.75,308.2,323.2
2606507,284.69,316.5,273.1,296
2606606,80.75,102.8,80,90.17
2606705,314.94,337.9,294.2,320.41
2606804,664.31,652.65,672.5,661.02
2606903,88.56,91.35,82.7,88.5
2607000,112.06,135.45,127.2,125.52
2607109,88.56,88.8,80.9,87
2607208,669.56,763.25,747.8,727.3
2607307,17.38,9.45,28.2,16.28
2607406,28.5,29.25,28.7,28.87
2607505,190.25,224.6,190,205.13
2607604,705.81,692.9,708.3,700.74
2607653,490.25,465.55,460.2,472.98
2607703,47.62,45.9,56.7,48.85
2607752,603.25,599.8,603.9,601.89
2607802,571.88,577.9,560,571.91
2607901,706.06,687.5,713.4,699.59
2607950,527.38,524.95,494.2,519.11
2608008,132.81,133.6,130.2,132.59
2608057,118.56,139.1,136.2,131.33
2608107,373.56,355.05,374.2,365.65
2608206,630.31,591.9,593,605.5
2608255,327.69,347.7,303.8,331.2
2608305,353.44,372.65,322.6,355.09
2608404,403.25,402.95,365.5,394.91
2608453,446.69,442.8,437.9,443.09
2608503,461.81,455.35,447.2,455.83
2608602,461.5,482.7,457.7,469.89
2608701,498.62,503.3,478.9,496.37
2608750,15.75,16.35,24.3,17.87
2608800,314.94,337.9,294.2,320.41
2608909,405.06,376.3,390.1,389.3
2609006,353.31,324.35,334.3,336.59
2609105,385.62,363.95,383.4,375.72
2609154,158.44,190.95,169.9,175.07
2609204,588.81,587.8,551.3,580.22
2609303,28.12,36.75,36.3,33.65
2609402,588.38,564.05,582.8,576.59
2609501,451.38,448,432.7,445.85
2609600,707.38,679.1,705.8,694.74
2609709,385.62,363.95,383.4,375.72
2609808,19.38,24.25,24.8,22.67
2609907,16.69,20.6,19.5,19
2610004,613,564.95,546,577.54
2610103,518.12,543.5,524,530.43
2610202,391.94,398.95,358.1,387.63
2610301,248.25,286.5,243.2,263.78
2610400,19.31,24,22.6,22.07
2610509,339.06,323,320.5,328.04
2610608,583.75,536.75,548.7,555.7
2610707,707.38,679.1,705.8,694.74
2610806,154.31,206.15,156.2,177.26
2610905,164.19,173.75,167.2,169
2611002,50.06,72.95,75.9,65.63
2611101,8.69,10.4,16,11.02
2611200,155,165.7,157.2,160.13
2611309,388.19,387.1,395.4,389.28
2611408,517.06,564.8,528.1,540.22
2611507,494.88,495.4,476.9,491.2
2611533,116.56,122.65,96.8,114.91
2611606,706.25,703.65,709.7,705.87
2611705,263.69,275.8,244.5,264.78
2611804,669.19,723.15,726,705
2611903,681.94,772.6,778.3,742.3
2612000,441.12,439.35,418.8,435.5
2612109,341.19,319.55,322.1,327.63
2612208,17.12,26.5,28.1,23.59
2612307,291.06,343.85,273.4,310.17
2612406,174.31,181.5,174.8,177.54
2612455,11.94,19.25,17.8,16.39
2612471,89.56,90.55,91.2,90.35
2612505,86.88,88.05,74,84.59
2612554,11.06,14.8,17.4,14.07
2612604,16.81,17.6,25.3,19
2612703,248,273.05,235.4,256.15
2612802,71.62,65.05,68.1,68
2612901,531.62,536.95,513.6,530.02
2613008,217.81,237.95,208.4,224.52
2613107,196.5,237.1,209.1,216.89
2613206,404.5,448.8,394.6,421.61
2613305,368.12,386.95,343,370.85
2613404,656.56,766.9,771.7,729.57
2613503,46.19,25.7,51.7,38.48
2613602,70.75,71.3,72.9,71.46
2613701,545.38,497.35,518.5,518.65
2613800,372.88,345.45,375.4,361.5
2613909,64.5,64.35,72.4,66.15
2614006,31.81,40,38.8,36.89
2614105,76.19,104.45,82.3,89.8
2614204,688.88,760.05,772,737.89
2614303,44.06,45.1,55.2,46.93
2614402,82.5,75.15,80.3,78.83
2614501,269.5,277.55,262.9,271.57
2614600,76.94,72.45,74,74.35
2614709,184.5,202.65,178.9,191.17
2614808,105.19,128.6,109.4,116.28
2614857,674.25,767.5,781.8,738.17
2615003,195.75,202.1,179.2,194.91
2615102,378.69,411.8,356.2,388.2
2615201,18.31,25.8,25.1,23.04
2615300,376.31,359.9,371.3,368.09
2615409,225.44,230.75,210.7,224.54
2615508,507.38,511.55,497.5,507.04
2615607,14.5,14.6,24.3,16.67
2615706,105.38,115.5,101.9,109.02
2615805,135.12,174.65,149.4,155.41
2615904,73.75,80.8,76,77.3
2616001,154.31,206.15,156.2,177.26
2616100,25.19,28.6,28.2,27.33
2616183,239.56,241.75,221.7,236.63
2616209,259,258.55,237.3,254.09
2616308,429.62,431.1,409.4,425.87
2616407,427.25,460,448.7,446.15
2616506,651.06,640.05,623.9,640.37
2700102,180.88,178.75,209.8,186.24
2700201,494,485.9,489.8,489.57
2700300,364.56,364.35,331.6,357.3
2700409,615.31,669.8,601.7,636.04
2700508,687.62,725.85,652.2,696.54
2700607,659.12,664.55,660.5,661.78
2700706,247.69,247,248.6,247.59
2700805,482.94,474.05,461.7,474.46
2700904,254,241.6,241,245.78
2701001,584.38,628.55,595.2,605.93
2701100,603.38,601.65,567.4,594.8
2701209,266.81,307.8,249.9,280.96
2701308,586.5,608.25,553.8,588.85
2701357,654.56,655.85,651.1,654.37
2701407,544.5,555.95,537.9,548.04
2701506,329.19,337.55,331.8,333.39
2701605,202.06,216.55,219.5,212.15
2701704,593.81,631.9,558.1,602.61
2701803,210.81,233.3,227.9,224.3
2701902,555.94,562.9,566.5,561.26
2702009,410.75,425.6,377.2,409.91
2702108,594.25,608.6,581.6,597.74
2702207,687.94,699,708.2,697.15
2702306,513.88,528.75,519.1,521.48
2702355,324.25,336.4,286.3,321.28
2702405,156.44,163.35,186.8,166.04
2702504,246.56,286.45,247.5,264.11
2702553,354.44,367.7,316.4,351.93
2702603,348.62,346.25,335,344.63
2702702,485.88,487,482,485.52
2702801,654.56,679.05,608.7,655.24
2702900,280.25,298.8,263.9,284.76
2703007,568.69,583.55,549.1,570.89
2703106,392.88,381.5,350.5,378.72
2703205,418.31,421.45,411.7,418.24
2703304,199.44,209.8,213,206.89
2703403,234.69,245.05,234.4,239.13
2703502,676.69,705,678.4,689.37
2703601,683.75,759.5,720.8,724.74
2703700,260.81,286.05,243.8,268.09
2703759,607.38,636.45,610.4,620.67
2703809,620.75,620.95,580.9,612.17
2703908,658,660.7,619.4,650.78
2704005,458.38,469.1,436.4,458.26
2704104,313.94,312.45,296.9,309.59
2704203,466.94,468.9,443.1,462.61
2704302,691.69,702.75,699.6,698.22
2704401,262.19,260.4,254.5,259.74
2704500,674.56,768.5,742,730.07
2704609,207.81,234.6,197.7,217.26
2704708,665.38,682.95,693.8,679.2
2704807,542.06,556.85,523.3,544.41
2704906,480.06,475.15,460.5,473.67
2705002,179.19,187.25,202.9,187.85
2705101,676.81,715.7,683.9,695.26
2705200,633.25,666.25,638.2,648.67
2705309,299.62,332.2,289,311.48
2705408,234.69,245.05,234.4,239.13
2705507,629.31,655.05,579.5,629.67
2705606,649.19,638.05,611,636.04
2705705,229.38,249.5,229.9,238.24
2705804,181.88,185.8,205.1,188.63
2705903,365.06,359.65,354.1,360.33
2706000,234.38,267.6,237.1,249.41
2706109,204.88,236.7,196.2,216.83
2706208,223.56,231.2,218.9,225.87
2706307,395.44,397.65,353.9,387.37
2706406,193.12,206.75,209.2,202.54
2706422,155.19,166.2,176.6,164.63
2706448,718.12,737.9,672.9,716.89
2706505,669.31,725.1,671.9,694.13
2706604,479.62,472.45,461,472.46
2706703,471.25,482.8,471.7,476.37
2706802,459.44,471.05,463.8,465.43
2706901,617,663.9,586.6,630.78
2707008,557.19,563.65,531.8,554.48
2707107,162.75,179.4,182.9,174.37
2707206,207.81,234.6,197.7,217.26
2707305,658.62,716.45,656.9,683.39
2707404,677.56,717.9,672.9,694.09
2707503,378.56,375,373.7,375.96
2707602,479.62,472.45,461,472.46
2707701,665.94,683.25,682.2,677
2707800,659.12,664.55,660.5,661.78
2707909,687.94,699,708.2,697.15
2708006,220.44,254.65,230,237.39
2708105,569.31,580.1,570.4,574.24
2708204,356.06,364.55,366.9,362.11
2708303,541.69,537,526.8,536.41
2708402,197.94,213.8,209.7,207.39
2708501,649.81,696.7,621.1,663.96
2708600,622.44,661.65,617.5,638.41
2708709,669.31,725.1,671.9,694.13
2708808,434,431.9,406.6,427.13
2708907,672.06,687.75,679.5,680.5
2708956,223.38,239.9,232.9,232.63
2709004,482.94,474.05,461.7,474.46
2709103,469.06,469.6,447,464.5
2709152,498.5,511.85,502.9,505.26
2709202,279.69,283.95,266.4,278.65
2709301,577.12,587.75,571.6,580.54
2709400,559.75,574,529.4,559.35
2800100,347.88,356.3,357.3,353.59
2800209,372.62,403.7,394.3,390.85
2800308,512.31,524.3,590.3,534.48
2800407,510.44,515.7,577.5,527.3
2800506,498.19,525.25,583,528.39
2800605,507.81,529.2,568.7,530.35
2800670,509.31,503.95,580.6,522.48
2800704,449.69,459.05,453.9,454.67
2801009,424.31,447.25,524.7,456.11
2801108,320.75,338.6,352.3,335.37
2801207,182.69,167.2,171.8,173.59
2801306,442.5,466.25,479.9,460.96
2801405,278.38,292.05,323.4,294.11
2801504,489.56,500.3,544.6,506.2
2801603,371.44,398.3,397.4,388.76
2801702,436.75,441.85,487.8,450.07
2801900,405.19,439.3,445.2,428.72
2802007,503,529.6,576.5,530.54
2802106,527.5,553.95,615.1,558.04
2802205,340.5,354.75,370,353.11
2802304,376.31,377.95,455,394.13
2802403,270.94,256.05,282.9,267.07
2802502,489.56,500.3,544.6,506.2
2802601,381.94,388.7,398.8,388.54
2802700,435.38,445.45,431.1,438.83
2802809,502.94,514.05,571.1,522.59
2802908,451.38,457.85,523.3,469.83
2803005,453.44,465.9,529.4,475.37
2803104,304.12,326.8,339.6,321.7
2803203,507.75,522.3,597.2,533.52
2803302,480.31,500.4,514.8,496.54
2803401,451.31,463.5,460.1,458.52
2803500,469.81,454.95,557.5,482.41
2803609,510.25,524.35,583.8,532.37
2803708,415.44,423.25,485.9,434.15
2803807,408.5,435.6,422.8,423.39
2803906,493.5,522.65,583.5,525.74
2804003,509.94,526.8,580.3,532.57
2804102,446.19,484.35,541.3,483.46
2804201,218.62,203.35,232.5,215
2804300,408.5,435.6,422.8,423.39
2804409,412.25,425.1,418.5,419.2
2804458,324.5,334.95,377.4,340.54
2804508,237.19,220.35,271.6,237.35
2804607,419.75,454.9,495.9,451.59
2804706,292.12,298.1,311,298.83
2804805,510.25,524.35,583.8,532.37
2804904,443.81,459.8,454,452.98
2805000,390.19,390.05,487.6,411.3
2805109,487.81,493.85,548.1,503.54
2805208,332.25,338.35,411,352.02
2805307,488.19,500.75,516.9,499.89
2805406,186.94,180.5,192.9,185.43
2805505,219.25,209.3,252.2,222.09
2805604,226.12,219.25,242.4,226.67
2805703,371.44,398.3,397.4,388.76
2805802,399.69,396.7,467.1,413.04
2805901,499.06,532.35,587.1,532.67
2806008,415,442.55,492.1,443.74
2806107,499.56,518.95,560.4,521.22
2806206,516.12,513,589.5,530.72
2806305,512.5,532.8,579.1,535.8
2806404,426.62,426.95,420.6,425.46
2806503,493.5,522.65,583.5,525.74
2806602,505.12,524.45,559,525.24
2806701,507.88,527.55,587.2,533.67
2806800,424.31,447.25,524.7,456.11
2806909,418.44,458.1,432.7,438.78
2807006,368.75,406.2,428.1,397.93
2807105,337.44,340,418.8,356.24
2807204,480.19,508.95,557.8,509.57
2807303,356.06,364.55,366.9,362.11
2807402,278.38,248.55,297.5,269.57
2807501,401.56,372.9,470.9,404.17
2807600,479.88,482.25,533.7,492.61
2900108,58.75,52.2,62.6,56.74
2900207,17.31,22.75,24.5,21.24
2900306,337.38,303.2,398.6,335.83
2900355,249.81,229.55,248.9,240.8
2900405,231.19,246.15,255.5,242.98
2900504,35.62,34.3,49.8,38.13
2900603,168.5,146.5,169.2,159.09
2900702,362.62,344.3,396.8,362.09
2900801,262.31,218.35,251.7,240.89
2900900,246.56,269.2,264.8,260.37
2901007,192.25,178.95,185.2,184.93
2901106,331,334.65,382.5,343.78
2901155,22.94,11.65,28.7,19.28
2901205,35.69,29.65,37.2,33.39
2901304,83.56,88.45,94.5,88.07
2901353,97.5,99.4,131.3,105.67
2901403,6.69,1.05,3.2,3.48
2901502,210.5,224.1,227.9,220.2
2901601,207.06,217.25,225.3,215.46
2901700,219.44,233.2,245.8,231.15
2901809,142.81,142.5,181.1,151
2901908,330.19,311.8,385.8,334.28
2901957,246.44,262.45,258.7,256.07
2902005,21.56,14.15,19.6,17.91
2902054,425.88,388.55,462.3,417.57
2902104,123.56,113.95,147.6,124.61
2902203,303.88,305.2,330.6,310.26
2902252,260.12,257.25,255.9,257.96
2902302,478.38,495.15,496.2,489.54
2902401,301.5,273.35,275.6,283.63
2902500,8.94,2.95,6.4,5.78
2902609,135,126.55,169.3,138.78
2902658,154.12,163.1,202.2,168.48
2902708,3.69,1.3,11.1,4.26
2902807,41.69,33.8,57.1,41.61
2902906,101.31,95.6,123.1,103.57
2903003,6.12,9.95,13.2,9.33
2903102,257.5,259.15,289.7,265.22
2903201,7.12,4.05,8.2,6.02
2903235,17.25,21.75,26.3,21.17
2903276,147.81,141,164.3,148.43
2903300,296.88,309.2,306.6,304.35
2903409,309.88,313.15,327.4,315.11
2903508,37.38,28.2,35.3,32.93
2903607,165.44,164.3,188.6,169.98
2903706,99,88.4,104,95.48
2903805,57.88,57.2,63.5,58.8
2903904,5.25,4.6,4.4,4.78
2903953,56.69,51.75,54.6,54.09
2904001,43.5,39.95,39.2,41.02
2904050,105.75,104.3,146.3,113.93
2904100,5.19,6.05,5.2,5.57
2904209,18.38,12.05,20.9,16.17
2904308,136.62,138.35,126,135.07
2904407,7.5,1.65,5.2,4.46
2904506,5.56,12.75,10.6,9.78
2904605,19.56,14.25,17.3,16.76
2904704,325.81,334.95,337.3,332.28
2904753,3.19,0.2,10.5,3.48
2904803,124.75,132.25,154,134.37
2904852,259.81,300.4,284,282.72
2904902,375.75,385,402.5,385.59
2905008,8.56,3.6,6.9,6.04
2905107,116.62,118.65,153.4,125.5
2905156,24.56,14.85,31.6,21.87
2905206,8.12,3.6,9.4,6.43
2905305,37.19,48.3,60.9,47.17
2905404,505.69,557.35,586.9,545.8
2905503,117.06,119.2,145.4,124.15
2905602,246.06,231.3,244.7,239.35
2905701,554.88,536.8,554.9,547.02
2905800,394.19,431.6,489.2,431.11
2905909,1.81,0.85,14.5,4.15
2906006,60.69,62.45,84.1,66.54
2906105,7.62,1.45,8,5.02
2906204,25.12,24,36.8,27.17
2906303,347.19,330.85,337.8,338.04
2906402,176.5,170.05,200.3,178.87
2906501,522.94,488.25,530.3,509.46
2906600,3.75,1.1,5.3,2.93
2906709,35.62,30,30.9,32.15
2906808,90,104.15,113.9,101.35
2906824,104.31,125.9,150.2,123.67
2906857,99.62,90.55,108.1,97.52
2906873,85.19,86.7,99.5,88.96
2906899,32.44,20.7,26.6,26.07
2906907,221.25,198.45,226.4,212.46
2907004,501.12,473.9,528.8,495.3
2907103,7,0.7,5.4,3.91
2907202,2.44,6.2,7.5,5.17
2907301,221.19,221.85,223.5,221.98
2907400,8.25,2.9,4.8,5.17
2907509,407.5,402.35,437.2,411.72
2907558,24.25,27.05,31,26.93
2907608,2.38,6.25,6.2,4.89
2907707,22.06,26.85,24.6,24.7
2907806,184.69,207.95,226.2,203.83
2907905,150.62,153.9,206.9,164.28
2908002,286.44,296.7,294.8,292.72
2908101,13.12,1.65,10,7.46
2908200,317.12,336.25,339.7,330.35
2908309,310.94,343.05,333.3,329.76
2908408,133.38,125.9,160.8,136.09
2908507,311.25,297.15,345.5,312.57
2908606,500.56,488.3,559.3,508
2908705,14.25,8.05,15.1,11.74
2908804,21.12,18.15,40.5,24.04
2908903,278.12,280.1,306.1,285.07
2909000,15.06,7.55,9.8,10.65
2909109,10.06,1.95,7.4,5.96
2909208,224.94,223.9,229.1,225.39
2909307,10.81,1.4,7.2,5.93
2909406,7.75,1.1,3.4,3.91
2909505,260.62,272.9,260.5,265.93
2909604,279.44,270.75,326,285.78
2909703,8.56,2.1,3.6,4.67
2909802,275,321.15,296.7,299.78
2909901,18.94,25,27.2,23.37
2910008,170.62,165.5,185.7,171.67
2910057,554.88,536.8,554.9,547.02
2910107,21.69,17.1,23.9,20.17
2910206,403.81,459.85,437.4,435.48
2910305,202.38,180,202.5,192.67
2910404,52,48.55,51.2,50.33
2910503,476.44,450.1,516,473.59
2910602,483.19,463.15,532.1,485.11
2910701,138,156.3,186.6,156.52
2910727,188.44,183.35,196.5,187.98
2910750,206.81,218.4,234.6,217.89
2910776,5.31,1.9,7.1,4.22
2910800,216.5,246.55,241.4,234.98
2910859,132.19,134.3,171.9,141.74
2910909,148.62,161.1,165.1,157.63
2911006,205,226.1,228,219.17
2911105,4.31,2.35,6.5,3.93
2911204,375.75,426.8,440.6,412.04
2911253,95.44,87.9,105.6,94.37
2911303,1.56,5.5,3.8,3.76
2911402,83.06,99.35,111,96.22
2911501,264.06,247.7,277,259.76
2911600,276.31,319.4,302.8,300.8
2911659,12.94,7.75,10,10.04
2911709,5.44,1.75,5.1,3.76
2911808,153.25,138.9,159.1,148.28
2911857,179.06,184.5,233.2,193.2
2911907,69.19,56.15,53.5,60.11
2912004,10,3.55,8.5,6.87
2912103,261.56,281.35,278.7,273.89
2912202,79.69,73.3,88.7,78.87
2912301,204.12,208.3,223.1,210.07
2912400,2.19,6.35,6.3,4.89
2912509,22.38,20.3,17.1,20.33
2912608,60.56,55.85,72.4,61.09
2912707,296.56,311.8,354.6,315.8
2912806,140.81,127.75,151.9,137.54
2912905,276.69,279.45,272.6,277
2913002,13.19,12.05,18.6,13.87
2913101,9.81,5.05,13.5,8.54
2913200,7.75,5,3.3,5.59
2913309,165,156.15,181.9,164.83
2913408,5.19,2.35,7.5,4.46
2913457,405.31,452.6,491.5,444.61
2913507,161.38,167.6,178,167.7
2913606,370.81,371.25,383.4,373.74
2913705,289.06,290.2,321,296.5
2913804,189.56,178.2,200.1,186.91
2913903,211.81,200.75,227.6,210.43
2914000,130.44,113.35,123.5,121.5
2914109,3.69,10.4,6.5,7.22
2914208,122.69,130.65,123.1,126.24
2914307,56.06,51.65,68.4,56.83
2914406,112.88,102.3,116.7,109.11
2914505,254.44,262.95,274,262.39
2914604,4.88,6.45,10,6.67
2914653,223.19,212.95,232.8,220.83
2914703,87.38,74.2,98.1,83.98
2914802,305.62,311.85,315.7,310.52
2914901,382.25,379.05,408.7,386.61
2915007,55.06,55.05,70.5,58.41
2915106,130.25,119.8,140.2,127.87
2915205,178.56,160.8,178.2,170.76
2915304,161.88,168.2,169.1,166.2
2915353,2.19,4.3,5.9,3.91
2915403,145.94,153.4,150.8,150.24
2915502,304.44,303.65,311.8,305.7
2915601,198.62,181.95,207.6,193.33
2915700,295.06,303.85,307.9,301.67
2915809,113.75,112.8,131,117.09
2915908,522.94,516.9,553.8,527.02
2916005,150.81,140.4,162.1,148.74
2916104,532.44,519.65,556,532
2916203,267.81,305.45,281.9,287.24
2916302,202.75,188.75,203.2,196.76
2916401,144.38,139,156.4,144.65
2916500,213.5,208.75,246.6,218.63
2916609,253.38,235.75,254.8,246.02
2916708,228.5,241.3,231.7,234.76
2916807,131.56,114.5,133.3,124.52
2916856,112.81,110.3,100.2,108.98
2916906,127.69,141.9,145.2,137.67
2917003,92.94,100.15,120.1,101.98
2917102,143.25,144.9,158.1,147.2
2917201,23.94,26.55,47.9,30.28
2917300,457.88,508.5,550.5,500.02
2917334,5.19,0.6,6.9,3.57
2917359,20.75,1.2,10.8,10.09
2917409,8.56,4.2,11.3,7.26
2917508,114.12,109.85,147.8,119.59
2917607,184.25,185.1,207.8,189.74
2917706,76.69,91,119.9,92.3
2917805,535.62,556.9,573.5,553.11
2917904,484.69,494.85,550.4,503.39
2918001,110.19,118.7,110.3,113.91
2918100,130.5,139.1,169.8,142.78
2918209,285.19,294.5,287.8,289.8
2918308,194.5,197.5,209.6,199.09
2918357,10.31,7.75,13.2,9.83
2918407,8.5,8.55,15.3,10
2918456,166.38,155.3,178.2,164.13
2918506,4.31,2.65,7.8,4.35
2918555,236.62,249.75,235.5,242.09
2918605,60.5,47.05,70.7,56.87
2918704,108.25,119.05,120.2,115.54
2918753,10.94,4.9,8,7.67
2918803,363.94,407.05,381.1,386.41
2918902,114.31,89.55,116.2,103.96
2919009,89.5,79.75,94.5,86.35
2919058,107.94,130.5,130.1,122.57
2919108,187.25,181.2,204.9,188.46
2919157,9.75,4.7,17.5,9.24
2919207,550.44,520.15,566.2,540.7
2919306,101.75,96.9,122.9,104.24
2919405,6.69,2.8,6,4.85
2919504,17.06,10.2,11.7,12.91
2919553,10.12,5.3,11.9,8.41
2919603,120.62,115.45,139.3,122.43
2919702,90.69,91.35,99.2,92.83
2919801,8.19,3.95,14.6,7.74
2919900,30.94,31.15,43.2,33.7
2919926,490.25,487.85,526.6,497.11
2919959,15.94,13.85,13.5,14.5
2920007,98.56,94.6,101.7,97.52
2920106,126.19,125.1,167.1,134.61
2920205,4.19,0.55,4.9,2.76
2920304,13.94,11.35,11.6,12.3
2920403,46.44,30.85,51.4,40.74
2920452,4.69,0.55,3.3,2.59
2920502,58.44,64.4,79.2,65.54
2920601,460.31,476.6,488.1,473.43
2920700,387.38,401.3,459.1,409.02
2920809,53.5,57.6,81.6,61.39
2920908,283.19,263.7,284.5,275
2921005,529.56,518.15,558.1,530.8
2921054,4.69,1.6,7.2,3.89
2921104,145.69,134,152.9,142.17
2921203,85.19,87.2,105.6,90.5
2921302,144.25,140.45,134.1,140.39
2921401,66.12,68.2,78.2,69.65
2921450,30.25,14.9,36.5,24.93
2921500,102.44,99.65,144.4,110.35
2921609,6.62,6.1,5.1,6.07
2921708,52.94,42.2,67.8,51.5
2921807,10.38,5.85,14.2,9.24
2921906,66.88,63.35,78.8,67.93
2922003,174.25,143.95,167.3,159.57
2922052,86.69,85.55,111.7,91.63
2922102,130.25,133.7,171.6,140.74
2922201,478.38,495.15,496.2,489.54
2922250,7.31,1.95,3.6,4.17
2922300,321.25,349.95,330.1,335.65
2922409,285.19,294.5,287.8,289.8
2922508,467.56,485.85,505.1,483.67
2922607,483.69,538.15,572.8,526.74
2922656,91,104,115.7,102.02
2922706,153,166.25,183.3,165.35
2922730,108.25,97.8,127.7,107.93
2922755,318.75,342.35,343,334.28
2922805,101.44,90.3,96.2,95.46
2922854,59.81,57.6,71.4,61.37
2922904,160.94,156.15,206.6,168.78
2923001,186.69,161.75,203.3,179.46
2923035,34.56,28.7,23.7,29.65
2923050,182.81,195.3,208.3,193.78
2923100,198.31,193.4,251,207.63
2923209,5,5.15,4.1,4.87
2923308,277.06,271.9,303.3,280.52
2923357,35.25,27.2,38.4,32.43
2923407,4,0.6,4.8,2.7
2923506,85.75,80.1,97,85.74
2923605,28.5,22.3,26.9,25.46
2923704,6.25,3.8,7.4,5.43
2923803,280.25,280.7,308.1,286.5
2923902,220.12,213.75,217.7,216.83
2924009,132.38,144.45,148.4,141.11
2924058,118.75,112.95,114.4,115.28
2924108,297.75,282.25,319.5,295.74
2924207,189.94,186.05,186.7,187.54
2924306,58.56,53.9,54.1,55.57
2924405,2.81,0.45,2.8,1.78
2924504,6.31,2.6,5.3,4.48
2924603,138.56,135.5,175.1,145.17
2924652,122.19,108.2,118.9,115.39
2924678,389.81,439.05,480,430.83
2924702,18.12,11.9,14.5,14.63
2924801,98.69,101.55,117.2,103.96
2924900,73.62,72.05,84.7,75.35
2925006,104.12,114.55,132.3,114.78
2925105,102.88,103.55,105.3,103.7
2925204,488.56,463.65,509.4,482.26
2925253,110.88,108.45,132.6,114.54
2925303,261.12,244.3,279.9,257.89
2925402,221.44,207.8,226.5,216.61
2925501,266.44,229.15,256.9,248.15
2925600,4.62,8.9,7.9,7.2
2925709,14.75,11,9.9,12.07
2925758,334,381.4,351.8,358.48
2925808,78.94,84.4,103.2,86.59
2925907,117.88,134.1,153.3,132.63
2925931,93.06,99.95,116.3,101.11
2925956,156.81,136.65,158.6,148.43
2926004,2.12,3.7,6.2,3.7
2926103,113.06,101.45,144.9,114.93
2926202,4.88,2.45,5.6,3.98
2926301,135.31,124.9,139.1,131.61
2926400,4.94,1.45,6.3,3.72
2926509,169.44,171.9,213.6,180.11
2926608,159.81,166,215.9,174.7
2926657,73.56,77.25,75.1,75.5
2926707,38.94,40.85,57.6,43.83
2926806,12.56,6.8,10.6,9.63
2926905,40.19,35.35,35.6,37.09
2927002,352.19,335.35,414,358.3
2927101,48.19,55.6,59.2,53.8
2927200,111.69,115.5,127.5,116.78
2927309,502,506.4,536.9,511.5
2927408,544.12,537.05,576,547.98
2927507,208.38,221.85,228.8,218.67
2927606,166.38,154,167.8,161.3
2927705,293.25,275.6,307.1,288.59
2927804,171.81,194.4,189,185.37
2927903,168.25,190.3,177,179.74
2928000,100.75,92.9,136.9,105.2
2928059,329.31,316.85,321.2,322.13
2928109,7.12,1.15,9.3,5
2928208,8.38,1.85,6.8,5.2
2928307,222.38,227.6,236,227.61
2928406,4.5,0.4,3,2.39
2928505,164.56,159.9,172.3,164.22
2928604,368.06,372.8,399.6,376.98
2928703,396.62,430.65,407.9,413.87
2928802,223.25,243.75,236.2,234.98
2928901,8.94,3,10.7,6.74
2928950,104.12,94.25,133.6,106.24
2929008,348.44,372.75,355.4,360.52
2929057,10.44,0.45,8.8,5.74
2929107,417.69,449.5,440.6,436.5
2929206,468.06,451.45,501.2,468.04
2929255,6.12,4.5,11.8,6.65
2929305,276.81,286.95,293.5,284.85
2929354,274.44,293.8,282,284.5
2929370,90.94,90.6,102.2,93.24
2929404,256.75,284.9,288.7,275.93
2929503,472.81,455.9,506.4,472.76
2929602,259.06,290.9,257.5,272.57
2929701,186.31,187.65,238.1,198.15
2929750,464.81,458.9,511.2,472.33
2929800,126.31,126.5,166.4,135.11
2929909,38.19,38.45,36.2,37.87
2930006,3.69,0.9,4.7,2.7
2930105,134.19,146.45,183.3,150.2
2930154,4.5,0.85,6.4,3.33
2930204,4.81,3.65,4.9,4.33
2930303,7.88,2.2,5.9,4.98
2930402,163.56,159.85,167,162.7
2930501,165.5,159.5,179.8,166
2930600,102.5,101.25,119.4,105.63
2930709,543.31,514.6,578.9,538.57
2930758,7.38,5.45,3.8,5.76
2930766,210.62,220.3,227.2,218.43
2930774,8,6.15,15.4,8.8
2930808,48.19,43.85,50.9,46.89
2930907,9.62,1.8,4.6,5.13
2931004,20.62,14.85,27.8,19.67
2931053,11.56,7.15,17.6,10.96
2931103,199.94,206.45,221.8,207.52
2931202,458.56,499.1,495.7,484.26
2931301,115.81,116.4,149.3,123.35
2931350,191.94,174.6,208.5,188
2931400,318.5,302.9,347.9,318.11
2931509,145.44,140.6,165.5,147.7
2931608,360.69,391.05,373.1,376.59
2931707,390.19,382.55,421.2,393.61
2931806,30.88,23.35,27.6,26.89
2931905,124.75,125.5,154.5,131.54
2932002,61.88,62.4,93.5,68.98
2932101,251.62,257.15,233.2,250.02
2932200,297.69,282.05,310.8,293.74
2932309,269.88,295.5,297.6,287.04
2932408,2.19,6.75,5.3,4.85
2932457,24.88,13.5,30.5,21.15
2932507,330.38,333.75,316.9,328.91
2932606,5.25,2.15,4.8,3.8
2932705,355.38,324.15,323.9,334.96
2932804,118.94,115.15,143.7,122.67
2932903,464.94,499.2,526.6,493.24
2933000,102.56,95.95,141.3,108.11
2933059,98.94,93.65,107.3,98.46
2933109,109.88,113.65,136.5,117.3
2933158,49.69,38.9,55.2,46.2
2933174,284.38,316.1,312.2,304.22
2933208,532.12,547.25,571.3,547.22
2933257,174.25,173.9,183.1,176.02
2933307,61.12,43.8,55.9,52.46
2933406,104.75,100.15,124.6,107.07
2933455,7.81,1.1,3.6,3.98
2933505,290.75,294.1,305.3,295.37
2933604,1.19,0.7,7,2.24
3100104,30.5,21.6,40,28.7
3100203,29.19,16.25,41.4,26.22
3100302,50.31,27.2,36.3,37.22
3100401,47,30.45,48,40.02
3100500,60,27.6,35.3,40.54
3100609,45.94,32.3,39.8,38.67
3100708,55.19,29.15,49.1,42.54
3100807,60.88,42.45,52.8,51.11
3100906,99.06,74.1,100.2,88.46
3101003,29.62,22.55,28.2,26.24
3101102,51,25.8,35.5,36.67
3101201,68.81,67.35,74,69.3
3101300,90.81,81,97.5,88
3101409,111,88.45,95.2,97.76
3101508,50.38,45.85,48.3,47.96
3101607,68.69,56.75,54.2,60.35
3101631,56.38,46.2,50.7,50.72
3101706,82.5,73.2,85.5,79.11
3101805,53.06,21.7,37.9,36.13
3101904,68,46.9,64.6,58.09
3102001,68.69,54.55,57.8,60.17
3102050,79.69,49.5,63.5,63.04
3102100,56.69,41.05,48.1,48.02
3102209,47.38,27.1,36.9,36.28
3102308,43.88,28.15,48.6,38.07
3102407,40.38,17.65,38.4,30.07
3102506,47.25,33.95,46.2,41.24
3102605,96.19,81.2,76.5,85.39
3102704,28.44,19.85,28.1,24.63
3102803,62,53.3,63.9,58.63
3102852,50.56,34.5,44.4,42.24
3102902,53.5,47.1,53.8,50.78
3103009,44.12,23.05,42.2,34.54
3103108,72,53.1,75.6,64.57
3103207,25.81,12.9,36,22.41
3103306,60,51.8,56.8,55.74
3103405,13.69,9.3,11.2,11.24
3103504,42.75,23.8,37,33.26
3103603,80.25,74.95,78.6,77.59
3103702,54.25,41.65,54.8,48.89
3103751,38.31,26.1,40.7,33.52
3103801,35.62,19.65,48.1,31.39
3103900,34.62,24.05,45.4,32.37
3104007,50.69,29.25,49.7,41.15
3104106,78.19,62.05,60.1,67.24
3104205,48.06,33.85,62.5,45.02
3104304,71.31,55.05,57.8,61.3
3104403,54.94,42,46.5,47.48
3104452,38.81,27.35,30.9,32.11
3104502,22.88,4.5,16.8,13.57
3104601,60.25,44.2,54.3,51.98
3104700,92.75,61.8,81.1,76.76
3104809,26.94,7.2,18.1,16.43
3104908,75.62,67,77.4,72.26
3105004,28.38,11.4,38.9,23.28
3105103,43,31.9,50.8,39.87
3105202,85.44,80.9,89.6,84.37
3105301,79,63.8,69.7,70.37
3105400,42.19,23.2,36.3,32.65
3105509,76.12,58.9,65.7,66.37
3105608,52.12,43.85,52.4,48.59
3105707,47.12,29.1,45.2,38.87
3105905,51.75,40.6,49.3,46.37
3106002,41.94,22.8,45,34.28
3106101,78.25,51.5,59.2,62.48
3106200,46.25,25.9,41.7,36.41
3106309,51.94,20.8,37.9,35.35
3106408,43.38,29.4,42.9,37.2
3106507,12.69,8.55,8.9,10.07
3106606,129.44,109.15,131.3,121.02
3106655,24.94,15.1,22.9,20.22
3106705,36.31,24.2,43.2,32.54
3106804,62,53.5,65.2,59
3106903,70,50.8,57.5,58.93
3107000,29.75,15.45,32,24.02
3107109,57.38,48,48.3,51.33
3107208,97.81,87.8,98,93.5
3107307,19.69,4.3,15.7,12.13
3107406,34.5,20.7,41.3,29.98
3107505,77.44,79.85,80.1,79.07
3107604,77.56,53.55,65.9,64.59
3107703,38.56,21.55,33.8,30.13
3107802,45.62,27.3,46.4,37.83
3107901,98.25,84.4,76.6,87.52
3108008,58.88,37.65,55.8,48.98
3108107,39.25,27.7,46.2,35.74
3108206,24.88,4.3,21.9,15.28
3108255,10.31,1.25,6.9,5.63
3108305,91,76.8,73.3,80.98
3108404,78.38,71.65,78.5,75.48
3108503,19.25,9.35,15.5,14.13
3108552,18.81,4.95,21.5,13.37
3108602,21.75,2.3,16.2,12.09
3108701,48.19,33.75,42.6,40.7
3108800,48.31,18.1,32.9,31.83
3108909,95.25,81.2,79.2,85.65
3109006,41.12,26.8,42.8,35.26
3109105,108.44,97.8,91.7,100.17
3109204,24.38,7.7,17.9,15.72
3109253,49.06,22.05,36.8,34.65
3109303,19.31,5,18.5,12.91
3109402,17.75,4.35,16.8,11.72
3109451,28.75,7.05,24.5,18.39
3109501,77.69,66,73.3,71.65
3109600,30.12,16.95,37.1,25.91
3109709,93.56,82.3,74.1,84.43
3109808,41.81,30,40.5,36.39
3109907,28.5,14.55,36.3,24.13
3110004,36.25,21.05,36.2,29.63
3110103,77.81,51.1,64,63.2
3110202,50.44,35.95,57.5,45.67
3110301,81.44,65.25,70.6,72.04
3110400,54.19,36.15,55.7,46.67
3110509,132.69,117.65,103,119.7
3110608,108.19,91.25,75.8,93.78
3110707,67.81,60.05,57.1,62.11
3110806,59,34.3,46.3,45.5
3110905,70.56,63.9,57.7,64.87
3111002,76.88,60.7,65.6,67.39
3111101,45.75,34,38,38.96
3111150,18.88,4.15,15.7,11.78
3111200,61.44,40.2,53.4,50.46
3111309,62.44,53.35,51,56
3111408,51.69,31.3,45.1,41.39
3111507,43.38,27.35,53.4,38.59
3111606,59.88,54.1,47.1,54.59
3111705,52.44,38.15,56.7,47.15
3111804,42.25,29.6,40.3,36.33
3111903,60.88,37.8,56.1,49.8
3112000,56.88,37.5,58.2,48.74
3112059,49.31,24.15,33.8,35
3112109,79.38,46.75,63.8,61.8
3112208,55.31,41.55,49.3,48.02
3112307,40.69,27.2,33.4,33.24
3112406,61.31,49.7,65.5,57.17
3112505,30.31,14.8,36.7,24.96
3112604,44.31,24.7,32.5,33.22
3112653,44.75,18.6,32.5,30.72
3112703,12.12,1.5,10.1,7.07
3112802,51.69,42.6,53.3,48.09
3112901,45.38,27,39,36
3113008,70.38,55.25,66.5,62.96
3113107,54.25,36.25,48.6,45.2
3113206,55.06,44.35,49,49.09
3113305,72.88,48.1,73.9,62.33
3113404,41.62,27.9,45.3,36.46
3113503,22.88,8.65,14,14.76
3113602,80,69.4,71.2,73.48
3113701,97.12,71.65,82.3,82.83
3113800,39.88,16.45,36.7,29
3113909,57.88,45.05,48.8,50.33
3114006,48.31,34.65,49.3,42.59
3114105,77.81,66.65,72.6,71.83
3114204,38.94,30.5,50.3,37.74
3114303,33.88,19.15,41.4,29.11
3114402,62.56,47.85,54.8,54.48
3114501,48.31,34.7,50.6,42.89
3114550,60.06,44.25,61.7,53.54
3114600,52.81,41.2,54.7,48.17
3114709,75.81,62.9,63.5,67.52
3114808,82.75,80.5,90.8,83.52
3114907,51.19,35.85,51,44.48
3115003,36.75,21.45,43.1,31.48
3115102,61.81,44.35,65.6,55.04
3115201,48.25,35.85,59,45.2
3115300,67.19,46,57.7,55.91
3115359,43.38,27.3,43.2,36.35
3115409,48.31,31.9,44.6,40.37
3115458,87.06,72.8,80.7,79.48
3115474,4.38,1.15,4.2,2.93
3115508,69.81,60.75,72.4,66.43
3115607,35.31,19.65,46.6,30.96
3115706,61.81,40.3,43.4,48.46
3115805,42.44,26.8,39.3,34.96
3115904,60.12,50.2,60.7,55.93
3116001,51.75,28.05,45,39.98
3116100,17.69,8.05,11.7,12.2
3116159,19.31,1.8,16.2,11.02
3116209,57.88,57.6,52.4,56.57
3116308,52.38,40.85,45.7,45.91
3116407,62.19,45.9,74,57.67
3116506,18.75,2.25,18,11.41
3116605,42.81,31.55,48.7,39.2
3116704,60.12,43.65,60,52.93
3116803,42.94,26.4,33.6,33.72
3116902,51.75,33.7,43,42
3117009,19.5,15.75,20.4,18.07
3117108,70.06,51.3,60.9,59.91
3117207,91.88,82.7,85.3,86.46
3117306,53,32.3,46.9,42.67
3117405,44.69,27.3,39.6,36.02
3117504,35.56,15.55,41,28.04
3117603,31.12,21.35,43.1,29.48
3117702,70.62,62.75,70.3,67.13
3117801,100.5,83.3,74.7,87.41
3117836,9.31,1.5,6.7,5.35
3117876,30.5,15.4,33.3,24.54
3117900,86.69,74.15,69.8,77.57
3118007,47.19,30,47.8,39.85
3118106,32.88,13.85,38.7,25.87
3118205,52.19,31.95,49.3,42.76
3118304,50,33,49.2,42.43
3118403,46.88,23.1,34.5,33.85
3118502,101,88.15,76,89.98
3118601,38.56,23.3,42.3,32.74
3118700,57.56,46.7,46.6,50.46
3118809,16.88,1.9,18.4,10.7
3118908,25.12,11.1,33.9,20.93
3119005,65.19,64.5,55.5,62.78
3119104,25.56,7.25,25,17.48
3119203,58.5,27,38,40.35
3119302,31.75,20.9,29.5,26.54
3119401,47.38,23.65,35.1,34.39
3119500,10.75,8.65,9.9,9.65
3119609,60.12,50.2,60.7,55.93
3119708,46.94,36.8,53.9,44.04
3119807,41.31,25.7,50.7,36.57
3119906,112.94,101.65,86.3,102.24
3119955,46.81,36.45,57.4,44.61
3120003,45.69,27.25,42.8,37.04
3120102,33,12,23.7,21.85
3120151,95.5,85.8,94.4,91.04
3120201,55.12,41.95,52.4,48.8
3120300,14.94,8.35,19.1,12.98
3120409,52.12,36.4,49.4,44.7
3120508,96.31,81.55,89.1,88.33
3120607,43.56,32.6,45.1,39.13
3120706,39,24.7,45.5,34.2
3120805,58.69,54.55,63,57.83
3120839,64.31,42.95,43,50.39
3120870,25.94,17.9,25.3,22.3
3120904,24.69,9.65,33.2,20
3121001,33.5,12.4,30,23.57
3121100,97.62,87.65,85.1,90.57
3121209,54.56,40.2,57.7,49
3121258,52.38,30.1,51.9,42.59
3121308,57.88,43,54.7,50.72
3121407,46.44,34.8,52.7,42.74
3121506,54.12,45.55,51.9,49.91
3121605,28.19,9.45,23.2,18.96
3121704,47,30.45,48,40.02
3121803,43.56,26.55,30.9,33.41
3121902,51.75,37.7,51.8,45.65
3122009,68.44,41.65,59.5,54.85
3122108,46.88,26.5,34.4,35.3
3122207,55,30.4,34.1,39.76
3122306,40.88,32.55,49.8,39.2
3122355,36.75,29.35,40.4,34.33
3122405,72.56,57.95,62.3,63.98
3122454,60.62,61.4,67.8,62.52
3122470,24.25,5.45,24.1,16.04
3122504,45.62,21.4,32.3,32.2
3122603,40.88,16.65,37.2,29.54
3122702,45.88,26.7,40.4,36.35
3122801,89.5,73.3,81.3,80.67
3122900,60.25,44.2,54.3,51.98
3123007,51.75,40.6,49.3,46.37
3123106,40.5,17.25,37.4,29.72
3123205,35.25,20.8,46.7,31.46
3123304,56.19,41.5,47.7,47.96
3123403,46.06,34.35,52.4,42.35
3123502,33.31,20.9,42.6,29.93
3123528,52.19,29.05,46.8,40.96
3123601,66.56,66.3,51.2,63.11
3123700,48.31,19.8,32,32.37
3123809,19.44,2.35,15,11.04
3123858,42.69,24.8,42.6,34.89
3123908,48.69,34,48.8,42.33
3124005,58.44,43.95,58.6,52.17
3124104,32.19,20.45,42.5,29.33
3124203,79.38,46.75,63.8,61.8
3124302,2.44,1.25,4.6,2.39
3124401,82.75,69,72.1,74.46
3124500,98,83,71.5,85.72
3124609,54.56,44.45,51.2,49.43
3124708,38.75,23.15,53.6,35.2
3124807,37.12,21.95,40.2,31.2
3124906,73.06,55.3,66.5,63.91
3125002,63.31,49.6,61.2,56.89
3125101,140.25,124.75,107.8,126.46
3125200,64.5,56.55,50.2,57.93
3125309,72.88,48.1,73.9,62.33
3125408,36.25,14.65,27.9,25.04
3125507,34.38,12.95,26.4,23.33
3125606,92.88,62.95,90.7,79.39
3125705,28.56,10.15,32.7,21.46
3125804,48.31,19.8,32,32.37
3125903,41.31,18.35,43.7,31.85
3125952,55.38,37.85,46.3,45.78
3126000,34.19,23.5,48.1,32.57
3126109,47.5,37.3,56.3,44.98
3126208,17.81,3.25,15.1,10.89
3126307,68.25,50,69,60.48
3126406,28.56,16.55,39.7,25.76
3126505,13.44,8.85,9.2,10.52
3126604,20.38,3.6,14.5,11.8
3126703,11,3.55,17.9,9.26
3126752,61,46.5,53,52.96
3126802,72.75,47.3,59.3,58.76
3126901,53.12,27.2,37.4,38.43
3126950,41.75,28.05,33.1,33.91
3127008,52.06,47.85,60.8,52.13
3127057,90.75,69.55,89.4,81.24
3127073,13.06,11.25,12.1,12.07
3127107,51.25,42.4,58.4,48.96
3127206,26.56,12.45,34.8,22.22
3127305,50.25,26.3,33.5,36.2
3127339,3,1.25,5,2.67
3127354,17.25,4.1,18.9,11.89
3127370,53.06,34,37.9,41.48
3127388,59.94,52.9,56.8,56.2
3127404,111.5,98.85,91,101.54
3127503,57.56,29,35.4,40.33
3127602,27.94,9.2,28.7,19.96
3127701,54.19,23.55,36.5,37.02
3127800,14.88,9.7,17.6,13.22
3127909,33.44,20.15,41.2,29.35
3128006,48.88,16.75,33.5,31.57
3128105,54.06,44.45,53.7,49.8
3128204,48,31.8,44.7,40.24
3128253,18.12,4.95,19.2,12.63
3128303,80.25,62.2,65.7,69.24
3128402,55.5,43.55,55.1,50.22
3128501,60.38,46.9,59.4,54.3
3128600,23.88,13,30,20.48
3128709,81.81,58.35,63.2,67.57
3128808,65.31,49.35,55.7,56.28
3128907,38.94,25.6,44.9,34.43
3129004,60.69,48.3,62.9,55.78
3129103,44.94,28.2,30,34.41
3129202,79.44,72.05,71.1,74.41
3129301,45.5,20.6,32.8,31.91
3129400,53.5,45.05,54.1,49.96
3129509,48.56,27.4,49.4,39.54
3129608,17.31,2.45,14.3,10.2
3129657,9.56,1,14.8,6.98
3129707,60,44.7,72.2,56
3129806,41,26.1,43.8,35.13
3129905,94.06,80.95,80.7,85.46
3130002,56.94,37.45,55.6,48.17
3130051,23.25,3.7,12.5,12.41
3130101,34.38,26.85,49.1,34.3
3130200,36.5,28.3,48.5,35.54
3130309,47.25,32.45,59.8,43.54
3130408,54,37.1,55.4,46.96
3130507,59.94,46.8,49.3,51.91
3130556,44.25,26.45,34.4,34.37
3130606,96.38,83.15,80.3,87.13
3130655,16.44,11.65,12.4,13.48
3130705,40.69,25.55,40,33.96
3130804,54.44,42.4,51.3,48.52
3130903,44.62,23.65,33.7,33.13
3131000,28.62,14.8,36.5,24.33
3131109,23.88,8.4,31.3,18.76
3131158,45.81,21.8,31.6,32.28
3131208,47.25,29.35,37.3,37.3
3131307,47.38,23.65,35.1,34.39
3131406,45.25,26.05,31.4,33.89
3131505,84.5,69.6,71.4,75.17
3131604,39.88,28.45,39.2,34.76
3131703,39.5,24.05,39.8,32.85
3131802,70,49.35,56.4,58.07
3131901,43.38,31.65,46.1,38.87
3132008,18.25,6.2,20.4,13.48
3132107,6.88,0.95,4.5,3.78
3132206,41,28.8,49.2,37.48
3132305,84.56,71.75,76.5,77.24
3132404,99.88,89.4,88.3,92.8
3132503,36.19,20.25,24,26.61
3132602,61.44,44.55,53.3,52.33
3132701,64.19,43.6,54,53.02
3132800,39.88,18.25,45.5,31.7
3132909,78.56,65.55,66.5,70.28
3133006,94.88,85.1,98.2,91.35
3133105,93.38,78.35,89.7,86.04
3133204,44.62,20.6,31.3,31.28
3133303,21.69,13.25,19.8,17.61
3133402,52.44,35.85,43.8,43.35
3133501,49.62,34.85,57.9,45
3133600,135.25,121,104.3,122.33
3133709,39.62,25.85,53.6,36.67
3133758,65.38,48,67.9,58.37
3133808,37.44,26.35,51.9,35.76
3133907,48.31,32.4,46.9,41.09
3134004,14.5,9.55,12,11.8
3134103,50.12,29.55,44,39.85
3134202,42.25,26.55,32.4,33.28
3134301,55.38,39,55.9,48.37
3134400,53.12,41.5,47.3,46.8
3134509,53.31,40,53.1,47.48
3134608,31.81,15,35.5,25.3
3134707,94.38,77.5,90.4,86.17
3134806,72.5,52.8,66.7,62.67
3134905,114.19,93,96.1,101.04
3135001,42.69,24.25,40.9,34.28
3135050,3.06,1.2,4.9,2.65
3135076,48.75,27.2,39,37.26
3135100,6.38,0.85,4.3,3.52
3135209,13.38,2.2,6.5,7.02
3135308,46.94,33.45,62.8,44.52
3135357,15.31,1.8,24.8,11.5
3135407,45.44,29.95,45.4,38.7
3135456,15.44,8.9,13.4,12.15
3135506,51.31,30.5,38.8,39.54
3135605,18.69,2.95,13.1,10.63
3135704,26.5,11.4,36.1,22.02
3135803,66,53.1,59.8,59.04
3135902,80,67.05,70.1,72.22
3136009,62.19,52.65,60.7,57.72
3136108,46.19,18.2,37.6,32.15
3136207,42.75,23.95,45.4,35.15
3136306,23.25,7.15,23.9,16.39
3136405,24.62,5.95,15.8,14.59
3136504,89.25,87.1,89.3,88.33
3136520,15.62,8.9,11.5,11.8
3136553,49.06,31.9,38.6,39.33
3136579,12.62,9.4,10.9,10.85
3136603,35.25,17.85,34.4,27.5
3136652,33.94,23.65,43.2,31.48
3136702,72.81,49.1,62.8,60.33
3136801,17.44,4.4,21.1,12.57
3136900,77.94,59.05,66.3,67.2
3136959,7.19,1.3,7.2,4.63
3137007,78.06,58.75,66.1,67.07
3137106,24.75,13.4,28,20.52
3137205,45.81,30.85,59.1,42.2
3137304,19.25,2.4,14,10.78
3137403,49.5,35.95,54.6,44.72
3137502,32.69,19.9,37.9,28.26
3137536,21.62,7.75,28.6,17.11
3137601,29.12,14.75,33,23.72
3137700,62.81,37.8,57.8,50.85
3137809,78.94,67.75,73.7,72.93
3137908,50.44,32.35,45.3,41.46
3138005,78,49.4,63,62.3
3138104,21.12,5.1,18.9,13.67
3138203,56.44,40.2,51.7,48.35
3138302,30.69,21.35,42.9,29.28
3138351,17.12,8.55,11.7,12.22
3138401,61.19,46.55,56.1,53.72
3138500,93.62,101.45,86.3,95.43
3138609,71.69,60.55,65.8,65.57
3138625,54.25,39,41.6,44.87
3138658,11,1.5,27.8,10.52
3138674,65,36.35,53.4,50.02
3138682,21.75,1.45,14.7,11.39
3138708,53.88,44.7,51.5,49.37
3138807,43.19,27.85,51.7,38.37
3138906,117.62,95.15,121.5,108.7
3139003,71.56,55,60.1,61.87
3139102,49.62,38.1,59.4,46.74
3139201,53.19,38.9,48.3,45.91
3139250,2.44,1.75,4.8,2.65
3139300,5.81,0.8,7.6,4.02
3139409,46.69,27.45,39.7,36.8
3139508,64.88,37.4,55.4,50.87
3139607,81.12,56.6,60.5,65.98
3139706,29.25,18.35,40.9,27.04
3139805,60.88,56.8,57.6,58.39
3139904,97.44,87.65,90.2,91.61
3140001,47.38,30.65,44.5,39.48
3140100,56.62,30.35,37.3,41
3140159,37.5,25.45,41.8,33.2
3140209,60.25,44.55,52.4,51.72
3140308,44.38,24.15,37.7,34.13
3140407,95.94,86.95,88.2,90.35
3140506,29.44,17.8,43.2,27.37
3140530,59.12,33.25,52,46.33
3140555,76.69,77.3,81.1,77.91
3140605,43.81,23.4,36,33.24
3140704,36.06,28.2,54.2,36.59
3140803,80,53.25,64.1,64.91
3140852,5.31,0.65,6.6,3.57
3140902,50.62,26.8,39.8,37.91
3141009,6.56,3.3,5.7,4.96
3141108,29.69,13.6,34.5,23.74
3141207,37.62,19.95,49.6,32.54
3141306,46.06,31.95,49,40.57
3141405,22.62,18.85,24.4,21.37
3141504,58.12,36.1,45.8,45.87
3141603,57,44.3,50.4,50.04
3141702,46.81,18.95,40.8,33.39
3141801,26.19,11.95,18.9,18.41
3141900,55.5,47.05,62.3,53.3
3142007,18.25,2.5,25.7,13.02
3142106,65.38,45.65,69.3,57.65
3142205,70.19,52.35,63.1,60.89
3142254,6.06,2.2,7.5,4.7
3142304,44.06,30.9,45.9,38.74
3142403,44.12,25.6,54,38.22
3142502,25.81,8.05,25.7,18.07
3142601,68.5,63.25,56.5,63.61
3142700,6.81,2.7,7.9,5.26
3142809,45.62,26.5,33,34.57
3142908,2.69,1.2,4.3,2.39
3143005,79.44,66.45,75.1,72.85
3143104,34,23.85,40,30.89
3143153,50.94,42.6,49.1,46.91
3143203,80.69,61.75,65.1,69.07
3143302,14.69,1.55,14.1,8.85
3143401,114.62,103.85,100.6,106.89
3143450,11.19,5.95,15.1,9.76
3143500,30.56,12.15,27.4,21.87
3143609,25.81,8.15,28.2,18.65
3143708,37.31,17.65,45.3,30.5
3143807,132.12,116.85,107.6,120.15
3143906,72.62,56.95,68.8,64.98
3144003,51.12,27.95,37,37.98
3144102,80.81,61.55,76,71.39
3144201,53.62,30.95,38.1,40.39
3144300,103.75,77.9,94.1,90.41
3144359,55.69,22.1,34.6,36.5
3144375,26.06,5.95,28.9,17.93
3144409,91.75,82.9,82.2,85.83
3144508,52.5,36.05,56.2,46.15
3144607,57.25,43,47.1,48.85
3144656,25.69,19.15,25,22.7
3144672,81.5,50.55,65.3,64.52
3144706,42.31,21.9,46.2,34.28
3144805,42.94,28.85,43.2,36.87
3144904,54.56,30,44.5,41.7
3145000,45.62,33,43,39.57
3145059,6.81,0.95,4.4,3.74
3145109,74.94,53.15,64,63.09
3145208,31.94,22.9,46.9,31.26
3145307,47.75,35.65,44.6,41.8
3145356,90,76.25,86.7,83.3
3145372,13.38,11.55,13.2,12.54
3145406,85.75,77.5,84.1,81.8
3145455,21.44,6.85,13.4,13.35
3145505,80,67.05,70.1,72.22
3145604,54.25,37.05,52.2,46.33
3145703,56.62,51.25,56.3,54.22
3145802,30.06,22,41.5,29.04
3145851,51,29.95,40.7,39.61
3145877,58.12,34.6,49.5,46.02
3145901,48.06,31.8,48,40.98
3146008,97.31,83.7,82.8,88.24
3146107,45.62,29.85,45,38.63
3146206,87.62,61.1,67.4,71.7
3146255,13.81,12.3,11.9,12.74
3146305,36.81,31.7,36.5,34.52
3146404,29.44,16.35,35.3,25.02
3146503,47.81,36.65,57.6,45.09
3146552,5.19,0.95,3.7,3.02
3146602,57.12,49.5,56.3,53.63
3146701,76.88,45.35,64,60.37
3146750,134.94,116.05,136.7,127.11
3146909,28.81,15,35,24.15
3147006,26,7.1,32,19.09
3147105,31.75,21.65,46,30.46
3147204,66.5,60.25,51,60.41
3147303,101.56,86.7,75.1,89.35
3147402,26.44,14.4,34.3,22.91
3147501,39.31,18.55,41.9,30.85
3147600,94.62,80.95,88.1,87.26
3147709,47.94,36.85,53.2,44.26
3147808,100.94,107.65,98.7,103.37
3147907,61.81,46.85,66.8,56.39
3147956,14,2.1,25.2,11.26
3148004,34.81,20.1,30.3,27.43
3148103,40.5,28.1,45.5,36.2
3148202,72.5,58.05,64.6,64.5
3148301,50.44,34.55,44.2,42.17
3148400,44.12,23.3,36.2,33.35
3148509,93.44,79.6,89.3,86.52
3148608,49.19,25.75,35.4,36
3148707,50.06,49.45,55.8,51.04
3148756,54.88,30.1,46.7,42.33
3148806,48.44,32.2,45.4,40.72
3148905,48,33.6,59.5,44.24
3149002,64.5,46.15,63.8,56.37
3149101,96.5,82.7,89.2,88.91
3149150,8.81,2.7,8.2,6.02
3149200,43,29.6,41.2,36.78
3149309,32.94,16.75,35.9,26.54
3149408,78.88,58,62.8,66.3
3149507,67,50.15,57.4,57.59
3149606,28.88,19.35,41.8,27.54
3149705,35.75,26.2,51.8,35.09
3149804,47.31,28.45,42.1,37.98
3149903,61.56,37.75,56.2,50.04
3149952,52.38,21.1,34.7,34.93
3150000,54.94,32.4,44.4,42.85
3150109,62.12,55.3,61.1,58.93
3150158,42.69,26.8,35,34.11
3150208,46.56,26.3,33.3,34.87
3150307,51.44,40.5,55.3,47.52
3150406,45.62,32.05,46.3,39.87
3150505,49.69,40.45,53.7,46.54
3150539,46.56,26.45,47.2,37.96
3150570,22,3.2,12.8,11.83
3150604,45.25,36.7,48.8,42.3
3150703,51.56,34.55,51.4,44.13
3150802,48.81,31.45,45.3,40.5
3150901,120.94,96.2,94,104.33
3151008,101,89.1,85.5,92.46
3151107,63.81,47.6,55.9,55.04
3151206,20.44,3.15,17.3,12.24
3151305,55.94,44.3,55.4,50.76
3151404,28.62,19.75,40.7,27.39
3151503,47.12,37.45,48.5,43.22
3151602,46.88,35.05,54,43.28
3151701,80.12,61.6,67.8,69.39
3151800,87.81,75.8,73.4,79.46
3151909,48.25,28,37.5,37.11
3152006,28.94,14.25,38.6,24.65
3152105,45.81,30.65,45.2,39.09
3152131,19.62,4.85,15.1,12.22
3152170,36.25,28.65,36.1,32.91
3152204,7,1.15,5.2,4.07
3152303,46.75,30.45,49.1,40.17
3152402,75.12,60.75,63,66.24
3152501,90.5,77.2,70.9,80.46
3152600,79.69,67.6,75.7,73.57
3152709,46.62,38.75,53.3,44.65
3152808,48.88,28.25,39.1,37.78
3152907,65.12,48.4,69.5,58.8
3153004,52.38,30.25,51.3,42.52
3153103,48.88,32,45.5,40.8
3153202,23.56,8.35,32.6,18.91
3153301,34.88,14.55,34.5,25.96
3153400,28.88,13.9,31.2,22.87
3153509,76.38,41.45,58,57.2
3153608,28.81,14.7,33.9,23.78
3153707,34.88,21.1,48.8,31.91
3153806,51.44,33.95,48.8,43.26
3153905,44.44,25.7,40.2,35.37
3154002,44.06,27,35.2,34.72
3154101,67.38,45.7,57.1,55.72
3154150,58,32.65,49.6,45.15
3154200,47.94,36.35,55.3,44.5
3154309,59.06,37,46.4,46.72
3154408,54.38,45,49.6,49.26
3154457,25.19,3.75,17.9,14.28
3154507,12.44,6.1,7.5,8.61
3154606,33.5,18.9,37.6,28.04
3154705,56.38,39.95,51.8,48.24
3154804,42.88,31.65,46.5,38.78
3154903,46.19,25.3,35.5,34.78
3155009,46.81,28.35,44.7,38.33
3155108,100.88,74.55,100.6,89.37
3155207,52.94,35.45,44.9,43.59
3155306,36.88,27.2,51.6,35.87
3155405,56.06,45.35,56,51.39
3155504,42.19,23.45,54,36.61
3155603,12.44,11.75,11.3,11.89
3155702,40.5,24.65,43.4,34.24
3155801,58.12,45.8,55.9,52.28
3155900,70.56,62.6,70.4,67.07
3156007,38.19,21.6,32.6,29.76
3156106,48.44,37.5,59,45.98
3156205,59.81,49.1,57.4,54.63
3156304,58.06,43.65,54,50.91
3156403,37.56,25.55,39.6,32.78
3156452,64.69,48.4,72.2,59.24
3156502,12.06,11.4,12.3,11.83
3156601,93.75,69.95,89,82.37
3156700,41.5,22.7,37,32.35
3156809,41.94,20,35.2,30.93
3156908,54,38.3,53.8,47.13
3157005,14.5,14.3,13.9,14.28
3157104,132.88,119.6,123.8,125.13
3157203,43.38,27.3,43.2,36.35
3157252,44.88,28.15,38.8,36.28
3157278,80.06,54.8,60.7,64.87
3157302,55.38,49.1,55,52.57
3157336,46.25,35.25,56.6,43.72
3157377,21.56,17.75,22.9,20.2
3157401,46.94,26.75,41.2,36.91
3157500,58.06,29,38.7,41.22
3157609,20.25,4.7,16.2,12.61
3157658,123.75,105.4,127.9,116.67
3157708,47.31,32.15,44.6,40.13
3157807,31.5,18.35,33.3,26.17
3157906,54.81,31.25,46,42.65
3158003,39.19,19.25,46.3,32.07
3158102,117.88,96.3,117.2,108.35
3158201,52,32,38.9,40.46
3158300,61.25,52.65,47,54.41
3158409,73.69,47.6,62.5,59.91
3158508,24.81,9.45,33.9,20.11
3158607,67,51.65,55.6,57.85
3158706,60.25,50.05,65.8,57.02
3158805,59.38,38.6,57.3,49.89
3158904,48.69,28.1,41.2,38.11
3158953,49.88,22.55,39.1,35.65
3159001,33.44,13.35,39.6,26.04
3159100,49,35.1,48.4,42.83
3159209,90.31,73.4,76.4,79.93
3159308,85.81,82.3,86.5,84.43
3159357,42.5,29.05,46.2,37.46
3159407,59.69,47.65,58.3,54.15
3159506,50.88,27.4,39.6,38.22
3159605,90.81,77.5,75.3,81.65
3159704,41.69,25.15,52.4,36.83
3159803,47.25,28.9,32.1,35.98
3159902,61.38,38.4,54.2,49.83
3160009,52.62,42.2,45.5,46.54
3160108,48.69,27.55,35.4,36.61
3160207,39.94,17.05,32.8,28.43
3160306,122.06,95,119.9,109.83
3160405,42.19,27.75,56.1,38.93
3160454,6.44,4.05,13.4,6.91
3160504,38.81,18.55,41.4,30.57
3160603,23.69,6.85,23.6,16.35
3160702,59.69,52.75,60.2,56.78
3160801,56.62,46.3,50.4,50.78
3160900,49.56,31.45,48.1,41.37
3160959,42.62,25.4,33,33.04
3161007,43.5,24.15,41.7,34.7
3161056,57.62,34.1,47.7,45.24
3161106,19.44,2.45,14.4,10.96
3161205,57.94,37.2,56,48.5
3161304,51.56,38.8,43.6,44.28
3161403,64.06,41.5,54.1,52.09
3161502,58.31,44.1,59.4,52.37
3161601,60.56,30.95,36.1,42.37
3161650,50,30.35,33,37.76
3161700,27,10.6,25.7,19.59
3161809,35,30,45.9,35.2
3161908,42.81,23.1,41.4,33.93
3162005,74.94,69.55,62.6,69.91
3162104,40.56,21,55.4,35.28
3162203,57.12,41.45,60,50.93
3162252,14.94,2.55,19.3,10.5
3162302,81.19,64.4,68,71.02
3162401,11.06,1.55,15.8,7.96
3162450,5.69,1.3,7.9,4.26
3162500,47.19,34.4,55.4,43.41
3162559,49.81,28.15,41.6,38.61
3162575,70.31,47.95,50.1,56.2
3162609,47.56,20.75,35,33.17
3162658,19.5,1.7,17.2,11.26
3162708,18.19,9.9,17.1,14.35
3162807,41.94,20.45,32.9,30.63
3162906,56,43.05,51.4,49.37
3162922,32.69,24.05,45.2,31.65
3162948,59.06,44.7,57.1,52.39
3162955,30.5,15.4,33.3,24.54
3163003,51.75,30.55,35.8,39.07
3163102,30.69,18.2,42.5,27.83
3163201,101,89.1,85.5,92.46
3163300,70.94,45.5,58.8,57.24
3163409,46.81,25.1,34.3,34.65
3163508,42.38,26.15,32.9,33.26
3163607,49.25,27.55,43.6,38.59
3163706,80.25,67,74.5,73.24
3163805,50.44,35.95,57.5,45.67
3163904,80,56.95,64.6,66.63
3164001,46.25,26.8,35.5,35.46
3164100,48.06,29.5,35.8,37.33
3164209,24.12,4.45,14.6,13.5
3164308,52.81,36.3,53.9,45.87
3164407,82.56,73.8,71.6,76.37
3164431,64.88,51.05,66.3,59.17
3164472,42.88,24.25,33.8,32.8
3164506,40.56,27.05,36.1,33.72
3164605,42.62,33.25,51.3,40.43
3164704,72.31,64.8,68.9,68.3
3164803,39.94,19.2,44.3,31.87
3164902,85,71.15,79.1,77.7
3165008,53.25,37.05,59.4,47.54
3165107,65.38,58.2,68.3,62.89
3165206,64.88,56.9,66.7,61.8
3165305,59.31,47.5,64.3,55.26
3165404,118.38,103.75,95.9,107.13
3165503,57,31.25,37.1,41.48
3165537,37.5,25.45,41.8,33.2
3165552,55,38.7,45.6,45.87
3165560,46.62,25.1,38.2,35.43
3165578,117.69,100.15,94.8,105.09
3165602,57.88,46,48.2,50.61
3165701,49.19,35.4,44.1,42.09
3165800,90.62,75.85,72.4,80.24
3165909,31.62,14.85,23.8,22.63
3166006,49.94,36.1,45.8,43.02
3166105,40.06,17.6,35.2,29.24
3166204,55.12,44.9,50.1,49.59
3166303,53.88,28.95,46,41.33
3166402,71.81,65.3,66.5,67.83
3166501,38.56,16.55,30.4,27.22
3166600,37.12,21.75,52.4,33.76
3166709,113.19,91.4,112.4,103.54
3166808,44,24.25,47.5,36.17
3166907,71.69,55.75,58.9,61.98
3166956,10.44,3.3,7.4,6.67
3167004,66.25,57.25,66.6,62.41
3167103,36.19,14.8,33.6,26.33
3167202,29.56,14.9,38,25.02
3167301,56.25,41.45,49.6,48.37
3167400,82.88,70.85,71.5,75.17
3167509,66.31,47.75,61.2,57.13
3167608,45.38,27.7,38.6,36.22
3167707,48.88,20.4,32,32.83
3167806,75.75,64.15,73.3,70.17
3167905,61.81,50.6,58,56.11
3168002,16.06,10.85,13.3,13.2
3168051,47.62,28.9,37.4,37.26
3168101,54.75,35.3,52.3,45.76
3168200,46.06,30.2,53.7,40.83
3168309,33.12,17.1,33.1,26.15
3168408,42.75,22.6,33.8,32.04
3168507,48.94,33.35,49.5,42.28
3168606,89.56,72.35,78.6,79.7
3168705,46,25.2,40.7,35.8
3168804,47.94,36.05,55.6,44.43
3168903,32.94,16.8,36.5,26.7
3169000,57.88,43.5,53.9,50.76
3169059,95.06,83.2,77.4,86.07
3169109,136.62,123,107.2,124.3
3169208,71,48.35,72,61.37
3169307,65.12,56.5,51.3,58.37
3169356,26.44,7.35,22.8,17.35
3169406,59.31,50.3,46.9,52.7
3169505,44.81,18.95,32.4,30.87
3169604,38.06,23.45,32.6,30.52
3169703,21.88,8.65,14.1,14.43
3169802,80.12,60.7,67.2,68.87
3169901,57.56,44.8,53.1,51.04
3170008,21.69,4,12.1,11.91
3170057,40.31,25.4,33.1,32.26
3170107,50.62,33.15,50.3,42.96
3170206,45.88,29.35,40.8,37.59
3170305,124.12,100.55,124.1,113.87
3170404,26.62,6.4,25.8,17.65
3170438,52.25,38.1,43.2,44.13
3170479,22.56,3.95,17.4,13.35
3170503,48.19,26.9,39.4,37.02
3170529,25,4.1,14.5,13.63
3170578,44.12,26.3,50.2,37.7
3170602,50.62,38.1,52.2,45.52
3170651,15.12,8.05,16.8,12.41
3170701,64.81,59.2,48,58.72
3170750,31.31,14.55,28.9,23.5
3170800,20.5,3.45,17.3,12.39
3170909,7.69,0.6,14.3,6.04
3171006,25.38,12.05,26.7,19.87
3171030,5.75,0.95,4.6,3.41
3171071,25.31,11.05,16,17.09
3171105,51.31,30.65,44.1,40.76
3171154,44.06,26.85,37,35.04
3171204,34.88,18.9,37.3,28.46
3171303,48.94,32.55,49.1,41.85
3171402,69.31,49.1,63.6,59.28
3171501,55.81,25.15,37.2,38.43
3171600,12.75,9.2,9.6,10.52
3171709,92.38,80.65,91.8,87.15
3171808,54.75,28.05,34.6,38.76
3171907,50.25,26.15,32.6,35.93
3172004,57.94,45.75,60.4,53.17
3172103,52.31,44.3,50.6,48.46
3172202,110.94,94.5,94.7,100.26
3200102,75.31,43.85,55.9,57.41
3200136,93.44,68.65,71.5,77.89
3200169,100.81,67.75,80.3,81.98
3200201,90.44,67.15,82.4,78.57
3200300,240.19,192.2,171.6,204.41
3200359,86.62,58.55,62.8,69.24
3200409,224.75,181.15,162.6,192.28
3200508,99.31,79.05,86.5,87.72
3200607,166.31,135.85,136.8,146.65
3200706,125.56,109.75,95.4,112.13
3200805,48.5,38.1,41.8,42.52
3200904,103.88,72,82.6,85.39
3201001,121.75,79.5,87.1,95.85
3201100,94.19,74.5,83.5,83.3
3201159,84.62,54.6,62.9,66.85
3201209,138.44,98.3,106.6,114.07
3201308,190.44,163.85,145.3,169.07
3201407,104.31,78.2,93.4,90.59
3201506,85.31,63.65,64.4,71.35
3201605,189.38,133.35,144.2,155.2
3201704,91.5,67.45,79.9,78.52
3201803,88.5,56.6,69.4,70.48
3201902,154.94,117.65,113.5,129.72
3202009,84.31,49.35,67,65.35
3202108,106.06,72.75,102.5,90.8
3202207,203.06,173.55,159.3,180.72
3202256,106.56,76.1,76.8,86.85
3202306,83.81,58.95,75.2,71.13
3202405,202.31,183.9,157,184.46
3202454,66.88,43.35,59.2,54.98
3202504,188.5,162.6,142.5,167.24
3202553,79.31,54.35,66.6,65.7
3202603,238.38,182.1,165.9,198.15
3202652,76.31,50.05,64.3,62.28
3202702,64.75,38.85,49.7,50.22
3202801,164,142.2,140.4,149.39
3202900,79.06,53.9,57.7,63.48
3203007,76.31,50.05,64.3,62.28
3203056,141.25,129.5,114.4,130.3
3203106,108.25,85.5,87.2,93.78
3203130,151.62,136.4,120,138.13
3203163,60.25,34.7,41.3,45.02
3203205,151.5,133.75,122.7,137.52
3203304,71.62,48.45,50.1,56.87
3203320,166.88,142.85,143.3,151.3
3203346,197.81,161.35,145.3,170.54
3203353,106.88,80.1,78.2,89
3203403,121.88,97.75,90.9,104.65
3203502,115.25,90.5,97.8,100.7
3203601,98.12,71.9,85.4,83.96
3203700,79.94,57.65,72.2,68.57
3203809,115.38,96.05,90.5,101.57
3203908,106.19,73.05,82.9,86.72
3204005,93.44,67.05,71.7,77.24
3204054,132.75,103,118.1,116.63
3204104,126.25,87.55,92.6,102.11
3204203,200.12,160.5,161.7,174.54
3204252,107.19,75.55,92.1,90.15
3204302,134.94,117.45,110,121.91
3204351,114.38,87.55,85.1,96.35
3204401,188.69,150.6,135.2,160.5
3204500,182.62,155.35,144.4,162.46
3204559,96.25,63.5,69.6,76.22
3204609,141.19,118.05,109.5,124.24
3204658,106.19,77.65,83,88.74
3204708,98.06,74.15,80.6,83.87
3204807,85.44,64.9,77.8,74.85
3204906,157.62,124.6,123.1,135.76
3204955,115.81,86.6,83.3,96.04
3205002,190.31,164.35,138.3,167.72
3205010,135.81,115.9,109.1,121.35
3205036,195.69,140.6,144.8,160.67
3205069,96.94,69.5,80.1,81.35
3205101,198.94,169.85,154.4,176.61
3205150,100.25,69.85,81.6,82.98
3205176,112.06,89.3,93,98.02
3205200,193.44,178.35,148.5,177.11
3205309,263.81,217.3,260.2,242.8
3300100,235.81,225.2,180.4,219.15
3300159,77.94,57.8,62.3,65.78
3300209,226.44,185.7,189.6,200.72
3300225,65.88,70.55,60.9,66.83
3300233,195.75,174.55,156.1,177.91
3300258,233.31,187.9,197.2,205.72
3300308,76.06,77.1,75.8,76.46
3300407,75.06,69.95,79.9,73.89
3300456,146.5,164.75,133.7,151.65
3300506,85.19,65.3,70.8,73.41
3300605,89.56,69.35,76.3,77.89
3300704,207.62,179.45,173.2,187.89
3300803,229.44,221.65,195.1,218.59
3300902,73.25,58.25,56.5,63.09
3300936,142.25,126.45,106,127.5
3300951,64.31,47.25,60.5,56.07
3301009,94.44,72.55,74.5,80.59
3301108,57.69,47.75,51.4,52
3301157,87.25,64.65,64.2,72.41
3301207,48.69,44,50.4,47.02
3301306,204.38,185.8,172.3,189.33
3301405,133.81,133.7,108.4,128.24
3301504,66.88,53.85,56.8,59.02
3301603,64.38,53.7,54.7,57.63
3301702,154.25,139.95,149,146.89
3301801,83.75,77,87.8,81.7
3301850,223.19,194.7,212,208.37
3301876,233.31,187.9,197.2,205.72
3301900,209.19,191.3,196.5,198.65
3302007,174.38,141.4,158.9,156.67
3302056,78.94,59.2,63.3,66.96
3302106,82.12,66.25,63.9,71.26
3302205,76.38,55.2,63.8,64.43
3302254,107.25,78.65,96.5,92.48
3302270,95.06,87.3,108.7,94.65
3302304,76.44,57.6,68.3,66.48
3302403,154.12,140.65,118.1,140.43
3302452,72.81,63.2,65.2,66.98
3302502,184.06,152.15,169.6,167.04
3302601,155.75,116.5,145.7,136.5
3302700,224.75,179.15,199.7,199.48
3302809,78.44,77.6,81.5,78.74
3302858,136.25,147.15,138.1,141.39
3302908,129.94,118.35,127.2,124.3
3303005,79.62,54.65,65,65.59
3303104,78.06,58.55,78.9,69.76
3303203,149.75,154.25,147,151.11
3303302,206.69,192.4,192.8,197.46
3303401,219.19,216.85,204.5,214.98
3303500,118.56,103.6,133.3,115.26
3303609,90.44,91.05,97,92.13
3303708,68.94,53.7,64.5,61.35
3303807,199.56,179.75,159.1,182.15
3303856,96.44,87.45,91.7,91.5
3303906,81.62,84.2,81.8,82.78
3303955,78.38,77.1,80.7,78.33
3304003,86.81,73.8,88.6,81.54
3304102,71.94,50,69.5,61.87
3304110,77.25,71.1,78.5,74.85
3304128,87.56,72.7,80.4,79.54
3304144,129.5,123.35,144.8,130.15
3304151,128.31,108.65,92.2,111.91
3304201,100.31,71.85,100.9,88.07
3304300,235.94,190.55,206.9,209.89
3304409,121.38,79.35,119.5,102.7
3304508,71.56,52.35,60.8,60.87
3304524,182.19,166.1,153.5,168.96
3304557,160.69,168.55,177.9,167.85
3304607,110,100.6,92.8,102.17
3304706,72.81,59.15,55.6,63.13
3304755,108.31,91.4,80.8,94.98
3304805,79.5,59.25,64,67.33
3304904,210.12,176.25,198.7,192.91
3305000,98,85.45,81.8,89.02
3305109,146.5,164.75,133.7,151.65
3305133,73.56,52.8,55.8,60.67
3305158,60.19,60.1,55,59.02
3305208,221.06,183.65,183.4,196.61
3305307,80.75,70.9,74.5,75.11
3305406,61.56,57.65,54.6,58.35
3305505,225.75,186.4,203,203.7
3305554,105.06,98.95,117.1,105.02
3305604,241.44,211.35,204.3,220.28
3305703,97.25,87.35,73.2,87.72
3305752,224.19,185.55,194.4,200.91
3305802,188.12,159.65,168.8,171.54
3305901,101.62,97.35,86,96.37
3306008,54.94,65.8,51.8,58.98
3306107,70.12,62.05,68.3,66.22
3306156,83.56,53.65,67.1,66.98
3306206,63.94,61,64.4,62.76
3306305,79.5,76.85,80.2,78.5
3500105,120.44,104.8,96.5,108.43
3500204,86.31,61.5,80.9,74.35
3500303,87.69,73.55,69.9,77.67
3500402,98.69,79.7,81.1,86.61
3500501,118.81,102.35,99.3,107.41
3500550,153.56,133.65,126.8,139.09
3500600,102.25,88.25,80.4,91.41
3500709,138.38,124.8,119.8,128.43
3500758,152.69,142.8,141.8,146.02
3500808,132.38,121.85,102.8,121.37
3500907,57.81,51.5,57.1,54.91
3501004,77,64.05,64.5,68.65
3501103,113.31,93.55,103.1,102.5
3501152,165.06,154.95,137.6,154.7
3501202,55.06,51.15,59.4,54.3
3501301,148.56,129.8,111.5,132.35
3501400,117.44,110.85,109.8,112.91
3501509,142.44,135.6,116.7,133.87
3501608,111.56,108.4,101.7,108.04
3501707,92.44,68.7,89.1,81.39
3501806,56.56,50.15,60.7,54.67
3501905,117.19,111.3,101.3,111.17
3502002,100,82.6,87.9,89.8
3502101,101.19,68.35,83.1,82.98
3502200,170.69,139.85,146.3,151.98
3502309,123.62,111.1,99.8,113
3502408,163.12,146.35,120,146.46
3502507,100.31,79.7,77.8,86.46
3502606,78.31,62.35,66.4,68.78
3502705,231.5,246.3,252.2,242.43
3502754,171.81,146.05,146,155
3502804,98.94,75.6,88.1,86.43
3502903,148.38,135.9,131.5,139.28
3503000,55.06,31.45,52.7,44.28
3503109,174.88,147.8,146.9,157.02
3503158,101.5,81.2,85.3,89.15
3503208,89.69,69.25,81.2,78.96
3503307,113.19,88.1,86.5,96.48
3503356,124.19,111.2,108.3,115.09
3503406,109.25,87,92.2,95.87
3503505,110.06,88.15,91.8,96.57
3503604,123.38,117.4,109.5,117.76
3503703,83.62,62.9,69.3,71.5
3503802,110.38,95.6,98.5,101.37
3503901,128.12,129.1,119.8,126.74
3503950,69.38,55.9,63.1,62.15
3504008,163.62,142.45,128.2,146.72
3504107,135.44,133.3,110.6,129.11
3504206,77.75,58.55,69.6,67.63
3504305,114.81,111.9,102.2,110.8
3504404,98.44,75.7,85.2,85.67
3504503,171.44,146.55,130.7,151.76
3504602,79.88,61.05,70.6,69.67
3504701,100.06,84.6,99.1,93.13
3504800,70.19,59.7,65.5,64.61
3504909,116.56,101.8,102.1,107
3505005,215.56,178.9,186.7,193.35
3505104,86.94,63.8,82,75.8
3505203,109.31,78.9,91.3,92.17
3505302,110.62,97.3,95.6,101.57
3505351,227,245.4,235.5,236.85
3505401,234.12,256,246.6,246.35
3505500,55.69,45.9,50.5,50.3
3505609,79.62,60.9,66.3,68.59
3505708,149.75,143.05,135.2,143.67
3505807,128.44,121.5,114.4,122.37
3505906,68.56,59,60.7,62.7
3506003,120.31,114.75,106.8,114.96
3506102,71.06,54.85,62.7,62.2
3506201,112.56,89.85,97.4,99.39
3506300,176.56,154.7,154.2,162.2
3506359,374.44,316.6,321.4,337.76
3506409,103.62,81.6,97.8,92.78
3506508,98.25,78.15,98.5,89.57
3506607,280.69,268.25,232.2,264.74
3506706,90,68.9,82.4,79.17
3506805,117.56,83.1,89.4,96.46
3506904,150.12,139,120.7,138.89
3507001,139.62,132.4,123.8,133.04
3507100,138.25,131.1,116,130.3
3507159,225.88,235.95,229.7,231.09
3507209,139.12,125.35,112.6,127.37
3507308,120.5,87,95.9,100.59
3507407,92,71.9,81.2,80.91
3507456,138.88,123.35,111.6,126.2
3507506,143.06,132.3,119.2,133.2
3507605,122.06,121.8,100.2,117.2
3507704,105.25,84.25,97.1,94.35
3507753,94.19,71.4,100.1,85.57
3507803,83.12,60.25,64.2,69.07
3507902,107.5,86.25,90.2,94.5
3508009,181.25,162.2,156.8,167.65
3508108,89.88,66.25,89.6,79.54
3508207,54.06,39,63.3,49.52
3508306,129.19,120.7,113.5,122.09
3508405,164.94,145.45,127.7,148.37
3508504,106.38,96.7,91.9,99.02
3508603,101.38,93.15,74,91.85
3508702,82.31,70.75,82.1,77.24
3508801,98.12,75.85,103.6,89.63
3508900,131.5,123.4,105,122.22
3509007,141.38,139.3,124.2,136.74
3509106,144.31,114.65,107.5,123.41
3509205,170.44,146.2,134.4,152.07
3509254,211.19,252.9,227.3,232.83
3509304,67.75,56.85,62.3,61.83
3509403,72.44,60.45,63,65.17
3509452,176,152.8,151,160.48
3509502,122.19,114,97.6,113.28
3509601,142.56,144.1,121.5,138.65
3509700,134.62,103.7,100.5,113.76
3509809,156.88,140,125.9,142.8
3509908,287.38,338.85,303.6,313.28
3509957,95,90.4,67.8,87.09
3510005,173.75,155.75,137.6,158.07
3510104,80.44,61.25,75.8,71.09
3510153,175.06,151.55,152,159.83
3510203,188.56,190.85,186.6,189.13
3510302,145.25,135.25,126.4,136.8
3510401,125,117.45,95,115.2
3510500,216,192.6,240.5,211.15
3510609,149.75,143.05,135.2,143.67
3510708,55.69,46.85,53.4,51.35
3510807,80.56,69.85,73.4,74.35
3510906,78.25,64.45,62.5,68.83
3511003,105.5,68.75,83.6,84.76
3511102,85.31,63,69,72.07
3511201,85.12,66.95,70.5,74.04
3511300,87,70.1,71.3,76.24
3511409,170.44,146.4,137.4,152.8
3511508,124.5,114.55,101.3,115.13
3511607,144.5,135.6,122.9,135.93
3511706,109.19,94.3,90,98.54
3511904,108.12,84.9,97.3,95.67
3512001,58.75,49.45,53.8,53.63
3512100,47.12,37.7,55.7,44.89
3512209,100.06,83.4,79,88.24
3512308,137.31,122.6,103,123.46
3512407,114.12,91.45,91.9,99.43
3512506,100.56,77.3,97.3,89.74
3512605,208.5,174.4,183.8,188.3
3512704,109,81.9,88.1,92.67
3512803,109.19,100.2,105.1,104.39
3512902,60.56,56.95,62.7,59.46
3513009,161.75,152.45,140.5,153.09
3513108,79.56,61.1,64.2,68.2
3513207,59.88,44.2,71.8,55.65
3513306,169.38,154.1,139.2,156.17
3513405,98.62,85.15,88.3,90.52
3513504,310.62,275.85,297,292.54
3513603,127.19,106.25,99,111.96
3513702,91.12,71.1,80.4,80.09
3513801,144.12,141,130,139.7
3513850,73.56,59.75,66.7,66.07
3513900,86.44,74.45,80.1,79.85
3514007,87.25,66.45,76.7,75.91
3514106,115.88,100.5,92.9,104.2
3514205,67.5,51.6,63,59.61
3514304,106.56,86.25,86.8,93.43
3514403,125.06,102.95,91.6,108.17
3514502,129.62,120.95,108.2,121.2
3514601,78.56,61.05,66.6,68.35
3514700,146.12,128.1,116.7,131.89
3514809,225.81,255.6,227,239.02
3514908,131.94,123.05,102.4,121.65
3514924,88.75,70.6,71.8,77.17
3514957,72.56,58.8,61.5,64.17
3515004,156.31,144.55,134.4,146.43
3515103,180.06,156.55,163.7,166.28
3515129,127.75,108.8,97.7,112.98
3515152,100.94,85.6,81.8,90.11
3515186,101.44,84.2,79.9,89.26
3515194,137,127.25,117.8,128.59
3515202,64.56,49.95,63.8,58.04
3515301,174.75,153,131.5,155.89
3515350,186.88,163.25,150.6,168.72
3515400,188.38,161.8,167.1,172.2
3515509,64.25,51.05,65.2,58.72
3515608,80.44,61.25,75.8,71.09
3515657,136.31,133.4,108.4,128.98
3515707,131.69,140.85,124.1,134.02
3515806,126.62,100.2,96.5,108.59
3515905,74.94,53.85,73.5,65.46
3516002,122.12,102.4,96.2,107.91
3516101,172.56,159.35,145.7,160.98
3516200,62.44,47.9,71.4,58.07
3516309,142.56,144.1,121.5,138.65
3516408,141.38,139.3,124.2,136.74
3516507,108.94,88.95,99.6,98.22
3516606,136.31,133.4,108.4,128.98
3516705,130.38,123.4,107.6,122.39
3516804,84.12,62.55,81.5,74.17
3516853,92.31,67.35,79.4,78.65
3516903,74.56,58.35,68.6,66.22
3517000,113.5,94.65,110.8,104.72
3517109,96.62,74.05,91.2,85.63
3517208,95.38,74.9,93.4,86.04
3517307,103.56,80.95,105.3,94.11
3517406,51.75,38.15,49.2,45.28
3517505,69.31,60.4,60.2,63.46
3517604,215,214.55,228.9,217.83
3517703,55.25,40.5,62.8,50.48
3517802,101.88,77.25,91.5,88.91
3517901,53.44,47.7,59,52.15
3518008,59.25,45.05,62.8,53.85
3518107,105.31,93.05,103.1,99.5
3518206,101.81,78.55,92,89.57
3518305,125.62,118.3,108.8,118.78
3518404,99.19,80.05,70.7,84.67
3518503,161,136,138,145.13
3518602,81.44,60.2,67.4,69.15
3518701,413.81,373.1,383.2,389.46
3518800,134.06,135.3,114.6,130.37
3518859,75.75,60.55,67.6,67.37
3518909,78,62.95,68.2,69.33
3519006,125.69,115.8,115.7,119.22
3519055,112.12,101.5,101.1,105.11
3519071,116,115,102.8,112.7
3519105,95,78,86.2,85.7
3519204,122.56,116,109.7,116.91
3519253,155.56,138.85,122.5,141.11
3519303,94.62,74.2,102.2,87.39
3519402,90.69,69.95,78,78.91
3519501,162.94,148.35,134.1,150.33
3519600,94.44,74.9,83.6,83.59
3519709,197.75,185.2,157.9,183.63
3519808,52.94,49.25,59,52.65
3519907,164.06,144.45,129.6,148.04
3520004,116.5,110.7,107.3,111.98
3520103,52.38,31.25,59.5,44.74
3520202,136.56,118.2,123.7,125.78
3520301,338,335.2,317.6,332.35
3520400,225.31,195.35,246,216.78
3520426,291.62,314.4,283.7,299.8
3520442,79.62,59.85,68.2,68.54
3520509,135.31,130.15,109.5,127.46
3520608,142.12,127.5,108,128.35
3520707,58.69,44.2,56.1,51.83
3520806,122.75,115.15,103.3,115.22
3520905,175.56,156.7,155,162.89
3521002,143.62,136.2,125,136.35
3521101,110.81,94.35,88.6,98.83
3521150,64.62,61.05,62.2,62.54
3521200,233.12,261.45,236.4,246.15
3521309,53.81,43.35,61.7,50.98
3521408,107,96.15,91.1,98.83
3521507,91.69,68.7,82.9,79.78
3521606,120.88,97.8,96.7,105.59
3521705,200.12,165.6,182.9,181.37
3521804,173.25,139.95,152.1,154.17
3521903,89.81,67.35,77.4,77.35
3522000,107.81,73.7,84.5,87.91
3522109,280.62,264.35,260.4,269.15
3522158,228.94,246.2,230.1,236.7
3522208,173.31,151.1,146.6,157.85
3522307,165.62,145.95,146.9,153
3522406,213.69,189.35,194.2,198.87
3522505,159.38,145.4,140.9,149.28
3522604,117.81,98.25,97.7,104.93
3522653,238.94,254,224.6,242.37
3522703,86.81,66.4,76.7,75.74
3522802,215.44,176.3,189.9,192.87
3522901,122.94,93.45,97.5,104.59
3523008,85.5,62.3,72.5,72.59
3523107,132,129.7,119.7,128.33
3523206,226.75,213.95,203.2,216.07
3523305,235.5,227.75,228.8,230.67
3523404,130.38,132.95,117.9,128.78
3523503,168.06,142.55,142.2,151.35
3523602,104,87.4,84.1,92.46
3523701,62.38,54.45,68,60.15
3523800,76.69,68.95,65,70.78
3523909,146,133.1,124.1,135.63
3524006,143.69,140.15,116.2,136.17
3524105,57.56,37.75,55.5,48.5
3524204,55.94,46.75,50.5,50.76
3524303,80.75,59.5,67.8,68.7
3524402,115.88,103.3,102.1,107.41
3524501,81.44,58.3,73.3,69.61
3524600,211.12,262.85,232.1,238.17
3524709,112.12,101.5,101.1,105.11
3524808,65.19,51.45,62.2,58.57
3524907,113.25,101,104.3,105.98
3525003,149.75,143.05,135.2,143.67
3525102,74.5,57.2,57.3,63.24
3525201,133.81,134.3,109.7,128.78
3525300,123.5,85.7,88.9,99.54
3525409,57.31,41.85,67.8,52.87
3525508,138.81,124.05,108,125.7
3525607,141.31,130.25,111.6,130.04
3525706,81.44,59.05,79.9,71.37
3525805,109,93.25,109.8,102.33
3525854,126,110.55,93.2,112.15
3525904,142.94,139.45,113,134.91
3526001,120.56,99.9,97.4,106.54
3526100,253.62,236.25,245,244.2
3526209,199.38,174.9,172.7,182.93
3526308,105.25,83.75,93.7,93.39
3526407,126.94,112.5,94.9,113.7
3526506,99.44,81.2,89.9,89.43
3526605,99.69,82.1,88.4,89.59
3526704,95.31,76.85,75.3,82.93
3526803,137.5,125.65,114.9,127.43
3526902,106.94,99.1,100.2,102.07
3527009,119.5,112.95,104.3,113.35
3527108,96.44,75.15,101.8,88.35
3527207,95,90.4,67.8,87.09
3527256,86.31,65.8,85.4,77.2
3527306,130.56,137.25,118,130.74
3527405,122.25,106.1,103.1,111.07
3527504,137.56,129.7,112.4,128.67
3527603,81.38,65.25,67.4,71.33
3527702,117.44,98.9,102.4,106.11
3527801,141.62,135.1,113.2,132.61
3527900,145.56,125.3,112.1,129.48
3528007,113.69,100.95,105.1,106.28
3528106,80.5,59.2,75.2,70.09
3528205,62.44,48.3,61.6,56.11
3528304,69.81,53.8,70,62.89
3528403,165.06,154.95,137.6,154.7
3528502,138.62,138.3,124.5,135.41
3528601,172.12,150.9,147.9,157.63
3528700,172.62,136.55,118.8,145.24
3528809,165.69,142.75,129.8,147.91
3528858,87.44,67.95,78.9,77.11
3528908,124.25,98.95,98.5,107.65
3529005,131.12,120,110.1,121.72
3529104,76.69,60.8,64.7,67.17
3529203,143.81,130.25,108.3,130.2
3529302,92.69,68.3,78.2,78.93
3529401,142.94,145.8,134.4,142.33
3529500,88.69,62.85,83.6,76.35
3529609,57.19,53.95,66,57.7
3529658,61.19,46.85,59.9,54.67
3529708,53.12,31.4,50.9,43.2
3529807,114.94,98.45,94,103.22
3529906,200.25,183.2,183.5,189.2
3530003,57.62,46.35,55.5,52.26
3530102,98.38,74.25,89,85.85
3530201,182.56,151.8,131.5,158.09
3530300,74.38,58.7,66.5,65.85
3530409,59.88,61.25,57.5,59.96
3530508,75.62,60.65,59.8,65.67
3530607,146.69,144.55,130.3,142.2
3530706,93.5,78.95,75.4,83.24
3530805,110.25,89.15,90.1,96.7
3530904,125.81,110.45,92.4,111.87
3531001,84.44,61.4,77,72.8
3531100,356.56,336.15,332.1,342.37
3531209,121.81,115.35,107,115.78
3531308,82.75,65.4,68.8,72.17
3531407,73.06,57.75,67.8,65.26
3531506,75.19,56.75,63.3,64.59
3531605,115.94,94.25,96.5,102.28
3531704,129.19,107.55,109.2,115.43
3531803,124.62,118.6,96.4,115.87
3531902,54.44,46.05,57,51.35
3532009,110.62,118.1,100.1,111.59
3532058,84.44,66.95,77.7,75.37
3532108,103.19,72.1,87.7,86.3
3532157,174.81,154.75,129.6,156.26
3532207,177.31,157.1,136.5,159.65
3532306,190.69,173.75,179.9,180.98
3532405,136.5,126.55,116.3,127.78
3532504,72.56,59.85,70,66.48
3532603,75.19,56.45,71.7,66.28
3532702,75.06,59.5,70.7,67.35
3532801,86.81,61.9,77.5,73.96
3532827,216.44,220.85,222.8,219.74
3532843,70.12,55.8,64.6,62.7
3532868,81.69,60.8,74.7,71.09
3532900,95.38,67.25,77.8,79.33
3533007,55.44,57.85,58.5,57.15
3533106,120.88,98.4,95.1,105.5
3533205,110.69,81.2,92.8,93.98
3533254,71.62,59.9,64.2,64.91
3533304,84.12,62.55,81.5,74.17
3533403,111.56,108.4,101.7,108.04
3533502,88.38,71.15,82.8,79.67
3533601,64.94,55.8,57.6,59.37
3533700,141.62,129.05,114.4,130.24
3533809,165.94,144.9,139.5,151.04
3533908,64.88,56.5,57.2,59.57
3534005,67.12,59.55,58.8,62.02
3534104,133.12,122,113.4,124
3534203,49.25,49.45,57.7,51.17
3534302,59.56,47.2,60.4,54.37
3534401,147.56,143.9,130,142.15
3534500,137.69,118.85,110.9,123.67
3534609,123.69,119.05,104.7,117.54
3534708,178.12,154.35,147.4,161.11
3534757,58.88,44.35,59.1,52.61
3534807,124.94,101.3,96.1,108.39
3534906,122.62,98.25,95.6,106.15
3535002,51.38,52.5,57.7,53.24
3535101,85.69,62.6,72.1,72.7
3535200,73.56,60.9,65,66.2
3535309,164.94,154.7,137.4,154.5
3535408,123.62,99.6,97.6,107.52
3535507,152.19,135.35,117.7,137.37
3535606,130.25,126.75,133.1,129.35
3535705,77,58.25,64.2,66.07
3535804,185.31,144.3,148.8,159.54
3535903,64.81,49.05,60.5,57.02
3536000,125.62,121.9,109,120.39
3536109,149.62,133.25,124.6,137.07
3536208,232.5,258.45,234.1,244.13
3536257,56.94,51.55,62.4,55.78
3536307,66.94,58.5,66.3,63.13
3536406,116,87.5,95,99.04
3536505,112.25,112.6,103.4,110.48
3536570,130.94,125.2,116.5,125.3
3536604,50.25,41.4,51.7,46.72
3536703,133.81,101.75,98.5,112.2
3536802,136.12,118.4,125.8,126.17
3536901,58.44,51.25,62.6,56.22
3537008,59,41.9,70.5,54.07
3537107,114,104.4,98.2,106.39
3537156,170,155.1,145.9,158.28
3537206,231.38,209.75,225.4,220.67
3537305,101.44,77.65,86.9,87.93
3537404,89.81,63.1,76,75.2
3537503,129,123.15,104.8,121.2
3537602,246.38,237.95,233.7,239.96
3537701,112.19,96.25,101,102.83
3537800,178.44,165.05,161.5,168.93
3537909,185.62,166.9,169.5,173.98
3538006,113.25,95.05,84,98.98
3538105,84.88,63.8,74.3,73.41
3538204,135.56,117.45,123.1,124.98
3538303,143.06,115,103.1,122.17
3538501,95.94,90.6,85.9,91.43
3538600,135.38,120.15,112.1,123.7
3538709,112.94,100.3,85.5,101.48
3538808,179.25,149.15,155.3,160.96
3538907,104.38,92.05,101.4,98.37
3539004,78.19,59.65,64.1,67.07
3539103,167,141.8,131.3,148.28
3539202,174.75,153,131.5,155.89
3539301,86.75,68.35,74.6,76.11
3539400,127.5,120.45,116.9,122.13
3539509,78.31,56.55,61.4,65.17
3539608,83.56,64.75,82.8,75.22
3539707,165.19,144.3,128.3,148.09
3539806,131.69,140.85,124.1,134.02
3539905,74.06,57.85,70.1,66.15
3540002,130.62,120,109.3,121.37
3540101,93.44,78.7,91.9,86.7
3540200,72,54.95,56.2,61.15
3540259,70.69,57.75,62.5,63.28
3540309,56.06,48.05,55.8,52.52
3540408,60.38,45.55,58.4,53.5
3540507,147.06,137.75,113.7,135.76
3540606,139.56,129.85,123.8,131.91
3540705,82.94,67.1,71.5,73.57
3540754,107,86.5,81.6,92.57
3540804,89.56,69.85,77.1,78.28
3540853,125.31,115.35,101.7,115.85
3540903,74.69,60,66.3,66.48
3541000,378.81,349.6,334.2,356.41
3541059,149.69,132,117.5,135
3541109,118.25,113.95,106.2,113.76
3541208,151.62,130.55,113.6,134.2
3541307,148.75,124.05,112.8,130.2
3541406,132.38,121.85,102.8,121.37
3541505,139.31,110.7,102.2,118.8
3541604,99.19,75.9,94.5,88.04
3541653,152.94,140,133.2,143.02
3541703,138.5,127.9,111.7,128.07
3541802,118.56,106,107.5,110.7
3541901,99.06,78.85,84.1,87.02
3542008,130.88,117.85,112.3,121.17
3542107,129.31,118.8,104,119.24
3542206,149.81,139.35,113.4,137.35
3542305,112.31,105.4,115.1,109.91
3542404,153.75,142.65,115.8,140.67
3542503,94.31,75.8,86.9,84.65
3542602,232.69,247.8,219.1,236.3
3542701,61.06,53.55,61.3,57.85
3542800,217.12,240,217.6,227.17
3542909,96.12,77.4,93.7,87.46
3543006,211.81,218.35,219.5,216.33
3543105,57.44,43.6,68.4,53.8
3543204,156.69,138.85,124.8,142
3543238,134.94,110.45,95.5,115.72
3543253,199.75,199.4,188.5,197.15
3543303,215.81,196.05,197.6,203.26
3543402,81.94,60.65,60.6,68.04
3543501,220.56,184.6,193.6,199.07
3543600,55.56,36.4,56.9,47.52
3543709,82.44,61.6,75.9,71.96
3543808,120.06,109.65,103.1,111.85
3543907,116.31,89.75,89.9,99.02
3544004,122.75,109.8,91.7,110.37
3544103,319,316.4,327.7,319.76
3544202,52.44,42.55,50.8,47.78
3544251,176.25,155.8,158.4,163.48
3544301,101.62,82.35,80.5,88.65
3544400,108.81,87.15,97.5,96.93
3544509,74,57,69,65.52
3544608,88.75,70.3,85.5,80.02
3544707,125.75,115.55,102.2,116.2
3544806,86.88,62.25,86.2,76.02
3544905,67.38,55.8,58,60.3
3545001,165.69,150,146.3,154.65
3545100,118.5,103.6,101.6,108.35
3545159,118.06,103,89.8,105.37
3545209,132.88,120.65,104.2,121.33
3545308,161.19,149.15,144.8,152.39
3545407,163.38,147.5,132.2,149.7
3545506,178.88,155.45,136.6,159.5
3545605,82.94,65.6,74.8,73.63
3545704,68.25,52.5,64.2,60.52
3545803,120.12,114.8,98.1,113.02
3546009,121.25,111.65,107.9,114.17
3546108,66.25,51.4,64.6,59.43
3546207,99.19,81.05,78.8,86.87
3546256,75.31,60.75,66.1,66.98
3546306,86.5,67.25,71.3,74.83
3546405,165.38,146.65,138.1,151.3
3546504,87.12,63.35,71.7,73.43
3546603,72.69,56.1,64.6,63.72
3546702,115.56,93.35,93.5,101.11
3546801,134,127.15,126,129.28
3546900,90,69.2,83.8,79.61
3547007,111.44,99.2,89.1,101.26
3547106,121.19,98.6,94.8,105.63
3547205,69.31,57.6,63.9,63.04
3547304,168.69,137.25,136.9,148.11
3547403,68.56,53.7,64.9,61.3
3547502,81.31,64.85,70.1,71.72
3547601,77.56,63.55,63.6,68.43
3547650,69.31,57.6,63.9,63.04
3547700,153.81,127.65,113.2,133.61
3547809,215.81,196.05,197.6,203.26
3547908,77.5,65.35,66.3,69.78
3548005,119.5,105.2,106.5,110.46
3548054,84.88,64.2,79.1,74.63
3548104,111,88.45,95.2,97.76
3548203,131.94,109.65,103.9,116.15
3548302,127.44,106.4,97.4,111.76
3548401,121,104.55,107.8,110.98
3548500,396.94,379.05,383.4,386.22
3548609,122.31,97.85,100,106.83
3548708,296.75,250.1,260.8,268.65
3548807,144.19,142.25,128.2,139.87
3548906,95,78.15,93.5,87.35
3549003,69.38,57.85,63.5,63.09
3549102,88,71.5,71.6,77.26
3549201,67.31,52.8,65.2,60.54
3549250,68.5,53.15,62.7,60.57
3549300,118.19,93.6,94.8,102.41
3549409,58.19,44.45,62.5,53.15
3549508,58.31,50.05,61.5,55.41
3549607,132.19,115.25,105.2,118.96
3549706,83.5,73.35,66.8,75.46
3549805,69,60.6,59.2,63.22
3549904,134.25,115.8,116.2,122.3
3549953,186.31,165.5,166.9,173.04
3550001,138.44,127,135.2,132.76
3550100,121.56,115.95,108.8,116.35
3550209,194.56,176.65,190.5,185.89
3550308,144.12,141,130,139.7
3550407,102.88,94.05,86.1,95.39
3550506,151.12,139.75,120.6,139.54
3550605,164.75,167,151.9,162.93
3550704,235,195,259.9,223.02
3550803,89.75,82,71.9,82.5
3550902,79.56,63.2,67.9,69.91
3551009,351.69,308.8,312.3,324.48
3551108,155.06,142.35,136.9,145.59
3551207,183.19,158.95,163.6,168.39
3551306,72.94,57.55,71.5,65.93
3551405,76.62,60.15,64.8,66.89
3551504,82.62,62.3,64.9,69.93
3551603,119.5,112.95,104.3,113.35
3551702,78.25,59.95,65.1,67.43
3551801,266.31,251.5,248.2,255.93
3551900,62.06,52.25,56.1,56.5
3552007,106.75,95.3,81.8,96.35
3552106,131.94,117.2,121.6,123.28
3552205,147.62,130.25,116.4,133.28
3552304,80.19,61.4,70,69.8
3552403,116,115,102.8,112.7
3552502,158.69,169.75,136.4,158.65
3552551,78.69,59.95,64.7,67.5
3552601,82.25,66.8,69.1,72.67
3552700,97.56,70.25,82.1,82.33
3552809,151.75,147.8,129.3,145.15
3552908,178.31,155.8,132.4,158.54
3553005,186.75,154.75,164.7,168.04
3553104,79.56,63.25,67.6,69.87
3553203,77.06,61.8,65.8,67.98
3553302,76.62,63.9,66.7,68.93
3553401,65.88,58.7,64.3,62.41
3553500,263.06,257.2,233.8,254.15
3553609,83.56,64.5,77.8,74.02
3553658,78.19,57.75,63.3,66.07
3553708,80.88,59.55,71.6,69.59
3553807,189.69,153.15,160.4,167.43
3553856,196.62,177.6,177.7,184.24
3553906,169.25,145.3,122.8,148.74
3553955,165.94,150.75,140.2,153.74
3554003,142.44,134.65,121.2,134.43
3554102,102.94,84.1,85.6,90.98
3554201,179.5,157.25,160.4,165.67
3554300,186.25,155.9,139.1,162.8
3554409,58.38,47.7,51.3,52.2
3554508,126,110.55,93.2,112.15
3554607,181.38,156.55,164.1,166.83
3554656,153.38,138.05,122.9,140.09
3554706,109.62,96.55,88.7,99.39
3554755,99.62,78.95,87.7,88.04
3554805,117.06,93.9,93.1,101.78
3554904,71.06,57.65,67.5,64.46
3554953,128,119.1,112.3,120.72
3555000,128,121.05,116,122.37
3555109,118.5,100.2,98.8,106.26
3555208,87.69,62.95,87,76.78
3555307,59.38,45.2,61.5,53.67
3555356,86.19,63.55,81.4,75.3
3555406,218.19,186.8,207.3,202.17
3555505,146.62,134.3,121.1,135.72
3555604,83.06,68.3,67.2,73.2
3555703,80.75,58.9,74.4,69.87
3555802,67.44,57.45,64.2,62.39
3555901,95.5,77.35,91.2,86.67
3556008,88.5,68,80.3,77.8
3556107,63.69,53.65,67.9,60.24
3556206,126.5,122.55,107,120.54
3556305,106.56,86.65,94.3,95.24
3556354,134.69,124.6,113.4,125.67
3556404,90.81,72.2,73.6,78.98
3556453,168.31,170.7,153,166.02
3556503,158.75,144.7,123.6,145
3556602,137.06,127.1,115.8,128.11
3556701,130.56,137.25,118,130.74
3556800,66.81,51.75,57.6,58.26
3556909,81.19,63.05,71.7,71.24
3556958,66.94,49.8,66.8,59.46
3557006,156.44,134.55,120.8,139.17
3557105,62.06,56.5,69.3,61.22
3557154,87.12,66.35,92.9,79.35
3557204,175.06,151.55,152,159.83
3557303,101.5,81.3,81.8,88.43
4100103,217.5,190.65,162.9,193.96
4100202,216.75,243.15,218.7,228.65
4100301,291.56,320.5,282,302.07
4100400,264,285.8,258.3,272.24
4100459,403.62,327.6,275,342.61
4100509,285.81,214.05,219.5,240.2
4100608,231.75,196.35,181,205.33
4100707,334.19,259.4,226.6,278.28
4100806,191.75,163.7,146.4,169.7
4100905,223.69,206.7,190,208.98
4101002,456.06,382.65,316.5,393.8
4101051,376.75,292,270.1,316.72
4101101,175.69,164.25,148.6,164.83
4101150,237.81,200.3,171.4,207.07
4101200,320.5,356.9,306.9,333.37
4101309,321.19,334.75,292.6,320.87
4101408,282.62,221.7,200.5,238.28
4101507,275,212.25,192.5,229.78
4101606,243.19,214.3,199.3,221.09
4101655,349.62,286.65,250,300.59
4101705,303.25,247.65,212.2,259.28
4101804,262.44,299.85,257.9,277.72
4101853,358.25,292.8,239.7,304.02
4101903,250.19,197.45,173.5,210.59
4102000,346,276.6,247.5,294.41
4102109,221.75,180.75,172.9,193.3
4102208,242.12,207.45,176.1,212.7
4102307,269.44,312.8,257.7,285.74
4102406,187.62,168,157.5,172.54
4102505,310.12,239,204.7,256.28
4102604,473.56,422.45,319.4,417.83
4102703,189.38,173.8,149.7,173.98
4102752,446.31,377.25,315.8,387.91
4102802,213.81,174.55,154.9,183.93
4102901,438,434.4,357.2,418.87
4103008,339.88,277.85,256.9,294.87
4103024,417,372.15,306.4,373.46
4103040,381.12,325.35,281.9,335.3
4103057,408.62,343.45,276.9,351.65
4103107,252.56,302.7,255.6,275.02
4103156,472.19,419.65,327.2,417.83
4103206,287.88,226.7,194.7,241.02
4103222,431.38,377.25,329.7,385.74
4103305,308.69,249.1,210.9,261.52
4103354,407.06,325.75,270.8,342.09
4103370,329.81,259.55,221.2,275.65
4103404,202.12,167.8,149.4,175.74
4103453,370.75,295.75,263.1,314.74
4103479,301.19,225.1,215.4,249.46
4103503,289.62,229.9,197.2,243.57
4103602,166.62,153.35,139.6,154.98
4103701,233.75,184.35,161.3,196.52
4103800,285.19,232.15,205.4,244.78
4103909,380.88,301.7,281.1,324.76
4103958,391.81,360.25,292.6,356.52
4104006,280.75,324.45,265.1,296.35
4104055,415.88,338.65,268.2,350.2
4104105,318.19,332.6,281.3,316.43
4104204,272.81,290.25,252.9,276.07
4104253,264.56,285.7,252.7,271.17
4104303,323.31,265.5,227.5,277.35
4104402,357.69,305.05,278.4,317.57
4104428,429.06,378.75,299.1,378.93
4104451,426.12,370.4,323.9,379.67
4104501,417.06,355.05,309.1,366.63
4104600,404.75,335.65,275.3,346.57
4104659,294.94,306.25,253.8,290.91
4104709,208.69,175.9,166.5,185.26
4104808,403.25,328.85,272.8,342.54
4104907,293.44,287.2,257.4,282.89
4105003,404.81,359.45,292.4,360.65
4105102,195.94,160.75,144,169.35
4105201,228.75,256.35,230.3,241.09
4105300,406.88,353.65,280.2,356.2
4105409,426.06,410.25,330.5,398.41
4105508,282.5,234.4,209.2,245.65
4105607,238.69,199.35,193.2,211.7
4105706,457.19,424.35,338.4,417.09
4105805,250.56,286.5,246.1,265.22
4105904,208.75,169.45,159,180.85
4106001,249.94,203.9,172.8,213.15
4106100,216.62,187.1,172.9,194.28
4106209,268.94,307.75,261.7,284.24
4106308,383.38,310.45,273.6,327.8
4106407,209.56,181.4,164.9,187.61
4106456,451.38,415.5,369.4,417.96
4106506,436.94,407.25,329.5,400.67
4106555,323.81,246.3,223.4,268.28
4106571,412.19,372.8,300.3,370.74
4106605,277.06,221.35,203.2,236.78
4106704,214.88,174.7,159.6,185.39
4106803,387.25,386.9,324.5,373.46
4106852,323.94,270.65,220.7,278.33
4106902,262.56,305.55,258.2,280.3
4107009,258.75,233.55,192.3,233.35
4107108,190,167.3,160.6,173.74
4107124,416.56,352,276.1,357.96
4107157,368.25,337.05,262.9,331.78
4107207,442.5,409.5,332,404.13
4107256,227.69,197.4,190.8,206.5
4107306,306.5,254.5,220.3,265.15
4107405,453.25,399.35,329.3,402.87
4107504,294.12,230.2,209.7,247.98
4107520,274.81,214.2,219.8,236.5
4107538,351.19,298.75,247,305.74
4107546,427.19,348.85,306,366.78
4107553,332.69,281.95,250.9,292.85
4107603,325.56,275.6,223,281.54
4107652,270.88,303.75,269.9,284.96
4107702,304.25,231.75,204.9,251.13
4107736,332.56,340.55,268.9,322.2
4107751,250.56,218.7,190.5,223.65
4107801,294.25,249.05,217.9,258
4107850,473.06,432.5,328.6,424.02
4107900,285.94,214.2,192.6,234.46
4108007,197.94,168.7,145.1,173.74
4108106,237.81,200.3,171.4,207.07
4108205,345.44,277.7,237.2,292.46
4108304,387.56,329.5,274.5,337.74
4108320,298.19,231,223,252.63
4108403,456.75,397.75,338.3,405.35
4108452,444.44,410.5,324.6,403.63
4108502,402.31,388.9,322.1,379.04
4108551,314.12,259.3,218.2,269.43
4108601,325.81,255.2,238.1,276.04
4108650,416.38,360.6,319.1,370.98
4108700,337.25,274.2,221.4,284.65
4108809,305.75,231.95,215.5,254.04
4108908,218.25,200.9,181.1,202.63
4108957,363.31,335,265.7,329.78
4109005,222.31,189.2,173.2,197.24
4109104,249.19,210.45,196.1,220.8
4109203,202.44,163.8,148.5,173.91
4109302,430.88,352.55,273.3,362.57
4109401,399.38,378.15,306.7,370
4109500,324,352.4,312.8,333.91
4109609,320.38,366.3,326.8,341.74
4109658,451.25,417.7,336.3,411.67
4109708,255.12,217.2,213.1,229.5
4109757,419.88,356.75,281.2,362.28
4109807,234.06,190.35,162.4,199.48
4109906,234.31,211.2,192.5,215.17
4110003,241.94,205.2,181.1,212.74
4110052,368.38,285.45,275,312.02
4110078,336.56,310.2,263.7,309.26
4110102,338.12,330.2,260.8,317.87
4110201,386.06,383.6,299.8,366.24
4110300,185,161.25,153.9,167.91
4110409,265.19,226.65,210.4,236.52
4110508,301.31,290.35,251.2,285.65
4110607,301.62,228.8,223.7,253.02
4110656,359.81,290.5,264.3,308.91
4110706,347.12,354,263.1,331.85
4110805,354.75,279.9,254.1,300.33
4110904,196.56,158.85,143.6,168.65
4110953,373.25,336.9,266,334.13
4111001,177.62,161.65,143.4,163.24
4111100,294.38,222.6,194.2,241.39
4111209,416.62,373.6,334.8,380.13
4111258,277.69,284.3,261,276.93
4111308,196.44,176.75,165.6,181.17
4111407,383.12,329.9,286.3,338.93
4111506,354.62,286.75,241.1,300.43
4111555,238.56,205.95,195.5,215.02
4111605,293.25,240.5,205.1,251.15
4111704,247.75,213.9,212.1,225.28
4111803,187.88,161.45,152.6,168.72
4111902,204.62,168.15,143,175.37
4112009,266.81,251.15,223.1,250.5
4112108,285.75,236.35,204.1,246.52
4112207,330.69,266.15,251.9,285.5
4112306,246.31,215.65,211.7,225.46
4112405,263.31,230.4,209.3,237.26
4112504,351.5,281.7,242.6,297.48
4112603,188.69,158.7,138.4,164.72
4112702,236.5,190.95,161,200.28
4112751,358,290.2,252.3,305.54
4112801,219.31,186.25,173.3,194.93
4112900,228.06,193.8,165.5,199.57
4112959,339,271.95,253.4,291.24
4113007,279.69,229.65,211.8,243.17
4113106,302.88,246.85,215,259.41
4113205,323.69,331.75,294,320.74
4113254,412.81,345,293.3,357.35
4113304,440.81,382.8,322.6,389.89
4113403,188.19,171.2,155.2,173.63
4113429,321.06,262.1,215.7,272.52
4113452,414.19,341.15,278.4,352.91
4113502,216.44,201.65,183.6,202.87
4113601,213.69,180.35,158.3,187.15
4113700,271.88,207.75,181.1,224.26
4113734,366.25,298.3,263.4,314.35
4113759,313.06,252.25,216.7,265.67
4113809,192.5,161.2,147.4,169.09
4113908,347.44,341.4,294.4,333.28
4114005,365.31,301.45,283,319.65
4114104,255.25,208.65,179,218.41
4114203,257.12,216.3,190.6,224.91
4114302,272.12,297.05,258.5,280
4114351,462.5,391.15,319.1,400.3
4114401,437.25,410.85,333.9,403.3
4114500,385.38,324.65,281.3,336.35
4114609,320.69,272,237.4,281.41
4114708,255.38,206.3,208.7,223.89
4114807,266.62,214.8,190.2,227.48
4114906,289.06,233.6,207.4,247.2
4115002,198.06,170.15,173.8,180.65
4115101,321.44,259.15,209.4,270
4115200,252.44,211.2,190.5,221.04
4115309,463.5,423.1,352.4,421.78
4115358,335.31,282.4,235.1,290.52
4115408,472.06,414.1,334.6,416.98
4115457,430.88,377.15,328.1,385.17
4115507,297,245.05,216.4,256.89
4115606,401.31,340.75,277.9,348.15
4115705,292.94,341.3,296.9,314.83
4115739,422.44,330.55,295.6,354.91
4115754,304.69,254.95,218.9,264.41
4115804,383.69,334.8,270.5,337.83
4115853,319.25,260.75,237.4,276.02
4115903,229.56,208.05,191.3,211.89
4116000,195.12,156.25,139.8,166.2
4116059,367.56,339.95,267.4,333.78
4116109,311.5,245.25,231,265.2
4116208,293.94,326.85,303,310.22
4116307,225.44,186.2,174.3,197.26
4116406,214.62,183.25,158.4,188.76
4116505,228.25,205.45,189.4,209.89
4116604,239.69,200.65,170.7,207.72
4116703,364.5,281.55,265.3,306.87
4116802,391,310.35,275.9,330.91
4116901,240.5,201.4,185.8,211.61
4116950,444.44,386.65,323.3,392.98
4117008,237.44,194.65,167.4,203.61
4117057,450.31,360.6,317.7,382.48
4117107,200.19,177.65,169,183.61
4117206,242.12,200.95,197.7,214.57
4117214,262.19,209.8,175.3,220.52
4117222,325.81,263.25,229.6,277.7
4117255,413.69,345.6,292.6,357.76
4117271,341.62,290.4,255.2,300.57
4117297,292.44,238.75,207.1,250.54
4117305,292.25,265.6,215.8,264.04
4117404,302.44,252.35,218.2,262.35
4117453,344.56,301.45,251,305.48
4117503,304.19,249.05,214.3,260.67
4117602,466.12,418.2,359.8,422.17
4117701,303.56,322.2,260,302.2
4117800,445.38,340.5,314.4,371.3
4117909,317.12,245.05,219,264.46
4118006,231.25,210.4,191.4,213.52
4118105,193.44,163.2,153.9,171.7
4118204,263.56,306.6,253.6,280.11
4118303,184.56,158.2,141.7,163.78
4118402,214,189,172.3,194.07
4118451,334.69,286,237,292.28
4118501,462.75,419.75,346.3,418.74
4118600,355.81,379.85,302.5,354.67
4118709,349.44,355,287.6,338.41
4118808,308.81,240.2,210.8,257.67
4118857,312.75,231.1,213.2,255.61
4118907,278.75,218.05,217.7,239.09
4119004,445.94,378.9,313,387.89
4119103,295.19,333.7,284.1,309.52
4119152,254.75,294.3,249.2,270.74
4119202,263.75,218.9,207.5,232.02
4119251,468.81,394.05,319.4,403.83
4119301,470.12,440.3,374.4,436.35
4119400,278.88,277.25,248.6,271.59
4119509,291.88,346.25,302.1,317.74
4119608,401.12,348.4,313.5,359.15
4119657,225.44,180.15,174.4,194.65
4119707,225.62,207.35,192.7,210.52
4119806,429.5,372.95,312.3,379.43
4119905,303.25,316.55,238.9,295.04
4119954,275.12,322.6,275.9,295.93
4120002,190.75,163.1,144.2,168.61
4120101,308.06,325.55,278.9,309.33
4120150,424.62,378.75,320,381.93
4120200,199.62,177.15,171.4,183.72
4120309,404.12,396.9,328.5,384.54
4120333,198.31,161.5,140.5,169.74
4120358,462.25,397.75,332.2,405.93
4120408,246,209.2,180.2,215.7
4120507,182.69,160.95,146.2,165.3
4120606,371.62,360.5,289.8,349
4120655,342.94,265.35,256.5,290.41
4120705,211.12,183.9,169.6,190.26
4120804,326.94,352.3,318.4,336.11
4120853,331.44,277.25,241.4,288.3
4120903,415.44,365.15,306.4,369.87
4121000,205.56,194.55,169.5,192.93
4121109,304.75,228,203.6,249.39
4121208,275.81,314.15,274.2,292.13
4121257,388.81,346.8,280.7,347.04
4121307,200.62,174.9,149.7,178.37
4121356,336.69,269.55,254,289.52
4121406,407,359.15,300.1,362.96
4121505,336.75,342.45,270.7,324.87
4121604,470.75,409,336.6,414.74
4121703,352.88,315.6,269.2,318.48
4121752,467.12,427.85,347.5,424.04
4121802,186.94,152.05,157.5,165.37
4121901,227.06,186.85,165.1,196.11
4122008,346.5,334.15,280.9,326.87
4122107,293,240.85,208.2,251.89
4122156,416.44,375.9,318.7,377.57
4122172,367.31,286.6,241.8,304.93
4122206,265,280.55,263.8,271.5
4122305,328.31,339.3,298.5,326.61
4122404,225.31,180.65,170.8,194.04
4122503,377.06,302,274.6,322.15
4122602,259.12,222.05,209.5,232.22
4122651,364.06,287.35,244.3,304.67
4122701,249.38,193.9,192.5,212.89
4122800,473.5,411.55,329.7,415.3
4122909,210.88,180.55,186.3,192.35
4123006,436,387.5,326.5,391.11
4123105,208.5,180.5,167.3,187.37
4123204,262.19,209.8,175.3,220.52
4123303,205.62,195.2,177.6,195
4123402,226.81,193.35,164.4,198.7
4123501,363.69,313.95,252,317.78
4123600,197.75,160.75,147.4,170.72
4123709,212.12,198.05,186.6,200.46
4123808,421.62,365.3,310.6,373
4123824,421.12,352.3,283,361.17
4123857,442.94,366.05,341.7,387.5
4123907,190.56,166.8,154,172.28
4123956,213.19,197.2,190.7,201.35
4124004,215.88,183.15,190.5,196.13
4124020,382.88,319.8,267.9,330.46
4124053,387.56,329.5,274.5,337.74
4124103,203.69,177.65,154.3,181.63
4124202,192.5,165.25,154.9,172.48
4124301,254.06,205.6,175.3,215.87
4124400,463.88,402.4,323.5,406.63
4124509,202.12,159.35,149.6,172.11
4124608,257.5,220.4,200.1,228.89
4124707,282,230.4,214.1,244.8
4124806,443.81,408.75,334.3,404.76
4124905,202.56,174.8,162,181.67
4125001,300.44,235.3,200.6,250.41
4125100,320.19,330,285.6,316.93
4125209,436.12,395.35,321.2,393.41
4125308,296.12,249,217.2,258.48
4125357,276.88,208.3,222.1,235.15
4125407,217.62,201.6,195,205.74
4125456,357.56,316.05,252.6,316.7
4125506,302.75,355.75,297,324.54
4125555,250.75,222.2,204,228.17
4125605,324.88,340.5,288.7,323.8
4125704,399,340.65,278.3,347.39
4125753,370.31,326.3,262,327.63
4125803,297.06,235.7,201.3,249.57
4125902,198.88,171.05,173,181.15
4126009,248.31,197.5,176,210.5
4126108,271,230.95,213.6,241.11
4126207,276.81,239.85,211.5,246.54
4126256,260,214.1,188.5,224.5
4126272,428.38,406.9,324.1,396.37
4126306,231.38,230.2,209.6,226.13
4126355,383.88,337.15,263.6,337.41
4126405,185.75,167.05,149.1,169.65
4126504,207.44,171.9,150.7,179.65
4126603,218.31,183.2,183.6,195.5
4126652,442,402.45,324.5,399.26
4126678,300.88,248.8,219.2,260.48
4126702,235,204.85,190.8,212.28
4126801,276.19,223.15,212.9,239.37
4126900,229.12,196,192.6,206.78
4127007,326.44,336.45,276.4,319.91
4127106,294.69,271.95,230.2,270.78
4127205,286.69,227.3,208.8,243.93
4127304,196.56,170.85,158.5,177.11
4127403,318.06,242.5,219.6,263.8
4127502,291.06,272.5,236.7,271.17
4127601,276.88,324.05,279.8,298.02
4127700,345.69,310.4,242.8,307.98
4127809,239.75,209.1,203.1,218.46
4127858,420.38,377.6,297.8,375.13
4127882,220.5,277.15,227.8,246.72
4127908,286.25,226.05,199.1,241.13
4127957,365.25,299.05,250.6,311.54
4127965,387.94,341.1,281.6,344.46
4128005,358.81,281.5,266.9,305.22
4128104,259.06,210.5,213.5,228.04
4128203,378.94,408.05,315.6,377.83
4128302,227.88,187.65,167.5,197.26
4128401,214.12,188.85,155.3,190.35
4128500,222.75,195.05,193.9,204.43
4128534,267.31,237.1,212.7,242.3
4128559,396.81,342.85,278.7,347.67
4128609,439.06,393.25,335.5,396.63
4128625,266.31,209.1,216.5,230.61
4128633,240.06,262.75,219.8,245.52
4128658,436.06,386.05,329.5,391.15
4128708,475.25,417.8,350.5,423.15
4128807,278.38,219.1,216.4,239.13
4200051,428.12,448.9,316.9,412.98
4200101,471,426.65,359.7,427.52
4200200,336,373.3,267.2,337.26
4200309,341,376.15,268.7,340.57
4200408,435.94,416.4,326.9,403.74
4200507,445.94,413.15,330.3,406.54
4200556,443.44,405.2,318.9,399.74
4200606,289.62,352.75,268.8,312.54
4200705,339.19,373.35,298.8,345.26
4200754,464.19,467,335.4,437.41
4200804,444.31,405.25,331.8,402.87
4200903,300.31,359.3,258,316.76
4201000,439.19,453,350.7,425.96
4201109,306.56,358.15,297,326.91
4201208,279.06,346.4,237.3,299.26
4201257,326.06,362.7,255.5,326.65
4201273,464.56,472.55,335,439.87
4201307,311.62,351.6,303.7,327.28
4201406,320.25,362.35,328.3,340.3
4201505,257.44,303.05,263,278.48
4201604,401.62,391.55,299.6,375.07
4201653,455.38,438.75,331.3,421.17
4201703,327.19,369.15,258.3,330.46
4201802,337,378.75,265.8,339.67
4201901,347.56,361.05,262.4,334.91
4201950,324.5,364.15,321.4,341.07
4202008,276.12,345.65,256.9,302.17
4202057,302.44,353.8,301.3,324.52
4202073,343.44,368.55,330,351.43
4202081,461.25,384.65,338.8,401.33
4202099,438.62,380.65,333.4,390.54
4202107,292.88,323.95,287.8,305.28
4202131,353.19,364.35,298,346.04
4202156,461.56,389.25,335.4,402.7
4202206,319.56,347.95,264.3,319.89
4202305,267.5,349.1,235.4,296
4202404,323.44,349.8,280,325.46
4202438,360.12,411.1,297.7,368.72
4202453,256.31,347.85,235.1,291.5
4202503,349.81,410.55,331.1,372.15
4202537,457.31,430.65,352.6,422.96
4202578,445.5,414.8,323.6,405.65
4202602,344.06,392.75,293.3,354.2
4202701,297,342,242.6,304.74
4202800,256.25,302.8,256.7,276.59
4202859,337.19,379.4,264.5,339.74
4202875,400.06,401.45,298.7,378.63
4202909,301.12,345.85,251.5,309.78
4203006,381.94,379.9,288.9,360.83
4203105,454.62,419.6,344.5,415.46
4203154,381.12,373.65,287.7,357.57
4203204,293.12,341.15,256.6,306.07
4203253,394.5,426.25,339,396.24
4203303,330,383.3,313.1,349.5
4203402,399.94,437.7,336.5,402.57
4203501,460.06,437.4,325.3,420.91
4203600,449.5,453.25,336.8,426.63
4203709,288.62,343.8,234.4,300.83
4203808,353.31,376.05,292.2,349.91
4203907,447.44,437.9,334.8,418.8
4203956,279.81,320,282.2,297.8
4204004,446.5,453.15,322.7,422.48
4204103,444.06,415.5,337.1,408.39
4204152,473.69,471.45,362.9,448.63
4204178,414.81,433.95,335.6,405.91
4204194,346.44,375.5,281.7,345
4204202,445.5,428.65,323.8,411.72
4204251,289.88,336.6,295.9,311.5
4204301,456.56,471.3,333.3,436.17
4204350,441.62,417.8,330,407
4204400,448.62,401.9,317.3,399.76
4204459,465.38,424.9,330.8,418.52
4204509,336.19,373.5,303.6,345.33
4204558,372.12,402.3,299.7,369.5
4204608,308.88,354.05,320.1,330.96
4204707,439.88,394.6,325.4,395.3
4204756,446.94,414.6,330.6,407.59
4204806,389.06,383.1,294.1,365.83
4204905,442.88,387.95,341.4,396.93
4205001,482.44,428.15,327.9,425.24
4205100,340.69,355.3,271.9,332.09
4205159,331.5,352.75,282.5,330.09
4205175,454.06,418.95,329.2,411.65
4205191,337.31,371.2,326.6,349.72
4205209,435.44,436.55,311.7,409.02
4205308,456.19,450.75,361,433.13
4205357,443.56,377.75,331.7,390.63
4205407,253.06,342.9,240.3,289.35
4205431,457.25,418.9,322.2,411.22
4205456,314,359.3,321.3,335.28
4205506,394.94,386.95,297.5,370.28
4205555,393.56,378.25,302.6,367.13
4205605,468.94,427.85,342.1,423.5
4205704,273.69,327.7,294.8,301.76
4205803,343.38,406.95,330.2,368.15
4205902,319.62,338.4,271,317.22
4206009,256.31,347.85,235.1,291.5
4206108,281.25,342.15,284.3,308.39
4206207,266.25,310.4,265,285.17
4206306,303.31,346.4,253.3,311.17
4206405,457.31,397.95,332.5,404.37
4206504,319.19,365.65,298.4,334.87
4206603,478.69,436.95,329.2,428.04
4206652,443.62,419.1,326.8,407.57
4206702,436.94,439.15,303.8,408.96
4206751,441.06,443.4,314,414.46
4206801,420.69,414.05,302.1,392.02
4206900,333.94,355.65,265.9,328.59
4207007,303.25,348.35,315,325.41
4207106,305.62,343.75,270,314.46
4207205,279.06,314.1,275.5,293.52
4207304,277.94,329.1,293.6,303.59
4207403,345.75,365,279.4,339.7
4207502,318.94,362.35,259.4,324.87
4207577,399.25,379.35,296.9,368.35
4207601,447.88,442.6,314.2,416.52
4207650,456.25,420.2,342.4,415.83
4207684,463.69,426.05,339.5,420.33
4207700,469.75,473.35,341.3,443.39
4207759,444.5,393.5,335.8,398.7
4207809,456.31,475.9,341.3,439.83
4207858,453.25,418.9,321.7,409.72
4207908,358.06,373.3,306.4,353.46
4208005,464.88,465.45,334.5,436.78
4208104,346.75,367.25,305.8,346.76
4208203,304.06,344.7,264,313.02
4208302,278.06,343.55,246,299.57
4208401,445.69,410.55,331.4,405.57
4208450,324.75,382.75,332.3,351.61
4208500,347.31,361.65,265.7,335.8
4208609,449.25,447,320.4,420.26
4208708,341.38,380.15,329.8,355.72
4208807,292.38,324.1,302.5,308.37
4208906,339.19,391.9,311,355.98
4208955,445.75,407.85,317.8,401.46
4209003,433.62,433,312.7,407.07
4209102,360.25,404.85,321,371.11
4209151,337.88,358.45,274.2,332.98
4209177,474.38,423.8,348,424.91
4209201,442.88,435.5,312.1,411.24
4209300,383.44,413.6,339.1,386.91
4209409,285.69,320.6,288.5,301.48
4209458,456.69,418.05,328.6,412.04
4209508,342.12,371.9,262.2,337.7
4209607,283.88,353.8,290.4,315.7
4209706,366.44,369.25,303.2,353.91
4209805,318.25,345.35,260.3,317.43
4209854,461.62,473.45,343.1,441
4209904,337.38,361.15,267.4,332.5
4210001,295.62,325.2,280.9,305.28
4210035,437.31,431.2,309.1,406.78
4210050,391.31,371,297.1,362
4210100,341.06,357.4,309.2,341.24
4210209,288.06,351.05,244.3,305.93
4210308,364.94,372.3,295.5,353.04
4210407,313.44,359.5,323.8,335.72
4210506,425.12,390.3,323.2,387.83
4210555,449.06,417.05,322.3,407.59
4210605,314,350.65,294,325.59
4210704,389.44,374.45,304.7,364.5
4210803,328.19,367.85,323.9,344.5
4210852,351,366,285.2,343.22
4210902,432.81,399.6,323,394.5
4211009,456.25,420.2,342.4,415.83
4211058,406.62,387.6,307.3,376.76
4211108,365.75,375.6,295.8,354.83
4211207,289.31,334,307.8,312.76
4211256,337,375.8,324.9,351.24
4211306,293.38,325.25,273.4,302.89
4211405,441.94,398.7,319.4,396.5
4211454,445.44,401.5,319.5,398.96
4211504,287.38,353.05,245.4,306.8
4211603,313.38,357.2,318.6,333.57
4211652,471.06,428.05,330.6,421.83
4211702,271.19,342,282.9,304.52
4211751,339.31,396.65,282,351.78
4211801,440.56,440.5,311.3,412.43
4211850,463.81,443.25,362.6,432.87
4211876,464.56,457.75,332.8,432.96
4211892,370.38,415.25,320.7,379.09
4211900,271.12,336.05,263.9,297.78
4212007,482.38,440.45,334.3,431.96
4212056,356,403.1,292.2,362.61
4212106,456.5,418.25,333.4,413.11
4212205,367.88,376.5,302.7,357.46
4212239,455.81,381.25,339.9,398.2
4212254,348.5,367.75,325.8,351.93
4212270,474.88,451,357,438.87
4212304,270.5,332,284.8,300.35
4212403,260.81,309.45,269.9,283.93
4212502,293.69,322.15,270,300.91
4212601,452.12,454.4,324.4,425.35
4212650,285.69,320.6,288.5,301.48
4212700,341.88,389.5,279.3,348.98
4212809,292.62,326.05,279.9,304.39
4212908,439.31,398.45,316.4,394.83
4213005,421.25,399.6,305.3,386.63
4213104,454.06,454.7,326.3,426.57
4213153,444.38,408.8,327.5,403.5
4213203,321.88,356.25,281.1,327.96
4213302,367.31,391.65,277.1,358.28
4213351,385.25,389,302.1,368.8
4213401,463.81,454.05,357.8,436.52
4213500,278.06,343.55,246,299.57
4213609,380.06,374.95,314.4,363.57
4213708,336.31,368.9,267.7,335.57
4213807,360.69,380.65,335.2,363.83
4213906,446.62,435.6,315.8,413.39
4214003,343.81,363.5,273,336.98
4214102,332.25,360.25,249.7,326.48
4214151,479.12,414.9,331.7,419.15
4214201,456.69,411.6,315.9,406.48
4214300,297.62,359.25,249.3,313.91
4214409,396.56,385,299.4,370.41
4214508,342.81,368.85,291.3,342.93
4214607,342.69,362.55,271.8,335.91
4214706,326.62,367.55,284.3,335.22
4214805,346.25,362.25,265.6,335.67
4214904,277.5,319.9,289.2,298.48
4215000,321.88,372.05,303.7,339.74
4215059,364.56,412.35,311.3,373.76
4215075,454.5,411.75,339.3,410.87
4215109,307.56,352.35,261.1,316.93
4215208,428.25,384.3,322.7,386.2
4215307,345.5,358.9,290.2,339.3
4215356,457.25,417,321.1,410.15
4215406,409.62,395.8,308.7,381.67
4215455,293.5,332.6,307.7,313.59
4215505,374.88,375.75,304.6,359.98
4215554,454.12,406,341.2,408.65
4215604,277.5,319.9,289.2,298.48
4215653,345.38,366,325.8,350.09
4215679,355.94,379.55,291.1,352.11
4215687,444.88,422.7,332.1,410.72
4215695,455.56,411.75,321.8,407.43
4215703,270.12,336.65,262.6,297.41
4215752,471.94,424.6,329.9,420.48
4215802,310.25,354.55,305.7,328.52
4215901,291.31,340.05,290.1,312.24
4216008,447,412.75,329.2,406.5
4216057,385.31,391.25,287,366.52
4216107,466.75,426.7,343.7,422.59
4216206,327.25,372.9,308.7,343.07
4216255,464.81,426.65,341.7,421.46
4216305,273.81,345.3,237.9,297.09
4216354,281.81,331.35,286.1,304.28
4216404,355.88,372.65,328.8,357.28
4216503,394.12,437.05,342.9,401.65
4216602,250.12,338.9,227.2,283.74
4216701,477,418.85,326.6,419.02
4216800,379.25,419.4,295.8,378.57
4216909,468.12,430.1,328.9,421.33
4217006,257,304.65,267.6,280.02
4217105,272.25,317.55,269.2,291.28
4217154,431.88,387.5,319.1,388.07
4217204,441.19,371,331.3,386.78
4217253,283.69,346.7,236.6,300.85
4217303,440.06,401.8,321.8,397.72
4217402,356.69,408.6,310.7,369.26
4217501,458.06,454.8,331.8,429.2
4217550,445.5,414.8,323.6,405.65
4217600,319.44,370.4,323.7,342.52
4217709,336.69,364.05,330,347.13
4217758,450.88,409.75,316.8,403.85
4217808,340.69,359.9,286.7,337.3
4217907,415.38,407.55,302.8,387.5
4217956,436,408.95,325.5,400.22
4218004,268.88,347.05,235,295.5
4218103,363.56,401.7,337.2,374.41
4218202,312.31,356.6,258.1,319.78
4218251,350.38,366.2,295.5,345.33
4218301,335.75,343.6,293.6,330
4218350,285.56,339.1,284.7,308.65
4218400,278.75,322.55,286.5,299.48
4218509,419.75,417,303.3,393.24
4218608,339,376.1,264.5,338.93
4218707,277,317.25,282.8,295.76
4218756,454.12,406,341.2,408.65
4218806,340.88,373.95,330.1,352.91
4218855,445.75,407.85,317.8,401.46
4218905,329.25,388.15,307.8,350.2
4218954,378.62,419.4,327.6,385.26
4219002,271.81,320.25,278.5,294.33
4219101,471.5,434.9,363.2,432.04
4219150,409.19,424.95,311.3,394.76
4219176,450.12,455.8,336.2,427.83
4219200,335.69,353.45,266.5,328.37
4219309,414.69,401.7,300.6,384.24
4219358,336.12,361.75,282,335.5
4219408,341.31,355.85,277.9,333.85
4219507,465.38,430.1,344.2,423.7
4219606,464.94,459.1,344.1,436.13
4219705,449.94,423.3,332.8,412.89
4219853,450.44,443.3,328.5,420.83
4220000,314.44,357.25,322,334.7
4300034,363.25,343,288.6,338.22
4300059,446.12,462.25,376,437.89
4300109,486,438.1,370.2,440
4300208,451.25,438.75,361.9,426.39
4300307,394.62,369.9,302.6,363.87
4300406,298.81,306.65,264.1,294.67
4300455,452.25,423,340.6,415.26
4300471,462,455.3,379.5,441.15
4300505,443.38,424.3,340,412.61
4300554,465.69,455.35,365.9,439.5
4300570,480.88,459.6,401.6,454.39
4300604,451.5,429.55,383.2,427.11
4300638,410,363.65,319.5,370.17
4300646,453.88,449.45,351.6,429.72
4300661,413.31,419.15,347.4,401.52
4300703,405.81,414.7,353.7,398.35
4300802,444,454.6,391,437.09
4300851,429.88,374.9,336.8,385.74
4300877,464.88,449.05,406,445.2
4300901,466.94,469.7,333,439.02
4301008,431.56,400.4,364.7,403.48
4301057,380.06,389.35,342.5,375.93
4301073,420.88,413.65,331.8,398.37
4301107,453.06,415.15,340.5,412.11
4301206,483.62,432.55,393.8,441.89
4301305,358.5,380.05,306.9,356.65
4301404,448.62,451.45,365.7,431.83
4301503,468.19,431.15,351.9,426.8
4301552,461.56,490.5,388.5,458.26
4301602,367.25,356.35,304.9,348.96
4301636,434.5,394.6,341.9,397.02
4301651,471.44,453,395.9,447
4301701,477.88,490.35,362.4,458.2
4301750,458.88,414.35,351.5,416.17
4301800,461.44,484,384.3,454.48
4301859,432.56,407.65,307.7,394.59
4301875,201.12,210.7,175.6,199.74
4301909,453.56,419.35,348.8,415.91
4301925,475.62,492.5,351.6,456
4301958,452.56,457.9,374.7,437.96
4302006,487.38,463.05,385.5,454.65
4302055,459.12,484.5,360.3,448.67
4302105,439.56,410.55,388.1,415.76
4302154,443.94,446.95,356.5,426.24
4302204,421.12,402,306.8,387.96
4302220,473.25,443.8,345,432.57
4302238,471.31,429.45,343.9,425.41
4302253,443.06,423.55,381.5,421.2
4302303,405.19,428,357.6,404.76
4302352,478.75,444.05,403.4,447.28
4302378,423.88,401.25,301.4,387.41
4302402,447.69,417.95,365.3,416.85
4302451,500.75,472,371.3,460.11
4302501,433.88,382.4,341.2,391.35
4302584,456.5,439.35,358,427.63
4302600,424.88,405.3,302.3,389.72
4302659,453.44,431.4,383,428.54
4302709,440.56,413.85,338,406.65
4302808,406,385.35,330.4,380.59
4302907,367.25,370.3,306.4,355.35
4303004,442.75,396.6,362.2,405.17
4303103,451.5,429.55,383.2,427.11
4303202,459.44,485.05,400.4,457.74
4303301,423.44,366.2,327.4,377.67
4303400,454.44,434.25,340.1,420.8
4303509,427,375.3,335,384.52
4303558,469.81,475,378.8,452.28
4303608,384.88,402.2,336.9,381.98
4303673,460.38,453.8,393.9,443.07
4303707,398.75,354.95,307.7,359.91
4303806,465.94,492.75,378.7,458.63
4303905,466,438.5,387.6,437
4304002,422.75,400.15,302.4,386.76
4304101,462.25,441.75,369.1,433.09
4304200,506.12,445.8,388,454.22
4304309,394.12,355.5,303,357.52
4304358,366.31,350.45,302.6,345.57
4304408,479,453.05,400.7,450.7
4304507,408.44,398.8,320.6,385.15
4304606,458.25,431.6,380.4,429.74
4304614,470.69,448.5,379.8,441.28
4304622,452.69,478.9,391.8,450.85
4304630,397.25,398,349.7,387.24
4304655,439.75,389.45,351.9,398.78
4304663,367.56,370.4,300.3,354.17
4304671,438.19,403.7,346.3,403.22
4304689,465.25,424.5,376.4,428.22
4304697,426,382.3,355.1,391.59
4304705,460,450.2,375,437.26
4304713,433.5,437.95,371.8,422.02
4304804,457.38,435.6,388.7,432.98
4304853,460.19,487.4,381.9,455
4304903,416.44,439.8,352.7,412.74
4304952,426.31,455.5,362.8,425.2
4305009,453.56,420.25,347.4,416
4305108,487.88,468.25,406.9,461.74
4305116,461.56,490.5,388.5,458.26
4305124,380.19,390.55,308.4,369.09
4305132,511.31,444.9,391.4,456.37
4305157,458.56,467.55,370.3,443.28
4305173,455.75,400.9,349.7,408.85
4305207,402,353.5,305.9,360.02
4305306,452.12,454.15,373.6,435.93
4305355,449.06,414.7,354.2,413.5
4305371,457.12,488.8,400.3,458.54
4305405,451.75,425.25,342,416.37
4305439,339.06,333.85,323.7,333.46
4305447,432.94,375.3,325.1,384.43
4305454,436.44,398.4,345.1,400.04
4305504,445.81,461.25,372.7,436.63
4305587,416.88,378.3,362.3,388.24
4305603,466.19,447.25,355.8,433.96
4305702,459.88,445.4,369.3,433.89
4305801,457.88,466.5,372.9,443.15
4305835,433.94,418.9,358.8,411.07
4305850,466.25,452.6,381.3,441.85
4305871,458.44,430.8,345.9,421.96
4305900,423.25,407.15,318.2,393.41
4305934,420.81,397.25,358.6,397.04
4305959,415.88,376.5,383,391.61
4305975,457.56,473.35,381.5,447.89
4306007,400.06,376.6,299.7,368.04
4306056,413.06,375.8,330.4,378.89
4306072,453.69,453.45,352.4,431.57
4306106,468.88,444.1,343.3,430.8
4306130,472.44,489.95,370.3,457.85
4306205,435.94,417.3,351.4,409.46
4306304,419.75,450.35,341.1,415.96
4306320,413.88,384.55,300.2,376.41
4306353,407.69,349.3,307.4,360.5
4306379,408.62,388.55,332.1,383.26
4306403,483,461.25,407,457.02
4306429,418.06,414.2,321.4,395.37
4306452,403.31,403.65,353.2,392.57
4306502,432.94,383.65,330.7,389.28
4306551,368.12,380.6,337.6,366.91
4306601,342.25,335,289.2,327.57
4306700,481.31,430.8,368.2,434.76
4306734,403.44,384.5,322.2,377.54
4306759,421.81,416.6,349.9,403.91
4306767,444.69,417.15,347.5,411.59
4306809,426,382.3,355.1,391.59
4306908,412.88,373.45,332.1,378.17
4306924,457.88,466.5,372.9,443.15
4306932,439.12,402.05,335.8,400.54
4306957,460.62,484.6,366.2,450.52
4306973,471.75,487.2,381.6,458.87
4307005,472.19,493.05,363.5,457.63
4307054,465.75,476,371.1,449.63
4307104,365.38,372.65,312.1,356.96
4307203,461.12,463.65,335.5,434.91
4307302,429.75,412.95,309.8,396.37
4307401,449.25,472.3,378.6,443.91
4307450,400.19,373.35,292.2,365.04
4307500,473.12,463.5,366.6,445.78
4307559,456.75,485.7,391.9,455.24
4307609,480.12,440.8,392,443.87
4307708,459.62,425.3,383.9,428.24
4307807,413.19,396.2,343.1,390.57
4307815,480.19,428.75,389.6,438.13
4307831,454.06,410.85,336.7,409.76
4307864,410.12,397.95,360.1,393.96
4307906,473.75,463.25,394.8,452.02
4308003,474.56,432.05,371.4,433.65
4308052,458,458.2,340.4,432.52
4308078,434.75,416.2,366.3,411.8
4308102,480.75,454.75,403.7,452.7
4308201,458.5,451.9,389.3,440.59
4308250,459.75,492.75,399.5,461
4308300,475.62,469.8,357.4,447.39
4308409,451.19,407.7,355.9,411.57
4308433,454.94,426.5,379,426.07
4308458,455.25,431.5,348.7,421.76
4308508,447.06,435.8,344.4,419.85
4308607,457.88,435.1,392,433.65
4308656,387.94,322.85,306.3,341.89
4308706,468.88,486.8,346.1,449.98
4308805,448.19,418.3,346.8,413.15
4308854,437.5,460.85,380.6,435.28
4308904,460.38,492.15,395.8,460.15
4309001,439.69,409.35,329.1,402.46
4309050,448.88,429,381.4,425.57
4309100,484.12,463.5,403.7,457.67
4309126,463.38,462.4,367.7,442.15
4309159,500.94,471.05,402.1,466.46
4309209,449.81,432.5,378.5,426.78
4309258,423.75,432.1,356.6,412.78
4309308,449.44,422.5,350,416.11
4309407,415.69,415.85,338.5,398.98
4309506,422.94,386.45,322.9,385.33
4309555,470.69,437.15,396.2,439.91
4309571,511.44,458.5,401.4,464.5
4309605,393,376.8,302.6,366.3
4309654,363.19,348.9,299.9,343.22
4309704,420.81,398.4,299.4,384.67
4309753,485.75,430.15,381.4,438.89
4309803,450.5,475.5,388.5,447.89
4309902,429.88,451.3,337.3,419.07
4309951,468.81,475.6,376.8,451.76
4310009,469.44,455.45,350.2,437.43
4310108,471.94,457.25,401.1,450.15
4310207,453.69,436.3,353.2,424.28
4310306,443.38,431.1,356.6,419.17
4310330,428.94,414.3,363.3,408.3
4310363,427.44,405.8,363.8,404.2
4310405,448.94,420.9,335.6,412.11
4310413,453.31,424.75,340.3,416.33
4310439,444,445.7,394.7,434.02
4310462,462.12,480.75,393.6,455.33
4310504,454.5,443.75,349.7,427.04
4310538,453.25,413.3,349.9,413.41
4310553,396.25,357.55,322,363.28
4310579,474.69,473.35,384.3,454.46
4310603,290.12,276.4,250.9,275.63
4310652,383.62,402.25,345,383.33
4310702,458.69,474.45,330.9,437.76
4310751,463.06,414.8,357.4,419.11
4310801,480.31,447.75,404.1,449.59
4310850,446.38,458.95,359.4,432.93
4310876,463.31,440.6,370.8,433.33
4310900,471.12,491.55,377.9,459.74
4311007,357.69,365.65,326.9,354.46
4311106,422.5,384.95,340,388.24
4311122,400,422.8,354.9,400.11
4311130,456.94,396,349.1,407
4311155,462.06,416.2,341.7,415.96
4311205,453.31,400.75,349.7,407.93
4311239,499,438.3,391.2,449.17
4311254,493.75,466.35,391.4,459.59
4311270,460.56,446.3,349.7,430.26
4311304,445.56,479.7,385.3,447.3
4311403,451.31,419.8,374.7,420.96
4311429,451.38,459.95,366.5,436.65
4311502,366.31,360.4,314.2,352.41
4311601,461.44,465.8,367,442.8
4311627,480.75,446.9,401,448.7
4311643,480.75,454.75,403.7,452.7
4311700,454.44,443.3,340.2,424.76
4311718,321.38,303.9,273.1,303.28
4311734,373.94,384.2,327.5,368.3
4311759,320.31,326.05,276.7,313.33
4311775,419.56,426.8,365.2,410.89
4311791,461.94,431.6,394.5,434.09
4311809,449.94,464.65,371.5,439.28
4311908,464.19,467,335.4,437.41
4311981,448.69,410.3,337,407.72
4312005,467.62,477.5,333,442.65
4312054,440.81,415.05,362.5,412.59
4312104,420.25,388.15,335.8,387.93
4312138,451.5,468.25,375.5,442.26
4312153,448.38,423,356.9,417.46
4312179,411.75,366.7,310.7,370.2
4312203,458.12,480.95,360.2,446.76
4312252,441.19,408.6,336.3,404.22
4312302,412.81,394.45,299.2,380.13
4312351,431.06,448.45,350.2,421.04
4312377,442.12,445.7,382.4,430.7
4312385,415.25,394.8,353.6,392.96
4312401,447.94,415.05,358.9,414.28
4312427,467.12,473.55,371.4,449.11
4312443,373.94,384.55,337.9,370.72
4312450,402.81,405.9,327.3,387.74
4312476,483,461.25,407,457.02
4312500,422.19,378.15,305,377.57
4312609,407.31,382.6,350.7,384.26
4312617,446.62,455.3,385.5,437.11
4312625,426.31,449.65,338.9,417.46
4312658,464.62,450.95,358.9,435.7
4312674,467,476.75,370.4,450.24
4312708,458.75,453.5,350.7,432.98
4312757,474.69,473.35,384.3,454.46
4312807,419.12,440.1,355.4,414.39
4312906,427.06,437.25,360.3,416.98
4312955,454.75,463.95,379.2,442.33
4313003,432.25,405.45,356.1,404.04
4313011,399.44,381,300,369.8
4313037,421,384.15,348.2,389.15
4313060,472.31,458.75,405.6,451.91
4313086,451.69,467.65,392.1,445.67
4313102,466.88,430.4,367.9,429.5
4313201,491.56,473.3,405.5,464.91
4313300,411.88,434.4,354.2,409.13
4313334,458,432.4,355.7,424.63
4313359,439.94,455.5,390,435.85
4313375,458.44,421.25,369.2,422.87
4313391,498.94,443.8,378.3,448.74
4313409,454.5,427.45,379.7,426.48
4313425,391.69,380.95,306.3,368.46
4313441,459.75,461.75,358.8,438.67
4313466,455.62,472.75,369.6,444.37
4313490,451.31,465.25,371.1,439.93
4313508,432.38,412.85,361,408.37
4313607,459.06,481.95,378.6,451.52
4313656,432.69,383.65,326.1,388.2
4313706,455.25,449.65,369.1,434.09
4313805,418.94,416.3,313.5,394.87
4313904,464.19,448.6,354.1,433.48
4313953,456.12,417.2,363,418.96
4314001,419.12,440.1,355.4,414.39
4314027,499.44,441.05,385.6,449.3
4314035,465.56,427.85,375.6,429.61
4314050,462.38,440.5,406,440.61
4314068,509.31,449,405.5,460.52
4314076,470.5,428.9,352.7,426.8
4314100,459.44,467.25,375.2,444.52
4314134,472.75,487.75,374.2,457.85
4314159,444.88,421.3,378.7,420.24
4314175,373.94,373.7,310.9,360.13
4314209,368.88,381.65,309.9,361.61
4314308,467.06,447.65,351.7,433.54
4314407,414.94,393.55,322.2,385.48
4314423,486.12,465.85,404.1,459.48
4314456,451.25,452.8,356.8,431.39
4314464,468.44,488.75,393.5,460.98
4314472,469.31,416.7,368.3,424.48
4314498,432.38,416.75,316.3,400.35
4314506,373.56,363.45,312.3,355.85
4314548,443.06,440.3,395.8,431.59
4314555,396.5,333.55,297.7,347.65
4314605,389.19,385.4,315.9,371.61
4314704,458.06,450.2,355.5,432.35
4314753,457.94,428.5,394.6,431.37
4314779,467.56,480.65,388.7,456.11
4314787,470.75,490.85,372.2,458.07
4314803,475.31,435.35,397.8,441.09
4314902,457.19,432.05,370.6,427.43
4315008,402.06,357.45,307.3,362.07
4315057,387.94,379.5,302,365.59
4315073,392.94,372.35,302.4,364.3
4315107,397.19,338.5,294.3,349.3
4315131,445.25,432.15,358.9,420.78
4315149,480.31,447.75,404.1,449.59
4315156,480.06,465.05,378.2,451.39
4315172,415.31,426.75,368.7,410.15
4315206,437.5,427,355.5,415.11
4315305,257.62,264.95,228.8,254.54
4315313,462.88,482.5,388.9,455.33
4315321,464,404.45,346.2,412.5
4315354,460.75,439.6,345.6,426.52
4315404,425.31,405.2,306.7,390.78
4315453,431.62,412.3,348.6,405.17
4315503,463.69,420.65,359.7,422.37
4315552,454,428.05,338.9,417.7
4315602,350.75,365.4,301.9,346.5
4315701,459.94,417.1,356.3,418.78
4315750,426.44,430.95,372.2,416.61
4315800,418.62,385.45,357.5,390.91
4315909,458.12,451.8,360.3,434.11
4315958,403.94,341.55,305.8,355.48
4316006,443.31,447.75,384.8,432.52
4316105,457.38,486.05,389.9,455.17
4316204,460.38,461.05,383.5,443.96
4316303,406.75,347.55,300.5,357.91
4316402,341.06,340.6,290.8,329.93
4316428,455.69,464.25,370.9,440.98
4316436,473.56,459.3,378.9,446.78
4316451,458,424.05,364.6,422.93
4316477,402.81,356.2,301.5,360.52
4316501,459.25,432.6,398.2,434.39
4316600,454.88,477.45,390.9,450.78
4316709,468.38,449.3,359.6,436.43
4316733,445,475.5,388.2,445.91
4316758,456.25,422.85,365.9,422.09
4316808,491.12,450.35,378.9,449
4316907,435.31,402.4,349.7,402.39
4316956,495.06,478.85,415.5,470.72
4316972,382.44,377.95,324,367.78
4317004,396.12,378.7,317.8,371.52
4317103,292.19,304.75,251.3,288.76
4317202,424.19,400.15,331,393.48
4317251,415.62,396.5,358,394.78
4317301,341.69,331.75,326.7,334.11
4317400,434.62,385.2,361.2,397.17
4317509,440.75,406.9,340.3,404.2
4317558,435.75,463.15,372.9,434
4317608,440.19,432.95,377.9,423.5
4317707,393.69,320.45,311.8,344.04
4317756,454.12,476.4,370.9,445.72
4317806,456.31,428.7,344.7,420.04
4317905,397.75,375.55,302.3,367.35
4317954,458.25,484.65,398.3,456.7
4318002,330,304.3,271.7,306.15
4318051,414.19,439.95,350.5,411.54
4318101,374.19,352.65,312.1,351.33
4318200,425.88,428.65,361.8,413.15
4318309,362.12,354.1,307.6,346.78
4318408,449.06,418.85,341.3,412.5
4318424,456.44,490.1,383.4,455.2
4318432,466.38,421.95,349.2,421.59
4318440,419.5,440.85,353.2,414.37
4318457,455.69,464.25,370.9,440.98
4318465,443.81,431,354.4,418.8
4318481,480.75,446.9,401,448.7
4318499,442,426.35,338.3,412.65
4318507,372.88,378,311.5,361.76
4318606,466.25,491.25,394.2,461.46
4318614,470.69,437.15,396.2,439.91
4318622,384.31,421.8,343.4,391.72
4318705,463.62,426.05,386.9,430.61
4318804,408.5,377.3,326.7,377.15
4318903,429.69,375.05,328.2,383.87
4319000,470.75,444.6,398.7,443.72
4319109,432.81,408.3,308.8,395.2
4319125,454,412.4,351.5,413.63
4319158,444.38,392.65,333.2,397.72
4319208,391.69,328.6,304,345.2
4319307,401.12,352.9,304.6,359.17
4319356,459.25,432.6,398.2,434.39
4319364,451.38,459.95,366.5,436.65
4319372,407.25,353.8,306.6,362.13
4319406,423.5,388.15,337.2,389.37
4319505,475,436.25,396.3,441.04
4319604,422.25,386.2,350.6,391
4319703,475.75,486.6,370.7,457.63
4319711,414.19,388.2,364.6,392.11
4319737,432.38,409.8,313.2,396.65
4319752,480.88,459.6,401.6,454.39
4319802,384.38,372.85,315.1,364.3
4319901,464.88,449.05,406,445.2
4320008,459.62,425.3,383.9,428.24
4320107,464.56,475.15,381.9,451.2
4320206,447.75,444.55,355,426.2
4320230,427.81,407.45,302.8,391.78
4320263,498.38,438.15,393.9,449.48
4320305,461.62,443.8,351.7,429.98
4320321,423.69,385.85,329.7,386.8
4320354,442.94,390.45,339.2,397.57
4320404,430.94,445.15,360.7,421.85
4320453,470.69,448.5,379.8,441.28
4320503,456.06,480.5,394.1,453.22
4320552,453.56,404.6,341.7,407.96
4320578,426.81,387.05,326.7,387.76
4320602,466.56,482.85,343.3,446.85
4320651,453.44,411.9,352.8,413.5
4320677,507.06,462.1,393.1,462.74
4320701,501.19,433.7,396.1,449
4320800,483.62,476.6,377.7,457.54
4320859,443.19,414.75,364,413.61
4320909,454,480.15,399.9,453.61
4321006,467.44,444.35,359.3,433.89
4321105,429.94,391.95,333.5,392.46
4321204,461,444.7,401.2,440.91
4321303,450.75,421.35,359.3,418.09
4321329,421.31,415.6,315,395.72
4321352,413.12,372.35,315.2,374.11
4321402,413.5,410.4,305,388.57
4321436,397.25,398,349.7,387.24
4321451,440.5,417.8,381,417.7
4321469,467.94,480.4,373,452.72
4321477,404.06,382.45,302.4,372.57
4321493,430.31,395,338.5,395
4321501,368.12,380.6,337.6,366.91
4321600,430.44,405.2,360.3,404.22
4321626,432.25,405.45,356.1,404.04
4321634,466.56,482.85,343.3,446.85
4321667,374.5,386.4,340.4,372.26
4321709,466.19,448.35,398,443.61
4321808,426.25,408.45,327.2,396.98
4321832,379.69,390.7,340.6,375.98
4321857,450.38,472.6,359.3,440.24
4321907,399.44,375.2,292.5,365.65
4321956,461.88,475.75,360.2,445.8
4322004,449.25,416.8,358.6,415.43
4322103,414.25,396.75,329.7,388.26
4322152,482.19,453.5,384.5,448.48
4322186,476.62,505.65,405.8,473.85
4322202,477,412.75,352.7,422.04
4322251,474.94,445.2,400.1,445.74
4322301,402.88,385.7,309.2,375.04
4322327,400.12,386.15,316.7,375.91
4322343,401.12,364.35,312.5,365.87
4322350,449.06,452.5,354.6,430.02
4322376,391.69,363.05,321,363.87
4322400,235,240.6,202.1,230.28
4322509,423.38,425.5,370,412.7
4322525,450.19,414.05,346.5,411.93
4322533,519.19,459.95,406.6,468.96
4322541,479.56,461.85,401.4,454.87
4322558,419.75,450.35,341.1,415.96
4322608,448.38,423,356.9,417.46
4322707,483.81,440.5,364.3,439
4322806,434.75,426.15,390.3,421.35
4322855,402.75,382.1,352.7,382.89
4322905,463.19,477.15,349.6,444.57
4323002,441.75,418.35,357.7,413.3
4323101,456.69,436.5,343.5,423.3
4323200,469.69,466.15,370.2,446.52
4323309,432.5,428.25,377.7,418.74
4323358,458.38,476.9,380.8,449.57
4323408,441.69,463.65,380.3,437.89
4323457,400.81,385.35,332.3,379.2
4323507,418.94,416.3,313.5,394.87
4323606,410.12,397.95,360.1,393.96
4323705,432.56,407.65,307.7,394.59
4323754,432.88,392.9,329.8,393.09
4323770,440.5,417.8,381,417.7
4323804,426.88,414.35,364.2,407.8
5000203,107.75,57.1,79.5,79.59
5000252,75.19,43.2,46.7,55.09
5000609,237.44,189.35,171.7,202.24
5000708,148.81,106.9,129.1,126.3
5000807,168.88,149.95,150.2,156.59
5000856,191.38,145,164.1,165.28
5000906,201.56,157,166.9,174.65
5001003,71.94,50.55,68.9,61.98
5001102,103,75.9,102.5,91.11
5001243,225,182.8,164.1,193.41
5001508,121.81,80.3,84.3,95.61
5001904,143.75,125.65,123.7,131.52
5002001,183.62,152.6,168.4,166.83
5002100,179.5,133.45,148.1,152.65
5002159,127.81,94.35,126.2,112.91
5002209,152.56,110.3,136.3,130.65
5002308,118.81,80.45,96.1,97.2
5002407,191.31,156.1,153.6,167.8
5002605,97.31,67.45,61.8,76.61
5002704,148.75,99.3,123.3,121.72
5002803,166.06,115.45,139.3,138.24
5002902,72.25,46.4,57.9,57.89
5002951,73.06,60.25,61.5,64.98
5003108,121.31,77.4,108.5,99.43
5003157,242.75,192.25,169.5,204.87
5003207,72.25,52.25,66.5,62.3
5003256,72.38,56.85,56.1,62.09
5003306,74.75,43.55,69.5,60.04
5003454,198.19,151.75,168.7,171.59
5003488,147.56,102.55,133.3,124.89
5003504,191.88,139.8,154.4,161.09
5003702,195.62,148.95,175.7,171
5003751,265.69,204.15,202.1,225.11
5003801,194.94,157.15,164,171.78
5003900,79.94,51.6,62.9,63.91
5004007,199.56,156.85,172.7,175.15
5004106,176.56,127,144.8,148.11
5004304,246.62,191.75,183.8,209.11
5004403,77.94,51.4,67.3,64.09
5004502,196.06,144.15,175.1,168.93
5004601,238.5,188,189.8,205.96
5004700,191.44,152.3,171.6,170.11
5004809,277.25,210.45,190.9,229.43
5004908,134.94,88.6,111.2,109.63
5005004,167.75,113.2,138.4,137.65
5005103,202.62,173.5,180.8,185.22
5005152,205.38,163.15,169.5,179.22
5005202,87.31,59,81.4,73.72
5005251,204.62,170.45,172.3,182.74
5005400,177.56,119.9,164.8,149.72
5005608,105.69,76.2,99.3,91.48
5005681,283.31,224.55,210.1,241.85
5005707,221.75,178.15,172.8,192.15
5005806,162.56,111.4,136.3,134.61
5006002,169.25,114.95,137.1,138.65
5006200,171.81,128.7,151,148.54
5006259,194.69,168.15,173.7,178.59
5006275,82.44,59.05,54.7,66.24
5006309,61.69,39.35,66,52.91
5006358,260.56,204.55,170.4,216.61
5006408,70.25,40.15,61.2,55.2
5006606,199.62,167.6,177.7,180.93
5006903,122.69,94.9,127,111.54
5007109,133.62,86.35,107.6,107.41
5007208,178.31,129.75,146.6,150.3
5007307,107.38,65.45,81.9,83.61
5007406,83.12,55.9,82.6,71.17
5007505,135.06,80.95,107.1,105.46
5007554,135.69,99.5,111.2,114.63
5007695,88.44,57.3,78.1,72.65
5007703,256.31,201.8,171.2,214.11
5007802,87.81,54.25,70.5,69.46
5007901,159.88,108.35,139.8,133.11
5007935,67.31,40.6,46.4,51.15
5007950,260.31,202.75,177.1,217.2
5007976,195.88,170.55,171.8,179.63
5008008,146.25,100.1,125.3,121.63
5008305,100.56,61.8,79.2,79.07
5008404,192.62,158.45,160.9,170.87
5100102,37.81,29.6,42.6,35.28
5100201,18.69,9.9,19.6,15.07
5100250,44.06,24.8,49,36.76
5100300,69.75,32.55,39.6,47.02
5100359,13.81,4.35,15.2,10
5100409,57.5,25.25,40.1,39.7
5100508,43.69,29.8,44.4,37.8
5100607,69.56,35.6,44.3,49.3
5100805,62.88,41.05,73,55.59
5101001,24.44,6.7,21.8,16.15
5101209,57,25,39.6,39.3
5101258,56.62,38,59.1,49.07
5101308,46.88,34.4,48.7,41.85
5101407,49.19,24.65,49.7,38.63
5101605,57.94,34.75,51.7,46.5
5101704,55.81,36.1,42,44.24
5101803,37.12,8.9,24.6,22.13
5101852,15,5.1,14.2,10.52
5101902,37.56,16.3,30.2,26.72
5102504,61.94,39.4,63.8,52.54
5102603,30.88,10.4,23.2,20.3
5102637,48.75,27.55,54.4,40.76
5102678,45.25,23.05,39,34.24
5102686,62.88,35,62.8,50.74
5102694,16.19,4.2,20.1,11.83
5102702,15.19,9.5,15.1,12.7
5102793,43.44,22.7,41.5,34
5102850,37.44,23.45,53.9,34.93
5103007,51.25,27.15,45.6,39.54
5103056,27.94,9.55,21,18.43
5103106,13.62,7.55,18.3,12
5103205,36.06,14.2,37.1,26.78
5103254,81.81,47.45,89.1,68.46
5103304,53.75,38.65,65.7,49.78
5103353,16.56,5.95,31.2,15.13
5103361,53.12,30.35,55.1,43.65
5103379,54.12,39.2,58,48.48
5103403,58.19,38.15,60.6,50
5103437,55.31,36.95,57.7,47.85
5103452,46.38,33.1,48.8,41.13
5103502,46.5,31,50.9,40.72
5103601,46.44,25.25,40.1,35.85
5103700,22.31,10.95,19.5,16.76
5103809,62.12,38.65,60,51.46
5103858,25.06,7.6,22.7,16.96
5103908,40.69,13.05,27.2,25.74
5103957,55.81,35,59.7,47.61
5104104,38.75,12.9,37.5,27.24
5104203,47.38,22.55,33.2,33.5
5104500,59.56,38.3,58.1,50
5104526,29.25,14.5,22.5,21.37
5104542,28.56,14.75,26.6,22.13
5104559,36.19,11.6,26.5,23.39
5104609,58.31,38.25,46.9,47.11
5104807,51.88,31.75,46.9,42.04
5104906,49.5,35.05,41.1,41.39
5105002,61.12,41.3,57.2,51.65
5105101,41.38,20.8,34.3,30.89
5105150,38.12,24.2,50.3,34.72
5105176,42.81,30.05,62.4,41.52
5105200,50.5,25.1,47.2,38.74
5105234,58.12,41.2,53.9,49.85
5105259,35.06,16.6,26.4,25.15
5105309,14.75,4.05,20.2,11.28
5105507,60.06,31.2,49.7,45.26
5105580,24.44,9.45,30.5,19.24
5105606,34.62,13.5,30.1,24.46
5105622,56.31,38.4,59.5,49.22
5105903,43.62,20.95,38.7,32.7
5106000,46.5,35.95,51.2,42.93
5106109,51.56,34.4,48.2,43.37
5106158,55.25,38.95,56.3,48.39
5106174,15.75,8.35,19.1,13.26
5106182,54.5,34.65,57.7,46.57
5106190,26,10.35,26.1,19.22
5106208,40.94,19,39.7,31.13
5106216,39,18.35,40.1,30.26
5106224,42.75,18.75,38.2,31.33
5106232,54.5,36.35,44.5,44.43
5106240,27.12,12.9,21.8,19.78
5106257,21.31,8.5,21.3,15.74
5106265,51.31,19.7,48.9,37.04
5106273,39,16.45,30.9,27.43
5106281,35.94,10.75,27,23.04
5106299,45.44,27.5,54.8,39.67
5106307,33.94,10.4,26.4,22.07
5106315,16.06,4.3,13.6,10.41
5106372,55.06,36.9,32.9,42.35
5106422,26.38,12.05,32.5,21.48
5106455,43.75,15.75,33.2,29.28
5106505,59.25,36.35,52.9,47.91
5106653,38.69,12.65,28.3,25.11
5106703,47,20.6,38.1,33.59
5106752,61.44,33.7,53.5,47.65
5106778,16.75,4.4,27.6,13.74
5106802,38.06,15.6,27.6,26.02
5106828,60.81,38.35,54.8,49.74
5106851,56.31,32.9,47,44.11
5107008,43.94,22.15,29.3,31.28
5107040,41.88,13.4,30.8,27.09
5107065,16.62,6.8,25.6,14.3
5107107,57.06,38.55,55.9,48.76
5107156,53.88,44.05,57.2,50.33
5107180,16,6.1,13.8,11.22
5107198,41.12,16.9,31.6,28.52
5107206,56.31,41.3,50.9,48.61
5107248,29.38,14.4,18.3,20.46
5107263,52.62,40.2,58,48.39
5107297,47.75,28.65,27,34.93
5107305,39.62,20,42.9,31.8
5107354,21.88,6.95,29.8,17.11
5107404,45.06,24.8,42.3,35.65
5107578,54.56,32.8,58.1,45.87
5107602,47.25,30.75,30.4,36.41
5107701,37.81,23.9,36.8,31.54
5107743,20.81,8.4,31.7,17.78
5107750,56.31,41.35,50.9,48.63
5107768,40.56,15.45,39.9,29.5
5107776,16.69,6.45,25.4,14.13
5107792,43.69,11.85,26.5,26.11
5107800,51.94,30.95,45.5,41.41
5107859,15.31,4.45,19.6,11.52
5107875,44.88,32.45,48,40.15
5107883,13.62,4,13.9,9.5
5107909,31.62,17,21.3,23.02
5107925,27.5,13.65,23,20.5
5107941,35.69,15.9,30.8,26.02
5107958,56.38,41.45,60.4,50.76
5108006,29.75,16.25,26.9,23.26
5108055,30.62,13.55,31,23.28
5108105,42.31,15.75,28.9,27.85
5108204,40.31,15.4,31,27.46
5108303,22.5,8.9,19.4,15.91
5108352,58.94,39.1,57.3,49.96
5108402,52.5,37.8,52.4,46.09
5108501,23.94,15.65,18.5,19.15
5108600,17.5,6.45,27,14.76
5108808,37.88,16.35,37.7,28.48
5108857,52.06,35.2,57.8,45.98
5108907,38.75,20.4,32.3,29.37
5108956,48.69,24.3,52.6,38.93
5200050,31.81,13.15,29.3,23.15
5200100,24.69,12.3,34.7,21.48
5200134,37.81,18.6,37.3,29.35
5200159,23,13.4,29.4,20.22
5200175,21.31,9.35,24,16.7
5200209,31.25,18.25,30.7,25.48
5200258,29.62,12.8,34.3,23.33
5200308,27.12,17.75,39.3,25.7
5200506,28.06,18.7,33.7,25.22
5200555,14.44,4.65,18.1,10.98
5200605,17.31,6.2,13.3,11.61
5200803,14.69,3.55,16.4,10.22
5200829,14.25,3.35,16,9.89
5200852,23.19,14.2,28.5,20.43
5200902,31.12,12.05,26.8,21.89
5201108,25.62,12.35,31.6,21.15
5201207,36.31,20.25,36.6,29.39
5201306,22.56,12.6,29.9,19.83
5201405,26,14.05,30,21.67
5201454,57.75,36.8,43.6,45.57
5201504,72.69,50.2,56.9,59.48
5201603,24.38,11.3,30,19.91
5201702,33.88,10.3,25.1,21.72
5201801,27.56,13.5,33.6,22.76
5202155,20.62,7.15,19.8,14.59
5202353,31.62,10.95,25.6,21.33
5202502,17.88,5.25,19.9,12.83
5202601,30.25,13.7,29.8,22.96
5202809,25.25,10.7,27.9,19.5
5203104,39.94,14.9,28.9,26.65
5203203,17.25,12.8,22.7,16.5
5203302,23.31,17.6,27.2,21.67
5203401,36.25,10.35,26.2,22.8
5203500,36.38,20.8,36.4,29.61
5203559,27.88,12.4,26.9,20.93
5203575,14.81,3.2,14.5,9.7
5203609,28.56,11.5,27.2,20.85
5203807,22.25,6.85,18.9,14.83
5203906,34,18.8,30.8,26.7
5203939,24.38,12.6,26.6,19.74
5203962,16.75,3.3,13.3,10.15
5204003,25.5,6.05,20.6,15.98
5204102,57.12,34.4,40.9,43.72
5204201,31.12,14.1,28.3,23.11
5204250,42.88,21.6,30.6,30.96
5204300,60.38,36.3,46.5,46.89
5204409,47.38,21.65,40.7,34.74
5204508,28.62,18.05,30.9,24.52
5204557,24.94,13.25,26.3,20.15
5204607,27.62,12.65,28.7,21.35
5204656,16.62,4.85,15.6,11.28
5204706,15.44,4.5,17,11.02
5204805,22.31,17.85,30.2,22.09
5204854,26.75,10.75,26.4,19.72
5204904,8.94,3.25,8.8,6.43
5204953,14,4.9,18.9,11.11
5205000,24.75,10.4,24.1,18.37
5205059,38.38,23.55,33.7,30.91
5205109,27.5,20.2,35.9,26.15
5205208,29.88,11,28.2,21.3
5205307,13.94,6.05,12.7,10.24
5205406,23.75,10.55,21.2,17.46
5205455,27.44,13.95,26.7,21.41
5205471,74.38,45.8,56.3,58.02
5205497,30.94,12.95,38.6,24.78
5205513,26.5,11.65,38.2,22.59
5205521,13.5,6.75,13.9,10.65
5205703,28.38,11.95,29.3,21.43
5205802,25.81,12.5,39.4,22.98
5205901,31.31,18.6,29,25.28
5206206,22.88,12.15,28.1,19.35
5206305,22.25,18.7,26.2,21.57
5206404,16.12,6.25,20.1,12.7
5206503,25.38,18.55,27.7,22.91
5206602,36.38,21,37,29.83
5206701,16,3.1,13.3,9.8
5206800,27.38,10.65,25.9,19.78
5206909,32.12,21.6,35.7,28.33
5207105,30.12,10.75,26.2,20.85
5207253,44.12,20.15,33.9,31.48
5207352,28.75,15.25,30.9,23.35
5207402,32.25,16.75,33.7,25.83
5207501,15.62,4.1,15.2,10.52
5207535,23.62,9.15,20.5,16.65
5207600,26.69,10.85,25.4,19.52
5207808,29.69,13.75,27.8,22.35
5207907,15.94,4.9,17.2,11.41
5208004,24.12,6.95,24.1,16.65
5208103,16.06,4.2,14.7,10.61
5208152,24.94,13,28.4,20.5
5208301,8.88,3.6,8.8,6.57
5208400,27.88,12.3,27.1,20.93
5208509,27.06,18.3,32.6,24.46
5208608,21.75,13.5,23.5,18.54
5208707,30.69,12,27.8,21.93
5208806,30.5,11.35,26.3,21.26
5208905,23.12,11.55,24.5,18.39
5209101,33.12,19.15,34.8,27.41
5209150,42.75,24.9,30.2,32.26
5209200,27.44,14.15,31.3,22.5
5209291,24.5,11.3,23.6,18.57
5209408,11.69,2.1,9.7,7.09
5209457,16.75,10.1,20.9,14.76
5209606,25.81,12.8,26.3,20.26
5209705,25.06,18.45,26.4,22.48
5209804,16.69,13.75,20.7,16.28
5209903,12.25,2.35,12.3,7.96
5209937,42.44,24.7,29,31.8
5209952,30.75,13.75,28.4,22.85
5210000,26.19,10.05,28.2,19.61
5210109,24.38,20.8,28.1,23.63
5210158,22.56,10.35,20.9,16.89
5210208,29.81,11.05,25.5,20.72
5210307,27.75,11.45,26,20.28
5210406,22.81,12.55,26.2,19.09
5210562,24.88,12.4,24.8,19.43
5210604,25.12,11.25,25.1,19.09
5210802,64.44,40.65,57.9,52.67
5210901,19.06,14.95,19.5,17.37
5211008,23.25,8.95,21.9,16.74
5211206,25,10.75,22.4,18.24
5211305,64.25,38.45,52.2,50.41
5211404,22.38,11.85,29.3,19.3
5211503,40.06,21.95,30.1,30.02
5211602,30.62,11.7,26.5,21.5
5211701,32.75,13.6,26.9,23.15
5211800,24.56,12.35,31.3,20.72
5211909,57.31,35.55,45.1,45.2
5212006,27.81,9.65,25.2,19.35
5212055,23.62,11.65,30.6,19.93
5212105,32.56,16.95,32.8,25.83
5212204,22.25,7,20.9,15.33
5212253,61.19,39.05,59.2,51.13
5212303,27.06,14.05,28,21.61
5212501,26.5,13.45,34,22.46
5212600,25.5,17.5,28.2,22.61
5212709,16.19,3.15,13.5,9.93
5212808,15.06,3.7,16.4,10.41
5212907,28.94,18.15,30.3,24.54
5212956,21.94,6.9,19.5,14.87
5213004,37.75,23.45,34,30.72
5213053,18.62,8.5,23.3,15.24
5213087,21,4.9,12.6,12.17
5213103,57.38,32.75,43.9,43.74
5213400,29.25,11.95,28,21.46
5213509,7.62,2.75,9.5,5.91
5213707,28.06,9.4,24.3,19.13
5213756,40.94,24.75,39.1,33.5
5213772,19.75,3.4,10.2,10.57
5213806,27.69,19.4,32.8,25.2
5213855,23.94,8.65,21.8,16.83
5213905,22.19,14,29.4,20.2
5214002,16.38,5.4,20.7,12.54
5214051,16.12,5.7,20.5,12.54
5214101,15,3.55,13.5,9.7
5214408,26.38,10.95,28.6,20.15
5214507,27.56,11.75,28.3,20.85
5214606,17.38,6.25,19.2,12.93
5214705,23.44,10.1,21.7,17.26
5214804,26,18.95,28.1,23.39
5214838,14.31,6.45,20.2,12.17
5214861,19.69,17.15,20.7,18.8
5214879,13.88,10.8,18.8,13.61
5214903,14.44,4.75,12,9.7
5215009,28.56,11.5,27.2,20.85
5215207,22.75,11.15,24.6,18.11
5215231,36.38,11.6,41.6,26.74
5215256,14.12,3.3,14.6,9.52
5215306,23.06,17.55,24.8,21.04
5215405,26.75,10.7,26.1,19.63
5215504,32.19,19.85,37.7,28.02
5215603,23.44,11,29.5,19.35
5215652,35.44,13.8,31,25.07
5215702,26.12,13.5,32,21.91
5215801,21.88,17.7,27.2,21.22
5215900,30.38,13.35,30.9,23.09
5216007,36.25,19.6,35.1,28.76
5216304,55.06,31.3,39.3,41.3
5216403,34,16.45,32.1,25.96
5216452,53,30.85,48.1,42.3
5216809,25.56,11.9,28.9,20.35
5216908,15.31,10.15,21,14.3
5217104,24.88,19.95,27.6,23.33
5217203,37.44,13.55,28.6,25.13
5217302,25.5,12.65,35.6,22.11
5217401,21.62,17.95,28.2,21.46
5217609,30.25,9.45,29.5,21.04
5217708,29.56,16.25,31,24.09
5218003,14.88,3.4,13.1,9.5
5218052,34.75,20.55,37.1,29.09
5218102,59.38,30.35,45.1,43.65
5218300,16.38,3.4,11.5,9.67
5218391,25.12,18.95,25.2,22.46
5218508,44.75,27,33.2,34.52
5218607,25.12,11.05,23.4,18.63
5218706,25.56,11.6,24.2,19.2
5218789,29.19,18.05,30.3,24.59
5218805,43.25,27.95,42.5,36.43
5218904,23.94,10.4,22.3,17.7
5219001,24.19,14,28.3,20.65
5219100,26.56,10.55,26.6,19.61
5219209,23.62,17.75,28.5,22.13
5219258,23.06,7.6,19.1,15.48
5219308,38.56,22.5,37,31.24
5219357,22.69,10,24.1,17.48
5219407,62.12,29.45,41.9,43.52
5219456,16.19,14.2,23.9,17
5219506,24.62,11.65,29,19.93
5219605,15.12,3.75,13.9,9.91
5219704,16.56,9.2,21.7,14.48
5219712,37.56,19.2,42.1,30.57
5219738,29.62,11,27.2,21
5219753,34.69,21.95,41.6,30.65
5219803,10.06,3.2,7.6,6.54
5219902,23.69,12.5,32.4,20.72
5220009,18,5.95,14.5,12
5220058,32.19,14.1,27.6,23.33
5220108,27.12,14.1,29.2,21.91
5220157,18.81,15.15,21.4,17.78
5220207,16.56,2.65,13.5,9.85
5220264,22.38,17.25,26,20.93
5220280,25.25,10.05,22.1,17.96
5220405,54.94,32.8,35.3,41.04
5220454,25.44,11.9,27,19.89
5220504,67.94,42.55,50.7,53.15
5220603,24.44,13.4,27.7,20.35
5220686,15.62,3.1,13.2,9.65
5220702,14.75,2.65,13.6,9.24
5221007,23.94,11.8,28.6,19.67
5221080,13.12,4.4,13,9.3
5221197,26.56,11.8,27.9,20.43
5221304,33,19.95,39.6,28.76
5221403,30.25,12.15,27.2,21.72
5221452,24.38,3.35,12.4,12.63
5221502,25.75,13.1,29.4,21.04
5221551,35.94,21.35,37.9,30.02
5221577,15.31,3.85,19.2,11.17
5221601,13.25,12.05,21.8,14.59
5221700,24.88,11.1,25.2,18.96
5221809,23.38,20.15,28.1,23
5221858,31.62,14.6,40,26.04
5221908,27.38,14.25,26.6,21.5
5222005,22.88,18.05,25.4,21.33
5222054,34.56,17.7,33.9,27.09
5222203,20.94,5.4,18.2,13.59
5222302,18.44,7.7,26.8,15.59
5300108,30.88,12.55,33.4,23.46
