code_muni,en,ln,n,med
1100015,726.5,746.74,824.9,756.91
1100023,822,771.74,914.8,821.4
1100031,841.38,830.21,831.9,834.56
1100049,814.38,827.11,807.1,818.13
1100056,799.25,795.58,819.6,802.22
1100064,819.25,825.53,838.6,826.2
1100072,778.75,788.47,813.9,790.67
1100080,647.88,657.37,731.4,670.44
1100098,788.44,839.11,810.7,814.78
1100106,641.69,634.58,691.5,649.76
1100114,744.19,795.37,829.3,784.71
1100122,822.94,800.53,839,817.04
1100130,849.69,901.05,1034.9,912.53
1100148,768.94,756.68,764.2,762.71
1100155,784.19,783.16,814.1,790.4
1100189,761.44,830.37,829.9,805.76
1100205,838.5,837,855.9,841.73
1100254,833.56,787,788.7,803.93
1100262,884.62,881.58,999.6,908.89
1100288,785.88,795.42,783.8,789.44
1100296,772.25,778.89,803.6,782.02
1100304,758.25,828,845.9,807.18
1100320,715.75,757.63,778.4,747.36
1100338,763.56,759.63,730.2,754.49
1100346,746.5,794,765,770.67
1100379,718.31,754.53,832,758.87
1100403,837.62,795.53,915.2,837.09
1100452,860.25,857.21,892.5,866.13
1100502,794.12,779.05,771.1,782.64
1100601,775.06,745.42,893.3,788.82
1100700,827.69,842.95,865.2,842.47
1100809,882.81,901.79,993.6,915.44
1100908,816.81,783.63,787.2,796.22
1100924,732,787.63,813.3,773.56
1100940,871.88,893.79,1005.4,910.8
1101005,763.56,798.21,836.4,794.38
1101104,869.12,853.37,965,883.78
1101203,844.31,797.63,800.4,814.84
1101302,759.06,795.53,797.8,783.07
1101401,823.44,788.05,903.1,826.2
1101435,757.75,792.37,786.5,778.76
1101450,735.56,786.79,808.7,773.44
1101468,762.5,770.32,839.1,782.82
1101476,787.88,812.16,819.1,805.07
1101484,780.06,813.11,801.8,798.84
1101492,651.81,694.84,761,694.24
1101500,679.44,737.89,765.3,723.2
1101559,771.38,794.58,784.3,784.04
1101609,840.62,829.21,932.3,856.18
1101708,762.06,803,791.1,785.8
1101757,825.62,860.16,967.3,871.69
1101807,792,780.79,845.8,799.22
1200013,773.06,756.05,785.4,768.62
1200054,678.56,677.53,686.6,679.91
1200104,649.5,655.84,679.1,658.76
1200138,693.44,713.37,734.4,710.96
1200179,686.38,716.32,728.6,708.4
1200203,719.12,688.21,677.8,696.89
1200252,665.94,646.16,670,658.49
1200302,786.75,817.89,735.8,788.58
1200328,722.69,759.05,687.1,730.13
1200336,721.56,658.74,713.4,693.22
1200344,760.06,761.84,747.1,757.93
1200351,680.56,723.89,685,699.84
1200385,722.81,744.26,779.6,744.49
1200393,703.69,706.74,680.3,699.78
1200401,698.06,712.32,716.3,708.13
1200427,710.06,657.89,704.8,686.87
1200435,778.5,800.95,756.5,783.09
1200450,727.5,737.16,777,742.58
1200500,718.31,735.11,730.3,728.07
1200609,797.44,783.74,702.4,770.53
1200708,670.94,678.32,690.5,678.4
1200807,723.06,752.37,783.4,748.84
1300029,723.88,815.89,735.3,765.27
1300060,733.44,781.68,764.2,760.64
1300086,627.31,727.26,690.8,683.62
1300102,701.69,747.63,709.7,722.87
1300144,890.38,1036.89,971.9,970.36
1300201,814.19,783.74,726.7,781.89
1300300,579.31,700,640.6,643.89
1300409,320.75,557.16,424.4,443.6
1300508,485.69,668.63,621.5,593.11
1300607,778.81,812.89,818.9,802.11
1300631,719,788.11,766.8,758.8
1300680,480.62,655.74,593.2,579.58
1300706,697.25,701.47,754.3,711.71
1300805,578.88,725.68,717.4,671.64
1300839,614.25,720.74,663.3,670.11
1300904,844.5,857.32,867.4,855
1301001,809.31,860.58,752.6,818.36
1301100,610.62,780.16,709.7,704.22
1301159,582.62,751,669,672.91
1301209,703.56,811.11,675,742.62
1301308,673.19,738.11,688.8,704.07
1301407,778.94,796.16,786,787.78
1301506,775.62,797.26,782.1,786.2
1301605,682.62,819.68,702.6,744.93
1301654,733,698.16,699.9,710.93
1301704,840.62,852.21,893.9,857.36
1301803,764.25,754.05,710.3,747.96
1301852,603.62,759.21,721.3,695.47
1301902,529.88,694.26,616.4,618.51
1301951,878.94,916.47,889,897.02
1302009,514.31,731.95,618.4,629.33
1302108,768.19,792.79,780.5,781.31
1302207,708.19,813.11,674.2,744.93
1302306,834.56,865.21,808.3,841.67
1302405,777.75,865.74,776.1,814.53
1302504,585.69,719.16,705.6,668.69
1302553,629.69,753.68,746.6,708.02
1302603,586.5,806.05,690.6,702.33
1302702,716.62,816.05,841.4,786.33
1302801,640.81,703.47,730.1,687.11
1302900,579.88,716.89,674.2,658.69
1303007,440.44,656.11,614.4,570.16
1303106,560.69,701.53,645.7,639.04
1303205,524.88,659.58,560.2,589.6
1303304,860.31,1025.89,956.5,951.6
1303403,442,670.74,662.9,587.67
1303502,814.44,834.95,896.6,841.36
1303536,487.31,663.95,533.7,572.2
1303569,552.69,725.26,620,640.51
1303601,455.31,680.95,563.2,574.56
1303700,755.94,747.74,784.5,758.82
1303809,726.38,814.05,751.7,769.02
1303908,782.06,799.21,785.6,790.09
1303957,523.5,720.58,594,622.38
1304005,538.75,734.63,612.7,637.89
1304062,733.94,734.05,764.3,740.73
1304104,836,905.74,858.4,870.42
1304203,747.06,862.53,747.6,795.93
1304237,706.12,803.05,720.2,750.18
1304260,670.88,758.42,722.6,719.33
1304302,427.31,631.21,518.5,533.67
1304401,471.62,643.37,606.8,574.18
1400027,207.19,426.26,278.2,315.47
1400050,231.38,460.16,311,345.67
1400100,82.81,189.74,174.5,148.33
1400159,81.31,194.42,148.6,144.02
1400175,97.94,238.26,162.1,171.44
1400209,155.81,321.68,248.5,246.44
1400233,195.81,360.11,262.4,279.98
1400282,156.56,394,257,279.13
1400308,121.19,346.58,218.6,238
1400407,75,178.68,142.4,133.76
1400456,108.62,284.37,195.8,202.2
1400472,297.56,473.26,372.7,388.44
1400506,212.31,368,291.9,295.73
1400605,197.62,350.79,272.3,278.89
1400704,96.06,231.32,181.4,172.13
1500107,491.94,661.42,617.6,591.42
1500131,526.81,694.95,685.4,633.04
1500206,495.5,670,608.8,594.36
1500305,393.19,515.63,509.4,470.71
1500347,594.44,704.47,699.8,664.31
1500404,344.19,599.05,517.2,490.24
1500503,308.44,427.47,382.3,375.11
1500602,587.62,795.63,774.3,716.93
1500701,486.06,674.26,602.7,591.44
1500800,618.69,747.74,712.5,694.02
1500859,443.12,632.79,585.5,554.84
1500909,289.56,349.63,400.6,339.6
1500958,507.88,672.32,562.5,589.44
1501006,451.25,676.05,590.2,577.04
1501105,510.06,700.95,607.5,612.31
1501204,483.75,672.37,619,593.44
1501253,632.06,714.16,792.7,702.42
1501303,549.88,715.05,662.4,644.62
1501402,597.25,733.32,698.4,677.18
1501451,343.88,586,489.8,478.53
1501501,616.25,742.74,711.1,690.73
1501576,540.94,677.11,688,631.11
1501600,342.38,495.32,455.9,432.18
1501709,298.06,386.53,406,359.4
1501725,381.69,597.79,496.8,498.51
1501758,498.62,639.95,685.7,599.87
1501782,478.12,642.26,653.5,586.4
1501808,517.12,656.42,614.8,597.64
1501907,519.12,644.84,602.5,590.73
1501956,335.81,436.74,467.1,407.6
1502004,521.62,669.58,599.5,601.4
1502103,490.12,695.16,614,604.22
1502152,524.75,589.47,650.6,580.04
1502202,312.25,435.84,425,389.49
1502301,412.62,541.95,506.3,488.04
1502400,422.5,578.11,567.6,520.44
1502509,473.62,614.37,608.4,563
1502608,485.69,625.21,609,572
1502707,652.81,745.68,821.4,729.49
1502756,489.06,624.21,551.9,560.09
1502764,685.75,763,820.2,748.24
1502772,533.62,574.63,607.2,567.29
1502806,512.06,678.79,607,603.56
1502855,369.75,622.89,554,517.58
1502905,377,520.42,506.3,466.29
1502939,373.69,560.79,547.9,491.4
1502954,544.12,559.95,624.4,568.64
1503002,414.88,654.95,574.2,551.64
1503044,601.12,719.58,787.3,692.51
1503077,391.5,494.21,491.6,457.11
1503093,503,643.05,690.6,603.82
1503101,437,510,533.1,489.18
1503200,339.5,495.79,465.4,433.47
1503309,459.12,670.95,595.5,578.87
1503408,489.06,606.05,597,562.44
1503457,460.31,625.74,548.8,549.82
1503507,403,539.58,497,481.56
1503606,691,816.79,755,758.33
1503705,528.69,647.53,654.9,606.91
1503754,732.94,855.05,914.1,824.76
1503804,548.81,674.89,703.9,636.51
1503903,424.38,660.16,611.4,565.49
1504000,438.75,635.16,579.7,553
1504059,459.44,608.63,541.2,540.6
1504109,377.19,513.21,504.4,462.89
1504208,549.69,611.05,633.9,594.31
1504307,363.19,477.74,499.8,441.91
1504406,374.56,515.58,507.9,463.73
1504422,618.69,747.74,712.5,694.02
1504455,358.19,568.21,459.1,469.29
1504505,518.94,607.42,584.4,570.84
1504604,490.56,701.26,622.7,608.89
1504703,490.56,682.74,640.1,604.93
1504752,323,559.47,479.3,457.58
1504802,285.38,484.16,397.9,394.31
1504901,435.75,620.05,544.4,537.71
1504950,371.12,481.79,487.1,443.62
1504976,526.88,634.42,691.6,608.89
1505007,320.81,470.95,434.2,409.4
1505031,771.5,921.68,923.3,868.64
1505064,493.12,664.32,661.7,602.87
1505106,383.19,612.32,558.7,518.93
1505205,513.75,710.05,621.8,620.64
1505304,361.12,637.42,558,521.53
1505403,333.56,464.47,451.4,415.02
1505437,641.88,716.47,790.8,706.47
1505486,463.81,642.16,614.2,572.53
1505494,502.56,634.89,675.6,596.89
1505502,367.38,525.21,486.7,460.53
1505536,559,664.68,677.9,630.04
1505551,652.25,712.53,810.6,712.89
1505601,310.31,461.58,446.5,404.44
1505635,514,583.74,653.2,574.38
1505650,389.56,613.74,533.7,516.24
1505700,480.56,632.47,599.5,571.13
1505809,468.19,675.21,627.6,591.02
1505908,325.19,488.16,419.1,414.87
1506005,234.5,462.84,361.8,359.2
1506104,327.75,432.32,441.4,397.16
1506112,331.94,434,452.9,401.91
1506138,678,751.58,839.6,744.98
1506161,593.12,720.21,760.6,684
1506187,500.44,669.95,667.2,609.07
1506195,429,646.05,575.3,553.16
1506203,365.38,463.42,484.7,433.29
1506302,516.06,642.32,614.3,591.2
1506351,546.88,677.05,666.6,628.44
1506401,489,640.89,605,578.91
1506500,581.56,689.53,689.3,651.09
1506559,345.62,453.11,458.8,416.16
1506583,683.88,751.32,821.8,743
1506609,386.81,529.53,506.5,473.67
1506708,678.38,769.84,802.4,744.56
1506807,330.75,578.95,509.4,475.24
1506906,340.75,463.47,458.2,418.67
1507003,484.06,622.74,613.7,571.42
1507102,425.62,571.58,541,512.89
1507151,539.5,624.58,649.9,599.96
1507201,471.19,613.84,560.7,551.31
1507300,607.12,705.79,801.8,692.04
1507409,415.88,552.63,551.1,503.67
1507458,521.31,571.63,679.9,577.8
1507466,379.62,532.47,512.4,473.67
1507474,357.75,449.58,482.5,424.24
1507508,545.19,669.42,676.4,626.8
1507607,435.38,556.84,538.5,509.58
1507706,473.62,658.74,572.8,573.82
1507755,526.81,662.05,647.5,610.73
1507805,427.38,607.37,590.3,539.58
1507904,449.81,594.79,553.2,534
1507953,487.38,636.58,610.9,577.82
1507961,398.44,543.32,535.6,490.09
1507979,405.5,650.42,622.5,557.13
1508001,510.62,663.95,598.5,594.89
1508035,305.5,411.74,416.2,374.96
1508050,632.31,800.11,752.4,729.84
1508084,622.44,687.58,748.8,678.02
1508100,468.44,644.05,645.3,581.89
1508126,334.44,483.74,502.1,434.73
1508159,347.31,537.47,463.2,453.36
1508209,466.31,611.16,583.8,553.58
1508308,320.06,392.89,427.7,374.73
1508357,419.94,609.53,531.7,524.82
1508407,535.69,682.05,670.7,627.49
1600055,545.38,637.16,642.4,605.69
1600105,694.5,914.26,742.8,798.02
1600154,470,517.63,543.1,506.36
1600204,760.62,952.68,844.6,860.38
1600212,496.5,608.79,585,563.58
1600238,449.88,508.11,532.4,492.8
1600253,418.5,510.95,529.3,482.16
1600279,381.81,476.63,453.8,437.84
1600303,418.5,510.95,529.3,482.16
1600402,392.38,461,444.8,433
1600501,713.5,895.89,838,818.18
1600535,417.31,476.63,488,458.07
1600550,660.88,825.21,729.6,745.53
1600600,406.69,483.37,473.8,453.98
1600709,551.69,699.37,632.1,631.91
1600808,380.62,479.42,450.9,437.96
1700251,760.31,850.58,920.9,834.11
1700301,442.5,550.21,581.3,518.82
1700350,731.12,730.68,860.8,759.76
1700400,671.44,713.74,808,719.64
1700707,638.19,716.68,869.9,722.82
1701002,492.75,605.05,660.1,577.36
1701051,485.88,578,618.2,554.18
1701101,675.62,776.95,820.8,750.67
1701309,544.5,662.58,719.3,633.2
1701903,704.5,794.11,846.2,773.82
1702000,692.56,810.05,930.8,795.11
1702109,616,712.58,764.9,689.87
1702158,538.12,646.58,724.7,625.38
1702208,488.12,665.47,652.6,599.56
1702307,622.75,730.63,759.2,698.62
1702406,599.19,645.58,815,666.73
1702554,478.94,656.58,635.3,588.69
1702703,687.88,738.32,911.7,758.91
1702901,450.75,615.47,629.9,560.11
1703008,561.75,661.47,717.1,638.38
1703057,646.5,768.26,812.7,734.84
1703073,570.94,681.63,756.4,658.89
1703107,785.38,812.79,986.1,841.56
1703206,638.12,756.53,795.9,723.18
1703305,666.94,758.26,826.3,740.91
1703602,648.19,786.53,846.1,750.58
1703701,713.94,758.11,871.9,767.69
1703800,504.62,675.21,647.1,608.31
1703826,461.62,588.79,612.9,548.93
1703842,577.94,645.47,716.6,637.27
1703867,683.06,722.37,820.8,730.27
1703883,566,693.47,705.1,650.73
1703891,487.38,672.95,639.5,599.53
1703909,700.38,779.74,857.8,768.87
1704105,661.62,744.68,810.4,729.76
1704600,780.69,826.16,994.2,847.33
1705102,667.75,724.53,830.2,727.82
1705508,641.62,761.32,837.9,735.78
1705557,619.75,718.95,837.2,709.96
1705607,626.69,630.89,788.2,664.36
1706001,674.19,773.53,883.3,762.6
1706100,778.94,796.95,931.9,820.53
1706258,734.81,772.53,884.1,783.91
1706506,500.12,593.79,640.4,570.84
1707009,687.38,716.21,850.8,735.87
1707108,748.44,832.26,932.1,824.64
1707207,749.62,844.53,942.8,832.62
1707306,747.69,775.74,872,787.16
1707405,533.94,680.16,665,624.8
1707553,768,788.95,909.1,808.2
1707652,656.38,730,852.8,731.11
1707702,565.56,684.79,757.9,658.64
1708205,696.31,777.79,886.1,772.89
1708254,707.69,786.21,914,786.69
1708304,730.88,824.68,915.2,811.44
1709005,595.75,671.37,769.1,666.2
1709302,665.62,763.37,879.5,754.42
1709500,686.19,725.26,803.1,728.67
1709807,697.25,705.95,877.3,740.93
1710508,640.81,747.11,828.6,727.42
1710706,433.38,566.16,609.6,528.6
1710904,653.69,749.05,834.3,734.09
1711100,655.25,784.32,879.8,759.64
1711506,661.19,726.63,913.9,744.98
1711803,642.56,766.37,831,736.71
1711902,705.5,795.32,823.3,769.6
1711951,683,741.58,834.7,741.44
1712009,690.88,782.84,840.9,763.04
1712157,609.94,699.63,826.6,695.96
1712405,637.75,691.95,729.3,680.98
1712454,460.94,562.32,600.3,534.71
1712504,684.31,773.37,871,763.4
1712702,589.38,706.79,715.4,666.96
1712801,446.06,564.26,599.4,530.04
1713205,735.12,799.37,941.2,808.04
1713304,730.12,826.26,934.2,816.07
1713601,688.81,743.47,847.6,747.18
1713700,793.69,837.79,982.8,854.33
1713809,492.75,572.89,637.3,558.71
1713957,554.44,665.68,703.6,634.56
1714203,654.81,706.89,800.8,709.24
1714302,463.5,560.11,600.5,534.73
1714880,608,728.95,772.7,695.67
1715002,808.44,801.79,942.2,835.36
1715101,664.88,756.95,824.4,739.2
1715150,628.56,723.84,820.8,711.51
1715259,685.75,704.68,850.4,730.33
1715507,792.25,811.21,941.1,833.33
1715705,617.19,738.37,797.5,708.42
1715754,700.19,763,885.9,767.98
1716109,793.88,808.05,972.8,839.62
1716208,634.62,661.95,814.3,686.09
1716307,611.75,707.32,746.3,682
1716505,656.69,759.74,816.6,735.73
1716604,633.12,674.32,823.3,692.78
1716653,658.25,774.58,864.3,753.16
1716703,708.12,800.53,903.3,790.51
1717008,684.19,739.32,861.4,746.84
1717206,534.44,634.74,683.3,609.87
1717503,717.19,792.95,908.8,791.76
1717800,713.38,667.37,851.3,724.6
1717909,677.5,735.95,838.1,737.87
1718006,664.88,701.68,790.7,708.38
1718204,760.69,782.21,943,810.29
1718303,453.38,644.79,639.7,575.6
1718402,663.12,794.79,888.9,768.89
1718451,799.88,814.21,971.4,844.04
1718501,648.69,689.63,774.7,693.98
1718550,508.75,622.16,676,593.8
1718659,701.69,730.26,865.9,750.24
1718709,685,777.16,881.3,767.53
1718758,656.75,735.32,788.1,719.11
1718808,481.19,659,644.2,592.49
1718840,697.38,792.05,911.8,785
1718865,546.31,664.58,709.6,632.53
1718881,680.56,751.68,835.9,745.11
1718899,759.81,809.37,921.2,816.6
1718907,658.94,692.63,831.7,711.56
1719004,678.12,735.53,831.6,736.47
1720002,469,563,600.6,537.93
1720101,459.12,607.37,626.3,558.87
1720150,641.75,718.37,712.9,689.91
1720200,431.62,594.05,613.9,540.71
1720259,636.38,698.53,867.2,713.91
1720309,531.88,693.68,676.5,632.33
1720499,634.12,699,837.9,706.8
1720655,665.25,703.11,840.3,720.13
1720804,440.44,603.21,621.1,549.31
1720853,638.38,680.79,824.3,697.6
1720903,706.81,713.84,919.5,757.04
1720937,680.75,624.21,825.2,688.98
1720978,664.12,740,921.2,753.29
1721000,684.62,761.89,842.2,752.27
1721109,669.69,777,826.3,749.8
1721208,432.81,544.16,599.5,516.87
1721257,659.38,777.79,864.1,754.87
1721307,666.56,787.79,854,759.4
1722081,539.25,665.05,687.1,625.22
1722107,519.44,628.63,692.9,604.09
2100055,368.56,523.84,514.9,466.64
2100105,266.75,371.58,408.5,342.51
2100154,155.25,219.42,238.3,200.8
2100204,205.62,295.16,365.1,278.87
2100303,277,390.37,430,358.87
2100402,346.69,407.26,526.1,412.13
2100436,321.31,398.74,499.3,393.56
2100477,314.69,408.79,484.9,392.24
2100501,561.75,608.11,658.4,602.8
2100550,278.31,354.05,381.1,333.13
2100600,320.56,429.95,476.1,401.31
2100709,338.56,443.42,505.1,419.84
2100808,246.62,343.42,400.2,321.62
2100832,205.56,284.37,313.3,262.78
2100873,311.69,409.68,452.4,384.33
2100907,156.12,212.58,232.8,197
2100956,304.62,401.21,462,380.38
2101004,368.81,447.79,507.7,433.02
2101103,255.69,388.74,414.8,347.22
2101202,340.81,423.42,499.7,411
2101251,282.75,408.74,451.3,373.4
2101301,206,285.26,309.3,262.42
2101350,233.5,334.16,379.7,308.49
2101400,561.81,588.95,683.2,600.24
2101509,356.5,408.47,461.2,401.71
2101608,265.81,377.16,491.7,363.02
2101707,183.69,260.11,306.1,243.16
2101731,237.44,340.89,354.4,307.11
2101772,366.81,400.26,526.8,416.49
2101806,377.44,486.11,510.3,452.84
2101905,205,295.16,348.2,274.89
2101939,331.56,395.68,516.4,399.71
2101970,296.5,375.16,412.3,355.44
2102002,268.56,388.42,441.1,357.51
2102036,297.31,407.68,455.2,379
2102077,338.06,406.58,518.6,407.11
2102101,261.38,348.58,396.2,328.16
2102150,316.25,410.37,492.3,395.11
2102200,261.38,362.95,424,340.4
2102309,328.75,420.53,530.6,412.36
2102325,269.56,368.74,437.7,348.8
2102358,377,545.11,563.9,489.51
2102374,305.19,430.68,441,388.36
2102408,267.75,386.68,421.1,352.04
2102507,361,427.63,511.7,422.62
2102556,396.06,515.63,580.3,487.49
2102606,256.25,333.84,352.9,310.49
2102705,353.06,429.21,511.7,420.47
2102754,315.88,392.74,492.4,387.56
2102804,530.25,630.16,718.3,614.22
2102903,284.38,362.84,398.1,342.78
2103000,308.38,376.16,454.7,369.51
2103109,196.94,279.37,333.2,262.02
2103125,197.44,270.68,319.8,255.56
2103158,318.12,414.16,440.4,385.84
2103174,336.19,442.95,456.8,408.07
2103208,275.56,359.16,389.1,336.09
2103257,459.81,634.68,632.7,572.07
2103307,296.38,388,460.8,371.6
2103406,259.19,377.58,398.4,340.11
2103505,335,447,508.6,420.87
2103554,368.81,432.84,529.7,431.6
2103604,301.31,379.47,479.8,373.98
2103703,193.62,280.47,311.7,256.53
2103752,384.88,546.89,595,499.98
2103802,315.5,388.16,496.8,386.47
2103901,264.25,373.63,395.9,339.69
2104008,307.94,398.63,516.6,392.6
2104057,470.88,570.42,613.5,544.6
2104073,392.75,529.42,515.8,477.8
2104081,301.12,404.32,467,381.56
2104099,336.56,463.05,499.5,426.18
2104107,395.62,553.68,565.7,500.16
2104206,318.75,407.79,496.2,395.78
2104305,267.38,335.63,363.7,317.6
2104404,307.88,384.68,488.8,380.51
2104503,314.94,387.95,484.7,383.49
2104552,408.12,554.53,593,511.02
2104602,328.19,390.58,508,394.49
2104628,321.19,407.53,504.6,398.4
2104651,335.88,434.68,486.8,411.13
2104677,281.38,376.89,379.4,343.49
2104701,318.75,390.11,484.2,385.64
2104800,324.06,409.47,471.6,392.91
2104909,196.5,282.74,338.4,264.44
2105005,223.69,347.58,378.3,310.36
2105104,238.38,371.37,396.3,329.62
2105153,368.75,414.68,526.1,423.11
2105203,327.38,412.37,521.5,406.4
2105302,423.88,563.63,615.4,525.44
2105351,275.19,377.58,476.5,363.16
2105401,345.75,439.68,493.4,418.22
2105427,329,475.74,487.9,426.27
2105450,333.88,431.79,506.3,413.53
2105476,270,380.37,479.4,363.13
2105500,386.44,545.05,560.1,492
2105609,309.5,384.68,502.8,384.2
2105658,315.5,413.32,419.5,379.91
2105708,313.06,402.05,499.1,391.98
2105807,332.94,416.84,521.1,410.18
2105906,351.94,414.84,522.9,416.49
2105922,352.25,434.89,536.8,428.16
2105948,332.94,416.84,521.1,410.18
2105963,296.75,405.26,510,389.96
2105989,359.56,498.05,529.5,455.8
2106003,318.56,394.63,505.1,392.13
2106102,419.75,499.63,523.1,476.44
2106201,269.88,340.53,369.2,321.78
2106300,180.12,240.32,280.4,227.82
2106326,285.69,382.53,389.5,349.64
2106359,305.56,393.16,497.3,385.16
2106375,266.88,367.68,387.9,336.33
2106409,259.62,361.47,396.6,333.07
2106508,279.25,386.89,418.7,355.69
2106607,321.25,368.74,509.4,383.11
2106631,362.56,447.68,524.7,434.53
2106672,233.19,309.16,383.8,298.73
2106706,360.12,475.47,509.3,441.98
2106755,360.19,448.21,525.1,434
2106805,190.94,268.95,311.9,250.76
2106904,369.31,415.05,519.5,422
2107001,365.88,524.21,581.8,480.71
2107100,253.75,387.95,394.9,341.78
2107209,302.06,405.68,438.1,376.04
2107258,403.06,540.47,563.7,496.78
2107308,367.31,459.05,495.4,434.51
2107357,307.88,403.53,452.8,380.47
2107407,355.88,408.53,517.2,413.96
2107456,272,373.53,408.5,345.2
2107506,227.5,346.84,391.1,314.24
2107605,230.44,330.32,350.5,299.29
2107704,365.06,463.89,518.6,440.91
2107803,338.94,384.32,527.6,400.02
2107902,339.25,437.26,550.9,427.67
2108009,354.12,453.16,496.1,427.49
2108058,179.19,243.63,297.2,232.62
2108108,320.56,416,514.3,403.91
2108207,322.38,393.21,509.2,393.8
2108256,297.06,407.89,418.3,370.8
2108306,353.06,443.68,488.9,421.51
2108405,203.75,288.74,340.5,270.02
2108454,314,384.05,481.1,380.71
2108504,362.06,422.74,522.8,423.4
2108603,218,305.79,328.8,279.69
2108702,364.44,408.63,513.5,416.22
2108801,352.06,417.11,491.5,410.51
2108900,311.06,404.58,512.4,395.29
2109007,380.5,505.84,548.8,470.82
2109056,192.81,273.63,314.8,254.04
2109106,318.31,383.16,498,385.62
2109205,291.69,423.05,440.2,380.16
2109239,242.69,326.79,354.2,302.98
2109270,225.06,331.26,352.4,298.2
2109304,307.69,424.53,444.3,387.38
2109403,212.44,321.11,348,288.44
2109452,224.44,340.37,390.1,310.2
2109502,450.44,577.53,608.7,539.27
2109551,410.56,542.05,595.3,507.13
2109601,281.75,405.32,438.2,368.69
2109700,433.88,551.47,555.4,510.53
2109759,320.81,414.26,500.7,400.24
2109809,224.88,322.05,346.8,293
2109908,361.5,405.32,537.4,419.09
2110005,304.81,390.11,477,379.09
2110039,246.38,332.89,365.2,309.31
2110104,225.38,298.47,371,288.6
2110203,332.31,442.63,484.4,412.69
2110237,183.88,245.32,294.9,234.49
2110278,189.56,286.11,310.4,257.18
2110302,315.56,387.32,491.8,385.02
2110401,281.81,393.05,396.1,354.18
2110500,236.06,341.53,360.7,308.29
2110609,220.31,275.68,327.5,267.51
2110658,385.75,486.47,502.4,454.2
2110708,330.5,426.84,500.7,409
2110807,391.69,485.05,509.9,457.38
2110856,387.81,556.58,588.9,503.76
2110906,350.69,412.16,532.7,417.09
2111003,297.69,396.16,449.2,372.93
2111029,314,414.11,453.9,387.36
2111052,376.38,490.26,512.6,454.73
2111078,295.75,370.05,503.7,373.33
2111102,363.75,432.26,494.7,421.78
2111201,227.5,346.84,391.1,314.24
2111250,317.06,385.11,513.1,389.36
2111300,230.06,349.74,393.8,316.98
2111409,334.81,408.89,503.8,403.64
2111508,366.12,434.37,527.2,430.73
2111532,531.56,695.63,677.2,633.2
2111573,380.75,511.74,532.9,469.87
2111607,405.5,544.26,534.7,492.8
2111631,285.81,394,506.2,380.47
2111672,292.69,393.79,507.9,383.2
2111706,257.06,363.26,379.7,329.16
2111722,362.44,406.53,530.1,418.31
2111748,309.25,379.16,492.4,379.47
2111763,370.88,539.74,559.5,484.09
2111789,192.5,280.37,309.7,255.64
2111805,339.5,474.05,482,427.98
2111904,344.38,467.05,492.5,429.09
2111953,362.38,430.47,523.9,427.02
2112001,544.25,568.37,659.1,579.96
2112100,312.56,386.68,464,377.51
2112209,314.25,369.32,476.3,373.51
2112233,330.62,401,515.9,401.51
2112274,360.56,415.47,534.1,422.31
2112308,324.38,426.79,514.3,409.82
2112407,224.56,299.63,316.4,276.67
2112456,208.75,298.79,299.2,266.87
2112506,166.88,233.68,272.5,218.56
2112605,229.06,322.84,357.7,297.24
2112704,299.81,377.79,441.6,364.24
2112803,312.12,420.21,469.4,392.71
2112852,478.5,659.05,643.1,591.31
2112902,363.5,424.68,518,423.67
2113009,334.06,404.68,516.3,404.38
2114007,335.31,443.95,483.9,414.2
2200053,203,233.74,278.2,232.69
2200103,318.62,387.79,476.4,382.89
2200202,322.38,400.47,507.9,396.58
2200251,138.94,175.79,253.2,179.89
2200277,135.62,173.26,246.5,176.16
2200301,267.75,329.16,387.7,320.33
2200400,286.88,345,416.8,340.29
2200459,334.5,338.16,456.5,363.16
2200509,327.94,400.16,486.9,393.76
2200608,326.06,398.21,492,393.4
2200707,265.38,278.47,387.7,298.09
2200806,366.44,493.95,503.8,450.8
2200905,259.56,333.37,404.3,322.89
2200954,239.69,267.63,331.6,271.91
2201002,317.81,373.11,465.9,374.07
2201051,123.38,144.42,203.2,150
2201101,357.81,371.79,438.9,381.73
2201150,477.31,515.79,563.9,512.8
2201176,292.12,337.47,431,342.13
2201200,248.94,341.32,414.6,324.76
2201309,479.25,529.58,589.7,525.04
2201408,320.44,386.58,475,382.71
2201507,214.62,305.95,347.9,282.8
2201556,239.19,241.37,324,258.96
2201572,165.69,182.74,252.6,192.2
2201606,298.12,355.42,399,344.73
2201705,334.75,386.05,457.6,383.71
2201739,181.62,211.68,265.9,213.04
2201770,229.69,315.68,397.2,303.22
2201804,215.31,235.47,300.6,242.78
2201903,374.56,424.11,518.4,427.44
2201919,127.19,175.47,197.2,163.13
2201929,256.5,268.74,375,288
2201945,236.69,311.63,381.5,300.51
2201960,181.38,249,308.6,238.2
2201988,265.62,266.68,377.6,290.96
2202000,143.25,202.11,223,185.82
2202026,140.38,183.89,248.9,182.87
2202059,256.5,337.74,397,322.02
2202075,310,356.84,442,359.11
2202083,142.94,175.63,202.6,170
2202091,136.81,176.53,238.3,176.13
2202109,252.25,271.42,331.5,277.96
2202117,229.25,236.89,323.2,253.36
2202133,165.5,195.53,264.3,200.13
2202174,268.88,344.21,404.4,330.8
2202208,250.5,315.84,392.9,309.73
2202251,343.5,388.37,465.7,389.6
2202307,313.06,302.21,440.1,336.71
2202406,222.5,286.58,386.8,286.07
2202455,220.81,239.74,311.4,248.93
2202505,279.31,287,404.9,310.47
2202539,175.38,244.26,283.7,228.53
2202554,180.81,204.37,288.1,214.6
2202604,187.62,237.89,291,231.82
2202653,146.06,208.74,239.6,193.31
2202703,121.06,175.16,197,160.78
2202711,231.94,293.95,385.9,292.33
2202729,136.81,178.53,209.4,170.56
2202737,272.94,327,397,323.33
2202752,324.19,322.32,458.8,353.31
2202778,301.81,302.53,406,325.27
2202802,219.5,241.05,304.9,247.58
2202851,226.88,247.84,334.3,259.6
2202901,459.81,505.11,540.2,496.8
2203008,481.19,532.42,606.6,530.69
2203107,336,353.11,473.5,373.78
2203206,378.19,409.37,496.1,417.56
2203230,377.75,407.42,489.2,415.04
2203255,331,392.53,480.9,390.29
2203271,169.5,203.42,279,208.16
2203305,306.31,370.11,429.7,360.67
2203354,225.38,249.37,327.2,258.13
2203404,244.56,271.95,335.8,276.4
2203420,127.44,182.63,259.6,180.11
2203453,225.81,235.47,300.7,246.53
2203503,270.25,356.11,448.3,346.07
2203602,320.06,330.74,456.6,354.91
2203701,221.56,288.95,337.2,275.71
2203750,242.19,251.42,330.4,265.69
2203800,310.5,320.63,430.9,341.53
2203859,264.88,288.16,345,292.51
2203909,347.38,385,445,384.96
2204006,300.88,357.84,470.5,362.62
2204105,339.94,395.16,450.8,387.89
2204154,138.75,179.53,242.5,179.02
2204204,174,203.42,268.4,207.4
2204303,119.56,157.42,210.9,155.84
2204352,220.75,236.79,313.3,248.09
2204402,451.94,500.16,574.9,499.62
2204501,366.62,427.32,479.1,417.24
2204550,317.31,319.42,425.5,342.24
2204600,301.62,390.37,476.6,377.98
2204659,135.12,181.63,210.6,171.53
2204709,248.81,283.32,335.2,282.58
2204808,261.81,285.32,348.6,291.02
2204907,237.44,257.32,321.2,264.44
2205003,213.69,241.21,306.6,245.96
2205102,332.44,353,453.5,368.02
2205151,200.81,225.84,300.2,233.47
2205201,184.88,214.95,286.3,220.11
2205250,312.06,399.53,497.2,390.13
2205276,220.62,292.53,379,286.18
2205300,374.56,425.47,477.6,418.96
2205359,244.94,258.68,356.3,275.49
2205409,212.06,272.42,318.7,261.24
2205458,241.44,310.95,339.5,292.58
2205508,292.88,351.74,390.3,339.38
2205516,170.31,223.84,316,225.29
2205524,411.12,415.05,489.4,430.18
2205532,269.5,273.21,392.5,298.4
2205540,327.69,388.26,498.7,391.27
2205557,265,362.16,405.7,337.29
2205565,210.44,221.53,286.9,232.11
2205573,158.44,230.11,321.2,224.87
2205581,312.19,376.68,447.8,369.56
2205599,198.12,220.37,289.7,227.87
2205607,377.81,454.89,494.2,436.22
2205706,142.75,171.53,186.5,164.62
2205805,237.12,305.16,345.8,290
2205854,247.81,324.16,382.1,309.89
2205904,339.5,358.21,441.1,369.98
2205953,140.88,183.42,251.7,183.47
2206001,395.81,457.16,479.4,440.29
2206050,186,204.42,283.5,215.44
2206100,258,330.68,397,319.58
2206209,260.12,371.42,416.8,341.93
2206308,321.31,393.47,488.8,389
2206357,158.75,212.53,322.9,217.93
2206407,316.12,385.58,463.3,378.16
2206506,158.44,192.89,275.6,199.02
2206605,408.06,464.05,531.7,459.18
2206654,336,364.47,438.1,370.71
2206670,229.94,301.95,346,286.13
2206696,180,238.47,289.1,228.93
2206704,325,364.05,424.9,363.69
2206720,315.25,375.74,461.9,373.38
2206753,239.75,313.21,387.6,303.62
2206803,261.31,373.37,407.7,341.16
2206902,282.69,321.84,405,326.4
2206951,240.75,322.42,372.5,304.51
2207009,291.38,321.53,417,332.02
2207108,320.44,386.58,475,382.71
2207207,155.81,182.53,249.8,187.98
2207306,258.44,270.11,369.1,287.96
2207355,285.12,285.74,404.1,311.82
2207405,366.88,386.32,454.9,394.64
2207504,333.88,404.42,504.2,401.51
2207553,243.25,274.26,338.1,277.42
2207603,426.31,471.05,545.7,471.73
2207702,131.19,180.53,194.8,166.16
2207751,312,380.32,463.3,374.47
2207777,191.44,216.95,291.2,224.38
2207793,287.5,361.42,407.4,345.36
2207801,212.06,220.79,284,231.73
2207850,314.38,314.89,439.5,342.4
2207900,119.06,177.95,279.6,179.6
2207934,250.75,257.79,365.6,279.24
2207959,245.56,248.05,340.5,267.71
2208007,241.69,266.16,329.7,271.58
2208106,156,178.42,263.4,189.33
2208205,132.69,154.16,221,161.38
2208304,156.88,234.89,260.4,212.82
2208403,195.44,266.21,367.1,263.47
2208502,270.88,374.05,431,350.02
2208551,393.19,456.74,494.8,442.6
2208601,276.5,346.32,396,332.53
2208650,202.06,227.95,281.9,230.73
2208700,375.38,418.58,514.5,424.53
2208809,300.75,383.74,477.7,375.11
2208858,418.19,475.42,503.2,461.24
2208874,273.44,272.21,369,294.16
2208908,468.75,535.21,597.1,525.33
2209005,320.31,340.89,435.8,354.67
2209104,262.69,287.16,354.9,293.51
2209153,246.19,319,395.8,310.18
2209203,539.06,579.89,688.9,589.6
2209302,356.81,364.16,473.2,385.78
2209351,221.19,248.74,296.9,249.64
2209377,294.69,332.05,429.1,340.33
2209401,182.94,213.21,288.5,219.18
2209450,324.88,404.05,488.9,394.76
2209500,278.81,303.21,384.8,312.67
2209559,272.56,270.95,408.6,302.11
2209609,276,344.89,432.7,339.91
2209658,217.38,222.84,285,234.71
2209708,322.94,351.26,435.9,360
2209757,467.81,529.63,564.2,515.33
2209807,316.88,401.11,498.4,392.78
2209856,193.75,225.74,292.4,229.18
2209872,130.5,174.95,217.3,168.56
2209906,230.62,302.74,337.2,284.76
2209955,265,293.11,370.2,300.24
2209971,255.44,332.16,380.3,315.58
2210003,237.5,249.11,334.3,263.91
2210052,187.31,261.95,287.8,241.16
2210102,300.38,334.53,447,347.38
2210201,225.19,248.63,296,250.82
2210300,136.38,171.26,245.6,175.38
2210359,232.38,246.47,345.3,263.42
2210375,191.62,211.79,287.9,221.53
2210383,292.38,355.79,438.9,351.71
2210391,292.56,300.11,410.8,322.02
2210409,174,223,267.1,215.38
2210508,328.38,396.32,480.4,390.84
2210607,253.62,252.79,375.3,280.31
2210623,452.56,487.68,572.3,494
2210631,348.44,411.84,450.6,397.91
2210656,204.12,267.63,354.5,264.36
2210706,157,190.26,259,193.71
2210805,247.25,256.74,355,275.2
2210904,273.62,279.37,386.7,301.18
2210938,211.44,235.74,306.1,242.73
2210953,295.75,276.32,407,312.27
2210979,302,334.11,443.6,347.02
2211001,310,362.42,416.2,355.73
2211100,275.38,383.05,404.6,349.56
2211209,374.38,479.79,504,447.69
2211308,249.5,300.68,372.9,298.53
2211357,261.31,268.84,371.3,288.93
2211407,304.62,352.63,455.3,358.38
2211506,229.12,258.63,318.4,261.42
2211605,156.81,183.53,259.9,191
2211704,266.81,290.26,368,299.2
2300101,215.5,269.11,336,264.91
2300150,101.19,139.68,163.5,131.29
2300200,93.25,148.26,141.8,127.27
2300309,113.44,150.68,203.6,149.2
2300408,120,144.42,207.3,149.71
2300507,133.62,179.53,232.6,175
2300606,175.38,223.37,279.7,218.82
2300705,86.94,109.95,132.8,106.84
2300754,94.06,129.47,163.5,124.44
2300804,122.5,150.05,184.7,147.96
2300903,94.44,94.11,140.3,104.49
2301000,124.06,175.68,169.8,156.02
2301109,76.69,100.68,137.7,100.38
2301208,93.5,140.42,164.9,129.18
2301257,102.5,145.89,164.9,134.69
2301307,145.25,191.37,245.7,187.04
2301406,100.38,142.05,168,133
2301505,105.5,132.74,196.2,137.16
2301604,141.56,185.58,251,184.47
2301703,179.69,244.74,300.4,233.98
2301802,147.38,214.58,258.3,200.4
2301851,76.88,103.95,121.9,98.31
2301901,217.69,282.84,320,267.93
2301950,86.5,123.26,150.9,116.33
2302008,151.94,211,271.9,203.53
2302057,138.62,172.68,187.4,163.84
2302107,130.88,174.26,217.4,168.42
2302206,85.94,109.79,127.2,105.18
2302305,78.81,115.47,134.2,106.6
2302404,69.12,94.05,156.4,99.04
2302503,182.75,210.47,308.9,222.49
2302602,130,152.42,171.7,148.73
2302701,126.06,162.68,220.6,162.53
2302800,69.31,92.74,125.6,91.71
2302909,102.56,143.21,165.1,133.62
2303006,91,119.84,150.1,116.31
2303105,113.44,151.42,205.6,149.96
2303204,181.44,297.95,332.7,264.24
2303303,167.12,227.53,266.5,214.71
2303402,110.62,148,207.4,147.91
2303501,112.56,145.05,172.2,139.53
2303600,99.69,143.05,197.7,139.78
2303659,95.44,129.53,195.5,132.07
2303709,97.31,144.58,162.9,131.84
2303808,146,206.42,246.1,193.76
2303907,137.38,175.47,192.1,165.62
2303931,81.31,102.68,140,103.38
2303956,87.75,126.16,136.5,114.8
2304004,116.69,158.16,177.6,147.73
2304103,101.69,141.68,209.4,142.51
2304202,240.31,326.63,359.5,303.24
2304236,76.19,124.95,192.9,122.71
2304251,85.31,138.37,134.5,118.64
2304269,74.88,113.11,157.1,109.29
2304277,111.81,135.95,180.9,137.36
2304285,129.12,202.05,184,172.11
2304301,174.94,225.74,278.3,219.36
2304350,89.69,126.37,143.4,117.11
2304400,140.38,210.58,199.6,183.18
2304459,89.75,114.84,144.2,112.44
2304509,170.62,226.68,260.5,214.27
2304608,99.94,98.16,147.6,109.78
2304657,162.75,208.89,263.7,204.67
2304707,161,195.47,210.5,186.56
2304806,183.81,287.74,303.1,254.2
2304905,96.62,137.74,167.7,129.78
2304954,117.38,163.58,173.7,149.4
2305001,86.12,124.47,185.6,124.42
2305100,166.88,214.89,247.8,205.13
2305209,99.5,144.47,205,141.93
2305233,109.19,145.11,161.8,136.04
2305266,83.19,118.11,140,110.56
2305308,151.25,201.37,252.2,194.84
2305332,90.31,114.53,122.5,107.69
2305357,85.38,91.37,117.1,94.96
2305407,117.06,151.84,194.9,149.04
2305506,139.75,200.26,220.8,183.31
2305605,81.31,113.63,172.2,115.16
2305654,95.5,144.68,182.3,135.56
2305704,155.88,217.47,274.6,208.27
2305803,107.62,174.95,221.8,161.42
2305902,90.19,142.58,201.4,137.02
2306009,96,127.11,140.8,119.09
2306108,67,86.74,122.6,87.69
2306207,69.44,77.84,122.9,84.87
2306256,125.56,177.42,171.1,157.58
2306306,94.31,129.32,147.1,120.82
2306405,113.25,155.42,194.6,149.13
2306504,90.69,139.11,155.7,125.58
2306553,108.31,143.42,150.7,132.56
2306603,58.31,76.58,108.3,77.13
2306702,71.5,119.84,132.2,105.4
2306801,86,118.89,137.2,111.27
2306900,91.94,122.32,140.4,115.53
2307007,62.44,72.74,114.7,78.4
2307106,196.81,232.53,297.2,234.2
2307205,182.62,209.16,295.1,218.82
2307254,79.88,122.89,130.8,109.36
2307304,206.38,292.37,344.5,273.38
2307403,127.56,197.16,236.6,181.18
2307502,173.88,217.32,272.7,214.18
2307601,93.31,108.47,128.9,107.62
2307635,56.06,73.95,117.5,77.27
2307650,129.12,189.79,188.1,167.84
2307700,130.62,167.11,195.4,160.42
2307809,77.88,112.05,139.6,106.02
2307908,117.19,166.26,174,150.53
2308005,149,193.11,228.1,185.2
2308104,159.44,192.16,265.7,196.87
2308203,140,203,237,188.16
2308302,197.44,239.63,304.2,238.98
2308351,69.12,116.95,160.1,109.53
2308377,68.69,97,145,97.6
2308401,239.94,306.16,367.8,296.31
2308500,91.5,112.37,172.9,118.4
2308609,79.12,99.16,156.9,104.87
2308708,90.88,115.95,118.1,107.51
2308807,128.12,174.47,207.7,165.38
2308906,73.75,105.68,136.8,101.24
2309003,139.69,174.42,227.4,173.84
2309102,146.88,190.21,226.7,182.91
2309201,185.25,252.42,287.9,236.42
2309300,109.31,144.47,181.6,140.22
2309409,109.5,152.42,201.7,148.11
2309458,86.19,116.21,144.8,111.89
2309508,112.69,161.58,190.3,150.58
2309607,109.19,145.11,161.8,136.04
2309706,125.56,177.42,171.1,157.58
2309805,171.62,210.47,238.2,202.82
2309904,142.56,181.47,246.4,182.07
2310001,67.06,83.16,114.2,84.33
2310100,166.56,208.53,229.3,198.22
2310209,103.88,146,167,135.69
2310258,104.19,150.95,174.5,139.56
2310308,118.5,149.74,209,151.8
2310407,97.94,92.63,140.1,105.07
2310506,81.75,99.79,174,109.87
2310605,170.44,193.47,257.4,199.49
2310704,77.19,86.79,126.9,92.29
2310803,114,137.63,187.6,140.33
2310852,125.94,161.21,163.7,149.22
2310902,89.12,125.79,170.5,122.69
2310951,109.88,164.42,220.4,157.47
2311009,94,143.26,187.8,135.64
2311108,189.81,230.42,290,229.22
2311207,135.81,177.11,229.5,174.07
2311231,92.12,116.37,130.5,110.89
2311264,107.31,143.74,189.4,140.93
2311306,74.69,102.53,128.1,98.31
2311355,111.06,173.74,196.2,156.44
2311405,65.62,101.05,149.1,99.13
2311504,73.88,88.26,124.5,91.2
2311603,113.12,156.11,171.9,144.33
2311702,140.94,197.26,241.6,187.09
2311801,82.81,89.26,111,91.8
2311900,110.62,160.79,174.2,145.93
2311959,123.06,164.58,243,167.24
2312007,90.69,126,158.2,120.6
2312106,163.5,248.05,283.2,225.8
2312205,90.25,115.26,172.4,119.07
2312304,139.06,185.89,243.9,182.13
2312403,96.56,128.05,154.1,122.64
2312502,86.75,100.79,137.4,103.93
2312601,87.12,102.63,144.9,106.51
2312700,82.12,107.89,167.3,111.93
2312809,130.62,158.37,200,157.76
2312908,89.69,126.37,143.4,117.11
2313005,73.75,114.89,157,109.62
2313104,95.62,105.63,134.9,108.58
2313203,87.25,115.42,166.8,116.82
2313252,137.06,166.16,201.1,163.58
2313302,92.56,113.42,170.1,118.6
2313351,86.06,85.47,146.4,99.22
2313401,158.62,202.11,271.2,202
2313500,110.88,154.11,187.9,146.24
2313559,109.38,154.47,192.8,146.96
2313609,159.81,211.21,256.4,202.98
2313708,138.5,186.16,236.4,180.38
2313757,81.06,108.84,143,106.56
2313807,112,151.95,168.2,141.36
2313906,144.25,185.42,198.3,173.64
2313955,114,157,210.6,153.62
2314003,178.06,263.26,311.2,243.62
2314102,147.69,197.32,226.9,186.24
2400109,68.5,67.95,124.1,80.62
2400208,63.94,71.53,122.4,80.13
2400307,63.94,66.16,101.6,73.24
2400406,113.19,137.37,180.8,138.42
2400505,104.12,136.63,179.7,134.64
2400604,99.62,131.16,183.2,131.51
2400703,60,69.11,99.3,72.58
2400802,61.19,67.58,100.5,72.62
2400901,100.5,138.32,185.1,135.27
2401008,90.44,93.63,125.5,99.58
2401107,67.19,72.89,105.2,78.04
2401206,100.25,106.53,161.2,116.44
2401305,86.69,99.11,141.1,104.02
2401404,107.69,119.79,165.1,125.56
2401453,63.69,75.47,120.3,81.24
2401503,56.06,57.79,112.7,69.38
2401602,62.94,62.79,121.6,75.91
2401651,56.38,53.37,104.5,65.8
2401701,77.81,81.74,124.7,89.89
2401800,87.81,95.68,149.3,104.8
2401859,55.75,64.58,98.7,69.02
2401909,50.5,58.16,112.4,67.49
2402006,86.56,88.89,153.5,102.42
2402105,60.94,59.42,124.3,74.38
2402204,102.94,118.89,162.7,122.96
2402303,83.25,91.74,130.9,97.42
2402402,69,72.84,141,86.62
2402501,56.62,64.58,100.2,69.67
2402600,93.31,94.53,138.8,103.93
2402709,50.69,53.42,109.7,64.96
2402808,62.56,58.05,116.4,72.62
2402907,113.19,136,193.5,140.67
2403004,86.88,81.11,150.7,98.62
2403103,71.19,60.11,111.4,75.44
2403202,113.5,136.42,186.2,139.33
2403251,101.44,100.74,151.6,112.29
2403301,113.5,136.42,186.2,139.33
2403400,86.88,87.89,157.8,103.07
2403509,87.12,96,138,102.18
2403608,97.56,97.95,142.3,107.67
2403707,80,84.21,128.9,92.64
2403756,56.38,57.84,100.1,66.71
2403806,76.31,81.11,141.7,92.87
2403905,104.25,119.37,169.5,125.13
2404002,100.56,132.68,181,132
2404101,58.88,67.68,92.5,70.07
2404200,98.12,107.53,150.4,113.71
2404309,68.38,80.84,134.1,88.24
2404408,77.12,85,107.8,87.27
2404507,61.19,67.53,91.1,70.51
2404606,81.5,79.74,133.6,92.33
2404705,66.81,67.11,107.6,76
2404804,95.56,103.05,160.4,113.13
2404853,70.31,68.05,112.1,78.64
2404903,97.88,108.05,134.7,110.36
2405009,65.12,58.47,112.2,72.78
2405108,53.25,60.68,96.3,65.96
2405207,93.94,106.16,135.7,108.38
2405306,62.31,61.32,113,73.16
2405405,66.56,60.32,123,76.47
2405504,57.19,61.32,123.3,73.62
2405603,88.88,108.47,154.3,111.69
2405702,87.94,86.05,153.6,101.73
2405801,62.12,65.37,116.3,75.53
2405900,99.06,134.74,187.7,133.82
2406007,122.31,151.32,177,146.71
2406106,83.5,94.68,146.1,102.13
2406155,87.81,95.68,149.3,104.8
2406205,64.12,71.26,129.8,81.73
2406304,85.94,86.16,135.5,97.04
2406403,58.44,58.89,111.2,70.36
2406502,65.44,62.74,107.6,73.67
2406601,73.75,74.84,120,84.49
2406700,50.81,57.42,101.5,64.87
2406809,59.81,54.84,122.5,71.64
2406908,100.56,132.68,181,132
2407005,123.44,147.11,190.8,148.4
2407104,89.06,90.05,139.3,100.64
2407203,63.94,67.79,94.5,72.36
2407252,126.81,150.84,198.2,152.82
2407302,103.94,129.58,168.4,129.09
2407401,97.06,126.21,170.9,125.78
2407500,91.75,94.74,130.8,101.69
2407609,101.25,117.37,141.9,117.09
2407708,88.88,106.89,145.1,108.98
2407807,87.19,89.63,141,100.18
2407906,64.69,63.05,122.2,76.78
2408003,68.88,77.11,110.7,81.64
2408102,100.5,98.21,149.1,110.33
2408201,107.31,113.95,162.9,122.47
2408300,71.06,81,130.8,88.53
2408409,89.38,112.37,150.6,112.69
2408508,93.06,93.11,155.9,107.04
2408607,122.5,149.74,189.5,148.89
2408706,72.12,86.63,126.6,90.36
2408805,59.62,62.26,105.7,70.98
2408904,79.62,88.21,157.6,100.58
2408953,83.06,85,125.7,93.36
2409100,69.25,73.84,137.8,86.42
2409209,87.81,95.68,149.3,104.8
2409308,98.19,126.26,158.8,123.51
2409332,68.25,67,123.1,79.91
2409407,108.12,126.47,181.4,132.16
2409506,64.19,68.74,103.1,74.76
2409605,56.06,61.58,104.8,69.22
2409704,56,57.53,99.4,66.29
2409803,90.44,102.79,143,107.33
2409902,62,68.05,98.2,72.6
2410009,101.69,131.47,171,129.67
2410108,71.56,72,128.3,84.36
2410207,99.56,122.68,163.7,123.58
2410256,66.5,70.11,97.7,74.96
2410306,57.94,62.16,113.7,72.11
2410405,78.56,81.21,125.6,90.13
2410504,116.25,130.63,183.5,137.27
2410603,96.56,127.53,163.6,124.53
2410702,99.81,115.68,152.9,118.31
2410801,113.19,137.37,180.8,138.42
2410900,59.56,61.58,118.2,73.44
2411007,95.19,109.32,137.5,110.56
2411056,78.81,89.53,115.6,91.51
2411106,54.44,58.16,112.3,68.87
2411205,60.88,57.42,122.7,73.16
2411403,72.31,71.95,103.4,79.07
2411429,89.88,89.53,157.4,104.73
2411502,68.19,70.58,129.3,82.78
2411601,64.12,68.26,102,74.29
2411700,60.44,54.53,116.8,70.47
2411809,91.19,103.05,156.1,110.62
2411908,101.75,123.63,160.1,123.96
2412005,97.62,96.68,142.9,107.29
2412104,92.31,93.89,157.2,107.4
2412203,99.81,104.32,154.2,113.8
2412302,64.75,64.68,128.1,78.8
2412401,84.12,83.63,149.3,98.4
2412500,113.19,136,193.5,140.67
2412559,66.69,72.21,114.9,79.73
2412609,57.75,59.79,116.3,71.62
2412708,70.19,70.32,121.3,81.6
2412807,75.44,79.68,120.6,87.27
2412906,55.88,55.68,117,69.38
2413003,72.38,68.47,125.8,82.6
2413102,67.19,69.05,113.8,78.33
2413201,109,116.68,166.7,125.07
2413300,63.75,68.53,133.1,81.18
2413359,62.31,71.74,103.9,75.53
2413409,100.12,117.89,158.9,120.69
2413508,72.12,72.26,131,85.27
2413557,101.5,132.89,189.7,134.36
2413607,95.69,101,129.4,105.42
2413706,55.19,55.84,114.8,68.71
2413805,102.94,110.89,158.1,118.56
2413904,78.31,82.74,132.1,92.13
2414001,60.19,59.32,116.9,72.42
2414100,120.5,143.16,184.6,144.31
2414159,75,72.79,133.6,87.09
2414209,103.75,116,162.6,122
2414308,92,105.11,152,110.87
2414407,74.19,75.21,119.7,84.73
2414456,80.81,93.37,132.4,97.58
2414506,95.94,107.68,144.9,111.78
2414605,70.19,87.26,130.7,90.84
2414704,87.12,96,138,102.18
2414753,113.75,139.68,188.6,141.33
2414803,87.19,89.63,141,100.18
2414902,99.81,115.68,152.9,118.31
2415008,110.5,124.68,169.4,129.58
2500106,128.44,143.89,227.9,157.07
2500205,157.44,200.26,286.2,204.13
2500304,102.75,104.95,169.3,118.47
2500403,98.69,103.47,159.8,114.29
2500502,98,110.05,165.3,118.04
2500536,43,49,100,58.2
2500577,50.56,54.47,116.5,66.87
2500601,126.81,165.95,183.3,155.89
2500700,142.25,197,255.3,190.49
2500734,86.12,95.47,134.4,100.8
2500775,127.12,154.79,211.5,157.56
2500809,85,106.16,129.5,103.82
2500908,95.75,103.58,158.2,112.93
2501005,72.19,76.21,142.6,89.53
2501104,94.25,99.05,154.7,109.71
2501153,88.88,95.47,170.9,109.89
2501203,65.25,63.79,117.2,76.18
2501302,65.5,67.37,110.9,76.38
2501351,65,61.32,130.6,78.02
2501401,111,133.42,163.9,132.22
2501500,97.69,118.74,164.5,121.42
2501534,54.88,55.84,102.4,65.84
2501575,39.25,42.79,87.1,51.38
2501609,53.75,50.84,104.3,63.76
2501708,40.31,49.42,86.6,54.44
2501807,123.19,153.84,162.3,144.82
2501906,86.56,100.89,155.4,107.91
2502003,98.25,111.11,144.9,114.04
2502052,129.94,152.58,202.5,155.62
2502102,145.06,172.68,250.7,180.2
2502151,42.81,42.42,88.8,52.87
2502201,154.75,215.11,268.8,205.58
2502300,114.69,133,181.6,137.29
2502409,161,225.05,265.7,211.31
2502508,39.06,44.84,87.3,52.22
2502607,158.69,183.42,278.3,195.71
2502706,97.69,118.74,164.5,121.42
2502805,103.25,118.63,158.2,121.96
2502904,102.5,130.84,189,133.69
2503001,129,167.11,190.1,158.67
2503100,42.06,45.05,87.4,53.4
2503209,117.31,139.42,155.2,135.07
2503308,157.31,213.95,280.8,208.67
2503407,113.44,140.68,191.7,142.33
2503506,68.94,66.89,135.8,82.93
2503555,100.69,123.68,175.9,127.11
2503605,76.44,90.53,143.7,97.33
2503704,157.62,221.26,283,212.36
2503753,120.69,148.11,218.1,153.91
2503803,79.38,101.68,102.9,94.02
2503902,65.31,91.21,110.8,86.36
2504009,62.81,64.95,99,71.76
2504033,98.5,122.47,131,115.84
2504074,50.62,61.32,95.5,65.11
2504108,158.88,221.26,275.1,211.04
2504157,62.5,67.42,138.5,81.47
2504207,117.5,142.68,235.4,154.33
2504306,98.75,135.26,187.3,133.84
2504355,39.62,43.32,87.4,51.8
2504405,160.94,178.05,260.5,190.29
2504504,115.88,147,219.1,151.96
2504603,123.56,147.26,180.9,146.31
2504702,52.12,63.47,96.9,66.87
2504801,121.44,145.89,242.9,158.76
2504850,54.94,68.58,105.4,71.91
2504900,95.88,118.47,112.6,109.13
2505006,45.62,62.63,108.4,66.76
2505105,59.44,53,116.8,69.47
2505204,98,110.05,165.3,118.04
2505238,92.25,113.95,113.1,106.04
2505279,81.5,97.58,126.1,98.2
2505303,146.38,170.37,252.6,180.11
2505352,62.31,59.58,125,75.09
2505402,96.06,107.42,160.2,115.11
2505501,106.88,137.05,195.6,139.33
2505600,154.44,181.79,243.5,185.78
2505709,83.25,94,165.8,106.13
2505808,79.31,97.32,141.6,100.76
2505907,116.25,136.89,231.6,150.6
2506004,69.81,72.58,120,82.13
2506103,62.56,59.16,107.7,71.16
2506202,64.62,59.79,110.1,72.69
2506251,42.81,42.89,87.8,52.84
2506301,89.94,113.74,152.5,113.89
2506400,72.81,95.58,111,90.91
2506509,48.62,56.63,117.2,67.24
2506608,162.06,177.11,249.8,187.91
2506707,124.88,142.05,228.1,155.07
2506806,79.25,80.21,133.4,91.69
2506905,83.56,89.79,122,94.73
2507002,157.81,190.68,273.1,197.31
2507101,86.31,110,128.8,105.76
2507200,61.06,60.11,114.5,72.53
2507309,88.88,106.89,145.1,108.98
2507408,108.25,126.37,183.5,132.62
2507507,125,150.47,170.8,145.93
2507606,82.44,91.11,142.1,99.36
2507705,64.25,56.89,130,75.76
2507804,80.81,75.89,157.6,95.8
2507903,86.56,106,128.4,104.07
2508000,138.38,140.47,225.8,158.69
2508109,108.25,126.37,183.5,132.62
2508208,75.62,92.42,132.3,95.31
2508307,77.81,82.05,123.3,89.71
2508406,129.94,145.84,192.7,150.6
2508505,86,95.63,138.2,101.67
2508554,69.5,88.47,137.3,92.58
2508604,114.25,133.26,147.4,129.64
2508703,117.75,142.84,222.9,151.71
2508802,106.94,145.53,201,144.13
2508901,99.62,126,141.8,120.13
2509008,153.81,169.74,240.7,179.84
2509057,112.69,133.79,158.4,131.76
2509107,78.75,101.47,113.8,96.13
2509156,147.5,204.74,248.2,194.04
2509206,79.69,80.79,137.3,92.96
2509305,106.94,126.16,169,128.84
2509339,89.69,90.74,148.2,103.13
2509370,105.88,132.68,171.7,131.82
2509396,119.75,146.42,213.3,151.8
2509404,75.25,85.89,106.2,86.62
2509503,65.25,63.79,117.2,76.18
2509602,170.5,223.11,269.6,214.73
2509701,85,107,122.3,102.58
2509800,80,101.79,140.2,102.58
2509909,77.25,76.68,122,86.96
2510006,158.38,217,265.2,206.87
2510105,65.12,58.47,112.2,72.78
2510204,148.94,173.63,242.7,180.2
2510303,64.69,73.42,127.2,82.27
2510402,111.19,130.58,238.5,147.67
2510501,66.75,85.05,123.4,87.07
2510600,92.75,105.05,132.6,106.8
2510659,61.25,68.74,131.9,80.11
2510709,95.62,115.79,162.5,119
2510808,106.75,137.79,196.8,139.87
2510907,96.75,136.32,173.3,130.47
2511004,148.94,173.63,242.7,180.2
2511103,54.81,64.68,118.6,73.16
2511202,116.06,158.53,166,145.09
2511301,131.38,150.11,247,164.98
2511400,64.38,62.84,116,75.2
2511509,81.94,105.26,106,97.13
2511608,111.75,127.05,179.9,133.36
2511707,103.31,126.89,160.5,125.98
2511806,86.56,100.89,155.4,107.91
2511905,128.81,163.32,183.2,155.47
2512002,61.62,68.37,129.8,79.62
2512036,113.75,139.68,188.6,141.33
2512077,135.44,157.79,222.3,164.18
2512101,109.38,129.32,187.2,135.09
2512200,87.19,96.42,128.8,100.33
2512309,135.75,146.84,239.8,163.56
2512408,68.5,63.95,100.4,73.67
2512507,51.12,52.53,86.3,59.53
2512606,102.19,130,176.8,130.51
2512705,69.81,72.58,120,82.13
2512721,84.88,102.47,134.5,103.33
2512747,73.56,80.16,147.9,92.87
2512754,79.25,80.21,133.4,91.69
2512762,86.69,112.63,105.2,101.76
2512788,40,44.74,91.4,53.42
2512804,99.38,138.47,180.9,134
2512903,112.69,133.79,158.4,131.76
2513000,79.25,79.89,158.1,97.04
2513109,82.5,85.11,120,91.93
2513158,52.5,61.68,100.7,67.09
2513208,125.12,137,181.9,142.76
2513307,140.69,191.47,260.5,188.76
2513356,162.12,171.84,275.4,191.4
2513406,90,98.79,161.6,109.62
2513505,156.75,172.79,249.4,184.11
2513604,139.75,162.21,266.7,177.44
2513653,125.12,148.89,203.6,152.6
2513703,114.25,141.84,139.9,131.6
2513802,117.5,149,214.1,152.27
2513851,58.5,62.63,138.6,78.04
2513901,103.31,119.05,160,122.56
2513927,110.31,144.16,208.9,146.51
2513943,46.88,57.47,99,62.93
2513968,122.75,155.84,223.9,159.2
2513984,126.94,144.74,186.5,147.69
2514008,46.25,58.68,105,64.56
2514107,70.31,87.32,104.1,85
2514206,152.5,180.89,258.3,188
2514305,151.94,200.74,269.4,198.64
2514404,104.38,132.16,197.7,136.84
2514453,77.69,90.05,94.6,86.67
2514503,163.88,226.32,286.1,217.4
2514552,138.56,147.11,236.6,163.96
2514602,118.12,145.68,206.9,149.49
2514651,93.62,112.58,149.8,114.11
2514701,93.19,98.63,166.7,111.82
2514800,74.69,83,128.4,90.13
2514909,95.12,112.53,172.7,119.71
2515005,95.75,116,125.6,110.93
2515104,72,74.63,119.8,83.73
2515203,83.12,112.42,128.2,105.51
2515302,99,122,120.2,113.42
2515401,48.94,57.68,107.6,65.67
2515500,69.44,76.16,125.2,84.67
2515609,86.56,100.89,155.4,107.91
2515708,151.94,200.74,269.4,198.64
2515807,90.62,91.58,151.3,104.51
2515906,111.75,127.05,179.9,133.36
2515930,86.56,100.89,155.4,107.91
2515971,86.69,112.63,105.2,101.76
2516003,82.25,96.84,154.2,104.4
2516102,49.38,53.05,109.1,64.2
2516151,48.44,55.84,99.6,62.93
2516201,146.06,182.63,222.9,178.58
2516300,77.31,89.42,127.4,93.56
2516409,69.25,79,149.3,91.16
2516508,74.06,73.53,125.5,85.27
2516607,138.38,140.47,225.8,158.69
2516706,114.44,144.42,189,143.67
2516755,75.5,69.21,135.7,86.22
2516805,134.19,168.47,231,170.18
2516904,131.75,153.16,216.8,159.69
2517001,57,56.68,88.4,63.84
2517100,93.5,99.32,156.2,109.89
2517209,133.25,152.16,208.2,157.89
2517407,85.56,108.74,127.4,104.64
2600054,140.38,148.74,167.7,149.98
2600104,120.69,133.11,202.7,144.16
2600203,195.12,227,277.1,226.8
2600302,78.62,90.53,122.6,93.42
2600401,144.81,155.84,235.1,169.53
2600500,72.12,81.89,144.7,92.38
2600609,74.81,98.21,111,92.73
2600708,114.75,131.68,150.7,129.89
2600807,74.19,84.37,115.9,87.76
2600906,119.75,138.37,178.9,140.76
2601003,79.62,102.26,167.7,108.76
2601052,138.69,148.37,172.3,150.24
2601102,144.44,179.58,234.1,179.2
2601201,82.69,104.16,134.8,103.33
2601300,115.88,137,179.2,138.87
2601409,148.81,170.84,247.9,180.13
2601508,106.12,123.89,170.9,128.02
2601607,120.25,142.84,222.2,152.44
2601706,77.69,96.79,113,93.6
2601805,117.69,125.26,184.6,135.76
2601904,71.25,87.47,106.4,85.91
2602001,151.62,203.05,244.8,194.04
2602100,66.69,96.74,123.8,92.07
2602209,82.06,85.63,120.8,92.18
2602308,101.5,128.16,159,125.53
2602407,73.44,100,135,98.33
2602506,121.75,147.21,208.6,151.8
2602605,65.69,89,114.2,86.31
2602704,103.12,104.16,141.4,112.07
2602803,83.75,95.53,130.8,99.18
2602902,159.19,164.26,202,170.84
2603009,134.38,152.79,228,162.96
2603108,66.44,80.32,109.3,81.82
2603207,76.88,95.21,126,95.53
2603306,73.88,91.63,128.3,93.47
2603405,139.44,139.84,217.7,157
2603454,160.62,157.05,198.6,167.56
2603504,85.75,109,143.4,108.38
2603603,97.62,114.21,132,112.27
2603702,82.81,107.26,160.7,110.44
2603801,83.56,102.63,128.5,101.6
2603900,119.56,130.53,196.9,141.38
2603926,127.12,140.05,220.3,153.29
2604007,108,102.68,144.3,113.82
2604106,56.31,73.42,106.5,74.69
2604155,63.94,62,88.4,68.56
2604205,125.44,136,175.8,141.09
2604304,167.75,197.21,253.5,199.24
2604403,118.25,108.47,134.2,117.67
2604502,103.19,117.63,138.5,117.13
2604601,123.62,152.42,168.1,145.67
2604700,84.81,109.89,161.1,112.36
2604809,125.12,148.58,199.8,151.62
2604908,64.44,75.68,97.8,76.6
2605004,89.56,100.37,135.9,104.42
2605103,98.31,114.84,186.9,124.98
2605152,169.12,203.47,246.9,200.91
2605202,127.69,144.26,192.3,149.04
2605301,189.75,257.89,291.8,241.2
2605400,104.06,98.47,128.4,107.11
2605509,97.62,114.21,132,112.27
2605608,123.88,135.79,199.4,145.69
2605707,133.81,139.95,215.5,154.56
2605806,56.5,73,92.8,71.53
2605905,149.06,179.63,251.6,184.76
2606002,82.19,101.16,138,102.6
2606101,102.44,99.74,127.6,106.89
2606200,129,161.89,185.7,155.49
2606309,166.56,188.74,250.8,194.64
2606408,80.75,96.26,108.1,93.38
2606507,69.69,88.47,148.4,95.11
2606606,103.25,99.37,166.7,115.71
2606705,73.25,92.79,122.1,92.36
2606804,147.69,154.74,188,159.62
2606903,100.81,125.95,171.4,127.11
2607000,110.06,94.95,160.4,114.87
2607109,104.5,127.26,172,129.11
2607208,151.62,189.16,224.8,183.73
2607307,140.38,180.21,250.6,181.69
2607406,116.38,134.63,225.8,148.4
2607505,89.12,87.11,147.3,101.2
2607604,145.69,177.32,182,167.11
2607653,105,128.79,137.5,122.27
2607703,105.25,120.63,166.8,125.42
2607752,143.31,154,173.6,154.56
2607802,124.5,148.74,164.8,143.69
2607901,156.19,157.74,208.2,168.4
2607950,110.44,129.05,177.2,133.13
2608008,78,93.68,115.6,92.98
2608057,90.5,80.47,136.5,96.49
2608107,82,85.74,120.5,92.13
2608206,130.69,149.63,212.4,156.84
2608255,77.88,93.11,132.8,96.51
2608305,73.88,91.63,128.3,93.47
2608404,76.62,92.05,131,95.22
2608453,108,102.68,144.3,113.82
2608503,118.25,108.47,134.2,117.67
2608602,78.25,104.68,134.6,101.93
2608701,106.12,123.89,170.9,128.02
2608750,140.56,164.11,258.7,176.76
2608800,73.25,92.79,122.1,92.36
2608909,90.5,91.84,123.4,98.38
2609006,87.69,84.95,135.9,97.24
2609105,82.06,85.63,120.8,92.18
2609154,101.5,95.47,160,111.96
2609204,123,133.26,195.6,143.47
2609303,137.69,156.26,213.2,162.31
2609402,149.44,136.58,171.6,148.93
2609501,109.31,108.47,143.3,116.51
2609600,157.62,157.26,197.4,166.31
2609709,82.06,85.63,120.8,92.18
2609808,140.31,154.68,232.9,166.96
2609907,140,172.63,245.9,177.31
2610004,133.38,142.26,200.1,151.96
2610103,83.69,108.37,172,113.73
2610202,79.88,97.84,136.4,100.02
2610301,70.5,93,131.2,93.49
2610400,147.62,172.32,237.7,178.07
2610509,79.62,91.47,108.9,91.13
2610608,146.69,137.58,165.2,146.96
2610707,157.62,157.26,197.4,166.31
2610806,77.12,95.74,126.1,95.87
2610905,76.62,95.95,111,92.42
2611002,113.19,109,189.9,128.47
2611101,140,183.32,249.6,182.64
2611200,77.81,95.37,101.1,90.4
2611309,101.12,107.95,132.8,111.04
2611408,124.19,151.05,180,147.93
2611507,93.62,114.05,164.4,117.98
2611533,124.06,130.47,211.2,146.13
2611606,159.44,161.11,195.3,168.11
2611705,61.25,73.68,95.3,74.07
2611804,154.25,183.47,244.8,186.71
2611903,154.06,185.26,255.3,189.73
2612000,102.94,121,152,121.47
2612109,76.44,87.58,112.9,89.24
2612208,135.94,163.89,222.4,166.96
2612307,68.5,96.11,128.9,93.58
2612406,77.06,97.26,107.6,92.38
2612455,139.44,176.63,245.7,178.76
2612471,142.38,153.26,231.6,166.8
2612505,44.69,58.05,83.9,59.04
2612554,149.56,192.89,259.1,192.2
2612604,132.25,153.05,246.3,166.38
2612703,53.19,66.37,93.8,67.78
2612802,125,140.21,210.9,150.51
2612901,105.88,124.16,182.1,130.53
2613008,76.31,99.84,115.6,94.98
2613107,67.38,80.63,113.2,83.16
2613206,79.31,99.21,136.4,100.4
2613305,84.12,104.21,125.6,101.82
2613404,151.81,173.32,242,180.93
2613503,160.81,180.74,268.9,193.24
2613602,97,106.68,144,111.53
2613701,142.5,130.84,156.3,140.64
2613800,89,86.79,141.6,99.76
2613909,145.81,150.47,199.7,159.76
2614006,163,179.58,256.8,190.84
2614105,83.19,106.53,143.4,106.42
2614204,152.56,188.79,250.6,189.64
2614303,195.06,235.11,283.4,231.6
2614402,123.75,136.79,215.9,149.73
2614501,60.88,70.68,90.3,71.56
2614600,122.31,137.26,211.4,148.42
2614709,64.62,81.68,105.1,80.82
2614808,103.56,87.79,161.1,109.69
2614857,151,174.42,256.9,184.42
2615003,46.12,60.84,102.4,64.84
2615102,71.62,100.21,130.4,96.76
2615201,153.75,162.21,245.2,177.64
2615300,92.31,97.63,132.9,103.58
2615409,47.25,62.05,104.6,66.24
2615508,122.31,130.05,148.1,131.31
2615607,143.56,182.84,239.3,181.42
2615706,139.06,145.16,236.7,163.33
2615805,90.06,95.53,136.4,102.67
2615904,95.88,114.16,143,114.07
2616001,77.12,95.74,126.1,95.87
2616100,165.06,187.47,243.7,192
2616183,53.81,57.16,88.5,62.93
2616209,54.75,65.32,104.9,70.36
2616308,99.19,106.11,143,111.84
2616407,113.19,118.37,140.3,121.4
2616506,137.69,144.16,207.9,156.02
2700102,96.31,79,139.2,98.53
2700201,68.75,100.21,140.3,97.93
2700300,56.75,79.47,126.7,81.89
2700409,102.75,123.11,178.2,128.11
2700508,143.75,139.05,197.8,153.78
2700607,114.94,126.84,185.8,135.71
2700706,61.38,60.05,120.3,73.91
2700805,68.88,101.05,132.5,96.6
2700904,62.06,62.89,125.1,76.42
2701001,92.94,123.05,164,121.44
2701100,88,113.53,173,117.67
2701209,60.19,75.79,128.5,81.96
2701308,87.06,113.05,165.8,115.53
2701357,141.25,148.42,226.2,163.16
2701407,73.81,105.58,143,102.6
2701506,55.44,71.63,124.7,77.67
2701605,90.31,80.79,143.3,98.07
2701704,88.62,112.63,156.9,113.93
2701803,75.69,65.74,126.5,82.78
2701902,87.19,115.16,178,119.18
2702009,60.75,91.21,123.2,87.49
2702108,120.56,130.84,204.7,143.6
2702207,127.62,131.89,210.7,147.89
2702306,74.19,100.74,136.4,99.22
2702355,59.06,77.37,124.8,81.4
2702405,86.31,78.37,137.4,94.31
2702504,65.94,73.68,130.6,83.58
2702553,64.38,90.79,133.1,90.8
2702603,50.88,74.79,127.8,78.07
2702702,76.12,96.95,147.5,100.78
2702801,117,126.42,184.7,136.02
2702900,52.25,68.05,118.2,73.58
2703007,110.88,126.26,192.1,135.42
2703106,60.38,83,127.2,84.78
2703205,69,84,132.6,89.47
2703304,94.31,83.05,127.7,96.98
2703403,69.44,66.32,124.4,80.33
2703502,139.69,161.58,214.9,165.64
2703601,144.88,163.53,218.3,169.07
2703700,54.62,72.84,127.4,78.49
2703759,95.81,120.05,148,117.64
2703809,121.56,126.95,202.1,141.73
2703908,138.75,145.26,208.3,156.96
2704005,64.75,92.89,140.3,93.42
2704104,50.19,71.53,120.4,74.8
2704203,62.19,90.05,133.2,89.73
2704302,138.56,134.37,204.1,151.36
2704401,64.88,66.16,123.4,78.42
2704500,149.56,166.32,222.7,172.89
2704609,79.81,73.74,131.7,88.78
2704708,116.5,130.42,201.9,141.36
2704807,83.25,109.37,151.1,109.36
2704906,71.69,99.47,136.3,97.78
2705002,102.06,87.21,150.6,106.58
2705101,147.12,138.84,218.5,159.49
2705200,110.81,119.95,173.2,128.53
2705309,65.62,82.42,125.7,86.07
2705408,69.44,66.32,124.4,80.33
2705507,95.88,117.05,166.1,120.42
2705606,138.31,142.89,211.8,156.58
2705705,69.06,60.95,122.2,77.44
2705804,87.38,81.63,129.2,94.24
2705903,66.19,78.68,127.4,85.07
2706000,67.88,67.58,126.2,80.71
2706109,81.69,80.74,147.4,95.89
2706208,71,64.11,120.1,79
2706307,64.31,88.53,123.2,87.62
2706406,76.12,63.11,131.2,82.87
2706422,90.38,78.32,144.4,97.29
2706448,142.94,140.58,205.4,155.82
2706505,150.31,141.37,212.7,160.4
2706604,75.44,99.84,139.6,100
2706703,76.12,94.16,141.4,98.24
2706802,75.62,94,143.5,98.47
2706901,101.19,126.32,171,127.31
2707008,83.88,109.42,148.3,108.98
2707107,82.31,79.95,121.6,90.04
2707206,79.81,73.74,131.7,88.78
2707305,146.38,155.53,213.7,165.2
2707404,149.88,149.05,216.7,164.38
2707503,68.06,82.32,130.5,87.96
2707602,75.44,99.84,139.6,100
2707701,121.06,125.95,197.4,140.09
2707800,114.94,126.84,185.8,135.71
2707909,127.62,131.89,210.7,147.89
2708006,70.62,71.05,125.3,82.96
2708105,91.44,113.74,188.9,122.51
2708204,67,76.79,132.4,85.67
2708303,83.94,108.84,180.5,115.91
2708402,76.12,63.84,125,81.8
2708501,134.62,133.79,189.4,146.44
2708600,104.44,123,163.8,125.47
2708709,150.31,141.37,212.7,160.4
2708808,62.75,83.32,136.1,87.73
2708907,125.56,129.42,206.4,145.16
2708956,86.44,69.32,133.5,89.67
2709004,68.88,101.05,132.5,96.6
2709103,62.19,94.79,131.3,91.31
2709152,69.25,98.05,143.9,98
2709202,53.75,65.89,120.7,73.76
2709301,88.81,108.95,193.5,120.58
2709400,86.06,109.26,155.9,111.38
2800100,66.5,76.11,130.8,84.84
2800209,72.19,83.58,140.7,92.22
2800308,101,113.89,192.4,126.76
2800407,124.62,158.05,229.2,161.98
2800506,98.12,106.42,189.3,121.89
2800605,99.25,108.47,183.6,121.89
2800670,119.44,148.68,229.6,156.27
2800704,75.69,91.32,144.2,97.51
2801009,109.94,109.26,187.6,126.91
2801108,61.81,73.16,135.8,83.04
2801207,83.69,84.21,139.5,96.31
2801306,75,89.53,162.3,100.53
2801405,87.06,85.47,157.8,102.11
2801504,83.56,98.37,169.7,108.96
2801603,70.94,81.74,135.1,89.76
2801702,126,167.05,242.5,169.22
2801900,71.62,91.26,155.5,98.56
2802007,92.69,103.42,181.9,117.04
2802106,121.5,158.26,231.2,161.4
2802205,68.81,79.89,147.4,90.96
2802304,94.12,98.11,174.8,113.73
2802403,59.69,65.16,135.8,78.91
2802502,83.56,98.37,169.7,108.96
2802601,68.38,85.32,141.6,91.8
2802700,75.88,91,141.3,96.8
2802809,134.81,169.74,239.1,172.73
2802908,100.75,101.58,181,118.93
2803005,121.12,154.58,218.8,156.96
2803104,57.5,73.53,133.7,81.2
2803203,113.44,133,218.5,145.04
2803302,80.06,93.95,166.3,105.09
2803401,75.88,87.42,148,96.78
2803500,113.31,134.79,219.4,145.96
2803609,100.88,113.11,194.1,126.76
2803708,102.75,105.05,179,120.67
2803807,76.81,88.11,149.4,97.71
2803906,95.38,102.74,181,117.51
2804003,99.62,109.84,182.4,122.33
2804102,90.62,98.16,170.9,111.64
2804201,75.75,76.47,149.9,92.53
2804300,76.81,88.11,149.4,97.71
2804409,76.06,87.95,138.8,95.02
2804458,79.44,85.63,162.8,100.58
2804508,71.62,73.21,143.9,88.36
2804607,73.56,92.79,156.6,100.13
2804706,60.12,68.68,130.5,79.38
2804805,100.88,113.11,194.1,126.76
2804904,76.81,91.37,152.5,99.78
2805000,106.75,102.21,182.4,121.64
2805109,122.31,155.95,232.6,161.02
2805208,98.81,97.47,172.9,114.71
2805307,82.19,97.05,159.3,105.6
2805406,84.44,75.16,138.6,92.56
2805505,104.25,122.47,174.4,127.53
2805604,70.25,68.42,134.3,83.71
2805703,70.94,81.74,135.1,89.76
2805802,113.06,134.16,207.7,143
2805901,94.19,108.05,183.1,119.8
2806008,95.88,97.47,167.3,112.42
2806107,91.69,102.89,177.5,115.49
2806206,112.69,137.68,215.7,146.13
2806305,132.25,165.58,235.6,169.29
2806404,73.38,85.95,135,92.38
2806503,95.38,102.74,181,117.51
2806602,94.69,104.63,179.7,117.78
2806701,108.56,121.89,203.3,135.24
2806800,109.94,109.26,187.6,126.91
2806909,77.94,88.84,139.2,96.16
2807006,71.38,85.16,153.2,95.38
2807105,106.19,113.16,193.3,128.49
2807204,86.81,97.68,176.4,111.31
2807303,67,76.79,132.4,85.67
2807402,99.75,134.84,201.8,137.24
2807501,120.12,151.84,224.9,156.8
2807600,124,158.68,239.4,164.29
2900108,350.62,388.26,428.7,383.87
2900207,125.56,135.74,231.4,153.38
2900306,124.44,148.21,257.8,164.11
2900355,95.69,101.79,163.9,113.42
2900405,135.5,189.26,218.6,176.67
2900504,344.5,368.16,375.5,361.38
2900603,264.75,296.26,314.1,289.02
2900702,160.12,209.63,292.4,210.42
2900801,321,462.26,398.8,397.93
2900900,306.81,408,393.7,368.84
2901007,212,258.16,298.8,250.78
2901106,169.75,228.47,308.8,225.44
2901155,254.44,291.26,301.3,280.4
2901205,289.94,338.84,340.6,321.84
2901304,346.5,373.11,434.1,377.2
2901353,173.88,167.21,213.9,179.96
2901403,469.88,532.53,529.5,509.58
2901502,134.75,194.11,246.7,184.69
2901601,98.62,108.11,161.3,116.56
2901700,128.56,196.42,253.9,185.07
2901809,202.62,197.47,261.4,213.51
2901908,122.5,158.84,261.3,168.69
2901957,271.94,330.53,351.2,314.29
2902005,287.38,323.05,324.7,310.73
2902054,150.44,204.53,303.8,207.36
2902104,115.81,151.47,214.9,152.89
2902203,146.38,201.58,260.6,195.07
2902252,340.25,408.37,393.5,380.84
2902302,237.5,291,347.1,284.44
2902401,335.81,398.79,398.4,376.31
2902500,458.75,564.11,526,518.18
2902609,182.38,214.84,343.4,231.87
2902658,109.25,132.37,172.1,132.98
2902708,343.44,353.58,405.4,361.49
2902807,277.69,294.89,322.8,294.98
2902906,328.06,388.16,346.3,357.49
2903003,295.19,334.84,354.6,325.13
2903102,298.31,353.84,399.3,344.2
2903201,532.69,610.84,601.7,581.02
2903235,283.06,315.68,338.4,309.13
2903276,128.12,157.16,220.2,160.84
2903300,343.81,439.26,446.4,406.91
2903409,312.38,439.42,387.1,382.62
2903508,347.88,385.21,403.6,376.02
2903607,116.44,153.95,196.5,150.07
2903706,269.19,313.11,308.1,296.38
2903805,231.31,235.05,312.9,251.02
2903904,387.94,440.95,488,432.56
2903953,259.25,303.21,312.7,289.69
2904001,308.94,333.95,339.4,326.27
2904050,249.69,281.89,269.8,267.76
2904100,332.88,370.58,405.8,365
2904209,385.12,427.53,423.5,411.56
2904308,208.94,249.47,270.7,239.78
2904407,395.12,498.84,500.9,462.42
2904506,317,364.42,386.6,352.49
2904605,295.56,331.26,323.6,316.87
2904704,358.25,458.32,464.3,424.07
2904753,346.62,361.05,423,369.69
2904803,301.5,364.16,344,337.4
2904852,134.44,221.21,266.2,200.36
2904902,171.19,234.74,312.7,229.47
2905008,373.69,407.11,427,399.64
2905107,209.19,223.11,348.6,246.04
2905156,269.75,305.05,340,300.27
2905206,398.44,433.05,449.3,424.36
2905305,256.19,294.79,302.5,282.78
2905404,289.19,339.84,439.3,343.93
2905503,209,229.26,339.5,246.56
2905602,309.94,392.95,370.9,358.53
2905701,202.44,251.11,333.7,252.16
2905800,341.81,389.89,467.3,390
2905909,267.88,276.11,354.1,290.51
2906006,173.19,185.58,210.2,186.64
2906105,467.06,580.89,569.3,537.84
2906204,259.38,300.05,315.1,288.93
2906303,316.06,441.95,414.7,391.13
2906402,134.12,171.11,242.8,173.89
2906501,217.19,245.63,340.8,256.67
2906600,388,422.05,474,421.49
2906709,364.38,434.11,440.6,410.76
2906808,142.06,155.21,194,159.16
2906824,140.25,134.11,178.8,146.22
2906857,160.12,168.32,273.8,188.84
2906873,174.19,173.47,284.3,198.36
2906899,318.06,351.05,389.8,347.93
2906907,351.94,456.84,437.8,415.31
2907004,151.5,209.37,323,214.04
2907103,406.94,495.21,442.6,452.13
2907202,185.25,223.37,286.6,223.87
2907301,159.38,208,260.9,202.47
2907400,484.31,554.79,539.6,526.36
2907509,172.25,227.05,296.5,223
2907558,349.12,376.42,382.1,367.98
2907608,259.81,315.16,333.6,299.58
2907707,131.94,129.11,222.6,150.89
2907806,106.56,123.74,169,127.69
2907905,107.06,136.58,197.7,139.67
2908002,327.06,411.84,413.3,382.02
2908101,530.12,595.32,594.8,572.02
2908200,151.19,230.05,277.5,212.56
2908309,182.38,231.53,289.6,226.96
2908408,126.12,162.89,230.9,164.93
2908507,164.62,206.74,285.5,209.27
2908606,145.44,194.53,292.3,198.8
2908705,388.69,434.53,438.1,419.02
2908804,259.25,285.11,315.6,282.69
2908903,152.25,202.95,263.1,198.29
2909000,384.62,429.84,439.4,415.89
2909109,491.75,572.42,599.2,549.69
2909208,87.38,89.58,147.7,101.71
2909307,503.38,611.63,603.8,571.4
2909406,432.5,493.79,517.1,477.18
2909505,244.44,306.84,319.4,287.44
2909604,110.81,148.05,221.3,151.09
2909703,430.75,520.21,520.5,488.47
2909802,150.44,226.26,275.6,210.27
2909901,134.38,146.37,235.9,162
2910008,292.94,318.68,353.1,317.18
2910057,202.44,251.11,333.7,252.16
2910107,308.88,335.58,320.5,322.73
2910206,210.19,260.95,325.2,257.18
2910305,212.5,250.79,291.7,246.27
2910404,357.44,426.32,405.7,397.24
2910503,150,204.95,311,208.98
2910602,146.75,191.89,299.9,199.84
2910701,123.06,136.68,184.1,142.38
2910727,345.38,443.37,401.2,399.16
2910750,102.75,110.47,169.7,120.89
2910776,452.56,531.37,539.9,505.24
2910800,137.31,201.68,245.8,188.6
2910859,197.25,192.21,258.8,208.8
2910909,282.56,343.11,336,320
2911006,277.19,369.84,375.5,338.16
2911105,486.56,583.84,595.8,551.91
2911204,297.31,370.05,415.1,354.2
2911253,154.19,163.68,273.9,184.8
2911303,304,347.26,416.4,347.24
2911402,100.56,89.95,162.2,109.78
2911501,318.44,368.26,390.8,355.56
2911600,139.56,226.21,260.4,203
2911659,336.44,378.11,406.4,369.58
2911709,405.5,433.68,490.5,436.29
2911808,361.69,453.42,433,416.27
2911857,100.25,123.11,176,126.73
2911907,196.5,205.26,269.1,216.33
2912004,394,428.32,444.7,419.76
2912103,303.19,420.11,421.8,378.91
2912202,327.81,361.26,357.8,348.6
2912301,294.25,375.37,376.4,346.76
2912400,297.38,341.53,343.6,326.29
2912509,313.94,335.26,342.9,329.38
2912608,257.19,273.74,334.4,281.33
2912707,317.31,370.68,432.6,365.47
2912806,372.62,426.79,463.5,415.69
2912905,291.25,335.21,353.9,323.73
2913002,284.19,317.05,338.2,310.07
2913101,286.88,331.79,334.8,316.49
2913200,357.5,396.74,470.6,399.2
2913309,129.56,165.47,240.1,169.29
2913408,398.25,461.89,476.2,442.44
2913457,319.62,393.68,461.7,382.47
2913507,295.5,359,352,334.87
2913606,383.19,457.79,480.1,436.22
2913705,130,183.32,236.8,176.24
2913804,141.12,194.37,242.6,186.16
2913903,269.88,327.84,351.4,312.47
2914000,155.94,196.95,241.7,192.31
2914109,321.88,353.26,401.5,352.82
2914208,217.62,260.26,261.9,245.47
2914307,283.25,282.47,313.7,289.69
2914406,292.88,326.74,331,315.64
2914505,152.88,190.89,249.8,190.47
2914604,264.69,327.58,310.7,301.47
2914653,362.25,468.84,407.5,417.31
2914703,209.75,226.26,309.1,238.8
2914802,355,449.68,457,417.64
2914901,362.56,425.42,464.5,411.76
2915007,303.75,321.32,383.1,328.8
2915106,251.94,288.63,314.1,281.24
2915205,282,321.16,346.9,312.96
2915304,316,425,366.5,373.24
2915353,245.69,297.05,352.7,291.16
2915403,293.75,342.84,323.7,321.13
2915502,340.62,426.11,421,394.58
2915601,360.56,482.79,425.3,426.56
2915700,279.62,348.21,368.9,328.42
2915809,307.69,387.26,364.5,353.91
2915908,160.25,225.26,311,221.2
2916005,385.25,463.89,437.5,430.07
2916104,227.12,257.37,357,268.76
2916203,321.31,441.32,438,397.91
2916302,315.25,419.63,371.5,371.82
2916401,282.12,345.68,338.8,321.56
2916500,104.56,136.79,192.2,137.64
2916609,320.62,375.95,386,358.51
2916708,237.19,295.16,302.8,276.24
2916807,299.81,396.11,375.7,357.33
2916856,180.69,216.11,245.3,210
2916906,232.81,291.16,280.9,268.13
2917003,168.56,169.68,240.4,185
2917102,269.69,339.16,341.8,315.04
2917201,291,317.05,300.2,304.04
2917300,319.38,379.53,456.7,375.29
2917334,403,451.21,458.8,435.76
2917359,543.25,637.42,675.2,612.33
2917409,372.69,431.42,452.6,415.24
2917508,221.25,242.37,351.9,259.2
2917607,223.25,292,302.2,269.82
2917706,172.94,176.11,205.2,181.44
2917805,251.12,296.26,372,297.04
2917904,137.81,172.11,245.2,176.16
2918001,221.56,282.63,280.4,260.42
2918100,113.69,108.68,167.2,123.47
2918209,253.75,310,334.7,295.49
2918308,254.19,310.42,331,295
2918357,239.88,288.42,291.3,271.8
2918407,156.75,171.58,279.3,190.24
2918456,368.62,466.84,457.6,429.87
2918506,239.12,292.74,323.7,280.56
2918555,329.25,410.32,402.1,379.67
2918605,311.81,338.89,309.7,322.78
2918704,236,278,270.3,261.36
2918753,363.12,384.58,387.4,377.58
2918803,250.5,317.74,356,302.33
2918902,384.56,431.21,438.3,416.2
2919009,246.75,270.11,301.7,268.82
2919058,244.94,285,277.5,269.09
2919108,127.75,166.79,223.8,165.58
2919157,268.94,323.53,311.1,301.36
2919207,211.19,249.63,318.9,251.36
2919306,311.62,357.16,372.3,344.33
2919405,396.56,423.42,473.4,424.98
2919504,326.75,356.74,344.8,343.42
2919553,644.19,679.79,794.9,692.71
2919603,194.25,233.58,323.6,239.6
2919702,319.56,408.05,389.3,372.42
2919801,367.94,420,419.1,401.29
2919900,120.5,123.42,199.3,139.24
2919926,212.69,242.11,355.8,256.91
2919959,316.38,365.42,377.7,350.71
2920007,314,421.16,392.8,376.76
2920106,194,214.26,328.8,232.51
2920205,404.12,469.47,443.5,440.47
2920304,310.56,354.74,373.3,343.16
2920403,244.19,277.84,296,269.91
2920452,413.94,457.05,492.8,449.67
2920502,267.69,272.47,297.4,276.31
2920601,198.38,244.63,309.3,242.56
2920700,352.31,406.89,474.9,402.6
2920809,236.62,255.16,310.2,260.8
2920908,327.56,422.11,391.6,381.71
2921005,171.81,232.79,312.4,228.8
2921054,394.5,469.68,487.7,446.96
2921104,390,458.95,421.7,426.16
2921203,196.06,236.68,315.7,239.8
2921302,204.06,241,277.6,236
2921401,181.81,202.63,262.2,208.47
2921450,247.88,278.95,323,277.69
2921500,138.56,158.37,222,165.47
2921609,362.19,383.11,476,396.31
2921708,209.31,231,286.9,235.71
2921807,383.06,454.11,454.5,428.93
2921906,350,386.42,434.1,384.07
2922003,381.81,441.95,481.5,429.36
2922052,271.19,288,277,279.58
2922102,219.75,231.84,314.2,245.84
2922201,237.5,291,347.1,284.44
2922250,384.12,443.74,486.3,432
2922300,151.44,235.32,284.8,216.49
2922409,253.75,310,334.7,295.49
2922508,212.88,251.74,326,254.42
2922607,317,377.26,459.2,374.04
2922656,139.12,159.47,203.7,162.07
2922706,296.38,362.89,353.4,337.13
2922730,152.62,162.37,260,180.6
2922755,296.44,353.53,395.3,342.51
2922805,208.69,224.26,264.9,227.76
2922854,316.5,328.89,408.2,342.11
2922904,102.56,131.89,180.8,132.33
2923001,366.88,444.68,451.4,418.51
2923035,312.31,335.16,361.2,332.82
2923050,114.38,123.37,173.5,131.31
2923100,101.69,139.68,205.7,140.84
2923209,357.56,381.95,409.4,379.38
2923308,151.38,194.95,257,193.24
2923357,183.5,215.47,253.9,212.64
2923407,391.12,442.84,419.3,419.22
2923506,327.25,354.21,369.9,348.11
2923605,358.94,388.74,392.8,379.04
2923704,350.38,395.63,477.3,397.69
2923803,101.25,106.53,168.3,118.38
2923902,307.94,387.11,357,352.27
2924009,84.88,82.32,148.3,97.89
2924058,143.06,173.21,240.6,177.47
2924108,155.25,202.26,259.2,198.2
2924207,84.31,81.89,145.1,96.8
2924306,338.94,359.05,394.7,359.82
2924405,267.69,268.32,329.7,281.73
2924504,406.62,433,489.2,436.11
2924603,208,201.89,283.2,222.13
2924652,163.62,178.84,266.5,192.91
2924678,319.81,393.63,456.3,381.31
2924702,376.44,429.95,419.6,408.62
2924801,196,231.89,292.2,232.53
2924900,227.06,241.05,292.3,247.47
2925006,319.62,364.16,323.8,339.36
2925105,296.56,327.95,299.6,310.49
2925204,168.5,220.79,300.3,219.87
2925253,202.44,208.68,309,228.76
2925303,351.62,473.42,379.6,409.27
2925402,307.12,400.05,382,363
2925501,343,478.53,394.6,411.69
2925600,273.44,335.47,316.8,309.27
2925709,334.44,377.53,388.9,364.73
2925758,269.81,343.79,378.8,325.27
2925808,156.25,165.95,247.9,180.71
2925907,113,146.63,183.9,142.96
2925931,194.88,205.84,310.4,225.18
2925956,156.69,197.89,242.5,193.16
2926004,225.69,249.21,304.9,253.22
2926103,138,156.84,245.4,169.82
2926202,484.69,547.84,570.1,530.33
2926301,136.88,169.21,237.6,172.91
2926400,390.5,482.79,517.5,457.69
2926509,102.69,125.11,188.5,131.22
2926608,106.38,132.63,177.4,133.24
2926657,344.19,415,400.8,386.67
2926707,309.12,354.11,321.9,330.96
2926806,331.69,378.42,378.9,361.91
2926905,336.88,365.63,416.5,366.71
2927002,118.25,149.58,238,158.09
2927101,107.81,103.53,193.6,125.07
2927200,222.25,244.26,324.9,254.36
2927309,219.44,238.21,354.7,257.42
2927408,213.75,258.47,349.9,262.89
2927507,140.38,185.68,239.4,181.51
2927606,90.38,86.74,147.1,101.44
2927705,342.94,450.26,405.6,402.18
2927804,271.81,346.16,349,320.36
2927903,220.69,272.21,276.9,254.93
2928000,135.56,161,238.6,169.2
2928059,342.44,440.95,423.3,402
2928109,496.44,601.84,617.8,567.91
2928208,440.56,531.53,517.2,496
2928307,145.5,189.58,237.7,184.6
2928406,454.69,500.68,536.1,492.2
2928505,173,222.68,256.6,212.56
2928604,170.94,224.21,314.1,225.24
2928703,242.06,302.84,340.8,289.67
2928802,134.69,207.16,251.2,191.18
2928901,488,565.47,624.8,551.11
2928950,146.38,160.53,258.3,177.22
2929008,160.12,234.89,283.1,219.02
2929057,488.12,572.26,554.1,538.31
2929107,197.88,250.79,297.6,242.38
2929206,204.5,233,331,244.64
2929255,239.19,294.42,298.3,275.64
2929305,137.62,211.26,270.7,198.29
2929354,329.75,450,432.8,403.42
2929370,171.38,179.11,284.8,199.84
2929404,218.56,268.26,317,261.42
2929503,200.94,236.26,328.3,244.16
2929602,163.12,215.47,275,210.09
2929701,114.75,144.95,196.8,145.73
2929750,194.88,229,332.9,239.96
2929800,214.06,227.47,354,250.82
2929909,293.44,319.05,338.4,314.24
2930006,405.75,420.84,454.3,422.91
2930105,197.25,189.32,229,200.96
2930154,406.31,488.05,493.9,460.29
2930204,200.56,231.11,326.8,241.51
2930303,393.75,481.42,487.5,451.6
2930402,126.25,176.21,231.3,170.69
2930501,122.44,158.21,212.1,157.47
2930600,201.56,209.53,336.6,234.93
2930709,217.94,244.89,330,254.22
2930758,384.56,423.05,478.6,421.71
2930766,98.06,97.21,156.1,110.6
2930774,160.12,172.79,269.5,189.78
2930808,289.56,328.53,293.6,306.91
2930907,429.12,530.42,521.6,492.44
2931004,265.5,297.16,318.1,290.56
2931053,392.12,443.11,435.3,423.24
2931103,134.31,181.37,239.9,177.64
2931202,286.12,351.53,405.9,340.36
2931301,216.69,240.74,274.2,239.62
2931350,346.19,458.11,431.7,412.44
2931400,163.25,209.32,270.4,206.51
2931509,117,156.26,209.8,154.2
2931608,285,349.37,415.6,341.2
2931707,178.5,226.32,300.5,225.8
2931806,375.38,419.68,457.7,412.38
2931905,112.75,142.37,191.9,142.84
2932002,145.75,154.47,218.8,165.67
2932101,240.38,298.26,307.5,279.73
2932200,322.62,380,429.8,370.67
2932309,297.06,352.32,377.2,338.2
2932408,281.81,340.11,345.2,320.51
2932457,188.62,207.05,273.7,215.31
2932507,347.38,457.58,440,414.49
2932606,397.94,422.11,448.5,419.38
2932705,363,425.95,426,403.58
2932804,240.25,271.74,268,259.71
2932903,263.25,311.21,397.8,313.4
2933000,140.44,160.42,247.3,172.62
2933059,179.56,186.05,299.6,208.98
2933109,206.19,224.68,331.9,241.93
2933158,196.69,221.63,263.3,222.02
2933174,209.06,264.26,311.6,255.16
2933208,238.5,273.53,356.4,279.49
2933257,360.38,478.21,438.1,427.4
2933307,360.38,397.21,400.3,384.8
2933406,258.19,292.11,296.3,280.98
2933455,416.88,488.16,519.2,469.71
2933505,258.25,325.05,355.5,308.07
2933604,260,301.95,345,296.6
3100104,726.75,710.05,818.3,740.04
3100203,632.75,701.42,721.4,681.44
3100302,678.81,725.79,712.5,706.13
3100401,701.19,761.47,780.7,744.31
3100500,642.69,622.37,687.9,644.16
3100609,589,631.11,697.1,630.8
3100708,745.94,648.21,759.3,707.64
3100807,709.69,735.84,687.9,715.89
3100906,448.44,502.21,479.6,478.07
3101003,387.31,459.58,479.2,438.24
3101102,456.38,532.63,624.2,525.87
3101201,823.19,777.95,791.8,797.11
3101300,946.56,932,932,937.18
3101409,755.81,720.74,741.4,737.8
3101508,607.25,654,600.5,625.49
3101607,658.5,654.74,681.5,662.02
3101631,795.94,803.11,802.4,800.4
3101706,369.38,455.21,413.9,415.51
3101805,555.94,562.37,630.6,575.24
3101904,681.38,691.42,676.9,684.62
3102001,658.88,667.58,685.9,668.56
3102050,675.56,761,787,736.4
3102100,773.81,800.89,808,792.84
3102209,578.19,624.68,697.9,624.42
3102308,707.31,770.42,849.1,765.47
3102407,698.75,761.11,805.6,748.82
3102506,637.94,689.42,725.8,679.2
3102605,732.12,735.47,713.9,729.49
3102704,409.31,505.05,480.3,465.51
3102803,709.75,776.26,706.4,737.09
3102852,588.38,618.47,687.4,623.09
3102902,796.69,818.11,788.1,803.82
3103009,661.69,709.47,771.3,706.22
3103108,623.31,764,745.7,709.91
3103207,674.5,719.89,784.5,718.11
3103306,817.12,859.74,850.2,842.47
3103405,432.38,463.16,474.5,454.73
3103504,775.06,711,839.6,762.36
3103603,777.25,883.42,767.8,819.98
3103702,641.38,722.63,721.3,693.44
3103751,681.94,720.26,782.1,720.38
3103801,739.94,788.47,852.4,785.42
3103900,707.88,703.95,786.3,723.64
3104007,717.38,777.89,778.3,756.47
3104106,726.69,722.37,748.7,729.76
3104205,732.81,767.42,763.8,754.31
3104304,656.06,677.42,697.3,674.24
3104403,630.31,704.84,657.7,667.87
3104452,606.44,630.68,699.1,637.27
3104502,608.88,632.58,713.2,642.07
3104601,718.19,759.63,740.7,740.69
3104700,529.88,580.47,605.4,568.02
3104809,564.81,629.05,661.3,613.38
3104908,812.94,822.16,783.1,810.2
3105004,714.44,720.53,804.3,736.98
3105103,748.06,769.05,790.4,766.33
3105202,351.19,461.84,402.6,409.33
3105301,733.94,690.89,733.3,715.62
3105400,794.88,827.42,937.6,840.33
3105509,636.44,773.47,732.2,715.58
3105608,775.88,777.05,776.6,776.53
3105707,697.44,712.26,784.9,723.13
3105905,765.94,770.68,774.9,769.93
3106002,692.94,758.11,855,756.47
3106101,672.5,718.89,642.7,685.47
3106200,923.31,968.58,1056.5,972.02
3106309,667.12,677.26,721.8,683.56
3106408,692.88,728.79,788.2,729.22
3106507,446.56,481.42,498.4,472.8
3106606,421.31,479.68,435.9,449.2
3106655,393.56,462.58,468.5,439.36
3106705,836.62,887.89,944.3,882.2
3106804,761.88,783.95,736,765.44
3106903,707.69,739.42,683.4,715.69
3107000,689.44,755.37,781.6,737.76
3107109,671.56,690,671.3,679.29
3107208,941.88,991.74,928.5,959.96
3107307,530.75,607.68,687,597.96
3107406,696.44,709.89,762.7,716.84
3107505,778.5,927.42,820.2,850.64
3107604,708.12,708.32,708.9,708.38
3107703,735.75,761,869.7,776.18
3107802,630,678.26,751.6,677.4
3107901,617.44,661.58,620.6,636.78
3108008,739.31,765.32,770,757.11
3108107,782.88,785.21,854.5,799.78
3108206,641.31,661.58,700.8,663.09
3108255,536.5,641.32,631.5,601.87
3108305,648.19,705.95,657.4,674.62
3108404,726.5,762.58,742.8,745.36
3108503,525.62,580,617.6,569.02
3108552,626.44,645.58,725.3,656.49
3108602,530.75,629.16,659.8,600.98
3108701,704.88,758.95,741.7,735.89
3108800,637.81,647.79,696.4,655.04
3108909,605.62,642.16,655.3,632.09
3109006,818.75,861.84,933.4,862.42
3109105,689.56,721.89,681.1,701.33
3109204,619,658.58,678.5,648.93
3109253,662.56,680.89,713.8,681.69
3109303,679.69,686.79,794.4,708.18
3109402,613.94,628.05,717,642.8
3109451,590.12,637.47,731.5,641.53
3109501,685.06,720.32,704.7,704.31
3109600,694.69,756.53,809.8,746.38
3109709,601.62,661.21,635.9,634.4
3109808,680.19,736.63,741.9,717.73
3109907,671.12,734,799.6,726.22
3110004,783.31,803.68,902.5,818.4
3110103,598.94,701.26,689.3,662.22
3110202,643.19,710.95,708.1,686.22
3110301,734.81,700.68,733.5,720.11
3110400,744.5,785.79,738.3,760.56
3110509,692.25,699.32,663.1,688.76
3110608,614.62,629.74,623.7,623.02
3110707,721.69,695.95,718.1,710.02
3110806,513.25,531,595.7,539.07
3110905,719,679.16,704,698.84
3111002,720.81,682.95,751.6,711.67
3111101,677.5,656,667.9,666.29
3111150,577.25,580.68,651.8,595.27
3111200,709.25,756.58,714.8,730.47
3111309,665.62,679.37,675.5,673.62
3111408,757.56,693.63,734.1,725.36
3111507,770.5,805.16,865.5,806.24
3111606,670.19,674.79,657.5,669.31
3111705,644.19,702.95,744,691.18
3111804,689.94,704.47,742.2,707.69
3111903,719.75,759.53,718.3,736.22
3112000,721.81,786.21,743.8,753.89
3112059,620.5,645.26,704,649.51
3112109,625.75,736.21,746.1,699.13
3112208,791,819.63,812.5,807.87
3112307,569.62,614.21,672.6,611.33
3112406,710.75,754.58,742.7,736.36
3112505,694,727.11,827.7,737.69
3112604,672.19,715.58,710,698.91
3112653,515.75,552.95,623.2,555.33
3112703,474.5,570.16,600.9,542.98
3112802,699.44,748.32,753.2,732.02
3112901,653,714.21,717.8,693.24
3113008,465.06,508.37,531.9,498.2
3113107,736.31,786.53,784.7,768.27
3113206,772.38,770.89,776.1,772.58
3113305,612,705.37,700.4,671.07
3113404,609.06,634,717.1,643.6
3113503,538.75,571.21,630.7,572.89
3113602,693.44,718.26,720.1,709.84
3113701,462.75,491.74,485.9,480.13
3113800,674.12,696.16,780,706.96
3113909,690.81,719.79,672.3,698.93
3114006,750.81,759.79,788.3,762.93
3114105,745.62,750.42,738.9,746.16
3114204,768.69,775.63,830.9,785.44
3114303,746.56,799,837.4,788.89
3114402,658.31,680.68,681,672.8
3114501,757.38,775.79,808.8,776.58
3114550,648.38,577.32,597.8,607.13
3114600,725.56,719.37,739.5,726.04
3114709,710.19,676.37,712.5,696.42
3114808,899,946.47,885.4,916.02
3114907,747.38,755.05,784.9,758.96
3115003,760.19,728.63,854.2,767.76
3115102,707.81,748.16,698.8,722.84
3115201,759.31,765.26,763.6,762.78
3115300,745.69,790.74,771.9,770.53
3115359,809.12,888.37,958.4,875.76
3115409,730.06,803.84,788.9,774.29
3115458,490.62,517.21,558.2,516.87
3115474,389.12,457.95,517.8,446.78
3115508,793.06,788.11,769.5,785.73
3115607,717.19,800.21,816,774.2
3115706,489.75,541.89,565.5,528.6
3115805,711.19,722.42,792.6,734.02
3115904,759,778.63,756.7,766.78
3116001,599.25,660.47,733,654.82
3116100,485.12,491.42,536.4,499.18
3116159,667.25,732.21,747.4,712.49
3116209,632.94,664.68,583.4,635.33
3116308,759.56,814.79,786.2,788.8
3116407,805.5,819.63,823.6,815.49
3116506,559.94,630.26,680.3,616.38
3116605,764.19,770.11,805.5,775.87
3116704,670.12,759.53,747.4,725.04
3116803,613.94,632.16,701.1,641
3116902,739.69,686.89,748.5,719.36
3117009,406.31,472.79,441.9,442.29
3117108,682.25,692.79,674.1,684.89
3117207,703.12,734.74,712.7,718.6
3117306,727.62,650.63,726.7,694.91
3117405,593.56,627.68,722.1,636.53
3117504,766.62,791.05,847.4,794.89
3117603,690.06,667.05,737.9,690.98
3117702,772.31,760.47,762.5,765.13
3117801,621.62,641.21,651.9,636.62
3117836,497.62,569.42,579,546.02
3117876,692.69,742.68,830.5,744.42
3117900,671.56,721.32,680.5,694.56
3118007,696.5,755.42,763.2,736.2
3118106,696.25,712.74,773.4,720.36
3118205,737.19,730.42,772,742.07
3118304,715.88,760.42,777.3,748.33
3118403,505.69,546,630.8,550.51
3118502,606.44,602.21,627.3,609.29
3118601,881.56,923.53,1015.6,929.07
3118700,687.25,700.79,653.2,685.4
3118809,549.12,626.47,635.9,601.07
3118908,641.19,696.42,753.3,689.42
3119005,679.38,658.84,669.9,668.6
3119104,562.38,637.16,691.2,622.58
3119203,585.56,610.21,672.2,615.22
3119302,819.69,777.16,883.4,815.89
3119401,657.56,706.84,745.2,697.84
3119500,433.44,485.47,450.3,459.16
3119609,759,778.63,756.7,766.78
3119708,761.19,741.95,756.5,752.02
3119807,766.88,810.53,813,795.56
3119906,623.94,595.37,616.6,610.24
3119955,676.94,754.47,727.1,720.82
3120003,645.31,680.21,728.7,678.58
3120102,646.56,720.74,744.8,699.71
3120151,477,512.11,482,492.93
3120201,688.44,720.74,676.9,699.51
3120300,476.75,546.11,582.1,529.44
3120409,729.69,764.84,791.5,758.27
3120508,731.75,730.53,755.2,736.44
3120607,757,785.79,834,786.27
3120706,727.44,791.11,835.8,778.4
3120805,770.38,759.79,745.3,760.33
3120839,469.94,544.68,587.9,527.71
3120870,408.12,484.63,481,456.62
3120904,581.31,658.63,709.5,642.44
3121001,653.5,722.74,759.8,706.36
3121100,632.31,609,608.5,617.18
3121209,732.75,799.89,766.4,768.58
3121258,739.5,689.95,806.1,733.38
3121308,713.19,746.68,736.2,732.44
3121407,735.94,768,808.7,765.64
3121506,811.5,840.16,837.9,829.47
3121605,617.94,712.68,727.8,682.36
3121704,701.19,761.47,780.7,744.31
3121803,668.44,688.16,758.3,696.73
3121902,677,728.58,749.5,714.89
3122009,611.69,714.68,712.4,677.56
3122108,477.31,519.26,565.8,514.69
3122207,613.94,645.95,713,649.47
3122306,754.94,763.89,810.6,771.09
3122355,377.25,458.84,462.5,430.64
3122405,686,675.74,698.4,684.42
3122454,363.38,451.32,409.2,410.69
3122470,643.38,661.16,726.8,669.42
3122504,621.94,622.74,674.8,634.02
3122603,712,754.32,810.5,751.76
3122702,694.62,701.89,780.3,716.73
3122801,734.75,730.42,750.3,736.38
3122900,718.19,759.63,740.7,740.69
3123007,765.94,770.68,774.9,769.93
3123106,633.44,667.79,751.1,674.09
3123205,683.56,742.53,761.4,725.76
3123304,735.38,767.47,800.7,763.44
3123403,716.12,756.89,767.8,744.82
3123502,740.94,724.84,828.5,753.6
3123528,636.81,700.21,764.1,691.87
3123601,671.12,639.79,646.1,652.33
3123700,597.06,588.21,639.1,602.67
3123809,550.25,610.47,658.7,599.78
3123858,620.69,643.74,725.3,653.67
3123908,704.06,741.16,770.8,734.56
3124005,653.56,750.58,752.6,716.53
3124104,784.94,796.26,880.1,810.87
3124203,625.75,736.21,746.1,699.13
3124302,398.44,423.47,447.8,419.98
3124401,668.38,701.21,693.2,687.76
3124500,629.69,647.37,649.8,641.62
3124609,561.75,622.84,587.3,593.22
3124708,726.81,779.32,815.4,768.67
3124807,751.69,694.58,810.6,740.67
3124906,666.5,808.63,781.2,752
3125002,798.44,807.32,805.2,803.69
3125101,685.19,701.21,639.2,681.73
3125200,661.56,654.11,667,659.62
3125309,612,705.37,700.4,671.07
3125408,657.31,708.63,731.6,695.49
3125507,651.81,706.47,743.4,695.24
3125606,401.56,472.74,467.7,446.31
3125705,610.19,684.42,737.8,669.89
3125804,597.06,588.21,639.1,602.67
3125903,671.75,711.74,764.6,709.27
3125952,628.88,720.32,698.9,683.04
3126000,813.12,823.32,906,838.07
3126109,684.94,757.95,726.4,724.98
3126208,647.5,648.74,778.9,677.22
3126307,696.62,696.63,707.5,699.04
3126406,677,717.68,779.5,716.96
3126505,451.69,478.68,507.9,475.58
3126604,551.75,599.63,698.2,604.51
3126703,487.44,566.32,584.6,542.33
3126752,541.75,581.89,634.5,579.31
3126802,544.5,579,604.9,572.49
3126901,535.19,539.74,625.2,557.11
3126950,601.75,624.58,690.9,631.2
3127008,684.38,647.47,697.9,671.8
3127057,422.56,489.95,444,455.78
3127073,496.44,545.37,546.5,528.22
3127107,694.88,667.53,720.5,689.02
3127206,695.19,710.58,809.6,727.11
3127305,484.69,523.89,574.2,521.13
3127339,399.62,418.32,473.9,424.02
3127354,532.88,597.63,683.5,593.69
3127370,459.62,530.37,585.9,517.56
3127388,752.38,808.32,792,784.8
3127404,643.5,607.47,670.8,634.36
3127503,624.31,637.32,712.7,649.44
3127602,620.81,666.53,721.7,662.53
3127701,530.12,558.53,625,563.2
3127800,515.5,580.58,607.3,563.38
3127909,741.88,715.05,823.3,748.64
3128006,627.69,653.63,704.2,655.64
3128105,672.31,711.26,730.7,701.73
3128204,660.38,719.11,761.5,707.64
3128253,526.62,600,684.7,592.73
3128303,755.44,739.16,766.1,750.93
3128402,715.94,754.95,764.1,743.11
3128501,682.75,727.32,675.1,699.87
3128600,719.62,713.05,886.5,753.93
3128709,752,711.79,750.7,734.73
3128808,733.69,788.79,781.7,767.62
3128907,722.44,800.05,841.2,781.6
3129004,713.75,760.89,784.2,749.31
3129103,685.06,643.37,695.7,669.82
3129202,697.06,719.79,722.6,712.33
3129301,650.44,652.32,694.4,661
3129400,770.56,776.32,763.1,771.33
3129509,716.19,764.84,840.3,764.31
3129608,586.12,593.95,660.1,605.87
3129657,474.38,548.05,561.7,524.89
3129707,799.44,818.95,802.3,808.31
3129806,844.25,893.47,971.5,893.31
3129905,715.19,731.79,703.8,719.67
3130002,745.38,736.95,753.1,743.53
3130051,560.94,582.63,611.7,581.38
3130101,831.38,843.89,900.2,851.96
3130200,734.25,720.84,805.5,744.42
3130309,754.06,771.42,775.2,766.09
3130408,732.19,726.37,729.6,729.16
3130507,662,692.95,692.6,681.87
3130556,627.19,643.84,718.5,654.51
3130606,637.75,683.11,658.9,661.6
3130655,439,464.74,487.6,460.67
3130705,766.75,673.11,774.9,729.02
3130804,735.06,734.58,709.1,729.09
3130903,617.69,622.42,704,638.87
3131000,673.31,734.95,800.1,727.51
3131109,595.44,661.26,692.2,644.73
3131158,655.75,668.68,733.8,678.56
3131208,594.44,642.79,695.6,637.33
3131307,657.56,706.84,745.2,697.84
3131406,695.56,685.84,724.3,697.84
3131505,705.5,690,703.8,698.58
3131604,725,699,798.2,730.29
3131703,722.31,748.63,867.6,765.71
3131802,500.81,537.05,566,530.6
3131901,810.81,844.47,919.6,849.2
3132008,528.19,587.84,690.2,589.38
3132107,443.69,512.47,525.3,490.87
3132206,793.31,770.47,843.5,794.82
3132305,494.06,533.89,561.1,525.78
3132404,661.62,644.95,659.2,654.04
3132503,601.56,630.05,680.3,631.09
3132602,723.19,764.68,751.4,746.98
3132701,529.69,563.68,623.5,564.89
3132800,737.69,781,863.4,783.91
3132909,747.12,729.26,799.5,751.22
3133006,895.06,936.16,903.6,914.31
3133105,743.38,733.95,733.3,737.16
3133204,524,569.16,630.4,566.71
3133303,402.56,438.95,433,424.69
3133402,671.38,651.32,683.8,665.67
3133501,731.31,775.21,752.7,754.6
3133600,682.75,689.26,613.6,670.13
3133709,819.31,804.68,875.7,825.67
3133758,676,718.89,689.4,697.09
3133808,787.94,788.05,860,804
3133907,741.94,806.58,800.3,782.2
3134004,399.25,445.63,421.9,423.87
3134103,439.12,511.53,618,509.44
3134202,666.31,657.47,710.1,672.31
3134301,741.62,729.89,740,736.31
3134400,650.5,616.16,623,629.89
3134509,743.69,717.63,757.4,735.73
3134608,734.12,718.32,832.8,749.38
3134707,353,447.53,409.2,405.4
3134806,725.88,684.05,725.2,708.07
3134905,743.62,710,747,730.18
3135001,676.06,710.11,777.4,712.96
3135050,421.06,451.26,468.1,444.27
3135076,511.75,540.79,603.9,544.49
3135100,424.5,462.53,509.7,459.49
3135209,519,632.89,621.7,589.91
3135308,745.56,768.84,776,762.16
3135357,496.25,578.47,589.1,551.6
3135407,699.44,728.68,772.1,727.93
3135456,462.94,483.21,515,483.07
3135506,661.62,704.95,725.9,694.2
3135605,559.69,588.74,666.7,595.73
3135704,679.19,712.21,771.5,713.64
3135803,408.12,469.42,466.7,447.02
3135902,744.94,731.74,732.6,736.62
3136009,423.44,478.42,465.3,455.96
3136108,650.75,660.95,729.9,672.64
3136207,732.19,797.68,883.1,793.38
3136306,653,686.42,742.1,686.91
3136405,576.12,620.58,699.7,622.36
3136504,334.56,451.05,400.1,398.31
3136520,484,508.26,558.2,510.73
3136553,603.5,621.63,719.8,637
3136579,465.81,520.26,521,501.07
3136603,742.25,719.84,875.1,762.31
3136652,811.81,826.26,897.1,836.87
3136702,734.88,740.63,714.5,732.78
3136801,532.88,597.74,702.8,598.02
3136900,715.25,695.53,712.1,706.22
3136959,437.38,504.32,504.2,480.49
3137007,545.62,572.84,639,577.87
3137106,795.56,771.53,894.6,807.42
3137205,765,771.74,799.5,775.51
3137304,582,605.42,647.5,606.44
3137403,757.06,750.16,786.9,760.78
3137502,716.19,761.11,784.9,750.42
3137536,720.81,719.26,838.1,746.22
3137601,679,691.11,807,712.56
3137700,621.5,681.16,725.1,669.71
3137809,737.38,712.53,740.3,727.53
3137908,723.81,793.42,751.2,759.29
3138005,690.62,800.16,756.3,751.47
3138104,571.75,596.68,692.6,609.13
3138203,732,718.95,691.3,717.44
3138302,696.88,703.79,759.1,713.62
3138351,500.88,513.53,557.4,518.78
3138401,678.12,742.32,727.3,716.16
3138500,871.31,968.16,844,906.13
3138609,785.5,817.74,769.6,795.58
3138625,673.12,616.37,631.7,639.96
3138658,506.88,571.16,562.3,546.33
3138674,608.88,692.68,716.6,668.2
3138682,515.5,572.16,645,568.2
3138708,734.31,720,713.6,723.67
3138807,758.06,763.95,781.3,765.71
3138906,430.44,501.53,439.5,462.47
3139003,697.81,675.26,707,690.33
3139102,713.06,750.42,738,734.38
3139201,588.38,613.74,680.9,619.64
3139250,398.5,431.58,476.4,429.78
3139300,433.12,510.84,498.2,480.4
3139409,651.81,695.05,728.9,687.2
3139508,660,745.68,780.7,723
3139607,497.75,554.79,585.3,541.29
3139706,689.62,723.11,776.2,723
3139805,668.81,701,625.3,672.73
3139904,681.25,705.63,680,691.27
3140001,777.12,809.79,864.1,810.24
3140100,567.94,567.11,646.2,584.98
3140159,814.38,854.42,919.8,854.71
3140209,696.06,745.21,715.7,721.18
3140308,681.38,703.89,754.6,707.16
3140407,695,681.89,673.7,684.73
3140506,642.06,672.89,716.6,671.64
3140530,641.94,714.32,773.9,701.82
3140555,359.69,440.05,403.6,403.38
3140605,648.25,697.37,725.1,686.07
3140704,781.25,815.26,877.8,817.07
3140803,708,729.05,672.8,709.07
3140852,402.88,443.16,482,437.47
3140902,680.56,729.84,730.5,712.47
3141009,394.88,474.89,525.9,457.78
3141108,688.25,724.47,831,735.27
3141207,759.75,801.53,862.2,800.16
3141306,774.12,787.84,853.8,797.62
3141405,404.88,484.74,437.2,445.78
3141504,493.75,533.26,572.8,528
3141603,755.06,807.16,818.4,791.13
3141702,648.62,667.32,731,674.82
3141801,528.94,549.05,612.3,555.96
3141900,737.12,735.47,726.9,734.16
3142007,509.19,636.11,607.3,584.58
3142106,661.81,769,782.4,733.87
3142205,738.88,810.95,812.4,785.64
3142254,461.62,544.16,521.1,509.69
3142304,764.12,813.53,875.9,809.82
3142403,759.06,747.16,808,764.91
3142502,588.44,652.47,667.2,632.98
3142601,703.38,678.79,681,688.02
3142700,465.06,563.58,546.6,524.78
3142809,719.88,730.63,774.7,736.6
3142908,388.31,446.42,514.4,440.87
3143005,687.06,732,715.2,712.29
3143104,747.38,720.68,820.4,752.33
3143153,419.19,488.47,472.4,460.27
3143203,736.5,736.53,763.8,742.58
3143302,532.06,611.53,643.8,590.44
3143401,735.19,720,743.3,730.58
3143450,388.12,457.47,446.5,430.38
3143500,632.31,696.21,771.2,690.16
3143609,580.56,652,704.1,638.18
3143708,765.12,795.47,885.5,804.69
3143807,687.06,701.84,632.4,681.16
3143906,687.81,822.89,799.3,769.62
3144003,543.38,610.37,665.2,598.73
3144102,727.94,716.47,726.8,722.84
3144201,581.62,592.84,679.2,608.04
3144300,400.12,438.68,477.3,433.56
3144359,628.94,656.21,672.9,650.22
3144375,678.56,679.21,757.8,696.44
3144409,697.06,740.21,708.2,717.76
3144508,724,704.89,738,719.04
3144607,707.69,729.21,665.6,707.42
3144656,377.31,442.84,438.6,418.6
3144672,503.56,536.42,574.2,533.13
3144706,690.56,726.26,848.1,740.64
3144805,902.56,932.47,1042.8,946.36
3144904,498.19,532.53,572.1,529.11
3145000,737.56,687.42,754.5,720.16
3145059,412.75,462.47,521.1,457.82
3145109,695.56,696.42,692.4,695.22
3145208,697.06,661.95,758.5,695.89
3145307,487.31,521.21,566.4,519.2
3145356,468.88,526.53,508.9,502.11
3145372,498.56,531.63,551.7,524.33
3145406,826.5,908.63,813.9,858.38
3145455,535,601.47,691.2,597.78
3145505,744.94,731.74,732.6,736.62
3145604,744.44,755.79,780.4,757.22
3145703,822.38,844.11,812.1,829.27
3145802,707.19,751.74,780.7,742.33
3145851,666.75,702.79,741,698.47
3145877,619.31,716.32,673.7,672.36
3145901,717.75,800.26,778.5,766.09
3146008,686.94,710.89,700.6,700.09
3146107,710.94,764.68,791.5,751.53
3146206,525.56,584.84,591.3,565.2
3146255,494.38,545.16,550.9,528.38
3146305,418.56,475.11,467,453.2
3146404,668.5,725.26,751.7,710.96
3146503,691.75,749.74,747,728.51
3146552,394.69,460.95,518.6,450.2
3146602,800.56,851.16,850.1,832.93
3146701,651.62,700.53,685.4,679.78
3146750,366.81,444.32,443,416.47
3146909,645.25,720.37,776.1,706.04
3147006,744.38,746.74,802.1,758.2
3147105,768.56,751.84,837.2,776.76
3147204,674.81,658.26,666.5,665.98
3147303,603.12,583.89,624.7,599.8
3147402,645.5,716.32,779.5,705.18
3147501,706.5,746.58,822.8,749.27
3147600,702.81,669.89,621,670.73
3147709,753.75,769.37,796.4,769.82
3147808,903.06,1028.05,869.6,948.4
3147907,705.69,727.11,725.6,719.16
3147956,499.69,604.68,600.2,566.36
3148004,771.75,802,842.5,800.24
3148103,713.88,788.16,827.4,770.47
3148202,656.56,812.53,765.5,746.62
3148301,656.88,728.95,739.5,705.67
3148400,637.19,654.58,707.4,660.13
3148509,465.5,509.21,493,490.07
3148608,626.94,645.68,715.6,654.56
3148707,395.75,477.74,436.6,439.44
3148756,675.5,719.74,742.6,709.09
3148806,647,689.79,733.8,684.36
3148905,748.06,777.42,774.6,766.36
3149002,606.69,729.42,687.8,676.53
3149101,695.75,733,697.2,711.8
3149150,480.19,542.89,566.8,525.91
3149200,721.31,681.11,752.7,711.31
3149309,743.06,787.63,890.2,794.58
3149408,790.88,782.84,752.8,779.02
3149507,661.56,706.95,625.1,672.62
3149606,689.25,724.95,773.8,723.11
3149705,722.31,714.68,798,735.91
3149804,750.94,752.53,812.1,765.2
3149903,720.5,770.68,728.8,743.53
3149952,603.75,611.79,655.5,618.64
3150000,494.25,532.95,568.7,527.13
3150109,811,858.68,797.7,828.18
3150158,614.12,648.21,723.7,652.87
3150208,674.56,691.37,738.7,695.91
3150307,746.31,766,743,753.89
3150406,732.88,767.11,815.8,765.76
3150505,674.5,714.95,718.7,701.4
3150539,648.56,699.11,747.7,691.93
3150570,569.19,565.37,617.9,578.4
3150604,753.19,768,808.9,771.82
3150703,743.06,688.95,735.6,718.56
3150802,699.5,763.53,761.2,740.24
3150901,688.75,670,706.7,684.82
3151008,664.25,706.47,666.8,682.64
3151107,588.38,639.89,605.8,614
3151206,595.56,608.37,702.9,624.82
3151305,709.38,765.26,764.4,745.2
3151404,664.75,699.05,742.3,696.47
3151503,728.44,758.16,784.7,753.49
3151602,709.12,688.37,704.8,699.4
3151701,714,707.32,732.5,715.29
3151800,759.81,736.26,745.4,746.67
3151909,574,622.11,703.6,623.11
3152006,608.25,687.11,724.6,667.4
3152105,676.06,699.63,781.3,709.4
3152131,587.38,584.74,650.4,600.27
3152170,416.81,461.11,467.8,446.84
3152204,405.81,474.37,521,460.36
3152303,635.44,704.37,708.1,680.69
3152402,532.75,567.21,610.7,564.62
3152501,623.44,679.79,648.4,652.78
3152600,774.44,800.42,756.4,781.4
3152709,779.12,758.84,765.5,767.53
3152808,757.19,730.05,747,743.47
3152907,682.44,723.84,698.3,703.44
3153004,736.25,800.11,834.3,785
3153103,682.69,752.89,753.7,728.11
3153202,606.75,655.53,702.4,648.6
3153301,674.31,737.21,775.2,723.29
3153400,773.38,786.42,840.3,793.76
3153509,654.38,717.79,769.1,706.64
3153608,688.19,723,813.5,730.73
3153707,685.69,745.68,774.8,730.82
3153806,731.69,775.11,789.1,762.78
3153905,872.19,929.74,983.1,921.13
3154002,627.5,692.68,684.3,667.64
3154101,630.94,683.89,660,659.76
3154150,651.38,706.47,757.3,698.18
3154200,754.06,748.42,774.6,756.24
3154309,430.25,523.11,617.4,511.04
3154408,805.19,809,820,810.09
3154457,609.31,630.26,683.3,634.6
3154507,467.81,533.95,566.1,517.58
3154606,784.12,822.11,919,830.13
3154705,729.12,739,712.7,729.64
3154804,796.25,817,929.1,834.53
3154903,690.75,711.74,761.6,715.36
3155009,689.06,694.32,769.8,709.22
3155108,388.19,457.74,458.8,433.24
3155207,765.38,814.95,796.3,793.18
3155306,817.69,816.58,871.9,829.27
3155405,731.94,778.21,797.2,765.98
3155504,756.12,790,844.9,790.16
3155603,470.25,514.42,537,503.73
3155702,724.88,782.95,849.2,777.02
3155801,725.62,765.95,776.3,753.91
3155900,753.12,837.32,753.8,788.82
3156007,623.81,664.16,729.8,664.4
3156106,756.44,773.95,761.7,765
3156205,698.62,741.37,722.4,721.96
3156304,722.5,767.84,743.3,746.27
3156403,717,683.89,769.5,714.69
3156452,680.88,770.58,787.9,742.53
3156502,482,544.63,496.3,511.62
3156601,374.94,457.16,434.1,422.8
3156700,854.25,877.37,965,888.62
3156809,637.62,696.21,720.7,680.82
3156908,784.62,821.53,830.9,810.49
3157005,472.31,545.53,491.9,507.58
3157104,328.06,434.21,380.2,384.47
3157203,809.12,888.37,958.4,875.76
3157252,632.31,678.84,739.1,675.69
3157278,710.56,735.95,695.1,717.84
3157302,810.5,847.84,839.3,832.67
3157336,760.81,807.32,759.7,780.2
3157377,423.19,508.74,478.9,471.69
3157401,690.12,695.95,778.5,712.22
3157500,617.88,641.68,702,646.62
3157609,612.81,629.63,740.7,648.33
3157658,420.56,486,436.4,451.71
3157708,727.12,707.21,786.4,731.89
3157807,752,791.32,874,795.71
3157906,629.31,714.42,706.2,682.33
3158003,690.88,728.58,796.2,730.2
3158102,353.88,447,418.1,407.47
3158201,598.88,604.05,698.7,623.24
3158300,684.31,680.95,649.2,675.09
3158409,750.06,804.37,823.2,789.24
3158508,643.75,664.32,726.9,670.91
3158607,638.25,636.68,611.6,631.67
3158706,762.62,802.26,747.1,775.91
3158805,733.62,787.11,749.4,759.71
3158904,642.75,686.05,789.4,693.62
3158953,681.62,714.37,744.2,709.36
3159001,768.19,779.58,855.8,792.47
3159100,745.12,801.89,784.4,777.82
3159209,680.44,686.11,680.9,682.93
3159308,825.5,915,823.1,862.76
3159357,619.06,649.11,728.1,655.98
3159407,767.38,800.11,776.6,783.24
3159506,469.5,544.42,644.1,539.93
3159605,637.44,695.05,668.2,668.6
3159704,781.94,792.63,872.9,806.67
3159803,664.62,619.32,688.8,650.87
3159902,733.69,778.68,769.9,760.73
3160009,600.94,662.37,611.8,629.29
3160108,679.06,703.05,716.8,697.58
3160207,666.44,738.63,743.8,714.11
3160306,367.69,446.32,428.2,414.33
3160405,757.62,764.68,812.6,772.82
3160454,404.38,472.89,490.4,452.42
3160504,727.56,774.32,839,772.07
3160603,571.06,620.84,646.9,608.93
3160702,808.19,842.63,824.8,826.42
3160801,704.5,708.53,688.5,702.64
3160900,702.69,741.21,775.3,735.09
3160959,629.69,632.11,713.8,649.4
3161007,691.5,744.79,825.8,743.84
3161056,493.38,512.26,543.7,512.53
3161106,511.62,570,610.6,558.27
3161205,754.44,774.68,778.6,768.36
3161304,666.12,644.84,645.4,652.53
3161403,605.56,714.84,686.9,669.78
3161502,695.06,751.32,765,734.36
3161601,605.5,619.79,684.8,629.16
3161650,477.44,535.32,572.5,523
3161700,620,666.26,742.3,666.71
3161809,723.25,729.74,771.2,736.64
3161908,744.25,788.95,890.1,795.53
3162005,696.44,699,691.1,696.33
3162104,750.69,802,848,793.98
3162203,732.31,777.05,741.7,753.29
3162252,557,631.26,673,614.13
3162302,706.12,715.42,733.2,716.07
3162401,477.12,556.42,573.8,532.09
3162450,441.12,518,511.4,489.2
3162500,760.19,806.16,768.8,781.51
3162559,641.75,697.89,715.4,681.82
3162575,486.06,539.11,559.1,524.69
3162609,625.75,623.53,690.3,639.16
3162658,568.19,627,678.9,617.62
3162708,401,458.84,431.8,432.27
3162807,619.25,650.21,689.6,647.96
3162906,710.06,741.74,737.9,729.62
3162922,807.88,833.16,877.4,834
3162948,699.31,740.74,742.1,726.31
3162955,692.69,742.68,830.5,744.42
3163003,566.12,588.37,688.8,602.78
3163102,725.62,750.74,800.5,752.87
3163201,664.25,706.47,666.8,682.64
3163300,497.81,532.89,553.6,525.02
3163409,668.06,700,760.1,702
3163508,601.06,633.37,707.1,638.27
3163607,628.19,680.47,760.5,679.67
3163706,769.81,811.68,770.1,787.56
3163805,643.19,710.95,708.1,686.22
3163904,734.25,710,712.9,719.27
3164001,680.62,720.42,768.4,716.93
3164100,604.38,628.42,727.5,641.89
3164209,603.44,603.58,652.2,614.33
3164308,771.38,821.53,822.1,803.82
3164407,651.12,717.42,682.5,686.09
3164431,706.38,782.11,786.1,756.07
3164472,620.62,627.95,710.2,643.62
3164506,599.31,620.53,697.9,630.18
3164605,753.81,764.74,809.9,770.89
3164704,705.5,722.89,785.3,730.58
3164803,731.06,777.32,849.4,776.89
3164902,739.75,747.79,759.4,747.51
3165008,744.06,751.74,771.4,753.38
3165107,735.06,741.16,772.9,746.04
3165206,757.5,772.32,768.7,766.24
3165305,729.44,764.21,725.4,743.22
3165404,661.56,628.53,647.4,644.47
3165503,609.81,634.26,701.2,640.44
3165537,814.38,854.42,919.8,854.71
3165552,572.81,603.53,661.2,605.42
3165560,699.38,712.79,796.5,726.62
3165578,658.94,677.58,617.3,657.56
3165602,643.56,699.05,639.1,666
3165701,688.62,758.42,745.7,730.78
3165800,665.75,712.84,667.3,685.98
3165909,617.06,638.11,708,646.16
3166006,729.94,798.58,761.1,765.84
3166105,661.75,671.84,758.4,687.49
3166204,811.19,816.74,821.9,815.91
3166303,683.81,724.26,726.1,710.29
3166402,808.94,842.84,813.2,824.2
3166501,647.25,735.79,747.6,706.93
3166600,720.62,753.63,806.9,753.73
3166709,385.69,429.21,465,421.69
3166808,726.88,739.79,812.9,751.44
3166907,681.81,675.74,699.6,683.2
3166956,428.19,490.58,540.3,479.44
3167004,785.25,786.84,771.5,782.87
3167103,682.25,753,778.1,733.42
3167202,693.44,738.74,828.2,742.51
3167301,748.25,788.26,808.7,778.58
3167400,659.88,702.84,685.7,683.76
3167509,625.94,673.89,605.9,641.73
3167608,636.12,659.26,748.3,670.82
3167707,626.38,619.11,647.5,628
3167806,764.06,801.95,771.8,781.78
3167905,739.19,805.63,803.6,781.56
3168002,452.19,491.05,496.5,478.44
3168051,585.19,652.26,702.1,639.49
3168101,741.5,824.58,785,786.24
3168200,776.81,798.89,853.9,803.27
3168309,741.75,722.53,851.7,758.07
3168408,604.25,616.89,682.8,627.04
3168507,644.25,710.89,728.6,691.13
3168606,527.88,588.42,591.3,567.53
3168705,675.31,701.63,749.9,703
3168804,747.5,765.05,754.2,756.4
3168903,723.25,772.47,833.4,768.51
3169000,722.06,751.53,774,746.04
3169059,629,671.68,639.4,649.33
3169109,678.31,713.32,626.7,681.62
3169208,600.56,702.63,695.2,664.69
3169307,691.5,683.26,674.2,684.18
3169356,589.44,638.95,711.2,637.4
3169406,679.06,709,649.3,685.09
3169505,516.25,551.53,620,554.2
3169604,694.56,737.42,798.1,735.67
3169703,533.94,554.21,603.9,558.04
3169802,704.88,713.11,739.6,716.07
3169901,713.62,771.74,788.5,754.8
3170008,572.69,575.37,619.2,584.16
3170057,619.5,635.68,712.8,647.07
3170107,743.88,708.63,786.4,738.44
3170206,781,723.53,748.3,749.47
3170305,434.31,473.89,427.2,449.44
3170404,662.12,675.32,779,693.67
3170438,657.5,610.37,643.8,634.56
3170479,603.56,650.32,696.3,643.91
3170503,686,711.95,746.4,710.38
3170529,602.56,598.79,655,612.62
3170578,626.75,690.95,749.4,681.11
3170602,749.06,771.42,784.1,766.29
3170651,401.44,463.63,452.1,438.96
3170701,664.19,658.42,627.5,653.6
3170750,687.19,753.42,802.9,740.87
3170800,595.69,602.53,717.6,625.67
3170909,485.38,533.79,550.5,520.29
3171006,788.88,751.32,892,795.93
3171030,447.56,481.16,508.9,475.38
3171071,561,579.16,630.3,584.07
3171105,747.44,712.74,742,731.58
3171154,629.25,696.42,708.5,675.22
3171204,772.06,809,896.2,815.24
3171303,632.31,707.53,717.4,682.98
3171402,658.94,793.79,772.3,741.07
3171501,537.38,558.11,631.6,567.07
3171600,439.62,488.21,494.8,472.4
3171709,732.06,729.42,740,732.71
3171808,621.12,641.32,707.8,648.91
3171907,596.62,609.84,696,624.29
3172004,712.38,748.05,744.6,734.6
3172103,560.06,630.58,596.9,598.02
3172202,664.81,639.26,676.2,656.56
3200102,525.88,621.37,646.8,593.07
3200136,468.06,586.32,646,557.53
3200169,522.94,571.89,626.7,566.67
3200201,625.94,682.74,686,663.27
3200300,625.44,718.79,746.1,691.67
3200359,463.06,567.11,625.2,543.02
3200409,480.75,583.42,581.3,546.44
3200508,565.12,635.32,645.9,612.71
3200607,425.81,600.58,677.3,555.49
3200706,456.81,589.79,547.6,533.13
3200805,421.62,486,602.2,488.93
3200904,518.25,589.32,637.1,574.67
3201001,458.25,494.58,574.6,499.44
3201100,579.19,632,647.3,616.62
3201159,588.56,665.74,684.1,642.38
3201209,530.81,609.68,588.5,576.93
3201308,476.12,645.63,648.6,586.02
3201407,613.5,691.68,689,663.29
3201506,476.88,550.84,667.9,550.56
3201605,390.94,490.37,535,464.93
3201704,612.69,684.68,719,666.71
3201803,663.56,752.26,763,723.11
3201902,559.88,621.42,666.2,609.49
3202009,627.69,728.47,726.3,692.16
3202108,511.12,556,592.4,548.13
3202207,494.62,674.37,752.9,627.91
3202256,480.44,600.47,703.6,580.71
3202306,637.62,715.68,736,692.44
3202405,452.12,570.95,596.4,534.36
3202454,647.56,695.05,724.7,684.76
3202504,525.31,690.05,769.3,649.09
3202553,672.12,724,773.1,716.47
3202603,562.81,690.79,681.7,643.27
3202652,675.38,714.16,767,712.11
3202702,471.94,557.95,645.6,546.84
3202801,432.12,561.63,536.5,510
3202900,485.44,598.47,661.5,572.29
3203007,675.38,714.16,767,712.11
3203056,441.25,534.16,647.4,526.29
3203106,573.25,704.26,627.4,640.6
3203130,501.62,660.74,737.9,621.31
3203163,475.88,561.47,617.1,543.4
3203205,432,581.58,690.5,552.6
3203304,460,535.26,563.1,514.69
3203320,408.19,533.32,520.2,485.91
3203346,562.88,615.16,684,611.87
3203353,463.94,589.68,700.5,569.6
3203403,523.38,655.63,608.1,598.04
3203502,415.06,473.63,526.1,464.47
3203601,454.56,496.32,521.1,486.98
3203700,601.94,640.26,675.7,634.51
3203809,536.62,677.26,626.5,615.98
3203908,477.44,521.05,628.6,529.44
3204005,458.69,582.95,656.5,555.11
3204054,394.69,460.32,525.5,451.47
3204104,449.94,493.79,548.8,490.42
3204203,440.56,572.95,560.9,523.2
3204252,502.5,531.32,578.5,531.56
3204302,429.06,549.89,529.8,502.47
3204351,464.25,596.42,713.6,575.47
3204401,499.25,622.68,595.7,572.8
3204500,515.56,637.21,679.6,603.38
3204559,508.69,619.84,677.9,593.22
3204609,535.19,649.32,724.3,625.4
3204658,482.69,603.74,705,583.2
3204708,474.81,578.53,671.6,562.33
3204807,598.94,670.42,684.7,648.18
3204906,445.25,529.11,606.5,516.49
3204955,506.5,608.26,687.5,589.69
3205002,493.19,651.16,682.5,601.96
3205010,457.06,567.37,686.5,554.62
3205036,596.25,687.26,690.6,655.64
3205069,595.94,684.58,697.7,655.98
3205101,479.06,576.11,627.1,552.93
3205150,481.25,531.32,628.5,535.11
3205176,471.56,568.53,711.3,565.78
3205200,432.19,579.21,603,532.22
3205309,353.62,467.47,424.5,417.44
3300100,804.75,842.68,689.3,795.11
3300159,548,617.32,590.1,586.62
3300209,688.19,830.21,684.1,747.24
3300225,603.25,621.05,548.6,598.62
3300233,652.31,754.58,646.3,694.16
3300258,640.44,759.32,637.5,689.98
3300308,629.5,638.84,599.6,626.8
3300407,627.19,651.95,607.6,633.29
3300456,532.62,538,546.7,538.02
3300506,731.94,719.16,761.4,733.09
3300605,574.69,623.42,654.7,613.04
3300704,650.12,775.79,657.6,704.84
3300803,869.31,976.32,866.4,913.84
3300902,529.81,612.47,575.9,574.96
3300936,520.31,619.05,564.3,571.78
3300951,602.44,581.84,592.3,591.49
3301009,393.38,480,439.9,440.29
3301108,579.56,634.58,602.2,607.82
3301157,435.94,520.68,482.7,482.11
3301207,582.62,630.95,612.4,609.64
3301306,833.25,964.42,814,884.36
3301405,616.88,696.21,631.4,653.6
3301504,644.62,630.26,645.6,638.78
3301603,650.31,635,667.7,647.71
3301702,717,657.47,670.5,681.53
3301801,541.81,545.53,548.7,544.91
3301850,925.88,874.11,910.3,900.56
3301876,640.44,759.32,637.5,689.98
3301900,616.5,662.42,589.2,629.82
3302007,583.19,523.58,559.5,552.76
3302056,497.75,561.95,541.2,534.51
3302106,547.69,610.47,594.6,584.62
3302205,554.31,614.74,630.3,596.71
3302254,743.44,781.63,769.9,765.44
3302270,480.12,437.58,526.1,472.38
3302304,606.44,740.53,707.9,685.6
3302403,646.75,713,657,677
3302452,669.38,671.32,672.4,670.87
3302502,821.69,727.42,810.4,779.38
3302601,689.31,652.32,669.8,669.36
3302700,512.38,523.32,511.4,516.78
3302809,538.75,538.53,558.6,543.07
3302858,528.62,508.16,523.2,518.78
3302908,703.12,681.84,679,688.78
3303005,602.94,728,693.1,675.78
3303104,607.5,727.37,733.8,686.18
3303203,478.38,431.74,463.8,455.44
3303302,512,487.63,491.2,497.09
3303401,991.5,1022.21,998.2,1005.96
3303500,496.38,446.05,531.2,482.87
3303609,523.62,493.79,554.4,517.87
3303708,587.06,611.05,572.3,593.91
3303807,690.94,765.32,639.2,710.84
3303856,680.06,713.47,664.4,690.69
3303906,694.25,681.58,654.8,680.13
3303955,592.69,573.68,587.4,583.49
3304003,606,526.21,621.5,575.76
3304102,572.56,704,673.2,650.42
3304110,702.31,710.74,678.8,700.64
3304128,764.12,797.95,729.9,770.8
3304144,488.94,443.42,467.8,465.02
3304151,382.88,476.11,429.5,432.6
3304201,726.94,776.05,747.9,752.33
3304300,635.69,708.95,635.6,666.6
3304409,658.94,581.53,660.6,626.62
3304508,644.12,675.53,617,651.36
3304524,749.56,825.63,744.4,780.53
3304557,457.38,427,464.1,446.04
3304607,609.19,674.53,618.8,638.91
3304706,547.44,634.16,576.5,590.51
3304755,409.94,512.84,495.9,472.49
3304805,504.12,556.58,529.9,532
3304904,517.5,527.74,509.6,520.07
3305000,313.88,431.68,396.4,381.96
3305109,532.62,538,546.7,538.02
3305133,541.38,628.32,608.3,592.96
3305158,662.56,696.74,618.6,667.22
3305208,675.19,817.05,680.9,736.36
3305307,598.88,637.05,620.9,619.89
3305406,677.62,707.84,636.6,681.27
3305505,598.94,668.42,585.4,625.27
3305554,476.44,416.63,527.7,462.58
3305604,940.75,1018.21,961.5,978.07
3305703,756.75,776.58,714.7,755.78
3305752,622.62,669.79,598.5,637.18
3305802,876.81,918.37,865.7,891.89
3305901,697,717.58,696.8,705.64
3306008,589.5,603.74,546.5,585.96
3306107,664.5,719.63,667.9,688.53
3306156,622.5,705.05,710.7,676.96
3306206,626,668.26,613.4,641.04
3306305,671.44,712.63,621.4,677.71
3500105,599.94,526.47,503.3,547.44
3500204,564.88,540.42,570.9,555.89
3500303,630.62,651.26,623.4,637.73
3500402,739.25,704.74,709.4,718.04
3500501,735.69,703.74,747.6,724.84
3500550,596.88,531.68,589,567.6
3500600,613.81,616.11,571.5,605.38
3500709,625.25,552.89,556,579.31
3500758,575.81,479.26,489.3,515.82
3500808,563.69,501.21,493,521.6
3500907,654.69,634.11,661.7,647.56
3501004,757.44,750.42,797.6,763.4
3501103,599.81,574.21,546.8,577.22
3501152,635.88,559.32,540.5,582.36
3501202,671.81,627.68,619.6,641.58
3501301,557.5,504.79,515.3,525.87
3501400,609.19,581.37,596.6,594.64
3501509,607,568.95,548.4,577.91
3501608,647.31,616.74,598.8,623.62
3501707,695.25,636.32,728.5,677.76
3501806,685.62,637.79,646,656.62
3501905,668.5,681.74,630.9,665.73
3502002,667.12,656.42,645,657.69
3502101,536.88,517.26,516.5,524.07
3502200,542.81,496.89,542.8,523.42
3502309,600.38,585.05,554.4,583.69
3502408,547.88,481.89,519.7,513.76
3502507,602.56,596.42,518.1,581.2
3502606,614.81,557.21,553.6,576.89
3502705,593.81,529.47,544.1,555.6
3502754,640.12,566.16,552.6,589.44
3502804,599.75,599.63,543.3,587.16
3502903,560.69,495.11,463.9,511.49
3503000,767.94,664.26,785.3,728.02
3503109,592.88,528.26,563.1,558.98
3503158,700.38,696.63,678.5,693.93
3503208,675,634.58,700.3,663.56
3503307,643.25,624.32,629.2,632.13
3503356,598.12,574.37,547.6,576.87
3503406,552.31,566.16,567.2,561.47
3503505,708.19,686.21,620,679.31
3503604,540.88,562.16,588.6,560.47
3503703,633.38,601.74,646.2,622.87
3503802,615.06,598.63,612.8,607.62
3503901,640.12,588.11,533.5,594.47
3503950,636.19,578.68,591.5,601.98
3504008,592.94,526.68,532.6,551.56
3504107,630.12,593.89,606.2,609.51
3504206,575.56,545.84,594.3,567.18
3504305,576.06,570.95,529.4,563.53
3504404,566.62,535.79,515.4,542.22
3504503,602.06,576.79,573.8,585.11
3504602,657.12,631.16,652.2,645.07
3504701,585,569.26,556.1,571.93
3504800,635.62,639.26,614.2,632.4
3504909,678.69,679.11,691.4,681.69
3505005,554.81,473.68,482.4,504.47
3505104,537.19,545.05,524.4,537.67
3505203,580.94,584.95,614.8,590.16
3505302,569.56,576.89,610.2,581.69
3505351,547.19,483.89,509.6,512.11
3505401,626.62,523.63,564.4,569.31
3505500,685.88,656.16,676.5,671.24
3505609,669.19,665.89,704.1,675.56
3505708,606.62,588.47,525.5,580.93
3505807,587.31,540.26,544.2,557.87
3505906,762.81,761.79,793.9,769.29
3506003,608.94,583.16,548.8,584.69
3506102,661.75,627.11,668.8,648.69
3506201,587.5,568.95,543.7,569.93
3506300,635.56,526.53,611.4,584.16
3506359,942.94,934.37,843.2,917.16
3506409,543.31,558.74,515.2,543.58
3506508,595.12,596.32,529.1,580.96
3506607,799.56,816.11,697.6,783.89
3506706,605.81,577.79,590.8,590.64
3506805,618.94,618.05,613.7,617.4
3506904,603.12,556.79,536.3,568.71
3507001,559.5,498.42,458,511.16
3507100,633.31,602.53,578,608.02
3507159,574.5,494.16,535.8,531.98
3507209,589.81,553.37,540.3,563.42
3507308,560.81,583.47,601.6,579.44
3507407,581.62,567.21,621.6,584.42
3507456,579.75,565.58,578.8,573.56
3507506,638.31,596.26,607.5,613.71
3507605,590.06,623.74,564.3,598.56
3507704,553.94,544.21,526.2,543.67
3507753,583.62,576.32,534.6,569.64
3507803,814.19,814.68,814.2,814.4
3507902,634.69,646.26,633.5,639.31
3508009,535.81,472.95,520.7,505.91
3508108,579.94,563.47,537.8,563.62
3508207,794.69,722.63,842.9,774.98
3508306,601.56,556.47,500.3,560.02
3508405,670.56,583.42,590.1,615.89
3508504,546.75,570.37,471.3,539.96
3508603,651.75,669.16,555.4,637.69
3508702,744.44,736.05,771,746.8
3508801,566.88,536.32,541.1,548.24
3508900,600.31,510.05,491.2,537.96
3509007,656.44,627.58,545.6,619.62
3509106,535.5,510.58,474.5,511.42
3509205,657.19,617.84,585.2,624.58
3509254,641.25,584.79,546.7,596.4
3509304,619.44,606.47,654.6,621.78
3509403,762.94,723.68,777.3,749.56
3509452,549.12,468.79,546.4,514.6
3509502,688.56,629.53,617.2,647.78
3509601,648.19,630.05,575.8,624.44
3509700,716.75,684.89,724.9,705.11
3509809,574.56,499.79,524.5,531.87
3509908,812.12,788.89,768,792.51
3509957,624.81,628.95,507.3,600.44
3510005,563.75,473.95,537.9,520.09
3510104,647,623.11,651.8,637.98
3510153,633.56,503,529.7,555.36
3510203,548.31,500.74,525.3,523.11
3510302,545.19,486.37,457.4,500.84
3510401,558.5,563.21,496.9,546.8
3510500,613.81,610.42,532.8,594.38
3510609,606.62,588.47,525.5,580.93
3510708,682.69,668.37,633.2,665.64
3510807,652.38,638.63,671.5,650.82
3510906,740.06,737.21,803.8,753.02
3511003,534.62,509.53,535.9,524.31
3511102,623.44,617.16,661.1,629.16
3511201,603.81,617.74,658,621.73
3511300,683.12,657.16,692.2,674.18
3511409,604.06,539,563.6,567.6
3511508,534.12,497.53,462.6,502.78
3511607,553.88,497.47,486.7,515.13
3511706,606.56,585.16,532.4,581.04
3511904,532.06,533.32,504.7,526.51
3512001,679.69,660.84,675.6,670.82
3512100,673.06,651.63,703.7,670.82
3512209,612.44,617.05,585.4,608.38
3512308,571.88,545.84,509.2,546.96
3512407,660.31,620.89,602.5,630.82
3512506,572.88,577.68,530.4,565.47
3512605,570.19,479,490.7,514.02
3512704,641.56,630.95,639.1,636.53
3512803,613.12,590.63,597.1,600.07
3512902,678.38,660.37,634.3,660.98
3513009,566.38,570.58,502.1,553.87
3513108,711.81,711.53,726.8,715.02
3513207,814.06,777.37,850.3,806.62
3513306,564,476.47,543.7,522.53
3513405,667,622.63,592.8,631.78
3513504,870.12,818.47,729.4,817.04
3513603,619.88,626.26,559,609.04
3513702,689.94,674.63,695.1,684.62
3513801,618.06,582.68,540.4,585.87
3513850,618.44,569.32,602.8,594.22
3513900,761.25,760.11,768.5,762.38
3514007,619.75,616.63,658.6,627.07
3514106,645,640.89,654,645.27
3514205,627.62,586.11,615.3,607.36
3514304,664.38,637.89,632.9,646.2
3514403,567.25,520.53,472.4,526.44
3514502,616.25,579,532.7,581.96
3514601,707.75,716,728.1,715.76
3514700,591.31,524.89,556.2,555.47
3514809,700.38,587.84,620.6,635.13
3514908,568.25,550.37,512.4,548.29
3514924,621.06,633.32,657.2,634.27
3514957,620,605.37,631.4,616.36
3515004,581.31,555.37,504.6,553.31
3515103,612.81,558.89,525.8,570.71
3515129,556.06,488.37,459.4,506
3515152,619.81,606.47,582.4,605.87
3515186,713,692.68,685.2,698.24
3515194,602.94,546.42,531.7,563.24
3515202,603,581.32,603.6,593.98
3515301,531.62,489.05,524.4,512.04
3515350,501.06,434.79,467.3,465.58
3515400,569.75,503.89,539.9,535.31
3515509,650.88,627.11,647.4,640.07
3515608,647,623.11,651.8,637.98
3515657,620.81,597.89,549.5,595.29
3515707,640.19,603.26,562.8,607.4
3515806,591.56,504.21,484.4,530.87
3515905,663.69,613.37,584.7,624.89
3516002,604.31,517.21,495.4,543.33
3516101,536.19,456.26,530.3,501.13
3516200,777.38,788.21,783.2,783.24
3516309,648.19,630.05,575.8,624.44
3516408,656.44,627.58,545.6,619.62
3516507,559.62,574.84,518.7,556.96
3516606,620.81,597.89,549.5,595.29
3516705,632.38,620,581.3,615.8
3516804,579.06,561.47,554.3,566.13
3516853,607.25,579.11,589.7,591.47
3516903,580.88,543.26,581.7,565.18
3517000,598.5,576.26,542.5,576.67
3517109,560.56,536.89,522.7,542.16
3517208,529.69,507.53,524.9,519.27
3517307,563.94,527.32,548.2,544.98
3517406,705,633.47,691.9,671.89
3517505,669.88,647.26,667,659.69
3517604,598.94,522.21,568.5,559.78
3517703,765.31,733.16,813.6,762.47
3517802,556.31,538.63,539,545
3517901,675.5,641.05,688.8,663.91
3518008,611.31,584.16,604.9,598.42
3518107,595.44,580.74,567.7,583.07
3518206,578.44,606.95,528.8,579.44
3518305,553.06,538.42,508,536.87
3518404,635.19,629.42,560.2,616.09
3518503,572.88,514.16,542.3,541.29
3518602,630.5,633.26,661.8,638.62
3518701,939.69,972.63,750.2,911.49
3518800,652.56,604.47,562.4,612.22
3518859,667.44,664.84,689.5,671.24
3518909,606.56,561.47,590.6,583.98
3519006,605,575.84,546,579.58
3519055,631.44,602.11,609.5,614.18
3519071,618.06,584.53,570.5,593.33
3519105,579.94,577.58,599.5,583.29
3519204,582.56,544.79,562.7,562.2
3519253,590.56,540.26,590.5,569.31
3519303,681.25,612.74,679.1,651.84
3519402,643.38,632.26,680.8,647
3519501,570.19,455.42,494.6,504.93
3519600,597.19,587.89,657,606.56
3519709,604.38,614.95,487.3,582.82
3519808,676.25,654.68,685.7,669.24
3519907,550.25,470.58,548,516.11
3520004,558.81,566.42,586.2,568.11
3520103,752.5,699.63,810.6,743.09
3520202,608.44,581.74,527.1,579.09
3520301,690,647.26,577.1,646.87
3520400,559.06,599.16,482.4,558.96
3520426,672.56,663,590.3,650.24
3520442,577.38,521.68,528.4,542.98
3520509,599.69,543.11,524.3,559.04
3520608,584.69,513,505.8,536.89
3520707,638.19,604.89,619.9,620.07
3520806,615.19,525.89,527.8,558.07
3520905,651.12,525.26,581,582.4
3521002,558.31,489.42,466.8,508.89
3521101,641.88,634.37,582,625.4
3521150,644.06,634.47,637.3,638.51
3521200,653.31,546.05,549.6,584.98
3521309,748.06,694.37,750.8,726
3521408,638.19,620.84,563.7,614.31
3521507,611.62,603.21,626,611.27
3521606,578,524.63,478.5,533.36
3521705,536.06,486.37,484.7,503.67
3521804,596.31,531.63,590.4,567.69
3521903,612.81,604.21,654.1,618.36
3522000,568.75,604.26,601,590.91
3522109,747.62,692.11,608,693.16
3522158,541.5,469.74,485.8,498.82
3522208,604.69,563.84,531,571.07
3522307,559.94,463.05,541.6,514.96
3522406,513.25,474.68,504.9,495.11
3522505,591.31,567.47,520.3,565.47
3522604,714.19,685.84,727.6,705.2
3522653,552.5,463.32,507.2,504.78
3522703,633.38,630.11,658.9,637.67
3522802,559.31,464.84,469.1,499.38
3522901,573.31,579.58,599.7,581.82
3523008,538.25,509.37,522.3,522.51
3523107,657.81,591.21,550.4,605.82
3523206,556.44,444.42,508.2,498.42
3523305,653.62,641.32,564.8,628.69
3523404,646.19,612.32,606.4,623.04
3523503,605.06,543.63,562.8,569.73
3523602,638.69,674.47,655.5,657.53
3523701,711.38,772.11,773.6,750.84
3523800,653.75,648.74,658.5,652.69
3523909,606.56,514.58,549.7,555.09
3524006,630.19,617.05,561.5,609.38
3524105,775,711.42,793,752.16
3524204,683.12,657.32,677.7,671.02
3524303,644.19,637.89,682,649.93
3524402,571.94,523.53,493.3,534.02
3524501,625,591.16,632.1,612.29
3524600,630.44,605.42,544.8,600.84
3524709,631.44,602.11,609.5,614.18
3524808,592.5,577.58,604.2,588.8
3524907,557.94,550.42,468.9,534.98
3525003,606.62,588.47,525.5,580.93
3525102,725.56,778.26,738.7,750.73
3525201,618.25,586.58,587.1,597.96
3525300,611.06,605.68,621.7,611.16
3525409,820.12,741.63,840.1,791.42
3525508,664.81,686.84,617.8,663.67
3525607,615.75,547.53,538.8,569.84
3525706,545.75,555.74,563.3,553.87
3525805,585.31,558.63,567.9,570.18
3525854,528.62,523.84,464.9,512.44
3525904,639.06,630.53,584.2,623.27
3526001,573.19,522.89,480.6,531.38
3526100,664.44,590.21,549.2,607.49
3526209,626.75,628.63,536.5,607.49
3526308,593.81,576.84,524.6,571.27
3526407,529.69,521.05,483.5,515.78
3526506,557.12,560.21,535.7,553.67
3526605,657.06,631.63,561.8,625.16
3526704,621.75,629.53,650.7,631.47
3526803,576.38,581.74,606,585.22
3526902,623.81,621.53,589,615.11
3527009,714.25,723.68,712,717.73
3527108,555.81,536.37,522.8,540.27
3527207,624.81,628.95,507.3,600.44
3527256,575.69,566.74,552.3,566.71
3527306,654.12,632.26,604.7,633.91
3527405,615,520.42,519.7,553.89
3527504,587.69,563.42,528.6,564.31
3527603,702.5,717.16,728.6,714.49
3527702,588.69,571.42,539.7,570.51
3527801,602.38,563.74,550.1,574.44
3527900,593.88,539.05,561,563.42
3528007,528.88,550.37,579.6,549.22
3528106,601.62,581.11,581.2,588.42
3528205,669.31,621.74,635.4,641.69
3528304,650.81,612.63,587.7,620.67
3528403,635.88,559.32,540.5,582.36
3528502,672.19,611.47,564.4,622.6
3528601,612.5,526.79,592.6,571.89
3528700,536.88,490.16,486,505.84
3528809,576.81,498.53,529,533.13
3528858,595.31,600.53,640.4,607.53
3528908,628,513.47,496.1,550.33
3529005,631,585.89,614.9,608.38
3529104,621.56,551.37,573.5,581.24
3529203,601.94,518.63,491.3,542.18
3529302,600,601.42,635.4,608.47
3529401,618.62,595.58,527.4,588.62
3529500,604.62,583.63,615.2,598.11
3529609,655.06,641.32,604.2,637.96
3529658,603.25,566.89,592.8,585.58
3529708,725.38,634.84,729.3,688.02
3529807,608.06,612.05,613.6,610.98
3529906,550.56,512.26,464.2,515.2
3530003,651.31,619.42,618.1,630.47
3530102,546.31,534.95,531.2,538.16
3530201,543.06,484,506.7,510.04
3530300,639.31,621.05,621.5,627.64
3530409,639.69,630.32,653.8,638.87
3530508,666.56,664.63,664.5,665.29
3530607,581.44,590.84,572.6,583.44
3530706,614.81,608.95,580.6,604.73
3530805,653.19,621.79,614,631.22
3530904,546.19,569.05,484.5,542.13
3531001,587.94,568.47,569.9,575.71
3531100,867.88,785.42,712,798.42
3531209,630.12,657.95,607.5,636.84
3531308,651.38,624.68,656.9,641.33
3531407,617.44,599,571,599.33
3531506,653.75,603.42,641.1,629.69
3531605,568.06,530.47,500.9,537.27
3531704,661.31,651.53,611.5,646.11
3531803,579.56,562.42,512.7,557.47
3531902,700.75,696.05,712.7,701.42
3532009,587.5,614.63,541.1,588.64
3532058,663.69,660.11,687.7,667.51
3532108,543.88,521.58,535.3,532.56
3532157,556.88,460.32,518.7,507.62
3532207,533.44,476.58,537.3,510.29
3532306,643.06,650.11,547,624.69
3532405,624.62,596.21,550.6,596.18
3532504,606,606.74,599.5,604.87
3532603,684.75,617.53,593.7,636.13
3532702,602.81,597.32,584.2,596.36
3532801,610.81,584.79,627.8,603.6
3532827,546.06,514.16,531.5,529.36
3532843,617.88,567.89,546.9,581
3532868,582.81,556.16,568.7,568.42
3532900,597.44,584,591.2,590.38
3533007,629.12,611.89,648.8,626.22
3533106,563.25,515.47,475.7,523.62
3533205,539.56,519.95,515.3,525.89
3533254,593.88,610.47,632,609.36
3533304,579.06,561.47,554.3,566.13
3533403,647.31,616.74,598.8,623.62
3533502,572.69,586.11,611.8,587.04
3533601,724.31,754.79,774.6,748.36
3533700,586.38,513.95,560.6,550.07
3533809,615.38,535.21,608.5,580
3533908,618.44,612.84,655.5,624.31
3534005,669.5,656.05,660.2,661.76
3534104,627.25,580.84,605.5,602.82
3534203,648.25,639.37,670.2,649.38
3534302,752.44,727.32,748.3,740.91
3534401,643.06,592,533.7,597.2
3534500,596.06,540.47,573.6,567.6
3534609,599.5,532.05,549.3,559.87
3534708,636.12,498.21,523.1,552.78
3534757,599.25,579.32,610.1,593.24
3534807,552.5,509.84,465.3,515.11
3534906,600.5,526.26,498.2,546.42
3535002,637.94,633.42,657.6,640.4
3535101,636.62,605.58,647.3,625.89
3535200,616.19,570.26,603,593.87
3535309,566.75,462.95,516.8,511.82
3535408,547.19,513.11,470.5,515.76
3535507,604.44,530.63,538,558.51
3535606,551.56,541.89,463.5,527.91
3535705,636.19,594.58,646.3,620.87
3535804,556.94,483.89,557,526.11
3535903,631.69,584.95,630.1,611.6
3536000,593.12,534.95,547.3,558.38
3536109,627.31,567.58,558.1,586.71
3536208,599.25,569.63,526.3,570.53
3536257,667.94,642.32,613.1,644.93
3536307,719.75,748.58,784.6,746.33
3536406,546.5,515.05,500.5,523
3536505,663.69,621.68,617.2,635.62
3536570,596.5,541.32,510.3,554.04
3536604,655.25,645.74,665.7,653.56
3536703,571.12,585.68,604.3,584.64
3536802,690.88,715.84,663.1,695.24
3536901,665,639.47,617.1,643.58
3537008,823.81,792.68,856.7,817.98
3537107,621.12,625.84,577.8,613.49
3537156,537,454.32,526.8,499.82
3537206,673.44,628.21,557.2,628.51
3537305,570.12,533.84,525.1,544.8
3537404,544.38,500.42,497.9,515.49
3537503,542.25,500.21,489.6,512.8
3537602,659.94,661.84,576.5,642.2
3537701,556.75,560.42,524.9,551.22
3537800,603.44,535.95,526.5,557.84
3537909,586.12,479.95,507.3,523.78
3538006,597.88,665.53,583.8,623.31
3538105,609.88,586.05,653,609.4
3538204,687.06,696.26,654.2,683.64
3538303,537.12,498.26,474.7,506.84
3538501,646.69,613.21,613.8,625.24
3538600,628.25,634.21,551.5,613.71
3538709,566.19,564.47,505.7,552.02
3538808,614.88,508.79,576.7,561.6
3538907,590.62,576.16,551.5,575.82
3539004,649.75,602.58,640.8,627.84
3539103,654.56,590.05,579.4,610.62
3539202,531.62,489.05,524.4,512.04
3539301,644.38,656.79,686.2,658.91
3539400,624.38,566.21,565.7,586.78
3539509,658.25,646.26,689.8,660.2
3539608,567.38,579.58,558.8,570.62
3539707,585.69,507.32,526,539.33
3539806,640.19,603.26,562.8,607.4
3539905,622.19,609.05,569.5,604.93
3540002,615.44,594.32,575.7,597.69
3540101,551.5,542.05,539.1,544.76
3540200,652.69,664.11,708.5,669.91
3540259,608.31,562.26,607.4,588.67
3540309,682.75,634.68,644.7,654
3540408,603.25,573.05,602.1,590.24
3540507,584.5,546.53,515.1,553.04
3540606,569.06,511.05,477,524.11
3540705,650.19,657.26,694.8,663.09
3540754,616.31,619.95,554.8,604.18
3540804,653.38,622.42,662.2,642.27
3540853,607.88,516.21,509,547.2
3540903,651.75,663.58,667.2,660.18
3541000,895.69,838.79,720.8,832.8
3541059,618.94,584,610.5,602.31
3541109,590.25,582.63,551.8,578.49
3541208,557.56,512.79,515.9,529.4
3541307,533.5,506.95,472.6,508.76
3541406,563.69,501.21,493,521.6
3541505,547.69,505.16,469.3,512.31
3541604,543.19,515.37,525.2,527.44
3541653,573.38,500.47,489.6,523.98
3541703,602.94,551.53,530.5,565.13
3541802,600.5,578.68,564.6,583.31
3541901,658.5,652.11,588.7,640.29
3542008,572.25,543.53,559.6,557.31
3542107,528.19,525.11,461.2,512
3542206,614.06,532.79,522.2,559.33
3542305,578.12,546.53,493.5,545.98
3542404,592.75,497.95,493.7,530.71
3542503,577.44,567.11,596.9,577.4
3542602,609.5,570.74,529.7,575.4
3542701,753.44,731.26,809.7,756.58
3542800,496.06,438.16,466.2,464.98
3542909,671.94,635.74,626.4,646.53
3543006,573.31,513.74,559.8,545.16
3543105,795.62,763.68,806.5,784.56
3543204,563.94,479.05,507.2,515.49
3543238,551.44,495.68,475.9,511.11
3543253,576.31,513.95,543.5,542.69
3543303,673.44,693.42,559.3,656.51
3543402,704.81,736.89,732,724.4
3543501,538.94,460.26,467.2,489.78
3543600,763.56,777.58,857.5,790.36
3543709,680.44,666.53,706.1,680.27
3543808,568.25,526.79,536.8,543.76
3543907,668.25,633.47,622.8,643.47
3544004,590.06,589.05,509.6,571.76
3544103,819.69,881.58,700,819.22
3544202,661.88,625.26,632.1,639.8
3544251,486.69,387.05,437,433.58
3544301,570.88,583.58,519.2,564.76
3544400,577.88,588.37,535.9,572.98
3544509,620.12,572.74,564.4,587.73
3544608,530.44,522.42,541,529.4
3544707,614.25,524.32,528.2,557.16
3544806,563.94,533.74,587.7,556.47
3544905,740.06,770.58,749.4,755.02
3545001,579.88,572.11,511.9,561.49
3545100,579.88,539.05,526.1,550.69
3545159,556.56,577,488.9,550.16
3545209,582,527.05,504.2,541.51
3545308,586.56,513.26,506.9,537.91
3545407,571,471,501.5,513.33
3545506,533.75,476.26,494.3,500.71
3545605,659.56,635.05,664.7,650.36
3545704,624.19,575.58,579.3,593.69
3545803,589.31,583.26,513.5,569.91
3546009,547.12,514.95,484.8,519.69
3546108,634.44,573.26,559,591.84
3546207,632.88,632.05,659.6,638.47
3546256,794.38,778.21,806,790.13
3546306,650.88,657.21,693.8,663.09
3546405,622.25,548.74,576.5,581.04
3546504,625.56,633.37,642.9,632.71
3546603,624.12,586.21,572.6,596.67
3546702,667.56,630.05,600.4,636.8
3546801,634.06,587.37,524.5,590
3546900,698.12,669.32,725.6,692.07
3547007,624.75,620.42,650.7,628.69
3547106,564.44,513.74,479.4,524.13
3547205,636.94,590.11,591.8,607.13
3547304,642.12,564.84,533.8,585.42
3547403,626.38,576.95,575.1,594.11
3547502,714.69,709.68,742.7,718.8
3547601,694.88,666.68,721.7,688.93
3547650,636.94,590.11,591.8,607.13
3547700,557.81,506.74,503.5,524.18
3547809,673.44,693.42,559.3,656.51
3547908,747.44,723.05,801.4,749.13
3548005,656.44,644.05,612.1,641.36
3548054,580.81,557.42,583.8,571.6
3548104,755.81,720.74,741.4,737.8
3548203,688.5,660.79,670,672.69
3548302,578.25,494.95,467.8,518.53
3548401,571.88,555.05,530.9,555.67
3548500,925.69,987,771.6,917.33
3548609,654.69,636.11,695.8,655.98
3548708,832.31,739.32,650.4,752.62
3548807,616.31,593.58,521.8,585.71
3548906,688,667.47,669.9,675.31
3549003,607.56,569.58,597,589.18
3549102,665.19,624.16,637.4,641.69
3549201,602.06,565.05,604.9,587.07
3549250,592.44,539.53,592.7,570.16
3549300,562.12,524.42,489.4,530.04
3549409,763.06,718.84,772.8,746.56
3549508,757.25,733.37,796.1,755.8
3549607,794.5,768.26,702,762.87
3549706,706.25,679.21,696.4,692.64
3549805,676.12,647.95,659.7,660.58
3549904,661.12,640.63,584.4,635.42
3549953,614.81,609,565.4,601.38
3550001,584.38,609.84,540.2,585.31
3550100,565,558.89,585.3,566.93
3550209,569.88,485.47,555.6,531.07
3550308,618.06,582.68,540.4,585.87
3550407,610.12,612.68,585.8,605.8
3550506,586.88,547.26,528.7,557.22
3550605,629.81,584.21,540.4,590.69
3550704,615.31,603.68,542.1,594.13
3550803,766,714.37,737.9,737.96
3550902,730.94,726.79,748.3,733.04
3551009,891.81,828.26,699.1,822.16
3551108,548.25,476.74,456.5,497.67
3551207,593.5,507.53,566.1,551.11
3551306,698.75,645.42,607.6,655.98
3551405,733.12,725.37,750.6,733.73
3551504,798.94,795.11,804.3,798.51
3551603,714.25,723.68,712,717.73
3551702,677.31,685.21,719.2,689.96
3551801,729.88,652.47,696.4,689.76
3551900,636.94,641.42,660.8,644.13
3552007,654.81,678.47,591.4,650.71
3552106,710.75,719.26,678.1,707.09
3552205,587.75,505.53,507.4,535.18
3552304,606.44,551.79,561,573.27
3552403,618.06,584.53,570.5,593.33
3552502,616.56,647.95,532.8,611.2
3552551,590.94,546.42,538.4,560.47
3552601,638.44,635.16,683.8,647.13
3552700,588.94,601.26,619.9,601.02
3552809,605,573.58,511.2,570.89
3552908,542.44,467.74,537.1,509.71
3553005,583.81,515.26,546.8,546.64
3553104,663.25,636.63,659.6,651.2
3553203,652.94,638,673.2,651.13
3553302,657.38,677,715.2,678.51
3553401,651.75,658.53,636.8,651.29
3553500,732.5,664.95,579.4,669.96
3553609,737.25,730.63,796,747.51
3553658,659.69,641.58,686.6,658.02
3553708,627.56,616.74,667.5,631.87
3553807,580.62,510.89,544.2,543.09
3553856,509.94,462.68,502.9,488.42
3553906,532.38,492.74,514.4,511.64
3553955,559.25,487.37,540.5,524.73
3554003,559.69,500.89,472.3,515.44
3554102,527.5,530.11,505.5,523.71
3554201,597.25,507.95,562.1,551.73
3554300,525.12,455.05,464.8,482.13
3554409,665.38,657.68,683,666.04
3554508,528.62,523.84,464.9,512.44
3554607,624.94,504.11,589.3,566
3554656,588.19,532.89,522.7,550.29
3554706,642.19,646.95,669.8,650.33
3554755,649.94,624.89,632.6,635.51
3554805,594.81,583.63,566.5,583.8
3554904,638.19,593.63,587.9,608.2
3554953,617.25,642.26,581.6,619.89
3555000,600.25,573.26,540,575.47
3555109,561.44,523.16,484.3,528.13
3555208,565.88,570.26,565.1,567.56
3555307,607.75,577.37,620.2,597.69
3555356,550.06,532.32,552.4,543.09
3555406,749.06,728.84,659.3,720.58
3555505,595.75,563.21,530,567.4
3555604,654.38,649.89,693.2,661.11
3555703,598.25,582.05,574.2,586.07
3555802,617.56,585.95,594.9,599.18
3555901,577.12,552.37,570,565.09
3556008,598.75,592.11,630.7,603.04
3556107,662.25,632.16,599.1,635.51
3556206,685.06,622.37,609.4,641.78
3556305,569.19,552.53,520.7,551.38
3556354,655.75,687.37,622.7,661.76
3556404,713.81,645.47,681.6,677.8
3556453,587.31,580.68,521.1,569.8
3556503,664.75,619.89,613.5,634.42
3556602,654.75,610.16,613.3,626.71
3556701,654.12,632.26,604.7,633.91
3556800,666.75,658.89,710.5,673.16
3556909,645.81,605.79,646.8,629.13
3556958,624.69,592.37,637.9,613.98
3557006,587.81,516.42,524.5,543.6
3557105,698.75,672.37,621.8,670.51
3557154,558,565.11,536.7,556.27
3557204,633.56,503,529.7,555.36
3557303,647.5,610,612.2,623.82
4100103,532.62,445,496.7,487.64
4100202,524.25,468.21,475.6,489.78
4100301,511.88,463.84,429.6,473.31
4100400,496.88,433,463.7,462.53
4100459,613.12,499.42,540,548.87
4100509,505.69,432.11,513.7,476.4
4100608,551.56,441.21,524.5,498.96
4100707,541.94,484.58,515.1,511.76
4100806,532.88,447.89,559.2,502.84
4100905,536.5,425.37,472,475.24
4101002,601.81,504.89,544.7,548.2
4101051,579.5,484.11,551.7,533.04
4101101,553.81,432,526.6,496.33
4101150,568.31,449.26,509.3,504.93
4101200,846.5,857.21,794.1,839.38
4101309,489.69,433.11,409.3,447.93
4101408,598.81,463.95,553.4,531.78
4101507,598.5,465.68,547.4,531.07
4101606,572.44,479.47,589,536.87
4101655,602.5,500.32,524.9,542.11
4101705,565.5,478.21,500.5,514.2
4101804,430.88,398.32,398.5,409.93
4101853,573.94,489.68,521.3,526.67
4101903,579.88,456.95,554.2,522.27
4102000,557.31,478.84,495.4,510.42
4102109,583.94,474.95,533.3,526.67
4102208,564.06,453.26,528,509.27
4102307,462.38,413.21,428.7,434.13
4102406,545.44,429.26,505.8,487.58
4102505,579,458.68,511.5,513.2
4102604,628.81,530.11,560.4,571.93
4102703,567.81,441.42,522.6,504.4
4102752,602.5,501.37,507,538.58
4102802,566.94,473.11,573.9,528.87
4102901,570.81,497.68,529.2,530.69
4103008,570.75,492.42,508.9,523.93
4103024,585.31,476.63,491.6,518.6
4103040,541,478.37,508.5,507.33
4103057,568.38,466.32,522,514.98
4103107,556.06,501.95,507.8,522.49
4103156,630.19,518.26,558.8,567.07
4103206,568.31,457.58,515.5,509.82
4103222,604.38,463.37,525.1,527.22
4103305,587.94,470.68,522.3,523.84
4103354,616.94,496.05,562.6,553.82
4103370,523.44,493.58,504.2,506.56
4103404,539.19,460.63,530,503.98
4103453,577.31,479,524,523.96
4103479,530.44,442.21,511.8,489.04
4103503,618.06,485.42,571.7,551.76
4103602,569.94,440,508.2,501.36
4103701,600.56,482.42,600.6,550.69
4103800,580.38,472.79,545.2,527.13
4103909,605.31,478.05,535.9,536.16
4103958,560.5,473.95,523,515.62
4104006,690.56,615.63,586.3,635.76
4104055,609.81,521.74,551.7,559.71
4104105,482.94,437.95,441.3,454.69
4104204,511.69,426.89,485.5,470.07
4104253,509.06,431.42,483.7,470.64
4104303,565.38,483.32,544.9,526.18
4104402,520.44,464.32,536.3,500.27
4104428,571.81,479.11,524.7,522.2
4104451,600.75,504.16,556.2,550.07
4104501,559.75,462.68,477.3,500.44
4104600,586.44,477.53,527.9,527.44
4104659,490.38,465.63,495.2,481
4104709,558.25,449.47,513.1,502.29
4104808,595.31,518.47,528.7,548.07
4104907,522.38,481.47,534.8,507.87
4105003,585.38,509.05,529.4,540.71
4105102,530.62,458.26,545.4,503.36
4105201,502.69,439.16,468.4,468.24
4105300,629,514.21,547.3,562.38
4105409,571.94,494.11,523.2,528.24
4105508,595.62,471.53,502.8,522.6
4105607,523.94,430.74,512.8,482.11
4105706,602.44,475.53,538.9,534.73
4105805,496,432.21,458,460.62
4105904,547.56,448.16,522.9,500.11
4106001,534.44,471.11,533.8,507.56
4106100,523.69,437.47,496.2,481.18
4106209,445.44,407.95,409,421.51
4106308,598.56,487.74,559.5,543.09
4106407,538.69,434.21,523.6,491.22
4106456,577.44,466.26,489.7,511
4106506,596.75,490.95,537,538.8
4106555,569.38,472.32,535,520.76
4106571,604.06,491.05,488.7,530.71
4106605,521.94,432.37,486.7,476.29
4106704,550.81,416,518.3,486.67
4106803,562.88,466.74,499.8,508.27
4106852,600.38,484.42,522.4,534.09
4106902,509,434.11,463.4,467.24
4107009,535.44,453.16,524.3,498.22
4107108,466.69,380.47,459.5,428.69
4107124,626.69,527,557.5,569.22
4107157,581,465.53,523.2,519.4
4107207,601.56,485.11,520.3,534.33
4107256,493.56,418.11,478.2,458.29
4107306,629.38,473.79,535.5,542.82
4107405,612.69,486.68,541.5,543.67
4107504,597.38,472.26,549.7,533.96
4107520,526.88,424.84,508.9,479.8
4107538,579.81,447.26,507.3,507.73
4107546,593.19,530.47,530.2,552.71
4107553,580,493.58,519.9,530.16
4107603,616.5,501.32,540.3,550.93
4107652,480.81,441.05,431.3,453.02
4107702,573.88,447.21,532.1,511.11
4107736,495.56,443.32,458.7,465.31
4107751,566.94,451.74,532.2,510.58
4107801,601.19,467.16,526.2,527.93
4107850,618.06,516.58,589.8,568.93
4107900,583.25,448.95,518.3,512.11
4108007,543.31,456.68,554.4,509.2
4108106,568.31,449.26,509.3,504.93
4108205,528.69,486.05,500.4,504.4
4108304,566.75,451.63,531.9,510.4
4108320,506.94,456.58,505.6,485.38
4108403,608.62,485.11,553,544.11
4108452,602.19,494.42,541.4,543.18
4108502,568.56,492.58,454.7,511.18
4108551,584.31,476,520.6,524.42
4108601,542.69,445.58,497.8,491.71
4108650,587.38,491.58,554.8,539.69
4108700,585.5,473.42,512.5,521.96
4108809,557,436.89,503.6,494.42
4108908,526.38,423.95,490,475.04
4108957,467,462.89,479.9,468.13
4109005,556,460.53,525,508.8
4109104,546.69,430.63,504.8,488.38
4109203,550.88,474.26,553.7,519.16
4109302,624.56,544.11,551.2,574.29
4109401,577.56,541.26,527,551
4109500,851.38,799.53,801.9,818.49
4109609,805,804.26,709.3,783.42
4109658,585.81,472.16,524.8,524.27
4109708,551.31,431.74,534.7,497.13
4109757,594.31,534.32,540.2,556.96
4109807,612.5,459.47,592.8,543.51
4109906,505.38,408.79,511.5,465.96
4110003,574.75,466.32,518.7,516.51
4110052,580.81,479.58,540.8,529.18
4110078,580.19,500.47,580.1,546.51
4110102,467.31,435.21,459.1,451.93
4110201,563.56,538.63,510.4,541.22
4110300,519.75,422.89,485.8,471.31
4110409,599.31,457.21,539.5,526.02
4110508,449.81,424.42,480.6,445.93
4110607,510.25,460.11,514.7,490.07
4110656,549.38,479.47,519.4,513.2
4110706,526.44,471,478.7,492.42
4110805,616.88,502.68,554.3,554.76
4110904,536.06,465,514.1,501.18
4110953,541.81,437.47,512.5,491.24
4111001,544.31,450.58,543.8,504.62
4111100,578.06,452.58,520,512.18
4111209,584.06,456.37,525.6,517.16
4111258,530.06,440.32,495.7,484.53
4111308,476.25,393.58,477.3,441.58
4111407,504,472.95,488.1,487.36
4111506,583.31,492.63,539.3,535.24
4111555,511.94,415.32,503.2,469.2
4111605,592.69,462.68,542.3,526.6
4111704,550.81,446.53,550.9,506.8
4111803,604.25,472.47,521.7,530.27
4111902,566.38,464.11,534.8,516.18
4112009,553,449.53,559.8,510.82
4112108,581.5,476.58,532.6,526.33
4112207,565.12,481.32,510.7,517.64
4112306,562.5,438.26,552.4,507.8
4112405,595.88,455.53,525.6,521
4112504,590.44,493,525.7,534.91
4112603,521.31,457,484.9,486.07
4112702,604.56,453.68,572.5,533.73
4112751,563.56,485.21,506.2,517.73
4112801,554.12,459.16,524.6,507.47
4112900,528.75,442.37,494,484.56
4112959,555.06,478.16,488.5,507.8
4113007,614.12,470.47,530.2,534.82
4113106,604.69,484.37,546.2,540.89
4113205,507.12,431.68,441.5,460.69
4113254,637.31,511.95,545.4,563.96
4113304,607.69,528.11,557.2,562.87
4113403,507.31,426.26,514.8,474.76
4113429,581.19,468.84,521.6,520.51
4113452,618.5,486.74,564.1,550.78
4113502,520.31,415.74,460.4,462.84
4113601,532.44,436.16,493.2,483.07
4113700,608.81,459.53,591.1,541.84
4113734,623.62,514.16,574.3,566.44
4113759,580.81,464.63,532.2,520.96
4113809,537.25,463.95,539.7,506.84
4113908,538.19,464.74,471.2,492.29
4114005,593.75,503.79,573.2,551.2
4114104,595.25,459.89,526.8,522.89
4114203,604.5,468.26,521.7,528.58
4114302,503.38,455.47,443.8,469.91
4114351,607.5,506.53,568.2,556.13
4114401,572.25,462.53,510.3,512.16
4114500,607.75,519.84,549.2,557.62
4114609,568.19,455.05,523,510.38
4114708,518.81,442.79,526.1,488.33
4114807,601.81,465.32,526.3,527.4
4114906,613.88,481.47,568.8,547.96
4115002,470,374.58,452.3,425.78
4115101,530.5,453.74,486.1,488.22
4115200,600.88,469.32,533.5,530.36
4115309,606.94,487.37,553.2,544.51
4115358,567.12,481.16,510.5,518.24
4115408,606.12,500.21,570.2,553.42
4115457,611.06,527.11,571.7,566.87
4115507,590.19,486.95,535.6,534.47
4115606,573.62,472.05,521.6,519.18
4115705,775.31,819.58,669.3,770.44
4115739,629.88,524.42,559.4,569.69
4115754,611.12,508.05,556.3,555.42
4115804,568.56,455.89,519.5,510.09
4115853,574.19,445.84,533.7,511
4115903,537.5,430.53,478.4,479.2
4116000,547.19,473.11,555.6,517.78
4116059,570.31,460,520.4,512.64
4116109,541.81,433.89,498.8,486.69
4116208,723.31,722.26,690.3,715.53
4116307,568.88,463.32,531.1,515.91
4116406,546.56,454.89,526.8,503.47
4116505,532.62,426.58,477.1,475.51
4116604,589.25,461.53,546.4,525.8
4116703,560.38,469.53,533.4,516.02
4116802,605.44,495.68,545.6,545.8
4116901,568.88,451.26,528.5,510.24
4116950,592.5,491.79,522.7,534.47
4117008,541.69,454.21,560,508.82
4117057,625.44,537.42,567.7,575.44
4117107,470.94,388.26,460.2,433.64
4117206,522.31,441.84,505.3,484.56
4117214,574.44,477,563.6,530.89
4117222,565.12,464.58,497.6,507.67
4117255,569.5,454.42,495.6,504.49
4117271,589.19,491.42,535.3,535.93
4117297,590.31,481.74,534.3,532.02
4117305,563.38,498.89,523.3,527.24
4117404,617.38,473.26,526.9,536.42
4117453,588.5,500.11,510.4,533.82
4117503,607.06,465.05,532.8,530.6
4117602,585.81,470.47,488.7,515.53
4117701,493.38,405.84,446.5,446
4117800,640.25,526.05,558.7,573.91
4117909,531.31,460.68,506.4,495.96
4118006,542.31,433.79,489.7,484.8
4118105,526,414.05,491.2,471
4118204,726.62,755.11,634.9,718.27
4118303,521.56,434.95,488.8,477.71
4118402,518.69,421.37,486.3,470.4
4118451,572.69,456.37,506.8,508.93
4118501,611.5,493.89,538.5,545.62
4118600,509.69,442.11,492.6,477.36
4118709,523.31,442.47,482.3,480.07
4118808,564.5,467.68,528,515.51
4118857,528.69,442.32,508.2,487.67
4118907,526.38,437.74,515.4,486.51
4119004,606.56,494.21,503,536.11
4119103,483.31,456.53,426.6,459.4
4119152,496.12,438.68,451.7,462
4119202,582.81,466.11,570.7,530.84
4119251,623.62,511.47,575.1,565.49
4119301,621.31,552,553.2,576.91
4119400,547.94,475.95,537.5,515.22
4119509,589.19,553.84,560.7,567.93
4119608,588.5,532.95,563.3,559.44
4119657,599.88,482.74,549.3,539.18
4119707,539.19,430.95,471.9,478.53
4119806,590.69,482.74,495.6,523.98
4119905,499.62,436.63,459.3,464.07
4119954,755.56,781.26,651.4,743.27
4120002,545.19,460.79,547.1,509.98
4120101,497.12,415.95,449.1,452.18
4120150,584.06,528.05,547,552.18
4120200,488,383.74,449.1,435.33
4120309,501.25,437.37,449.8,462.84
4120333,565.81,474,554.8,524.6
4120358,613.56,493.89,507.9,539.56
4120408,572.94,452.79,525.7,511.71
4120507,538.06,448,526.2,497.4
4120606,525.81,504.21,519.6,515.31
4120655,527.44,469.79,491.2,495.04
4120705,550.69,443.68,528,500.47
4120804,695.88,661.95,639.4,669
4120853,578.38,471.32,529.5,522.31
4120903,595.06,521.11,539.1,551.4
4121000,486.12,414.47,482.5,455.07
4121109,574.75,458.58,540.7,518.13
4121208,503.62,457.16,439.6,469.78
4121257,585.19,491.05,545.7,536.67
4121307,534.88,436.11,532.6,492.67
4121356,558.38,476.42,491,508.8
4121406,563.75,461.68,471,500.04
4121505,516.12,444.53,447.1,470.56
4121604,594.12,501.95,558.8,547.36
4121703,581.44,505.37,578.2,548.6
4121752,611.44,510.47,538.5,552.6
4121802,599.75,483.21,526.5,534.27
4121901,518.62,429.79,505.7,478.24
4122008,531.81,449.95,458.2,480.89
4122107,587.31,483.74,535.7,532.11
4122156,583.56,518.21,538.1,545.87
4122172,574.44,478.53,537.3,525.69
4122206,530.62,440.37,508.2,487.53
4122305,485.06,440.79,450.7,458.73
4122404,599.38,486.37,571.5,545.47
4122503,630.69,511.63,579.2,568.98
4122602,568.44,448.63,513.3,505.6
4122651,560.81,474.05,551.8,522.18
4122701,599.25,478.68,561.5,539.96
4122800,629.19,513.32,569.3,566.96
4122909,558.19,464.74,466.4,498.33
4123006,594.88,479.84,512,527.89
4123105,552.75,431.58,530.9,496.73
4123204,574.44,477,563.6,530.89
4123303,498.38,400.53,457.2,447.91
4123402,553.88,439.11,503.5,494.22
4123501,593.25,466.84,525.1,524.73
4123600,547.69,438.74,510.5,493.42
4123709,479.38,401.26,457,441.42
4123808,580.31,478.84,497.6,519.09
4123824,617.38,497.05,540.2,549.42
4123857,610.12,521.68,575.7,565.13
4123907,530.38,430,536,489.24
4123956,491.69,402.79,480,451.56
4124004,538.44,459.53,455.1,486.6
4124020,594.12,492.37,531.8,537.31
4124053,566.75,451.63,531.9,510.4
4124103,579.56,462.58,513.8,515.56
4124202,523,438.26,487.1,479.24
4124301,544.12,477.58,553.2,518.04
4124400,613.56,499,517.7,543.89
4124509,538.88,470.26,531.5,508.27
4124608,595.12,455.68,518.8,519.29
4124707,612.62,489.74,582.5,554.04
4124806,585.81,499.16,560.7,543.64
4124905,540.12,420.79,491.4,478.91
4125001,572.81,451.79,512.9,508.4
4125100,510,441.16,461.9,470.24
4125209,599.19,488.58,508.6,532.36
4125308,608.19,470.79,525.8,531.87
4125357,525.44,430.21,517.1,483.38
4125407,538.25,447.68,494.2,490.22
4125456,575.56,468.05,508.4,515.24
4125506,642.5,586.05,553,598.78
4125555,570.12,440.21,524.7,505.18
4125605,491.62,449.58,456.6,466.09
4125704,571.56,452.37,513.2,508.27
4125753,594.19,501.11,524.3,539.36
4125803,570.12,464.53,511.6,512.53
4125902,479.56,377,448.4,429.33
4126009,579.88,464.37,545.9,523.56
4126108,622.69,471.47,544.7,541.51
4126207,586.81,480.89,555.5,535.13
4126256,599.38,466.79,528.5,527.64
4126272,565,494.32,547,531.16
4126306,557.75,424.53,533.2,496.04
4126355,535.94,449.53,473.7,485.62
4126405,525.88,426.68,527.5,484.36
4126504,546.31,450.74,557.4,508.42
4126603,554.81,463.05,482.4,499.98
4126652,581.75,492.21,542.3,535.18
4126678,619.62,510.53,599.9,569.18
4126702,550.06,441.53,506.5,494.56
4126801,559.06,453.53,509.6,503.51
4126900,500.94,423.68,490.2,465.93
4127007,484.19,454.89,470.8,468.84
4127106,530.75,467.89,529.5,503.93
4127205,612.19,478.37,538.7,539.36
4127304,497.12,421.53,474.1,460.09
4127403,562.19,439.58,511.4,499.13
4127502,474.5,424.05,489.1,456.44
4127601,579.69,527.26,462.6,531.53
4127700,586.81,505.74,503.3,534.02
4127809,558.94,445.68,537.6,506.38
4127858,603.62,484.95,534.1,538.07
4127882,498.06,432.16,464.7,462.82
4127908,542.25,443.84,495.8,490.38
4127957,581.06,490.47,509.9,527
4127965,540.88,469.74,519.6,506.11
4128005,567.75,480.68,516.3,519.56
4128104,515.19,422.26,539.9,481.44
4128203,510.94,446.79,477.8,476.49
4128302,560.88,433.05,528.3,499.67
4128401,556.25,435.68,521.4,497.6
4128500,527.88,456.42,487.2,488.67
4128534,568.44,489.74,584.6,538.8
4128559,604.06,488.42,535.5,540
4128609,599.75,486.37,533.2,537.09
4128625,532.25,408.26,512,475.4
4128633,542.88,477.42,497.4,505.13
4128658,595.25,514.47,554.7,552.13
4128708,601.12,508.32,563.3,553.53
4128807,522.81,417.11,518.2,477.16
4200051,562.69,411.58,430.1,469.42
4200101,606.94,462.42,539,530.82
4200200,511.75,440.32,408.5,458.64
4200309,516.5,437.47,406.8,458.76
4200408,585.81,475.74,475.8,514.89
4200507,585.81,431.16,481.5,497.33
4200556,589.94,476.79,491.8,520.36
4200606,581.56,648,530.1,598.18
4200705,543.75,520.05,460.3,515.2
4200754,602,410.21,460.5,489.58
4200804,604.12,480,559.6,541.82
4200903,538.44,603.47,481.7,553.29
4201000,555.19,403.37,408.5,458.49
4201109,608.69,631.16,548.3,604.76
4201208,537.75,627.53,486.2,564.2
4201257,497,489.84,423.8,477.71
4201273,604.88,452.74,492.3,515.62
4201307,653.56,708.26,572.5,658.64
4201406,480.25,486,385.8,461.69
4201505,486.81,476.32,407.3,464.71
4201604,582,457,458.5,501.78
4201653,568.62,405.58,466.6,477.11
4201703,529.5,531.89,460.7,515.22
4201802,515.12,440.37,406.8,459.49
4201901,492.06,422.53,404.5,443.24
4201950,487.06,492.63,387.4,467.27
4202008,524.62,596.58,455.8,539.71
4202057,661.19,704.95,554.5,655.96
4202073,497.25,457.95,398.4,458.69
4202081,627.44,477.05,532,542.73
4202099,599.31,459.74,554.8,530.49
4202107,556.12,596.74,496.5,560.02
4202131,480.06,414.42,427.5,440.67
4202156,632.38,458.26,513.5,532.44
4202206,538.56,503.16,470.7,508.53
4202305,516.88,645.32,467.7,560.18
4202404,581.75,603.89,510,575.16
4202438,498.12,451.42,392.6,454.96
4202453,519.5,643.37,445.6,555.38
4202503,530.69,509.74,469,508.13
4202537,583.69,445.89,503.2,507.62
4202578,609.69,488.47,533.6,541.6
4202602,497.25,431.68,394.6,446.76
4202701,488.38,510,428.6,484.22
4202800,492.56,482.74,418.9,472.04
4202859,539.06,441.79,410.8,469.49
4202875,538.38,424.16,424.4,464.82
4202909,527.06,570.05,473.7,533.36
4203006,576,477.58,440.7,504.38
4203105,588.56,435.47,478,499.36
4203154,559.38,468.79,441.7,494.98
4203204,533.12,574.53,458.1,533.93
4203253,493.94,396.32,397.4,431.27
4203303,615.12,622,517.7,596.38
4203402,534.12,433.84,402.5,462.53
4203501,609.44,511.63,574.1,560.29
4203600,591,415.11,456.4,486.82
4203709,507.31,585.95,461.1,530.24
4203808,504.19,426.95,455.7,460.8
4203907,585.44,396.95,457.7,477.47
4203956,433,447.53,351.1,420.93
4204004,614.38,466.68,511.2,529.09
4204103,588.06,407.84,462.2,484
4204152,586.81,408.95,431.1,477.11
4204178,537.94,393.32,411.3,448.73
4204194,490.31,417.32,394.9,438.29
4204202,558.19,387.16,437.7,459.2
4204251,516.06,522,424.9,498.31
4204301,599.38,438.11,487.3,506.38
4204350,579.12,432.74,486.9,496.82
4204400,586.19,475.95,490.8,518.44
4204459,578.94,489.21,543.8,533.24
4204509,582.19,586.58,491,563.78
4204558,526.25,422.16,385.7,451.07
4204608,511.88,516.05,408.4,490.64
4204707,588.44,463.53,510,518.27
4204756,596.38,450.74,483.8,509.87
4204806,533.94,431.16,431.5,467.78
4204905,590,449.53,516.4,514.33
4205001,636.25,534.21,565,577.33
4205100,495,432.58,397,446.87
4205159,517.94,488,462.4,492.96
4205175,596.38,449.32,498.1,512.44
4205191,515.06,518.53,417.4,494.82
4205209,585.06,427.53,473.9,493.84
4205308,602.31,458.21,513.6,521.76
4205357,589.44,458.58,523.3,519.49
4205407,539.75,694.58,476.9,591.16
4205431,586.12,488.95,521.8,530.8
4205456,521.31,526.79,414,499.78
4205506,557.25,443.26,435,481.96
4205555,533.38,426.58,431.3,465.6
4205605,588.62,503.63,553.3,544.89
4205704,503.31,553.63,459.9,514.91
4205803,883.75,915.68,754.8,868.58
4205902,551.38,583.74,495.8,552.69
4206009,519.5,643.37,445.6,555.38
4206108,557.19,574.79,474.8,546.31
4206207,461.5,470.79,391.8,449.93
4206306,532.19,560.11,468,529.71
4206405,621,490.37,551.4,550.38
4206504,668.69,753.32,560.4,680.36
4206603,636.06,535.68,562.8,577.4
4206652,573.31,393.74,447.3,469.49
4206702,590.88,434.79,481.4,500.64
4206751,577.69,428,465.8,489.62
4206801,585.75,451.26,463.2,501.73
4206900,502.38,430.47,415.2,452.64
4207007,478,492.53,385.2,463.51
4207106,565.62,607.47,479,564.04
4207205,454.75,458.37,401.9,444.53
4207304,479.69,524.32,442.4,490.24
4207403,489.62,429.89,385.4,441.24
4207502,534.69,545.05,470.4,524.78
4207577,592.5,461.11,444,504.02
4207601,593.56,411.47,469.5,489.11
4207650,596.44,452.79,478.5,509.58
4207684,589.81,448.68,518,514.27
4207700,612.06,455.21,518.1,524.96
4207759,579.94,445.11,509.4,507.33
4207809,618.88,484.37,520.6,540.24
4207858,586.81,501.32,521.3,536.16
4207908,498.5,429.58,468.3,462.69
4208005,586.62,414.32,437.1,480.64
4208104,483.12,461.37,438.1,463.93
4208203,553.75,598.16,492.9,558.98
4208302,497.62,594,432.2,523.78
4208401,600.62,434.47,480.3,503.73
4208450,831.94,885.79,732.9,832.67
4208500,486.5,428.16,397,441.98
4208609,618,453.42,499,522.07
4208708,541.5,529.63,433.2,512.42
4208807,450.75,450.37,354,429.09
4208906,669.19,710.05,555.9,661.27
4208955,587.81,482.74,490.7,521.87
4209003,599.38,431.47,489.1,503.98
4209102,801.81,863.11,700.6,805.2
4209151,491.31,443.26,415.6,454.2
4209177,599.56,510,568.3,554.8
4209201,591.06,435.95,479,500.67
4209300,498.12,400.63,383.2,431.42
4209409,417.94,435.32,356.1,411.53
4209458,590.06,441.58,482.8,503.53
4209508,529.69,441.26,408,465.31
4209607,504.12,533.16,445.7,503.4
4209706,523.12,433.79,418.3,462.11
4209805,502.69,501.74,443,489.02
4209854,621.25,475.58,527.4,538.89
4209904,508.06,432.11,410.6,454.33
4210001,553.5,572.37,480.3,545.2
4210035,600.38,463.42,489.5,517.91
4210050,590.75,485.21,444.2,513.62
4210100,487.12,463.21,457.4,470.42
4210209,498.38,570.74,433.5,514.51
4210308,488.94,432.05,440.4,454.13
4210407,488.62,494.47,386.4,468.38
4210506,585,466.53,522.1,521
4210555,578.12,453.89,488.3,505.71
4210605,596.25,633,553.3,602.22
4210704,529.19,465.53,452.9,485.36
4210803,524.81,539.68,430.4,510.11
4210852,575.38,495.05,440.6,511.51
4210902,598.5,478.84,511.1,528.56
4211009,596.44,452.79,478.5,509.58
4211058,559.44,435.42,432.4,478.84
4211108,524.19,464.37,441.8,480.62
4211207,463.81,481.42,371.1,450.64
4211256,550.12,555.95,472.5,535.33
4211306,540.38,568.37,470.3,536.62
4211405,588.38,456.32,487.2,510.13
4211454,591.19,468.68,484.5,515.76
4211504,510.25,565.68,443.8,518.89
4211603,531.88,546.11,430.6,515.38
4211652,589.5,507.74,569.8,550.6
4211702,543.5,556.47,452.9,528.84
4211751,507.5,438.84,400.8,454.8
4211801,597,428.89,485.4,501.22
4211850,605.12,459.74,510.3,522.67
4211876,583.06,402.74,439.4,475
4211892,505.94,426.11,397.8,448.2
4211900,562.81,685.84,525.7,606.51
4212007,640.75,532.58,587.9,583.33
4212056,522.19,436.63,393.1,457.38
4212106,586.5,437.26,473.7,498.42
4212205,514.62,470.11,442.4,479.78
4212239,609.88,471.21,533.8,534.42
4212254,482.56,438.68,388.5,443.13
4212270,630.56,499.26,521.5,550.89
4212304,552.31,623.74,505,571.96
4212403,485.44,489.16,417.7,471.96
4212502,537.5,564.89,473.5,534.84
4212601,603.75,413.79,472.8,494.44
4212650,417.94,435.32,356.1,411.53
4212700,485.69,438.84,406.1,448.22
4212809,551.19,590,485.8,553.04
4212908,584,471.42,486.5,514.8
4213005,587.06,451.37,455.8,500.6
4213104,584.56,403.89,455.5,479.6
4213153,584.56,428.47,474.5,494.2
4213203,595.5,613.53,525.9,587.64
4213302,548.56,439.16,386.7,466.4
4213351,547.44,460,422.7,482.8
4213401,622.12,480.37,523.7,540.4
4213500,497.62,594,432.2,523.78
4213609,485.69,429.95,461.2,456.71
4213708,547.44,459.21,427.5,483.53
4213807,502.75,441.58,404.7,455.13
4213906,604,422.84,483.2,500.67
4214003,502.06,434.37,393.1,449.27
4214102,488.69,477.68,420,468.78
4214151,638.94,517.16,551.6,568.11
4214201,589,482.32,497.6,523.64
4214300,538.62,614.47,487.3,559.24
4214409,574.44,459.95,435.7,495.27
4214508,559.56,488.79,456.2,506.71
4214607,547,454.32,426.5,481.09
4214706,567.56,583.74,517.6,563.29
4214805,510.75,425.11,401.4,450.29
4214904,577.94,552.47,500.5,549.98
4215000,529.62,536.95,469.3,519.31
4215059,494.12,450.63,398.3,454.47
4215075,590.88,440.74,482,503.29
4215109,542.44,523.74,474.3,519.4
4215208,593,466.58,552.6,530.64
4215307,558.31,496.68,438.9,505.76
4215356,601.56,497.79,545.5,545.29
4215406,602.62,474.89,465.4,518.2
4215455,461.88,472.95,365.4,445.11
4215505,553.69,459.16,432.1,486.76
4215554,609.25,452.79,499.1,518.71
4215604,577.94,552.47,500.5,549.98
4215653,495.44,457.84,408,460.13
4215679,523.94,472.26,449.6,485.6
4215687,616.56,495.21,561.8,553.16
4215695,584.75,466,502.5,516.33
4215703,566.06,680.53,519.3,604
4215752,600.31,512.63,578.6,558.47
4215802,532.81,534.63,449.9,515.16
4215901,594,597.26,520.9,579.13
4216008,592.62,437.47,481.4,502.4
4216057,554.12,461.95,410.8,483.36
4216107,592.88,472.74,540.5,530.51
4216206,774.5,823.68,693.4,777.24
4216255,607.38,449.42,480,512.38
4216305,528.88,604.53,464.3,546.47
4216354,570.5,627.53,506.2,580.29
4216404,493.75,437.47,398.4,448.8
4216503,497.88,415.11,408.7,443.11
4216602,533.81,668.16,469.9,576.33
4216701,632,513.32,558.7,565.6
4216800,512.19,410.74,406.4,445.84
4216909,607.12,515.32,564.4,558.87
4217006,482.75,478.79,418.7,466.84
4217105,499.81,498.84,441.3,486.4
4217154,592.81,466.21,542.7,528.22
4217204,605.44,446.63,523.9,520.27
4217253,551,651.74,501.6,582.56
4217303,595.31,474.68,497.9,522.73
4217402,776.56,837,641.2,772
4217501,577.5,413.32,470.1,484.31
4217550,609.69,488.47,533.6,541.6
4217600,505.5,507.68,448.2,493.69
4217709,514.38,492.89,411.4,482.42
4217758,591.12,485.37,515.3,529.62
4217808,569.56,502.32,441.5,512.71
4217907,578.75,445.84,453.1,494.71
4217956,598.56,481.11,539.5,535.84
4218004,501.81,603.32,430.7,528.87
4218103,531.38,516.37,438.4,504.38
4218202,558.94,566,491.1,546.84
4218251,495.56,408.05,425.6,443.07
4218301,477.94,430.37,411.4,443.07
4218350,504.25,515.05,450.8,496.93
4218400,461.06,481.42,391.2,454.13
4218509,592.5,465.68,479.8,513.91
4218608,532.56,449.37,407.5,469.64
4218707,460.56,473.16,383.6,448.78
4218756,609.25,452.79,499.1,518.71
4218806,531.81,523.05,427.1,504.84
4218855,587.81,482.74,490.7,521.87
4218905,526.06,511.58,430.8,498.78
4218954,512.38,438.74,407.3,457.93
4219002,497.25,506.63,445.2,489.64
4219101,605.5,454.63,517.4,522.22
4219150,549.38,411.47,425.4,463.6
4219176,617,486.53,524.9,541.44
4219200,479.5,440.32,398.2,444.89
4219309,582.81,448.05,449.3,496.24
4219358,510.44,462.53,420,470.11
4219408,509.38,452.26,420.3,465.47
4219507,595.06,435,494.9,505.22
4219606,576.75,431.53,488.5,495.82
4219705,581.31,418.53,489.1,492.09
4219853,589.06,406,455.2,482.02
4220000,493.81,498.11,389.1,472.36
4300034,456.31,229.58,319.2,330.11
4300059,576.94,385.47,419,461
4300109,546.56,357.37,370.9,427.64
4300208,599.31,407.32,472.6,490.09
4300307,597.56,385.32,462.9,478.02
4300406,557.81,289.11,369.2,402.44
4300455,591.06,399,474.3,484.02
4300471,582.19,382.89,430.2,464.27
4300505,576.88,420.79,446.5,482
4300554,560.5,351.21,379.6,431.93
4300570,495.06,382.84,393.5,425.11
4300604,413.25,330.84,324.9,358.82
4300638,430.19,269.95,310.7,335.98
4300646,600.44,416.16,442.6,487.56
4300661,514.38,376.16,415.9,434.13
4300703,501.25,405.16,393.3,436.69
4300802,494.19,377.63,415.8,427.56
4300851,425.62,293.42,306.8,343.4
4300877,449.44,365.47,347.9,391.42
4300901,590.69,407.05,425.6,476.47
4301008,492.75,394.11,400.8,430.67
4301057,522.81,449.21,411.9,467.09
4301073,451,308.58,343,366.87
4301107,408.06,297.74,314,340.58
4301206,561.44,336,382,426.38
4301305,376.44,270.63,297.6,314.24
4301404,539.38,390.47,401.8,445.93
4301503,617,397.47,417.1,479.89
4301552,594.25,408.05,445.3,482.53
4301602,473.19,242.21,318.9,341.38
4301636,363.19,283.53,290.3,313.36
4301651,490.81,373.26,390.5,418.89
4301701,608.56,422.42,431.9,490.71
4301750,437.56,306.79,343.3,361.4
4301800,572.69,401.95,442.9,471.76
4301859,606.31,432.05,488.3,506.51
4301875,495.88,268.53,332.2,363.51
4301909,412.06,314.26,318.7,350.02
4301925,610.12,423.68,427,490.71
4301958,584.25,392.05,448.6,472.96
4302006,572.5,356.05,398.4,442.42
4302055,598.88,416.79,425.6,483.49
4302105,468.12,346.05,388.6,398.91
4302154,568.06,388.74,453.2,466.82
4302204,603.31,405.95,480.8,492.76
4302220,618.56,394.53,423.4,480.6
4302238,552.62,349.84,404.6,434.11
4302253,475.94,370.84,386.6,411.71
4302303,475.81,383.16,403.7,420.67
4302352,476.12,369.05,375.2,408.49
4302378,597.25,401.05,486.8,489.87
4302402,451.69,333.26,358.6,381
4302451,565.06,391.95,395.4,454.27
4302501,639.38,358.11,419.5,471.76
4302584,600.25,403.89,464,487.07
4302600,593.56,404,484.4,489.27
4302659,451.5,348.16,367.3,389.16
4302709,423.38,288.11,319.3,343.13
4302808,467.44,283.42,305.9,353.84
4302907,580.19,289.47,346.6,405.53
4303004,467.38,288.05,321.8,359.31
4303103,413.25,330.84,324.9,358.82
4303202,596.88,406.84,453.7,484.82
4303301,584.5,357.58,432.1,454.82
4303400,597.25,426.68,459.7,494.67
4303509,426.5,293.68,307.5,343.98
4303558,570.19,395.53,419.7,463
4303608,510.75,439.53,422.7,461.11
4303673,499.06,402.53,429.3,442.8
4303707,602.88,362,457.9,468.96
4303806,586.69,410.79,422.5,475.93
4303905,444.62,349.58,332.6,379.6
4304002,589.75,404.16,489.1,489.02
4304101,556.31,347.58,385.5,430.22
4304200,562.5,365.68,373.7,437.44
4304309,589.44,364.63,460.3,465.82
4304358,459.81,244.32,310.1,335.56
4304408,499.94,399.05,422.9,440.22
4304507,451.5,294.26,333.5,358.89
4304606,415.5,334.26,323.9,360.84
4304614,533.38,376.42,392.3,435.76
4304622,550.75,393.42,418.1,454.84
4304630,474.88,407.53,372.8,423.76
4304655,632.06,362.32,392.7,464.98
4304663,397.12,279.63,310.7,328.31
4304671,368.31,288.79,288.4,316.98
4304689,421.44,338.84,335.8,367.53
4304697,487.12,382.11,405.4,424.62
4304705,591.62,373,436.4,464.82
4304713,455.88,359.79,346.3,390.96
4304804,487.25,359.68,379.6,409.47
4304853,592.5,414.05,450.9,485.69
4304903,559.81,387.32,425.7,457.18
4304952,558.81,384.84,443.1,459.64
4305009,607.06,418.68,461.9,495.27
4305108,491.25,391.53,416.9,432.62
4305116,594.25,408.05,445.3,482.53
4305124,412.56,298.21,308.1,341.07
4305132,571,373,381.7,445.33
4305157,598.31,411.47,453.9,487.33
4305173,441.12,307.68,342.5,362.87
4305207,565,359.95,449.2,452.69
4305306,576.94,392.74,458.2,472.78
4305355,411.44,305,312.9,344.6
4305371,595.38,402.58,461.5,484.22
4305405,575.56,398.74,463,475.89
4305439,320.69,247,279.8,280.49
4305447,444,287.11,328.9,352.18
4305454,368,290.74,303.9,321.13
4305504,564.62,389.11,413.5,456.93
4305587,468.31,374.74,385.8,410.47
4305603,576.44,365.63,412.5,451
4305702,590.31,395.37,475,482.38
4305801,599.19,412.47,436.2,484.13
4305835,511.31,378.95,394.7,429.51
4305850,597.62,373.84,436.8,467.4
4305871,599,404.84,432.8,480.09
4305900,578.81,387.05,479.8,475.84
4305934,460.31,351.26,373.9,395.07
4305959,467.88,357.47,383.3,402.47
4305975,575.38,381.68,425.7,460.33
4306007,604.62,405.42,454.9,487.24
4306056,424.38,283.63,315.3,340.71
4306072,606.94,414.53,447.8,490.33
4306106,566.19,362.63,410.3,445.6
4306130,587.88,428.47,422.9,483.91
4306205,475.06,363.74,361.4,402.8
4306304,555.88,383.32,425.3,454
4306320,606.38,417.37,474.6,497.29
4306353,617,360.42,435.7,468.38
4306379,537.44,306.26,354.9,399.27
4306403,470.94,388.79,377.2,415.42
4306429,595,400.84,493.2,490.4
4306452,476.38,399.26,395,425.73
4306502,441.69,282.05,326,348.58
4306551,520.81,449.79,407.2,465.58
4306601,491.69,247.58,327.9,352.22
4306700,548.44,351.89,378.6,427.71
4306734,585.31,389.05,443.9,471.02
4306759,494.94,406.32,399,436.2
4306767,403.44,316,309.8,345.71
4306809,487.12,382.11,405.4,424.62
4306908,446,269.47,317.3,342.87
4306924,599.19,412.47,436.2,484.13
4306932,615.25,370.21,420.6,468.53
4306957,600.25,426.95,421.8,487.42
4306973,588.44,407.95,435.1,478.16
4307005,587.81,422.37,434.8,483.96
4307054,582.06,389.74,424.2,465.78
4307104,401.75,271.32,318,328.07
4307203,602.31,397.84,420.7,475.62
4307302,596.38,404.84,469.9,487.4
4307401,541.12,405.47,417.4,456.36
4307450,596.75,403.95,462.9,485.6
4307500,555.12,350.63,382.1,430.33
4307559,601,396.89,440.6,479.18
4307609,451.38,364.21,352.8,392.67
4307708,418.94,331.79,326.2,361.53
4307807,465.88,375.53,369.1,406.22
4307815,556.38,336.21,382.3,424.73
4307831,623.31,378.74,403.6,471.22
4307864,509.06,393.26,406.4,437.36
4307906,491.88,378.16,393.8,422.07
4308003,547.81,348.84,392.4,429.27
4308052,597.69,394.16,426.8,473.78
4308078,471.12,376.42,371.5,409
4308102,490.12,385.05,380.8,421.47
4308201,475.56,358.47,410.2,411.6
4308250,591.94,408.58,463.8,486.04
4308300,556.81,365.26,397.9,440.62
4308409,502.19,310.37,350.8,387.56
4308433,518.06,388,396.7,436.18
4308458,562.94,345.63,383.8,431.38
4308508,583.81,409.68,451.8,480.96
4308607,489.62,358.95,389.1,412.11
4308656,627.44,358.63,432.1,470.53
4308706,590.81,414.47,435.8,481.91
4308805,425.94,302.21,316.4,349.36
4308854,559.25,385.21,416.9,454.13
4308904,594.31,406.89,438.4,480.53
4309001,602.38,401.84,453.7,484.67
4309050,422.69,327.05,323.4,360.24
4309100,504.31,403.63,420.6,443.2
4309126,616.94,421.42,434.9,493.93
4309159,581,361.42,387.2,445.22
4309209,424.88,327.42,321.5,360.76
4309258,522.94,378.89,422.3,439.76
4309308,405.5,311.68,310.7,344.82
4309407,527.75,409.58,426.4,455.33
4309506,599.5,378.95,461,475.6
4309555,463.38,357.32,367.8,397.36
4309571,586.81,385.26,392.9,458.62
4309605,593.31,400,448.9,479.6
4309654,464.38,238.53,303.5,333.27
4309704,595.25,399.42,477.5,486.4
4309753,555.31,351.84,373,428.89
4309803,573.12,388.05,434.9,464.27
4309902,546.44,390.26,442,457.29
4309951,574.31,386.11,422.2,461.04
4310009,583.5,374.37,419.3,458.71
4310108,458.06,368.58,358,398.04
4310207,597.25,408.74,453.8,485.78
4310306,517.56,385.63,391.8,433.91
4310330,427.56,337.21,325.1,366.64
4310363,465.62,359.68,384.9,402.96
4310405,603.62,401.21,461.8,486.64
4310413,591.88,399.63,467.6,483.09
4310439,499.94,380.79,420,431.87
4310462,606.31,386.32,433.1,474.93
4310504,591.56,425.32,448,489.47
4310538,543.88,328.47,387.7,418.22
4310553,627.06,350.84,401.5,460.31
4310579,577.31,382.63,413.4,458.69
4310603,595.31,310.68,356.7,422.11
4310652,524.56,459.11,412.3,471.98
4310702,587.44,393.79,435.8,471.98
4310751,531.94,336.42,389.7,417.78
4310801,466.38,380.74,373.2,409.51
4310850,597.56,396.16,459.4,481.82
4310876,562.62,340.42,383.1,428.91
4310900,577.88,413.58,417.1,472.78
4311007,353.38,263.32,300.3,303.56
4311106,599.06,332,393.9,440.71
4311122,480.06,400.58,409.4,430.8
4311130,593.38,338.79,379.6,438.38
4311155,618.12,371.84,408.9,467.64
4311205,536.31,325.26,393.7,415.51
4311239,566.94,361.42,378.5,438.29
4311254,583.88,364.89,380.9,446.31
4311270,563.88,356.63,399,439.73
4311304,548.75,383,414.4,448.91
4311403,515.12,389.21,395.3,435.33
4311429,589.69,395.89,450.3,476.89
4311502,493.81,274.79,313,361.16
4311601,610.44,414.63,434,488.56
4311627,465.88,375.84,371.2,406.82
4311643,490.12,385.05,380.8,421.47
4311700,590.31,391.63,453.6,476.04
4311718,598.31,318.58,372.4,430
4311734,514.81,445.79,414.4,463.36
4311759,593,324.53,381,432.53
4311775,484.5,399.42,371.2,423.4
4311791,464.5,359.63,359.6,396.91
4311809,561.56,378,417.5,452.04
4311908,602,410.21,460.5,489.58
4311981,410.94,305.21,328.7,348.02
4312005,600.56,411.26,441.2,485.22
4312054,516.88,391.84,399.9,438.09
4312104,579.69,322.42,386,428.02
4312138,572.19,383.79,423.5,459.6
4312153,503.56,367.42,374.5,417.4
4312179,570,361.21,437.3,452.36
4312203,585.81,412.58,446,481.6
4312252,421.94,285.32,318.4,341.24
4312302,587.75,407.47,466.5,484.69
4312351,564.81,392.37,425.1,460.96
4312377,502.5,396.21,426.3,440.69
4312385,452,345.42,370.1,388.8
4312401,421.75,326.16,324.7,359.82
4312427,570.75,376.58,410.1,453.07
4312443,522.62,451.26,413.2,468.18
4312450,433.75,308.32,339.5,359.84
4312476,470.94,388.79,377.2,415.42
4312500,339.38,245.16,261.6,282.31
4312609,468.25,367.16,394.5,409.18
4312617,526.81,384.84,415.4,442.11
4312625,554.31,387.42,441.2,458.71
4312658,580.62,365,418.9,453.64
4312674,571.56,380.53,418.2,456.82
4312708,602.31,409.21,431.2,482.76
4312757,577.31,382.63,413.4,458.69
4312807,524.06,387.37,422.1,443.69
4312906,535.5,388,425.2,448.71
4312955,586.19,389.84,443.3,471.53
4313003,508.19,386.37,400.7,432.87
4313011,597.38,399.32,450.7,481.16
4313037,621,355.79,406,461.24
4313060,469.56,379,365.1,408.11
4313086,487.19,357.37,407.8,414.73
4313102,536.69,335.21,390.4,419.11
4313201,495.25,407.42,416.6,440.69
4313300,513.06,387.53,415.8,438.44
4313334,584.12,397,476.9,481.29
4313359,478.06,347.74,402.7,406.29
4313375,424,330.58,329.9,363.64
4313391,553,354.84,364.7,427.49
4313409,420.94,333.74,328.9,363.67
4313425,589.25,387.42,450.4,473.18
4313441,609.75,413,435.9,488.04
4313466,594.88,407.11,450.3,483.47
4313490,594.06,403.05,462.1,484.09
4313508,395.81,308.11,313.8,340.56
4313607,591.62,410.05,444.7,482.31
4313656,345.62,263.16,271.8,294.4
4313706,567.94,395.79,472.6,474.07
4313805,594.56,412.63,474.1,490.98
4313904,610.75,401.63,464.4,489.93
4313953,446.31,288.47,330.9,354.02
4314001,524.06,387.37,422.1,443.69
4314027,558.81,354.84,374.5,431.73
4314035,448.69,344.42,346.1,381.87
4314050,448.44,358.05,353,389.07
4314068,579.69,370.89,387.8,448.89
4314076,501.5,341.53,336.8,397.36
4314100,578.25,383.95,424.9,462.13
4314134,588.12,417.89,438.1,482.91
4314159,458.38,357.11,366.1,395.11
4314175,430.12,265.58,326.7,337.67
4314209,399.06,294.11,304.6,333.76
4314308,610.94,387.47,452.8,481.44
4314407,441.94,296.89,339.6,357.96
4314423,484.38,394.21,395.8,426.62
4314456,594.06,404.79,432.8,478.31
4314464,575.38,416.26,436.2,477.27
4314472,529.62,331.53,390.7,415.11
4314498,609.12,427.05,480.2,503.6
4314506,458.88,260.89,310.4,342.29
4314548,478.69,346.89,406.9,407.09
4314555,633.5,372.63,447.1,481.93
4314605,458.69,284.68,309,351.96
4314704,616.56,417.63,438.4,492.98
4314753,477,366.32,384.8,409.78
4314779,598.56,378.95,445.7,471.87
4314787,585.38,425.05,417.5,480.38
4314803,448.44,359.79,348.9,388.89
4314902,406.56,328.21,321.3,354.53
4315008,621.25,381.58,455.4,483.2
4315057,583.5,384.26,452,470.16
4315073,607.5,387.37,464.8,482.84
4315107,630.56,377.26,451.7,483.87
4315131,524.62,384.79,396.3,437.07
4315149,466.38,380.74,373.2,409.51
4315156,544.38,376.84,390.4,439.42
4315172,505,375.37,433.2,434.31
4315206,514,384.63,394,432.71
4315305,562.19,252.26,348.7,383.89
4315313,603.12,402.26,432.1,480.31
4315321,570.25,320.16,390.7,424.76
4315354,567.44,356.32,395.8,440.16
4315404,582.12,399.89,472,480.71
4315453,507,378.89,395.9,428.22
4315503,511.81,318.68,352.1,394.78
4315552,581.88,397.89,437.7,472.16
4315602,332.25,233.32,289.5,280.98
4315701,467.06,303.89,323.6,366.29
4315750,470.88,389.84,366.5,413.47
4315800,479.06,373.63,398,416.53
4315909,606.56,422.37,438.3,491.4
4315958,583.12,345.21,432.2,449.13
4316006,454,354.47,338.3,386.27
4316105,583.06,403.63,437.5,474.96
4316204,585.06,399.68,437.7,474.04
4316303,626.81,376.11,450.4,481.76
4316402,564.75,277.21,321.9,389.38
4316428,593.31,402.21,452.1,481.24
4316436,597.5,384.11,452.1,475.09
4316451,540.75,329.74,389.4,418.02
4316477,600.94,365.79,453.4,468.87
4316501,473.06,361.79,371.4,403.49
4316600,590.19,403.58,448.8,479.98
4316709,586.94,388.84,443.5,471.42
4316733,584.69,386.95,433.1,467.51
4316758,510.06,388.37,394,432.89
4316808,533.31,365,355.9,422.82
4316907,524.12,311.58,357,397.24
4316956,504.81,410.16,411.5,444.11
4316972,492,281.21,300.6,360.47
4317004,455.31,272.58,308.3,345.49
4317103,557.94,271.05,335.2,387.31
4317202,594.31,392.26,455,478.04
4317251,468.38,346.53,378.4,396.93
4317301,319.31,246.16,281.6,280.04
4317400,619.69,363.16,398.2,462.16
4317509,609.06,390.89,449.5,481.49
4317558,551.31,390.74,409.8,452.07
4317608,425.25,325.05,312.1,357.8
4317707,622.75,353.68,427,465.64
4317756,595.62,379.42,430.1,467.56
4317806,577.12,388.63,472.4,474.27
4317905,606.94,390.53,466.7,484.4
4317954,586.69,400.89,451.3,478.16
4318002,578.31,339.89,373.4,432.11
4318051,541.31,383.79,427,449.4
4318101,610.06,339.89,397.4,448.73
4318200,476.81,405.37,414.8,432.87
4318309,500.31,272.95,297.2,359.18
4318408,431.5,301.47,318.3,351.44
4318424,591.12,413,452.3,485.07
4318432,528.06,336.84,361,410.2
4318440,528.75,386.11,426.2,445.73
4318457,593.31,402.21,452.1,481.24
4318465,523.62,376.89,397.6,433.67
4318481,465.88,375.84,371.2,406.82
4318499,608.75,396.05,456.3,485.07
4318507,366.19,260.68,286.7,303.98
4318606,584.75,411.16,439.3,479.13
4318614,463.38,357.32,367.8,397.36
4318622,537.25,494.95,474.6,505.47
4318705,424,333.26,334.4,365.78
4318804,425.94,279.47,313.1,339.02
4318903,614.69,357.58,435.4,466.29
4319000,487.44,386.53,425,430.96
4319109,602,401.79,478.5,490.02
4319125,545.75,327.05,398,420.58
4319158,627.62,358.58,411,465.89
4319208,622.31,363.53,436.5,471.76
4319307,621.12,378.63,454.4,481.69
4319356,473.06,361.79,371.4,403.49
4319364,589.69,395.89,450.3,476.89
4319372,600,362.95,452.9,467.22
4319406,565.06,311.53,375.2,415.82
4319505,462.5,356.63,368.5,396.91
4319604,489.19,279.79,321.2,363.44
4319703,610.31,422.68,422.7,489.4
4319711,456.44,353.84,388,397.91
4319737,593.94,409.11,486.4,492
4319752,495.06,382.84,393.5,425.11
4319802,570.94,304.21,369.3,413.51
4319901,449.44,365.47,347.9,391.42
4320008,418.94,331.79,326.2,361.53
4320107,590.81,386.16,433.5,469.44
4320206,594.69,391.47,456.5,478.18
4320230,597,402.21,487.8,490.49
4320263,572,364.16,384,442.47
4320305,557.31,353.32,400,436.22
4320321,605.88,386.89,461,481.22
4320354,436.25,307.37,339.1,360.24
4320404,553.25,392.68,429.1,457.87
4320453,533.38,376.42,392.3,435.76
4320503,592.19,375.89,440.4,467.13
4320552,418.62,308.05,332.1,352.71
4320578,594.38,385.89,459.1,476.29
4320602,593.81,412.32,438,482.56
4320651,539.31,327.58,362.9,410.71
4320677,574.75,387,387,453.76
4320701,568.12,352.68,371,433.36
4320800,581.88,353.79,413.9,448.24
4320859,433.44,328.74,345,369.58
4320909,599.25,392.68,458.2,480.69
4321006,554.88,350.05,398.2,433.58
4321105,422.5,296.26,320.4,346.51
4321204,448.12,345.11,342.3,381.11
4321303,428.06,320.21,332.2,361.22
4321329,599.75,409.21,471.5,490.8
4321352,360.62,247.84,269.9,292.84
4321402,591.06,415.63,472,490.53
4321436,474.88,407.53,372.8,423.76
4321451,468.12,375.16,382.3,409.8
4321469,572,379.95,417.3,456.53
4321477,605.81,405.37,453.6,487.36
4321493,578.06,322.47,377.7,425.62
4321501,520.81,449.79,407.2,465.58
4321600,381.75,299.32,309.1,330.8
4321626,508.19,386.37,400.7,432.87
4321634,593.81,412.32,438,482.56
4321667,527.25,450.53,412.9,469.44
4321709,475.06,381.58,383.5,415.24
4321808,590.75,389.79,455.8,475.91
4321832,527.19,456.42,416,472.6
4321857,585.25,407.16,427.7,475.04
4321907,590.06,401.21,460.2,481.47
4321956,606.75,413.47,414.4,482.4
4322004,415.31,303.58,314.9,345.82
4322103,598.44,391.16,454.4,478.91
4322152,569.19,353.84,384.1,437.13
4322186,583.56,410.26,459.5,482.82
4322202,593.12,347.53,395.8,445.58
4322251,477.56,366.47,374.6,407.78
4322301,598.81,394.89,461.4,482.18
4322327,421.19,289.68,311.2,341.22
4322343,592.19,366.11,455.1,466.27
4322350,564.94,387,425.4,458.8
4322376,628.5,358.84,392.7,462.24
4322400,538.56,275.63,336,382.53
4322509,501.94,369.74,411.6,426.04
4322525,439.62,304.58,327.6,357.71
4322533,580.94,383.21,382.1,453.27
4322541,489.44,384.16,392,423.33
4322558,555.88,383.32,425.3,454
4322608,503.56,367.42,374.5,417.4
4322707,522.75,351.84,353.1,412.89
4322806,484.75,349.89,392,407.2
4322855,470.56,386.42,388,416.69
4322905,594.5,405.32,448.9,482.27
4323002,388.06,300.11,293.8,329.98
4323101,587.75,427.26,459.4,491.47
4323200,570.31,371.16,412.7,451.2
4323309,499.31,367.95,399.9,421.76
4323358,583.81,390.05,433.9,468.69
4323408,554.44,388.53,419,454.29
4323457,492.12,285.26,305.3,363.27
4323507,594.56,412.63,474.1,490.98
4323606,509.06,393.26,406.4,437.36
4323705,606.31,432.05,488.3,506.51
4323754,601.69,366.42,428.2,463.8
4323770,468.12,375.16,382.3,409.8
4323804,455.44,357.53,347.9,390.2
5000203,656.81,607.58,603,624.07
5000252,720.56,719.68,728.2,721.89
5000609,568.12,457.89,566.7,521.27
5000708,551.81,463.53,451,492.13
5000807,526.12,433.68,471,474.84
5000856,526.12,463.84,457.8,484.64
5000906,606,506.05,507.9,542
5001003,607.56,554.47,562.8,575.2
5001102,556.62,477.11,483.7,506.84
5001243,579,488.58,542.3,532.67
5001508,650.88,572.26,571.4,600.02
5001904,564.81,499.16,476.4,517.44
5002001,471.88,377.11,443.4,425.53
5002100,567.31,476.26,475.9,508.56
5002159,550.25,492.16,487.8,511.84
5002209,539.56,460.58,467.6,490.22
5002308,575.75,527.74,494.8,537.49
5002407,536.12,428.21,496.8,481.82
5002605,636.94,562.79,596.7,596.69
5002704,585.44,489.79,514.3,529.24
5002803,539,470.37,475.1,495.82
5002902,703.44,641.74,719.7,681
5002951,701.38,688.58,706.1,697.02
5003108,544.19,488.47,515.4,514.27
5003157,574.56,479.21,551.1,529.09
5003207,486.12,456.79,446.9,465.02
5003256,743.56,719.58,717,727.53
5003306,676.12,607.21,667,645
5003454,515.12,444.74,461,473.38
5003488,563.69,498.47,494.7,520.82
5003504,529,429.68,475.5,475.18
5003702,567.81,450.16,515.5,506.51
5003751,524.62,445.05,534.5,493.22
5003801,520.56,443.21,472.8,477.29
5003900,689.88,637.74,633.1,655.24
5004007,503.94,437.53,439.3,461.53
5004106,581.75,467.95,483.3,511.82
5004304,532.31,435.89,563.2,498.47
5004403,677.25,635.32,690.7,662.53
5004502,573.88,442.16,520.1,506.31
5004601,525.81,418.68,514.8,478.13
5004700,511.81,450.11,437.2,469.18
5004809,541.56,446.32,533.3,499.51
5004908,656.12,578.32,547.7,599.18
5005004,562.31,451.47,465.3,493.96
5005103,499.25,419,486.4,462.51
5005152,521.38,421.58,493.2,472.98
5005202,488.25,386.16,414.9,428.84
5005251,562.69,468.37,526.1,514.73
5005400,564.81,460.68,492.7,504.82
5005608,548.62,503.42,478.5,513.96
5005681,546.5,456.95,519.3,502.64
5005707,517.56,415.42,516.6,474.22
5005806,546.31,447.58,441.2,481.27
5006002,541.44,457.42,504.5,497.76
5006200,556.81,481,486,509.07
5006259,490.75,402.89,440.1,442.4
5006275,667.19,661.11,650.9,661
5006309,671.06,611.47,631.2,637.04
5006358,570,467.37,565.9,525.76
5006408,691.06,658,690,676.87
5006606,607,498.53,521,542.09
5006903,525.31,460.74,462.8,484.16
5007109,592,526.37,515.4,547.27
5007208,548.31,448.63,508.7,497.42
5007307,572.81,515.58,565,546.91
5007406,632.25,549.89,613.4,593.29
5007505,606.19,540.05,540.8,563.73
5007554,607.69,505.74,494.8,539.56
5007695,614.06,548.58,615.3,586.69
5007703,555.69,455.74,543.8,510.84
5007802,578.62,545.21,557.9,559.91
5007901,572.62,487.21,505.1,521.56
5007935,696.25,694.11,681.6,692.09
5007950,557.69,455.58,564.4,516.07
5007976,476.06,372.42,430.4,422.16
5008008,589.44,532.63,515.5,549.02
5008305,573.56,547.21,538.9,554.73
5008404,512.75,438.89,470,472.07
5100102,582.44,650,686.4,634.07
5100201,752.5,811.68,902.7,810.87
5100250,844.81,875.63,971.3,885.93
5100300,726.06,722.05,787.4,738
5100359,746.31,812.84,862.1,800.13
5100409,717.44,752.79,821.1,755.4
5100508,702.44,734.89,746.7,725.98
5100607,712.81,744.16,735.9,731.18
5100805,806.31,870,995,875.13
5101001,705.94,735.11,865,753.6
5101209,702.75,724.32,814.8,736.76
5101258,564.56,586.89,653.1,593.67
5101308,736.25,735.21,786.6,747
5101407,813.5,823.89,853.2,826.71
5101605,526.75,519.74,554,529.84
5101704,661.81,703.84,681.8,684
5101803,670.12,693.47,848.7,719.67
5101852,737,795.32,882.3,793.91
5101902,790.06,883.32,882.6,850
5102504,486.81,545.05,476.2,509.04
5102603,732.5,760.21,885.9,778.29
5102637,757.38,739.58,807.7,761.04
5102678,679.62,678.63,753.3,695.58
5102686,784.88,766.32,778.3,775.58
5102694,778.44,848.79,851.8,824.44
5102702,766.25,815.11,894.7,815.42
5102793,796.62,862.84,946.9,857.98
5102850,808.38,873.68,917.3,860.16
5103007,730.25,766.58,779.1,756.44
5103056,860.56,960.84,962.7,925.6
5103106,731.5,761.74,857.3,772.22
5103205,785.44,907.21,961.6,876
5103254,876.44,888.53,948.6,897.58
5103304,811.56,852.58,844.8,836.27
5103353,757,838.58,819,805.22
5103361,621.81,622.05,607.6,618.76
5103379,821,890.21,978.3,885.18
5103403,692.94,724.74,763.8,722.11
5103437,554.81,592.89,602.8,581.56
5103452,736,742.21,767.4,745.6
5103502,764.94,775.16,865.9,791.69
5103601,711.12,697.58,796.5,724.38
5103700,864.88,964.63,967.7,929.84
5103809,528.88,575.89,596.7,563.8
5103858,780.5,867.11,897.4,843.04
5103908,711.81,728.47,848.1,749.13
5103957,524.81,567.53,554.3,549.4
5104104,817.56,918.47,961,892.04
5104203,733.38,778.05,818.5,771.16
5104500,552.44,588.16,628.5,584.42
5104526,825.88,845.26,895.9,849.62
5104542,820.12,883.79,889.7,862.47
5104559,817.06,883.32,952.6,875.16
5104609,658,660.89,676.2,663.27
5104807,671.56,722.89,728.5,705.89
5104906,546.44,637.53,653.2,608.62
5105002,539.06,587.84,622.3,578.16
5105101,785.62,880.11,896.6,850.18
5105150,797.44,800.42,884.2,817.98
5105176,824.19,892.42,932.2,877
5105200,663.62,689.32,665.6,674.91
5105234,606.12,623.58,628.8,618.53
5105259,787.94,752.84,886.5,795.02
5105309,727.94,827.95,833.1,793.53
5105507,553.5,593.95,579.9,576.44
5105580,838.44,924.47,979.5,906.11
5105606,824.19,898.21,967.5,887.29
5105622,542,583.74,570.4,565.93
5105903,742.75,766.63,778.4,760.76
5106000,744.69,745.79,808.8,759.4
5106109,575.75,597.05,593.9,588.78
5106158,823.12,937.53,1010.1,912.98
5106174,748.88,754.68,825,768.24
5106182,687.19,700.58,670.7,689.18
5106190,831.25,939.89,986.7,911.67
5106208,716.31,748.16,769.5,741.58
5106216,783.94,837,938.7,840.73
5106224,771.5,793.42,826.1,792.89
5106232,713.44,719.79,700.6,713.27
5106240,831.62,871.58,863.5,855.58
5106257,731.69,751.42,841.4,764.4
5106265,835.88,873.26,974.9,882.56
5106273,812.69,910.05,933.2,880.58
5106281,705,719.84,897.7,754.09
5106299,830,842.11,976.5,867.67
5106307,812.38,859.16,919.7,855.98
5106315,716,785,868.5,779.02
5106372,702.12,728.84,727.5,719.04
5106422,817.62,885.74,944.9,874.67
5106455,769.19,780.16,890.3,800.73
5106505,517.25,529.05,513.4,521.38
5106653,658,707.68,766.6,703.11
5106703,700.5,707.37,795.8,724.58
5106752,532.06,570.74,563.1,555.29
5106778,784.56,855.42,841.3,827.09
5106802,815.06,909.58,909.7,876
5106828,509.62,556.53,544.1,537.09
5106851,589.44,632.63,590.9,608
5107008,751.38,752.37,852.6,774.29
5107040,757.62,737.37,928,786.93
5107065,770.12,789.84,884.5,803.87
5107107,547.56,589.37,613.6,579.89
5107156,629.06,657.79,696,656.07
5107180,726.81,746.11,892.7,771.82
5107198,720.94,722.26,807.8,740.8
5107206,582.5,622,629.3,609.58
5107248,844.19,947.79,899.4,900.2
5107263,789.88,770.11,835.1,791.58
5107297,682.19,707.47,722.4,701.8
5107305,781.88,805.37,841.7,805.09
5107354,794.19,852,869.8,835.4
5107404,690.25,667.11,697.9,682.18
5107578,851.5,843.26,862.1,850.38
5107602,647.94,666.53,671.2,660.96
5107701,678.19,728.05,677.2,699.02
5107743,782.94,845.26,870.5,828.71
5107750,644.88,692.32,679.8,672.67
5107768,767,793.42,858,798.38
5107776,675.69,791.05,820,756.47
5107792,734.5,727.53,919,772.56
5107800,616.62,620.84,601,614.93
5107859,774.12,835,867.9,820.67
5107875,805.25,806.47,831,811.49
5107883,715.81,811.79,884.5,793.82
5107909,828.38,944.42,918.9,897.49
5107925,745.75,777.68,869.8,786.8
5107941,828.88,870.26,922.6,867.18
5107958,747,734.79,748.6,742.2
5108006,795.44,791.89,873.5,811.29
5108055,834.69,933.95,990.8,911.29
5108105,728.94,767.95,830.3,767.93
5108204,699.38,726.05,790.4,730.87
5108303,853.44,974.95,968.8,930.38
5108352,589.38,643.84,659.9,628.04
5108402,570.88,614,678.6,613.02
5108501,760.56,824.58,839.2,805.07
5108600,711.94,811.63,812,776.27
5108808,814.94,883.21,966.5,877.44
5108857,789.5,772.37,842.9,794.13
5108907,785,821.21,869.5,819.07
5108956,820.56,893.79,1021.9,896.22
5200050,677.5,720.84,818.8,727.2
5200100,710.56,812.63,816.2,777.13
5200134,625.56,607.95,755.9,647.09
5200159,716,825.42,840.1,789.78
5200175,617.5,746.58,791.8,710.73
5200209,699.25,684.37,782.1,711.38
5200258,671.12,759.21,819.6,741.31
5200308,668.06,734.68,788.1,722.87
5200506,772.5,730.05,886.7,779.96
5200555,755.25,862.05,966.1,847.2
5200605,651.62,714.21,807.9,712.78
5200803,567.81,612.63,703.3,616.84
5200829,698.69,817.16,920.5,798
5200852,719.56,820.58,840.4,789.07
5200902,732,761.84,891.2,779.98
5201108,714.25,792.21,810.3,768.51
5201207,747.88,703.42,845.2,750.73
5201306,669.31,752.05,804.2,734.22
5201405,696.88,710.32,792.3,723.76
5201454,651.38,598.95,711.2,642.53
5201504,731.88,653.47,748.1,702.38
5201603,635.88,718.47,785.3,703.96
5201702,700.94,735.95,833.2,745.11
5201801,691.62,700.79,819.3,723.87
5202155,797.69,856.74,912.2,848.07
5202353,749.12,803.37,919.9,809.98
5202502,764.31,799.42,889,806.84
5202601,682.25,718.84,824.5,729.31
5202809,610.25,697,734.3,674.44
5203104,722.69,717,803,738.13
5203203,684.81,757.37,828.5,747.38
5203302,778.06,775.63,861.5,795.58
5203401,730.19,753.95,863.5,769.84
5203500,712.75,654.95,745.6,695.64
5203559,706.12,739.32,753.8,730.73
5203575,702.56,816.11,916,797.93
5203609,641,669.58,790.2,686.22
5203807,751.62,803.47,907.2,808.09
5203906,691.19,717.58,777.8,721.58
5203939,758.06,819.95,890.3,813.58
5203962,575.31,594.11,678.9,606.27
5204003,623.62,675.79,762.6,676.53
5204102,648.69,575.47,685,625.84
5204201,655.31,694.89,805.3,705.36
5204250,700.62,714,722.6,711.16
5204300,649.19,597.79,663.3,630.62
5204409,691.06,670.63,785.8,703.49
5204508,712.38,695.95,756.6,715.27
5204557,716.12,737.42,794.3,742.49
5204607,645.69,703.26,785.3,701.02
5204656,792.44,857.21,949.4,854.67
5204706,804.38,869.05,980,870.71
5204805,685.31,627.68,819.6,690.82
5204854,667.31,723.79,779.8,716.16
5204904,619.12,713.05,786.3,695.93
5204953,755.88,853.68,931.5,836.2
5205000,745.94,825.16,870.4,807.04
5205059,683.25,650.84,747.7,683.89
5205109,704.62,638.74,847.4,708.53
5205208,634.19,681.42,755.9,681.18
5205307,624.06,691.58,806.6,693.13
5205406,750.38,834.32,919.1,823.31
5205455,631.12,676.68,789.3,685.51
5205471,738.31,723,721.6,728.13
5205497,653.5,706.58,755.2,698.51
5205513,709.56,793.63,845.9,775.36
5205521,667.31,763.74,834.9,745.27
5205703,722.31,754.16,862,766.8
5205802,694.94,774.26,835.4,759.64
5205901,706.38,660.32,802.4,708.27
5206206,706.44,713.21,793.6,728.67
5206305,757.5,747.21,863.2,776.64
5206404,784.19,872.79,951,858.67
5206503,752.75,750.74,929.8,791.24
5206602,764.38,716.21,852.3,763.58
5206701,632.06,615.47,745.6,650.29
5206800,637.62,672.53,772.3,682.29
5206909,745.81,674.95,829.5,734.49
5207105,775.38,808.37,934.7,824.71
5207253,692.81,668.68,784.6,703.02
5207352,680.69,659.89,816.8,702.16
5207402,679.06,663.42,789.1,696.91
5207501,795.94,872.11,990.1,871.24
5207535,794.19,862.11,917.5,850.27
5207600,762.69,795.05,917.4,810.73
5207808,639.75,733.16,783.2,711.07
5207907,590.88,634.95,737.8,642.13
5208004,640.62,685.05,800.9,695
5208103,798.94,870.26,989.7,871.44
5208152,725.31,777.84,836.9,772.29
5208301,577.44,667.47,728,648.91
5208400,692.94,741.05,777.9,732.13
5208509,717.88,677.58,836.7,727.27
5208608,710.94,756.63,801.7,750.4
5208707,676.06,717.68,770.3,714.58
5208806,640.19,671.74,784.1,685.49
5208905,802.31,868.89,939,860.8
5209101,713.06,668.32,769,706.6
5209150,693.31,653.11,733.3,685.22
5209200,684.5,699.37,834.4,724.09
5209291,808.5,861.11,937.3,859.33
5209408,538.31,638.37,662.5,608.16
5209457,760,866.42,956.1,848.51
5209606,779.56,802.47,896.5,815.22
5209705,747.44,746.47,897.6,780.4
5209804,749.62,842.26,927.9,828.36
5209903,527.06,621.05,645.5,593.07
5209937,696.25,673.05,722.6,692.31
5209952,595.62,643.05,750.8,650.13
5210000,653,725.74,809.5,718.49
5210109,698.25,649.05,812.9,702.96
5210158,761.75,878.58,938.7,850.4
5210208,739.81,776.84,898.7,790.76
5210307,730.19,761.95,878.9,776.64
5210406,710.94,794.11,819.9,770.27
5210562,723.25,750.68,855.5,764.22
5210604,760.38,794.32,876.8,800.58
5210802,696.62,652.42,680.2,674.31
5210901,754.31,880.68,931.8,847.11
5211008,769.75,831,917,828.33
5211206,759.62,850.68,907.5,830.93
5211305,670.94,633.05,676.4,656.16
5211404,695.56,754.26,809.8,745.73
5211503,719.19,747.53,785.5,745.89
5211602,726.19,758.89,898.8,778.36
5211701,603.5,659.32,742.6,657.98
5211800,755.62,809.37,866.2,802.89
5211909,670.06,588,682.7,638.22
5212006,790.62,816.68,953.1,837.73
5212055,737.69,764.89,861.4,776.67
5212105,708.06,686.63,789.8,717.18
5212204,727.38,794.74,902.7,794.78
5212253,677.94,659.05,653.8,664.6
5212303,743.06,782.47,856.1,784.82
5212501,684.12,707.26,776.4,714.4
5212600,726.38,698.74,902.9,753.93
5212709,622.5,625.79,722,646
5212808,723.19,810.74,930.9,806.31
5212907,697.62,670.21,767.1,701.49
5212956,766.31,819.84,904.3,819.58
5213004,685.38,637.32,733,675.67
5213053,635.62,757.37,817.1,727.36
5213087,745.88,834.11,947.8,828
5213103,665.88,665.11,693.9,671.78
5213400,703.31,732.32,855.9,749.47
5213509,572.12,635.74,713.4,630.38
5213707,745.69,812,944.5,817.87
5213756,647.06,617.89,762.8,660.47
5213772,718.25,810.32,948.8,808.36
5213806,768.56,728.05,858.7,771.49
5213855,775.62,868.32,905.5,843.62
5213905,734.25,826.16,857.5,800.44
5214002,776.06,817.79,902.2,821.71
5214051,720.44,764.79,846.8,767.24
5214101,726.25,838.37,956.2,824.69
5214408,617.44,709.74,731.8,681.82
5214507,675.62,725.11,793.9,722.8
5214606,710.44,808.63,866.2,786.51
5214705,763.5,887.32,940.3,855.07
5214804,691.69,632.21,784.9,687.29
5214838,742.5,758.05,848.8,772.69
5214861,757.44,877.05,933.9,847.16
5214879,766.12,854,943.9,842.73
5214903,584.81,631.89,736.5,638.4
5215009,641,669.58,790.2,686.22
5215207,765.88,829.11,913.8,825.44
5215231,675.19,706.21,780.4,711.67
5215256,701.88,819.32,925.1,801.07
5215306,739.56,698.89,841.6,745.07
5215405,644.06,687.84,772.8,691.16
5215504,724.81,702.47,838.2,740.58
5215603,654.12,767.84,811.2,737.04
5215652,730.44,701.26,903.6,756.6
5215702,622.12,700.11,734.1,679.93
5215801,701,675.16,785.2,708.8
5215900,618.56,712.95,731,683.4
5216007,698.62,721.37,754.6,720.67
5216304,653.44,602.26,685.1,638.87
5216403,610.12,637.26,761.4,655.2
5216452,639.38,633.11,673.4,644.29
5216809,714.06,757.42,859.3,764.64
5216908,755,840.79,947.8,834.07
5217104,747.44,749.32,853.4,771.78
5217203,749.19,736.37,894.7,776.11
5217302,756.31,814.63,844.3,800.49
5217401,714.19,690.58,793.9,721.93
5217609,611.56,728.53,717.5,684.49
5217708,696.44,674.95,831.2,717.31
5218003,716.62,828.26,955,816.73
5218052,690.81,660.16,753.2,691.73
5218102,664.44,675.68,707.9,678.84
5218300,539,630.11,683.9,609.67
5218391,750.88,743.84,918.6,785.18
5218508,638.25,604.32,702.8,638.27
5218607,721.5,780.16,829.4,770.24
5218706,724,784.21,829.5,772.87
5218789,703,703.79,758.6,715.69
5218805,636.31,607.16,761.8,651.89
5218904,764.94,863.84,930.4,843.47
5219001,725,808.53,837.6,785.29
5219100,576.88,705.53,707.1,660.13
5219209,733.12,721.84,823.6,748.47
5219258,752.19,811,910.6,812.22
5219308,664,644.37,774.2,680.2
5219357,719.44,767.58,847.1,768.13
5219407,683,713.53,761.3,713.29
5219456,711.69,770.47,858.2,769.07
5219506,729.94,756.26,850.8,767.91
5219605,789.38,873.16,1011,874
5219704,755.44,826.47,911.5,820.11
5219712,656.25,619.63,764.4,664.82
5219738,657.5,713,786.7,709.64
5219753,651.44,719.16,765.8,705.44
5219803,539.75,643.47,674.1,613.4
5219902,727.5,793.89,840,780.53
5220009,608.88,692.11,769.7,679.76
5220058,621.44,707.63,759.2,688.44
5220108,635.81,751.47,773.8,715.31
5220157,745.38,835.26,894.6,816.49
5220207,732.19,801.58,893.1,797.24
5220264,782.81,770.47,913.5,806.64
5220280,753.69,830.84,877.4,813.76
5220405,665.62,600.63,671.2,639.42
5220454,678.94,719.95,745.6,711.07
5220504,714.5,712.79,691.9,708.76
5220603,725.62,752.21,833.8,760.89
5220686,532.25,597.47,666.2,589.56
5220702,620.81,609.37,761.4,647.22
5221007,708.94,750.47,821.6,751.51
5221080,601.81,638.42,759.3,652.27
5221197,677.31,738.05,780.9,725.98
5221304,729.56,707.89,854.8,748.24
5221403,647.81,701.58,780.2,699.93
5221452,780.44,856,985.8,857.98
5221502,618.5,749.21,743.3,701.42
5221551,658.38,644.32,760,675.02
5221577,730.19,823.79,923.9,812.76
5221601,754.5,827.26,903.1,818.24
5221700,752.19,802.89,869.9,799.76
5221809,692.94,649.74,807,700.04
5221858,692,722.21,777.8,723.82
5221908,641.81,683.16,802.6,695
5222005,731.06,707.32,858.3,749.31
5222054,704.56,685.47,772.4,711.58
5222203,619.25,686.84,785,684.62
5222302,685.88,761.05,811,745.42
5300108,628.69,702.05,660.8,666.8
