code_muni,en,ln,n,med
1100015,484.12,495.37,476.3,487.07
1100023,616.18,544.11,579.1,578.35
1100031,505.59,509,490.3,503.67
1100049,526.88,507,509.1,514.8
1100056,472.94,471.26,471.3,471.89
1100064,509.35,522.21,506.6,514.07
1100072,474.82,490.95,475.1,481.54
1100080,425.88,455.58,479.3,449.76
1100098,504,513.63,503.9,507.96
1100106,441.82,452.68,497.5,458.41
1100114,608.88,555.16,533.9,570.39
1100122,587.76,534.37,545.5,556.52
1100130,698.94,659.26,669,676.04
1100148,519.71,511.74,474.5,506.59
1100155,590.24,531.37,557.2,558.74
1100189,489.06,503.58,502.1,497.89
1100205,609,609.26,636.9,615.17
1100254,548.29,497.37,531.3,523.57
1100262,680.06,632.37,612.6,645.7
1100288,492.18,497.68,486.7,493.26
1100296,492.71,493.53,487.6,491.93
1100304,515.94,530.37,498.4,518.09
1100320,503.82,515.89,488,505.37
1100338,515.82,532.26,531.2,525.96
1100346,554.59,527.58,500.6,531.7
1100379,486.24,490.68,481.1,486.96
1100403,635.82,583.95,605.2,607.74
1100452,617.82,624.26,587.2,613.83
1100502,506.53,502.26,475.3,497.98
1100601,587.88,531.47,554.9,557.41
1100700,597.47,629.74,579.1,606.8
1100809,698.71,673.74,739.9,697.35
1100908,532,488.89,497.4,506.67
1100924,469.53,499,489.3,486
1100940,701.59,652.79,660,672.39
1101005,603,571.58,545.5,577.52
1101104,691.12,649.11,681.4,671.65
1101203,544.71,498.26,531.2,522.59
1101302,588.18,545.95,524.3,556.85
1101401,598.71,583.84,585.3,589.65
1101435,595.59,529.16,520,551.72
1101450,478.12,492.79,491.2,487.02
1101468,476.29,469,475.9,473.2
1101476,491.24,492,510.6,495.76
1101484,481.71,489.53,503.2,489.61
1101492,459.94,485.63,479.7,474.85
1101500,491.47,512.58,497.5,501.5
1101559,578.41,525.47,537.7,547.7
1101609,671.29,588.95,571,615.48
1101708,571.06,525.95,527,542.85
1101757,664.24,611.84,613.5,631.57
1101807,612.59,546.26,561.7,574.13
1200013,552.65,603.05,590,581.59
1200054,460.24,477.63,481,471.93
1200104,459.88,471.53,472.7,467.48
1200138,489,529.53,583.1,526.2
1200179,483.53,557.63,563.2,531.46
1200203,624.24,666.05,670.3,651.52
1200252,462.76,476.11,465.2,468.8
1200302,559.29,667.05,651.7,623.89
1200328,579.76,668.16,576.4,615.54
1200336,656.41,677.89,692,673.02
1200344,483.59,585.47,624.4,556.28
1200351,573.24,647.37,588.1,607.09
1200385,502.94,579.16,591.1,553.59
1200393,596.94,658.68,612,625.72
1200401,486.35,522.68,541.6,513.37
1200427,641.59,673.32,672,661.3
1200435,506.88,599.16,635.6,572.98
1200450,510.82,604.26,602.5,569.35
1200500,488.41,510.63,559.4,513.02
1200609,622.53,704.26,605.1,652.5
1200708,456.41,490.84,493.4,478.67
1200807,509.59,603.63,597,567.43
1300029,901.76,888.05,923.3,900.78
1300060,800.71,779.84,814,794.98
1300086,810.59,847.16,857.1,835.8
1300102,820.47,830.11,852.2,831.35
1300144,732.35,835.68,815.8,793.17
1300201,715.53,783.32,725.7,745.74
1300300,769.29,815.58,849.6,805.87
1300409,853.65,837.42,876.1,851.83
1300508,852.29,910.79,828.8,871.35
1300607,739.18,807.21,755,770.72
1300631,823.12,864.63,849.8,846.07
1300680,836.53,889.53,810.4,852.74
1300706,534.29,571.84,606.6,565.52
1300805,757.24,790.95,808.9,782.39
1300839,808.71,834.79,840,826.28
1300904,714.71,738.11,766.6,735.65
1301001,778.41,796.58,783.9,787.11
1301100,766.47,851.37,882,826.65
1301159,804.41,858.11,896.6,846.63
1301209,801.35,822.11,845.3,819.48
1301308,825.47,839,840.1,834.24
1301407,625.29,683.11,717.9,669.3
1301506,604.76,677.47,720.1,659.87
1301605,932.06,931.63,901,925.13
1301654,676.53,690.53,688.5,684.91
1301704,715,762.21,723.4,736.33
1301803,640,665.16,678,658.65
1301852,786.76,837.89,876.8,827.46
1301902,763.88,852.84,788.1,805.89
1301951,715.12,814.84,720.4,757.46
1302009,815.59,916.89,801.8,854.43
1302108,864.76,833.21,991.6,879.3
1302207,881.71,879.11,893.2,883.13
1302306,806.71,846.32,834.8,829.17
1302405,623.06,676.95,613.6,643.26
1302504,756.53,770,814,774.59
1302553,801.94,828.53,868.8,827.46
1302603,839.65,889.74,960.9,886.7
1302702,724.82,753.11,726.8,736.93
1302801,910.24,870.21,935.7,899.24
1302900,790.06,857.74,776.7,815.11
1303007,934.47,974.53,916.1,947.02
1303106,815,837.11,832.5,827.93
1303205,900.47,900.32,903.1,900.98
1303304,777.65,846.21,827.7,816.85
1303403,908.82,923.95,877,908.15
1303502,643.18,723.47,681.6,684.7
1303536,928.41,944.37,968.2,943.65
1303569,857.24,925.89,930.1,901.43
1303601,828.76,851.37,843,841.2
1303700,776.94,734.58,782.6,760.67
1303809,929.24,994.74,1016,975.15
1303908,792.88,810.84,779.4,797.37
1303957,897.71,988.32,810.6,916.2
1304005,784.35,909.53,798.5,839.13
1304062,742.53,746.84,733.7,742.39
1304104,818.65,867.16,886.1,853.35
1304203,844.71,878.95,881.7,866.89
1304237,817.18,819.89,893.4,834.87
1304260,909.47,857.37,926.4,891.63
1304302,901.41,969.53,933.8,936.59
1304401,825.76,876.47,822.3,845.96
1400027,588.24,694.42,654.4,646.48
1400050,593.94,700,652.3,650.43
1400100,476.53,506.11,458.9,484.91
1400159,507.65,526.11,484.1,510.15
1400175,568.12,607.21,525.8,575.07
1400209,656.71,695.05,693.7,680.59
1400233,744.29,819.16,728.5,771.78
1400282,609.82,722.42,619.9,658.52
1400308,540.29,676.84,559.8,600.93
1400407,411.59,379.26,414.8,398.93
1400456,458.53,490.58,433.9,466.41
1400472,834.18,873.79,843.5,852.57
1400506,779.29,818.37,772.1,793.87
1400605,742.53,790.63,728.9,759.43
1400704,401.35,385.37,398.8,394.2
1500107,1021.41,1201.89,1115.3,1116.37
1500131,613.12,819.11,669.7,710.5
1500206,1053.82,1264.47,1091.1,1148.93
1500305,985.82,1047.63,1078.8,1031.57
1500347,573.82,677.63,584.5,619.02
1500404,839.47,1031.26,853.5,921.74
1500503,888.53,946.68,898,914.61
1500602,672.59,770.74,670,712.57
1500701,1121.76,1229.21,1037.6,1147.85
1500800,1102.35,1210.53,1126.9,1152.37
1500859,848.06,1029.63,871.5,928.15
1500909,1097.65,1215.47,1157.4,1159.3
1500958,1025.29,1251.63,1015.3,1116.61
1501006,779.47,860.05,773.7,811.5
1501105,1171.29,1303.63,1118.1,1214.39
1501204,998,1143.16,991.6,1056.57
1501253,565.29,615.58,555.4,583.91
1501303,1059.47,1217.79,1116.1,1137.17
1501402,1098.65,1193.16,1092.3,1136.3
1501451,859,963.53,827.2,895.26
1501501,1098.94,1203.11,1116,1145.67
1501576,603.35,812.68,639.9,697.76
1501600,1012.88,1127.84,1096.7,1078.59
1501709,1103.12,1231.84,1124.7,1160.98
1501725,803.65,1012.26,822.5,893.91
1501758,512.65,711.58,565.1,606.22
1501782,875.88,1024.21,921.4,947.04
1501808,1043.47,1112.32,970.9,1056.13
1501907,1034.71,1139.05,1028.4,1076.43
1501956,946.76,992.95,982.4,973.59
1502004,1165,1289.16,1168.8,1217.11
1502103,1125.12,1302.53,1069.7,1186.35
1502152,544.06,696.32,562.2,610.89
1502202,1126,1275.16,1189.4,1201.39
1502301,968,1120.26,1012.3,1040.52
1502400,1006.35,1117.26,1136.4,1080.43
1502509,1205.82,1276.95,1269.2,1248.98
1502608,1194,1327.63,1190.1,1248.35
1502707,536,619.79,562.2,576.3
1502756,1035.24,1139.95,1012.4,1073.52
1502764,491.82,541.84,545,524.04
1502772,558.35,748.42,563.5,637.98
1502806,1101.35,1232.58,1038.3,1141.85
1502855,895.06,1011.68,840.3,931.33
1502905,1244.35,1394.42,1290.9,1316.46
1502939,663.47,866.63,722.4,760.2
1502954,576.94,782.26,581.6,662.76
1503002,965.94,1000.89,949.6,976.83
1503044,555.71,627.68,539,581.8
1503077,950.76,1091.47,994.9,1018.48
1503093,828.82,986.58,860,900.76
1503101,1002.41,1052.21,942.8,1010.02
1503200,1067.94,1225.79,1157.2,1152.54
1503309,1037.18,1270.58,1064.3,1139.48
1503408,994.35,1097.89,1060.4,1051.48
1503457,933.24,1138.79,942.1,1020.07
1503507,973.41,1076.89,1034.7,1029.48
1503606,775.12,856.21,774.7,808.52
1503705,607.88,838.37,650.9,712.43
1503754,713.29,747.79,664,716.83
1503804,727.71,911.32,758,810.13
1503903,918.71,993.21,825.8,929.28
1504000,1058.94,1276.74,1051.2,1147.22
1504059,1006.47,1193.16,1008.6,1084.04
1504109,1238.82,1366.53,1284.1,1301.41
1504208,595.53,809.58,613.1,687.76
1504307,1322.76,1429.37,1419,1387.72
1504406,1226.71,1360.37,1266.9,1290.65
1504422,1102.35,1210.53,1126.9,1152.37
1504455,800.24,945.42,747.5,848.74
1504505,1037.88,1088.74,902.6,1029.48
1504604,1088.71,1235.32,1050.8,1141.02
1504703,1052.59,1230.84,1053.6,1126.43
1504752,838.24,976.74,814.5,890.28
1504802,837.35,970.21,837.9,892.35
1504901,1039,1209.05,1000.2,1100.8
1504950,908.06,1031.11,905.4,958.3
1504976,655.94,839.63,676.5,736.28
1505007,1076.06,1201.21,1170.8,1148.35
1505031,700.47,731,692.7,711.39
1505064,773.82,1006.58,799.1,875.46
1505106,933.76,1048.11,969.8,988.83
1505205,1145.47,1290.21,1080.6,1191.15
1505304,980.29,1057.58,1045.9,1026.48
1505403,1035.41,1135.47,1117,1094.48
1505437,572.47,610.26,595.9,593.17
1505486,939.65,1093.63,952.8,1006.11
1505494,498.94,711.79,581.2,604.74
1505502,806.59,1015.68,820,895.87
1505536,574.76,730.37,596,643.65
1505551,553.24,611.47,543,575.07
1505601,1101.41,1242.47,1212,1183.72
1505635,534.06,698.58,555.3,606.63
1505650,710.94,883.16,714.8,782.91
1505700,1098.41,1217.05,1077.4,1142.85
1505809,1211.24,1243.58,1124,1205.63
1505908,957.41,1021.26,863.4,963.35
1506005,845.65,956.79,800.7,881.78
1506104,1211.88,1315.53,1262.6,1265.72
1506112,1253.12,1367.79,1281.7,1306.7
1506138,533.35,595.42,536.5,559.67
1506161,545.88,621.89,528.1,573.41
1506187,688.88,873.32,717.5,771.28
1506195,700.24,845.32,727.7,766.13
1506203,1347.65,1478.16,1441,1421.85
1506302,1218.76,1326,1224.2,1264.24
1506351,1132.65,1220.84,1143,1171.33
1506401,1178.18,1262.74,1160,1209.15
1506500,1061.47,1135.53,1089.7,1098.2
1506559,1003,1069.21,1038.3,1038.02
1506583,483.76,567,540.3,530.43
1506609,1004,1089.05,1097.4,1059.43
1506708,469.76,502.11,524.5,495.02
1506807,922.18,1002.95,851.7,940.22
1506906,1231.53,1368.68,1291.1,1301.13
1507003,1120.82,1224.89,1141.1,1168.22
1507102,1217.53,1316.05,1227.8,1260.46
1507151,563,772.63,590.9,655.65
1507201,1022.65,1126.95,1023.4,1065.89
1507300,579.18,618.26,577.6,594.98
1507409,997.12,1095.84,1133.9,1067.63
1507458,564.47,742.42,596.9,645.02
1507466,1228.59,1353.47,1243.4,1283.39
1507474,1326.35,1481.58,1424,1411.7
1507508,572,774.53,595.8,660.83
1507607,978.29,1061.95,1076.7,1034.24
1507706,1053.18,1233.58,979.4,1111.65
1507755,530.18,665.89,515.8,583.11
1507805,799.82,974.47,845.7,881.93
1507904,1234,1337.95,1242,1278.67
1507953,950.35,1196,1000.4,1062.7
1507961,1087.88,1181.95,1137.8,1137.59
1507979,909.53,1010.11,900.3,949.07
1508001,1006.76,1260.79,1012.6,1112.96
1508035,1156.82,1292.63,1199.2,1222.13
1508050,779.29,887.16,818.8,832.43
1508084,597.29,635.79,588.9,611.37
1508100,848.82,1036.16,917.6,941.15
1508126,694.18,888.21,714.9,778.83
1508159,700.88,830.42,659.2,745.33
1508209,1165.41,1279.47,1141.5,1207.33
1508308,1004.53,1125.42,1077.1,1070.24
1508357,907.06,1063.79,950,981.13
1508407,530.76,659.84,521.4,582.04
1600055,1102.76,1119.32,1142.6,1118.26
1600105,1452.47,1615.79,1508.6,1532.13
1600154,969.94,951.11,1042,977.83
1600204,1495.71,1687.63,1545.5,1585.8
1600212,1213.18,1259.11,1332.2,1258.02
1600238,977.47,926.95,1043.3,970.91
1600253,1070.29,1137,1237.8,1134.26
1600279,901.41,948.84,938.6,929.09
1600303,1070.29,1137,1237.8,1134.26
1600402,924.53,918.58,963.1,930.46
1600501,1415.47,1531.11,1492.1,1479.89
1600535,941.29,887.89,961.6,923.65
1600550,1359.06,1445.74,1439.8,1412.41
1600600,975.29,1013.42,1005.8,997.67
1600709,1247,1282.42,1335.1,1280.78
1600808,1014.35,1050.47,960.6,1017.59
1700251,507.41,577.37,586.8,553.57
1700301,437.41,586.16,527,518.33
1700350,396.12,423.42,450.8,419.28
1700400,402.59,414.11,414.3,409.89
1700707,337.24,341.89,400.7,352.96
1701002,499.24,675.79,562.4,585.89
1701051,471.41,650.21,571.6,567.04
1701101,417.18,505.68,477.8,466.91
1701309,529.71,696.95,598.5,613.74
1701903,485.24,566.32,582.9,539.96
1702000,348.76,355.84,409.7,364.93
1702109,527.06,636.95,600.3,588.37
1702158,536.41,688.74,590,610.98
1702208,516.94,698.42,588.7,607.5
1702307,531.24,588.68,553.3,559.76
1702406,287.12,272.26,371.1,299.24
1702554,531,696.84,589.6,612.24
1702703,386.94,342.63,458.3,384.15
1702901,476.65,641.74,554.7,561.8
1703008,492.06,585.42,559.4,545.26
1703057,511.53,591.89,557.2,554.65
1703073,457.06,540.47,486.2,497.85
1703107,496.06,559.26,553.3,534.61
1703206,523.35,591.84,567.4,561.22
1703305,460.06,524.11,502,495.63
1703602,481.41,600.16,519.6,538.76
1703701,420.88,457.26,486.8,450.24
1703800,536,745.53,602.7,637.04
1703826,478.82,633.26,526.2,552.91
1703842,405.71,468.42,411.9,432.96
1703867,356.94,378.89,404.7,376.39
1703883,517.29,664,619.2,600.04
1703891,546.94,742.05,603.4,639.8
1703909,461.53,533.26,567.7,514.24
1704105,462.88,523.11,481.7,491.85
1704600,494.12,564.53,543.3,533.89
1705102,399.41,394.05,435,404.93
1705508,493.88,591.47,540.5,544.33
1705557,339.53,313.26,432.4,348.87
1705607,303.47,314.53,357.4,319.76
1706001,508.53,588.68,531,546.52
1706100,487.71,507.95,518,502.65
1706258,423.41,460.63,474.3,449.85
1706506,464,605.37,537.3,538.33
1707009,387.94,402.11,396.2,395.59
1707108,500.53,576.05,580.7,549.15
1707207,513.65,583.37,541.6,548.52
1707306,411.29,426.32,434.9,422.63
1707405,576.76,773.32,610.2,665.22
1707553,462.35,492.63,521.6,487.74
1707652,346.41,361.42,394.4,363.04
1707702,481.88,560.37,521.7,522.96
1708205,376.24,378.53,436.9,390.37
1708254,480.53,552.68,506.6,516
1708304,511.88,591.79,552.2,553.65
1709005,468.06,536.63,488,500.72
1709302,466.76,552.32,491.3,507.43
1709500,364.18,387.21,416.9,385.15
1709807,433.82,425.26,476.3,439.52
1710508,471.76,549.58,493.2,508.57
1710706,456.29,591.74,555.6,533.83
1710904,476.94,590.11,508.2,530.48
1711100,489.88,593.37,510.4,537.09
1711506,320.47,340.89,367.1,339.04
1711803,516.76,589.16,551.4,554.2
1711902,442.18,430.89,479,445.52
1711951,415.12,481.05,470.6,454.41
1712009,441.59,522.58,487.8,485.09
1712157,346.24,318.74,419.5,350.8
1712405,381.59,464.89,435.7,427.76
1712454,459.71,624.32,548.9,547.09
1712504,456.88,533.21,566.6,512.26
1712702,288.18,398.89,373.8,352.52
1712801,454.88,591.32,555.8,533.17
1713205,471.71,549.05,532,516.76
1713304,491.82,561,520.8,526.7
1713601,424.29,455.32,501.7,453.93
1713700,510.18,577.32,559.5,548.63
1713809,459.12,593.32,541,532.35
1713957,532.82,681.47,592.2,607.13
1714203,376.12,366.26,403.8,378.07
1714302,453.59,633.74,550.5,549.07
1714880,496.82,618.21,568.7,562.59
1715002,469.12,528.42,535.1,507.96
1715101,406.35,482.63,465.7,450.76
1715150,351.82,305.84,412.6,346.04
1715259,397.88,396.47,421,402.33
1715507,465.71,535.63,532.7,509.15
1715705,472.59,600.32,535.2,538.96
1715754,326.18,354.26,321.1,336.67
1716109,483.94,547.42,551.9,524.93
1716208,268.76,298.16,306.9,289.2
1716307,535.35,621.63,571.6,578.87
1716505,453.82,500.21,473.2,477.2
1716604,321.06,329.47,391.7,339.89
1716653,501.71,589.37,524.1,542.78
1716703,487.24,571.21,518.5,528.72
1717008,427.12,437.11,438.6,433.74
1717206,509.82,661.79,577.7,587.35
1717503,462.12,507.37,561.8,502.48
1717800,386.71,356.68,428.6,383.41
1717909,430.29,466.05,436,446.3
1718006,381.35,400.11,404.2,394.07
1718204,471.71,505.42,541.2,500.74
1718303,510.76,676.79,587.7,596.07
1718402,476.53,589.68,495.5,527.39
1718451,478.59,543.32,551,521.07
1718501,469.41,526.79,463.7,491.87
1718550,496.24,664.37,571.3,582
1718659,404.53,403.95,445.4,413.17
1718709,472,528.42,511.3,503.85
1718758,410.59,488.11,449.6,451.09
1718808,540.88,715.26,617.6,629.59
1718840,360.88,357.58,397.8,367.54
1718865,543.41,666.26,596.4,605.67
1718881,479.65,529.63,502,505.15
1718899,451.24,491.79,499.8,478.54
1718907,404.06,397.84,455.5,412.67
1719004,419.29,468.53,480,452.83
1720002,454.59,629.79,564.5,550.85
1720101,479.47,651,539.2,563.3
1720150,355.65,477.37,402.1,416.02
1720200,467.94,617.63,548.4,547.26
1720259,285.59,311.32,338.5,307.72
1720309,579.35,780.63,623.1,672
1720499,350.41,349.79,390.7,358.91
1720655,406.29,409.95,470.3,421.72
1720804,473.24,627.05,548.1,553.04
1720853,323.06,329.05,379.4,337.78
1720903,380.71,346.95,442.3,380.15
1720937,341.71,323.63,378.7,342.28
1720978,328.35,346.26,370.7,344.96
1721000,421.71,493.26,492.5,466.65
1721109,436.94,505.53,469.1,472.26
1721208,426.94,608.63,531.2,524.65
1721257,456.06,529.26,492.6,494.24
1721307,483.88,602.89,515.3,539.87
1722081,500.71,656.05,582.4,582.63
1722107,515.71,676.05,572,594.17
2100055,608.94,796.05,590.7,682.26
2100105,652.29,900.37,773.7,781.15
2100154,602.71,880.53,734.1,746.02
2100204,1020.88,1229.68,1106.4,1125.72
2100303,645.65,854.05,715,746.8
2100402,794.94,961.58,859.8,877.87
2100436,664.76,895.26,773.9,783.7
2100477,759.82,913.47,801.1,832.26
2100501,330.53,426,366.9,377.87
2100550,1024.29,1163.42,1051.7,1087.72
2100600,410.41,539.47,446.4,471.54
2100709,825,1069.84,866.5,935.15
2100808,733.76,1028.79,813.7,873
2100832,1026.71,1262.79,1106.6,1141.59
2100873,887.47,978.21,819.9,910.26
2100907,594.18,870.79,721.6,736.13
2100956,468.76,611.37,503.6,535.24
2101004,818.29,1026.68,856,912.57
2101103,874.18,1137,963.5,1002.15
2101202,679.88,934.26,787.2,808.28
2101251,869.41,1118.53,944.5,988.63
2101301,1019.47,1256.21,1093.4,1133.33
2101350,988.65,1160.32,1022.5,1066.91
2101400,364.12,461.68,400.6,412.35
2101509,325.53,447.21,436.4,399.89
2101608,391.71,532.95,457.6,464.37
2101707,716.12,939.21,727.6,810.76
2101731,751.35,967.11,791.4,849.17
2101772,836.47,992.42,876.8,909.65
2101806,305.06,369.47,330.1,337.11
2101905,995.59,1158.95,1043.9,1073.57
2101939,652.53,872,761.1,766.78
2101970,1016,1108.05,1038.6,1058.93
2102002,653.94,818.37,682.6,728.09
2102036,589,749.05,570.6,651.11
2102077,709.76,934.16,834.9,829.65
2102101,723.47,1011,809,860.83
2102150,739.12,901.84,842.5,828.8
2102200,741.06,1024.58,845.4,880.85
2102309,437.65,561.47,489.2,500
2102325,582.53,743.32,582.1,648.85
2102358,441.06,566.16,519.9,509.87
2102374,827.18,1076.58,872.2,939.98
2102408,931.71,1121.74,950.1,1014.2
2102507,870.41,1065.89,896.4,956.8
2102556,416.82,560.58,526.4,500.02
2102606,1022.65,1176.11,1051.1,1092.22
2102705,793.59,1013,839.5,894.2
2102754,642.12,823.05,718.4,733.43
2102804,437.12,520.26,491.9,483.37
2102903,1055.76,1187.74,1095.9,1119
2103000,606,784.68,668.3,693.35
2103109,963.18,1218.95,1046.5,1086.93
2103125,979.76,1164.58,1024.6,1065.85
2103158,904.88,955.32,858.3,915.59
2103174,859.82,956.26,816.8,890.3
2103208,734.94,1006.32,871.1,876.63
2103257,566.65,754.42,624.3,656.74
2103307,628.18,817.89,697.4,721.59
2103406,661.12,908.47,767,786.3
2103505,435.82,491.95,451,462.3
2103554,785.18,1017.84,828.7,890.74
2103604,680.76,874.58,770.7,780.37
2103703,1000.88,1238.58,1073.4,1114.83
2103752,454.35,589.84,533.1,527.43
2103802,557.18,703.63,653.5,638.61
2103901,737.24,994.11,824.3,862.26
2104008,571.47,792.42,674.4,685.11
2104057,433.71,554.47,513.7,500.98
2104073,331.71,437.79,386.2,387.37
2104081,348.06,480,379.5,409.39
2104099,327.41,481.89,385.1,403.76
2104107,309.24,390.74,370.7,356.26
2104206,457.41,565.89,498.1,511.07
2104305,1046.82,1220.74,1123.7,1135.37
2104404,550,688.37,627.4,623.98
2104503,603.29,740.21,686,677.83
2104552,434.82,575.05,547.4,517.22
2104602,483.41,595.68,535.6,541.13
2104628,455.59,574.42,503.6,515.11
2104651,876.06,1002.21,858.5,924.35
2104677,981,1045.79,941.8,999.24
2104701,461.65,565.42,519.9,517.17
2104800,360.24,525.79,425.4,442.78
2104909,977.06,1203.32,1057.2,1087.93
2105005,830.06,1087.16,912.1,954.09
2105104,886.41,1143.37,959.3,1008.39
2105153,835.76,1017.74,854.6,915.02
2105203,653.41,911.26,793,790.26
2105302,514.94,651.05,572.6,583.7
2105351,438.18,588.16,476.7,508.5
2105401,787.24,1024.11,832.4,894.89
2105427,631.53,818.32,615.7,705.24
2105450,433.82,530.74,470.1,481.74
2105476,384.76,527.58,456.5,459.35
2105500,496.35,627.68,530,557.91
2105609,546.53,711.11,614.1,629.2
2105658,942.41,999.84,941.8,966
2105708,622.76,817.47,743.4,729.41
2105807,670.35,902.74,799,794.3
2105906,722.24,966.58,805.5,841.26
2105922,426.94,569.95,500.9,502.09
2105948,670.35,902.74,799,794.3
2105963,542.71,734.68,625.5,640
2105989,388.65,550.95,487.6,477.2
2106003,658.24,874.89,744.6,766.5
2106102,295,370.37,326.1,332.89
2106201,1052.29,1218.47,1126.9,1137.15
2106300,608,823.37,683.5,713.37
2106326,980,1055.79,959.7,1006.89
2106359,634.24,779.11,723.9,713.57
2106375,893.35,937.74,844.2,901
2106409,724.82,1045.68,848.9,884.33
2106508,929.47,1048.89,919.8,976.7
2106607,545.06,685.53,579.9,610.65
2106631,746.24,979.68,837.4,862.48
2106672,697.18,939.16,747.4,808.04
2106706,362.53,496.58,386.1,423.02
2106755,767.59,1017.74,828.6,884.17
2106805,970.12,1193.63,1031.9,1075.87
2106904,893.94,1027.42,865.9,942.98
2107001,410.35,569.26,514.6,498.65
2107100,850.88,1083.37,864.3,949.83
2107209,773.41,1007.42,830.3,882.43
2107258,310.88,398.21,361.4,357.93
2107308,331.59,415.11,366,373.57
2107357,896.24,974.58,807.4,909.28
2107407,770.65,969.16,843,868.37
2107456,925.71,1040,924.7,972.7
2107506,969.53,1213.37,1030.2,1083.43
2107605,932.06,1047.89,927.8,978.98
2107704,406.94,468.95,436,438.87
2107803,478.82,625.32,530.9,550.65
2107902,440.59,550.79,481.3,494.96
2108009,388.18,461.26,404.8,421.98
2108058,694.94,915.89,716.5,790.89
2108108,715.65,903.53,832.8,818.72
2108207,634.59,845.84,738.9,744.52
2108256,895.47,995.53,840.2,924.78
2108306,921.82,1044.16,884.9,964.33
2108405,978.53,1117.63,998.4,1040.3
2108454,663,848.53,737.7,755.87
2108504,865.18,1001.58,850.1,918.24
2108603,924.35,1034.37,914.3,967.61
2108702,806.59,1002.63,869.6,901.26
2108801,805.76,995.47,848.9,893.5
2108900,598.06,805.63,722.4,710.83
2109007,385.24,571.79,509,489.2
2109056,973.82,1217.79,1059.4,1093.2
2109106,500.18,629.21,567.8,568.17
2109205,856.59,1109.58,897.8,970.04
2109239,897.88,963.74,856,915.98
2109270,913.41,1017.05,858.1,944.2
2109304,787.65,1066.84,849.5,916.41
2109403,781.06,1041,838.9,901
2109452,976.47,1212.42,1043.6,1088.52
2109502,350.06,427.11,393.7,391.37
2109551,438.59,576.37,544.3,518.48
2109601,890.71,1127.79,949.3,1001.37
2109700,302.88,392.53,367.5,353.96
2109759,459.65,581,498.8,518.28
2109809,909.94,1006.89,860.1,939.15
2109908,830.88,984.05,883.6,905.61
2110005,697.88,854.05,773,778.72
2110039,890.59,962.05,839,908.89
2110104,699.06,950,756.7,815.24
2110203,828.47,1066.42,871.6,936.13
2110237,675,861.79,685.5,754.43
2110278,734.29,972.63,797.4,846.46
2110302,588.18,758.05,681.9,678.72
2110401,778,1016.89,812.9,884.26
2110500,932.29,1044.58,919.1,975.8
2110609,656.88,828.63,667.4,730.11
2110658,328.53,396.42,328.4,356.54
2110708,439.71,539.32,478.7,489.33
2110807,296.18,383.05,315.5,336.26
2110856,534.94,659.95,560.9,592.22
2110906,380.76,523.68,494,464.41
2111003,905.12,1061.79,923,973.72
2111029,765.47,882.47,779.7,816.89
2111052,379.12,547.16,494.4,473.59
2111078,586.24,733.89,674.8,666.48
2111102,349.65,456.16,390.4,402.5
2111201,969.53,1213.37,1030.2,1083.43
2111250,540.41,700.21,618.1,623.3
2111300,967.53,1206.11,1029.1,1079.46
2111409,662.35,921.11,762.2,790.93
2111508,730.35,984.32,819,854.52
2111532,581.35,789.16,644.4,680.89
2111573,343.65,484.79,415.9,417.65
2111607,286.76,386.21,338.7,339.13
2111631,510.88,691.47,592.7,603.26
2111672,525.35,700.79,617.4,617.83
2111706,923.53,1024.11,923.7,965.11
2111722,816.82,975.32,882.7,896.61
2111748,518,649.42,599.5,590
2111763,463.24,603.58,518.7,533.26
2111789,987.35,1227.26,1059.8,1102.2
2111805,377.59,541.58,429.5,456.61
2111904,406.82,498,408.6,444.87
2111953,358,477.58,415.9,419.98
2112001,330.41,433.63,382.2,384.3
2112100,695.71,882.05,762.7,787.24
2112209,567.06,741.63,595.5,645.35
2112233,655.35,895.89,758.7,777.17
2112274,845.29,990.11,854.8,907.17
2112308,441.35,560.47,461.4,494.91
2112407,990.88,1164.79,1016.8,1068.35
2112456,916,1040.79,884.6,960.72
2112506,639.94,859.84,714.5,746.98
2112605,748.29,975.11,784.2,849.78
2112704,757.94,979.21,856.1,870.67
2112803,921.29,1070.68,926.7,984.17
2112852,573.18,769.47,632.4,667.13
2112902,828.35,1035.95,834.8,915.5
2113009,750.94,915.63,843.4,839.07
2114007,885.76,1006.58,858.7,929.78
2200053,173.24,219.47,222,202.93
2200103,500.29,683.05,563,589.41
2200202,473.12,637.42,540.5,555.63
2200251,242.12,314.32,311.2,286.96
2200277,242.24,292.47,298.3,275.17
2200301,508.12,684.42,542.9,588.5
2200400,576.35,750.74,602.9,654.15
2200459,233.59,282.32,285.7,265.04
2200509,369.71,510.47,467.4,449.09
2200608,428.94,593.58,520.9,516.93
2200707,175.18,207.42,218.5,197.91
2200806,295.53,353.42,319.4,324.63
2200905,406.12,568.16,470,486.93
2200954,243.41,322.21,303.2,288.96
2201002,322.94,395.89,413.1,372.67
2201051,263.65,385.47,341,330.78
2201101,175.53,229.05,220.9,207.5
2201150,294.41,393.63,350.7,347.63
2201176,351.12,463.79,433.7,415.61
2201200,710.12,914.37,816.8,817.67
2201309,243.65,283.68,314,275.48
2201408,486.53,644.63,554.8,566.67
2201507,695.24,881.58,742.7,782.52
2201556,203.65,268.89,227.2,235.72
2201572,236.12,284.63,287.3,267.28
2201606,522.24,711.68,548.8,606.26
2201705,228.88,310.32,292.8,276.41
2201739,176.76,237.11,215,210
2201770,693.29,910.21,737.5,792.5
2201804,256.76,347.47,327.4,309.59
2201903,233.71,284.58,290.3,267.02
2201919,526.59,783.11,629.9,655
2201929,166.29,208.79,223.8,196.35
2201945,656.29,885.16,701.7,760.7
2201960,598.12,763.79,644.1,676.54
2201988,175.47,256.95,223.5,219.57
2202000,541.35,784.79,635.5,662.37
2202026,333.18,466,363.4,394.61
2202059,686.94,909.42,734.1,789.09
2202075,319.35,397.42,393.8,367.78
2202083,546.12,831.32,642.4,684.85
2202091,240.76,307.42,306.6,282.61
2202109,231.29,301.05,243.1,262.67
2202117,184.24,238.11,219.3,214.11
2202133,236.59,302.89,296.7,277.04
2202174,725.41,942.26,825.4,836.72
2202208,589.82,793,636.3,683.85
2202251,255.06,339.32,331.2,306.41
2202307,195.41,290.84,251.2,246.96
2202406,656.82,858.63,683.9,746.07
2202455,164.94,231.84,211.3,202.65
2202505,175.59,209.58,228.6,201.15
2202539,569.24,769.11,634.3,665.93
2202554,209.76,257.63,260.3,240.52
2202604,386.29,556.47,434,466.96
2202653,525.65,757.05,598.9,637.15
2202703,494.71,701.79,564.2,595.35
2202711,625.76,832.53,668.8,720.52
2202729,516.59,663.11,544.9,583.26
2202737,546.82,737.89,566.3,629.98
2202752,211.94,293.42,273.2,258.91
2202778,262.41,334.21,299.9,300.22
2202802,204.06,264.47,224.9,233.54
2202851,157.94,234.53,219,202.85
2202901,217.41,264.16,275,249.24
2203008,215.71,260.58,284.2,249.13
2203107,230.94,278.68,283.1,262
2203206,204.53,254.26,256.4,236.35
2203230,240.71,293.16,305.7,276.5
2203255,503,691.26,566.5,594.57
2203271,210.47,272.05,262.7,247.26
2203305,541.71,731.79,577.4,627.98
2203354,148.47,217.79,202.5,188.85
2203404,266.53,337.63,318.1,307.11
2203420,421.76,565.16,493.2,496.52
2203453,149.94,225.32,197.4,191.39
2203503,436.35,571,531.8,512.72
2203602,208.53,302.26,279.7,262.72
2203701,653.59,829.58,726.2,742.07
2203750,159.71,205.74,207.1,189.02
2203800,220.76,327.95,312.2,284.91
2203859,246.12,317.42,274,281.63
2203909,285.59,394.89,374.4,350.04
2204006,383.18,495.79,467,447.91
2204105,317,403.84,410.8,373.26
2204154,239,296.89,301.2,276.43
2204204,239.82,312.53,305.9,284.22
2204303,253.88,285,283.9,273.26
2204352,247.06,323.74,314.3,293.35
2204402,259,298.05,291.6,282.22
2204501,294.71,398.95,349.9,349.76
2204550,199.88,244.89,231.7,225.39
2204600,443.65,598.79,541.6,529.02
2204659,562.18,873,701,720.74
2204709,284.59,399.37,329.3,341.72
2204808,277.12,363.58,321.6,322.5
2204907,231.29,286.89,250.8,258.5
2205003,238.41,286.84,281.9,267.87
2205102,225.24,360.63,342.2,306.59
2205151,201.88,253.89,231.6,229.83
2205201,230.18,288.79,293.9,268.24
2205250,436.35,589.95,525.2,519.11
2205276,556.76,758.68,575.2,644.17
2205300,270.71,374.05,330.4,326.37
2205359,168.35,241.37,228.3,211.54
2205409,612.29,779.47,658.4,691.37
2205458,680.35,829,687.1,743.22
2205508,637.24,832.26,685.9,728.37
2205516,390.88,547.53,409.9,459.72
2205524,187.94,241.74,232.8,219.91
2205532,169.76,207.74,226,197.67
2205540,483.06,654.21,552,568.74
2205557,697.24,904.63,747.2,793.76
2205565,161.82,220.16,204.2,195.13
2205573,489.12,675.79,555.6,580.67
2205581,532.35,723.11,562.3,617.65
2205599,277.29,375.74,360.5,336.04
2205607,282,346.89,337.8,320.93
2205706,541.59,801.89,634,669.2
2205805,672.53,823.84,704.2,741.91
2205854,676.29,924.11,726.3,789.52
2205904,241.12,289.26,293.3,272.35
2205953,237.59,302.32,305,278.98
2206001,297.29,384.74,349.2,344.7
2206050,208.71,264.95,266.7,244.54
2206100,706.82,959.89,768.7,824.8
2206209,725.94,941.42,808.5,832.89
2206308,499.18,670.84,574.5,586.46
2206357,437.59,600.42,498.1,518
2206407,509.76,686.84,563.2,594.52
2206506,239.76,323.74,311.7,290.09
2206605,230.88,269.42,261.9,253.54
2206654,181.41,233.21,224.2,212.11
2206670,656.53,849.11,718.6,749.57
2206696,595.18,815.84,670.5,702.7
2206704,284.12,377.68,353.3,337.8
2206720,534.41,702.32,570.6,611.63
2206753,649.88,865.89,686.7,747.11
2206803,732.94,949.95,827.8,843.2
2206902,340.82,451,420.1,403.57
2206951,487.76,666.21,515.5,567.5
2207009,293.12,360.42,347.7,332.78
2207108,486.53,644.63,554.8,566.67
2207207,241.76,291.53,300.7,275.13
2207306,203.47,269.63,239.6,238.65
2207355,196.71,302.26,246.8,251.2
2207405,245.12,295.53,305.5,279.07
2207504,482.29,646.68,540.4,562.83
2207553,252.24,330.16,299.7,294.74
2207603,207.65,250.79,257.2,236.24
2207702,541.12,851.58,684.8,700.59
2207751,482.71,639.74,559.2,564.2
2207777,213.35,269.26,257.7,246.09
2207793,539.47,730.05,583.4,627.74
2207801,171.24,226.05,228.8,206.39
2207850,201.76,310.68,264,260.28
2207900,368.18,494.32,438.8,435.63
2207934,198.35,255.21,227.6,228.2
2207959,196.71,246.37,238.5,226.3
2208007,250.29,333.89,311.6,298.15
2208106,260.24,359.21,351.1,320.87
2208205,242.24,310.37,299.4,282.8
2208304,559.18,729.11,606,639.54
2208403,627.94,826.11,673.5,719.7
2208502,741.35,1015.47,832.2,874.33
2208551,305.41,375.79,359.7,346.28
2208601,483.29,659.16,557.9,572.15
2208650,163.94,213.37,202.6,192.76
2208700,211.47,270.47,278.4,250.39
2208809,399.88,517.37,501.1,470.41
2208858,211.24,259.32,256.8,241
2208874,194.35,277.11,234.5,237.26
2208908,327.47,418.21,363.3,372.74
2209005,212.35,343.79,300.2,285.74
2209104,249.82,335.47,300.6,296.24
2209153,431.24,603.58,490.8,515.37
2209203,322.82,405.68,372.8,367.91
2209302,228.88,276.74,274.8,258.63
2209351,258.65,339.63,318.9,305.2
2209377,300.59,380.74,374.6,349.78
2209401,246,332.68,319.2,297.72
2209450,455.24,619.74,523.1,537.93
2209500,241.88,321,277.3,282.26
2209559,171.65,216.05,228.1,202.26
2209609,456.65,607.26,536.7,536.26
2209658,182.53,236.58,207,210.17
2209708,275.29,359,359.8,328.24
2209757,230.06,264.21,298.5,259.04
2209807,456,620.95,521.5,538.37
2209856,266.18,359.11,345.1,321.72
2209872,463.18,571.16,545,525.57
2209906,453.76,626.11,489.5,532.72
2209955,278.59,372,311.5,324.33
2209971,715.18,895.89,805.2,809.39
2210003,180.24,235.05,226.2,212.87
2210052,593.41,800.53,633.5,687.67
2210102,253,326.47,328.3,299.72
2210201,262.24,348.32,321.1,310.59
2210300,246.82,301.95,292.1,279.43
2210359,158.29,222.84,221.7,198.74
2210375,259.76,350.84,336.7,314.11
2210383,476.29,646.79,549.7,562.67
2210391,239.65,298.21,272.9,271.07
2210409,339.53,512,385.4,420.74
2210508,489.35,663.26,558.9,576.3
2210607,168.94,228.05,222.9,205.09
2210623,206.12,244.95,275.3,237.2
2210631,248.71,320.79,296.7,288.91
2210656,494.53,689.47,507.4,577.85
2210706,217.18,281.42,272.3,255.7
2210805,217.41,272.63,227.4,242.39
2210904,207.59,285.74,252.8,249.7
2210938,257.12,341.84,328.3,307.59
2210953,180.59,270.32,225.3,227.37
2210979,315.88,407.95,406.9,373.7
2211001,551.06,723.63,591.9,631.22
2211100,673.88,899.26,734.4,780.13
2211209,280.24,348.84,309.4,314.91
2211308,348,482.21,396.8,414.04
2211357,171.29,205.84,221,196.37
2211407,357.06,469.37,439.7,421.41
2211506,236.71,291.05,259.3,264.07
2211605,234.35,290.63,306.1,273.2
2211704,263,339.74,297.1,302.11
2300101,366.59,518.58,457.4,449.11
2300150,519.65,684.11,603.1,605.72
2300200,608.18,795.05,619,687.72
2300309,367.65,490.37,450.3,436.3
2300408,256.47,322.47,283.3,289.57
2300507,565.76,787.21,677.5,681.52
2300606,390.53,507.26,436,448.63
2300705,340.88,507.63,415.5,425.98
2300754,490,691.63,550,586.33
2300804,298.53,407.79,339.6,352.59
2300903,387.71,540.11,434.6,460.85
2301000,692.76,863.21,790.6,784.43
2301109,381.65,649.05,508.7,519.72
2301208,437.18,589.47,514.9,516.98
2301257,386.35,539,422.7,457.3
2301307,320.65,400.37,358.7,361.85
2301406,453.53,598.26,528.6,529.63
2301505,247.12,351.79,298.8,301.59
2301604,338.59,432.63,378.6,386.13
2301703,386.59,525.53,454,458.63
2301802,388,539.84,468.5,468.22
2301851,313.94,468.26,436.1,404.24
2301901,369.76,470,430,424.26
2301950,462.88,617.53,540.2,543.57
2302008,344.88,495.26,393.7,417.61
2302057,574.18,842.84,645.2,700.59
2302107,549.35,675.05,605.4,613.46
2302206,411.82,611.74,535.3,521.24
2302305,519.65,727.26,576.8,617.83
2302404,276.06,416.58,382.9,357.33
2302503,295.59,411.37,362.2,357.89
2302602,587.35,823.11,649.9,698.33
2302701,262.29,319.68,292.3,292.52
2302800,326,454.89,389.2,392.98
2302909,461,596.37,533.2,532.61
2303006,405.53,560.11,463.9,482.07
2303105,398.88,596.16,482.3,498.5
2303204,411.41,542.95,436.8,471.26
2303303,392.41,556.11,461.4,475.02
2303402,392.59,535.89,478.8,470.52
2303501,549.06,749.58,631.3,649.76
2303600,277.76,387.68,338,336.26
2303659,310.53,490,383.8,400.59
2303709,617.65,692.74,614.2,647.91
2303808,382.88,546.58,453.6,465.87
2303907,552.94,808.47,629.3,675.09
2303931,343.29,482.63,453.8,424.87
2303956,453.12,655.37,548.8,557.46
2304004,485.29,658.53,570.7,575.41
2304103,319.53,460.32,366.3,387.85
2304202,440.12,541.11,471.9,488.74
2304236,304.59,448.68,398.9,384.61
2304251,596.12,789.32,612.1,679.39
2304269,331.59,490.63,433.3,419.39
2304277,390.76,589.53,492.6,495
2304285,763.59,924.63,874.2,854.15
2304301,399.41,517.37,438,456.52
2304350,348.82,548.32,463.4,456.13
2304400,815.24,942.37,891,884.22
2304459,428.35,692.42,590.6,572.7
2304509,585.94,782.53,654.8,682.11
2304608,387.76,512.58,437.2,450.07
2304657,519.47,722.79,653.4,632.57
2304707,556.65,838.21,663.2,696.11
2304806,429.94,555.58,457.5,487.83
2304905,366.12,564.05,455.8,467.37
2304954,540.71,739.47,640.7,644.54
2305001,320.24,459.63,426.2,400.85
2305100,625.53,776.32,703.2,704.7
2305209,424.71,615.74,480.4,515.72
2305233,517.18,712.89,584.8,612.72
2305266,373.29,525.68,453.2,453.61
2305308,555.88,730.42,640.1,646.28
2305332,339.53,516.63,442.9,435.15
2305357,365.53,621.84,458.9,491.7
2305407,336.71,464.26,367.4,396.07
2305506,401.18,564.95,460.5,481.72
2305605,245,375.05,292.3,309
2305654,330.12,460.95,378.4,394.65
2305704,396,533.79,474.6,470
2305803,467.12,653.63,556,563.48
2305902,365.47,536.84,445.1,453.57
2306009,362.59,561.42,461.9,466.3
2306108,261.76,413.32,346.4,342.76
2306207,356.65,552.95,445.9,457.13
2306256,658.41,791.95,720.9,727.15
2306306,459.06,620.58,488.1,532.09
2306405,585.88,767.16,652.7,675.28
2306504,410.35,562.58,497.5,492.17
2306553,636.12,788.16,648.3,701.57
2306603,289.41,431.16,375.8,366.74
2306702,344.12,493.63,447,428.24
2306801,348.18,500.63,447.3,432.7
2306900,340.76,497.42,447.8,428.74
2307007,346.06,522.05,404.9,431.54
2307106,332.41,419.74,400.7,383.33
2307205,285.76,392.58,338.8,341.41
2307254,570.29,783.42,600.7,664.93
2307304,404.65,518.37,449.4,461.35
2307403,354.47,497.05,434.4,430.74
2307502,392.18,525.53,470.6,464.3
2307601,332.88,475.79,422.5,411.39
2307635,273.24,406.32,384,352.28
2307650,711,807.89,762.5,762.22
2307700,552.29,713.21,604.8,630.17
2307809,476.47,679.79,499.9,565.54
2307908,528.12,730.58,606.5,628.78
2308005,549.47,727.05,631,640.54
2308104,313.24,456.05,364.7,383.41
2308203,553.53,716.89,658.9,643.91
2308302,347.35,507.53,439.1,433.46
2308351,340.12,480.84,422.6,416.17
2308377,364.53,575.79,398.2,459.11
2308401,395.53,525.37,470,465.35
2308500,325,451.42,407.7,395.2
2308609,265.41,403.26,337.4,338
2308708,339.12,499.47,414.3,421.7
2308807,533.82,766.21,647.8,654.59
2308906,449.47,676.32,454.8,544.33
2309003,469.41,620.16,570.5,553.65
2309102,581.47,718.53,666.1,656.48
2309201,414.29,502.32,445.7,457.48
2309300,419.76,600.74,471.5,505.76
2309409,304.82,447.68,353.2,374.35
2309458,379.35,569.32,522.2,488.87
2309508,337.71,483.58,408.4,413.33
2309607,517.18,712.89,584.8,612.72
2309706,658.41,791.95,720.9,727.15
2309805,616.47,780.05,654.8,692.37
2309904,452.12,661.21,594.6,569.46
2310001,335.12,521.11,413.1,428.89
2310100,613.59,800.74,688.9,707.26
2310209,671,796.47,692.5,727.5
2310258,638.29,785.32,653.9,702.41
2310308,261.65,358.21,314.5,313.02
2310407,376.88,488.21,416.1,431.39
2310506,300.18,423.32,355.5,363.07
2310605,271.41,364.26,316,319.46
2310704,389.71,531.58,438.9,459
2310803,375.71,570.89,498.3,482.98
2310852,616.82,808.53,711.8,716.65
2310902,329.18,491.26,438.6,419.91
2310951,406.59,620,496.5,514.28
2311009,284.82,428.16,341.7,356.39
2311108,315.53,409.74,385,369.54
2311207,304.71,389.95,351.4,350.07
2311231,356.29,507.32,434.3,435.63
2311264,259.88,372.58,329,321.46
2311306,354.71,496.63,438.4,431.52
2311355,358.65,519.32,431.8,440.91
2311405,312.59,472.37,422.3,402.43
2311504,335.82,499.42,429.2,423.7
2311603,533.47,691.53,614.6,616.39
2311702,461.65,689.63,602.9,586.52
2311801,338.29,526.16,399.6,429.22
2311900,286,400.74,343.2,345.83
2311959,260.59,326.79,317,300.2
2312007,445.29,626.79,473.2,526.33
2312106,376.41,444.16,435.6,417.26
2312205,341.18,487.47,404.2,415.3
2312304,503.88,670.74,592.7,592.11
2312403,505.29,664.26,532.5,576.87
2312502,339.41,480.63,406.5,412.33
2312601,454.24,615.63,488.2,528.28
2312700,337.71,505.42,441,429.43
2312809,499.41,680.21,592.1,594.24
2312908,348.82,548.32,463.4,456.13
2313005,352.24,481.26,441.5,424.93
2313104,338.53,486.58,404.4,414
2313203,288.71,428.32,341.8,357.91
2313252,330.24,446.74,379.8,389.13
2313302,218.47,315.58,303.1,276.98
2313351,369.18,486.05,425.5,429.7
2313401,562.24,704.11,642.9,638.37
2313500,670.18,797.05,673.8,723.37
2313559,535.94,719.32,586.6,622.7
2313609,563.18,756.26,616.1,654.43
2313708,357.18,518.21,417.9,436.89
2313757,468.06,629,503.4,542.22
2313807,519.76,687.89,550,595.78
2313906,534.82,745.11,618.5,639.87
2313955,390.88,599.32,506.8,502.17
2314003,425.29,563.68,468,491.74
2314102,538.06,712.89,618.3,627.72
2400109,225,319.26,305.4,281.41
2400208,292.76,450.89,406.9,382.89
2400307,284.12,433.89,378.6,366.52
2400406,365.82,519.95,464,450.83
2400505,365.18,518.26,456.9,448.35
2400604,392.29,559.42,497.3,484.15
2400703,296.76,446.37,389.3,378.67
2400802,259.47,413.89,369.3,347.13
2400901,372.59,528.74,486.3,461.8
2401008,340.71,496.05,406.8,419.24
2401107,327.29,518.11,421.2,426.52
2401206,404.41,511.89,513.4,472.5
2401305,326.18,500.37,425.3,419.67
2401404,431.65,557.58,536.9,506.54
2401453,356.59,523.95,431.3,441.96
2401503,249.35,308.21,311.8,287.24
2401602,309.88,398.42,420,370.39
2401651,215.24,339.11,319.5,289.07
2401701,331.71,426.21,397.9,385.13
2401800,348.35,440.42,424.1,402.85
2401859,288.94,402.79,363.2,352.11
2401909,232.76,326.42,319.9,290.39
2402006,286,449.11,387.9,375.52
2402105,230.35,325.63,345.3,294.7
2402204,407.71,518.63,511.1,476
2402303,332.82,511.89,417.1,425.11
2402402,234.82,343.58,328.1,300.02
2402501,296.82,436.74,401.8,377.43
2402600,449.76,554.16,562.6,517.41
2402709,202,295.32,294.5,260.65
2402808,233.53,313.63,323.5,286.17
2402907,361.65,512.05,470.3,447.39
2403004,273.06,406,364.9,347.93
2403103,228.76,323.68,316.8,287.11
2403202,382.29,550.74,494.6,476.28
2403251,440.94,538.47,519.8,498.37
2403301,382.29,550.74,494.6,476.28
2403400,245.24,370.26,330.4,315.39
2403509,336.18,425.79,416.5,390.65
2403608,457.65,548.37,552.4,515.72
2403707,334.53,485.47,423,416.11
2403756,221.76,345.11,313,292.54
2403806,288.71,414.63,380.4,360.65
2403905,372.41,550.42,473.9,468
2404002,376.06,546.32,498.5,473
2404101,278.82,399.11,369.4,348.2
2404200,398.65,493.74,495.2,458.91
2404309,342.12,491.42,440.1,425.09
2404408,353,599.26,457.7,477.48
2404507,264.88,401.95,368.2,343.96
2404606,386.29,480.74,483.1,446.35
2404705,290.88,446.53,396.9,378.22
2404804,286,440.84,428.4,380.91
2404853,285.47,436.11,398,372.15
2404903,354.29,529.05,423,441.41
2405009,226.71,328.16,326.8,290.37
2405108,262.94,368.21,338,322.74
2405207,351.12,523.95,439.8,441.78
2405306,261.29,343.84,321.1,308.39
2405405,228.76,304.26,308.3,277.24
2405504,284.59,369.26,354.1,334.67
2405603,310.71,490.89,413.7,407.52
2405702,259.29,404.84,366,342.61
2405801,312.35,405.16,393.7,368.37
2405900,368.94,534.53,509,467.78
2406007,383,513.58,442.6,449.89
2406106,322,468.37,423.9,404.61
2406155,348.35,440.42,424.1,402.85
2406205,257.88,333.89,326.2,304.13
2406304,341.29,443.21,410.5,398.43
2406403,251.41,307.84,305.7,286.52
2406502,244.53,381.79,330.2,319.85
2406601,294.65,398,367.5,353.17
2406700,230.35,332.84,310.1,290.02
2406809,225.76,316.32,328,285.39
2406908,376.06,546.32,498.5,473
2407005,372.12,503.32,439.1,440.87
2407104,381.94,492.47,465.2,445.7
2407203,281.71,432.37,381.5,365.63
2407252,367.82,498.84,428.6,435.15
2407302,359.47,512.79,469.3,446.67
2407401,376.41,549.84,478.6,470.26
2407500,436.94,540.95,521.2,498.22
2407609,349.06,539.11,454.4,450.46
2407708,364.59,460.11,446.6,421.87
2407807,359.18,467.32,444.2,422.33
2407906,244.82,311.26,306,285.57
2408003,353.24,513.84,452.7,441.2
2408102,457.12,548.26,551.2,515.22
2408201,449.47,559.53,566,520.26
2408300,288.18,375.95,355.6,339.09
2408409,366.53,540.74,445.3,455.61
2408508,266.12,404.21,384.3,348.85
2408607,372,508.68,423.3,439.61
2408706,307,477.05,420.9,402
2408805,293,410.63,366.1,357.48
2408904,252.53,372.84,349.2,323.24
2408953,408.71,511.16,507.6,472.52
2409100,270.24,346.37,339.1,316.65
2409209,348.35,440.42,424.1,402.85
2409308,374.88,551.26,471.5,468.74
2409332,330,419.05,429.2,388.35
2409407,370,552.16,482.1,469.61
2409506,324.71,436.16,401.3,387.39
2409605,249.24,365.79,336,316.24
2409704,246.06,367.16,329.8,314.28
2409803,362.71,456.58,448.4,420.11
2409902,285.47,436.74,393.2,371.37
2410009,368.53,512.63,479.1,452.09
2410108,365.12,447.16,467.7,421.3
2410207,370.59,546.05,476.5,466.09
2410256,297.12,468.53,406.3,391.65
2410306,249.06,326.16,314.8,295.2
2410405,391.53,489.84,485.2,452.5
2410504,385.65,557.74,494.5,480.39
2410603,381.24,558.32,464.1,472.39
2410702,370.65,548.84,451.3,461.78
2410801,365.82,519.95,464,450.83
2410900,280.88,347.68,361.4,325.98
2411007,352.41,527.89,431.9,442.17
2411056,363.35,604,458.5,483.43
2411106,255.59,311.68,321.3,293.04
2411205,229.65,320.89,332.3,289.65
2411403,271.41,414.68,367.9,351.57
2411429,256.59,369.79,341,321.7
2411502,268.82,343.05,334.7,313.8
2411601,310.59,438.11,375.8,377.43
2411700,219.41,310.58,324.3,279.87
2411809,302.53,486.37,419.4,403.87
2411908,370.35,556.89,465.1,468
2412005,444.65,528.95,544.4,501.15
2412104,288.29,467.32,423.6,391.65
2412203,418.82,527.11,514.7,484.39
2412302,243.94,312.05,306.4,285.65
2412401,275.18,403.42,359.1,346.39
2412500,361.65,512.05,470.3,447.39
2412559,343.59,438.26,401.5,395.28
2412609,281.82,338.84,342.1,318.48
2412708,322.65,430.95,405.9,385.48
2412807,302.94,457.47,405.3,389.02
2412906,218,287.47,296.7,263.8
2413003,244.29,353,320.1,305.67
2413102,290.94,373.63,350.7,338.09
2413201,437.35,543.63,558.8,507.65
2413300,256.24,328.21,320,299.83
2413359,322.35,502.16,413.9,416.52
2413409,322.94,524.84,437.2,431.17
2413508,284.82,359.89,354.3,330.93
2413557,373.71,542.47,503.7,471.67
2413607,348.29,508.79,392.1,424.11
2413706,237.47,303.63,305.5,279.59
2413805,372.94,540.89,470.8,463.59
2413904,394,490.84,505.1,458.15
2414001,228.71,301.37,291.3,272.33
2414100,359,506.37,410.3,431.02
2414159,267.53,397.79,350.5,339.37
2414209,417.41,530.21,534.2,489.39
2414308,308.41,485.89,413,404.46
2414407,376.65,477.37,469.1,438.35
2414456,330.53,481.16,445.3,417.7
2414506,367,547.79,441.2,457.8
2414605,308,482.47,414.8,403.28
2414704,336.18,425.79,416.5,390.65
2414753,334.59,467.26,409.8,405.74
2414803,359.18,467.32,444.2,422.33
2414902,370.65,548.84,451.3,461.78
2415008,447.71,579.89,559.7,526.65
2500106,322.29,458.11,426.6,401.07
2500205,380.88,537.63,454.3,461.59
2500304,354.41,416.95,425.9,395.78
2500403,346.35,421.74,414.2,392.24
2500502,366.94,422.16,416.3,400.48
2500536,166.88,228.74,247.5,209.96
2500577,214,266.32,270.6,247.91
2500601,530.53,684.16,619.1,613.24
2500700,386.76,548,426.7,462.04
2500734,240.94,363.68,312.5,307.2
2500775,374.47,522.74,452.7,452.72
2500809,336.24,430.53,364.5,381.33
2500908,325.82,410.16,413.3,379.67
2501005,274.59,340.58,347.9,317.78
2501104,327.65,401.74,391.2,372.07
2501153,241.41,373.58,339.9,317.41
2501203,261.71,294.89,313.3,286.63
2501302,269.47,318,307.7,297.83
2501351,203.24,285.89,250.3,247.61
2501401,447.76,620.11,555.9,542.46
2501500,355.76,454.21,415.7,409.46
2501534,186.35,290.63,289.6,251.87
2501575,176.82,235.84,235.5,213.96
2501609,181,255.21,259.1,228.63
2501708,155.65,230.26,209.9,198.26
2501807,499.35,634.79,565.5,569.67
2501906,328.35,426.63,391.7,382.72
2502003,343.53,528.84,434.7,439.89
2502052,343.59,472.11,412.5,411.65
2502102,347.82,483.63,432.5,422.33
2502151,155.71,225.68,220,198.59
2502201,402.76,545.11,465.8,475.26
2502300,363.12,508.11,447,441.24
2502409,358.76,511.16,418.8,434.76
2502508,151.06,217.89,211.6,191.83
2502607,375.94,550.16,466.6,467.61
2502706,355.76,454.21,415.7,409.46
2502805,349.47,545.16,442.3,450.48
2502904,361.24,516.42,470.2,449.02
2503001,529.59,663.95,623.9,605.59
2503100,150.24,218.84,212.8,192.17
2503209,530.35,733.32,632.9,636.48
2503308,388.47,551.68,451.9,469.67
2503407,285.35,452.63,395,378.28
2503506,243.35,309.79,328,289.2
2503555,257.24,421.95,349.9,345.41
2503605,313.71,408.37,375.4,366.22
2503704,399,556.32,455.2,476.2
2503753,369.88,518.89,473,453.85
2503803,307.76,388.16,327.6,345.28
2503902,192.24,302.32,256.6,251.7
2504009,243.59,305.05,309,283.2
2504033,391.18,482.95,401.3,431.28
2504074,166.35,270.21,208.8,218.48
2504108,390.12,535.95,456.2,464.72
2504157,249.76,310.16,322.2,290.46
2504207,353.94,492.68,470.3,436.54
2504306,351.35,522.16,481.5,450.2
2504355,170.71,223.95,236.3,206.96
2504405,300.59,437.89,364.8,371.26
2504504,364.76,524.11,471.1,453.7
2504603,531.88,719.21,643.2,633.46
2504702,179.82,293.79,224.8,236.67
2504801,359.76,505,455.6,440.59
2504850,177.12,297.68,216.8,235.54
2504900,370.88,452.63,392,409.24
2505006,173.18,272.74,261,233.39
2505105,204.29,300.74,293.7,263.57
2505204,366.94,422.16,416.3,400.48
2505238,350.24,442.95,371,393.04
2505279,337.53,430.21,396.5,388.63
2505303,332.53,473.16,427,411.15
2505352,218.65,290.47,297,265.35
2505402,253.41,403.37,326.5,331.24
2505501,341.18,524.32,466.8,444.13
2505600,332.18,467.53,401.1,403.07
2505709,327.82,399.74,409.1,375.2
2505808,334.71,417.26,386.2,380
2505907,354.18,512.74,465.5,443.87
2506004,269.35,329.79,330.9,307.7
2506103,251.12,314.53,294.5,286.74
2506202,207.76,311.68,304.6,271.74
2506251,196.47,234.37,247.9,223.3
2506301,353.47,427,401.7,394.33
2506400,294.29,370.47,328.9,333.28
2506509,173.12,256.53,224.1,218.65
2506608,328.65,457,390.4,395.09
2506707,331.94,456.58,427,404.09
2506806,278.47,335.11,337.3,314.65
2506905,290.71,355.68,333,326.74
2507002,375.76,533.95,452.5,457.78
2507101,354.47,450.21,378,399.13
2507200,253.18,298.89,299,282.02
2507309,364.59,460.11,446.6,421.87
2507408,364.41,511.11,456.5,445.02
2507507,560.29,743.21,671.5,660.02
2507606,302.94,364.68,356.3,340.04
2507705,202.29,297,238.8,249.35
2507804,223.35,314.37,302.2,278.09
2507903,331.88,397.84,370.1,367.43
2508000,322.94,448.37,407.4,393.11
2508109,364.41,511.11,456.5,445.02
2508208,317.59,410.42,380.1,369.52
2508307,291.35,365.74,350.9,335.02
2508406,356.41,511.21,409.2,431.83
2508505,232.59,395.63,297.3,314
2508554,300.12,396.21,382.6,357.74
2508604,514.06,697.21,610.2,610.61
2508703,319.94,463.74,424.5,402.07
2508802,338.94,520.84,463.4,441.13
2508901,397.76,523.05,460.8,463.22
2509008,291.59,441.47,399.2,376.89
2509057,443.82,595.37,535.5,526.35
2509107,307.94,385.32,342.8,347.48
2509156,393.82,552.68,456.6,473.09
2509206,294.12,360.53,361,336.09
2509305,432.59,582.16,541.2,517.98
2509339,303.82,388.37,392,357.91
2509370,373.71,518.63,464,453.2
2509396,319.65,464.74,414.6,400.22
2509404,267.76,344.89,309.5,308.7
2509503,261.71,294.89,313.3,286.63
2509602,348.94,515.89,395.3,427.98
2509701,207.41,318.32,281.1,269.24
2509800,319.29,395.26,367.2,361.09
2509909,285.53,335,318.1,313.04
2510006,393.29,543.58,449.8,467.65
2510105,226.71,328.16,326.8,290.37
2510204,342.59,492.16,423.2,421.89
2510303,219.18,337.63,312.6,288.41
2510402,325.65,481.95,436.9,414.39
2510501,214,328.89,277.1,275.17
2510600,237.71,365.53,307.4,305.65
2510659,199.29,302.42,237,250.09
2510709,251.59,409.74,352.8,338.91
2510808,306.82,484.16,436.3,408.22
2510907,354.06,513.74,450.7,441.02
2511004,342.59,492.16,423.2,421.89
2511103,199.12,321.16,288.1,268.87
2511202,471.82,599.16,526.4,536.28
2511301,342.76,489.11,440,424.35
2511400,222.47,328.53,330.1,289.67
2511509,306,392.84,330.2,347.13
2511608,387.24,473,452.5,436.85
2511707,357.35,454.84,429.6,413.33
2511806,328.35,426.63,391.7,382.72
2511905,549.53,690.53,655.3,630.76
2512002,232.24,299.05,289.8,272.35
2512036,334.59,467.26,409.8,405.74
2512077,355.24,493.63,403.3,422.85
2512101,372.35,516.11,468.3,452.59
2512200,233.76,357.89,302.5,299.98
2512309,322.76,453.11,416.2,396.91
2512408,254.53,305.58,308.9,287.43
2512507,226.59,288.37,284.3,264.65
2512606,282.29,445.74,406.4,376.78
2512705,269.35,329.79,330.9,307.7
2512721,356.59,449.37,432.2,411.35
2512747,292.35,363.68,378.3,340.5
2512754,278.47,335.11,337.3,314.65
2512762,319.65,399.32,328.2,354.41
2512788,151.88,218.89,216.5,193.61
2512804,367.82,530.74,475.5,458.52
2512903,443.82,595.37,535.5,526.35
2513000,230.53,322.32,297.2,282.93
2513109,296.41,344.68,326.4,322.87
2513158,208.06,268.74,284.2,249.67
2513208,356.76,503.95,415,430.22
2513307,371.29,545.84,444.4,459.28
2513356,294,420.58,364.9,361.7
2513406,263.94,397.16,372.1,342.48
2513505,303.41,451.05,411.2,387.83
2513604,347.53,508.42,439.2,433.91
2513653,355.82,491.74,430.2,428.13
2513703,453.41,580.58,522.5,520.96
2513802,338,508.89,459.6,435.02
2513851,199.06,309.05,251.3,255.85
2513901,333.06,531.74,444.5,439.35
2513927,367.65,542.11,490.3,466.37
2513943,158.71,271.58,217.2,218.04
2513968,377.18,524.84,469.4,458.22
2513984,361.47,513.42,415.4,435.96
2514008,166.59,272.79,221.9,222.48
2514107,194.41,301.16,265.7,254
2514206,377.88,547.84,452.1,464.22
2514305,367.41,497.21,439.4,436.67
2514404,298.59,496.16,442.3,411.43
2514453,289.41,365.68,310.5,325.5
2514503,386.82,541.53,450.7,464.61
2514552,306.06,436.89,396.9,379.85
2514602,328.12,477.74,426.1,411.22
2514651,328.35,519.42,427.8,428.89
2514701,262.82,379.79,364.1,333.15
2514800,217.35,359.21,272.7,287.98
2514909,283.88,418.84,395.2,363.83
2515005,367.94,434.47,401.9,402.8
2515104,284.76,336.47,343.2,318.83
2515203,200.24,304,284,261.3
2515302,376.12,450.53,390.1,409.89
2515401,172.82,270.11,252.8,230.39
2515500,197.06,352.47,260.2,274.98
2515609,328.35,426.63,391.7,382.72
2515708,367.41,497.21,439.4,436.67
2515807,309.18,365.11,375.9,346.78
2515906,387.24,473,452.5,436.85
2515930,328.35,426.63,391.7,382.72
2515971,319.65,399.32,328.2,354.41
2516003,306.12,391.32,389.2,359.37
2516102,169.94,251.89,236,218.15
2516151,186.35,282.32,255.8,241.09
2516201,391,542,439.9,464
2516300,227.76,358.05,293,295.76
2516409,294.29,370.89,380.2,344.61
2516508,218.71,355.84,275.2,287.63
2516607,322.94,448.37,407.4,393.11
2516706,299.71,455.79,389.1,383.61
2516755,212.82,317.11,269.3,268.17
2516805,358.12,520.26,419.5,438.43
2516904,352.76,503.84,404.5,426.41
2517001,225.18,277.32,268.2,256.07
2517100,280.35,432.26,409,371.07
2517209,360.53,512.05,397.2,431.09
2517407,201.88,312,274.6,263.17
2600054,473.65,592.58,573.1,544.39
2600104,288.24,414.26,404.1,365.48
2600203,159,212,195.2,188.76
2600302,236,333.32,323,295.11
2600401,503.76,584.16,642.5,567.13
2600500,180.29,259.74,254,229.13
2600609,199.29,311.58,297,266.91
2600708,387,476.58,474.4,443
2600807,221.71,306.11,289.3,271.26
2600906,397.88,455.16,481.9,439.8
2601003,298.18,377.26,425.6,358.54
2601052,459.76,567,546,522.8
2601102,231.71,309.58,289.5,276.43
2601201,198.53,287.95,294.4,256.3
2601300,391.76,466.11,499.5,445.89
2601409,560.18,653.95,663.6,621.39
2601508,344.18,451.79,464.5,414.78
2601607,164.53,221.05,178,190.8
2601706,216.12,299.32,295.9,267.83
2601805,216.18,305.89,287,268.63
2601904,236,314.74,298.4,282.09
2602001,275.76,386.63,353.7,338.5
2602100,235.82,340.79,341.9,302.24
2602209,299.35,336.21,356.8,327.07
2602308,347.65,447.84,439.9,409.09
2602407,260.18,359.95,364.2,324
2602506,305.41,439.79,386.7,378.59
2602605,196.82,285.26,294.1,254.5
2602704,336,401.95,403.2,377.85
2602803,198.12,275.42,279.7,247.78
2602902,541.29,657.11,634.4,609.37
2603009,167.82,251.95,213.1,212.41
2603108,191.12,274,259.8,240.28
2603207,225.35,326.42,304,284.2
2603306,244.41,338.95,343.4,304.98
2603405,270.12,386.42,345.6,334.57
2603454,551.12,652.42,649.6,614.37
2603504,308.29,376.37,375.8,351.09
2603603,360.88,418.89,415,396.61
2603702,318.35,383.47,434.3,370.46
2603801,231.35,311.42,300.3,279.41
2603900,291.35,415.95,367.5,359.37
2603926,187.35,232.32,196.9,208
2604007,346.59,404.21,401.7,382.37
2604106,182,262.74,264.1,233.2
2604155,233.59,277.16,290.5,263.96
2604205,395.65,472.89,520.3,454.65
2604304,277.47,360.63,341.2,325.67
2604403,353.53,431.11,413.4,398.59
2604502,323.41,396.53,378,365.48
2604601,491.59,597.63,579,554.39
2604700,298.94,399,442.6,371.5
2604809,430.65,513.11,539.5,488.37
2604908,202.41,287.32,306.3,260.07
2605004,270.47,363.63,370.6,330.72
2605103,231.41,344.37,328.8,299.24
2605152,160.06,213.79,201.9,191.35
2605202,439,529.16,508.9,491.43
2605301,360,469.79,405.1,415.15
2605400,327.94,373.21,378.4,357.61
2605509,360.88,418.89,415,396.61
2605608,278.76,416,385.7,358.7
2605707,190.71,253.16,219.7,222.8
2605806,195.06,288.21,285.7,253.24
2605905,534.29,622.84,668.4,600.02
2606002,265.47,370.21,364.3,330.22
2606101,311.53,356.05,366,341.76
2606200,517.53,638,606.6,586.65
2606309,242.65,335.37,312,296.02
2606408,249.35,318.89,322.6,294
2606507,200.53,282.16,299.4,255.74
2606606,195.59,261.11,259.6,236.57
2606705,241.24,322.53,328.1,293.7
2606804,514.47,629.89,625.5,586.28
2606903,260.18,384.74,369.2,335.33
2607000,149.35,215.89,229.4,194.24
2607109,262,388.58,343.9,332.09
2607208,560.47,683.42,637.5,628
2607307,284.82,342.53,355.1,323.93
2607406,157.71,191.84,198.6,180.7
2607505,180.12,247.53,259.2,225.15
2607604,560.71,698.95,660.8,639.57
2607653,397.94,469.79,469,443.07
2607703,270.35,431.11,345.7,353.13
2607752,490.18,594.32,574.7,551.57
2607802,452.82,558.42,550.9,517.76
2607901,545,657.89,660.1,616.65
2607950,364.71,467,487,433.54
2608008,198.88,307.32,268.8,258.87
2608057,129.41,185.95,196.5,167.35
2608107,286.76,327.37,340.3,315.17
2608206,451.18,526.63,580.8,510.52
2608255,239.76,318,329.5,291.59
2608305,244.41,338.95,343.4,304.98
2608404,282.82,346.42,392.9,333.02
2608453,346.59,404.21,401.7,382.37
2608503,353.53,431.11,413.4,398.59
2608602,270.71,376,395.6,341.35
2608701,344.18,451.79,464.5,414.78
2608750,177.82,215.21,181.6,194.09
2608800,241.24,322.53,328.1,293.7
2608909,306.29,353.89,356.1,336.78
2609006,311.06,348.26,368.8,338.98
2609105,299.35,336.21,356.8,327.07
2609154,186.88,247.74,260.9,228.11
2609204,400.71,505.84,558.1,478.35
2609303,214.47,303.58,244.3,257.76
2609402,460.41,546.95,534.8,512.33
2609501,335.88,417.58,421.9,388.33
2609600,545.41,652.68,644.6,611.28
2609709,299.35,336.21,356.8,327.07
2609808,170.65,243.21,217.8,210.87
2609907,181.24,267.79,238.7,229.48
2610004,427.59,499.95,561.5,486.59
2610103,309.12,402.58,465.7,381.76
2610202,268.06,344.53,373.5,322.57
2610301,204.82,300.11,282.7,261.11
2610400,176.71,268.21,207.3,221.15
2610509,243.47,318.47,334.1,294.15
2610608,440.24,527.53,519.8,493.59
2610707,545.41,652.68,644.6,611.28
2610806,200.24,298.74,256.8,253.22
2610905,202.35,315.53,302.9,270.96
2611002,146.12,189.63,194.8,174.67
2611101,137.53,169.74,168.1,157.48
2611200,204.29,315.58,293.1,269.57
2611309,309.18,374.74,382.9,352.28
2611408,413.76,501.95,503.4,469.67
2611507,338.53,399.68,449,387.8
2611533,304.35,437.32,394.9,378.96
2611606,548.29,670.68,653,621.61
2611705,196.24,286.16,307.3,257.52
2611804,530.06,622.58,661.2,596.78
2611903,566.76,656.11,679.7,628.22
2612000,338,417.84,414.9,387.7
2612109,251.06,303.42,326.6,289.11
2612208,201.76,297.32,238.3,249.17
2612307,210.24,307.42,292.5,268.26
2612406,208.76,307.89,285.3,266.35
2612455,173.82,245.74,203.8,210.04
2612471,286.94,412.68,386.5,360.52
2612505,140.88,224.53,199.2,188.11
2612554,169.88,242.63,199.5,206.37
2612604,159.76,230.11,195.3,196.54
2612703,195.12,271.68,295.8,248.63
2612802,297.76,430.53,388.8,372.39
2612901,369.88,430.53,495.9,422.33
2613008,207.35,307,278.4,263.96
2613107,197.47,275,265.5,244.28
2613206,272.94,379.74,387.4,341.93
2613305,268.71,378.32,335.7,328.54
2613404,569.94,660.89,646.1,624.07
2613503,268,389.68,332.5,332.28
2613602,261.35,389.16,324.4,327.85
2613701,417.94,498.16,491.5,467.07
2613800,305.88,344.16,360.9,333.65
2613909,259.24,348.63,311.3,307.48
2614006,247.76,345.79,323.7,304.76
2614105,202.59,293.79,288.4,258.91
2614204,561.12,668,659.2,626.59
2614303,318.24,427,368.5,374.09
2614402,301.65,435.95,393.2,377.02
2614501,216.59,274.21,284.2,255.09
2614600,288.24,426.63,386.4,366.74
2614709,189.71,264.53,263.4,236.63
2614808,133,193.95,220.3,177.15
2614857,561.94,660.05,663.3,624.5
2615003,186,256.11,269.4,233.09
2615102,238.12,349.58,335.4,305.3
2615201,182.94,268.95,230.3,228.76
2615300,331.29,386,393.1,367.33
2615409,193.29,260.95,293.9,243.11
2615508,384.59,503.79,485,455.65
2615607,229.88,312.05,304.7,280.09
2615706,289.53,411.89,382.2,360.22
2615805,186.59,264.58,257,234.11
2615904,238.41,354.89,317,303.61
2616001,200.24,298.74,256.8,253.22
2616100,256.53,356.53,306.7,308.74
2616183,198.29,259.37,277.7,240.78
2616209,210.35,272.79,297.2,255.02
2616308,343.94,398.05,409.8,380.61
2616407,363.88,436.16,427.3,407.52
2616506,450.06,541.53,630.1,526.98
2700102,140.88,198.26,256.4,189.7
2700201,306.35,422.21,464,388.48
2700300,245.65,317.68,309.8,289.35
2700409,388.65,587.37,576.6,511.59
2700508,489.65,643.05,633.8,584.35
2700607,443.18,614.11,615,551.13
2700706,182.82,243,237.8,219.63
2700805,278.82,403.74,394.8,355.63
2700904,185.94,243.79,252.1,224.22
2701001,371.88,591.32,553.6,502.02
2701100,342.06,472.26,519.4,434.39
2701209,192.18,271.21,244,236.09
2701308,326.82,480.26,506.9,429.35
2701357,464.12,565.16,642.7,544.67
2701407,357.12,518.47,498.3,454.46
2701506,234.76,330.42,320.7,292.96
2701605,158.82,231.89,258.7,210.72
2701704,342.35,503.05,526.6,448.78
2701803,149.59,213.26,225.1,192.3
2701902,326.06,431.95,480.3,403.33
2702009,255.41,352.21,346.2,315.13
2702108,403,500.53,555.1,476.35
2702207,445.88,659.32,650.4,578.5
2702306,374.76,515.79,508,461.98
2702355,212.06,298.26,281.3,262.72
2702405,132.47,184.95,239.1,177.33
2702504,173.47,258.05,254.7,226.07
2702553,221.59,309.42,310.1,277.11
2702603,245.88,324.95,310.2,292.52
2702702,375.88,488.37,474.8,443.85
2702801,422.65,588.84,590,527.67
2702900,197.53,276.37,243.1,240
2703007,382,463.47,551.4,452.48
2703106,234.06,322.58,321.5,289.63
2703205,294.88,431,393.2,372.48
2703304,152.47,215,259,201.46
2703403,166.71,230.11,241.2,209.09
2703502,496.82,616.53,633,575.87
2703601,548.06,664.68,647,617.74
2703700,183,261.26,235.7,226.78
2703759,426.29,607.37,581.4,534.8
2703809,411.59,502.16,578.9,485.37
2703908,473.35,578.74,622.4,549.28
2704005,299.94,420.42,428.6,377.67
2704104,217.47,304.74,277.1,266.48
2704203,298.41,405.68,404.8,365.85
2704302,453.82,643.68,631.5,570.87
2704401,178.59,240.68,252.9,220.39
2704500,557.53,661.79,638.9,618.28
2704609,148.29,218.05,245.5,198.24
2704708,449.65,639.11,645.2,570.41
2704807,316.88,446.89,467.8,403.39
2704906,277.24,383.58,395,346.76
2705002,159.41,216.32,253.3,203.33
2705101,501.88,613.79,678.5,586.5
2705200,391.59,590.84,576.3,514.04
2705309,209.59,291.21,288,260.35
2705408,166.71,230.11,241.2,209.09
2705507,359.12,513.11,571.4,468.87
2705606,449.41,550.16,617.1,527.48
2705705,164.24,226.84,234.7,205.41
2705804,142.71,195.79,238.1,185.37
2705903,250.35,369.05,357.4,322.65
2706000,168.88,244.58,242.7,216.2
2706109,164.88,232.63,256.4,212.76
2706208,161.18,222.32,230.8,201.57
2706307,233.94,333.26,314.3,292.43
2706406,153.82,204.16,211.8,187.22
2706422,137.24,190.89,243.6,182.52
2706448,489.76,660.58,647.2,594.54
2706505,519,628.58,660.4,595
2706604,280.35,374.32,399.7,345.11
2706703,367.35,481.05,457.1,433.83
2706802,365.76,480.32,445.2,430.35
2706901,398.24,605.95,570.5,521.48
2707008,310.76,444.63,468.1,400.26
2707107,139.47,186.95,203.3,172.96
2707206,148.29,218.05,245.5,198.24
2707305,524.65,616.68,646.5,589.15
2707404,535.12,641,667.7,607.67
2707503,271.06,390.26,369.5,341.7
2707602,280.35,374.32,399.7,345.11
2707701,424.24,618.63,619.6,547
2707800,443.18,614.11,615,551.13
2707909,445.88,659.32,650.4,578.5
2708006,152.47,226.74,238.8,201.91
2708105,335.76,433.84,494.7,410.83
2708204,247.06,366.21,373.8,323.83
2708303,341.24,409.58,491.2,402.07
2708402,147,209.68,213.8,187.41
2708501,457.29,597.21,609.3,548.13
2708600,424.76,603.95,573.4,531.09
2708709,519,628.58,660.4,595
2708808,304.59,403.79,410.1,368.5
2708907,440.53,636.21,622.9,561
2708956,152.88,225.37,263,206.76
2709004,278.82,403.74,394.8,355.63
2709103,284.59,391.42,389,351.41
2709152,355.82,501.42,497.6,446.78
2709202,203.18,270.21,255.6,242.26
2709301,346.24,450.84,495.1,421.8
2709400,314.41,444,487.4,405.54
2800100,239.41,354.53,342,309.26
2800209,277.29,392.26,355.5,341.78
2800308,406.41,534.79,499.8,479.74
2800407,432.53,561.42,522.6,505.35
2800506,381.12,490.74,477.2,447.28
2800605,400.24,527.16,500.8,474.52
2800670,429.88,545.63,519,497.07
2800704,359.41,478.47,440.6,426.24
2801009,346.65,436.26,381.3,391.2
2801108,241.06,327.11,313.4,292.33
2801207,139.76,189.42,217.2,177.11
2801306,323.29,450.42,424.7,397.85
2801405,206,251.74,240.7,232.43
2801504,372.47,495.05,475,445.39
2801603,271.82,396.37,380.3,346.85
2801702,400,484.89,445,444.85
2801900,303.41,408.47,380,363.46
2802007,375.53,503.37,465.4,447.87
2802106,461.12,599.26,546.9,536.83
2802205,239.12,320.16,309.8,287.96
2802304,281.53,352.11,303.1,315.37
2802403,192.35,247,254.5,228.43
2802502,372.47,495.05,475,445.39
2802601,270.29,354.16,340.4,320.17
2802700,349.82,467.84,427.7,415.5
2802809,455.76,560.68,533.7,516.04
2802908,328.53,421,407.9,383.98
2803005,384.94,504.32,467.9,452.28
2803104,233.18,310.53,273.2,273.83
2803203,434.12,558.26,510.1,501.91
2803302,351.29,485.74,455.6,429.5
2803401,319.41,460.74,420.8,399.83
2803500,374.53,469.42,439.7,427.89
2803609,404.24,523.05,491.2,472.22
2803708,323.35,390.42,351.3,357.13
2803807,297.53,423.68,392,370.17
2803906,372.76,491.26,462.2,441.15
2804003,390.53,514.53,478.4,460.85
2804102,336.59,433.84,400.8,390.72
2804201,151.06,193.16,220.7,183.59
2804300,297.53,423.68,392,370.17
2804409,321.94,453.05,401.3,393.35
2804458,233.53,293.42,271.2,266.46
2804508,170.53,200.47,219.2,193.48
2804607,319,421.74,383.5,375.46
2804706,214.65,292,264.6,257.46
2804805,404.24,523.05,491.2,472.22
2804904,345.53,480.68,440.7,422.04
2805000,295.65,377.05,343.6,339.7
2805109,415.47,526.79,494.1,478.54
2805208,257.94,307.84,289.8,285.48
2805307,374.24,493.21,475.5,445.39
2805406,139.94,181.89,219.5,174.57
2805505,192.41,225.05,228.8,213.8
2805604,160.65,219.58,217.5,197.35
2805703,271.82,396.37,380.3,346.85
2805802,318.53,409.37,396,372.89
2805901,385.59,506.79,464.1,452.72
2806008,302.65,393.32,355.5,351.59
2806107,372.35,497.89,485,448.7
2806206,428.59,548.21,514.7,496.72
2806305,450.06,569.42,532.3,517.24
2806404,315.71,445.11,392.4,385.83
2806503,372.76,491.26,462.2,441.15
2806602,398.18,512.68,499.6,467.52
2806701,427.18,546.68,503,493.02
2806800,346.65,436.26,381.3,391.2
2806909,301.47,443.26,395.4,380.46
2807006,273.06,363,329.2,322.41
2807105,286.53,337.74,320.9,315.15
2807204,356.47,469.53,448.2,423.11
2807303,247.06,366.21,373.8,323.83
2807402,217.18,269.16,272.4,250.65
2807501,344.35,410.37,415.7,387.13
2807600,413.06,526.63,499.4,478.74
2900108,161.65,186,262.7,193.67
2900207,144.82,205.53,184.5,178.52
2900306,303.65,332.26,360.4,327.8
2900355,180.65,219.89,231.9,208
2900405,238.65,267.68,291.1,262.04
2900504,133.29,164.53,211.3,163.15
2900603,198.24,203.89,305,223.78
2900702,362.94,418.68,421.4,398.67
2900801,357.88,336.58,411.1,360.65
2900900,276.71,348.32,375.1,327.67
2901007,208.88,199.16,261.4,216.28
2901106,343.65,423.63,417.9,392.83
2901155,115.59,121.89,190.7,134.52
2901205,119.29,121.63,237.7,146
2901304,233.18,259.84,341.8,267.8
2901353,152.35,186.47,189.5,174.52
2901403,189.71,223.32,288.1,224.98
2901502,221.41,242.32,268.1,240.2
2901601,175.71,217.05,239.5,206.65
2901700,235.35,257.32,278.5,253.8
2901809,195.29,236.84,246.8,223.65
2901908,320.47,343.05,363.9,339.24
2901957,272.76,285.74,364.1,297.98
2902005,109,122.16,206.5,135.63
2902054,393.12,481.58,452.8,442.63
2902104,146.59,168,198.2,166.65
2902203,301.59,355.37,362,336.93
2902252,312.76,341.74,415,346.96
2902302,480.65,537.84,536.1,516.33
2902401,308.47,334.84,390.9,337.28
2902500,197.88,228.42,295.5,231.72
2902609,196.29,173.47,247.3,197.96
2902658,151.71,194.79,199,179.78
2902708,161.24,194.05,205.3,184.37
2902807,136.53,141.63,205.7,153.67
2902906,167.71,190.37,303.2,206.52
2903003,94.47,114.26,193.4,124.15
2903102,296.71,317.68,382.7,324.07
2903201,214.18,245.05,312.3,248.26
2903235,96.06,112.37,199.8,125.35
2903276,162.29,178,208.7,178.87
2903300,339,380.16,399.5,369.15
2903409,353.65,424.47,416.2,396.5
2903508,121.47,138.58,240,154.3
2903607,177.76,196.32,225.5,195.8
2903706,152.35,169.58,263.8,183.7
2903805,157.88,141.89,212.6,163.17
2903904,142.41,161.05,261.7,176.04
2903953,116.12,130.63,232.3,147.37
2904001,145.41,168.79,227.4,172.89
2904050,179.88,171.26,250.7,191.72
2904100,132,152.11,210.6,157.39
2904209,123.94,152.26,221.4,156.83
2904308,163.29,168.11,234,180.65
2904407,181.82,203.53,243,204.09
2904506,122.88,143.74,173.4,142.48
2904605,99.24,121.32,187.7,127.59
2904704,369.24,413.42,457.1,406.59
2904753,161.82,218.79,211.6,196.17
2904803,182.71,219.42,352.7,234.83
2904852,281.59,309.47,327,302.98
2904902,389.06,468.16,456.8,436.46
2905008,101.59,124.11,189.8,130.07
2905107,212.88,215.68,257.5,223.74
2905156,113.29,119.11,224.8,139.93
2905206,110.71,132.53,179.4,134.65
2905305,115.82,127.37,215.3,142.22
2905404,522.41,582.84,605.7,565.48
2905503,202.18,213.16,245.6,216.15
2905602,299.41,326.47,410.8,334.8
2905701,561.71,715.58,626.3,639.3
2905800,453.06,488.95,543.8,487.61
2905909,168.94,211.74,215.2,196.67
2906006,127.53,154.47,138.4,141.02
2906105,192.71,180.58,273.1,205.17
2906204,106.76,116.95,203.2,131.93
2906303,380.06,451.89,457.8,426.63
2906402,189.41,196.16,251.8,205.76
2906501,574.06,708.11,632.7,642.17
2906600,122.65,122.05,187.7,136.54
2906709,116.76,158.63,232.6,159.24
2906808,138.82,151.79,174.1,151.85
2906824,142.29,179.95,191.2,168.48
2906857,145.18,140.89,222.7,160.26
2906873,151.94,139.58,199.6,157.2
2906899,118.71,127.37,229.3,146.33
2906907,345.94,346.16,365.7,350.33
2907004,460.76,586.26,469.9,514.59
2907103,133.53,136.21,217.7,152.93
2907202,135,186,182.2,166.33
2907301,233.18,239.68,274.4,244.83
2907400,209.82,231.11,307.9,239.93
2907509,415.41,518.26,472.5,470.3
2907558,123.65,155.05,222.5,158.11
2907608,128.53,130.68,187.9,142.33
2907707,140,161.05,183.2,158.09
2907806,171,219.63,217.1,201.11
2907905,175.76,195.95,221.9,194.13
2908002,297.59,361.53,373.2,340.43
2908101,194.24,203.63,284.3,217.7
2908200,327.94,376.84,374.9,358.35
2908309,350.41,364.58,379.5,362.59
2908408,153.94,166.84,208.1,171.04
2908507,315.18,372.05,374.7,351.61
2908606,449.65,573.05,492.9,510.02
2908705,115.47,128.74,209.2,141.33
2908804,116.65,132.26,188.4,138.7
2908903,280.18,334.26,328.5,313.02
2909000,104.94,125.89,207,135.78
2909109,160.65,166.63,261.4,185.02
2909208,163.76,208.53,224,195.35
2909307,214.29,203.05,293.9,226.96
2909406,186.18,219.79,284.8,221.5
2909505,258.35,270.05,348,282.67
2909604,256.47,288.63,321.6,283.91
2909703,195.88,233.84,278.7,229.57
2909802,287.53,333.47,336.3,317.11
2909901,135.71,174.37,152.3,155.28
2910008,215.35,231.11,320,244.61
2910057,561.71,715.58,626.3,639.3
2910107,107.12,134.21,172.4,132.5
2910206,436.53,455.53,484.3,454.76
2910305,211.59,210.84,260.5,221.91
2910404,132.35,159.11,228.1,164.22
2910503,433.18,564.84,463.1,494.07
2910602,447.76,558.47,465.7,497.39
2910701,144.18,181.95,210.3,174.15
2910727,270.88,289.68,322.8,289.93
2910750,186.24,221.89,231.7,210.85
2910776,163.35,138.42,243.6,170.5
2910800,225.76,268.95,271.3,253.5
2910859,185.12,227.63,242.9,215.24
2910909,203.41,260.37,338.3,256.26
2911006,244.88,312.74,352.9,296.39
2911105,208.18,265.74,286.5,248.98
2911204,422.76,447.79,480.4,445.63
2911253,137.47,137.42,208.2,152.83
2911303,127.82,134.42,201.3,146.52
2911402,128.29,172.42,193.2,160.63
2911501,282.76,308.26,379.5,314.33
2911600,293.76,338.68,334,321.07
2911659,101.76,123.26,194.6,130.83
2911709,121.47,124.37,189.9,137.54
2911808,272.41,257.11,302,272.52
2911857,177.47,212.32,212.2,199.41
2911907,119.94,128.32,195.1,139.74
2912004,112.24,129,193.8,136.89
2912103,294.18,352.16,381.2,337.04
2912202,188.53,208.58,281.7,217.07
2912301,243.06,293.37,347.4,286.52
2912400,116.53,119.84,206.1,137.37
2912509,122.53,145.68,197,148.28
2912608,168.06,168.37,236.5,183.07
2912707,342.76,359.32,414.6,365.22
2912806,254.53,263.32,277.3,263.11
2912905,288.24,306.26,370.2,313.5
2913002,121.59,133.42,179.7,139.11
2913101,107.82,112.68,190.1,127.72
2913200,148.71,192.74,237.9,186.28
2913309,178,184.21,236.7,193.33
2913408,112.24,130.16,187.9,136.09
2913457,460.12,495.89,531.4,490.39
2913507,216,240.32,337.9,252.54
2913606,415.59,448.89,489.1,445.33
2913705,292.65,330.79,340.9,318.89
2913804,201.24,197.37,246.9,209.57
2913903,236.18,255.11,338.8,266.3
2914000,147.65,144.53,204.7,158.76
2914109,122.29,141.37,194,145.76
2914208,164.82,167.16,217.9,177.33
2914307,155.59,147.74,219.1,166.15
2914406,195.82,201.47,286.8,217.93
2914505,251.76,295.47,308.9,282.24
2914604,117.41,126,180.8,134.74
2914653,332.12,318,349.6,330.09
2914703,160.59,139.42,198.9,160.17
2914802,356.24,397.26,413.7,385.67
2914901,426.53,450.42,516.2,455.89
2915007,186.12,176.74,280.9,202.85
2915106,166.82,180.37,266.4,194.07
2915205,214.06,232.47,312.5,243.07
2915304,245.59,263.37,293,263.24
2915353,117.82,133.21,189.4,139.74
2915403,205.06,261.63,321.4,253.72
2915502,320.41,373.58,399.5,359.57
2915601,318.06,302.42,343.7,317.17
2915700,310.53,316.05,387.7,329.59
2915809,180.41,209.21,305.9,219.59
2915908,497.35,655.05,524,568.28
2916005,284.24,283.53,327.2,293.28
2916104,634.76,739.58,661.4,683.85
2916203,316.18,368.11,388.3,353.3
2916302,270.29,292.79,324.7,291.41
2916401,214.12,241.11,325.1,249.39
2916500,190.88,243.26,246,224.5
2916609,266,305.37,353.5,301.28
2916708,233.65,239.26,317.7,254.24
2916807,212.41,222.11,285.1,232.22
2916856,135.06,140.16,201.8,151.67
2916906,169.82,186.89,228.3,189.59
2917003,142.94,168.11,189.7,163.5
2917102,201.53,245.74,333.2,248.41
2917201,121.24,142.05,185.1,143.72
2917300,510.24,542.11,581.8,538.96
2917334,123.71,136.79,201.7,146.07
2917359,230.71,236.42,312.3,250.8
2917409,124.24,129.42,198,142.41
2917508,208.59,224.79,254.3,225.22
2917607,195.18,209.16,283.5,220.15
2917706,161.71,185.47,178.7,175.22
2917805,569.12,620.42,614.4,600.15
2917904,447.82,554.05,507.9,504.76
2918001,150.76,163,237.4,174.65
2918100,142.71,192.05,195.1,174.48
2918209,290.41,297.74,352.4,306.91
2918308,218.53,235.95,319.1,247.59
2918357,109.82,122.89,177.9,130.02
2918407,130.76,132.63,179.8,142.2
2918456,305.59,299.05,339.8,310.33
2918506,113.71,121.79,176.7,130.74
2918555,298.35,337.21,402.9,337.13
2918605,148.88,166.32,228.1,173.3
2918704,152.65,171.37,234.3,178.13
2918753,102.53,125.63,183.5,129.67
2918803,383.82,393,426.1,396.8
2918902,219.18,231.32,258.5,232.74
2919009,185.12,168.47,247.9,191.89
2919058,167.35,177.84,228.1,184.89
2919108,191.65,202.37,249.4,208.63
2919157,115,119.84,181.3,131.41
2919207,632.47,771.32,654.7,694.65
2919306,219.29,236.84,315.6,247.48
2919405,125.29,130.84,194.6,142.65
2919504,102.35,127.58,167.8,127
2919553,316.65,303,383.4,325.52
2919603,186.88,164.26,236.4,188.3
2919702,182.24,207.05,251.5,207.54
2919801,126.29,149.74,231.1,158.76
2919900,130.35,153.16,187,152.09
2919926,582.12,732.74,636.4,656.13
2919959,104.65,128.21,214.9,138.35
2920007,193.76,206.42,258.1,212.98
2920106,186.18,178.89,235.2,193.83
2920205,127.65,137.37,202.1,147.85
2920304,91.29,126.26,180.7,125.17
2920403,111.29,123.53,199.6,135.54
2920452,180.71,229,255.3,216.87
2920502,142.71,147.37,212.8,159.87
2920601,492.24,530.42,517.1,513.41
2920700,436.41,474.58,534.5,473.5
2920809,168.24,145.21,238.1,173.91
2920908,332,367.95,417.6,365.46
2921005,512.65,663.95,569.6,587.52
2921054,108.24,129.84,183.7,133.57
2921104,269.06,280.26,304.8,281.46
2921203,168.35,179.63,216.6,183.5
2921302,169.29,164.53,231.2,180.78
2921401,133.82,160,178.5,154.35
2921450,114.12,115.05,203.8,134
2921500,142.59,160.05,207.9,164
2921609,155.59,182.58,235.3,184.07
2921708,119.41,123.89,179,134.22
2921807,128.94,133.32,223.5,151.3
2921906,205.82,229.68,307.1,237.7
2922003,262.29,278.89,305.3,278.5
2922052,159.71,165.53,236.1,178.72
2922102,199,180.68,250.9,202.72
2922201,480.65,537.84,536.1,516.33
2922250,181.29,209.37,246.5,207.07
2922300,319.94,373.63,378.4,354.83
2922409,290.41,297.74,352.4,306.91
2922508,518.24,547.58,527.1,532.28
2922607,525.76,559.63,591.8,554.11
2922656,137.88,153.53,182.7,154.09
2922706,210.24,255.79,359.7,261.54
2922730,136.65,140.68,215.5,155.46
2922755,338.94,361.74,396.9,360.96
2922805,156.12,146.58,217,165.41
2922854,195.47,198.58,270.6,213.09
2922904,170,190.53,221.3,189.63
2923001,302.47,309.58,340.2,313.61
2923035,126.59,146.89,216.6,154.54
2923050,162.41,210.16,222.6,195.22
2923100,193.18,214.47,253.4,215.07
2923209,133.53,174.47,198.6,164.59
2923308,270.59,318.84,343.8,306.43
2923357,106.47,126.21,169.5,128.33
2923407,110.94,130.05,181.3,134.13
2923506,205.53,237,304.2,239.98
2923605,120.94,155.74,187.6,149.8
2923704,148.82,179.26,252,183.83
2923803,206.88,265.42,256.8,241.91
2923902,276.71,309.21,389.6,314.67
2924009,133.71,184.58,202.5,169.67
2924058,147,146.68,214.2,161.48
2924108,289.94,348.74,348.9,327.04
2924207,144.82,191.58,221.9,180.89
2924306,162.71,185.16,272.2,195.78
2924405,163.82,205.58,198.9,188.7
2924504,126.53,129.21,185.2,140.39
2924603,190.06,228.79,244.5,217.89
2924652,154.71,145.63,226.2,166.5
2924678,443.29,474.58,509.8,470.67
2924702,105.76,131.26,207.9,138.5
2924801,163.94,176.21,232.2,183.85
2924900,158.53,145.63,219.7,166.5
2925006,171.35,194.89,303.3,209.76
2925105,152,179.32,271.7,189.3
2925204,462.35,594.21,518,528.91
2925253,189.59,197.95,230.1,201.85
2925303,346.29,363.47,379.2,360.54
2925402,278.71,306.74,349.8,305.74
2925501,366.59,344.37,418.5,368.7
2925600,123.65,121.47,183.6,135.78
2925709,100.94,123.84,204.3,132.87
2925758,356.12,375.84,417.2,377.54
2925808,145.88,142.79,187.9,153.74
2925907,142.76,170.58,206.3,168.07
2925931,175.88,169.05,224.8,183.7
2925956,166.82,157,235.5,177.7
2926004,140.06,223.16,208.7,189.3
2926103,138.88,142.74,201.4,154.07
2926202,191.24,220.42,285.7,223.83
2926301,156.82,152.53,234.2,171.87
2926400,115.41,134,214,144.52
2926509,178.24,203,216.9,196.87
2926608,165.29,200.74,210.1,189.67
2926657,157.82,199.42,267.6,198.87
2926707,134.88,171,210.8,166.3
2926806,91.88,120.95,187.6,124.7
2926905,140.53,166.84,234.1,171.74
2927002,309.47,369.68,381.8,350.07
2927101,120.65,156.21,184.6,149.24
2927200,195.59,176.16,239.3,197.07
2927309,578.71,701.11,662.2,647.41
2927408,617,790.58,660.9,698.24
2927507,214.94,237.05,270.5,236.15
2927606,145.47,183.26,223.4,178.02
2927705,353.41,390.79,396.1,378.13
2927804,215.65,287.11,339.2,272.02
2927903,207.18,203.68,266.2,218.57
2928000,139.06,148.26,192.6,154.5
2928059,365.47,415.53,460.7,406.85
2928109,181.76,179.79,285.1,203.41
2928208,175.47,180.58,273.4,198.87
2928307,222.65,251.47,287.3,248.61
2928406,184.41,223.95,267.3,218.76
2928505,167.29,180.26,233.7,187.09
2928604,388.35,476.68,460.6,440.54
2928703,408.24,431.42,479.6,433.33
2928802,238.53,262.32,296.2,260.89
2928901,228.41,251.47,315.8,256.93
2928950,134.82,146,194.8,152.48
2929008,345.12,415.37,426.1,391.74
2929057,165.12,177.89,269,192.98
2929107,457.35,503.47,477.2,480.72
2929206,527.41,662.68,596.3,598.26
2929255,112.59,122,179.7,131.07
2929305,281.35,331.68,331.4,313.02
2929354,330.88,375.37,394.5,363.09
2929370,151.71,143.79,209.9,161.09
2929404,291.18,289.53,333.6,299.72
2929503,517.59,638.95,579.5,581.17
2929602,278,309.63,320.8,300.37
2929701,193.59,210.32,248.7,212.48
2929750,515.41,629,567.7,573.7
2929800,211.53,231.42,248.8,227.85
2929909,135.94,149.95,209.1,157.63
2930006,116.06,134.32,190.6,139.8
2930105,180.06,223.16,232.4,209.24
2930154,143.41,157.79,243.9,171.2
2930204,118.94,164.05,193.5,153.78
2930303,170.06,175.68,255.1,190.87
2930402,175.18,180.21,239.8,191.3
2930501,176.65,185.21,229.4,191.65
2930600,189.24,180.68,239.4,196.61
2930709,618.35,775.16,669,694.13
2930758,150.47,173.32,244.6,180.37
2930766,162.71,214.84,227.1,198.24
2930774,110,130.47,169.6,131.41
2930808,128.65,134.42,217.1,150.26
2930907,192.82,228.58,259.6,222.11
2931004,117.35,127.74,205.5,140.8
2931053,118.71,145.79,203,148.22
2931103,205.94,228.26,263.9,227.76
2931202,464.12,495.74,526.1,490.65
2931301,176.29,177.53,227.9,188.02
2931350,301.29,302.42,340,310.17
2931400,322.35,371.05,380.1,355.02
2931509,168.41,177.58,203.8,179.89
2931608,384.53,390.63,458,403.02
2931707,393.94,510.42,455.5,455.43
2931806,112.24,143.74,225.9,149.96
2931905,159.65,183.16,204,179
2932002,136.24,169.37,174.4,158.22
2932101,256.24,256.79,325.3,271.48
2932200,317.65,338.58,424.3,349.48
2932309,310.47,336.42,373.3,334.85
2932408,132.24,129.37,203.9,146.63
2932457,102.94,127.84,157.1,125
2932507,384.59,418.53,475.6,418.39
2932606,119.12,122.11,197,137.28
2932705,366.29,393,428.6,390.87
2932804,194,182.95,251.4,201.91
2932903,464.35,523.37,556.7,508.8
2933000,138.94,148.53,185.1,152.93
2933059,152.29,152.37,212.6,165.43
2933109,199.41,197.47,240.8,207.61
2933158,115.18,135.16,182.3,138.02
2933174,315.71,331.32,344,328.3
2933208,633,723.05,678.6,680.11
2933257,289.88,305.05,328.3,304.5
2933307,137.06,142.74,240.1,161.8
2933406,206.12,182.74,266.3,209.54
2933455,189.76,232.74,261,223
2933505,290.35,301.58,369.1,312.11
2933604,114.12,133.74,186.1,137.87
3100104,293.65,256,285.3,276.28
3100203,251,222.74,264.8,242.33
3100302,229.76,229.58,247.9,233.63
3100401,254.65,258.58,278.2,261.39
3100500,229,209.21,295.3,235.24
3100609,204.71,178.32,273.2,208.7
3100708,353.18,262.79,284.6,300.93
3100807,290.29,263.47,261,272.85
3100906,229.12,228.47,294.8,243.13
3101003,129,148.32,246.2,162.46
3101102,199.76,178.32,251.5,202.15
3101201,319.12,279.16,336.6,306.41
3101300,406.53,400.84,433.5,410.04
3101409,398.65,321.58,295.6,344.41
3101508,227.47,237.84,255.2,237.78
3101607,318.41,266.89,276.9,288.11
3101631,291.71,277.68,305.4,288.89
3101706,201.82,209.74,262.2,218.22
3101805,195.35,184.47,253.6,203.52
3101904,327.94,256.89,262.3,284.33
3102001,329.88,261.63,284,291.72
3102050,301.18,308.63,327.8,310.04
3102100,273.65,276.89,318.9,284.83
3102209,210.59,195.37,272.3,217.72
3102308,263.35,257.26,297.4,268.24
3102407,261.18,230.79,314.1,260.13
3102506,223.94,232.05,260.3,235.2
3102605,381.65,327.89,308.6,343.57
3102704,134.65,148.63,246.4,164.72
3102803,296.82,250.37,285.6,275.2
3102852,199.94,173.42,264.6,203.04
3102902,291.35,290.05,309.7,294.8
3103009,258.82,247.32,303,263.67
3103108,306.76,306,298,304.54
3103207,245.29,191,251.2,224.15
3103306,305.24,321.63,355.2,322.87
3103405,115.94,128,181.2,135.11
3103504,312.35,305.53,317.2,310.59
3103603,334.76,304.79,338.1,323.11
3103702,257.76,268.32,284.3,267.89
3103751,310.76,302.37,263.1,296.93
3103801,303.65,273.84,339.3,299.09
3103900,245.76,209.53,250.9,231.91
3104007,340.35,306.95,323.9,322.98
3104106,352.94,300.05,301.1,319.83
3104205,278.12,246.68,249.7,258.96
3104304,330.06,264.16,288.4,293.78
3104403,231.94,248.74,268.8,246.89
3104452,186.65,184.63,276.8,205.41
3104502,245.76,216,289.4,242.96
3104601,255.18,267.37,306.3,271.33
3104700,214.47,223.26,303.2,237.39
3104809,176.59,191.26,242.7,197.02
3104908,319.94,286.63,308.7,303.74
3105004,241.47,200.47,247.3,225.8
3105103,300.71,260.26,275,278.41
3105202,193.35,212.32,259.7,215.61
3105301,359.88,278.05,313,315.89
3105400,257.65,235.05,293.6,256.13
3105509,293.76,297.32,285.7,293.48
3105608,284,267.58,295.3,279.67
3105707,247.94,233.89,283.3,249.83
3105905,282.18,257.58,280.7,271.7
3106002,255.12,233.84,306.2,257.43
3106101,264.71,265.21,310.8,274.93
3106200,308.94,288.74,304.3,299.59
3106309,232.82,223.16,296,242.57
3106408,257.65,223.68,241.3,240.07
3106507,119.82,125.21,196.7,138.76
3106606,258,267.26,310.5,273.24
3106655,126.59,137.16,232.1,153.89
3106705,288.76,270.95,279,279.28
3106804,294.59,303.63,312.2,302.15
3106903,275.12,270.32,329.6,284.98
3107000,267.18,248.21,314.2,269.57
3107109,285.76,257.89,251.1,266.72
3107208,454.41,463.21,472.2,461.91
3107307,168.06,184.53,225.6,187.37
3107406,259.59,211.47,259.9,239.78
3107505,347.12,345,362.4,349.57
3107604,354.94,267.53,285.4,303.72
3107703,232.35,216.89,269.8,234.11
3107802,218.18,232.21,283.8,238.24
3107901,329.53,273.58,279.4,295.52
3108008,289.47,258.26,246.4,267.22
3108107,262,240.05,260.9,252.7
3108206,240.88,217.37,266.7,236.78
3108255,188.41,190,321.7,218.04
3108305,347.12,294.95,289.2,312.98
3108404,346,285.47,321.4,315.65
3108503,154.12,162.53,215.7,170.98
3108552,224.71,194.63,238.5,215.28
3108602,169.24,189.74,234.4,191.87
3108701,252.71,255.53,274.3,258.57
3108800,223.59,207.05,289.3,231.04
3108909,305.35,241.63,277.9,273.07
3109006,291,274.37,280.1,281.76
3109105,384.53,300,290,329.07
3109204,191.71,201.68,255.2,209.63
3109253,226.53,224.89,296,240.96
3109303,313.94,271.26,334.6,300.8
3109402,183.65,182.84,212.5,189.59
3109451,294.82,261.63,311.7,284.78
3109501,349.12,277.05,306.3,310.04
3109600,241.41,204.58,245.4,227.07
3109709,305.06,248.47,276.2,275.41
3109808,326.35,316.11,255.2,306.65
3109907,236.88,198.26,248.3,223.41
3110004,243.41,224.89,271.8,241.93
3110103,297.24,302.47,293.2,298.52
3110202,228.12,243.95,262.3,242.09
3110301,372.88,286.21,315.8,324.67
3110400,276.24,261.47,241.1,262.5
3110509,395.94,314.74,314.2,344.63
3110608,322.82,258.47,279.8,286.89
3110707,274.12,275,276.4,274.98
3110806,199.12,176.16,257.3,202.28
3110905,296.88,261.63,269,276.26
3111002,360.12,273.11,314.6,314.28
3111101,302,299.37,263.2,292.48
3111150,166.53,176.89,231.1,184.85
3111200,279.18,262.16,257.3,267.39
3111309,301.24,257.32,269,276.09
3111408,370.71,317.05,287.2,330.39
3111507,360.59,289.79,348,328.61
3111606,296.71,259.63,274.2,276.5
3111705,238.76,249.05,286.2,253.33
3111804,316.41,292.47,250.6,292.22
3111903,276.59,263.05,271.2,269.83
3112000,278.76,260.74,249.5,264.96
3112059,216.94,201.47,295.6,227.65
3112109,301.82,318.68,311.3,310.85
3112208,289.94,269.79,313,286.63
3112307,182.24,169.89,256.2,193.22
3112406,352.65,308.74,279,318.5
3112505,233.94,207.63,238.7,224.11
3112604,332.71,310.26,264.5,308.61
3112653,176.35,176.84,218.2,185.65
3112703,127.41,148.42,218.5,155.89
3112802,301,268.47,257.9,278.2
3112901,214.65,224.84,228.1,221.78
3113008,176.24,193.32,258.3,201.13
3113107,274.12,243.58,258.4,258.09
3113206,273.41,263.95,287.5,272.57
3113305,297.12,306.89,308,303.52
3113404,204.12,220.89,269.6,225.28
3113503,156.41,162.58,228.6,174.65
3113602,325.53,262.16,269.4,287.15
3113701,199.29,229.68,252.8,223.48
3113800,254.06,227.79,296.1,252.35
3113909,256.12,252.05,247.4,252.54
3114006,268.06,245.37,231,250.63
3114105,322.71,274.58,307.8,299.59
3114204,262.53,235.47,230.1,244.3
3114303,289.82,267,325.7,288.2
3114402,310.82,256.42,267.9,279.02
3114501,281.06,252.42,251.2,262.74
3114550,293.88,277.26,268.4,281.48
3114600,283.71,242.95,268.9,263.65
3114709,340.12,280.37,293.9,305.39
3114808,380.06,344.74,394.8,368.67
3114907,267.71,233.32,260.7,251.98
3115003,311.76,286.89,311.8,301.5
3115102,337.94,304.68,271.9,309.85
3115201,281.47,267.63,247.3,268.33
3115300,291.88,299.74,314.7,300.09
3115359,283.71,254.84,311.8,277.89
3115409,268.24,236.89,258.7,253.22
3115458,198.12,207.26,279.8,219.65
3115474,111.29,122.47,181.6,131.2
3115508,307.88,270.32,301.3,290.93
3115607,295.82,269.37,334.3,293.26
3115706,184.35,174.95,236.9,191.89
3115805,311.47,307.95,258.2,298.43
3115904,290.06,290.79,341.7,301.59
3116001,231.35,210.89,268.1,230.89
3116100,129.82,128.63,205.1,145.7
3116159,243.18,225.89,368.3,263.24
3116209,243.41,237.32,267.6,246.15
3116308,277.88,275.68,314.4,284.91
3116407,382.53,336.21,306.6,346.89
3116506,174.65,190.42,218.8,190.76
3116605,261.94,236.32,234.7,245.43
3116704,253.59,268.68,282.3,266.07
3116803,204.24,189.63,296.9,218.35
3116902,345.53,327.42,262,319.89
3117009,125.65,136.95,205.4,147.65
3117108,332.18,259.68,278.4,290.54
3117207,345.18,259.37,306,301.22
3117306,345.24,286.53,280.7,306.96
3117405,215.24,194.26,244.2,212.87
3117504,278.18,239.05,287.7,264.09
3117603,239.35,207.95,234.5,225.33
3117702,304.41,272.11,289.8,287.89
3117801,309.88,239.42,276.5,273.52
3117836,167.06,179.58,287,198.3
3117876,227.24,211.74,247.9,225.33
3117900,349.41,293.58,291.2,313.7
3118007,260.71,219.26,240.3,239.15
3118106,249.47,212.16,270.9,238.72
3118205,357.53,299.79,288.6,318.7
3118304,262,225.68,248.9,244.15
3118403,174.12,167.53,230.8,183.72
3118502,304.18,239.11,269.6,269.78
3118601,298,277.32,298.1,289.48
3118700,279.88,263.74,250.2,266.76
3118809,165.88,183.37,219.7,184.8
3118908,222.82,190.74,255.9,216.76
3119005,298.82,264.68,254.4,275.07
3119104,197.35,198.11,235.9,206.04
3119203,214.59,187.79,268.4,215.22
3119302,303.24,264.21,293.9,285.09
3119401,245.24,230.32,301.9,251.39
3119500,123.59,120.42,189.2,136.54
3119609,290.06,290.79,341.7,301.59
3119708,268.53,253.74,263.2,261.26
3119807,323.76,283.53,319.1,306.13
3119906,325.94,266.95,267,288.76
3119955,277.41,244.47,243.6,256.46
3120003,221.24,217.74,266.4,229.61
3120102,215.41,200.42,278.2,222.87
3120151,227.18,235.63,269.3,239.83
3120201,288.06,257.37,253.3,267.83
3120300,149.29,141.63,214.2,160.24
3120409,266.47,240.11,251.6,252.35
3120508,344.76,267.53,324,308.35
3120607,273.94,249.47,261.2,261.07
3120706,313.18,281.79,314,300.39
3120805,292.76,248.16,304.4,276.87
3120839,180.59,179.68,240.2,193.17
3120870,136.29,146.58,247.3,164.67
3120904,198.35,181.95,248.6,202.5
3121001,233.12,213.21,297,238.78
3121100,331.06,280.74,298.8,303.26
3121209,351.94,306.26,297.7,321.28
3121258,352.59,280.63,287,308.61
3121308,253.53,262.32,316.3,270.8
3121407,274.59,246.68,252.4,258.24
3121506,307.35,292.26,342.8,308.83
3121605,201.06,200.79,273.5,216.7
3121704,254.65,258.58,278.2,261.39
3121803,241.06,226.05,273,241.8
3121902,243.41,246.37,272.5,250.96
3122009,286.94,299.21,289.3,292.52
3122108,167.35,169.11,200.9,175.37
3122207,222.35,211.74,288.4,232.33
3122306,256.35,234.26,234,242.37
3122355,133.24,150.42,240.2,163.59
3122405,350.94,261.21,306.6,304.24
3122454,157.53,189.53,243.8,189.5
3122470,274.06,227.37,252.9,250.17
3122504,201.88,196.21,268.7,214.07
3122603,266.29,236.32,303.8,262.07
3122702,250.29,226.37,269.7,244.63
3122801,334.41,258.79,306.2,297.04
3122900,255.18,267.37,306.3,271.33
3123007,282.18,257.58,280.7,271.7
3123106,235.71,224.58,288.9,242.67
3123205,285.18,245.74,318.2,276.07
3123304,262.12,264.05,305.3,272.3
3123403,288.12,255.47,263.9,269.37
3123502,309.82,275.32,287.4,290.7
3123528,235,219.95,262,234.65
3123601,282.24,264,252.6,268.26
3123700,194.65,198.42,238.2,205.67
3123809,176.12,188.16,214.1,189.35
3123858,204.65,226.58,271.1,228.15
3123908,255.82,223.95,244.1,240.11
3124005,262.59,272.89,283.7,271.43
3124104,262.18,237.26,251.1,249.48
3124203,301.82,318.68,311.3,310.85
3124302,116.82,131.47,188.8,138.52
3124401,339.65,273.53,268.3,296.83
3124500,323.24,261.79,281.3,288.74
3124609,215.88,233.05,236.9,227.54
3124708,318.71,279.11,342,307.41
3124807,326.29,284.11,274.1,297.52
3124906,310,313.79,321.9,314.15
3125002,303.06,313.68,349.8,317.61
3125101,418.35,312.68,300.3,349.04
3125200,305.94,269.11,270.6,283.04
3125309,297.12,306.89,308,303.52
3125408,217.76,194.53,289.3,223.72
3125507,216.12,192.84,282.6,220.96
3125606,221.29,223.53,293,237.8
3125705,219.59,214.79,253.4,224.96
3125804,194.65,198.42,238.2,205.67
3125903,254.29,228.74,302,254.11
3125952,265.59,277.32,271.8,271.78
3126000,282.29,246.16,262,262.96
3126109,279.53,249.63,236.2,257.76
3126208,295.06,269.47,386.3,304.33
3126307,340.76,258.58,283.2,294.3
3126406,240.47,208.16,233.2,225.54
3126505,118.06,123.53,198.6,137.83
3126604,176.12,188.05,217.3,190
3126703,148.47,155.53,211.6,165.11
3126752,209.24,189.74,274.2,215.3
3126802,203.71,207,283.4,222.39
3126901,187.88,173.21,255.5,196.52
3126950,203.18,184.58,285,213.28
3127008,319.53,284,264.2,292.83
3127057,225.65,228.84,281.3,239.07
3127073,134.06,144.26,228.8,158.87
3127107,333.94,295.37,255.2,300.89
3127206,224.53,196.68,233.1,214.89
3127305,168.65,165.63,206,175.52
3127339,116.76,135.32,185.8,139.43
3127354,170.65,182.84,229.1,188.39
3127370,174.29,166.21,218.4,180.54
3127388,287.76,290.32,335.9,299.28
3127404,337.12,258.58,283.6,293.04
3127503,221.82,214.26,293.7,234.33
3127602,214.65,202.21,279.7,223.65
3127701,188.12,181.21,238.6,196.24
3127800,155.71,153.84,219.7,168.85
3127909,311.06,280.95,295.6,295.26
3128006,225.53,207.16,288,231.52
3128105,291.59,255.47,256.3,269
3128204,241.71,245.84,268.1,249.15
3128253,169.88,178.58,228.5,186.22
3128303,365.76,301.21,310.3,327.04
3128402,255.41,266.89,323,274.85
3128501,263.35,254.37,316.2,271.13
3128600,282.24,256.53,307.1,277.02
3128709,356.06,285.37,304.8,315.72
3128808,276.41,286.21,312.5,288.3
3128907,316.88,281.42,313.9,301.59
3129004,280.29,285.63,311.9,289.37
3129103,306.12,274.68,269.6,285.2
3129202,321.94,264.74,280,289.2
3129301,211.18,219.58,282.1,230.07
3129400,293.35,274.79,285.8,284.04
3129509,346.53,286.63,313.6,314.63
3129608,166.35,181.47,209.5,181.98
3129657,144.06,151.21,218.8,163.26
3129707,378.29,332.95,306.4,343.93
3129806,301.53,280.47,294.1,291.22
3129905,382.76,322.89,309.2,342.04
3130002,293.71,253.32,241.8,265.74
3130051,177.29,172.37,236.7,188.17
3130101,276.35,243.16,270.6,261.39
3130200,254,235.42,221.4,239.24
3130309,290.06,261.37,258.6,271.37
3130408,281.76,258.68,244.8,264.2
3130507,298.88,251.84,258.4,270.65
3130556,210.71,226.37,273.3,230.78
3130606,346.47,290.53,289.6,311
3130655,131.12,121.32,218.5,146.07
3130705,328.47,296.21,266.5,301.67
3130804,277.59,254.37,256,263.3
3130903,201.12,201.53,262.5,214.63
3131000,236.88,199.79,246.4,223.63
3131109,189.53,194.53,244.7,203.59
3131158,224.12,223.84,294,239.2
3131208,220.47,212.74,264.1,226.76
3131307,245.24,230.32,301.9,251.39
3131406,334.12,314.26,283.1,314.83
3131505,362.35,291,308.9,321.26
3131604,316.24,276.68,284,292.89
3131703,245.53,223.47,300,248.26
3131802,194.41,192.74,246.8,205.11
3131901,298.24,264.63,288,282.13
3132008,168.94,170.58,230.2,182.93
3132107,131,158.47,244.3,166.98
3132206,274.94,230.11,245.6,250.04
3132305,201.29,213.16,274.2,222.04
3132404,320.59,243.63,288.4,281.8
3132503,179.71,179.47,266.2,198.41
3132602,255.71,266.37,313.3,272.63
3132701,204,184.53,271.9,210.72
3132800,269.76,242.84,312.9,268.02
3132909,371.18,310.58,322.6,335.59
3133006,402.82,409.37,417,408.61
3133105,318.18,265,293.3,290.8
3133204,178.71,175.68,229.9,188.59
3133303,128.35,131.05,186.1,142.02
3133402,316.29,312.68,263.2,303.26
3133501,275.35,259.79,232.2,259.54
3133600,406.12,303,286.1,337.43
3133709,284.88,241.63,251.8,259.83
3133758,330.88,260.32,266.3,287.7
3133808,285.53,243.11,241.3,258.39
3133907,274.29,239.79,260.5,257.04
3134004,123.29,126.47,169.2,134.59
3134103,180,165.95,246.1,188.57
3134202,308.65,268.79,257.9,281.15
3134301,284.47,251.84,248.8,263.24
3134400,291.12,282.79,264.2,281.83
3134509,280.24,244.42,256.3,260.24
3134608,237.41,206.74,264.2,230.57
3134707,200.47,208.11,256.9,215.89
3134806,349.76,269.26,289.1,303.33
3134905,397.88,311.37,295.4,339.87
3135001,255.12,239.84,299.3,258.41
3135050,112.65,149.84,198.5,146.67
3135076,180.71,166.26,241.2,187.89
3135100,102.18,138.26,192.3,136.67
3135209,178.47,176,297.1,203.24
3135308,278,246.53,247.7,258.41
3135357,151,176.68,209.7,174.37
3135407,264.12,217.89,238.2,239.39
3135456,121.47,129.58,201.7,142.26
3135506,226.41,220.53,250,229.11
3135605,167.41,184.32,218.1,185.41
3135704,235.06,190.21,238.1,217.2
3135803,191.12,204.05,268.3,213.24
3135902,323.29,267.89,309.4,297.39
3136009,192.12,207.63,257.6,212.76
3136108,238.94,208.95,303.6,240.61
3136207,262.71,243.95,307,264.59
3136306,262.76,230.95,272.6,251.76
3136405,179.88,193.68,218.2,193.91
3136504,192,207.32,253,211.59
3136520,131.18,135.21,206,149.11
3136553,216.18,191.42,299.7,224.11
3136579,132.53,131.37,204.2,147.63
3136603,228,202.32,269.2,226.35
3136652,280.65,238.53,268.8,260.67
3136702,283.06,289.89,343.5,299.02
3136801,164.59,180.79,232.3,186
3136900,355.41,275.58,290.6,308.35
3136959,151.47,138.16,227.1,162.41
3137007,226.29,201.26,290.3,229.87
3137106,300.82,261.79,315.7,287.93
3137205,273.41,244,256.5,257.59
3137304,158.82,174.53,196,173.39
3137403,268.53,244,258,256.11
3137502,282.35,260.79,318.8,281.37
3137536,278.59,245.95,298.4,269.41
3137601,216.41,199.16,243.1,215.09
3137700,267,247.11,306.6,267.39
3137809,324.94,262.68,307.2,295.37
3137908,272.35,248.37,265.1,260.87
3138005,289.47,300.32,301.3,296.52
3138104,194.94,195.37,224.3,201.5
3138203,283.24,258.53,257.2,267.37
3138302,249.88,211.95,234.2,230.8
3138351,134.29,138.26,206.2,151.57
3138401,248.53,269.42,290.1,266.2
3138500,391.76,362.74,370.1,375.07
3138609,331.88,323.47,342.1,330.63
3138625,282.53,277.05,264.9,276.43
3138658,146.41,152.68,220,165
3138674,264.35,274.79,251.5,265.87
3138682,172.82,185.68,243.7,193.54
3138708,268.76,249.63,263.7,259.76
3138807,283.88,247.16,277.8,267.39
3138906,240.41,254.79,296.4,258.52
3139003,334.94,270.32,300.2,300.7
3139102,281.12,248,278.3,266.83
3139201,202,180.89,271.5,208.39
3139250,117.76,130.89,191.3,139.17
3139300,132.59,148.89,233.3,161.22
3139409,217.94,227,229.4,224.17
3139508,262.12,269.89,278.4,268.87
3139607,199.06,200.37,253.1,211.35
3139706,246.53,214.11,230.4,229.63
3139805,258.12,252.68,287.8,262.33
3139904,342.59,261.26,295.3,298.72
3140001,286.24,259.47,293.8,276.83
3140100,201.65,179.63,261.8,205.63
3140159,275.94,265.79,277.9,272.17
3140209,254.71,263,300.1,268
3140308,252.47,232.68,289,252.24
3140407,336.53,269.21,295.6,299.83
3140506,239.41,206.89,251.4,228.59
3140530,248.88,229.89,269.1,245.43
3140555,177,200.37,264.9,205.76
3140605,223.65,218.26,321.1,242.61
3140704,276.29,237.11,244.2,253.13
3140803,275.65,263.21,318.3,279.78
3140852,116.65,149.74,202.5,148.98
3140902,228,228.74,245.8,232.17
3141009,116.47,119.32,191.7,134
3141108,231.35,203.63,248.2,223.57
3141207,320.94,284.68,352.7,312.87
3141306,348.06,283.89,307.4,312.72
3141405,127.59,142.11,208,151.07
3141504,184.06,172.47,238.9,191.2
3141603,281.18,281.79,331.7,292.41
3141702,234.65,213.63,302.8,240.78
3141801,147.47,141.26,216.6,159.93
3141900,285.65,236.32,281,264.26
3142007,151.59,186.21,228.8,182.67
3142106,291.12,293.32,316.4,297.52
3142205,304,305.95,323.3,309
3142254,146.29,157.84,258.8,175.52
3142304,281.88,250.84,273.2,267.17
3142403,277.76,230.74,277.2,258.22
3142502,196.88,204.89,262,214.35
3142601,294.88,255.89,260.7,271.35
3142700,159.41,150.53,260.3,177.67
3142809,322.65,307.21,272.1,305.28
3142908,112.82,124.16,184.2,133.02
3143005,352.29,285.84,309.4,315.52
3143104,307.82,276.58,274.1,287.59
3143153,171.35,181.89,232.5,189
3143203,366.41,304.63,323.4,331.54
3143302,139.94,175.95,211,170.26
3143401,405.24,305.89,288.2,338.76
3143450,128.59,132.63,227.3,151.72
3143500,248.82,263.89,302.6,266.74
3143609,192.59,184.63,245.9,200.89
3143708,276.47,240.05,299,266.33
3143807,412.88,303.79,284.4,339.89
3143906,315.41,320.16,331,320.76
3144003,209.94,192.89,251.5,211.93
3144102,355.12,279.42,299,311.65
3144201,210.24,181.42,278.7,213.22
3144300,197.76,225,243.8,219.02
3144359,218.24,222.84,278.8,233.3
3144375,292.29,246.79,272.8,269.26
3144409,338.94,264.11,291.5,297.72
3144508,282.82,240.42,251.4,258.48
3144607,276,262,263,267.39
3144656,114.29,146.16,232.7,153.2
3144672,201.18,197.95,252,210.89
3144706,258.82,231.47,307.5,258.11
3144805,312.88,287.47,307.4,301.2
3144904,177.82,175.16,235.6,189.28
3145000,344.59,291.26,283.7,309.33
3145059,101.41,122.89,181.9,127.78
3145109,352.94,265.89,278.7,300.85
3145208,239.88,210.84,225.8,224.83
3145307,170.41,163,239.6,182.39
3145356,201.71,229.68,278.5,229.96
3145372,137.18,142.26,230.2,159.5
3145406,366.18,356.16,354.8,359.57
3145455,167.59,170.63,231,182.63
3145505,323.29,267.89,309.4,297.39
3145604,276.53,255.58,233,258.41
3145703,300.53,306.95,340.6,311.89
3145802,255.35,232.63,242.6,243.2
3145851,230.18,221.63,253.1,231.63
3145877,253.94,268.89,264.4,262.39
3145901,276.41,235.63,257.3,255.41
3146008,373.12,311.95,304.6,332.96
3146107,270.12,225.74,261.2,249.85
3146206,213.41,225.21,294.9,236
3146255,135.18,140.58,228.7,157.74
3146305,146.94,155.11,217.5,165.65
3146404,261.71,232.95,299.5,258.04
3146503,278.35,242.42,245.2,256.3
3146552,103.47,121.42,171.8,125.74
3146602,295.53,306.84,354.3,312.98
3146701,265.29,262.05,273,265.63
3146750,265.35,261.53,315.2,274.61
3146909,238,199.63,252.7,225.35
3147006,257.53,236.68,303.1,258.83
3147105,265.24,236.53,239.3,247.74
3147204,310.47,271.84,279.8,287.85
3147303,300.24,229.47,266.2,263.61
3147402,232,192.68,246,218.8
3147501,261.41,231.63,309.3,259.52
3147600,327.35,276.68,284.4,297.09
3147709,283.76,253.53,257.7,265.61
3147808,432.88,425.58,427.8,428.76
3147907,327.06,263.16,261,286.3
3147956,150.65,175.63,225.1,177.15
3148004,302.29,269.37,342,297.33
3148103,327.82,288.11,302.7,305.96
3148202,312.82,318.05,314.2,315.28
3148301,230.24,242.05,260.7,241.74
3148400,214,200.47,308.4,228.93
3148509,212.18,229.95,263.1,230.59
3148608,223.06,196.05,292.8,227.07
3148707,157.47,169.05,254.9,183.43
3148756,247.65,251.84,280.6,256.54
3148806,222.18,232.95,257.2,234.24
3148905,277.24,248.74,244.3,258.3
3149002,288.12,303.74,298.4,296.8
3149101,345.35,261.68,310.3,303.17
3149150,139.24,150.79,208.9,159.15
3149200,332.12,285.58,275.4,300.57
3149309,245.18,226.26,261.8,240.98
3149408,314.12,321.68,336.2,322.04
3149507,256.94,248.89,299.8,262.93
3149606,251.65,215.63,229.2,231.89
3149705,239.41,217.68,239.3,230.41
3149804,336.29,299,317.3,316.76
3149903,281.06,259.11,267.2,268.98
3149952,206.35,211.16,270.7,222.33
3150000,178.65,175.58,230.4,188.63
3150109,295.71,316.74,351.3,316.48
3150158,209.18,222.95,264.2,226.83
3150208,236.82,213.42,248.9,229.78
3150307,288.06,263.11,283.7,276.8
3150406,272.24,241.95,251.8,255.28
3150505,278.35,241.84,248.6,256.8
3150539,232.82,231.53,295.8,245.98
3150570,170.35,170.11,235.6,184.43
3150604,279.76,251.53,251.1,261.87
3150703,366.47,305.26,283.1,323.07
3150802,246.29,250.37,262.4,251.48
3150901,360.59,274.05,324.6,317.02
3151008,335.29,259.32,293.8,294.89
3151107,228.24,229.53,227.8,228.67
3151206,178.18,189,204.3,188.33
3151305,253.65,270.47,322.8,275.63
3151404,245,208.42,226.1,225.78
3151503,302.88,267.37,268.8,280.8
3151602,346,298.42,284.4,312.96
3151701,349.94,279.53,301.4,310.3
3151800,373.24,301.74,331.4,334.61
3151909,217.71,199.37,285.2,224.8
3152006,229.29,208.63,257.2,226.83
3152105,239.47,235.89,277.9,246.35
3152131,171.06,173.05,215,181.43
3152170,147.76,154.21,210.9,164.15
3152204,103,119.63,186.4,128
3152303,229.53,241.53,252.7,239.52
3152402,219.82,209.95,277.9,228.37
3152501,319.12,266.37,284.2,289.74
3152600,316.29,273.21,293.7,293.59
3152709,272.18,256.89,267.2,264.78
3152808,352.18,318.26,286.1,323.8
3152907,331.12,278.47,265.1,295.02
3153004,359,297.16,327.5,326.61
3153103,241.88,245.79,257.4,246.87
3153202,201.88,190.16,250.4,207.59
3153301,246.35,220.26,298.1,246.83
3153400,304.24,273.89,346.5,300.89
3153509,282.53,290,286.7,286.52
3153608,235.47,198.58,243.3,221.93
3153707,300.53,260.05,331.2,290.48
3153806,266.82,235.42,246.1,249.35
3153905,274.88,267.47,291.1,275.35
3154002,217.71,221.58,255.4,227.5
3154101,246.24,254.42,261.2,252.87
3154150,249.18,234.37,263.5,246.17
3154200,264.24,256.79,246.3,257.26
3154309,183.82,178.47,257.6,197.65
3154408,297.18,280.11,320.3,295.15
3154457,213.29,190.16,276.4,217.46
3154507,123.53,143.74,214.2,151.59
3154606,260.24,241.89,270.2,254.83
3154705,283.82,267.11,259.6,271.65
3154804,290.65,252.16,285.7,273.67
3154903,239.06,223.32,252.3,235.43
3155009,242.94,232.42,279.1,246.46
3155108,236.35,220.47,293.7,242.26
3155207,277.35,260.26,292,273.48
3155306,275.94,245.47,253.5,258.48
3155405,276,277.53,335.8,289.63
3155504,330.06,281.89,348.3,314.13
3155603,132.76,132.05,203.3,147.8
3155702,264.24,236.53,311.1,262.98
3155801,266.18,265.84,321.4,278.04
3155900,332,327.16,330.2,329.61
3156007,200.06,189.74,300.1,217.54
3156106,268.41,268.89,257.2,266.17
3156205,268.35,265.89,315.6,277.61
3156304,252.41,271.63,310.2,272.91
3156403,312.24,267.74,269.8,284.63
3156452,290.59,298.42,315.4,299.22
3156502,132.82,145.95,222.4,157.72
3156601,213.94,207.84,266.6,222.87
3156700,264.82,244.79,280.9,260.04
3156809,226.24,212.32,302.2,237
3156908,382.47,322.21,313.1,342.5
3157005,137,151.42,227.1,162.54
3157104,222.29,226.37,258.2,231.78
3157203,283.71,254.84,311.8,277.89
3157252,210.24,220.74,249.2,223.04
3157278,294,307.32,326.9,306.65
3157302,300.65,305.89,344.5,312.35
3157336,285.82,275.58,257.8,275.5
3157377,135.76,140.84,228,157.91
3157401,246.71,220.79,265.3,240.04
3157500,223.12,217.68,285.3,234.39
3157609,193.47,188.16,232.2,199.7
3157658,255.24,262.84,308.2,269.89
3157708,340.94,293.63,309.4,314.54
3157807,245.41,228,266.8,242.87
3157906,243.59,256.58,260.9,252.72
3158003,254.65,234.05,316.1,259.5
3158102,231.59,218.11,274.4,235.33
3158201,218.47,183.16,287.7,218.93
3158300,286.88,268.53,257.4,272.89
3158409,300.88,307.74,321.3,308.15
3158508,217.71,189.05,234.1,209.43
3158607,234.18,227.89,283.6,242.33
3158706,307.24,288.16,296.9,297.11
3158805,283.59,267.42,250.4,269.7
3158904,223.65,210.68,245.4,223.02
3158953,245.94,235.68,304.4,254.41
3159001,267.53,225,275.7,251.74
3159100,271.35,239.74,265.4,257
3159209,370.24,294.53,304.2,324.61
3159308,379.71,367.32,372.2,372.96
3159357,212.71,216.47,266.5,225.96
3159407,304.65,291.42,296,297.3
3159506,196.71,175.89,263.8,202.7
3159605,312.71,255.84,284,282.98
3159704,347.35,290.26,352.8,324.96
3159803,288.12,271.58,281.5,279.85
3159902,284.88,266.63,258.9,271.7
3160009,220.35,227.79,252.5,230.41
3160108,231.88,219.53,250.7,230.87
3160207,232.18,216.58,303.4,241.22
3160306,249.18,227.26,285.8,248.09
3160405,263.65,243.53,252.5,252.91
3160454,129.29,129,208,146.28
3160504,270.29,243.05,305,266.59
3160603,184.59,187.84,252.1,200.61
3160702,304.24,325.58,335.3,319.8
3160801,255.88,252.37,252.3,253.65
3160900,260.94,223.32,241.8,241.24
3160959,199.59,214.79,272,221.61
3161007,260.47,234.63,284.3,254.98
3161056,174.06,170.95,232.3,185.43
3161106,164.29,178.95,261.4,191.46
3161205,276.94,260.95,255.6,265.7
3161304,303.29,305.84,269.1,296.91
3161403,284.88,298.47,303.1,294.46
3161502,254.18,262.11,292.9,265.87
3161601,215,209.16,276.5,225.96
3161650,169.12,163.74,204.5,174.59
3161700,256.06,256.26,298.2,265.3
3161809,247.47,230.21,218.5,234.04
3161908,256.12,233.68,295.9,255.5
3162005,302.65,257.32,271.3,277.11
3162104,327.35,287.84,359.3,317.98
3162203,329.18,283.42,262.2,295.72
3162252,172.29,192.53,235.6,194.41
3162302,348.65,279.37,298.2,309.07
3162401,131.35,149.42,222.6,158.65
3162450,129.24,157.68,248.4,166.89
3162500,285.94,274.11,257.1,274.78
3162559,221.76,226.89,238.2,227.46
3162575,183.35,183.21,238.9,195.37
3162609,199.88,210.26,271.6,219.76
3162658,180.53,183.95,237.2,194.26
3162708,120.35,125.05,225.2,145.09
3162807,212.59,192.47,292.4,221.63
3162906,261.82,263.05,304.1,271.52
3162922,275.71,251.89,273.7,265.43
3162948,313.94,260.21,266.1,281.35
3162955,227.24,211.74,247.9,225.33
3163003,206.65,180.68,274.4,210.65
3163102,250.47,217.37,233.2,233.04
3163201,335.29,259.32,293.8,294.89
3163300,187.18,195.74,253.5,205.13
3163409,235.71,219.26,260.9,234.39
3163508,207.47,187.37,297.1,218.65
3163607,227.18,216.63,254.9,228.85
3163706,315.65,258.21,283.5,284.93
3163805,228.12,243.95,262.3,242.09
3163904,361.18,277.05,288.2,310.57
3164001,237.18,222.37,257.4,235.46
3164100,215.06,192.16,304.8,225.11
3164209,185.76,180.11,233.6,193.83
3164308,351.06,319.16,314.2,329.87
3164407,322.06,270.74,269.1,289.35
3164431,302.12,296.74,324,304.65
3164472,205.29,209.32,267.1,220.39
3164506,196.47,177.32,281,206.93
3164605,252.24,236.84,232.3,241.54
3164704,363.18,304.47,304.6,326.2
3164803,266.82,242.89,313.3,267.04
3164902,319.88,248.37,299.7,285.96
3165008,280.12,253.53,248.6,262.28
3165107,371.47,321.95,291.1,333.54
3165206,302.59,262.79,292.5,283.96
3165305,297.47,246.37,289.5,274.63
3165404,362.53,291.26,295.4,318.5
3165503,221.59,210.11,288.4,231.37
3165537,275.94,265.79,277.9,272.17
3165552,194.29,177.26,267.2,203.11
3165560,255.76,221.68,271.9,245.2
3165578,379.47,295.11,282.5,323.54
3165602,237.65,247,269,248.33
3165701,245.47,253.95,271.1,254.54
3165800,350.41,299.95,290.4,316.52
3165909,179.82,178.89,271,199.26
3166006,265.18,268.63,296.3,273.37
3166105,245.94,216.63,291,243.63
3166204,299.06,281.95,327.4,298.15
3166303,247.18,244.79,275.8,252.41
3166402,330.12,282.21,347.7,314.15
3166501,226.53,213.16,313.3,239.87
3166600,311.59,271.68,341.1,301.52
3166709,205.59,233.79,254.6,227.89
3166808,315.53,283.58,316.8,302.61
3166907,342.24,272.89,302.4,304.93
3166956,119.71,120.32,206.5,138.83
3167004,317.53,250.26,316.2,289.46
3167103,247,220.26,309,249.43
3167202,241.06,198.58,245.2,224.41
3167301,277.18,273.63,327.1,286.57
3167400,326.71,269.26,268.1,290.24
3167509,238.88,228.58,286.3,244.93
3167608,213.41,213.42,246.4,220.59
3167707,205.12,213.89,260.9,220.87
3167806,314.76,271.11,298.6,293.22
3167905,284.53,282,339.2,295.37
3168002,132.47,133.74,225.1,153.13
3168051,224.65,216,267.4,230.37
3168101,361.94,330.89,339.8,344.3
3168200,354.82,289.84,312.3,318.74
3168309,226.06,205.11,252.3,223.11
3168408,198.94,196.58,255.1,210.17
3168507,225.12,242,257.9,239.22
3168606,215.65,237.79,295.5,242.15
3168705,250.47,232.84,297.1,253.33
3168804,272.18,267.79,254.5,266.52
3168903,271.88,255.95,316.6,275.02
3169000,253.12,259.05,323.4,270.85
3169059,339.18,275.68,290,302.26
3169109,416.24,313.68,288.5,346.11
3169208,289.24,301.47,301.2,296.89
3169307,258.65,260.16,263.1,260.24
3169356,233.47,237.79,238.7,236.39
3169406,277.71,261.42,258,266.7
3169505,172.94,171.95,212.5,181.13
3169604,311.94,304.16,288.3,303.59
3169703,151.29,157.37,227.2,170.3
3169802,342.82,274.89,300.2,305.5
3169901,252.12,268.68,322.6,274.28
3170008,177.47,174.42,228.4,187.28
3170057,205.53,217.53,270.7,224.65
3170107,379.18,309.74,308.4,335.11
3170206,341.94,312.37,295.5,319.63
3170305,237.06,261.11,274.8,255.2
3170404,310.71,278.05,300.1,294.91
3170438,293.06,278.47,272.6,282.59
3170479,269.29,235.84,287.6,259.46
3170503,240.35,221.74,257.8,236.46
3170529,189.94,181.05,233.8,195.8
3170578,219.18,235.21,298.3,243
3170602,322.47,275.58,273.4,292.43
3170651,131.88,123.53,219.9,147.57
3170701,273.94,264,248.4,264.28
3170750,274.82,260.84,323.1,279.54
3170800,188,195.68,211.9,196.37
3170909,128.29,149.26,223.1,157.57
3171006,292.88,252.32,302.3,278.17
3171030,119.24,145.84,199.7,147.72
3171071,150.59,154.21,236.2,170.7
3171105,379.47,314.58,306.6,336.83
3171154,209.82,216.11,246.8,220.46
3171204,257.76,241.32,270.5,253.74
3171303,224.65,241.58,254,238.02
3171402,307.29,311.79,324,312.78
3171501,194.35,170.26,247,195.85
3171600,122.82,116.47,201.6,137.33
3171709,335.71,263.42,303.1,298.76
3171808,222.12,208.05,292.1,231.52
3171907,214.29,178.26,276.3,212.89
3172004,256,269.32,303.9,271.91
3172103,219.18,228.84,236.1,226.85
3172202,359.94,268.84,318.5,313.3
3200102,238.12,244.58,288.2,251.67
3200136,206.59,218.21,263.2,223.7
3200169,219.76,220.21,275.8,232.13
3200201,322.47,310.89,342.6,322.07
3200300,409.71,435.63,461.9,431.76
3200359,193.59,203.89,267.2,213.85
3200409,332.65,358.95,386.4,355.2
3200508,313.29,286.32,314.6,302.43
3200607,263.53,289.58,321.7,286.93
3200706,300.53,289.47,326.1,301.52
3200805,177.76,169.95,236.2,187.24
3200904,231.47,220.89,276.7,236.93
3201001,211.82,214.11,262.9,223.87
3201100,307.18,282.58,294,294.15
3201159,280.47,288,340.3,296.59
3201209,327.24,321.37,348.4,329.41
3201308,283.41,356.84,324.5,322.67
3201407,338.06,345.05,379.4,349.93
3201506,193.06,198.21,271.6,212.26
3201605,236.53,254.95,292.9,256.39
3201704,323.94,334.05,371,338.35
3201803,322.06,336.16,346.3,333.15
3201902,312.71,342.79,373.2,338.28
3202009,309.12,325.26,312.9,316.61
3202108,229.94,222,292.7,240.3
3202207,291.88,343.26,371.7,330.46
3202256,204.29,220.21,290.2,229.54
3202306,321.35,324.58,337.2,326.13
3202405,302.41,355.21,345.9,333.67
3202454,279.76,271.16,317.7,284.46
3202504,281.35,319.42,361.1,314.41
3202553,306.18,303.16,352.2,314.93
3202603,381.35,402.47,437.4,402.26
3202652,299.35,294.84,347.4,307.93
3202702,207,196.79,253.9,212.98
3202801,278.53,305.95,350.9,305.59
3202900,225.94,233.68,259.3,236.39
3203007,299.35,294.84,347.4,307.93
3203056,230.59,255.11,288.7,253.35
3203106,323.53,324.58,349.5,329.61
3203130,259.76,294.32,332.6,289.87
3203163,206.41,213.47,244.3,217.57
3203205,254.47,282.79,319.8,280.37
3203304,180.53,182.53,232.9,192.74
3203320,278.41,288.16,336.2,295
3203346,348.24,382.11,412.9,376.28
3203353,205.12,215.32,286.6,227.04
3203403,315.06,302.05,331.2,313.2
3203502,202.82,226.21,240.7,220.72
3203601,197.53,212.32,249.9,215.02
3203700,308.71,307.26,350.8,317.26
3203809,321.18,315.74,345.5,324.22
3203908,225.12,211.74,267,228.7
3204005,194.82,211.21,281.3,220.39
3204054,211.47,235.42,253.7,230.54
3204104,213.06,218.95,259.5,225.59
3204203,306.35,319.63,368.7,325.39
3204252,219.65,220.21,261.4,228.96
3204302,286.76,279.79,338.7,295.17
3204351,214.71,229.74,294.1,238.17
3204401,330.71,347.42,382.3,348.83
3204500,285.06,330.05,340.4,315.67
3204559,243.59,244.63,290.4,254.2
3204609,258.35,281.63,310.3,279.26
3204658,208.53,224.26,291.7,233.11
3204708,213.41,217.89,268.6,227.26
3204807,303.06,297,309.2,301.89
3204906,229,247.11,291.8,250.13
3204955,226.82,242.53,283,245.52
3205002,283.76,359.32,340.7,327.35
3205010,230.53,250.53,287.4,251.15
3205036,379.82,379.11,391.5,382.07
3205069,307.24,319.32,359.3,323.54
3205101,308.18,352.05,365.1,338.67
3205150,223.53,212.53,265.6,228.13
3205176,215.88,234.63,285.1,238.67
3205200,280.24,357.32,322.1,321.17
3205309,376.53,369.84,421.5,383.54
3300100,548.18,633,527.5,578.72
3300159,226.65,230.63,212.5,225.22
3300209,472.71,488.47,502.1,485.61
3300225,253.29,241.68,251.2,248.04
3300233,424.94,437.16,476,441.09
3300258,460.06,473.11,471.4,467.91
3300308,321.71,302.63,300.6,309.24
3300407,334.53,285.47,320.6,311.24
3300456,358.18,351.21,329.9,349.15
3300506,311.94,283.89,354.1,309.52
3300605,301.24,272.63,269,282.41
3300704,441.88,444.05,491.7,453.61
3300803,514.65,607.42,552.2,561.13
3300902,222.71,227.37,193.8,218.35
3300936,297.71,314.53,352.7,316.61
3300951,221.53,211.16,267.9,227.33
3301009,205.24,215.16,215.4,211.54
3301108,221.29,244.26,237.6,234.33
3301157,217.59,216.26,206.2,214.57
3301207,216,220.58,235.6,222.15
3301306,489.82,509.37,568.7,515.04
3301405,334.29,341.53,380.3,347.28
3301504,253.76,228.21,268.3,246.37
3301603,252.76,239.84,257.3,248.41
3301702,413.94,358.95,387.3,385.43
3301801,287.76,268.11,265.1,274.72
3301850,527.76,539.11,591.5,546.3
3301876,460.06,473.11,471.4,467.91
3301900,442.41,433.53,390.4,427.43
3302007,392.24,343.89,372.5,367.98
3302056,240.88,216.16,203.6,222.57
3302106,231.65,236.05,226,232.24
3302205,279.94,253.79,248.4,262.28
3302254,387.65,373.42,395.3,383.43
3302270,299.71,249.53,291.7,277.24
3302304,290.76,289.95,266.1,285.07
3302403,358.71,360.42,398.9,368.15
3302452,268.41,245.47,268.3,258.91
3302502,465.18,403.95,460.9,438.96
3302601,404.06,386.63,418.3,399.96
3302700,425.53,383.89,362,394.52
3302809,302.06,276.58,268.8,284.3
3302858,351.76,327.79,338.7,339.02
3302908,375.35,332.89,364,355.35
3303005,273.94,274.63,265.3,272.35
3303104,296.24,294.84,293,294.96
3303203,345.24,294.89,343.4,324.04
3303302,415,362.21,339.6,376.8
3303401,499.41,527.42,562,524.59
3303500,315.94,281.84,331.3,305.2
3303609,321.59,275.84,287.8,295.35
3303708,231.06,223.11,245.8,230.98
3303807,466.94,523,466.2,489.93
3303856,319.65,309.47,297.9,310.72
3303906,299.82,274.58,303.8,290.26
3303955,322.06,279.74,303,300.43
3304003,330.12,276.68,308,303.24
3304102,285.59,302,279.4,291.02
3304110,371,323.47,365,350.07
3304128,397.71,361.63,377.2,378.35
3304144,340.65,286.37,329.9,315.89
3304151,231.47,256.95,276.9,251.87
3304201,385.35,369.68,392.9,380.52
3304300,469.18,480.16,474.4,474.85
3304409,359.53,309.32,373.2,341.76
3304508,264.94,265.74,273.3,267.09
3304524,425.35,437.53,511.3,449.07
3304557,367.35,300.26,350.5,335.98
3304607,289.12,295.16,322.7,298.91
3304706,226.88,233.53,203,224.43
3304755,252.12,253.26,266.1,255.63
3304805,219.06,208.63,205.2,211.74
3304904,419.41,382.79,350.1,389.22
3305000,198.18,219.05,213.8,210.2
3305109,358.18,351.21,329.9,349.15
3305133,240.35,237.21,212.5,233
3305158,272.24,251.84,284.5,266.48
3305208,459.29,481.74,491,475.46
3305307,247.29,258.32,271.7,257.15
3305406,274,265.58,290.2,274.04
3305505,444.82,445.21,415.7,438.65
3305554,308.76,260.47,315.5,290.28
3305604,577.88,591.21,678.6,605.28
3305703,314.12,307.84,321.1,313.04
3305752,444.35,440.37,389.5,430.78
3305802,452.65,499.58,524.7,487.7
3305901,318.82,304.58,352.1,320.17
3306008,233.24,207.68,244.2,225.07
3306107,307.24,298,309.5,303.91
3306156,309.59,313.58,302.4,309.67
3306206,274.41,268.68,258.8,268.65
3306305,360.65,317.95,342.8,339.13
3500105,302.94,276.68,273,285.59
3500204,302.76,246.47,277,273.91
3500303,346.06,281.37,248.7,298.17
3500402,380.71,310.68,323.3,339.3
3500501,410.47,301.37,286.1,338.37
3500550,339.06,283.47,264.3,299.85
3500600,339.47,245.63,280.5,287.89
3500709,324.53,272.42,254.2,287.72
3500758,322.53,242.95,226.5,268.78
3500808,308.35,263.89,264.6,280.48
3500907,302.24,287.47,279.6,291.22
3501004,371.24,306.58,309.1,331.02
3501103,304.47,287.37,275.8,291.17
3501152,365.82,254.21,245.3,293.52
3501202,296.06,298.74,268.7,291.22
3501301,312.35,276.21,279.9,290.37
3501400,334.82,269.63,287.7,297.65
3501509,345.59,289.32,303.1,313.11
3501608,359.41,258.89,255.6,295.33
3501707,331.47,278.63,263,294.76
3501806,304.65,303.47,277.1,298.17
3501905,359.12,293.21,250.5,308.28
3502002,356.06,287.58,283.3,311.96
3502101,282.76,272.11,273.9,276.43
3502200,306.06,269.89,253.8,279.76
3502309,333.06,260.16,248.8,284.63
3502408,315,275.63,291.9,293.72
3502507,362.88,283.79,280,312.2
3502606,304.59,273.21,281.1,286.52
3502705,363.24,295.68,308,323.33
3502754,385.59,248.26,281.3,306.2
3502804,331.71,277.32,268.1,295.41
3502903,312.53,226.47,205.3,253.67
3503000,352.59,262.32,288.7,301.41
3503109,361.76,288.58,257,308.76
3503158,364.65,329.21,320.6,340.43
3503208,317.94,281.84,259.5,290.33
3503307,352.94,277.05,244.5,298.02
3503356,325.47,296.95,281.3,304.09
3503406,291.94,252.11,229.3,261.87
3503505,357.94,342.42,319.4,343.15
3503604,313.12,269.37,256.1,282.65
3503703,322.41,257.53,266.2,283.39
3503802,346.65,258.32,265.4,292.5
3503901,364.41,297.11,288.4,320.09
3503950,312.94,290.21,266.7,293.5
3504008,353.65,271.89,290.5,306.15
3504107,367.18,279.68,257.9,307.28
3504206,307.88,270.42,274.1,285.07
3504305,320.71,263.05,277.3,287.46
3504404,302.94,267.05,252.3,277.11
3504503,351.53,306.42,265.2,314.13
3504602,327.82,280.79,295.4,301.35
3504701,302.71,249.21,277.3,275.09
3504800,330.65,290.16,266.6,300
3504909,360.82,361.63,341.3,356.91
3505005,354.71,282.16,275.8,307.59
3505104,296.82,264.95,248.7,273.2
3505203,304.88,255.79,244.3,271.43
3505302,321.12,258.47,259.9,281.93
3505351,343.94,274.32,286.1,302.61
3505401,404,338.47,370.2,369.59
3505500,342.12,285.11,275.9,304.17
3505609,312.94,269.11,247.5,280.61
3505708,373.65,295.53,294.7,324.22
3505807,312.18,289.84,282.3,296.46
3505906,356.76,305.68,302.3,323.83
3506003,317.06,271.68,261.7,286.28
3506102,312.18,273.32,277.3,288.54
3506201,311.06,272.05,271.9,286.43
3506300,380.71,300.47,272.4,324.02
3506359,704.94,661,684.4,682.33
3506409,300.82,275.84,262.3,282.13
3506508,304.06,275.37,254.6,281.46
3506607,559.24,515.05,497.6,527.59
3506706,323.41,258.11,265.2,283.78
3506805,318,276.05,253.5,286.65
3506904,327.35,289.32,245.5,293.85
3507001,307.88,241.26,201.4,257.22
3507100,370.12,288.26,268.7,314.26
3507159,358.18,266.58,298.3,307.33
3507209,323.12,287.68,300.6,303.59
3507308,304.29,265,243.8,274.91
3507407,295.35,222.32,247.5,254.78
3507456,322.47,273.11,251.4,286.63
3507506,344,292.21,270.7,306.67
3507605,366.18,269.47,253.7,301.78
3507704,297.24,285.11,267.2,285.7
3507753,307.88,261.95,263.7,279.3
3507803,366.94,330.42,330.6,343.96
3507902,353.94,271.37,289.3,305.78
3508009,307.65,272.16,239.9,278.26
3508108,324.18,267.84,265.8,288.22
3508207,363,289.26,316.8,322.5
3508306,318.71,270.32,262.4,286.48
3508405,379.65,247.32,273.5,301.91
3508504,317.12,272.37,240,281.87
3508603,345.06,336.32,282,327.74
3508702,338.88,289.05,315.1,313.13
3508801,288.71,253.74,273.3,270.91
3508900,308.29,265.58,264.7,281.17
3509007,398.47,293.26,284.4,330.22
3509106,302.47,275.05,289.5,288.33
3509205,398.76,286.11,318.7,334.83
3509254,445,383.26,420,414.07
3509304,309.76,264.11,280.6,284.57
3509403,355.35,281.32,302.6,313.3
3509452,309,269.16,252.7,280.3
3509502,369.12,268.63,239.3,299.39
3509601,378.18,285.16,280.7,318.57
3509700,400.12,299.42,369.7,351.91
3509809,331.18,274.21,289.1,298.5
3509908,624.18,575.79,657.7,611.48
3509957,337.47,307,278.6,312.09
3510005,362.53,281.42,292.4,313.78
3510104,318.65,265.47,257.7,283.43
3510153,371.29,296.79,260.7,316.48
3510203,354,270.37,251,297.07
3510302,311.24,237.63,203.6,257.43
3510401,330.06,256.53,237.1,279.48
3510500,531.12,427.63,471.8,475.48
3510609,373.65,295.53,294.7,324.22
3510708,304.71,298.58,268,294.2
3510807,342.18,278.16,273.7,300.85
3510906,373.59,310.21,325.1,336.87
3511003,283,283.84,277.4,282.13
3511102,324.76,258.53,298.7,291.74
3511201,321.71,266.47,294,292.87
3511300,337.29,288.21,305,310
3511409,354.88,294.05,251.5,307.28
3511508,309,240.42,200.5,257.09
3511607,311.71,260.89,217.5,270.24
3511706,335.82,240.32,268.8,281.8
3511904,304.82,274.11,257.6,281.87
3512001,329.47,274.84,280.5,296.26
3512100,335.59,289.21,271.7,302.54
3512209,335.53,277.79,239.1,290.72
3512308,326.65,247.84,227.6,272.57
3512407,350.06,281.32,264.4,303.04
3512506,296.53,271.79,258.1,277.96
3512605,363.06,266.16,267.5,302.26
3512704,348.65,276.21,281.3,304.09
3512803,343.24,246.47,256.6,284.43
3512902,324.53,306.05,276.6,306.48
3513009,370.76,271.95,280.4,310.3
3513108,331.71,267.79,266.3,291.09
3513207,383.88,311.53,312.5,338.48
3513306,357,288.53,288.8,313.89
3513405,334.76,287.74,289.6,305.52
3513504,653.76,599.47,649.8,630.48
3513603,364.47,343.95,307.1,343.52
3513702,378.47,290.95,263.6,317.35
3513801,394.82,317.95,285.7,339.35
3513850,314.76,280.05,287,294.39
3513900,354.06,295.26,324.4,323.33
3514007,308.18,260.84,244.7,274.83
3514106,362,285.26,288.7,314.37
3514205,311.88,292.63,268.7,294.54
3514304,338,287.68,265.1,301.37
3514403,297.88,258.95,279.5,277.8
3514502,338.65,273.58,283.9,299.87
3514601,318.06,282.89,265.5,292.11
3514700,348.12,272.95,300.5,306.72
3514809,460.76,375.05,406.4,413.54
3514908,333.12,252.63,235.7,278.7
3514924,336,269.68,297.4,300.22
3514957,309.41,256.95,274.4,280.13
3515004,366.94,280.37,292.7,315.04
3515103,403.65,330.53,321.2,355.52
3515129,296.24,251.84,266.1,271.35
3515152,333.35,268.37,246.7,287.67
3515186,364.35,305.47,280.7,321.85
3515194,318.94,273.74,240.6,283.24
3515202,316.24,286.16,264.8,292.63
3515301,333.18,284.32,299.4,305.65
3515350,318.24,306.47,316.8,313.07
3515400,364.88,278,266.7,307.65
3515509,323.47,303.84,273.1,304.41
3515608,318.65,265.47,257.7,283.43
3515657,340.24,288.26,295,308.93
3515707,373.94,322.05,301.3,336.72
3515806,300.59,258.11,285.3,279.72
3515905,315,279.63,262.8,289.04
3516002,307,272.05,275.6,285.74
3516101,355.94,285.68,284.5,311.39
3516200,377.29,331.05,295.9,340.5
3516309,378.18,285.16,280.7,318.57
3516408,398.47,293.26,284.4,330.22
3516507,317.94,280.89,267.2,291.61
3516606,340.24,288.26,295,308.93
3516705,357.71,283.47,299.1,314.3
3516804,310.65,271.42,273.1,286.28
3516853,314.82,256,255,277.52
3516903,302.29,264.47,270.2,279.7
3517000,310.76,282.53,268.5,289.91
3517109,285.76,259.42,246.7,266.39
3517208,283.41,247.68,266.1,264.89
3517307,301.76,249.79,261.7,271.59
3517406,326.29,267.89,278.4,291.76
3517505,318,287,284.2,297.85
3517604,391.24,299.79,310.2,335.85
3517703,352.71,295.37,296.9,316.89
3517802,290.41,280.53,267.6,281.37
3517901,299.41,282.21,269.2,285.74
3518008,296.41,282.53,256,281.89
3518107,312.65,269,287.4,289.13
3518206,322.06,275.42,261,289.52
3518305,343.35,276.47,263.9,298.46
3518404,357.59,285.53,281.4,311.26
3518503,314.65,273,238.9,280.98
3518602,307.47,253.05,243.2,271.02
3518701,765.88,743,682.4,738.28
3518800,374.35,299.21,294.8,326.02
3518859,304.94,260.16,252.2,274.98
3518909,304.29,280.68,294.7,292.46
3519006,322.94,291.53,287.3,302.22
3519055,347.82,255.89,252.9,289.22
3519071,346.35,257,248.4,288.15
3519105,301.47,239.42,247.4,264.09
3519204,321.82,295.84,277.1,301.37
3519253,341,288.84,259.6,301.76
3519303,357.12,268.53,271.6,301.93
3519402,333.53,276.32,297.5,302.07
3519501,325.65,279.84,282.4,297.33
3519600,309.47,244.74,250.5,269.91
3519709,390.94,341.89,290.8,348.91
3519808,292.18,282.58,264.8,282.26
3519907,335.29,269.79,293.1,299.07
3520004,307.35,267.89,253.2,279.28
3520103,352.65,292.79,299.5,316.37
3520202,347.06,293.42,291.3,312.78
3520301,613.59,530.89,570.3,570.02
3520400,546,422.79,440.3,472.13
3520426,579.29,510,582.8,551.43
3520442,291.94,284.47,288.8,288.17
3520509,319.82,237.47,223.1,264.78
3520608,308.24,267.05,268.2,282.52
3520707,300.41,287.11,273,288.96
3520806,311.94,267.32,285.1,287.67
3520905,381,305.68,266.1,324.91
3521002,308.76,235.26,208.1,256.52
3521101,354.06,260.42,285.6,300.5
3521150,322.29,288.26,260.4,294.78
3521200,388.76,338.74,359,361.63
3521309,340.71,295.37,298.6,312.83
3521408,339.59,272.11,269.5,296.48
3521507,324.59,268.21,274.6,290.43
3521606,307.18,268.16,280.9,285.35
3521705,349.76,262.32,243.3,290.5
3521804,362.12,285.68,267.4,309.96
3521903,327.82,253.84,286.4,288.26
3522000,293.41,264.37,235.3,268.78
3522109,581.12,528.68,516.6,545.43
3522158,334.12,276.84,273.9,297.37
3522208,400.88,307.53,282.6,336.61
3522307,316.53,245.74,235.6,269.7
3522406,342.24,256.79,242,285.15
3522505,364.18,265,274.7,303.76
3522604,402.53,297.68,284.6,333.59
3522653,353.29,268.42,278.6,302
3522703,319.53,253.89,260.7,279.63
3522802,362.76,274.74,264.2,304.98
3522901,318.29,258.84,242.4,277.24
3523008,275.24,280.16,292.5,281.02
3523107,363.06,288.37,299.8,318.46
3523206,358.76,256.68,260.7,295.28
3523305,519.24,492.16,505.4,505.04
3523404,377.24,285.37,252.1,312.09
3523503,338.53,295.05,267.9,305.22
3523602,345.59,277.05,319.9,311.7
3523701,359.12,335.63,288.3,334.02
3523800,322.18,277.74,288,296.39
3523909,326.59,223.79,223.8,261.78
3524006,353.94,269.16,238.7,293.87
3524105,346.24,295.47,291.1,313.28
3524204,324.82,271.21,277.4,292.37
3524303,318.18,255.32,243.8,276.04
3524402,327.59,268.79,245.2,285.39
3524501,314.12,265.84,288.1,288.52
3524600,453.88,411.11,440.7,433.35
3524709,347.82,255.89,252.9,289.22
3524808,311.29,282.63,269.2,290.3
3524907,324.71,272.11,248.1,286.33
3525003,373.65,295.53,294.7,324.22
3525102,324.94,320.26,305.4,318.76
3525201,361,275.58,254.6,302.59
3525300,315.59,274.32,258,286.02
3525409,382,295.53,322.8,333.41
3525508,408.65,312.63,293.5,343.96
3525607,318.12,290,298.4,302.22
3525706,302.65,255.11,269.4,275.78
3525805,329.18,261.26,278.6,290.13
3525854,311.71,248.63,211.9,263.96
3525904,368.82,275.63,246.8,303.8
3526001,301.59,261.53,286,281.65
3526100,482.24,390.79,357.6,417.37
3526209,426.41,370.89,349.2,386.7
3526308,347.24,259.74,246.4,289.17
3526407,312.65,238.47,208.1,259.28
3526506,290.82,279.58,273.9,282.5
3526605,330.41,292.32,277.7,303.22
3526704,346.35,286.05,237.4,297.76
3526803,325.06,285.47,261,294.78
3526902,351.88,269.95,251.3,296.17
3527009,406.12,306.58,279.2,337.41
3527108,279.88,254.11,267.7,266.59
3527207,337.47,307,278.6,312.09
3527256,315.71,274.58,269.6,288.7
3527306,381.06,286.84,245.1,312.59
3527405,308.76,264.79,285,285.43
3527504,332.59,284.05,278.3,300.74
3527603,339.59,287.84,267.7,302.59
3527702,307.76,297.37,285.2,298.57
3527801,340.65,285.79,303.3,309.87
3527900,343.18,277.68,302.8,307.35
3528007,305.82,248.05,246.2,269
3528106,318.24,279.05,261.3,289.67
3528205,304.82,292.63,275.6,293.43
3528304,319.65,284.21,274.6,295.22
3528403,365.82,254.21,245.3,293.52
3528502,396.12,308.05,306.3,340.22
3528601,360.94,293.26,258.5,310.72
3528700,316.35,283.32,297,298.5
3528809,348.53,283.42,285.8,308
3528858,327.71,259.47,284.1,290.04
3528908,307.06,269.95,275.3,284.83
3529005,353.12,276.26,277.5,304.93
3529104,302.24,273.21,277.2,284.8
3529203,310.06,265.42,266.1,282.07
3529302,310.18,262.26,254.8,278.35
3529401,396.24,347,305.9,356.26
3529500,312.82,255.42,279.1,281.78
3529609,314.18,303.74,266.6,299.52
3529658,288.76,275.68,251.9,275.35
3529708,336.76,260.58,281.9,293.37
3529807,326.06,273.21,274.3,292.98
3529906,391.29,348.95,346.8,364.13
3530003,299.29,291.37,272.7,290.24
3530102,284.53,277,271.4,278.57
3530201,327.82,295,294.7,307.07
3530300,324.35,284.26,283.5,298.91
3530409,316.18,282.84,268.4,292.02
3530508,332.29,272.63,285.2,297.41
3530607,390.94,323.63,313.3,346.26
3530706,323.53,275.89,241.6,286.04
3530805,360.82,281.95,263.9,307.17
3530904,325.65,260.37,237.5,279.52
3531001,311.94,281.37,261.6,288.37
3531100,716.88,652.63,674.4,681.11
3531209,370.47,284.68,269.3,313.04
3531308,318.76,256.47,265.6,281.48
3531407,319.71,271.32,259.3,286.59
3531506,310.53,268.58,273.1,285.07
3531605,292.53,282.26,271.8,283.78
3531704,400.29,332.68,330.5,357.2
3531803,332.82,259.58,245.2,283.52
3531902,335.94,288.26,288.6,305.96
3532009,340.12,276.79,230,290.02
3532058,316.47,285.63,252.9,289.91
3532108,292,286.05,261.9,283
3532157,314.35,276.32,293.1,294.02
3532207,333.53,292.11,307.8,310.83
3532306,451.24,397.68,393.1,416.48
3532405,365.76,294.89,277.1,317.22
3532504,324.29,275.42,278.4,294.13
3532603,320.41,293.42,270.7,298.46
3532702,317,277.32,263.7,289.02
3532801,310.06,254.11,291.9,283
3532827,363.29,257,266,298.24
3532843,301.41,284.79,265.4,286.72
3532868,308.47,279.47,272.6,288.7
3532900,317.06,258.16,260,280.33
3533007,311.41,272.95,261.8,284.74
3533106,289.88,269.68,277.9,278.93
3533205,278.06,290.05,273,281.91
3533254,314.53,256.42,289,284.98
3533304,310.65,271.42,273.1,286.28
3533403,359.41,258.89,255.6,295.33
3533502,306.12,246.11,271,273.7
3533601,330.53,307.53,305.5,315.59
3533700,324.18,270.16,287.3,293.85
3533809,357.71,299,266.7,313.67
3533908,313.94,271.79,278.1,288.74
3534005,315.59,291.37,274.4,296.63
3534104,353.29,268.89,276.6,301.76
3534203,310.18,279.63,267.5,288.28
3534302,339.88,295.32,301.1,313.04
3534401,392.71,307.58,288.9,334.98
3534500,353.24,273.47,292.8,307.15
3534609,318.18,277.42,290.9,295.41
3534708,358.35,313.58,280.9,323.02
3534757,290.59,283.37,248.3,278.41
3534807,290.65,270.95,274.6,279.02
3534906,303.94,265.05,282.7,283.26
3535002,314.18,279.95,269.1,290.24
3535101,326.12,254.26,280.5,286.52
3535200,308.41,282.47,285,292.61
3535309,345.24,277.79,296.4,306.76
3535408,296.76,274,279.4,283.59
3535507,335.65,288.58,289.8,306.24
3535606,315.76,286.16,248.9,289
3535705,312.71,252.05,270.7,278.52
3535804,322,271.16,258.8,287.26
3535903,301.82,295.47,257.2,289.5
3536000,315.76,278.05,283.1,293.09
3536109,333.35,287.37,262.9,299.04
3536208,478.35,404.32,437.4,438.87
3536257,304.82,304.26,263.9,295.7
3536307,363.18,320.58,287.8,329.2
3536406,280.35,287.37,276.9,282.5
3536505,360.53,261.42,249.2,295.39
3536570,311.35,271.42,249.3,281.37
3536604,302.41,293.63,266,290.87
3536703,307,266.63,251.1,278.17
3536802,421.88,300.53,305.1,346.37
3536901,311.88,300.63,260.2,296
3537008,390.65,301.05,323.3,339
3537107,333.12,271.84,235.2,286.52
3537156,344.35,288.63,273.9,306.02
3537206,492.24,453.63,472.5,472
3537305,299.24,279.26,251.9,280.7
3537404,276.41,264.26,280.1,272.2
3537503,318.71,244.26,206.9,263.65
3537602,538.76,504.26,520.7,520.59
3537701,322.35,276,267.3,291.24
3537800,348.76,251.47,249.3,286.96
3537909,335.12,271.95,241,288.57
3538006,343.35,311.16,265.6,313.15
3538105,322.47,247.42,281.5,282.57
3538204,417.71,295.32,300.5,341.67
3538303,294.47,270.63,279.3,281.33
3538501,332.06,293.26,298.8,308.8
3538600,385.12,287.58,270.4,319.89
3538709,342.65,246.68,256.9,284.37
3538808,369.82,278.53,253.2,306.76
3538907,318.76,267.89,288.4,291.15
3539004,308.76,259.11,269.7,279.76
3539103,380.76,259.58,291.2,311.24
3539202,333.18,284.32,299.4,305.65
3539301,356.76,289.95,258.3,307.76
3539400,321.65,270.47,255.3,286.09
3539509,311.71,265.11,256.2,280.39
3539608,315,277.79,264.5,288.65
3539707,354.94,264.68,295.7,304.78
3539806,373.94,322.05,301.3,336.72
3539905,317.82,279,260.2,289.26
3540002,345.53,280.32,272.5,302.72
3540101,286.24,238.58,265.6,262.07
3540200,295.59,279.68,287,287.15
3540259,315.94,274.95,290.1,293.39
3540309,295.35,298.95,273.4,292.07
3540408,288.18,281,248.3,276.54
3540507,324.24,281.11,236.6,287.37
3540606,308.41,237.37,201.9,255.91
3540705,354.29,290.53,263.2,308.15
3540754,372.06,295.53,284.7,321.46
3540804,331.29,273.74,297.2,300.11
3540853,297.47,269.47,271.8,280.33
3540903,300.88,264.53,244.1,273.52
3541000,769.12,684,690.8,716.93
3541059,342.53,284.89,262.5,301.33
3541109,332.12,267.42,289.4,296.11
3541208,318.76,273.05,284.2,292.37
3541307,310.88,290.11,290.6,297.89
3541406,308.35,263.89,264.6,280.48
3541505,303.47,275.68,284.9,287.96
3541604,287.29,252.21,252.3,265.2
3541653,324,271.37,222.6,280.22
3541703,316.71,290,297.5,301.5
3541802,323.29,290.58,284.9,301.43
3541901,330.47,293.79,290.5,306.63
3542008,333.71,277.84,289.9,301.11
3542107,312.94,245.79,216.7,264.28
3542206,318.35,290.84,286.1,299.98
3542305,340.29,273,243.7,291.5
3542404,302.71,268.26,275.5,282.57
3542503,298.65,231.63,246.5,259.63
3542602,478.59,390,409.8,427.04
3542701,357.35,293.37,302.6,319.02
3542800,311.47,257.79,255.3,277.09
3542909,336,256.89,260.8,286.98
3543006,377,273.68,297.4,317.02
3543105,375.35,311.05,288.4,329.89
3543204,330.06,284.16,276,299.35
3543238,291.82,258.74,265.7,272.48
3543253,367,259.95,277.1,303.24
3543303,484.88,442.47,379.4,444.43
3543402,320.24,276.58,267.6,290.76
3543501,362.47,262.05,269.2,300.72
3543600,371.88,314.63,297,331.96
3543709,317.47,276.16,252.7,286.33
3543808,311.47,277.74,281.9,291.11
3543907,358.47,275.89,269.8,305.09
3544004,338.24,269.84,245.8,289.89
3544103,631.41,607.05,565,606.91
3544202,287.82,285.63,267.6,282.52
3544251,305.65,316.68,316,312.46
3544301,345.18,280.11,248.4,297.26
3544400,317.88,274.32,271.7,289.85
3544509,306,289.53,267.7,290.87
3544608,292.82,242.89,262.1,265.52
3544707,311.53,270.63,285.1,288.89
3544806,307.76,244.26,272,273.76
3544905,338.41,319.47,303.9,323.09
3545001,386.18,339.11,313.5,350.93
3545100,306.41,274.16,278.5,287.02
3545159,331.59,249.89,237.6,277.41
3545209,311.94,235.53,223.2,261.09
3545308,326.94,226.79,220.4,262.41
3545407,336.06,291.63,277.2,304.91
3545506,323.82,288.89,288.9,301.8
3545605,335.53,269.68,286,297.57
3545704,304.76,283.95,265.4,287.61
3545803,341.53,268.26,247.2,290.76
3546009,318.24,271.53,241.2,282.2
3546108,304.18,283.11,261,286.09
3546207,352.59,286.37,246.6,302.2
3546256,365.12,296.89,314.8,326
3546306,347,287.16,261.9,303.78
3546405,358.88,309.84,261.9,317.54
3546504,314.24,254.11,242.1,273.72
3546603,304.94,291.21,268.4,291.33
3546702,356.47,279.26,274,306.65
3546801,357.12,305.42,293.9,322.02
3546900,327.29,286.37,260.9,295.96
3547007,348.76,273.74,279.9,302.8
3547106,289.12,271.16,277.3,279.13
3547205,317.53,300.95,274.6,301.35
3547304,378.12,244.16,283.5,302.22
3547403,303,284.37,267.2,287.52
3547502,356.12,292.11,265.4,309.96
3547601,332.76,271.58,275,294.93
3547650,317.53,300.95,274.6,301.35
3547700,313.65,280.63,290.9,295.07
3547809,484.88,442.47,379.4,444.43
3547908,368.41,311.79,320.9,334.7
3548005,353.35,276.16,260.2,301.22
3548054,313.06,273.05,272.6,287.74
3548104,398.65,321.58,295.6,344.41
3548203,391.59,315.79,322.1,345.17
3548302,300.12,247.74,266.9,271.26
3548401,319.29,295.58,280.7,301.11
3548500,751.88,741.95,670.2,730.02
3548609,358.94,265.74,319.4,311.85
3548708,618.76,530.95,564.6,570.72
3548807,398.29,333.47,287.4,347.41
3548906,365.47,293.47,269.9,314.96
3549003,308.35,287.26,285.5,294.67
3549102,344,282.74,278.6,304.48
3549201,317.18,273.26,263,287.26
3549250,302.47,267,259.9,278.57
3549300,290.47,281.26,279.8,284.35
3549409,346.76,304.11,310,321.15
3549508,358.71,299.74,299.5,321.48
3549607,412.29,422.21,374.5,408.17
3549706,338.41,280.47,292.6,304.52
3549805,320.88,295.47,280.5,301.61
3549904,395.18,340.53,316.7,355.54
3549953,414.71,352.53,321.4,368.74
3550001,370.18,328,273,331.63
3550100,314.65,270.74,252.8,283.07
3550209,358.06,280.21,266.8,306.07
3550308,394.82,317.95,285.7,339.35
3550407,342.88,256.74,274.6,292.46
3550506,331.71,294.68,271.7,303.37
3550605,381,265.37,266.1,308.26
3550704,548.18,432.21,455.2,480.07
3550803,370.35,310.16,319.9,334.52
3550902,330.47,283.63,272.6,298.54
3551009,720.71,653,653.3,678.09
3551108,305.65,227.68,210,252.65
3551207,369.53,277.58,259.6,307.65
3551306,325.35,301.68,283.2,306.41
3551405,331.76,272.11,279.9,295.85
3551504,356.88,301.16,305.3,322.65
3551603,406.12,306.58,279.2,337.41
3551702,312.94,282.95,261,289.26
3551801,522.88,415.05,447.9,462.04
3551900,317.24,268.74,276.5,288.35
3552007,347.94,339.74,299.9,334.11
3552106,420.76,304.95,301.8,347.07
3552205,303.12,214.79,209.8,246.35
3552304,297.88,276.79,291.5,287.78
3552403,346.35,257,248.4,288.15
3552502,415.18,378.53,330.3,381.59
3552551,296.29,281.16,282.5,287.04
3552601,330.71,282.53,306.8,305.61
3552700,316.53,262.74,256.5,281.26
3552809,386.24,304.74,273.4,328.04
3552908,319.59,278.95,293,297.02
3553005,369.82,277.21,259.9,307.67
3553104,320.71,260.74,270.8,285.09
3553203,318.35,259.11,265.3,282.35
3553302,336.41,275,278.7,298.5
3553401,334.12,295.26,268.9,303.89
3553500,479.06,449.89,341.9,437.2
3553609,347.76,289.11,302.1,313.61
3553658,310.29,264.68,271.9,283.11
3553708,309.06,259.32,248.5,275.35
3553807,368.94,281.74,274.9,312.48
3553856,325.76,269,243.5,284.43
3553906,326.12,282.16,297,301.63
3553955,360.41,282.11,286.9,312.09
3554003,315.53,246.21,223.4,266.87
3554102,314.71,272.53,243.3,281.76
3554201,368.47,275.89,264.4,307.61
3554300,318.06,311.84,301.6,311.91
3554409,328.47,265.89,287.3,293.67
3554508,311.71,248.63,211.9,263.96
3554607,378,296.68,271.6,321.28
3554656,317.94,287.42,239.7,288.33
3554706,357.35,280.79,296.3,312.46
3554755,332.88,280.21,264,296.15
3554805,344.59,294.58,277.8,309.41
3554904,315.41,298.53,279.1,300.54
3554953,374.53,283.21,275.5,315.28
3555000,328.82,298.63,276.6,305
3555109,289.94,270,280.7,279.7
3555208,318.82,278.74,264,290.35
3555307,295.24,284.16,255.7,282.07
3555356,300.53,253.68,273.5,275.3
3555406,545.88,454.26,490.8,496.07
3555505,345.06,296.11,275.2,309.65
3555604,331.18,286.16,318.2,309.76
3555703,313,271.84,258.8,284.22
3555802,309.41,296.37,276.5,296.87
3555901,299.29,237.63,261.6,265.63
3556008,318.59,259.63,267.4,283.11
3556107,315.41,297.95,271.2,298.59
3556206,386.41,286.16,243.2,313.87
3556305,292.94,268.37,277.1,279.35
3556354,410.29,295.58,286.7,336.04
3556404,352.18,287.26,306.6,315.46
3556453,383.24,277.32,273.5,315.63
3556503,394.12,270.05,304.2,323.33
3556602,363.53,284.42,296.5,316.28
3556701,381.06,286.84,245.1,312.59
3556800,320.12,270.05,280.2,290.76
3556909,323.41,260.68,260.9,283.91
3556958,319,299.58,271.3,300.61
3557006,310.47,217.26,215.1,251.24
3557105,321.06,314.42,285,310.48
3557154,304.29,269.79,258.4,280.07
3557204,371.29,296.79,260.7,316.48
3557303,349.59,279.37,260.1,301.13
4100103,349.94,274.68,289.6,305.74
4100202,323.59,268.68,257.1,286.46
4100301,388.41,286.68,251.2,316.57
4100400,397.82,265.42,239.7,308.76
4100459,545.59,384.79,454.3,459.33
4100509,412.88,331.89,368,369.67
4100608,362.47,309.53,348.3,337.52
4100707,444.12,374.89,379.2,401.41
4100806,348.88,273.21,298.3,306.63
4100905,350.76,313.16,347.9,334.61
4101002,606.29,418.84,478.1,501
4101051,521.35,390.68,458.3,453.67
4101101,329.47,298.63,295.6,309.37
4101150,366.53,315,333.3,338.02
4101200,565.53,542.21,548.1,552.11
4101309,425.12,275.74,260.9,327.72
4101408,427.47,342.26,339.1,373.07
4101507,419.65,345.84,333.5,370.43
4101606,375.65,278.95,306,320.57
4101655,460.59,355,395.9,402.91
4101705,418.53,330.79,356.2,368.74
4101804,361.76,259.53,238.2,292.67
4101853,466.65,339.63,363.1,391.67
4101903,413.94,289.37,299.1,337.52
4102000,484.65,366.42,428.8,423.67
4102109,381.65,320.68,313.3,341.61
4102208,376.06,317.79,344.5,345.13
4102307,381.76,268.58,244,305.07
4102406,336.82,283.37,294.2,305.48
4102505,434.35,334.84,353,375.57
4102604,638.71,446.16,497,528.37
4102703,337.94,297.74,303.7,313.89
4102752,589.06,420.53,496.8,499.39
4102802,369.35,300.26,292.1,324.02
4102901,585.76,361.21,418.4,456.63
4103008,470.82,358.84,428.8,415.43
4103024,535.88,387.89,453.6,456.87
4103040,484.06,360.74,371.8,408.72
4103057,548.24,398.68,446.5,464.35
4103107,383.88,309.74,316.2,338.54
4103156,633.35,447.79,489.8,525.5
4103206,433.06,343.89,362.1,380.8
4103222,567.41,388.21,456.4,469.26
4103305,445.18,316.53,363.6,374.3
4103354,568.94,402.26,450.2,474.28
4103370,430.76,373.74,377.7,395.67
4103404,338.18,290.58,309.4,312.26
4103453,523.24,386.11,454.7,451.7
4103479,415.59,341.58,372,375.54
4103503,434.47,339.79,354.2,377.91
4103602,335.82,291.37,289.2,307.33
4103701,394.41,316.74,294.3,340.57
4103800,440.24,345.89,349.3,381.5
4103909,540.18,370.05,462.1,452.93
4103958,496.76,344,393.4,411.2
4104006,468.76,387.79,388.6,417.89
4104055,573.18,402.11,461.7,478.28
4104105,414.71,278.05,243.1,320.96
4104204,389.59,271.89,240.9,308.65
4104253,377.18,266.21,234.1,300.24
4104303,436.24,353.37,393.3,392.67
4104402,446.71,334.74,329.5,374.98
4104428,540.41,353.74,412.5,435.5
4104451,544.76,384.26,422.3,451.85
4104501,554.29,383.42,466.2,464.57
4104600,562.53,400.21,449.4,470.89
4104659,412.06,294.89,296.7,338.59
4104709,349.94,271.11,292,304.78
4104808,565.71,398.63,450.2,471.59
4104907,451.76,301.84,314.6,360.02
4105003,550.71,401.58,464.9,470.46
4105102,336.65,283,298.2,306.13
4105201,330.71,257.21,243.1,281.3
4105300,592.06,426.74,494.2,502.5
4105409,562,386.26,430.1,460.74
4105508,409.47,320.21,371.6,364.37
4105607,368.18,326.05,357.5,348.46
4105706,590.18,415.05,448.1,486.96
4105805,373.29,250.74,242.7,294.28
4105904,354,291.79,311.8,319.13
4106001,386.94,296.37,302.6,331.2
4106100,351.12,269.37,293.6,304.85
4106209,377.47,264.37,230.9,298.89
4106308,548.24,404.05,465.8,470.76
4106407,368.53,280.95,286.1,314.43
4106456,569.82,394.68,408.5,462.41
4106506,564.18,389.95,455.8,468.65
4106555,445.41,347.21,386.6,392.07
4106571,534.24,393.53,433.1,454.13
4106605,386.71,322.74,371,356.87
4106704,355.12,296.68,326.7,324.8
4106803,504.53,339,351.3,402.85
4106852,458.94,344,366.9,391.46
4106902,396.94,273.26,263.8,316.91
4107009,360.88,274.42,305.6,313.15
4107108,299.71,310.84,310,306.54
4107124,562.41,392.47,463.6,470.74
4107157,552.35,400.63,423.8,461.74
4107207,555.71,400.16,484.1,475.89
4107256,359.29,326.26,339,341.24
4107306,441,343.37,390.9,389.78
4107405,600.65,413.74,499.2,501.39
4107504,431.29,333.79,368.7,377.41
4107520,405.12,329.63,377.9,368.02
4107538,517.41,380.74,430.8,442.13
4107546,530.94,375.89,446.9,448.63
4107553,454.65,359.32,396.4,402.61
4107603,461.88,351.47,387,400
4107652,380.41,264.63,251.8,304.63
4107702,430.94,328.84,354.1,372.07
4107736,436.29,302.58,290.6,349.39
4107751,363.41,279.11,311.6,317.33
4107801,416.12,342.32,384.5,378.76
4107850,632.65,439,509.8,525.96
4107900,423.59,342.37,358.1,375.8
4108007,342.18,288.37,292.4,309.13
4108106,366.53,315,333.3,338.02
4108205,453.82,369.63,393.4,405.91
4108304,532.71,385,480.5,460.35
4108320,426.35,347.32,371.7,381.83
4108403,611.82,417.58,505.3,508.43
4108452,566.06,375.37,427.7,457.22
4108502,535.18,364.26,367.4,428.11
4108551,442.94,345.63,344.2,381.28
4108601,436.24,340.26,368.5,381.87
4108650,520.88,363.63,422.3,434.5
4108700,448.35,342.42,351.3,383.5
4108809,459.18,349.74,390.6,399.07
4108908,345.53,301.95,347.2,327.89
4108957,442.41,319.58,298,360.28
4109005,354.65,271.89,323.6,313.72
4109104,357.12,317.58,345.2,338.2
4109203,350.06,293.05,301.7,316
4109302,560.29,392.63,467.7,470.91
4109401,512.24,358.42,368.9,417.54
4109500,601.06,572.84,651.4,600.35
4109609,576.24,542.89,546.9,556.09
4109658,582.41,399.79,457,479.72
4109708,378.41,282.63,305.6,323.02
4109757,567.65,388.74,482,475.13
4109807,395.59,313.05,293.2,339.24
4109906,382.82,332.68,358.7,356.87
4110003,386.71,336.11,329.9,353.46
4110052,518.59,377.21,469.1,449.43
4110078,438.35,345.26,346.3,379.89
4110102,446.76,293.95,284,348.26
4110201,500.59,367,344.8,411.54
4110300,326.24,302.68,316.1,314.3
4110409,374.18,331.11,362,353.74
4110508,414.82,286.11,272,330.61
4110607,415.53,348.05,374.3,378.7
4110656,491.65,383.32,444.5,436.65
4110706,464.35,325,311.7,373.61
4110805,492.29,384.84,403.4,428.59
4110904,332.35,298.63,298.6,311.09
4110953,529.94,378.79,452.7,450.72
4111001,357.29,288.74,295.6,315.57
4111100,422.65,335.21,348.9,370.5
4111209,555.06,372.74,460.5,459.2
4111258,393.29,269.74,243.3,309.65
4111308,313.41,311,317.4,313.28
4111407,446.53,319.37,313.8,365.15
4111506,474.88,346,368.1,398.43
4111555,377.29,328.16,354.7,352.09
4111605,431.24,351.95,356.2,382.17
4111704,382.18,278.47,311.3,323.93
4111803,343.35,306.11,285.5,315.39
4111902,354.29,296.74,290.1,316.57
4112009,384.94,265.79,308.9,319.2
4112108,444.88,344.74,356.5,384.3
4112207,455.24,348.53,391.2,397.24
4112306,380.29,279.68,310.4,323.54
4112405,382.82,337.89,361.4,359.61
4112504,476.76,344.32,374.4,399.8
4112603,320.65,301.53,291,306.3
4112702,403,302,294.2,337.63
4112751,491.29,382.32,433.2,433.65
4112801,355.35,273.21,311.1,311.8
4112900,357.88,278.58,288.6,310.07
4112959,484.47,345.05,433.1,415.72
4113007,423.06,340.37,375.8,378.63
4113106,450.24,338.11,361.7,384.67
4113205,435.06,280.89,271.5,335.83
4113254,550.35,400.21,462.9,469.33
4113304,561.53,395.21,438.3,466.04
4113403,343.12,291,271.8,306.09
4113429,449.41,332.32,350.1,379.46
4113452,587.82,407.16,477.9,489.3
4113502,353.88,310.95,330.5,331.07
4113601,351.59,290.47,310.2,317.35
4113700,424,316.74,326.4,358.48
4113734,492.59,391.84,446.4,440.93
4113759,447.06,336.05,349.5,380
4113809,339.18,290.32,309.4,312.52
4113908,451.88,301.79,316.9,360.54
4114005,509.82,390.79,446.7,446.93
4114104,390.88,333.74,348.3,358.02
4114203,425.24,363.11,349.7,383.15
4114302,378.53,281,259.3,312.33
4114351,627.71,426.68,477.6,512.04
4114401,570.18,402.79,439.1,472.54
4114500,506.59,371.37,401.2,427.83
4114609,492.06,359.21,406.5,418.59
4114708,405.29,337.84,344.1,364.13
4114807,424.94,363.63,367.7,387.17
4114906,437.41,333.42,362.8,378.24
4115002,316.24,311.58,311.2,313.22
4115101,426.29,355.42,364.1,383.5
4115200,417.35,361.11,343.8,378.13
4115309,601.24,418.42,458.6,494.72
4115358,488.71,377.37,417.2,427.17
4115408,619.65,428.74,507.6,516.43
4115457,553.94,400.95,445.1,467.09
4115507,451.06,341.89,358.1,385.76
4115606,556.88,398.05,480.2,474.61
4115705,595.59,574.58,603.9,588.72
4115739,539.65,419.95,465.9,474.17
4115754,453.65,342.63,378.3,391.41
4115804,559.88,389.95,478.5,472
4115853,477.35,359.21,398.7,411.46
4115903,345.76,316.58,345.2,333.59
4116000,347.94,283.53,284.1,307.46
4116059,541.71,392.74,440.5,458.17
4116109,418.59,344.05,356.3,374.26
4116208,495.18,448.63,452.1,466.59
4116307,376.76,310.63,315.6,336.15
4116406,359.41,288.53,313.7,320.2
4116505,344.29,312.89,347.8,332.09
4116604,409.71,292.74,303.6,338.33
4116703,501.12,379.68,452.5,440.39
4116802,557.65,392.74,449.8,466.09
4116901,375.24,312.32,359.8,345.89
4116950,577.82,401.32,478.6,483.35
4117008,383,290.84,302.7,327.48
4117057,557,395.05,466.8,470.5
4117107,316.29,310,313.3,313.04
4117206,373.41,329.95,354.8,351.41
4117214,398.71,307.11,304.7,340.43
4117222,470.06,375.95,400.3,416.02
4117255,540.24,392.32,446.5,458.76
4117271,462.88,367.84,393.6,408.57
4117297,437.47,333.68,357.3,377.17
4117305,414.41,319.21,331.4,357.04
4117404,427.82,350.89,391.4,388.13
4117453,537.41,370.05,463.1,452.13
4117503,427.53,344.11,370.5,380.67
4117602,584.82,396.58,404.5,467.87
4117701,421.12,279.89,274.7,330.96
4117800,559.24,412.11,467.7,478.57
4117909,446.59,374.32,387.7,403.93
4118006,345.29,319.11,340.1,333.35
4118105,338.35,294.11,317.2,315.48
4118204,511.06,507.53,567.1,521.78
4118303,323.59,298.26,298.2,307.61
4118402,341.06,305.63,331.6,324.37
4118451,507,372.16,416.9,431.72
4118501,606.88,413.74,458.6,494.87
4118600,478.94,302.74,310.4,369.52
4118709,456.53,301.16,316.7,361.96
4118808,421.41,331.21,367,372.33
4118857,412.71,343.42,359.3,372.48
4118907,416.12,339.16,381.9,376.89
4119004,593.94,424.26,496.8,502.74
4119103,396.18,280.37,243.3,315.11
4119152,374.06,267.74,252.1,303.63
4119202,385.06,289.11,319.8,331.24
4119251,619.12,430.79,485.6,512.3
4119301,606.53,405.26,439.5,487.09
4119400,411.88,292.42,319.2,342.39
4119509,433.59,358.79,327.4,379.61
4119608,513.59,386.32,414.4,439.46
4119657,384.65,330.32,313.1,346.65
4119707,366.18,318.53,354.4,343.93
4119806,579.41,400,490,485.87
4119905,435.59,300.74,271.3,344.17
4119954,588.76,563.11,586.8,577.74
4120002,338.53,288.53,302.1,309.96
4120101,430.82,276.63,279.2,334.17
4120150,535.88,377.16,427.4,446.74
4120200,320.41,292,309.1,306.22
4120309,530.47,322.21,347,404.57
4120333,350.06,293.47,282.1,311.91
4120358,613.94,437,509.3,518.11
4120408,381.65,324.16,356.8,352.5
4120507,342.88,278.53,277.4,302.07
4120606,488.12,338.53,336.3,393.33
4120655,458.59,348.11,407.3,401.8
4120705,358.06,267.95,314.4,311.35
4120804,496.35,425,409.1,447.91
4120853,506.35,372.74,417.8,431.91
4120903,551.53,381.26,455.3,460.28
4121000,345.12,323.63,299.8,326.39
4121109,431.12,327.89,365.5,374.22
4121208,385.65,286.21,244.8,313.96
4121257,564.18,404.74,434.1,470.04
4121307,356.35,299.26,272,314.43
4121356,465.59,342.53,408.7,402.39
4121406,547.59,395.05,450.3,463.43
4121505,441.53,291.79,285.2,345.7
4121604,608.53,428.53,501.8,510.98
4121703,451.35,343.95,347,384.3
4121752,572.94,386.53,427.3,464.28
4121802,357.82,281.74,261.8,305.52
4121901,363.47,276.68,283.6,310.26
4122008,452.76,292.84,290.4,351.41
4122107,441.59,337.32,365.8,382.04
4122156,539.82,373.32,442.4,449.87
4122172,455,336.47,355.3,384.37
4122206,393,267.79,250.6,310.33
4122305,418.12,274.84,251.1,322.63
4122404,378.29,330,305.5,342.52
4122503,503.71,415.74,455.8,456.96
4122602,380.88,322.63,363.4,353.02
4122651,447.06,328.47,352.2,377.46
4122701,407.82,339.68,331.2,363.02
4122800,628.47,442.79,491,521.89
4122909,363.82,272.58,292,310.52
4123006,569.59,398.32,474.2,478.11
4123105,350.41,272.68,301.7,307.72
4123204,398.71,307.11,304.7,340.43
4123303,338.41,313.68,310.3,322.09
4123402,366.53,299.16,316.7,327.87
4123501,529.76,396.58,433.9,453.91
4123600,335.82,293.53,299,310.35
4123709,346.82,313.26,316.1,326.28
4123808,564.88,391.32,469.4,472.43
4123824,584.41,410.58,472.7,488.33
4123857,544.35,390.63,468.6,464.39
4123907,352.76,286.68,294.1,312.72
4123956,348.18,313.79,323,328.5
4124004,356.18,264.16,268.8,299.17
4124020,566.12,396.47,465.6,474.2
4124053,532.71,385,480.5,460.35
4124103,328.12,291.26,307.5,308.41
4124202,328.12,307.42,333.9,320.83
4124301,393.06,300.53,309.9,336.76
4124400,616.82,444.11,495.5,519.11
4124509,337.29,291.74,310.6,312.67
4124608,381.06,336.37,363.2,358.72
4124707,415.35,307.58,328.2,351.89
4124806,567,392.26,472.2,474.22
4124905,341.06,307.58,332,325.26
4125001,435.94,325.11,340.3,369.37
4125100,429.88,270.37,287.1,332.96
4125209,554,399.89,468.6,471.78
4125308,425.65,347.47,385.8,384.7
4125357,407.53,331.37,369.4,367.78
4125407,347.18,242.89,269.8,287.28
4125456,535.76,389.68,428.4,452.09
4125506,461,358.63,374.4,399.89
4125555,365.59,327.84,347.9,346.15
4125605,435.41,289.32,271.8,339.5
4125704,556.18,389,482.3,471.07
4125753,566.18,388.84,448.5,467.35
4125803,444.12,331.11,348.1,376.57
4125902,323.82,299.53,316,312.09
4126009,414.76,292.42,299,339.07
4126108,406.76,343.05,378,374.2
4126207,397.29,292.89,328.2,339.15
4126256,418.82,363.42,350,380.98
4126272,557.18,387.26,447.3,463.11
4126306,358.35,251,274.9,295.87
4126355,528.94,390.05,456.2,455.76
4126405,350.18,294.53,266.1,308.91
4126504,358.82,288.89,291.3,315.26
4126603,363.82,268,301.7,310.74
4126652,553.59,387.53,470.8,467
4126678,439.59,340.42,350.3,379.22
4126702,361.35,315.58,350.8,340.15
4126801,396.82,317.05,374.9,359.11
4126900,367.35,329.84,348.4,347.74
4127007,437.41,303.74,288,349.72
4127106,387.65,299.68,326.4,338
4127205,430.76,339.95,377.2,381.61
4127304,325.41,302.58,327.3,316.39
4127403,459.59,355.95,395.1,402.76
4127502,389.35,297.63,292.4,330.39
4127601,387.18,315.21,289.7,336.26
4127700,551.29,371.89,444.3,453.93
4127809,373.82,275.21,315.9,320.5
4127858,530.82,402.11,458.7,461.98
4127882,327.65,260.42,235.7,279.89
4127908,397.53,323.53,372.2,361.46
4127957,537.24,380.53,446.1,452.7
4127965,468.59,348.63,363.5,396.2
4128005,509.41,374.26,456.9,442.17
4128104,417.24,331.11,352.9,367.67
4128203,513.29,318.89,334.3,394.09
4128302,362,307.37,339.9,334.63
4128401,372.71,290.32,271.8,316.74
4128500,358.18,252.11,278,296.93
4128534,377.29,291.37,304.8,326.04
4128559,583.88,411.68,458.4,485.48
4128609,562.59,384.32,491.8,473.57
4128625,402.82,322.26,358.8,359.98
4128633,353.71,274.37,270,302.74
4128658,550.47,388.79,428.5,457.17
4128708,612.59,428.21,488.5,509.46
4128807,413.47,330.11,364.6,368.41
4200051,478.65,351.26,361.3,400.52
4200101,590.82,415.05,442.1,485.89
4200200,381.94,315,266.9,329.28
4200309,389.53,318.58,265.7,333.3
4200408,534.29,380.79,387.6,439
4200507,525.76,411.32,435.6,458.89
4200556,546.29,438.95,422.3,475
4200606,455.88,373.21,342.3,397.04
4200705,409.41,327.79,294.4,350.7
4200754,518.82,378.53,405.9,436.33
4200804,603.53,424.74,499.3,507.02
4200903,418.82,354.79,323.8,371.72
4201000,488.53,351.32,366.7,405.37
4201109,472.53,378.47,341.4,405.17
4201208,430.06,368.84,347.1,386.74
4201257,394.59,311.74,269.3,333.13
4201273,540,417.53,429.5,465.39
4201307,502.88,444.58,427.3,462.37
4201406,407.82,346.84,355.3,371.22
4201505,359.65,320.74,321.7,335.33
4201604,503.06,358.47,374.2,415.33
4201653,529.76,391.47,432.6,451.52
4201703,410.71,322.05,292.7,348.43
4201802,387.94,317.89,266.9,332.7
4201901,383.94,305.37,264.4,325.5
4201950,407.47,351.42,356.7,373.28
4202008,423.71,406.11,357.2,401.98
4202057,522.47,455.42,418.1,472.09
4202073,417.76,356.74,346.2,377
4202081,597.94,416.68,505.5,502.98
4202099,576.76,425.58,498.1,497.22
4202107,466.88,385.11,366.4,411.26
4202131,437.94,280.74,296.1,342.17
4202156,582,422.32,501.8,498.61
4202206,395.94,323.74,303.7,346.07
4202305,420.41,392.16,335,390.17
4202404,451.71,353.47,342.3,387.35
4202438,406.76,318.58,278.1,342.37
4202453,418.59,397.53,338,392.37
4202503,419.35,357.74,330.8,374.65
4202537,566,420.05,447.7,480
4202578,578.18,447.26,461.7,498.78
4202602,380,296.05,262.2,319.72
4202701,384.12,334.42,295.9,344.41
4202800,363.35,312.84,313.4,331.63
4202859,399.71,323.42,273.4,340.74
4202875,445.65,319.26,319.8,366.09
4202909,411.65,369.89,321.8,374.87
4203006,478.06,340.58,354.4,394.39
4203105,548.59,416.05,452.3,472.91
4203154,480.65,330.11,353.5,390.83
4203204,429.71,394.63,349.6,397.8
4203253,434.18,319.74,320.7,362.24
4203303,468.12,389.53,335.3,406.78
4203402,450.41,342.79,332.2,380.26
4203501,622.76,445.84,503.1,523.67
4203600,505.65,364.32,393.9,422.98
4203709,402.12,374.89,315.2,371.98
4203808,451.71,289.58,301.6,352.11
4203907,489.71,363.68,401.8,418.54
4203956,382.24,317.84,325.5,343.3
4204004,533.12,388.32,406.6,445.8
4204103,529.71,407.16,431.5,457.74
4204152,502,361.32,399.3,421.57
4204178,467,339.11,350.6,388.87
4204194,376.12,289.47,261.6,315.43
4204202,499.47,382.84,417.3,433.43
4204251,408.53,335.74,341.6,363.91
4204301,529.06,401.21,415.2,451.5
4204350,547.53,397.47,427.8,459.52
4204400,558.71,431.32,431.5,478.43
4204459,602.53,433.95,461.5,502.24
4204509,433.65,351.32,344.3,380.22
4204558,434.18,317.16,288.5,354.17
4204608,430.29,346.53,358.2,380.02
4204707,541.18,411.95,442.7,466.39
4204756,540.35,410.74,435.3,463.98
4204806,435.35,312.63,293.5,353.83
4204905,552.76,424.79,470.5,482.02
4205001,650.71,448.47,512.7,537.17
4205100,381.12,289.53,255.8,316.04
4205159,401.88,326,298.8,348.13
4205175,567.88,421.53,437.1,479
4205191,420.35,365.21,375.9,387.91
4205209,505.59,364.32,397.2,423.67
4205308,564.76,429.58,427.5,479.09
4205357,550.24,413.42,479.4,478.33
4205407,437,419.16,356.7,412.17
4205431,584.06,451.32,449.5,499.98
4205456,433.18,350.47,360.5,383.22
4205506,455.88,322.21,318,370.7
4205555,442.94,310.84,300.7,357.46
4205605,608.12,433.63,469.6,505.93
4205704,421.29,374.37,362.5,389.13
4205803,620.59,577,561.2,589.67
4205902,435.29,375.68,345.1,391.07
4206009,418.59,397.53,338,392.37
4206108,420.41,357.95,322.6,373.35
4206207,366.94,313.79,326,336.09
4206306,414.82,365.58,319.7,373.8
4206405,610.47,426.58,503,511.15
4206504,519.94,446.63,394.4,462.37
4206603,649.47,445.32,516.7,536.28
4206652,511.76,388.47,427.2,442.46
4206702,504.76,367.42,392.5,423.63
4206751,497.53,365.79,379.2,417.39
4206801,500.82,358.79,376,415.02
4206900,386.35,299.26,251.3,321.02
4207007,418.24,339.84,344.6,369.85
4207106,469.24,390.74,361.8,413.46
4207205,373.71,332.37,343.7,350.11
4207304,399.59,368.79,364.3,379.2
4207403,374.88,293.26,260.2,316.24
4207502,412.35,327.26,309.1,354.76
4207577,496.12,348.16,365,406.5
4207601,500.06,379.53,403.5,429.28
4207650,551.59,433.53,464.7,483.93
4207684,573.59,418.21,443.7,481.17
4207700,549.29,429.47,432.6,474.43
4207759,539.94,419.21,467.9,474.41
4207809,555.12,420.53,426.3,471.52
4207858,578.12,453.32,449.1,498.52
4207908,463.76,290.63,306.2,358
4208005,531.53,396,427,452.83
4208104,409.29,288.89,272,329.72
4208203,452.76,396.32,372.4,411.98
4208302,409,395.11,332.6,386.65
4208401,544.12,436.21,463.2,481.96
4208450,609.94,593,558.8,591.83
4208500,370.65,302.68,271.3,320.98
4208609,528.12,388.84,412.4,445.43
4208708,431.12,374.89,378.1,396.37
4208807,389.53,323.58,335.6,350.57
4208906,485.24,422.37,391.3,438.85
4208955,552.53,445.79,430.8,481.98
4209003,511.94,367.95,404.1,429.02
4209102,608.06,524,507.1,551.39
4209151,374.82,292.47,267.3,317.43
4209177,618.65,430.68,477.7,510.37
4209201,510,370.05,404.4,429.24
4209300,423.29,311.21,315.6,353.59
4209409,387,325.63,329.2,349.09
4209458,549.94,409.47,433.8,466.67
4209508,402.29,322.32,259.2,338.15
4209607,397.88,342.63,320.1,358.15
4209706,440.65,309.79,299.6,355.93
4209805,383.29,320,306.4,340.43
4209854,554.24,427.84,428.8,474.76
4209904,401.12,302.11,254.7,328.39
4210001,454.71,375,361.3,401.48
4210035,512.59,377,392.7,430.52
4210050,502.94,346.53,371.8,409.83
4210100,426.65,291.32,267.8,336.22
4210209,406.35,338.58,306.3,356.61
4210308,447.24,294.47,296.4,351.35
4210407,413.06,343.37,354.1,371.46
4210506,543.18,413.53,443.6,467.98
4210555,556,414.32,427.6,469.57
4210605,479.53,380.74,356.5,411.98
4210704,497.88,331.53,347.2,396.41
4210803,422.47,362.89,374.4,387.41
4210852,436.24,323.95,305,361.33
4210902,546.24,432.42,440.2,476.17
4211009,551.59,433.53,464.7,483.93
4211058,459.18,326.11,318.2,373.57
4211108,460.29,313.74,301,365.13
4211207,394.94,331.58,333.5,355.41
4211256,445.41,370.16,373.9,398.78
4211306,444.53,377.37,367.3,400
4211405,539.06,424.21,427.7,467.41
4211454,534.35,425.26,427,465.96
4211504,411.76,347.95,313.6,364.07
4211603,435.47,356.63,363.2,387.2
4211652,615.82,440.84,476.5,513.26
4211702,408,348.68,325.8,365.63
4211751,390.76,320.42,267.7,334.96
4211801,516.53,374.26,403.9,433.28
4211850,574.82,418.32,442.8,481.48
4211876,513.88,389.05,425.8,443.17
4211892,409.53,314.58,290.6,344.46
4211900,453.18,408.68,374.5,417.7
4212007,650.18,444.89,518.5,536.76
4212056,423.76,309.21,272.9,343.65
4212106,532.18,413.42,439.2,462.91
4212205,446.41,311,293,357.13
4212239,598.76,412.74,508.4,502.28
4212254,407.71,349.53,327.5,366.24
4212270,583.71,417.84,416.1,478.76
4212304,442.35,386.58,368.1,403.17
4212403,378.41,316.16,324.8,341.04
4212502,444.76,383,372.3,403.5
4212601,517.65,385.89,405.2,438.78
4212650,387,325.63,329.2,349.09
4212700,381.06,313.95,264.5,328
4212809,459.53,380.84,365.5,406.59
4212908,533.41,421.53,426.9,464.04
4213005,495.53,352.53,369.9,409.15
4213104,502.53,370.32,401.2,425.89
4213153,525.88,411.58,438.3,459.63
4213203,447.47,363.32,340.9,389.54
4213302,429.18,318.95,282.7,351.8
4213351,453.06,321.84,298.7,365.3
4213401,558,408.79,414.1,465.09
4213500,409,395.11,332.6,386.65
4213609,492.59,308.05,322.6,379.41
4213708,405.29,322.37,281.7,344.17
4213807,414.53,342.68,321.5,364.63
4213906,509.41,385.21,406.3,435.7
4214003,386.94,297.79,259,322.3
4214102,380.76,323.05,271.9,333.26
4214151,653.82,444.84,503.9,534.91
4214201,567.76,432.63,436.2,483.35
4214300,416.47,356.32,311.9,368.89
4214409,488.41,336.79,345.1,394.63
4214508,456.41,326.95,300.2,368.98
4214607,409.47,319.53,282.1,344.63
4214706,431.82,355.11,322.7,376.41
4214805,387.65,307.21,246.9,323.83
4214904,434.94,345.42,350.3,379.57
4215000,419.65,323.84,312.5,356.78
4215059,404,314.42,287.3,341.63
4215075,550.06,422.95,460.4,478.07
4215109,409.76,334.26,301.7,355.09
4215208,570.06,407.79,490.9,485.83
4215307,432.41,314.42,307.1,356.43
4215356,588.82,445.37,466.2,502.91
4215406,522.76,362.16,384.2,426.3
4215455,395.65,328.74,336.9,355.24
4215505,447.71,314.95,296.7,360.04
4215554,560.24,431.68,482.3,490.2
4215604,434.94,345.42,350.3,379.57
4215653,411.35,354.47,340.3,372.41
4215679,438.65,313.63,288.5,354.37
4215687,595.82,439.84,490.8,508.57
4215695,568.82,430.74,429.3,481.46
4215703,455,401.58,368.1,414.04
4215752,626.06,453.11,491.9,525.46
4215802,413.18,327.63,283.4,349.63
4215901,462.12,378.84,365.8,406.78
4216008,538.12,406.74,433.1,461.02
4216057,450.59,320.21,292.8,362.43
4216107,599.53,424.47,455.2,495.85
4216206,561.41,514.68,489,526.37
4216255,556.88,438.21,468.8,488.72
4216305,420.94,361.11,337.2,378.02
4216354,471.94,398.74,366.9,418.87
4216404,408.59,361.74,319.2,369.8
4216503,407.35,323.58,309.1,351.39
4216602,431.76,395.42,336.3,396
4216701,647.71,442.47,508,532.57
4216800,426.94,319.37,300.1,354.93
4216909,620.06,448.95,484,519.8
4217006,369.76,313.16,314.4,334.35
4217105,387.29,346,340.7,360.11
4217154,559.18,411.37,477.5,480.37
4217204,568.71,403.26,495.3,484.41
4217253,433.82,369.32,336.3,385.98
4217303,543.82,423.63,430.8,469.61
4217402,588.29,498.47,444.5,519.93
4217501,525.12,396.79,428.4,451.09
4217550,578.18,447.26,461.7,498.78
4217600,413.82,342,330.8,366.11
4217709,415.71,354.16,374.6,381.35
4217758,573.47,445.79,449.6,493.8
4217808,432.41,319,306.3,358.15
4217907,491.94,353.42,362.1,406.5
4217956,571.53,431.84,457.2,488.98
4218004,403.65,389.42,310.3,377.48
4218103,432.82,362.84,364.4,389.04
4218202,419.12,336.84,302.1,359.7
4218251,442.06,287.63,296.3,346.59
4218301,429.59,277,270.1,331.89
4218350,397.47,333.37,330.2,356.37
4218400,387.41,326.37,331.9,350.13
4218509,514.76,372.21,382.3,427.09
4218608,395.82,325.37,265.2,338.33
4218707,379.59,320.32,330.2,344.37
4218756,560.24,431.68,482.3,490.2
4218806,430.41,371.47,379.2,394.93
4218855,552.53,445.79,430.8,481.98
4218905,407.71,334.95,291.3,352.35
4218954,410.29,318.16,298.6,347.96
4219002,394.24,325.26,338.8,353.7
4219101,564.65,406.42,427.8,469.54
4219150,457.35,337.79,338.9,382.22
4219176,545.82,410.21,412.3,460.78
4219200,368.59,303,267.5,319.52
4219309,493.35,352.11,358.8,405.76
4219358,395.76,297.37,281.7,330.33
4219408,397.47,298.32,282.3,331.48
4219507,555.06,406.47,442.2,469.15
4219606,542,412.11,438.8,465.91
4219705,546.88,400.58,433.4,461.78
4219853,504,361.42,406.2,423.85
4220000,416.41,343,352,372.09
4300034,427.18,334.26,373,377.02
4300059,484.12,397,392.4,428.2
4300109,511.53,429,379.6,448.76
4300208,533,443.53,449.4,477.87
4300307,537.82,460.74,449.6,486.8
4300406,493.35,434.32,406.4,450.07
4300455,545.82,457.05,460.4,490.59
4300471,498.53,415.16,432.5,449.74
4300505,525.18,415.42,424.7,458
4300554,464.29,419.53,359.1,422.93
4300570,418.35,373.79,352.3,385.59
4300604,384.59,329.21,284.5,339.96
4300638,385.59,328.79,313.8,346.52
4300646,535.82,425.37,439.2,469.2
4300661,442.71,358.42,351.1,387.98
4300703,465.35,446.68,385.7,440.33
4300802,464.18,364.58,349.7,398.15
4300851,405.24,333.42,307.7,354.37
4300877,402.35,355.16,300.1,360.63
4300901,517.29,384.84,422.6,442
4301008,451.88,423.68,389.9,426.76
4301057,425.12,376.68,327.8,383.96
4301073,450.29,349.68,359.2,388.93
4301107,380.06,335.37,283.4,340.59
4301206,482,400.21,375.3,425.02
4301305,390.76,316.79,343.8,350
4301404,490.82,438.42,385.6,446.3
4301503,529.76,489.63,424.9,490.39
4301552,522.18,391.68,408.1,443.48
4301602,426.59,344,389.2,384.35
4301636,375.06,317.58,281.8,331.04
4301651,411.29,375.74,351.9,383.7
4301701,515.59,415,429.5,455.33
4301750,402.06,355.84,300.9,360.98
4301800,503.65,363.26,405.7,424.37
4301859,558.41,434.74,451.4,484.07
4301875,402.65,351,374.1,375.11
4301909,399.35,336.37,283.2,348.09
4301925,513.41,413.37,428.1,453.54
4301958,524.59,419.53,427,459.98
4302006,478.59,416.26,388.3,433.22
4302055,524.24,418.53,443.7,463.07
4302105,387.24,357.74,347.5,366.41
4302154,529.12,421.84,429.1,463.07
4302204,542.35,450,446.8,483.43
4302220,528.47,491.79,417.6,489.22
4302238,495.06,426.79,397.1,445.57
4302253,425.59,385.32,349.9,392.5
4302303,410.94,319.26,313.1,351.8
4302352,413.65,373.89,343.6,382
4302378,548.71,443.32,445.3,482.7
4302402,401.59,347.74,305.9,358.54
4302451,514.18,434.26,381.3,452.28
4302501,550.29,509.79,443.4,510.33
4302584,527,448.32,442.7,476.17
4302600,542.82,435.68,443.2,476.91
4302659,393.18,359.79,316.6,362.74
4302709,387.94,346.11,281.2,347.46
4302808,433.88,379.47,371.4,397.83
4302907,506.94,427.47,417.7,454.72
4303004,414.47,377.32,345.5,384.13
4303103,384.59,329.21,284.5,339.96
4303202,511.24,370.95,402.5,429.65
4303301,510.18,438.05,438.5,464.8
4303400,555.47,435.32,452.3,483.41
4303509,402.76,335.05,307.6,354.11
4303558,462.12,408.42,368.1,419.5
4303608,407.18,345.47,300.1,358.41
4303673,447.53,355.37,348.7,387.98
4303707,532.94,441.53,461.4,479.63
4303806,510,423,431.6,457.02
4303905,388.88,351.16,301.6,354.33
4304002,540.47,454.95,446.6,484.74
4304101,471,412,360.4,422.59
4304200,506.94,430.53,384.8,448.83
4304309,523.82,431.26,442.5,467.91
4304358,415.82,326.84,376.1,370.43
4304408,434.76,378.95,335.7,390.17
4304507,432.71,337.32,356,376.63
4304606,393.12,332.47,286.5,344.89
4304614,479.18,413.95,378.1,430.26
4304622,485.41,359.05,391.6,412.83
4304630,407.76,370.95,315.3,372.46
4304655,534.24,488,438.7,494.37
4304663,391.06,317.89,329.6,347.48
4304671,374.41,315.37,273.1,328
4304689,390.12,343.11,296.3,350.3
4304697,449.71,419.42,385.2,423.17
4304705,494.18,414.32,427.1,446.61
4304713,408.88,352.21,315.5,365.17
4304804,397.29,363.11,343.8,371.54
4304853,518.24,375.53,403.9,434.43
4304903,479.76,380.89,369.1,414.87
4304952,480.12,385.26,385.8,420.43
4305009,542.71,470.11,433.9,489.07
4305108,438.29,366.16,359.8,391.43
4305116,522.18,391.68,408.1,443.48
4305124,412.47,328.74,358.7,366.2
4305132,516.76,440.16,386.1,456.72
4305157,543,432.68,430.4,472.96
4305173,404.06,356.79,309.6,364
4305207,511.06,424.16,458.6,463.76
4305306,510.41,428.26,428.4,458.65
4305355,381.59,316.79,274,331.43
4305371,510,394.89,414.5,441.7
4305405,536.59,465.53,448.3,488.04
4305439,362.41,307.16,335.3,333.7
4305447,401.76,338.37,307.7,355.13
4305454,381.88,320.89,279.5,334.43
4305504,483.35,387.42,381.4,421.57
4305587,425.35,408.21,382.7,409
4305603,489.71,423.58,396.3,442.09
4305702,516.47,451.84,437.8,472.67
4305801,522.65,423.89,436.9,463.22
4305835,466.88,430.95,378.7,432.87
4305850,493.71,411.42,432.1,446.33
4305871,523.18,482.47,422.9,484.57
4305900,531.24,430.37,448.8,471.65
4305934,406.65,385.89,364.5,388.91
4305959,428.88,369.53,352.4,387.74
4305975,499.29,401.58,401.3,437.63
4306007,523.29,436.26,436.7,468.52
4306056,404.18,334,324.1,357.78
4306072,555.82,424.79,446.6,477.96
4306106,506.82,439.79,404.7,456.93
4306130,517.29,421.42,426.6,457.98
4306205,426.18,384.74,339.9,390.3
4306304,476.41,385.05,374.6,416.54
4306320,544.24,425.95,449.7,474.83
4306353,533.12,460.95,470.1,489.61
4306379,490.06,424.47,392.2,441.7
4306403,418.41,380.37,334,384.35
4306429,546.88,415.79,426.2,466.5
4306452,460.53,432.32,387.2,432.93
4306502,393.29,343.84,316.9,356.26
4306551,431.88,377.26,335.6,388.39
4306601,455.06,354,403.6,402.13
4306700,508.24,434.16,385.7,451
4306734,509.24,439.79,450.6,467.8
4306759,459.76,446.47,389.9,439.09
4306767,385.24,322.16,273.5,334.89
4306809,449.71,419.42,385.2,423.17
4306908,390.24,349.68,336.8,361.87
4306924,522.65,423.89,436.9,463.22
4306932,520.12,470.37,427,479.33
4306957,526.12,420.16,451.7,466.17
4306973,507.88,408.95,411.5,446.07
4307005,513.53,402.05,409.9,444.96
4307054,484.24,425.32,402.1,442.04
4307104,404.88,328.63,362.1,364.09
4307203,511.59,391.63,428.2,443.91
4307302,542.18,436.16,437,475.52
4307401,479.18,355.26,381.3,406.72
4307450,530.35,436.42,433.9,470.59
4307500,465.41,428.47,352.7,425.65
4307559,513.71,409.11,405.9,447.07
4307609,404.53,367.58,318.7,370.61
4307708,386.06,330.58,290.3,342.33
4307807,424.41,401.53,364.7,401.98
4307815,475.65,401.32,379.3,424
4307831,525.29,488.68,427.8,488.98
4307864,461.88,397.95,355.8,412.41
4307906,421.94,374.74,357,388.33
4308003,511.65,435.95,393.3,454.65
4308052,521.06,400.26,430.5,451.48
4308078,429.18,400.37,335.7,396.96
4308102,423.18,373.21,344.5,385.43
4308201,421.65,344.89,346.9,373.7
4308250,513.18,394.37,403.1,440.17
4308300,463.12,402.58,374.3,418.8
4308409,476.24,418.47,377.2,430.85
4308433,459.24,429.89,366.6,426.98
4308458,477.18,416.16,382.6,431.41
4308508,546.18,425.84,441.6,473.74
4308607,405.12,364.05,348.7,375.89
4308656,541.94,484.63,481.9,505.22
4308706,520.53,393.05,413.8,444.67
4308805,397.71,330.58,281.4,344.7
4308854,483.71,390.74,386.1,424.09
4308904,514.35,401.63,404.8,443.98
4309001,541.06,468.68,438.8,488.93
4309050,389.06,330.53,285.4,342.35
4309100,446.88,386,345.4,399.67
4309126,538.18,415.42,437.6,465.61
4309159,497.94,426.05,377.3,442.02
4309209,385.41,329,283.6,339.98
4309258,466.35,372.16,364.6,405.33
4309308,386,328.16,272.5,337.43
4309407,487.59,443.79,371.4,444.24
4309506,533.76,452,451.2,482.04
4309555,396.47,364.47,325.1,367.74
4309571,507.35,437.53,378.4,450.48
4309605,507.18,431.05,436.4,460.35
4309654,405.24,330.74,375.9,368.09
4309704,548,441.68,450.5,482.89
4309753,496.71,417.05,381.6,438.78
4309803,488.24,388.26,398.1,427.35
4309902,472.41,380.21,390.1,416.43
4309951,466.94,415.11,384.8,427.67
4310009,498.59,432.95,405.5,451.24
4310108,423.35,378.16,311.1,380.28
4310207,523.88,454.32,433.5,475.5
4310306,471.35,434.79,394.2,439.48
4310330,410.94,346.05,307,361.54
4310363,413.82,392.79,370.3,395.67
4310405,534.12,470.16,450.6,489.54
4310413,544.06,463.79,455.1,491.57
4310439,454.88,360.37,356.2,394.39
4310462,513.47,414.26,423.1,452.85
4310504,540.59,428.42,454.9,475.63
4310538,511.06,440.21,401.6,458
4310553,548.12,503.42,458.7,510.22
4310579,473.88,404,372.5,422.98
4310603,499.76,447.16,434.6,463.87
4310652,428.88,383.26,327.6,388.02
4310702,501.82,388.58,424,438.13
4310751,501.18,429.95,396.5,449
4310801,410.29,371.37,328.2,376.37
4310850,545.24,415.89,435,467.85
4310876,471.18,409,367.7,423
4310900,497.24,413,417.8,445.17
4311007,392.76,314.84,337.4,348.54
4311106,539.06,469.63,439.6,488.76
4311122,385.06,334.42,304.1,346.54
4311130,536.24,478.05,429.8,489.07
4311155,528.94,477.32,425.9,485.22
4311205,491.76,422.53,396.1,442.37
4311239,508.29,421.26,382.3,444.96
4311254,510.41,417.95,368.8,441.43
4311270,482.24,413.79,381.2,432
4311304,481.24,380.42,377.9,417.13
4311403,447.18,421.58,358.9,417.41
4311429,531.41,421.58,424.2,462.74
4311502,444.47,381.53,392.1,407.09
4311601,535.24,423.05,432.9,466.65
4311627,406.59,373.84,327.8,375.93
4311643,423.18,373.21,344.5,385.43
4311700,495.76,349.11,405.5,415.57
4311718,518.59,467.68,451,482.87
4311734,414.29,360.37,303.8,368
4311759,536.47,461.42,442,484.93
4311775,419.06,370.53,314.4,376.26
4311791,396.29,364.42,321.5,366.87
4311809,486.18,400.37,376.6,426.91
4311908,518.82,378.53,405.9,436.33
4311981,392.59,338.47,281,345.98
4312005,521,387.74,412.5,442.37
4312054,483.18,448.89,381.2,446.85
4312104,527.35,454.58,441.8,478.7
4312138,499.29,401.89,384.5,434.11
4312153,433.88,385.53,351.3,395.96
4312179,518.12,438.95,433.8,467.09
4312203,519.18,371.11,405.6,433.33
4312252,389.59,336.95,280.1,344.04
4312302,545.29,433.84,438.1,475.96
4312351,477.82,388.79,371.2,417.87
4312377,430.94,351.05,336.7,377.46
4312385,393,372.11,356.9,376.52
4312401,375.71,324.89,289.2,335.91
4312427,477.59,430.53,386.4,438.33
4312443,424.59,373.26,322.1,381.11
4312450,442.53,340.21,359.1,382.13
4312476,418.41,380.37,334,384.35
4312500,360.06,315.95,270.5,322.37
4312609,437.06,415.26,382.7,416.24
4312617,453.53,356.95,362.3,393.8
4312625,478,383.84,390.4,420.07
4312658,486.82,415.84,398.9,438.39
4312674,468.12,412.58,389,427.98
4312708,526.71,406.47,434.3,456.96
4312757,473.88,404,372.5,422.98
4312807,476.82,371.11,362.1,408.22
4312906,476.35,373.32,366.3,409.87
4312955,525.65,418.95,424.8,459.65
4313003,456.29,417.05,376.6,422.76
4313011,523.71,425.68,433.7,463.65
4313037,548.41,475.68,447.1,496.35
4313060,419,379.11,314,379.7
4313086,419.29,367.21,351.4,383.02
4313102,507.18,426.63,397.9,450.15
4313201,445.29,383.95,350.4,399.33
4313300,470.06,368.05,350.1,401.85
4313334,531.65,460.26,450.1,484.43
4313359,432,373.37,345.8,389.04
4313375,394.06,323.74,285.1,341.33
4313391,506.24,429.26,381.7,447.37
4313409,389.65,335.53,286.9,344.96
4313425,517.47,455.68,446.5,476.52
4313441,546.65,426.63,437,473.24
4313466,533.35,428.21,430.4,467.54
4313490,528.59,428.79,431.2,466.2
4313508,389.82,327.79,281.8,340.72
4313607,505.71,371.79,400.1,427.43
4313656,365.82,323.89,271.5,328
4313706,520.53,434.42,439.6,467.37
4313805,544.18,423.16,433.7,470.17
4313904,522,456.53,435.3,476.11
4313953,411.53,366,313.9,371.5
4314001,476.82,371.11,362.1,408.22
4314027,508.59,427.63,386.8,448.67
4314035,383.24,349.84,307.7,353.02
4314050,407.12,348.16,302.1,359.93
4314068,508.41,421.26,385.6,445.72
4314076,443.24,376.11,326.4,390.11
4314100,489.12,410.32,400.5,437.3
4314134,511.65,403.74,414.7,446
4314159,397.59,357.95,322.9,364.98
4314175,429.71,340.68,377.5,381.59
4314209,399.35,320.47,348.5,355.72
4314308,511.88,453.63,434.4,470.98
4314407,439.59,333.63,354.5,377.33
4314423,425.59,374.11,339.7,385.65
4314456,544.47,421.21,428,468.24
4314464,511,369.84,395.3,427.54
4314472,476.88,395.16,389.6,424.15
4314498,553.18,439.84,451,484.15
4314506,406.18,326.74,383.4,368.41
4314548,418.06,366.42,352.1,382.39
4314555,547.12,477.05,470.7,501.57
4314605,409,332.32,382.9,371.65
4314704,541.35,417.32,444.7,469.11
4314753,402.47,373.16,350.4,379.04
4314779,503.53,422.16,435.2,455.07
4314787,516.59,416.47,423.4,454.98
4314803,398.47,358.95,319.2,364.91
4314902,391.88,339.32,281.4,346.15
4315008,538.59,461.63,466.6,491.15
4315057,512.88,453.84,441.6,473
4315073,543.88,462.21,454.8,490.78
4315107,542.06,479.26,467.5,499.91
4315131,460.59,451.47,387.8,441
4315149,410.29,371.37,328.2,376.37
4315156,483.59,414.37,369.6,430.22
4315172,463.06,366.84,349.9,398.72
4315206,479.18,432.47,388.5,440.17
4315305,453.29,393.95,406.5,418.61
4315313,506.41,415.32,419.3,449.85
4315321,536,451.84,419.6,475.93
4315354,484.76,420.05,385,436.35
4315404,544.47,429.68,437.7,473.85
4315453,463.82,428.47,377.3,430.41
4315503,478.53,422.11,382,434.24
4315552,515.59,396.16,430.8,447.83
4315602,357.71,313.68,324.8,332.37
4315701,418.71,372.89,316.5,377.57
4315750,414.41,363.95,308.6,370.57
4315800,441.82,414.11,382.2,417.41
4315909,544.82,428.95,435.8,473.26
4315958,517.29,423.26,462.8,466.61
4316006,388.18,342.16,290,347.83
4316105,519.29,422.42,441.8,462.43
4316204,516.24,416.47,432.1,456.74
4316303,543.59,470.37,466.5,496.59
4316402,485.06,409.89,405.2,436.65
4316428,531.18,427.84,430.5,466.61
4316436,512.29,439.37,436.7,465.74
4316451,474.06,402.53,387.8,425.76
4316477,523.18,437.63,461.2,474.37
4316501,397.18,373.58,338.3,374.63
4316600,500.47,386.58,404.2,432.5
4316709,502.24,445.32,420,460.85
4316733,493.76,392.16,397.3,430.83
4316758,459.76,422.37,364.3,423.57
4316808,475,410.79,345.4,420.3
4316907,500.94,435.05,397.6,451.26
4316956,441.65,396.11,346.7,402.2
4316972,447.94,389.58,379.7,409
4317004,408.94,353.26,363.2,376
4317103,475.88,390.32,413.5,426.98
4317202,527.94,456.47,455.2,482.61
4317251,423.12,377.79,360.5,390.78
4317301,365.47,306.37,334.2,334.26
4317400,555.06,485.37,444.6,502.26
4317509,539.06,461.74,435.6,484.63
4317558,482.76,392.26,373.6,421.65
4317608,386.71,326.58,277.3,338.09
4317707,534.94,481.42,473.1,499.39
4317756,494.65,424.79,410.9,447.59
4317806,533.35,445.37,446.5,478.13
4317905,543.76,464.79,453.5,491.52
4317954,503.71,374.89,397.6,427.43
4318002,515.47,467.89,433,477.89
4318051,474.65,380.32,367.4,412.37
4318101,546.29,475.37,449.9,496.04
4318200,401.35,342.11,312.8,357.63
4318309,433.06,371.47,377.7,395.59
4318408,395.94,352.58,281.4,353.13
4318424,514.29,378.16,397.8,432.74
4318432,493.94,428.42,381.5,442.43
4318440,473.18,378.95,368,411.39
4318457,531.18,427.84,430.5,466.61
4318465,459,443.74,395.9,438.98
4318481,406.59,373.84,327.8,375.93
4318499,541.41,461.68,467.1,492.33
4318507,378.12,327,315.5,343.39
4318606,518.12,369,406.4,432.24
4318614,396.47,364.47,325.1,367.74
4318622,432.76,361.05,361.9,387.74
4318705,391.35,336.84,296.6,348.24
4318804,406.59,337.63,332.8,362.07
4318903,541.41,473.05,457,494.83
4319000,443,334.68,347.9,377.59
4319109,543.41,455.68,454.5,487.85
4319125,520.47,449.37,402.2,465.39
4319158,521.53,494.42,435.5,491.63
4319208,532.29,472.32,474.7,495
4319307,544.35,466.53,465.2,495
4319356,397.18,373.58,338.3,374.63
4319364,531.41,421.58,424.2,462.74
4319372,522.94,439.63,463.6,475.63
4319406,519.18,448.37,427.7,470.04
4319505,399.82,365.63,325.1,369.46
4319604,448.53,383,383.8,407.39
4319703,521.59,416.47,435.4,459.43
4319711,435.94,407.21,367.1,409.11
4319737,550.76,453.58,452.7,489.3
4319752,418.35,373.79,352.3,385.59
4319802,510.24,433.05,431.9,461.33
4319901,402.35,355.16,300.1,360.63
4320008,386.06,330.58,290.3,342.33
4320107,517.71,425.79,436.8,462.15
4320206,549.41,420.63,434,471.13
4320230,543,450.16,453.9,485.28
4320263,504.71,418.53,380.4,442.09
4320305,482.47,408.42,378.6,429.3
4320321,539.59,456.16,445.3,484.63
4320354,407.82,343.68,307.5,359.52
4320404,482.06,412.84,366.4,428.33
4320453,479.18,413.95,378.1,430.26
4320503,506.88,409.16,421.4,447.93
4320552,400,349.37,288.7,354.89
4320578,534.94,447.74,440.6,478.41
4320602,515.88,392.37,407.5,441.3
4320651,502.35,427.21,394.7,447.91
4320677,506.65,430.47,370.9,445.67
4320701,488,413.53,383.1,434.43
4320800,460.29,410.32,356.5,417.09
4320859,389.18,339.11,298,348.67
4320909,508.53,404,417,445.46
4321006,479.24,418.16,375.2,431.39
4321105,396.24,336.16,290.3,348.39
4321204,409,336.95,298.6,355.24
4321303,391.76,334.95,284,344.87
4321329,548.06,419.05,430.7,469.26
4321352,377.24,312.21,289.3,331.26
4321402,535.53,444.84,438.9,477.07
4321436,407.76,370.95,315.3,372.46
4321451,428.12,394.37,349,396.98
4321469,474.47,430.89,396.4,439.5
4321477,537.65,436.79,442.8,475.37
4321493,532.53,459.74,432.5,480.72
4321501,431.88,377.26,335.6,388.39
4321600,383.18,322.21,276.4,334.78
4321626,456.29,417.05,376.6,422.76
4321634,515.88,392.37,407.5,441.3
4321667,426.82,374.58,326.4,383.41
4321709,423.41,375.16,318.4,380.65
4321808,518.18,461.16,454.7,480.83
4321832,429.29,378.21,326,385.74
4321857,511.82,423.16,427.9,456.96
4321907,527.65,432.53,435.5,468.33
4321956,523.65,418.74,441.3,462.41
4322004,377.35,318.47,275.5,330.89
4322103,519.65,455.16,450.1,477.89
4322152,490.76,416.84,367.7,433.48
4322186,507.06,378.11,398.1,430.11
4322202,546.24,465.58,430.8,487.83
4322251,409.24,372.53,343.5,379.78
4322301,525.53,461.53,444.6,481.5
4322327,415.41,340.26,342.4,368.5
4322343,523.94,433.53,437.5,467.8
4322350,475.94,396.79,366,419.35
4322376,554.29,493.47,455.7,507.74
4322400,445.24,403.68,400,418.24
4322509,437,322.95,340.9,369
4322525,407.94,346.32,284.1,355.57
4322533,507.35,433.11,379.3,448.85
4322541,432.53,373.05,351.2,390.28
4322558,476.41,385.05,374.6,416.54
4322608,433.88,385.53,351.3,395.96
4322707,473.06,405.21,349.3,418.13
4322806,420.76,366.53,343.4,381.54
4322855,454.41,430.58,384.5,429.37
4322905,517.82,371.79,406.9,433.39
4323002,376.94,321.95,273.5,331.74
4323101,542.18,426.37,453.6,475.09
4323200,481.24,431.21,392.5,441.28
4323309,457.88,378.63,349.8,401.65
4323358,509.76,408.47,403.9,444.91
4323408,482.18,391.63,365.5,419.41
4323457,452.35,389.26,370.9,408.59
4323507,544.18,423.16,433.7,470.17
4323606,461.88,397.95,355.8,412.41
4323705,558.41,434.74,451.4,484.07
4323754,510.59,455.58,424.3,469.11
4323770,428.12,394.37,349,396.98
4323804,413.06,354.26,307.5,365.83
5000203,323.71,333.74,304.4,323.65
5000252,402.47,406.37,371.3,397.3
5000609,426.24,384.05,415.4,406.46
5000708,323.76,341.16,365.9,340.11
5000807,322.94,329.21,316.2,324.07
5000856,353.18,332,303.9,333.72
5000906,419.24,372.21,431.2,402.41
5001003,301.29,286.95,275.7,289.8
5001102,301.59,310.63,326,310.63
5001243,459.18,392.16,436.1,426.48
5001508,337.41,350.89,312.9,337.65
5001904,322.41,303.68,294.8,308.67
5002001,305.71,322.58,302.2,311.91
5002100,407.53,371.21,388.4,388.37
5002159,311.94,328.11,347.3,326.3
5002209,338.94,328.89,350.5,337.3
5002308,306.53,307.21,274.5,299.85
5002407,386.53,343,366.2,364.13
5002605,302.47,345.79,300.9,320.02
5002704,342.24,337,318.4,334.89
5002803,396.94,365.42,403,385.24
5002902,347.47,336.42,340.4,341.37
5002951,383.24,377.26,362.7,376.3
5003108,327.41,319.68,348.9,328.89
5003157,472.53,405.95,426.9,435.11
5003207,256.65,261,277.5,262.98
5003256,391.71,391.58,372.3,387.43
5003306,328,329.58,329.9,329.07
5003454,362.18,333.32,319.2,340.91
5003488,358.12,342.05,374,354.93
5003504,382,338.11,322.6,350.96
5003702,390.18,346.63,355.5,364.65
5003751,416.59,362.42,364.1,382.8
5003801,385.76,348.11,333.9,358.93
5003900,324.06,347.74,312,331.22
5004007,356.18,336.89,313.7,338.98
5004106,374.71,336.26,359.6,355.54
5004304,408.47,369.95,368.8,383.93
5004403,352.65,333.42,324.7,338.63
5004502,391.53,341.53,345.2,360.8
5004601,389.24,341.26,351,361.11
5004700,351.88,345.68,295.4,337.04
5004809,454.65,380.95,379.3,407.83
5004908,364.59,357.32,318.9,351.65
5005004,365.06,329.74,352.2,347.67
5005103,362.88,330.16,321.2,340.3
5005152,378.35,333.53,355.5,354.87
5005202,265.12,245.68,278.5,260
5005251,415.76,374.47,416.2,398.8
5005400,377.24,339.26,336.7,352.74
5005608,300.59,305.74,327.1,308.48
5005681,446,355.53,386.3,395.65
5005707,367.18,335.21,340.9,348.26
5005806,333.65,323.32,340.9,330.96
5006002,340.59,321.05,338,331.96
5006200,335.12,341.84,285.2,327.04
5006259,321.88,306.95,287.5,308.24
5006275,342.47,365.53,333.6,350.07
5006309,315.12,310.58,308.5,311.8
5006358,479,403.53,408.6,432.52
5006408,372.53,377.21,344.4,368.35
5006606,422.24,374.79,421.6,402.5
5006903,364,337.58,333.2,346.39
5007109,331.59,317.68,320.7,323.48
5007208,350.29,332.68,336.7,340.07
5007307,320.06,312.89,319.6,317
5007406,294.94,310.58,329,308.8
5007505,347.12,341.95,317.9,338.63
5007554,330.35,305.37,294.6,312.26
5007695,298.94,324.37,321.7,314.39
5007703,456.65,397.37,383.7,416.3
5007802,305.47,297.47,287.3,298.22
5007901,377,346.89,339.6,356.43
5007935,404.53,426.21,360.2,403.85
5007950,452.47,403.53,397.8,420.37
5007976,312.59,292.53,292.7,299.98
5008008,358.94,353.16,354.2,355.52
5008305,305.65,309,270.6,299.41
5008404,368.18,335.26,328.1,345.87
5100102,352.76,407.42,354.1,375.63
5100201,371,346.47,416.4,370.74
5100250,553.65,584.32,598.5,576.07
5100300,389.76,409.58,361.2,391.74
5100359,372.29,421.05,376.4,393.33
5100409,377.94,362.32,363.8,368.41
5100508,407.06,436,394.2,416.22
5100607,408.35,426.05,382,409.93
5100805,594.29,632.89,588.9,609.07
5101001,304.76,280.95,303.2,294.59
5101209,359.35,363.21,356,360.22
5101258,375.82,393.53,378.3,383.67
5101308,415.94,429.74,424.7,423.54
5101407,557.65,524.21,494.2,530.04
5101605,274.65,255.84,264.7,264.72
5101704,357.35,417.26,375.3,386
5101803,313.12,283.58,328.6,304.28
5101852,362.82,406.89,381.2,385.02
5101902,438.18,442.42,469.8,446.8
5102504,294.59,328.32,297.5,309.15
5102603,360.06,351.42,394.7,364.02
5102637,456.53,447.16,436.3,448.26
5102678,387.06,405.32,364.3,389.65
5102686,479.76,516.79,480.5,495.22
5102694,416.29,440.58,414.8,426
5102702,359.71,354.89,389,364.09
5102793,514.24,544.79,566.3,538.17
5102850,536.12,526.53,526.4,530.04
5103007,408.41,473.37,376.3,428.26
5103056,476.53,522.11,466.3,493.13
5103106,302.71,310.95,334.1,312.93
5103205,488,527.26,519.6,511.09
5103254,662.71,629.32,644.1,644.87
5103304,522.06,565.53,495.4,534.22
5103353,452.41,445.79,456.9,450.65
5103361,404.12,439.84,368.3,411.09
5103379,574.41,591.58,559.8,578.33
5103403,413.59,477.68,394.3,435.87
5103437,312.65,351.84,322.6,331
5103452,387.24,428.74,412.1,409.78
5103502,429,437.11,428,432.13
5103601,402.41,396,413.2,402.11
5103700,470.53,496.74,500.2,487.8
5103809,352.18,384.68,361.7,367.67
5103858,390.12,399.53,451,407.24
5103908,345.76,353.74,358.5,351.83
5103957,303.65,353.16,342.7,332.59
5104104,513,536.16,490.9,517.76
5104203,373.06,368.95,362,368.96
5104500,363.18,388.74,373,375.87
5104526,424.82,454.16,442.5,440.78
5104542,460.71,481.89,476.1,472.8
5104559,459.53,503.05,487.6,483.61
5104609,378.71,370.84,348.6,368.91
5104807,403.76,403.16,423.5,407.8
5104906,343.06,396,343.2,364.96
5105002,367.06,411.32,373.6,386.76
5105101,493.88,512.37,518,506.76
5105150,477.41,488.68,506.6,488.41
5105176,562.35,550.79,529.6,550.46
5105200,363.94,346.47,344.1,352.41
5105234,340.18,382.53,338.4,357.28
5105259,398.29,374.84,400.9,389.17
5105309,430.76,440.42,458.7,440.83
5105507,356.18,386.95,356.8,369.02
5105580,462.18,547.95,498.6,505.52
5105606,502.12,528.05,501.3,512.65
5105622,306.06,339.16,324.8,323.8
5105903,413.35,428.47,372.4,410.7
5106000,430.06,435.16,436.8,433.63
5106109,355,368.84,335.9,356.57
5106158,569.47,619.58,565.4,589.28
5106174,331.53,311.74,359.7,329.48
5106182,465.12,462.95,418.2,454.02
5106190,482.82,525.32,507.8,505.8
5106208,380.88,417,344.5,387.89
5106216,492.41,518.47,536.5,512.76
5106224,391.47,440.21,374.3,407.87
5106232,383.29,429.63,387.7,403.39
5106240,403.47,394.16,435.2,406.52
5106257,330.41,298.95,361.4,324.15
5106265,531.41,550.68,559.7,545.52
5106273,473.88,502.58,514.5,494.57
5106281,350.94,341.89,376.5,352.76
5106299,564.06,598.32,597,585.37
5106307,386.29,391.16,434.8,398.85
5106315,393,368.63,400.2,384.5
5106372,381.35,382,333,371.11
5106422,458.65,511.74,485.5,486.41
5106455,366.76,409.32,379.3,387.07
5106505,296.82,292.05,300.9,295.74
5106653,310.82,311.32,317.2,312.41
5106703,356.94,348.05,341.8,349.98
5106752,343.47,405.79,371.8,375.37
5106778,421.35,447.68,418,431.5
5106802,465.65,518.11,488.4,492.26
5106828,337.29,369.11,349.5,353.09
5106851,313.71,351.79,329.7,332.91
5107008,367.18,381.26,373.5,374.37
5107040,382.76,375,368.2,376.39
5107065,384.41,420.21,418.8,406.67
5107107,327.76,369.58,356.6,351.3
5107156,399.82,440.84,399.7,416.74
5107180,349.29,366.68,382.2,363.63
5107198,350.41,334.95,341.8,342.15
5107206,350.88,402.53,365.3,375.35
5107248,450.29,492.47,440.7,465.63
5107263,455.88,498.32,452.4,472.65
5107297,338.88,324.42,299.1,324.26
5107305,406.71,429.42,399,414.41
5107354,421.94,471.11,440.4,446.26
5107404,371.18,330.84,368.9,354.02
5107578,568,533.68,544,548.61
5107602,325.47,315.47,293.4,314.37
5107701,366.12,434.11,336.4,387.74
5107743,448.35,462.74,461.6,457.17
5107750,390,441.47,382.4,409.61
5107768,391.76,398.84,368.1,389.54
5107776,458.06,475.58,510.1,476.61
5107792,351.47,351.95,393.5,360.8
5107800,312.76,348.53,344.2,334.37
5107859,405.65,438.11,404.4,418.78
5107875,465.06,513.74,489,490.37
5107883,374.41,408.37,411.6,396.52
5107909,454.35,489.21,436.8,464.93
5107925,412.82,386.84,390.1,397.15
5107941,469.88,510,509.7,495.11
5107958,467.53,494.11,419.4,468.04
5108006,419,407,412.7,412.67
5108055,509.71,535.05,537.7,526.26
5108105,348,356.53,369.2,356.13
5108204,341.88,334.84,333.9,337.24
5108303,488.18,516.21,489,499.93
5108352,398.29,450.74,382.6,416.54
5108402,363.65,401.79,363.9,379.46
5108501,419.29,410,405.6,412.48
5108600,451.06,456.95,475.6,458.83
5108808,513,532.79,524.2,523.61
5108857,456,491.84,458.4,471.33
5108907,417.06,428.21,447.6,428.3
5108956,549.59,600.21,591.6,579.63
5200050,361.76,347.37,404.8,365.17
5200100,383.71,337.21,394.8,366.91
5200134,338.47,310.68,310.7,320.96
5200159,337.18,325.89,367.6,339.13
5200175,302.59,275.53,331.7,297.74
5200209,306.71,308.37,303.2,306.63
5200258,383.88,304.05,420.7,358.91
5200308,363.18,326.11,382.2,352
5200506,342.47,331.84,336.6,336.8
5200555,320.24,321.58,383.1,334.46
5200605,326.53,303.32,375.8,327.65
5200803,279.53,267.11,357.5,291.35
5200829,331.12,329.42,365.7,337.93
5200852,337.47,318.79,373.8,337.65
5200902,344.18,300.37,349.3,327.2
5201108,377.35,335.16,390.7,362.83
5201207,293.71,299.74,322.7,302.5
5201306,320.18,312.26,364.6,326.57
5201405,356.82,349.58,397.5,362.67
5201454,364.53,340.63,324.6,345.98
5201504,380.12,364.05,358.6,368.8
5201603,309.12,307.11,365.7,320.59
5201702,311.53,311.16,326.7,314.67
5201801,360.12,353.79,378,361.39
5202155,341.47,338.58,378.9,348.41
5202353,343.53,305.53,340.6,327.2
5202502,302.94,316.42,334.5,315.37
5202601,328,322.89,362.1,333.3
5202809,300.12,299.32,366.4,314.2
5203104,327.24,332,333.7,330.61
5203203,301.12,290.68,343.6,306.04
5203302,350.65,361,395.1,364.59
5203401,312.53,311,334.5,316.67
5203500,339.47,320.58,283.6,319.52
5203559,350.94,349.79,390.7,359.11
5203575,345.35,336.21,385.7,350.35
5203609,347.59,311.58,389.5,341.83
5203807,313.59,307.95,341.1,317.24
5203906,312.59,311.68,296,308.61
5203939,332.47,307.26,375.2,331.35
5203962,291.88,259.58,348.3,290.8
5204003,302.12,274.26,329.9,296.65
5204102,318.71,299.63,314.7,309.96
5204201,318.24,316.42,355.3,325.54
5204250,337.88,325.42,280.8,320.33
5204300,306.35,291.84,315.3,302.3
5204409,339.18,318.16,363.3,335.74
5204508,322.24,309.42,296.8,311.41
5204557,334.24,350.26,385.5,352
5204607,338.18,327.84,375.5,342.02
5204656,362.59,342.53,373.7,356.72
5204706,362.47,346.63,392.9,362.54
5204805,271.47,293.89,297.3,286.35
5204854,358.94,320.37,378.3,347.22
5204904,346.94,288.63,405.1,335.5
5204953,316.18,319.58,379.3,331.3
5205000,332,304.11,388.1,332.67
5205059,333.12,308.21,284.9,312.35
5205109,288.06,275.05,308,287.02
5205208,334.24,313.89,385.4,336.96
5205307,330.94,317.68,351.4,329.91
5205406,338.29,309.21,405.6,340.91
5205455,331.82,331.05,345.6,334.5
5205471,410.24,401,378.4,399.5
5205497,332.12,310.32,407.1,339.41
5205513,370.53,325.89,421.2,363.11
5205521,334.53,341.63,331.6,336.83
5205703,336.53,312.16,368,333.3
5205802,369.82,332.53,394.9,359.87
5205901,287.47,304.26,307.3,298.72
5206206,306.94,298.37,351.8,313.15
5206305,322.41,338.11,351.6,335.24
5206404,333.71,333.32,389.9,345.76
5206503,368.47,357.16,367,363.48
5206602,297.88,296.16,322.1,302.43
5206701,297.82,269.26,379.2,303.72
5206800,344.71,306.79,372.9,335.17
5206909,307.06,262.74,291,285.26
5207105,358.53,301.68,355.4,334.37
5207253,350.82,311.79,335.9,331.46
5207352,323.82,318.11,327.1,322.17
5207402,317.06,316.63,318.4,317.17
5207501,372.24,349.16,400.6,368.87
5207535,326.65,312.84,385.5,333.74
5207600,334.18,300.47,359.8,325.83
5207808,317.59,327.58,358.9,330.7
5207907,290.59,277.11,346.9,297.26
5208004,318.94,282.26,354,311.41
5208103,372.82,349.32,397.3,368.43
5208152,365.71,345.58,385.4,361.67
5208301,318.88,273.16,367.3,310.52
5208400,361.35,341.47,395.2,360.5
5208509,292.29,286.53,301.5,291.91
5208608,311.06,290.84,361.6,313.7
5208707,355.71,343.58,407.6,361.98
5208806,337.82,312.21,396.9,340.09
5208905,334.65,315.26,389.8,338.63
5209101,335.59,314.37,302.3,319.59
5209150,331.53,302.26,291.6,310.76
5209200,350.35,349.53,361.8,352.5
5209291,345.71,311.21,412,345.87
5209408,289.47,279.05,353.8,299.15
5209457,318.53,320.84,390.3,335.09
5209606,345.35,300.32,404.1,339.52
5209705,373.24,362.26,388.5,372.02
5209804,320.88,319.47,368,330.54
5209903,278.53,261.74,334.9,283.85
5209937,341.35,312,283.6,316.67
5209952,310.41,316.79,335.2,318.43
5210000,332.24,300.32,358.3,324.72
5210109,278.71,296.79,299.1,290.61
5210158,343.24,322.37,417.8,350.83
5210208,351.41,305.21,354,332.89
5210307,332.35,295.16,364.6,324
5210406,332.59,301.11,368.5,327.39
5210562,333.88,295.16,397.1,331.63
5210604,338.82,297.84,386.1,332.17
5210802,313.53,322.84,326.8,320.26
5210901,326.76,325.68,391.7,340.43
5211008,317.88,310.63,360.4,324.13
5211206,340.53,302,388.1,334.96
5211305,323.88,311.89,322.2,318.57
5211404,339.71,301.32,365.7,329.5
5211503,327.53,339.84,269.8,320.07
5211602,336,298.11,352.7,323.98
5211701,306.06,321.89,349.4,322.02
5211800,355.29,323.53,412.1,354.52
5211909,408,353.95,360.2,375.28
5212006,358.12,317.42,364.5,342.7
5212055,356.47,315.05,390.4,346.74
5212105,325.18,310.32,317.2,317.3
5212204,312.59,299.42,337.2,312.5
5212253,303.76,323.79,315.4,314.57
5212303,350.88,354.16,394.8,361.78
5212501,332.41,314.68,375.5,334.46
5212600,356.41,347.32,356,352.57
5212709,298.41,268.37,376.7,303.02
5212808,328.71,326.32,357,333.87
5212907,303.47,302.21,311,304.59
5212956,302.71,305.21,344.7,312.87
5213004,327.29,310.63,284,311
5213053,293.18,265.84,376.2,299.93
5213087,349.53,387.47,341.1,363.37
5213103,378.24,392.58,353.7,378.83
5213400,332,303.37,358.1,325.85
5213509,288.06,245.11,345,282.7
5213707,328.06,305.26,347.3,322.83
5213756,376.65,343.95,348.1,356.93
5213772,338.88,350.11,356.3,347.3
5213806,332.71,325.53,335.6,330.37
5213855,329.88,316.16,389.3,337.13
5213905,336.53,317.11,367.1,335.15
5214002,307.71,319.74,352.1,322.33
5214051,313.47,306.32,348.8,318.2
5214101,374.18,347.74,390.8,366.87
5214408,303.82,307.42,368.5,319.37
5214507,360.76,328.05,387.7,353.11
5214606,311.41,287.95,381.5,316.96
5214705,343.71,325.21,416.5,351.89
5214804,282.94,287.68,290.5,286.54
5214838,300.29,311.79,321.9,309.74
5214861,335.76,329.89,395.8,346.39
5214879,324.29,326.84,367.9,334.83
5214903,300.88,270.11,348.1,298.43
5215009,347.59,311.58,389.5,341.83
5215207,332.35,299.63,370.3,327.09
5215231,353.06,326.79,410.7,354.74
5215256,348.12,343.26,398.6,357.09
5215306,297.82,326.32,333.5,317.35
5215405,347.88,307.32,373.7,336.74
5215504,306.41,271.58,296.2,289.8
5215603,327,268.37,413.7,321.63
5215652,326.29,281.58,354.2,313.89
5215702,324.88,323.32,346.4,328.91
5215801,299.82,309.26,312.1,306.39
5215900,321.88,339.32,349.4,335.07
5216007,321.71,329.68,279.2,315.76
5216304,297.76,275.68,303.3,289.85
5216403,333.71,316.11,338.8,327.54
5216452,375.35,355.37,357,363.11
5216809,357.59,308.84,385.3,343.48
5216908,317.47,312.68,373.5,327.67
5217104,332.76,343.47,340.2,338.8
5217203,334.18,311.42,339.4,325.91
5217302,378.59,334.63,407.1,366.63
5217401,298.88,317.11,313.7,309.63
5217609,323.24,260.16,389.8,311.65
5217708,320.59,318.11,325,320.52
5218003,360.35,346,393.5,361.63
5218052,330.41,307.74,289.7,312.2
5218102,354.29,362.11,324.1,350.96
5218300,290.59,271.42,344.6,294.41
5218391,359,350.53,365.5,356.91
5218508,308.88,288.58,293.8,297.22
5218607,319.88,290.21,380.9,320.89
5218706,323,293.32,383.2,323.83
5218789,313.76,316.84,307.8,313.74
5218805,379.88,353.68,359.4,364.61
5218904,341.41,319.37,407.6,346.7
5219001,330.47,325.11,360.4,334.76
5219100,303.94,292.37,372.3,314.02
5219209,307.88,330.53,331.2,322.3
5219258,316.18,305.58,340.6,317.11
5219308,340.47,323.37,307,326.13
5219357,319.76,284.74,372.4,316.74
5219407,360.47,385.89,345.6,367.74
5219456,316.41,298.47,343.3,314.85
5219506,356.65,312.58,389.4,345.57
5219605,384.76,359,409.1,379.41
5219704,307.29,310.74,369.3,322.2
5219712,363.94,325.74,330.9,340.98
5219738,357.65,321.79,384.4,348.65
5219753,356.53,324.68,389.6,350.57
5219803,302.47,270.37,344.7,298.39
5219902,367.47,318.21,402.6,354.76
5220009,307.53,293.37,342.4,309.26
5220058,309.88,332.84,359,330.04
5220108,317.24,325.74,350.3,327.93
5220157,320.76,314.42,379.3,330.87
5220207,359.18,341,392.4,358.89
5220264,327.88,354.79,375.6,349.37
5220280,328.41,313.21,386.2,334.7
5220405,286,266.79,297.1,280.48
5220454,354,340.05,389.4,355.93
5220504,411.29,416.11,375.3,405.46
5220603,334.35,344.05,369.6,346.02
5220686,289.71,262.05,340.3,289.28
5220702,293,279.42,382.6,306.87
5221007,338.82,300.21,376.2,331
5221080,305.82,271.74,362.3,304.02
5221197,356.59,328.74,387.7,351.85
5221304,308.06,274.21,294.5,291.13
5221403,349.47,325.16,373.8,344.72
5221452,368.59,352.84,379,364.35
5221502,319,323.26,348.8,327.24
5221551,341.35,309.95,309.1,321.37
5221577,313.18,297.89,367.5,318.67
5221601,319.82,317.32,362.5,328.07
5221700,337.59,291.89,391.2,330.37
5221809,287,298.37,308.1,296.28
5221858,371.35,325.63,404.3,359.63
5221908,338.47,338.95,344.9,340.07
5222005,292.94,330.21,343.2,319.26
5222054,322.82,314.26,310.6,316.63
5222203,295.88,286.84,334.4,300.52
5222302,296.59,281.63,367.6,305.85
5300108,334.71,295.89,414.5,336.02
