code_muni,en,ln,n,med
1100015,126.31,80.1,109.6,102.59
1100023,155.69,104.25,151.4,132.39
1100031,124.56,78.8,115.1,102.61
1100049,124.31,74.6,116.9,101.09
1100056,128.06,71.9,121.5,102.22
1100064,123.06,81.65,117,103.74
1100072,124.25,68.45,118.6,98.76
1100080,119,78.7,107.8,99.04
1100098,121.44,72.35,121,100
1100106,119.31,84.65,115.1,103.33
1100114,148.06,99.85,149.9,127.5
1100122,126.62,78.95,126.5,105.87
1100130,149.75,110.4,165.1,135.98
1100148,135.88,90.9,124.4,113.83
1100155,144.31,87.85,139.3,118.67
1100189,119.19,73.2,119.2,99.2
1100205,171.06,118.4,156.9,145.09
1100254,133.56,75.55,121.7,105.76
1100262,151.06,106.25,163.4,134.26
1100288,128.06,77.85,122.8,105.09
1100296,125.06,77.7,119.6,103.28
1100304,114.38,70.35,121.6,96.8
1100320,138.06,90.3,134.3,116.48
1100338,137.25,113.05,121.5,123.3
1100346,148.62,92.15,133.1,120.7
1100379,123.25,73,118,100.26
1100403,153.31,109.05,152.8,133.96
1100452,161.31,120.55,159.9,143.28
1100502,121.75,79.35,119.1,102.74
1100601,157.06,90.65,150.3,126.72
1100700,168.31,115.8,161.4,143.98
1100809,156,121.2,174,144.78
1100908,124.44,78.2,118.8,103.11
1100924,127.44,66.55,123.5,100.11
1100940,152.31,113.3,164.4,137.98
1101005,164.12,110.5,154.6,138.74
1101104,146.31,107.3,164.7,133.35
1101203,132.12,75.15,109,102.33
1101302,155.81,100.05,147.4,129.74
1101401,161,110.6,156,138
1101435,154.94,96.1,146.5,127.52
1101450,124.19,76.2,119.5,102.3
1101468,130.25,67.7,121.5,101.15
1101476,126.75,76,124.3,104.15
1101484,125.69,77.85,123.2,104.35
1101492,128.56,78,115.9,103.83
1101500,138.94,91.1,126.4,115.41
1101559,149.5,92.6,138,122.26
1101609,145.88,92.75,150.1,123.7
1101708,149.56,91.2,136.3,121.3
1101757,149.88,93.25,147.8,124.8
1101807,139.5,85.35,141.9,116.48
1200013,159.81,114,177.3,143.7
1200054,156.62,127.85,156.1,144
1200104,154.25,127.45,152.8,142.28
1200138,171.06,116.05,155.9,143.85
1200179,167,117.8,184.7,149.46
1200203,228.94,212.3,263.6,229.24
1200252,155.69,120.3,153,139.72
1200302,213.75,188.1,212.5,202.33
1200328,207,189.5,200.2,197.91
1200336,254.75,225.35,295.8,250.89
1200344,189.12,148.05,178.4,168.93
1200351,210.94,186.45,202.4,198.43
1200385,164.94,117.3,186.3,148.87
1200393,210.25,206.1,230.5,212.85
1200401,172.88,120.35,162.1,147.7
1200427,243.75,221.65,281.6,242.37
1200435,205,171.65,191.1,187.48
1200450,159.44,111.95,179.9,143.24
1200500,176.69,123.75,154,148.74
1200609,226.94,178.75,222.1,204.93
1200708,161.75,126.4,156.1,145.15
1200807,171,117.85,174.4,148.63
1300029,430.44,394,433.6,415.28
1300060,461.38,425.05,462.7,445.87
1300086,309.19,302.75,307.4,306
1300102,330.44,313.4,299.4,316.28
1300144,216.62,179.6,221.2,201.52
1300201,391.94,338.1,408.4,372.11
1300300,231.06,267.8,261,253.54
1300409,519.25,509.75,544.2,520.54
1300508,241.75,251.55,336.9,266.7
1300607,391.69,338.35,374.6,364.78
1300631,316.19,303.4,288.3,304.57
1300680,226.5,255.75,325.3,260.7
1300706,157.94,123.35,163,144
1300805,232.88,234.25,276.7,243
1300839,304.94,302.45,322,307.57
1300904,193.81,158.65,208.2,181.65
1301001,320.5,297.5,334.2,313.48
1301100,229.25,260.8,277.9,253.54
1301159,218.88,263,285.2,252.48
1301209,352.94,290.85,307,315.96
1301308,333.06,311.7,319.9,320.91
1301407,274,220.3,284.2,252.87
1301506,251.69,206.5,281.3,238.48
1301605,523.06,506.75,524.7,516.33
1301654,252.56,225.65,294.4,249.96
1301704,177.5,152.4,219.2,175.65
1301803,279.62,231.9,307.4,264.91
1301852,231.25,260.5,268.5,252.07
1301902,220.62,244.3,292.8,246.61
1301951,274.19,238.15,288,261.52
1302009,226.12,279.85,309.9,267.7
1302108,553.81,540.1,561.1,549.43
1302207,445.38,431.3,457.9,441.98
1302306,363.25,335.6,369.9,352.67
1302405,176.56,147.3,185.4,165.76
1302504,249.19,240.65,286.1,253.5
1302553,275.75,265.6,302.8,277.22
1302603,249.31,291,305.6,279.67
1302702,207.06,172.5,246.7,200.65
1302801,473.81,413.35,486.2,450.22
1302900,215.44,214.7,264.1,225.7
1303007,240.75,307.4,305,283.7
1303106,229.25,252.85,293.5,253.48
1303205,389,393.8,392.8,391.91
1303304,219.06,182.85,270.1,214.41
1303403,192.12,220.8,303.1,228.72
1303502,199.75,170.15,211.4,189.41
1303536,337.69,429.6,398.2,390.8
1303569,271.81,323.75,342.1,309.67
1303601,593.31,574.5,591.7,584.78
1303700,465.31,404.2,470.9,439.96
1303809,744.5,742.35,718.1,737.83
1303908,404.69,339.15,395.8,374.26
1303957,282.5,333.05,344.1,317.87
1304005,220.88,260.85,287.1,252.65
1304062,403.31,342.25,398.7,375.76
1304104,279,231.45,300.3,262.96
1304203,361.31,352.2,379.4,361.28
1304237,482.25,463.55,481.7,474
1304260,458.75,408.25,466.2,438.41
1304302,330.12,385.45,396.2,368.54
1304401,221.88,250.8,312.7,254.2
1400027,537.94,692.35,624.7,623.93
1400050,507.5,652.35,600.2,590.63
1400100,495.19,621.6,620.8,577.46
1400159,517.5,634.4,613.4,589.17
1400175,552.75,645.1,661.6,616.57
1400209,578.5,608.25,658.1,608.74
1400233,515.69,613,645.4,586.2
1400282,581.44,687.8,645.1,641.52
1400308,565.88,685.65,659,638.2
1400407,452.38,604.95,623.3,555.87
1400456,539.56,741.95,661.9,654.15
1400472,523.44,560.15,580.9,551.89
1400506,521.19,596,633.3,578.09
1400605,528.75,606.5,649.9,588.89
1400704,427.69,610.3,589.4,542.24
1500107,299.5,317.4,371.8,323
1500131,59.81,56.95,70.9,60.98
1500206,261.06,263.85,296.5,269.98
1500305,284.81,294,339.8,300.76
1500347,142.81,96.55,131.1,120.15
1500404,204.56,240.85,253.3,230.93
1500503,248.56,271.85,312.2,272.52
1500602,143.94,141.45,134.6,140.83
1500701,325.06,341.2,376.9,343.35
1500800,403.81,406.35,463.1,417.8
1500859,91.44,120.6,125.8,111.59
1500909,246.81,284.15,319.1,278.76
1500958,178.31,192.6,214,192.28
1501006,208.94,200.45,212.7,206.07
1501105,251.44,281.1,275.2,269.5
1501204,125.56,117.9,148.8,127.28
1501253,170.31,87.05,134.8,126.39
1501303,365.88,387.4,457.6,395.17
1501402,390.5,418.8,472.2,420.57
1501451,152,169,207.3,171.41
1501501,401.19,393.55,462.3,411.15
1501576,65.56,69.35,75.6,69.39
1501600,308.25,309.05,378.1,323.78
1501709,265.88,302.05,350.8,300.07
1501725,128.81,148.05,166.4,145.35
1501758,50.25,59.25,78.1,60.22
1501782,74.94,86.85,104.1,86.46
1501808,355.69,366.55,387.4,367.3
1501907,324.19,310.9,355.2,325.15
1501956,241.62,253.75,324.2,264.85
1502004,318,342.65,371.7,340.39
1502103,232.94,243.85,252.4,241.91
1502152,109.44,78.65,90.7,91.98
1502202,264.62,307.05,350.4,301.72
1502301,235.5,247.65,296.1,253.96
1502400,355.62,335.05,396,355.46
1502509,261.81,306.85,334.3,297.15
1502608,374.38,390.2,426.4,392.57
1502707,97.19,52.9,95.6,77.59
1502756,274.12,281.9,294.7,281.98
1502764,123.44,73.35,105.8,97.83
1502772,87.38,65.35,81,76.41
1502806,311.06,326.5,339.3,323.91
1502855,175.38,186.7,215.9,189.11
1502905,303.75,318.25,330.1,315.78
1502939,41.12,39.15,56.9,43.7
1502954,77.75,58.2,76.5,68.98
1503002,251.56,326.4,324.9,300.04
1503044,101.5,61.65,94.1,82.57
1503077,234.5,241.15,297.2,251.02
1503093,64.75,84.7,82.8,77.35
1503101,378.88,381.9,397.7,384.28
1503200,320.5,313.05,380.9,330.39
1503309,263.38,278.05,301.6,278.07
1503408,329.38,318.85,381.6,336.15
1503457,128.69,127.95,146,132.13
1503507,267.19,277.4,346,288.76
1503606,208.19,168.6,212.9,192
1503705,86.88,79.25,87.9,83.78
1503754,167.69,123.45,166.7,148.24
1503804,71.88,76.55,82.4,76.2
1503903,175.31,210.25,262.6,209.48
1504000,264.25,268.5,295.3,272.85
1504059,219.62,235.8,270.6,237.74
1504109,294.88,296.55,323,301.72
1504208,85.25,71.05,82.3,78.43
1504307,253.75,238.5,288.6,254.7
1504406,302.62,304,328.8,308.91
1504422,403.81,406.35,463.1,417.8
1504455,137.88,152,170.6,151.13
1504505,332.06,334.45,356.8,338.48
1504604,183.81,176,220.7,188.43
1504703,182.88,178,221.8,189.22
1504752,144.31,155.75,212.5,164.11
1504802,188.69,202.1,217.1,200.7
1504901,274.94,293.6,327.9,294.57
1504950,191.44,196.55,241.2,204.48
1504976,71.38,76.55,84.5,76.48
1505007,302.44,313.7,372.4,322.54
1505031,140.5,117.45,148.3,132.17
1505064,70.88,90.15,89.1,83.22
1505106,245.5,298.55,315.4,283.76
1505205,256.75,257.3,273.3,260.59
1505304,261.69,350.15,324.4,313.78
1505403,293.06,316.75,380.3,322.33
1505437,182.12,111.75,143.1,143.04
1505486,96.44,129.05,112.6,114.13
1505494,53.19,57,78.1,60.26
1505502,80.19,76.85,90.4,80.96
1505536,134.44,92.1,120.3,112.96
1505551,126.44,68.95,107.7,97.37
1505601,296.44,313.45,354.3,316.41
1505635,80.44,57.2,83,70.89
1505650,136.81,163.75,176.7,157.2
1505700,295.62,316,364.1,319.37
1505809,210.75,248.9,276.4,241.61
1505908,213.75,229.8,243,227.09
1506005,155.25,163.2,194.4,167.22
1506104,236.69,286.4,307.4,273.67
1506112,221.62,264.15,287.8,254.5
1506138,119.5,64.45,106.5,92.74
1506161,105.81,65.7,93.2,85.63
1506187,58.88,64.95,73.3,64.65
1506195,178.19,188.6,189.9,185.26
1506203,215.5,233.05,280.4,237.24
1506302,328.62,351.85,391.1,352.3
1506351,405.94,411.3,466.6,421.46
1506401,308.69,338.05,377,336.3
1506500,375,356.75,430.4,379.11
1506559,284.81,305.4,379,314.24
1506583,94.5,50.4,86.8,73.65
1506609,321.12,296,366.4,320.04
1506708,75.06,49.15,80.5,64.98
1506807,152.19,170.35,198.9,170.24
1506906,274.88,296.5,334.8,297.3
1507003,399.56,402.9,448.2,411.59
1507102,337.81,366.85,381.7,359.98
1507151,59.81,55.8,63.7,58.91
1507201,268.31,277.95,299.3,279.24
1507300,185.56,119,145.7,147.96
1507409,351.75,324.45,387.7,347.7
1507458,65.69,55.85,92.9,67.33
1507466,319.62,334.6,354.4,333.7
1507474,211.88,245.7,285.1,242.5
1507508,58.69,55.6,63.1,58.3
1507607,307.69,293.35,344.3,309.41
1507706,284,306.4,324.8,302.61
1507755,90.88,57.75,82.1,74.57
1507805,97.06,126.75,141.1,119.54
1507904,311.44,348.15,363.8,338.78
1507953,150.81,130.65,162.9,144.67
1507961,344.75,330.4,361.7,342.2
1507979,168.19,206.1,245.1,201.39
1508001,162.75,167.9,178.4,168.39
1508035,256.88,295.05,327.9,288.91
1508050,220.94,185.75,223.6,206.22
1508084,180.31,118.9,150.3,147.09
1508100,68.31,91.2,95.3,84.13
1508126,44.81,36.6,56.9,43.87
1508159,131.31,158.2,189.1,155.57
1508209,384.81,402.75,432.6,403
1508308,256.06,285.15,328.3,284.41
1508357,130.75,151.45,173.2,148.98
1508407,92.31,59.9,87.1,77.09
1600055,322.56,392.85,408.3,371.76
1600105,260.25,340.1,304.4,304.57
1600154,310.19,344.7,398.1,344.3
1600204,286.69,359.35,306.6,322.61
1600212,235.25,272.65,301.9,266
1600238,269.19,331.8,375,319.41
1600253,222.44,272.15,306.5,262.33
1600279,297.88,341.65,380,334.76
1600303,222.44,272.15,306.5,262.33
1600402,300.31,305.35,346,312.43
1600501,279.38,332.2,320.2,311.22
1600535,288.94,323.1,375,322.5
1600550,272.56,333.6,309.5,307.13
1600600,284.62,292.05,341.5,300.22
1600709,238.25,300.6,296.3,277.98
1600808,336.5,332.1,364.7,340.72
1700251,82.94,43.25,77.8,64.57
1700301,52.94,47,55.9,51
1700350,52.62,29.6,34.2,38.61
1700400,36.81,27.3,35.8,32.46
1700707,42.94,31.7,23.5,33.83
1701002,65,56.8,83.2,65.39
1701051,63.25,50.4,68.7,58.85
1701101,57.69,27.7,59.7,45.09
1701309,96.5,63.75,82.7,79.26
1701903,83.88,41.65,83.3,65.39
1702000,47.12,33.45,33,38.11
1702109,108.25,65.2,86.7,84.85
1702158,88.56,60.25,93.4,77.3
1702208,41.12,54.9,66.9,52.72
1702307,87.69,57.85,81.6,73.39
1702406,31.75,15,28.2,23.7
1702554,39.94,48.65,63.4,48.83
1702703,30.62,14.5,31.9,23.89
1702901,39.5,45.55,62.2,47.07
1703008,78.88,47.6,64.8,62.22
1703057,95.38,61.15,82.9,77.78
1703073,56.75,34.8,48.6,45.43
1703107,73.19,35.85,75,57.35
1703206,87.25,58.35,84.8,74.15
1703305,70.88,32.65,57,51.24
1703602,82.44,53.75,70.6,67.39
1703701,59.06,31.15,41.5,43.11
1703800,50.88,53.1,58.8,53.57
1703826,48.62,50.35,55.8,50.93
1703842,47.94,28.3,46.4,39.07
1703867,42.62,30.7,28.6,34.39
1703883,99.25,58.9,84.8,78.57
1703891,46.31,52.7,60.6,52.2
1703909,77.06,40.45,78.6,61.48
1704105,64.19,32,52.5,47.65
1704600,66.25,35.05,60.8,51.5
1705102,43.88,30.7,35.8,36.39
1705508,90.38,58.6,77.6,73.78
1705557,33.06,14.35,29.2,24.09
1705607,32.88,22.45,21.9,25.96
1706001,90.31,49.8,87,71.98
1706100,50.62,28.3,53,41.43
1706258,55.75,31.25,40.6,41.8
1706506,61.44,50.2,62.9,56.87
1707009,32.31,29.25,30.5,30.59
1707108,77.56,39.75,79.5,61.54
1707207,82.88,43.15,82.1,65.43
1707306,45.31,33.3,32.5,37.3
1707405,58.88,55.75,64.7,58.78
1707553,60.81,31.1,55.3,46.7
1707652,42.38,26.1,27.2,32
1707702,59,38.45,59.6,50.2
1708205,43.69,26.7,32.9,33.96
1708254,80.81,40.05,72.6,61.3
1708304,92.56,45.7,84.8,70.5
1709005,61,31.35,50,45.72
1709302,77.69,46.25,69.1,62.15
1709500,48.81,29,24.8,34.98
1709807,55,28.3,38.9,39.89
1710508,64.12,37.85,55.6,50.85
1710706,41.12,45.5,64.9,48.2
1710904,69.12,41.75,59.9,55.22
1711100,92.12,52.1,79.4,71.96
1711506,44.38,27.25,26.6,33.07
1711803,93.81,56.65,83.6,75.43
1711902,43.75,31.45,51.2,40.02
1711951,45.94,24.85,47.4,37.09
1712009,63.19,28.45,63.3,48.11
1712157,34.31,14.7,28.4,24.5
1712405,40.69,22.45,44,33.48
1712454,54.56,49.2,59.7,53.35
1712504,73.06,38.65,75.5,58.63
1712702,27.06,17.7,32.7,24.22
1712801,42,47.25,65.6,49.41
1713205,69.56,33.75,75.3,55.24
1713304,73.69,40.3,76.6,59.8
1713601,48.06,25.4,46,37.76
1713700,71.12,36.45,68.5,55.48
1713809,60.06,47.85,60.6,54.87
1713957,102.62,57.5,81.4,78.39
1714203,38.94,31.95,32.6,34.52
1714302,56.56,48.05,60.1,53.63
1714880,97,52.35,72.8,72.33
1715002,61.12,29.1,57.9,46.5
1715101,44.81,25.35,49.1,37.28
1715150,34.81,20.2,27.8,26.93
1715259,31.06,26.55,31.8,29.26
1715507,61.25,30.35,57,46.89
1715705,75.44,47.65,62.7,60.59
1715754,53.88,29.15,31.3,38.22
1716109,67.44,29.1,64.9,50.22
1716208,38.88,21,23,27.65
1716307,101.06,64.05,84.5,81.37
1716505,68.75,29.15,58.8,49.37
1716604,47.44,27.7,19.6,32.8
1716653,91.38,54.7,81.8,73.35
1716703,85.5,44.6,70.4,64.43
1717008,45.69,26.7,41.9,36.61
1717206,77.69,58.75,82.4,70.48
1717503,58.44,33.25,64.4,48.78
1717800,32.44,19.15,30.7,26.28
1717909,47.12,25.2,35.7,35.11
1718006,35.06,29.15,26.6,30.65
1718204,58.81,28.85,57.8,45.57
1718303,38.69,46,67,48.02
1718402,79.75,49.35,69.3,64.26
1718451,65.5,29.85,62.7,49.39
1718501,51.94,31.25,52,42.96
1718550,68.69,57.85,88,68.17
1718659,30.19,31,31.7,30.87
1718709,80.25,36.3,67.1,58.28
1718758,50.5,27.35,50.3,40.39
1718808,42.5,47.8,71.3,51.07
1718840,45.44,24.9,31.8,33.54
1718865,98.56,59.9,84.6,78.72
1718881,71.81,34.65,56.7,52.37
1718899,52.56,29.55,43.8,40.65
1718907,48.81,27.9,34.8,36.67
1719004,48.12,24.8,47.1,37.76
1720002,58.06,48.5,63.1,55
1720101,46.94,50.95,60.3,51.59
1720150,34.62,20.25,37,28.89
1720200,37.25,44.95,60.4,45.63
1720259,45.44,26.4,21.7,32
1720309,57.75,54.15,66,57.98
1720499,46.12,29,22,33.43
1720655,48,24.35,35.9,35.09
1720804,39.44,46.65,59.9,47.02
1720853,40.62,32.5,20.4,32.7
1720903,31.25,15.6,30.5,24.28
1720937,31.75,18.95,28.9,25.57
1720978,45.19,31.35,25.6,34.91
1721000,56.75,26.2,57,43.52
1721109,68.31,28.3,65.6,50.33
1721208,50.12,48.1,59.8,51.35
1721257,81,40.6,64.2,59.78
1721307,76.25,46.25,64.9,60.74
1722081,87.19,53.05,84.8,71.83
1722107,73.5,60.5,91.9,71.85
2100055,27.12,34.05,36.6,32.2
2100105,33.19,34.4,38.4,34.85
2100154,38.62,47.15,66.8,48.46
2100204,137,142.05,182.1,149
2100303,33.94,37.7,31,34.93
2100402,59.94,47.45,50.7,52.5
2100436,35.81,33.45,37.7,35.2
2100477,54.94,42.95,57.3,50.24
2100501,26,14.05,36.1,23
2100550,211.5,239.4,290.3,240.76
2100600,27.94,30.8,25.6,28.67
2100709,75.5,88.8,115.3,89.93
2100808,42.25,50.75,77.8,53.67
2100832,162.94,191.85,223.5,188.67
2100873,112,104.1,138.5,114.33
2100907,37.81,46.05,60.2,46.26
2100956,31.88,32.05,30.6,31.67
2101004,71.81,67.95,106.1,77.59
2101103,91.94,106.9,123.3,105.26
2101202,48.94,39.35,47.4,44.43
2101251,94.25,112.3,130.1,109.89
2101301,164.62,190.05,225.1,188.83
2101350,132.31,146.85,171.6,147.17
2101400,37.5,24.6,39.6,32.35
2101509,19.5,15,29,19.61
2101608,22.12,32.6,26.1,27.54
2101707,46.81,58.3,86,60.33
2101731,39.06,52.3,77.8,53.24
2101772,72.75,58.2,80.4,68.09
2101806,25.12,12.35,36.8,22.11
2101905,132.75,145,171.8,146.57
2101939,33.12,37.95,36.6,35.98
2101970,222.38,244.85,305.9,250.3
2102002,39.5,33.25,43.7,37.7
2102036,27.5,30.15,29.9,29.17
2102077,41.56,36.05,40.7,38.98
2102101,43.31,51.6,76.4,54.11
2102150,47.94,37.6,41.8,42.11
2102200,36.19,38.9,51.5,40.7
2102309,27.44,27.3,25.3,26.91
2102325,27.94,28.35,29.9,28.54
2102358,35.12,38.95,55.5,41.22
2102374,64.88,90.25,106.2,84.89
2102408,113.06,124.7,147.8,125.67
2102507,96.88,93.3,121.3,100.63
2102556,43.88,41.4,56.3,45.5
2102606,202.56,227.95,270.9,228.46
2102705,38.5,51.5,74.4,51.96
2102754,34.81,33.6,32.4,33.76
2102804,52.62,33.9,43,42.39
2102903,236.31,266.9,311.2,265.89
2103000,33,33.7,29.9,32.63
2103109,136.81,145.2,182.3,150.35
2103125,138.69,144.4,175.5,149.17
2103158,170.56,169.4,215.8,179.89
2103174,107.31,89.75,119.9,102.41
2103208,35.25,34.75,53.2,38.93
2103257,42.12,42.95,64.2,47.28
2103307,35.19,34,28,33.11
2103406,33.12,34.75,40.1,35.35
2103505,30.25,25.75,27.6,27.72
2103554,71.62,62.85,86.4,71.02
2103604,33.38,32.8,38.1,34.15
2103703,151.88,175.9,204.3,173.72
2103752,36.94,40.5,55.4,42.5
2103802,31.5,30.5,32.4,31.26
2103901,36.19,32.1,50.9,37.61
2104008,31.31,33.7,32.9,32.7
2104057,54.81,41,50.1,47.78
2104073,36.44,24.65,47.1,33.63
2104081,24.25,33.55,23.7,28.17
2104099,33.5,28.1,35.5,31.59
2104107,30.56,20.5,40.5,28.35
2104206,31.88,27.9,27.4,29.17
2104305,207.38,241.65,283.3,238.78
2104404,34.12,30.85,26,30.93
2104503,33.62,30.8,29.9,31.59
2104552,41.12,42.75,56.8,45.24
2104602,31.88,29.75,28.9,30.3
2104628,31.06,28.5,27.6,29.2
2104651,87.19,66.65,88.5,78.54
2104677,197.25,211.5,252.2,215.39
2104701,32.69,28.65,27.5,29.8
2104800,37.12,32.75,26.2,32.85
2104909,134.56,144.4,181.9,149.13
2105005,76.5,102,116,96.17
2105104,91.62,107.1,131.9,107.11
2105153,81.31,66.6,91.4,77.11
2105203,34.12,35.4,35.9,35.07
2105302,35.06,42.15,60,43.57
2105351,25.62,31.7,27.7,28.72
2105401,44.56,55.45,80,57
2105427,27.88,31.45,37.2,31.46
2105450,32.44,29.85,28.1,30.37
2105476,26.12,32,28.7,29.24
2105500,33.75,37.2,49.1,38.59
2105609,30.44,31.95,32.6,31.57
2105658,222.75,233.65,289.3,241.96
2105708,33.44,32.7,36.6,33.8
2105807,36.44,36.85,38.9,37.15
2105906,55.06,46.4,57.6,51.85
2105922,27.44,21.4,24.3,24.13
2105948,36.44,36.85,38.9,37.15
2105963,31.56,33.5,36.3,33.43
2105989,39.19,39.05,49.3,41.33
2106003,34.12,34.4,36.1,34.67
2106102,29.5,17,38.1,25.93
2106201,209,242.2,285.2,240
2106300,45.75,48.7,79,54.26
2106326,202.75,216.25,272.4,223.76
2106359,37,32.5,39.9,35.67
2106375,151.75,158.2,190.5,162.98
2106409,35.88,43.15,55.1,43.22
2106508,121.62,118.5,153.3,127.15
2106607,29.69,26.7,29.2,28.28
2106631,50.81,54.5,75.5,57.78
2106672,46.25,60,84.9,60.63
2106706,28.31,33.45,30.1,30.93
2106755,52.56,58.5,85.2,62.24
2106805,146.19,157.1,188.7,160.17
2106904,91.5,68.9,109.1,85.5
2107001,40.69,39.75,47,41.65
2107100,75.44,95.4,115.4,92.8
2107209,34.88,45.25,69,46.8
2107258,30.12,19.8,43.7,28.59
2107308,31.19,15.15,27.3,23.37
2107357,118.69,108.25,142.2,119.26
2107407,57.75,45.2,57.4,52.22
2107456,122.5,121.7,158.9,130.07
2107506,122.25,141.05,164.2,139.54
2107605,136.44,136.75,168.2,143.48
2107704,38.69,23.45,33.9,31.02
2107803,26.31,23.95,26.1,25.24
2107902,31.31,24.05,25.7,26.93
2108009,37.12,21.55,31.9,29.22
2108058,46.56,56.35,83.9,58.93
2108108,40.88,36.55,41.3,39.09
2108207,34.88,36.95,34.5,35.7
2108256,113.12,110.05,146.2,118.98
2108306,100.5,92.5,124.9,102.33
2108405,135.88,138.1,168.9,144.02
2108454,34.62,29.4,33.8,32.17
2108504,71.88,57.65,77.6,66.93
2108603,138,142.15,166.9,146.09
2108702,68.31,58.3,76.3,65.7
2108801,35.88,45.25,70.6,47.5
2108900,31.5,34.1,37.8,34
2109007,41.62,39.25,50.8,42.59
2109056,148.38,164.5,199,166.39
2109106,31.12,30,28.8,30.13
2109205,77.94,96.4,113.4,93.67
2109239,142.19,152.7,188.1,156.74
2109270,143.12,150.2,177.4,153.65
2109304,52.88,80.25,97.7,74.52
2109403,62.56,89.3,104.3,83.26
2109452,113.44,131.85,154.2,130.3
2109502,37.56,21.8,39.3,31.09
2109551,40.56,40.2,52.6,43.02
2109601,98.12,112.45,126.9,110.61
2109700,31.88,17.5,39.1,27.2
2109759,29.88,30.3,24.9,28.98
2109809,146.5,153.95,178.9,156.78
2109908,64,51.55,60.3,57.78
2110005,44.19,34.95,37.1,38.63
2110039,139.75,145.05,181.4,151.11
2110104,46.75,58.9,83.6,60.04
2110203,70.69,93.8,114.4,90.24
2110237,49.56,51.9,91.3,59.65
2110278,51.25,65.5,101.9,68.46
2110302,31.44,32.45,33.4,32.3
2110401,43,50.65,83.6,55.15
2110500,131.31,134.35,161.6,139.22
2110609,52.06,49.25,98.9,61.02
2110658,29.88,15.9,36.3,25.2
2110708,32.69,29.5,24.3,29.48
2110807,26,15.5,35.4,23.48
2110856,32.5,39.3,54.5,40.24
2110906,24.31,16.15,24.8,20.87
2111003,108.62,100.6,138.5,111.63
2111029,64.88,43.7,61.8,55
2111052,42.44,40.25,44.1,41.85
2111078,36.06,30.95,26.5,31.76
2111102,23.69,16.4,24.5,20.7
2111201,122.25,141.05,164.2,139.54
2111250,31.81,31.45,33.3,31.98
2111300,123.12,138.15,165.1,138.78
2111409,36.94,34.9,36.2,35.89
2111508,49,47.35,70.2,52.89
2111532,58.94,53.7,68.8,58.8
2111573,41.44,28.4,43.7,36.26
2111607,28.19,18.1,38.1,25.96
2111631,30.75,35.3,27.7,32.07
2111672,30.62,36.25,29.2,32.76
2111706,126.94,122.8,159.7,132.26
2111722,63.94,49.25,60.7,56.85
2111748,31.12,29.05,27.9,29.52
2111763,33.94,38.95,50.8,39.78
2111789,152.19,173.1,200.9,171.87
2111805,33.56,34.1,34.8,34.07
2111904,38.06,29.7,31.9,33.09
2111953,24.12,16.75,25,21.11
2112001,29.38,24.1,29.6,27.13
2112100,33.38,33.9,36,34.17
2112209,30.06,23.4,28.7,26.87
2112233,33.62,34.45,35.7,34.43
2112274,65.19,53.85,69,61.09
2112308,30.75,33.4,25.3,30.72
2112407,169.06,194.75,225.8,192.57
2112456,151.25,169.2,193.5,168.24
2112506,48.38,51.35,79.3,56.39
2112605,40.31,53.65,84.7,55.76
2112704,34.69,36.45,56.2,40.13
2112803,106,100.6,144.2,111.96
2112852,45.19,49.9,61.7,50.83
2112902,79.88,68.55,96.1,78.48
2113009,49.12,40.45,42.5,43.91
2114007,91.88,84.15,113.7,93.26
2200053,2.81,4.25,4.4,3.78
2200103,26.81,15.2,24.3,21.22
2200202,28.12,15.5,25.1,21.98
2200251,8.94,3.9,6.5,6.22
2200277,8.44,2.05,4,4.7
2200301,22.38,12.65,18.4,17.28
2200400,25.12,25.65,26.1,25.57
2200459,12.62,7.3,16.3,11.11
2200509,24.12,12.05,22.3,18.48
2200608,28.56,15.1,24.8,21.89
2200707,5.62,3.15,7.2,4.89
2200806,22.94,11.1,31.5,19.65
2200905,14,9.2,12.9,11.67
2200954,5.12,3.15,6.7,4.61
2201002,13.94,8.45,14.8,11.74
2201051,5.25,7.2,6.2,6.3
2201101,9.75,5.95,15.5,9.35
2201150,24.62,17.2,24.7,21.41
2201176,10.94,7.45,7.5,8.67
2201200,36.75,40.35,61.2,43.63
2201309,14.44,8.3,15.3,11.96
2201408,26.88,14.2,27.1,21.41
2201507,42.44,41.55,50.4,43.78
2201556,5.12,5.2,5.9,5.33
2201572,6.75,2.6,6.4,4.87
2201606,25.56,14.4,21,19.72
2201705,13.25,8.15,14.6,11.33
2201739,6.75,5.1,15,7.83
2201770,33.25,36.15,37.2,35.37
2201804,5.75,4.25,9,5.8
2201903,16.88,7.15,28.5,15.17
2201919,20.06,30.9,39.9,29.09
2201929,6.19,3,4.1,4.35
2201945,29.75,32.8,31,31.35
2201960,28.56,27.5,26.8,27.72
2201988,7.12,4.5,6.1,5.76
2202000,32.38,39.25,44.6,38.02
2202026,7.44,6.65,10,7.65
2202059,32.94,35.45,38.5,35.24
2202075,11.31,7.15,11.2,9.48
2202083,11.25,24.6,26.8,20.43
2202091,6.25,2.25,3.9,4
2202109,4.81,3.45,4.7,4.2
2202117,6.19,5.8,5.5,5.87
2202133,6.81,2.85,7.3,5.2
2202174,40.88,49.8,74.2,52
2202208,26.31,24.3,21.7,24.43
2202251,16.44,7.05,15.9,12.24
2202307,7.75,6.05,10.6,7.63
2202406,26.06,32.95,28.7,29.63
2202455,6,7.95,3.5,6.3
2202505,5.88,4.1,7.4,5.43
2202539,39.88,42.95,54,44.28
2202554,3.94,3.05,8.2,4.48
2202604,8.56,6.6,7.5,7.48
2202653,29.81,40.9,50,39.02
2202703,22.94,26.05,33.1,26.5
2202711,26,30.05,27.1,28
2202729,22.31,22.75,29.8,24.13
2202737,22.75,20.9,21.7,21.72
2202752,9.38,7.55,10.9,8.91
2202778,6.25,4.05,8,5.67
2202802,3.88,3.3,5.9,4.07
2202851,5.56,5.65,3.1,5.07
2202901,13,7.45,18.3,11.74
2203008,14.88,9.95,22.8,14.46
2203107,11.75,6.2,18.5,10.8
2203206,10.94,5.55,21.7,10.93
2203230,20.38,8.9,24,16.17
2203255,27.12,18.3,24.9,22.8
2203271,6.75,4,11.7,6.63
2203305,26.12,21,26.6,24
2203354,4.75,2.85,3.8,3.72
2203404,5.19,4.15,9.2,5.61
2203420,13.88,11.65,14.4,13.02
2203453,6.38,6.1,3.6,5.65
2203503,18.44,9.5,14.7,13.74
2203602,10.62,7.25,9.4,8.89
2203701,43.06,44.15,70.1,49.41
2203750,6.75,2.05,4.2,4.15
2203800,7.44,4.55,7,6.09
2203859,5.81,2.85,5.8,4.52
2203909,13.25,11.55,17.5,13.43
2204006,15.38,9.2,13.5,12.28
2204105,18.31,11.55,21.3,16.02
2204154,6.06,1.9,3.9,3.78
2204204,7.88,3.6,9.3,6.33
2204303,10.19,3.7,6.4,6.54
2204352,6.94,3.3,8.5,5.7
2204402,16.75,7.75,23.6,14.33
2204501,22.31,11.2,23.8,17.8
2204550,9.44,4.05,13.9,8.07
2204600,27.38,12.05,23.9,19.96
2204659,22.62,35.25,48.8,33.8
2204709,5.5,5.8,10,6.61
2204808,6.38,3.95,9.8,6.07
2204907,5.38,2.55,5.1,4.09
2205003,5.19,2.65,7.5,4.59
2205102,9.81,6.6,11.7,8.83
2205151,3.88,3.35,7,4.33
2205201,5.38,3,8.3,4.98
2205250,26.38,12.9,24.2,20.04
2205276,19,21.05,23.1,20.78
2205300,19.44,9,23.7,15.83
2205359,5.75,5.25,4.4,5.24
2205409,46.06,46.95,73.3,52.37
2205458,53.5,54.5,95.3,63.02
2205508,31.25,33.35,29.4,31.76
2205516,10.88,9.15,9.6,9.85
2205524,10,6.65,12.1,9
2205532,5.69,2.7,6.4,4.54
2205540,26.62,16,24.5,21.54
2205557,35.31,36.05,38.4,36.3
2205565,4.25,6.85,2.8,5.07
2205573,17.38,19.85,17.7,18.52
2205581,25.5,17.4,23.7,21.59
2205599,7.31,5.8,7,6.59
2205607,18.5,8.3,28.5,16.24
2205706,14.69,26.6,33,23.85
2205805,51.75,52.4,88.2,59.96
2205854,51.62,58.8,90,63.09
2205904,14.31,7.7,17.4,12.11
2205953,6.06,2.25,4,3.96
2206001,23.81,11.15,31.6,20
2206050,3.88,2.25,8.4,4.15
2206100,45.75,57.3,75.9,57.33
2206209,33.25,34.95,52.1,38.09
2206308,26.88,16.3,23.2,21.48
2206357,13.56,13.1,14.6,13.59
2206407,26.75,15.75,24,21.37
2206506,8.69,3.9,6.8,6.2
2206605,15.19,7.35,24.4,13.78
2206654,9.19,4.65,19.9,9.54
2206670,49,46.15,80.2,54.54
2206696,43.62,46.95,76.7,52.26
2206704,9.06,8.5,16.9,10.52
2206720,25.38,20.75,25.9,23.48
2206753,29.62,29.95,30.5,29.96
2206803,35.5,36.4,57.9,40.76
2206902,10.56,6.65,9.6,8.65
2206951,18.12,12.15,14,14.63
2207009,8.88,4.3,8.2,6.74
2207108,26.88,14.2,27.1,21.41
2207207,6.38,2.65,5.8,4.63
2207306,5.62,5.25,6.6,5.67
2207355,5.69,5.1,8.3,6
2207405,17.38,8.2,17.4,13.39
2207504,27.06,18.1,20.9,21.83
2207553,4.94,3.25,7.5,4.76
2207603,10.06,6.45,16.5,9.89
2207702,22.19,31.4,43.4,30.8
2207751,27.31,13.9,26.2,21.24
2207777,4.19,2.35,7.2,4.04
2207793,23.81,20.2,22.1,21.87
2207801,2.38,3.85,6.3,3.87
2207850,7.19,6.3,9.9,7.39
2207900,11.25,7.1,13.8,10
2207934,5.12,4.95,6.1,5.26
2207959,5.31,6.15,6.2,5.87
2208007,4.88,3.45,8.3,5
2208106,6.81,5.95,5.3,6.11
2208205,10.38,5.65,5,7.15
2208304,34.75,31,27.4,31.52
2208403,27.44,27.85,27.2,27.57
2208502,36.44,46.6,56.7,45.26
2208551,29,12.05,35.2,22.98
2208601,20.69,11.1,19,16.15
2208650,3.38,5.55,2.6,4.15
2208700,16.31,6.9,25.8,14.28
2208809,20.06,8.95,14.4,14
2208858,12.69,7.45,26.3,13.37
2208874,4.75,4.3,7,5.04
2208908,28.94,20.9,33.6,26.46
2209005,8.56,5.75,8.3,7.28
2209104,5.88,3.1,6.4,4.78
2209153,16.56,9.25,15.4,13.13
2209203,25.12,15.5,31.3,22.28
2209302,16.69,7.05,25.4,14.39
2209351,6.06,4.1,9.1,5.87
2209377,11.12,5.65,8.4,8.15
2209401,6.88,3.6,7.7,5.63
2209450,29.19,14.25,23.4,21.43
2209500,6.38,2.95,5.4,4.67
2209559,6.88,3.25,4.5,4.78
2209609,21,10,17.6,15.48
2209658,4.19,4.45,4.4,4.35
2209708,7.81,5.8,12.4,7.93
2209757,12.62,7.55,17.7,11.52
2209807,28.94,14.8,22.4,21.37
2209856,6.94,5.25,10,6.87
2209872,18.06,15.25,31.4,19.74
2209906,14.81,8.55,12.1,11.5
2209955,6.06,3.7,8.9,5.65
2209971,42.75,50.25,78.8,53.85
2210003,5.81,6.6,5.9,6.17
2210052,39.06,37.85,48.1,40.5
2210102,5.5,4.5,10,6.04
2210201,5.81,4.35,9.7,6.02
2210300,10.19,3.15,6.9,6.41
2210359,3.69,2.75,4.2,3.39
2210375,7.44,4.25,7.7,6.11
2210383,23.31,12.25,21.2,18.04
2210391,4.69,3.6,8,4.93
2210409,8.62,8.3,6.7,8.07
2210508,27.5,15.55,22.7,21.26
2210607,5.31,4.45,4.6,4.78
2210623,10.62,7.15,16.2,10.33
2210631,15.69,6.8,16.1,11.91
2210656,17.44,16.5,17.9,17.13
2210706,5.5,3.95,10.2,5.85
2210805,5.06,4.95,7.1,5.46
2210904,5.56,4.8,6.9,5.52
2210938,6.31,4.1,8.3,5.78
2210953,6.31,5.5,6.4,5.98
2210979,11.94,6.55,7,8.52
2211001,28.31,23.9,27.5,26.22
2211100,33.25,35.85,39.2,35.67
2211209,23.62,7.8,27.7,17.63
2211308,10.81,7.5,9.7,9.13
2211357,6.75,2.95,6.8,5.11
2211407,12.25,6.95,7.6,8.93
2211506,6.12,2.7,5.2,4.43
2211605,7.38,2.55,6.3,5.04
2211704,6.31,2.85,6.1,4.76
2300101,26.06,15.35,13.6,18.7
2300150,40,41.2,45.1,41.63
2300200,23.5,19.85,26.7,22.61
2300309,39.44,23.1,34.7,31.3
2300408,9.38,7.35,10.7,8.78
2300507,17.06,18.65,20.2,18.43
2300606,13.94,6.55,10.4,9.96
2300705,16.06,28.85,35.7,25.89
2300754,23.44,24.2,28.7,24.91
2300804,10.25,6.05,14.3,9.3
2300903,18.81,23.8,21.7,21.61
2301000,66.88,67.7,74.8,68.96
2301109,17.56,23.1,32.9,23.3
2301208,35.75,48.5,45.6,43.43
2301257,12.38,11.55,22,14.11
2301307,16.25,6.95,12.4,11.37
2301406,55.25,68.05,65.4,63.02
2301505,12.88,9.45,11.4,11.07
2301604,11.88,5.65,9.2,8.59
2301703,21.31,18.1,22.9,20.26
2301802,23.19,17.6,24.2,20.98
2301851,23.81,33.25,36.6,30.7
2301901,29.25,22.4,28.1,26.02
2301950,31.69,38.95,45.5,37.85
2302008,20.31,13,19.1,16.87
2302057,8.62,23.2,20.1,17.46
2302107,80.19,76.7,92,81.24
2302206,29.31,32,31.1,30.87
2302305,13.75,13.25,19.3,14.74
2302404,25.69,26.4,34,27.8
2302503,21.62,14.15,13.8,16.67
2302602,11.19,14.8,25.2,15.8
2302701,11.81,3.8,6.1,7.09
2302800,12.75,20.4,18,17.22
2302909,52.62,67.1,68.2,62.3
2303006,33.5,36.7,52.5,39.02
2303105,6.5,10.2,19.9,11.02
2303204,22.88,13.1,18.8,17.74
2303303,21.81,13.9,23.6,18.76
2303402,15.75,12.9,30.3,17.67
2303501,41.69,39.95,34.4,39.35
2303600,19.56,10.4,17.4,15.11
2303659,11.56,12.75,15.5,12.93
2303709,45.88,45.6,49.6,46.57
2303808,24.69,13.95,17.8,18.52
2303907,8.38,24.95,20.1,18.13
2303931,25.12,36.15,29.6,30.89
2303956,31.38,39.5,35.1,35.72
2304004,11.5,9.15,20.6,12.46
2304103,10.69,5.95,11.2,8.74
2304202,24.12,12.35,12.2,16.41
2304236,11.69,10.6,26.3,14.39
2304251,14.5,13.85,30.1,17.61
2304269,41.5,27.55,26.1,32.09
2304277,31.25,29.7,35.8,31.57
2304285,84.88,78.4,90.3,83.24
2304301,15.94,7.6,13.7,11.83
2304350,7.44,10.2,13.7,10
2304400,98.88,83,95.5,91.24
2304459,24.31,26.35,30.5,26.54
2304509,25.12,21.1,40,26.61
2304608,18.81,21.7,25.6,21.54
2304657,19.12,19.5,41.6,24.17
2304707,10,18.8,25.9,17.28
2304806,21.81,14.6,21.3,18.57
2304905,7.19,11.2,17,11.07
2304954,52.12,49.15,55.3,51.52
2305001,13.44,9.55,27.6,14.83
2305100,122.62,100.7,142,117.3
2305209,11.38,6.75,17.8,10.76
2305233,41.19,36.6,50.2,41.15
2305266,22.06,34.7,35.5,30.48
2305308,25.62,23.25,43.7,28.52
2305332,18.12,34.6,30.4,27.96
2305357,15.62,22.75,26.1,21
2305407,25.75,23.2,32.1,26.02
2305506,30.25,18.95,32.9,25.91
2305605,12.62,7.5,8.8,9.57
2305654,8.25,8.6,17,10.3
2305704,19.19,18.4,22.4,19.54
2305803,20,17,36.7,22.33
2305902,16.62,16.8,28.1,19.2
2306009,21.5,33.2,40.3,30.67
2306108,7.88,11.6,11.2,10.22
2306207,14.5,25.45,27.3,22.04
2306256,67.44,62.3,61,63.8
2306306,28.44,25.9,34.2,28.59
2306405,29.25,27.95,33.3,29.57
2306504,39.81,55.7,47.7,48.43
2306553,28,26.9,29.1,27.76
2306603,20.62,25.35,31.3,25
2306702,22.19,34.25,37.9,30.85
2306801,20.62,28.95,35.7,27.52
2306900,30.31,27.45,24,27.7
2307007,12.5,25.55,30.4,22.07
2307106,31.44,27.6,32.6,30.02
2307205,18.25,13.05,12.3,14.7
2307254,13.31,14.05,27.7,16.76
2307304,26.06,12.3,13.9,17.43
2307403,17.44,14.45,25.8,17.96
2307502,26.19,18.15,22.3,21.85
2307601,13.06,29.7,22.2,22.28
2307635,20.75,24.8,34.8,25.57
2307650,76.88,66.5,70.4,70.96
2307700,57.44,55.8,65.1,58.39
2307809,12.44,17.5,13.3,14.83
2307908,11.25,13.5,23.3,14.85
2308005,19.25,23.65,18.9,21.09
2308104,21.69,14.8,19.1,18.13
2308203,20.81,23.7,21.7,22.26
2308302,21.94,14.85,11.8,16.65
2308351,37.81,35.7,34,36.07
2308377,8.25,11.65,12.5,10.65
2308401,28.25,13.5,14.3,18.8
2308500,40.44,39.2,40.1,39.83
2308609,14.5,13.9,20.4,15.52
2308708,16.69,37.35,30.6,28.7
2308807,9.62,14.5,18.7,13.72
2308906,9.44,17.6,16.9,14.61
2309003,13.75,10.35,31.8,16.2
2309102,106.19,95.75,122.2,105.13
2309201,15.12,6.65,11.6,10.67
2309300,9.94,6.95,18.4,10.48
2309409,9.62,11.85,10.9,10.87
2309458,23,40.55,31.1,32.39
2309508,24.25,18.2,25,21.78
2309607,41.19,36.6,50.2,41.15
2309706,67.44,62.3,61,63.8
2309805,102.94,88.8,114.2,99.24
2309904,10.06,13.4,26.9,15.17
2310001,14.31,29.65,28.8,24.13
2310100,90.94,79.95,105.5,89.33
2310209,48.56,45.3,58.8,49.37
2310258,47,43.3,48.3,45.67
2310308,8.69,6.3,7.8,7.46
2310407,16.38,17.25,21.1,17.78
2310506,39.06,39.15,40,39.3
2310605,15.94,15.35,15.9,15.67
2310704,19.81,21.75,24.5,21.67
2310803,36.25,26.9,32.2,31.3
2310852,51.44,53.65,59.1,54.07
2310902,47.62,28.5,30.2,35.52
2310951,10,8.95,22.9,12.35
2311009,8.81,9.55,17.5,11.02
2311108,30.62,28.65,30.4,29.72
2311207,12.75,4.35,8.2,8.11
2311231,21.19,28.05,34.5,27.07
2311264,6.19,6.7,6.7,6.52
2311306,16.25,27.2,28.5,23.67
2311355,28.81,17.5,29,23.93
2311405,32.94,44.7,44,40.46
2311504,13.06,29.6,33.7,24.74
2311603,46.06,50.7,55.5,50.13
2311702,15.06,15.05,30.7,18.46
2311801,13.62,33.9,27.7,25.5
2311900,14.25,9.85,17.2,12.98
2311959,8.69,3.55,5.1,5.67
2312007,10.75,17.35,17.5,15.09
2312106,18.81,8.2,17.4,13.89
2312205,6.5,7.85,10.7,8
2312304,21.88,18.05,39.4,24.02
2312403,33.69,34.1,34.3,34
2312502,16,28.9,28.6,24.35
2312601,25.25,20.8,22.6,22.74
2312700,43.19,44.9,45.1,44.35
2312809,13.62,14.35,15.6,14.37
2312908,7.44,10.2,13.7,10
2313005,38.56,35.1,30.7,35.35
2313104,14.25,31.85,30.7,25.48
2313203,6.31,6.25,10.2,7.13
2313252,10.88,6.95,13.3,9.7
2313302,15.69,9.65,11.9,12.24
2313351,14.25,22.35,30.3,21.26
2313401,20.31,20.7,48.2,26.54
2313500,40.19,35.3,43.9,38.87
2313559,29.38,25.9,29.9,27.98
2313609,24.88,21.95,42.9,27.52
2313708,27.5,21.5,31.2,25.7
2313757,22.56,20.6,18.5,20.83
2313807,33.44,27.55,39.1,32.11
2313906,10.88,16.05,22.6,15.67
2313955,6.25,7.9,15.5,8.98
2314003,21.38,13.8,25.3,18.93
2314102,19.94,17.5,37.7,22.74
2400109,21.81,25.95,28.2,25
2400208,23.81,36.5,46.7,34.3
2400307,26.25,33.7,34.4,31.26
2400406,38.12,32.4,36.8,35.35
2400505,33.19,39,43.8,38.02
2400604,35.5,34.45,47.8,37.72
2400703,27.94,34.95,42.9,34.24
2400802,25.5,35.6,35.7,32.11
2400901,33.31,40.35,46,39.13
2401008,25.56,34.35,39.1,32.33
2401107,25.5,31.8,36.5,30.63
2401206,269.81,287.15,246.4,272.26
2401305,27.56,36.85,41.7,34.67
2401404,297.19,301.5,298.7,299.39
2401453,17.38,32.55,45,29.98
2401503,94.06,122.55,88,105.13
2401602,141.12,180.8,144.7,159.15
2401651,31.5,45.45,45.8,40.67
2401701,178.44,214.05,173.9,192.93
2401800,211.12,234,191,216.7
2401859,76.06,96.9,70.1,83.83
2401909,77.44,108.65,82.9,92.2
2402006,19.62,19.3,22.5,20.11
2402105,60.88,69.65,72,67.11
2402204,276.5,288,272.9,280.72
2402303,27.88,40.7,41.4,36.39
2402402,24.69,26.1,30.5,26.57
2402501,28.5,35.85,44,35.07
2402600,247.56,294.35,263.2,271.3
2402709,47.56,59.3,59.5,55.26
2402808,65.25,76.35,77.9,72.83
2402907,37.12,32.8,37.1,35.24
2403004,18.56,21.9,27.7,22
2403103,43.81,51.9,65.2,51.98
2403202,38.31,27.85,36.4,33.35
2403251,261.94,302.65,235.1,273.8
2403301,38.31,27.85,36.4,33.35
2403400,32.19,28.6,31.7,30.52
2403509,212.5,230.55,204.2,218.54
2403608,265.31,304.5,260.8,281.37
2403707,27.81,42.4,39.2,36.63
2403756,38.31,50.45,46.3,45.33
2403806,21.94,24.75,30.4,25
2403905,28.81,25.5,34.2,28.54
2404002,34.12,36.55,47.8,38.15
2404101,43.88,72.15,53.7,58.3
2404200,253.62,263.2,247.2,256.39
2404309,30.12,43.3,37.6,37.48
2404408,21.19,28,32.6,26.63
2404507,30.62,39.6,38,36.13
2404606,200.31,245.35,202.8,220.43
2404705,25.12,36.6,41,33.57
2404804,18.19,17.5,19.8,18.24
2404853,25.19,36.4,41.8,33.67
2404903,25.06,27.7,32.4,27.8
2405009,57.06,69.4,66.9,64.57
2405108,56.06,74.8,56.3,64.26
2405207,29.25,34.1,41.5,34.02
2405306,122.12,148.25,118.6,132.72
2405405,112.38,129.45,111.3,119.57
2405504,117.19,160.85,117.5,136.24
2405603,21.31,22.1,24.2,22.28
2405702,17.31,18,21,18.41
2405801,130.5,169.8,124.2,146.22
2405900,33.25,39.9,49.5,39.67
2406007,37.94,35.4,39.6,37.2
2406106,24.06,32.55,33.8,29.87
2406155,211.12,234,191,216.7
2406205,130.88,157.45,128.4,141.89
2406304,197.5,223,177.8,204.3
2406403,105.75,128.8,95,113.43
2406502,31.31,39.85,43.2,37.61
2406601,157.12,182.55,147.9,166.17
2406700,55.44,79.75,61.8,67.39
2406809,70.69,80.75,78,76.65
2406908,34.12,36.55,47.8,38.15
2407005,38.12,37.35,43.4,38.93
2407104,217.12,263.4,202.9,234.15
2407203,26.88,34.85,37.1,32.57
2407252,39.5,36.95,37.5,37.96
2407302,32.62,32.6,41.3,34.5
2407401,29.06,29.9,41.8,32.2
2407500,236.12,289.4,245.1,261.24
2407609,30.31,33.7,40.9,34.09
2407708,250,247.1,246.7,248.02
2407807,214.06,247.3,201.4,225.76
2407906,126.06,152.4,116.9,135.52
2408003,26.38,35.25,44.4,34.15
2408102,272.62,309.6,259.7,285.89
2408201,292,321.95,270.3,300.3
2408300,176.94,192.9,161.9,180.61
2408409,32.69,35.25,40.2,35.43
2408508,19.38,19.2,21.1,19.67
2408607,35,40.45,36.6,37.72
2408706,27.25,38.15,40.9,34.96
2408805,107.44,143.7,90.2,119.46
2408904,25.5,22.5,28.5,24.85
2408953,222.31,268.95,225.2,243.22
2409100,145.69,164.25,141.8,152.91
2409209,211.12,234,191,216.7
2409308,34.5,33.75,46.8,36.85
2409332,163.5,203.4,167.2,181.65
2409407,34.19,25.4,37.8,31.15
2409506,128.12,158.3,120.1,139.5
2409605,71.12,99.25,73.3,83.83
2409704,40.5,47.6,40.3,43.54
2409803,246.81,247.9,242.2,246.28
2409902,28.06,34.7,43.1,34.22
2410009,34.12,33.85,40.5,35.39
2410108,177.62,217,186.9,196.76
2410207,26.5,23.7,40.9,28.41
2410256,25.5,29.1,41,30.43
2410306,113.81,137.15,107.2,122.52
2410405,199.19,250.35,201.6,221.96
2410504,37,24.85,38,31.93
2410603,35.5,33.8,44.6,36.74
2410702,25.75,26.55,37.9,28.74
2410801,38.12,32.4,36.8,35.35
2410900,122.56,164.2,112.9,138.57
2411007,23.19,24.75,32,25.78
2411056,19.12,25.9,35.2,25.57
2411106,91.5,127.55,92.2,107.33
2411205,80.69,101.9,81.4,90.07
2411403,21.94,33.35,36.8,30.13
2411429,21.88,21.3,27.6,22.87
2411502,139.81,164,144.4,151.33
2411601,110.12,143.6,99.4,122.35
2411700,78.25,94.75,82.8,86.41
2411809,21.56,20.9,23.6,21.72
2411908,25.25,24.9,32.9,26.76
2412005,251.69,295.75,256.5,271.89
2412104,18.62,18.65,22.6,19.5
2412203,268.44,302.15,242.8,277.52
2412302,113.44,136.95,113.3,123.63
2412401,17.5,18.15,23.2,19.02
2412500,37.12,32.8,37.1,35.24
2412559,146.81,178.25,138.7,158.72
2412609,126.75,150.65,121.7,136.04
2412708,167.5,215.25,158.9,186.39
2412807,24.56,35.15,39.6,32.43
2412906,64.12,80.5,70.4,72.61
2413003,22.81,25.05,35.6,26.57
2413102,141.81,166.15,133.7,150.63
2413201,299.06,308.1,278.9,298.61
2413300,135.31,156.8,128,143.07
2413359,25.81,37.25,42.8,34.48
2413409,25.12,21.6,27.8,24.17
2413508,151,180.25,136.5,160.57
2413557,33.44,36.55,47.6,37.87
2413607,24.69,30.8,36.8,29.98
2413706,93.5,118.5,81.1,101.67
2413805,27.06,25.45,37.6,28.65
2413904,205,251.95,209.8,226.46
2414001,97.75,123.85,87,106.76
2414100,31.69,37.65,38.6,35.78
2414159,20.94,24.4,34.4,25.37
2414209,279.44,289.55,268.8,281.52
2414308,21.81,21.15,26.6,22.57
2414407,185,224.05,178.6,200.59
2414456,27.44,36.55,34.8,33
2414506,25.44,26.95,38.3,28.89
2414605,26.38,37.1,40.1,34.02
2414704,212.5,230.55,204.2,218.54
2414753,33.56,32.15,38.1,33.93
2414803,214.06,247.3,201.4,225.76
2414902,25.75,26.55,37.9,28.74
2415008,307.06,320.55,300.4,311.48
2500106,46.69,42,43.2,43.89
2500205,23.06,28.5,26.6,26.2
2500304,259.12,248.35,251.1,252.7
2500403,263.25,260.1,250,259
2500502,257.56,262.25,247.5,257.41
2500536,104.5,89.6,100.3,97.11
2500577,126.56,127.6,125,126.67
2500601,444.25,444.45,408.7,436.61
2500700,25.5,22.4,33.1,25.8
2500734,43.44,41.95,42.5,42.59
2500775,27.69,36.8,34.9,33.22
2500809,232.25,245,211.3,233.24
2500908,260.31,264.35,241.5,257.98
2501005,160.69,172.65,147.6,163.04
2501104,257.44,249.75,233.8,248.96
2501153,33.44,34.5,40.1,35.35
2501203,171.75,170.4,165.8,169.87
2501302,195.69,191.75,208.6,196.78
2501351,39.06,44.05,46,42.74
2501401,322,340.7,310.5,327.63
2501500,262.38,279.35,241.6,265.24
2501534,41.12,54.4,44.5,47.63
2501575,103.12,100.55,100.3,101.39
2501609,94.5,95.15,87.7,93.3
2501708,75.56,65.35,72.9,70.54
2501807,388.69,384.5,358.8,380.37
2501906,240.38,249.95,204.9,236.83
2502003,26.5,29.6,34.1,29.5
2502052,34.31,36.65,38,36.13
2502102,29.12,23.15,20.9,24.74
2502151,69.56,66.05,58.4,65.61
2502201,22.38,19.4,25,21.65
2502300,29.75,38.3,45.7,36.93
2502409,32.19,27.95,33.6,30.65
2502508,80.5,70.75,65.3,72.96
2502607,23.75,29.2,26.5,26.72
2502706,262.38,279.35,241.6,265.24
2502805,25.75,24.05,37.7,27.61
2502904,32.62,38.45,43.9,37.61
2503001,443.94,429.3,423,433.02
2503100,83,76.25,71.3,77.52
2503209,422.12,440.8,393.9,424.11
2503308,21.75,18.05,21.8,20.15
2503407,21.31,17.85,19.8,19.48
2503506,158.75,162,149.9,158.24
2503555,25.56,23.15,28.7,25.2
2503605,219.81,227,188.3,216.09
2503704,23.06,19.6,25.8,22.15
2503753,27.44,52.95,33.3,39.8
2503803,213.88,215.9,197,211.09
2503902,43,33.4,29.5,35.89
2504009,176,179.9,165.5,175.41
2504033,261.75,273.8,248.5,264.11
2504074,35.94,40.95,35.9,38.11
2504108,24.69,26.8,25.7,25.83
2504157,169.44,171.15,160.7,168.28
2504207,19.25,30,24.6,25.09
2504306,33.94,37.4,43.3,37.48
2504355,104.94,96.75,85.8,97.22
2504405,31.06,17.7,26.2,24.2
2504504,17.31,32.55,24,25.39
2504603,430,448.4,419.5,435.72
2504702,36.94,38.85,35.3,37.41
2504801,26.19,48.4,34.9,37.74
2504850,37.56,41.45,39.1,39.59
2504900,267.31,264.75,239.8,260.22
2505006,35.88,40.85,32.9,37.39
2505105,93.88,97.95,89,94.59
2505204,257.56,262.25,247.5,257.41
2505238,251.69,252.1,227.5,246.61
2505279,223.56,228.45,210.6,222.87
2505303,33.69,22.6,24.3,26.83
2505352,138.94,133,129.1,134.22
2505402,31.56,30.3,37.7,32.35
2505501,21.5,24.7,26.3,23.93
2505600,28.75,17.95,25.4,23.33
2505709,218.62,228.85,199.2,218.85
2505808,233.19,236.8,205.4,228.72
2505907,19.56,32.6,29.7,27.43
2506004,195.31,197.1,190.2,194.98
2506103,170,182.2,168.9,175.07
2506202,33.69,42.05,41.5,39.02
2506251,110.81,108.55,113.7,110.46
2506301,253.19,253.95,229.2,248.3
2506400,198.75,200.9,189.8,197.74
2506509,46.31,43.15,50.7,45.89
2506608,32.94,22.85,28.8,27.65
2506707,34.94,39.25,37.7,37.41
2506806,195.56,196.15,193.6,195.39
2506905,208.56,202.2,204.2,204.85
2507002,23.94,27,26.3,25.78
2507101,245.38,253.8,221.4,243.83
2507200,170.06,169.3,176,171.02
2507309,250,247.1,246.7,248.02
2507408,31.94,36.45,43.7,36.46
2507507,445.44,456.4,421.8,445.07
2507606,212.5,208.35,200.6,208.11
2507705,36.38,37.3,40.2,37.61
2507804,36.06,38,38.4,37.41
2507903,239.06,238.9,226.4,236.24
2508000,61.25,59.95,50.1,58.26
2508109,31.94,36.45,43.7,36.46
2508208,217.31,218.35,197.8,213.52
2508307,213.12,224.65,212.5,218
2508406,31.38,37.35,36.3,35.04
2508505,33.12,34.65,45.9,36.57
2508554,202.56,214.6,183.2,203.59
2508604,377.25,409.45,363,388.15
2508703,25.56,28.8,21.2,26.02
2508802,17.62,27.75,22.2,23.02
2508901,270.69,287.6,242.7,271.96
2509008,42.06,35.1,45.1,39.7
2509057,323.81,328.55,296.6,319.96
2509107,216.75,216.4,206.9,214.46
2509156,25.69,27.3,27.8,26.85
2509206,212.5,223.7,216.4,218.22
2509305,299.94,325.15,299.7,310.85
2509339,233.38,235.9,233,234.39
2509370,32.19,31.6,42.7,34.22
2509396,24.81,27.85,20.9,25.28
2509404,183.69,180.45,166.5,178.54
2509503,171.75,170.4,165.8,169.87
2509602,30.81,23.7,31.9,27.96
2509701,42.62,44,29.9,40.46
2509800,226.94,226.85,209.5,223.11
2509909,218.56,208.8,218.9,214.39
2510006,21.69,22.75,25.9,23.07
2510105,57.06,69.4,66.9,64.57
2510204,29.38,22.9,20.5,24.63
2510303,30.06,34.5,29.4,31.85
2510402,23.12,26.5,29.1,25.89
2510501,46.62,37.55,38.1,40.83
2510600,44.12,45.75,37.2,43.33
2510659,41.38,35.75,48.7,40.52
2510709,24.94,22.75,26.4,24.3
2510808,14.38,19.15,14.7,16.52
2510907,26.88,29.4,32.7,29.24
2511004,29.38,22.9,20.5,24.63
2511103,34.06,41.9,32.9,37.22
2511202,390.12,397.8,357.2,386.3
2511301,20.31,22.2,24.2,21.98
2511400,46.31,59.35,59.2,54.78
2511509,218.38,224.75,204.7,218.17
2511608,294.88,303.8,276.8,294.83
2511707,271.88,286.05,253.2,273.98
2511806,240.38,249.95,204.9,236.83
2511905,456.31,451,424.7,447.13
2512002,117,105.6,109.2,110.35
2512036,33.56,32.15,38.1,33.93
2512077,32.12,33.4,37.9,33.93
2512101,26.88,34.5,31.7,31.24
2512200,44.69,43.2,37.5,42.48
2512309,61.94,65,54.3,61.61
2512408,186.88,179.85,190.8,184.67
2512507,142.69,160.35,144.9,150.85
2512606,17,15.4,15.3,15.93
2512705,195.31,197.1,190.2,194.98
2512721,240.75,242.55,223.1,237.7
2512747,173.31,184.05,161.1,175.33
2512754,195.56,196.15,193.6,195.39
2512762,229.31,235.65,214.3,228.8
2512788,78.75,68.85,60.3,70.43
2512804,33.31,31.85,41,34.35
2512903,323.81,328.55,296.6,319.96
2513000,36.19,39.75,45.6,39.78
2513109,203.38,185,207,196.17
2513158,164.56,158.9,164.5,162.09
2513208,31.25,39.7,38.7,36.54
2513307,24.25,20.95,32.5,24.61
2513356,36.56,15.7,42.5,28.78
2513406,25.56,26.5,27.3,26.35
2513505,50.25,30.55,37.7,38.96
2513604,22.5,22.85,25.1,23.22
2513653,38.44,38.95,43,39.65
2513703,330.06,348,311,333.72
2513802,20.44,25.95,19,22.52
2513851,37.62,35.1,46.8,38.52
2513901,25.06,22.35,37,26.48
2513927,20.62,32.65,28.3,27.52
2513943,53.38,53.1,53.7,53.33
2513968,30.19,53.05,35.2,41.22
2513984,30.38,37.95,36.8,35.07
2514008,54.62,53.65,57.1,54.74
2514107,80.38,63.5,63.6,69.39
2514206,21.88,30.5,25.6,26.43
2514305,30,29.35,30,29.72
2514404,17.69,20.75,18.2,19.13
2514453,191.19,197.2,173.1,189.87
2514503,25.06,21.45,23.3,23.11
2514552,66.88,73.35,62.6,68.76
2514602,22.94,25.25,18.7,23.02
2514651,25,25.25,27.8,25.72
2514701,24.69,25.1,26.8,25.33
2514800,38.06,37.4,45.2,39.33
2514909,23.12,21.45,21.6,22.07
2515005,276.31,266.2,251,266.41
2515104,198.06,197.7,186.2,195.33
2515203,56.19,50.7,49.4,52.33
2515302,283.06,274.25,248.3,271.67
2515401,35.75,39.25,35.1,37.13
2515500,43.38,49.8,49.2,47.43
2515609,240.38,249.95,204.9,236.83
2515708,30,29.35,30,29.72
2515807,217.38,217.45,220,217.98
2515906,294.88,303.8,276.8,294.83
2515930,240.38,249.95,204.9,236.83
2515971,229.31,235.65,214.3,228.8
2516003,229.5,237.95,198.6,226.46
2516102,51.5,44.85,42.9,46.74
2516151,42.88,49.4,39.9,45.07
2516201,27.62,31.2,29.3,29.54
2516300,43.88,43.3,39.4,42.65
2516409,179.69,182.25,159.9,176.5
2516508,35.12,40.6,46.2,39.91
2516607,61.25,59.95,50.1,58.26
2516706,23.56,25.25,20.7,23.67
2516755,34.19,32.8,37.1,34.22
2516805,27.38,26.2,34.4,28.39
2516904,33.19,34.6,37.2,34.67
2517001,162.25,169.6,169.9,167.11
2517100,20.38,18.6,20.4,19.61
2517209,30.75,37.1,35.5,34.54
2517407,44.25,42.8,29.6,40.43
2600054,413.44,422,422.8,419.2
2600104,60.69,54.8,49.1,55.61
2600203,3.25,4.15,3.1,3.61
2600302,217.12,241.75,222,228.89
2600401,481,497.55,490.6,490.28
2600500,155.94,190.8,141.5,167.96
2600609,104.69,113.85,98.6,107.35
2600708,338.81,337.75,315.6,333.3
2600807,168.75,202.45,183.4,186.59
2600906,357.38,354.75,351.4,354.93
2601003,334.69,350.5,325,339.46
2601052,403.88,388.95,381.9,392.61
2601102,11.06,6.6,11.9,9.3
2601201,87.44,96.3,88.8,91.59
2601300,379.94,379.1,370.4,377.5
2601409,484.69,542.15,549.7,523.8
2601508,353.44,365.15,361.8,360.35
2601607,15.19,16.55,19.4,16.7
2601706,118.31,114.5,108.7,114.57
2601805,41.25,47.55,38.7,43.43
2601904,218.75,210.65,213,213.98
2602001,19,11.65,20.2,16.07
2602100,282.69,308.95,256.1,288.33
2602209,263.12,242.25,276,256.85
2602308,342.62,338.85,335.7,339.48
2602407,303.56,335.95,291.7,315.07
2602506,29.5,31.1,23.8,28.96
2602605,118.44,137.5,131.6,129.59
2602704,297.31,291,297.4,294.59
2602803,110.56,123,108.1,115.43
2602902,453.38,467.25,492.1,467.83
2603009,11.75,14.9,17.9,14.46
2603108,132.75,146.65,127.9,137.74
2603207,206.56,239.25,203.1,220.02
2603306,255.38,268.95,223,254.24
2603405,57.06,63.7,48.2,58.02
2603454,484.62,457.55,487.5,473.48
2603504,282.19,287.45,283.5,284.76
2603603,284.81,253.3,260.5,265.83
2603702,350.25,353.35,330,347.2
2603801,184.19,187.65,172.6,183.17
2603900,68.94,66.65,52.7,64.41
2603926,21.5,19.9,23.1,21.15
2604007,293.62,293.7,294.6,293.87
2604106,131.5,159.45,136.4,144.72
2604155,187.25,182.8,192.1,186.37
2604205,413.12,393.65,389.9,399.61
2604304,22.12,22.5,26.3,23.2
2604403,301.56,300.85,301.2,301.17
2604502,267.88,261.4,275.4,266.7
2604601,426,388.9,379.4,399.74
2604700,365.81,398.45,369,380.7
2604809,402.31,405.85,392.7,401.76
2604908,182.75,180.25,182.1,181.52
2605004,266.56,289.35,265.5,276.24
2605103,60.75,66.25,49.2,60.63
2605152,5.94,6.85,11.6,7.57
2605202,365.62,396.05,392.2,384.63
2605301,21.38,12.55,24.8,18.28
2605400,269.62,254.55,280.3,265.39
2605509,284.81,253.3,260.5,265.83
2605608,71.19,69.4,51.6,66.15
2605707,25,28,29,27.17
2605806,173,183.7,165.2,175.96
2605905,493.06,542.75,511.6,518.7
2606002,295.06,337.25,294.6,313.3
2606101,242.75,236.6,256.6,243.09
2606200,446.06,412.7,411.9,424.13
2606309,18.5,22.05,22.2,20.85
2606408,209.12,200.85,214.9,206.78
2606507,203.69,225.35,189.8,210.09
2606606,55.19,68.45,46.3,59.02
2606705,223.44,235.55,199.5,223.5
2606804,455.94,443.6,464.8,452.5
2606903,57,52.9,43.2,52.22
2607000,75.88,94.7,92.5,87.67
2607109,55.81,51.55,43.4,51.26
2607208,458.38,529.25,521.4,502.89
2607307,11.62,6.85,15,10.28
2607406,19.44,17.2,19.3,18.43
2607505,137.12,159.5,129.8,145.26
2607604,476.88,463.7,472.6,470.22
2607653,327.56,303.55,292.3,309.46
2607703,25.25,26.75,30.1,26.96
2607752,418.31,410.9,405.6,412.33
2607802,395.19,393.3,365.7,387.96
2607901,468.25,460.6,495.7,470.89
2607950,382.88,381.85,366.4,378.85
2608008,81.81,80.25,82.4,81.26
2608057,77.81,101.8,101.7,93.43
2608107,251.94,233.75,266,247.09
2608206,445.56,425.6,427.1,432.87
2608255,235.06,245.35,211.5,234.41
2608305,255.38,268.95,223,254.24
2608404,287.12,291.75,258.8,282.98
2608453,293.62,293.7,294.6,293.87
2608503,301.56,300.85,301.2,301.17
2608602,328.38,361.8,329.7,343.2
2608701,353.44,365.15,361.8,360.35
2608750,9.12,10.3,11.3,10.11
2608800,223.44,235.55,199.5,223.5
2608909,271.5,248.1,277.6,262.65
2609006,240.56,213.45,234,227.35
2609105,263.12,242.25,276,256.85
2609154,111.44,136.3,116.2,123.28
2609204,428.06,422.25,409.1,421.41
2609303,18.31,20.1,22.9,20.09
2609402,384.44,377.7,400,384.89
2609501,298.75,300,299.2,299.39
2609600,479.69,461.45,486.3,473.2
2609709,263.12,242.25,276,256.85
2609808,12.38,13.5,15.7,13.59
2609907,10.56,11.75,13,11.61
2610004,439.38,413,406.8,420.83
2610103,376.06,404.25,371.7,387.37
2610202,278.38,289.7,258.9,279.07
2610301,176.56,199.8,168.3,184.87
2610400,12.12,13.85,14.7,13.43
2610509,212.5,203.2,216.9,209.41
2610608,395.94,366.4,378.5,379.3
2610707,479.69,461.45,486.3,473.2
2610806,107.31,138.25,99.1,118.98
2610905,110.5,111.35,100,108.59
2611002,30.44,49.7,54.4,44.02
2611101,8.88,6.8,7.7,7.72
2611200,104.25,106.7,90.8,102.39
2611309,241.19,246.15,262.3,247.93
2611408,354.94,397.85,364.2,375.61
2611507,357.88,365.55,349.4,359.37
2611533,73.06,72.1,56.4,69.02
2611606,473.12,471.05,485.8,474.98
2611705,171.75,175.1,164.2,171.57
2611804,484.56,525.95,518.5,509.93
2611903,496.88,560.55,549.1,535.91
2612000,306.12,311.25,308.7,308.91
2612109,221.12,200.85,224.9,213.13
2612208,11.06,13.8,21.7,14.57
2612307,206.69,248.45,187.9,220.76
2612406,114.69,116.8,104.2,113.33
2612455,9.25,10.35,12.6,10.46
2612471,52.38,54.2,51.4,52.96
2612505,50.56,50.55,47.9,49.98
2612554,8.38,7.85,14.5,9.48
2612604,10.75,10.8,14.4,11.57
2612703,164.19,181.3,167.6,172.37
2612802,42.94,38.9,37.2,39.93
2612901,385.31,396.3,384.2,389.85
2613008,147.56,157.4,132.6,148.59
2613107,133.25,164.95,146.2,149.85
2613206,290.44,330.4,281.6,305.89
2613305,257.69,280.55,250.3,266.02
2613404,476,545.65,549.8,522.33
2613503,28.62,13.55,38.9,24.3
2613602,38.62,40.6,33.3,38.33
2613701,352.69,332.9,357.9,345.22
2613800,257.69,226.95,264.6,245.83
2613909,38.19,38.6,39.9,38.74
2614006,17.06,20.95,22.7,19.98
2614105,52.44,63.35,45.9,55.76
2614204,490,540.35,541.5,523.09
2614303,22.62,25.3,26.9,24.72
2614402,53.25,42.05,43.1,46.17
2614501,176.94,178.55,191.8,180.87
2614600,48.88,41.3,39.2,43.48
2614709,127.19,137.55,114.1,128.85
2614808,71.38,92.95,77.9,82.17
2614857,489.75,549.95,556.3,530.39
2615003,128.88,133.6,129.1,130.98
2615102,273.19,308,252.9,283.91
2615201,10.5,13.6,19.5,13.8
2615300,256.44,234.2,253.5,246.13
2615409,148.69,154.1,150.2,151.37
2615508,341.31,348.85,332.4,342.65
2615607,11.69,8.2,16.7,11.26
2615706,64.75,70.4,59.1,65.98
2615805,94.31,122.7,91.4,106.02
2615904,43.75,47.5,37.8,44.09
2616001,107.31,138.25,99.1,118.98
2616100,14.25,14.95,16,14.93
2616183,156.81,155.65,155,155.91
2616209,174.56,170.65,168.3,171.5
2616308,294.94,286.1,285.1,288.96
2616407,270.62,302,301.9,291.07
2616506,473.62,462.35,457,465.11
2700102,123.69,130.65,156.8,133.91
2700201,345.44,359.8,347.9,352.22
2700300,256.12,259.15,227.3,251.17
2700409,426.88,482.6,431.9,452.2
2700508,484.44,524.7,460.8,496.8
2700607,476.19,477.7,477.9,477.22
2700706,174.94,177.5,173.1,175.65
2700805,344.38,348.35,326.7,342.26
2700904,176.69,175.1,174.8,175.59
2701001,406.88,446.55,421,427.2
2701100,432.38,448.9,420,436.87
2701209,191.69,218.85,170.6,198.91
2701308,418.44,450.3,411.1,430.7
2701357,472.94,474.6,473.2,473.72
2701407,384.75,396.55,379.2,388.67
2701506,230.19,247.3,238.9,239.52
2701605,143.38,154.5,157.3,151.24
2701704,417.44,467,411.3,437.65
2701803,147.31,169.8,161.3,160.13
2701902,399.38,420.8,406.3,410.2
2702009,288.94,308.25,257.5,290.5
2702108,436,443.1,435.6,439
2702207,496.75,507,521.6,506.61
2702306,367.75,368.65,363.3,367.17
2702355,230.56,239.35,194.9,226.63
2702405,104.44,119.4,138.7,118.39
2702504,175.69,204.45,175.9,188.24
2702553,254.31,269.85,221.7,253.98
2702603,247.88,247.7,235.9,245.2
2702702,351.69,339.35,351.8,346.35
2702801,469.94,502.25,448.2,479.26
2702900,193.81,214.95,180.5,200.11
2703007,415.62,425.85,411.9,419.26
2703106,279.31,279.85,240.6,271.13
2703205,283.44,299.25,304,294.78
2703304,138.62,150.95,153.3,147.17
2703403,165.44,178.35,169,171.83
2703502,492.06,502.85,490.1,496.33
2703601,492.12,540,509.9,516.8
2703700,187.19,201.1,164.1,188.22
2703759,439,459.65,439.1,448
2703809,453.5,458.05,426.3,449.57
2703908,477.56,472.7,450.5,469.57
2704005,331.88,336.35,306.6,328.33
2704104,216.31,231.7,208.7,221.35
2704203,334.69,341.1,314.3,333.04
2704302,494.25,514.2,503,504.83
2704401,183.5,188.75,174.6,183.85
2704500,492.12,547.2,526.4,523.52
2704609,148.81,169.45,140.6,156
2704708,477.19,492.15,501.2,488.91
2704807,383.81,408.25,376.3,392.8
2704906,343.56,352.4,326.4,343.67
2705002,124.44,135.45,149.9,134.76
2705101,488.38,514.2,487.1,499.33
2705200,457,496.2,472.3,477.37
2705309,211.31,239.9,198.7,221
2705408,165.44,178.35,169,171.83
2705507,455.31,480.4,428.4,460.37
2705606,468.81,462.1,446.4,461.02
2705705,163.31,180.9,163.3,170.96
2705804,123.38,136.3,151.8,135.17
2705903,251.69,260.75,257.6,256.91
2706000,165.81,191.05,164.8,176.57
2706109,148.38,168.1,138.9,154.89
2706208,159.81,169.7,159.3,164
2706307,281.56,292.4,244.9,278.3
2706406,136.75,151.25,153.2,146.63
2706422,104.06,120.65,131.4,117.22
2706448,509.88,532.85,475.1,512.3
2706505,478.38,520.15,478.6,496.59
2706604,340.62,351.85,331.1,343.43
2706703,335.75,336.55,349.8,339.15
2706802,325.62,327.25,340.5,329.57
2706901,431.94,477.15,418.3,448.63
2707008,395.25,418.2,387.9,403.63
2707107,111.5,129.8,135.1,124.59
2707206,148.81,169.45,140.6,156
2707305,472.5,511.05,468.6,488.41
2707404,484.44,512.5,479.2,495.5
2707503,260.38,268.4,270.8,266.13
2707602,340.62,351.85,331.1,343.43
2707701,482.69,506.9,507.3,498.57
2707800,476.19,477.7,477.9,477.22
2707909,496.75,507,521.6,506.61
2708006,156.44,184.75,164.5,170.5
2708105,418.12,432.8,411.9,423.15
2708204,248.06,266.95,268.8,260.78
2708303,391.06,397.6,379.8,391.46
2708402,140.75,155.4,155.1,150.24
2708501,455.62,511.15,447.6,478.02
2708600,444.12,477.25,439.7,457.57
2708709,478.38,520.15,478.6,496.59
2708808,315.25,308.9,294,307.87
2708907,484.38,503.05,499.4,495.76
2708956,155.31,169.75,170.9,164.98
2709004,344.38,348.35,326.7,342.26
2709103,328.94,340.45,315.3,330.98
2709152,359.38,356.6,352.3,356.63
2709202,196.31,208.1,184.9,198.96
2709301,422.56,436.95,415.9,427.37
2709400,400.94,427.9,392,410.72
2800100,240.69,261.9,262.4,254.63
2800209,261.88,294.8,289.9,282.28
2800308,369.31,387.2,447.2,394.02
2800407,368,413.4,451.2,405.83
2800506,363.25,382.65,452.7,391.13
2800605,362.5,390.4,424.7,388.15
2800670,366.25,399.8,454.6,400.04
2800704,318.06,321.15,335.2,323.13
2801009,313.19,331.35,407,341.48
2801108,230.06,250.95,259.7,245.59
2801207,126.94,121.7,124.7,124.17
2801306,312.62,337.75,360.5,333.96
2801405,204.94,212.55,242,216.3
2801504,349.75,369.6,408.7,371.2
2801603,260,291.5,287.4,279.65
2801702,307,345.15,386.6,340.89
2801900,287.25,317.05,332.4,310.02
2802007,364.81,391.2,443.6,393.41
2802106,382,436.25,476.4,426.11
2802205,245.06,256.3,279.1,257.35
2802304,279.88,275.6,352,293.7
2802403,195.06,184.5,216.1,195.04
2802502,349.75,369.6,408.7,371.2
2802601,272.06,276.85,304,281.09
2802700,298.69,314.55,313.4,308.78
2802809,355.56,405.45,441.4,395.91
2802908,331.75,330.85,406.5,347.61
2803005,320.69,371.2,416.1,363.39
2803104,216.19,243.35,251.5,235.67
2803203,371.12,402.7,462.7,404.76
2803302,340.88,365.7,387.1,361.72
2803401,310.38,337.5,337.7,328.11
2803500,337.31,352.6,435.5,365.3
2803609,368.06,385.35,443.6,392
2803708,307.31,310.8,378.9,324.39
2803807,283.5,317.35,312.8,304.59
2803906,358.56,386.35,450.7,390.67
2804003,371.19,389.9,441.7,394.65
2804102,326.5,354.5,420.2,359.04
2804201,155.5,148.3,174.9,156.59
2804300,283.5,317.35,312.8,304.59
2804409,284.62,304.1,304.1,297.33
2804458,233.5,244.6,291,250.83
2804508,170.44,155.65,206.9,171.93
2804607,300.19,329.8,375.5,329.43
2804706,211.44,226.2,228.4,221.54
2804805,368.06,385.35,443.6,392
2804904,309.31,324.1,332.4,320.76
2805000,289.38,294.15,370.3,309.04
2805109,349.81,392.85,427.5,385.41
2805208,242.44,250.05,307.2,259.83
2805307,347.62,363.55,387.7,363.26
2805406,133.31,129.75,145.8,134.48
2805505,161.44,175.8,192.9,174.52
2805604,160.75,156.95,186.4,164.67
2805703,260,291.5,287.4,279.65
2805802,289,322.45,360.8,319.15
2805901,365.5,395,456.4,398.09
2806008,306,321.15,382.4,329.2
2806107,361,382.4,424.9,384.2
2806206,371.12,400.5,461.3,403.5
2806305,363.88,421.6,444.7,406.54
2806404,289.25,306.5,308.8,301
2806503,358.56,386.35,450.7,390.67
2806602,363.44,384.25,418.4,384.43
2806701,369.88,389.2,450.9,395.89
2806800,313.19,331.35,407,341.48
2806909,289.56,330.5,317.3,313.39
2807006,265.44,289.5,324,288.63
2807105,248.06,266.9,320,271.89
2807204,348.75,373.3,427.1,376.46
2807303,248.06,266.95,268.8,260.78
2807402,199.62,204.25,237.8,209.93
2807501,283.75,300.55,373.7,310.61
2807600,340.75,380,417.6,374.52
2900108,55.12,50.35,60.9,54.3
2900207,10.06,13.5,15.8,12.8
2900306,241.25,248.7,318.6,261.3
2900355,182.62,182.6,189.4,184.09
2900405,159.62,192.85,214,185.89
2900504,31.25,36.8,45.6,36.78
2900603,149.25,139.1,144,143.7
2900702,258.88,275.05,343.6,284.33
2900801,232.19,214.1,247.3,227.61
2900900,196.94,253.7,227.3,228.22
2901007,153.88,161.05,148,155.72
2901106,241.5,272.7,326.6,273.57
2901155,21.06,15.4,17.9,17.91
2901205,27.75,33.3,31.4,30.96
2901304,60.69,77.85,73.2,70.87
2901353,61.56,71.8,91.5,72.52
2901403,12.88,10.65,15,12.37
2901502,152,177.75,195.3,172.61
2901601,150.44,168.6,170,162.59
2901700,159.69,189.85,213.6,184.52
2901809,97.5,107.6,132.5,109.5
2901908,233.81,257.4,310.3,260.7
2901957,209.75,234.95,228.7,224.83
2902005,16.69,21.05,15.6,18.35
2902054,314.12,310.85,389.8,329.15
2902104,84.31,90.45,107.6,92.04
2902203,212.31,245.2,283.5,242.09
2902252,206.62,241.55,212.7,223.13
2902302,372.88,415.25,442.7,406.48
2902401,242.06,257.2,236.2,247.37
2902500,16.88,10.4,24,15.61
2902609,99.44,108.6,129.4,109.93
2902658,107.94,131.05,153.7,127.93
2902708,7.31,7.15,3.4,6.39
2902807,34.88,34.35,39.4,35.63
2902906,86.62,92.1,103.3,92.63
2903003,9,13.85,6.6,10.59
2903102,216.81,241,236.9,231.7
2903201,17.25,17.55,24.1,18.87
2903235,15.88,25.6,18.7,20.72
2903276,101.44,111.95,125.4,111.22
2903300,241.44,294.25,273.5,271.37
2903409,244.19,286.45,264.1,266.89
2903508,33.75,34.5,32,33.7
2903607,115.75,135.05,149.2,131.41
2903706,88.19,86.7,83,86.41
2903805,43.56,52.55,45.8,47.96
2903904,13.81,11.5,12.4,12.5
2903953,43.69,51.75,44.1,47.28
2904001,35.75,41.5,35.6,38.22
2904050,76.94,88.95,94.3,85.93
2904100,10.62,12.4,12,11.7
2904209,21.56,18.05,28.4,21.52
2904308,112.44,125.4,98.3,115
2904407,18.19,8.7,12.8,12.89
2904506,7.62,18.15,10.4,12.8
2904605,16.88,20,17.7,18.41
2904704,264.56,320.2,300,296.46
2904753,8.5,6.75,9.2,7.89
2904803,102.44,124.75,129,117.91
2904852,194.88,245.75,244.2,227.72
2904902,282,307.8,343.8,306.65
2905008,15.25,10.9,13.4,12.96
2905107,87.19,98.8,113.7,98
2905156,19.31,20.55,26.8,21.48
2905206,13.5,13.6,14.4,13.74
2905305,28.56,46.4,43.2,39.5
2905404,420.94,480.8,516.1,467.65
2905503,86.12,97.1,101.3,94.2
2905602,192.75,221.6,200.2,206.91
2905701,391.81,428.75,449,420.3
2905800,339.06,378.65,411,371.91
2905909,8.12,2.8,7.5,5.67
2906006,41.62,44.6,52.8,45.35
2906105,17.44,8.3,16.3,13.22
2906204,21.75,27.95,24.2,24.98
2906303,274.31,302.15,276.9,286.98
2906402,123.06,131.8,163.8,135.72
2906501,370.94,385.4,433.7,390.87
2906600,11.69,8.15,16.7,11.24
2906709,32.19,34.7,37.1,34.35
2906808,58.81,79.25,84.6,73.3
2906824,71.69,95.6,105.3,89.39
2906857,68.94,73.05,86.2,74.48
2906873,60.69,68.25,79.4,68.04
2906899,27.75,26.15,20.5,25.48
2906907,195.38,207,225.4,206.96
2907004,369.12,378.35,425.8,385.46
2907103,12.88,8.35,9.4,10.15
2907202,4.25,4.6,2.2,3.96
2907301,170.06,185.9,184.5,180.09
2907400,16.62,13.3,19.9,15.89
2907509,291.56,321.75,373,322.39
2907558,22.94,29.7,33.8,28.24
2907608,5.62,6.45,2.6,5.33
2907707,13.5,15.1,17.1,14.98
2907806,130.56,159.75,165.8,150.91
2907905,109.19,123.55,159.9,126.46
2908002,223.75,280.75,254.9,255.3
2908101,26.38,14.45,18.8,19.54
2908200,240.25,271.45,289.3,264.48
2908309,244.38,278.75,286,268.37
2908408,90.12,99.3,119.7,100.54
2908507,225.5,237.4,297.7,246.37
2908606,362.69,377.9,428.3,383.57
2908705,18.5,15.6,27.3,19.15
2908804,19.62,19.4,27,21.13
2908903,198.38,224.5,263.7,223.93
2909000,18.62,13.55,24.4,17.67
2909109,18.88,10.7,13.5,14.15
2909208,163.25,166,166.8,165.22
2909307,26.19,10.05,23.7,18.63
2909406,14.06,8.8,11,11.11
2909505,225.06,237.35,228.1,231.07
2909604,197.38,225.25,261.1,223.35
2909703,16.56,8.9,13.2,12.5
2909802,211.69,264.1,255.7,244.04
2909901,11.88,16.05,14.1,14.17
2910008,146.25,158.25,151.7,152.65
2910057,391.81,428.75,449,420.3
2910107,17.94,22,21.6,20.5
2910206,314.69,377.15,382.4,356.57
2910305,155,162.25,159.7,159.17
2910404,40.25,51.1,48.9,46.85
2910503,346.56,360.6,421.4,368.93
2910602,348.44,368.3,418.3,372.26
2910701,94.06,124.2,137.5,116.61
2910727,161.31,184.35,168.5,172.89
2910750,151.44,174.15,177.1,166.89
2910776,16.19,12.3,12.7,13.74
2910800,156.19,199.5,209,186.5
2910859,89.69,101.05,122,101.65
2910909,112.31,155.75,133.7,135.85
2911006,160.56,206.95,191.6,187.48
2911105,14.31,11.5,18.6,14.02
2911204,322.94,384.1,390.4,364.2
2911253,67.75,69.7,83.8,72.09
2911303,5.56,8.3,4.2,6.46
2911402,53,71.3,83.1,67.5
2911501,219.25,234.95,229,228.2
2911600,209.5,258.6,258.3,241.46
2911659,17,14.05,16.6,15.63
2911709,12.81,10.55,13,11.87
2911808,136.31,138.85,142.8,138.83
2911857,127.69,152.65,169.3,147.59
2911907,53.5,47.35,37.8,47.41
2912004,16.25,12.55,12.7,13.87
2912103,211.25,264.75,241.7,241.13
2912202,64,69.6,74.2,68.65
2912301,168.62,198.45,187.1,185.61
2912400,5.5,6.9,4.9,5.98
2912509,22.06,25.35,23,23.7
2912608,41.06,52.1,49.9,47.78
2912707,253.44,284.8,294.9,276.09
2912806,129.81,138.35,160.5,140.2
2912905,230.88,249.5,232.8,239.39
2913002,13.88,17.95,25.3,18.13
2913101,10.56,8,4.8,8.2
2913200,10.81,11,9.1,10.52
2913309,112.56,120.6,146.9,123.52
2913408,11.88,12.4,14.5,12.67
2913457,348,401.95,419.6,387.02
2913507,137.5,161,144.9,149.33
2913606,299.56,355.1,342.2,332.98
2913705,200.81,235.35,272.1,231.33
2913804,140.06,143.65,169.7,148.07
2913903,181.56,185.15,190.2,185
2914000,91.81,95.85,95.2,94.3
2914109,7.06,15.05,8,10.74
2914208,100.25,115.75,85,103.67
2914307,47.25,50.4,53.2,49.91
2914406,83.88,89.65,80.6,85.67
2914505,180.94,205.4,231.1,202.48
2914604,7.75,7.7,5.3,7.2
2914653,197.25,207.7,214.3,205.5
2914703,64.25,66.9,74.9,67.72
2914802,249.75,298.95,280.2,277.76
2914901,316.44,346.15,345,335.57
2915007,44.12,55,47.1,49.5
2915106,110.88,116,115.8,114.17
2915205,151.88,150.7,143.6,149.57
2915304,136.44,167.35,141.8,151.04
2915353,3.81,5.6,2.9,4.39
2915403,109.5,147.1,129.1,130.11
2915502,237.19,295.1,272.5,270.04
2915601,181.62,192.1,205.2,191.3
2915700,252.38,272.15,275.3,265.96
2915809,92.88,106.4,110.8,102.65
2915908,370.94,410.85,456.9,406.98
2916005,140.88,144.95,158.3,146.43
2916104,389.5,398.5,464.8,409.78
2916203,223,286.75,247.5,256.04
2916302,167.81,186.7,167.5,175.96
2916401,109.94,137,129.6,125.98
2916500,155.44,173.75,194.6,171.91
2916609,211.56,224.1,216.2,218.02
2916708,195.06,212.65,199,203.57
2916807,111.06,114.65,108.1,111.98
2916856,86.25,101.2,80.6,91.52
2916906,104.69,128.65,106.3,115.46
2917003,60.06,73.4,81.3,70.48
2917102,110.12,141.8,130.2,128.26
2917201,18.25,28.75,36.5,26.78
2917300,395.06,444.1,479.7,434.78
2917334,14.25,5.7,14.2,10.52
2917359,36.19,15.7,21,23.98
2917409,16,12.75,23.6,16.24
2917508,84.56,93.85,106.8,93.43
2917607,155.38,164.25,172.8,163.02
2917706,51.62,66.25,78.9,63.91
2917805,420.5,458.9,512.7,457.24
2917904,346.25,386.25,425.5,380.87
2918001,91,109.15,92.1,99.13
2918100,90.62,103.25,124.1,103.39
2918209,231.75,262.75,250.6,249.33
2918308,166.25,180.7,181.7,175.89
2918357,11.44,11.85,7.9,10.85
2918407,8.88,5.35,7.8,7.11
2918456,154.69,161.55,173.8,161.83
2918506,6.62,6.25,3.6,5.8
2918555,187.94,236.65,201.2,212
2918605,50,47.45,60,51.07
2918704,90.19,110.65,94.1,99.93
2918753,14.56,14.25,14.7,14.46
2918803,292.12,356.6,328.2,328
2918902,103.06,96.25,115.6,102.83
2919009,65.69,70.95,60.5,66.85
2919058,87.81,118,91.4,101.72
2919108,127.81,139.1,164.5,140.7
2919157,9.75,7.7,11.4,9.22
2919207,381.81,413.45,471.3,415.02
2919306,75.19,83.05,84.3,80.59
2919405,14.12,10.65,14.9,12.78
2919504,16.56,16.85,13.5,16.02
2919553,23.75,16,32,22.17
2919603,88.81,102.55,110,99.39
2919702,78.31,88.9,83.5,84.04
2919801,14.56,11.2,26.2,15.63
2919900,18.06,17.9,28,20.15
2919926,353.75,376.6,436.5,381.67
2919959,16.88,20.7,15.5,18.24
2920007,83.88,91.6,83.9,87.24
2920106,93,106.3,131.6,107.17
2920205,13.56,7.1,11,10.2
2920304,16.06,16.2,16,16.11
2920403,34.44,31.6,39.2,34.24
2920452,8.19,7.7,10.1,8.39
2920502,46.88,62.75,50.6,54.59
2920601,351.56,380.65,421.2,379.35
2920700,329.75,359.25,383.8,354.33
2920809,41.44,55.4,44.1,48.09
2920908,224,250.9,232.4,237.52
2921005,384.19,408.55,449.2,408.91
2921054,11.31,11.85,11.9,11.67
2921104,135.06,139.15,150.1,140.11
2921203,59.75,75.85,82.3,71.65
2921302,117.75,128.95,104.2,119.67
2921401,48.06,55.2,56.1,52.91
2921450,21.5,17.55,31.6,21.98
2921500,66.12,77.35,102.1,78.83
2921609,10.12,11.3,6.9,9.93
2921708,37.44,41.9,48.6,41.8
2921807,15.94,11.85,27.8,16.74
2921906,56.81,61.9,61.8,60.11
2922003,159.12,160.3,167.3,161.41
2922052,63.88,73.6,80.9,71.8
2922102,97.31,119.45,125.8,113.13
2922201,372.88,415.25,442.7,406.48
2922250,14.31,8.2,10.6,10.85
2922300,247.81,284.05,286.4,271.96
2922409,231.75,262.75,250.6,249.33
2922508,360.19,389.6,438.6,390.02
2922607,411.5,471.55,504.1,457.74
2922656,57.19,78,85.2,72.33
2922706,121.5,156.15,152.8,143.37
2922730,78.31,78.55,95,82.04
2922755,273.75,309.85,304.3,296.09
2922805,82.5,83.95,64.4,79.2
2922854,46.94,56.85,52.1,52.37
2922904,112.19,128.5,166.2,131.02
2923001,169.44,172.05,203.6,178
2923035,32.62,32.15,26.7,31.13
2923050,132.12,150.8,161.4,146.61
2923100,139.69,164.25,201.4,163.78
2923209,10.94,9.9,9.7,10.22
2923308,195.38,217.45,260.6,219.15
2923357,22.19,24.35,23.3,23.37
2923407,10.88,7.85,8.7,9.09
2923506,66.62,70.6,66.1,68.24
2923605,25.69,29.1,29.1,27.91
2923704,12.81,10.7,11.8,11.67
2923803,208.69,219.3,236.8,219.41
2923902,173.12,203.7,179.8,187.87
2924009,86.75,106.25,110.2,100.33
2924058,83.69,91.25,95.2,89.48
2924108,211.25,223.65,274.1,230.3
2924207,133.38,138.75,140.5,137.26
2924306,54.56,50.75,58.4,53.74
2924405,7.25,3,3.3,4.54
2924504,12.69,10.45,16.3,12.5
2924603,96.75,105.8,126.1,107.07
2924652,85.88,91.65,95.9,90.57
2924678,338.5,391.25,416.1,378.3
2924702,20.25,17.05,24.5,19.78
2924801,70.06,91.95,92.9,84.54
2924900,60.5,67.6,52.4,61.83
2925006,88.69,109.1,109,101.98
2925105,88.06,99,86.1,92.39
2925204,347.69,369.2,419,372.54
2925253,79.81,85.7,90.5,84.7
2925303,218.81,243.5,265.2,239.63
2925402,180.81,202.75,185,191.26
2925501,241.38,223.4,251.9,235.85
2925600,8.5,7.3,4.5,7.11
2925709,17.44,17.45,16.3,17.2
2925758,272.5,346.1,314.2,313.57
2925808,51.12,63.65,76.9,62.17
2925907,77.25,104.7,111,96.52
2925931,67.31,79.85,90.4,77.78
2925956,116.25,114.35,134.8,119.46
2926004,5.88,5.6,4.7,5.5
2926103,76.12,80.1,106.3,84.41
2926202,13.44,13.2,16,13.89
2926301,93.25,98.6,117.8,100.91
2926400,12.5,9.2,14.8,11.57
2926509,119.25,143.65,154.3,137.48
2926608,111.25,135.1,158.2,131.83
2926657,61.19,77.95,63.1,68.89
2926707,33.12,42.1,51.6,41.04
2926806,17.81,13.9,14.3,15.35
2926905,39.56,36.15,40.9,38.37
2927002,246.69,271.2,333.8,276.28
2927101,29.81,38.05,38.9,35.37
2927200,85.25,100.6,91.7,93.33
2927309,373.44,391.9,456.4,399.5
2927408,391.62,415.4,476,420.3
2927507,143.31,173.05,189.9,166.37
2927606,114.12,110.6,121.2,114.13
2927705,233.62,257.8,265.1,250.98
2927804,133.44,178,157.7,158.09
2927903,140.94,174.45,141,155.52
2928000,63.44,71.3,91.3,72.91
2928059,265.44,297.25,272.1,280.72
2928109,17.44,8.5,20.6,14.24
2928208,17.94,9.35,15.4,13.65
2928307,153.75,178.35,195.1,173.43
2928406,9,8.8,15.2,10.26
2928505,126,142.4,145.2,137.3
2928604,265.44,299.85,337.2,296
2928703,311.5,372.3,364.4,349.43
2928802,166,200.2,203.3,188.98
2928901,24.31,16.15,32.6,22.57
2928950,69.81,73.2,98.6,77.54
2929008,267.56,294.95,306.4,287.91
2929057,19.62,7.1,17.7,13.76
2929107,324.44,361.65,386.5,354.11
2929206,331.75,351.35,408.1,356.87
2929255,7.06,8.8,6.3,7.65
2929305,205.25,235.1,249.9,227.93
2929354,228.56,282.2,242.8,254.98
2929370,62.94,71.1,80.8,70.37
2929404,205.38,251.55,245.6,234.2
2929503,338,363.8,414.2,365.78
2929602,195.62,240.9,219.2,220.43
2929701,129.56,156.35,195.9,155.63
2929750,346.12,359.35,424.5,368.91
2929800,93,101.75,119.6,102.59
2929909,31,39.25,29.3,34.22
2930006,13,5.1,14.7,9.93
2930105,88.19,109.35,128.9,106.24
2930154,12.19,6.7,13.9,10.17
2930204,7.81,4.8,4.9,5.87
2930303,16.38,9.5,10.9,12.2
2930402,116.94,128.55,142.8,127.61
2930501,116.38,128.1,140.2,126.65
2930600,72.56,82.95,92.9,81.5
2930709,387.81,401,481.5,413.91
2930758,16.06,13.05,10,13.43
2930766,151.94,170.6,170.7,164.13
2930774,9.12,3.25,6.3,5.96
2930808,37.06,44.15,31.9,39.02
2930907,17.56,9.35,16.3,13.72
2931004,14.44,18.25,20.6,17.43
2931053,15.19,17.05,23.5,17.8
2931103,137.5,161.8,178.4,156.96
2931202,382.56,441.6,445.1,421.83
2931301,83.62,103.6,102.5,96.41
2931350,167.31,182.9,203.4,181.93
2931400,226.44,239.6,296.6,247.41
2931509,101.5,112.65,129.3,112.39
2931608,303.81,350.85,333.5,330.72
2931707,278.44,306.7,353.6,307.07
2931806,29.06,28.45,30.5,29.11
2931905,88.88,99.45,116.4,99.46
2932002,38.31,47.7,60.4,47.2
2932101,210.44,231.3,199.2,217.07
2932200,245.75,261,258.4,255.13
2932309,228.5,271.85,245.9,251.13
2932408,6.88,6.4,3.1,5.85
2932457,16.94,12.1,15.2,14.46
2932507,273.12,316.15,273.8,291.98
2932606,12.62,8.5,19.2,12.26
2932705,286.56,311.85,282.1,296.59
2932804,84.19,98.25,89.9,91.54
2932903,380.38,432.25,466.9,421.74
2933000,66.12,74,98.1,76.5
2933059,69.69,74.15,86.9,75.37
2933109,80.94,94.05,107.8,92.48
2933158,31.81,36.5,39.2,35.46
2933174,224.12,273.7,263.8,254.3
2933208,400.56,429.1,500.2,434.63
2933257,157.31,183.75,177,173.09
2933307,50.06,45.6,50,48.11
2933406,74.62,86.9,81.7,81.5
2933455,15.88,7.45,10.6,11.07
2933505,247.94,261.9,273.9,259.65
2933604,4.19,5.6,1.1,4.13
3100104,69.19,40,57.9,54.04
3100203,60.06,41.15,54,50.52
3100302,87.06,49.6,53.5,63.48
3100401,88.06,59.65,74.1,72.67
3100500,81.12,47.25,58.7,61.52
3100609,64.62,43.1,48.1,51.67
3100708,100,57,81.3,77.24
3100807,100.12,71.95,87.8,85.2
3100906,93.31,77,93,86.15
3101003,27.62,30.1,35.4,30.39
3101102,68.81,38.25,54,52.3
3101201,122.19,104.4,120.9,114.17
3101300,150.56,125.2,156.5,140.83
3101409,150.12,102.85,150.6,129.67
3101508,83.12,69.55,86,77.85
3101607,111.31,80.15,97.8,94.83
3101631,111.44,88.8,96.2,98.28
3101706,69.69,75.8,79.4,74.46
3101805,73.44,37.65,62.6,55.52
3101904,114.81,74.45,101.8,94.43
3102001,114.19,78.45,92.4,93.91
3102050,120.44,72.6,95.1,94.13
3102100,104.5,79.5,95.9,91.76
3102209,71.06,40.25,57.5,54.72
3102308,85.12,58.4,73.9,71.07
3102407,73.62,37.2,59.3,54.67
3102506,86.69,56.65,71.4,70.3
3102605,140.31,100.4,130.1,120.74
3102704,27.5,27.5,33,28.7
3102803,114.94,83.85,103,98.83
3102852,68.44,44.05,49.4,53.7
3102902,104.25,85.45,98.7,94.87
3103009,75.44,43.4,65.3,59.3
3103108,117.88,77.25,129.7,102.78
3103207,59.19,36.2,54,48.07
3103306,107.88,91.95,102.7,99.83
3103405,23.44,14.6,23.2,19.54
3103504,72.56,46.35,73,61.26
3103603,141.69,120.5,127.7,129.43
3103702,95.44,71,85.2,82.59
3103751,66.94,44.3,70,57.76
3103801,77.25,52.15,67,64.11
3103900,68.94,50.3,67,60.41
3104007,94.62,67.35,90.2,81.8
3104106,111.88,84.15,106.8,98.72
3104205,85.94,53.2,92.1,73.04
3104304,117.38,80.95,95.4,96.76
3104403,84.25,68.2,91,78.74
3104452,57.88,37.1,41.9,45.37
3104502,37.62,12.5,27.9,24.59
3104601,98.5,70.85,101.7,87.17
3104700,92.75,73.05,79.6,81.33
3104809,56,23.7,46.9,39.98
3104908,127.94,99.4,130.8,116.15
3105004,66.5,33.35,56.1,49.83
3105103,78.12,60.45,96.6,74.46
3105202,72.69,82.6,78.1,78.17
3105301,126.88,95,120.3,111.59
3105400,81.19,52.6,59.1,63.96
3105509,124.5,81.8,119.2,104.78
3105608,105.75,81.45,94.4,92.72
3105707,89.44,58.05,68.3,71.2
3105905,102.81,77.3,97.8,90.63
3106002,78.06,49.25,65.8,62.87
3106101,106.88,87,81.8,92.78
3106200,76.88,62.1,62.1,67.24
3106309,81.75,39.25,59.6,58.46
3106408,84.69,61.85,73.8,72.39
3106507,23.12,14.2,22.9,19.2
3106606,118.62,111.55,125.1,116.96
3106655,24.5,20.4,32,24.35
3106705,78.19,57.3,63.4,65.89
3106804,108,92.8,98.6,99.35
3106903,104.12,85.75,92,93.5
3107000,60.5,43.15,56.2,52.02
3107109,101.19,71.5,90.9,86.04
3107208,148,134.45,166.8,146.2
3107307,41.56,12.55,27.3,25.85
3107406,70.62,48.9,64.2,59.78
3107505,133.56,126.95,129.4,129.78
3107604,123.81,79.7,103.1,100.13
3107703,74.06,50.55,52.3,59.11
3107802,82.06,48.5,60,62.67
3107901,138.62,103.75,123.6,120.2
3108008,95.56,65.4,86.6,80.5
3108107,81.81,54.6,67.5,66.87
3108206,43.81,18.1,32.4,30.15
3108255,24.88,11.95,18.2,17.8
3108305,136,99.05,126.7,117.91
3108404,127.38,93.7,127.5,112.76
3108503,37.62,14.7,23.1,24.5
3108552,37.94,20.8,42.5,31.48
3108602,36.81,11.55,31.2,24.61
3108701,91.94,62.25,81.6,76.78
3108800,76.94,37.4,51.3,54.17
3108909,132.25,106.5,137.4,122.17
3109006,83.06,57.6,66.5,68.39
3109105,154,109.65,141.6,132.02
3109204,54.81,24.55,47.2,40
3109253,77.94,38.5,55.5,55.91
3109303,38.12,17.25,35.1,28.39
3109402,36.06,16.55,29,26.04
3109451,47.5,26.7,43.2,37.52
3109501,127,89.35,116.8,108.41
3109600,62.38,43.65,52.2,52.02
3109709,130.06,104.1,123,117.24
3109808,77.31,51.25,66.8,63.7
3109907,61.38,40.8,51.5,50.28
3110004,69.94,51.65,54.4,58.61
3110103,115.69,74.25,96.5,93.5
3110202,87.75,67.45,89.6,79.33
3110301,129.56,96.35,121.4,113.35
3110400,92.5,64.3,84,78.39
3110509,176,134.55,142.8,150.76
3110608,144.38,112.55,120.4,125.33
3110707,111.44,92.85,107.3,102.46
3110806,75.69,45.6,52.7,57.61
3110905,114.44,88.45,109.8,102.13
3111002,125,93.9,118.7,110.11
3111101,93.31,58.8,63.3,71.78
3111150,39.38,11.9,27.8,24.91
3111200,101.94,67.45,86.8,83.65
3111309,107.25,74.1,92.5,89.63
3111408,86.94,58.1,69,70.5
3111507,84.69,63.7,91.3,77
3111606,109.62,74.6,91.8,90.52
3111705,94.38,68.5,85.7,81.24
3111804,73.06,47.85,67.4,60.87
3111903,100.12,70.45,90.7,85.17
3112000,93.5,64.65,90,80.2
3112059,74.5,44.05,53.8,56.76
3112109,120.06,71.65,90.6,92.61
3112208,104.81,85.2,100,95.24
3112307,56.38,35.15,39.7,43.52
3112406,109.25,73,98.7,91.2
3112505,61.12,43.9,56.6,52.65
3112604,80.81,45.25,63.9,61.67
3112653,66,32.7,52.3,48.54
3112703,27.19,7.8,20.4,17.28
3112802,95.5,70.95,95.4,84.8
3112901,84.75,46.1,56,61.7
3113008,78.38,62.35,68.8,69.33
3113107,100.69,72.65,89.3,86.02
3113206,107.88,82.5,96.3,94.33
3113305,113.75,73.65,108.8,95.24
3113404,76.31,47,57.4,59.46
3113503,44.5,15.65,21.8,27.02
3113602,121.44,96.5,124.4,111.24
3113701,93.25,84.15,78.1,86
3113800,72.75,36.9,53.3,52.93
3113909,103.81,73.05,88.4,87.09
3114006,85.12,61.1,73.9,72.24
3114105,124.12,98,129.5,113.93
3114204,79.69,51.7,64.7,64.26
3114303,74.75,49.5,60.6,60.7
3114402,106.44,73.25,96.3,89.8
3114501,84.44,63.85,73.5,73.11
3114550,97.56,63.9,76.5,78.35
3114600,100.56,74.95,89.9,87.11
3114709,120.88,89.8,108.6,104.7
3114808,135.31,129.85,150.1,136.15
3114907,96.94,72.45,91.4,85.09
3115003,75.75,42.75,67.3,59.57
3115102,108.75,72.95,105.8,92.54
3115201,94.19,67.4,95.8,82.89
3115300,110.5,76.3,115,96.61
3115359,83.75,58.95,72.7,70.57
3115409,96.19,64.35,84.2,79.74
3115458,92.38,82.35,82.7,85.91
3115474,11.62,4.85,14.3,9.26
3115508,118.75,96.3,122.2,109.74
3115607,74.06,50.2,67.2,62.2
3115706,75.81,49.95,47.2,58.35
3115805,72,45.65,73.3,60.83
3115904,102.12,87.7,96.8,94.7
3116001,82.5,49.35,75.3,66.52
3116100,29.5,13.5,20.3,20.54
3116159,33.75,12.4,27,23
3116209,96.44,76.85,88.6,86.22
3116308,99.62,77.4,91.5,88.2
3116407,113.81,78.55,118.2,99.43
3116506,41.25,11.9,32.5,26.59
3116605,81.81,55.85,68.3,67.59
3116704,102.06,76.15,98.1,89.93
3116803,66.62,41.05,50.4,51.98
3116902,95.38,61.45,65.8,74.2
3117009,25.12,22.65,27.1,24.48
3117108,116.44,78.45,99,96.13
3117207,137.88,110.1,142.2,126.74
3117306,89.69,58.35,67.2,71.17
3117405,76.5,46.75,69.2,61.98
3117504,73,38,57.1,54.33
3117603,65.56,48,58,56.28
3117702,117.62,96.3,115.9,107.98
3117801,134.94,106.6,123.3,120.09
3117836,22.31,11.05,17.8,16.43
3117876,62.56,45.1,53.2,52.93
3117900,133.06,97.5,125,115.85
3118007,92.19,66.6,80.3,78.48
3118106,66.5,32.4,55.7,49.33
3118205,90.25,58.05,89.8,76.15
3118304,96.25,67.55,85.7,81.48
3118403,68.94,32.15,49.2,48.65
3118502,135.19,110.65,116.8,120.52
3118601,74.31,58.2,62.7,64.78
3118700,108.56,68.3,85.9,86.13
3118809,38.06,11.15,23.9,23.28
3118908,60.06,32,51.3,45.96
3119005,114.25,85.5,102.1,99.11
3119104,52.88,24.2,46.7,39.07
3119203,78.75,47.6,62.3,61.63
3119302,74.31,43.7,50.3,55.78
3119401,80.31,41.5,56.1,58.17
3119500,20,16.4,24.2,19.35
3119609,102.12,87.7,96.8,94.7
3119708,92.06,65.5,98,81.8
3119807,81.56,60.2,92.3,74.61
3119906,151.44,122.4,121.4,132.28
3119955,83.88,56,90.4,73.17
3120003,79.81,49.9,58.8,62.24
3120102,60.31,29.85,49.2,44.65
3120151,94.88,93.9,89.8,93.35
3120201,94.25,67.25,88.6,81.28
3120300,29.69,13.9,32.9,23.52
3120409,97.62,72.75,87.9,84.7
3120508,140.62,109.95,152.4,129.85
3120607,84.88,62.1,70.4,71.83
3120706,80,61.95,75.7,71.22
3120805,109.56,87.65,110,100.13
3120839,83,51.45,53.3,62.83
3120870,25.88,25.3,29.9,26.5
3120904,56.44,29.05,49.6,43.04
3121001,61.12,32.1,56.7,47.54
3121100,137.44,110.05,135.2,125.04
3121209,98.44,71.65,102.7,87.72
3121258,95.81,54.05,94.7,77.41
3121308,95.69,69.95,94.1,84.15
3121407,90.81,65.9,84,78.5
3121506,104.12,89.4,101.7,97.2
3121605,56.62,27.4,52.4,43
3121704,88.06,59.65,74.1,72.67
3121803,78.38,49.15,46.4,58.72
3121902,91.06,67.6,89.9,80.61
3122009,107.94,67.4,86.5,85.65
3122108,63,37.35,45.9,48.13
3122207,75.75,50.1,58,60.74
3122306,79.19,53.2,68.8,65.63
3122355,31.62,35.55,42.8,35.76
3122405,120.06,92,106.2,104.85
3122454,49,63.1,64.2,58.43
3122470,44.56,21.95,37.8,33.26
3122504,72.06,36.3,48.6,51.41
3122603,74.31,37.9,56.6,54.63
3122702,86.5,55.8,61.6,67.74
3122801,134.88,103.15,149.1,124.17
3122900,98.5,70.85,101.7,87.17
3123007,102.81,77.3,97.8,90.63
3123106,72.25,37.9,56.9,53.98
3123205,74.88,51.75,70.6,63.89
3123304,96.19,70.6,93.7,84.52
3123403,82.19,59.6,95.1,75.17
3123502,75.12,41.85,63.5,58.13
3123528,88.44,48.2,68.6,66.63
3123601,117.06,86,96,98.98
3123700,70.12,36.1,53.4,51.7
3123809,43.31,12.55,32.5,27.59
3123858,75.81,44.9,54.8,57.8
3123908,92.56,69.55,85,80.91
3124005,102.19,76.65,99.3,90.46
3124104,72.06,49.75,54.2,58.48
3124203,120.06,71.65,90.6,92.61
3124302,12.12,5.25,19.3,10.7
3124401,125.44,94.9,121.8,111.37
3124500,134.31,104.4,116.5,117.43
3124609,89.25,71.2,90.2,81.61
3124708,82.44,56.6,78,70.24
3124807,76.69,44.85,73.4,62.13
3124906,121.44,82.55,124.6,105.22
3125002,108.69,89.6,98.3,98.13
3125101,174.44,141.55,146.6,154.09
3125200,114.12,78.85,93.9,94.39
3125309,113.75,73.65,108.8,95.24
3125408,61.38,31.6,52.1,46.41
3125507,61.06,29.85,50.7,45.24
3125606,84.31,68.95,83.1,77.37
3125705,55.81,26.35,43.6,40.35
3125804,70.12,36.1,53.4,51.7
3125903,75.62,44.2,65.7,59.8
3125952,96.69,63.9,76.7,78.09
3126000,75.81,52.95,57.6,61.91
3126109,85.5,58.2,91,74.83
3126208,33.75,14.9,38.2,26.52
3126307,114.38,76.95,110.1,97.17
3126406,63.06,43.25,53.1,52.28
3126505,24.88,13.7,21.7,19.33
3126604,45.19,16.3,32.4,29.85
3126703,27.81,10.2,30.6,20.76
3126752,75.5,56.35,59.9,63.78
3126802,84.25,57.45,61.1,67.57
3126901,73.19,41.5,51.9,54.78
3126950,63.31,42.5,48.1,50.96
3127008,92.88,68.15,73.1,77.83
3127057,83.44,74,83,79.24
3127073,23.75,16.45,18.7,19.48
3127107,88.88,65.7,75.2,75.83
3127206,61,37.5,52.9,49.02
3127305,67.38,36.7,45.3,49.24
3127339,11.5,5.05,17,9.89
3127354,37.5,10.55,30.8,24.33
3127370,76,42.3,48.1,55.28
3127388,102.56,85.5,95.7,93.65
3127404,144.88,120.6,129.8,131.04
3127503,78.75,47.15,56.5,60.17
3127602,56.44,27.6,57.7,44.17
3127701,73.56,41.2,58.7,56.26
3127800,29.88,16.45,31,24.28
3127909,74.56,41.4,63.7,57.78
3128006,75.38,34.45,52.6,52.63
3128105,100.06,69.05,93.4,85.13
3128204,86.31,57.85,73.8,71.22
3128253,38.5,10.85,30.9,24.83
3128303,118.56,87.9,112.1,103.83
3128402,93.44,71.3,94.7,84.09
3128501,97.88,80.1,94.6,89.43
3128600,54.56,35.65,41.4,43.48
3128709,120.12,85.1,105.7,101.76
3128808,106.06,78.55,113.6,95.74
3128907,79.12,61.2,76,70.65
3129004,101.62,82.8,110.7,95.41
3129103,83.44,50.8,60.1,64.17
3129202,124.25,99.1,127.6,114.04
3129301,75.12,37.05,48.7,52.83
3129400,108.38,83.7,93.4,94.39
3129509,86.31,66.55,93,79.17
3129608,37.38,11.65,22.9,23.04
3129657,20.75,6.2,17.7,13.76
3129707,111,77.75,119.2,98.33
3129806,82.56,59,67.4,69.02
3129905,137.5,101.7,132.5,120.85
3130002,97.56,68.2,89.3,83
3130051,37.62,12.25,19.1,22.57
3130101,80.88,53.2,67.4,65.91
3130200,76.44,52.65,59.3,62.37
3130309,82.81,58.45,98.2,75.57
3130408,95.38,68.55,92.7,83.13
3130507,103.62,69.75,88,85.5
3130556,73.62,44,48.6,55.3
3130606,141.19,103.5,131.1,122.61
3130655,22.69,17.95,27,21.57
3130705,76.81,46.35,71.9,62.5
3130804,101.31,72.75,89.6,86.35
3130903,69.94,37.95,49.1,51.5
3131000,61.19,41.15,51.8,50.43
3131109,53.25,24.55,54,40.93
3131158,77,38.45,47,53.72
3131208,74.19,46.75,66.2,60.52
3131307,80.31,41.5,56.1,58.17
3131406,81.88,49.5,59.4,62.91
3131505,131.38,95.75,123,114.07
3131604,77,55.95,81.6,68.85
3131703,75,53.7,58.2,62.09
3131802,80.5,58.75,57.5,66.04
3131901,86.56,63.6,74.4,73.93
3132008,37.44,11.2,31.9,24.83
3132107,11.06,5.75,17.1,10.07
3132206,82.94,54.15,68.7,67.33
3132305,91.31,76.7,78.4,82.15
3132404,137.12,115.25,146.1,129.57
3132503,57.25,31.65,37.5,41.83
3132602,99.69,74.35,100.9,88.93
3132701,82.88,55.55,60.5,66.13
3132800,76.69,44.9,61.2,59.5
3132909,121,90.5,111.8,105.74
3133006,150.69,130.65,160.2,144.04
3133105,138.75,110.9,153.4,129.83
3133204,67.06,33.85,52.6,49.48
3133303,28,21.3,28.4,25.17
3133402,98.88,60.55,67,75.28
3133501,86.62,60.25,86.1,75.04
3133600,168.62,138.95,143.8,150.33
3133709,82.19,52.75,68.9,66.5
3133758,111.38,72.05,104.5,92.78
3133808,80.06,51.15,65.5,64.33
3133907,97.69,67,86.2,81.85
3134004,22.31,17.15,24.1,20.46
3134103,67.81,36.55,56,51.65
3134202,80.38,48.45,60,62.07
3134301,97.12,69.7,89.5,83.54
3134400,96.31,61.85,70.7,75.76
3134509,97.19,74.3,86.7,84.96
3134608,65.88,41.65,52.7,52.48
3134707,84.38,81.2,81.4,82.35
3134806,117.62,79.45,106.8,98.67
3134905,148.75,104.45,148.3,129.39
3135001,76.12,45.8,61.7,59.8
3135050,10.44,4.65,17,9.35
3135076,69.38,39.75,49.1,52.09
3135100,16.25,5.85,13.6,11.15
3135209,25.56,10.45,16.6,17.04
3135308,83.44,53.6,92.2,72.37
3135357,29.94,9.35,29.9,20.98
3135407,89.12,65.6,76.9,76.24
3135456,26,14.05,24.8,20.54
3135506,88.75,54.35,62.4,68.07
3135605,40.56,13.45,27.8,26
3135704,62.62,32.55,53.1,47.48
3135803,58.25,58.5,58.4,58.39
3135902,126.19,95.5,130.9,113.87
3136009,57.62,57,58.4,57.52
3136108,76.44,39.8,56.5,56.17
3136207,79.81,53.15,67.1,65.46
3136306,49.94,26.05,39.9,37.37
3136405,50.75,20.5,35.6,34.3
3136504,80.06,86.05,77,82
3136520,28.25,13.8,19.6,20.09
3136553,69.44,48.65,53.9,57.02
3136579,24.19,15.6,21.6,19.89
3136603,70.25,47.75,53.8,56.89
3136652,78.12,54.75,60.7,64.17
3136702,110.38,85.65,88.3,94.83
3136801,36.94,11.35,32.2,24.78
3136900,121.56,85.35,103.6,101.91
3136959,17.69,9.25,11.6,12.7
3137007,89.75,67.55,71.2,76.07
3137106,61.81,33.55,43.2,45.48
3137205,86.44,53.3,84,71.5
3137304,38.25,10.55,23.3,22.96
3137403,95.44,69.6,91.9,83.43
3137502,70.38,47.2,57.2,57.43
3137536,45.56,26.3,44.5,36.96
3137601,59.88,43.15,50.6,50.59
3137700,99.75,58.2,78.2,77
3137809,126.94,95.75,130.5,114.15
3137908,97.31,64.55,88.7,81.2
3138005,122.38,79.4,120.9,103.37
3138104,46.38,19.3,39.5,33.11
3138203,101.56,69.45,87.9,84.63
3138302,66.81,49.25,60.3,57.76
3138351,31,13.95,19.5,21.09
3138401,99.56,74.85,105.6,90.13
3138500,151.62,152.45,147.2,151.02
3138609,124,98.45,104,108.54
3138625,88.75,62.8,65.4,72.39
3138658,26.75,9.4,27.3,19.33
3138674,104.44,58.2,78.6,78.72
3138682,36.06,11.15,24.9,22.8
3138708,101.12,74.75,85.9,86.35
3138807,84.12,57.65,86.9,73.22
3138906,106.69,98.65,111.4,104.22
3139003,116.25,89.25,103.4,101.72
3139102,98.69,72.55,93.2,86.13
3139201,70.19,48.6,54.7,57.43
3139250,10.75,5.85,16.6,9.89
3139300,13.88,6.95,14.8,11.07
3139409,87.38,46.1,59,63.26
3139508,108.38,58,77.4,79.74
3139607,92.06,67.9,59,74.37
3139706,63.69,45.95,54.3,53.93
3139805,99.56,85.95,93,92.22
3139904,143.19,114.35,144.9,131.02
3140001,92.06,63.9,72.8,75.63
3140100,77.5,45.85,53.9,58.61
3140159,79.44,55.8,63.8,65.76
3140209,95.5,75.65,87.6,85.15
3140308,80.06,47.4,58.3,61.13
3140407,137.12,110.6,139.6,126.13
3140506,62.25,44.35,58.6,53.67
3140530,99.88,51.95,74.8,73.59
3140555,62.31,76.9,72.1,70.78
3140605,69.62,39.65,59.4,54.37
3140704,78.75,52.35,67,64.72
3140803,111.38,88.5,84.7,95.63
3140852,11.75,4.95,16.1,9.74
3140902,89.06,49.35,57.7,64.98
3141009,14.69,6.95,18.5,12.15
3141108,61.38,43.15,54.9,52.04
3141207,81.25,51.9,71.7,66.41
3141306,86.19,68.85,99.9,81.63
3141405,27.69,28.3,31.1,28.7
3141504,72.81,45.7,48,55.63
3141603,100.44,83.35,98.2,92.52
3141702,77.06,39.05,60.5,56.93
3141801,39.94,17.95,23,26.7
3141900,106.31,79.1,103.1,93.78
3142007,36.5,10.3,35.1,24.8
3142106,111,80.4,117.5,99.11
3142205,114.38,81.75,119.2,101.24
3142254,16.12,11.8,14,13.78
3142304,85.81,63.65,74,73.61
3142403,84.81,52.7,82.2,70.28
3142502,56.5,23.95,54.3,41.87
3142601,122.5,89,103.3,103.76
3142700,19.31,14.85,10.9,15.54
3142809,69.75,47,71.7,60.28
3142908,10.31,5,14.7,8.96
3143005,127.56,87.45,114.5,107.28
3143104,71.25,45.95,71,60.2
3143153,52.75,46.5,50.5,49.54
3143203,120.5,88,112.5,104.63
3143302,35.56,10.75,26.2,22.74
3143401,152.75,113.8,147.6,134.7
3143450,17,10.65,25.2,16.02
3143500,56.12,36.25,53.9,47
3143609,50.94,25.5,44.3,38.43
3143708,75.56,43.55,60.9,58.46
3143807,170.94,132.05,149.6,149.39
3143906,122.19,84.3,124.4,106.2
3144003,74.06,47,57.9,58.78
3144102,125.81,86.5,112.7,105.87
3144201,74.94,46.05,52.5,57.5
3144300,94.81,88.5,97.5,92.65
3144359,79.12,40.1,55.4,57
3144375,48.38,24.6,40,36.22
3144409,135.5,109.55,137.2,124.59
3144508,94.56,67.15,84.9,80.54
3144607,112,67.5,85.2,86.83
3144656,25.5,23.55,32.1,26.09
3144672,88.5,61.65,59.2,70.46
3144706,76.88,47.75,65,61.63
3144805,83.06,64.7,69.2,72.07
3144904,70.25,40.85,46.4,52.28
3145000,81.69,58.05,81.6,71.39
3145059,16.31,6.8,13.3,11.52
3145109,121.69,79.15,101.2,98.74
3145208,67.12,49.35,59.6,57.76
3145307,60.5,41.65,51.9,50.43
3145356,90.81,86.05,84.8,87.43
3145372,25,16.15,18.9,19.83
3145406,147.31,120.7,140.2,134.2
3145455,43.62,16.05,22.6,27.07
3145505,126.19,95.5,130.9,113.87
3145604,88.62,65.65,82.1,77.22
3145703,104.94,93.1,103.6,99.5
3145802,69.06,50.55,56.4,58.26
3145851,90.12,54.8,63.5,68.98
3145877,98.06,58.15,72.9,75.24
3145901,93,67.3,81.1,79.24
3146008,146.69,102.65,135.7,125.15
3146107,90.5,64.25,74.7,75.65
3146206,90.81,75.65,65.6,78.74
3146255,24.56,18.8,19.1,20.87
3146305,42.94,35.8,46.6,40.63
3146404,61.69,44.2,56,52.85
3146503,85.44,54.35,93.6,73.7
3146552,12.69,4.2,12.8,9.02
3146602,101.69,91.15,104.5,97.72
3146701,122.12,72.15,116.6,99.2
3146750,121.69,119.3,128.1,122.04
3146909,60,38.1,50.1,48.33
3147006,52.31,27.3,55.1,42.04
3147105,74.12,51.55,54.7,60.09
3147204,115.69,82.3,95.9,96.87
3147303,134.5,110.1,116.1,119.89
3147402,59.5,38.75,49.4,48.28
3147501,72.44,44.7,60.2,57.72
3147600,142.88,110,141.4,128.26
3147709,89.44,68.25,82.8,78.78
3147808,157.75,161.1,157.6,159.17
3147907,108.31,71,109.7,92.39
3147956,32.81,10.8,31,22.85
3148004,75.06,45.5,52.9,57.39
3148103,82.88,64.95,81.7,74.83
3148202,122.56,84,124,106.11
3148301,90.44,57.5,79.7,73.78
3148400,71.06,40.7,54.6,54.28
3148509,96.5,89.2,84.3,90.67
3148608,72.5,45.35,54.3,56.74
3148707,43.88,53.55,55,50.5
3148756,95.62,55.7,68.1,72.28
3148806,88.38,57.05,70.9,70.96
3148905,86.62,53.6,88.5,72.67
3149002,105.75,74.7,102.3,91.5
3149101,142.62,111.55,145.7,129.78
3149150,20.06,8.45,15,13.91
3149200,81.88,57.65,81.2,71.2
3149309,63.44,50.25,58.5,56.63
3149408,126.44,96.65,104.6,108.74
3149507,101,84.35,85.4,90.37
3149606,63,46,54.2,53.7
3149705,71.81,48.8,68.3,61.04
3149804,92.88,64.65,85.6,79.02
3149903,102,68.8,90.8,85.13
3149952,76.75,39,56.4,55.91
3150000,70.94,42.45,46.9,53.33
3150109,105.81,92.8,103.1,99.57
3150158,75.81,45.75,50.4,57.22
3150208,85.44,51.9,54.1,64.04
3150307,98.94,77.05,94.7,88.5
3150406,88,64.3,73.5,74.54
3150505,88.94,61.3,90.5,77.26
3150539,80.19,49.45,68,64.17
3150570,32.69,11.05,15.2,19.48
3150604,83.56,66.15,77.2,74.61
3150703,85.56,57.8,71,70.33
3150802,92.62,60.8,80,76.04
3150901,157.5,126.35,147.5,141.78
3151008,143.56,114.7,143.5,131
3151107,104.06,72.65,96.9,88.85
3151206,42.25,14.15,25.4,26.37
3151305,94.38,71.2,94.7,84.37
3151404,62.5,48.35,54.3,54.57
3151503,88.75,68.35,90.8,80.33
3151602,80.31,57.3,70.4,68.15
3151701,124.12,93.7,118.8,109.74
3151800,132.06,102.1,128.5,118.26
3151909,72.62,41.3,57.7,55.76
3152006,57.69,37.45,50.6,47.35
3152105,85.94,58.3,69.1,70.26
3152131,39,12.3,23.1,23.93
3152170,40.5,34.5,44.7,38.8
3152204,16.69,5.6,12.3,10.91
3152303,83.69,57.3,75.9,70.52
3152402,86.06,68.05,65.3,73.72
3152501,129.19,98.65,122.2,114.39
3152600,128.44,100.35,135,117.65
3152709,92.69,70.2,99.5,84.39
3152808,85.62,55.95,66.3,68.52
3152907,110.06,72.15,102.9,92.02
3153004,89.38,68.15,98.1,82.04
3153103,92.94,59.1,82.4,75.93
3153202,52.75,23.4,55.2,40.52
3153301,66.44,33.75,58.7,50.54
3153400,68.75,35.85,49.4,50.24
3153509,117.19,63.4,84.1,86.61
3153608,60.75,42.85,52.5,51.17
3153707,72.19,49.1,66.8,60.98
3153806,97.81,72.1,86.1,84.09
3153905,74.19,59.15,63.3,65.28
3154002,81.44,48.4,50.7,60.39
3154101,109,75.2,98.8,92.09
3154150,100.31,52.65,72.8,73.61
3154200,93.12,67.95,90.9,81.7
3154309,78.06,44.55,59.8,59.52
3154408,106.56,87.05,98.2,96.26
3154457,40.44,12.25,26.7,25.2
3154507,24.12,13.4,17.9,18.11
3154606,65.88,52.55,58.1,58.39
3154705,99.94,69.15,89.8,84.35
3154804,85.69,65.3,75.7,74.65
3154903,82.81,50.85,51.8,62.17
3155009,88,58.1,67.3,70.5
3155108,91.69,79.75,93.6,86.91
3155207,100.38,72.75,90.9,86.3
3155306,78.12,53.1,67.8,65
3155405,96,77.7,92.8,87.35
3155504,84.19,58.85,76.2,71.43
3155603,23,18.5,23.5,21.15
3155702,77.5,55.95,65.6,65.54
3155801,96,75.1,96.1,86.93
3155900,116.06,99.2,122.1,110.04
3156007,61.94,38.05,51.6,49.3
3156106,92.38,67,99,82.78
3156205,96.19,80.55,93.4,88.78
3156304,96.44,69.35,103.7,86.24
3156403,73.06,49.65,75,63.3
3156452,111.69,84.4,118.1,101.22
3156502,21.62,17.05,21.3,19.57
3156601,82.75,72.6,81.9,78.15
3156700,70.38,55.85,58.3,61.43
3156809,70.38,37.95,51.9,52.26
3156908,100.94,69.05,94.1,85.59
3157005,22.69,19.4,21.5,21
3157104,113.19,120.7,105.6,114.8
3157203,83.75,58.95,72.7,70.57
3157252,83.06,48.55,53,61.52
3157278,119.62,87.7,103.5,102.24
3157302,105.38,90.75,106,99.15
3157336,91.31,67.6,100.7,83.04
3157377,24.62,25.6,27.8,25.74
3157401,87,56.05,60.7,67.83
3157500,77.38,49.65,64.9,62.61
3157609,39.5,15.65,35.1,28.17
3157658,114,108.5,121.9,113.33
3157708,82.88,60.5,87.8,74.22
3157807,61,50,52.6,54.39
3157906,93.88,55.05,69.9,71.78
3158003,70.69,44.45,69.1,58.93
3158102,105.44,101.75,104.5,103.63
3158201,71.31,49.3,52.9,57.74
3158300,115.25,72.15,89.9,91
3158409,117.38,78.7,124.7,102.15
3158508,58.81,25.2,54.6,43.28
3158607,102.25,75.2,84.3,86.59
3158706,114.75,86.9,100.6,99.57
3158805,94.19,68,85,80.8
3158904,85.56,48.05,69.7,65.8
3158953,81.75,41.1,57.7,58.85
3159001,73.44,35.05,55.5,52.85
3159100,97.31,70.05,88.9,83.63
3159209,138.5,96.65,127.1,117.83
3159308,142,126.55,137.8,134.37
3159357,78.38,48,59.9,61.15
3159407,114.81,87.85,95.5,98.89
3159506,69.88,36.1,57.4,52.48
3159605,129.19,102.75,128.6,117.57
3159704,85.25,59.1,88.2,74.52
3159803,83.56,52.75,58.9,64.8
3159902,99,66.65,85.2,81.93
3160009,80.75,67,83.3,75.33
3160108,87.12,51.6,56.1,64.93
3160207,66.44,35.75,57.2,51.09
3160306,109.81,99.4,111.9,105.74
3160405,80.25,51.7,77.6,67.26
3160454,14.69,9,24,14.24
3160504,72.56,43.75,57.5,56.76
3160603,52.06,22.25,50.5,38.76
3160702,106.62,92.55,105.5,100.26
3160801,100.75,75.45,90,87.41
3160900,95.06,66.7,82.5,80
3160959,73.19,41.15,46.9,53.54
3161007,78.06,53.65,64.1,64.41
3161056,68.94,43.2,47.6,53.11
3161106,34.5,11.1,19.5,21.07
3161205,92.88,65.45,83.6,78.93
3161304,97.62,63.5,68.5,76.46
3161403,106.56,69.05,92.7,87.24
3161502,99,75.15,100.2,88.89
3161601,80.69,48.8,58.3,61.96
3161650,68.75,40.85,42.9,51
3161700,53.5,32.3,46.5,42.76
3161809,73.81,53,60,61.76
3161908,79.75,50.3,65.6,63.87
3162005,117.12,94.35,115.8,106.93
3162104,84.25,55.45,74.6,69.63
3162203,102.56,73.75,101.3,89.76
3162252,38.62,12.75,26,24.63
3162302,125.25,97.25,117.2,111.33
3162401,26.5,8.1,24.3,18.02
3162450,12.81,6.05,17.4,10.87
3162500,91.38,68.6,100,83.35
3162559,90.62,47.7,59.2,65.13
3162575,84.31,58,52.2,65.89
3162609,73.12,35.65,48,51.37
3162658,38.19,10.9,27,23.89
3162708,18.69,14.85,29.7,19.41
3162807,70.44,39.75,50.4,52.74
3162906,91.94,74.4,92.5,84.43
3162922,78.5,54.5,64.1,64.93
3162948,105.38,72.6,97,89.3
3162955,62.56,45.1,53.2,52.93
3163003,72.25,45.7,49.9,55.85
3163102,66.19,46.2,52.6,54.54
3163201,143.56,114.7,143.5,131
3163300,79.25,56.4,55,64.04
3163409,79.5,48.55,50.3,59.7
3163508,66.06,41.9,49.4,51.93
3163607,83.56,47.4,74.4,65.85
3163706,126.44,101.05,137.6,117.83
3163805,87.75,67.45,89.6,79.33
3163904,121.44,84.15,103.4,101.3
3164001,84.25,51.35,51.7,62.87
3164100,70.12,46.4,53.8,56.26
3164209,37.69,12.1,20.8,22.89
3164308,95.44,71.85,102.7,86.76
3164407,123.38,98.1,123.5,112.41
3164431,109.62,86.7,123,102.57
3164472,70.25,40.3,49.6,52.74
3164506,61.38,41,47,49.39
3164605,81.5,53.95,71.5,67.35
3164704,112.81,87.95,108.6,101.09
3164803,76.5,45.35,60.6,59.5
3164902,127.56,101.1,150.2,120.98
3165008,92.38,67.05,93.4,81.59
3165107,107.38,79.25,105.1,94.65
3165206,113.62,91.15,113.4,103.8
3165305,111,79.45,101.6,95.24
3165404,153.75,127.6,134.6,138.22
3165503,75.5,52.05,63.2,62.63
3165537,79.44,55.8,63.8,65.76
3165552,71.56,45.95,52.6,56.3
3165560,82.06,54.4,61.4,65.54
3165578,160.12,119.45,136.9,137.39
3165602,90.5,73.85,88.7,82.87
3165701,90.38,62.5,84.8,77.04
3165800,136.81,98.8,127,118.15
3165909,55.5,28.7,41.9,40.89
3166006,97.62,70.1,90.4,84.09
3166105,72.81,36.8,53.8,53.02
3166204,107.5,88.05,100.2,97.46
3166303,92.88,55.4,67,70.96
3166402,123.44,107.65,115.3,114.8
3166501,62.81,35.85,55.1,49.41
3166600,80.12,53.2,73,66.87
3166709,101.12,101.8,115.4,104.52
3166808,83.88,63.1,78.8,73.74
3166907,117.62,88.85,103,101.93
3166956,21.5,9.3,17.6,15.35
3167004,119.19,95.75,109.2,106.83
3167103,65.31,35.95,56.2,50.57
3167202,62.06,41.9,53.8,51.5
3167301,97.31,74.35,95.3,86.89
3167400,125.25,97.25,122.1,112.39
3167509,99.12,77.7,84.4,86.61
3167608,80.62,45.95,65.2,62.2
3167707,74.12,36.45,51.2,52.76
3167806,123,97.55,131.6,113.8
3167905,105.75,82.6,99.6,94.35
3168002,22.25,16.75,24.9,20.43
3168051,74.38,47.5,67.2,61.13
3168101,100.31,70.9,102.1,87.91
3168200,83.81,68.75,102.5,81.33
3168309,66.88,46.85,52.4,55.02
3168408,69.44,37,49.9,51.09
3168507,87.25,57.5,75.3,71.72
3168606,96.5,86.9,82.2,89.22
3168705,78.38,44.75,63.1,60.43
3168804,90.5,67.45,101.5,82.87
3168903,66.94,48.15,60.1,57.28
3169000,94.38,70.55,94,83.93
3169059,138.81,103.4,127.4,120.93
3169109,171.75,138.2,150.1,152.46
3169208,110.75,73.45,106.4,93.59
3169307,121,83,95.2,98.87
3169356,50.31,25.15,40.5,37.24
3169406,113.12,74.15,86.8,90.46
3169505,66.81,31.7,48.9,47.65
3169604,65.31,42.75,69.4,56.39
3169703,41.5,16.2,20.7,25.98
3169802,122.94,94.1,117,109.11
3169901,94.88,70.5,101.2,85.65
3170008,36.62,12.95,20.4,22.8
3170057,72.12,42.65,47.3,53.91
3170107,90.12,58.6,83.7,75.02
3170206,77.25,56.2,68.8,66.26
3170305,112.31,106.35,118.2,111
3170404,47.81,24.95,37.7,35.67
3170438,91.19,63.15,67.7,73.89
3170479,41.62,14.95,31.3,27.78
3170503,87.94,54.85,60,67.48
3170529,36.44,11.15,19.7,21.8
3170578,78.25,47.3,70.2,63.04
3170602,95.25,72.05,95.7,85.26
3170651,19.94,13.2,30,19.2
3170701,115.25,85.25,94.8,97.76
3170750,58,39.95,52,48.85
3170800,42.12,15.15,28.6,27.46
3170909,22.75,6.2,18.9,14.72
3171006,58.06,33.75,40.6,43.7
3171030,15.38,4.4,14,10.3
3171071,45.19,18.45,24.5,29.07
3171105,88.19,58.4,74.3,72.22
3171154,83.38,45.65,53.6,60.5
3171204,64.88,52.3,57.7,57.85
3171303,85.94,56.5,74.8,70.72
3171402,115.69,75.75,116.2,98.43
3171501,73.12,42.9,57.8,56.65
3171600,23,15,22.8,19.48
3171709,135.94,110.25,151.8,128.22
3171808,76.25,47.8,55.7,59.41
3171907,73.31,44.6,51,55.98
3172004,99,78.95,100.5,90.61
3172103,84.5,70.4,88.7,79.28
3172202,142.56,121.2,148,134.46
3200102,93.38,60.8,65.8,73.22
3200136,105.31,83.35,75.5,89.28
3200169,108.06,82.05,75.5,89.67
3200201,138.38,85.7,120,111.48
3200300,270.88,203.1,213.9,229.02
3200359,101.56,71.4,68.8,81.33
3200409,257.44,196.35,200.9,218.59
3200508,130.94,93.8,120.8,112.59
3200607,169.62,150.85,137.7,154.52
3200706,158.88,130.05,133.6,140.85
3200805,60.81,47.4,53,53.28
3200904,111.81,88.55,77.3,94.2
3201001,111.38,97.25,84.3,99.35
3201100,123.56,88.05,119.5,107.24
3201159,112.88,74.6,76.5,88.33
3201209,169,116.9,140.7,140.2
3201308,204.75,183.5,163.4,186.52
3201407,144.69,93.65,120.3,117.2
3201506,97.12,76,70.7,82.2
3201605,167.75,155.7,139.4,156.35
3201704,128.12,87.15,102.3,104.7
3201803,127.94,81.1,100,101.5
3201902,174,128.2,136.4,145.91
3202009,124.62,72.95,100.5,96.91
3202108,104.38,88.3,97.5,95.89
3202207,211.19,197.9,170.3,196.52
3202256,116.38,89.3,81.9,97.11
3202306,127.19,80.5,107.5,102.61
3202405,220,191.7,182.7,199.59
3202454,102.69,64.1,79.7,80.91
3202504,198.81,192.4,151.4,185.72
3202553,119.56,75.8,95.6,95.33
3202603,272.06,196.35,217.1,227.2
3202652,115,72.05,89.7,90.83
3202702,72.38,53.3,56.7,60.67
3202801,201.69,155.55,181.1,177.15
3202900,84.56,67.25,64.7,72.72
3203007,115,72.05,89.7,90.83
3203056,143.62,147.4,116.3,139.33
3203106,144.75,98.75,124,120.24
3203130,157.31,159.9,129.1,152.3
3203163,69.62,47.65,49.2,55.63
3203205,153.06,142.35,133,144.04
3203304,88.19,59.1,54.1,68.13
3203320,204.5,157.6,184.8,179.83
3203346,219.94,170,175.4,188.54
3203353,117.06,93.15,83.3,99.33
3203403,149.94,117.25,124.9,130.28
3203502,110,111.2,97.9,107.89
3203601,95.12,86.75,84.9,89.26
3203700,118.5,78.3,101.4,97.3
3203809,151.38,113.8,125.4,129.39
3203908,108.88,88,78.7,93.24
3204005,105.25,79.45,77.8,88.07
3204054,125.75,124.05,119.9,123.74
3204104,114.5,108.75,90.6,106.8
3204203,233.38,170.6,200.1,198.85
3204252,106.75,94.1,87.4,97.04
3204302,171,133.65,148.9,149.96
3204351,122.25,99.85,92.5,106.04
3204401,219.44,168.85,180.9,189.07
3204500,199.94,183.2,164,184.85
3204559,107.25,78.95,80,89.02
3204609,148.31,141.6,118.5,138.91
3204658,114.06,91.95,88.9,98.98
3204708,106.5,88.5,80.5,93.02
3204807,121.56,80.65,113.8,102.09
3204906,147.5,143.5,121.6,140.13
3204955,121.81,105.4,92.6,108.33
3205002,203.44,185.7,157.1,185.65
3205010,141,129.7,113.7,130.15
3205036,230.75,157.4,182.8,188.43
3205069,128.62,84.9,98.5,103.07
3205101,212.56,175.6,177.7,188.91
3205150,106.94,83.3,75.4,89.8
3205176,121.12,102.2,97.5,107.76
3205200,206.81,185.95,167.2,189.13
3205309,231.44,219.6,256.1,231.65
3300100,281.31,275.85,257.6,273.78
3300159,115.56,76.75,102.4,95.83
3300209,249.44,216.4,222.8,229.28
3300225,103.38,91.7,106.3,98.93
3300233,235.62,206.3,195,214.04
3300258,250,210.9,226.9,227.98
3300308,117.44,102.5,121.9,111.91
3300407,110.81,95.55,124.8,107.22
3300456,175.06,191.1,166.3,180.13
3300506,120.62,88.45,102.8,102.76
3300605,121.88,84.5,115.5,104.24
3300704,244.06,213.8,210.7,223.65
3300803,264.94,253.3,255.7,257.87
3300902,109.12,74.9,100.5,92.37
3300936,179.44,150.45,139.9,158.24
3300951,102.69,74,86.7,86.74
3301009,120,90.1,108.7,104.54
3301108,94.06,73.3,93.4,84.89
3301157,109.19,82.8,107.2,97.28
3301207,81,68.4,88.6,77.17
3301306,253.75,227.4,217.3,234.37
3301405,174.19,162.65,154.3,164.85
3301504,99.94,74.85,90.5,86.98
3301603,97.44,73.8,90.6,85.67
3301702,197.38,162.75,197.5,182.35
3301801,130.38,103.45,126.7,117.87
3301850,291.38,230,269.9,260.02
3301876,250,210.9,226.9,227.98
3301900,228.69,212.35,233.6,222.65
3302007,205.06,183.35,199.3,194.37
3302056,102.81,78,105,92.5
3302106,117.12,88.1,105.2,101.91
3302205,112.88,75.65,105.1,95
3302254,152.25,111.65,159.9,136.26
3302270,132.38,110.6,147.5,126.2
3302304,121.75,78.4,120.3,102.59
3302403,192.44,174.3,167.2,179.07
3302452,106.69,88.5,103.9,98.17
3302502,237.31,185.2,222.3,211.39
3302601,180.19,148.8,190.3,168.74
3302700,230.62,199.9,227.7,216.63
3302809,126.25,102.1,123.4,115.13
3302858,164.25,173,168,168.87
3302908,177.5,143.4,177.5,162.67
3303005,123.38,77,116.3,101.67
3303104,118.25,78,125.8,102.39
3303203,175.56,179.4,173.4,176.76
3303302,224.31,212.65,211.7,216.5
3303401,273,250.95,277.2,264.33
3303500,152.94,121.6,173,143.67
3303609,134.75,122.2,138.9,130.2
3303708,104.12,84.2,92.3,92.89
3303807,245.38,218.75,224,229.15
3303856,140.19,116.15,139.6,129.61
3303906,123.81,105.75,132.5,117.85
3303955,120.19,105.25,125.8,114.91
3304003,122.25,100.75,135.6,115.8
3304102,109.94,72.75,108.7,93.5
3304110,116.81,97,131.1,111.3
3304128,132.38,108.8,130.3,121.67
3304144,158.31,143.7,175.8,155.76
3304151,154.69,126.45,118.7,134.59
3304201,142,102,158.2,128.13
3304300,243.19,218.8,239.1,231.7
3304409,151.69,110.7,164.2,136.59
3304508,105.12,82.35,102.3,94.61
3304524,231.38,208.15,201.4,214.76
3304557,185.69,198.55,194.4,193.17
3304607,151.12,134.55,137.4,140.93
3304706,109.19,74.95,98.3,91.93
3304755,135.25,109.4,124.3,121.63
3304805,106.94,84.9,104.7,96.87
3304904,224.31,196.15,226,212.43
3305000,118.94,100.55,113.8,109.83
3305109,175.06,191.1,166.3,180.13
3305133,111.88,76.1,104.7,94.76
3305158,99.62,81.75,93.4,90.5
3305208,245.75,215.4,218.9,226.72
3305307,118.75,99.1,119.2,110.3
3305406,100,80.95,89.7,89.48
3305505,235.81,213.45,231.9,225.24
3305554,138.94,124,157.1,136.39
3305604,280.5,240.2,270.6,260.83
3305703,141,115.7,111,123.48
3305752,236.12,208.7,231.7,223.24
3305802,249.62,191.75,235.3,221.35
3305901,138.88,131.35,127.6,133.15
3306008,95.25,81.75,92.4,88.76
3306107,110.56,91.3,118.7,103.96
3306156,118.88,74.75,99.3,95.43
3306206,104.44,88.8,105.8,97.93
3306305,118.25,108.8,126.5,115.93
3500105,152.12,125.45,116.9,132.87
3500204,120.44,83.15,87.4,97.04
3500303,118.75,90.75,116.1,106
3500402,138.25,99.75,136.1,121.04
3500501,153.38,110.05,143,132.28
3500550,181.5,134.55,140.3,152.13
3500600,124.19,91.95,105.2,106.04
3500709,163,124.3,141,141.39
3500758,172.81,133.65,158.9,152.76
3500808,166,141.15,119.1,145
3500907,97.06,70.95,72.9,80.46
3501004,112.06,89.25,109.2,101.52
3501103,144.44,106.85,118,122.35
3501152,180.94,150.6,162.4,163.72
3501202,101.62,73.1,77.8,84.04
3501301,178.62,147.8,136.5,156.07
3501400,142.19,120.1,123.5,128.52
3501509,169.06,133.75,141.5,147.72
3501608,137.94,108.5,121.9,121.65
3501707,119.62,91.3,116.9,106.72
3501806,106.06,72.05,72.1,83.89
3501905,150.38,118.3,125.7,131.07
3502002,126.5,102.5,111.1,112.72
3502101,141.06,92.9,105.1,112.3
3502200,216.38,142.6,168.2,173.83
3502309,148.5,109.15,119.4,125.07
3502408,185.25,158.55,140.8,163.98
3502507,131.56,107.7,124.1,119.57
3502606,127.25,92.4,88.4,103.65
3502705,261.12,255.7,271.1,260.93
3502754,192.06,146.5,180.6,169.76
3502804,140.31,95.4,101.7,112.39
3502903,165.88,130.65,150.1,147.13
3503000,101.69,57,88.8,79.46
3503109,204.62,145.25,161.1,169.35
3503158,139.75,108.35,143.9,127
3503208,110.88,91.35,113.2,102.89
3503307,135.12,97.65,120.8,115.72
3503356,155.06,124.7,120.3,134.3
3503406,125.62,97.85,107.6,109.63
3503505,151.06,122.2,147.2,137.67
3503604,144.06,112.9,133.6,128.24
3503703,117.69,86.45,88.5,97.76
3503802,136.5,99.35,121.2,117.02
3503901,155.75,126.65,150.4,141.93
3503950,117.44,77.4,83.2,92.59
3504008,191.94,142.5,152,161.76
3504107,162.19,135.65,142.7,146.41
3504206,126.44,89.25,88.5,102.02
3504305,133.19,112.95,118.8,121.26
3504404,126.69,92.95,95.7,105.28
3504503,192.62,143.25,154.4,162.85
3504602,120.12,86.35,85.6,97.93
3504701,121.81,97.15,119.1,110.5
3504800,107.25,82.9,82.9,91.37
3504909,145.31,131.4,154.5,141.26
3505005,238.5,185.75,222.5,212.09
3505104,123.94,81.85,97.7,99.93
3505203,126.75,88.6,113.7,107.33
3505302,129.88,101.75,117,114.85
3505351,252.88,251.95,262.8,254.63
3505401,259.06,265.3,270.1,264.17
3505500,88.81,64.65,73.4,74.96
3505609,109.69,86.7,92.4,95.93
3505708,173.31,138.7,165.6,156.59
3505807,165.25,138.05,119.7,143.52
3505906,106.69,86,106.1,97.57
3506003,142.19,116.65,125.3,127.41
3506102,108.19,81.5,80,90.46
3506201,151.12,110.45,118.2,126.28
3506300,212.75,159.7,162.5,178.76
3506359,431.06,364.85,403.3,396.24
3506409,137.69,99.55,115.5,116.28
3506508,131.12,93.3,107.5,109.54
3506607,307.5,306.7,295.2,304.48
3506706,115.88,82.85,89.4,95.76
3506805,135.69,97.35,116,114.74
3506904,174.06,129.45,144.2,148.17
3507001,153.12,115.2,144.4,134.74
3507100,167.62,132.05,148.2,147.93
3507159,248.38,244.95,251.1,247.48
3507209,172,139.05,127.8,148.07
3507308,131.69,95.95,118.8,113.35
3507407,117,82.55,90,96.15
3507456,163.25,119.8,129.8,137.09
3507506,170.38,121.25,148,144.15
3507605,147.31,124.55,130.7,133.8
3507704,137.25,100.75,113.9,116.3
3507753,129.19,89.5,109.3,107.61
3507803,127.69,91.6,101.6,106.33
3507902,134.56,100.3,106.9,113.65
3508009,231.44,166.95,182.5,192.76
3508108,126,89.15,106.4,105.72
3508207,103.62,70.1,106.4,89.65
3508306,161.5,124.15,135,139.5
3508405,193.19,142.45,164.6,164.91
3508504,133.12,113.25,130.6,123.93
3508603,141.62,118.4,123.4,127.57
3508702,125.81,89.9,126.1,110.26
3508801,121.81,92.3,124,109.46
3508900,168.56,143.5,118.4,146.76
3509007,172.5,138.1,151.4,152.96
3509106,174.81,139.6,126.4,148.98
3509205,201.56,144.5,176.3,171.26
3509254,234.44,269.25,235.1,249.72
3509304,101.88,77.6,78.4,86.22
3509403,107.56,86.55,96.9,96.11
3509452,239.81,158.45,172.3,189.76
3509502,146.19,112.65,125.7,127.15
3509601,166,143.4,147.5,152.15
3509700,177.5,134.9,144.1,151.72
3509809,185.69,145.7,145.6,159.59
3509908,323.31,369,322.7,343.04
3509957,136.25,115.2,119,123.35
3510005,199.88,152,152.9,168.85
3510104,114.38,82.2,92.9,95.72
3510153,206.75,165.75,170.7,181.09
3510203,228.88,192.2,217.2,210.39
3510302,157.06,119.05,147,138.35
3510401,143.56,108.9,115.9,122.48
3510500,261.62,236.5,274.3,253.46
3510609,173.31,138.7,165.6,156.59
3510708,104.31,69,74.2,82.41
3510807,117.69,86.9,118,104.37
3510906,119.25,90.8,106.6,104.13
3511003,137.5,93.75,104.9,111.39
3511102,124.31,83.7,87.2,98.59
3511201,126,87.1,87.3,100.67
3511300,126.44,95.5,89.3,104.91
3511409,196.88,144.15,150.6,163.89
3511508,135.12,101.85,123.8,118.2
3511607,162.38,114.3,150.8,138.96
3511706,131.81,100.35,109.6,113.3
3511904,138.38,101.7,118.1,118.02
3512001,95,72.45,78.4,81.59
3512100,81.44,57.45,71.8,68.91
3512209,128.56,92.95,114.8,110.09
3512308,153.06,114.85,124.6,130.26
3512407,135.88,97.6,127,117.3
3512506,133.25,95.95,107.6,111.46
3512605,229.69,183.85,214.5,206.46
3512704,126.88,98.25,120.7,113.09
3512803,134.62,100.55,123.1,117.3
3512902,104.19,81.25,83,89.61
3513009,183.06,152.8,171.2,167.33
3513108,115.56,86.85,102.4,100.22
3513207,113,79,114.9,98.63
3513306,197.12,157.2,149.1,169.33
3513405,144,111.75,133.7,127.74
3513504,378.94,307.7,347.2,341.07
3513603,151.62,139.35,148.5,145.61
3513702,123,93.55,113.5,108.13
3513801,166.75,135.85,160.5,151.96
3513850,122.56,87.15,85.3,99.07
3513900,132.31,94.95,128.3,115.2
3514007,112.31,85.45,102.3,98.46
3514106,145.25,111.3,121.2,125.26
3514205,114.31,71.05,84.7,89.07
3514304,133.81,98.8,113.3,114.13
3514403,159.44,123,114.6,133.85
3514502,156.06,123.45,130.6,136.35
3514601,110.94,87.2,95.8,97.33
3514700,178,143,126.4,151.57
3514809,255.62,274.65,255.2,263.8
3514908,149.31,115.25,120.1,128.15
3514924,128.81,91.5,90.1,104.17
3514957,106.19,81.7,78.8,89.59
3515004,178.44,146.7,167.7,162.3
3515103,202.06,166.4,195.6,185.15
3515129,166.56,132.45,118.2,141.22
3515152,127.12,94.9,117.6,111.04
3515186,135.88,99.6,134.2,119.74
3515194,159.56,128.85,141.6,142.3
3515202,110.94,71.55,84.7,88.11
3515301,199.25,166.75,151.8,174.8
3515350,221.75,188.2,172,196.35
3515400,216.25,164.45,188.4,187.67
3515509,116.06,70.4,91.5,90.87
3515608,114.38,82.2,92.9,95.72
3515657,166.44,131.9,131.5,143.83
3515707,158.75,144.8,156,152.09
3515806,162.19,126.75,118.2,137.22
3515905,121.56,76.65,97.8,96.87
3516002,154.94,122.6,114.8,132.15
3516101,201.62,158.8,157.4,173.39
3516200,117.75,80.4,108.1,99.41
3516309,166,143.4,147.5,152.15
3516408,172.5,138.1,151.4,152.96
3516507,144.12,108.85,121.6,123.89
3516606,166.44,131.9,131.5,143.83
3516705,156.81,127.2,136.8,139.59
3516804,129.06,85.95,106.3,105.37
3516853,115.5,79.95,92.7,95.09
3516903,120.25,87.8,89,99.35
3517000,140.88,108,122.3,122.54
3517109,126.94,91.9,100,105.85
3517208,117.75,90.9,105,103.3
3517307,125.44,96.5,121.3,111.96
3517406,84.5,59.1,73.9,71.15
3517505,111.12,82.9,78.5,91.76
3517604,255.56,226.6,260,243.93
3517703,105,76.15,98.3,91
3517802,142.69,101.8,109.9,117.78
3517901,90,66.55,75.4,76.63
3518008,106.31,63.9,80.7,82.3
3518107,126.62,104.9,123.7,116.54
3518206,143.75,102.3,106.8,117.7
3518305,147.06,128.35,139.8,137.35
3518404,135.5,110.55,113.7,119.91
3518503,197.5,130.7,165,161.39
3518602,110.5,84.55,93.6,95.54
3518701,455.06,402.8,444.8,430.11
3518800,156.88,130.95,149.6,144.02
3518859,106.75,84.7,92.7,94.11
3518909,127.56,92.55,88.3,103.8
3519006,159.62,129.45,121.8,138.28
3519055,137.69,102.1,123.7,119.17
3519071,138.25,109.3,117.8,121.22
3519105,119,87.7,100.3,101.33
3519204,155.56,135.15,119.3,138.8
3519253,180.69,137.05,139.3,152.72
3519303,125.69,95.55,117.5,110.8
3519402,127.69,96.2,91.8,106.2
3519501,185.62,149.65,151.6,162.59
3519600,121.88,84.55,100.5,101
3519709,223.25,190.25,197.4,203.28
3519808,91.62,67.6,74.9,77.54
3519907,191.44,149.15,144.9,162.93
3520004,137,107.3,127.8,122.09
3520103,96.62,58.5,103.8,81.61
3520202,169.75,130.3,159.3,150.33
3520301,347.06,348.35,328,343.48
3520400,254.5,232.85,262.3,246.78
3520426,299.56,325.75,287.4,308.3
3520442,126.31,89.35,87.3,101.76
3520509,155.75,120.7,128.3,134.54
3520608,173.94,142.85,123.6,149.48
3520707,105.5,64.8,79.1,82.07
3520806,157.81,138.65,122.6,141.83
3520905,211.06,167.95,171.2,183.65
3521002,156.94,124.75,147.2,140.83
3521101,132.06,99.45,112.3,113.59
3521150,105.31,81.8,77.1,88.96
3521200,257.94,273.85,262.3,265.8
3521309,94.56,74.1,86.8,83.98
3521408,127.94,101.05,118.9,114.28
3521507,123,92.8,90.5,102.8
3521606,153.19,119.4,117.3,130.7
3521705,220.25,178.5,210.9,200.07
3521804,215.75,138.25,176.6,173.54
3521903,122.56,91.1,95,102.89
3522000,121.75,86.05,105.1,102.61
3522109,314.69,283,305.3,298.87
3522158,255.12,249.5,251.4,251.87
3522208,193.56,156.25,185.5,175.59
3522307,195.81,150.7,172.5,171.13
3522406,257,199.1,222.9,224.41
3522505,179.69,143.05,166.5,160.89
3522604,147.12,107.25,140.4,128.33
3522653,256.75,255.7,259.1,256.8
3522703,113.56,79.4,88.7,93.3
3522802,239,191,223.5,214.76
3522901,134.56,99.6,120.8,116.37
3523008,124.75,90.4,92.8,102.87
3523107,157.5,130.8,151.8,144.65
3523206,249,219.2,227.1,231.28
3523305,255.38,244.3,240.8,247.39
3523404,157.62,138,140.8,145.43
3523503,201.12,137.9,161.1,164.93
3523602,127.94,101.4,111.4,112.8
3523701,107.81,79.7,102.5,94.43
3523800,116,88.5,106.1,101.89
3523909,160.06,130.95,142.8,143.65
3524006,169.81,135.7,136.6,147.76
3524105,103.25,69.85,92.1,86.3
3524204,89.75,69.9,74.9,77.89
3524303,108.25,84.1,90.2,93.83
3524402,144.19,115,128.6,128.11
3524501,120.69,84.7,85.7,97.43
3524600,236.81,283.1,234.4,256.41
3524709,137.69,102.1,123.7,119.17
3524808,111.12,74.2,83.9,89.15
3524907,140.88,112.5,134.7,127.2
3525003,173.31,138.7,165.6,156.59
3525102,118.75,89.55,95.2,100.93
3525201,155.69,139.5,136.7,144.52
3525300,137.81,98,117.6,116.11
3525409,108.25,77.35,112.4,95.72
3525508,172.44,139.25,156.9,154.63
3525607,172.44,140.95,125.2,148.48
3525706,118.06,81,87.9,95.39
3525805,130.69,107.85,123.7,119.24
3525854,134.69,104.75,119.4,118.35
3525904,165.5,139.35,133.8,147.24
3526001,153.31,119.55,121.7,131.76
3526100,288.06,254.6,273.6,270.37
3526209,231.12,188.9,214.3,209.11
3526308,132.38,106.8,135.6,121.96
3526407,135.12,102.75,116.1,116.91
3526506,139.69,104.2,110.8,117.98
3526605,144.5,110,140.6,128.65
3526704,123.88,88.05,109.4,105.15
3526803,162.88,116.45,138.4,137.37
3526902,131.56,104.8,120.3,117.48
3527009,157.94,121.6,143.6,139.02
3527108,119.06,90.25,120.2,106.78
3527207,136.25,115.2,119,123.35
3527256,124.75,88.45,104.6,104.59
3527306,157.75,140.3,139,146.09
3527405,155.19,130.9,123.1,137.65
3527504,164.12,128.7,135.8,142.57
3527603,117.31,85.9,100.4,99.98
3527702,148.25,110.05,118.4,125.15
3527801,169,133.7,138.7,147.07
3527900,178.44,139.05,124.3,149.54
3528007,131.62,104.25,120.2,117.24
3528106,121.25,82.5,92.4,98.13
3528205,111.56,68.15,81.6,86.17
3528304,120,78.75,94.9,96.61
3528403,180.94,150.6,162.4,163.72
3528502,168.12,136.3,159,152.3
3528601,206.88,154.95,158.2,173.72
3528700,197.94,159.25,146.3,169.89
3528809,191.5,146.05,151.2,162.98
3528858,120.94,94,92.7,103.09
3528908,159.25,125.4,121.1,136.24
3529005,156.44,130.75,125.3,138.5
3529104,124.56,91.5,88.9,102.43
3529203,177.06,145.35,121.1,151.11
3529302,112,84.45,98.2,97.02
3529401,169.31,147.1,166.8,159.11
3529500,125.94,89,89.4,101.93
3529609,105.12,74.85,86.9,88
3529658,106.62,65.1,77.2,82.17
3529708,94.38,60.55,73.7,75.17
3529807,135.56,105.55,118.1,118.72
3529906,211.88,199.6,197.2,203.35
3530003,103.5,66.65,80.7,82.52
3530102,138.5,101.4,105.4,115.17
3530201,211,170.2,156,181.3
3530300,112.06,85.75,80.7,93.8
3530409,96.69,80.1,72.9,84.3
3530508,110.62,83.85,105.3,97.83
3530607,171.75,154.75,166,163.11
3530706,124.12,92.15,115.5,108.35
3530805,136.81,98.1,122.2,116.8
3530904,138.12,105.85,115.7,119.22
3531001,124.69,85.35,100.1,102.24
3531100,405.69,361.75,397.7,384.85
3531209,147.31,127.3,136.6,136.28
3531308,114.38,87.45,89.7,97.3
3531407,113.38,83.1,84.7,93.98
3531506,109.06,81.5,78.3,90.39
3531605,155.25,113.45,121.8,129.8
3531704,161.75,130.05,154.9,146.48
3531803,145.62,110.5,115.8,123.87
3531902,92.19,74.55,82.9,82.5
3532009,140.25,121.55,124.8,128.76
3532058,109.44,88.85,98,98
3532108,143.06,96.55,108.6,115.35
3532157,197.44,155.65,147.4,168.39
3532207,199,169.9,153.2,176.39
3532306,241.5,219.25,229.9,229.3
3532405,165.62,135.25,152.2,149.5
3532504,111.38,86.35,81.3,93.96
3532603,121.75,79.15,96.1,97.65
3532702,115.62,86.15,81.7,95.43
3532801,125.5,88.6,88,101.3
3532827,256.44,226.8,246,241.28
3532843,115.12,84.5,84.3,95.11
3532868,126.25,88,95.9,103.02
3532900,114.81,81.3,91.9,95.26
3533007,91.25,77.2,72.8,81.13
3533106,155.69,116.9,117.3,130.48
3533205,149.12,104.5,115.6,122.43
3533254,109.19,78.6,78.8,89.28
3533304,129.06,85.95,106.3,105.37
3533403,137.94,108.5,121.9,121.65
3533502,114.94,90.6,94.7,99.96
3533601,106.12,86.85,109.9,98.57
3533700,168.69,128.1,133.3,143.35
3533809,196.25,148.3,153.5,166.11
3533908,99.69,76,75,84.02
3534005,108.38,82.1,74,89.48
3534104,158.12,133.6,125.5,140.37
3534203,88.19,70.05,70.9,76.54
3534302,103.56,79.7,91.2,90.5
3534401,175.06,140.4,159.6,156.63
3534500,169.44,136.1,124.7,145.22
3534609,158.56,142.05,123.8,143.83
3534708,211.69,161.35,156.3,177.76
3534757,102.31,62.7,77.4,79.67
3534807,159.12,118.55,120.4,133.07
3534906,156.62,120.9,115.4,132.13
3535002,90.75,74,70.4,79.04
3535101,121.81,84.3,88.9,98.35
3535200,123.44,89.1,86.1,100.39
3535309,192.81,154.15,151.1,166.93
3535408,158.31,119.2,119.9,132.96
3535507,179.62,144.75,138.3,155.48
3535606,152.56,136.7,173.8,150.28
3535705,110.75,80.9,82.3,91.59
3535804,243.19,147.2,169.6,185.46
3535903,112.19,66.35,80.8,85.43
3536000,162.56,142.65,123.9,145.5
3536109,181.25,129.5,149.4,151.83
3536208,254.12,272.65,236.6,258.37
3536257,105.06,73.1,83.6,86.5
3536307,107.69,80.9,103.5,95.13
3536406,149.81,108.45,115.1,124.28
3536505,138.94,110.5,124.4,123.41
3536570,158.88,126.35,138.8,140.37
3536604,95.19,61.9,68.7,74.96
3536703,144.31,102.85,120.2,121.04
3536802,170.44,132.6,159.5,151.61
3536901,107.06,69.5,83.3,85.57
3537008,108,70.4,118.4,93.91
3537107,141.62,109.15,116.6,122.07
3537156,202.62,159.1,149.5,172.15
3537206,261.81,233.95,243.4,245.7
3537305,129.62,94.65,101.6,108.33
3537404,136.06,96.35,94.3,109.72
3537503,144.69,106,129.7,124.61
3537602,263.31,251.8,242.9,253.87
3537701,145.25,117.05,127.8,129.2
3537800,201,162.4,186.6,181.09
3537909,214.38,171.65,199.6,192.59
3538006,141.12,118.8,121.8,127.22
3538105,120.38,87.25,90.5,99.48
3538204,166.75,132.9,157.3,149.98
3538303,177.12,139.7,124.5,149.41
3538501,139.69,111.2,132.6,125.76
3538600,163.56,131.85,150.4,146.91
3538709,131.12,104.4,101.9,113.15
3538808,212.62,156.3,163.5,177.46
3538907,123.56,102.3,121.6,113.89
3539004,111.81,82.8,81.1,92.52
3539103,191.25,140.85,168.9,164.48
3539202,199.25,166.75,151.8,174.8
3539301,118.88,88.7,118.1,105.59
3539400,155.12,121.6,135.1,136.2
3539509,112.25,84.05,80.7,93.13
3539608,123.19,83.4,96.9,100.17
3539707,194.25,145.75,146.3,162.74
3539806,158.75,144.8,156,152.09
3539905,114,82.15,88.3,94.57
3540002,158.12,131.7,120.6,138.48
3540101,117.5,89.3,109.2,103.43
3540200,106,81.85,86.3,91.22
3540259,120.12,83,86.6,96.7
3540309,105.56,70.3,70,82.5
3540408,104.56,62.7,76.7,80.3
3540507,164.56,125.15,135.6,141.13
3540606,155.88,116.4,142.5,135.8
3540705,114.88,89.1,112.1,103.07
3540754,141.69,113.1,129.9,126.7
3540804,126.31,95.35,90.5,105.07
3540853,164.94,134.9,114.9,141
3540903,106.12,84.8,91.8,93.74
3541000,430.25,372.8,392.4,397.04
3541059,172.19,122.65,149.3,145.67
3541109,135.94,115.1,125.4,124.59
3541208,183.19,149.45,140,159.13
3541307,177.62,148.1,136.9,155.93
3541406,166,141.15,119.1,145
3541505,172.31,133.05,122.1,144.33
3541604,122.38,93.85,104,105.98
3541653,169.81,124.3,156.3,147.09
3541703,170.81,140.8,124,147.59
3541802,149.5,121.15,120.4,130.85
3541901,138.88,109.3,139.6,126.17
3542008,163.38,136.4,124.2,143.13
3542107,148.38,112.35,125.4,127.72
3542206,174.62,146.6,131.8,153.13
3542305,138.94,119.5,154.4,133.85
3542404,180.94,150.6,134.2,157.59
3542503,117.56,86,99.6,99.93
3542602,255.38,271.7,233.9,257.8
3542701,104.94,83.9,106.4,96.11
3542800,235.5,244.45,250.3,242.61
3542909,128.25,93.45,107.3,108.57
3543006,258.69,220.6,243.6,238.85
3543105,110.88,84.35,106.7,98.43
3543204,186.94,140.15,144,157.26
3543238,174.62,131.95,118.2,143.8
3543253,250.69,199,219.9,221.52
3543303,262.25,209.8,242.1,235.07
3543402,114.75,88.05,94.9,98.83
3543501,250.19,202.3,225.8,224.07
3543600,99.5,66.45,99.3,85.09
3543709,109.5,84.85,98.6,96.41
3543808,151.44,129.75,123.2,135.87
3543907,138.5,100,125.7,118.98
3544004,143.56,110.2,115.3,122.91
3544103,368.38,344.3,400.3,364.85
3544202,102.56,64.65,67.4,78.43
3544251,217.62,188.05,176.1,195.74
3544301,133,108.6,124.9,120.63
3544400,149.12,110.55,114.2,124.76
3544509,121.69,82.45,85,96.65
3544608,112.88,83.85,94.2,96.2
3544707,162.5,137,117.2,141.57
3544806,117.56,82.45,92.1,96.76
3544905,107.38,86.9,104.3,97.8
3545001,191.5,166.3,183.6,178.83
3545100,149.56,123.6,118.5,131.52
3545159,135.06,106.8,108.2,116.93
3545209,148.44,113.65,127,128.65
3545308,178.19,143.75,165.6,160.48
3545407,190.62,150.35,150.5,164.39
3545506,205.31,172.25,160.2,181.13
3545605,119.44,88.3,91.9,99.91
3545704,115.81,74.8,85.1,91.3
3545803,141.62,108.35,120.8,122.63
3546009,144.38,122.95,143.9,134.96
3546108,109.62,72.8,80.9,87.37
3546207,126.44,92.5,110.7,108.26
3546256,111.62,88.6,98.9,98.85
3546306,116.56,87.85,117.8,104.35
3546405,199.44,150.2,151.5,167.61
3546504,112,84.2,94.9,96.2
3546603,119.44,81.4,85.8,95.59
3546702,136.88,96.6,125.9,116.98
3546801,169.56,133.15,160.6,151.78
3546900,117.75,91.35,107.8,104.11
3547007,139.94,105,115.9,119.52
3547106,154,117.35,116.7,129.96
3547205,119.06,82.85,85.9,96.11
3547304,188.62,139.9,176.8,164.87
3547403,113.88,76.45,81.4,90.54
3547502,118.38,84.35,108.4,101.41
3547601,112.75,81.3,106.7,97.76
3547650,119.06,82.85,85.9,96.11
3547700,184.94,149.5,135.6,158.8
3547809,262.25,209.8,242.1,235.07
3547908,119.81,88.85,113,104.87
3548005,150.31,106.4,128.6,126.5
3548054,130.06,89.7,95.8,105.07
3548104,150.12,102.85,150.6,129.67
3548203,171.75,136.35,155.1,152.74
3548302,164.19,131.7,117.4,139.89
3548401,154.25,119.5,122.5,132.24
3548500,451.25,412.4,454.9,435.15
3548609,161.56,129.4,148.5,144.74
3548708,357.94,278.35,314.4,313.87
3548807,161.88,137.85,161.1,151.26
3548906,128.75,100.9,115.9,113.85
3549003,116.25,85.35,85,96.02
3549102,128.19,90.3,121.1,110.17
3549201,117.25,78.5,86.8,93.78
3549250,118.5,82.35,87.5,96.04
3549300,154.75,113.85,118.6,129.11
3549409,102.69,77.9,88.5,88.83
3549508,103.5,87,103.4,96.3
3549607,173,151.6,173.4,163.78
3549706,124.69,96.9,110.7,109.57
3549805,109.44,82.5,75.9,90.43
3549904,169.75,132,157.1,150.59
3549953,205.69,176.35,206.2,193.04
3550001,163.25,157.25,189,166.24
3550100,142.69,111.45,132.4,126.87
3550209,241.19,183.85,217.4,211.09
3550308,166.75,135.85,160.5,151.96
3550407,127.94,97.4,109.2,110.59
3550506,176.06,139.75,139,152.22
3550605,184.62,161.5,174.9,172.46
3550704,277.75,227.55,282.8,257.02
3550803,130.62,106.4,122.7,118.37
3550902,117.19,84.05,101.1,99.28
3551009,400.81,336.6,362.7,364.61
3551108,173.94,137.95,151.8,153.48
3551207,213.94,160.95,178.2,183.13
3551306,118.25,80.9,95.3,97.02
3551405,113.38,85.1,99.1,97.98
3551504,121.56,91.35,104.6,104.74
3551603,157.94,121.6,143.6,139.02
3551702,109.31,90,91.6,97.07
3551801,320,275.4,288.8,293.83
3551900,94.19,75.5,75.4,81.98
3552007,143.81,120.5,134.2,131.59
3552106,167.81,131.2,160.3,150.26
3552205,156.06,124.95,141.6,139.39
3552304,130.31,90,87.6,103.5
3552403,138.25,109.3,117.8,121.22
3552502,180.81,175.6,167.5,175.65
3552551,125.06,88.15,84.8,100.26
3552601,121.62,88.3,87.1,99.63
3552700,116.38,84.45,101.6,99.28
3552809,175.44,144.9,159.4,158.67
3552908,199.69,160.25,149.3,171.59
3553005,208.75,156.15,195.8,183.07
3553104,115.69,88.05,84.9,96.98
3553203,112.44,86.7,85.8,95.46
3553302,112.25,84.5,109.2,99.52
3553401,105.25,82.55,81.7,90.26
3553500,293.25,271.25,275.2,279.76
3553609,123.44,85.5,123.8,107.02
3553658,113.94,84.9,82.6,94.5
3553708,110.19,76.75,91.6,91.61
3553807,218,156,195,186.04
3553856,250.12,187.7,208,213.83
3553906,197.06,159.85,144.3,169.41
3553955,192.75,152.05,154.4,166.72
3554003,159.06,119.45,143.8,138.52
3554102,132.69,103.9,126.8,118.89
3554201,208.94,157.15,180,180.13
3554300,221.56,176.55,168,190.35
3554409,91.94,73.95,76.4,80.74
3554508,134.69,104.75,119.4,118.35
3554607,214.75,166.15,181,186.28
3554656,171.75,126.6,150.6,147.52
3554706,139.12,103.95,117.6,119.15
3554755,130.56,92.95,106.4,108.96
3554805,151,116.5,134.4,132.39
3554904,120.94,84.15,87.5,97.67
3554953,155.94,129.4,144.9,142
3555000,163.44,137.2,120.1,142.61
3555109,152.81,118.55,124.4,131.74
3555208,124.06,90.25,109.1,106.11
3555307,104.5,64.1,78.6,81.3
3555356,121.62,84.9,91.3,99.07
3555406,278.12,234.9,268.1,257.15
3555505,172.44,132.65,143.2,148.78
3555604,123.12,90.7,83.7,100.46
3555703,119.5,83.6,87.1,96.85
3555802,116.81,79.9,86.1,94.09
3555901,119.5,89.45,103.6,102.98
3556008,118,93.9,89,101.22
3556107,113.06,77.5,87,91.93
3556206,151.56,128.3,138.3,138.57
3556305,146.31,107.25,115.7,122.67
3556354,164.12,135.8,145.7,147.8
3556404,131.75,92.25,125,113.11
3556453,190.38,168.3,183,179.17
3556503,191.25,146.4,165.8,166.22
3556602,166.06,131.55,135.5,144.41
3556701,157.75,140.3,139,146.09
3556800,102.56,79.2,79.3,87.35
3556909,115.75,86.2,86.1,96.46
3556958,115.06,70.05,87.7,89.54
3557006,163.5,132.85,141.7,145.43
3557105,110,80.5,89.4,92.7
3557154,122.19,86.25,107.9,103.46
3557204,206.75,165.75,170.7,181.09
3557303,130,95.35,122.5,113.3
4100103,257.19,185.4,176.1,208.35
4100202,239.5,249.1,243.1,244.46
4100301,292.88,321.6,315.2,310.22
4100400,272.56,291.2,312.3,289.3
4100459,396.69,322.85,304.1,344.46
4100509,312.19,232.75,208.3,255.07
4100608,254.12,214.7,188.7,222.76
4100707,349.25,268.35,237.8,289.85
4100806,211.62,169.95,162.3,182.78
4100905,236.44,221.2,193.5,220.48
4101002,430.88,376,337.9,386.8
4101051,377.56,291.05,298.6,322.78
4101101,212.25,161.75,165.2,180.07
4101150,254.44,210.1,187.4,220.59
4101200,350.56,394.1,385.9,377.17
4101309,315.94,338.55,333.6,329.61
4101408,296.69,235.4,206,250.33
4101507,292.62,224.35,194,241.5
4101606,264.25,219.55,211.4,233.33
4101655,362.88,280.35,260.6,304.76
4101705,317.19,255.25,223.7,269.93
4101804,269.94,303,308.6,292.72
4101853,372.69,284.75,247.7,307.28
4101903,260.81,197.4,182.8,216.28
4102000,370.81,279.75,256.9,306.46
4102109,240.06,193.8,177.4,206.33
4102208,257.88,218.25,188.2,225.5
4102307,287.25,318.7,310.3,305.93
4102406,229.94,168.65,173.9,191.11
4102505,321.31,246.95,213.7,265.59
4102604,479.69,396.35,361,417.65
4102703,233.31,169.1,161.9,189.87
4102752,428.62,357.6,338.6,378.17
4102802,235.75,180.55,167.9,197
4102901,420.44,434,390.6,419.85
4103008,356.25,277.7,264.7,302.2
4103024,405.44,361.8,310,365.72
4103040,400.44,318.25,316.1,346.37
4103057,397.12,335.9,286.2,346.39
4103107,281.25,305.05,306.6,297.11
4103156,471.94,395.1,358.4,413.85
4103206,299.19,228.1,215.3,250.04
4103222,419.19,363.2,351.1,380.04
4103305,323.25,244.25,236.3,270
4103354,400.12,318.15,296.5,341.96
4103370,354.12,269,227.1,289.5
4103404,227.88,180.55,160.8,192.72
4103453,380.31,298.5,284.2,323.85
4103479,324.88,238.25,221.4,264.72
4103503,293.19,233.1,218.6,250.85
4103602,190.44,152.9,155,166.41
4103701,249.31,189.25,174.5,206.93
4103800,292.56,234.55,221.3,251.85
4103909,379.19,304.5,301.9,329.91
4103958,400.81,355.65,329.8,365.74
4104006,310.12,335.25,322.1,323.65
4104055,412.81,342.1,299.3,357.39
4104105,313.06,336.05,331.5,327.07
4104204,284.25,301.85,301.3,295.61
4104253,275.25,287.95,302.2,286.63
4104303,344.94,265.7,234.8,286.54
4104402,371.44,292.95,291.7,319.98
4104428,420.12,365.8,311.3,372.85
4104451,413.38,368.4,347.5,379.5
4104501,396.12,338.5,338.7,358.59
4104600,391.69,329.55,284.8,341.43
4104659,315.81,292.5,281.7,298.26
4104709,235,177.1,190.8,200.22
4104808,405.88,335.55,299.1,352.09
4104907,321.56,285.35,290.2,299
4105003,413.88,361.15,327.5,372.17
4105102,212.69,172.95,155.4,182.96
4105201,251.81,255.75,260.9,255.5
4105300,401.19,332.85,296.7,348.76
4105409,424.69,395.25,340.9,393.67
4105508,302,241.8,208,255.39
4105607,257.94,211.3,189.7,222.83
4105706,443.69,405.45,362.5,409.41
4105805,266.06,293,310,287.33
4105904,237.44,186.5,178.1,202.39
4106001,261,203.55,196.6,222.02
4106100,243,188.95,195.3,209.13
4106209,273.94,310.95,310,297.87
4106308,387.88,307.45,297,333.15
4106407,241,178.3,168.6,198
4106456,438,405.8,379.5,411.28
4106506,420.5,386.55,347,389.76
4106555,330.5,250.4,239.1,275.8
4106571,409.38,359.85,311,366.46
4106605,292.31,234.5,205.5,248.3
4106704,237.62,193.9,182.4,206.61
4106803,383.25,392.05,364.4,382.98
4106852,342.56,266.4,248.2,288.93
4106902,274.06,311.75,313,298.91
4107009,280.44,239,220.1,249.3
4107108,219.19,200.9,175.2,201.67
4107124,410.38,349.2,305.8,361.04
4107157,367.81,331.45,279.1,332.72
4107207,421.88,381.65,342.9,387.22
4107256,256,210.8,186.8,221.3
4107306,316.44,253.15,235.6,271.35
4107405,423,380.35,359.1,390.57
4107504,306.75,238.1,216.7,257.33
4107520,294,227,203.1,245.11
4107538,372.06,299.9,259.9,316.3
4107546,430.94,348.55,328.4,372.83
4107553,348.94,285.55,257.1,301.41
4107603,333.88,271.8,255.2,289.78
4107652,286.88,308.05,331.1,305.7
4107702,317.88,235.3,213.4,259.26
4107736,329.88,343.3,331.1,335.98
4107751,267.12,232.75,217.5,241.39
4107801,302.94,253.85,226,264.87
4107850,466.25,415.8,363.8,422.04
4107900,294.5,225.55,207.3,245.57
4108007,218.81,180.3,156.1,188.43
4108106,254.44,210.1,187.4,220.59
4108205,351.19,275.95,240.4,294.39
4108304,371.12,303.15,275.2,320.72
4108320,328.88,244,219.9,268.28
4108403,432.69,380.4,366.7,395.61
4108452,427.69,394.5,344.6,395.2
4108502,394.69,400.65,348,387.13
4108551,320.56,259.9,237.3,276.09
4108601,342.38,256.6,237.4,282.26
4108650,407.12,355.35,350.3,372.26
4108700,347.38,267.9,250.4,291.74
4108809,339.25,241.5,230.6,273.13
4108908,236.25,221.1,190.1,219.63
4108957,366.06,326.85,308.3,336.46
4109005,256.81,185.15,193.4,211.87
4109104,261.31,217.55,195,227.87
4109203,219.62,178.45,159.5,188.65
4109302,427.44,348.25,309.7,367.41
4109401,400.81,376.45,353.4,379.91
4109500,353.5,368.25,371.2,363.76
4109609,359.19,405.65,404,389.13
4109658,430.81,397.1,356.8,400.07
4109708,255.25,223.65,239.3,238.04
4109757,426.62,360.45,318.1,374.26
4109807,247.69,191.4,168.4,205.98
4109906,269.31,227.85,196.9,235.54
4110003,263.38,213.95,193.3,226.65
4110052,368.81,285.55,296.1,316.8
4110078,358,300.05,287.5,317.48
4110102,339.19,326.55,312.2,327.83
4110201,384.25,390.1,355.6,380.57
4110300,220,185.45,173.8,194.93
4110409,280.56,231.15,213.6,244.52
4110508,313.56,292.5,272.9,295.57
4110607,334,242.4,219.2,269.22
4110656,372.81,294.8,269.7,316.48
4110706,349.81,355.55,326.5,347.24
4110805,365.38,277.55,276.3,307.83
4110904,218,174.1,169.5,188.37
4110953,360.5,314.5,280.2,323.04
4111001,203.81,159.15,153.6,173.48
4111100,308.56,225.8,206.5,250.39
4111209,405.06,357.4,354.5,373.35
4111258,279.69,283.8,298.7,285.61
4111308,226.38,205.45,175.2,206.15
4111407,382.06,326.55,318.7,344.15
4111506,371.25,281.3,252.3,306.28
4111555,274,225.05,196.6,235.89
4111605,301.75,244.9,218.1,258.85
4111704,261.12,229.15,233.9,241.3
4111803,217.12,164.45,163.2,182.5
4111902,221.94,182.8,160.3,191.52
4112009,286.38,247.9,239.5,259.46
4112108,290.88,231.7,217.8,249.26
4112207,351.38,270.5,254,295.04
4112306,253.81,228.75,236.9,239.24
4112405,279.69,232.8,215.7,245.39
4112504,366.62,276.95,253.3,303
4112603,217.75,173.25,163.8,186.67
4112702,255.75,189.5,167.6,207.78
4112751,380.12,293.05,257.1,315.52
4112801,253.69,184.45,193.1,210.41
4112900,254.69,193.3,188.1,213.52
4112959,354.69,274.75,253.7,297.98
4113007,295.19,236.65,209,251
4113106,313.88,241.85,236.5,265.74
4113205,324.94,333.85,347.2,333.65
4113254,400.12,336.65,323.8,355.93
4113304,426.69,384.9,341.3,389.96
4113403,216.38,169.95,159.5,183.83
4113429,337.12,259.9,235.8,281.52
4113452,411.88,332.9,305.5,354.41
4113502,232,221.3,198.1,219.98
4113601,236.06,195.7,179,206.11
4113700,274.12,211,194.7,229.41
4113734,384.56,294.15,278.6,322.22
4113759,330.25,253.25,233.7,275.78
4113809,215.88,173.7,159.8,185.35
4113908,351.06,350.25,346.9,349.8
4114005,379.75,296.65,289.8,324.07
4114104,266.06,219.05,192.4,229.61
4114203,270.12,224.1,197.4,234.3
4114302,281.69,299.65,301,293.7
4114351,440.69,378.4,346.6,393.15
4114401,424.88,399.9,345.2,396.7
4114500,403.12,308.5,288.8,337.13
4114609,357.62,278,253.9,300.46
4114708,281.38,220.5,207.4,238.83
4114807,279.75,225.45,204.6,239.8
4114906,298.5,236.9,230,256.83
4115002,230.88,197.3,176.1,204.37
4115101,333.5,266.45,217.5,279.13
4115200,267.69,221.95,199.6,233
4115309,446.88,402.55,362.6,409.28
4115358,362.56,282.45,248.8,303
4115408,460.88,400.3,367,414.13
4115457,415.44,377.4,345.8,383.76
4115507,306.31,238.2,234.8,261.15
4115606,382.44,315.5,281.4,331.37
4115705,322.38,367.9,359.8,350.3
4115739,420.94,318.85,316.3,353.8
4115754,313.69,256.55,246,274.13
4115804,369.56,308.35,274.4,322.26
4115853,353.69,267.15,251.3,293.8
4115903,244.12,215.65,189.1,219.78
4116000,212.38,164.7,151,178.3
4116059,358.5,328.25,279.8,328.24
4116109,326.25,255.5,228.3,274.2
4116208,329.25,350.1,384.3,350.28
4116307,245,198.45,185.5,211.83
4116406,238.12,197.8,170.9,205.98
4116505,245.56,217.35,191.9,221.63
4116604,263.25,196.1,175.7,215.02
4116703,371.19,283.45,282.8,313.83
4116802,385.81,314.65,300.4,336.3
4116901,258,218.3,191.7,226.33
4116950,414.44,372.35,341.6,380.3
4117008,260.81,192.6,181,213.8
4117057,438.25,364.3,335.8,383.83
4117107,229.38,204.25,178.1,207.3
4117206,263.69,213.15,191.6,226.04
4117214,273.88,208,192.9,227.63
4117222,354.12,270.75,252.3,295.74
4117255,399.62,343.3,296.1,352.63
4117271,360.12,284.2,273.1,308.2
4117297,300.12,237.3,227.9,257.11
4117305,310.12,261.05,240.6,273.67
4117404,310.19,253.95,229.8,268.26
4117453,369.5,314.6,270.2,324.04
4117503,309.5,249.6,225.6,265.22
4117602,443.06,420,380.1,419.35
4117701,307.56,323.55,316.8,316.52
4117800,428.75,329,340.4,366.17
4117909,345.88,253.45,232,280.93
4118006,250.25,216.65,193.6,223.33
4118105,226.12,182.4,176.7,196.37
4118204,291.06,334.3,308.8,313.72
4118303,216.5,177.4,168.6,189.09
4118402,239.25,211.45,181.7,214.65
4118451,370.12,288.75,252.1,309.09
4118501,442.06,397.15,351.4,402.83
4118600,349.06,376.5,345.4,360.2
4118709,337.88,361.5,345.3,349.76
4118808,324.12,247,223.3,268.67
4118857,324.88,242.8,221.7,266.76
4118907,298.25,229.2,209.5,248.93
4119004,428.94,359.1,333.1,377.74
4119103,296.25,334.75,322.7,318.74
4119152,265.75,298.8,306.5,288.98
4119202,274.69,222.85,235.8,243.7
4119251,452.62,380.95,346.5,398.39
4119301,450,425.05,391.1,426.35
4119400,310.94,273.85,255.6,282.78
4119509,322.06,369.95,365.3,352.28
4119608,418.06,331.05,341.3,363.54
4119657,242.19,195.2,180.3,208.3
4119707,240.62,224.95,200.4,225.07
4119806,416.06,351.2,339.1,371.13
4119905,315,317.95,292.6,311.41
4119954,299.75,349.7,333.4,328.78
4120002,211.56,174.2,153.5,182.7
4120101,324.25,329.15,336.7,329.09
4120150,415.06,372.25,330.7,378.11
4120200,222.06,202,177.1,203.57
4120309,392.31,396.1,362.9,387.57
4120333,216,172.45,155.1,183.83
4120358,440.06,373.8,348.1,391.26
4120408,259.62,221.15,189.8,227.72
4120507,211.06,164.4,160.1,179.7
4120606,373.25,349.3,334.4,354.39
4120655,358.12,265.55,245.4,293.37
4120705,241.31,185.85,193.1,206.72
4120804,370.88,383.45,390.7,380.65
4120853,359.12,281.45,261.1,304.04
4120903,413.81,354.75,327.7,369.41
4121000,221.69,214.7,184.7,210.61
4121109,319,232.25,215.5,258.78
4121208,284.19,315.25,309,303.09
4121257,376.62,334.2,290.3,339.41
4121307,231.88,174.15,160.9,191.35
4121356,355.44,271.6,248.6,295.76
4121406,379.81,343.3,311.7,349.13
4121505,335.5,349.3,328.9,340.07
4121604,464.69,398.35,365.8,414.35
4121703,369.94,305.7,295.7,325.87
4121752,458.69,410.15,364.5,417.11
4121802,217.62,164.55,180.6,186.5
4121901,251.94,184.7,182.9,207.7
4122008,337.81,345.95,334,340.52
4122107,302.62,240.3,233.4,260.48
4122156,417.38,371.65,326.8,377.8
4122172,373,278,262.5,307.67
4122206,272.69,279.15,304,282.3
4122305,320.75,346.5,353.6,339.09
4122404,242.69,191.55,179.1,206.63
4122503,398.19,296.75,294.2,331.48
4122602,278.94,224.7,208,239.93
4122651,369.19,276.45,267.3,306.72
4122701,262.56,210.55,197.1,225.72
4122800,461.5,392.25,352,407.59
4122909,238.69,189.6,222.2,213.76
4123006,412.12,369.05,335.8,376.8
4123105,249.88,175.7,177.6,201.91
4123204,273.88,208,192.9,227.63
4123303,221.5,206.7,180.9,206.24
4123402,246.75,205.05,180.7,214.26
4123501,373.31,315.75,266.4,325.04
4123600,224.31,183.25,176.6,196.09
4123709,225.12,206.25,189.6,209.2
4123808,397.06,353.15,327.3,362.8
4123824,414.31,341.5,300.2,357.85
4123857,441.75,349.8,371.1,386.41
4123907,222.5,168.45,166.7,186.87
4123956,223.12,209.5,194.8,211.04
4124004,242.94,196.7,223.4,218.59
4124020,383.12,314,295,333.91
4124053,371.12,303.15,275.2,320.72
4124103,246.31,173.5,171.6,198.41
4124202,225.94,187.75,176.1,198.5
4124301,267.25,204.65,196.5,224.65
4124400,445.88,379.75,344.1,395
4124509,224.62,173.45,170.2,190.54
4124608,273,231.45,206.1,240.39
4124707,289.88,235.1,234,253.91
4124806,430.62,383.6,345.5,391.67
4124905,236.5,197.65,178.8,207.07
4125001,318.88,234.85,214.2,259.59
4125100,324.81,336.8,337.3,332.74
4125209,424.75,372.95,334.6,382.63
4125308,307,250.65,223.9,264.43
4125357,297.06,226.7,205.8,246.63
4125407,246.44,215,214.7,225.87
4125456,371.56,316.9,267.9,325.26
4125506,338.19,372.55,377,361.57
4125555,268.31,224.65,205.3,235.63
4125605,332.62,349.35,348.6,343.37
4125704,379.88,310.35,277.2,327.33
4125753,371.25,321.95,283.6,330.76
4125803,310.5,229.5,216.4,254.83
4125902,229.31,199.05,175.1,204.37
4126009,263.5,199.25,183,218.07
4126108,290.19,235.2,219.7,250.96
4126207,294.69,247.05,239.8,262.04
4126256,268.12,224.15,200.9,234.39
4126272,419.5,386.7,344.2,388.87
4126306,254.5,227.9,229.6,237.52
4126355,369.06,311.1,269.2,322.15
4126405,219.25,168.2,156.2,183.35
4126504,228.94,174.55,162.4,190.83
4126603,242.69,190.4,213.7,213.65
4126652,428.12,381.05,339.5,388.39
4126678,312.81,251.7,234.5,269.22
4126702,255.5,218.05,196.1,226.3
4126801,300.75,231.8,212.6,251.61
4126900,257.19,210.95,185.8,221.57
4127007,337.81,333.9,325.7,333.48
4127106,324.81,269,255.1,285.39
4127205,299.81,236.05,213.4,253.3
4127304,229.56,199.25,172.7,204.02
4127403,348.81,252.05,232.8,281.52
4127502,312.62,270.4,257.2,282.22
4127601,287.94,330.15,316.9,312.59
4127700,368,316.9,267.3,323.89
4127809,258,219.65,220.2,233.11
4127858,418.31,367.2,309.1,372.35
4127882,247.75,273,256.7,260.67
4127908,309.38,236.05,203.4,254.46
4127957,384.38,301,276.9,324.76
4127965,404.88,333.65,331.9,358.04
4128005,362.5,284.1,289.8,312.61
4128104,288.06,226.15,216.3,245.54
4128203,379.75,411.35,350.7,387.17
4128302,250.31,207,184.8,217.24
4128401,234.44,184.4,158.2,196.11
4128500,253.12,209.35,216.3,226.09
4128534,287.94,237.7,231.4,253.8
4128559,391.19,331.55,290.6,343.39
4128609,423.69,366.8,352.8,383.54
4128625,284.69,226.25,202.6,241.43
4128633,266.25,260.6,252.7,260.85
4128658,426.56,384.95,345.3,390.8
4128708,467.81,403.3,371.4,418.8
4128807,296.38,229,210.6,248.43
4200051,453.44,444.25,394.8,436.7
4200101,456.81,414.05,396.3,425.07
4200200,358.5,406.3,342.3,375.76
4200309,361.69,404.55,346.9,377.11
4200408,419.06,415.75,372.8,407.57
4200507,449.5,397.25,362.1,407.78
4200556,451.25,386.3,351.2,401.26
4200606,332.44,395.3,343.8,362.24
4200705,375,401.55,378.3,387.26
4200754,483.38,446,389.7,446.76
4200804,467.56,390.1,358.5,410.17
4200903,343.44,401.15,340.6,367.91
4201000,470.75,447.85,423.3,450.48
4201109,351.19,392.5,368.8,372.98
4201208,311.12,384,323.5,345.5
4201257,339.69,387.7,329.7,358.39
4201273,474,450.55,389.4,445.41
4201307,327.69,395.3,367.6,365.76
4201406,359.25,366.05,391.8,369.28
4201505,302.31,317.45,315.8,311.83
4201604,404.06,399.35,357.3,391.85
4201653,459.81,415.95,375.8,422.48
4201703,338,392.7,339,362
4201802,361.5,406.1,344,377.09
4201901,365.12,387.55,341,369.63
4201950,363.56,371.6,385.7,371.87
4202008,307,378.65,317.8,340.5
4202057,326.69,391.3,352.9,360.48
4202073,380.56,385.8,393.8,385.72
4202081,478.5,369.65,370.8,407.76
4202099,462.38,371.45,360.1,400.61
4202107,310.31,352.75,346.4,336.61
4202131,342.25,374.05,362.5,360.48
4202156,471.44,371.9,357.4,403.37
4202206,332.44,384.45,343.5,357.46
4202305,301.81,391.3,316.6,343.93
4202404,343.5,384.2,350.5,362.72
4202438,398.81,430.85,369.9,406.46
4202453,294.06,390.55,304.7,338.33
4202503,383.56,419.8,411.5,405.39
4202537,452.25,415.85,399.3,424.91
4202578,463.62,397.85,352.8,410.93
4202602,378.5,410.35,366.7,389.78
4202701,324,373.3,314.8,343.43
4202800,299.12,313.65,312.6,308.37
4202859,362.88,408.7,328.8,375.39
4202875,419,414.4,372.5,406.89
4202909,323.5,376.1,325.4,346.78
4203006,380.88,386.45,325.2,371.2
4203105,458.25,397.75,366,411.89
4203154,376.31,384.65,323.7,368.5
4203204,322.44,370.3,318.6,342.41
4203253,422.81,427.35,400.6,419.96
4203303,342.81,409.3,359.4,375.33
4203402,433.62,442.4,401,430.35
4203501,466.31,421.1,362.6,424.11
4203600,467.62,440.65,409.1,443.17
4203709,308.12,372.6,308.6,336.26
4203808,344.44,371.2,347.4,356.72
4203907,472.81,427.55,395.1,436.24
4203956,320.94,337.3,342.4,332.72
4204004,450.69,442.3,382.6,432.24
4204103,448.31,394.35,364.8,406.7
4204152,495.56,458,435.9,466.26
4204178,451.19,426.3,404.2,430.15
4204194,367.94,404,358.3,381.52
4204202,450.88,401.25,358.4,409.2
4204251,340.19,352.95,365.3,351.2
4204301,473.06,450.05,384.8,443.87
4204350,449.25,390.05,367.7,405.78
4204400,453.69,387.85,349.2,402.35
4204459,467.06,412,361.4,420.15
4204509,335,414.6,377.9,378.93
4204558,402.38,420,362.2,401.3
4204608,348.62,361.8,394.3,364.28
4204707,456.19,382.65,350.7,401.28
4204756,453.69,395.95,355.4,407.22
4204806,403,402.3,357.9,392.89
4204905,455.81,379.05,359.8,401.57
4205001,496,405,368.9,428.8
4205100,340.88,374.9,334.6,354.3
4205159,337.31,391.35,347.4,363
4205175,455.12,400.7,370,412.96
4205191,378.94,385.1,395.1,385.13
4205209,449.56,432.05,384.7,427.85
4205308,458.62,437.25,417.7,440.43
4205357,460.88,372.6,354.2,399.3
4205407,294.25,386.25,313.2,338.37
4205431,461.56,406.35,357.4,414.91
4205456,358.19,368.4,396,370.85
4205506,403.06,400.25,348.2,389.91
4205555,401.81,395.85,364.9,391.2
4205605,458.25,412.55,364.1,417.91
4205704,324.19,348.95,350.5,340.67
4205803,383.56,466,414.6,426.15
4205902,336.31,369.1,339.3,351.22
4206009,294.06,390.55,304.7,338.33
4206108,326.88,361,347.8,346.26
4206207,310.69,328.4,323.1,321.09
4206306,327.19,379.15,327,349.74
4206405,479,383.55,370.1,413.83
4206504,338.12,409.7,367.5,375.63
4206603,494.38,418.95,364.7,433.39
4206652,449.94,394.4,359.8,406.2
4206702,445.19,436.8,369.4,425.07
4206751,448.19,440.7,387.3,431.7
4206801,425.25,417.1,363.6,408.3
4206900,338.69,381.75,333.9,356.37
4207007,344.44,351.75,387.5,356.98
4207106,332.12,374.9,326.9,349.59
4207205,325.06,333.1,330.5,329.74
4207304,327.88,346.55,344.4,339.59
4207403,372.81,393.25,352.1,377.2
4207502,331.38,387.65,344.2,358.63
4207577,402.12,389.65,351.8,385.76
4207601,465.38,429.55,372.5,429.61
4207650,463.88,397.85,360.8,412.76
4207684,459.94,411.15,380.5,421.46
4207700,479,452.4,394.5,449.07
4207759,465.12,383.65,357.8,406.37
4207809,465.31,459.8,398.1,448.3
4207858,462.06,406.4,356.3,414.87
4207908,342.19,372.6,357.1,358.65
4208005,468.19,439.9,377.5,436.17
4208104,326,386.7,365.5,360.98
4208203,328.38,372.85,324.4,346.85
4208302,304.88,376.55,316,338.46
4208401,454.56,386.05,357.6,403.7
4208450,359.12,419.05,404.9,395.13
4208500,367.06,391.6,342.1,372.3
4208609,461.88,431.85,379.1,430.83
4208708,391.75,396.2,400.6,395.61
4208807,335,339.95,372.9,345.39
4208906,357.19,443.8,393.7,402.78
4208955,454.25,391.65,349.6,404.28
4209003,446.19,427.55,375,422.61
4209102,390.5,463.2,398,423.74
4209151,333.75,383.2,336.3,355.8
4209177,465.81,409.8,365.2,419.59
4209201,457.44,428.5,376.4,427.24
4209300,421.12,417.1,402.2,415.26
4209409,326.44,336.8,350.9,336.26
4209458,458.31,399.5,369.7,413.48
4209508,363.25,399.35,335,372.8
4209607,326.69,364.3,352,348.54
4209706,363,382.35,349.4,368.46
4209805,347.44,383.7,338.3,361.22
4209854,468.69,455.1,397.7,447.35
4209904,347.62,387.85,337.6,362.93
4210001,315.56,354.55,336.1,336.98
4210035,440.81,428.3,368.4,419.63
4210050,389.5,381.25,342.8,375.76
4210100,331,370.05,366.8,355.76
4210209,328.31,391.6,319.1,353.83
4210308,352.69,380.8,363.8,367.33
4210407,353.75,364.5,392.4,366.83
4210506,450.62,377.75,349.1,396.87
4210555,456.81,394.65,360.9,408.93
4210605,329.38,388.9,365.4,363.09
4210704,371.75,381.75,338.2,368.8
4210803,377,383.65,398.1,384.48
4210852,364.25,395.6,355.7,376.02
4210902,453.56,385,347.7,400.74
4211009,463.88,397.85,360.8,412.76
4211058,414.88,402.3,370.3,399.72
4211108,355.88,394.95,368.9,375.7
4211207,334.25,347.6,375.9,349.11
4211256,391.69,394.1,405.4,395.72
4211306,313.31,351.6,325.2,332.54
4211405,447.62,385.35,348.4,398.98
4211454,454.75,388.25,352.5,403.61
4211504,325.44,388.35,324.5,352.59
4211603,361.38,371.1,395.8,373.09
4211652,465.56,417.2,360.7,421.74
4211702,317.44,355.55,343.8,339.74
4211751,375.5,427.65,352.5,393.17
4211801,455.94,429.75,369,425.65
4211850,454.75,429,414.5,434.8
4211876,469.06,431.7,374.3,432.22
4211892,410.62,431.05,387.7,414.52
4211900,321.5,374.15,335.3,347.39
4212007,485.31,420.8,362.8,430.63
4212056,390.5,424.6,361.9,399.11
4212106,460.19,397.85,362.4,411.83
4212205,355.06,395.25,374.6,376.78
4212239,474.75,366.95,370.6,405.24
4212254,387.44,382.3,390.2,385.8
4212270,459.5,439.5,402.3,438.37
4212304,319.69,362,343.9,343.35
4212403,310.81,324.9,326.9,320.43
4212502,309.94,345.4,328.4,329.37
4212601,471.44,436,379.6,436.07
4212650,326.44,336.8,350.9,336.26
4212700,371.19,416.75,354.6,387.39
4212809,313.56,353.5,333.6,335.28
4212908,449.88,383.6,346.7,398.63
4213005,427.88,412.7,365.1,407.63
4213104,479.19,438.3,379.8,439.8
4213153,448.88,385.2,357.4,401.3
4213203,338.81,395.4,354.2,366.76
4213302,389.81,417.1,345.2,391.98
4213351,400.88,410.4,366.7,397.59
4213401,462.06,438.7,406.5,439.83
4213500,304.88,376.55,316,338.46
4213609,361.94,378.35,356.2,367.83
4213708,356.81,395.3,331.7,368.09
4213807,395.56,396.4,394.7,395.74
4213906,461.62,428.65,371.3,427.65
4214003,347.81,383.5,336.3,360.83
4214102,343.19,388,322,358.07
4214151,489.56,392.3,367.3,420.7
4214201,459.5,396.5,352.8,408.91
4214300,337.5,399.4,329.4,362.65
4214409,397.81,397.1,351.5,387.43
4214508,350.06,388.4,354.4,367.67
4214607,358.94,387.2,338.3,366.74
4214706,338.94,412.95,365.2,376.83
4214805,355.5,388.8,334.2,365.35
4214904,321.25,347.25,346.9,338.13
4215000,320.62,409,367.2,369.17
4215059,402.06,423.25,382.7,407.07
4215075,467.81,392.2,358.5,411.17
4215109,322,386.35,337,353.24
4215208,449.31,376.3,352.6,396.54
4215307,350.88,382.75,357.3,366.13
4215356,465.5,404.1,354.1,414.59
4215406,403.94,402.7,357.4,393.28
4215455,338.06,347.15,375.2,350.09
4215505,386.75,403.45,368.3,390
4215554,466.44,386,363.2,409.02
4215604,321.25,347.25,346.9,338.13
4215653,383.06,380.9,395.5,384.83
4215679,343.81,397.5,360.8,370.85
4215687,467.69,405.55,358.5,416.93
4215695,462.12,396.05,353.8,409.85
4215703,316.81,375.05,332.1,345.46
4215752,472.75,409.9,361.6,421.26
4215802,316.12,377.7,358.1,352.02
4215901,336.56,365.65,349,351.91
4216008,446.12,392.35,353.6,402.63
4216057,401.12,410.6,354.2,395.04
4216107,460.25,411.9,381.4,422.09
4216206,351,418.45,376.2,385.8
4216255,470.38,397.1,363.5,415.28
4216305,310.19,382.7,317.1,343.22
4216354,299.62,366.3,341,337.61
4216404,394.5,389.25,389.8,391.2
4216503,429.5,438.25,410.4,429.15
4216602,287.06,387.9,303.6,334.5
4216701,494.06,395.5,367.5,423.7
4216800,404,422.3,359.3,402.24
4216909,467.31,413.55,357.9,420.15
4217006,302.69,319.55,326,315.09
4217105,318.69,336.35,320.3,326.72
4217154,454.62,382.55,356.2,401.89
4217204,457.5,363.45,357,394.76
4217253,317.44,390.1,322.5,350.13
4217303,451.88,384.5,347.7,399.93
4217402,387.56,473.65,396.8,427
4217501,458.88,430.45,379.9,429.35
4217550,463.62,397.85,352.8,410.93
4217600,360.44,379.2,402.7,377.78
4217709,378.12,381.65,395.2,383.37
4217758,459.94,399.9,351.2,410.2
4217808,353.56,386.8,356.6,368.67
4217907,424.88,417.35,367.5,409.13
4217956,459.94,393.85,354.1,408.2
4218004,296.12,382.25,307.2,335.98
4218103,410.06,414.1,411,412.02
4218202,328.25,388.05,341.6,357.15
4218251,337.12,371.35,352,355.24
4218301,331.38,354.1,346.6,344.57
4218350,334.06,357.95,353.8,348.74
4218400,323.81,338,347.1,335.04
4218509,421.31,417.15,359.9,406.15
4218608,364,408.3,339.2,377.87
4218707,320.88,333.6,345.9,331.85
4218756,466.44,386,363.2,409.02
4218806,388.75,388.2,400.9,391.15
4218855,454.25,391.65,349.6,404.28
4218905,366.81,405.4,378.3,386.09
4218954,415.69,430.6,400.2,418.8
4219002,319.5,339.2,348.6,334.39
4219101,464.12,420.2,417.7,434.93
4219150,434.62,428.2,387.3,421.54
4219176,454.25,443.55,392.5,436.17
4219200,352.69,382.85,339.6,362.96
4219309,420.69,413.25,362.2,404.74
4219358,334.06,382.05,344.4,357.17
4219408,347.25,374,338.2,356.91
4219507,460.94,410,390.9,423.57
4219606,463.5,437.3,396.9,437.63
4219705,450,398.75,373.4,411.07
4219853,471.19,434.3,398.7,439.39
4220000,351,362.45,392.6,365.02
4300034,403.19,341.75,311,356.43
4300059,498.06,451.95,458.6,469.43
4300109,521.75,452.45,390.6,463.11
4300208,472.56,422.7,428.3,441.26
4300307,416.25,350.35,355.5,374.39
4300406,352.5,324.5,258,319.78
4300455,457.31,385.25,392.5,411.89
4300471,496.19,435.8,430.8,455.72
4300505,444.56,395.8,364.3,405.91
4300554,485.19,456.4,427,460.02
4300570,491.94,453.75,443.5,464.8
4300604,489.56,448.75,399.3,452.2
4300638,462.62,379,339.4,399.48
4300646,453.38,414.9,374.6,419.52
4300661,474.94,422.15,415.9,439.15
4300703,427.31,416.9,401.3,417.13
4300802,469.94,452.05,467,461.52
4300851,471.5,405.5,367.4,420.17
4300877,493.88,459.35,418.6,462.5
4300901,470.44,442.65,379.1,438.5
4301008,445.88,415.6,399.3,422.59
4301057,408.94,413.2,414.1,411.91
4301073,494.62,443.7,367.5,444.85
4301107,483.38,427.8,355.7,431.46
4301206,510.44,445.25,430.3,464.67
4301305,398.25,391.4,345,383.7
4301404,473.12,456.7,432,457.04
4301503,487.44,427.3,405.7,443.52
4301552,490.38,466.25,451.1,471.35
4301602,414.19,354.3,312.8,366.11
4301636,462.75,408.4,353.9,415.46
4301651,480.94,447.95,434.6,456.52
4301701,489.69,462.3,417.8,462.15
4301750,498.69,437.9,369.1,444.09
4301800,491.06,471.75,453.1,474.41
4301859,439.06,380.65,338.3,391.76
4301875,236.69,224.55,165.4,215.91
4301909,485.75,437.2,371.7,439.85
4301925,488,463.8,401.7,458.72
4301958,485.19,424.4,415.8,443.67
4302006,511.06,472.5,433,477.33
4302055,468.44,444.6,401.5,443.52
4302105,449,397.3,427,421.74
4302154,462.5,406.2,394,423.13
4302204,428.25,366.3,346.7,383.59
4302220,496.25,436.6,415,452.65
4302238,493,430.35,397.4,444.98
4302253,452.81,429.6,417.5,435.04
4302303,435.62,419.95,431.2,427.85
4302352,497.25,452.4,430.4,463.22
4302378,433.62,375.45,338.6,387.67
4302402,475.25,437.65,386.7,439.65
4302451,530.31,490.9,413.8,487.85
4302501,463.56,384,358.3,406.09
4302584,483.69,429.05,423.6,446.87
4302600,432.5,375.35,340.7,387.7
4302659,475.31,446.95,411.8,449.17
4302709,482.94,422.35,352.1,428.15
4302808,475.75,410.95,328,415.46
4302907,443.06,398.5,306.5,394
4303004,501.88,417.15,357.8,433.72
4303103,489.56,448.75,399.3,452.2
4303202,492.38,479.45,464.1,480.61
4303301,455.62,361,364.7,394.72
4303400,459.44,405.55,367.4,416
4303509,470.62,405,366.3,419.41
4303558,517.12,464.75,465.3,483.09
4303608,422.25,410.15,406.8,413.63
4303673,492.25,443,469.6,465.91
4303707,430.44,348.15,358.3,378.98
4303806,489.38,460.25,420.4,461.72
4303905,498.38,455.7,400.7,458.59
4304002,427.5,368.65,338.8,382.63
4304101,476.81,453.65,425.3,455.54
4304200,539.88,463,413.5,478.98
4304309,422.12,345.8,357.7,374.93
4304358,415.94,358.3,323.2,370.72
4304408,488.12,450.55,435.9,460.43
4304507,466.94,422.5,346.7,421.48
4304606,494.06,454.55,392.8,454.87
4304614,491.81,471.6,415.3,466.39
4304622,494.19,475.75,461.1,478.98
4304630,418.31,410.1,394.6,409.59
4304655,472.12,393.25,359.9,413.43
4304663,422.44,392.25,328.5,388.89
4304671,469.69,419.7,357.4,423.54
4304689,499.94,443.8,393.8,452.46
4304697,429.5,385.75,392.1,402.35
4304705,502.06,436.3,430,457.8
4304713,453.75,443.3,402.8,438.13
4304804,462.06,428.8,424.5,439.43
4304853,488.62,465.75,443.3,468.83
4304903,473.56,435.8,428.4,447.33
4304952,477.44,444.55,431.2,453.09
4305009,471.62,407.55,405.1,429.3
4305108,501,457.5,458.1,472.76
4305116,490.38,466.25,451.1,471.35
4305124,437.5,408.55,339.3,403.57
4305132,544.44,467.5,413.7,482.57
4305157,479.12,426.9,407.4,440.83
4305173,497.75,433.3,371.1,442.2
4305207,438.31,349.25,356.7,381.85
4305306,486.75,423.95,425.2,446.07
4305355,486.38,430.95,369.7,436.91
4305371,495.31,473,470.2,480.15
4305405,456.94,394.35,395,416.26
4305439,348.19,341.6,359.1,347.7
4305447,479,397.55,352.1,416
4305454,468.06,409.85,356,418.39
4305504,504.19,452.1,456.1,471.09
4305587,425.06,382.35,389.2,398.7
4305603,494,450.6,418.3,458.67
4305702,487.56,425.75,430.8,448.35
4305801,471.25,426.5,406.4,437.7
4305835,448.06,423.8,395.3,426.04
4305850,510,433.55,435.9,460.65
4305871,480.06,424.25,413.4,441.3
4305900,432.94,375.35,362.1,392.5
4305934,429.81,397.45,391.5,407.41
4305959,439,378.05,439,412.5
4305975,510.19,448.95,456.1,471.8
4306007,415.94,355.9,337,372.67
4306056,472.56,396,362.9,415.43
4306072,459.56,418.95,380.9,424.8
4306106,492.56,438.85,401,449.3
4306130,487.38,453.05,412.8,456.24
4306205,457.88,438.45,372.1,430.78
4306304,475.94,440.8,418.7,448.22
4306320,425.62,368.1,335.9,381.11
4306353,439.12,345,346.4,378.04
4306379,475,406.5,333,414.35
4306403,504.25,472.65,436.5,475.78
4306429,438.06,382.65,362.6,397.57
4306452,422.88,396.65,396.6,405.76
4306502,476.56,399.25,346.8,414.74
4306551,406.38,402.85,407.5,405.09
4306601,402.31,342.65,287.3,351.37
4306700,514.69,443.05,395.7,457.67
4306734,422,365.25,365.5,385.04
4306759,433.56,418.8,390.8,417.85
4306767,483.56,433,368.1,436.48
4306809,429.5,385.75,392.1,402.35
4306908,466.69,386.2,343.5,404.91
4306924,471.25,426.5,406.4,437.7
4306932,465.81,395.25,379.2,416.3
4306957,467.88,446.55,401.5,444.17
4306973,501.12,465.25,444.6,473.24
4307005,490.88,469.15,418.2,465.63
4307054,513.31,461.4,445.8,476.07
4307104,407.06,379.75,344.1,381.5
4307203,462.69,435.05,378.6,432.39
4307302,440.44,382.45,345.7,394.63
4307401,478.81,470.35,450.6,469
4307450,413.62,359.05,328.7,371.43
4307500,489.25,467.15,427.1,466.13
4307559,495.62,463.75,458,473.59
4307609,502.56,458.9,409.5,463.35
4307708,493.75,444.4,397.8,451.43
4307807,430.94,410.7,363.7,407.52
4307815,504.88,444.15,421.5,460.35
4307831,475.56,407.4,384.1,426.04
4307864,438.88,402.7,425.2,420.17
4307906,480.12,453.35,439.7,459.7
4308003,508.88,441.35,392.3,454.17
4308052,460.44,426.25,372.7,426.5
4308078,454.12,430.65,389.9,429.96
4308102,503.06,460.8,431.3,469.09
4308201,477.81,445.4,448.4,457.33
4308250,492.75,474.1,465.5,478.72
4308300,496.88,473.3,408,467.3
4308409,504.56,422.5,354.9,436.35
4308433,475.75,447.95,418.6,451.24
4308458,476.12,437.8,407.9,444.63
4308508,455.56,408.5,373.2,417.2
4308607,470.38,427.15,430.6,442.93
4308656,410.88,330.2,338.1,359.98
4308706,487.19,461.5,398.7,456.78
4308805,483.81,436.35,366.2,437.61
4308854,495.5,451.8,465.5,469.98
4308904,491.38,471.9,456.4,475.3
4309001,450.75,388,381.7,408.46
4309050,475.94,442.95,391.3,443.2
4309100,495.19,464.4,443.2,470.5
4309126,462.62,427.05,397.8,433.07
4309159,527.56,483.75,445.8,490.74
4309209,481.31,447.2,391.2,446.89
4309258,475.5,431.8,427.7,446.11
4309308,485.62,433.05,367.6,437.11
4309407,448,420.3,406.1,426.85
4309506,449,374,377.5,400.85
4309555,492.94,449.75,417.6,457.78
4309571,545.31,486.5,436.1,496
4309605,413.06,356.6,344.6,373.63
4309654,409.81,351.95,322.3,365.63
4309704,433,372.05,335.8,385.37
4309753,514.62,442.5,407.6,460
4309803,500.31,467.55,461.5,477.63
4309902,483.44,440.15,408.4,448.3
4309951,507.25,466.75,457,478.72
4310009,495.62,451.45,419.2,459.8
4310108,490.38,460.7,413.7,460.8
4310207,479.62,424.55,419.5,442.61
4310306,452.12,431.75,406.7,433.39
4310330,454.69,421.35,391.6,426.48
4310363,432.38,408.85,394.1,413.83
4310405,459.5,393.35,393,416.28
4310413,457.25,392.15,392.3,414.83
4310439,470.56,438.9,472.4,457.2
4310462,505.31,456.35,458.9,473.93
4310504,458.12,411.65,372.5,419.3
4310538,498.12,426.95,364.1,438.04
4310553,426.38,361.55,318.4,374.72
4310579,510.94,478.15,463.8,486.43
4310603,323.44,291.2,243.9,292.13
4310652,415.69,425.65,417.1,420.33
4310702,459.19,445.25,375.2,434.87
4310751,497.81,425.95,374.8,439.83
4310801,507.88,460.7,423.5,469.02
4310850,464.5,421.2,398,431.22
4310876,478.5,457.15,422.9,457.13
4310900,491.19,461.45,426.9,464.28
4311007,383.12,379.4,364.8,377.52
4311106,471.56,396.6,333.1,408.87
4311122,434.88,420.9,419.7,425.5
4311130,495.69,413.7,358.4,430.2
4311155,479.94,410.55,385.4,429.22
4311205,484.5,414.05,377.9,430.7
4311239,533.62,453.25,413.9,472.65
4311254,522.62,481.7,431.5,485.02
4311270,489.12,442.25,412.2,452.02
4311304,497.75,471.4,456.1,477.24
4311403,469.88,440.1,407.2,443.3
4311429,471.94,418.2,404.2,433.85
4311502,426.25,373.3,305.3,376.93
4311601,465,427.2,396.7,433.72
4311627,507.25,458.15,421.6,467.28
4311643,503.06,460.8,431.3,469.09
4311700,480.12,437.95,402.6,444.93
4311718,354.06,314.05,271.7,318.76
4311734,408.5,402.55,392.1,402.35
4311759,373.06,338.4,267.3,335
4311775,442.38,437.1,401.7,431.24
4311791,481.38,448.8,421.5,454.2
4311809,503.81,448.15,457.9,469.63
4311908,483.38,446,389.7,446.76
4311981,488.06,427.4,356.8,433.15
4312005,476.5,451,379.8,444.39
4312054,457.44,430.35,396.5,432.41
4312104,479.5,402.75,333.3,414.35
4312138,501.56,447.4,457.4,468.41
4312153,483,449.55,391,448.46
4312179,444.12,356.3,355.6,386.7
4312203,479.44,457,418.2,456.37
4312252,477.62,418,351.8,424.35
4312302,424.88,369.75,333.9,381.13
4312351,474.19,451.15,430.3,454.63
4312377,469.94,434.6,463.5,453.17
4312385,426.5,388.9,385.6,401.26
4312401,482.06,433.65,378.9,438.59
4312427,498.06,468.05,443.3,473.11
4312443,408.88,404.85,406.7,406.65
4312450,467.88,429.3,357.2,427.04
4312476,504.25,472.65,436.5,475.78
4312500,453.25,404,325.1,403.98
4312609,413.44,381.8,387,393.93
4312617,485.88,449.1,464.3,465.2
4312625,479.88,441.1,413,448.48
4312658,495.44,449.05,421,459.09
4312674,511.94,470.35,453.6,481.17
4312708,460.44,421.5,381.1,426.26
4312757,510.94,478.15,463.8,486.43
4312807,463.88,444.15,427,447.28
4312906,467.75,443.85,433.1,449.83
4312955,492.56,430.4,422.3,450.26
4313003,443.19,419.15,397.4,422.78
4313011,415.62,355.5,342.6,373.61
4313037,464.62,391.25,343.3,406.35
4313060,489,462.5,420.5,462.59
4313086,469.06,461.45,449,461.39
4313102,497.31,441.45,390.5,449.8
4313201,506.88,474.9,457.1,482.15
4313300,449.19,444.35,420.3,440.8
4313334,467.69,406.45,411.6,428.87
4313359,455.81,449.25,454.2,452.61
4313375,495.69,438.65,385.8,447
4313391,540.19,459.35,393.9,473.24
4313409,490.69,445.9,393.5,450.09
4313425,421.31,356.45,356.5,379.02
4313441,470.62,425.6,392.3,434.02
4313466,479.69,429.85,404.2,441.61
4313490,479.38,425.4,412.9,441.46
4313508,457.94,417.6,381.6,423.8
4313607,487.62,465.25,439,467.33
4313656,458.62,404.7,340.5,409.5
4313706,476.81,416.9,423.8,439.24
4313805,430.19,384.85,347,392.39
4313904,488.25,434.05,422.1,450.3
4313953,496.56,428.55,372.8,440.09
4314001,463.88,444.15,427,447.28
4314027,535.69,454.05,404.6,471.7
4314035,490.62,439.85,400.8,449.02
4314050,485.88,449.65,417,455.15
4314068,541.62,468.35,434.9,486.57
4314076,510.94,450.7,376.5,455.52
4314100,509.5,449.05,448.2,469.89
4314134,496.12,464.5,433,468.65
4314159,468.19,438.7,404,441.41
4314175,419.44,380.25,340.9,385.33
4314209,419.5,395.75,345.5,393.09
4314308,487.56,437.7,422.5,451.74
4314407,485.31,427.45,358.8,432.65
4314423,502.19,469.2,436.4,473.54
4314456,461.5,419.65,392.3,428.26
4314464,498.88,483.4,465.5,484.89
4314472,488.81,422.95,403.1,441.54
4314498,438.06,385.15,347.4,395.35
4314506,430,379.05,334.3,387.04
4314548,453,430.7,455.4,443.83
4314555,431.62,335.85,339.4,369.93
4314605,443.81,400.9,342.7,403.17
4314704,457.12,413.15,379.6,421.15
4314753,467.5,438.4,425.3,445.67
4314779,511.81,458.5,447.7,474.7
4314787,485.81,457.55,415.5,458.24
4314803,504.25,452,415,462.13
4314902,492.5,447,385.9,449.54
4315008,436.12,345.15,358.2,379.63
4315057,420.31,357.05,354.1,378.41
4315073,421.31,354.25,354.2,377.57
4315107,432.38,338.4,337.2,370.83
4315131,461.25,440.5,397.1,438.28
4315149,507.88,460.7,423.5,469.02
4315156,497.94,483.55,416.3,473.93
4315172,445.38,429.55,446.1,438.65
4315206,446.88,429.7,399.3,429.07
4315305,315.81,280.6,219.7,279.61
4315313,501.69,460.1,453,473.02
4315321,503.56,421.3,359.8,436.54
4315354,476.69,438,411.9,445.78
4315404,436.5,375.5,341.3,389.28
4315453,438.25,417.8,392.7,419.46
4315503,511.31,435.45,361.9,445.85
4315552,454.56,399.8,366.9,411.7
4315602,391,390.15,330.6,377.5
4315701,503.69,425.15,369,440.26
4315750,447.31,439.35,408.7,435.46
4315800,424.69,387.5,395.8,402.24
4315909,459.62,416.7,386.3,425.02
4315958,436.12,339.75,349.8,375.46
4316006,470.19,451.3,409.8,448.85
4316105,484,445.35,430.7,455.61
4316204,486.62,430.35,422.3,448.17
4316303,437.38,344.25,339.8,375.67
4316402,420,366.75,297.8,370.28
4316428,473.88,422.2,407.6,437
4316436,513.69,446.05,441.1,468.5
4316451,468.56,433.5,410.3,440.65
4316477,436.12,351.8,354.1,381.63
4316501,470.5,446,422.7,449.46
4316600,496.31,469.7,452,475.11
4316709,493.56,434.5,427.4,453.5
4316733,495.81,466.75,458.2,475
4316758,480.75,441.55,403,446.8
4316808,525.06,468.5,401,473.5
4316907,496.81,420.95,357.7,433.59
4316956,512.31,478.35,452.9,484.63
4316972,456.56,395.15,314.2,398.91
4317004,454.44,395,330.8,401.72
4317103,363,327.55,261.8,325.59
4317202,442.44,375.55,385.5,400.98
4317251,422.06,396.15,392.4,404.35
4317301,349.94,343,362.3,349.61
4317400,474.81,397.05,354.1,414.76
4317509,465.69,397.5,394.5,420.57
4317558,498.38,453.25,459.6,470.33
4317608,465.62,437.5,386.6,436.22
4317707,415.69,330.95,331.5,360.54
4317756,502.94,458.9,441.7,470.48
4317806,467,396.45,400.1,421.78
4317905,421.62,356,355.6,378.74
4317954,494.12,477.4,459.1,479.24
4318002,360.94,310.15,279.3,321.11
4318051,472,438.55,421.5,446.48
4318101,422.81,361.9,304.3,370.57
4318200,447.31,430.1,417.5,433.35
4318309,429.81,369.5,298.8,375.11
4318408,490.19,428.6,354.6,433.93
4318424,483.75,468.05,445.5,468.61
4318432,509.56,432.4,358,443.07
4318440,478,438.45,421.7,448.57
4318457,473.88,422.2,407.6,437
4318465,460.38,435.85,400.5,436.7
4318481,507.25,458.15,421.6,467.28
4318499,458.62,386.1,392,412.61
4318507,441.31,401.9,333.6,400.76
4318606,494.94,476.85,460.9,479.67
4318614,492.94,449.75,417.6,457.78
4318622,427.31,431.95,431.5,430.24
4318705,493.81,446.65,400.8,453.09
4318804,469.38,396.45,359.1,413.7
4318903,457.94,366.25,358.3,396.41
4319000,490.62,436.55,470.7,462.78
4319109,436.44,367.35,351.1,387.85
4319125,494.81,424.45,369.8,437.04
4319158,467.75,392.8,369.4,413.78
4319208,426.75,335.3,338.8,367.87
4319307,434.94,345.35,352.1,377.98
4319356,470.5,446,422.7,449.46
4319364,471.94,418.2,404.2,433.85
4319372,438.94,349.1,352.8,381.15
4319406,488.56,409.8,339.9,422
4319505,503.12,447.45,418.4,460.5
4319604,491.69,403.75,341.5,420.8
4319703,487.31,452.4,414.1,456.22
4319711,428.5,385.7,404.2,404.61
4319737,439.38,372.15,359.9,392.87
4319752,491.94,453.75,443.5,464.8
4319802,458.38,393.35,314.2,398.76
4319901,493.88,459.35,418.6,462.5
4320008,493.75,444.4,397.8,451.43
4320107,497.12,441.1,425.6,457.22
4320206,461.69,413.5,392.9,425.78
4320230,431.25,371.3,342.8,385.96
4320263,521.25,456.95,428,473.02
4320305,486.06,451,416.9,455.78
4320321,444,372.05,382.7,399.39
4320354,485.12,424.7,367.7,433.33
4320404,469.81,447.7,437.8,453.24
4320453,491.81,471.6,415.3,466.39
4320503,500.44,458,465.4,474.37
4320552,490,426.85,358.6,433.98
4320578,452.75,374,381.5,403.02
4320602,484.62,456.85,399.7,454.09
4320651,497.75,427.35,361.2,437.46
4320677,535.56,489.75,429,492.48
4320701,531.88,446.3,423.9,471.2
4320800,505.12,474.95,449.1,479.83
4320859,462.75,428.6,389.9,432.07
4320909,498.88,469.05,476.8,481.11
4321006,483.38,446.45,421,453.76
4321105,475,420.25,356.9,425.52
4321204,485.62,453.8,409.8,455.3
4321303,481.88,441.35,380.6,442.24
4321329,432.5,387.6,348.8,394.78
4321352,444,402.05,342.9,403.78
4321402,425.94,379.3,338.3,386.61
4321436,418.31,410.1,394.6,409.59
4321451,447.31,426.55,412,430.61
4321469,511.12,475,447.4,481.57
4321477,419.12,363.7,339.5,377.72
4321493,487.69,416.9,342.5,425.35
4321501,406.38,402.85,407.5,405.09
4321600,464.12,417.1,378.4,425.04
4321626,443.19,419.15,397.4,422.78
4321634,484.62,456.85,399.7,454.09
4321667,407.19,409.75,410.7,409.07
4321709,474.81,451.2,422.8,453.24
4321808,446.75,377.65,378.3,401.83
4321832,410.19,420.2,412.2,414.98
4321857,463.56,433.5,397.9,436.22
4321907,412.44,356.95,327.1,369.76
4321956,463.81,435.5,392.8,436.07
4322004,484.94,432.15,373.2,437.7
4322103,438.25,371.7,382.3,397.15
4322152,508.62,470.6,428.8,474.74
4322186,513.69,497.55,470.1,497.2
4322202,503.25,420.3,379.7,440.33
4322251,495.44,455.55,428.6,463.57
4322301,427.12,360.55,364.4,384.54
4322327,467.75,416.35,349.8,419.76
4322343,436.06,353.55,367.8,385.35
4322350,481.12,455.5,431.7,459.24
4322376,431.06,367.9,316.1,378.61
4322400,277.06,258.3,192,250.41
4322509,448.81,428,448,439.59
4322525,484.38,429.2,361.7,433.72
4322533,549.56,483.25,431.4,495.04
4322541,489.75,454.75,439.7,463.65
4322558,475.94,440.8,418.7,448.22
4322608,483,449.55,391,448.46
4322707,521.19,459.3,383.8,464.41
4322806,451.88,424.45,452.4,440.07
4322855,413.31,380,391.7,394.13
4322905,481.94,452.6,400.2,451.41
4323002,480.62,433,370.4,435.96
4323101,459.31,405.45,363.9,415.15
4323200,508.5,458.85,443.1,472.7
4323309,460.81,428.85,445.9,443.67
4323358,506.5,459.4,458.1,475.5
4323408,502.75,457.2,473.4,476.57
4323457,475.5,399.35,322.9,409.22
4323507,430.19,384.85,347,392.39
4323606,438.88,402.7,425.2,420.17
4323705,439.06,380.65,338.3,391.76
4323754,463.19,385.5,376.3,410.52
4323770,447.31,426.55,412,430.61
4323804,455,424.85,398.6,429.63
5000203,152.94,87,97.6,112.24
5000252,128.88,75.35,95,98.24
5000609,255.38,213,173.5,219.15
5000708,168.25,121.1,131.5,139.76
5000807,210.94,176,171.8,187.24
5000856,219.94,189.45,173.9,196.67
5000906,214.38,173,158.2,184.17
5001003,111,75.4,83,89.43
5001102,129.94,90.7,103.3,107.09
5001243,251.25,204.8,175.7,214.63
5001508,167.31,107.65,119.4,130.96
5001904,181.12,151.25,150.7,161.52
5002001,222.75,184.9,180.5,197.11
5002100,186.75,143.05,138.2,157.2
5002159,141.31,110.5,127.9,125
5002209,168.94,126.25,135.5,143.11
5002308,157.06,101.7,116.5,124.17
5002407,215.75,185.45,162.8,191.07
5002605,142.19,101.45,96.5,114.54
5002704,173.75,137.9,147.5,152.46
5002803,167.69,126.85,121.9,139.98
5002902,136.12,75.15,89,99.37
5002951,140.06,91,95.9,109.13
5003108,157.5,90.05,117.9,119.57
5003157,265,212.55,179.9,223.7
5003207,86,64.95,82.8,76.15
5003256,131.75,83.7,97.3,103.37
5003306,104.5,64.9,106.5,87.72
5003454,222,189.15,170,196.41
5003488,174.56,119.95,145.5,144.5
5003504,207.31,168,155.5,178.96
5003702,212.12,177.2,175.1,188.89
5003751,287.81,228.3,202.7,243.43
5003801,218,188.65,171.3,195.09
5003900,122.31,82.4,97.4,99.54
5004007,227.31,193.85,178.1,202.07
5004106,197.38,145.1,139.3,162.02
5004304,264.06,219.25,189.4,228.35
5004403,133.44,78.5,89,99.89
5004502,211.12,170.8,172.1,185.11
5004601,255.62,215.35,190.4,223.93
5004700,223.75,190.05,179.4,199.46
5004809,303.38,232.6,206.1,251.46
5004908,179.06,118.7,141.4,144.63
5005004,186.25,130.05,137.9,151.3
5005103,223,204.35,190.6,207.85
5005152,227.31,198.75,174.3,203.37
5005202,93.44,75.35,97.3,86.41
5005251,228.62,195.95,177.7,203.35
5005400,196.62,148.05,168,169.28
5005608,125.12,90.2,109.3,106.5
5005681,318.56,237.3,216,260.93
5005707,239.19,211.65,190.5,216.63
5005806,180.31,125.7,137,147.15
5006002,183.44,151.7,146.5,161.61
5006200,201.44,166.5,169.6,179.33
5006259,213.5,198.35,181.6,199.98
5006275,148.38,84.25,91.1,108.04
5006309,104.88,58.3,80.6,79.35
5006358,283.56,224.25,189.7,237.37
5006408,111.94,62.4,98.9,87.57
5006606,217.94,187.85,171.3,194.72
5006903,125.06,108.2,111.1,114.7
5007109,172.25,109.15,133.5,136.39
5007208,191.06,163.15,149.1,169.8
5007307,144.81,81.75,102.3,108.15
5007406,108.19,72.6,107.5,92.57
5007505,172.75,102.25,134.4,133.76
5007554,170.12,123.95,134.8,142.37
5007695,125.12,82.35,98,100.63
5007703,283.88,220.35,192.7,236.43
5007802,128.19,87.05,88.9,101.76
5007901,184.69,139.95,162.9,160.5
5007935,115.06,62.8,89.4,86.76
5007950,283,224.45,193.2,238.02
5007976,220.88,197.05,174.7,200.48
5008008,174.69,122.55,153.4,147.39
5008305,139.06,94.3,99.2,110.93
5008404,221.31,190.75,167,196.22
5100102,106.56,48.2,79.7,75.35
5100201,71.06,36.7,58.9,53.48
5100250,147.5,101.2,129.3,123.41
5100300,128.19,64.05,81.5,90.15
5100359,60.62,46.9,53.4,53.09
5100409,107.44,58.45,75.3,79.15
5100508,103.31,47.45,79.9,73.93
5100607,125.69,71.5,90,94.37
5100805,139,97.65,134.2,119.98
5101001,63.69,31.65,45.9,45.89
5101209,101.12,55.4,68.5,74.15
5101258,99.56,60.3,105.1,83.7
5101308,100.56,53.45,87.9,77.33
5101407,105.75,67.4,85.4,84.65
5101605,93.62,42.3,70.7,66.33
5101704,109.69,55.65,74.3,78.5
5101803,82.69,35.15,55.8,56.17
5101852,64.88,37.35,50,49.67
5101902,101.81,56.5,67,74.54
5102504,88.56,50.3,77.8,69.59
5102603,89.5,36.7,59.9,60.11
5102637,107.56,56.95,82.2,80.04
5102678,105.94,53.85,83.7,78.46
5102686,131.38,75.1,105.6,101.3
5102694,76.12,54.9,73.5,66.33
5102702,68.12,34.45,47.2,48.93
5102793,143.88,96.25,123.1,118.65
5102850,116,76.9,101.8,95.91
5103007,120.56,51.3,81.2,81.89
5103056,107.69,64.35,83.1,83.5
5103106,60.38,31.45,40.1,43.39
5103205,134,77.85,110.3,104.43
5103254,143.62,93.8,144.1,122.07
5103304,123.62,79.1,122.6,104.04
5103353,76.06,54.7,87.6,69.28
5103361,92.81,55.5,87,75.33
5103379,121.94,91.9,111.2,106.54
5103403,125.69,52.95,98.4,88.13
5103437,94.75,54.9,81.8,74.61
5103452,102.19,52.8,82.1,76.35
5103502,104.19,51.8,85.9,77.43
5103601,111.44,51.25,70.6,76.39
5103700,78.69,50.7,72.4,65.15
5103809,91.19,56.75,94.7,76.98
5103858,66.88,35.15,60.9,51.78
5103908,92.06,48.55,64.2,67.09
5103957,84.69,54.65,90.9,72.98
5104104,132.44,85.6,132,111.98
5104203,91.38,57.25,70.6,72.02
5104500,94.31,58.8,100.4,80.2
5104526,101.38,59.1,75.7,77.41
5104542,102.62,54.5,84.9,77.85
5104559,122,66.95,94.4,92.07
5104609,108.06,56.15,85.4,80.57
5104807,118.12,60.05,78.8,84.33
5104906,97.56,48.6,77.3,71.87
5105002,92.31,62.25,94.9,79.8
5105101,124.12,72.3,103.5,97.11
5105150,110.94,58.45,99.6,85.65
5105176,111.56,90.35,110.8,102.17
5105200,110.31,51.1,81.6,78.33
5105234,105.25,61.2,85.1,81.72
5105259,88.94,47.75,71.2,67.17
5105309,52.5,41.2,67.8,50.91
5105507,85.06,47.55,77.1,67.02
5105580,109.56,67.1,93.7,87.65
5105606,127.94,84.75,108.9,105.02
5105622,93,58.95,83.7,76.17
5105903,109.69,47.5,77,75.54
5106000,104.62,55,89.7,79.8
5106109,100.94,49.2,70.8,71.89
5106158,135.5,101.6,120.9,117.59
5106174,68.06,39.3,42.7,50.04
5106182,105.06,63.8,88.8,83.59
5106190,110.81,71.6,92.4,89.76
5106208,109.62,53.95,86.5,80.39
5106216,136.62,78.35,116.8,106.98
5106224,99.44,49.75,77.4,73.04
5106232,109.19,58.6,75,79.76
5106240,67.19,49.1,62.8,58.37
5106257,77.12,34.5,54.3,53.63
5106265,146.88,101,142.4,125.96
5106273,120.75,68.6,103.9,94.41
5106281,97.75,40.95,64,65.72
5106299,137.88,98.7,130.5,119.24
5106307,85.31,42.05,63.2,61.7
5106315,50.19,34.85,43.3,42.02
5106372,105.81,50.8,83.6,77.07
5106422,123.06,79.05,103.7,99.72
5106455,113.19,49.65,79.9,78.33
5106505,97.75,42.85,73.1,68.52
5106653,79.12,37.1,59.1,56.5
5106703,84.81,48.2,69.6,65.59
5106752,82.38,48.7,84.6,68.22
5106778,79.31,57,79,69.54
5106802,121.62,57.35,95,87.89
5106828,83.81,55.15,87.8,72.22
5106851,98.31,47.9,66.5,69.48
5107008,102.69,54.25,66.3,73.72
5107040,111.81,46.4,73.9,75.13
5107065,83.88,50.85,66.4,65.72
5107107,93.38,59.45,91.6,78.24
5107156,109.19,66.2,103.6,89.28
5107180,67.81,34.85,44.1,48.33
5107198,80.5,42,65,60.39
5107206,100.56,61.15,93.3,81.85
5107248,92.62,55.65,70.8,71.8
5107263,116.56,65.4,96.1,89.87
5107297,103.81,47.65,66.8,71.35
5107305,96.06,49.45,78.3,71.93
5107354,102.44,67.35,85.7,83.54
5107404,105.38,50.15,75.2,74.8
5107578,119.31,71.45,101.6,94.65
5107602,103.88,49.9,71.6,73.39
5107701,109.25,46.75,66.9,72.87
5107743,97.5,65.7,87.3,81.46
5107750,113.44,63.9,94,87.67
5107768,92.19,46.95,73.9,68.54
5107776,59.94,41.75,70.8,54.39
5107792,108,41.9,71.8,71.39
5107800,110.5,50,72.8,76
5107859,72.38,54.25,71.3,64.26
5107875,111.44,74.9,91.3,91.17
5107883,56.31,39.05,49.7,47.37
5107909,101.19,64.15,72.6,78.87
5107925,75.75,48.25,67.2,61.93
5107941,123,62.35,95.8,90.72
5107958,125.56,65.7,98,93.54
5108006,91.38,54.2,79.9,72.72
5108055,120.38,80.15,104.8,99.5
5108105,89.19,53.5,65.6,68.54
5108204,79.31,39.35,58.6,57.43
5108303,94.06,57.85,76.1,74.41
5108352,101.06,68.55,100.8,86.87
5108402,102.44,51.7,87.1,77.04
5108501,80,58.3,61.1,66.46
5108600,73.06,53.75,80.4,66.26
5108808,133.69,87.15,119.4,110.35
5108857,117.31,63.45,93.9,88.8
5108907,97.62,56.4,64.8,72.57
5108956,128.62,95.15,123.1,112.87
5200050,77.38,37.65,62.4,56.85
5200100,69.44,40.05,64.8,55.65
5200134,68.94,42.55,69,57.48
5200159,55.75,39.05,59.9,49.39
5200175,56.19,30.9,41.5,42
5200209,71.25,44.65,61.6,57.59
5200258,74.88,42.7,62.7,58.24
5200308,76.06,47,66.8,61.41
5200506,71.44,48.3,73.8,61.89
5200555,48.12,32.2,56.4,43
5200605,47.44,24.3,39.3,35.61
5200803,38.44,15.85,29.4,26.65
5200829,49.44,27.25,43.4,38.48
5200852,56,40.85,59.8,50.24
5200902,61.94,33.15,52.7,47.41
5201108,68.94,40.45,62,55.04
5201207,73.88,42.8,70.3,59.59
5201306,58.81,40,59.8,50.85
5201405,69.5,38.8,66.9,55.59
5201454,100.5,57.75,79.5,77.35
5201504,124.88,75.95,87.3,95.43
5201603,65.25,38.25,58.3,52
5201702,69.75,37.15,50.8,51.46
5201801,71.88,37.85,68.2,56.28
5202155,58.38,38.35,40.9,45.87
5202353,58.69,37.4,46.9,46.87
5202502,52.69,30.45,36.9,39.59
5202601,63.62,32.9,57.4,48.91
5202809,67.5,35.8,55.7,51.15
5203104,78.75,40.3,56.9,57.28
5203203,53,34.75,49.6,44.33
5203302,64.56,50.3,68.4,59.2
5203401,67.19,39.95,45.3,50.59
5203500,77,49.25,69,63.2
5203559,66.31,39.1,60.6,53.24
5203575,53.44,26.55,37.8,38.35
5203609,69.5,36.7,56.9,52.5
5203807,50.5,31.25,36,38.98
5203906,70.94,43.45,66.5,58.02
5203939,53.31,32.7,50,43.63
5203962,39.81,17.55,30.4,28.09
5204003,46.62,21.95,41.5,34.78
5204102,98.19,58.05,72.3,75.11
5204201,64,29.6,56.6,47.43
5204250,76.38,44.7,61.1,59.28
5204300,96.88,56.25,68.2,72.98
5204409,83.62,50.9,63.1,64.93
5204508,71.38,48.9,61.5,59.46
5204557,67.12,42.05,63.2,55.37
5204607,70.94,33.85,59.6,52.35
5204656,55,24.25,47.7,40.04
5204706,53.19,26.9,53.7,41.87
5204805,59.56,50.7,55.4,54.8
5204854,69.62,36.7,57,52.57
5204904,35.19,19.6,29.4,27.15
5204953,47.5,31.75,56.8,42.67
5205000,62.12,41.3,51.9,50.85
5205059,75.44,51.4,63.8,62.46
5205109,66.56,47.7,55.3,55.91
5205208,71.81,34.5,53.7,51.65
5205307,48.88,21.8,39.3,35.02
5205406,58.44,44.4,53.3,51.22
5205455,63.06,36.6,64.7,51.91
5205471,130.56,74.5,91.5,97.7
5205497,67,40.1,65.2,54.91
5205513,73.5,36.55,65.9,55.78
5205521,46.56,25,40.6,35.89
5205703,56.88,32.1,54.9,45.67
5205802,76.38,38.75,68.1,58.22
5205901,65.25,43.5,67.3,56.24
5206206,58.38,32.95,52.1,45.96
5206305,60.94,53.05,62.9,57.93
5206404,55.62,34.75,51.7,45.7
5206503,64.88,46.15,71.8,58.24
5206602,74.31,42.8,70.3,59.74
5206701,39,16.75,34,28.24
5206800,66.5,35.7,55.3,50.67
5206909,71.62,43.75,55.7,56.04
5207105,56.81,35.85,47.2,45.61
5207253,81.38,44.75,55.4,59.8
5207352,65.94,39.05,69.6,55.04
5207402,68.06,39.75,70.8,56.35
5207501,56.62,28.8,47.8,42.61
5207535,51.88,36.05,43.6,43.2
5207600,52.94,29.75,46.7,41.5
5207808,64,34.8,60,50.43
5207907,42.81,17.7,33.8,29.93
5208004,52.62,21.2,42.6,36.78
5208103,56.19,26.85,46.4,41.3
5208152,67.62,40.85,62,54.76
5208301,35.5,19,31.6,27.48
5208400,68.56,39.45,61.4,54.35
5208509,71.5,40.7,61.7,55.98
5208608,55.75,38.65,53.1,47.74
5208707,73.31,38.65,63.4,56.09
5208806,74.12,35.7,55.9,53.46
5208905,53.44,38.15,48.7,45.76
5209101,75.06,45.05,68.4,60.57
5209150,78.25,50.3,61.1,62.37
5209200,68.62,38.25,65.6,54.76
5209291,55.5,40.1,49.9,47.59
5209408,38.62,16.05,25.7,26
5209457,49.81,37.2,56.9,45.87
5209606,61.62,42.8,54.6,51.91
5209705,65.81,48.15,67.2,58.43
5209804,49.44,41.55,58.1,47.89
5209903,38.38,13.5,25,24.65
5209937,79.19,49.7,60.5,62.3
5209952,64.25,31.75,65.5,50.39
5210000,69,36.85,56.4,52.28
5210109,63.06,46.5,59.7,55.13
5210158,57.38,45.1,53.6,51.22
5210208,63.38,33.05,50,47.28
5210307,55.06,27.95,49.4,42.04
5210406,59.94,41,56,50.85
5210562,62.75,36.85,52.8,49.33
5210604,59.94,42.35,55.1,51.24
5210802,107.44,57.85,76.2,79.09
5210901,54.31,47.5,56.1,51.74
5211008,47.19,32.4,39.9,39.17
5211206,58.12,41.85,51.1,49.52
5211305,107.75,58.5,72.9,78.76
5211404,60.12,38.25,56.2,49.76
5211503,75.5,49.7,64.3,61.85
5211602,63.62,31.75,53.5,47.57
5211701,66.38,32.9,64.7,51.46
5211800,63.94,36.15,57.1,50.37
5211909,106.88,59,79.1,80.02
5212006,57.5,31.8,46.3,43.89
5212055,64.81,37,59.5,51.57
5212105,70.38,43.7,68,58.26
5212204,50.12,32.15,40,40.11
5212253,103.81,61.65,75.4,79.3
5212303,69.94,42.85,62.5,56.54
5212501,63.25,37.45,58.7,51.04
5212600,65.38,43.65,70.2,56.98
5212709,39.12,16.9,35.1,28.59
5212808,50.31,27.1,44.3,38.91
5212907,66.56,45.5,60.9,56.17
5212956,48.69,32.05,37.5,39.02
5213004,75.62,51.05,63.4,62.28
5213053,60.06,29.6,48.6,44.33
5213087,63.25,29.4,39.6,43.39
5213103,106.5,63.95,85.8,83.5
5213400,60.25,28.5,52.1,44.67
5213509,35.19,14,29.9,24.83
5213707,55.81,36.45,42.7,44.54
5213756,82.38,54.2,71.6,67.78
5213772,56.31,29.4,31.5,39.22
5213806,73.06,48.55,69.6,61.65
5213855,57.5,40,47.3,47.67
5213905,54.06,38.55,58.2,48.22
5214002,51.88,30.1,40.7,39.98
5214051,53.25,25.4,43.6,39.04
5214101,53.06,33.95,38.9,41.67
5214408,67.81,35.4,56.6,51.28
5214507,67.94,37.9,60.9,53.35
5214606,47.69,27.7,52.3,40
5214705,57.69,45.2,53.1,51.26
5214804,67.06,43.1,61.2,55.37
5214838,55.25,29.9,43.3,41.63
5214861,56.06,49.8,54,52.89
5214879,45.19,38.9,58.7,45.39
5214903,46.44,18.8,35.6,32.07
5215009,69.5,36.7,56.9,52.5
5215207,49.25,30.35,45.3,40.17
5215231,74.06,42.3,69.6,59.28
5215256,51.06,31.65,39.6,40.13
5215306,63.12,46.55,54.8,54.11
5215405,65.25,36.5,55.2,50.57
5215504,72.44,38,61,54.98
5215603,73.94,33.5,52.9,51.78
5215652,65.81,41.85,48.7,51.67
5215702,62.94,36.9,64.3,51.91
5215801,60.56,46.7,58.7,54.13
5215900,66.75,35.8,63,52.48
5216007,72.56,43.1,65.3,58.17
5216304,93.81,53.15,64.6,69.78
5216403,70.94,36.2,64.8,54.5
5216452,92.5,53.9,80,73
5216809,65.25,36.95,56.6,51.07
5216908,46.12,34.6,58.7,43.85
5217104,62.62,52.6,65.2,58.83
5217203,72.06,43.25,48,54.3
5217302,70.31,37.7,60.3,53.96
5217401,58.38,46.85,59.9,53.7
5217609,67,31.55,49.7,47.83
5217708,68.5,43.45,69.3,57.78
5218003,51.12,32.15,35.3,39.43
5218052,71.38,49.5,67.3,60.98
5218102,103.69,60.6,82.8,80.41
5218300,39.88,16.25,28.2,27.07
5218391,64.5,48.35,67.3,58.09
5218508,80.06,53.05,62,64.39
5218607,57.5,40.35,50.7,48.57
5218706,59.69,39.4,51.5,49.09
5218789,71.62,47.25,62.2,58.98
5218805,89,56.55,80.2,72.98
5218904,58.69,45.2,53.1,51.61
5219001,52.44,36.6,53.1,45.7
5219100,68.62,34.75,54.8,50.89
5219209,60.12,47.5,63,55.26
5219258,51.38,32.05,38.7,40.22
5219308,73,48.65,64.3,60.52
5219357,56.19,36.9,56.2,47.8
5219407,111.5,59.15,71.9,80.13
5219456,48.38,37.6,54.8,45.09
5219506,65.5,37.2,56.1,51.15
5219605,55.94,32.45,44,43.13
5219704,46.25,32.8,55.8,42.48
5219712,70.25,46.8,69.3,59.85
5219738,68.5,38.25,59.6,53.41
5219753,80.06,53.6,71.8,66.76
5219803,37.56,21.6,27.1,28.35
5219902,67.44,36.8,59.2,52.33
5220009,46.31,22.8,36.1,33.87
5220058,68.62,35.1,60.2,52.22
5220108,61.44,35.15,58.2,49.3
5220157,51.5,43.75,54.1,48.7
5220207,51.88,28.1,40.5,39.07
5220264,64.38,51.2,64.6,58.7
5220280,58.5,41.9,48.4,49.09
5220405,91.19,55.8,60.7,69.17
5220454,68.81,39.3,66.6,55.5
5220504,118.69,68.8,82.1,89.04
5220603,66.94,43.55,61.4,55.57
5220686,40.19,15.9,27.9,26.96
5220702,39.38,15.5,33.5,27.72
5221007,62.62,37.3,54.9,49.93
5221080,44.56,17.8,37.5,31.39
5221197,67,38.95,59.9,53.26
5221304,74,39.35,62,56.33
5221403,73.62,36.35,61.4,54.76
5221452,68.38,28.1,41.8,45.09
5221502,57.81,35.35,58.2,48.13
5221551,70.56,46.75,64.9,58.98
5221577,45.56,26.65,51.2,38.57
5221601,47.5,39.1,59.6,46.48
5221700,60.06,41.85,54.6,50.96
5221809,61.06,46.55,61.4,54.83
5221858,72.31,45.65,71.3,60.5
5221908,64.19,37.1,64.4,52.46
5222005,59.44,46.05,56,52.87
5222054,69.56,43.4,69.3,58.13
5222203,47.06,18.85,32.4,31.61
5222302,57.25,28.7,53.7,44.07
5300108,68.38,35.65,60.3,52.39
