code_muni,en,ln,n,med
1100015,819.06,811.05,914.4,836.87
1100023,883.31,854.32,987.7,894.27
1100031,889.88,876.47,932.6,893.71
1100049,902.19,919.53,910.8,911.42
1100056,856.38,860.21,915.4,871.11
1100064,876.5,884.37,945.2,895.09
1100072,837.56,863.11,916.2,865.82
1100080,720.56,746.89,788,746.67
1100098,881.25,935.84,921.1,913.16
1100106,714.5,716.21,756.5,724.56
1100114,830.5,855.26,928,862.62
1100122,906.69,873.05,940.9,900.09
1100130,933.62,1000.11,1109.3,1000.73
1100148,858.94,811.47,862.3,839.64
1100155,872.06,832.79,919.9,866.11
1100189,848.31,933.53,937.9,904.2
1100205,905.75,919.16,915.9,913.67
1100254,921.19,846.05,890.9,882.73
1100262,947,983.32,1073.4,990.42
1100288,877.19,880.68,872.7,877.67
1100296,869.5,869.63,893.5,874.89
1100304,849.81,919.58,950,901.53
1100320,804.12,803.16,876.5,819.8
1100338,844.75,827.05,788.8,824.84
1100346,832.31,825.37,870,837.76
1100379,822.56,828,923.9,847.38
1100403,913.31,881.58,988.4,916.6
1100452,945.88,970.32,988.3,965.62
1100502,892,858.95,849.3,868.56
1100601,838.69,808.16,968.6,854.67
1100700,886.88,965.79,987.3,942.51
1100809,951.81,1025.21,1085.5,1012.51
1100908,905.25,858.58,884.1,880.84
1100924,797.69,878,923,859.44
1100940,942.81,990.21,1084.3,994.27
1101005,850.94,883.74,928.6,882.04
1101104,936.12,960.11,1052.7,972.16
1101203,933.62,865.26,911.9,899.93
1101302,851.44,855.95,884.1,860.6
1101401,891.31,896.84,998.6,917.49
1101435,842.38,845.58,883.1,852.78
1101450,834.44,873.79,908.7,867.56
1101468,840.31,831.05,930.9,856.53
1101476,875.62,905.95,915.1,897.2
1101484,873.56,898.05,901.7,890.16
1101492,729.31,758.47,832.6,764.58
1101500,764.56,814,855.4,805.62
1101559,860.19,845.05,888.5,860.09
1101609,920,911.74,1016.9,938.04
1101708,854.75,841.53,885.7,856.04
1101757,903.56,952.58,1063.5,959.8
1101807,884.88,839.05,936.2,876.93
1200013,837.5,829.53,870.9,841.56
1200054,741.44,724,733.9,732.4
1200104,731.06,704.16,720.2,717.29
1200138,737.06,793.53,787.1,772.02
1200179,759,789.58,797.5,780.47
1200203,748.12,751.26,729.3,745.27
1200252,741.12,702.26,719,719.8
1200302,786.25,846.37,777.8,809.76
1200328,716.75,795.68,710.5,748.69
1200336,747.56,721.47,738.4,734.51
1200344,770.88,819.16,780.6,793.42
1200351,699.75,765.74,710.4,729.98
1200385,791.06,830.58,851,821.07
1200393,729.69,766.58,709.7,740.82
1200401,756.88,777.47,769.7,768.42
1200427,737,718.63,727.8,727.2
1200435,794.38,842.47,798.6,815.62
1200450,793.5,837.42,853.5,825.38
1200500,747.38,789.89,769.9,770.33
1200609,777.44,827.79,755.6,793.84
1200708,743.81,744.11,741.5,743.42
1200807,786,853.21,843.2,827.09
1300029,735.31,918.63,811.2,829.58
1300060,778.19,874.16,826.5,829.44
1300086,675.81,835.53,775.5,765.4
1300102,721.25,862.32,783.1,794.56
1300144,986.75,1164.32,1061.7,1078.38
1300201,818.94,825.63,767.7,810.38
1300300,695.38,816.16,717.7,751.33
1300409,315.25,591.58,421.5,455.53
1300508,636.5,876.42,736.7,760.07
1300607,792.19,869.68,879,844.2
1300631,741.62,903.21,834.3,830.44
1300680,629.62,853.37,713.6,742.76
1300706,752.25,784.68,815.1,779.91
1300805,690.56,839.32,806.2,779.07
1300839,670.62,823.11,748.2,752.24
1300904,909.06,974.89,931.6,941.87
1301001,852.06,948.47,834.4,888.84
1301100,717.56,890.89,794.7,807.89
1301159,697.31,879.74,732,782.04
1301209,719.56,890.63,755.7,799.82
1301308,694.38,837.53,730.7,762.89
1301407,825.5,860.63,834.7,842.38
1301506,825,866.63,837,845.24
1301605,716.06,894.11,736.9,795.87
1301654,764.56,757.37,723.8,752.47
1301704,916.25,978.58,972.8,955.13
1301803,758.62,796.89,743.5,771.42
1301852,719.94,894.84,803.9,812.44
1301902,630.69,853.42,705.5,741.36
1301951,921.69,1013.16,923.8,960.78
1302009,634.06,912.79,733.9,773.93
1302108,800.69,882.79,833.7,842.69
1302207,729.81,911.21,757.7,812.6
1302306,879.69,951.16,885,911.04
1302405,823.31,963.16,842.3,886.58
1302504,679.75,835.37,797,771.51
1302553,708.75,872.53,852.2,809.78
1302603,704.25,941.26,758.8,816.44
1302702,814.69,922.79,946.1,889.53
1302801,661.19,790.32,796.6,745.8
1302900,716.31,854.58,787.3,790.47
1303007,576.25,850.47,768.1,734.67
1303106,690.12,846.68,758.6,771.44
1303205,569.81,738.21,592.9,646.04
1303304,970.62,1142.16,1045,1059.58
1303403,629.69,888.05,819.2,780.89
1303502,871.5,933.26,922.4,908.89
1303536,568.5,781.63,613.1,668.4
1303569,643.75,871.26,697.6,751.78
1303601,463.31,723,565.3,595.62
1303700,789.19,843.16,838.7,822.98
1303809,731.94,899.05,782,813.62
1303908,794.69,876.63,865.2,844.96
1303957,631.44,896.89,707.2,760.36
1304005,643.06,917.32,703.8,772.36
1304062,745.69,821.05,825.3,795.2
1304104,927.62,1013,954.2,969.58
1304203,778.19,987.84,837.2,879.82
1304237,764.81,886,779.8,819.31
1304260,677,856.74,798.1,779.8
1304302,513.56,786.95,615.5,651.64
1304401,620.69,835.89,725.3,734.8
1400027,146.94,409.79,234.4,277.36
1400050,182.38,459,285.5,322.09
1400100,63.94,154.21,102.2,110.56
1400159,70.25,154.42,97.9,111.93
1400175,76.88,209.74,130,144.78
1400209,134.69,295.79,226.3,223.07
1400233,183.38,363.58,248.8,274
1400282,127.06,374.16,227,253.6
1400308,83,308.95,165.1,196.64
1400407,58,123.42,78.6,90.2
1400456,72.88,215.05,108.6,140.84
1400472,279.62,522,397,408.04
1400506,195.56,381.95,288.1,294.82
1400605,180.06,357.11,259.6,272.49
1400704,73,169.37,106.6,121.16
1500107,746.06,914.58,900.8,851.6
1500131,691.94,872.89,802.2,792.84
1500206,743.75,943.37,880,858.31
1500305,659.62,775.84,814.2,743.04
1500347,700.25,789.11,776.9,754.8
1500404,495.94,791.74,655,656.18
1500503,461.56,626.11,561.6,553.27
1500602,722.81,910.42,892.2,839.67
1500701,753.69,952.26,872.6,863.96
1500800,880.81,985.74,985,948.27
1500859,704.69,870.53,836.2,803.93
1500909,621.56,658.47,744.1,664.38
1500958,759.94,957.11,791,850.09
1501006,603.44,836.74,705.1,724.53
1501105,794.19,997.53,917,907.33
1501204,754,968.16,906.8,878.38
1501253,716.75,776.79,841.4,769.8
1501303,813.44,969.63,941.6,907.87
1501402,873.44,974.95,956.6,934.78
1501451,513.12,800.89,664.9,668.36
1501501,873,983.95,978.5,943.29
1501576,705.31,855.32,814.7,792.96
1501600,626.19,765.42,738.4,709.91
1501709,621.75,700.58,734,679.98
1501725,586.19,808.58,720.5,709.93
1501758,646.81,782.11,779.1,733.33
1501782,725.31,917.42,889.9,843
1501808,733.69,881.58,844.8,820.82
1501907,765.31,876.89,853.2,831.96
1501956,628.62,704.79,731.2,683.58
1502004,872.69,977.84,932.2,930.31
1502103,765.19,989.05,931.8,896.73
1502152,645.69,719.89,739.5,697.87
1502202,646.75,777.74,771.5,729.78
1502301,679.88,803.21,751.6,747.89
1502400,669.88,835.47,840.1,777.62
1502509,805.19,943.53,973,900.89
1502608,819.69,948.95,948,902.78
1502707,727.25,774.37,869.5,778.76
1502756,745.94,868.11,805.7,810.8
1502764,742.56,797.89,875.8,795.53
1502772,684.88,721.89,722.3,708.82
1502806,763.94,919.58,886.5,856.89
1502855,544.88,840.53,730.4,710.93
1502905,747.62,905.16,874.4,842.31
1502939,566.94,771.63,709.3,685
1502954,706.56,708.95,763.1,720.13
1503002,542.38,854.74,700.6,709.42
1503044,706.5,765.74,825.1,757.87
1503077,678.44,762.74,737.2,727.09
1503093,732.62,909.11,892.4,842.64
1503101,645.44,732.26,756.8,706.84
1503200,637.5,807.11,782.2,741.27
1503309,715.56,951.32,893.4,854.62
1503408,713.44,841.74,844.8,796.8
1503457,672.81,924.63,783.4,803.71
1503507,650.5,792.16,749.6,732.33
1503606,815.69,924.74,834.5,865.91
1503705,700.44,809.79,803.1,769.42
1503754,869.44,949.21,1018.7,936.29
1503804,740.19,903.37,866.2,837.09
1503903,618.12,899.21,785.3,773.96
1504000,701.31,894.95,892.1,825.47
1504059,728.25,874.79,776,800.73
1504109,743.19,888.68,878.5,834.69
1504208,707.5,768.89,772,747.76
1504307,762.38,907.74,926.2,860.16
1504406,736.31,887.89,865.1,828.93
1504422,880.81,985.74,985,948.27
1504455,556.12,766.42,671.1,670.47
1504505,729.31,842.32,821.6,797.53
1504604,763.38,1008.79,931.9,904.44
1504703,754.19,986.53,931,891.58
1504752,491.06,767.05,652.7,643.51
1504802,441,671.11,563.5,565.38
1504901,698.62,885.63,825.3,805.73
1504950,640,744.05,730.6,704.07
1504976,698.5,818.84,847.2,782.36
1505007,643.75,778.26,742.7,722.53
1505031,915.56,1006.26,955,962.62
1505064,743.31,910.84,867.3,841.6
1505106,519.5,809,686.2,678.78
1505205,796.5,1006.58,932.2,915.36
1505304,481.44,838.11,689.1,678.18
1505403,624.25,730.42,751.7,697.4
1505437,728.75,775.37,859.1,777.4
1505486,745.75,929.21,885.8,854.33
1505494,650.94,770.26,763.4,726.31
1505502,573.31,797.47,688.8,693.62
1505536,703.25,783.63,771,752.24
1505551,723.75,759.42,835.9,763.73
1505601,639.12,785.53,776.7,731.51
1505635,656.19,705.05,746.7,696.93
1505650,537.56,754.84,683.2,661.67
1505700,794.94,917.21,906.7,871.4
1505809,758.75,988.32,946.4,897.38
1505908,513,704.58,654.7,625.38
1506005,398.75,661.16,555.5,544.38
1506104,699.56,803.95,819,770.18
1506112,715.44,837,846.3,795.84
1506138,734.06,788,866.1,786.18
1506161,696.94,780.42,803.1,755.78
1506187,682.44,882.37,813.1,795.89
1506195,559.69,768.42,720.4,683.53
1506203,781.56,919.74,926.5,872.11
1506302,876.88,971.21,960.6,935.31
1506351,831.56,937.42,953.9,903.44
1506401,815.06,961.68,945.1,905.87
1506500,822.44,922.32,949.2,892.78
1506559,626.44,715,746.1,690.42
1506583,730.62,772.05,862.6,777.44
1506609,654.25,791.68,783.7,741.04
1506708,729,786.11,833.5,776.33
1506807,516.69,814.16,707,684.58
1506906,715.19,851.63,836.2,799.69
1507003,764.44,891.74,908.5,850.2
1507102,775,905.95,890.4,855.93
1507151,687.88,775.68,782.3,745.93
1507201,726.56,860.37,802.3,799.89
1507300,705.12,775.32,855.9,768.27
1507409,670.56,807.95,832.1,764.47
1507458,702.31,720,793.2,729.98
1507466,736.75,903.58,870.7,836.96
1507474,772.5,897.21,920.6,858.07
1507508,691.38,829.53,795.3,772.8
1507607,690.69,800.63,802.3,761.91
1507706,717.25,900.21,864.7,827.27
1507755,653.31,751.47,724.5,710.58
1507805,658.81,825.26,821.1,765.16
1507904,827.81,936.37,922.3,894.64
1507953,717,941.79,846.6,840.71
1507961,697.31,844.16,840.1,791.04
1507979,585.12,881.53,815.7,761.51
1508001,753.62,962.79,824.6,857.71
1508035,653.06,764.79,766.8,725.51
1508050,756.38,925.63,830.9,844.4
1508084,716.06,758.47,820.5,757.18
1508100,732.31,921.74,885.2,846.27
1508126,537.94,704.79,686.1,641.31
1508159,513.62,689.79,623.4,612.4
1508209,783.62,911.74,890.8,861.53
1508308,633.38,672.68,745.1,674.8
1508357,643,837.47,801.3,760.29
1508407,657.31,760.79,738.3,719
1600055,807,911.16,895.7,870.69
1600105,1054.56,1364.95,1111.5,1198.27
1600154,699.81,734.32,761.8,728.16
1600204,1105.12,1444.79,1250.4,1280.82
1600212,820.69,945,915.2,894.18
1600238,681.5,726.63,755.8,717.07
1600253,700.5,787.58,845,769.38
1600279,551.69,677.74,636.7,623.8
1600303,700.5,787.58,845,769.38
1600402,609.94,656.53,668.1,642.53
1600501,1000.19,1329,1173.3,1177.49
1600535,632.25,674.84,688.2,662.67
1600550,998.44,1232.42,1081.4,1115.67
1600600,655.62,701.84,728.7,691.38
1600709,868.94,1048.79,930,958.44
1600808,579.25,692.84,657.8,644.67
1700251,818,883.79,976.1,880.91
1700301,576.88,639.11,693.3,629.02
1700350,782.75,730.11,863.3,778.42
1700400,704.12,723.79,781.8,729.69
1700707,692.56,708.37,817.1,726.91
1701002,645.56,731.42,753.6,705.82
1701051,627.88,673.58,720.1,667.67
1701101,736.44,786.74,813.1,774.71
1701309,664.81,750.53,792.3,729.33
1701903,770.25,822.95,884.2,817.82
1702000,758.81,795.47,904.4,806.64
1702109,726.62,765.26,820.6,763.82
1702158,654.62,748.32,809,728.49
1702208,644,796.63,767.2,735.82
1702307,711,741.89,807.2,745.42
1702406,648,578.89,747.7,640.98
1702554,624.5,781.89,745.3,717.8
1702703,784.88,678.32,858.9,756.33
1702901,591.19,731.58,722.5,679.64
1703008,692.62,711.16,804.4,725.29
1703057,737.25,770.58,843.9,775.02
1703073,662.38,686.11,812.3,705.71
1703107,843.81,842.21,999.5,877.73
1703206,724.94,763,839.9,766.56
1703305,728.56,777.95,836.3,773.36
1703602,711.25,779.37,857.6,772.53
1703701,780.69,773.32,884.1,800.56
1703800,648.31,815,753.1,741.98
1703826,612.38,697.37,705,668.84
1703842,644,659.42,748.8,673.8
1703867,734.62,723.26,791.9,742.56
1703883,700,762.47,789.9,746.36
1703891,636.75,810.58,748.3,734.93
1703909,752.62,808.84,901.2,809.38
1704105,724.75,780.37,826.4,770.82
1704600,837.25,858.21,1024.5,887.71
1705102,705.25,733.63,812.9,741.16
1705508,726.88,759.47,850.9,768.2
1705557,679.94,638.42,782.8,685.27
1705607,670.12,606.05,749.6,660.73
1706001,743.69,782.37,902.7,795.36
1706100,848.75,851.89,965.6,876.04
1706258,796.44,779.89,899.9,812.44
1706506,631.12,674.84,733.5,672.33
1707009,769,717.89,806.3,755.71
1707108,804.94,874.32,966.3,870.09
1707207,807.5,860.74,965.6,865.11
1707306,795,788.53,875.5,810.16
1707405,689.69,838.84,790.4,775.04
1707553,850.31,821.26,927.4,855.18
1707652,705.44,720.89,806.3,734.38
1707702,677.94,705.58,826,722.51
1708205,750,775.47,885.3,790.82
1708254,753.38,801.68,901.5,806.69
1708304,795.31,836.58,926.6,841.91
1709005,664.81,690.63,806.4,707.18
1709302,727.44,761.58,878.9,775.51
1709500,736.06,720.95,799.5,743.78
1709807,762.69,709,887.8,767.82
1710508,702.06,778.47,833.4,763.51
1710706,579.19,671.47,700.2,645.04
1710904,712.94,764.53,834.4,761.71
1711100,720.44,773.95,890.2,780.76
1711506,709.44,716.63,866.2,747.31
1711803,723.44,771.37,858.1,773.6
1711902,772.31,821.42,857,811.87
1711951,731.31,769.63,826,768.53
1712009,754.88,810.42,830.4,795.11
1712157,682.88,622.74,769.6,676.76
1712405,716.56,742.05,754,735.64
1712454,611.31,662.79,699.4,652.62
1712504,728.75,806.89,896.8,799.09
1712702,642.31,704.16,713.4,684.22
1712801,587.94,662.32,700.8,644.42
1713205,803.88,830.53,938.8,845.11
1713304,778.56,839,937,839.29
1713601,744,769.79,843.4,776.98
1713700,842.81,877.11,1006.8,893.73
1713809,629.38,652,730.5,661.4
1713957,663.56,736.26,780.9,720.33
1714203,699.06,702.37,786.6,719.91
1714302,605.12,650.26,699.2,645.09
1714880,704.75,753.68,807.7,748.29
1715002,881.56,851.68,964.1,887.29
1715101,730,773.32,827.2,769.89
1715150,684.06,639.05,770.6,684.29
1715259,759.94,700.42,814,746.82
1715507,870.31,857.79,958,884.51
1715705,704.25,752.79,813.3,748.98
1715754,733.62,745.79,859.4,766.71
1716109,864.38,853.37,1000.3,889.93
1716208,669.44,651.37,771,684.38
1716307,717.62,736.68,798.6,743.67
1716505,709.5,771.47,817.3,759.62
1716604,671.06,666.58,801.2,698.09
1716653,734.12,777.74,883.8,785.8
1716703,765.12,809.63,904.3,814.84
1717008,726.12,756.84,846.6,765.87
1717206,676.81,729.42,766.9,719.04
1717503,769.88,833.32,943.6,835.27
1717800,799.31,652.05,802,737.73
1717909,723.38,756.68,817.3,758.31
1718006,712.81,711.95,760.7,723.09
1718204,830.44,821,959.5,855.13
1718303,613.12,766.26,747.6,707.67
1718402,724.25,791.84,882.1,787.87
1718451,875,862.37,998.5,897.11
1718501,713.81,734.21,798,741.13
1718550,654.88,727.05,761,708.93
1718659,776.56,724.95,828.4,766.29
1718709,726.81,800.68,879.2,791.87
1718758,716.94,772.79,804,759.87
1718808,627.75,792.05,759.3,726.36
1718840,776.75,788.89,881.2,805.09
1718865,657.94,722.16,793.6,715.2
1718881,739.5,767.58,842.7,774.29
1718899,834,843.89,935.6,860.76
1718907,706.62,694.63,829.5,728.87
1719004,729,753.16,822.5,759.98
1720002,606.31,656.26,699.4,648.09
1720101,610.94,721.42,713.8,680.44
1720150,719.31,752.95,743.7,738.93
1720200,567.44,710.05,702.3,657.62
1720259,672.38,685.05,834.6,713.78
1720309,678.44,855.32,793,778.58
1720499,679.88,690.74,813.4,714.13
1720655,719,708.11,841.9,741.71
1720804,581,719.26,708.4,667.69
1720853,684,680.32,786.9,705.31
1720903,779.88,667.84,859.7,750.31
1720937,751.06,607.79,767.9,694.31
1720978,720.38,719.37,867.2,752.58
1721000,744.12,772.21,844.7,778.33
1721109,727.44,794.42,822.7,776.89
1721208,573.31,646.84,695.5,631.51
1721257,719.81,780.95,861.7,777.16
1721307,723.81,785.11,853.5,778.51
1722081,681.12,746.79,774.1,729.51
1722107,662.75,737.89,770.8,718.49
2100055,562.06,721.74,628.4,644.22
2100105,466.44,610.16,593.9,555.44
2100154,346.12,414.16,430.7,393.64
2100204,465.75,584.53,628.2,552
2100303,471.62,616.89,614.8,564.78
2100402,588.44,654.42,706.2,642.47
2100436,523.94,638.21,701.5,611.64
2100477,541.56,640.89,670.4,612.13
2100501,635.75,629.63,694.2,646.16
2100550,581.75,632.79,663.7,621.51
2100600,446.06,552.32,554.3,514.98
2100709,564.44,723.21,724.8,667.11
2100808,463.31,573.79,631.6,547.36
2100832,471.81,574.26,566.4,536.09
2100873,583.94,664.47,685,640.4
2100907,346.69,406.79,423.5,389.13
2100956,442.69,542.58,549.6,508.62
2101004,582.38,728.16,732.4,677.27
2101103,514.5,666.32,659.1,610.73
2101202,547.12,675.63,714.3,638.53
2101251,534.12,696.32,701.6,639.82
2101301,465.12,573.11,556.9,531.11
2101350,492.19,616.95,632.4,576.02
2101400,620.19,607.05,691.7,630.53
2101509,430.81,498.11,515.3,478
2101608,389.81,508.63,539.5,473.24
2101707,390.94,471.05,519.9,453.42
2101731,454.06,561.58,569.7,525.16
2101772,608.06,664.53,731.4,659.31
2101806,447.06,509.68,490.5,483.16
2101905,447.19,570.89,594.8,532.22
2101939,522,637.58,709.5,612.47
2101970,594.12,649.95,693.8,639.84
2102002,472.5,604.63,588.1,553.98
2102036,483.06,610.05,557.5,553.22
2102077,547.44,656.26,709.9,629.49
2102101,484.25,573.68,625.1,553.31
2102150,537.75,649.16,674.8,615.24
2102200,476.06,599.63,651.7,567.27
2102309,466.44,528,593.9,520.76
2102325,451.75,564.89,555.1,522.49
2102358,503.25,651.68,650.4,598.62
2102374,549.38,696.21,669.8,638.13
2102408,510.81,672.32,677.1,615.96
2102507,605.06,709.21,734.1,677.71
2102556,530.62,610.11,651.9,591.13
2102606,547.56,614.21,629,593.8
2102705,571.56,704.42,717.1,660
2102754,513.19,619.42,668.4,592.53
2102804,616.56,646.05,789.2,667.38
2102903,593.44,647.26,700.2,639.89
2103000,496.12,590.42,613.6,562.04
2103109,438.88,563.89,573.3,521.53
2103125,441,539.53,554.7,507.87
2103158,585.5,666.16,677.6,640.02
2103174,579.69,698.26,677.6,651.51
2103208,483.44,603.26,609.5,562.04
2103257,617.62,787.95,736,715.84
2103307,494.12,616.89,622.7,574.53
2103406,452,622.89,595.8,556.11
2103505,453.56,522.37,573.9,509.36
2103554,577.06,712.53,746.6,671.93
2103604,518.06,617.63,682.3,596.6
2103703,455.31,562.53,559.1,523.64
2103752,518.38,657.21,681,613.13
2103802,486.19,577.63,644.2,559.91
2103901,479.69,613.74,623,568.13
2104008,480.06,615.42,660.8,577.38
2104057,575.25,628.42,711,627.87
2104073,466.06,561.16,536.5,521.87
2104081,393.75,495.47,489.9,458.07
2104099,430.25,515.16,540.9,490.69
2104107,464.94,572.95,574.2,534.82
2104206,456.38,524.63,573.4,511.2
2104305,579.31,627.42,675.2,620.93
2104404,480.81,572.05,614.9,549.13
2104503,498.12,589.84,644.6,569.4
2104552,530.69,653.21,682.2,616.09
2104602,472.38,532.11,590.2,523.78
2104628,462.56,526.16,584.7,516.56
2104651,606.94,687.11,709.3,663.53
2104677,557.44,640.58,626.2,607.82
2104701,457.44,512,574.6,506.51
2104800,430.62,487.21,526.1,475.73
2104909,442.88,563.63,581.2,524.6
2105005,466.69,609.84,613.2,559.69
2105104,496.88,650.47,641.7,593.91
2105153,598.88,680.89,740.5,664.98
2105203,513.56,656.42,719.2,619.58
2105302,573.5,700.21,718.6,659.24
2105351,418.25,526.58,556.2,494.64
2105401,570.81,707.53,702.3,657.76
2105427,524.19,687.84,637,618.36
2105450,456.88,530.58,573,513.8
2105476,398.5,506.32,534.5,474.24
2105500,530.94,674,658.3,619.64
2105609,470.75,576.63,640.1,553.09
2105658,600.19,675.32,672.4,647.96
2105708,500.19,633.53,658.5,591.67
2105807,527.69,659.21,704.4,622.49
2105906,564.75,682.47,727.7,650.67
2105922,487.88,545.42,598.6,536.78
2105948,527.69,659.21,704.4,622.49
2105963,465.44,615.05,622.1,563.42
2105989,472.56,588.26,607.2,551.33
2106003,514.56,635.47,690.7,604.76
2106102,491.38,505.89,516,502.98
2106201,584.75,630.79,686.3,626.76
2106300,371.12,424.68,469,415.49
2106326,568.75,651.32,639.9,619.42
2106359,492.69,603,644.3,572.96
2106375,530.12,611.16,614.6,583.11
2106409,472.94,597.74,623.8,559.16
2106508,518.94,640.11,664.7,602.49
2106607,484.44,540.42,588.7,531.24
2106631,574.94,721.84,741.6,674
2106672,443.06,519.79,597.9,509.87
2106706,454.62,551.95,530.6,512.6
2106755,563.81,732.68,737.6,673.73
2106805,434.94,541.95,540.5,503.58
2106904,617.69,687.68,743.6,675.22
2107001,490.25,628.11,651.5,584.29
2107100,501.31,642.63,623.7,588.18
2107209,530.81,654.05,658.9,611.31
2107258,471.06,565.16,574.8,533.84
2107308,445.81,514.37,534.6,494.49
2107357,583.94,659.47,693.7,640.22
2107407,591.5,668.74,728.6,654.58
2107456,514.44,631.05,648.8,593.53
2107506,494.12,634.37,645.1,586.89
2107605,469.31,583.53,578.3,541.76
2107704,469.81,539.79,569.6,521.53
2107803,489.56,523.74,584.7,525.13
2107902,472.25,543.58,615.4,534.18
2108009,456.5,523.58,549.1,505.4
2108058,387.56,454.37,509.8,442.93
2108108,534.06,658.47,703.2,624.18
2108207,517.31,632.53,689.5,604.22
2108256,571.38,667.89,651.2,629.87
2108306,618.19,713.47,725.5,682.27
2108405,441.88,548.05,580.1,517.42
2108454,516.81,619.42,674,595.07
2108504,610.81,677.47,731.9,665.87
2108603,446.62,553.53,554.3,515.69
2108702,595.5,687.32,718.9,661.69
2108801,582.56,682.32,697.5,650.22
2108900,483.31,627.74,677.9,587.53
2109007,506.75,601.21,627.3,573.42
2109056,446.81,555.11,556.6,516.93
2109106,475.44,544.74,598.7,532.09
2109205,544.81,696.11,664.4,635.27
2109239,481.38,559.37,574.1,534.91
2109270,463.44,576.79,572.6,535.56
2109304,541.19,684.74,677,631.98
2109403,445.94,563.11,562.1,521.22
2109452,491.12,630.74,644.3,584.11
2109502,505.5,589.26,614.5,565.09
2109551,546.75,642.21,684.8,617.73
2109601,537.88,697.63,685.5,638.13
2109700,498,563.37,547.9,536.69
2109759,456,549.89,574.3,521.93
2109809,460.81,564.37,562,527.02
2109908,606.19,646.26,714.1,647.09
2110005,516.88,605.37,632.5,579.93
2110039,491.69,564.21,586.1,543.29
2110104,434.81,508.47,590.7,500.56
2110203,573.81,724.05,705.7,666.56
2110237,389.25,439.21,503.6,435.76
2110278,409.12,508.68,527.1,477.38
2110302,493.94,597.16,649.8,572.16
2110401,509.69,630.79,625.4,586.53
2110500,479.31,598,597.9,555.78
2110609,426.25,467.05,546.8,470.27
2110658,471.44,517.21,496.5,496.33
2110708,453.88,531.21,569.8,512.29
2110807,463,507.53,484.8,486.64
2110856,542.62,695.16,708.7,643.93
2110906,456.12,523.63,591.5,514.71
2111003,528.62,670.89,693.3,625.29
2111029,530.44,642.26,650.5,604.33
2111052,472.06,559.95,581.6,533.51
2111078,475.88,565.16,614.9,544.47
2111102,460,526.89,544.6,507.04
2111201,494.12,634.37,645.1,586.89
2111250,478.44,573.32,656.3,558.02
2111300,499.12,638.11,649.4,591.2
2111409,533.56,654.37,703.7,622.38
2111508,576.12,707.21,734.5,666.67
2111532,675.19,859.95,796,780.04
2111573,471.19,556.11,584.2,532.16
2111607,472.06,564.16,531.4,524.13
2111631,447.81,577,614,539.29
2111672,455.06,582.53,626.4,546.96
2111706,499.94,613.63,614.6,573.42
2111722,603.06,669.42,726.9,658.6
2111748,468.62,544.68,601.3,530.22
2111763,514.69,667.42,654.2,610.18
2111789,441.44,561.53,554.2,517.2
2111805,438.19,553.58,531.3,507.6
2111904,444.69,537.58,542.6,505.67
2111953,464.88,527.42,566.8,513.93
2112001,621.5,593.42,662.7,618.8
2112100,536.06,628.53,658.5,602.31
2112209,492.88,564.32,586.1,543.76
2112233,518.88,646.11,711.3,615.36
2112274,611.06,660.68,725,657.33
2112308,449.06,555.42,576.2,522.22
2112407,479,574.26,564.4,538.2
2112456,445.06,536.84,511.3,498.53
2112506,362.69,426.32,475.8,414.69
2112605,450.06,536.68,580.9,515.71
2112704,522.19,626.68,655.9,596.02
2112803,549,697.26,716.3,648.78
2112852,637.62,816.16,750,737.98
2112902,588.81,706.68,737.1,671.53
2113009,555.62,648.21,702.5,627.36
2114007,607.88,705.42,711.5,672.09
2200053,265.88,272.37,302.6,276.78
2200103,475.38,545.16,554,522.31
2200202,469.19,539.95,576.9,523
2200251,221.38,251.58,332.2,258.76
2200277,216.06,257.16,320.7,256.67
2200301,432.06,490.84,506.2,473.36
2200400,487.62,559.16,568.4,535.78
2200459,391.06,369.53,453.9,395.93
2200509,428.88,507,540.6,486.69
2200608,448.5,529.26,548.5,504.82
2200707,313.44,269.79,380.3,309.87
2200806,426.44,510.21,490.3,476
2200905,404.56,464.32,488.1,448.36
2200954,341,344,371.8,349.11
2201002,421.69,461.58,522.6,460.96
2201051,223.75,225.11,309.3,243.33
2201101,386.5,341.84,418.8,374.82
2201150,542.88,547.74,573.5,551.73
2201176,418.12,439.89,517.4,449.38
2201200,472.31,575.05,638,552.51
2201309,496.31,504.11,584.3,519.16
2201408,468.06,536.11,564.5,518.22
2201507,415.38,522.26,551.1,490.67
2201556,323.69,303.95,354.3,322.16
2201572,252.31,264.53,325.1,273.64
2201606,465.75,525.47,523,503.69
2201705,369,425.47,446.9,410.16
2201739,247.94,257.11,295.4,262.36
2201770,447.75,558.63,612.9,531.27
2201804,322.88,324.58,357.5,331.29
2201903,426.56,427.32,532.2,450.36
2201919,316.69,381.42,363.2,354.36
2201929,297.81,269.53,382.9,304.78
2201945,450.06,554.95,587.4,524.87
2201960,355.69,436.11,487,418.82
2201988,322.25,299.32,394.6,328.64
2202000,319.75,379.74,378.7,358.18
2202026,255.75,309.32,337.2,296.47
2202059,473.5,574.26,619.6,548.51
2202075,417.56,438.11,518.8,448.73
2202083,330.5,397.11,371.9,367.82
2202091,216.62,263.84,317.7,259.02
2202109,346.19,332.05,360.1,343.31
2202117,300.88,282.63,354.1,305
2202133,252.06,279.47,335.5,282.18
2202174,482,577.16,632.2,555.56
2202208,449.38,534.84,538.6,505.29
2202251,395.19,434,474.4,429.18
2202307,355.56,337.68,431.4,364.87
2202406,429,512.53,601.2,502.53
2202455,284.62,267.37,341.3,289.93
2202505,329.62,288.42,396.6,327.11
2202539,348.94,422.26,434.6,398.93
2202554,258.5,266.68,333.4,278.6
2202604,323.25,381.11,390.8,362.69
2202653,319.75,389,381.4,362.69
2202703,288.62,353.89,323.3,323.89
2202711,430.88,516.11,576,499.11
2202729,293.81,348.63,348,329
2202737,457.12,525.05,542.2,504.71
2202752,365.31,358.32,443.1,379.64
2202778,403.12,382.74,433.7,401.31
2202802,297.88,303.84,335.3,308.71
2202851,282.94,259.53,355.6,289.2
2202901,482.44,458.74,537.1,484.58
2203008,509.81,480.42,601.2,517.71
2203107,397.75,368.42,479.4,403.51
2203206,419.69,383,490.1,419.84
2203230,434.75,423.79,500.7,444.78
2203255,494.12,557.21,548.9,532.93
2203271,253.31,269.37,332.9,277.78
2203305,487.69,549.63,549.1,527.49
2203354,270.19,245.53,345.5,276.51
2203404,360.5,351.05,390.5,363.18
2203420,257,312.05,395.4,311
2203453,274.31,252.74,327.6,277.04
2203503,413.06,485.05,524.7,468.27
2203602,358.56,368.84,440.5,381.11
2203701,416.25,480.11,523.7,467.09
2203750,285.25,246.68,323.2,277.4
2203800,363.12,386.84,452.2,392.93
2203859,360,356.11,375.1,361.71
2203909,416.5,464.84,475.3,449.98
2204006,429,465.16,551.6,471.51
2204105,414.94,462.95,514.8,457.4
2204154,221.5,262.32,318.4,260.27
2204204,268.38,281.74,331.7,288.09
2204303,191.44,233.42,275.6,227.87
2204352,318.56,323.26,365.5,330.98
2204402,493.88,484,568.8,506.36
2204501,427.94,493.74,507.6,473.42
2204550,374.31,326.58,424,365.2
2204600,432.5,520.26,552.4,496.2
2204659,328.25,382.47,402.7,367.69
2204709,372.62,378.42,411.8,383.78
2204808,384.25,372.63,408.7,384.78
2204907,328.44,321.42,351.5,330.6
2205003,306.69,311.37,352,318.73
2205102,376.44,415.11,471.4,413.87
2205151,278.19,281.84,332.8,291.87
2205201,271.12,293.11,339.9,295.69
2205250,443.12,529.47,564.4,506.53
2205276,402.38,502.05,524.2,471.53
2205300,421.81,489,500.7,467.71
2205359,308,283.58,370.8,311.64
2205409,402.88,453.16,504,446.58
2205458,450.69,510.68,561.2,500.58
2205508,493,593.74,567.4,552.07
2205516,312.75,361.21,407.9,354.36
2205524,439.94,379.95,459.3,418.91
2205532,316.19,267.58,395,313.18
2205540,478.38,542.74,574.2,526.84
2205557,486.88,602.53,621.8,565.69
2205565,266.88,259.47,313.1,274.02
2205573,309.44,390,495.2,384.73
2205581,487,549,550.8,527.36
2205599,311.31,316.16,371.4,326.71
2205607,425.44,491.58,497,469.27
2205706,329.12,386.05,369.1,362.04
2205805,444.38,498.79,552.6,491.4
2205854,463.31,537.11,609.6,526.98
2205904,385.38,389.58,435.4,398.27
2205953,223.12,268.58,325.9,265.16
2206001,451.19,502.16,496.7,482.82
2206050,266.38,270.63,330.9,282.51
2206100,465.62,556.89,622.7,539.07
2206209,477.56,622.37,642.4,575.33
2206308,477.12,552,561.2,527.42
2206357,313.81,356.68,472.2,367.11
2206407,477.25,550,544.5,522.91
2206506,250.19,274.11,340.4,280.33
2206605,444.62,446.89,533.9,465.42
2206654,378.94,342.37,419,372.4
2206670,436.25,492.37,547.5,484.67
2206696,363.38,422.95,464.5,411
2206704,398.25,452,447.2,431.82
2206720,476.25,554.16,554.8,526.6
2206753,450.31,545.42,583,519.96
2206803,476.38,618.84,634.4,571.64
2206902,407.56,423.05,497.5,434.09
2206951,405.25,488.95,496.1,460.78
2207009,408.88,413.74,479.4,426.6
2207108,468.06,536.11,564.5,518.22
2207207,241,264.47,321,268.69
2207306,340.31,323.58,401.8,346.91
2207355,341.12,333.37,427.6,357.07
2207405,428.06,408.95,466.4,428.51
2207504,486.31,543.74,560.9,527.13
2207553,350.44,352.68,386.1,359.31
2207603,469.56,431.95,533.1,467.8
2207702,322.5,380.11,383.7,360.42
2207751,449.81,524.05,553.2,504.13
2207777,271.06,285.68,338.9,292.31
2207793,480.38,540.16,531.3,516.93
2207801,279.62,268.37,311.9,282.04
2207850,355.31,362.37,433,375.56
2207900,250.5,300.58,407.2,306.47
2207934,329.44,304.42,399.9,334.53
2207959,322.88,294.47,372.6,321.93
2208007,348.19,346.84,381.4,355
2208106,264.88,268.68,338,282.73
2208205,211.38,222.95,292.4,234.27
2208304,303.88,405.32,420.1,372.53
2208403,389.94,481.11,577.7,470.16
2208502,477.19,620.05,658.7,577.84
2208551,453.56,496.53,509.3,484.09
2208601,423.81,489.68,505.6,469.8
2208650,258.38,259.37,300.5,268.16
2208700,418.81,409.16,518.6,436.91
2208809,421.62,495.68,562.8,484.27
2208858,453.12,443.42,497.1,458.8
2208874,341.44,319.89,403.3,346.09
2208908,561.19,563.21,600.7,570.82
2209005,369.19,391,451.7,396.73
2209104,365.94,363.16,397.2,371.71
2209153,387.81,453.89,480.2,436.24
2209203,592.69,581.05,698.7,611.33
2209302,412.69,378.37,488.4,415.02
2209351,332.38,335.84,357,339.31
2209377,405.44,426.16,496,434.31
2209401,282.06,304.53,350.7,306.8
2209450,470.19,541.11,549.8,517.82
2209500,373.56,374.95,411.7,382.62
2209559,310.69,277.63,420.4,321.11
2209609,414.06,483,512.6,465.07
2209658,287,276.95,313.2,288.58
2209708,415.19,439.53,444.2,431.91
2209757,485.38,486.95,549.6,500.31
2209807,456.62,540,561.1,515.04
2209856,309.81,321.68,361.5,326.31
2209872,258.31,311.37,364.2,304.24
2209906,375.69,444.95,448,421
2209955,386.5,385,429.8,395.49
2209971,471.5,549.74,598.9,532.84
2210003,306.56,286.11,368.7,311.73
2210052,352.62,449.63,458.9,417.2
2210102,381.5,412.89,455.4,411.18
2210201,339.38,338.53,355.4,342.58
2210300,214.88,248.79,321.4,252.87
2210359,283.69,256.89,366.1,290.69
2210375,300.81,304.11,348.2,312.73
2210383,432.62,500.16,527.3,482.18
2210391,380.44,355.79,428.2,380.64
2210409,296.81,341,367.8,331.24
2210508,482,551.42,557.5,528.09
2210607,298.62,276.05,391.7,309.78
2210623,491.44,429.26,561.1,480.67
2210631,387.44,447.11,440,424.31
2210656,374,447.68,475.5,427.67
2210706,238.62,261.79,326.9,268.02
2210805,336.81,317.16,384.9,339.2
2210904,353.31,330,417.3,357.69
2210938,314.19,324.58,362.9,329.4
2210953,344.94,311.84,413,346.09
2210979,415.81,429.58,523.9,445.64
2211001,490.38,564.63,544.1,533.67
2211100,488.94,621.89,618.5,573.87
2211209,434.94,497.74,495.1,474.82
2211308,376.19,417.79,447.4,409.58
2211357,306.5,260.37,362.8,299.53
2211407,426.88,453.21,539.1,462.93
2211506,320.62,327.47,348.9,329.8
2211605,243.44,262.47,331.6,271.07
2211704,374.88,372.05,409,381.27
2300101,357.19,425.79,440.4,404.64
2300150,235,289.58,310.9,274.91
2300200,276.69,303.58,307.1,294.8
2300309,207.06,250.11,314.2,249.04
2300408,198.19,224.16,295.6,230.8
2300507,312.5,381.32,419.1,365.24
2300606,293.25,379.68,419.2,357.73
2300705,173.69,208.79,250.6,205.6
2300754,226.81,280.63,294.9,264.67
2300804,202.88,250.95,295.1,243.67
2300903,201,207.63,250.8,214.87
2301000,279.69,345.58,331,318.91
2301109,189.69,224.21,259.5,219.78
2301208,204.19,265.16,286.5,248.22
2301257,221.12,271.84,288.2,257.44
2301307,237.06,310.37,340,290.89
2301406,206.81,238.95,276.9,235.96
2301505,187,205.16,284.3,216.29
2301604,241.94,318.26,360.9,300.6
2301703,277.5,410.68,430.5,367.73
2301802,254.75,348.74,381.9,322.69
2301851,161.5,171.74,240.1,183.29
2301901,363.5,418.68,416.5,398.58
2301950,204.44,261.95,280.6,245.64
2302008,240.69,362.16,400,327.38
2302057,322.38,402.63,362.4,365.16
2302107,253.81,294.47,345.1,291.27
2302206,193.75,234.21,250.3,223.4
2302305,231.06,260.84,283.8,255.36
2302404,144.56,168.26,268.2,182.04
2302503,289.44,334.11,397.5,332.31
2302602,327.69,368.11,354,350.6
2302701,206.44,241.79,295.7,241.2
2302800,160.81,192.16,226.5,188.64
2302909,213,242.37,278.8,240.02
2303006,190.75,224,249.7,217.89
2303105,239.44,289.21,332,281.02
2303204,319.81,459.26,483.3,415.02
2303303,279.19,371.68,438.1,353.56
2303402,229.88,262.95,315.5,262.87
2303501,253.12,294.74,314.4,284.31
2303600,187.94,224.21,288.5,225.6
2303659,200.31,230,287,232.11
2303709,252.44,291.47,311.4,282.02
2303808,256.12,343.32,366.5,317.47
2303907,324.75,395.37,350,360.18
2303931,170.81,194.53,251.2,198.69
2303956,213.31,263.11,255.1,243.62
2304004,271.38,331,338.8,311.53
2304103,213.62,256.84,326.7,257
2304202,393.69,484.26,506.4,456.98
2304236,171.75,211.79,277.5,212.16
2304251,266.94,298.11,301.1,287.69
2304269,174.12,195.63,280.2,206.78
2304277,227.06,245.63,314.3,254.29
2304285,299.56,388.11,356.4,349.58
2304301,295.81,383.63,421,360.71
2304350,215.56,249.26,266.3,241.07
2304400,326.81,398.05,372.5,367.04
2304459,209,258.95,266.9,242.96
2304509,346.38,420.79,464.9,404.13
2304608,207.81,209.63,250.8,218.13
2304657,312.12,382.89,420.7,366.13
2304707,369.69,424.95,381.2,395.58
2304806,306.56,454.58,475.6,406.62
2304905,219.69,266.89,285.5,254.24
2304954,261.62,329.58,324.3,304.24
2305001,193.62,213.42,270.1,218.98
2305100,288.06,341.16,381,331.13
2305209,227.94,276.95,341.4,273.84
2305233,243.12,294.11,291.5,275.4
2305266,193.56,220.47,258,219.24
2305308,297.06,362.58,431.5,354.6
2305332,198,215.74,241.8,215.22
2305357,180.81,208.16,231,203.51
2305407,213.81,265.32,296.2,253.87
2305506,263.25,342.26,348.1,315.47
2305605,175.56,199.16,238.4,199.49
2305654,200.81,259.63,288.4,245.11
2305704,256.06,363.58,398.9,333.2
2305803,238.94,330.42,375.2,307.84
2305902,200,254.11,311.5,247.62
2306009,193.12,228.42,268.9,224.87
2306108,147.25,170.32,203.8,169.56
2306207,164.5,185.47,233.2,188.62
2306256,285.06,358,335.8,327.13
2306306,212.44,278.42,285.7,256.58
2306405,271.44,340.53,381.4,325.04
2306504,197.81,237.74,269.2,230.53
2306553,286.62,296.21,321.4,298.4
2306603,124.94,148,199,151.13
2306702,159,188.05,286.1,199.51
2306801,175.69,199.11,280.3,208.82
2306900,175.44,218.42,257.3,211.78
2307007,153.69,172.37,215.7,175.36
2307106,323.38,352.21,386.3,349.53
2307205,291.94,328.74,378.9,326.8
2307254,248.31,283.63,288.2,272.09
2307304,361.56,450.89,480.2,425.64
2307403,232.06,318,364.7,297.82
2307502,269.31,363.89,399.2,338.11
2307601,201.44,223.32,249.8,221.42
2307635,116.31,138.53,206.6,145.76
2307650,308.94,368.74,360,345.53
2307700,254.25,322.26,331.3,300.09
2307809,221.62,254.11,275.7,247.36
2307908,294.75,344.68,340.2,325.93
2308005,320.12,374.37,412.6,363.58
2308104,264.56,331.58,370.3,316.36
2308203,305.06,384.79,426.6,365.73
2308302,319.25,398.58,406.9,372.22
2308351,163.06,193.37,286.2,203.22
2308377,165.25,226.21,259.8,212
2308401,395.25,470.16,468.6,443.18
2308500,173.44,195.42,275.2,205.33
2308609,153.5,174.74,246.2,183.07
2308708,193.19,216.74,228.2,210.91
2308807,308.94,362.05,377.3,346.56
2308906,206,250.16,269.9,238.84
2309003,289.88,337.32,388.8,331.89
2309102,267.69,309.21,357.7,305.22
2309201,302.69,413.26,428.5,377.33
2309300,241,273,298.4,267.27
2309409,219.44,243.21,307.5,249.04
2309458,202.44,240.95,270.8,233.89
2309508,215.38,272.89,298.2,258.07
2309607,243.12,294.11,291.5,275.4
2309706,285.06,358,335.8,327.13
2309805,299.81,350.16,374.6,337.69
2309904,281.19,338,390.8,329.53
2310001,168.69,192.53,214.6,188.96
2310100,302.5,362.32,365.5,341.76
2310209,274.75,298.63,321.3,295.18
2310258,274,297.58,321.5,294.51
2310308,204.5,221.63,280.9,228.71
2310407,205.25,202.32,246.6,213.2
2310506,157.94,181.42,272.5,193.31
2310605,281.94,289.16,343.1,298.58
2310704,187.19,210.11,240.5,208.71
2310803,227.5,255.32,321.8,260.2
2310852,277.62,322.47,317.2,305.36
2310902,182.81,206.05,279,214
2310951,231.69,307.53,349.9,289.98
2311009,194.62,253.11,272.4,236.6
2311108,309.5,337.32,377.8,336.42
2311207,225,282.79,324.7,271.56
2311231,179,208.74,242,205.56
2311264,206.31,228.79,281,232.4
2311306,164.94,190,228.8,189.71
2311355,218.25,286,309.9,267.22
2311405,154.44,169,260.7,184.2
2311504,168.19,197.89,231.9,194.89
2311603,246.62,302,319.6,286.22
2311702,276.75,360.63,390.9,337.53
2311801,194.62,201.58,222.4,203.73
2311900,199.31,258.16,267.4,239.29
2311959,203.69,261.11,319.1,253.58
2312007,217.12,262.79,301.3,255.11
2312106,275,397.21,405.6,355.62
2312205,212.75,214.53,292.9,231.31
2312304,276.81,331.26,393.5,325.73
2312403,239.62,271.11,291.4,264.42
2312502,180.06,211.21,243.2,207.24
2312601,210.94,240.32,271,236.69
2312700,170,187.26,288.1,203.53
2312809,298.38,331.68,356.4,325.33
2312908,215.56,249.26,266.3,241.07
2313005,168.94,190.53,289,204.73
2313104,196.06,218.11,257.5,219.02
2313203,179,201.95,258.3,206.31
2313252,225.88,275.16,321.9,268.02
2313302,166.31,187.32,248.9,193.53
2313351,193,189.84,246.2,203.49
2313401,328.56,370.16,468.5,377.22
2313500,289.12,319,364.4,318.47
2313559,254.25,352.32,373.5,322.16
2313609,319.62,390.16,440.2,376.2
2313708,247.31,305.95,348.4,294.53
2313757,204.31,264.11,283.5,247.16
2313807,248.94,324.32,331.2,299.04
2313906,334.25,374.68,364.3,358
2313955,235.44,298.42,335.2,284.2
2314003,283.94,422.05,482.8,386.44
2314102,301.75,370.84,412.2,355.47
2400109,141.88,135.11,194.4,150.69
2400208,153.38,154.16,222.2,169
2400307,146.5,146.05,197.8,157.71
2400406,220.31,254.21,305,253.44
2400505,214.88,241.74,287.2,242.29
2400604,201.19,241.84,292.5,238.64
2400703,144.5,148.74,194.3,157.36
2400802,138.38,148.53,196.3,155.53
2400901,209,246,294.6,243.64
2401008,174.19,189.42,235.5,194.24
2401107,162.75,168,204.5,174.24
2401206,161.75,197.84,240,194.38
2401305,175.31,193.16,253,200.11
2401404,181.25,207.89,239.7,205.49
2401453,159.88,170.63,224.8,178.84
2401503,110.06,114.68,172.6,125.91
2401602,114.38,130.79,192.7,138.71
2401651,125,119.68,189.3,137.04
2401701,128.12,149.47,200.9,153.31
2401800,151.56,181,215,178.09
2401859,120.19,135.68,184.9,141.11
2401909,101.19,117.47,175.2,124.51
2402006,176.06,191.58,236.8,196.11
2402105,132.06,120.42,190.9,140.22
2402204,174.5,211.53,230.9,202.67
2402303,165.19,188.32,249.7,193.73
2402402,143.81,144.63,218.7,160.8
2402501,136.81,141.16,198.4,152.33
2402600,144.12,172.58,229.8,175.18
2402709,110.25,111.21,169.3,123.78
2402808,129.81,117,179,135.33
2402907,215.06,250.42,310.1,251.11
2403004,165.56,177.42,232.3,185.4
2403103,140.44,122.95,182.7,142.44
2403202,229.19,249.21,314.7,256.64
2403251,154.25,184.05,238.6,185.58
2403301,229.19,249.21,314.7,256.64
2403400,166.62,167.16,234.3,181.89
2403509,149.06,178.89,211.3,175.49
2403608,146.69,174.53,237.4,178.6
2403707,166,177.63,247.9,189.11
2403756,124.12,123.32,173,134.64
2403806,156.94,174.84,236.5,182.18
2403905,210.81,230.05,295.2,237.69
2404002,207.06,235.95,287.9,237.22
2404101,130.44,138.32,178,144.33
2404200,165.06,199.47,221.5,192.13
2404309,159.44,178.16,251.8,187.87
2404408,171.94,188.58,212.1,187.89
2404507,130.88,141.05,181.4,146.4
2404606,129.06,148.05,230.2,159.56
2404705,153.5,148.16,210.1,163.82
2404804,190.69,202.68,263.2,211.87
2404853,152.81,155,213.9,167.31
2404903,191.19,206.32,240.7,208.58
2405009,134.62,116.11,177.8,136.4
2405108,116.5,127.79,179.7,135.31
2405207,183,208.63,253.3,209.44
2405306,116.31,124.79,172.5,132.38
2405405,121.25,114.11,172.6,129.64
2405504,107.88,125.37,188.9,133.27
2405603,186.5,214.58,249.6,212.38
2405702,173.12,182.42,232.2,190.18
2405801,116.38,134.32,187.7,139.8
2405900,206.38,241.21,291.9,240.09
2406007,226.12,265.05,293.2,257.47
2406106,170.56,197.37,243.3,198.04
2406155,151.56,181,215,178.09
2406205,128.88,136.58,182.8,144.11
2406304,139.44,163.58,204.2,164.02
2406403,113.44,115.05,167.1,126.04
2406502,139.12,133.95,196,149.58
2406601,131.56,145.79,184.3,149.29
2406700,107.81,119.42,174,127.42
2406809,126.44,112.16,184.4,133.29
2406908,207.06,235.95,287.9,237.22
2407005,222.62,258.63,301.9,255.44
2407104,140.38,163.16,224.9,168.78
2407203,140.81,145.74,184.8,152.67
2407252,228.12,267.47,305.1,261.84
2407302,214.5,234.68,287.1,239.16
2407401,199.69,227.16,275.8,228.2
2407500,142.06,171.58,222.2,172.33
2407609,197.56,224.11,248.8,220.16
2407708,157.38,182.05,221.5,182.04
2407807,137.88,163.74,217.4,166.47
2407906,116.75,120,167.9,129.49
2408003,162.88,173,211.4,177.93
2408102,150.25,176.37,243,181.89
2408201,169.06,205.21,248.8,202.04
2408300,133.88,150.16,192.7,153.82
2408409,182.31,217.11,255.4,213.24
2408508,177.94,187.89,238.6,195.62
2408607,226.75,264.21,308.8,260.8
2408706,160.12,182.84,232.3,185.76
2408805,115.69,132.68,190.4,139.47
2408904,160.12,174,235.1,182.64
2408953,133.19,156.95,217.5,161.96
2409100,131.12,140.74,192.6,148.84
2409209,151.56,181,215,178.09
2409308,196.69,233.95,261.8,226.89
2409332,119.88,130.42,200.9,142.33
2409407,217.44,240.37,308,247.24
2409506,119.06,141,191.2,144.36
2409605,110.75,130.26,185.2,135.53
2409704,127.62,128.42,182.6,140.18
2409803,157.62,186.42,214.6,182.44
2409902,140.5,147.32,195.6,155.62
2410009,207.44,231.53,282.4,234.27
2410108,120.94,139.11,207,147.73
2410207,203,230.32,286,232.98
2410256,143.81,149.63,189.5,156.42
2410306,112,123.37,169.3,129.53
2410405,129,150.53,210.1,156.11
2410504,234.19,241.05,318.6,255.84
2410603,195.81,232.32,273.1,228.4
2410702,202.44,218,266.2,223.18
2410801,220.31,254.21,305,253.44
2410900,108.94,123.53,187.8,132.62
2411007,184.56,207.68,242,207.09
2411056,173.5,195.95,225.3,194.49
2411106,106.75,117.58,177.1,126.96
2411205,126.81,117.68,181.6,135.13
2411403,153.25,149.58,204,162.98
2411429,170.62,177.21,239.7,188.76
2411502,133.5,141.32,187.4,148.78
2411601,122.88,141.16,189.5,145.4
2411700,122.56,114.32,175.9,130.93
2411809,186.56,209.53,247.8,209.87
2411908,198.94,228.47,280.5,229.53
2412005,146.69,171.47,240.1,177.91
2412104,179.38,198.11,245.7,202.02
2412203,154.69,190.26,236.8,187.96
2412302,125.56,126.42,175.7,137.07
2412401,164.38,183.37,229.2,186.8
2412500,215.06,250.42,310.1,251.11
2412559,120.38,139.37,193.5,144.64
2412609,114.19,117.63,190.2,132.53
2412708,119.88,132.26,197.7,142.4
2412807,159.75,174.32,227.3,180.91
2412906,116.31,108.68,178.4,126.89
2413003,141.38,149.42,205.6,159.04
2413102,122.81,133.37,183.4,140.73
2413201,171.69,211.37,247.6,205.31
2413300,123.44,127.32,185.3,138.82
2413359,159.06,161.16,206.2,170.42
2413409,205.5,222.79,259.8,224.87
2413508,134.56,140,193.2,149.89
2413557,207.44,233.89,296.3,238.36
2413607,180.81,195.11,233.4,198.53
2413706,110.12,112.05,170.5,124.36
2413805,202.12,213.79,274.5,223.13
2413904,127.38,153.16,218.4,158.49
2414001,114.5,116.95,164,126.53
2414100,228.94,254.21,304.6,256.42
2414159,151.31,159.42,222.5,170.56
2414209,173.56,210.47,233.8,202.53
2414308,187.81,208.95,245.6,209.58
2414407,124.31,144.16,199.9,149.49
2414456,172,190.89,236.8,194.38
2414506,193.5,209.37,258.4,214.62
2414605,159.12,179.16,237.2,184.93
2414704,149.06,178.89,211.3,175.49
2414753,208.62,252.68,291.9,245.73
2414803,137.88,163.74,217.4,166.47
2414902,202.44,218,266.2,223.18
2415008,184.31,218.26,244.6,212.04
2500106,224,244.63,324.4,255.02
2500205,274.38,354.42,420.8,340.71
2500304,158.25,167.32,250.5,182.58
2500403,148.56,168.53,241.8,177.71
2500502,160.31,169.79,259.1,186.27
2500536,84.56,84.37,139.1,96.6
2500577,88.56,100.84,174.5,112.84
2500601,197.94,250.26,280.1,238.29
2500700,251.5,340.68,378.6,317.4
2500734,165.69,164.79,209.8,175.11
2500775,254.38,269.68,319.8,275.38
2500809,145.69,164.95,207.3,167.51
2500908,148,163.32,243.5,175.69
2501005,129.5,132.32,197.4,145.78
2501104,142.69,159.53,233.6,170
2501153,169.5,191.53,248.9,196.44
2501203,95.62,113.42,177.3,121.29
2501302,106.12,111.05,151.5,118.29
2501351,123.62,122.58,192.2,138.42
2501401,191.06,214.95,251.7,214.62
2501500,159.62,185.79,260.9,193.18
2501534,110.75,112.68,166.9,124.04
2501575,75.94,81.47,130.6,90.42
2501609,93.88,99.26,158,110.4
2501708,86.06,83.37,130.1,94.71
2501807,206.81,235.26,243.8,227.04
2501906,146,161.58,236.5,172.69
2502003,196.75,216.21,252.1,217.27
2502052,232,270.95,302.3,264.07
2502102,249.62,305,348.8,295.04
2502151,83.44,87,148.5,99.4
2502201,258.5,366.84,394.9,334.56
2502300,228.94,233.16,298.5,246.18
2502409,262.62,366.26,398.1,336.49
2502508,77.56,77.53,138,90.98
2502607,276.25,325.58,408.8,326.53
2502706,159.62,185.79,260.9,193.18
2502805,207.5,221.68,260.2,225.2
2502904,209.31,233.11,293.3,238.02
2503001,189.44,246.32,285.2,234.73
2503100,76.75,78.74,149.2,93.69
2503209,201.06,226,245.9,221.56
2503308,255.19,376.89,417.3,342.6
2503407,212.44,253.32,301.6,249.51
2503506,114.94,115.89,192.5,132.58
2503555,194.06,224.42,273.9,224.62
2503605,136.94,151.47,217.8,161.04
2503704,259.94,375.05,417.4,343.53
2503753,232.5,247.79,327,259.96
2503803,135.38,160.21,181.2,156.04
2503902,139.75,143.11,168.6,147.58
2504009,90.94,113,156.2,114.76
2504033,171.56,192.32,207.3,188.27
2504074,106.62,109.11,149.9,117.29
2504108,265.31,368.42,412.2,341.49
2504157,104.69,116.68,202.2,131.42
2504207,229.06,248.05,343.9,262.6
2504306,202.38,238.79,289,237
2504355,76.81,78.26,134.2,90.18
2504405,260.75,294.79,369.2,299.22
2504504,227.81,264.16,325.1,264.78
2504603,210.06,235.16,267.3,233.38
2504702,112.06,116.79,157.7,124.2
2504801,237.81,239.58,351.6,263.84
2504850,115.69,122.84,170,130.78
2504900,162.5,188.47,186.7,178.84
2505006,104.69,117.84,184.8,128.04
2505105,113.25,108.74,172.4,124.49
2505204,160.31,169.79,259.1,186.27
2505238,156.5,176.89,196.9,174.09
2505279,146.31,158.89,202.6,164.13
2505303,254.25,300.47,348.3,294.67
2505352,103.62,109.74,180.2,123.22
2505402,179.12,195.37,250.1,201.76
2505501,217.25,251.42,301.1,250.31
2505600,265.88,309.63,346.7,302.31
2505709,146.5,161.47,237,172.93
2505808,141.44,157.26,215.3,164.53
2505907,233.81,240.16,337.6,259.56
2506004,110,125.68,182.5,132.73
2506103,103.81,106.95,153.5,116.18
2506202,127.44,118.21,189.9,137.42
2506251,78.88,77.68,128.4,89.38
2506301,152.19,174.95,245,182.42
2506400,125.94,148.42,180.6,147.58
2506509,105.88,111.32,179,124.42
2506608,268.06,299.47,356.3,300.93
2506707,216.81,234.58,327.8,248.98
2506806,126.75,127.37,188.5,140.73
2506905,134.25,145.58,180.8,149.38
2507002,267.5,327.68,394.1,321.04
2507101,147.88,171.21,202.2,169.8
2507200,102.75,104.89,157.1,115.73
2507309,157.38,182.05,221.5,182.04
2507408,227.19,219.74,298.4,239.87
2507507,210.75,236.21,265.6,233.69
2507606,136.25,144.74,206.2,155.38
2507705,129.69,118.37,189.1,138.11
2507804,150.25,146,227.8,165.69
2507903,135.75,164.89,190.6,160.24
2508000,239.88,243.47,327.9,260.96
2508109,227.19,219.74,298.4,239.87
2508208,135.25,153.84,204,158.38
2508307,112.25,143.84,196.4,144.29
2508406,236.94,262.53,307.3,263.38
2508505,167,171.05,213.4,179.02
2508554,128.62,151.89,211.4,156.84
2508604,197.94,215.32,239.9,214.6
2508703,219,248.68,328.4,255.84
2508802,218.38,264.16,314.1,258.98
2508901,179.25,199.21,223.6,197.53
2509008,252.88,279.89,319.8,279.16
2509057,195.38,215.84,250.1,216.18
2509107,135.94,158.32,196.9,158.93
2509156,267.88,350.37,380.7,327.78
2509206,124.94,135.84,202.2,146.71
2509305,185,211.47,246.7,209.89
2509339,134.88,150.47,223.2,161.09
2509370,215.94,234.16,278.1,237.44
2509396,223.19,249.68,310.6,253.8
2509404,125.06,138.53,159.8,138.47
2509503,95.62,113.42,177.3,121.29
2509602,263.19,351.21,393.4,329.29
2509701,150.38,146.79,186.9,156.98
2509800,138,161.05,228.8,167.91
2509909,120.56,122.32,164.9,131.16
2510006,276.69,367.37,396.1,341.51
2510105,134.62,116.11,177.8,136.4
2510204,255.88,307.26,350.3,298.56
2510303,138.75,146.32,203.3,156.29
2510402,227.25,224.89,337.1,250.67
2510501,129.69,164.79,210.7,162.51
2510600,167.44,161.79,207.5,173.96
2510659,132.12,124.68,203,144.73
2510709,188.44,220.26,259.5,217.67
2510808,216.56,250.16,312.9,252.16
2510907,206.75,239.95,279.1,236.84
2511004,255.88,307.26,350.3,298.56
2511103,120.19,132.53,193.6,141.71
2511202,185.06,238.37,253.6,222.8
2511301,239.88,258.37,350.6,272.29
2511400,132.25,123.11,191,141.44
2511509,134.81,164.21,173.5,155.82
2511608,172,194.89,275.2,204.6
2511707,167.19,192.68,256.6,197.82
2511806,146,161.58,236.5,172.69
2511905,196.81,245.05,280.5,235.78
2512002,104.44,125.58,194.2,133.31
2512036,208.62,252.68,291.9,245.73
2512077,247.19,283.47,317,278.02
2512101,232.12,232.05,302.9,247.82
2512200,161.62,158.11,201.3,168.96
2512309,237,253.42,336.1,265.96
2512408,96.31,116.89,168,120.93
2512507,81.69,98.58,145.8,103.07
2512606,205,243.79,279.7,237.98
2512705,110,125.68,182.5,132.73
2512721,153.19,175.74,208.9,175.09
2512747,138.38,141.84,207.4,155.18
2512754,126.75,127.37,188.5,140.73
2512762,143.81,173.74,181.8,164.89
2512788,82.94,79.58,133.6,92.78
2512804,201.81,248.79,284.8,240.09
2512903,195.38,215.84,250.1,216.18
2513000,149.19,156.95,227.3,169.82
2513109,131.25,136.47,169.3,141.91
2513158,88.44,98.16,147.2,105.6
2513208,237.81,245.63,296.4,254.13
2513307,243.56,330,378.5,310.04
2513356,263.94,291.84,378.8,301.24
2513406,172.44,203.32,253.5,203.49
2513505,261.38,286.16,346.7,290.8
2513604,250.31,283.79,373.4,291.8
2513653,227.25,266,306.3,261.18
2513703,194.31,222.21,217.2,211.18
2513802,229.12,265.42,324.3,265.6
2513851,135,124,191.9,143
2513901,207.25,230.53,259.2,228.62
2513927,224.81,256.21,318.4,258.87
2513943,94.69,102,173.8,115.36
2513968,239.12,263.21,339.5,271.6
2513984,246.06,255.84,298.4,261.82
2514008,96.38,101.79,177.9,116.78
2514107,130.56,127.26,165.9,137.02
2514206,281,323.16,383.3,321.53
2514305,262.81,339.37,386.2,322.56
2514404,214,240.16,309.2,246.2
2514453,130.25,146.63,158.4,143.42
2514503,264.94,378.21,429.3,349.29
2514552,235.06,246.05,321.3,258.87
2514602,225.56,252.47,310.3,255.76
2514651,198.88,216,244.4,216.22
2514701,176.06,191.32,252,199.38
2514800,149.38,143.95,206.8,159.84
2514909,185.31,224.21,271,220.78
2515005,153.38,181.79,197.4,175.16
2515104,110.75,131.68,189.3,137.04
2515203,145.81,145.26,187.9,154.93
2515302,165.31,189.68,197.7,182.8
2515401,111.25,117.21,181.7,129.42
2515500,136.69,133.74,199.5,149.4
2515609,146,161.58,236.5,172.69
2515708,262.81,339.37,386.2,322.56
2515807,140.94,144.63,222.6,160.64
2515906,172,194.89,275.2,204.6
2515930,146,161.58,236.5,172.69
2515971,143.81,173.74,181.8,164.89
2516003,130.31,153.74,230.3,162.42
2516102,100.75,111.42,169.2,120.47
2516151,103.19,111.05,166.1,120.49
2516201,268.56,314.84,341.5,304.31
2516300,153.88,153.05,204.4,164.76
2516409,135.44,144.11,212.6,156.24
2516508,158.75,143.37,192.1,159.67
2516607,239.88,243.47,327.9,260.96
2516706,214.75,243.79,292.6,244.31
2516755,144.62,136.53,198.9,153.27
2516805,239.56,296.95,329.3,283.73
2516904,237.25,273.21,320.9,271.02
2517001,90.62,96.21,125.7,100.78
2517100,180.31,201.11,240.7,202.51
2517209,243.69,267.47,315.4,269.67
2517407,148.19,144.95,191.7,156.49
2600054,181.44,203.53,235.7,202.82
2600104,208.44,223.16,288.9,232.53
2600203,247.69,247.68,305.7,260.58
2600302,119.31,113.47,165.6,127.13
2600401,192.5,210.84,294.4,222.89
2600500,123.88,91.79,171.8,120.98
2600609,140.31,121.37,170,138.91
2600708,160.94,189.37,217.2,185.44
2600807,112.94,103.79,161.5,119.87
2600906,155.56,181.63,226.7,182.38
2601003,121.44,110.37,200.2,134.27
2601052,183.94,210.05,246.3,208.82
2601102,227.44,252.68,324,259.56
2601201,140.56,125.05,187.9,144.53
2601300,159.12,173.42,229.8,180.87
2601409,194.88,226.32,311.9,234.16
2601508,144.06,148.05,212.7,161
2601607,179.5,177.16,253,194.84
2601706,133.88,124.47,169.3,137.78
2601805,194.12,179.68,235.8,197.29
2601904,110.19,118.63,142.5,120.93
2602001,244.38,305.84,355.3,294.98
2602100,104.38,103.74,161.2,116.73
2602209,117.81,126.74,172.7,133.78
2602308,142.56,161.84,208.1,165.27
2602407,109.5,112,173.3,124.73
2602506,215.44,243.53,306.4,247.51
2602605,110,129.16,180.4,133.73
2602704,143.62,147.47,199.6,157.69
2602803,142.38,117.11,169.1,137.64
2602902,216,223.37,275.1,232.24
2603009,201.44,193.63,270.5,213.49
2603108,113,100.05,155.2,116.91
2603207,130.81,104.63,168,128.02
2603306,115.62,102.79,172.8,122.91
2603405,232.75,216.11,284.4,237.2
2603454,217,216.37,273.7,229.33
2603504,128.69,143.21,177.9,145.76
2603603,149.12,175.32,198.3,171.11
2603702,121.31,114.26,191.3,133.89
2603801,137.94,120,177.1,139.07
2603900,211.38,216.89,285.8,230.24
2603926,191.81,174.74,268.3,201.6
2604007,147.56,147.11,204,159.91
2604106,99.62,106.58,155.4,114.96
2604155,96.12,98.74,130,104.76
2604205,164.44,164.47,223.5,177.58
2604304,277.75,286.16,331,293.13
2604403,158.38,151.84,189.1,162.44
2604502,138.94,157.05,185.2,156.87
2604601,180.38,224.89,256,215.98
2604700,122.69,123.26,199.1,139.91
2604809,167.12,194.58,252.4,197.67
2604908,99.44,112.21,153,116.73
2605004,125,120.95,178.1,135.09
2605103,175.12,178.84,250,193.33
2605152,224.69,227.58,273.7,236.8
2605202,174.19,195.47,247.3,199.42
2605301,296.25,390.95,412.3,362.02
2605400,144.31,135.89,188.7,150.62
2605509,149.12,175.32,198.3,171.11
2605608,215,220.95,278.3,231.58
2605707,194.62,179.74,261.2,203.13
2605806,91.06,109.89,137.5,109.33
2605905,198.38,234.37,315.4,239.58
2606002,122.38,112.89,182.1,131.64
2606101,141.62,135.84,183.3,148.44
2606200,187.81,237.53,278,228.84
2606309,256.88,266,315.3,273.71
2606408,111.75,130.95,153.2,129.07
2606507,117.56,95.68,182.7,122.8
2606606,166.19,134,200.2,160.16
2606705,113.12,104.63,167.2,121.56
2606804,204.88,212,260.2,220.18
2606903,173.31,188.63,259.8,199
2607000,164.75,123.79,194.8,154.13
2607109,179.06,189.53,257.9,201
2607208,208.62,252.05,290.5,245.16
2607307,230.06,278.74,349.3,277.11
2607406,173.38,164.84,260.5,189.13
2607505,143.38,103.11,171.4,132.6
2607604,206.88,249.16,274.1,239.67
2607653,156.62,192.21,216.2,184.89
2607703,196.12,214.58,265.1,219.24
2607752,192.25,219.53,252.6,217.18
2607802,175.88,217.05,244.3,208.47
2607901,214.38,219.63,281,231.4
2607950,149.5,156.89,216.8,167.58
2608008,133.06,131.42,171.2,140.84
2608057,133.31,96.58,163.9,124.6
2608107,116.31,125.05,174.9,133.02
2608206,176,197.63,265.6,205.04
2608255,128.88,103.32,180.2,129.49
2608305,115.62,102.79,172.8,122.91
2608404,114.94,103.95,164.2,121.24
2608453,147.56,147.11,204,159.91
2608503,158.38,151.84,189.1,162.44
2608602,113.88,115.95,174,128.11
2608701,144.06,148.05,212.7,161
2608750,189.81,188.47,280.2,209.33
2608800,113.12,104.63,167.2,121.56
2608909,127.88,131.05,177.5,140.24
2609006,135.44,131.74,187.9,145.53
2609105,117.81,126.74,172.7,133.78
2609154,157.94,122.68,189.9,150.16
2609204,163.12,167.74,242.1,182.62
2609303,217.25,211.26,282,229.11
2609402,195.62,186.42,238.8,201.33
2609501,147.69,154.74,203.9,163.16
2609600,215.88,217.95,272.6,229.36
2609709,117.81,126.74,172.7,133.78
2609808,209,190.79,278,216.64
2609907,202.88,217.89,308.1,232.6
2610004,176,185.58,251.5,196.82
2610103,125.38,116.89,202,138.82
2610202,114.81,109.63,173.3,125.62
2610301,126.38,102.05,169.3,125.64
2610400,220,207.58,295.2,231.47
2610509,115.62,126.11,159.4,129.78
2610608,189.38,188.84,222.5,196.51
2610707,215.88,217.95,272.6,229.36
2610806,137.5,119.05,169,136.71
2610905,141.38,120.26,179.4,140.91
2611002,163.44,134.32,226.2,165.09
2611101,199.81,181.26,265,206.47
2611200,140.94,122.42,164.2,138.29
2611309,134.5,145,187.4,150.69
2611408,165.06,198.42,234.2,194.51
2611507,132.94,127.58,192.4,143.89
2611533,218.88,223.26,299.3,238.6
2611606,222.44,225.79,273.4,235.18
2611705,97.62,110.37,146.7,113.91
2611804,201.81,236.47,303.5,239.04
2611903,202.25,239.68,319.3,244.07
2612000,143.94,157.26,196.2,161.18
2612109,110.56,123.63,165.6,128.31
2612208,218.94,222.32,289.4,236.02
2612307,114.25,107.37,170,123.73
2612406,132.56,125.37,169.6,137.76
2612455,197.94,211.89,288.2,223.89
2612471,237.88,246.26,299.4,255.09
2612505,86.06,97.58,135,101.8
2612554,213.31,226.11,289.5,235.64
2612604,185.06,180.89,276.2,203.56
2612703,86.38,103.26,143.2,106.13
2612802,213.44,235.05,301.4,242.11
2612901,145.06,139.11,213.9,157.84
2613008,125.19,120,169.5,132.84
2613107,110.75,106.53,165.2,121.07
2613206,120.69,110.74,170.4,127.53
2613305,127.25,134.37,164.3,138.49
2613404,196.19,229.05,308.6,235.04
2613503,257.31,284.05,362.3,291.93
2613602,181.62,182.37,225.3,191.64
2613701,188.31,175.16,219.3,189.64
2613800,133,130.84,194,145.64
2613909,227.44,220.53,262.2,232.24
2614006,261.19,260.89,327,275.69
2614105,151.88,142.95,191.6,156.93
2614204,204.88,241.84,310.5,243.96
2614303,301.44,350.63,369.3,337.29
2614402,216.69,234.26,309.4,244.71
2614501,93,104.47,134.9,107.16
2614600,209.38,231.63,303.3,239.64
2614709,113.25,105.42,149.9,118.09
2614808,152.88,112.05,188.7,143.6
2614857,196.62,230.47,322.7,238.93
2615003,91.25,94.58,152.6,106.29
2615102,112.31,110.95,173.6,125.36
2615201,231.5,214.63,299.2,239.42
2615300,141.94,150.74,189.3,156.18
2615409,88.38,94.89,155.8,106.11
2615508,160.69,184.47,204.7,180.51
2615607,226.25,256.37,335.2,263.18
2615706,235.19,237.11,312,253.07
2615805,146.75,115.74,168.5,138.49
2615904,170,169.26,220.6,180.93
2616001,137.5,119.05,169,136.71
2616100,262.94,273.89,320.8,280.42
2616183,86.19,94.68,126.9,98.82
2616209,92,101.11,151.8,109.13
2616308,147.25,157.95,196.9,162.8
2616407,150.81,156.37,199,163.87
2616506,177.69,182.68,268.9,200.07
2700102,146.06,95.89,162.4,128.51
2700201,97.88,112.63,171,120.36
2700300,83.62,83.42,148.3,97.91
2700409,135.19,150.63,211.4,158.64
2700508,179.12,177.53,238.8,191.71
2700607,146.94,152.95,219.7,165.64
2700706,88.88,64.42,125.2,86.62
2700805,97.81,115.42,165.5,120.29
2700904,89.5,69,131.6,90.2
2701001,128.06,147,204.8,153.11
2701100,125.19,129.68,207.2,145.31
2701209,97.88,81.42,147.8,102.02
2701308,122.88,135.95,199.7,145.47
2701357,180.81,198.21,284.2,211.13
2701407,108.06,124.74,174.6,129.89
2701506,82.44,78.16,136.7,92.69
2701605,143.25,103.63,163.2,130.96
2701704,121.81,134.84,187,141.8
2701803,111.38,75.26,137.1,101.84
2701902,125.44,128.84,211.4,145.98
2702009,88.88,99.47,147.3,106.33
2702108,160.94,159.89,237.6,177.53
2702207,159,164.84,245.6,180.71
2702306,108.88,116,165.4,124.44
2702355,87.5,84.89,151.5,100.62
2702405,131.81,94,158.6,121.8
2702504,102.12,79.11,147.4,102.47
2702553,108.5,96.11,163.9,115.58
2702603,77.69,77.95,144.2,92.58
2702702,104.44,106.84,168,119.58
2702801,154.25,155.26,217.8,168.8
2702900,78.94,71.63,134.2,88.13
2703007,150.06,143.21,224.3,163.67
2703106,86.38,92.68,152.3,103.69
2703205,95.38,95.47,142.5,105.89
2703304,143.19,99.32,148.3,125.8
2703403,93.69,71.63,133.2,93.16
2703502,178.31,223.21,276.7,219.13
2703601,184.69,221.68,287.4,223.13
2703700,88,75.47,145.4,95.47
2703759,133.25,143.74,185.3,149.24
2703809,161.44,157.63,233.8,175.91
2703908,177.69,197.68,275.1,207.78
2704005,93.88,99.63,166.2,112.38
2704104,75.56,76.79,135.1,89.31
2704203,92.44,98.89,160,110.18
2704302,166.25,167.11,228.9,180.53
2704401,97,74.11,138.4,96.53
2704500,193.69,223.16,292.6,228.11
2704609,121.12,88.58,150,113.8
2704708,146.5,162.37,233.7,172.58
2704807,114.69,129.26,182.6,135.93
2704906,103.38,110,168.8,120.71
2705002,156,108.74,183.4,142.13
2705101,184.5,181.68,268.3,201.93
2705200,144.06,147.42,202.8,158.53
2705309,106.94,88.53,153.3,109.47
2705408,93.69,71.63,133.2,93.16
2705507,129.31,136.11,193.6,146.47
2705606,176.44,181.84,265.9,198.6
2705705,100.94,67.63,132.9,93.98
2705804,132.19,95.79,146.2,119.93
2705903,90.25,82.89,140.7,98.36
2706000,103.19,75.37,140.8,99.8
2706109,127.25,96.11,172.6,124.18
2706208,96.44,69.95,128.1,92.29
2706307,96.25,94.79,152.8,108.2
2706406,100.44,67.42,137.1,94.64
2706422,136.38,94.37,169.9,126.09
2706448,180.62,177.95,244.4,193.67
2706505,189.56,186.47,271.1,206.38
2706604,105.94,110.58,170.2,122.18
2706703,104.44,105.58,160.5,117.38
2706802,102.75,105.95,155.2,115.76
2706901,135.81,154.47,207.3,159.58
2707008,115.88,131.26,179.4,136.49
2707107,123.62,91.63,137.9,113.29
2707206,121.12,88.58,150,113.8
2707305,183.31,207.47,278.7,214.71
2707404,191.31,200.89,280.4,215.16
2707503,92.06,87.79,145.4,102.11
2707602,105.94,110.58,170.2,122.18
2707701,150.56,157.05,223.5,169.51
2707800,146.94,152.95,219.7,165.64
2707909,159,164.84,245.6,180.71
2708006,108.75,80.42,139.2,103.56
2708105,131.06,125.53,221.5,148.82
2708204,87.81,81.26,146.3,98.04
2708303,124.75,115.95,210.3,140.04
2708402,105.69,71.32,132.6,97.16
2708501,174.12,167.84,231.3,184.18
2708600,135.62,149.68,196.4,155.07
2708709,189.56,186.47,271.1,206.38
2708808,88.31,93,155.5,105.22
2708907,156.12,163.74,239,177.76
2708956,132.38,83.74,152.2,116.24
2709004,97.81,115.42,165.5,120.29
2709103,89.25,105.05,159.5,111.53
2709152,103.19,110.89,168.3,120.91
2709202,81.06,70.58,133.7,88.33
2709301,129.38,121,222.8,146.6
2709400,119.5,129.11,193.1,139.91
2800100,89.06,81.32,143.3,97.84
2800209,94.44,89.42,150.7,104.82
2800308,135.5,129.05,211.5,149.67
2800407,158.44,156.16,236.5,174.82
2800506,125.62,119.84,191.1,137.73
2800605,132,124.53,200.9,144.16
2800670,154.75,152.32,228.9,170.2
2800704,103.69,104.42,157,115.84
2801009,127.19,116.05,183.7,135.04
2801108,85.31,77.21,146,95.38
2801207,127.69,90.84,150.9,117.29
2801306,97.44,100.32,166.9,114.09
2801405,108.56,86.68,162.7,111.36
2801504,110.31,109.84,177.8,125.11
2801603,93.19,87,147.9,102.73
2801702,151.06,158.11,233,172.24
2801900,95.38,95.16,160.3,109.71
2802007,123.81,117.47,187,135.18
2802106,155.38,162.05,238.9,176.76
2802205,89.69,87.74,153.8,103.11
2802304,105.94,102.37,173.2,119.38
2802403,85.44,68.68,139.7,90.42
2802502,110.31,109.84,177.8,125.11
2802601,92.06,90.89,151.1,104.69
2802700,104.56,101.63,153.6,114.22
2802809,160.56,168.21,247.3,183.07
2802908,121.69,111.26,182.2,130.73
2803005,150.75,152.47,218.9,166.62
2803104,81.81,77.26,140.9,93.02
2803203,149.19,145.47,224.5,164.36
2803302,106.94,104.68,174.9,121.09
2803401,100.94,99.42,149.7,111.13
2803500,140.44,137.63,211.3,155
2803609,136.06,127.74,208.8,148.71
2803708,117.62,110.32,178.7,128.11
2803807,100.44,95.11,153.4,109.96
2803906,125.31,115.58,185.5,134.58
2804003,130.81,123.16,198.1,142.53
2804102,114.19,107.11,173.2,124.31
2804201,103.06,79.32,157.1,105.04
2804300,100.44,95.11,153.4,109.96
2804409,102.94,99,143.3,110.24
2804458,98.12,88.84,169.4,110.04
2804508,97.88,75.37,154.4,100.93
2804607,97.38,98.26,159.5,111.56
2804706,85.38,71.63,139.8,91.67
2804805,136.06,127.74,208.8,148.71
2804904,102.88,103.32,160.4,115.84
2805000,124.12,107.63,179.5,129.47
2805109,154.62,153.68,234.8,172.04
2805208,115.62,98.74,173.5,121.36
2805307,109.06,107.79,173.2,122.78
2805406,122.94,79.42,150.7,110.73
2805505,126.31,98.32,173.5,124.98
2805604,92.31,72.32,135.8,93.53
2805703,93.19,87,147.9,102.73
2805802,135.62,130.74,208,149.64
2805901,124.62,120.37,188.4,137
2806008,112.69,103.21,168.2,121.02
2806107,117.81,114.16,184.9,131.18
2806206,149.06,146.11,224.1,164.49
2806305,161.31,164.68,250.5,182.56
2806404,98.38,97.05,141.5,107.4
2806503,125.31,115.58,185.5,134.58
2806602,122.56,118.95,194,136.91
2806701,144.56,136.58,214.2,156.67
2806800,127.19,116.05,183.7,135.04
2806909,102.25,95.89,144.9,109.04
2807006,92.06,92.53,156.1,106.49
2807105,123.19,108.74,183.8,130.56
2807204,111.94,107.42,179.3,125
2807303,87.81,81.26,146.3,98.04
2807402,119.5,111.37,185.9,130.82
2807501,144.06,136.95,214.5,156.71
2807600,155.5,154.32,236.3,172.96
2900108,350.44,285.58,407.7,335.78
2900207,175.62,164.32,260.1,189.62
2900306,139.12,127.84,226.5,153.78
2900355,125.25,90,166,119.42
2900405,161.69,142.68,199.5,162.07
2900504,332.19,269,360.1,311.71
2900603,260.56,238.21,308.8,261.84
2900702,168.94,162,264.6,187.27
2900801,272.62,312.26,332.9,302.76
2900900,312,332.05,391.3,338.09
2901007,232.75,224.47,304.1,245.11
2901106,177.69,170.68,258.8,192.76
2901155,261.12,216.05,269.3,243.91
2901205,276.38,255.42,323.1,277.91
2901304,350.69,277,403.3,331.27
2901353,225.94,145.42,215.8,189.69
2901403,473.44,475.37,503.6,480.96
2901502,162.12,141.68,217.9,165.89
2901601,127,93.84,162.4,120.87
2901700,156.94,145.84,225.5,167.49
2901809,248.62,159.53,254.5,212.31
2901908,140.38,137,228.9,158.62
2901957,263.44,280,353.2,290.38
2902005,281.19,237.05,301.9,267.16
2902054,161.38,165.58,268.5,186.96
2902104,137.81,115.84,209.6,144.49
2902203,163.69,156.16,241.1,177.71
2902252,316.25,339.63,403,345.4
2902302,269.56,277.16,353.2,291.36
2902401,316.5,342.05,387.8,343.13
2902500,467.75,464.32,474,467.69
2902609,214.69,174.16,325,222.09
2902658,132.31,102.37,168.5,127.71
2902708,351.75,313.42,398,345.84
2902807,265.31,219.84,315,257.16
2902906,293.25,284.63,333.4,298.53
2903003,296.81,249,338,285.78
2903102,283,304.63,396,317.24
2903201,537.38,524.63,547.4,534.22
2903235,290.81,227.42,321,270.76
2903276,158.44,119.05,212.9,153.91
2903300,341.06,370.32,428.8,372.91
2903409,292.38,327.58,380.3,326.78
2903508,312.44,279.16,377.6,312.87
2903607,145.25,116.74,185.2,142.09
2903706,266.25,243.37,304.4,265.07
2903805,246.81,181.84,306.8,232.71
2903904,388.69,356.74,439,386.38
2903953,244,229.63,306.5,251.82
2904001,310.06,259.11,338.6,294.89
2904050,252.38,213.47,250.3,235.49
2904100,336.88,285.16,382.1,325.09
2904209,360.19,323.47,396.8,352.82
2904308,221.75,213.79,263.6,227.69
2904407,409.94,401.89,435.2,412.16
2904506,333.12,267.47,362.7,311.98
2904605,280.19,233.63,295.8,264
2904704,363.25,411.53,465.2,406.29
2904753,368.81,328.74,407.4,360.47
2904803,287.31,264.79,351.6,292.09
2904852,162.12,167.74,251.5,184.36
2904902,181.19,182,275,202.38
2905008,342.69,282.37,391.4,328.04
2905107,249.06,195.58,321.3,242.53
2905156,266.62,229.05,329,264.62
2905206,375.94,316.05,404.6,357.02
2905305,265.19,215.84,287.6,249.33
2905404,315,336.63,447.4,353.56
2905503,247.62,193.21,320.9,240.93
2905602,287.81,317.32,393.1,323.67
2905701,213.88,204.37,276.4,223.76
2905800,335.25,362.95,452.6,373.02
2905909,316.81,264.89,346.4,301.47
2906006,217.56,160.16,207.3,191.04
2906105,475.31,458.79,516.7,477.53
2906204,267.56,218.79,303.1,254.87
2906303,307.75,350.53,409,348.31
2906402,170.94,124.79,224,163.24
2906501,219.62,188.11,280.9,219.93
2906600,380.94,320.68,419.7,364.11
2906709,312.62,300.05,397,326.07
2906808,159.94,116.16,193.5,148.91
2906824,168.31,121.16,187.9,152.76
2906857,195.62,133.47,277,187.47
2906873,208.25,146.32,277.2,197.42
2906899,305.88,253.26,365.4,296.89
2906907,305.94,326.11,360.2,326.51
2907004,167.88,181.95,293.2,201.67
2907103,417.69,384.26,401,399.87
2907202,234.44,222.63,316.4,247.67
2907301,191.25,179.68,259.8,201.6
2907400,498.12,491.58,503.7,496.6
2907509,179.25,174.79,266.7,196.8
2907558,333.12,285.21,368.3,320.71
2907608,282.56,263.16,332.9,285.56
2907707,174.25,146.32,255.2,180.44
2907806,139.62,101.26,165,129.07
2907905,134.38,106.47,196.8,136.47
2908002,324.06,345.89,396.6,349.4
2908101,533.19,476.42,548.5,512.62
2908200,167.56,175.42,253.8,190.04
2908309,216.19,202.21,293.3,227.42
2908408,160.81,122.42,231.6,160.33
2908507,176.38,155.63,243.9,182.62
2908606,171.19,179.89,274,197.71
2908705,355.5,296.79,400.5,340.71
2908804,249.56,211.42,296.6,243.91
2908903,167.81,150.16,229.5,174.07
2909000,340.38,293.79,398.1,333.53
2909109,493.81,438.32,534.5,479.42
2909208,115.88,87.74,159.5,113.69
2909307,507.38,505.42,533.3,512.31
2909406,437.94,435.89,479.5,446.31
2909505,255.69,272.42,339.2,281.31
2909604,129.56,124.42,191.8,141.22
2909703,444.06,444.16,478.9,451.84
2909802,176.44,180.16,270.9,199
2909901,184.75,162.42,268.4,193.91
2910008,289.69,255.32,347.5,288.02
2910057,213.88,204.37,276.4,223.76
2910107,293.56,235.26,301.4,270.69
2910206,236.44,237,332.6,258.04
2910305,229.44,217.63,301.3,240.42
2910404,308.62,299.84,360.8,316.51
2910503,165.75,175.63,278.8,195.04
2910602,167.56,170.95,277.1,193.33
2910701,145.81,108.63,190.5,140.04
2910727,314.69,315.32,373.9,328.11
2910750,133.69,92.74,170.3,124.53
2910776,461.81,421.79,494.5,452.18
2910800,163.75,145.95,210.6,166.64
2910859,238.38,156.53,262.9,209.27
2910909,277.94,267.74,332.9,285.84
2911006,282.75,293.42,373.7,307.47
2911105,512.94,537,587.5,539.67
2911204,299.56,350.26,448.2,354
2911253,188.81,125.47,286.2,183.71
2911303,309.88,282.58,414.1,321.51
2911402,141.12,109.26,186.3,137.71
2911501,302.81,313.53,386.9,326.02
2911600,165.12,169.95,239.2,183.62
2911659,308.12,254.79,377.4,301
2911709,399.5,323.89,431.5,374.69
2911808,331.06,313.21,385.6,335.64
2911857,129.44,99.32,175.2,126.89
2911907,215.31,173.16,264.5,208.44
2912004,365.06,302.89,402.9,347.22
2912103,312.44,343.26,421.8,349.76
2912202,320.06,268.21,367.2,308.64
2912301,295.75,300.32,371.3,314.47
2912400,309.75,267.16,331.9,296.69
2912509,320.06,249.53,333.5,293.27
2912608,265.44,199.16,328.6,251.49
2912707,299.69,323.68,432.6,339.36
2912806,331.81,339.26,388.7,347.6
2912905,276.69,290.95,363,301.89
2913002,286.56,243.32,318.6,275.42
2913101,304.75,244.37,320.8,282.82
2913200,371.06,313.95,442.1,362.73
2913309,159.88,124.58,223.1,159.02
2913408,387.88,354.37,442.3,385.82
2913457,323.25,377.74,472,379.31
2913507,291.69,277.37,350.5,298.71
2913606,382.38,405.58,476.9,413.18
2913705,148.25,145.16,219.9,162.87
2913804,178.88,150.32,235,179.29
2913903,259.5,268.11,347.4,282.67
2914000,191.5,161.37,244,190.44
2914109,335.06,261.05,386.1,315.16
2914208,231.25,206.89,258.8,227.09
2914307,284.81,217.47,312,262.42
2914406,291.56,254.89,318,281.96
2914505,172.81,142.63,214.8,169.4
2914604,279.38,249.32,285.8,268.11
2914653,324,325.89,374.9,336.11
2914703,230.19,183.05,296.6,225.04
2914802,357.38,386.58,445.4,389.27
2914901,347.56,383.89,443.2,384.16
2915007,306.94,241.42,375,294.4
2915106,246,232,304.3,253.04
2915205,272.25,262.05,340.4,283.09
2915304,292.06,307.79,338.2,308.96
2915353,266.19,250.68,346.8,277.56
2915403,282.12,271.16,325.9,287.22
2915502,337.62,361.11,401.6,361.76
2915601,309.94,344.21,359.8,335.49
2915700,265.81,301.26,378.7,305.87
2915809,282.56,282.11,361.8,299.98
2915908,181.38,185.11,261.7,200.8
2916005,327.56,338.21,367,340.82
2916104,238.25,214.05,315.4,245.18
2916203,324.81,373.74,439.9,371.04
2916302,291.75,315.05,356.7,316.02
2916401,276,258.32,335.9,281.84
2916500,121.06,108.84,173,127.44
2916609,306.5,314.16,383.2,326.78
2916708,251.06,254.58,310.7,265.8
2916807,290.62,290.58,360,306.02
2916856,205.31,181.74,245.8,204.36
2916906,239.19,230.89,278,244.31
2917003,193.25,137.74,241.8,180.6
2917102,269.69,258.95,334.9,279.64
2917201,280.25,233.89,280.4,260.71
2917300,332.44,362.58,465.5,374.73
2917334,408.25,330.53,421.9,378.47
2917359,544.69,529,616.2,553.96
2917409,351.56,304.79,427,348.58
2917508,276.5,205.95,320.2,256.42
2917607,230.81,238.26,297,248.67
2917706,241.38,153.53,204.6,196.11
2917805,281.75,289.53,384.5,307.87
2917904,160.06,169.79,243.9,182.8
2918001,224.69,225.32,274.9,236.11
2918100,146.56,108.26,180.4,137.91
2918209,272.5,283.84,368.8,298.69
2918308,249.75,251.58,322.5,266.69
2918357,258,213.58,254.1,238.38
2918407,202.88,169.05,286.2,207.11
2918456,320,334.21,388.3,341.18
2918506,261.38,229.21,300.7,256.53
2918555,314.88,347.37,408.5,349.4
2918605,306.94,251.16,308.1,283.64
2918704,231.81,223.53,271,237.02
2918753,337.31,274.32,349.1,313.33
2918803,280.88,303.95,381.9,313.07
2918902,334.56,338.42,367.5,343.51
2919009,253.5,195.58,290.1,237.18
2919058,246.19,225.95,277.4,244.58
2919108,158.44,122.79,204.3,153.58
2919157,282.38,241.68,284.4,265.64
2919207,230.75,198.68,292.7,230.98
2919306,316.25,273.26,339.4,303.24
2919405,376.5,303.89,431.1,357.98
2919504,301.44,247.95,308.1,280.33
2919553,703.62,627.37,733,677.96
2919603,224.94,187.32,303.2,226.44
2919702,293.88,297.37,361.1,310.29
2919801,352.88,340.47,403.2,358.82
2919900,165.31,141.32,229,169.33
2919926,224.75,185.95,301,225.31
2919959,301.44,254.89,367.5,296.47
2920007,300,306.26,363.6,316.78
2920106,224.88,178.63,307.5,223.71
2920205,401.5,352.32,405.5,381.62
2920304,297.31,242.05,341.2,283.73
2920403,238.81,205.68,290.2,236.24
2920452,435.12,398.16,457.8,424.56
2920502,267.25,208.74,304.1,250.73
2920601,225.75,209.63,315.2,238.82
2920700,334.69,372.26,456.3,377.58
2920809,258.31,193.47,306.5,241.64
2920908,300.88,345.89,410.1,344.16
2921005,183.62,189.63,259.4,203
2921054,394.31,363.05,438.4,390.91
2921104,332,340.21,352.6,340.04
2921203,257.44,199.74,283.6,238.89
2921302,218.06,207.37,274.1,226
2921401,221.81,157.58,244.2,199.67
2921450,238.75,210.53,323.7,245.71
2921500,164.38,131.16,222.7,163.31
2921609,369.5,298.68,464.2,360.64
2921708,226.12,178.11,243.9,209.8
2921807,363.5,323.37,414.4,357.87
2921906,346.56,285.68,424.8,338.24
2922003,340.31,337.21,401.2,352.53
2922052,276.31,224.95,266.1,252.36
2922102,257.38,180.53,294.8,233.24
2922201,269.56,277.16,353.2,291.36
2922250,395.56,362.89,439.7,391.58
2922300,174.69,182.63,273.7,200.04
2922409,272.5,283.84,368.8,298.69
2922508,234.44,215.89,334.4,248.82
2922607,336.06,366.05,466.9,377.8
2922656,154,121.26,201.3,150.69
2922706,284,272.21,353.2,294.4
2922730,184.88,125.68,275.9,180.11
2922755,279.12,316.58,415.9,325.33
2922805,217.69,188.47,256.6,214
2922854,313.56,243,383.7,299.36
2922904,124.44,104.11,178,127.76
2923001,330.81,338.84,370.9,343.11
2923035,315.19,258.84,334.8,295.76
2923050,145.94,105.21,170.9,134.29
2923100,125.38,109.53,184.1,131.73
2923209,359.94,285.58,397,336.78
2923308,167.06,150.68,230.3,174.2
2923357,221.06,172.21,236.9,203.96
2923407,389.88,334.79,371.3,362.49
2923506,332.88,276,367.8,316.62
2923605,338.56,284.89,357.8,320.18
2923704,352.25,316.89,435.8,355.89
2923803,126.25,98.79,169.1,124.18
2923902,283.38,313.58,376.4,316.8
2924009,125.75,94.68,166.4,121.67
2924058,181.94,133.32,256.9,178.07
2924108,169.75,153.63,230.8,176.51
2924207,121.56,83.79,161.2,114.42
2924306,343.94,270.11,380,320.78
2924405,315.94,260.32,324.7,294.4
2924504,392,322.21,427.7,370.47
2924603,246.25,160.74,272.9,216.07
2924652,199.06,142.68,273.9,191.89
2924678,321.94,374.47,470.8,377.2
2924702,337,297.89,388.3,331.89
2924801,249.12,187.37,271.2,227.96
2924900,239.94,196.11,290.6,232.69
2925006,293.94,271.16,322.5,290.67
2925105,279.56,251.74,297.5,271.8
2925204,178.06,173.47,252.7,192.71
2925253,241.38,175.58,300.2,226.67
2925303,308.19,325,340.6,322.49
2925402,291,317.05,382.3,322.29
2925501,294.75,320.21,334.9,314.42
2925600,295.31,258.58,300.2,280.89
2925709,307.25,258.68,366.8,299.98
2925758,288.31,327.95,413.3,332.82
2925808,187.56,130.05,238.8,174.67
2925907,131.38,111.11,181.2,133.89
2925931,234.31,177.26,288.7,222.31
2925956,192.12,160.26,241.8,189.71
2926004,267.69,243.63,327.1,270.73
2926103,169.94,115.95,256.5,166.38
2926202,497.94,464.53,529.3,490.8
2926301,180.06,127.63,242.5,171.8
2926400,387.44,369.53,459.2,395.82
2926509,131.25,97.84,184.4,128.96
2926608,131.94,105.16,175.2,130.24
2926657,297.75,299.37,377.1,316.07
2926707,304.94,263.47,312.7,289.16
2926806,310.31,259.32,347.4,297.02
2926905,343.94,275.32,404.2,328.36
2927002,139.25,133.47,212.4,153.07
2927101,150.5,121.05,218.3,153.13
2927200,246.06,184.95,304.5,233.24
2927309,230.75,199.32,314.4,236.07
2927408,230.19,206.37,309.5,237.76
2927507,169.56,135.63,198.9,161.76
2927606,127.38,96.05,159.9,121.38
2927705,309.5,321.11,376.6,329.31
2927804,279.75,269.11,341.6,289
2927903,232,233.16,279.6,243.07
2928000,159.75,120.53,239.9,161
2928059,320.38,371.26,425.4,365.2
2928109,501.31,468.47,573.9,503.58
2928208,450.38,405,470.4,435.67
2928307,173.56,139.47,196.6,164.29
2928406,476.69,438.89,493.7,464.51
2928505,202.38,186.26,257.5,207.82
2928604,177.94,168.21,270.7,194.44
2928703,271.31,282.21,361.3,295.91
2928802,164.75,159.47,241.5,179.58
2928901,514.38,495.16,554.9,515.27
2928950,176.94,122.58,260.4,172.53
2929008,179.25,184.42,262.4,199.91
2929057,493,431.79,501.6,469.07
2929107,224.69,216.16,308.8,239.78
2929206,207.12,178.63,283.6,212.09
2929255,258.75,226.47,265,246.51
2929305,160,156.63,240.4,176.44
2929354,330.62,384.95,432.9,376.29
2929370,210.12,145.11,284.3,199.16
2929404,244.25,237.16,327.6,259.78
2929503,205.69,181.95,271.7,210.33
2929602,190.88,181.84,278.1,206.44
2929701,135.38,109.11,189.9,136.4
2929750,214.25,184.79,293.9,219.51
2929800,254,189.32,331.2,243.84
2929909,291.69,247.21,322.8,279.82
2930006,398.12,310.84,413.7,364.73
2930105,249.62,163.37,230.3,208.91
2930154,410.88,374.63,442.3,402.56
2930204,243.69,209.58,341.4,251
2930303,405.5,385.79,431,402.84
2930402,171.06,132.32,227.3,167.2
2930501,153.75,118.11,200.8,149.16
2930600,240.94,186.21,310.5,233.29
2930709,227.12,198.68,289.7,229.02
2930758,389.81,336.74,425.6,375.36
2930766,130.62,89.63,158.8,119.58
2930774,205.94,171,274.8,206.49
2930808,286.81,250.32,283.9,270.76
2930907,441.62,440.16,473,447.98
2931004,257.5,221.84,300.6,252.02
2931053,371.94,336.74,413.2,366.24
2931103,169.19,131.47,204.4,161.09
2931202,299.06,342.95,431.2,346.96
2931301,254.69,187.79,254.2,226.33
2931350,306.75,334.74,355,329.29
2931400,176,156.63,240.5,182.16
2931509,149.75,118.16,200.4,147.67
2931608,298.19,329.32,436,341.96
2931707,181.81,173.84,262.6,196.4
2931806,335.75,297.37,426.7,339.76
2931905,133.31,111.11,185.7,135.58
2932002,195.31,146.95,224.9,181.47
2932101,255.62,264.89,331.4,276.38
2932200,295.88,324.89,417.3,335.11
2932309,278.94,309.74,385.8,315.69
2932408,300.88,275.37,337.9,298.33
2932457,226.5,173.11,274.2,214.56
2932507,333.38,388.79,449.6,382.6
2932606,383.19,310.26,402,356.58
2932705,360.62,371.26,415.8,377.38
2932804,252.56,203.68,252.7,231.96
2932903,295.75,310.63,407.9,326.96
2933000,164.75,118.26,247.2,163.44
2933059,215.31,159.37,293,208.96
2933109,257.75,194.47,306.4,241.84
2933158,220.62,171.42,226.5,201.16
2933174,245.88,230.79,319.8,255.93
2933208,263.88,234.89,330.2,266.38
2933257,309,339.53,365.3,334.4
2933307,315.56,294.42,368,318.29
2933406,260.38,213.79,270.5,242.96
2933455,433,417.37,479.6,436.76
2933505,263.19,289.26,374,298.82
2933604,269.19,259.89,348.8,282.96
3100104,784.56,675.11,775.7,736.38
3100203,666.19,644.37,687.6,661.73
3100302,640,626.74,631.9,632.6
3100401,670.62,682.47,722.4,687.13
3100500,613,487.74,599.6,557.13
3100609,541.44,480.16,614.4,531.78
3100708,805.94,680.16,749.7,740.33
3100807,729.06,727.63,702.4,722.53
3100906,390.5,386.37,412.8,393.71
3101003,339.31,325.68,422.9,352.13
3101102,435.88,416.58,516.3,445.6
3101201,826.12,780.53,759,791.96
3101300,958.69,955.63,915.1,947.71
3101409,766.94,753,742.8,755.69
3101508,580.44,599.47,539.6,579.4
3101607,692.38,670.11,676.5,679.44
3101631,775.69,765.53,755.1,766.82
3101706,341.94,337,372,346.53
3101805,530.19,450.53,535.6,497.76
3101904,710.5,677,660.5,685.24
3102001,694.25,681.16,688.9,687.53
3102050,630.62,653.63,699.1,655.56
3102100,754.5,739.58,749.7,747.13
3102209,557.31,479.58,610.3,536.27
3102308,681.69,682.47,758.4,699.07
3102407,669.69,639.37,697.5,663.07
3102506,608.81,604.37,662,618.76
3102605,774.62,770.37,726.2,762.07
3102704,363.25,365.16,426.2,378.04
3102803,724.75,759.42,697.2,733.27
3102852,526.75,467.05,603.3,518.56
3102902,788.62,796.63,754.7,784.47
3103009,628.5,596.89,661.3,622.44
3103108,594.31,660.21,665.8,638.02
3103207,689.44,643.95,684.4,669.11
3103306,808.62,820.58,794.7,810.58
3103405,397.44,346,427.9,382.49
3103504,792.31,699,807.5,756.29
3103603,780.56,868.58,770,815.38
3103702,607.75,634.37,645.9,627.47
3103751,702.5,700.11,769.4,716.36
3103801,763.25,722.89,815.2,757.76
3103900,724.38,655.37,744.8,699.78
3104007,773.69,764.37,765.7,767.98
3104106,744.94,737.42,712.6,734.58
3104205,741.62,727.42,736.3,734.44
3104304,694.19,693.84,702.6,695.91
3104403,587.19,628.26,609.6,609.51
3104452,555.88,497.16,624,546.22
3104502,606.44,531.53,655.8,585.78
3104601,670.12,669.37,686.4,673.42
3104700,483.81,464.05,516.4,482.71
3104809,543.38,527.53,612.5,552.04
3104908,825.25,821.21,742.4,805.13
3105004,693.44,634.89,715.2,673.56
3105103,782.12,726.32,784.1,759
3105202,327.69,335.53,372,340.84
3105301,787.25,717.89,741.7,747.84
3105400,784.62,733.53,816.1,770.04
3105509,599.56,668.42,643.3,638.36
3105608,764.81,748.47,730.9,750.38
3105707,669.69,629.16,705.7,660.58
3105905,742.44,741.58,721.8,737.49
3106002,660.94,644.95,727.9,669.07
3106101,681.62,686.79,627.5,671.78
3106200,926.06,887.89,949.4,915.13
3106309,630.69,546.68,624.3,593.8
3106408,690.94,651.42,725.9,682.02
3106507,402.44,363.79,455.5,397.91
3106606,361.5,355.89,373.6,361.82
3106655,349,325.68,418.6,354.62
3106705,833.94,807.26,858.3,828.09
3106804,772.88,784.89,709,763.76
3106903,695.06,691.89,662.9,686.58
3107000,712.25,676.11,737.4,702.58
3107109,695.75,690.74,689.5,692.24
3107208,964.62,1019.21,945.5,983.42
3107307,506.19,481.95,587.1,513.93
3107406,711.31,649.47,724.9,688.22
3107505,787.94,925,813.3,851.44
3107604,739.88,708.63,683.8,714.22
3107703,716.69,663.42,745.2,700.53
3107802,612.19,558.05,631.7,593.67
3107901,656.12,714.89,643.5,678.13
3108008,744.5,743.11,760.6,747.49
3108107,785.31,710,787,753.89
3108206,613.5,559.84,624.5,593.29
3108255,533.56,516.53,574.9,535.56
3108305,688.5,748.16,669.6,709.49
3108404,765.56,773.89,731.4,761.49
3108503,492.25,449.53,549.7,486.98
3108552,613.31,543.26,626.4,586.64
3108602,519.25,512.26,576.1,528.93
3108701,672.62,682.68,689.4,680.6
3108800,607.75,512.53,616.3,569.44
3108909,636.81,673.89,643.8,654.02
3109006,814.19,783.68,867.8,813.22
3109105,727.44,765.32,690.8,735.29
3109204,600.31,543.84,609.8,578.58
3109253,633.88,544.89,610.7,591.16
3109303,692.62,592.11,751.6,663.29
3109402,594.88,500.74,637.1,564.51
3109451,604.75,556.79,628.6,589.8
3109501,718.31,740.84,686.1,720.67
3109600,715.62,683.32,707.9,700.27
3109709,639.75,689.74,627.3,658.09
3109808,695.06,721.53,726.9,713.31
3109907,691.81,663.84,689.9,679.58
3110004,763.88,706.95,788.3,745.27
3110103,553.75,628,596.5,594.6
3110202,609.62,620,655.5,624.2
3110301,788.19,723.68,731.7,748.4
3110400,759,751.89,729.4,749.42
3110509,740.5,750.58,701.2,736.02
3110608,649.75,677.42,646.7,660.76
3110707,739.25,705.89,671.1,710.02
3110806,487.12,405.32,524.2,460.82
3110905,758.19,692.95,664,709.71
3111002,772.44,706.26,750.8,739.69
3111101,707.5,693.26,696.8,699.11
3111150,549.94,479.42,587.2,528.44
3111200,723.75,737.58,731.1,731.22
3111309,693.94,681.47,691.6,688.16
3111408,826.5,734.53,753.3,771.4
3111507,814.88,749.42,847.6,794.51
3111606,699.19,679.16,681,686.69
3111705,605.81,609.53,675.8,622.93
3111804,712.81,691.53,736.9,709.18
3111903,740.62,737,724.8,735.58
3112000,739.12,759.95,744.9,749.2
3112059,593.12,501.53,611.8,558.6
3112109,578.12,639.42,650.5,620.09
3112208,761.19,769.53,748.3,761.84
3112307,511,465.11,588.4,508.82
3112406,754.62,767.05,721.9,752.6
3112505,697.31,658.63,719.5,685.91
3112604,695,707.42,679.6,696.82
3112653,492.38,430.63,527.5,474.11
3112703,482.88,455.42,522.3,480.04
3112802,752.06,738.21,745.2,744.69
3112901,618.25,614,618.7,616.56
3113008,422.94,392.58,468.5,420.24
3113107,716.69,718.16,735.6,721.51
3113206,752.94,729.42,737,739.47
3113305,567,627.11,614.3,602.89
3113404,595.62,518.32,599,563.73
3113503,509.31,446.37,558.4,493.64
3113602,734.38,742.32,690.9,728.07
3113701,404.44,380.68,420.3,397.93
3113800,645.5,569.26,680.8,621.16
3113909,705.88,717.84,661.8,701.13
3114006,749.12,719.84,744.2,735.67
3114105,781.12,755,708.1,753.87
3114204,758.81,716.89,786.8,747.33
3114303,761.31,725.47,794.1,753.47
3114402,699,682.42,670.9,685.76
3114501,761.19,729.53,756.1,746.69
3114550,683.81,635.63,610.1,647.09
3114600,737.94,697.53,704.9,713.53
3114709,752.5,702.26,685.4,716.38
3114808,879.44,947.26,880,908.2
3114907,736.25,692.37,737.6,718.02
3115003,820.81,719.89,821.8,778.42
3115102,743.44,738.42,698.3,731.29
3115201,754.12,742.42,739.3,745.89
3115300,689.88,699,703.3,696.71
3115359,799.19,794.05,848.5,807.98
3115409,696.25,739.84,716.7,719.2
3115458,442.06,389.32,484.5,429.22
3115474,398.06,350.21,455.2,390.56
3115508,809.06,790.37,726.4,782.8
3115607,749.56,731.63,784.3,749.71
3115706,445.88,436.89,487.9,451.42
3115805,719.38,701.79,784.2,726.36
3115904,752.06,743,722.6,741.69
3116001,589.5,544.11,642.3,582.07
3116100,447.62,369.16,480.8,421.87
3116159,644.94,584,677.2,626.38
3116209,623.62,637,561.6,615.49
3116308,735.94,752.05,721.9,739.62
3116407,846.88,824.32,802.9,827.58
3116506,550.25,520.05,596.4,547.76
3116605,750.69,720.68,757.7,739.58
3116704,633.56,664.79,689.2,659.11
3116803,583.94,498.11,606.3,552.67
3116902,777.38,717.11,793.8,755.58
3117009,364.31,358.11,401,369.84
3117108,717.31,693.74,658.5,694.29
3117207,726.12,753.79,695.1,730.91
3117306,794.31,690.26,723,734.53
3117405,590.56,504.42,617.9,560.27
3117504,723.19,686.68,739.6,711.42
3117603,701.12,618.42,688.6,663.42
3117702,792.56,758.74,721.5,762.49
3117801,662,676.16,659.6,667.44
3117836,500.44,456.16,529.3,488.16
3117876,690.12,668.47,732.5,690.4
3117900,712.94,758.63,675.3,723.87
3118007,682.62,685.37,700.7,687.8
3118106,666.62,615.21,684,648.78
3118205,780.75,724.58,790,759.09
3118304,693,694.16,715.7,698.53
3118403,478.62,412.11,551.9,466.82
3118502,631.25,652.11,638.6,641.69
3118601,876.5,839.47,919.3,870.38
3118700,711.44,697.37,666.6,695.53
3118809,528.38,512.95,569.8,531.07
3118908,643.88,618.11,665.3,637.76
3119005,717.25,677.79,644.3,684.38
3119104,559.38,552.11,638.2,573.82
3119203,557.5,473.26,575.3,525.89
3119302,864.19,731.84,811.6,796.62
3119401,630.75,580,630.5,609.27
3119500,391.19,367.32,419.8,387.47
3119609,752.06,743,722.6,741.69
3119708,740.5,708.79,694.4,716.87
3119807,800.62,754.63,811.9,783.71
3119906,647.06,652.05,638.9,647.36
3119955,699.12,729.79,726.4,718.13
3120003,614.88,565.11,624.8,596.07
3120102,625.06,603,637.3,618.47
3120151,419.5,387.58,421.8,406.53
3120201,704.94,707.05,687.6,701.98
3120300,445.38,414.79,508.7,446.53
3120409,714.62,703.68,738.1,715.22
3120508,773.75,749.84,748.3,758
3120607,761.88,720.37,784.2,749.31
3120706,760.06,766.68,804.2,772.67
3120805,778.12,748.26,706,749.49
3120839,435.75,436.11,505.7,451.44
3120870,361.56,347.79,438,372.73
3120904,607.38,588.32,633.9,605.22
3121001,638.19,612.84,665.9,633.64
3121100,653.19,646.74,589.6,636.33
3121209,791.81,781.42,765.8,781.64
3121258,797,712.42,794.9,760.82
3121308,672.12,660.63,700.9,673.67
3121407,752.81,710.32,760.1,736.49
3121506,787.81,804.05,776.8,792.22
3121605,600.62,600.95,641.7,609.89
3121704,670.62,682.47,722.4,687.13
3121803,637.12,574.68,660.3,615.91
3121902,642.06,638.74,695.6,652.56
3122009,570.81,639.95,618.9,610.69
3122108,444.81,410.11,494.4,441.18
3122207,592.19,508.42,623.9,563.87
3122306,754.5,728.58,774.6,748.02
3122355,327.62,318.79,408.1,341.78
3122405,730.31,700.84,695.3,710.09
3122454,320,322.53,362.5,330.51
3122470,622,561.63,649.8,602.69
3122504,597.44,478.53,582.6,543.93
3122603,676.12,627.95,704.5,662.09
3122702,654.88,617,693.1,647.38
3122801,770.81,745.74,742,753.82
3122900,670.12,669.37,686.4,673.42
3123007,742.44,741.58,721.8,737.49
3123106,609.06,547.16,664.9,595.33
3123205,713.81,681.84,746.6,707.6
3123304,718.75,698.68,740.3,715.07
3123403,747.38,723.26,757.7,739.49
3123502,802,701.47,786.8,756.18
3123528,615.56,589.16,670,616.51
3123601,698.75,654.84,615.9,661.8
3123700,568.31,462.79,551.8,520.09
3123809,534.94,480.42,575,520.82
3123858,602.44,509.47,604.4,563.62
3123908,695.62,680.89,718.6,694.51
3124005,610.12,658.26,681.9,646.4
3124104,781.62,715.26,775.1,752.16
3124203,578.12,639.42,650.5,620.09
3124302,400.19,319.05,395.9,364.98
3124401,707.12,724.95,671.2,706.67
3124500,669.19,701.74,665.7,682.16
3124609,525.38,558.21,532.9,540.91
3124708,758.56,725.74,803.6,754.71
3124807,810.56,687.53,773.8,750.44
3124906,634.31,704.26,696.6,677.69
3125002,793,794.42,775.2,789.64
3125101,726,725.26,676.8,714.76
3125200,690.56,667.32,669.8,676.13
3125309,567,627.11,614.3,602.89
3125408,625.19,584.05,635.3,610.07
3125507,620.12,583.21,644.5,609.96
3125606,361.19,357.16,407.6,369.8
3125705,637.06,622.05,681.5,640.6
3125804,568.31,462.79,551.8,520.09
3125903,656.88,588.58,670.5,631.07
3125952,587.88,635.16,609.6,612.67
3126000,818.25,732.68,809.6,780.2
3126109,703.44,730.05,730.3,720.64
3126208,640.25,554.11,727.8,623.33
3126307,737.5,679.16,696.6,703.78
3126406,699.19,647.32,691.4,675.56
3126505,413.44,358.42,464,401.44
3126604,535.06,481.32,626.2,532.62
3126703,493.56,447.16,504.7,476.44
3126752,491.56,431.95,553.3,480.11
3126802,497.69,456.21,521.5,485.47
3126901,506.38,410.37,541.1,473.56
3126950,566.88,486.95,605.5,541.71
3127008,740.25,696.21,699.2,712.53
3127057,371.5,376.26,392.8,378.24
3127073,467.75,409.63,490.8,448.33
3127107,745.69,694.68,726.7,719.93
3127206,680.38,637.11,707.1,668.04
3127305,457,412.68,496.5,447.07
3127339,400.5,318.26,429.7,372.27
3127354,510.19,482.74,586.8,515.62
3127370,429.75,422.74,500.9,442.6
3127388,731.62,744.16,746.1,740.13
3127404,663.62,659.42,689.6,667.62
3127503,599,498.42,618.5,560.87
3127602,622.94,579.68,640,608.47
3127701,509.25,437.74,539.7,485.82
3127800,498.38,443.63,525.3,481.24
3127909,795.38,697.89,781.6,751.16
3128006,600.44,521.68,603.2,567.8
3128105,722.44,696,718.5,710.4
3128204,632.88,635.05,697,648.04
3128253,505.94,479.63,588,513.07
3128303,787.75,745.68,742.7,759.98
3128402,696,680.89,724.2,695.89
3128501,668.38,676.11,645,666.44
3128600,743.44,660.11,806.2,722.2
3128709,775.31,723.58,727.1,742.76
3128808,677.69,699.89,707.6,693.71
3128907,765.06,784.74,809.4,783.22
3129004,650.25,669.74,716.5,673.2
3129103,724.56,662.84,679.3,688.44
3129202,739.75,743.74,691,730.6
3129301,626.12,521.74,594.7,575.07
3129400,760.5,751,724.6,748.51
3129509,754.12,732.68,797.4,754.69
3129608,560.19,491.53,592.1,538.29
3129657,480.19,428.21,499.5,462.53
3129707,835.75,816.16,788.1,816.89
3129806,846.25,814.37,895.3,843.69
3129905,772.81,765.11,722.7,758.42
3130002,749.31,717.21,748.1,735.49
3130051,549.62,475.68,538.3,515.89
3130101,836.19,765.42,797.4,797.69
3130200,736.81,665.42,770.2,714.09
3130309,768.38,724.37,762.2,748.42
3130408,739.38,696.95,723.4,717.91
3130507,699.19,687.32,688.3,691.76
3130556,624,520.05,606.4,576.2
3130606,675.88,734.63,677.4,701.02
3130655,409.81,322.21,417.7,374.58
3130705,809.81,664.84,727.3,730.27
3130804,749.19,721.05,693.9,725.02
3130903,598.56,491.95,605.3,555.04
3131000,694.44,664.74,693.7,681.73
3131109,602.12,582.79,627.4,599.58
3131158,635,533.42,619.1,588.58
3131208,592.06,522.47,582.9,560.64
3131307,630.75,580,630.5,609.27
3131406,706,698.32,702.4,701.96
3131505,757.12,720.16,704.7,729.87
3131604,792.25,689.74,760.4,741.89
3131703,694.69,648.68,737.1,684.69
3131802,454.38,440.63,493.8,457.33
3131901,807.38,776,840.3,801.44
3132008,496.75,462.58,606,506.6
3132107,463.5,396.16,470,436.51
3132206,776.5,707.37,789.2,750.13
3132305,446.19,409.26,491.8,440.73
3132404,685.5,673.79,642.7,671.04
3132503,563.94,501.79,592.5,544.04
3132602,678.62,679.89,713.8,686.98
3132701,490.31,418.79,544.7,472.2
3132800,699,674.11,761.1,702.29
3132909,787.81,743.95,767,764.67
3133006,922.69,959.37,885.6,929.93
3133105,766.69,746.47,725.5,749
3133204,500.31,441.16,535.5,483.16
3133303,368.44,343.37,395.7,363.91
3133402,699.69,683.32,719.2,697.11
3133501,739.12,744.11,730.2,739.24
3133600,721.94,715.79,639.7,701.07
3133709,828.94,749.47,805.4,790.16
3133758,721.12,705.42,682.2,705.84
3133808,802.88,720.89,807.6,769.31
3133907,711.69,749.21,734.4,732.58
3134004,364.88,336.11,390,358.31
3134103,414.94,389.63,523.2,428.31
3134202,719.5,657.42,697.5,688.4
3134301,749.81,701.21,730.2,724.93
3134400,670.69,674.47,620.5,661.13
3134509,751.06,690.53,729.4,720.69
3134608,715.81,635.37,730.5,685.11
3134707,331.69,317.79,363.6,332.91
3134806,756.88,684.26,712.4,716.33
3134905,761.88,735.37,751.3,748.33
3135001,641.44,600.05,663.3,628.82
3135050,423.81,348.32,413.9,389.73
3135076,488.31,419.68,524.5,467.38
3135100,418.56,357.74,443.4,398.4
3135209,517.06,506.47,557.6,521.6
3135308,754.81,725.84,745.6,740.53
3135357,496.69,463.68,519.8,487.89
3135407,694.75,653,706,679.62
3135456,427.88,365.95,457.9,408.4
3135506,634.81,611.58,643.1,626.84
3135605,550.38,483.16,587.7,530.29
3135704,671.81,637.84,684.9,660.38
3135803,372,357.63,414.7,375.42
3135902,766.44,746.53,698.2,742.87
3136009,384.06,368.84,417.5,385.07
3136108,628.5,530.32,631.8,587.78
3136207,705.12,687.42,755.9,708.93
3136306,659.25,604.58,682.5,641.33
3136405,560.44,508.74,634.7,555.11
3136504,312.06,326.58,364.5,329.84
3136520,444.44,374.68,492.2,425.6
3136553,568.88,478.68,634.1,545.29
3136579,424.69,389.16,467.1,419.11
3136603,725.81,620.32,756,687.98
3136652,808.94,738.84,789,774.91
3136702,740.62,722.05,705.5,724.98
3136801,507.75,478.74,600.2,516.04
3136900,746.75,715,692.7,721.33
3136959,453.25,391.89,455.7,427.89
3137007,494.75,429.84,556.8,481.13
3137106,841.44,709.16,826.8,782.33
3137205,769.12,722.37,764.8,748.42
3137304,553.06,493.32,577.2,533.2
3137403,746.38,694.05,742.7,723.47
3137502,740.12,698.47,751.2,725
3137536,734.69,642,776,704.73
3137601,676,617.63,704.6,657.71
3137700,595.81,594.11,642.2,605.4
3137809,767.75,732.26,703.2,738.42
3137908,691,729.37,694,707.87
3138005,637.38,688.32,670,666.13
3138104,558.62,504.47,617.8,548.91
3138203,746,697.53,688.7,712.8
3138302,715,644.32,713,684.71
3138351,460.88,386.26,496.7,437.33
3138401,630.5,662.37,674.1,653.64
3138500,862.69,962,841.6,899.93
3138609,805.75,819.05,756.7,800.47
3138625,694.81,651.42,645.3,665.49
3138658,509.5,447.89,497.7,480.87
3138674,574.19,615.05,610.1,599.42
3138682,504.19,466.42,555.5,499.64
3138708,744.5,708.47,683.5,715.73
3138807,766.31,714.32,765.6,744.2
3138906,372.56,382.21,374.7,377.11
3139003,734.62,690.42,701.5,708.6
3139102,722.44,735.58,712.3,725.73
3139201,527.44,465.95,597.2,516.98
3139250,397.38,326.21,423.1,373.04
3139300,455.31,390.84,436.7,423.96
3139409,622.56,604.79,626.4,615.91
3139508,628.94,649,679.1,648.56
3139607,451.5,457.68,503.2,465.6
3139706,712.44,654.37,693.8,683.78
3139805,654.38,662.53,590.6,643.64
3139904,713.06,713.47,668.7,703.38
3140001,753.88,741.53,796.3,758.09
3140100,541,431.26,564.9,499.98
3140159,808.5,774.89,846.1,802.67
3140209,661,677.05,682,672.44
3140308,653.06,595,658.1,629.67
3140407,729.75,707.95,668.2,706.87
3140506,665.56,617.89,680.9,648.84
3140530,613.31,608.89,673.9,624.91
3140555,314.81,320.68,373.1,330.24
3140605,620.06,561.53,632.3,598.07
3140704,799.44,753.16,788.6,777.49
3140803,705.62,704.89,670,697.4
3140852,419.38,329.37,424.6,382.53
3140902,644.12,634.53,636.2,638.31
3141009,398.62,349.84,444.7,388.27
3141108,688.62,650.58,720.6,679.67
3141207,784.62,738.16,829.9,775.07
3141306,817.94,742.47,839.1,790.78
3141405,361.12,367.58,386.4,369.47
3141504,449.38,435.16,496.5,453.84
3141603,738.69,750.74,761.2,748.78
3141702,620.12,536.79,627.5,586.58
3141801,481.31,412,539.8,465.04
3141900,749.69,726.26,692.3,727.04
3142007,504.75,519.21,545.9,520
3142106,625.25,683.47,697.5,665.89
3142205,682.25,720.68,725,707.98
3142254,478.19,421.21,468.7,452.02
3142304,758.62,738.53,794.5,758.11
3142403,769.25,690.53,764.9,735.04
3142502,585.38,564.32,593.3,578.24
3142601,739.06,693.16,658.3,701.73
3142700,478.62,446.89,492.9,468.4
3142809,712.5,732.53,762.8,732.13
3142908,398.75,343.42,455.8,388.07
3143005,730.06,746.84,682.1,726.49
3143104,788.19,688.74,773.9,743.02
3143153,375.94,377.74,420.6,386.62
3143203,771.25,747.47,740.1,754.29
3143302,515.12,499.21,567,519.93
3143401,757.75,750.89,733.9,749.56
3143450,375.19,324.84,404,360.33
3143500,645.88,610.42,701,643.16
3143609,587.62,573.47,640,593.29
3143708,732.25,691.84,774.6,724.6
3143807,721.56,733.58,651.4,711.04
3143906,647.88,728.42,700.5,693.58
3144003,533.31,494.26,575.2,526.13
3144102,761,732.11,704.7,736.29
3144201,557.94,445.16,592.8,518.07
3144300,354.38,346.53,408.6,363.11
3144359,593.19,523.47,583.6,561.62
3144375,660.19,584.21,676.6,631.76
3144409,732.06,759,688,733.64
3144508,729.25,676.11,703.2,701.02
3144607,725.88,725.74,679.3,715.47
3144656,333,308.84,411.5,340.24
3144672,456.94,441.63,501.7,460.42
3144706,648.12,618.68,718.6,651.36
3144805,907.69,866.05,943.2,898
3144904,465.25,418.42,502.1,453.67
3145000,783.81,669.42,717,720.67
3145059,414.06,346.42,456.4,394.91
3145109,731.25,698.95,674.7,705.04
3145208,713.12,617.47,714.5,673.04
3145307,442.12,387.74,500.5,432.13
3145356,417.94,389.53,440,410.84
3145372,466.19,388.47,488.1,438.24
3145406,828.81,902.11,797,852.69
3145455,509.56,480.42,605.6,518.6
3145505,766.44,746.53,698.2,742.87
3145604,747.5,723.63,738,735.31
3145703,803.38,820,772.3,803.49
3145802,726.25,677.58,718.3,703.93
3145851,633.69,603.84,659.7,626.87
3145877,574.88,631.11,585.9,601.07
3145901,693,736.89,705.7,714.36
3146008,730.81,749.63,716.8,735.64
3146107,693.19,701.47,712.2,700.91
3146206,476.81,450.53,505.1,472
3146255,458.44,407.26,499.3,445.91
3146305,381.12,369.53,415.3,383.82
3146404,689.56,660.79,714.4,682.93
3146503,713.19,721.11,727.1,719.62
3146552,402.25,350.11,442.5,389.18
3146602,786.25,806.63,798.3,797.53
3146701,600.81,613.21,612.9,608.73
3146750,323.19,322.74,382.5,336.18
3146909,674.69,652.84,688,668.42
3147006,757,661.95,765.2,718.69
3147105,779.19,677.32,764.7,732.96
3147204,705.12,673.84,660,681.89
3147303,625.19,629.58,636.3,629.51
3147402,662.81,640,669.7,654.71
3147501,666.94,642,717,667.53
3147600,722,681.63,616.7,681.56
3147709,756.38,716.11,749.2,737.78
3147808,913.31,1046.37,886.8,963.6
3147907,757.69,710.11,712.3,727.51
3147956,496.88,485.42,536.7,500.89
3148004,815.31,745.68,779.2,777.89
3148103,758.38,782.26,796.9,777.02
3148202,623.81,701.37,680.3,669.11
3148301,622.88,645.32,696.1,648.62
3148400,608.12,513.11,615.8,569.71
3148509,411.31,382.74,435.7,404.67
3148608,598.88,499.37,625.2,562.71
3148707,357.81,343.74,390.7,359.18
3148756,634.19,633.89,644.2,636.29
3148806,616.31,602.74,668.3,622.13
3148905,755.75,740,741,745.82
3149002,565.12,647.79,600.8,607.96
3149101,715,752.74,686.2,724.53
3149150,483.94,430,506.4,466.16
3149200,789.06,672.37,705.8,721.29
3149309,751,720.74,793.4,747.64
3149408,791.81,788.79,742,779.47
3149507,657.44,668.16,597.2,648.58
3149606,712.62,654.84,694.8,684.27
3149705,727.69,669,757.1,709.44
3149804,809.56,754.11,787.4,781.22
3149903,741.88,747.05,728.4,741.07
3149952,573.88,483.63,568.5,534.58
3150000,457.62,418.89,496.7,449.96
3150109,801.62,827.95,760.9,803.69
3150158,604.44,519.16,611.9,570.09
3150208,638.12,593.16,654,622.67
3150307,747,754.05,715.2,742.91
3150406,748.25,692.58,760,727.36
3150505,702.25,697.79,707.3,701.49
3150539,626.75,574,637.5,606.87
3150570,548,468.42,549.4,514.71
3150604,750.06,714.05,761.6,737.42
3150703,812.5,715.47,738.2,755.02
3150802,667.25,679.58,695.4,678.71
3150901,733.88,714.79,708,720.07
3151008,690.56,724.53,653.9,696.76
3151107,544.19,565,535.9,551.13
3151206,571.19,502.42,640.5,557.56
3151305,689.38,685.16,726.2,695.78
3151404,688.88,635.63,677.6,663.89
3151503,781.25,744.53,776.5,764.69
3151602,768,708.84,686.9,725
3151701,764.38,730.95,719.7,740.33
3151800,797.75,771.58,775.7,781.8
3151909,561.38,480.42,608.4,537.64
3152006,640.62,629.37,672.5,642.96
3152105,651.56,619.32,698.4,648.36
3152131,567.44,489.63,589.6,539.51
3152170,372.31,359,413,375.73
3152204,412.12,361.05,460.9,401.4
3152303,604.19,619.53,669.2,625.11
3152402,485.5,427.32,534.7,471.87
3152501,658,719.89,646.7,681.62
3152600,792.44,805.74,728.1,783.76
3152709,753.62,727.89,715.9,734.38
3152808,788.25,757.89,784.8,774.67
3152907,718.81,712.11,692.8,710.2
3153004,783.94,758.68,808.2,778.67
3153103,649.56,667.79,700.1,668.49
3153202,613.69,577.68,636.6,603.58
3153301,655.62,625.37,674.7,647.09
3153400,806.69,712.05,790.4,763.11
3153509,615,615.95,672.9,628.27
3153608,688.81,656.58,706.1,679.04
3153707,726.88,689.58,755.8,717.56
3153806,714.81,702.63,724.3,711.78
3153905,861.56,839.21,873.5,854.78
3154002,603,590.16,586,593.8
3154101,589.31,608.58,584.7,596.42
3154150,629.44,604.21,657.5,625.02
3154200,750.06,702.68,741.4,728.13
3154309,407.25,409.11,524.2,434.02
3154408,782.81,767.05,765.5,772.31
3154457,588.12,515.84,616.9,564
3154507,459.94,410.63,508.7,449.96
3154606,787.88,747.11,819.4,777.67
3154705,745.12,722.37,711.9,728.13
3154804,796.56,751.37,829.6,784.82
3154903,648,610.63,664.1,635.8
3155009,658.81,611.21,688.1,645.22
3155108,349.44,343.58,397.1,357.56
3155207,736.75,758,727.1,743.58
3155306,823.75,753.05,790.8,786.58
3155405,716.12,717.84,768.7,728.53
3155504,778.25,730.53,812,765.6
3155603,452.19,367.74,456.7,417.53
3155702,694.06,666.26,725.6,689.33
3155801,709,693.16,739,708.98
3155900,766.12,837.11,741.6,790.64
3156007,596.56,544.05,613.2,578.09
3156106,735.75,735.32,724.8,733.13
3156205,676.38,683.74,688.6,682.2
3156304,675.19,679.26,695.1,681.33
3156403,775.31,666.74,733.8,720.24
3156452,631.81,684.05,701.5,669.36
3156502,438.94,409.32,457.9,430.64
3156601,347.38,327.21,382.3,346.62
3156700,844.5,786.47,846.7,820.49
3156809,611.31,561.47,620,592.2
3156908,839.81,799.74,834.6,821.73
3157005,430.75,403.95,440.8,421.67
3157104,309.94,298.63,337.9,311.38
3157203,799.19,794.05,848.5,807.98
3157252,608.31,565.84,621.7,593.36
3157278,730.06,742.47,677.8,723.69
3157302,796.19,812.68,781.9,799.98
3157336,744.56,783.89,720.4,755.8
3157377,376.88,371.95,425.5,385.6
3157401,653.12,611.47,693.4,644.49
3157500,593.12,504.26,603.4,557.89
3157609,591.06,509,644.5,568.29
3157658,360.69,363,373.8,364.58
3157708,784.5,702.37,745.7,741.2
3157807,747.5,708.16,779,737.89
3157906,590.81,637.74,618.1,616.69
3158003,650.06,612.37,695.1,644.16
3158102,334.19,310.89,372.3,332.82
3158201,558.19,453.84,613.6,526.44
3158300,706.62,687.05,656.6,687.24
3158409,691.06,714.21,748.7,713.64
3158508,633.25,589.95,653.2,619.4
3158607,616.81,614.16,574.9,606.38
3158706,768.38,792.84,729.1,769.98
3158805,745.31,762.37,753.1,754.24
3158904,624.88,568.63,677.3,612.78
3158953,654.06,587.58,631.9,621.07
3159001,732.56,679.89,754.3,715.16
3159100,721.62,738.47,716.6,727.62
3159209,735.56,718.63,691.5,718.62
3159308,832.69,919.16,809.2,863.98
3159357,599.12,536.74,611.2,575.47
3159407,768.94,789.26,744.4,772.07
3159506,448.31,404.79,541.1,450.56
3159605,665.56,725.05,651.6,687.58
3159704,823.12,737.11,858,794.56
3159803,694.62,646.16,690.1,673.16
3159902,749.19,756.63,759.2,754.56
3160009,569.38,597.53,557.7,578.67
3160108,648.06,612.26,622.4,627.24
3160207,635.69,610.58,648.6,627.96
3160306,334.94,310.79,372.1,333
3160405,770.5,711,775.7,746.53
3160454,402.62,343.47,428.7,383.44
3160504,690.81,662.16,731.3,687.71
3160603,563.25,535.21,591.5,557.69
3160702,796.38,819.11,792.2,805.04
3160801,717.94,714.53,662.3,704.13
3160900,690.31,666.21,711.1,684.76
3160959,620,503.32,602.8,566.91
3161007,653.69,636.95,699.4,656.78
3161056,448.25,411.42,475.1,438.67
3161106,504.56,467.42,522.4,492.84
3161205,765,745.63,748.4,753.13
3161304,685.06,688.37,680.2,685.38
3161403,562.94,640.37,601.6,604.22
3161502,652.19,663.53,710.6,669.96
3161601,578.19,482.74,591,540.73
3161650,444.62,429.42,494.6,449.31
3161700,632.19,574.42,665.2,615.13
3161809,725.62,683.16,730.1,708.69
3161908,723.88,694.63,755.2,718.49
3162005,743.94,717.95,653.8,712.93
3162104,784.38,744.53,820.7,775.62
3162203,778.94,766.42,751.3,767.51
3162252,538.5,519.95,585.8,541.18
3162302,761.75,738.37,715.9,741.69
3162401,480.19,444.79,506.3,471.04
3162450,458.44,395.79,457.5,431.78
3162500,748.81,785.84,731.1,760.51
3162559,614.81,608.58,623,614
3162575,439.88,439.84,477,448.11
3162609,599.69,491.32,585.8,550.84
3162658,549.19,507.95,607.1,544.64
3162708,361.44,321.79,385.8,350.11
3162807,590.81,504.32,598.1,555.91
3162906,676.38,670.84,701.6,679.64
3162922,800.19,747.47,782.1,773.91
3162948,750.19,725.53,727.2,734.67
3162955,690.12,668.47,732.5,690.4
3163003,529.44,441.26,597.6,507.36
3163102,741.88,671.47,705.9,704.16
3163201,690.56,724.53,653.9,696.76
3163300,449.62,433.95,478.9,449.51
3163409,634.94,598.63,666.7,626.67
3163508,570.06,493.32,614.5,547.53
3163607,615.06,565.89,664.4,605.27
3163706,793.25,806.11,735.7,785.89
3163805,609.62,620,655.5,624.2
3163904,761.56,715.42,696.7,727.67
3164001,640.88,615.42,668.9,636.36
3164100,573.19,486.95,636.1,550.76
3164209,576.62,497.16,582.4,544.36
3164308,825.62,793.74,825.5,812.13
3164407,687.12,744.58,658.7,705.07
3164431,650,693.68,705.2,680.71
3164472,610.62,497.42,611.1,562.93
3164506,554,484.53,615.7,538.38
3164605,758,721.58,766.1,744.42
3164704,747.81,737.95,757,745.69
3164803,692.06,668.42,747.2,694.33
3164902,768.81,759.11,742.9,758.96
3165008,741.75,727.26,740.7,735.4
3165107,767.19,744.53,747.5,753.24
3165206,778.56,769.79,729.9,764.04
3165305,746.81,747.26,701.5,736.93
3165404,675.56,697.53,665.2,682.53
3165503,592.38,496.42,613.6,556.58
3165537,808.5,774.89,846.1,802.67
3165552,506.12,448.89,577.4,497.8
3165560,662.44,618.89,696.1,651.53
3165578,695.25,722.74,637.9,694.11
3165602,612.94,646.16,610.5,626.42
3165701,656.62,673.79,700.6,673.64
3165800,706.06,752.53,679.7,719.82
3165909,588.5,521.68,605.8,564.13
3166006,703.62,729.16,704.1,714.51
3166105,637.19,549.21,661.4,605.42
3166204,788.81,774.42,765.8,777.62
3166303,638.19,634.79,641.2,637.42
3166402,799.25,836.16,803.1,815.69
3166501,626.44,611.21,635.9,622.11
3166600,758.56,699.26,786.3,739.69
3166709,339.38,338.05,396,351.4
3166808,756.69,713.37,780.5,743.69
3166907,724,694.47,709.4,708.29
3166956,422.44,366.47,468.5,409.04
3167004,795.25,783.95,742,778.64
3167103,662.81,640.89,677.6,656.84
3167202,704.19,659.32,711.4,686.84
3167301,739.31,726.58,753.4,737.07
3167400,698.19,732.21,669.6,706.2
3167509,598.81,641.32,573.4,611.11
3167608,624.5,548.42,633.9,594.47
3167707,589.19,493.68,555.1,541.29
3167806,780.19,796.16,736.4,777.2
3167905,727.5,740.32,761.8,740.53
3168002,412.5,354.05,436.6,393.18
3168051,583.06,531.21,589.9,562.69
3168101,805.06,808.32,786.3,802.27
3168200,825.56,742.68,838.6,793.47
3168309,724.25,637.05,733.3,689.44
3168408,586.88,481.05,580.7,540.82
3168507,612.88,617.53,679.3,629.6
3168606,478.94,444.05,516.6,472.58
3168705,646.25,583.26,632.1,616.51
3168804,717.94,739.05,697.1,722.22
3168903,736.31,698.95,782.5,730.8
3169000,705.94,682.63,735.9,702.76
3169059,665.69,719.79,647.3,684.44
3169109,714.88,734.21,652.9,709.27
3169208,558.38,622.37,600.1,594.67
3169307,710.25,694.89,656.7,691.87
3169356,588.56,556.89,630.7,584.56
3169406,700.5,711.21,664.5,697.02
3169505,493.38,426.53,531.3,473.58
3169604,713.88,714.16,773.7,727.29
3169703,501.94,430.63,542.5,480.84
3169802,756.62,734.89,720.5,739.42
3169901,686.25,691.58,735.7,699.49
3170008,554.31,470,547.6,517.22
3170057,609.38,504.84,599,562.93
3170107,793.12,715,775,756.11
3170206,794.69,715.21,744.7,750.02
3170305,370.31,356.16,357,361.38
3170404,655.44,568.37,690,626.36
3170438,676.56,654.21,655.5,662.44
3170479,596.75,544.63,638,583.91
3170503,651.94,612.63,655.5,636.13
3170529,570.25,492.53,590.1,541.84
3170578,613.44,562.74,631.3,596
3170602,804.06,755.84,778.9,778.11
3170651,375.94,329.68,393.2,360.24
3170701,686.62,667.63,615,662.69
3170750,709.81,675.84,738.2,701.78
3170800,569.25,493.47,631.1,551
3170909,479.38,414,475.8,450.98
3171006,830.75,686.89,823.6,768.42
3171030,442.94,372.53,445.3,413.73
3171071,517.62,446,550.9,494.78
3171105,811.44,747.47,755.1,771.91
3171154,604.88,591.16,599.7,597.93
3171204,775.62,733.42,796.4,762.42
3171303,602.06,614.32,670.8,622.51
3171402,629.19,692.16,683.5,667.84
3171501,514.5,427.63,542.1,483.96
3171600,398.25,365.21,452.4,396.33
3171709,775.94,746.37,735,754.36
3171808,594.31,510.63,617.3,564.09
3171907,568.56,462.26,604.6,531.69
3172004,654.94,658.16,700.4,666.4
3172103,527.69,568.79,537,547.11
3172202,696.75,686.95,673,687.33
3200102,507.25,515.95,555.3,521.6
3200136,442.12,473.79,555.7,480.73
3200169,482.81,464.42,547,489.31
3200201,568.38,582.68,592.1,579.69
3200300,540.88,587.53,626.3,579.56
3200359,437.69,476.47,547,478.36
3200409,394.12,425.21,457.4,421.31
3200508,518.88,528.05,530.2,525.27
3200607,367.12,430.32,526.6,429.24
3200706,403.62,464.79,428.7,435.02
3200805,392.94,374.26,502.7,409.44
3200904,480.81,475.63,554.4,494.98
3201001,406.5,387.63,484.7,415.91
3201100,530.06,535.42,534.8,533.38
3201159,556.25,567.16,576.1,565.27
3201209,467.94,503,488.1,487.22
3201308,426.12,473.53,500.3,462.62
3201407,558.44,593,585.8,579.11
3201506,439.31,437,560.7,465.31
3201605,334.5,354.68,423,362.69
3201704,570.44,600.11,609.2,591.58
3201803,618.12,650.58,678.8,645.31
3201902,498.5,514.63,548.8,516.49
3202009,579.44,626.79,640.4,612.98
3202108,466.88,447.63,515.1,469.47
3202207,438.31,503.74,581.9,497.84
3202256,443,484.84,586.9,492.64
3202306,589.69,627.42,637.5,616.24
3202405,383.31,423.26,457.5,416.67
3202454,610.5,589.68,648.6,610.18
3202504,458.94,535.58,620,527.09
3202553,629.56,613.37,684.3,634.89
3202603,485.38,534.42,562.2,523.16
3202652,631.25,602.16,686.6,631.27
3202702,449,446,526.2,464.89
3202801,366.62,418,411.9,398.38
3202900,467.44,478.32,555.4,491.58
3203007,631.25,602.16,686.6,631.27
3203056,383.62,396.32,500.1,414.87
3203106,514.5,589.21,525.3,548.44
3203130,443.38,514.95,591.7,506.56
3203163,452.56,454.16,525.1,469.36
3203205,372.44,419.58,539.4,429.44
3203304,423.69,436.16,475.8,440.53
3203320,343.12,394.42,392.2,375.69
3203346,486.44,495.21,560.3,506.56
3203353,426.25,473.42,578.4,479.98
3203403,468.62,533.63,491.6,501.18
3203502,366.69,371.21,445.5,386.11
3203601,404.31,392.11,448.6,409
3203700,560.31,546.63,612.3,566.09
3203809,479.69,553.63,512.5,518.2
3203908,447.19,418.68,533.3,454.29
3204005,433.38,481.26,566.5,483.18
3204054,348.56,357.47,435,371.53
3204104,399.06,382.63,465,406.78
3204203,369.94,418.74,434.3,404.84
3204252,447,420.95,496.5,447
3204302,373.5,420.68,404.5,400.31
3204351,424.5,470.42,578.5,478.11
3204401,428.75,482.32,471.4,460.84
3204500,449.62,486.37,545.6,486.47
3204559,487.5,499.37,560.7,508.78
3204609,501.44,515.84,578,524.53
3204658,446.44,489.84,586.7,495.93
3204708,447.44,468.53,565.9,482.67
3204807,547.31,580.32,581.3,568.8
3204906,386.69,385.63,475.6,406
3204955,471.88,484.16,556.5,495.87
3205002,440.75,480.47,530.5,477.47
3205010,404.25,421.47,541,441.91
3205036,525.81,568.79,587.3,557.62
3205069,551.12,596,588.6,578.4
3205101,415.94,444.84,491.5,444.93
3205150,446.06,428.89,526.3,456.64
3205176,427.88,443.47,585,469.38
3205200,379.56,417.42,464.1,414.33
3205309,306.25,317.21,349.3,320.44
3300100,834.75,874.74,690.3,819.53
3300159,505.19,536.11,504.9,518.18
3300209,686.44,738.11,655.5,701.38
3300225,595.38,604.26,530.6,584.73
3300233,630.56,645.47,592.8,628.47
3300258,641.94,673.37,610.4,648.2
3300308,650.5,691.47,618.2,660.62
3300407,657.31,707.32,628.3,671.98
3300456,575.25,531.84,535.5,548.09
3300506,703.19,677.42,706.6,693.07
3300605,524,532.68,542.5,531.78
3300704,634.94,669.21,619.8,646.04
3300803,870.56,930.84,843,889.89
3300902,483.88,523,495.8,503.04
3300936,495.56,507.42,459.4,492.53
3300951,585.88,563.53,555.2,569.62
3301009,364.94,385.79,364.5,373.64
3301108,545.19,559.16,548.2,551.76
3301157,395.19,420.74,408.5,408.93
3301207,557.06,573.58,554.3,563.42
3301306,806.25,843.21,750.7,809.51
3301405,589.5,584.42,532.4,574.67
3301504,612.94,563.16,591.2,587.09
3301603,624.25,578.42,621.6,604.31
3301702,745.5,641.89,657.5,682.2
3301801,574.81,558.74,538,559.84
3301850,915.5,845.63,898.6,882.24
3301876,641.94,673.37,610.4,648.2
3301900,643.06,637.37,561.7,622.58
3302007,592.19,530.68,519.5,550.07
3302056,446.5,475.89,462.7,462.51
3302106,501.75,524.32,509.7,513.04
3302205,516.94,532.11,535.8,527.53
3302254,781.31,817.21,765.6,792.98
3302270,509.38,457.58,494.1,484.11
3302304,574.12,628.95,622,607.91
3302403,615.69,598.63,562.4,596.64
3302452,635.38,596.63,605.6,612.4
3302502,848.88,701.32,787.9,773.02
3302601,732.88,695.47,655,699.78
3302700,514.12,511.89,489.3,507.67
3302809,575.88,557.05,533.5,558.51
3302858,565.88,506.84,502.1,526.78
3302908,725.69,664.42,665.1,686.36
3303005,559.88,619.05,622.2,598.71
3303104,577.94,628.63,639.8,613.09
3303203,521.44,440.53,443.2,469.89
3303302,518.69,479.95,473.2,492.22
3303401,961.81,910.42,931,933.27
3303500,546.81,456.63,513.9,501.42
3303609,546,514.95,509,524.67
3303708,566.38,588.79,532,568.2
3303807,708.25,773.53,657.7,724.58
3303856,688.81,703.47,649.2,686.2
3303906,701.69,675.68,642.6,677.58
3303955,613.06,614.11,579.2,605.98
3304003,622.31,560.89,585.5,588.2
3304102,535.69,628.79,584.7,585.89
3304110,730.94,748.47,692.3,729.76
3304128,800.5,842.68,768.4,811.18
3304144,534.88,451.37,450.2,480.8
3304151,364.31,378.26,346,366.13
3304201,765.69,808.63,738.6,777.8
3304300,651.44,663.79,612.5,648
3304409,707.25,625.89,644.9,659.04
3304508,650.94,683,601.9,653.58
3304524,716.81,712.21,667.3,703.87
3304557,498.56,434.11,445.6,459.58
3304607,579,570.53,526.3,563.71
3304706,502.19,545.53,498.3,519.62
3304755,369.12,396.26,393.1,385.91
3304805,450.69,474.26,454.3,461.44
3304904,523.31,512.37,487.2,510.67
3305000,289.44,328.26,318.1,312.2
3305109,575.25,531.84,535.5,548.09
3305133,506.19,536.05,531.8,524.49
3305158,661.94,680.05,597.3,655.22
3305208,665.56,721.11,650.6,685.69
3305307,560.44,555.74,541.4,554.22
3305406,670.62,686,611.8,664.04
3305505,608.25,636,552.4,607.56
3305554,503.19,441.05,482.4,472.33
3305604,936.38,943.47,930.5,938.07
3305703,756.69,738.05,682.4,732.31
3305752,642.25,638.16,565.9,623.56
3305802,841.25,879,839.7,856.84
3305901,658.5,632.05,607.6,636.02
3306008,570.81,579.21,523.7,563.89
3306107,693.31,736.89,661.9,704.73
3306156,565.69,622.16,617.4,601.02
3306206,642.94,670.37,606.7,646.47
3306305,704.69,773.21,658.6,723.38
3500105,623.56,603,524.7,592.91
3500204,608.19,598.05,622.1,607
3500303,646.44,678.89,636.2,657.87
3500402,748.62,745.89,726.7,742.6
3500501,762.12,720.16,745.8,740.78
3500550,617.62,582.21,633.6,606.22
3500600,665.94,658.16,586,644.89
3500709,665.25,603.84,611.9,627.47
3500758,585.75,535.32,522.2,550.33
3500808,571.94,578.74,496.1,557.96
3500907,700.38,690.53,668,689.02
3501004,808.62,787,781,793.36
3501103,641.94,631.79,575.5,622.89
3501152,695.31,599.74,599,633.56
3501202,704.19,708.42,624.7,688.31
3501301,569.44,578.74,530.5,564.71
3501400,640.62,630.89,628.2,633.76
3501509,624.75,649.89,594.1,628.56
3501608,662,652.74,620.8,648.93
3501707,748.5,702.89,730.7,725.29
3501806,719.06,710.74,671.8,705.04
3501905,693.25,709.37,628.8,685.73
3502002,708.75,709.42,688.7,704.58
3502101,537.88,579.68,518.9,551.31
3502200,565.44,571.68,589.8,573.49
3502309,643.25,622.74,577.7,620.02
3502408,561.06,552.21,539.4,552.51
3502507,624.62,675.95,545,628.6
3502606,642,639.21,550.3,620.44
3502705,615.62,588,581.4,596.36
3502754,701.12,611.16,620.8,645.29
3502804,622.94,678.84,579.2,636.82
3502903,585.38,537.26,527,552.09
3503000,825.31,687.05,755.4,751.4
3503109,609.25,596.42,619.7,606.16
3503158,724.94,751.05,689.4,728.07
3503208,734.25,700.37,711.7,714.93
3503307,686.88,685.53,660.8,680.51
3503356,635.56,648.11,559.7,624
3503406,610.5,602.63,615.1,608.2
3503505,714.31,739.58,629.5,706.13
3503604,587.56,611.42,635.9,608.38
3503703,680.56,640.37,678.6,663.16
3503802,643.25,640.21,637.1,640.6
3503901,703.25,662.58,601.5,663.47
3503950,668.5,663.84,598.5,650.98
3504008,597.56,596.47,561.5,589.09
3504107,670.25,639.68,649.1,652.64
3504206,607.19,633.05,585.6,613.31
3504305,608.94,619.21,584.9,607.93
3504404,621.31,601,556.7,598.38
3504503,628.06,644.11,616.9,632.36
3504602,692.25,690.63,690.6,691.2
3504701,633.5,609.21,579.2,611.18
3504800,664.56,690.47,642.6,670.62
3504909,718.81,735.26,699.5,721.47
3505005,543.19,516.58,519.8,526.76
3505104,575.38,605,564.9,585.56
3505203,630.69,622.37,638.7,628.96
3505302,608.94,625.53,629.6,620.53
3505351,562.12,553.11,541.2,553.67
3505401,683.94,595.53,654.6,640.09
3505500,731.06,686.79,657.4,696
3505609,732.81,699,702.2,711.73
3505708,680.44,665.95,629.1,662.91
3505807,609.75,604.84,559.3,596.47
3505906,825.25,762.05,804.5,793.96
3506003,653.44,631.05,594.3,630.84
3506102,739.38,641.42,690.5,687.16
3506201,602.38,641.42,580.2,613.93
3506300,637.19,603.79,652.4,626.47
3506359,982.12,973.68,891.1,958.33
3506409,582.38,623.11,556.4,593.8
3506508,624.12,659.37,602.4,634.18
3506607,838.38,839,752.6,819.58
3506706,654.19,613.79,613.8,628.16
3506805,660.56,675.21,642.5,662.73
3506904,643.44,619.21,578.3,618.73
3507001,576.62,537.42,497.7,542.53
3507100,677.94,643.47,638.2,654.56
3507159,589.25,559.95,574.8,573.67
3507209,615.31,613.58,575,605.62
3507308,599.69,628.53,630.9,618.8
3507407,629.38,585.21,660.4,617.62
3507456,632.31,616.26,630.9,625.22
3507506,678.38,664.47,666.7,669.91
3507605,624.75,655.05,577.7,627.09
3507704,596.06,600.79,549.5,587.71
3507753,620.44,635.47,609.6,624.38
3507803,875.62,830.47,814.4,842.96
3507902,702.62,690.68,653.3,686.62
3508009,552.5,553.11,580.3,558.93
3508108,625.94,627.11,589,618.22
3508207,840.19,740.05,803.5,789.76
3508306,621.06,626.74,565.5,611.11
3508405,709.06,638.79,634.2,662.76
3508504,590.75,635.79,537.7,597.98
3508603,672.94,715.58,561.9,666.27
3508702,780.88,738.16,729.4,751.4
3508801,632.25,587.79,573.5,600.42
3508900,608.62,583.26,502,574.22
3509007,715.5,710.32,618.8,691.82
3509106,554.12,556,495.8,541.96
3509205,711.25,680.26,638.7,682.04
3509254,724.56,690.68,630.3,689.31
3509304,674.62,644.21,679.8,662.93
3509403,808.31,757.42,754.5,774.87
3509452,561.31,556.95,604.6,569.09
3509502,711.12,666.26,631.1,674.4
3509601,684.12,696.53,627.6,676.8
3509700,743.75,741.79,745.8,743.38
3509809,579.69,571.32,562.3,572.29
3509908,950.25,901.21,906.5,919.82
3509957,638,663,508.8,619.84
3510005,551.31,556.79,572.9,558.42
3510104,715.31,666.84,683,687.67
3510153,634.62,557.63,537.4,580.51
3510203,562.12,563.84,585.1,567.96
3510302,556.81,533.47,504.5,535.33
3510401,608.62,617.26,534.3,595.76
3510500,667.12,669.68,599.6,653.2
3510609,680.44,665.95,629.1,662.91
3510708,721,730.84,642.3,707.67
3510807,673.62,665.74,671,669.71
3510906,780.06,769.68,780.4,775.76
3511003,540.44,567.74,538.1,551.44
3511102,691.19,663.05,699.9,681.24
3511201,672.19,668.37,688.4,674.18
3511300,736.69,723,707.3,724.38
3511409,610.5,600.11,603.7,604.6
3511508,564.44,533.16,499.8,536.87
3511607,582.06,549.53,524.9,555.62
3511706,643.5,622.63,563.8,616.98
3511904,577.94,592.89,529.3,573.44
3512001,736.69,680.11,649.9,693.51
3512100,726.06,666.16,678.6,690.22
3512209,631,662.37,603.2,638.07
3512308,603.25,584.79,536.3,580.58
3512407,701.75,678.84,631,676.36
3512506,610.44,641.68,594.3,620.04
3512605,569.56,528.89,548.3,547.67
3512704,692.44,682.53,693.4,688.47
3512803,641.75,624.74,615.5,628.73
3512902,710.88,744.37,642.3,709.78
3513009,615,623.63,578,610.42
3513108,755.75,743.11,720.7,742.62
3513207,867.19,799.63,830.5,830.51
3513306,560.62,541.58,556.5,551.67
3513405,687.94,639.63,588.6,645.47
3513504,957.75,864,855.4,895.42
3513603,649.75,664.63,597.6,644.44
3513702,727.44,716.47,715.7,720.2
3513801,709.88,670,627.3,674.69
3513850,650.75,658.05,602.3,643.07
3513900,803.56,767.79,751.4,776.87
3514007,694.81,651.89,667.9,670.71
3514106,700.75,679.58,673.2,685.69
3514205,671.69,670.58,615.6,658.76
3514304,709.19,682.58,663.3,687.76
3514403,577,592.05,498.7,565.96
3514502,644.56,645.53,599.5,634.96
3514601,766.81,751.58,726.2,751.36
3514700,603.81,581.21,583,589.64
3514809,767.31,679.47,730.7,722.09
3514908,612.56,597.79,544.8,591.27
3514924,690.5,682.37,698.9,688.93
3514957,671.75,632.84,661.1,652.96
3515004,646.69,621.53,591.9,623.89
3515103,673.25,620.53,605.9,636.02
3515129,575.25,557.05,471.6,544.53
3515152,638,646,596.7,632.2
3515186,720.19,725.32,679.6,713.33
3515194,600.5,610.79,579.7,600.22
3515202,644.88,667.16,600,644.31
3515301,549.38,550.05,541.1,547.82
3515350,510.62,494,505.4,502.44
3515400,569.69,573.11,586.7,574.91
3515509,700.94,711.68,626,688.82
3515608,715.31,666.84,683,687.67
3515657,650.69,665.26,604.6,646.6
3515707,716.88,685.16,657.2,690.22
3515806,615.5,568.37,494.4,568.69
3515905,699.06,705.32,610.5,682.02
3516002,626.69,592.26,519.4,588.31
3516101,522.5,528.53,535.2,527.87
3516200,829.19,813.68,779,811.49
3516309,684.12,696.53,627.6,676.8
3516408,715.5,710.32,618.8,691.82
3516507,595.44,638.95,559.9,605.91
3516606,650.69,665.26,604.6,646.6
3516705,664.44,677.11,619.9,659.89
3516804,619.69,634.63,574.7,616
3516853,661.81,616.26,609.2,630.89
3516903,615.5,633.53,591.5,617.78
3517000,650.06,623,583.7,623.89
3517109,598.62,593.21,579.8,592.16
3517208,597.81,567.47,561.2,576.87
3517307,628.19,578.53,594.3,599.69
3517406,756.62,641.32,657.1,685.82
3517505,710.94,702.58,690.5,702.87
3517604,623.69,583.37,627.2,607.44
3517703,815.56,744.58,764.3,774.2
3517802,550.94,615.11,563.2,580.76
3517901,728.56,694.32,681.7,703.69
3518008,649.44,658.89,597.9,641.98
3518107,637.88,628.74,597.3,625
3518206,591.19,680.11,571.3,624.31
3518305,611.25,614.84,583.3,606.56
3518404,652.75,669.16,537.7,634.11
3518503,604.38,582.68,581.9,590.22
3518602,695.56,664.05,668.4,676.22
3518701,1024.81,1008.84,845.2,978.16
3518800,726,685.47,639.3,689.62
3518859,715.94,698.16,689.4,702.53
3518909,628.12,647.47,582.2,626.09
3519006,647.25,649.47,568.9,630.78
3519055,664.25,637.58,633.1,646.07
3519071,652.44,624.68,604.1,629.98
3519105,634.38,596.42,638,619.16
3519204,617.44,612.89,570.7,605.13
3519253,624,585.79,632.8,609.82
3519303,726.12,652.37,678,684.29
3519402,703.31,691.58,700.7,697.78
3519501,559.38,528.26,524.2,538.42
3519600,659.38,615.95,683.5,646.4
3519709,655.94,672.42,572.8,644.42
3519808,720.19,707.53,688.6,707.82
3519907,561.75,542.53,581.6,558.04
3520004,602,613.42,621.2,611.09
3520103,806.31,716.42,796,766.07
3520202,678.31,633.74,580.9,637.84
3520301,799.94,763.11,713.3,765.13
3520400,634.62,657.74,551,625.8
3520426,813,783.68,720.3,780.02
3520442,591.88,599.47,547.8,585.29
3520509,629.25,595.11,546.5,596.44
3520608,582,583.68,512.3,567.22
3520707,670,669.68,615,657.64
3520806,634.75,596.16,548.8,599.36
3520905,652.94,581.26,599.3,610.76
3521002,570.06,532.16,518.9,542.69
3521101,696.38,683.42,616.1,673.07
3521150,671.62,674.11,669.7,672.24
3521200,690.25,611.58,632,644.09
3521309,781.75,723.26,736.3,746.96
3521408,685.94,669.79,589.7,657.73
3521507,668.5,654.79,662.7,661.42
3521606,595.12,598.74,502.1,575.98
3521705,554.75,542.32,534.8,545.07
3521804,628.12,591.63,644,616.24
3521903,669.06,649.89,697.1,667.2
3522000,633.06,637.53,610.4,629.91
3522109,823.69,772.95,716,778.33
3522158,566.94,533.21,521.8,542.67
3522208,663.88,623,612.6,635.22
3522307,580.12,540.21,581.3,563.53
3522406,531.56,544.16,550.3,541.04
3522505,657.06,624.68,593.9,629.36
3522604,740,705.37,729.6,723.07
3522653,565.31,535.05,554.7,550.18
3522703,692.5,657.84,692.7,677.91
3522802,548.69,516.42,513,527.13
3522901,619.56,628.63,628,625.27
3523008,545.75,584.16,541.9,561.11
3523107,726.06,667.05,630.3,679.87
3523206,595.06,492.47,535.7,538.56
3523305,775.69,759.37,716.8,755.71
3523404,679.75,650.79,620.3,654.31
3523503,646.62,618.16,618.6,628.38
3523602,702.5,716.05,697,707
3523701,750.88,787.37,751.1,766.33
3523800,674.19,668.63,642,664.69
3523909,632.12,566.79,571,590.96
3524006,669.38,676.16,589.6,654.51
3524105,818,730.68,754.9,767.11
3524204,730.06,676.63,653.7,690.53
3524303,711.69,671.21,667.7,684.82
3524402,632.88,602.42,571,606.27
3524501,653.75,656.95,669.4,658.58
3524600,725.94,711.26,627.1,697.78
3524709,664.25,637.58,633.1,646.07
3524808,635.12,668.68,595.9,640.58
3524907,606.94,621.63,538.1,597.84
3525003,680.44,665.95,629.1,662.91
3525102,781.56,804.74,748.6,784.02
3525201,648.56,626.68,614.4,631.73
3525300,649.44,663.26,644.1,654.09
3525409,874.56,759.47,819.5,813.73
3525508,709.12,726.47,658.4,705.18
3525607,632.38,615.05,590.4,615.73
3525706,587.25,617.26,602.3,603.27
3525805,629.06,606.11,603.9,613.78
3525854,560,557.68,503.2,546.4
3525904,665.69,684.16,605.1,660.02
3526001,582.56,595.47,501.8,570.07
3526100,741.19,679.42,625.7,689.44
3526209,681.56,694.74,625.6,674.69
3526308,622.62,669.26,572.5,631.18
3526407,563.75,553,518.9,549.24
3526506,557.25,632.63,567,591.24
3526605,665.38,651.68,555.9,635.27
3526704,660.12,665.47,663.4,663.11
3526803,631.62,640,652.9,639.89
3526902,647.81,663.11,598.3,643.27
3527009,739.5,755.74,709.1,739.6
3527108,626.81,591.37,568.8,598.96
3527207,638,663,508.8,619.84
3527256,622.5,632.74,591.2,619.87
3527306,688.06,669.79,619.6,665.13
3527405,635.56,599.11,550.9,601.36
3527504,607.94,644.11,588.8,618.96
3527603,745.62,755.58,708.8,741.64
3527702,632,634,557.1,616.2
3527801,625.06,646.84,593.5,627.24
3527900,618.62,598.79,594.3,604.84
3528007,581.12,598.79,605.1,593.91
3528106,642.5,641.63,608.5,634.58
3528205,703.88,689.16,626.8,680.53
3528304,687.31,721.58,606.6,683.84
3528403,695.31,599.74,599,633.56
3528502,736.12,678.47,640,690.42
3528601,612.25,604.11,644.2,615.91
3528700,551.31,549.84,492.9,537.71
3528809,588.75,566.79,572.6,575.89
3528858,660.81,654.42,672.3,660.67
3528908,649.81,579.21,516.6,590.4
3529005,661.38,652.42,649.6,654.98
3529104,651,639.37,571.2,628.36
3529203,607.19,590.84,503.9,577.33
3529302,671.94,631.63,646.2,649.2
3529401,704.25,679.47,629.6,677.2
3529500,645.69,642.63,663.2,648.29
3529609,698.06,738.63,609.4,695.49
3529658,632.75,645.89,591.6,629.16
3529708,773.62,662.47,710,712.56
3529807,648.69,659.95,633.3,650.02
3529906,626.25,586.74,575.8,598.36
3530003,682.81,684.32,618.9,669.24
3530102,545.25,610.68,558.2,575.76
3530201,551.31,552.63,525.2,546.07
3530300,676.75,671.47,658.6,670.49
3530409,681.19,678.21,682,680.11
3530508,701.62,685.89,630.4,679.16
3530607,653.88,665.68,647.6,657.47
3530706,627.75,647.58,597.6,629.42
3530805,676.31,661,641.5,662.11
3530904,585.5,612.95,520,582.53
3531001,632.19,640.21,591.9,626.62
3531100,958.19,879.89,802.3,890.49
3531209,648.12,693.89,617.6,660.67
3531308,720.69,672.53,674.2,690.02
3531407,653.62,650.05,598.4,639.84
3531506,714.38,623.84,676,667.62
3531605,560.25,594.11,526.5,567.04
3531704,717.06,726.37,656.3,707.49
3531803,618.19,612.05,550.8,600.62
3531902,749.38,713.37,691.1,721.22
3532009,612.25,642.26,548.1,610.67
3532058,728.88,706.58,693.5,711.6
3532108,543.69,589.37,550.8,564.56
3532157,575.19,543.21,538.2,553.47
3532207,544.12,537.05,544.6,541.24
3532306,684.5,702.11,605.4,674.36
3532405,672.12,646.74,603.2,646.09
3532504,652.81,649.53,628.8,646.09
3532603,717.75,711.79,615.8,692.58
3532702,647.56,653,613.1,642.2
3532801,652.31,641.32,663.8,650.22
3532827,566.75,573.37,562.1,568.51
3532843,655.88,641.89,552.6,627.02
3532868,621.25,633.21,577,616.47
3532900,661.38,621.32,604.2,631.76
3533007,669.06,656.74,667,663.4
3533106,562.56,581.32,507.1,558.16
3533205,537.06,589.11,540.1,559.71
3533254,662.75,634.79,666.4,651.76
3533304,619.69,634.63,574.7,616
3533403,662,652.74,620.8,648.93
3533502,629.38,608.58,652.9,625.82
3533601,797.38,762.63,755.8,773.47
3533700,609.31,597.95,604.3,603.4
3533809,617.5,597.79,641.4,614.49
3533908,669.56,655.74,680.4,666.13
3534005,701.06,705.95,685.4,699.64
3534104,663.75,649.95,647.5,654.31
3534203,694.75,677.37,693.2,687.07
3534302,793.31,746,723.6,757.84
3534401,728.5,681.42,647.8,690.69
3534500,637,612,597.8,617.73
3534609,621.75,601.95,567.1,601.24
3534708,633.69,560.95,543.5,582.93
3534757,629.06,653.58,595.9,632.04
3534807,550.69,572.95,497,548.16
3534906,624.69,597.84,512.5,588.42
3535002,685.44,685.68,686.4,685.76
3535101,689.56,646.84,690.9,671.82
3535200,650.25,658.53,597.4,642
3535309,550,545.16,553.4,548.71
3535408,546.19,570.95,501,546.6
3535507,618.38,603.79,581.2,603.96
3535606,602.56,603.26,515.3,583.47
3535705,679.81,620.79,681,655.16
3535804,592.31,558.21,621.4,584.38
3535903,663.81,670.84,623.5,657.82
3536000,611.12,599.58,558.7,594.6
3536109,668.06,638.63,601,640.73
3536208,700.56,682,605.9,671.69
3536257,711.12,730.26,620.7,699.11
3536307,754.44,747.11,772.2,755.29
3536406,548.62,577.05,523.6,555.07
3536505,680.75,660.68,642.1,663.69
3536570,612.81,605.58,573.7,601.07
3536604,688.56,677.05,689.2,683.84
3536703,622,631.42,631.9,628.18
3536802,722.38,748,668.7,721.27
3536901,708.56,719.53,618.5,693.18
3537008,875.12,809.11,829.1,837.02
3537107,644.19,651.05,584.3,633.78
3537156,523.06,515.89,540.6,523.93
3537206,750.38,732.63,695.8,730.76
3537305,619.81,598.16,553.5,595.93
3537404,542.06,583.79,503.1,551.02
3537503,568.5,538.11,507.8,542.18
3537602,792.75,777.63,723.9,771.07
3537701,588.19,621.79,551.1,594.13
3537800,653.38,580.11,588.8,608.09
3537909,602.94,553.37,563.1,573.16
3538006,619.19,714.47,605.6,656.4
3538105,672.25,628.79,691.3,658.13
3538204,715.75,729,666.6,710.42
3538303,553.69,559.95,483.5,540.73
3538501,676,644.79,607.1,647.51
3538600,669.06,672.21,594.8,653.89
3538709,606.56,606.58,537,591.11
3538808,629.94,587,628.7,611.53
3538907,634.81,626.95,589.1,621.33
3539004,699.06,630.84,684.8,667.09
3539103,695.81,641.21,626.2,657.29
3539202,549.38,550.05,541.1,547.82
3539301,687.75,692.05,688.5,689.73
3539400,671.31,621.05,617.3,638.09
3539509,729.06,697.58,660.7,700.58
3539608,609.75,640.79,594.3,619.42
3539707,571.5,570.11,558.4,568
3539806,716.88,685.16,657.2,690.22
3539905,664.12,670.37,598.7,652.22
3540002,658.75,661.42,604.9,647.91
3540101,597.31,569.58,578.3,581.38
3540200,708,707.37,693.7,704.56
3540259,646.56,658.89,605.9,642.73
3540309,710.25,705.37,657.1,696.38
3540408,635.56,652.68,599.6,634.8
3540507,616.06,602.74,553.6,596.56
3540606,584.88,548.74,516.5,554.42
3540705,687.62,699.63,693.4,693.98
3540754,630.31,689.21,560.8,639.73
3540804,708.25,687.89,685.1,694.51
3540853,625.19,584.11,526.2,585.84
3540903,703.5,694.47,668.4,691.89
3541000,1007.31,910.47,825.5,926.02
3541059,667.94,645.58,663.1,657.42
3541109,623.81,632.79,592.8,620.71
3541208,565.81,584.26,526.6,564.89
3541307,549.75,565.95,497.5,544.98
3541406,571.94,578.74,496.1,557.96
3541505,557.75,560.84,497.8,545.73
3541604,594.81,579.26,564.1,581.42
3541653,601.75,561.47,531.3,569.09
3541703,622.75,612,566.3,605.67
3541802,645.31,647.16,587,633.13
3541901,658.19,674.05,575.7,646.56
3542008,620.5,616.63,581.8,610.27
3542107,557.88,565.47,503.9,549.09
3542206,627,601.95,564,602.42
3542305,635.06,620.74,548.4,609.76
3542404,602.88,568.95,510.2,567.96
3542503,630.12,586,632,611.91
3542602,696.31,685.05,599.4,670.02
3542701,819.44,733.42,808.2,780.62
3542800,521.62,507.21,494,509.4
3542909,712.25,672.37,638,678.91
3543006,591.75,573,596.3,584.84
3543105,852.38,772.68,806.3,808.49
3543204,576.88,562.05,542.8,563.04
3543238,565.12,564.74,485.6,547.29
3543253,594.75,570.26,595.4,584.56
3543303,756.19,756.37,679.1,739.13
3543402,753.81,770.58,721.6,753.73
3543501,557.25,508.11,512.4,526.53
3543600,806.06,765.58,852.5,799.29
3543709,739.38,709.89,702.5,718.73
3543808,597.75,596.89,543.8,585.4
3543907,715.19,690.42,656.7,691.73
3544004,617.38,626,542.7,604.42
3544103,877.75,930.11,814.4,885.78
3544202,689.44,684.89,654.9,679.84
3544251,502.56,443,472.8,470.8
3544301,592.06,658.26,540.4,608.53
3544400,594.88,654.95,579,616.71
3544509,663.25,643.53,586.8,637.93
3544608,587.19,573.32,593.9,582.82
3544707,630.69,593.53,548.3,596.69
3544806,607.25,582.95,636.4,603.47
3544905,801.56,786.37,747.5,783.13
3545001,643.75,629.37,583.7,624.33
3545100,608.31,617.47,552.5,599.78
3545159,587.31,615.79,518.4,584.02
3545209,612.88,574.11,539.5,580.2
3545308,627.38,557.16,572.4,585.51
3545407,577.19,545.42,529.6,553.2
3545506,540.19,535.37,516.5,532.89
3545605,725.75,675.21,706.5,700.13
3545704,663.88,656.05,591.6,644.51
3545803,618.94,624.53,547.1,605.33
3546009,601,583.74,562.2,585.09
3546108,679,645.32,576.9,642.09
3546207,679.56,678.95,681.6,679.76
3546256,850.31,812.58,785.9,820.07
3546306,680.5,687.63,697.6,687.31
3546405,625.94,616.47,609.2,618.22
3546504,693.62,662.74,662.2,673.6
3546603,664.5,660.42,581.1,644.24
3546702,707.94,681.47,633.4,680.2
3546801,698,645.05,576.6,648.67
3546900,768.31,720.53,729.6,739.53
3547007,681.31,650.26,647.1,660.6
3547106,563.06,577.95,509.1,557.36
3547205,668.75,673.32,594.7,654.22
3547304,704.06,616,611.6,646.33
3547403,667.5,653,588.9,643.91
3547502,750.44,751.84,725.7,745.53
3547601,743.25,697.58,679.6,709.82
3547650,668.75,673.32,594.7,654.22
3547700,574.06,571.05,503.3,557.07
3547809,756.19,756.37,679.1,739.13
3547908,785.69,736.32,770.1,761.38
3548005,688.38,672,618,665.82
3548054,612.44,634.84,592.2,617.4
3548104,766.94,753,742.8,755.69
3548203,702.38,720.63,688,706.89
3548302,595.69,560.47,482,555.56
3548401,612.69,621.16,551.3,602.62
3548500,1009.5,1035.63,876.3,990.93
3548609,676.25,684.74,707.7,686.82
3548708,907.44,802.21,764.5,831.24
3548807,710.94,683.53,619.7,679.09
3548906,731.25,701.05,684.9,708.2
3549003,643.88,664.95,594.3,641.76
3549102,657.44,658.47,633.5,652.56
3549201,641.25,669.74,595.9,643.2
3549250,635.19,647.58,587.2,629.76
3549300,557.88,583.58,518.6,560
3549409,799.25,744.37,748.3,764.76
3549508,816.62,734.95,774.5,772.78
3549607,837.12,838.42,727.1,813.22
3549706,732.44,701.74,666.2,704.76
3549805,707.62,706.37,698.2,705
3549904,726.75,716.79,658.2,707.31
3549953,672.56,665.68,633.3,660.93
3550001,628.25,687.47,582.1,643
3550100,612.19,609.16,632.4,615.4
3550209,599.62,549.95,593.3,577.24
3550308,709.88,670,627.3,674.69
3550407,667.69,651.32,600.1,645.76
3550506,599.25,628.68,573.3,605.91
3550605,687.88,633.47,597.1,644.73
3550704,683.62,661.42,618.4,659.76
3550803,793.56,747.47,759.4,766.51
3550902,783.25,761.53,732.6,762.82
3551009,989.19,877.05,820.8,904.42
3551108,564.19,532.68,519.9,541.04
3551207,603.81,580.16,614.5,596.2
3551306,729.69,736.32,630.7,710.49
3551405,789.31,759.89,734,764.6
3551504,847,827.42,781.7,824.22
3551603,739.5,755.74,709.1,739.6
3551702,751.88,733.79,703.9,733.58
3551801,796.31,747.84,781.7,772.6
3551900,697.62,670.79,662.2,678.42
3552007,683.81,726.32,606.4,684.56
3552106,740.25,754.37,683.6,733.62
3552205,623.12,534.16,567.7,573.24
3552304,614.38,636.89,547.1,608.93
3552403,652.44,624.68,604.1,629.98
3552502,688.75,722.84,627.6,689.56
3552551,616.31,622.79,551.4,604.62
3552601,707.19,687.26,708.4,699.04
3552700,662.25,633.63,636.4,644.42
3552809,688.88,656.42,597.7,654.91
3552908,560.25,543.42,552.3,551.38
3553005,587,570.21,603,583.47
3553104,729.69,682.84,686.6,700.33
3553203,715.62,682.84,689.2,695.91
3553302,708.88,708,672.1,700.33
3553401,691.88,721.79,649.8,695.16
3553500,798.62,743.89,650.5,742.6
3553609,768.44,740.89,744.3,751.44
3553658,730.69,688.74,678.9,701.47
3553708,715.25,654.79,685.8,683.18
3553807,602.88,557.74,589.8,580.91
3553856,532.56,539.58,558.9,541.38
3553906,544.69,559.26,526.7,546.84
3553955,555.94,556.11,558,556.47
3554003,569.69,548.68,508.7,547.27
3554102,563.62,592.21,534,569.11
3554201,607,575.21,619.2,596.29
3554300,524.75,510.16,505.9,514.4
3554409,721.38,672.11,662.7,687.53
3554508,560,557.68,503.2,546.4
3554607,630.81,568.47,607.4,599.29
3554656,628.12,599.53,566.2,602.29
3554706,707.56,678.74,673.5,687.82
3554755,700,660.89,659.8,674.56
3554805,633.5,649.84,590.7,630.89
3554904,669.12,674,594.6,654.62
3554953,642.38,672.53,587.4,642.89
3555000,634,647.21,561.8,623.53
3555109,563.44,595.16,509.6,564.87
3555208,619.06,630.21,594.7,618.36
3555307,638.19,658.47,604.7,639.31
3555356,597.94,588.74,596.8,593.8
3555406,792.94,799.47,672.7,768.98
3555505,609.62,645.63,576.2,617.4
3555604,728.25,703.74,714.4,714.82
3555703,637.88,642.42,609.5,633.49
3555802,650.62,677.37,600.2,650.71
3555901,621.38,573.84,591.8,594.73
3556008,660.94,639.05,664,652.38
3556107,695.69,737.58,615,695.44
3556206,708.75,650.32,621.1,664.6
3556305,578.12,624.37,553.5,592.18
3556354,692.44,716.79,634.6,689.87
3556404,710.94,680.47,686.1,692.56
3556453,642.75,624.47,583.8,621.93
3556503,711.31,670.58,657.4,682.13
3556602,683.88,682.84,667.8,679.87
3556701,688.06,669.79,619.6,665.13
3556800,738.38,682.21,694.5,704.91
3556909,697.31,645.05,680.6,671.53
3556958,671.06,679.47,624.9,664.36
3557006,634.31,543.11,596.7,587.44
3557105,736.5,772.21,639.1,729.93
3557154,594.62,623.58,584,604.49
3557204,634.62,557.63,537.4,580.51
3557303,661.06,651.37,621.5,648.18
4100103,526.12,504.53,505.8,512.49
4100202,560,531.58,514.6,537.91
4100301,526.31,527.95,490,518.93
4100400,509.62,498.53,494.8,501.64
4100459,578.12,565.68,537.3,563.8
4100509,449.44,465.42,496.2,466.58
4100608,520.25,521.63,561.9,530.09
4100707,481.06,535.84,519.4,512.71
4100806,527.69,508.42,574.2,529.89
4100905,516,506.84,505.6,509.82
4101002,536.38,530.58,545.9,536.04
4101051,559.31,568.95,556.2,562.69
4101101,524.69,503.16,539.9,518.98
4101150,546.69,518.42,552.7,536.09
4101200,942.44,932.58,907.1,930.42
4101309,485.69,491.37,437.9,477.47
4101408,587.38,527.95,586.7,562.13
4101507,580.38,528.32,582,558.76
4101606,585.44,546.63,602.2,572.78
4101655,556.94,579.32,551.2,565.11
4101705,527.88,529.74,534.4,530.11
4101804,443.06,464.37,418.5,446.6
4101853,542.94,549,547.9,546.6
4101903,564.75,528.21,576.7,551.98
4102000,510.56,543,497.1,521.27
4102109,565.81,537.11,556.9,551.71
4102208,539.62,522.74,568,538.8
4102307,474.31,481.42,444.9,470.78
4102406,525.38,491.58,518.5,509.58
4102505,554.31,526.58,539.6,539.33
4102604,585.25,552.16,553.3,564.18
4102703,544.75,503.32,543.4,526.96
4102752,539.62,553,527.9,542.67
4102802,561.06,532.21,599.4,557.4
4102901,523.88,533.26,581.7,540.69
4103008,532.75,562.79,535.5,546.04
4103024,517.06,530.32,533.2,526.24
4103040,518.94,535.05,537.2,529.8
4103057,516.62,537.95,545,531.93
4103107,593.81,564.68,561.4,574.31
4103156,587.12,545.53,550.7,561.47
4103206,540.31,529.16,565.1,541.11
4103222,518.81,501.89,531,514.38
4103305,561.06,532.37,560.8,548.89
4103354,569,575.16,575.5,573.04
4103370,467.88,541.42,509.5,508.18
4103404,526.19,512.37,555.4,526.84
4103453,548.88,555.58,529.3,547.36
4103479,458.75,487.58,505.8,481.38
4103503,608.94,556.16,619.9,589.09
4103602,549.56,516.47,542,533.91
4103701,595.38,547.47,628.7,582.56
4103800,556,550.05,589,560.82
4103909,557.19,557.16,550.9,555.78
4103958,531.38,530.68,526.8,530.07
4104006,754.5,681.63,650.7,700.67
4104055,552.31,595.68,561,572.56
4104105,482.19,486.68,484.4,484.58
4104204,522.5,497,510.9,509.16
4104253,519.44,501.21,511.8,510.04
4104303,538.56,552.05,570.7,551.4
4104402,508.62,518.68,553.5,522.84
4104428,537.19,524.79,540.4,532.67
4104451,563.25,555.89,578.2,563.47
4104501,492.12,525.05,508.5,509.67
4104600,532.12,550.42,558.9,545.8
4104659,509.12,532.63,503.3,517.76
4104709,540.56,505.95,540.1,525.84
4104808,536.62,587.05,542.2,559.16
4104907,558.94,556.89,575.3,561.71
4105003,536.25,577.84,547.4,556.29
4105102,519.62,499.16,561.3,520.24
4105201,522.62,509.47,514.6,515.29
4105300,546,568.47,558.4,558.24
4105409,519.94,534.21,557.7,534.36
4105508,567.56,538.05,545.6,550.22
4105607,500.12,515.42,544.2,516.38
4105706,534.81,509.53,533.8,523.91
4105805,499.19,491.89,488.9,493.82
4105904,534.19,507.16,557.3,527.91
4106001,531.06,534.05,548.8,536.27
4106100,516.94,484.21,510.9,501.78
4106209,454.44,470.68,435.6,457.11
4106308,554.31,567.95,564,562.22
4106407,524.56,499.05,541.4,517.53
4106456,507.06,515.58,521.4,513.84
4106506,517.38,522.89,542.7,525.33
4106555,541.38,535.89,556.1,542.33
4106571,540.5,556.26,528.7,544.53
4106605,482.5,488.11,502.1,489.22
4106704,537.19,484.11,560.5,519.96
4106803,524.62,520.79,546.6,527.89
4106852,565.56,547.21,549,554.13
4106902,511.19,508.58,499.5,507.49
4107009,539.56,509.84,552.4,529.87
4107108,466.5,428.21,499.6,457.69
4107124,596.5,589.42,556.3,584.58
4107157,507.44,505.47,506.7,506.44
4107207,529.5,550.05,552.6,543.31
4107256,472,484.37,510.8,485.84
4107306,593.38,535.53,575.9,565.07
4107405,536.25,529.21,562.2,539.04
4107504,579.88,540.74,604.5,568.82
4107520,458,467.95,494.4,470.29
4107538,500,483.68,475.4,487.64
4107546,540.88,590.32,544.2,562.49
4107553,543.38,562.37,543.4,551.4
4107603,584.25,567.47,567,573.33
4107652,503.19,498.79,456.5,490.96
4107702,543.94,508.53,562.1,533.02
4107736,478.62,491.58,463.6,480.76
4107751,562.5,511.26,555.1,539.22
4107801,551.75,539.37,573.7,551.4
4107850,558.69,544.16,572.1,555.53
4107900,563.69,516.32,588.8,549.27
4108007,537.19,508.53,576.8,533.89
4108106,546.69,518.42,552.7,536.09
4108205,483.62,541.63,502.3,512.27
4108304,494.5,489.05,533.8,500.93
4108320,458.19,494.53,503,483.49
4108403,536.31,528.89,567.2,540.04
4108452,564.56,541.74,560.4,554
4108502,517.25,531.63,514.6,522.73
4108551,550.44,539.26,546,544.73
4108601,500.94,504.11,511.8,504.69
4108650,540.69,549.53,554.1,547.4
4108700,551.12,528.53,541.7,539.49
4108809,482.19,477.47,480.9,479.91
4108908,511.81,495.26,546.7,512.58
4108957,462.31,516.84,485.7,490.53
4109005,536.44,514.47,541.4,528.27
4109104,518.5,510.58,536.7,519.2
4109203,535.5,525.63,569.1,538.8
4109302,584.31,609.95,555.1,588.64
4109401,571.31,587.05,539.2,570.82
4109500,996.38,913.95,1000.7,962.53
4109609,919.12,879.16,812.7,878.6
4109658,508.69,508.05,535.9,514.47
4109708,534.75,483.37,557.7,518.16
4109757,542.06,594.68,552.2,566.53
4109807,583.94,520.53,620.3,565.24
4109906,469.69,470.84,512.8,479.76
4110003,551.5,533.63,564.5,546.84
4110052,543.94,569.68,556,557.49
4110078,571,556.32,579.1,566.6
4110102,458.31,479.95,468,469.6
4110201,574.38,588.26,558.4,576.69
4110300,508.88,483.42,533.2,503.53
4110409,567.31,537.58,579.4,557.44
4110508,460.75,468.74,496.4,472.04
4110607,455.38,498.74,510.2,485.87
4110656,519.56,552.68,523.2,534.36
4110706,525.06,531.89,493.4,520.91
4110805,564.56,576.84,592,575.84
4110904,535.38,517.89,546.4,530.44
4110953,470.94,468.79,495.6,475.51
4111001,525.56,530.37,561.9,535.67
4111100,553.31,512.53,571.7,540.18
4111209,509.12,497.89,536.2,510.4
4111258,557.94,508.42,526.3,530
4111308,467.06,447.63,523.4,471.38
4111407,493.75,521.42,513.2,509.76
4111506,551.25,558.79,566.5,557.82
4111555,477.44,473.63,512.3,483.58
4111605,565.44,521.16,601.2,554.69
4111704,554.12,504.79,566.4,536.02
4111803,585.94,532.58,550.4,555.51
4111902,552.81,514.11,555.9,537.16
4112009,567.12,519.11,580,549.71
4112108,551.88,547.05,582.3,556.6
4112207,520.06,543.68,533.5,533.02
4112306,551.38,500.11,575.1,535
4112405,569.88,526.16,560,549.22
4112504,556.56,562.68,553.1,558.38
4112603,513,506.16,531.2,514.16
4112702,569.44,519.16,593.5,553.56
4112751,520.38,553.95,507.6,531.71
4112801,534.62,512.05,545.2,527.44
4112900,521.31,493.89,502.9,505.64
4112959,514.5,559.37,513.9,533.31
4113007,589.44,544.58,570.6,566.31
4113106,571,554.68,584.3,567.07
4113205,518.94,490.79,474.7,497.22
4113254,587.19,578.42,562.9,578.09
4113304,577.56,588.89,570.1,580.69
4113403,497.94,491.05,521.4,500.24
4113429,549.81,527.79,542.7,538.93
4113452,555.31,560.21,569.2,560.47
4113502,519.12,498.16,507.1,507.6
4113601,512.94,495.95,530.6,509.69
4113700,605.12,520.53,639.4,577.02
4113734,573.5,591.58,584.8,583.64
4113759,554.81,526.21,564.8,544.96
4113809,531.44,509.32,558.2,528.04
4113908,509.81,512,508.6,510.47
4114005,556.75,574.79,581.4,569.84
4114104,572.81,524.42,576.6,553.22
4114203,574.25,534.95,574.3,557.67
4114302,526.06,511.16,497.2,513.36
4114351,539.94,530.16,561.9,540.69
4114401,494.94,501.21,533.4,506.13
4114500,576.25,583.84,576.2,579.44
4114609,493,493.74,491.2,492.91
4114708,487.56,504.16,541.1,506.47
4114807,573.94,538.53,596,563.89
4114906,603.88,542.26,620.1,581.47
4115002,471.19,429.84,486.1,457.04
4115101,482.56,505.16,487.7,493.24
4115200,571.38,541.63,600.9,565.38
4115309,537.19,520.68,543,531.51
4115358,511.31,539.05,506.5,521.96
4115408,543.69,531.21,566.7,543.53
4115457,576.25,581.05,601.6,583.91
4115507,562.5,557.21,575.7,563.2
4115606,494,505.84,539.5,509.11
4115705,888.62,917.53,794.5,879.91
4115739,577.94,593.32,588.8,586.84
4115754,592.5,572.32,595.1,584.56
4115804,495.88,491.89,521.6,499.91
4115853,506.25,489.32,499.1,497.51
4115903,509.19,511.47,515.7,511.6
4116000,540,518.21,572.9,538.11
4116059,496.56,500.16,502.9,499.49
4116109,496.5,488.42,511.8,496.49
4116208,801.06,791.58,771.7,790.53
4116307,540.31,530.58,563.7,541.4
4116406,525.69,514.58,557.1,527.98
4116505,505.31,505.26,515.1,507.47
4116604,565.81,532.26,562.9,551
4116703,543.81,549.79,541.3,545.78
4116802,565.06,570.79,556.8,565.64
4116901,532.5,527.58,568.3,538.38
4116950,526.69,526.63,543.8,530.47
4117008,528.88,528.95,560.1,535.84
4117057,589,596.68,595.3,593.64
4117107,467.25,445.84,505.9,466.8
4117206,498.25,522.74,530.5,515.76
4117214,564.81,548.79,587.2,563.02
4117222,511.69,505.63,499.4,506.4
4117255,513.62,509.21,521.6,513.53
4117271,552.62,570.37,573.1,564.67
4117297,566.88,556.53,585.5,566.64
4117305,526.5,562.84,556.5,548.51
4117404,571.94,542.63,576.8,560.64
4117453,529.06,533.79,507,526.16
4117503,562.06,530.37,586.3,554.07
4117602,522.12,515.26,515.3,517.71
4117701,503.19,461.11,458.8,475.56
4117800,593.69,598.16,595.1,595.89
4117909,486.44,507.84,512.1,501.18
4118006,517.81,510.11,533.1,517.96
4118105,513.94,473.89,535,501.71
4118204,836.06,847.84,756.1,823.27
4118303,508.69,485.58,533.2,504.38
4118402,501.12,492.16,533.4,504.51
4118451,491.25,492.26,477.7,488.67
4118501,532.44,529.16,538.4,532.38
4118600,482.69,481.58,544.3,495.91
4118709,492.81,492.26,527.8,500.36
4118808,537.25,535.68,564.2,542.58
4118857,481.56,493.95,510.7,493.27
4118907,461,480.79,506.3,479.42
4119004,547.06,552.05,526,544.49
4119103,493,511.32,480.4,497.93
4119152,504.5,504.42,486.4,500.44
4119202,594.62,525.26,588.7,564.02
4119251,560.88,532.16,564.5,549.56
4119301,586,614.05,561.7,592.44
4119400,567.06,543.32,567.6,557.16
4119509,615.62,600.42,594,604.4
4119608,573.56,587.58,595.3,584.31
4119657,588.81,546.37,571.9,567.13
4119707,520.12,523.11,511.4,519.44
4119806,521.19,540.11,531.5,531.47
4119905,501.06,497.21,491,497.2
4119954,885.88,878.16,790.3,861.38
4120002,535.12,512.68,558.2,530.78
4120101,514.31,473.37,475.1,488.31
4120150,557.25,588.21,568.7,572.87
4120200,478.31,459.26,485.2,471.8
4120309,463.06,474.89,493.6,474.84
4120333,561.31,522.26,570.6,546.89
4120358,556.56,535.37,519.9,539.47
4120408,544.06,522.11,574.5,541.56
4120507,531.19,518.26,543.9,528.56
4120606,530.88,570.68,531.8,547.89
4120655,484.06,542.79,506.9,513.93
4120705,540.06,498.47,549.7,524.64
4120804,736.38,704.21,682,710.71
4120853,525.69,512.68,516.5,518.16
4120903,531.44,582.11,558.9,558.93
4121000,468.44,489.63,493.4,482.93
4121109,549.06,521.89,576.1,543.6
4121208,517.19,520.84,493.8,513.53
4121257,513.38,538.16,533.6,528.33
4121307,508.06,491.47,537.4,507.58
4121356,513.31,545.37,512,526.56
4121406,503,515.32,506.8,509.04
4121505,487.06,491.74,462.2,483.51
4121604,535.69,534.95,564.8,541.84
4121703,563.81,570.16,575.9,569.18
4121752,577.44,550,557.7,561.47
4121802,596,547.95,550.4,565.58
4121901,506.75,485.37,510.3,498.51
4122008,499.19,503.32,480.7,496.82
4122107,570.38,558.16,592.7,570.18
4122156,533.25,572.63,562.6,556.4
4122172,560.62,531.89,550.8,546.31
4122206,565.19,503.79,542,534.11
4122305,475.06,481.05,495.2,482.07
4122404,600,548.68,589.9,576.09
4122503,575,588.05,615.4,589.49
4122602,541.62,535.11,553.8,541.58
4122651,552.5,528.68,559.8,544.07
4122701,582.56,544.37,581.5,566.2
4122800,568.81,535,560.3,552.64
4122909,543.25,515.11,500,521.76
4123006,527.69,519.84,536.8,526.4
4123105,534.81,500.05,543.9,522.16
4123204,564.81,548.79,587.2,563.02
4123303,493.19,478.11,487.5,485.56
4123402,535.94,503.89,545.4,524.51
4123501,514.44,507.68,493,506.82
4123600,536.06,490.63,541.1,518
4123709,490.06,468.74,489.6,480.96
4123808,519.44,518.95,510.9,517.33
4123824,555.44,580.16,558.4,566.53
4123857,576,584.63,602,585.42
4123907,517.25,496.21,556.9,517.18
4123956,495.31,473.74,505.6,488.49
4124004,531.75,510.53,492.6,514.09
4124020,517.19,562.05,543.5,541.98
4124053,494.5,489.05,533.8,500.93
4124103,562.62,517.32,537.5,537.91
4124202,520.56,499.68,528.9,513.6
4124301,537,547.74,562.3,547.16
4124400,562.94,534.53,515.6,540.42
4124509,529.25,520.16,556.6,531.49
4124608,560.25,536.58,569.8,552.38
4124707,607.75,545.79,628.1,586.11
4124806,526.44,548.68,584,548.62
4124905,525.62,495.11,534.1,514.62
4125001,541.75,511.05,545.3,529.58
4125100,515,488.32,485.6,497.2
4125209,523.88,555.32,541.1,540.98
4125308,567.06,539.89,570.3,556.31
4125357,459.38,467.42,504.3,472.76
4125407,549.88,506.16,521.7,525.16
4125456,510.44,506.68,499.7,506.47
4125506,686.19,632.68,585.5,641.22
4125555,542.69,519.53,564.4,537.73
4125605,475.75,509.47,494.2,494.09
4125704,486.69,488.47,526.5,496.29
4125753,524.25,544.16,534.3,534.89
4125803,539.12,532.26,547.7,538.13
4125902,482.44,443.42,481,465.64
4126009,552.06,538.42,562.7,548.67
4126108,598.94,545.26,585.4,573.27
4126207,579.5,532.79,588.7,561.82
4126256,573.56,535.26,590.5,561.16
4126272,515.25,530.84,567.1,533.36
4126306,586.75,482.68,570.3,539.16
4126355,461.06,479.53,494.3,476.24
4126405,503,488.68,529.7,502.89
4126504,526.56,505.58,571.4,527.67
4126603,545.56,515.05,512.3,525.29
4126652,523.56,543.42,570,542.27
4126678,614.19,571.63,647.9,603.71
4126702,515,524.11,555.5,527.84
4126801,528.88,520,533.7,526.2
4126900,480.44,493.63,515.3,493.76
4127007,466.38,501.11,483.6,484.87
4127106,513.94,516.16,544.3,521.62
4127205,593,553.21,594.8,576.6
4127304,496.25,483.42,533.2,499.04
4127403,510.19,479.89,494.3,493.87
4127502,482.62,456.47,514.6,478.69
4127601,613.69,575.58,499.4,572.2
4127700,539.19,555.37,505.6,538.56
4127809,556.75,504.42,561.5,535.71
4127858,542,559.84,555,552.42
4127882,521,491.74,504.1,504.89
4127908,494.56,501.47,515,502.02
4127957,540.25,559,505.8,540.51
4127965,536.88,536.84,554.4,540.76
4128005,536,567.05,533.3,548.51
4128104,475.06,475,537.3,488.87
4128203,480.44,490.16,530,495.56
4128302,537.38,509.21,564.6,531.53
4128401,530.62,497.53,536,517.84
4128500,539.69,509.84,514.8,521.56
4128534,590.12,552.05,603.8,577.09
4128559,524.06,533.79,532.6,530.07
4128609,528.94,539.63,555.6,539.38
4128625,468.31,458.79,495.8,470.4
4128633,561.62,555.11,550.4,556.38
4128658,566.88,575.89,571.7,571.76
4128708,538.44,544.32,561.9,546.13
4128807,449.06,460.26,509.3,467.18
4200051,500.62,459.37,489.5,480.73
4200101,559.69,507.68,541.2,533.62
4200200,489.81,493.16,473.7,487.64
4200309,497.06,487.74,475.5,488.33
4200408,540.56,516.26,496.4,520.49
4200507,559.88,470.26,523.2,513.89
4200556,557.5,523.05,519.4,534.49
4200606,618.62,709.95,663.7,667.2
4200705,546.5,575.79,538.1,557
4200754,554.56,455.05,493.3,498.93
4200804,573.31,501.26,555.1,538.84
4200903,556.44,632.11,601.1,598.31
4201000,486.75,448.05,463.4,465.22
4201109,669.75,712.63,668.9,687.67
4201208,571.75,654.95,597.7,612.64
4201257,494.75,519.11,490.4,504.07
4201273,560.88,497.37,514,523.64
4201307,723.44,749,648.1,717.49
4201406,484.62,540.68,456.3,502
4201505,546.19,550.63,506,539.13
4201604,542,504.26,508.6,518.64
4201653,553.88,445.84,484.9,492.93
4201703,529.5,560.26,540.1,544.84
4201802,492,492.84,473.3,488.2
4201901,473.62,461,480.3,469.78
4201950,486.62,550.26,459.4,507.44
4202008,554.12,604.53,526.5,569.27
4202057,735.94,754.21,622.1,718.36
4202073,488.25,507.84,460,490.24
4202081,592.44,491.42,532.6,536.49
4202099,575.62,487.26,555.5,533.84
4202107,629.44,634.42,548.3,613.51
4202131,451,460.47,466.5,458.44
4202156,596.06,476.32,519,528.38
4202206,549.94,532.42,538.8,540.07
4202305,547,660.79,560.3,598
4202404,617.44,630.37,602.6,619.6
4202438,462.44,486.63,464,473
4202453,540.62,661.79,529.9,589.4
4202503,532.25,569.47,544.5,550.69
4202537,568.06,492.42,508,522.78
4202578,571.75,518.53,546,543.56
4202602,475.12,480.21,464.5,474.91
4202701,500.38,522.53,511,512.09
4202800,544.69,561.95,519.1,546.29
4202859,514.12,499.74,479.3,500.31
4202875,476.81,468.79,485.6,475.38
4202909,549,580.16,555.8,563.67
4203006,508.62,525.05,491.5,511.76
4203105,561.25,477.79,502.5,512.96
4203154,496.19,511.68,486.8,500.64
4203204,567.75,588.32,536.8,569.56
4203253,431.19,436.68,463.5,440.69
4203303,652.12,661.53,591.3,642.58
4203402,456,478,482.7,471.22
4203501,561.25,532.26,564.6,549.76
4203600,541,463.95,493.1,497.82
4203709,538.5,595,542.6,563.27
4203808,488,466.47,496.3,480.76
4203907,540.56,444.89,489.3,488.78
4203956,457.25,474.16,417.5,455.56
4204004,570.25,520.21,548.9,544.38
4204103,560.19,447,493.6,497.6
4204152,532.31,450.11,474.5,484.76
4204178,469.5,438.42,473.9,457.36
4204194,474.94,459.16,473.5,467.96
4204202,528.44,422.89,469.5,470.78
4204251,540.5,589.05,510.7,554.38
4204301,545.44,480.63,516.7,511.69
4204350,567.06,471.53,512.1,514.51
4204400,557.56,523.11,518.1,534.24
4204459,535.5,527.95,543.6,534.11
4204509,610.75,605,583.8,602.33
4204558,486.25,460.37,464,470.38
4204608,519.56,575.26,477.1,533.64
4204707,568.19,494.26,532.4,529.02
4204756,570.19,488.42,510.8,522.47
4204806,482.19,469.89,489.1,478.53
4204905,557.38,482.05,530.2,519.53
4205001,594.5,553.63,557.1,568.93
4205100,475.44,472.05,453,469.02
4205159,526.12,525.47,533.8,527.56
4205175,563.69,492.58,506.1,520.87
4205191,518.38,580.32,498.3,540.07
4205209,547,484.53,517.9,514.16
4205308,574.25,505.63,531.5,535.78
4205357,571,490.26,540.5,530.13
4205407,555.25,719.74,571,628.2
4205431,549.75,534.53,529.7,538.87
4205456,525.44,588.68,487.2,543.64
4205506,499.81,483.21,489.2,490.44
4205555,480.19,465.84,474.2,472.8
4205605,537.69,545.21,537.1,540.73
4205704,550,603.42,562.8,575.4
4205803,991.38,961.47,869.9,951.76
4205902,592.5,600.32,584.9,594.11
4206009,540.62,661.79,529.9,589.4
4206108,614.81,647.63,586.5,622.38
4206207,500.38,528.79,484.5,508.84
4206306,551.81,575.11,562,563.91
4206405,584.19,506.11,545.1,542.53
4206504,737.06,786.42,640.8,736.51
4206603,596.81,555.95,554,570.04
4206652,542.12,433.11,482.6,482.87
4206702,551.5,496,521.4,521.38
4206751,540.56,487.42,513.4,512.09
4206801,546.44,500.16,510,518.8
4206900,491.38,471.89,474.4,479.38
4207007,485,530,445.8,495.29
4207106,619.25,620.63,553.7,605.27
4207205,494.56,501.47,471.9,492.44
4207304,520.62,570.79,533.7,544.71
4207403,470.06,473.58,460.3,469.38
4207502,532.94,571.37,555.6,554.2
4207577,545.5,508.74,496.2,519.02
4207601,550.62,460.11,503.7,501.98
4207650,565.44,481.89,494,514.29
4207684,554.44,493.16,518.5,520.58
4207700,577.94,498.89,545.2,537.29
4207759,562.69,480.89,531.2,521.16
4207809,572.19,528.37,554.8,549.82
4207858,550.06,544.79,535.9,544.69
4207908,471.94,472.32,515.9,481.87
4208005,566,454.21,461.8,495.64
4208104,471.06,502,480.1,486.13
4208203,604.88,611.84,569.1,599.87
4208302,519.94,593.89,508.8,548.69
4208401,542.5,456.16,488.3,494
4208450,955.31,955.53,831.5,927.89
4208500,467.56,469.79,477.6,470.73
4208609,576.44,501.95,538.6,536.58
4208708,545.88,582.95,517,555.11
4208807,463.62,471.32,427.8,458.91
4208906,724.19,726.68,647.8,708.27
4208955,552.25,530.63,515.4,534.93
4209003,560.44,493.42,526.7,524.64
4209102,884.06,898.58,792.4,869.82
4209151,476.12,485.32,477.4,480.29
4209177,534.44,543.21,555.3,542.78
4209201,551.5,492.21,526.3,520.87
4209300,443.81,435.47,453.4,442.42
4209409,427.31,449.84,408.6,432.67
4209458,572,480.42,498.5,517
4209508,504,489.53,476.9,491.87
4209607,551.06,591.58,542.1,566.18
4209706,471.88,487.79,462.7,476.56
4209805,498.81,524.47,529.8,516.53
4209854,578,523.16,555.8,549.91
4209904,494.81,469,474.7,479.44
4210001,616.75,597.05,542.7,591.98
4210035,559.56,518.21,523.2,534.02
4210050,542.31,519.37,487.7,520.49
4210100,480.25,502.89,511.2,496.69
4210209,514.62,590.16,529.1,549.73
4210308,466.56,481.37,485.9,477.11
4210407,494.06,551.16,459.8,510.56
4210506,556.25,494.68,534.7,525.47
4210555,565.06,494.05,505.1,521.76
4210605,665.69,663.74,637.2,658.53
4210704,482.69,501.26,502.3,494.89
4210803,539.31,604.47,514,561.2
4210852,553.31,547.26,520.9,543.56
4210902,563.25,512.32,534.1,535.27
4211009,565.44,481.89,494,514.29
4211058,496.56,478.63,490.3,487.6
4211108,507.06,520.84,497.1,510.67
4211207,480.75,523,446.6,491
4211256,560.56,625.84,553.3,586.51
4211306,596.5,583.47,537.2,577.82
4211405,558.31,494.47,521.5,523.18
4211454,562.44,508.37,517.8,529.69
4211504,529.94,578.63,530.8,550.69
4211603,538.88,611.47,506.1,562.24
4211652,540.19,545.95,555.2,545.96
4211702,594.19,627.37,561.5,600.93
4211751,475.88,487.89,465.3,478.6
4211801,557.75,479.89,525.1,517.62
4211850,574.38,504.37,516.1,531.87
4211876,548.06,442.47,461.3,484.2
4211892,465.75,462.79,471,465.67
4211900,594.81,732.11,643.6,663.62
4212007,590.25,556,577.8,573.02
4212056,495.81,471.63,470.4,479.96
4212106,557.75,485.47,501.7,514.78
4212205,500.5,516.74,490.4,505.11
4212239,583.81,483.79,531.6,529.98
4212254,466.62,484,446.6,469.51
4212270,570.5,546.26,540.7,553.64
4212304,597,689,626.6,642.42
4212403,529.62,561.47,525.4,542.13
4212502,594.75,582.26,536.4,576.51
4212601,556.81,466.32,509.3,508.04
4212650,427.31,449.84,408.6,432.67
4212700,461.94,489.95,471.7,475.93
4212809,611.81,618.37,546.1,599.98
4212908,553.5,510.21,521.4,528.09
4213005,544.56,495.05,508.6,515.67
4213104,543.19,450.53,491,492.47
4213153,557.69,467.68,511.8,509.49
4213203,623.69,639.26,617.2,628.82
4213302,514.19,478.84,470.6,489.58
4213351,514.69,506.32,485,504.56
4213401,568.38,528.16,557.4,548.96
4213500,519.94,593.89,508.8,548.69
4213609,459.5,467.89,515.4,475.47
4213708,523.75,519.95,498.8,516.6
4213807,487.81,486.16,456.3,480.11
4213906,565.69,469.79,521.7,515.42
4214003,486.88,476.79,453.6,475.22
4214102,490.38,503.47,494.7,496.87
4214151,594.81,528.68,549.4,556.8
4214201,558.19,529.63,515.3,536.6
4214300,554.12,646.05,614.3,606.31
4214409,525.12,502.42,475.1,504.42
4214508,534.62,557.68,524.2,542.04
4214607,523.44,510.68,498.7,512.56
4214706,588.31,605.11,609.4,600.09
4214805,488.88,466.21,462,473.33
4214904,635.56,639.79,606.7,630.93
4215000,537.88,569.11,552.1,554.22
4215059,464.12,494.68,472.4,478.87
4215075,562,476.16,506,513.31
4215109,541.06,554.42,556.7,550.18
4215208,571.94,487.79,554.3,532.49
4215307,537,552.11,514.6,538.4
4215356,558.69,527.95,555.7,545.04
4215406,558.88,517.42,508.5,530.18
4215455,476.19,506,438.9,480.49
4215505,521.12,504.84,494.2,508.27
4215554,570.06,478.11,510.4,517.98
4215604,635.56,639.79,606.7,630.93
4215653,478.12,512.11,469.5,490.56
4215679,506.12,523.89,499.9,512.24
4215687,579.69,514.53,558.9,547.56
4215695,544.88,503.84,511,520.02
4215703,602.19,732.74,637.9,665.24
4215752,548.62,532.68,571.6,547
4215802,556.56,578.05,520.8,557.69
4215901,666,688.53,634.7,668.56
4216008,563.88,479.32,507.8,515.71
4216057,526.19,500.95,483.4,506.02
4216107,552.94,514.89,528.2,531.38
4216206,859.62,876.79,778.2,848.78
4216255,568.62,474.89,492.7,512.18
4216305,560.75,626.58,565.4,589.58
4216354,646.75,671.84,556.9,637.38
4216404,477.5,483.74,452.1,474.49
4216503,467.69,453,472.4,462.53
4216602,549.94,692.68,569.1,614.47
4216701,594.69,530.58,553.5,558.47
4216800,450.5,459.95,484.1,461.96
4216909,551.31,540.58,558.5,548.38
4217006,527.94,549.89,524.8,536.51
4217105,564.88,571.95,553.4,565.31
4217154,571.69,495.05,545.3,533.47
4217204,580.62,471.16,536.5,524.6
4217253,579.94,682.84,625.2,633.44
4217303,568.81,513.47,524.5,535.6
4217402,853.88,853.26,734.3,827.04
4217501,561.38,452.58,486.7,498.84
4217550,571.75,518.53,546,543.56
4217600,516.5,560.84,517.6,535.47
4217709,514.88,552.47,489.7,525.16
4217758,550.44,521.26,535.8,534.87
4217808,545.94,557.26,517.4,544.38
4217907,532,499.05,500.9,511.18
4217956,566.81,507.74,549.1,537.93
4218004,519.19,611.74,504.5,555
4218103,536.44,564.21,512,542.73
4218202,568.94,597.26,581.4,583.67
4218251,456,451.42,471,457.4
4218301,474.69,484.05,446.8,472.44
4218350,539.88,581.37,536.9,556.73
4218400,489.19,518.74,478.4,499.27
4218509,554.12,517.21,518.8,530.69
4218608,509.5,506.16,475,500.42
4218707,486.38,508.32,461,490
4218756,570.06,478.11,510.4,517.98
4218806,539.44,582.79,510,551.2
4218855,552.25,530.63,515.4,534.93
4218905,536.94,563.47,509.5,542.04
4218954,482.88,480.47,475.4,480.2
4219002,534.19,583.63,541.6,556.71
4219101,567,501.79,527.8,530.76
4219150,486.31,458.32,486.5,474.53
4219176,571.81,533.37,566.5,554.4
4219200,462,470.32,475.7,468.56
4219309,535.06,505.95,501.6,515.33
4219358,493.5,515.32,480.4,499.8
4219408,492.44,504.95,486.7,496.44
4219507,577.81,477.37,510.8,520.51
4219606,560.25,476.68,504.3,512.53
4219705,569,462.32,504.4,509.6
4219853,552.56,454.89,495.4,498.62
4220000,496.81,552.21,464.3,512.98
4300034,409.81,265.84,361,338.18
4300059,523.94,400.89,435.8,452.4
4300109,487.75,396.68,379.5,425.24
4300208,517.31,421.21,449.3,461.62
4300307,515.56,399.37,458.7,453.87
4300406,505.31,316.37,375.4,396.67
4300455,505.25,425.63,441.8,457.53
4300471,510.56,411.58,430.3,450.93
4300505,542.81,462.58,461.4,490.84
4300554,493.62,388.95,372,422.4
4300570,433.62,414,409,419.87
4300604,365,349.79,350.7,355.4
4300638,396.56,315.63,344.4,350.8
4300646,564.12,462.11,451.2,495.96
4300661,467.94,391.47,442.7,430.04
4300703,465.19,455.42,413.3,449.53
4300802,455.94,410.26,439.4,432.98
4300851,391.38,334.42,379.8,364.76
4300877,410.44,387.63,382.9,394.69
4300901,552.19,449.74,458.8,488.18
4301008,449.5,446.58,394,435.93
4301057,510.62,504.11,469,498.62
4301073,431.56,363.58,414.1,398.98
4301107,352.44,312.21,327.4,329.89
4301206,508.5,369.37,381.2,421.47
4301305,362.12,310.84,365,341.11
4301404,482.56,432.74,416.2,446.78
4301503,518.94,415.84,421,453.64
4301552,544.31,447.79,464.3,485.78
4301602,427.12,280.58,373.9,353.42
4301636,341.88,289.26,313.1,313.27
4301651,429.56,406.26,396.9,412.47
4301701,571.69,453.42,453.8,495.56
4301750,379.56,339.11,393.6,365.6
4301800,520.94,430.42,478.6,473.31
4301859,555.19,460.74,507.2,504.64
4301875,457.12,290.21,363,365.73
4301909,356.62,332.84,356.4,346.53
4301925,569.94,457.32,451.9,496.16
4301958,509.25,411.05,450.2,454.67
4302006,506.62,395.95,384.1,432.67
4302055,547.56,444.68,445.3,481.4
4302105,411.31,372.74,374.1,386.76
4302154,504.56,416.37,448,454.76
4302204,538.19,442.89,465.9,481.89
4302220,517.75,419.68,411.7,452.78
4302238,455.81,374.68,384.4,405.69
4302253,424.81,405.53,380.8,406.89
4302303,451.81,414.05,463,438.36
4302352,416,390.95,387.7,399.13
4302378,535.5,436.26,492.2,483.98
4302402,393.81,350.63,328.2,361
4302451,510.44,434.84,399.2,453.8
4302501,531.69,385.21,439.5,449.36
4302584,519.62,416.63,444.6,459.47
4302600,533.62,433.68,489.3,481.58
4302659,394.19,364.79,347.3,371.36
4302709,370.12,309.21,325.3,334.44
4302808,439.5,318.63,353.9,369.44
4302907,495.69,308.84,360.7,386.8
4303004,417.75,323.47,343.9,361.53
4303103,365,349.79,350.7,355.4
4303202,543.94,436.89,473.3,483.04
4303301,494.5,381.42,434.3,433.38
4303400,560.44,469.68,470.6,502.16
4303509,391,336.42,380.8,365.69
4303558,503.5,428.68,414.8,452.2
4303608,493.5,475.89,473.1,481.53
4303673,469.81,433.32,461.6,452.58
4303707,518.31,376.32,455.5,444.4
4303806,529.88,434.74,430.2,467.56
4303905,390.12,366.74,362.4,374.09
4304002,526.19,437.95,472,476.89
4304101,492.81,381.84,369.7,418.6
4304200,505.88,401.26,389.2,435.78
4304309,513.88,379.53,458.3,444.8
4304358,403.62,278.84,360.5,341.36
4304408,470.12,427.63,451.3,448
4304507,421.44,346.84,383.8,381.58
4304606,367.62,351.68,346.1,356.11
4304614,480,414,375,428.8
4304622,500.69,423.16,448.9,456.44
4304630,463.31,447.89,424.2,448.11
4304655,537.56,382.74,416.3,445.24
4304663,386.69,325.53,369.4,357.02
4304671,340.38,302.63,310.5,317.8
4304689,374.12,350.32,345.9,357.8
4304697,447.25,436.26,402.1,432.58
4304705,516.06,397.89,423.7,445.64
4304713,436,388.74,382.1,404.07
4304804,419.94,392.05,380,399.29
4304853,545.69,453.37,473.8,490.73
4304903,515.38,413.47,453.6,458.62
4304952,517.81,414.79,469.5,463.58
4305009,528.31,433.26,442.6,469.13
4305108,446,429.84,444.8,438.91
4305116,544.31,447.79,464.3,485.78
4305124,400,337.32,362.5,365.2
4305132,512.31,408.84,395,442.56
4305157,531.62,436.58,459.5,475.47
4305173,385.38,345.95,409.3,374.04
4305207,490.5,374.95,444.3,431.44
4305306,503.94,406.89,453.4,451.73
4305355,352.25,315.16,309.9,327.18
4305371,546.62,437.11,472.4,483.89
4305405,498.94,423,435.5,452.78
4305439,331.19,299.79,345.7,321.16
4305447,400.19,330.68,383.2,367.07
4305454,351.81,296.68,325,322.58
4305504,519.88,403.11,438.2,452.42
4305587,432.88,423.53,383.3,417.91
4305603,498.56,395.89,391.2,431.36
4305702,506.62,417.58,455.5,457.67
4305801,535.5,437.05,449.4,474.8
4305835,467.44,430.26,383.6,433.11
4305850,518.94,394.16,428.1,446.07
4305871,519.56,423.63,421.7,457.31
4305900,514,417.26,472.7,463.98
4305934,408.5,389.58,370.2,392
4305959,421.62,389.42,408.2,405.04
4305975,512,404.37,414.6,444.91
4306007,536.25,437.58,461.3,477.93
4306056,399.56,332.42,378.7,366.58
4306072,559.88,462.42,461.3,496.82
4306106,466.88,383.11,389.5,414.31
4306130,540.31,452.47,441.5,481.27
4306205,429.12,393.42,343.5,395.02
4306304,513.88,413.42,456.5,458.71
4306320,547.44,447.42,495,493.56
4306353,520.88,388,438.4,446.44
4306379,467.94,334.42,373.3,390.53
4306403,415.94,405,404.4,408.76
4306429,530.81,427.53,486,477.24
4306452,446.75,448.11,416.1,440.51
4306502,403.94,324.68,360.2,360.76
4306551,509.38,498.58,463.2,494.56
4306601,436.62,289.26,384.2,362.76
4306700,492.62,393.05,386.3,426.96
4306734,501.06,414.68,443.3,451.76
4306759,457.38,460.95,405.2,447.29
4306767,344.56,324.26,315.9,329.62
4306809,447.25,436.26,402.1,432.58
4306908,405.38,314.68,334.7,351.38
4306924,535.5,437.05,449.4,474.8
4306932,518.19,396.89,422.4,445.69
4306957,550.25,458.05,434.2,485.53
4306973,542.44,439.58,439.5,476.13
4307005,553,462.21,451.3,492.07
4307054,502.69,428.89,416.4,452.36
4307104,367.94,302.84,362.2,339.18
4307203,561.19,431.42,442.5,480.02
4307302,528.06,430.63,470.8,474.2
4307401,488.56,436.95,455.7,459.47
4307450,527.81,433.37,474,475.98
4307500,489.75,391.05,373.7,422.29
4307559,543.38,424.84,444.5,471.36
4307609,405.81,383.47,380.5,390.76
4307708,372.44,347.89,348.2,356.69
4307807,429.06,419,359.2,409.29
4307815,504.12,371.79,380.5,420.78
4307831,523.44,402.11,415,448.11
4307864,471.69,433.53,439.8,448.49
4307906,432.44,415.32,409.5,420.11
4308003,494,388.84,390.1,426.51
4308052,547.94,429.21,450,476.04
4308078,426.19,410.53,353.2,403.36
4308102,425.94,410,396.2,412.6
4308201,429.06,402.05,435.3,419.04
4308250,550.19,445.11,474.7,489.04
4308300,484,408.58,394,432.16
4308409,455,344.63,364.3,388.24
4308433,471.88,431.89,376.4,433.78
4308458,477.38,376.74,370.8,411.2
4308508,543.75,455.11,461.9,488.13
4308607,421.06,391.05,379.1,399.07
4308656,526.5,394.89,436.2,450.87
4308706,541.19,455.74,463.4,487.82
4308805,367.12,314,305.6,331.02
4308854,509.75,399.11,433.8,446.16
4308904,547.38,441.47,454,481.91
4309001,518.88,425.84,445.8,463.36
4309050,382.94,344.21,351.1,359.51
4309100,468.44,434.11,455.6,451.09
4309126,566.69,460.16,457.3,497.4
4309159,520.94,401.32,388.8,441.07
4309209,379.81,342.58,352,357.91
4309258,485.5,398.68,449.3,440.8
4309308,349.12,320.89,315.6,329.76
4309407,494.25,453.89,452.3,467.89
4309506,513.12,399.68,442.1,449.44
4309555,403.12,377.74,381.2,387.53
4309571,525.88,421.58,392.8,452.27
4309605,529.38,428.37,451.5,469.42
4309654,413.06,273,355,341.02
4309704,533.25,433.74,486,480.73
4309753,500.19,389.63,382.1,427.27
4309803,520.31,413.16,459.8,461.62
4309902,508.38,415.21,473.1,461.2
4309951,500.25,424.11,410,448.04
4310009,497.25,403.16,400,435.91
4310108,429.88,390.37,391.2,404.6
4310207,524.62,425.21,436.5,463.07
4310306,470.88,436.26,398.1,440.09
4310330,409.12,361.58,361.6,378.49
4310363,422.81,400.53,382.7,404.49
4310405,520.94,424.68,447.8,464.04
4310413,511.31,424,438.8,458.33
4310439,461.56,407.26,446.8,435.36
4310462,541.62,416.42,424,462.62
4310504,558.12,469.58,464.8,500
4310538,484.69,363.63,375,409.2
4310553,515.88,380.89,416.4,436.78
4310579,507.88,415.58,420.4,449.47
4310603,505.75,326.47,355.5,396.67
4310652,513.69,515.37,468.2,504.29
4310702,543.94,431.68,464.9,478.98
4310751,477.44,382.89,385,416.98
4310801,411.75,397.95,392.7,401.69
4310850,523.5,422.95,457.3,466.33
4310876,491,372.79,369.4,414.07
4310900,527.25,440.95,432.6,469.78
4311007,338.56,305.05,364.9,330.27
4311106,512.5,361.74,399.8,423.8
4311122,464,427.79,458.9,447.58
4311130,511.81,381.95,383.2,428.4
4311155,523.38,395.16,410.4,444.13
4311205,462.94,354.47,374.4,397.47
4311239,512.12,396.89,392.3,436.84
4311254,523.38,403.95,380.1,441.11
4311270,482.44,387.16,382.1,419.91
4311304,499.5,402.84,444,446.36
4311403,471,433.42,371.5,433.02
4311429,522.75,422.89,451.5,464.76
4311502,447.69,303.84,365.1,368.6
4311601,549.5,448.05,451.5,484.89
4311627,410.19,394.63,390.7,399.29
4311643,425.94,410,396.2,412.6
4311700,539.56,435.95,482.5,483.13
4311718,504.06,341.21,370.5,405.62
4311734,497.31,490.89,464.7,487.36
4311759,523.19,348.95,384.4,418.78
4311775,475.81,438.68,417.2,447.11
4311791,410.19,383.53,357.5,387.22
4311809,500.25,402.05,415.6,439.98
4311908,554.56,455.05,493.3,498.93
4311981,353.56,329,357.3,344.02
4312005,547.25,458.16,471.8,492.87
4312054,478.06,443.58,390.5,444.04
4312104,490.44,351.47,391.3,409.73
4312138,514.5,404.68,431.5,449.69
4312153,453.44,406.47,359.8,412.8
4312179,489.94,380.58,438.2,432.27
4312203,535.19,454.37,472.2,487.07
4312252,367.69,304.37,322.4,330.89
4312302,529.31,431.89,483.4,477.98
4312351,515.44,421.21,447.8,460.62
4312377,475.5,427.37,471.8,454.36
4312385,404,384.53,368.1,387.8
4312401,361.38,334,327.9,342.38
4312427,490.25,427.58,397.1,443.09
4312443,507.56,505,469.2,497.96
4312450,422.62,361.84,393.6,390.51
4312476,415.94,405,404.4,408.76
4312500,308.94,262.05,301.4,287.47
4312609,429.62,421.84,393.1,418.22
4312617,479.88,414.84,447,445.11
4312625,513.44,410.84,474.6,461.49
4312658,504,397.47,404.5,436.91
4312674,496.5,421.11,409.2,445.27
4312708,562.12,443.53,450.2,487.18
4312757,507.88,415.58,420.4,449.47
4312807,484.5,409.84,446.4,444.51
4312906,491.88,413.79,451.8,450
4312955,510.69,410.74,446.5,454.22
4313003,468.25,433.84,395.4,437.53
4313011,529.75,431.95,451.4,471.04
4313037,539,381.74,413.7,444.76
4313060,431.81,402.42,400.2,412.38
4313086,433.19,402.16,429.8,419.33
4313102,480.88,373,377.5,412.36
4313201,445.5,434.53,443.3,440.38
4313300,473.69,414,433.2,439.49
4313334,509.12,422.74,447,458.84
4313359,435.44,384.89,422.9,411.31
4313375,373.19,342.89,339.4,352.89
4313391,491.12,391.32,381.6,424.64
4313409,376.81,350.84,353,360.56
4313425,502.38,408.63,456.2,452.53
4313441,546.31,452.79,447.3,484.82
4313466,526.81,432.58,456.2,471.33
4313490,520.31,425.89,461.2,467.31
4313508,380.19,318.74,342.6,345.89
4313607,537.31,447.05,468.3,483.87
4313656,316.75,272.95,293.1,293
4313706,505.44,417,458,457.56
4313805,549,452.05,480.2,492.78
4313904,522.88,419.32,448.9,462.71
4313953,392.44,314.47,357,351.64
4314001,484.5,409.84,446.4,444.51
4314027,501.25,392.47,388.4,430.24
4314035,391.56,360.05,347.9,368.56
4314050,414.19,379.16,381,392.02
4314068,525.31,404.79,394.9,445.44
4314076,447,368.68,335.7,389.2
4314100,501.38,404.42,416,441.47
4314134,548.25,451.58,446.9,484.91
4314159,395.5,379.21,343,376.96
4314175,385.38,299,364.2,344.2
4314209,388.25,327.32,361.8,356.64
4314308,517.56,405.42,433.1,451.44
4314407,428,354.16,411.7,393.2
4314423,426.06,414.89,412.4,418.31
4314456,540.25,450.63,439.9,480.11
4314464,519.62,448.58,469,478.38
4314472,463.5,364.53,371.1,401.18
4314498,559.81,461.05,486.1,501.73
4314506,401.12,294.47,359.7,346.89
4314548,432.12,379.74,422.8,407.93
4314555,538,398.74,455,460.76
4314605,417.75,319.16,362.8,363.91
4314704,579.44,457.95,457.1,500.96
4314753,414.81,394.53,369.1,396.09
4314779,528.62,404.89,432.8,455.09
4314787,538.06,452.16,441.5,480.33
4314803,400.94,375.89,371.2,383.76
4314902,360.69,346.84,348.1,352.04
4315008,533.19,394.68,459.2,458.27
4315057,503.31,402.16,459.1,450.78
4315073,519.69,400.47,461.1,456.33
4315107,536.75,402.42,452.6,461.33
4315131,478.75,428.95,383.6,436.58
4315149,411.75,397.95,392.7,401.69
4315156,483.62,414.47,367.3,428.58
4315172,472.12,404.26,461.5,441.11
4315206,471.25,435.79,391.6,438.58
4315305,532.56,290.89,375.1,395.53
4315313,539.94,430.84,436.5,470.89
4315321,492,359.63,380.8,411.4
4315354,484.5,388.47,377.4,420.16
4315404,517.81,426.42,476.1,469.96
4315453,459.5,427.58,392.1,431.04
4315503,459.25,353.16,365.1,393.53
4315552,550.62,437.84,465,483.98
4315602,329.75,282.58,366.2,317.93
4315701,410.69,327.47,335.8,358.91
4315750,459.06,428.11,406.9,434.4
4315800,435.81,425.42,393.9,422.11
4315909,554.56,467.11,446.7,493.67
4315958,495.06,368.84,429.5,427.2
4316006,429.62,378.58,372.1,395.29
4316105,522.75,427.05,439.1,463.76
4316204,521.44,419.74,443.4,461.16
4316303,525.62,396.42,450.6,454.4
4316402,493.38,305.63,365.6,385.71
4316428,524.56,428.26,454.2,468.27
4316436,520.44,410.42,437.4,455.53
4316451,465.94,360.63,371,400.38
4316477,512.5,383.16,453.5,444.78
4316501,415.69,391,371.7,395.49
4316600,534,432.89,463.1,475.56
4316709,503.81,411.74,420.8,446.49
4316733,527.56,414.05,454.4,463.38
4316758,468.31,433.11,381.6,434.18
4316808,483.12,397.89,354.8,418.62
4316907,470.38,349.32,369.2,396.78
4316956,459.06,440,436.1,445.91
4316972,454.38,299.32,347.7,365.2
4317004,418.44,321.84,346.6,361.69
4317103,510.69,310.63,383.2,397.89
4317202,511.06,411.74,449.2,455.38
4317251,414.81,387.68,377.7,395.11
4317301,331.12,298.79,343.6,320.24
4317400,541.12,388.21,411.7,447.8
4317509,526.94,413.42,433.8,458.31
4317558,509,403,429.8,446.64
4317608,401.69,345.68,333.4,362.87
4317707,520.19,387.47,435.6,445.36
4317756,506.5,409.47,420.8,446.49
4317806,510.94,418.05,444.4,456.93
4317905,518.94,403.11,462.2,457.42
4317954,533.12,432.68,475.5,477.91
4318002,481.94,360.32,371.4,406.02
4318051,498.12,408.26,452.5,450.04
4318101,529.62,365.58,401.4,431.87
4318200,461.5,432.84,456,448.18
4318309,455.06,293.58,349.7,363.47
4318408,374.25,325.84,346.8,347.71
4318424,537.94,450.47,475.1,487.04
4318432,471.81,375.74,372.6,409.2
4318440,492.81,407.53,448.3,446.91
4318457,524.56,428.26,454.2,468.27
4318465,475.94,423.32,395.9,435.93
4318481,410.19,394.63,390.7,399.29
4318499,520.62,423.47,442.5,462.24
4318507,361.19,311.53,349.5,337.62
4318606,533.31,444.79,474.3,482.82
4318614,403.12,377.74,381.2,387.53
4318622,541.06,553.58,546.7,547.6
4318705,376.12,352.26,351.2,360.51
4318804,405.12,330.47,376.2,367.18
4318903,519,384.47,442.9,445.29
4319000,452.81,427.11,459.9,443.53
4319109,538,438.42,456.3,477.8
4319125,480.81,365.05,382.5,410.09
4319158,533.06,388.95,425.1,448.22
4319208,526.75,393.05,444.4,452
4319307,534.5,396.21,456.2,458.71
4319356,415.69,391,371.7,395.49
4319364,522.75,422.89,451.5,464.76
4319372,506.06,382.95,448.9,441.38
4319406,484.81,345.53,380.1,402.73
4319505,403.12,374,384.2,386.62
4319604,447.5,303.37,359.7,367.13
4319703,566.69,450.58,443.6,490.31
4319711,414.25,397.79,396.1,403.27
4319737,524.81,439.84,461.7,474.91
4319752,433.62,414,409,419.87
4319802,493.25,320.95,380.9,395.53
4319901,410.44,387.63,382.9,394.69
4320008,372.44,347.89,348.2,356.69
4320107,515.19,410.84,438.7,454.13
4320206,530,431,457.5,472.09
4320230,530.31,438.68,471.8,478.62
4320263,517.5,397.37,386,437.56
4320305,483.69,383.84,381.4,418.8
4320321,520.5,409.26,445.7,456.91
4320354,386.94,345.79,410.1,374.71
4320404,502.38,426.05,444.4,457.27
4320453,480,414,375,428.8
4320503,527.25,408,431.8,455.69
4320552,360.38,341.05,376.1,355.71
4320578,504.88,410.37,444.7,451.6
4320602,546,453.47,464.7,488.87
4320651,488.88,368.63,375.1,412.82
4320677,516.62,424.58,381,447.62
4320701,514.56,389.47,381.5,432.18
4320800,497.94,394.58,392.6,430.89
4320859,371.19,342.89,324.5,348.87
4320909,549.06,425.84,462.9,477.89
4321006,475.31,378.58,382.3,413.8
4321105,371.5,334.05,385.7,358.84
4321204,420,367.21,372.7,387.2
4321303,368.94,331.53,315,341.16
4321329,546.62,447.89,473.7,488.73
4321352,335.5,276.63,325.3,308.38
4321402,530.62,439.47,487.6,482.58
4321436,463.31,447.89,424.2,448.11
4321451,417.62,410.05,375.9,405.16
4321469,499.94,423.26,406.2,446.73
4321477,535.62,435.89,463.1,477.4
4321493,499.5,359.37,382.5,414.33
4321501,509.38,498.58,463.2,494.56
4321600,359.56,308.32,337.5,333.02
4321626,468.25,433.84,395.4,437.53
4321634,546,453.47,464.7,488.87
4321667,513.81,504.05,469.2,499.78
4321709,448.81,404.79,421.5,424.16
4321808,514.06,416,447.8,457.93
4321832,514.94,508.74,472,502.78
4321857,522.44,432.89,441.3,466.6
4321907,522.56,434.37,471.2,473.91
4321956,558.19,450.26,438.4,486
4322004,357.94,315.74,308.6,329.16
4322103,514,410.63,453.6,456.93
4322152,508.69,393.89,380,431.62
4322186,535.75,434.32,479.6,480.44
4322202,507.81,376.26,395.4,427.29
4322251,416.75,389.11,378.6,396.6
4322301,516.38,413.11,457,459.58
4322327,410.25,342.53,388.6,376.84
4322343,511.75,381.58,447.8,442.58
4322350,503.44,416.47,441.7,453
4322376,531.75,385.47,409.5,442.82
4322400,486.44,300.53,380,384.29
4322509,458.25,404.89,454.5,434.89
4322525,387.19,319.47,319.7,343.6
4322533,522.75,419.21,388.8,449.27
4322541,438.56,414.32,413.1,422.67
4322558,513.88,413.42,456.5,458.71
4322608,453.44,406.47,359.8,412.8
4322707,464.25,382.95,359.1,406.56
4322806,432.31,373,408.9,402.07
4322855,435.38,444.05,398.5,430.84
4322905,548.62,447.53,477.4,490.11
4323002,347.12,318,322.2,329.29
4323101,563.56,470.16,476.9,504.87
4323200,489.69,412.05,400.3,437.04
4323309,455.19,396.05,419.3,422.24
4323358,533.06,415.05,437.5,462
4323408,509.75,399.37,430,445.42
4323457,451.12,304.42,352.1,367.18
4323507,549,452.05,480.2,492.78
4323606,471.69,433.53,439.8,448.49
4323705,555.19,460.74,507.2,504.64
4323754,511.69,389.95,428.4,441.78
4323770,417.62,410.05,375.9,405.16
4323804,439.38,384.68,385.6,404.33
5000203,689.94,670.47,666,676.4
5000252,762.38,761.47,766.2,762.84
5000609,516.12,505,528.7,514.22
5000708,553.19,478.21,468.5,502.71
5000807,536.75,492.84,495.6,509.07
5000856,501.75,523.74,447.7,499.02
5000906,589.88,536.68,496.1,546.58
5001003,651.62,625.63,600,629.18
5001102,563.81,516.05,490.1,527.27
5001243,534.88,525.74,518,527.27
5001508,671.69,610.58,622.2,634.89
5001904,569.12,561.26,493.4,548.98
5002001,485.44,439,474.6,463.42
5002100,553.56,488.84,453.4,503.98
5002159,530.19,497,480.4,505.11
5002209,534.31,468.84,485.4,495.8
5002308,581.69,582.95,522.1,568.98
5002407,495.94,474.58,492,486.04
5002605,665.94,614.32,670.1,645.07
5002704,589.75,550.89,510.9,555.82
5002803,525.25,468.58,458.4,486.47
5002902,734,683.05,723.3,710.11
5002951,713.81,747.79,743.9,734.84
5003108,568.44,517.89,532,539
5003157,530.44,521.47,523.7,525.16
5003207,533.56,463.89,502.8,497.31
5003256,771.75,739.84,748.2,753.04
5003306,680.44,641.42,702.2,668.8
5003454,483.12,509,457.6,488.38
5003488,564.5,513.58,505.4,529.87
5003504,498.88,480.89,475.4,486.07
5003702,543.81,511.11,527.6,526.4
5003751,471.31,480.53,509.6,483.71
5003801,487.75,498.58,486.4,492.02
5003900,735,667.37,697.6,698.13
5004007,475.38,495.79,445.2,477.29
5004106,562.75,486.89,489,514.33
5004304,492.81,487.11,524.8,497.51
5004403,742.88,702.84,690.6,714.36
5004502,545.88,500.11,536.2,524.4
5004601,483.62,477.42,494.7,483.47
5004700,500.75,514.95,447.7,494.96
5004809,484.88,483.84,502.6,488.38
5004908,686.31,617,579.4,633.29
5005004,545.56,462.63,476,495.09
5005103,475.06,489.79,484.1,483.29
5005152,481.56,489.05,479.7,484.31
5005202,507.5,407.47,456,453.82
5005251,529.44,513.74,532.1,523.4
5005400,563.75,503.21,523.8,529.31
5005608,532,505.16,478.7,508.82
5005681,480.62,485.74,499.5,486.98
5005707,482.06,487.32,497,487.6
5005806,534.06,461.53,465,488.09
5006002,531.62,528.16,486.3,520.09
5006200,550.38,553.89,488.6,538.13
5006259,470.38,473.74,446.5,466.49
5006275,680.12,705.37,701.6,695.56
5006309,733.88,662.95,647.8,684.8
5006358,517.31,504.05,528.7,514.24
5006408,715.69,727.05,741.9,726.31
5006606,579.19,532.84,527.1,548.04
5006903,504.06,464.42,464,478.42
5007109,584.69,569.05,533.8,566.78
5007208,522.56,515.26,492,512.69
5007307,593,550.63,606.8,578.18
5007406,643.06,579.37,658.5,619.6
5007505,632.38,569.89,575,593.24
5007554,617.5,568.58,521.4,575.49
5007695,643.5,584.16,667.6,623.8
5007703,504.56,486.16,513.1,498.69
5007802,621.56,610.53,581.6,608.02
5007901,567.69,512.05,518.5,533.27
5007935,734.31,780.95,744.8,756.33
5007950,507.62,493.42,534,507.49
5007976,467.56,446.37,453.6,455.51
5008008,601.62,541.89,533,561.16
5008305,596.94,596.42,560.9,588.71
5008404,478.12,491.58,477.9,483.76
5100102,636.75,692.68,787.7,693.91
5100201,816.75,796.21,876.3,821.31
5100250,933.69,930.63,1015.9,950.67
5100300,758.62,765.53,822.9,775.82
5100359,790.56,778.84,869.3,803.11
5100409,745.12,769.26,836.6,775.64
5100508,769.94,795.32,857.5,800.11
5100607,758.19,803.37,775.9,781.2
5100805,933.81,949.42,1059.6,968.36
5101001,762.25,721,825,758.78
5101209,721.56,744.05,838.8,757.11
5101258,632.25,641.05,694.6,649.82
5101308,819.5,804.32,894.4,829.73
5101407,928.06,938.63,955.9,938.71
5101605,561.31,546.95,602.4,564.38
5101704,730.69,768.89,730.8,746.84
5101803,729.88,689.26,823.4,733.51
5101852,784.44,775.16,890.6,804.11
5101902,905.25,934.42,976.3,933.36
5102504,542.44,572.79,577.1,562.96
5102603,781.5,750.68,843,782.16
5102637,838.81,805.84,894.9,837.36
5102678,716.69,719.68,806.5,737.91
5102686,882.5,845.05,888.8,868.09
5102694,838.31,808.89,865.9,832.02
5102702,829.31,801.74,888.9,830.91
5102793,900.38,916.84,974.2,923.73
5102850,937.81,955.16,994.2,957.67
5103007,793,816,863.6,818.4
5103056,933.81,973.26,1018.5,969.29
5103106,796.81,754.32,846.6,789.93
5103205,901.12,947.42,976.2,937.36
5103254,978.69,1000.95,1062.9,1006.8
5103304,872.12,925.89,966.5,915.8
5103353,820.25,823.84,862.7,831.2
5103361,695.75,698.26,697.3,697.16
5103379,929.94,980.05,1038.3,975.18
5103403,770.06,758.68,846.8,782.31
5103437,617.88,633.05,673.5,636.64
5103452,803,809.26,857.4,817.73
5103502,852.62,836.26,972.4,872.33
5103601,738.19,739.95,867.4,767.64
5103700,958.5,983.84,1016.6,982.11
5103809,606.06,631.11,660.5,628.73
5103858,850.25,882.95,937.3,883.4
5103908,747.31,722.63,865.4,763.13
5103957,580.38,617.53,635.9,608.4
5104104,912.12,961.84,974.8,947.04
5104203,761.25,797.84,865.5,799.87
5104500,626.69,644.21,694.3,649.11
5104526,923.25,872.32,940.8,905.64
5104542,918.56,935.11,973,937.64
5104559,916.38,914.26,970.5,927.51
5104609,695.44,718.47,736.7,714.33
5104807,676.31,757.32,783.7,734.38
5104906,599.25,664.58,717.9,653.2
5105002,619.81,653.89,676.6,646.82
5105101,910.19,949.95,974.1,941.18
5105150,925.94,869.16,972.4,912.29
5105176,942.56,986.26,1000.8,973.96
5105200,660.88,720.21,729.3,701.13
5105234,664,673.74,688.1,673.47
5105259,908.38,812,953.8,877.78
5105309,775.62,808.74,859,808.13
5105507,630.44,654.05,664.1,647.89
5105580,902.38,963.84,1025.6,955.71
5105606,916.38,962.47,1010.4,956.73
5105622,601.12,620.32,643.6,618.67
5105903,806.38,812.42,887.1,826.87
5106000,828.38,810.53,923.7,842.02
5106109,629.62,645.32,662.7,643.6
5106158,935.38,1002.53,1074.3,994.6
5106174,814.81,748.05,817.3,787.18
5106182,767.69,768.68,755.8,765.47
5106190,916.62,977.42,991.6,958.96
5106208,766,785.26,839.4,790.44
5106216,889.62,898.37,944.9,905.6
5106224,861.44,855.53,910.8,869.91
5106232,778.31,776.84,740.3,769.24
5106240,934.62,910.21,952.5,928.29
5106257,789.75,750.79,801.6,775.93
5106265,936.94,916.16,1007,943.73
5106273,914.38,970.95,992.1,955.53
5106281,748.25,715.89,875.5,762.87
5106299,936.44,890.47,1030.5,937.93
5106307,889.75,868.84,940.7,892.24
5106315,790.88,754.05,898.2,799.18
5106372,748.5,780.63,805.5,774.73
5106422,880.38,919.11,990.4,921.18
5106455,817.94,810.32,909.9,835.16
5106505,561.94,560.68,567.9,562.73
5106653,712.5,698.63,795,724.98
5106703,732.88,719.42,833.2,749.49
5106752,596.06,638.16,640.6,623.73
5106778,849.12,818.68,862.7,839.29
5106802,903.94,970.16,979.7,948.73
5106828,570.94,618.32,623.3,602.58
5106851,653.81,686.53,664.9,670.09
5107008,779.12,773.05,916.9,807.18
5107040,790.31,751.53,938.8,806.93
5107065,821,785,914,826.47
5107107,606.25,632.68,670.4,631.67
5107156,690.81,705.42,723.9,704.33
5107180,792.81,742.47,892.4,793.69
5107198,757.38,734.11,841.7,766.29
5107206,634.62,666.42,683.4,658.89
5107248,940.19,969.16,960.8,957
5107263,871,814.16,927,859.44
5107297,707.81,738.95,777.8,736.51
5107305,875.19,849.47,932.1,876.98
5107354,863.69,844.05,898.8,863.2
5107404,693.44,690.32,763.4,707.67
5107578,938.5,922.05,973.1,939.24
5107602,657.94,692.79,746.8,692.4
5107701,732.69,774.47,789.4,762.93
5107743,851.62,845.16,909.4,861.73
5107750,695.62,747.95,749.2,729.62
5107768,843.75,832.05,926,857.09
5107776,728.81,811.79,853,791.44
5107792,759.06,718.68,896.7,772.6
5107800,617,650.21,677.1,644.38
5107859,828.69,799.47,882.4,828.29
5107875,903.06,888.21,931.1,903.02
5107883,761.69,775.32,910.6,800.53
5107909,927.81,957.05,976.6,951
5107925,866,828.68,933.1,865.16
5107941,919.75,919.74,961.4,929
5107958,790.44,802.37,812.5,800.38
5108006,899.62,859,950.9,893.87
5108055,937.81,996.47,995.2,975.33
5108105,768.44,770.11,840.9,785.24
5108204,736.69,729.95,832.4,755.11
5108303,937.25,995.58,1028.9,982.24
5108352,664.56,702.53,685.5,685.24
5108402,628,655.79,733.9,663.27
5108501,860.69,850,891.3,862.98
5108600,771,803.68,848.5,802.02
5108808,932.12,934.05,992,946.24
5108857,875.69,822.79,936.7,866.91
5108907,881.38,858.47,956,888.29
5108956,923.38,945.21,1078.7,967.11
5200050,686.12,723.53,795.6,726.24
5200100,748.62,744.47,797.7,757.78
5200134,638.56,611.89,752.2,652.56
5200159,775.94,813.32,835.1,804.87
5200175,680.31,656.05,738.1,682.91
5200209,723.5,678.42,768.5,714.47
5200258,680,683.79,781.8,704.22
5200308,682.44,685.89,765.4,702.33
5200506,787.5,732.11,837.8,775.29
5200555,821.62,826.79,978,858.56
5200605,717.75,648.05,763.3,698.44
5200803,577.12,526.16,664,574.91
5200829,764.06,788.21,912.9,807.33
5200852,776.56,805.32,830.1,800.6
5200902,799.75,749.21,853.7,790.4
5201108,751.5,742.47,792.3,756.76
5201207,767.12,698.21,818.3,749.4
5201306,704.69,742.95,785.6,738.82
5201405,707.56,721.53,760,725.11
5201454,664.56,632,681,654.47
5201504,746.56,702.63,764.3,731.96
5201603,660.25,695.95,760.6,697.62
5201702,737.38,729.42,869.4,763.36
5201801,704.56,712.53,778.2,724.29
5202155,844.62,819.16,900.6,846.31
5202353,808.5,786.05,922,824.24
5202502,815.5,760.58,871.7,804.8
5202601,716.5,715.58,798.6,734.36
5202809,631.06,672.95,720.9,668.71
5203104,758.56,719.95,845.2,761.51
5203203,713.81,716.58,804.8,735.2
5203302,798.25,763.37,820.2,788.4
5203401,774.75,754.74,896.6,793.38
5203500,712.56,669.63,705.7,692.91
5203559,714.81,727.63,740.2,725.87
5203575,762.38,783.11,893.3,800.22
5203609,666.88,651.16,771.9,683.58
5203807,795.75,746.42,902.3,798.6
5203906,715.69,704.37,769.3,722.82
5203939,829.56,791.16,889.3,826.62
5203962,567.06,517.42,633.9,560.96
5204003,637,598.21,687.5,631.84
5204102,688.38,607.63,670.3,650.27
5204201,681.94,689.42,781.7,707.27
5204250,700.88,710.11,692.8,702.98
5204300,713.69,638.16,673.7,672.91
5204409,733.88,700.79,803.8,735.44
5204508,734.75,686.47,742,715.98
5204557,717.88,723.95,753.3,728.31
5204607,654.25,710.68,758.6,701.27
5204656,847.31,804.95,915.8,844.64
5204706,866.88,830.42,952.4,870.49
5204805,689.94,608.74,781,675.89
5204854,699.75,693.79,766.7,712.11
5204904,670.5,624.68,746.3,668
5204953,819.69,817.63,948.4,847.42
5205000,799.88,789.37,875.2,812.18
5205059,697.12,671.21,728.7,693.2
5205109,727.62,627.89,800.1,701.62
5205208,640.44,662.37,752.3,674.56
5205307,677.81,635.53,758.3,677.84
5205406,807.75,795.42,925.2,828.64
5205455,645.19,693.53,748.9,688.64
5205471,746.69,787.16,755.6,765.76
5205497,657.06,620.89,687.1,648.47
5205513,731.12,727.84,817.2,748.87
5205521,722.81,720.37,798.4,738.58
5205703,776.06,744.53,836.4,776.16
5205802,722.25,724.32,812.6,743.2
5205901,716.88,657.21,783.8,706.56
5206206,714.06,653.68,732.5,692.67
5206305,779.81,726,808.5,763.47
5206404,835.31,833.84,974.6,865.64
5206503,778.75,766.16,874.7,794.76
5206602,790.38,707.37,826,763.24
5206701,617,528.47,694.2,596.78
5206800,663.06,648.89,755.5,677.62
5206909,790.62,652.53,794.2,733.11
5207105,842.75,780.11,923.6,834.27
5207253,735.5,686.42,805,730.22
5207352,694.56,677.63,769.4,704.04
5207402,699.88,677.89,765.7,705.22
5207501,864.62,839.74,958.4,874.96
5207535,861.19,817.95,906.1,852.91
5207600,825.31,759.32,908.5,815.93
5207808,663.25,729.95,764.3,713.87
5207907,619.12,552.58,692.4,607.31
5208004,691.38,601.53,756.3,667.87
5208103,868.81,836.26,952.2,873.6
5208152,745.38,733.05,807.1,753.89
5208301,602.56,575.95,692,611.2
5208400,706.12,718.53,770.4,725.64
5208509,743.88,674.84,823.9,732.51
5208608,742.69,729.58,797.3,749.29
5208707,691.62,713.47,757.9,715.58
5208806,650.56,645.95,765.1,674.07
5208905,868.62,835.47,932.5,868.82
5209101,707.5,680.42,720.7,699
5209150,708,675.26,697.6,691.87
5209200,693.75,712.68,788.5,722.8
5209291,872.44,823.21,926.3,863.62
5209408,567,557.63,613.9,573.47
5209457,815.25,829.42,980.8,858.02
5209606,828.25,781.53,890.5,822.36
5209705,777.56,756.84,844.2,783.62
5209804,799.81,799.58,944.8,831.93
5209903,547.44,537.79,595.9,554.13
5209937,703,685.11,690.8,692.73
5209952,612.38,657,729.1,657.16
5210000,671.12,706.89,797.8,714.38
5210109,707.81,633.26,781.8,692.78
5210158,823.38,836.95,947.9,856.78
5210208,805.94,758,874.9,801.02
5210307,789.81,739.95,850.7,782.29
5210406,761.88,771.32,819.6,778.69
5210562,770.12,730.58,848.6,770.87
5210604,806.38,774.16,871.3,807.2
5210802,749.5,691.68,687.3,711.27
5210901,813.44,834.84,953.1,853.51
5211008,822.5,773.11,906.9,820.4
5211206,824.19,816.21,904,838.56
5211305,729.88,673.95,676.8,694.47
5211404,730.44,730.79,799.8,746
5211503,726.62,730.58,766.6,737.18
5211602,787.56,744.84,864.9,786.71
5211701,613.94,660.53,731.2,659.67
5211800,801.31,769.89,849.2,798.69
5211909,687.25,625.42,697.2,663.36
5212006,855.19,778.68,944.7,842.78
5212055,775.19,744.21,834.9,775.38
5212105,713.56,699.16,755.4,716.78
5212204,765.88,744.05,880.2,782.07
5212253,736.06,692,664.9,701.64
5212303,754.56,746.68,820.5,765.89
5212501,687.31,642.95,743.4,681.04
5212600,752.44,719.11,846.3,759.22
5212709,609.38,529.21,665.6,588.02
5212808,786.56,780.58,930,815.91
5212907,706.69,663.37,746.1,697.16
5212956,819,763.89,876.5,808.51
5213004,694.38,654.47,712.9,681.64
5213053,675.69,693.16,775.7,705.29
5213087,780.81,803,895.4,815.64
5213103,700.19,719.95,717.6,712.4
5213400,750.69,721.11,826.2,754.98
5213509,616.81,545.53,663.1,597
5213707,806.19,776.84,945,824.64
5213756,664.5,652.89,722.4,672.47
5213772,774.06,770.89,909.4,802.8
5213806,787.62,720.42,818.5,766.11
5213855,840.88,826,898.8,847.47
5213905,794.19,804.79,840.8,809.02
5214002,830.94,783.63,899.5,826.2
5214051,782.56,744.32,825.2,775.89
5214101,799.62,808.37,927.3,831.69
5214408,636.69,688,722.3,677.38
5214507,691.38,705.47,787,718.58
5214606,760.69,743.42,821.7,766.96
5214705,824,846.84,942.4,859.96
5214804,718.19,637.79,787.9,699.73
5214838,798.88,751.16,850,790.09
5214861,811.12,832.63,933.8,847.47
5214879,828.25,814.89,944.6,848.47
5214903,639.88,553.37,660.5,607.93
5215009,666.88,651.16,771.9,683.58
5215207,834.56,787.95,909.3,831.49
5215231,676.56,640.74,719.9,671.07
5215256,771.31,783.53,899.3,804.91
5215306,731.88,667.16,800.4,719.78
5215405,669.44,659.11,761.1,685.44
5215504,769.5,688.74,812.4,744.93
5215603,669.06,679.26,788.3,699.87
5215652,802.12,707.11,871.8,777.49
5215702,644.12,710.42,726.8,690.49
5215801,704.31,649.05,752.2,691.62
5215900,626.12,710.32,730.2,684.8
5216007,701.06,707.53,719.5,707.89
5216304,695.75,621.89,694.6,664.31
5216403,624.12,651.84,739.9,661.56
5216452,670.75,671.26,709.9,679.67
5216809,752.5,742.53,840.8,767.91
5216908,808.25,803.74,972.6,842.87
5217104,772.94,738.05,800.2,764.27
5217203,812.75,759.37,902.6,810.18
5217302,800.19,777.42,836.8,798.71
5217401,712.31,661.16,753.2,699.8
5217609,646.69,626,681.7,645.73
5217708,702.12,692.84,782.4,716.04
5218003,786.19,801.11,924.8,823.29
5218052,706.81,672.53,726.9,696.8
5218102,689.75,711,725.4,706.64
5218300,552,544.11,632.2,566.49
5218391,772.5,759.58,858.7,786.2
5218508,664,619.79,696,652.44
5218607,762.62,756.79,826.2,774.29
5218706,764.75,764.84,828.2,778.89
5218789,722.38,690.32,746.3,714.16
5218805,654.25,645.89,713.8,663.96
5218904,824.62,823.05,934.1,848.29
5219001,789.69,791.84,842.2,802.27
5219100,580.56,687.26,707.2,653.76
5219209,749.44,695.79,771.5,731.69
5219258,790.62,751,895.6,797.22
5219308,679.44,654.11,764.2,687.58
5219357,755,737.32,841.4,766.73
5219407,700.69,745.63,786.6,738.76
5219456,746.44,729.84,852,762.89
5219506,765.88,732.74,826.3,765.31
5219605,866.38,836.42,971.7,877.13
5219704,803.06,788.68,941.9,827.84
5219712,669.25,627.89,750,669.73
5219738,669.62,695.58,780.8,705.29
5219753,663.5,670.74,723.9,679.98
5219803,564.69,555.32,638.2,577.07
5219902,768.38,759.58,817.3,775.53
5220009,668.19,616.53,719,657.67
5220058,636.62,705.84,746.3,690.22
5220108,667.81,747.63,755.8,721.07
5220157,786.62,794.47,901.3,815.42
5220207,827.75,772.11,893,818.76
5220264,800.19,745.74,864.4,791.47
5220280,810.06,792.53,879.6,818.11
5220405,701.31,626.21,671.8,663.04
5220454,690.5,717.58,726.9,710.02
5220504,717.12,768.16,735.5,742.76
5220603,729.62,710.47,801.7,737.56
5220686,534.94,518.53,626,548.24
5220702,614.12,530,709.6,599.82
5221007,742.94,734.26,810.8,754.36
5221080,655.5,559.11,685.5,621.47
5221197,698.06,716.47,766.1,720.96
5221304,779.06,695.47,826.4,754.29
5221403,652,690.21,760.5,692.24
5221452,843.19,824.26,963.1,861.84
5221502,648.88,744.79,735.5,708.62
5221551,676.19,653.89,752.7,683.78
5221577,783.69,785.42,936,818.27
5221601,808.44,781,881.6,813.11
5221700,799.31,772.32,870.2,803.67
5221809,702.75,632.26,779.4,690.02
5221858,686.88,649.68,711.6,676.67
5221908,655.5,705.21,759.8,699.67
5222005,720.06,674.53,824.3,724
5222054,718.69,700.47,732.2,714
5222203,674.56,601.05,741.7,658.44
5222302,708.19,706.42,789.3,725.47
5300108,634.25,606.89,644.7,625.02
