code_muni,en,ln,n,med
1100015,226.88,229.79,246.2,232.28
1100023,289.53,301.84,316.8,300.54
1100031,235.76,249.63,248.2,244.2
1100049,232.65,252.95,245.9,243.91
1100056,224.71,238.26,231.6,231.8
1100064,233.71,262.95,257,250.85
1100072,223.65,247.53,233.3,235.61
1100080,207.88,255.32,285.3,244.3
1100098,222.24,257.21,255.3,243.87
1100106,232,263.68,287.3,257.11
1100114,286.71,292.21,285.2,288.65
1100122,276.47,260.84,289.4,272.83
1100130,347.76,369.79,342.8,355.78
1100148,241.24,237.84,235.6,238.61
1100155,279.76,271.42,289.2,278.37
1100189,220,247.16,245,236.65
1100205,327.41,368.47,346.4,348.5
1100254,253.18,247.89,259.8,252.43
1100262,331.41,345.21,320.7,334.78
1100288,221.53,243,229.8,232.2
1100296,215.88,235.47,236.1,228.37
1100304,246.06,256.89,250.6,251.52
1100320,242.35,258.58,273.2,255.76
1100338,266.41,299.32,291.2,285.39
1100346,273.35,267.21,258.8,267.65
1100379,232.76,230.37,241.6,233.7
1100403,311.82,315.63,332.4,317.87
1100452,301.94,347.05,329.9,326.65
1100502,228.47,239.95,223.1,232.04
1100601,290.18,288.95,316.1,295.3
1100700,301.65,351.21,332.6,328.85
1100809,371,396.95,390.4,385.93
1100908,243.65,238.58,238.8,240.5
1100924,223.35,253.32,238.4,239
1100940,355.65,372.47,345.3,360.35
1101005,299.82,322.21,305,310.2
1101104,349.53,365.74,360.9,358.7
1101203,251.88,246.89,263.1,252.26
1101302,294.71,296.21,288.5,293.98
1101401,294.71,331.16,329.4,317.3
1101435,288.06,283.37,277.5,283.83
1101450,225,235.79,223.6,229.15
1101468,230.88,224.47,229.4,227.91
1101476,216.06,241.74,248.6,233.74
1101484,212.35,239,242.3,229.87
1101492,226.06,244.53,272.3,243.74
1101500,237.76,271.05,283.9,261.54
1101559,280.12,271.89,282.5,277.24
1101609,309.82,310.26,293.7,306.5
1101708,279.29,271,272.9,274.48
1101757,309.88,333,317.7,321.13
1101807,284.94,279.58,294,284.7
1200013,292.71,347.74,346,327.02
1200054,272.18,281.11,274.5,276.37
1200104,261.24,275.79,269,268.93
1200138,279.47,308.47,345.4,305.78
1200179,259.29,325.89,309.1,297.63
1200203,417.94,470.32,455.7,447.78
1200252,253.29,268.79,249.5,258.87
1200302,350.06,424.89,422.8,396.78
1200328,365.47,427.37,371,392.24
1200336,456.24,495.37,494.1,480.63
1200344,287,371.05,383.2,342.63
1200351,369.41,425.63,378.5,394.61
1200385,271.53,339.05,339,314.09
1200393,381.88,448.63,399.4,413.26
1200401,262.82,302.16,307.6,288.8
1200427,435.88,486.53,477.6,465.87
1200435,313.18,389.84,396,362.85
1200450,278.94,359.11,353.2,328.2
1200500,288.12,310.16,328.3,305.96
1200609,420.53,450.84,396.7,427.87
1200708,251.82,277.63,274.8,267.48
1200807,284.94,361.32,358.1,332.39
1300029,795.06,767.47,756.2,775.22
1300060,705.06,672.84,695.4,689.65
1300086,689.65,693.21,710.9,695.74
1300102,669.94,681.53,690.9,679.28
1300144,441.47,547.84,497.7,497.63
1300201,575.24,653.16,580.4,608.54
1300300,612.18,652.11,660.1,639.09
1300409,905.12,875.68,933.5,899.13
1300508,692.88,724.68,641.1,694.76
1300607,588.94,636.89,594.8,610.02
1300631,668.76,671,702,676.91
1300680,671.88,703.84,621.4,674.11
1300706,315.24,387.79,354.4,353.72
1300805,570.24,607.32,605.8,593.28
1300839,687.47,691.89,708.9,693.96
1300904,453.06,475.84,468.4,465.8
1301001,606.35,621.47,601.6,611.57
1301100,620.18,652.05,691.4,648.83
1301159,640.41,667.79,686.1,661.65
1301209,644.88,663.58,659.9,655.87
1301308,689.65,701.95,675.3,691.61
1301407,444.29,475.37,510.7,471.57
1301506,405,442.89,486.7,438.41
1301605,898.41,867.42,822.9,869.2
1301654,471.76,500.05,490.5,487.52
1301704,449.59,499.63,440.8,468.35
1301803,470.76,480.58,495.7,480.24
1301852,624.18,649.58,677.7,646.3
1301902,598.59,674,612,632.65
1301951,512.24,577,532.2,543.33
1302009,650.65,738.68,625.5,681.54
1302108,831.82,758,912.5,818.87
1302207,775.82,793.42,749.8,777.43
1302306,635.71,676.11,651.6,655.85
1302405,377.59,438.89,389.9,405.59
1302504,616.59,603.95,661.8,621.2
1302553,667.29,634.42,717.3,664.59
1302603,680.47,713.79,760.4,711.61
1302702,481.29,521.84,495.7,501.17
1302801,860.76,782.42,802.6,815.76
1302900,571.53,628.95,549.6,590.48
1303007,748.41,781.21,734.5,758.93
1303106,625.35,647.11,628.6,635.04
1303205,811.94,832.32,847.7,828.13
1303304,476.65,565.16,524.1,523.52
1303403,678.71,718.95,675.2,694.57
1303502,400.06,505.05,437.8,451.63
1303536,817,859,860,843.7
1303569,711.59,768.63,750.9,743.7
1303601,880.24,864.42,872.6,872.04
1303700,703.59,628.21,706.3,673.04
1303809,1016.18,1020.42,1081.4,1032.11
1303908,653.12,654.05,648.7,652.54
1303957,744.41,817.68,665.7,757.57
1304005,613.53,714.74,604.7,653.41
1304062,628,619.16,627.1,624.15
1304104,572.41,614.47,623.3,600.85
1304203,696,732.63,661.9,703.72
1304237,747.76,742.16,800.2,756.85
1304260,824.94,762.63,783.8,790.26
1304302,793.29,835.74,800,812.28
1304401,659,691.21,634,666.87
1400027,835.06,877.42,924.7,872.04
1400050,814.94,854,885.6,846.43
1400100,758.24,756.42,719.1,748.98
1400159,800.47,782.26,753.5,782.74
1400175,871.82,868,812.1,857.26
1400209,876.65,911,958.2,908.57
1400233,931.65,1008.58,963.2,970.28
1400282,855.94,941.11,872.4,894.7
1400308,817.41,916.32,837.1,862.54
1400407,660.35,623.16,643.5,641.33
1400456,734.29,726.63,665.8,716.24
1400472,926.76,984.32,993.8,965.11
1400506,940.65,1002.74,987.9,976.57
1400605,935.88,982.05,976.7,963.83
1400704,615.88,588.58,606.8,602.63
1500107,799.65,961.05,878.6,883.48
1500131,305.12,458.58,342.1,376.54
1500206,795.18,970.58,837,876.72
1500305,863.82,888.95,941.8,891.15
1500347,298.24,381.47,307.3,334.59
1500404,683.24,799.58,695.7,734
1500503,809.82,855.16,835.4,834.11
1500602,416.59,447.37,370.5,419.28
1500701,910.76,1019.11,851.2,942.57
1500800,849,969.84,879.8,905.61
1500859,554.65,665.95,587.5,607.76
1500909,871.65,997.95,895.5,929
1500958,747.12,928.32,745.9,821.7
1501006,573.65,623.16,548.2,588.57
1501105,874.71,1002.68,858.2,923.98
1501204,652.76,792.16,683.6,717.04
1501253,281.76,338.95,281.3,305.28
1501303,834.71,990.79,873,907.5
1501402,866.88,963,850.9,903.11
1501451,646.82,704.58,605.5,661.7
1501501,843,963.26,877.3,900.13
1501576,310,461.16,329.6,376.7
1501600,797.59,911.11,861.2,858.3
1501709,871.59,998.21,872.3,924.04
1501725,565.94,706.53,606.9,632.91
1501758,253.35,403.26,286.8,322.54
1501782,538.06,695.11,586.8,613.52
1501808,863.35,947.32,837.6,892.43
1501907,785.12,923.84,828.3,851.8
1501956,746.41,787.05,735.9,760.91
1502004,899.76,1033.47,890.5,952.98
1502103,836.65,975.11,822,890.65
1502152,287.47,399.95,303.7,337.46
1502202,877.35,1010.84,918,941.33
1502301,744.35,886.47,745.6,803.33
1502400,769.12,909.79,888,853.07
1502509,966.18,1039.42,1018.2,1007.74
1502608,938.06,1055.42,903.8,979.09
1502707,249.76,337.63,249.5,286
1502756,786.71,900.68,810.1,838.87
1502764,233.41,289.42,250.3,260.22
1502772,304.12,437.47,309.2,360.3
1502806,884.24,998.53,863.1,926.85
1502855,686.06,716.74,627.9,686.09
1502905,940.18,1097.16,981.9,1014.09
1502939,348.24,502.74,397.2,422.7
1502954,314.65,463.37,318.5,376.91
1503002,781.06,800.37,775.2,787.76
1503044,258.12,349.16,249.2,293.78
1503077,729.59,861.16,708,779.24
1503093,492.12,651.42,514.9,562.87
1503101,896.06,970.58,880.5,923.46
1503200,819.71,981.68,926.4,909.8
1503309,812.82,990.89,841.3,892.57
1503408,761.41,895.37,836.9,833.15
1503457,598.59,775.16,635.1,679.46
1503507,764.71,853.68,789.7,806.89
1503606,499.71,573,473.8,524.35
1503705,330.53,488.26,356.8,401.39
1503754,399.12,458.79,366.8,416.74
1503804,402.71,551.63,419.9,467.96
1503903,693,759,615.8,703.48
1504000,844.12,994.16,849.1,907.17
1504059,766.06,926.58,752.1,829.33
1504109,919,1076.74,987.3,999
1504208,326,469.05,338.7,387.85
1504307,967.41,1081.68,1058,1034.3
1504406,916.71,1069.79,975.8,992.78
1504422,849,969.84,879.8,905.61
1504455,572.59,666.95,559.7,608.76
1504505,851,923.47,783.5,866.26
1504604,751.88,882.84,773.2,810.61
1504703,716.47,866.47,753.7,786.52
1504752,623.18,707.53,580.4,648.72
1504802,683.59,767.47,700.2,721.85
1504901,825.29,968.16,809,880.76
1504950,686.29,793.89,631.1,718.74
1504976,356.94,500.74,367.2,418.57
1505007,837.29,956.68,929.9,906.74
1505031,373.29,394.53,370.4,381.43
1505064,468.41,636.79,485,541.57
1505106,771.53,834.42,767.3,796.59
1505205,855.35,980.16,829.7,901.33
1505304,836.94,875.42,867.2,859.41
1505403,818.94,922,859.1,870.24
1505437,300.47,339.11,313,319.15
1505486,616.18,726.74,641.2,667.28
1505494,246.35,406.95,291.3,322.46
1505502,490.35,656.26,514.4,564.11
1505536,308.18,417.63,328.2,357.74
1505551,262.82,331.11,254.7,289.26
1505601,859.65,985.95,955.5,932.65
1505635,288.76,414.89,307,344.83
1505650,489.82,619.32,481.1,541.41
1505700,853.88,976.32,840,901.43
1505809,891,956.16,850.4,909.09
1505908,787,874,777.3,820.83
1506005,673.94,761.68,675,710.41
1506104,921.76,1029.68,961.4,974.96
1506112,938.24,1050.47,955.6,988.37
1506138,252.47,323.58,242.9,279.76
1506161,259.18,345.16,247.3,292.11
1506187,362.76,519.16,390.1,433.3
1506195,490.47,604.63,491.2,537.78
1506203,986.12,1106.89,1047.9,1049.43
1506302,938.29,1058,938.7,987.83
1506351,880.82,991.84,894.6,929.67
1506401,913.82,1015.21,887.2,949.91
1506500,805.94,915.53,860.2,863
1506559,801.47,861.53,793.5,824.54
1506583,219.29,294.11,238.8,254.43
1506609,766.88,881.74,872.2,837.22
1506708,202.94,250.53,217.2,225.7
1506807,699.12,733.53,627.6,697.78
1506906,938.41,1079.63,995.5,1009.15
1507003,887,1003.84,893.1,936.59
1507102,933.24,1044.11,939.3,980.35
1507151,287.12,428.32,299.2,348.07
1507201,788.71,889.74,816.5,836.48
1507300,317.18,349.63,309,328.8
1507409,759.06,890.68,887.3,841.3
1507458,307.47,444.74,318.7,366.61
1507466,928.18,1068.32,956.7,992.26
1507474,981.29,1116.32,1035.8,1048.91
1507508,283.65,426.05,299.9,346
1507607,748.65,861.16,843.4,815.72
1507706,843.41,967.68,802.4,885.83
1507755,264.47,384,262.7,313.46
1507805,531.59,645.53,571,587.22
1507904,948.65,1067.53,939.6,995.78
1507953,614.59,820.84,702.7,718.93
1507961,820.06,967.26,904.1,899.13
1507979,695.59,767.95,657.1,717.11
1508001,681.65,894.95,705.1,774.85
1508035,902.71,1023.68,927.9,958.15
1508050,532.65,613.16,532.7,565.91
1508084,319.24,357.05,320.3,335.09
1508100,523.18,682.11,590.1,603.37
1508126,385.94,533.32,409.8,452
1508159,492,582.32,463.4,523.09
1508209,920.18,1037.26,886.9,961.3
1508308,804.06,919.95,830.7,857.72
1508357,640.35,738.42,681.3,689.76
1508407,260.59,374.42,257.3,306.89
1600055,952.12,970.32,995.8,969.13
1600105,1206.94,1350.32,1329.1,1292.72
1600154,853.41,818.95,895.1,848.24
1600204,1264.53,1483.58,1409,1386.41
1600212,1017.59,1017.74,1155,1047.52
1600238,850.47,785.42,917.3,838.13
1600253,915.41,933.68,1069.4,956.43
1600279,827.47,845.79,837.3,837.17
1600303,915.41,933.68,1069.4,956.43
1600402,836.82,823.89,889.4,842.91
1600501,1258,1403.74,1412.8,1351.85
1600535,826.06,761.53,845.8,803.7
1600550,1125.47,1207.79,1268.1,1190.48
1600600,865,876.42,908.5,879.17
1600709,1041.76,1051.79,1159.6,1071.52
1600808,922.29,984.58,938.4,951.52
1700251,223.29,287.26,242.8,253.96
1700301,222.88,324.05,262.5,273.28
1700350,159.94,178.63,171.9,170.26
1700400,175.94,184.53,159.9,176
1700707,123.06,130.74,147.6,131.57
1701002,256.29,397,275.6,318.61
1701051,249.06,375.21,279.7,307.83
1701101,186.18,238.53,201.3,211.09
1701309,267.53,404.58,311.2,333.63
1701903,212.76,292.42,241.6,251.93
1702000,125.24,139.79,143.4,135.2
1702109,265.18,357.58,301.2,311.17
1702158,275.41,408.16,308.3,337.39
1702208,238.29,383.26,285,308.33
1702307,262.65,333.05,258.2,290.76
1702406,99,107.74,122.3,107.67
1702554,253.71,377.11,277.6,309.87
1702703,155.35,143.26,178.6,155.41
1702901,226.24,343.11,246.4,278.89
1703008,239.88,330.26,266.1,282.91
1703057,260.82,332.47,265.4,291.41
1703073,214.59,291.58,210.1,245.41
1703107,205.35,266.63,235.6,237.24
1703206,265.82,335.37,261.2,293.54
1703305,223.47,266.11,184.6,232.63
1703602,243.76,328.11,227.1,274.98
1703701,177.53,201.63,193.2,190.89
1703800,253.18,410.79,308.4,330.28
1703826,235,348.89,250.4,285.39
1703842,197.41,241.84,159.3,207.48
1703867,140.06,145.05,163,147.11
1703883,264.06,388.63,308.5,325.17
1703891,260.59,408.37,305.5,331.39
1703909,203,261.37,231.7,233.35
1704105,225.94,264.74,187.8,233.67
1704600,208.18,269.53,231,238.48
1705102,170.59,166.32,150.2,164.39
1705508,251.82,330.79,247,283.39
1705557,133,135.21,167.1,141.33
1705607,118.82,122.42,125,121.65
1706001,245.94,323.63,229.1,274.37
1706100,196.18,247.58,219.5,222.48
1706258,172.06,206.63,197.9,191.96
1706506,234.82,343,259.9,284.96
1707009,168,184.16,163.4,173.67
1707108,217.12,280.58,240.2,248.35
1707207,224.29,295.79,222.3,253.39
1707306,166,178.32,168.2,171.57
1707405,282.29,423.89,307.5,346.26
1707553,196.12,226.42,223.2,214.52
1707652,128.29,134.68,145.3,134.63
1707702,226.71,310.16,240.8,264.24
1708205,142,149.89,153.4,147.74
1708254,217.12,281.32,204.4,240.87
1708304,233.71,316.89,231.2,267.52
1709005,227.41,293.11,199.5,248.48
1709302,223.65,291.84,196.3,245.87
1709500,148.94,159.95,156,155.02
1709807,184.24,190.89,181.8,186.46
1710508,224.47,293.47,187.3,244.89
1710706,221.76,314.63,245.9,265.37
1710904,236.82,322.89,209.3,266.39
1711100,245.82,328.58,222.3,274.89
1711506,120.82,137.05,132.8,130.13
1711803,254.59,327.79,249.6,283.74
1711902,174.18,197.16,182.7,185.52
1711951,188.71,217.21,202.4,203.46
1712009,198.29,247.68,206.3,220.43
1712157,135.12,135.32,165.4,141.78
1712405,181.29,214.21,181.9,195.02
1712454,229.94,345.47,265.7,285.43
1712504,194.35,262.68,231.6,230.67
1712702,122.29,177.58,142.2,149.46
1712801,216.71,318.16,253.9,266.7
1713205,200.29,264.53,230.4,233.37
1713304,216.35,276.58,206.6,239.11
1713601,185.18,204.16,213.2,199.11
1713700,212.24,275.37,243.5,245.11
1713809,228.94,335.11,256.1,278.7
1713957,268.82,392.05,303.5,327.26
1714203,161.53,150.26,142.2,152.67
1714302,230.47,359,273.5,292.91
1714880,256.76,352.26,271.5,299.41
1715002,196.53,248.37,233.3,225.93
1715101,194.18,221.32,189.3,204.33
1715150,134.35,131.89,157.1,138.28
1715259,172.53,184.63,181.9,179.57
1715507,193.12,245.79,231.6,223.24
1715705,237.24,340.26,236,279.52
1715754,119.53,137.21,126.2,128.28
1716109,199.94,252,240.3,230.22
1716208,104.88,121.37,112.9,113.43
1716307,267.47,352.58,282.3,305.85
1716505,216.53,244.37,173.7,218.72
1716604,126.47,136.11,139,133.17
1716653,244.88,326.32,231.2,275.54
1716703,221.35,298.74,211.4,251.15
1717008,186.94,192.32,174.3,186.41
1717206,262,395.11,286.9,322.39
1717503,198.12,251.68,246.3,230.72
1717800,164.82,158.26,179.5,165.3
1717909,190.65,217.63,180.3,199.54
1718006,169.29,177.37,154.3,169.37
1718204,200.29,233.63,235.5,221.72
1718303,243.18,365.95,276.4,301.11
1718402,238.12,317.74,205.7,263.96
1718451,196.94,250.11,239.6,228.17
1718501,230.82,276.05,195.6,241.85
1718550,258.35,390.95,287.3,319.41
1718659,181.41,174.95,184,179.3
1718709,215.82,267.26,206.6,235.07
1718758,200.65,230,187.4,209.89
1718808,264.35,389.89,297.4,323.39
1718840,131.88,136.11,138.8,135.13
1718865,269.18,377.74,298.7,320.43
1718881,231,271.74,185.8,238
1718899,182.82,227,209.8,206.93
1718907,174.82,175.68,165.6,173.17
1719004,186.47,217.05,209.3,204.07
1720002,230.47,356,279.7,293.02
1720101,231.88,358.37,252.5,288.61
1720150,168.06,222.26,165.7,189.93
1720200,226.88,327.05,250.4,273.37
1720259,106.59,127.47,124,119
1720309,281.35,427,319.1,349.72
1720499,141.12,144.16,128,139.52
1720655,174.24,181.74,175.1,177.52
1720804,225.47,335.32,243.4,274.74
1720853,122.76,129.58,142.4,129.85
1720903,155.76,145.05,175.6,155.65
1720937,138.94,130.89,153.9,138.87
1720978,119.82,135.37,132.9,129.09
1721000,189.59,226.63,208.5,209
1721109,198.71,242.95,187.8,214.61
1721208,208.65,333.84,257.4,270.96
1721257,219,275,189.5,235.72
1721307,242.65,331.89,221.2,274.85
1722081,258.29,382.47,282.2,314.78
1722107,265.59,405.47,296.8,330.15
2100055,305.88,457.11,309,369.02
2100105,378.29,576.53,508.1,488.39
2100154,385,634.95,488.2,510.67
2100204,812.18,987.89,885.1,900.61
2100303,363.88,539.84,437,452.46
2100402,470,608.95,527.9,539.98
2100436,390,560.58,465.7,476.91
2100477,448.12,575.63,507,513.59
2100501,144.18,202.37,153.4,170.22
2100550,800.12,950,807.9,863.72
2100600,205.35,284.11,204.2,237.63
2100709,550,755.47,593.1,644.24
2100808,473.41,735.74,581,605.15
2100832,807.41,1028,890.4,916.57
2100873,636.12,725.53,624.7,670.57
2100907,376.94,625.05,478.6,501.52
2100956,246.82,347.21,245.6,288.02
2101004,527.53,711.89,569.7,612.85
2101103,621.53,831.68,683,721.7
2101202,401.65,603,466.9,499
2101251,625.47,835.26,667.6,721.28
2101301,802.41,1022.84,877.3,909.74
2101350,771.29,939.21,814.2,849.98
2101400,170.94,237.11,154.7,194.74
2101509,155.18,246.32,174.1,196.93
2101608,199.18,301.95,209.3,243.83
2101707,470.41,676.16,508,563.57
2101731,481.35,677.68,548,576.93
2101772,531.12,667.42,562.2,594.17
2101806,144.35,203.05,124.8,164.35
2101905,790.88,954.84,857.1,873
2101939,366.35,525.84,413.3,442.43
2101970,798.65,892.42,802.7,838.26
2102002,363.41,493.89,401.6,425.61
2102036,307.06,439.68,301.9,360.72
2102077,408.94,579.05,478.8,494.39
2102101,439.29,714.63,573,582.09
2102150,412.71,545.32,490.7,484.43
2102200,439.35,693.05,592.1,577.35
2102309,225.88,319.42,212.3,261.57
2102325,312.18,434.05,316.5,363.46
2102358,211.71,300.74,236.3,253.83
2102374,539.41,768.05,593.9,645.7
2102408,683.47,867.21,720.9,767.5
2102507,602.12,747.63,629.1,668.09
2102556,206.82,301.37,255,256.35
2102606,789.71,969.84,811,868.74
2102705,491.82,679.63,546.1,581.2
2102754,361.53,501.05,408.3,429.33
2102804,207,276,204.3,234.91
2102903,834.47,976.79,853.7,897.43
2103000,341.06,497.47,368.2,411.57
2103109,769.76,979.21,828.4,869.02
2103125,787.06,952.58,845.6,868.15
2103158,690.53,735.63,653,701
2103174,577.53,681.16,568.6,618.39
2103208,439,685.53,608,577.57
2103257,274.24,427.11,317,346.67
2103307,357,513.32,409.3,432.93
2103406,384.59,586.79,508.9,495.13
2103505,211.06,270.32,206.1,234.46
2103554,506.53,695.84,540.3,592.07
2103604,407.29,562.11,471,485.09
2103703,790.12,1002.42,870.6,895.3
2103752,220.18,322.21,243.9,267.48
2103802,295.06,408.47,333.8,350.33
2103901,436.35,661.58,574,559.3
2104008,304.06,462.37,339.7,377.2
2104057,217,298.42,233.4,254.2
2104073,159.06,231.47,152.6,187.57
2104081,161.76,257.47,170,203.09
2104099,160.06,251.63,159.6,197.78
2104107,139.65,195.68,147.7,164.54
2104206,236.47,319.11,234.6,270.2
2104305,809.88,1005.53,876,905.07
2104404,303.41,407.58,337.8,353.91
2104503,332.82,444.74,373.9,387.98
2104552,211.76,305.21,247.8,258.2
2104602,257.35,346.95,257.1,294.3
2104628,237.71,328.84,235.1,274.78
2104651,570.88,690.21,612.2,629.15
2104677,766.47,841.37,735.5,790.67
2104701,236.24,318.58,246.2,272.41
2104800,183.18,276.74,186.9,222.63
2104909,784.59,973.37,859.6,878.87
2105005,579.76,800.79,631.4,682.28
2105104,634.06,839.58,683.9,729.78
2105153,542.94,700.95,564.1,612.8
2105203,362.41,554.05,439.3,458.28
2105302,247.94,361.16,257.9,296.87
2105351,230.65,340.89,224.5,274.85
2105401,490.94,695.89,546.8,587.74
2105427,325.65,464.32,333.1,384.54
2105450,217.59,294,218.3,249.3
2105476,202.88,301.11,214.7,246.02
2105500,234.94,350.58,246.4,285.2
2105609,288.76,403.42,303,339.22
2105658,736.53,794.16,719.6,756.65
2105708,335.12,482.05,388.5,407.41
2105807,369.18,546.84,439.9,457.93
2105906,450.71,639.26,505.6,540.52
2105922,227.82,320.74,211,262.54
2105948,369.18,546.84,439.9,457.93
2105963,292.71,425.16,316.4,352.57
2105989,196.59,289.74,228.1,241.91
2106003,377.35,532.47,429.1,452.67
2106102,135.76,190.95,134,158.17
2106201,814.88,1006.89,878.9,908.11
2106300,398.94,605.21,484.6,502.76
2106326,766.35,849.95,738.6,794.85
2106359,349.65,463.84,388,405.15
2106375,686.12,730.37,658.2,698.33
2106409,445.29,727.63,601.9,595.96
2106508,690.65,828.16,726.1,755.15
2106607,298.24,412.84,265.5,338.46
2106631,458.71,664.68,542.3,561.96
2106672,443.65,683.26,543.4,564.3
2106706,170.94,272.79,171.5,213.13
2106755,482.41,694.63,541.3,582.87
2106805,776,978.37,845.1,874.61
2106904,595.76,710.37,609.1,646
2107001,199.65,300.79,239.3,250.04
2107100,580.47,785.16,592.1,667.54
2107209,481.29,692.16,553.3,584.04
2107258,141.41,201.68,140.9,166.2
2107308,158.47,223.11,156.1,184.65
2107357,650.06,726.21,615.5,674
2107407,475.88,632.37,521.4,550.41
2107456,692.24,826.16,738.9,757.7
2107506,742.12,949.58,789.6,838.13
2107605,724.35,864.05,780.7,794.3
2107704,193.82,256.21,182.9,217.22
2107803,254.94,365.53,232.4,295.72
2107902,225.12,306.32,207.1,254.74
2108009,183.59,250.37,176.1,209.54
2108058,452.12,664.32,491.8,548.39
2108108,398.24,554.37,467.3,477.74
2108207,354.94,506.63,411.8,429.96
2108256,646.12,747.79,656,690.26
2108306,624.88,746.16,640.4,678.35
2108405,777.29,932.58,844.6,856.07
2108454,383.47,522.32,432.6,451.5
2108504,556.18,672.47,580.6,609.52
2108603,728.47,858.89,771.5,791.7
2108702,510,674.74,552.6,587.3
2108801,491.12,670.68,559.3,580.11
2108900,323.65,476.21,372.8,397.35
2109007,197,306.42,249.8,253.67
2109056,771.82,997.74,854.6,883.13
2109106,265.06,357.47,281.4,306.78
2109205,578.24,799.21,611.3,676.7
2109239,699.65,765.26,682.5,723.02
2109270,718.65,825.89,716.4,762.46
2109304,500.82,756.58,576.8,622.98
2109403,531.53,758.84,583.9,636.8
2109452,740.12,937.95,797,834.2
2109502,157.94,223.74,147.7,182.89
2109551,212.12,305.16,247.7,258.28
2109601,632.12,832.53,678.2,724.91
2109700,141.35,193.21,146.3,163.85
2109759,239.29,326.32,237.4,274.83
2109809,717.94,822.68,716.5,760.89
2109908,508.06,634.53,563.5,572.35
2110005,382.24,514.53,450.1,451.63
2110039,684,761.95,681.6,715.67
2110104,449.47,692.26,545.1,570.54
2110203,542.94,752.11,590.4,639.65
2110237,434.76,630.42,482.7,526
2110278,487.88,706,558.3,593.28
2110302,317.29,439.05,355.4,375.87
2110401,496.41,714.32,557.2,599.63
2110500,725.06,853.68,761,786
2110609,424.65,608.63,483.8,513.5
2110658,150.18,223.53,136.5,177.5
2110708,225,301.84,226.5,257.07
2110807,135.53,206.47,129.1,163.43
2110856,255.59,369.53,261.3,303.89
2110906,191.41,290.47,207.1,235.74
2111003,660.41,811.79,697.6,731.02
2111029,454.18,572.16,507.1,514.41
2111052,195.71,290.21,232,242.63
2111078,320,455.26,362.4,385.09
2111102,169.76,244.11,157.3,197.76
2111201,742.12,949.58,789.6,838.13
2111250,286.06,397.05,311.2,337.37
2111300,740.18,944.16,789.6,835.17
2111409,389.24,576.11,456.7,481.09
2111508,451.76,655.16,521,550.83
2111532,284.65,436.16,331.4,357.39
2111573,167,255.84,178.5,206.2
2111607,137.24,188.95,141.5,159.52
2111631,265.88,404.11,288.5,327.89
2111672,279.53,408.74,305.1,338.46
2111706,702.82,818.84,746,760.13
2111722,498.65,638.95,552.2,568.24
2111748,285.65,386.53,303.8,331.26
2111763,220.53,335.84,244,273.26
2111789,778.35,992.68,855,883.54
2111805,197.35,281.26,193,231.07
2111904,194.71,282.74,173.2,226.39
2111953,177.71,259.26,170.2,209.76
2112001,153.76,217.42,144.5,178.04
2112100,410.53,561.53,469.9,485.8
2112209,315.29,456.68,303.2,371.07
2112233,374.59,543.68,433,457.13
2112274,523.24,650.68,564.8,584.91
2112308,227.24,309.21,217.4,258.96
2112407,770.12,947.21,788.5,847.26
2112456,718.12,859.95,724.8,778.15
2112506,422.59,628.32,496.5,523.63
2112605,481.76,700.53,547.7,586.46
2112704,462.94,660.68,570.8,568.07
2112803,660.47,802.37,692.8,726.11
2112852,274.24,430.26,325.9,349.91
2112902,541.82,710.11,555.1,614.22
2113009,436.18,567.53,493.4,502.87
2114007,601.41,720.11,629.7,656.59
2200053,74.35,91.79,63.5,79.2
2200103,262.71,403.05,261.3,320.37
2200202,243.71,363.47,236.7,291.65
2200251,105.76,165.58,117.1,132.93
2200277,108.29,152.95,116.5,128.52
2200301,261.94,403.53,240.1,315.67
2200400,311.18,460.89,303.3,371.3
2200459,104.18,141.11,114.9,121.76
2200509,181.71,278.58,195.5,224.72
2200608,217.29,331.95,228.5,267.09
2200707,73.47,91.84,73.6,81.09
2200806,138,194.95,116.8,156.91
2200905,192.41,325.74,201.9,249.54
2200954,107.35,167.05,104.3,131.35
2201002,145.06,209.84,167,176.59
2201051,118.59,224.95,148.2,168.96
2201101,77.88,103.68,75,87.91
2201150,134.29,191,133.7,157.59
2201176,167.12,247.84,177.4,202.7
2201200,433.53,609.58,557,533.09
2201309,99.94,114.16,97.4,105.26
2201408,249.71,370,245.6,298.5
2201507,425.12,605.53,514.6,519.09
2201556,90.12,122.58,67.3,98.57
2201572,103.82,143.68,92.4,117.8
2201606,276.24,430.26,256.4,335.54
2201705,111.94,160.05,112.7,131.98
2201739,75,119.74,71.9,92.8
2201770,403.71,594.11,475.4,497.93
2201804,112.88,175.26,120,140.2
2201903,106.59,125.11,112,115.41
2201919,331.06,542.42,395.4,432.35
2201929,70.12,91.74,72.6,79.59
2201945,377.35,570.79,416.1,465.67
2201960,339.53,497.11,402.8,418.37
2201988,80.47,121.26,87,98.74
2202000,348.76,552.53,420.3,448.48
2202026,154.35,281.32,154.3,206.78
2202059,402.76,592.74,460.9,493.87
2202075,148.76,209.68,149.6,174.11
2202083,321.59,564.32,404.5,439.87
2202091,104.76,158.95,120.3,130.52
2202109,103.29,140.95,71.1,111.85
2202117,79.71,102.68,72.6,87.65
2202133,98.35,152.74,96.9,120.5
2202174,447.82,658.32,579.4,563.37
2202208,324.94,491.47,337,396.35
2202251,120.82,173.53,117.8,141.93
2202307,89.76,139.84,97.8,112.2
2202406,372.35,554.68,418.4,457.67
2202455,70.82,101.16,76,84.48
2202505,71.41,97.89,83.3,84.93
2202539,366.94,554,433.3,458.63
2202554,91.06,121.42,83.2,101.89
2202604,186.35,326.16,187.6,244.37
2202653,338.94,534,400.8,432.96
2202703,318.59,483.21,353.8,394.24
2202711,351.24,535.42,388.1,435.33
2202729,321.88,454,333.9,379.07
2202737,289.35,450.58,282.4,354.43
2202752,99.53,145.05,104.6,119.43
2202778,118.35,163.47,104.6,134
2202802,88.71,117.74,64.2,95.37
2202851,68.18,104.95,73,84.41
2202901,92.76,112.47,77.9,97.67
2203008,88.59,112.37,79.3,96.39
2203107,101.88,135.84,119.4,119.72
2203206,88.24,108.47,93,97.63
2203230,113.12,138.58,124.2,126.04
2203255,268.29,412.16,257,325.26
2203271,89.47,137.05,90.8,109.41
2203305,291.82,452.47,285,356.7
2203354,66,94.47,65.1,77.57
2203404,114,174.58,116.6,139.59
2203420,225.35,350.95,256.4,283.98
2203453,67.82,96.32,76.6,81.5
2203503,215.12,325.26,229,263.63
2203602,98.53,150.58,107,121.87
2203701,417,589.42,512.9,509.07
2203750,66.12,84.95,66.1,73.89
2203800,95.18,162.32,101,124.17
2203859,106.59,159.16,87.7,124.2
2203909,132.18,210.47,135.9,165.33
2204006,183.29,271.68,193,221.91
2204105,148.65,216.95,153.8,177.98
2204154,100.35,153.74,114.3,125.43
2204204,101.59,160.58,104.8,126.65
2204303,120.94,153.47,123.8,135
2204352,104.88,162.63,110.6,129.98
2204402,102.29,132.26,99.2,114
2204501,144.76,208.84,140.5,170.3
2204550,84.94,112.11,91.4,97.57
2204600,230.82,340.95,242.4,278.83
2204659,355.41,615.68,451.8,483.87
2204709,119.65,209.63,128.4,158.72
2204808,118.29,182.58,118.2,144.83
2204907,103.06,136.32,76,110.91
2205003,105.53,142.37,90.1,117.39
2205102,95.24,183.16,118.1,136.52
2205151,86.12,109.68,68.1,91.93
2205201,101.53,144.84,96.8,118.39
2205250,224.47,327.79,230.6,268.48
2205276,290.82,466.53,296.9,364.72
2205300,124.29,199,130.5,156.5
2205359,75.29,110.74,76.9,90.28
2205409,392.47,563,481,482.15
2205458,432.59,604.89,511.7,520.96
2205508,365.88,528.47,382.6,436.67
2205516,186.12,325.26,185.4,243.43
2205524,79.53,106.47,78.4,90.41
2205532,71.06,94.42,76.3,81.85
2205540,249.88,375.68,243.1,300.37
2205557,408.88,581.84,461.1,491.67
2205565,66.94,92.42,70.7,78.28
2205573,261.24,424.37,284.7,333.72
2205581,282.41,436.58,267,342.74
2205599,123,204.32,139.8,160.24
2205607,134.71,183.79,128.6,153.65
2205706,315.06,551.42,395.7,430.22
2205805,425.29,601.63,515.2,517.67
2205854,434.82,672.74,535.2,554.91
2205904,111.76,149.63,119.8,129.15
2205953,101.29,154,113.2,125.65
2206001,140.35,209.21,134.3,167.48
2206050,89.82,127.32,81,103.39
2206100,443.94,680.26,545.5,563.63
2206209,435.94,619.53,537.6,533.87
2206308,261.94,398.58,261.7,318.33
2206357,219.82,371.37,250.8,289.15
2206407,267.41,405.84,257.6,322.46
2206506,104.82,169.11,113.9,133.35
2206605,95.94,114,90,102.11
2206654,79.65,107.53,83.1,91.91
2206670,417.35,601.32,519.3,515.5
2206696,398.29,597.47,484.4,499.28
2206704,123.82,199.79,121.7,154.74
2206720,286.35,429.68,270.7,342.15
2206753,369.12,555,399.8,452.57
2206803,444.59,630.21,569.1,548.33
2206902,153.94,237.16,173.6,192.59
2206951,246.94,391.95,224.4,301.93
2207009,134,181.26,126.9,151.98
2207108,249.71,370,245.6,298.5
2207207,102.47,149.89,116.8,125.17
2207306,92.41,125.68,70.8,101.46
2207355,88.59,146.42,89.8,112.74
2207405,112.82,146.47,115.3,127.26
2207504,252.29,374.79,231.7,298.41
2207553,108.18,169.95,106.9,133.41
2207603,90.88,106.74,84.8,96.11
2207702,337.59,596.42,442.6,467.33
2207751,245.29,374.32,252,300.04
2207777,92.47,126.21,76.9,103.02
2207793,292.94,448.58,288.5,356.26
2207801,71.94,99.68,70.7,83.13
2207850,96.47,150.84,96.2,118.87
2207900,190.65,296.32,201.3,236.61
2207934,92.35,122.47,66.7,99.22
2207959,89,114.68,73.4,96.22
2208007,105.88,171.05,110.4,133.78
2208106,122.29,199.63,138.3,157.72
2208205,110.18,174.95,120.9,139.26
2208304,338.88,506.47,391.9,419.63
2208403,350.71,531.58,401.3,436.41
2208502,456.24,697.79,595,586.17
2208551,141.59,206.26,137.8,167.48
2208601,247.65,393.37,237,305.52
2208650,70.53,89.58,66.1,77.43
2208700,96.94,121.37,109.8,109.83
2208809,202.47,285.84,211.9,238.96
2208858,90.88,107.37,87.3,96.91
2208874,86.59,136.21,81.7,106.02
2208908,157.47,211.32,147.9,177.63
2209005,96.06,170.37,106.1,128.93
2209104,106.53,170.42,105.8,132.76
2209153,210.76,353.68,218.8,271.54
2209203,137.88,204.16,135.6,164.76
2209302,102.18,128.16,115.7,115.85
2209351,113,173.68,115.7,138.65
2209377,137.65,192.74,144,161.78
2209401,105.41,171.26,113.3,134.33
2209450,232.65,352.74,232.4,282.2
2209500,110.18,156.63,79.8,122.76
2209559,71.59,99.63,80.6,85.13
2209609,228.47,356.74,236.2,283.13
2209658,78.76,97.47,64,83.28
2209708,121.35,182.47,123.7,147.11
2209757,95.24,104.16,86,96.91
2209807,230.06,351.37,232.8,280.76
2209856,114.53,187.68,131.1,148.35
2209872,277.12,383.84,347.1,336.41
2209906,229.35,369.74,216.3,284.5
2209955,121.35,186.42,115.4,146.93
2209971,441.18,623.16,564.5,543.15
2210003,84.18,109.26,77.9,93.17
2210052,370.59,560.63,435.5,463.2
2210102,111.47,166.42,105.1,132.78
2210201,114.88,176.89,115.2,140.57
2210300,108.65,158.42,107.2,128.89
2210359,71,99.11,73.8,83.22
2210375,115.18,181.63,124.8,144.72
2210383,242.71,381.21,246.7,300.78
2210391,113.06,145.05,74.5,117.89
2210409,161.53,305.63,170.7,223.04
2210508,252.47,386.68,247,306.72
2210607,72.29,107.47,80.7,88.65
2210623,87.71,109,77,94.17
2210631,118,168.21,115.4,138.17
2210656,257.47,419.84,245.5,321.93
2210706,93.29,146.58,99.1,116.57
2210805,97.29,129.37,64.5,103.41
2210904,95.47,140.21,78.3,110.22
2210938,112.71,170.42,119.7,138.07
2210953,77.88,131.16,88.7,102.24
2210979,149.59,211.47,157.6,176.89
2211001,300.35,450.05,306.7,363.57
2211100,391.76,575.42,448.1,479.87
2211209,137.18,182.68,119.3,152.09
2211308,156.06,266.58,172,205.17
2211357,71.12,90.32,73.4,79.54
2211407,173.82,253.37,171.4,206.15
2211506,107.41,139.95,81.5,115.22
2211605,98.82,149.63,107.9,121.78
2211704,113,167.58,100.3,132.78
2300101,177.41,283.05,210.1,228.15
2300150,364.65,504.47,436.6,438.04
2300200,368.76,551.16,385.7,447.78
2300309,208.24,345.42,299.7,284.78
2300408,127.65,184.79,148.2,155.72
2300507,341.35,533,417.8,437.13
2300606,205.47,283.74,210.3,238.85
2300705,204.06,355,268.2,280.35
2300754,301.53,481.26,374.5,391.63
2300804,151.94,233.16,169.9,189.39
2300903,248.82,380.32,281,310.13
2301000,500.59,682.16,617.9,601.09
2301109,235.59,464.11,321.4,348.63
2301208,327.06,449.74,389.9,391.39
2301257,221.76,335.16,228.6,270.09
2301307,157.29,228.16,177.8,191.02
2301406,368.47,479,436,428.8
2301505,136.47,217.11,157.3,174.3
2301604,180.76,240.68,186,206.65
2301703,195.71,326.32,235.9,258.39
2301802,203.47,358.05,264.1,280.5
2301851,210.94,349.42,312.5,290.22
2301901,205.71,280.95,228.1,241.65
2301950,332.53,457.84,391.3,397.07
2302008,174.71,284.84,216.6,229.3
2302057,334.53,566.11,405,445.5
2302107,448.24,539.05,503.1,497.67
2302206,273.41,441.95,355.4,360.85
2302305,289.29,495.47,351.8,388.04
2302404,192.41,286.58,275.5,249.37
2302503,145.47,223.11,190.4,187.3
2302602,343.47,559.37,382.9,441.22
2302701,139.24,174.26,134.8,152.74
2302800,201.24,309.89,242.2,255.02
2302909,369.47,479.05,435.8,429.15
2303006,284.76,397.21,322.6,339.43
2303105,230,401.05,301.6,316.22
2303204,205.53,313.37,218.6,252.91
2303303,208.12,350.37,267.3,279.74
2303402,228.88,351.89,286.6,292.24
2303501,383.41,567.47,440.1,471.76
2303600,154.53,253.74,194.2,204.13
2303659,174.82,306,219.7,238.76
2303709,417.06,497.95,447.6,457.11
2303808,198.82,344.63,260.3,272.41
2303907,322.24,540.74,381.2,425.3
2303931,250.06,364.63,321.5,312.91
2303956,303.59,471.11,370.6,387.35
2304004,287.47,430.32,350.7,360.22
2304103,160.29,287.05,160.5,212.7
2304202,224.29,303.79,233.5,259.13
2304236,165.94,280.47,218.4,224.65
2304251,332.71,532.79,352.7,419.7
2304269,209.59,340.05,292.8,281.57
2304277,232.65,411.05,343.3,330.39
2304285,556.47,739.63,681.1,659.22
2304301,211.65,293.21,223.1,247.83
2304350,203.65,359.63,287.2,286.24
2304400,593,745,699.3,678.89
2304459,277.47,485.42,360.9,381.5
2304509,356.71,517.95,415,435.98
2304608,243.53,359.63,273.7,298.04
2304657,306.88,485.95,411.2,403.52
2304707,338.88,560.21,408.3,445.39
2304806,211.76,334.79,243.5,269.48
2304905,208.59,378.05,279.8,294.07
2304954,377.82,544.26,470.8,466.78
2305001,176.76,294.84,242.5,239.83
2305100,521.82,628.21,586.9,579.91
2305209,232.12,377.63,268.2,300.07
2305233,357.53,535.11,429.1,446.43
2305266,262.59,395.11,332.7,332.57
2305308,353.76,505.53,421.1,431.09
2305332,229.65,382.32,315,311.26
2305357,225.65,441.63,297.3,330.43
2305407,181.41,312,220.3,243.8
2305506,220.12,382.79,292.8,303.11
2305605,123.12,231.58,131.5,169.74
2305654,178.53,288,182.2,224.54
2305704,204.35,343.53,267,275.46
2305803,269.65,429.89,326.2,348.13
2305902,205.06,342.53,251.3,271.89
2306009,217,404.42,310.8,314.8
2306108,148.35,282.95,211.9,217.76
2306207,222.76,397.79,276.5,306.74
2306256,460.59,613.21,524.2,537.46
2306306,308.65,424.32,338.3,362.87
2306405,374.94,510.74,427,442.35
2306504,319.59,436.53,389.4,383.07
2306553,405.94,569.05,447.4,482.33
2306603,202.76,311.11,274.2,263.04
2306702,212,360.84,339.7,301.24
2306801,206.35,349.68,323.4,291
2306900,198.12,338.58,299.8,278.24
2307007,217.65,373.58,259.5,291.15
2307106,189.06,260.84,222.8,226.04
2307205,144.53,213.26,179.1,180.43
2307254,310.94,519.16,362.4,408.13
2307304,208.41,295.95,215.4,246.09
2307403,191.94,327.26,248.8,260.2
2307502,202.47,338.95,246.8,268.48
2307601,209.18,341.53,268.1,276.65
2307635,198.82,289.05,275.6,252.78
2307650,504.53,625.53,572,569.17
2307700,403.88,522.68,443.7,461.61
2307809,272.53,467.84,306,360.48
2307908,299.47,485.37,357.6,388.89
2308005,330,486.11,389.2,407.35
2308104,162.47,256.58,201.2,209.76
2308203,333.76,487.42,414.7,414.83
2308302,178.12,282.21,205.6,227.09
2308351,224.29,346.47,306.2,292.57
2308377,203.06,379.68,239.9,284.02
2308401,188.76,283.84,222.6,235.39
2308500,214.59,331.05,288.5,278.76
2308609,169.18,266.84,214.5,219.37
2308708,234.29,371.95,287.1,302.63
2308807,323.47,518.68,405.4,421.91
2308906,253.59,464,276.1,345.39
2309003,268.71,405.74,381.4,349.8
2309102,494.41,589.26,567.7,549.52
2309201,221.24,279.79,217.7,244.65
2309300,230.59,359.89,262.6,290.96
2309409,152.53,272,165.6,204.72
2309458,264,419.79,344.8,345.91
2309508,180.59,319.32,234.6,249.63
2309607,357.53,535.11,429.1,446.43
2309706,460.59,613.21,524.2,537.46
2309805,493.12,602.42,525.4,545.28
2309904,263.35,436.79,374.7,359.2
2310001,230.65,371.79,267.2,296.89
2310100,478.59,617.21,547.2,550.76
2310209,467.35,595.63,514.7,530.63
2310258,443.76,578.63,476.4,506.57
2310308,135.76,210.68,151.4,170.11
2310407,237.29,339.95,256.6,283.89
2310506,208.76,313.11,258.3,262.63
2310605,139.06,207.58,161.2,172.17
2310704,244.24,362.68,283,301.59
2310803,221.94,398.37,332.9,318.93
2310852,440.47,621.68,541.1,537.2
2310902,206.82,347.16,289.1,282.67
2310951,232.76,397.11,286.3,312.28
2311009,147.53,256.05,168.2,196.85
2311108,178.41,249.89,210.1,214.83
2311207,153.18,214.95,161.4,180.48
2311231,215.82,369.05,292.2,295.72
2311264,120.06,217.63,147.6,166.35
2311306,233.82,372.42,307.8,307.15
2311355,198.47,352.68,264.5,276.52
2311405,230.29,368.42,319,306.63
2311504,211.12,364.58,276,288.61
2311603,388.65,518.11,460.2,457.67
2311702,271.59,448.58,368,365.65
2311801,235.41,377.68,251.3,297.63
2311900,151.94,261.11,182.8,203.74
2311959,125.41,174.58,145.4,150.07
2312007,252.71,420.63,294.7,331.2
2312106,207.35,249.05,218.9,227.09
2312205,187.06,303.79,215.3,241.41
2312304,308.06,450,376.2,381.5
2312403,343.53,467.21,366.3,399.57
2312502,212.76,338.95,253.6,273.76
2312601,289.59,421.63,304.5,347.37
2312700,230.53,385.32,326.7,315.37
2312809,277.41,452.47,366.4,369.07
2312908,203.65,359.63,287.2,286.24
2313005,224.18,343.63,313.6,292.96
2313104,212.65,341.89,258.9,276.09
2313203,161.18,260.68,180.6,206.5
2313252,163.35,254.32,184.7,205.57
2313302,112.47,198.89,154.1,157.22
2313351,237.76,335,266.6,284.2
2313401,340.47,475.68,419.5,413.5
2313500,463.12,564.58,466.3,505.72
2313559,340.65,460.37,376.5,397.89
2313609,352.29,514.47,400.9,429.85
2313708,191.71,339.47,249.8,265.37
2313757,285.76,412.63,319.4,345.48
2313807,348.47,459.21,373.2,399.59
2313906,315.88,505.32,381.8,408.46
2313955,224.18,382.05,293.5,304.46
2314003,204.94,353.42,257.4,277.67
2314102,328.59,467.26,396.2,400.57
2400109,130.88,225.79,185.3,181.91
2400208,181.53,338.63,274.5,266.63
2400307,179.47,328,233.1,252.48
2400406,216.24,381.32,303.9,303.48
2400505,217.18,369.05,295.2,296.87
2400604,236.76,402.74,328.6,325.28
2400703,187.41,335.84,241.7,260.52
2400802,161.71,309.58,234.9,238.7
2400901,228.65,375.26,317.5,308.52
2401008,211.06,365.79,281.8,290.35
2401107,203.88,375.42,261.8,287.33
2401206,458.88,521.79,531.3,500.61
2401305,193.18,371.11,296.7,289.17
2401404,499.24,579.63,574.5,548.8
2401453,231.82,387.32,297,310.22
2401503,228.18,274.47,262,254.65
2401602,307.71,381.47,381.4,354.2
2401651,144.29,263.11,214.6,208.65
2401701,353,421.11,388.3,388.8
2401800,381.65,418.53,436.3,408.76
2401859,235.59,339.95,272.9,286.8
2401909,200.65,285.84,246.5,245.8
2402006,160.29,308.32,235.5,237.78
2402105,172.47,252.47,240.2,220.24
2402204,459.29,523.42,530.2,501.2
2402303,204.24,387.68,300.1,300.85
2402402,138.12,237.16,202.6,193.04
2402501,187.82,325.84,250.5,258.46
2402600,504.65,573.95,574.7,548.5
2402709,150.59,236.05,196.5,195.87
2402808,177.88,241.79,228.3,215.24
2402907,218.18,374.95,307.8,302.41
2403004,155.82,288.42,231.8,227.11
2403103,153.71,243.89,205.5,202.22
2403202,229.71,391.37,329.7,318.22
2403251,495.65,549.89,550.8,530.04
2403301,229.71,391.37,329.7,318.22
2403400,140.88,246,188,194.54
2403509,373.18,416.26,435.5,404.52
2403608,517.59,574.84,586.4,556.2
2403707,213.88,370.53,310.8,299.65
2403756,157.06,265.11,210.4,213.28
2403806,166.29,296.05,246,237.22
2403905,218.76,393,309.6,310.48
2404002,229.53,390.95,321.9,316.28
2404101,195.82,321.89,241.5,257.83
2404200,444.76,492.63,516.5,480.13
2404309,221.71,377.68,307.9,304.87
2404408,220.18,432.37,304.8,326.22
2404507,173.71,308.37,221.5,239.72
2404606,413,488.79,473.6,457.48
2404705,182.12,332.37,266.8,262.59
2404804,150.35,297.74,232.3,229.04
2404853,172.65,322.26,267,254.96
2404903,210.82,394.74,277.4,301.26
2405009,163.88,243.21,216.5,208.09
2405108,198.82,298.58,242.5,249.52
2405207,206.88,383.63,303.1,300.8
2405306,262.18,309.74,296.6,289.3
2405405,211.53,258.21,251.8,239.57
2405504,273.06,350.79,297.6,310.5
2405603,173.82,348.26,262.9,265.24
2405702,144.94,275.26,211.7,213.28
2405801,300.18,386.63,345,345.63
2405900,226.59,383.32,335.2,314.93
2406007,221.94,368.21,286.3,296.35
2406106,188.24,341.42,285.8,272.72
2406155,381.65,418.53,436.3,408.76
2406205,255.53,286.58,287.4,275.28
2406304,365.76,427.63,412.4,401.46
2406403,231.24,279.74,271.4,260
2406502,152.24,285.26,222.1,222.37
2406601,311.71,365.53,353.8,343.09
2406700,184.24,271.42,225.6,229.24
2406809,179.41,253.16,237.1,222.41
2406908,229.53,390.95,321.9,316.28
2407005,230.12,372.58,289.5,301.87
2407104,416.76,495.26,468.2,460.37
2407203,185.65,327.68,225.2,252.91
2407252,219.24,361.37,279.4,291.02
2407302,210.41,360,304.2,292.59
2407401,229.47,396.74,315.3,317.22
2407500,496,561.42,537.1,531.96
2407609,204.41,388.84,306.7,302.83
2407708,408.24,465.58,468.9,445.11
2407807,384.82,463.74,450.6,431.72
2407906,241.59,267.16,262.1,256.61
2408003,236.94,382.26,311.4,313.15
2408102,519.24,576.47,585,557.17
2408201,514.35,576.21,595,557.43
2408300,308.24,353.05,355.8,337.09
2408409,218.24,404.58,297.9,312.52
2408508,147.12,270.16,218.9,213.54
2408607,217.76,358.16,274.6,288.11
2408706,187.88,356.47,293.7,280.52
2408805,267.76,373.89,304.1,319.5
2408904,143,247.21,198.7,198.15
2408953,454.41,530.74,510.1,498.04
2409100,271.94,299.95,303.8,290.43
2409209,381.65,418.53,436.3,408.76
2409308,224.24,397.21,308.8,314.07
2409332,345.18,415.37,405.8,387.35
2409407,219.47,399,311.1,313.54
2409506,317.53,406.05,346.6,360.41
2409605,205.29,309.16,255.6,259.13
2409704,163.88,283,211.6,223.46
2409803,403.71,460.47,471.6,441.91
2409902,186.53,330,234.9,256.3
2410009,222.29,364.47,311.5,300.41
2410108,392.18,436.58,451.6,423.43
2410207,220.88,393.84,307.2,311.09
2410256,185.65,345.84,240.2,263.67
2410306,237.53,286.74,282.3,267.59
2410405,427.47,495.63,469.3,464.72
2410504,226,400.32,336.9,322.11
2410603,230.18,408.89,306.1,320.5
2410702,220.53,398,295.6,310.15
2410801,216.24,381.32,303.9,303.48
2410900,270.88,330.79,328.8,308.22
2411007,208.59,384.05,281.7,296.96
2411056,224.59,436,307.4,329.91
2411106,228.47,280.47,269.4,258.85
2411205,186.94,256.26,248.7,229
2411403,157.65,304.68,244.8,237.33
2411429,139,244.58,191.8,194.09
2411502,272.82,302.89,310.8,293.5
2411601,284.94,393.32,313.8,335.98
2411700,181.47,248.11,235.5,220.74
2411809,166.94,341,260.9,259.26
2411908,218.47,399.21,310,313.02
2412005,504.29,549.26,565,536.07
2412104,158.18,324.16,240.4,244.61
2412203,475.12,538.95,547.9,517.3
2412302,234.53,264.89,261.3,252.89
2412401,153.12,279.37,216.4,219.02
2412500,218.18,374.95,307.8,302.41
2412559,340.47,419.05,361.7,377.54
2412609,273.41,318.16,313.1,300.52
2412708,339.88,431.84,389.2,388.59
2412807,173.82,343,274,265.48
2412906,181.06,236.53,221.2,212.7
2413003,142.24,253.58,201.6,201.13
2413102,292.59,351.16,336.9,326.41
2413201,504.41,567.37,588.5,548.7
2413300,254.12,283.63,281.3,272.22
2413359,209.76,374.53,262.6,289.3
2413409,177.53,367.37,267.7,275.54
2413508,297.53,326.63,339.2,318.61
2413557,230.88,386.42,330,316.67
2413607,210.76,373.95,264.9,289.93
2413706,214.41,266.84,257.5,245.43
2413805,221,391.84,304.3,309.67
2413904,423.59,496,494.6,468.93
2414001,213.53,257.42,245.2,238.54
2414100,206.59,350.16,266.6,278.93
2414159,153.65,287.95,228.9,225.48
2414209,473.41,530.84,558.8,515.7
2414308,174.24,339.74,260.1,261.26
2414407,407.06,475.84,441.6,442.98
2414456,194.88,353.53,301.8,283.65
2414506,218.06,405.05,284.5,309.74
2414605,189.12,361.11,289.9,282.07
2414704,373.18,416.26,435.5,404.52
2414753,199.82,340.74,260.3,271.17
2414803,384.82,463.74,450.6,431.72
2414902,220.53,398,295.6,310.15
2415008,511,596.11,587.7,562.83
2500106,189.65,318.42,266.5,259.54
2500205,210.76,355.37,269.9,283.35
2500304,372.82,441.47,441.4,416.09
2500403,369.06,438.68,434.4,412.02
2500502,392,443.89,420.1,419.54
2500536,153.24,213.37,230.5,194.87
2500577,205.41,254.74,239.2,233.13
2500601,664.82,805.11,737.5,738.57
2500700,206.94,346.68,268.6,278.07
2500734,154.06,261.21,195.6,207.35
2500775,207.41,359.32,290.9,288.3
2500809,380.18,449.63,385.9,410.11
2500908,345.24,423.47,427,395.33
2501005,276.24,301.58,306.2,293.22
2501104,347.82,417.89,408.2,389.89
2501153,135.35,252.47,187,194.96
2501203,259,310.89,294.8,288.22
2501302,292.59,347.79,338.8,325.43
2501351,126.47,212.47,136.6,164.2
2501401,524.82,667.63,609.5,602.22
2501500,385.47,450.53,433,422.67
2501534,132.59,214.89,191.2,179.33
2501575,169.18,229.05,212.9,203.41
2501609,168.41,221.47,204.2,198.11
2501708,130.82,201.16,173.1,169.07
2501807,608.35,729.37,671.5,672.07
2501906,359.12,426.68,401.1,396.15
2502003,197.82,377.11,290.8,292.09
2502052,209.47,338.53,264.2,274.67
2502102,196.29,311.32,264.7,258.67
2502151,122.88,194.58,155.1,159.5
2502201,209.12,348.58,271.8,280.35
2502300,219.41,358.58,290,292.24
2502409,203.12,316,258.1,261.7
2502508,130.76,196.79,175.2,167.7
2502607,216.53,374.21,277.5,294.91
2502706,385.47,450.53,433,422.67
2502805,194,381.58,279.8,290.13
2502904,220.53,369.84,310.3,301.72
2503001,655.24,786.26,750.5,730.07
2503100,135.29,198.42,166.5,168.15
2503209,670.76,855.16,754,765.02
2503308,201.47,342.32,255.7,271.43
2503407,141.35,284.21,202,213.54
2503506,246.88,286.11,295.8,273.72
2503555,135.59,273.05,185.6,203.24
2503605,345.41,403.11,385.8,378.02
2503704,206.41,353,265.4,279.78
2503753,203.12,378.68,295,295.61
2503803,339.53,426.58,363.5,380.7
2503902,126.18,235.63,152,177
2504009,253.06,319.42,307,292.2
2504033,448.24,527.21,446.9,480.57
2504074,105,205.26,134.6,152.85
2504108,216.53,338.63,273.1,279.26
2504157,255.24,292.21,306.4,281.63
2504207,186.12,338.32,264.4,266
2504306,215.88,378.74,320.3,305.85
2504355,157.76,215,207.5,192.22
2504405,156.94,250.74,201.7,205.41
2504504,197.24,360.32,290.1,284.78
2504603,673.35,828.05,770.9,758.46
2504702,113.12,219.21,131.7,160.98
2504801,195.06,368.84,261,281.17
2504850,110.53,216.05,131.1,158.59
2504900,427.71,511.74,441.5,465.41
2505006,115.29,199.84,160.1,159.96
2505105,181.41,241,217.1,213.78
2505204,392,443.89,420.1,419.54
2505238,400.53,487.68,403.5,437.17
2505279,379.65,437.37,425.4,413.43
2505303,183.12,300.79,252.6,246.83
2505352,219.53,260.95,252.1,243.72
2505402,139.47,272.11,191.3,205.52
2505501,183.12,365.53,278.3,279.15
2505600,184.71,284.84,237.5,237.54
2505709,343,370.37,391.1,364.76
2505808,369.12,424.68,410.2,401
2505907,193.35,366.68,284.7,284.8
2506004,272.06,345.42,329.7,314.89
2506103,259.47,327.74,303.9,297.33
2506202,133.06,225.32,196.6,184.98
2506251,192.24,237.37,232.8,219.7
2506301,384.53,438.63,423,415.24
2506400,316.71,399.58,336.1,355.15
2506509,120.76,198.37,140.2,157.04
2506608,179.29,275.42,235.9,231.3
2506707,180.71,317.16,252.5,252.67
2506806,285.94,361.11,355.9,332.2
2506905,323.71,392.58,378.2,364
2507002,214.65,360.05,272.8,287.35
2507101,410.24,483.95,400.7,438.61
2507200,256,313.84,312.8,292.24
2507309,408.24,465.58,468.9,445.11
2507408,223.65,359.42,294.3,295.09
2507507,706.71,864.79,806.3,793.65
2507606,323.59,394.74,360.9,361.09
2507705,123.18,215.63,137.9,164.57
2507804,133.12,223.79,163.2,177.11
2507903,381.06,450.95,434.1,421.46
2508000,215.47,334.32,273.7,277.22
2508109,223.65,359.42,294.3,295.09
2508208,353.59,403.68,393.6,382.98
2508307,304.29,383.89,366.7,350.74
2508406,201.29,345.53,269.8,275.76
2508505,136.76,277.63,172.4,202.7
2508554,327.71,389.11,380.3,364.5
2508604,636.65,793.63,715.9,718.72
2508703,167.53,310.95,219.6,238.09
2508802,177.29,356.26,274.3,272.3
2508901,463.88,558.05,499,510.41
2509008,167.29,283.37,236.2,230.22
2509057,526.88,644.32,593.9,589.96
2509107,340.88,416.58,357.4,375.74
2509156,211,357.05,284.4,287.28
2509206,311.35,379.26,381.7,354.7
2509305,506.24,617.21,580.4,568.2
2509339,326.35,409.58,415.5,380.11
2509370,219,372.74,296.6,299.37
2509396,165.35,305.58,212.6,233.54
2509404,287.47,372.11,322.7,330.09
2509503,259,310.89,294.8,288.22
2509602,197.18,310.95,247.7,255.15
2509701,132.65,257.84,163,190.96
2509800,351.71,414.63,377.3,383.26
2509909,312.12,370.26,356.9,345.87
2510006,206.65,350.16,271.9,280.11
2510105,163.88,243.21,216.5,208.09
2510204,198.94,326.16,261.1,265
2510303,133.65,232.89,185.5,185.91
2510402,178.59,340.84,256.5,262.54
2510501,129.88,225.21,167.8,177.5
2510600,154.82,273.05,198.1,213.07
2510659,126.06,216.16,138.8,166.04
2510709,128.41,265.16,183.1,196.78
2510808,148.88,315.42,228.9,235.07
2510907,198.59,374.16,274.2,287.54
2511004,198.94,326.16,261.1,265
2511103,126.47,228.74,171.5,178.5
2511202,583.12,702.95,638.9,644.74
2511301,189.88,339.63,254.6,265.8
2511400,152.35,240.89,213.8,202.28
2511509,350.88,436.74,379.3,392.52
2511608,415,477.26,464.3,451.43
2511707,393.76,470.11,444.8,436.39
2511806,359.12,426.68,401.1,396.15
2511905,683.59,816.89,787.6,761.26
2512002,203.18,265,241.9,237.13
2512036,199.82,340.74,260.3,271.17
2512077,214.18,348.11,258.8,279.2
2512101,210.47,366.16,299.7,294.17
2512200,155.71,264.58,190.1,208.15
2512309,211.18,333,270.8,274.46
2512408,267.29,321.32,309.4,298.76
2512507,224.82,296,278.1,265.8
2512606,138.59,283.21,208.4,213.5
2512705,272.06,345.42,329.7,314.89
2512721,399.76,453.58,467.7,436.76
2512747,295.29,324,340,316.87
2512754,285.94,361.11,355.9,332.2
2512762,366.29,450.32,375.9,403.09
2512788,127.18,198.47,179.6,168.02
2512804,220.12,390.32,303.7,308.59
2512903,526.88,644.32,593.9,589.96
2513000,135.82,227,165,179.83
2513109,310.24,375.11,361.1,348.09
2513158,227.94,280.74,309.1,267.39
2513208,205.35,343.74,276.3,277.93
2513307,197.53,349.63,272.9,276.74
2513356,155.12,234.63,196.7,197
2513406,140.24,260.84,208.9,204.98
2513505,172.12,281.53,241.6,232.41
2513604,189.65,348.42,255.1,269.46
2513653,218,357.26,283.7,289.8
2513703,541.59,663.63,600.8,604.87
2513802,175.35,334,260,259.28
2513851,128.18,220.53,143.6,169.67
2513901,180.88,374.05,281.6,282.57
2513927,199.65,390.42,310.2,302.48
2513943,117.59,213.16,143.2,162.63
2513968,202.47,376.58,298.7,295.3
2513984,198.47,351.74,279.1,279.3
2514008,120.76,217.95,146.2,166.43
2514107,159.06,257.11,177.8,203.63
2514206,200.41,370.79,275.1,287.02
2514305,208.29,311.21,260.3,262.11
2514404,154.94,332.05,238,246.15
2514453,316.94,396.26,336.2,353.89
2514503,210.18,337.58,273.3,276.52
2514552,203.35,324.47,262.6,266.26
2514602,165.65,312.79,214.2,236.98
2514651,183.71,368.32,271,278.93
2514701,143.76,244.95,209.3,199.8
2514800,133.53,252.42,160.5,188.5
2514909,149.12,273.16,225.3,216.91
2515005,431.47,500.16,474.3,469.15
2515104,286.35,350.95,348.4,326.52
2515203,139.71,252.79,174.9,194.07
2515302,439.94,515.58,451,473.59
2515401,112.94,198.26,146.5,155.48
2515500,126.24,253.63,161.6,186.54
2515609,359.12,426.68,401.1,396.15
2515708,208.29,311.21,260.3,262.11
2515807,321.71,389.84,389.7,364.63
2515906,415,477.26,464.3,451.43
2515930,359.12,426.68,401.1,396.15
2515971,366.29,450.32,375.9,403.09
2516003,321.18,378.68,391.6,360.24
2516102,112,194.58,143.5,152.96
2516151,136.53,212.79,160.8,173.3
2516201,218.82,365.63,286.4,294.15
2516300,145.41,263.63,187.3,203.35
2516409,303.59,332.63,363.4,328.59
2516508,134.06,250.58,153.9,186.5
2516607,215.47,334.32,273.7,277.22
2516706,153.35,296.21,199.7,222.43
2516755,127,217.74,147.2,168.87
2516805,201.76,341.63,268,273.93
2516904,206.53,347.74,270.8,278.83
2517001,253.41,299.42,286.7,279.65
2517100,148.24,286.37,230.6,223.2
2517209,205.47,347.79,266.9,277.61
2517407,130.12,251.11,155.4,185.59
2600054,573.59,719.42,694.8,660.17
2600104,188.24,299.95,256.5,249.22
2600203,69.41,89.47,62.8,76.26
2600302,274.24,385.74,348.4,336.41
2600401,605,712.21,773.1,685.83
2600500,196.24,315.05,241,255.04
2600609,183.24,298.79,217.4,238.39
2600708,483.59,562.42,565.2,533.89
2600807,247.53,340.21,291.5,295.37
2600906,482.53,549.89,583,532.2
2601003,380.24,498.68,505.5,456.39
2601052,562.94,672.79,662.8,630.02
2601102,106.71,167,113.1,133
2601201,167,260.74,195.9,212
2601300,467.88,556.47,580.2,528.89
2601409,672.76,805.79,799.5,755.26
2601508,415.94,551.84,541.6,499.39
2601607,87.53,127.58,78.1,102.02
2601706,208.29,284.26,231.8,244.78
2601805,144.35,221.79,167.1,181.28
2601904,296.71,348.68,345.4,328.76
2602001,140.06,223.42,160.6,178.96
2602100,309.94,452.21,404.7,389.3
2602209,360.71,387.95,429.9,387
2602308,420,529.42,506.3,483.96
2602407,335.12,479.05,440.4,417.46
2602506,160.59,290.11,204,223.52
2602605,198.18,275.37,257.2,242.89
2602704,411.12,474.16,479.8,452.09
2602803,169.41,268.53,214.6,220.17
2602902,653.76,810.42,794.1,748.98
2603009,81.82,142.58,91.1,108.93
2603108,201.06,282.74,236.1,242.41
2603207,246,388.26,316.9,320.17
2603306,297.94,413.16,373,361.85
2603405,184.76,283.21,223.7,233.89
2603454,666.18,796.47,810.9,751.46
2603504,369.59,434.95,420.9,407.74
2603603,417.35,477.89,489.3,458
2603702,395.65,498,522,465.39
2603801,255.82,347.79,305.3,304.57
2603900,204.71,309.37,242.9,256.24
2603926,97.59,140.63,88.1,113.3
2604007,440.71,485.84,491.4,470.37
2604106,199,276.95,264,245.33
2604155,280.29,305.79,329.5,301.52
2604205,478.47,583.68,615,551.61
2604304,156.47,221.58,178.3,188.11
2604403,450.18,521.68,499.8,490.5
2604502,391.82,458.47,463,434.83
2604601,608.24,714.42,692.5,670.41
2604700,407.24,543.58,541.1,492.65
2604809,525.41,610.74,643.3,586.28
2604908,249.59,314.74,364.6,301.5
2605004,315,431.11,413.1,384.28
2605103,168.53,270.63,219,221.67
2605152,68.71,105.79,65.4,83.3
2605202,529,655.11,630.4,603.13
2605301,194.29,264.47,204.3,225.46
2605400,419.65,448.37,467.2,441.85
2605509,417.35,477.89,489.3,458
2605608,193.41,309.21,253.8,254.37
2605707,102.41,160.42,102.7,126.43
2605806,233.41,312.16,324.2,285.67
2605905,640.12,767.42,806.5,728.87
2606002,332.18,483.42,432.4,416.43
2606101,393.53,429.21,448.5,420.22
2606200,640.65,764.74,733.4,712.07
2606309,132,206.32,147.5,166.07
2606408,322.88,367.26,392.7,356.39
2606507,232.94,365.53,308.8,304.2
2606606,125.94,209.21,153.1,166.24
2606705,281.24,387.79,348,339.76
2606804,628.06,762.37,757,711.57
2606903,172.18,298.42,239,238.85
2607000,123.18,187.11,160.7,157.74
2607109,172.82,295.58,229.5,235.85
2607208,678,848.89,788.6,772.63
2607307,133.06,188.05,162.7,162.22
2607406,85.35,111.95,90,97.35
2607505,175.29,265.37,225.7,223.46
2607604,682.06,841.05,808.8,775.28
2607653,474,553.63,568,527.33
2607703,146.88,287.58,181.2,212.46
2607752,589.88,702.74,688.4,657.91
2607802,566.53,659.42,638,620.43
2607901,659,808,827.2,757.11
2607950,444.94,572.47,566.2,523.98
2608008,174.94,266.37,196.5,217.39
2608057,124.82,174.95,150.6,151.13
2608107,351.82,379.53,420,378.09
2608206,548.12,635.95,700.8,617.59
2608255,286.59,386.89,351.1,342.04
2608305,297.94,413.16,373,361.85
2608404,341.41,432.68,445.2,401.67
2608453,440.71,485.84,491.4,470.37
2608503,450.18,521.68,499.8,490.5
2608602,362.71,505.89,483.1,448.02
2608701,415.94,551.84,541.6,499.39
2608750,86.12,117.89,68.1,95.33
2608800,281.24,387.79,348,339.76
2608909,374.18,417.53,445,407.48
2609006,332.24,384.68,413.4,371.54
2609105,360.71,387.95,429.9,387
2609154,160.59,242.74,209.9,205.24
2609204,499.29,619.42,662.5,584.39
2609303,111.59,185.74,115.7,143.11
2609402,562.76,668.89,657.5,627.2
2609501,423.82,497.16,508.7,472.57
2609600,658.94,794,801.8,745.78
2609709,360.71,387.95,429.9,387
2609808,85.76,134.42,96.1,108.11
2609907,89.88,149.26,99.2,116.43
2610004,515.76,603.53,668.6,585.24
2610103,416.94,542.53,560.6,500.04
2610202,321.88,431.11,422,388.76
2610301,215.41,351.84,274.9,284.7
2610400,83.59,153.79,99.4,116.02
2610509,317.76,369.79,418.9,361.24
2610608,535.82,629.42,632.1,595.41
2610707,658.94,794,801.8,745.78
2610806,186.71,303.95,197.6,237.5
2610905,187.76,298.95,223.6,241.48
2611002,96,137.74,92.7,112.52
2611101,68,79.84,58.4,70.8
2611200,185.18,298.63,211.3,237.72
2611309,395,447.47,470.7,433.13
2611408,500,601,609,565.41
2611507,419.53,504.95,536.6,480.26
2611533,214.12,325.79,268.2,272
2611606,669.59,828.37,809.6,765.61
2611705,241.94,311.42,354.5,295.11
2611804,635.24,758.68,789.3,719.72
2611903,677.41,808.63,812.4,760.96
2612000,412.88,489.37,472.2,457.37
2612109,318.94,350.95,406.8,351.26
2612208,96.12,164.79,109.5,127.39
2612307,237.35,394.95,305.3,317.22
2612406,200.47,293.89,232.6,246.04
2612455,82.88,134.68,77.4,103.09
2612471,176.71,289.05,242.3,237.37
2612505,113.76,183.68,142.7,148.93
2612554,74.65,129.68,70.7,96.52
2612604,86.24,128.53,79.6,102.26
2612703,229.29,291.26,323.8,275.43
2612802,169.12,291.84,232.7,233.63
2612901,457.12,541.95,578.6,518.57
2613008,223.71,321.84,258.6,271.83
2613107,205.41,282.63,248.3,246.63
2613206,342.76,482.05,440.3,421.5
2613305,327.35,440.95,374,384.41
2613404,681.41,816.79,778,758.33
2613503,142.35,213.32,168.9,177.43
2613602,163.18,277.63,204.5,219.43
2613701,512.59,594.58,621.8,570.2
2613800,348,395.47,419.1,383.07
2613909,152.06,236.84,179.6,193.07
2614006,131.47,207.16,155.4,167.93
2614105,137.53,240.37,174.1,187.96
2614204,666,838.32,797.3,765.72
2614303,175.47,256.63,188.9,211.91
2614402,186.06,297.47,246.9,245.3
2614501,263.76,299.58,333.7,293.76
2614600,177.76,289.11,240.2,237.33
2614709,190.71,264.74,227.3,229.24
2614808,111.18,169.16,140.2,141.43
2614857,670.12,810.89,803.5,757.26
2615003,185.18,253.58,262.3,230.2
2615102,297.41,458.95,382.8,382.7
2615201,86.06,155.05,108,119.33
2615300,366.82,432.26,445.3,410.91
2615409,205.06,270.21,297.3,252.02
2615508,491.24,594.68,574.8,552.13
2615607,106.12,171.26,123.3,136.76
2615706,190.59,306.05,253,251.85
2615805,158.65,253.63,192.3,205.2
2615904,158.47,268.89,208.5,214.96
2616001,186.71,303.95,197.6,237.5
2616100,131.65,201.11,154.8,165.37
2616183,229.76,271.21,307.4,263.76
2616209,228.12,290.47,323.4,274.59
2616308,411.76,466.89,484,450.24
2616407,448.24,529.16,513.1,495.76
2616506,550,665.53,751.8,641.59
2700102,158.65,211.11,216.3,192.85
2700201,407.24,565.74,562.1,506.37
2700300,316.24,431.58,379.9,377.72
2700409,529.53,754.63,718.1,663.5
2700508,634.35,814.84,802.4,745.43
2700607,591.06,784.74,774.9,711.02
2700706,223.12,309.11,256.8,265.96
2700805,371.53,543.16,504.9,471.41
2700904,229.76,304.84,263.5,268.11
2701001,510.47,753.47,683.2,648.39
2701100,455.59,635.21,633,568.35
2701209,235.12,353.42,257,288.74
2701308,438.65,641.84,620.4,562.09
2701357,563.88,687.42,772.6,660.28
2701407,479.12,669.32,622.4,588.83
2701506,305.47,427.95,363.1,368.59
2701605,178.06,249.68,232.8,219.54
2701704,462.12,669.37,638.3,586.02
2701803,180.24,262.63,233.3,225.8
2701902,436.65,586.47,589.5,531.76
2702009,343.88,484.21,423.4,419.13
2702108,507.53,617.84,672,588.85
2702207,605.88,828,816.1,743.33
2702306,494,662.32,616.7,590.2
2702355,270.88,398.79,323.3,335.11
2702405,142.59,194.53,205.6,177.74
2702504,209.76,327.79,262.7,270.02
2702553,276.65,410.21,350.7,347.91
2702603,320.41,430.32,367.8,376.11
2702702,480.59,628.11,577.1,562.5
2702801,554.29,741.84,737.1,671.5
2702900,252.41,367.68,270.7,304
2703007,481.06,584.53,657.9,562.24
2703106,302.18,438.53,405.2,380.89
2703205,392.29,557.42,485.9,480.85
2703304,178.35,234.37,232.2,213.2
2703403,201,288,247.7,247.09
2703502,612.06,750.21,764.5,702.26
2703601,661.18,820.58,803.1,757.87
2703700,231.76,340.05,261.4,282.93
2703759,563.12,765.16,724.4,681.63
2703809,522.29,629.74,699.3,605.15
2703908,578.76,700.47,757.9,667.98
2704005,401.88,561.89,506.6,490.74
2704104,283,395.58,326.3,338.91
2704203,400.94,542.84,491.3,479.2
2704302,618.88,816.63,805.1,741.04
2704401,217.76,308,273.6,267.17
2704500,671.29,819.16,775.9,755.11
2704609,173.94,255.21,233.5,220.46
2704708,603.06,806.68,806,731.28
2704807,424.18,608.11,577.7,533.52
2704906,368.29,518.68,497.5,458.5
2705002,163.59,222.74,213,198.76
2705101,632.12,759.63,837.7,729.48
2705200,528.47,754.63,711.5,661.67
2705309,254.47,382.47,306.2,318.59
2705408,201,288,247.7,247.09
2705507,488,682.47,692.9,612.87
2705606,560.53,669.63,744.1,645.5
2705705,201.06,279.42,247.4,243.5
2705804,159.12,219.53,213.6,195.91
2705903,327.88,477.05,422.3,410.02
2706000,203.82,307.95,252.2,257.35
2706109,181.29,262.84,231.6,225.91
2706208,192.88,268.95,235.3,233.52
2706307,302.82,450.05,390.4,382.67
2706406,179.29,245.16,212.4,213.7
2706422,147.29,194.42,199.5,178.11
2706448,645.35,834.11,818.7,761
2706505,641.12,776.53,815.9,735.04
2706604,370.24,510.95,500,456.57
2706703,475.35,622.42,559.4,554.37
2706802,470.71,618.63,543.2,547.57
2706901,536.59,769.58,716.3,671.89
2707008,417.35,603,583.2,530.09
2707107,155.41,209.37,187.1,184.59
2707206,173.94,255.21,233.5,220.46
2707305,628.65,756.32,791.9,716.87
2707404,651.47,777.53,820.4,740.26
2707503,351.06,506.58,438.2,434.24
2707602,370.24,510.95,500,456.57
2707701,568,786.42,769.2,701.96
2707800,591.06,784.74,774.9,711.02
2707909,605.88,828,816.1,743.33
2708006,185.12,278.58,241.4,235.96
2708105,452,585.79,604.8,540.48
2708204,323.76,475.63,434.2,410.5
2708303,438,542.16,598.9,516
2708402,176,250.42,209.7,214.07
2708501,593.41,747.79,769.8,695.52
2708600,571.82,768,728.4,686.89
2708709,641.12,776.53,815.9,735.04
2708808,405.59,526.84,483.7,472.65
2708907,595.12,803.68,780.9,721.65
2708956,193.94,262.42,255.2,235.54
2709004,371.53,543.16,504.9,471.41
2709103,388.76,536,481.5,469.74
2709152,471.29,651.32,596.8,572.93
2709202,255.94,349.47,283.6,300.59
2709301,462.65,605,603.5,552.07
2709400,416.35,600.16,598.1,531.78
2800100,309.88,470.58,398.1,395.43
2800209,365.82,518.89,412.2,439.13
2800308,556.12,664.21,601.5,610.63
2800407,558,665.68,628.2,617.74
2800506,528.18,620.68,580.2,577.7
2800605,548.65,662.63,604.4,607.85
2800670,556.65,655.16,618.9,610.87
2800704,460.24,610.89,538.1,539.39
2801009,470.82,545.26,450.4,497.13
2801108,310.53,426.32,365.3,370.26
2801207,150.53,206.16,211.5,186.76
2801306,433.76,592.11,516.3,517.11
2801405,271.94,322.68,275.6,293.7
2801504,498.18,639.37,575.4,573.28
2801603,357.59,520.89,448.4,444.78
2801702,494.71,573.21,523.5,533.39
2801900,408.94,539.68,444.9,470.76
2802007,516.94,642.21,578.9,582.15
2802106,609.24,715.21,654.4,662.83
2802205,320.76,424.05,359.3,371.8
2802304,388.71,448.84,373.5,410.24
2802403,244.94,312,284.7,281.28
2802502,498.18,639.37,575.4,573.28
2802601,362.71,472.47,398.7,415.87
2802700,446.82,596.32,524.6,525.48
2802809,581.59,672.37,634.4,630.57
2802908,459,545.11,484.5,500.11
2803005,495,599.53,552.2,550.61
2803104,300.94,402.63,320.6,347.22
2803203,578.94,674.05,597.8,622.33
2803302,470.35,635.58,553.4,556.65
2803401,425.94,606.21,511.7,519.04
2803500,498.65,567.68,535.2,535.11
2803609,552.88,654.32,598.2,604.63
2803708,440.24,494.37,424,459.07
2803807,400.71,559.84,463.2,480.02
2803906,510.35,624.32,570.6,570.52
2804003,537.06,649.84,591.6,595.5
2804102,472.88,560.58,488.8,512.57
2804201,184.94,232.74,237.1,216.02
2804300,400.71,559.84,463.2,480.02
2804409,412.35,582.84,486.1,498.8
2804458,314.82,383.53,319.9,344.3
2804508,216.29,251.74,253.3,238.98
2804607,433.47,556,458.3,489.48
2804706,271.35,376.58,307.4,322.65
2804805,552.88,654.32,598.2,604.63
2804904,447.59,613.89,531.1,534.43
2805000,405.29,472.21,402.7,432.37
2805109,533.82,627.53,587.4,584.17
2805208,344.47,388.16,343.6,362.33
2805307,496.71,637.68,574.8,571.91
2805406,157.53,211.37,214.1,192.07
2805505,233.12,245.21,227.2,236.83
2805604,198.71,270.05,227.9,234.52
2805703,357.59,520.89,448.4,444.78
2805802,415.41,486.68,467.2,456.11
2805901,529.18,637.89,574.5,583.93
2806008,423.76,509.53,433.7,461.35
2806107,508.24,637.68,592.9,580.11
2806206,569.18,661.26,611.9,616.5
2806305,586.41,679.84,639.9,636.63
2806404,414.59,573,483.4,494.98
2806503,510.35,624.32,570.6,570.52
2806602,535.06,654.05,603.5,599.09
2806701,578,665.84,599.1,618.87
2806800,470.82,545.26,450.4,497.13
2806909,408.29,590.74,471.6,497.41
2807006,377.71,483.95,386.4,423.48
2807105,372.35,405.47,361.3,383.63
2807204,491.47,606.89,550.6,552
2807303,323.76,475.63,434.2,410.5
2807402,264.47,312.16,309.5,293.96
2807501,433,488,484.3,466.87
2807600,526.41,626.16,592.5,581.98
2900108,93.88,122.42,126.1,112.67
2900207,78.35,117,75.7,93.74
2900306,365.94,399.26,398.7,386.83
2900355,225.59,257.21,252.1,244.41
2900405,273.06,311.63,281.5,290.83
2900504,68.82,101.89,86.8,86.39
2900603,193.12,168.37,221.1,188.98
2900702,427.71,492.32,454.1,460.13
2900801,336.47,293.21,329.3,317.04
2900900,265.76,313.68,291.1,291.07
2901007,213.24,190.68,204.5,202.02
2901106,407.71,473.47,449.3,443.91
2901155,55.24,69.84,56.2,61.48
2901205,69.71,69.05,81.9,72.09
2901304,165.53,201.47,182.2,184
2901353,127.47,167.37,128.3,144.13
2901403,74.12,94.42,87.6,85.43
2901502,246.82,272.47,247.5,257.57
2901601,203.12,248.89,232.7,228.46
2901700,265.35,286.79,264.4,274
2901809,179,222.63,197.6,201.07
2901908,382.94,406.68,384,392.98
2901957,285.76,264.11,296.9,279.24
2902005,54.35,57.11,61.2,56.98
2902054,477.59,572,504.2,522.37
2902104,141.06,169.68,164.3,157.93
2902203,352.53,417.42,387.4,386.91
2902252,290.41,325.47,323.8,312.15
2902302,559.29,594.63,563.1,574.72
2902401,304.35,305.74,332,310.93
2902500,80.29,97.16,101.5,91.87
2902609,174.82,161.16,188.6,172.17
2902658,168.24,209.95,185.8,189.28
2902708,68.18,86,60.6,73.89
2902807,78.88,92.16,97.7,88.46
2902906,132.53,133.53,174.2,142
2903003,45.35,58.53,59.8,53.93
2903102,295.71,293.21,306.1,296.93
2903201,79.35,99.63,108.9,94.15
2903235,49.53,67.05,68.8,60.96
2903276,163.76,182.11,177.7,174.37
2903300,323.94,340.26,328.7,331.72
2903409,348.29,423.32,384.8,387.22
2903508,71.94,71.11,97.6,77.17
2903607,184.76,209.32,203.6,199
2903706,126.53,132.26,150,134
2903805,109.71,108.47,111.2,109.52
2903904,51.41,63.05,77.4,61.87
2903953,80.41,88.42,103.3,88.7
2904001,85.18,105.84,108.5,98.78
2904050,149.12,160.11,146.5,153.09
2904100,49.18,71.74,67.1,62.39
2904209,51.65,75.37,73.1,66.11
2904308,154.29,153.68,160,155.28
2904407,66.71,84.37,77,76.24
2904506,59,66.58,62.3,62.85
2904605,46.12,56.79,60.5,53.65
2904704,355.65,375.16,374.3,367.76
2904753,69.88,94.21,63.7,78.59
2904803,155.59,170.84,223.5,176.65
2904852,318,345.79,329.7,332.02
2904902,472.06,522.16,499,498.61
2905008,41.53,47.53,57.5,47.48
2905107,170.76,181.16,191.6,179.59
2905156,60.12,61.16,72.7,63.28
2905206,42,52,50.5,47.98
2905305,67.41,91.74,88.4,82.02
2905404,593.06,641.89,594,613.43
2905503,164.41,187.11,184,178.04
2905602,276,304.16,314.3,295.96
2905701,680.59,796.68,710.7,735.09
2905800,487.47,489.47,486.6,488.11
2905909,67.94,95.89,69,79.72
2906006,92.82,127.21,85.3,105.39
2906105,65.24,76.11,75.3,71.91
2906204,54.71,73,67.9,65.13
2906303,371.82,449.42,408.8,411.91
2906402,206,216.42,219.7,213.28
2906501,682.53,777.42,707.6,727.17
2906600,41.94,42,45.6,42.76
2906709,65.76,77.42,102.4,78.54
2906808,128.18,146.42,121.9,134.35
2906824,143.18,183.58,120.7,154.98
2906857,121.29,122.89,151.2,128.46
2906873,117.71,121.32,137.1,123.41
2906899,66.35,59.11,80.6,66.46
2906907,307.47,285.11,288.9,294.2
2907004,568.47,682.11,549.1,611.2
2907103,50.06,47.58,75.1,54.48
2907202,59.94,80.21,68.5,70.17
2907301,252.53,256.26,262.3,256.2
2907400,80.29,93.79,105.2,91.28
2907509,489.82,595.47,510,537.85
2907558,59.41,89.58,78.2,75.96
2907608,56.76,62.95,53.1,58.52
2907707,77.76,105,72.7,87.91
2907806,196.47,250.16,210.7,221.74
2907905,182.94,203.84,198.9,195.04
2908002,288.59,333.58,311.6,312.17
2908101,68.35,81.47,85.3,77.46
2908200,388.59,427.84,395.5,406.3
2908309,395.47,398.79,378.4,393.13
2908408,146.88,175.68,170.2,163.85
2908507,367.18,430.89,400.4,400.72
2908606,573.18,677.37,576.1,616.85
2908705,54.18,56.79,71.8,59.09
2908804,60.35,79.16,71.7,70.59
2908903,324.06,391.26,349,357.24
2909000,45,57.68,71.2,55.93
2909109,58.82,60.26,82,64.46
2909208,202,252.53,233.9,229.8
2909307,74.18,80,101.7,82.57
2909406,75,83.32,81.8,79.91
2909505,277.53,267.84,289.4,276.11
2909604,309.65,342.37,342.4,330.28
2909703,81.76,90.89,84,86.02
2909802,327.59,365.84,343.7,346.89
2909901,74.53,107.16,58.6,84.54
2910008,199.12,198.58,227.6,205.09
2910057,680.59,796.68,710.7,735.09
2910107,48.41,69.95,62.8,60.43
2910206,501.53,515.21,501.3,507.13
2910305,216.71,206.05,212.1,211.3
2910404,87.71,88.11,110.2,92.76
2910503,535.47,655.11,538.8,585.61
2910602,558.24,658.21,537.2,594.96
2910701,162.82,201.16,158.4,177.7
2910727,226.29,254.95,250.6,243.41
2910750,215.29,255.11,217.8,232.28
2910776,59.71,45.58,71.4,56.41
2910800,258.59,302.47,257.5,276.48
2910859,171.82,215.05,186.5,192.87
2910909,186,223.47,230.8,211.22
2911006,230.29,280.37,264.9,258.5
2911105,80.24,110.58,83.3,93.43
2911204,453.12,448.47,426.9,445.5
2911253,114.12,124.58,141,124.28
2911303,47.76,57.58,70,56.65
2911402,104.71,150.11,129.2,128.78
2911501,283.88,279.95,304.5,286.74
2911600,340.24,379.32,345.5,357.52
2911659,44.18,53.74,65.6,52.78
2911709,41.24,43.84,48.5,43.89
2911808,210.88,204.89,211.7,208.59
2911857,204.88,224,203.3,212.43
2911907,96.41,95.74,100.9,97.11
2912004,44.29,51.37,55.6,49.67
2912103,280.47,319.26,305.8,302
2912202,124.53,155.79,149.7,142.91
2912301,223.94,258.16,256.8,245.22
2912400,48.88,55.84,55.1,53.11
2912509,58.18,76.47,68.9,68.07
2912608,120.06,124.79,112.4,120.35
2912707,349.06,351.63,342.9,348.78
2912806,199,194.89,191.9,195.76
2912905,309.24,288,306.3,299.83
2913002,57.18,67.95,68,63.98
2913101,51.71,57.32,46.3,52.85
2913200,60.41,79.84,88,74.43
2913309,187.71,201.11,199.4,195.78
2913408,43.29,51.37,49.9,48.07
2913457,491.24,507.32,471.8,493.65
2913507,192.29,208.47,232.2,207.65
2913606,413.41,406.11,419.6,411.74
2913705,342.29,388.42,359.1,365
2913804,214.24,215.79,223.9,216.98
2913903,242.59,219.53,265.5,238.04
2914000,141.94,139.63,165,146
2914109,53.76,62.37,64.8,59.72
2914208,147.94,148.42,141.8,146.8
2914307,99.12,111.63,111.7,107.02
2914406,149.18,170.68,170.9,162.78
2914505,294.29,347.95,311.8,320.26
2914604,47.82,57.95,46.5,51.72
2914653,298.12,281.11,281.6,287.5
2914703,121.88,112.53,121.9,118.02
2914802,336.94,349.32,333.2,341.24
2914901,433.29,433.42,445.9,436.09
2915007,115.06,132.58,138.6,127.41
2915106,155.71,144.11,169,153.8
2915205,201.18,196.58,226.7,204.83
2915304,202.35,226.21,224.5,217.02
2915353,52.59,58.95,55.2,55.78
2915403,185.82,222.79,221.1,208.76
2915502,310.82,335.79,338.4,327.13
2915601,273.24,247.42,242.2,255.83
2915700,330.29,304.68,336.4,321.04
2915809,146.82,155.32,191.3,160
2915908,622.76,754,605.9,673.3
2916005,213.47,211.42,219.1,213.85
2916104,734,801.84,745.7,764.57
2916203,291.29,334.47,304.6,312.02
2916302,229.59,257.26,260,247.63
2916401,183.18,199.79,222.2,198.52
2916500,227.29,270.84,256.5,251.63
2916609,258.53,270.89,284.3,269.24
2916708,246.59,233.79,254.4,243
2916807,162.94,170.84,185.1,171.02
2916856,126.35,122.26,134.7,126.48
2916906,159.35,158.47,151.7,157.33
2917003,129.35,157.89,138.4,143.11
2917102,178.65,206.47,225.1,200.24
2917201,62.88,84.74,71.4,73.76
2917300,559.65,564.68,535.6,556.5
2917334,43.35,38.53,68.4,46.8
2917359,85.59,98.16,105.2,95.04
2917409,48.59,46,55.9,49.11
2917508,163.71,184.89,190.5,178.28
2917607,204.94,190.37,220,202.2
2917706,120.47,151.11,113.8,131.67
2917805,663.76,676.26,661.1,668.35
2917904,566.59,662.74,597,612.91
2918001,135.47,130.37,148.4,136.17
2918100,145.76,200.95,160.9,171.85
2918209,313.88,298.89,299,304.46
2918308,224.59,208,247,222.61
2918357,46.24,61.79,48.3,53.11
2918407,59.12,67.05,58.1,62.17
2918456,241,229.84,229.1,233.8
2918506,47.47,57.74,47,51.61
2918555,277.18,303.58,310.1,295.24
2918605,88.88,114.42,108.8,103.76
2918704,139.59,133.47,139.8,137.11
2918753,40.94,48.42,52.5,46.54
2918803,424.94,423,415.7,422.13
2918902,147.76,166.11,160.6,158.13
2919009,141.06,138.89,136.2,139.11
2919058,143.35,150.32,141.7,145.87
2919108,207.53,225.26,229,219.52
2919157,50.94,58.11,40.8,51.7
2919207,734.12,827.16,743.9,774.67
2919306,165.18,203.53,171.8,182.46
2919405,45.47,47.95,52.9,48.11
2919504,42.88,58.21,53.8,51.59
2919553,133.76,128.47,144.6,133.93
2919603,156.35,140.11,166.6,151.87
2919702,133,145.11,134.4,138.3
2919801,48.47,70.47,68.3,61.87
2919900,75.94,103.26,87.4,89.72
2919926,671.06,798,715.8,733.22
2919959,48.47,59.11,63.6,56.15
2920007,140.53,149,140.6,144.04
2920106,160.53,169.74,177.7,168.07
2920205,47.59,38.26,68.3,48.24
2920304,41.47,56.95,56,51.02
2920403,74.35,77.32,85.7,78.04
2920452,81.47,97.11,79.3,87.46
2920502,96.47,110.84,114.8,106.39
2920601,579.18,595.89,571.4,584.39
2920700,454.65,466.79,466.5,462.24
2920809,110.71,118.16,127.1,117.35
2920908,302.65,346.74,339.6,328.89
2921005,638.35,765.89,640.3,691.46
2921054,41.12,51.74,50.2,47.48
2921104,199.88,208.95,207.8,205.35
2921203,129,152.26,141.4,141.3
2921302,157.35,153.42,164,157.17
2921401,99.59,126.21,119.4,114.89
2921450,61.47,66.74,73,66.15
2921500,129.82,155.68,138.7,142.43
2921609,62.18,78.68,82.6,73.43
2921708,75.29,91.53,99.2,87.2
2921807,55.41,48.68,64.1,54.52
2921906,130.24,167.84,167,153.76
2922003,222.12,209.89,224.3,217.54
2922052,123.06,139.05,119.1,128.8
2922102,170.24,171.26,193.7,175.76
2922201,559.29,594.63,563.1,574.72
2922250,67.06,86.42,76.8,77.17
2922300,377.65,421.37,388.9,398.15
2922409,313.88,298.89,299,304.46
2922508,599.47,611.47,579.9,600.17
2922607,580.82,592.05,560.8,581.11
2922656,126.82,149.79,130.3,137.07
2922706,187.29,216.58,243.7,211.65
2922730,123.29,135.05,149.3,133.8
2922755,363.53,349.89,349.4,354.83
2922805,133.82,119.63,130.1,127.15
2922854,127.71,145.32,134,136.35
2922904,180.59,209.95,201.1,197.17
2923001,259,244.47,251,251.26
2923035,63.59,82.53,87.4,76.59
2923050,177.59,233,211,207.74
2923100,218.88,244.21,245.6,235.15
2923209,57.41,74.37,64.4,65.93
2923308,315.41,375.21,355.2,348.76
2923357,61,82.11,71.2,71.93
2923407,42.65,41.53,49.7,43.72
2923506,147.47,186.79,156,165.57
2923605,54.35,86.05,63.9,69.52
2923704,56.53,74.84,78,68.76
2923803,268.94,314.53,286.3,291.54
2923902,252,283.21,288.4,272.8
2924009,137.88,185.79,170,164.65
2924058,137.29,137.53,154.7,141.17
2924108,336.76,407.32,373.5,373.89
2924207,168.88,219.63,212.9,199.41
2924306,97.06,116.42,129.2,112.04
2924405,72.53,85.37,54.8,73.98
2924504,46.24,47.74,48.4,47.33
2924603,168.47,214.16,198.3,193.83
2924652,137.06,133.21,163.6,141.24
2924678,471.71,480.42,450.7,470.74
2924702,46.59,63.74,74.8,59.8
2924801,128.71,153.58,156,144.91
2924900,117.94,116.53,121.9,118.22
2925006,139.65,144.32,185.1,151.46
2925105,129.18,136.26,159.7,138.74
2925204,570.47,692.74,580.8,623.22
2925253,154.29,175.32,168.5,166.07
2925303,331.65,342.37,319.5,333.43
2925402,244.59,277.63,267.7,263.26
2925501,342.18,310.74,345.8,329.98
2925600,50.24,57.89,51.6,53.7
2925709,42.41,55.05,63.1,52.13
2925758,383.18,388.05,364.7,381.17
2925808,119.82,132.53,128.4,126.93
2925907,150,180.11,164.5,165.59
2925931,134.47,148.63,154.9,144.76
2925956,169.24,160.21,195.3,171.17
2926004,63.06,90.95,73.9,76.93
2926103,130,148.74,150.5,142.2
2926202,66.65,84.53,80.6,77.07
2926301,153.35,153,177.4,158.43
2926400,41.88,52.63,56.8,49.57
2926509,195.59,212,209.3,205.35
2926608,182.47,210.21,201.4,198.04
2926657,110.59,126.37,130.7,121.48
2926707,72.53,114,90.5,93.57
2926806,40.47,51,61.9,49.48
2926905,74.53,94.47,93.2,86.83
2927002,383.41,437.16,431.2,416
2927101,80.53,118.53,96.1,99.61
2927200,157.88,149.58,156.6,154.17
2927309,676.53,763.84,731.3,724.5
2927408,722.94,860.58,759.2,787.67
2927507,241.41,273.95,253.9,257.57
2927606,152.82,198.58,204.6,182.98
2927705,337.88,379.79,356,359.13
2927804,199.76,256.84,240.5,232.2
2927903,197.18,188.63,194,192.96
2928000,126.71,149,146,140.11
2928059,349.59,407.37,378.6,379.76
2928109,59.82,71.26,84.5,69.91
2928208,59.88,75.21,74.5,69.39
2928307,251.53,288.58,278.3,272.65
2928406,76.35,98.53,76,85.43
2928505,172.94,176.95,192.1,178.76
2928604,475.12,522.63,507.4,501.76
2928703,456.82,469.84,477.6,466.72
2928802,266.41,281.89,287.3,277.35
2928901,86.82,115.89,124.5,107.02
2928950,121.41,141.68,144.4,134.78
2929008,412.41,467.95,455.2,444.65
2929057,55.82,72.21,82.4,68.37
2929107,534.76,561.05,497.3,537.48
2929206,624,726.95,662.7,674.93
2929255,47.88,59.89,46.6,52.57
2929305,321.88,374.63,339.9,347.59
2929354,309.94,323.95,312.5,316.28
2929370,120.47,129.16,141.9,128.72
2929404,311,301.47,308.2,306.46
2929503,608.12,711.89,637.9,657.46
2929602,314.71,328,306.4,318.39
2929701,211.88,239,224.3,225.78
2929750,609.53,696.63,638.5,651.8
2929800,173.65,207.26,192.8,191.7
2929909,81.76,97.26,102.7,92.72
2930006,37.82,45.42,55.1,44.72
2930105,169.71,214.16,176.3,189.5
2930154,47.88,60.32,62.1,56.11
2930204,50.71,71.37,69.8,63.39
2930303,63.88,74.89,67.5,69.22
2930402,185.65,193.16,203.9,192.72
2930501,180.29,194.47,196.9,189.76
2930600,147.06,152.32,164.6,153.04
2930709,721.59,838.79,770.5,780.63
2930758,57.71,70.37,65.5,64.63
2930766,192.06,248.16,229.4,223.35
2930774,51.12,63.58,53.8,56.85
2930808,87.65,91.84,99.8,92.02
2930907,79,94.74,82.8,86.33
2931004,60,68.11,71.4,65.83
2931053,45.18,65.84,65,58.02
2931103,231.59,257.89,244.2,245.2
2931202,523.65,536.89,502.8,524.59
2931301,150.88,163.58,174.1,161.17
2931350,266.29,241.63,243.1,251.07
2931400,372.18,433.47,410.5,405.83
2931509,166.35,184.11,175.9,175.76
2931608,409.94,395.95,410.2,404.22
2931707,469.18,581.63,499.8,522.28
2931806,59,67.74,96.7,70.8
2931905,150.18,179.84,169.1,166.54
2932002,107.47,142.26,90.9,118.24
2932101,262,251.05,265.6,258.26
2932200,320.82,314.21,343.8,323.09
2932309,315.06,320.79,306.2,315.5
2932408,53.06,60.53,53,56.13
2932457,50.94,75.37,68.9,64.93
2932507,366.41,396.05,386,382.91
2932606,43.12,42.89,55.2,45.65
2932705,367.59,352.11,376.5,363.13
2932804,160.29,169.05,158.8,163.59
2932903,534.59,570.79,564.3,556
2933000,126.29,149.21,141,138.96
2933059,124.41,133.16,145.9,132.7
2933109,157.59,176.11,164.1,166.65
2933158,71.53,99.53,93.2,87.8
2933174,344.53,354.89,321.8,343.87
2933208,720.82,780.58,740.5,749.78
2933257,239.71,241,223.4,236.7
2933307,91.53,80.26,114,91.76
2933406,163.06,161.84,160.1,161.91
2933455,78.82,91.37,75.8,83.35
2933505,311.47,296.16,327.7,308.67
2933604,50.88,62.11,47.5,54.78
3100104,132.41,94.84,101.5,110.17
3100203,112.24,79.05,100,95.87
3100302,123.18,92.21,113.2,108.22
3100401,134.41,101.74,123.1,118.46
3100500,118.47,99.47,128.1,112.72
3100609,110.76,86.53,119.2,102.59
3100708,179.24,124.26,138.1,147.59
3100807,162.47,109.68,131.6,133.96
3100906,148.82,143.21,164.6,149.93
3101003,58.82,72.74,105.1,74.63
3101102,115.47,87.74,109.9,102.8
3101201,160.18,131.37,153.3,146.78
3101300,204.41,184.21,200.7,195.26
3101409,232.12,169.79,184.6,196.04
3101508,130.71,110.74,109.1,117.76
3101607,178.59,130.74,143.3,151.15
3101631,136.41,113.95,133.2,126.43
3101706,134.18,141,137.3,137.67
3101805,100.24,85.11,99.4,93.8
3101904,181.53,126.84,134.9,148.8
3102001,180.35,127.16,149.5,151.67
3102050,167.35,147.74,158.4,157.3
3102100,127.59,113.84,138,124.17
3102209,122.12,89.68,114.7,107.11
3102308,133.41,95.68,115.7,113.98
3102407,131.82,86.58,122.7,111.15
3102506,118.94,104,111.6,111.17
3102605,210.59,166.74,179.2,185.65
3102704,65.18,71.37,94.7,74.15
3102803,142.76,104,131.2,124.24
3102852,107.06,85.63,122.1,101.48
3102902,135.24,124.32,127.2,128.98
3103009,132,109.53,129.8,122.24
3103108,179.59,143.89,134.7,155.09
3103207,100.24,59.47,84.3,79.93
3103306,142.71,138.11,137.5,139.67
3103405,46.59,49.05,61.1,50.76
3103504,130.65,121.95,120.2,124.78
3103603,164.94,134.74,157.2,150.78
3103702,134.76,116.21,116.8,123.2
3103751,132.59,119,113.9,122.91
3103801,144.24,99.79,132.7,123.37
3103900,119.88,76.68,103.1,98.39
3104007,168.29,134.16,126.2,145.04
3104106,199.35,154.26,168.7,174.07
3104205,144.65,102.11,121.2,121.98
3104304,182,129,151.2,153.41
3104403,131.53,111.11,118.4,120.24
3104452,94.82,83,111.3,93.52
3104502,95.29,77.84,99,88.89
3104601,137.94,123.21,126.6,129.39
3104700,133.76,112.11,162.4,131.04
3104809,74.24,65.37,72.7,70.24
3104908,170.18,141.68,159.2,156.02
3105004,108.88,60.11,87.3,84.04
3105103,157.65,111.53,123.1,131.09
3105202,137,148.32,136.5,141.57
3105301,197.12,135.74,174.3,166.8
3105400,118.41,79.84,113.6,101.43
3105509,175.65,136.32,143.7,152.46
3105608,126.24,114.53,128.1,121.8
3105707,133.59,88.84,121.3,112.43
3105905,124.12,106.42,120.5,116.02
3106002,126.88,91.05,121.3,110.87
3106101,142.88,126.74,144.6,136.59
3106200,143.94,100.37,130.5,123.02
3106309,122.65,97.05,129.4,113.54
3106408,122.59,80.68,112.2,103.02
3106507,46.65,45.11,69.5,50.98
3106606,185.82,187.05,190.5,187.35
3106655,56.41,66,91.9,68.09
3106705,123,89.89,115,107.59
3106804,151.71,119.68,135.5,134.96
3106903,147.82,123.58,133.1,134.61
3107000,130.18,79.11,103.5,103.28
3107109,165.53,114.95,132.9,137.54
3107208,222.82,206.74,211.5,213.72
3107307,68.35,56.74,70.9,64.11
3107406,122.94,78.26,101.8,99.89
3107505,176.35,146.63,163.3,161.24
3107604,197.53,136.47,153.3,162.7
3107703,104.82,71.79,107.1,91.67
3107802,119.06,107.11,131.8,116.89
3107901,195.06,144.68,161.7,167
3108008,143.29,98.11,123.3,120.28
3108107,120.71,84.37,122.2,106.02
3108206,90.24,78.95,84.6,84.35
3108255,67.24,64.47,88.2,70.65
3108305,193.53,143.47,161.2,165.83
3108404,189.35,147.68,182.7,170.7
3108503,54.59,58.42,69.4,59.39
3108552,82.65,65.89,58.9,70.57
3108602,70.76,61.37,86.5,70.3
3108701,124.76,107.16,114.7,115.3
3108800,110.35,83.05,120,101.17
3108909,178.76,127.74,163,154.26
3109006,125.59,95.42,122,112.35
3109105,227.47,166.21,172.7,190.26
3109204,81.71,67.37,76.9,74.74
3109253,121.29,98.21,132.3,114.15
3109303,124.65,100.11,116,112.63
3109402,62.53,55.42,56,58.17
3109451,125.29,108.68,115.2,116.24
3109501,188.47,149.32,175.8,169.54
3109600,101.47,64.53,85.7,82.78
3109709,182.47,133.47,157.3,156.76
3109808,142.82,142.21,122.2,138.09
3109907,98,62,81.1,79.46
3110004,107.29,77.68,110,95.65
3110103,168.65,149.32,148.7,156.33
3110202,118.88,104.79,115.6,112.35
3110301,200.94,137.11,180,170.02
3110400,148.18,102.68,116,122.39
3110509,244.06,180.05,189.7,205.8
3110608,195.94,144.95,174.1,170.13
3110707,150.71,118.05,128.2,132.33
3110806,117.41,82.74,124.5,104.63
3110905,168.18,117.11,126.2,137.96
3111002,191.53,131.74,173.2,162.85
3111101,137.41,140.11,124.3,135.67
3111150,60.82,60.95,74.1,63.76
3111200,153.47,104.21,132,128.46
3111309,172.18,123.05,140.7,145.04
3111408,175.06,152.32,133.4,156.61
3111507,173.71,115.95,140.9,142.72
3111606,167.59,119.68,141.8,142.2
3111705,119.71,106.58,118.6,114.04
3111804,141,120.63,117.2,127.41
3111903,150,98.32,129.6,124.22
3112000,150.47,100.58,124.8,124.28
3112059,113.06,86.53,114.5,102.41
3112109,165.18,155.42,154.6,158.85
3112208,136.76,109.05,136,125.15
3112307,89.29,83.16,107.9,90.8
3112406,191.59,139.68,137.8,158.46
3112505,96.65,62.95,84.8,80.15
3112604,138.35,141.21,118.8,135.28
3112653,93.12,80.79,87.9,86.89
3112703,46.47,41.84,60.1,47.52
3112802,162.82,114.84,126.3,135.07
3112901,117.82,93.53,106.5,105.33
3113008,101.12,96.89,126.6,104.91
3113107,133.18,95.32,121,114.89
3113206,130.29,106.89,128.3,120.2
3113305,163.65,148.21,143.9,152.98
3113404,112.94,106.26,123.5,112.48
3113503,67.47,59.53,73.4,65.48
3113602,181.65,128.79,147,152.28
3113701,124.94,138.47,136.4,133.02
3113800,126.71,86.53,123.5,109.41
3113909,135.82,100.42,109.5,115.48
3114006,134.18,97.63,110.8,114
3114105,169,132.47,159,151.74
3114204,123.71,89.79,106.6,105.98
3114303,141.12,96.11,126.9,119.43
3114402,175.29,120.37,137.5,144.39
3114501,141.35,101.68,122.7,120.91
3114550,155.29,133,146.2,144.11
3114600,139.65,96.05,122.4,117.89
3114709,183.88,142.32,150.5,159.46
3114808,191.82,166.84,171.3,177.04
3114907,132.47,93.95,117.2,113.24
3115003,133.76,114.37,105.2,119.54
3115102,183.06,133.16,138.8,152.83
3115201,132.41,100.95,100,112.37
3115300,164.76,132.89,141.4,146.52
3115359,134.12,94.53,117.6,114.17
3115409,126.71,93.16,108.6,108.91
3115458,120.06,109.95,144.2,121.13
3115474,37,39.21,40.6,38.7
3115508,165.24,125.42,154.4,146.43
3115607,141.24,95.42,128.3,119.5
3115706,106.47,82.89,108.5,97.17
3115805,137.76,118.68,121,126.24
3115904,148.18,121.53,131.6,133.57
3116001,128.47,101.05,117.5,114.76
3116100,51.59,54.16,79.8,58.78
3116159,100.12,76.05,112.9,92.96
3116209,137.41,114.84,122.8,124.91
3116308,132.88,114.05,132.4,125
3116407,201.88,153.58,157.5,172.28
3116506,77.53,65.89,73.8,71.91
3116605,128.71,91.47,110.6,109.39
3116704,132.29,117.11,120,123.35
3116803,109.53,86.37,114.3,101
3116902,157.59,152.68,122.8,148
3117009,58.88,60.74,69.7,62
3117108,185.88,130.11,145.3,154.02
3117207,194.35,134.79,169.3,164.3
3117306,170.18,135.63,132.7,147.76
3117405,122.29,88.79,106.7,105.07
3117504,133.41,86.26,114.1,109.74
3117603,110.47,69.32,93.9,89.87
3117702,162.88,122.89,148.5,143.24
3117801,184.29,130,167.2,158.15
3117836,58.82,61.16,75.6,63.43
3117876,95.76,61.05,96.6,81.61
3117900,187.94,141.26,158.1,162.17
3118007,126.12,84.26,108.9,105.09
3118106,120.12,74.58,99.6,96.85
3118205,184.35,140.74,130.2,154.57
3118304,127.24,87.53,115,108.17
3118403,97.12,77.42,98.3,89.24
3118502,180.65,133.53,165.3,157.85
3118601,130.06,92.37,125.4,113.48
3118700,159.18,113,125.8,132.85
3118809,69.47,64.26,75.3,68.59
3118908,90.06,60,78.4,75.11
3119005,167.53,121.16,126.5,139.46
3119104,82.88,58.89,71.2,70.43
3119203,109.94,84.79,109.7,99.5
3119302,129.59,96.68,102.9,110.2
3119401,125.76,101.95,131.3,117.13
3119500,48.71,47.47,62.4,51.17
3119609,148.18,121.53,131.6,133.57
3119708,126.18,99.84,100.8,109.78
3119807,161.41,116.89,131.4,136.5
3119906,200.29,147.05,170,171.72
3119955,150.41,100.16,122.3,123.54
3120003,119,100.74,123.2,112.37
3120102,100.65,73.11,95.7,88.2
3120151,148,145.68,149.8,147.43
3120201,162.24,110.95,132.6,134.61
3120300,65.24,44,73,58.15
3120409,130.06,95.16,118.9,113.22
3120508,197.82,136.37,182.8,169.17
3120607,133.06,100.26,122.5,117.22
3120706,140.88,111.47,126.4,125.59
3120805,147.88,110.42,143.5,131.46
3120839,106.94,86,117.9,100.67
3120870,63.06,69.16,93,72.09
3120904,83.94,57.42,75.9,71.24
3121001,109.06,74.58,97.8,92.37
3121100,191.06,144.84,162.8,165.83
3121209,182.47,130.42,137.6,151.22
3121258,181.88,127.21,139.1,150
3121308,137.29,116.89,131.7,127.65
3121407,137.94,102.37,117.5,118.8
3121506,139.53,122.89,145.4,133.93
3121605,92.41,74.68,88.6,84.26
3121704,134.41,101.74,123.1,118.46
3121803,125.18,99.42,120.5,113.52
3121902,120.35,106.79,109.7,112.43
3122009,151.24,139.68,138.7,143.74
3122108,92.24,78.37,90.3,86.09
3122207,111.47,95.74,109.9,104.63
3122306,126.94,91.42,112.2,109.07
3122355,70.12,74.37,105.5,79.57
3122405,189.76,132.53,167.5,161.28
3122454,107.53,113.95,113.4,111.46
3122470,108.29,80.37,81.9,91.02
3122504,109.65,89.95,114.4,102.54
3122603,130.06,89.79,123.5,112
3122702,131.41,85.11,117.1,109.17
3122801,179.18,134,167.5,157.98
3122900,137.94,123.21,126.6,129.39
3123007,124.12,106.42,120.5,116.02
3123106,118.12,82.84,123.1,104.63
3123205,135.24,90.95,120.7,113.78
3123304,128.65,118.26,121.3,122.76
3123403,154.88,110.68,121.8,129.43
3123502,137.94,107.37,99.3,116.91
3123528,130.24,106.63,121.2,118.52
3123601,159.24,127.37,120.3,137.61
3123700,101.59,92.53,100.8,97.67
3123809,73.29,56.42,67.4,65.04
3123858,113.18,105.95,125.7,112.91
3123908,127.88,89.74,106.6,107.5
3124005,138.71,119.21,121.5,126.91
3124104,109.35,75.11,97,92.52
3124203,165.18,155.42,154.6,158.85
3124302,38.59,46.84,50.4,44.57
3124401,185.88,133.16,145,155.22
3124500,191.06,140.63,164.3,164.41
3124609,133.71,105.84,110.7,117.2
3124708,151.24,105.32,132.7,128.24
3124807,148.41,114.74,98.5,123.65
3124906,176.24,142.95,145.2,155.74
3125002,153.29,129.42,134.8,139.41
3125101,266.06,184.74,200.4,218.2
3125200,173.18,128.42,140.8,147.65
3125309,163.65,148.21,143.9,152.98
3125408,103.35,77.11,102.1,92.24
3125507,100.71,74.11,99.4,89.43
3125606,137.65,140.16,159,143.33
3125705,91.88,64.37,85.6,79.15
3125804,101.59,92.53,100.8,97.67
3125903,127.76,95.26,130.9,115.02
3125952,139.12,121.16,115,126.46
3126000,120.82,80.21,109.1,101.5
3126109,151.47,100.79,120.9,123.89
3126208,117.06,97.95,128.1,111.57
3126307,191.41,130.95,149.6,157.35
3126406,101.24,64.84,81.4,81.89
3126505,44,49.37,71.7,52.24
3126604,72.41,55.11,66.5,63.98
3126703,57.29,40.47,61.1,51.17
3126752,119.41,92.16,129.3,110.3
3126802,123.82,96.68,132,114.39
3126901,104.29,78.84,112.6,95.59
3126950,106.29,83.79,114.9,98.87
3127008,156.18,148.68,134.9,148.46
3127057,140.59,146.32,155.9,146.28
3127073,52.47,61.74,66.6,59.37
3127107,150.59,148,122.7,143.46
3127206,94.29,58.74,80.6,76.63
3127305,92.35,76.58,88.9,85.09
3127339,38.12,43.47,51.3,43.2
3127354,70.18,58.63,72.1,65.83
3127370,101.47,77.53,99.7,91.2
3127388,142.76,126.68,133.3,134.07
3127404,203.88,143.05,177.1,172.93
3127503,111.41,93.63,118.7,105.65
3127602,102.41,66.11,87.8,84.24
3127701,99.82,85.68,102.9,94.65
3127800,64.18,50.47,71.5,60.11
3127909,134.18,106.95,100.5,115.61
3128006,116.29,81.95,113.2,101.43
3128105,166.35,112.95,125.9,135.5
3128204,125.94,106.58,120.3,116.72
3128253,73.06,56.79,71.1,65.91
3128303,205.82,152.47,170.4,176.09
3128402,131.35,122.84,128.7,127.26
3128501,145.47,114.89,133.4,130.22
3128600,113.35,89.84,100.8,100.91
3128709,198.88,138.58,168.1,167.28
3128808,153.94,130.84,135.3,140.35
3128907,139.53,110.58,128.3,125.13
3129004,155.59,128.84,127.4,138.41
3129103,125.35,122.05,123.1,123.5
3129202,181.41,130.95,148.1,153.33
3129301,112.53,99.26,126.4,110.07
3129400,131.76,116.53,122.3,123.41
3129509,169,122.68,127.8,140.91
3129608,60.35,59.84,62.9,60.7
3129657,52.18,43.74,70.1,52.59
3129707,200.65,152.42,154,170.59
3129806,133.41,99.21,123.4,117.11
3129905,212.65,159.47,176.6,182.85
3130002,143.18,96.47,117.5,118.3
3130051,67.12,56.63,78.3,65.22
3130101,123.06,81.84,118.7,105.09
3130200,117.29,83.58,98.9,99.37
3130309,150.12,115.11,122.3,129.61
3130408,141.18,98.21,116.3,118.02
3130507,169.65,115.89,136.7,140.28
3130556,115.59,103.74,117.4,111.09
3130606,196.71,145.26,164.2,168.39
3130655,54.82,58.21,67.3,58.93
3130705,149.24,122.16,101.4,127.65
3130804,143.06,100.05,120.6,120.41
3130903,113.24,95.47,110.8,105.37
3131000,98.65,62.74,80.4,79.85
3131109,82.53,63.16,77.4,73.41
3131158,118.88,97,132.9,112.89
3131208,126.71,93,111.3,109.43
3131307,125.76,101.95,131.3,117.13
3131406,132.41,141.68,129,135.5
3131505,195.12,136.05,174.9,166.33
3131604,148.41,117.74,112.2,127.87
3131703,116.18,75.79,122.2,100.8
3131802,115.35,90.26,122.8,106.61
3131901,134.12,98.68,121.2,116.67
3132008,71.71,53.32,71,63.96
3132107,43.41,47.42,63.1,49.35
3132206,127.53,84.95,114.5,107.11
3132305,122.29,111.26,142.1,122.04
3132404,195.94,129.89,168.3,162.65
3132503,88.24,75,101,85.54
3132602,141.18,117.63,129.5,128.91
3132701,120.18,90.89,131.2,110.48
3132800,133.53,90.26,138.9,116.83
3132909,212.12,163.74,171.7,183.35
3133006,203.53,186.79,199.7,195.78
3133105,175.94,130.58,162.3,154.24
3133204,94.06,83.47,88.9,88.57
3133303,62.29,53.37,63.8,58.93
3133402,148,150.42,119.7,142.85
3133501,143.53,105.21,111.2,120.67
3133600,259.82,178.11,194.6,211.89
3133709,133.06,84.95,113,108.83
3133758,181.12,124.53,134.3,147.57
3133808,130.71,84,101.7,105.11
3133907,130.29,93.47,110.4,110.76
3134004,52.35,52,52.5,52.24
3134103,107.18,85.89,103.7,97.63
3134202,130.18,118.47,115.4,122.13
3134301,143.65,97.47,115.9,118.54
3134400,137.88,129.37,137.9,134.37
3134509,139.12,96.53,121.3,117.65
3134608,111.82,57.37,106.4,88.15
3134707,139.35,145.58,140.3,142.13
3134806,198.59,134.79,152.3,162.17
3134905,234,169.95,185,196.89
3135001,130.35,109.42,124.8,120.5
3135050,36.29,42.58,48.2,41.48
3135076,102.29,75.84,108.1,92.63
3135100,36.76,47.74,35.3,40.98
3135209,63,55.63,81.4,63.96
3135308,144.29,101.89,119.6,121.41
3135357,65.71,50.68,74.6,61.43
3135407,127,84.16,110.4,105.7
3135456,47.06,52.68,71.2,54.63
3135506,123,87.74,113.8,106.43
3135605,63.29,52.89,66.6,59.72
3135704,97.88,60.42,78.2,78.13
3135803,112.53,125.53,121.3,119.8
3135902,173.88,131.58,156.7,152.67
3136009,108.24,124.37,120.2,117.5
3136108,123.18,86.53,130,109.52
3136207,128.82,94.84,116.1,112.02
3136306,105.88,73.84,85.6,88.24
3136405,75.88,61.84,63.4,67.37
3136504,136,148.05,131.7,140.04
3136520,49.47,50.32,75.8,55.54
3136553,116.29,86.37,125.1,105.85
3136579,53.06,45.11,68.9,53.22
3136603,102.88,62.26,102.6,86.04
3136652,118.59,76.42,112.3,99.8
3136702,149.18,120.89,140.1,135.52
3136801,65.59,58.89,69.4,63.65
3136900,198.12,139,158.2,165.02
3136959,54.76,43.16,73.6,54.07
3137007,129.47,102.89,146.8,122.26
3137106,121.82,86.47,96.6,101.74
3137205,141.24,98.05,120.9,118.98
3137304,54.41,53.16,57.3,54.52
3137403,132.29,97.63,114,114
3137502,126.59,93.58,115.5,110.54
3137536,107.29,78.84,92.2,92.26
3137601,91.59,54.68,89.6,75.91
3137700,146.82,120.74,143.5,135.33
3137809,181.12,127.37,154.5,153.13
3137908,131.24,101.26,121.3,116.7
3138005,174.94,137.79,152.7,154.76
3138104,78.59,60.95,72,69.87
3138203,148.24,98.89,116.8,121.02
3138302,115.18,74.42,92.9,93.5
3138351,51.59,52.05,74.1,56.67
3138401,146.59,121.05,129.2,132.26
3138500,203.41,172.95,167.8,183.09
3138609,162.94,130.74,159,148.78
3138625,126.76,117.37,139.6,125.67
3138658,61.53,43.79,76.7,57.5
3138674,144.47,126.47,125.5,132.91
3138682,70.12,56.21,93.1,69.37
3138708,135.59,99.95,120.6,117.61
3138807,141.29,106.42,121.5,122.59
3138906,164.94,172.68,179.5,171.3
3139003,183.53,125.89,155.7,153.67
3139102,133.41,94,113.9,112.89
3139201,110.24,90,129.5,106.07
3139250,42.41,44.47,48.9,44.67
3139300,45.76,48.47,66.3,51.35
3139409,120.41,98.42,109,108.85
3139508,146.12,126,131.8,134.7
3139607,117.71,97.95,124.8,111.09
3139706,103.53,69.32,84.2,85.2
3139805,144.29,116.58,121.7,127.93
3139904,196.82,133.42,170.4,164.89
3140001,141.59,95.26,121.7,118.13
3140100,106.59,79.95,117.6,97.98
3140159,119.29,89.16,118.7,106.72
3140209,140.76,115.37,128.2,127.54
3140308,129.82,106.74,125.8,119.41
3140407,191.53,134,164.9,161.98
3140506,112.59,78.16,97.1,95
3140530,139.59,110.58,128.4,125.17
3140555,126.71,130.37,132.7,129.52
3140605,116.82,94.79,119.8,108.37
3140704,128.76,80.79,104.5,103.67
3140803,150.29,119.63,132.8,133.83
3140852,39.12,39.68,58.6,43.59
3140902,122.41,92.05,114.6,108.17
3141009,44.47,45.21,47.6,45.46
3141108,98.06,58.58,89.4,79.87
3141207,151.29,102.42,139.1,128.46
3141306,172.47,124.63,135.8,144.74
3141405,62.41,65.79,71.6,65.8
3141504,106,79.63,111.5,96.3
3141603,133.76,120.16,133,127.98
3141702,123.76,92.42,131.5,112.5
3141801,62.29,65.63,84.3,68.46
3141900,141.18,98.58,129.6,121.07
3142007,66,60.21,75.3,65.63
3142106,158.06,127.37,136.4,140.67
3142205,172.35,141.42,143.2,153.24
3142254,52.94,53.42,71.6,57.2
3142304,127.35,91.05,115.5,109.78
3142403,135.65,88.26,120.7,112.83
3142502,91.12,73.53,83.9,82.28
3142601,162.41,115,126.8,135.09
3142700,60.18,48.26,76.4,58.78
3142809,141,128.58,121,131.52
3142908,39.18,40.79,42.6,40.59
3143005,191.88,149.32,175.9,170.83
3143104,140.12,112.16,99.4,119.72
3143153,93.24,95.21,101.3,95.8
3143203,207.47,154.47,178.2,179.22
3143302,50.47,57.58,63.5,56.24
3143401,245.71,179.63,177.1,203.5
3143450,56.35,55.37,63,57.39
3143500,117.94,77.74,96.6,96.7
3143609,75.24,54.89,76,67
3143708,137.53,83.95,126,112.89
3143807,259.88,183.95,194.7,214.35
3143906,178.12,147.74,148.6,159.15
3144003,118.29,92.37,114,106.65
3144102,195.06,146.16,164.6,168.24
3144201,114.59,82.32,122.7,103.02
3144300,130.47,151.53,147.7,142.91
3144359,114.24,105.42,119.4,111.72
3144375,115.24,92.26,96.9,101.76
3144409,195.88,134.68,162.4,163.33
3144508,134.41,94.47,114.9,113.67
3144607,148.53,107.05,126.7,126.65
3144656,53.88,69.47,95.6,69.39
3144672,126.47,94.79,129.8,114.11
3144706,130.82,92.58,122,113.11
3144805,140.24,103.32,127.6,122.24
3144904,103.88,81.05,112.7,96.37
3145000,165.82,125.26,121.9,139.52
3145059,36.29,42.47,36.9,38.98
3145109,194.76,137.37,147.4,160.76
3145208,113.94,72.74,96.3,93.09
3145307,85.59,74.58,109.5,86.24
3145356,122.53,132.05,148.8,132.17
3145372,53.88,65.32,66.2,61.28
3145406,185.76,153.32,165.9,168.04
3145455,70.76,56.05,73.1,65.2
3145505,173.88,131.58,156.7,152.67
3145604,143,99.89,118.6,119.89
3145703,143.41,125.58,136.4,134.52
3145802,109.12,73.11,94.6,91.09
3145851,124.29,89.89,112.5,107.52
3145877,131.47,116.84,117.3,122.35
3145901,131.06,91.47,110.2,110.17
3146008,209.41,153.11,177.9,179.3
3146107,130.65,87.42,113.7,109.11
3146206,131.82,112.16,144.1,126.37
3146255,52.94,59.05,71.2,59.43
3146305,72.59,69.11,91.2,75.2
3146404,122.35,80.21,106.3,101.46
3146503,150.35,100.89,122.5,123.87
3146552,35.29,38.84,37,37.13
3146602,139.24,131.84,136.2,135.52
3146701,167.41,120.84,143.8,143.04
3146750,198.35,190.47,193.1,193.96
3146909,100.59,60.32,83.8,80.3
3147006,107.65,80,107.2,96.13
3147105,116.59,74.21,97,94.83
3147204,172.12,134.16,139.5,149.35
3147303,180.41,125.95,164.3,154.41
3147402,94.94,58.42,77.2,76
3147501,133.24,92.53,133.9,116.57
3147600,187.35,133.11,155,157.91
3147709,140.94,107.26,120.3,122.54
3147808,222.82,200.26,186.5,205.61
3147907,174.88,127.95,131.8,146.13
3147956,64.47,51.58,72.8,60.96
3148004,127.71,95.32,120.2,112.7
3148103,148.59,117.11,124.5,130.35
3148202,178.71,144.63,144.9,157.28
3148301,117.18,103.32,110.3,109.96
3148400,113.24,89.21,119,104.57
3148509,134.71,137.58,143.8,137.87
3148608,116.59,86.84,112.8,103.48
3148707,99.06,97.63,114,101.72
3148756,130,103,124.1,117.57
3148806,117.47,101.32,111.4,109.48
3148905,144.94,98.68,117.2,119.8
3149002,158.35,144.16,131.7,146.7
3149101,195.65,135.37,174.9,166.24
3149150,49.35,42.58,57.6,48.35
3149200,158.59,124.16,112.7,134.39
3149309,105.29,68.21,103,89.48
3149408,158.59,128.95,152.1,144.93
3149507,148.29,115.32,124.9,129.59
3149606,105.59,69.79,84.2,86.15
3149705,119,76.21,106.4,98.59
3149804,162.53,131.21,127,141.87
3149903,149.76,99.11,131.6,124.89
3149952,105.82,97.58,111.5,103.65
3150000,107.29,81.42,110.7,97.35
3150109,145.94,136.89,134.6,139.74
3150158,115.29,102.37,117.9,110.52
3150208,127.24,82.16,110.3,104.93
3150307,133.88,107.05,116.8,119.09
3150406,129.82,95.47,118.2,113.11
3150505,160.35,101.58,126.9,128.8
3150539,124.24,107.21,136.4,119.85
3150570,63.18,53.68,70.1,60.76
3150604,138.59,104.63,120,120.52
3150703,175.82,154.32,133,157.63
3150802,123.65,104.21,115.7,113.89
3150901,218.71,142.53,192.5,181.54
3151008,197.18,137.11,167.8,165.98
3151107,146,107.84,117.5,124.04
3151206,60.53,57.37,57.2,58.5
3151305,130.59,124.79,129.8,128.02
3151404,103.71,68.79,84.7,85.15
3151503,160.47,109.32,128.9,132.48
3151602,167.47,153.16,133,154.07
3151701,185.82,133.58,163.8,159.46
3151800,207.29,152.74,185.6,180.04
3151909,127.18,91.68,120.2,111
3152006,103.53,72.79,95.3,89.04
3152105,127.35,101.11,121,115.13
3152131,64.71,58.63,59.8,61.13
3152170,71.71,68.47,90.7,74.5
3152204,36.59,41.89,41.5,39.85
3152303,118.53,106.16,113.5,112.33
3152402,128.47,106.05,140.8,121.89
3152501,183.12,137.26,160.5,159.26
3152600,165.47,137.26,153.9,151.3
3152709,128.47,102.79,103.8,112.5
3152808,154.06,145.37,122.8,143.67
3152907,184.29,135.53,136.2,153.7
3153004,175.88,131.42,140.6,149.85
3153103,121.59,103.89,111.3,112.04
3153202,89.35,61.84,80.8,76.13
3153301,121.18,76.53,107.7,99.8
3153400,129.24,92.26,109.3,109.63
3153509,156.35,138.11,145.5,146.46
3153608,97.65,58.42,82.9,78.24
3153707,137.12,96,122.9,117.04
3153806,128.18,92.74,116,110.89
3153905,128,94.63,125.9,113.76
3154002,115.12,92.89,117.3,106.41
3154101,153.59,115.89,133.8,133.72
3154150,138.06,108.74,125.7,123.26
3154200,132.47,102.58,104.4,114.02
3154309,109.47,89.95,121,103.91
3154408,137.12,113.32,139.7,127.85
3154457,78,64.58,91.2,75.33
3154507,45.18,49.79,61.1,50.54
3154606,110.35,74,109.7,95.2
3154705,147,98.89,120.1,121.28
3154804,135.12,95.68,118.8,115.28
3154903,127.24,88.05,112.2,107.78
3155009,130.71,88.47,120.8,111.11
3155108,156.76,142.89,161.3,152.02
3155207,135.41,107.16,126.9,121.89
3155306,130.82,88.05,113.9,109.48
3155405,137.82,121.53,132.2,129.87
3155504,157.12,111.26,139.9,134.43
3155603,51.12,58.68,57.2,55.57
3155702,127.12,89.16,122.3,110.39
3155801,137,121.89,128.5,128.91
3155900,163.53,136.42,154.5,150.37
3156007,101.76,83.53,106.9,95.35
3156106,129.18,107.11,102.4,114.24
3156205,145.76,118.32,130.5,131.11
3156304,136.76,124.89,124.8,129.26
3156403,145.65,113.95,102.4,123.15
3156452,159.47,135.11,137.4,144.61
3156502,52.18,61,67,59.04
3156601,142.76,140.89,137.7,140.89
3156700,122.24,84.11,118.9,105.76
3156809,121.12,89.79,113,106.41
3156908,191.76,156.58,138,165.54
3157005,55.76,66.47,66.7,62.57
3157104,172.12,182.47,177.8,177.63
3157203,134.12,94.53,117.6,114.17
3157252,115.12,106.05,117.4,111.87
3157278,152.18,134.58,160.8,146.78
3157302,140.59,130.05,139,135.89
3157336,128.12,103.53,98.3,111.48
3157377,62.18,66.53,73,66.33
3157401,130.65,85.79,118.5,109.48
3157500,111.65,99.53,115.4,107.46
3157609,66.94,60.42,58,62.3
3157658,178.88,182.37,186.8,182.04
3157708,165.24,127.05,133.2,142.5
3157807,105.18,69.95,108.3,91.3
3157906,123.47,108.74,117.2,116.02
3158003,131.29,97.95,135,118.33
3158102,171.88,159.79,170.5,166.59
3158201,118.12,84.79,125.3,105.91
3158300,165.41,125.74,130.7,141.48
3158409,173.18,139.05,151,154.26
3158508,93.18,62.05,78.8,77.2
3158607,139.94,113.63,127.2,126.3
3158706,145.65,117.47,130.7,130.76
3158805,152.41,103.37,126.5,126.52
3158904,125.24,99.74,112.6,111.96
3158953,128.24,103.68,132.6,119.04
3159001,127.82,75.74,108.7,102.15
3159100,129.94,96.05,114.7,112.63
3159209,203.24,138.74,174.7,170.39
3159308,192.06,163.47,166.8,174.76
3159357,115.35,103.47,121.8,111.85
3159407,141.29,118.32,131.6,129.7
3159506,116.18,84.21,110.2,101.67
3159605,178.71,132.42,161.1,155.76
3159704,167.53,113.47,141.4,139.52
3159803,119.24,112.11,136.9,120.13
3159902,147.53,100.05,128.8,123.85
3160009,126,105.47,108.7,113.76
3160108,126.35,84.26,113.1,106.09
3160207,114.47,86.26,105.7,100.91
3160306,181.65,161,173.6,171.37
3160405,133.76,90.79,114,111.72
3160454,56.53,49.53,52.1,52.67
3160504,134.24,95.47,134.2,118.22
3160603,79.82,62.26,80.4,72.7
3160702,146.53,136.89,127,138.3
3160801,135.06,100.37,113.2,115.98
3160900,126.94,87.53,112.9,107.61
3160959,111.24,101.53,117.1,108.5
3161007,134.65,95.74,112.2,113.7
3161056,102.47,77.05,112,94.04
3161106,58.41,55.84,85.8,63.3
3161205,146.29,101.21,126.8,123.43
3161304,141.59,146.58,129,140.91
3161403,153.71,138.47,132.1,142.72
3161502,133.35,117.05,114.4,122.5
3161601,108.06,95.84,112.7,104.02
3161650,94.53,74.84,90.5,85.52
3161700,117.76,78,90.4,95.39
3161809,115.29,83.37,97.6,98.26
3161908,118.41,80.58,117.5,102.59
3162005,172.18,120.63,141,144.11
3162104,154.18,105.11,140.2,130.87
3162203,172.47,121.74,131.6,142.63
3162252,72.24,68.68,78.7,72.17
3162302,184.06,134.79,163.2,159.17
3162401,51.18,43.21,66.7,51.26
3162450,46.24,49.84,69.4,52.76
3162500,128.88,103.47,97.8,111.63
3162559,121.12,97.26,108.7,108.57
3162575,106.59,89.79,114,101.26
3162609,108.41,96.79,120.2,106.17
3162658,71,61.68,82.4,69.63
3162708,52.76,58,81.6,61.2
3162807,110.29,82.11,108.5,98.26
3162906,136.94,115.42,127.5,126
3162922,118.06,81.21,113.3,101.8
3162948,173.59,119.21,134.7,142.67
3162955,95.76,61.05,96.6,81.61
3163003,113.88,80.42,123.7,102.2
3163102,106.65,67.26,90.4,86.85
3163201,197.18,137.11,167.8,165.98
3163300,119,94.21,122,109.41
3163409,123.18,92.63,115.2,108.83
3163508,110.94,84.11,115.6,100.87
3163607,125.59,102.53,115.5,113.87
3163706,164.53,128.16,148.1,145.93
3163805,118.88,104.79,115.6,112.35
3163904,201.65,139.42,158.5,166.57
3164001,124.06,91.37,113.7,108.3
3164100,115.82,85.47,119.6,104.11
3164209,71.12,60.11,69.7,66.26
3164308,173.12,135.63,139.9,150.41
3164407,178.88,133.26,146.5,153
3164431,171.18,133.63,134.8,147.76
3164472,115,96.26,113.2,106.87
3164506,103.59,80.79,115,96.65
3164605,125.65,92.42,113.5,109.28
3164704,210.29,158.95,161.1,178.39
3164803,131.35,94,139.6,117.72
3164902,171.18,125.84,167.2,151.59
3165008,135.53,100.37,114.7,116.48
3165107,203.59,154.37,148.9,171.37
3165206,159.06,119.89,146.2,140.09
3165305,141.88,102.84,126.1,122.33
3165404,216.12,153.37,177.9,181.89
3165503,110.71,98.11,117.2,106.91
3165537,119.29,89.16,118.7,106.72
3165552,102.88,89.11,121.2,101.17
3165560,136.29,84.32,115.3,110.26
3165578,231.18,167.95,174.5,192.74
3165602,133.82,115.47,119.3,123.09
3165701,119.82,107.53,107.9,112.15
3165800,193,143,160.4,165.26
3165909,86.24,68.32,89.6,79.57
3166006,132.47,111.63,128.7,123.04
3166105,124.65,80.84,121.9,105.96
3166204,137.41,114.26,143.4,129.15
3166303,131.18,97.95,123.4,115.76
3166402,163.35,125.32,154.1,145.63
3166501,111.18,83.95,110.5,99.78
3166600,145.82,100.53,129.4,123.54
3166709,142.35,165.37,158.3,155.33
3166808,148.06,114.47,123.3,128.8
3166907,187.88,131.26,160.6,158.57
3166956,44.53,48.89,53.4,48.26
3167004,156.82,110.79,140.6,134.28
3167103,120.47,79.89,108.4,101.09
3167202,97.35,62.47,82,79.61
3167301,135.06,119.63,131.5,127.91
3167400,180.06,132.58,144.4,152.7
3167509,136.94,108.95,130.6,124
3167608,119.71,95.32,114.5,108.5
3167707,111.29,97.26,115.7,106.46
3167806,167.12,129.84,154.1,148.89
3167905,142,126.84,131.2,133.39
3168002,52.06,60.21,68.4,58.98
3168051,127.47,95.21,112.7,110.93
3168101,179.59,142.95,142.3,156.35
3168200,179.12,127.11,132.5,147.5
3168309,99.29,60.47,96.7,82.7
3168408,110.71,93.05,107.2,102.65
3168507,117.59,106.37,113.8,112.13
3168606,126.94,124.79,145.5,130.09
3168705,132.41,105.21,127.6,120.13
3168804,122.29,104.84,99.6,110.15
3168903,134,85.16,116.3,109.98
3169000,130.18,122.63,124.4,125.8
3169059,196.47,141.89,162.9,166.63
3169109,262.88,184.53,200.2,216.89
3169208,162.29,148.63,138.8,151.54
3169307,139.65,106.16,116.1,120.7
3169356,103.94,70.26,77.3,84.24
3169406,152.18,110.68,127.9,129.76
3169505,92.94,79.53,87.2,86.15
3169604,125.18,119.89,118.7,121.59
3169703,63.29,61.58,74.9,65.11
3169802,183.29,132.68,161.1,157.57
3169901,132.82,123.84,124.9,127.39
3170008,66.29,58.11,75.4,64.89
3170057,113.59,101.63,119.5,109.93
3170107,183.29,137.42,136.2,154.11
3170206,145.29,129.21,117.9,132.7
3170305,164.29,186.32,175.4,175.8
3170404,127.35,105.26,110.5,114.57
3170438,130.29,117.95,143.3,128.02
3170479,103.41,83.74,100.5,94.65
3170503,130.53,85.16,116.4,108.72
3170529,71.29,62.79,69.7,67.43
3170578,119.65,111.42,134.6,119.5
3170602,164.94,113.58,131.3,136.41
3170651,60.94,55.58,68.7,60.41
3170701,152.59,113.84,123.1,130.17
3170750,135.47,84.95,100.9,107.09
3170800,68.59,58.42,61.3,62.8
3170909,49,43.74,66.4,50.61
3171006,115.53,85.47,96.6,99
3171030,40.82,44.63,46.5,43.63
3171071,66,63.05,82.2,68.3
3171105,173.47,145.68,135.1,153.65
3171154,112.24,94.63,115.7,105.72
3171204,109.76,74.53,108.1,94.85
3171303,115.41,106.16,112.8,111.02
3171402,176.18,141.32,140.9,154.11
3171501,105.12,77.21,110.3,94.72
3171600,48.35,45.37,70.3,51.89
3171709,184.76,136.58,170.2,161.7
3171808,112.59,94.84,114.9,105.76
3171907,116.82,78.84,112,100.09
3172004,134.59,119.47,119.4,125.04
3172103,134.53,102.16,108.7,115.54
3172202,217.47,141.37,185.9,179.17
3200102,139.29,128.74,139,134.87
3200136,121.47,115.42,144.6,124
3200169,132.12,115.53,143.9,127.83
3200201,191.29,156.21,175.7,173.41
3200300,306.41,291.05,273.6,292.93
3200359,112.88,106.05,142.6,116.52
3200409,272.06,271.89,247.5,266.65
3200508,199.06,157.79,163,174.17
3200607,196.94,214.47,205.5,206.04
3200706,199,190.11,197.8,195.07
3200805,105.65,89.11,101.6,97.93
3200904,140.71,114.95,145.5,131.11
3201001,140.94,121.42,162.5,137.57
3201100,193.35,155,147.8,167.61
3201159,155.71,153.37,163,156.33
3201209,213.59,199.68,201.1,205.13
3201308,218.88,260.68,196.6,231.3
3201407,202.65,185.74,201.7,195.46
3201506,110,106.26,137.2,114.37
3201605,202.76,176.42,216.7,194.91
3201704,182.76,171,193.2,180.17
3201803,182.41,165.47,169.1,172.52
3201902,205.35,211,208.5,208.37
3202009,168.94,155.74,164.1,162.43
3202108,139.53,120.68,173.5,139.13
3202207,228.65,241.63,221.5,232.46
3202256,113.35,122.95,155.9,126.57
3202306,180.41,157.63,170.9,168.93
3202405,241.53,270.37,215.6,247.8
3202454,152.53,135.16,149.5,144.7
3202504,206.94,212.95,206.8,209.39
3202553,171.59,152.26,163,161.74
3202603,295.12,280.68,287.2,287.43
3202652,165.76,146,159.3,156.2
3202702,121.24,99.21,120,111.87
3202801,210.24,225.68,229.3,220.76
3202900,137.29,126.21,136.2,132.48
3203007,165.76,146,159.3,156.2
3203056,163.71,173.42,199.4,175.48
3203106,201.71,184.21,184,190.63
3203130,181.06,191.53,184.7,186.17
3203163,118,109.16,115.4,113.78
3203205,179.94,201.95,208.5,195.24
3203304,105.41,90.05,114.7,101.09
3203320,215.06,220.42,227.2,219.91
3203346,250.88,249.89,229.5,245.83
3203353,122,122.63,152.7,128.93
3203403,198.71,179.79,186.3,188.2
3203502,142.88,141.37,157.7,145.48
3203601,124.88,125.42,151.3,130.85
3203700,174.29,161.95,173,168.91
3203809,200.71,187.79,192.1,193.5
3203908,136.53,114.63,149.9,130.39
3204005,111.88,112.05,156.9,121.74
3204054,158.47,154.95,165.3,158.5
3204104,148.41,129.05,164.1,143.83
3204203,247.12,241.68,242.2,243.8
3204252,138.24,125.53,155.9,136.83
3204302,197.12,194.95,216.8,200.5
3204351,123.65,135.16,164.1,137.2
3204401,250.47,244.21,244.2,246.52
3204500,206.94,218.47,200,210.2
3204559,151.82,139.74,149.2,146.26
3204609,174.06,173.79,170.3,173.13
3204658,115.53,124.42,163.8,129.7
3204708,121.41,115.68,152.7,125.85
3204807,179.29,157.11,155.8,165.02
3204906,177.06,161.42,203.4,176.33
3204955,146.71,138.89,147.4,143.63
3205002,221.24,254.79,202.9,231.11
3205010,153.94,163.26,184.5,164.43
3205036,262,241.58,235.8,247.87
3205069,180.71,166.42,186.4,176.04
3205101,239.82,247.26,218.9,238.35
3205150,132.12,114.84,148.2,128.48
3205176,129.24,134.63,171,140.54
3205200,222.41,273.68,206.9,240.22
3205309,347.59,320.42,336.7,334
3300100,369.18,407.84,337.6,378.28
3300159,149.06,113.63,119.5,128
3300209,345.59,321.68,335.1,333.43
3300225,159.53,119.05,118.1,133.8
3300233,312.18,292.68,298.7,301.2
3300258,342.18,327.95,327.1,333.02
3300308,177.35,150.68,136.3,157.41
3300407,176.24,139,135.9,152.09
3300456,245.76,250.37,216.3,241.26
3300506,178.18,137.89,174.6,160.76
3300605,189.12,147.11,135.2,160.04
3300704,330.24,297.11,310.4,312.24
3300803,348.12,404.68,350.1,371.91
3300902,143.29,117.63,112.3,125.96
3300936,200.94,214.58,216.5,209.96
3300951,131.65,103.21,124.7,118.39
3301009,139,135.11,127,134.78
3301108,138,114.53,115,123.3
3301157,146.06,118.47,117.5,128.46
3301207,129.24,106.16,102.5,113.89
3301306,340.82,301.11,339.8,324.2
3301405,217.47,214.68,230.6,219.17
3301504,152.94,109.74,139,132.07
3301603,148.41,113,129,129.57
3301702,272.82,230.53,229,245.83
3301801,177.35,147.26,144.2,157.72
3301850,351.29,354.05,365.1,355.43
3301876,342.18,327.95,327.1,333.02
3301900,309.29,316.63,269.5,303.67
3302007,252.76,249.84,235.9,247.89
3302056,153.53,115.89,115.8,129.78
3302106,149.53,122.58,130.4,134.24
3302205,167.24,132.95,124.9,143.87
3302254,196.41,170.95,176.6,181.59
3302270,188.18,152.16,168.3,168.98
3302304,173.59,139.42,133.7,150.8
3302403,241.65,228.53,247.5,237.5
3302452,162.18,127.21,141.6,143.26
3302502,307.94,258.74,280.3,281.61
3302601,251.41,237.16,239,242.83
3302700,295.94,304.58,282.1,296.5
3302809,178.41,148.58,137.6,157.22
3302858,239.53,230,216.4,230.57
3302908,248.76,200.32,202.9,218.78
3303005,167.47,128.95,137.1,144.96
3303104,178.76,151.47,138.2,158.67
3303203,238.65,229,231.9,233.2
3303302,286.71,290.37,252.5,280.78
3303401,354.41,319.74,338.2,336.57
3303500,214,184.37,204.7,199.74
3303609,190.35,162.21,160.4,172.22
3303708,145.35,111.11,113.8,124.35
3303807,311.53,313.37,289.8,307.57
3303856,192.12,163.16,153.5,171.76
3303906,176.76,144.68,144.3,156.46
3303955,182.76,148.79,145.6,160.65
3304003,187,149.37,157.1,164.96
3304102,164.71,151.58,131.9,152.15
3304110,184.82,155.21,147,164.37
3304128,202.53,170.37,154.8,178.87
3304144,234.82,202.32,214.7,217.02
3304151,165.18,190.63,180.2,178.96
3304201,197.12,171.21,166.8,179.83
3304300,333.53,338.32,332.4,335.26
3304409,219.53,174,206.3,197.85
3304508,139.06,127.47,132,132.74
3304524,293.94,271.79,317.7,289.96
3304557,261.35,241.84,242.8,249.26
3304607,187.41,176.79,186.7,182.87
3304706,147.76,116.32,114.5,127.54
3304755,170.76,156.37,154.6,161.3
3304805,141.12,107.68,122.5,123.26
3304904,294.47,299.68,251.1,287.2
3305000,139.18,153.53,137,144.63
3305109,245.76,250.37,216.3,241.26
3305133,146.35,118.21,120.3,129.07
3305158,156.06,117.89,130.5,134.74
3305208,340.82,314.37,329.1,327.35
3305307,154.29,133.53,149.6,144.7
3305406,151.71,125.42,130.7,136.28
3305505,311.94,323.84,300,314.26
3305554,197.06,167.47,187.1,182.67
3305604,400.47,365.16,430.9,392.5
3305703,187.24,153.74,157.9,167.02
3305752,304.88,325.32,289.7,310.02
3305802,297.47,304.89,310.8,303.43
3305901,194.12,173.68,194.4,185.74
3306008,144.88,102.58,117.2,121.39
3306107,159.47,134.32,153.3,147.74
3306156,172.41,153.47,155.1,160.83
3306206,147.59,128.95,124.6,134.89
3306305,185.06,155.84,152.1,165.83
3500105,200.53,176.74,213.2,193.46
3500204,188.47,149.21,160.9,166.26
3500303,189.53,151.21,154.5,166.09
3500402,214.94,166.53,187.6,189
3500501,244.35,182,182.2,205.09
3500550,247.41,205.26,220.5,224.15
3500600,207.41,151.79,168.7,176.02
3500709,235.59,194.63,196.5,210.17
3500758,240.18,173.32,178,199.04
3500808,221,191.53,224.6,209.61
3500907,161.82,153.21,140,153.52
3501004,214.53,160.74,168.7,182.35
3501103,202.29,190.84,187.1,194.26
3501152,258.24,181.63,195.6,212.98
3501202,156.47,157.05,136,152.26
3501301,231.94,205.95,244.7,223.98
3501400,223.06,197.89,198.6,207.35
3501509,248,214.58,239.7,232.39
3501608,222.76,153.95,175.9,184.15
3501707,198.35,156.89,161.8,173.28
3501806,156.65,161.47,138.8,154.76
3501905,228.76,172.37,178.1,194.46
3502002,204.94,157.21,164,176.33
3502101,180.71,169.53,173.1,174.43
3502200,237.53,192.95,198,210.52
3502309,231.12,173.37,181,196.37
3502408,244.35,220.63,268.4,239.78
3502507,196.35,140.79,147.9,162.87
3502606,183.88,159.74,167.6,170.37
3502705,305.35,243.42,268.3,271.72
3502754,267.35,173.53,212.1,216.59
3502804,198.06,173.16,169,181.46
3502903,225.18,161.53,169,186.67
3503000,181.35,122.63,147.4,149.72
3503109,276.65,220.84,220.2,241.33
3503158,201.12,163,151.5,174.59
3503208,191.06,154.58,159.2,169.07
3503307,206.88,163.11,170.8,180.96
3503356,223.65,200.26,209.9,211
3503406,194.59,166.47,165.7,176.7
3503505,200.24,161.21,169,177.33
3503604,230.53,176.89,198,201.3
3503703,190.29,144.58,136.3,159.67
3503802,211.82,155.84,176.5,181.02
3503901,230.82,176.74,183.6,198.22
3503950,171.29,156.79,155.9,161.96
3504008,259.35,223.68,255.7,243.83
3504107,231.29,166,187.8,194.87
3504206,180.59,155.42,158.9,165.48
3504305,222.12,186.26,194.3,201.26
3504404,194.47,170.37,169.7,179.13
3504503,265.35,216,221.6,235.46
3504602,188.35,154.26,149,165.72
3504701,191.12,166.95,184.4,179.67
3504800,177.06,158.16,140.9,161.39
3504909,210.29,208.32,180.7,203.04
3505005,284.18,221.58,276.9,256.74
3505104,184.71,162.21,157.2,169.43
3505203,197.35,170.42,165.1,179.22
3505302,222.06,162.05,187.9,189.85
3505351,293.18,229.58,267.9,261.41
3505401,319.24,266.21,263.9,285.3
3505500,167.88,144,135.6,151
3505609,179.76,139.05,141.3,154.59
3505708,246.76,184.74,190.1,208.83
3505807,221.35,207.47,218.8,215.07
3505906,197.76,153.26,161.3,171.46
3506003,228.18,189.21,190.4,203.87
3506102,179,146.74,132.7,155.61
3506201,199.71,170.58,194.1,186.46
3506300,280.59,231,238.1,250.87
3506359,539.94,475.32,513.2,507.43
3506409,186.18,172.26,177.7,178.59
3506508,184.18,178.47,168.3,178.37
3506607,416.24,361.63,374.5,384.61
3506706,191.29,154.68,161.5,169.7
3506805,203.29,183.42,168.2,187.46
3506904,230.59,198.16,193.5,209.13
3507001,226.65,167.79,166,189.15
3507100,234.29,170.63,185.9,197.48
3507159,302.65,230.47,276,267.04
3507209,236.06,214.79,248.3,229.93
3507308,207.06,180.05,173.9,188.7
3507407,184.12,138.68,158.6,159.8
3507456,236.12,185.79,196.7,206.76
3507506,238.47,196.26,204.4,213.63
3507605,233.88,165.11,183.2,194.46
3507704,192,180.21,180.9,184.72
3507753,189.71,166.42,176.4,177.2
3507803,206.35,172.74,181.7,187.11
3507902,214.71,172.37,182.4,190.2
3508009,235.94,211.05,199.2,217.67
3508108,196.12,163.95,167.3,176.57
3508207,196.47,137.89,161.3,164.63
3508306,223.24,195.21,198.8,206.35
3508405,257.06,170.84,203.3,209.76
3508504,197.88,141.21,149,163.85
3508603,195.94,159.11,150.8,170.91
3508702,191.41,149.68,188.4,173.52
3508801,186.41,157.58,170.6,171.07
3508900,218.18,194.68,220.9,209.07
3509007,253.47,183.63,189.1,210.63
3509106,221.18,199.05,238.2,215.74
3509205,264.35,186.47,223.1,223.22
3509254,325.65,285.11,282.8,299.59
3509304,170,145.58,135,152.3
3509403,204.82,146.68,169.8,173.2
3509452,231.41,200.74,195.4,210.91
3509502,232.12,170.74,173.5,194.02
3509601,240.41,182.53,203.7,208.52
3509700,244,160.16,212,202.41
3509809,249.18,209.11,243.4,231.37
3509908,448.18,410.47,428.6,428.35
3509957,189.24,152.68,148,165.17
3510005,268.18,233.58,266.3,253.48
3510104,191.65,146.32,138.8,161.43
3510153,274.29,228.42,245.9,249.17
3510203,273.94,204.42,213,231.98
3510302,227.94,163.63,167.2,188.17
3510401,218.18,164.21,180,187.59
3510500,355.29,294.58,343.1,327.57
3510609,246.76,184.74,190.1,208.83
3510708,156.24,151.32,136.1,149.83
3510807,186.29,148.26,170.2,167.09
3510906,212.06,162.79,176.4,183.96
3511003,175.82,175.05,171.5,174.57
3511102,189.35,145.11,145,161.43
3511201,187.65,152.16,137.2,162.02
3511300,192.18,161.79,147.3,169.87
3511409,273.41,219.26,222.2,239.91
3511508,214.82,162.26,164.6,182.2
3511607,236.59,176.26,176.9,198.7
3511706,210,154.74,175,179.57
3511904,199.29,173.37,183.3,185.11
3512001,167.35,144.84,138.1,151.7
3512100,159.53,148.21,129.9,148.41
3512209,201.06,160.68,170.8,177.8
3512308,232.71,173.74,179.4,196.76
3512407,208.82,169.37,182.2,186.74
3512506,174.35,170.42,174,172.65
3512605,283.18,208.05,257,246.46
3512704,201.18,152.32,175.2,175.35
3512803,215.47,153.11,177.7,181.5
3512902,170.29,164.84,141.1,161.7
3513009,254.65,187.05,197.8,214.37
3513108,196,133.95,144.4,159.15
3513207,202.65,149.21,161.7,171.67
3513306,276.59,230.79,255.7,253.13
3513405,193.18,138.37,154.4,162.11
3513504,465.71,417,447.1,441.54
3513603,213.12,182.32,180.6,193.33
3513702,201.71,161.89,157.4,175.63
3513801,248.88,189.53,195.9,212.85
3513850,176.06,163.32,158.1,166.89
3513900,195.24,156.42,191.1,178.3
3514007,192.29,139.26,139.8,158.98
3514106,236.35,172.53,195.8,201.17
3514205,168.24,155.42,152.3,159.48
3514304,211.41,174,166.2,186.13
3514403,195.53,173.89,214.7,190.76
3514502,234,196.26,216.4,214.59
3514601,186.94,136.79,149.5,158.09
3514700,252.12,210.95,239.6,232.39
3514809,332.18,270.37,283.7,296.11
3514908,223.29,166.16,179,190.07
3514924,198.06,152.84,147.9,168.48
3514957,173.65,144.63,137.2,153.74
3515004,250.06,182.63,195.6,210.37
3515103,270.82,210.32,234.2,237.87
3515129,207,174.32,221.8,196.72
3515152,201.71,156.26,174.4,177
3515186,208.47,162.79,171.9,181.65
3515194,231.35,196.26,211.1,212.46
3515202,166.29,153.68,144.9,156.43
3515301,256.65,235.21,284.9,253.93
3515350,261.76,265.68,306.6,273.13
3515400,280.65,233.79,254.2,255.54
3515509,170.53,152.58,148.5,158.33
3515608,191.65,146.32,138.8,161.43
3515657,237.71,208.74,226.2,223.24
3515707,241.53,199.05,202.7,215.54
3515806,203.71,167,227.5,193.72
3515905,173.47,146.53,139.9,155.04
3516002,200.59,174.32,218.5,193.63
3516101,271.35,239.47,264.6,256.72
3516200,194.94,144.95,148,164.09
3516309,240.41,182.53,203.7,208.52
3516408,253.47,183.63,189.1,210.63
3516507,200.18,171.26,189.2,185.85
3516606,237.71,208.74,226.2,223.24
3516705,243.18,205.26,221.9,222.89
3516804,187.65,158.16,160.5,169.57
3516853,185.53,152.58,160.6,166.5
3516903,175.29,151.16,153.4,160.57
3517000,208.94,193.89,185,197.52
3517109,175.76,165.63,166.5,169.57
3517208,183.65,157.53,168.7,169.61
3517307,195.71,167.68,174.7,179.57
3517406,165.41,138.37,133.2,147.24
3517505,166.82,155.79,140.4,156.52
3517604,307.12,239.58,254.9,267.87
3517703,188.41,140.53,140.1,158.13
3517802,191.88,169.58,173.4,178.65
3517901,154.53,147.74,132.5,146.93
3518008,153.24,142.84,146.4,147.46
3518107,201.76,182.74,189.9,191.33
3518206,196.53,169.05,174.2,180.33
3518305,229.35,162.47,180.1,191.02
3518404,186.12,142.42,147.2,159.61
3518503,240.53,192.21,188.5,209.26
3518602,181.94,133.63,130.8,150.87
3518701,567.35,550.05,511.4,548.04
3518800,235.41,180.42,198.9,204.76
3518859,178.88,137.21,131.4,151.35
3518909,187.59,164.53,166.6,173.5
3519006,223.94,205.16,216.3,214.52
3519055,216.76,161.89,178.5,185.78
3519071,217.88,161.42,176.3,185.52
3519105,194.06,151.26,162.8,169.59
3519204,223,196.74,214.8,210.37
3519253,253.94,206.89,222.9,227.76
3519303,215.24,160.74,160.4,180.8
3519402,196,154.95,149.9,169.02
3519501,250.76,214.05,254.7,236.46
3519600,196,148.11,161,168.61
3519709,280.53,229,222.2,246.57
3519808,150.88,149.26,131,145.89
3519907,262.71,214.58,271,244.63
3520004,224.53,175.63,194.7,197.85
3520103,188.94,143.37,141.2,159.74
3520202,223.71,178.37,182.3,195.98
3520301,484.65,392.84,410.9,430.7
3520400,361.82,302.26,335.3,331.46
3520426,418.35,372.95,432,402.57
3520442,170.59,157.21,181.2,167.37
3520509,222.29,161.26,175.2,186.85
3520608,225.29,202.95,232,217.52
3520707,149.24,137.16,147.7,143.91
3520806,217.47,183.74,222.5,204.63
3520905,285.47,232.74,246.6,255.24
3521002,226.65,163.47,167.8,187.76
3521101,210.94,164.63,181.8,185.48
3521150,170.71,157.53,136.8,157.89
3521200,319,259.21,276.9,285.15
3521309,183.24,147.11,145.2,160.04
3521408,212.82,169.16,174.8,186.52
3521507,194.71,157.68,156.7,171.15
3521606,194.12,175.53,208.4,189.54
3521705,276.41,199.84,240.1,236.89
3521804,272.47,211.53,222.3,236.39
3521903,192.12,146.16,156.1,165.3
3522000,182.65,171.11,152.9,171.41
3522109,413.65,364.26,370.5,383.87
3522158,292.12,237.32,249.4,260.2
3522208,273.24,195.47,207.4,226.8
3522307,237.12,180.58,185.7,202.59
3522406,269.82,212.58,233.2,238.22
3522505,248.88,183.32,193,209.65
3522604,237.29,175.42,182.2,199.76
3522653,298.65,231.26,275.8,265.85
3522703,191.35,150.21,158.1,167.13
3522802,286.06,213.84,269.7,252.67
3522901,221.12,177.84,175.3,193.28
3523008,165.06,161.84,172.9,165.43
3523107,227.76,174.42,196.2,198.87
3523206,305.94,227.74,262.9,264.28
3523305,363.53,327.05,354.1,346.41
3523404,238.35,189.32,171.7,203.61
3523503,256.18,211,216.6,228.91
3523602,206.82,167.79,197.2,188.61
3523701,195.94,152.32,145.7,167
3523800,181.06,148.89,170.5,165.48
3523909,235.47,155.42,180.4,190.43
3524006,227.29,176.89,181.1,196.43
3524105,182.88,140.53,141.8,156.46
3524204,167.18,138.68,136.5,148.74
3524303,180.82,134.63,132.4,151.22
3524402,209.94,152.16,159.6,175.13
3524501,183.47,149.42,150.5,162.24
3524600,330.24,302,287,309.17
3524709,216.76,161.89,178.5,185.78
3524808,165.94,155.95,151,158.57
3524907,213.94,152.79,151.8,175.17
3525003,246.76,184.74,190.1,208.83
3525102,184.47,159.26,168.8,170.65
3525201,229.06,173.84,187.4,197.2
3525300,207.71,179.37,174.9,188.87
3525409,203.18,143.37,165,170.17
3525508,256.82,178.58,192.9,210.61
3525607,237.71,221.89,254.4,234.8
3525706,186.06,150.79,153.3,164.37
3525805,215.12,184.95,186.3,196.39
3525854,211.65,164.68,175.6,184.41
3525904,229.76,181.21,190.4,201.15
3526001,192.12,178.95,210,190.57
3526100,360.65,278.11,278.4,308.67
3526209,298.18,237.32,253.7,263.37
3526308,200.29,132.26,140.9,159.28
3526407,213.65,161.58,171,182.87
3526506,196.24,171.11,184.2,183.24
3526605,186.59,139.89,148.2,158.96
3526704,195.35,159.21,154.1,171.46
3526803,240.59,190.89,198.1,210.83
3526902,211.24,160.58,171.4,181.65
3527009,250.65,183,180.9,207.54
3527108,182,160,171,170.52
3527207,189.24,152.68,148,165.17
3527256,190.65,163.42,161,172.96
3527306,238.88,188.47,168.8,202.83
3527405,210.71,173.42,217.7,196.83
3527504,232.41,203.26,220.7,217.83
3527603,191.47,148.95,149.4,164.76
3527702,208.94,194.16,192.5,199.26
3527801,249.59,211.95,239.1,231.76
3527900,241.18,212.21,248,230.7
3528007,222.47,160.63,188.2,189.48
3528106,189.06,156.63,146.2,166.35
3528205,157.41,143.42,150.4,150.11
3528304,170.41,147.63,144.5,155.37
3528403,258.24,181.63,195.6,212.98
3528502,254.29,179.32,204.1,212.41
3528601,271.12,225.79,219,241.07
3528700,243.41,214.42,266.3,236.41
3528809,263.71,227.05,252.9,246.22
3528858,189.06,146.74,149.4,162.96
3528908,210.82,169.53,222.8,196.37
3529005,240.65,202.84,212.8,218.98
3529104,175.88,158,163.7,165.85
3529203,228.24,203.42,230,218.37
3529302,186.94,148.84,158.5,165.02
3529401,257.29,208.95,214.2,227.96
3529500,188.53,150.32,155.2,165.5
3529609,168.59,159,140.7,158.57
3529658,152.59,143.05,146.6,147.35
3529708,171.53,127.26,139.7,146.33
3529807,221.76,171.53,192.3,194.61
3529906,272.59,238.68,261.3,256.13
3530003,150.59,139.05,145,144.61
3530102,188.06,166,171.3,175.3
3530201,256.53,235.58,278.6,252.67
3530300,178.76,155.26,143.1,161.3
3530409,160.88,157.37,143,155.54
3530508,189.06,144.53,163.4,165.09
3530607,263.12,205.89,214.8,228.98
3530706,196.94,153.47,164.4,171.91
3530805,216.76,162.79,181.5,186.8
3530904,209,167.95,183.6,186.52
3531001,185.82,161.53,149.4,167.87
3531100,523.12,466,485.8,491.41
3531209,237.65,167.89,197.7,200.15
3531308,192.47,145.37,134.9,160.5
3531407,182,153.26,140.9,161.2
3531506,176.12,146.84,130.9,154.2
3531605,185.41,186.21,197,188.26
3531704,238.18,167,176.4,195.35
3531803,219.06,165.79,180.1,188.59
3531902,175.88,147.74,145.6,157.67
3532009,218,169.11,164.1,186.09
3532058,183.88,155.05,142.1,162.89
3532108,187.12,175.95,171.3,179.07
3532157,253.06,224.26,285.7,248.26
3532207,256.82,240.47,289,257.07
3532306,298.76,258.47,285.8,279.3
3532405,230.41,177.68,185.9,198.96
3532504,187.53,155.05,145.1,164.89
3532603,179.59,155.37,144.3,161.91
3532702,185.29,153.21,146.1,163.52
3532801,188.59,149.42,155.3,165.17
3532827,298.41,225,255.4,258.74
3532843,171.29,153,162.4,161.8
3532868,186.59,160.68,156.5,169.35
3532900,186.35,153.68,160.7,167.28
3533007,156.47,151.37,138.4,150.43
3533106,188.65,182.89,205.6,189.96
3533205,172.82,187.32,184.8,181.41
3533254,175.35,141.05,135.9,152.61
3533304,187.65,158.16,160.5,169.57
3533403,222.76,153.95,175.9,184.15
3533502,182.71,142.79,157.1,160.65
3533601,179.88,157.58,159.1,166.15
3533700,249.12,205.89,232.1,227.57
3533809,267.53,219.74,228.1,239.22
3533908,164.59,144.11,136.3,149.98
3534005,164.18,159.74,142.5,157.63
3534104,243.12,200.11,217,219.67
3534203,150.71,144.32,133.6,144.35
3534302,178.82,152.58,150.9,161.91
3534401,251.18,189.21,183.1,210.78
3534500,243.29,207.32,232.8,226.15
3534609,219.71,186.16,222,206.35
3534708,266.47,241.16,254.7,253.46
3534757,148.53,141.84,147.3,145.5
3534807,195.35,182.11,209.3,192.91
3534906,197.41,173.21,214.2,191.07
3535002,155,151.63,138,149.91
3535101,191.94,143.26,146.6,161.98
3535200,175.82,161.63,159,166.3
3535309,254.29,222.16,261.9,242.67
3535408,197.18,184.58,210.2,194.8
3535507,253.24,221.74,257,241.04
3535606,206.47,180.63,177.8,189.57
3535705,177.18,139.63,131.6,151.76
3535804,246.59,199.68,207.7,218.76
3535903,158.18,152.74,151.9,154.57
3536000,221.12,192.16,222.2,209.39
3536109,235.71,199,197.1,212.15
3536208,343.94,294.16,309,315.78
3536257,161.76,155.37,139.5,154.28
3536307,199.18,150.74,150.6,168.61
3536406,179.41,188.32,193.1,186.07
3536505,223.18,163.63,170.4,187.11
3536570,223.18,198.89,202.8,208.72
3536604,142.65,141.32,126.7,138.63
3536703,223.06,185.79,186.7,199.76
3536802,265.65,178.32,214.1,218.37
3536901,166.53,152.95,136.5,154.39
3537008,208.53,149.89,162.6,174.33
3537107,213.94,169.11,169.6,185.78
3537156,270.29,229.37,255.2,250.11
3537206,341.06,293.37,327.8,318.48
3537305,192.94,177.42,172.2,182.02
3537404,176.29,152.74,174.4,166.15
3537503,222.35,168.84,171.1,189.11
3537602,380.24,337.53,367.6,359.85
3537701,208,173.42,192.5,190.35
3537800,256,184.84,213.9,217.46
3537909,249.24,200.42,200.3,218.43
3538006,210.12,159.16,149.2,175.83
3538105,191.06,137.05,149,159.61
3538204,266.41,175.63,212.3,217.15
3538303,213.47,191.89,235.6,209.37
3538501,194.47,146.58,158.1,166.78
3538600,237.71,171,188.1,199.37
3538709,221.71,155,172.7,183.5
3538808,279.88,221.79,222.3,243.37
3538907,202.18,182.63,193.1,192.13
3539004,179.35,144.53,131.6,154.59
3539103,256.18,174.79,207,211.87
3539202,256.65,235.21,284.9,253.93
3539301,189.82,157.05,160,169.8
3539400,231.59,192.47,193.3,207.11
3539509,179.12,146.26,137.3,156.46
3539608,193.53,165.11,157.6,173.98
3539707,255.65,217.95,254.5,239.83
3539806,241.53,199.05,202.7,215.54
3539905,181.35,153.21,144.6,161.74
3540002,237.12,203.47,205.9,216.43
3540101,185.88,149.63,169,167.24
3540200,169.59,140.79,152.3,153.93
3540259,168,161.26,157.7,162.98
3540309,151.12,157.53,133.9,150.02
3540408,152.12,144.42,145.9,147.59
3540507,232.24,193.84,187.4,206.63
3540606,226.94,166.05,166.9,188.74
3540705,187.41,156.95,149.3,166.54
3540754,207.94,148.63,148.9,170.61
3540804,197.29,155.74,149.3,169.7
3540853,208.94,184.42,215.2,200.17
3540903,179.71,137.63,129.4,151.39
3541000,567.47,498.26,500.3,524.28
3541059,249.06,194.79,207.2,217.54
3541109,227.18,193.79,202.6,208.04
3541208,237.29,205.79,245.8,226.13
3541307,231.82,213.11,246.1,227.2
3541406,221,191.53,224.6,209.61
3541505,214.88,191.53,232.5,209.07
3541604,187.76,163.21,169.2,173.59
3541653,250.71,186.42,183.3,209.5
3541703,233.88,218.53,247.5,230.5
3541802,218.24,200.58,204,207.85
3541901,183.29,140.89,150.6,158.67
3542008,229.06,209.47,231.2,221.43
3542107,212,163.79,173.8,183.78
3542206,248.41,223.89,250,238.63
3542305,209.59,159.47,153.4,176.67
3542404,233.24,212.89,247.5,227.93
3542503,190.88,149.37,160,167.02
3542602,337.65,274.95,286.9,300.72
3542701,189.12,144.53,150,162.2
3542800,276.18,220.58,244.3,246.28
3542909,212.12,156.63,163,178.52
3543006,302.06,232.58,249.7,261.98
3543105,187.53,141.05,147.3,159.59
3543204,247.76,210.11,240.2,230.57
3543238,202.59,178.42,223.9,197.24
3543253,293.88,201.58,230.5,241.98
3543303,338.24,283.53,279.5,302.87
3543402,189.47,134.21,152.1,158.52
3543501,292.29,210.26,273.5,254.33
3543600,192.47,149.37,137,162.61
3543709,183.65,149.79,139.5,160.07
3543808,210.71,180.74,212,198.61
3543907,210.65,165.05,186.8,186.63
3544004,219.94,163.79,180.6,188.2
3544103,460.12,438,414.3,441.02
3544202,145.59,143.42,127.7,140.8
3544251,241.24,268.42,308.1,267
3544301,195.59,144.21,139.3,162.13
3544400,198.47,170.84,188.8,184.96
3544509,175.47,159.05,168.5,167.17
3544608,183,146.53,158.3,162.57
3544707,220.29,186.47,223.7,207.07
3544806,186.12,144.37,158.3,162.83
3544905,189.24,159.74,162.7,171.28
3545001,275.12,220.84,240.8,245.24
3545100,199.47,175.89,207.2,191.41
3545159,221.88,157.11,172.9,184.48
3545209,214.88,154.58,174.2,181.13
3545308,239.47,166.89,188.6,198.43
3545407,254,218.42,245.7,237.5
3545506,249.41,241.11,283,253.28
3545605,199.53,148.21,149.4,167.43
3545704,166.47,150.47,156,157.59
3545803,223.12,167.47,180.7,190.91
3546009,216.06,162.84,170.3,184.13
3546108,169.59,146.32,153.3,156.43
3546207,197.88,160.68,158.6,173.98
3546256,208.59,152.95,171.3,177.5
3546306,188.12,154.84,166.7,169.72
3546405,265.18,226.89,229.3,241.57
3546504,193.82,137.26,135.6,157.8
3546603,173.88,153.89,163.2,163.3
3546702,213.29,169.37,193,190.74
3546801,228.06,183.32,174.2,197.87
3546900,193.41,155.89,151.8,168.87
3547007,222.41,171.32,181.1,192.33
3547106,188.35,183.53,206.3,190.26
3547205,177.41,163.63,158.7,167.65
3547304,255.35,164,209.3,207.61
3547403,169.59,151.26,157.9,159.48
3547502,196.24,153.68,148.7,168.33
3547601,189.76,145.84,159.6,165.07
3547650,177.41,163.63,158.7,167.65
3547700,228.47,209.89,247.9,225.02
3547809,338.24,283.53,279.5,302.87
3547908,211.59,164.74,170.2,183.24
3548005,227.94,171.95,180.7,194.54
3548054,192.65,162.84,159.9,173.22
3548104,232.12,169.79,184.6,196.04
3548203,242.71,171.21,178.9,199.3
3548302,210.41,170.05,223.6,196.61
3548401,216.18,192.11,203.6,203.5
3548500,562.47,547.79,496.6,542.09
3548609,218.59,146.63,190.7,182.8
3548708,429.82,359.58,410.5,396.61
3548807,255.59,196.58,195.9,218.24
3548906,205.76,166.84,164.3,180.67
3549003,171.35,160.47,159.2,164.22
3549102,190.35,157.32,165.9,171.39
3549201,171.12,146.47,145.9,155.46
3549250,165.18,142.79,142.7,151.04
3549300,184.35,185.89,202.2,188.87
3549409,183.29,149.58,148.7,161.85
3549508,191.88,146.84,146.1,163.33
3549607,223.06,231.05,193,219.83
3549706,194.94,149.21,171,170.85
3549805,168.06,158.26,141.8,158.3
3549904,245.18,176.58,183.6,203.46
3549953,287,223.32,233.7,249.11
3550001,246.94,200.68,190.8,215.63
3550100,227.82,177.68,195.5,200.09
3550209,269.12,214.16,216.1,234.89
3550308,248.88,189.53,195.9,212.85
3550407,208.18,160.21,171.5,180.39
3550506,246.59,217.53,234.9,232.04
3550605,273.41,187.32,205.2,223.02
3550704,389.47,302.26,351.8,345.26
3550803,209.41,164.05,184,185.15
3550902,191.12,142.42,153,162.72
3551009,515.12,471,478.1,488.85
3551108,225.94,164.26,169.9,188.28
3551207,280.94,229.79,238.5,250.59
3551306,178.06,161.84,149.3,165.11
3551405,191.82,136.89,151.4,160.35
3551504,199,154.42,166.8,173.59
3551603,250.65,183,180.9,207.54
3551702,174.65,143.84,142.3,154.89
3551801,371.71,298.42,319.8,330.15
3551900,168.65,145.26,138.1,152.35
3552007,201.41,159.53,159.7,175.04
3552106,267.76,179.21,205.7,217.7
3552205,218.35,155.63,172,182.37
3552304,187.41,162.05,164.2,171.89
3552403,217.88,161.42,176.3,185.52
3552502,270.29,250.05,227.2,252.57
3552551,175.18,160.58,171.6,168.37
3552601,184.41,158.47,139.1,163.85
3552700,187.29,156.58,165.6,169.89
3552809,251.41,189.95,188.7,212.39
3552908,253.82,230.89,289.7,252.15
3553005,279.18,220.26,236.6,245.59
3553104,190.41,146.79,132.7,159.85
3553203,185.65,145.21,131.1,157.09
3553302,187.94,148.37,164.6,166.52
3553401,174.12,161.95,142.1,162.13
3553500,351.35,322.79,285.3,325.2
3553609,192.82,147.63,168.5,168.87
3553658,184.12,145.95,136.8,158.07
3553708,185.18,141.37,136,156.39
3553807,269.94,207.42,235.8,236.7
3553856,255.06,209.11,217.9,228
3553906,248.18,225.95,273.2,244.43
3553955,271.88,232,258.9,252.59
3554003,231.88,166.53,175.4,192.61
3554102,192.35,136,134.9,156.59
3554201,279.88,222.37,237.9,247
3554300,257,262.58,295.1,267.59
3554409,168.88,135.26,141,148.93
3554508,211.65,164.68,175.6,184.41
3554607,282.29,231.32,252.4,254.74
3554656,234.18,196.68,192.3,209.59
3554706,225.06,171.11,186.1,194.3
3554755,206.41,169.89,160.1,181.26
3554805,211.29,147.32,147,170.89
3554904,176.59,161.42,162.1,167.17
3554953,241.12,171.21,201.4,203.61
3555000,228.41,212.53,221.5,220.35
3555109,187.35,185.21,205.8,190.48
3555208,190.47,165.16,163.1,174.07
3555307,153.24,145,149.7,149.07
3555356,185.06,153.89,166.8,168.22
3555406,370.76,279.95,338.2,326.17
3555505,246.29,215.32,228.9,229.72
3555604,185.71,157.68,142.6,164.76
3555703,184.18,157.37,147.5,165.13
3555802,171.18,165.05,154.4,165
3555901,192.12,151.37,166.5,169.72
3556008,187.65,147.16,149.1,162.54
3556107,173,157.58,140,159.46
3556206,247,179.32,169,202.09
3556305,195.71,170.26,192.8,184.57
3556354,254.65,178.21,202.4,211.72
3556404,193.76,155.63,184.5,176
3556453,272.88,195.53,207.7,226.76
3556503,252.35,175.58,215.5,212.63
3556602,253.18,206.74,228.8,228.7
3556701,238.88,188.47,168.8,202.83
3556800,177.47,140.63,140.6,154.24
3556909,190.94,149.95,131.7,161.13
3556958,167.76,156.79,153.7,160.17
3557006,224.18,157.63,177,186.43
3557105,172.29,167.74,148,165.13
3557154,186.06,165.84,169.3,174.07
3557204,274.29,228.42,245.9,249.17
3557303,208.71,152.74,170.6,177.3
4100103,280.76,239.26,299.4,267.67
4100202,286.53,228.37,237.9,251.93
4100301,371.53,270.79,264.6,306.67
4100400,349.59,250.89,256.7,288.63
4100459,504.94,362.11,523.7,450.02
4100509,392.71,305.68,415.4,361.7
4100608,302.71,272.42,341.9,298.72
4100707,418.82,339,461.6,395.15
4100806,278.41,233.21,292.8,262.87
4100905,302.94,282.84,328.3,300.15
4101002,593.24,424.53,584.1,521.57
4101051,475.82,358.68,522.5,437.59
4101101,253.76,239.63,271.9,251.87
4101150,296.53,278.58,332.7,296.98
4101200,428.94,370.84,378.4,393.96
4101309,408.18,283,304.4,333.91
4101408,358.94,289.37,363.1,331.11
4101507,353.88,284.89,354.6,325.54
4101606,322.35,249.53,305.4,288.59
4101655,419,337.47,461,394.46
4101705,373.47,313.84,415.7,358.02
4101804,334.29,246.74,243,278.28
4101853,417.53,327.05,437.5,384.5
4101903,346.12,260.16,322.2,305.41
4102000,458,352.16,479.3,418.91
4102109,298.65,255.74,306.7,282.67
4102208,307.82,280.95,338,303.28
4102307,341.82,262.11,259.2,290.93
4102406,256.71,233.79,285.4,253.48
4102505,371.18,293,408.7,347.04
4102604,613.24,457.68,590.5,544.04
4102703,259,244.26,277.7,256.98
4102752,583.71,422.21,602.6,521.11
4102802,293,256,292.7,277.65
4102901,563.59,381.11,501.8,474.78
4103008,425.71,345.53,489.9,406.54
4103024,517.41,397.89,552.7,475.72
4103040,459.65,354.21,449.9,413.98
4103057,502.29,397.21,537.3,466.5
4103107,318.06,275.11,271.3,290.15
4103156,609.06,458.37,587.3,542.09
4103206,370.06,296.16,389.2,343.7
4103222,562.82,387.26,546.4,486.74
4103305,380.65,295.11,401.2,349.78
4103354,532.41,369.26,532.3,465
4103370,409.12,342.79,445.7,389.67
4103404,272.53,249.68,293.7,267.7
4103453,482.29,361.79,501.2,436.63
4103479,388,312.68,429.2,365.85
4103503,366.71,293.32,376.8,338.59
4103602,256.88,225.84,261.8,245.13
4103701,314.53,272.16,307.5,295.5
4103800,373.24,302.26,375.7,344.46
4103909,496.47,349.74,523.7,441.78
4103958,480.41,375,468.9,434.37
4104006,368.59,308.21,303.9,329.59
4104055,538.82,371.95,538.1,469.74
4104105,399.65,272,290.7,323.24
4104204,343.12,255.63,257.8,288.43
4104253,335.65,252.42,246.5,281.89
4104303,381.82,331.16,450,375.72
4104402,425.71,334.05,412.1,384.89
4104428,525.71,383.95,489.8,459.35
4104451,537.82,408.74,518.9,480.39
4104501,549.24,384.53,566,484.85
4104600,510.59,396.21,538.1,469.33
4104659,364.82,296.89,328.3,328.83
4104709,283.65,230.16,289.5,262.83
4104808,522,377.11,531.2,464.15
4104907,382.53,284.11,330,330.46
4105003,516.41,398.95,530.7,471
4105102,271.82,240.21,284.5,261.52
4105201,284.24,230,239.5,252.11
4105300,532.12,423.89,573.5,496.41
4105409,551.53,410.89,522.5,487.13
4105508,356.06,300.21,399.4,342.41
4105607,328.82,281.63,360.7,316.26
4105706,581.41,419.11,550.5,507.65
4105805,332.47,243.53,245.4,276.8
4105904,283,248.37,301,272.61
4106001,333.35,258.84,304.7,296.35
4106100,289.53,240.32,300.1,271.5
4106209,355.65,250.11,251.9,289.5
4106308,509.94,371.95,525.9,456.41
4106407,294.59,237.95,297.3,271.78
4106456,554.76,416.21,512.2,488.28
4106506,568.47,401.16,553.1,496.02
4106555,386.53,310.95,450,369.11
4106571,507.71,399.53,536.6,469.3
4106605,354.06,295.95,428.1,346.15
4106704,286.29,251.79,323.2,280.07
4106803,487.41,348.32,432.1,417.93
4106852,398.71,316.63,408.7,366.98
4106902,345.71,257.89,259.9,290.78
4107009,312.53,260.05,315.6,291.52
4107108,248.41,273.68,312.2,272.72
4107124,520.59,373,537,463.2
4107157,514.65,403.89,499.1,465.52
4107207,544.88,416.68,598.8,503.65
4107256,318.47,281.74,359,312.11
4107306,385.76,314.47,417.1,363.13
4107405,601.76,418.79,596.9,525.13
4107504,363.76,300.42,398.2,345.09
4107520,372.65,300.84,421.2,353.54
4107538,490.18,377.37,501.2,445.98
4107546,513.18,396.84,513.4,465.17
4107553,408.88,350.05,462.8,396.3
4107603,403,321.89,422.4,373.72
4107652,348.29,255.21,251.9,288.89
4107702,369.94,285.63,405.1,342.76
4107736,416.12,309.53,341.3,355.83
4107751,304.41,261.68,311.4,288.28
4107801,373.12,318.32,403.6,357.11
4107850,611.76,452.26,602.2,543.8
4107900,360,295.05,376.9,336.85
4108007,276.06,244.74,285.9,265.26
4108106,296.53,278.58,332.7,296.98
4108205,441.29,344.16,473.7,408.22
4108304,512.82,400,564.7,477.5
4108320,408.29,322.32,425.3,376.48
4108403,610,421.16,600.1,529.85
4108452,543.29,402.16,521.4,480.24
4108502,502.41,366.16,443.1,433.24
4108551,384.82,315.21,413.2,362.24
4108601,408.06,332.21,451,386.07
4108650,513.88,395.95,505.2,463.28
4108700,396,318.21,414.3,367.85
4108809,431.35,328.05,424.9,387.28
4108908,295.41,272.26,327.5,292.83
4108957,422.94,320.05,370.3,369
4109005,290.41,236.26,319.2,274.3
4109104,326.71,288.79,342.5,314.48
4109203,279.47,246.26,280,265.87
4109302,526.18,383.11,531.7,468.28
4109401,490.71,377.16,456.6,436.39
4109500,453.29,401.68,441.9,429.5
4109609,456,397.95,367.7,412.83
4109658,581.12,416.95,550.9,506.74
4109708,335.94,263.79,342.9,307.65
4109757,528.18,387.21,543.9,473.37
4109807,317.53,264.26,316.4,295.28
4109906,348.65,289.74,389.2,333.13
4110003,314.06,288.58,338.3,308.8
4110052,467.41,351.37,534.6,434.09
4110078,405.06,336.84,397,375.13
4110102,425.71,302.32,349.9,358.26
4110201,472.41,362.32,406.5,412.61
4110300,263.53,242.58,306.4,264.2
4110409,344.41,296.74,361.6,328.46
4110508,377.82,283.11,323.9,326.98
4110607,394.47,326,430.1,373.93
4110656,457.29,358.74,493.4,424.43
4110706,440.94,324.95,371.6,377.96
4110805,424.82,346.42,467.5,401.72
4110904,268.06,248.11,297.1,266.13
4110953,493.53,402.79,530.3,464.04
4111001,269.35,236.95,271.2,256.37
4111100,365.24,291.63,383.2,338.74
4111209,550.47,373.68,552.1,477.8
4111258,351.53,250.37,259.2,289.67
4111308,260.82,272.63,318.2,278.17
4111407,426.41,323.37,390.1,375.96
4111506,419.53,328.16,436.2,385.41
4111555,337.76,283.84,385.2,325.8
4111605,375.12,315.63,385,352.7
4111704,331.82,259.95,329.9,301.72
4111803,263.82,242,264.8,255.02
4111902,272.18,241.05,274,259.72
4112009,330.47,257.26,316.6,297.22
4112108,376.88,305.53,387.4,349.7
4112207,412.88,343.16,464.9,395.39
4112306,328.53,263.89,332.9,302.78
4112405,340.41,302.95,366.2,330.54
4112504,419.59,327.84,438.7,385.85
4112603,254.47,248.89,288.9,259.65
4112702,321.06,255.79,315.6,292.91
4112751,460.29,359.47,482.8,423.54
4112801,288.06,234.42,302.4,269.02
4112900,297.41,244.42,307.1,277.63
4112959,437.29,340.63,492.8,409.43
4113007,358.24,305.89,397,345.04
4113106,387.88,305,396,355.41
4113205,413,281.95,298.8,334.04
4113254,529.88,382.84,526.3,468.37
4113304,541.71,411.79,526.4,484.72
4113403,265.82,240.84,277.1,257.96
4113429,389.53,308.42,401,358.52
4113452,526.65,398.63,553.8,479.67
4113502,307.71,277.26,330.2,300.02
4113601,285.41,256.11,306.6,277.91
4113700,357.12,273.16,342.3,319.22
4113734,429.06,365.74,493,416.8
4113759,384.88,308.05,400.3,356.5
4113809,270.88,245.68,291.4,264.93
4113908,428.29,309.89,369.9,366.7
4114005,450.53,368.37,501.2,427.61
4114104,323.06,285.79,357.6,315.17
4114203,351.06,300.32,368.5,333.89
4114302,353.41,257.79,256.9,292.93
4114351,612.06,431.63,580.3,530.63
4114401,558.88,423.21,533.2,497.26
4114500,464.47,360.53,479.6,424.83
4114609,461.35,351.32,440.6,411.39
4114708,355.24,295.53,384.7,336.98
4114807,352.82,298.95,382.6,337.04
4114906,374,295.26,377.1,342.15
4115002,275.53,260.63,314.9,277.93
4115101,402.65,322.42,442,378.07
4115200,348.12,295.53,367.2,330.54
4115309,596.18,429.74,567.2,521.13
4115358,464.18,362.84,469.9,423.57
4115408,603,439.11,599.5,534.54
4115457,539.59,420.32,533.4,488.98
4115507,386.18,309.74,396.1,356.76
4115606,520,398.26,563.6,479.2
4115705,454.71,405.95,392.4,421.02
4115739,515.35,388.89,525.8,465.39
4115754,391.65,307.16,405,359.65
4115804,523.59,390.53,554.2,475.28
4115853,458.59,351,421.2,406.02
4115903,307.82,288.68,328.5,304.41
4116000,279.53,234.21,268.5,258.41
4116059,506.29,405.47,515.1,466.57
4116109,389.29,328.63,440.7,375.41
4116208,401.82,330.95,330.8,357.11
4116307,301.65,261.47,311.9,287.28
4116406,283.47,258.26,297.5,276.11
4116505,298.59,284.74,331.7,300.07
4116604,340.06,255.26,323.4,301.41
4116703,457.94,358.47,500.4,426.09
4116802,508.71,364.95,503.4,448.17
4116901,315.47,280.53,348.8,308.28
4116950,578.35,408.32,586.9,509.98
4117008,327.41,247.32,308.1,290.13
4117057,539.82,404.32,537.9,483.43
4117107,266.88,268.63,319.6,279.07
4117206,331.29,285.16,370.9,320.85
4117214,345.53,268,318.5,307.63
4117222,443.65,358.58,435.4,406.72
4117255,513.71,382.32,541,465.37
4117271,420.12,344.95,459.2,397.57
4117297,371.88,300.89,388,346.07
4117305,365.76,293.37,379,338.74
4117404,378.88,323.32,414.8,363.74
4117453,492.94,368.53,514.4,446.22
4117503,379.71,312.58,405.9,357.67
4117602,577.41,411.32,512.9,494.78
4117701,380.94,279.05,303.4,322
4117800,541.53,390.21,548.4,480.52
4117909,420.82,352.32,437.9,396.24
4118006,310.94,281.42,324.3,301.65
4118105,270.88,242.74,310.5,267.87
4118204,402.94,341.84,374.1,371.43
4118303,252.59,243.89,296.9,258.63
4118402,285.59,267.37,324.7,286.57
4118451,473.65,369.16,471,429.91
4118501,605.76,418.47,567.4,520.07
4118600,451.29,322.63,374.9,381.54
4118709,424.82,308,379.6,366.74
4118808,362.76,298.37,415.9,347.72
4118857,386.59,314.79,440,368.54
4118907,383.12,308.21,424.4,361.15
4119004,585.47,427.84,595.6,522.57
4119103,380.12,275.68,267.7,312.54
4119152,333.47,252.32,252.7,282.39
4119202,339.41,255.95,337.5,304.52
4119251,606.59,438.47,590.2,533.59
4119301,590.24,432.21,518.4,509.35
4119400,352.29,296.26,329.3,324.15
4119509,386.29,319.26,295.3,338.83
4119608,489.29,382.89,499.8,447.63
4119657,304.59,259.26,308.1,286.63
4119707,314.18,286.05,340.8,308.35
4119806,574.88,402.47,587.2,506.35
4119905,377.94,281.53,305.8,322.43
4119954,448.24,386,390.3,409.93
4120002,269,242.68,291.4,263
4120101,398.71,277.89,291.2,325.43
4120150,524.65,399.42,502.8,468.17
4120200,285.82,249.63,318.8,278.04
4120309,508.24,350.63,426.9,425.46
4120333,275,238.11,265.1,257.61
4120358,607.35,441.58,606.5,538.7
4120408,323.71,289.63,352.7,315.93
4120507,272.35,231.42,270.7,255.09
4120606,462.06,346.11,405.6,401.89
4120655,435,342.16,475.3,405.41
4120705,289.76,229.37,301.3,267.33
4120804,418.35,343.89,329.9,368.37
4120853,473,366.53,453,424.67
4120903,527.82,410.16,532.6,480.26
4121000,309.18,282.37,328.5,302.3
4121109,370.88,287,405.1,343.67
4121208,365.18,267.47,253.9,300.63
4121257,520.12,415.37,526.4,478.22
4121307,287,241.26,278.5,266.26
4121356,424.41,341.79,479,402.15
4121406,543.18,388.11,547.2,480
4121505,419.88,302.89,337.2,353.59
4121604,591.65,432.47,592.7,526.13
4121703,420.76,338.16,403.8,382.96
4121752,550.29,419.37,528,491.37
4121802,272.41,229.42,255.8,251.04
4121901,302.24,241.26,305.4,277.74
4122008,433.29,297.68,345.5,358.2
4122107,372.53,301.95,385.7,346.24
4122156,526.82,402.47,516.9,473.3
4122172,411.76,327.95,425.7,380.17
4122206,344.71,253.42,257.4,288.02
4122305,408.18,277.16,308.5,332.39
4122404,300.53,259.58,303.9,284.35
4122503,455.82,370.79,497.6,429.78
4122602,345.41,294.89,367.5,329.35
4122651,408.24,326.37,424.5,377.96
4122701,332.88,272.42,345.8,310.72
4122800,609.35,455.11,595.5,542.63
4122909,284.35,217.89,286.2,257.3
4123006,573.29,406.63,576.9,505.24
4123105,282.47,235.95,299.3,266.91
4123204,345.53,268,318.5,307.63
4123303,307.12,279.42,321.3,298.76
4123402,293.88,263.95,312.7,285.61
4123501,504.82,391.42,518,460.85
4123600,267.71,242.26,302.3,264.72
4123709,309.59,282.68,323.3,301.46
4123808,557.29,394.47,573.6,493.59
4123824,525.41,411.21,562.1,486.22
4123857,532.47,403.95,548.4,482.85
4123907,272.88,239.53,286.1,261.98
4123956,306.18,279.68,328.9,300.17
4124004,279.76,216.95,276.7,253.15
4124020,507.06,393.74,534.4,466.2
4124053,512.82,400,564.7,477.5
4124103,262.06,242.21,286.3,259.13
4124202,272.47,255.58,316.4,275.04
4124301,341.71,263.84,315.7,303.89
4124400,605.94,446.32,595.3,537.7
4124509,272.94,247.53,301.3,268.61
4124608,334.71,297.84,361,325.2
4124707,359.82,278.05,345.4,322.91
4124806,556.82,413.32,573.5,501.17
4124905,275.35,255.68,320.7,277.09
4125001,369.94,289.26,388.9,340.74
4125100,408.71,291.05,306.5,337.89
4125209,533.82,413.74,570.1,492.11
4125308,377.18,318.95,407.2,359.65
4125357,371.18,299.74,409.7,350.04
4125407,287.29,218.32,267.6,254.52
4125456,496.82,389.21,496.9,452.39
4125506,401.88,309.89,319.3,345.93
4125555,337.18,292.68,344.4,320.37
4125605,400.59,297.32,324.1,341.3
4125704,535.35,397.05,573.2,486.46
4125753,515.24,399.58,510.6,466.46
4125803,383.06,293.84,392.1,348.17
4125902,284.47,249.47,321.2,278
4126009,345.65,260.47,316.1,304.04
4126108,353.76,305.68,381.1,339.85
4126207,342.47,269.42,340.4,311.85
4126256,350.24,295.16,374,332.65
4126272,544.76,413.79,541.3,489.91
4126306,308.35,233.63,272.6,269.72
4126355,507.88,389.47,529.3,463.63
4126405,279.29,237.47,261.6,258.17
4126504,290.94,241.74,289.3,270.26
4126603,288.35,225.37,292.7,263.28
4126652,538.12,411.47,570.5,492.85
4126678,386.47,301.32,370.6,347.85
4126702,311.59,285.84,337.3,306.54
4126801,350.59,293.95,406,339.24
4126900,322.71,282.26,364.2,315.02
4127007,416.76,308.16,338.1,354.8
4127106,347.12,292.47,360.2,327.39
4127205,354.71,304.26,397.3,343.13
4127304,267.41,260.21,315.4,274.87
4127403,441.12,337.89,435.3,397.22
4127502,356.71,288.16,337.7,324.26
4127601,362.24,282,269.9,309.02
4127700,503.12,376.47,504.4,451.09
4127809,319.59,252.42,323.3,292.65
4127858,501.59,404.68,554.8,473.13
4127882,294.06,244.89,224.5,258.63
4127908,357.88,294.53,423.6,346
4127957,492.65,366.11,502.2,442.46
4127965,453.71,358.53,434.8,410.28
4128005,448.94,351.89,520.9,424.5
4128104,372.76,294.26,400.3,346.33
4128203,493.29,340.63,408.4,411.78
4128302,293.71,265.37,328.8,289.63
4128401,298.47,245.37,290.8,274.87
4128500,290.12,226.11,275.5,260.5
4128534,334.65,269.68,326.9,306.13
4128559,531.41,413.16,539.6,484.35
4128609,560.94,393.89,590.9,498.46
4128625,368.29,293.16,414,347.2
4128633,296.76,238.16,264.3,265.5
4128658,540.53,406.42,508.7,478.22
4128708,596.71,431.74,586.2,526.28
4128807,383.76,299.95,428.3,358.83
4200051,469.35,384,444,428.59
4200101,583.29,416.42,546.4,506.35
4200200,354.18,302.47,299.5,320.93
4200309,359.12,307.58,298.9,324.74
4200408,523,383.79,484.7,457.17
4200507,501.06,426.32,542.7,479.24
4200556,520.82,433.74,521.4,484.98
4200606,366.29,306.84,287.6,324.63
4200705,365.41,304.21,300.6,326.04
4200754,516.47,418.47,484.6,469.07
4200804,565.94,420.74,569.2,506.67
4200903,354.76,301.79,284.3,317.57
4201000,484.12,386.53,453.5,437.15
4201109,373,314.26,304.6,333.87
4201208,356.35,306.05,288.1,320.74
4201257,354.88,293.32,286.7,314.63
4201273,527.24,438.84,528.7,491.04
4201307,411,343.84,333.7,366.46
4201406,353.88,318.74,355.3,339.67
4201505,285.41,271.42,290.3,280.7
4201604,465.65,350,448.3,414.11
4201653,520.29,420.32,523,479.59
4201703,372.82,287.11,294.7,320.43
4201802,357.41,308.58,294.4,323.54
4201901,354.24,299.21,296.3,318.91
4201950,350.53,322.47,357.6,340.48
4202008,358,333.42,290.5,333.17
4202057,421.76,354.05,323.4,372.41
4202073,353.59,328,369.9,346.57
4202081,569.88,416.89,576.1,508.04
4202099,542.94,416.53,568.4,496.26
4202107,387.59,312.58,306.4,338.96
4202131,410.71,301.68,343.4,351.04
4202156,555.59,424.68,580.6,506.96
4202206,358.71,277,292.9,310.65
4202305,345.47,318.47,282.6,320.65
4202404,390.65,303.42,308.8,336.83
4202438,377.41,330.89,327.2,347.28
4202453,346.47,320.42,281.5,321.59
4202503,375.24,336.74,347.6,353.33
4202537,548.47,424.74,542.5,496.07
4202578,532.94,436.26,566.1,500.22
4202602,357.41,305.05,303.2,324
4202701,342.88,296.79,284.4,311.13
4202800,285.06,264.32,283.8,276.22
4202859,357.47,313.11,300.5,326.76
4202875,429.82,335.84,395.6,383.57
4202909,361.24,313.58,286.4,325.28
4203006,446.35,333.21,428.5,395.74
4203105,525.41,435.16,560.8,495.83
4203154,449.18,324.89,424.5,392.48
4203204,370.59,326.47,292.6,335.41
4203253,428.35,346.79,400.1,388.52
4203303,425.94,348.05,321,370.96
4203402,439.12,362.05,401,399
4203501,586.53,448.37,600.9,532.59
4203600,500.24,390.74,489.2,452.61
4203709,354.35,312.63,275,319.87
4203808,419.65,313.89,357.3,362.41
4203907,491.59,387.42,480.9,446.24
4203956,317.94,289.79,328.6,308.63
4204004,508.82,405.58,495.8,463.35
4204103,510.76,426.32,540,482.24
4204152,499.53,401.89,501.7,459.67
4204178,460.88,372.11,428.7,417.22
4204194,354.94,296,295.6,317.7
4204202,496.41,417.58,520,468.98
4204251,331.76,289.11,324.2,312.5
4204301,517.82,425.79,497.7,475.43
4204350,532.06,416.37,522.9,482.28
4204400,537.65,421.26,530.1,487.93
4204459,588.82,431.37,552.4,515.87
4204509,388.59,310.42,329.8,343.52
4204558,406.06,325.37,352.6,361.11
4204608,359.65,308.84,348.4,336.22
4204707,503.18,411.05,544.8,474.17
4204756,508.18,423.95,549.1,482.28
4204806,411.53,315.58,363.2,361.39
4204905,519.06,420.79,560.1,487.39
4205001,621.41,459.05,586.6,546.78
4205100,362.47,290.37,298.4,318.76
4205159,368.18,291.47,305.1,322.78
4205175,553.18,416.21,527.7,491.07
4205191,356.94,328,374,348.7
4205209,497.82,374,483.3,443.52
4205308,538.65,433.21,519.1,490.85
4205357,522.53,407.68,553.1,481.74
4205407,354.65,335.21,299.6,334.65
4205431,559.88,441.21,540.8,506.72
4205456,361.65,310.79,346.1,337.26
4205506,437.18,319.63,386.4,377.59
4205555,420.94,316.37,371.3,366.96
4205605,602.35,433.74,571,525.89
4205704,348.59,310.63,333.4,329.61
4205803,490.71,408.16,396,436.02
4205902,373.59,318,303.6,335.41
4206009,346.47,320.42,281.5,321.59
4206108,328.12,299.53,295.5,309.22
4206207,297.53,275.58,299.8,288.96
4206306,360.47,310.53,285.8,323.61
4206405,574.65,419.74,577,511.17
4206504,425.76,352.74,316.1,371.76
4206603,619.53,456.37,590.6,545.85
4206652,502.65,418.79,529.4,473.83
4206702,488.53,375.21,476.1,439.02
4206751,484.94,378.47,472.1,438.17
4206801,470.47,360.95,457.2,422.35
4206900,354.41,287.32,284.5,311.5
4207007,350.06,304.74,347.4,330.76
4207106,389.88,320.68,309.5,343.83
4207205,309.12,285.05,325.7,302.78
4207304,335.06,310.05,337,325.15
4207403,351,290.84,289.6,312.8
4207502,372.18,290.37,296.2,321.87
4207577,461.82,337.79,443,406.5
4207601,494.47,402.58,475.2,452.33
4207650,530.24,448.63,562.4,503.52
4207684,570,420.32,535.7,500.72
4207700,532.82,446.26,526.4,495.67
4207759,511.06,416.37,555.5,481.61
4207809,536.65,434,519.3,490.48
4207858,549.18,444.37,543.9,504.74
4207908,445.06,315.95,367.5,374.87
4208005,523.88,431.89,523.6,485.83
4208104,392.65,287.79,327.2,335.11
4208203,380.47,325.68,307.9,342.07
4208302,351.65,325.58,276.4,324.52
4208401,513.53,451.84,545.4,494.98
4208450,467.47,426.84,377.8,431.2
4208500,347.06,301.05,293.8,316.48
4208609,510.82,408.89,494.1,465.09
4208708,368.76,336.11,376,356.85
4208807,324.29,294.84,336,314.67
4208906,414.59,343.89,342.7,369.76
4208955,525.29,436.63,528.5,489.37
4209003,494.82,378.05,481.6,443.72
4209102,494.24,395.42,385.6,429.8
4209151,358.53,286.84,302,316.63
4209177,599.88,435.79,577.9,527.33
4209201,505.71,382.42,482.2,449.67
4209300,412.59,320.37,382.5,367.96
4209409,324.53,290.53,335.3,312.83
4209458,536.35,416.32,527.8,484.91
4209508,365,304.47,295.6,324.91
4209607,328.29,301.58,302.6,311.67
4209706,421.41,303.37,364.5,360.28
4209805,342,291.05,298.9,311.59
4209854,535.06,439.11,527.1,493.7
4209904,363.12,287.89,288.1,315.74
4210001,379,311.74,305.7,335.28
4210035,490.24,381.37,476.3,442.24
4210050,464.94,333.79,443.1,406.02
4210100,411.94,294.58,322,343.91
4210209,353.47,289.89,271,309.28
4210308,416.71,306.63,346.9,356.07
4210407,353.53,313.95,344.4,335.2
4210506,500.41,406.21,535.4,469.11
4210555,540.53,421.47,524.5,487.87
4210605,398.24,315.05,308.9,344.46
4210704,470.71,337.32,431,406.98
4210803,355.94,324.32,359.1,343.57
4210852,384.88,304.37,335.9,340.98
4210902,508,419.32,536.3,477.52
4211009,530.24,448.63,562.4,503.52
4211058,445.65,329.47,403.4,388.48
4211108,417.82,303.74,345.4,354.96
4211207,331.24,296.32,332.2,317.02
4211256,378.47,328.16,358.9,353.43
4211306,367.65,316.37,306.9,333.26
4211405,501.76,422.89,535.2,476.46
4211454,504.41,425.68,525.7,476.52
4211504,357.65,296.53,276.2,314.7
4211603,359.12,310.26,351.2,337.22
4211652,596.94,439.58,572.7,526.67
4211702,318.24,300.21,295,305.74
4211751,355.35,319.89,307.8,330.37
4211801,506.47,388.84,480.9,452.33
4211850,555.06,422.21,547.7,498.59
4211876,513,426.58,529.5,480.89
4211892,391.35,328.42,346.5,355.61
4211900,367.47,328.89,319.4,341.09
4212007,621.82,458.53,599.6,549.54
4212056,387.18,315.16,325.4,344
4212106,503,434.63,554,485.85
4212205,410.76,303.11,339.8,350.87
4212239,570.06,410.47,575.4,505.3
4212254,352.59,321.79,362.9,342.11
4212270,573.12,431.42,530.9,505.41
4212304,360.65,316.05,322.5,333.93
4212403,301.41,270.32,299.6,288.17
4212502,370.59,318.11,308.5,335.41
4212601,511.29,414.32,480.8,464.61
4212650,324.53,290.53,335.3,312.83
4212700,352,312.74,297.2,323.87
4212809,379.06,314.68,307.2,336.85
4212908,497.47,417.74,533.1,472.28
4213005,466.94,349.16,453.4,415.35
4213104,503.24,402.26,479.5,456.37
4213153,507.24,429.11,541.3,482.37
4213203,389.65,310.42,308.3,339.24
4213302,393.71,313.68,340.3,349.04
4213351,422.47,319.53,360,366.37
4213401,541.94,425.68,517.5,488.61
4213500,351.65,325.58,276.4,324.52
4213609,468.18,332.58,399.7,397.28
4213708,363.35,308.26,306.4,328.22
4213807,366.12,327.79,366.5,350.37
4213906,496,396.16,482.9,451.91
4214003,362.41,292.84,301.6,320.46
4214102,343.29,300.79,289.1,313.96
4214151,621.24,449.53,582.2,541.83
4214201,546.06,421.74,537.3,492.8
4214300,350,303.79,274.8,314.57
4214409,453.47,328.79,422,395.13
4214508,405.59,302.05,325.4,345.39
4214607,369.29,303.47,311.8,329.61
4214706,380.76,308,310.4,335.41
4214805,356.53,295.58,290.9,317.09
4214904,340.12,276.79,310.9,307.61
4215000,391.06,302.21,308.6,336.43
4215059,377.94,327.53,337.6,348.35
4215075,528.88,433.53,559.4,496.13
4215109,366.47,285.89,287,315.91
4215208,526.76,406,569.1,486.09
4215307,387.71,296.37,336.2,338.78
4215356,543.94,436.11,573.5,505.83
4215406,484.94,355.84,463.2,426.89
4215455,330.65,296.74,337,318.02
4215505,418.41,302.68,349.3,355.59
4215554,533.88,438.26,573,502.89
4215604,340.12,276.79,310.9,307.61
4215653,353.24,322.42,369.3,344
4215679,404.35,298.84,335.5,345.8
4215687,558.65,438.37,579.4,513.48
4215695,557.41,417.68,520.2,491.61
4215703,366.18,323.58,315.2,337.5
4215752,588.65,448.68,587.2,530.52
4215802,387.76,306.16,283.1,331.3
4215901,363.53,307,321.9,331.13
4216008,507,425.05,556.2,483.85
4216057,413.24,318.16,354.4,361.17
4216107,593.76,424.37,551.6,514.63
4216206,458.94,374.47,354.7,401.39
4216255,537.94,453.84,572.1,510.63
4216305,359.65,296.42,278.4,315.87
4216354,387.82,321.21,295.7,340.28
4216404,356.71,330.21,365.1,347.59
4216503,398.18,338.37,370.5,367.46
4216602,345.94,318.26,278.9,319.93
4216701,611.76,447.58,584.5,538.02
4216800,413.47,338.42,362.1,371.3
4216909,586.53,445.89,587.1,528.57
4217006,293.88,268.84,287.8,282.22
4217105,310.12,283.47,304.3,297.85
4217154,514.41,405.63,557.9,478.93
4217204,539.35,397.32,561.5,485.5
4217253,356.94,303.95,280.5,318.43
4217303,507.18,421.47,537.7,478.41
4217402,476.94,387.11,362.5,414.96
4217501,514.59,428.68,523,480.93
4217550,532.94,436.26,566.1,500.22
4217600,357.53,308.74,334.8,332.43
4217709,349.65,320.11,373.8,342.7
4217758,523.35,434.63,547.8,492.02
4217808,380.24,298.89,330.2,335.76
4217907,467.41,357.47,445.3,417.2
4217956,528.06,423.89,552.6,490.37
4218004,347.41,323.26,269.4,320.48
4218103,385.82,341.11,374.1,364.8
4218202,370.88,291.79,292.8,321.24
4218251,421.82,298.16,349,354.91
4218301,401.18,288.68,321.5,337.39
4218350,322.59,284.95,313.2,305
4218400,316.12,289.74,323.8,306.89
4218509,480.94,369.53,465.3,431.52
4218608,362.94,308.32,297.2,326.09
4218707,312,284.95,319,302.35
4218756,533.88,438.26,573,502.89
4218806,365.35,334.68,375.1,354.8
4218855,525.29,436.63,528.5,489.37
4218905,360,317.95,312.6,332.33
4218954,392.12,333.32,355.6,359.89
4219002,309.82,274.47,316,296.57
4219101,546.35,412.68,528.7,487.3
4219150,444.94,369.26,413.1,406.76
4219176,525.94,422.05,509.6,479.48
4219200,342.35,294.26,296.8,312.59
4219309,467.65,350.79,442.4,413.89
4219358,369.12,288.63,318,324.76
4219408,366.18,295.32,309.5,324.59
4219507,544,417.74,537.2,490.37
4219606,528.94,441.84,539.6,495.28
4219705,530.94,416.95,524.9,482.54
4219853,502.29,380.89,491.5,449.8
4220000,356.35,312.42,346.5,336.07
4300034,437.12,349.63,363.8,385.04
4300059,493.88,422.63,476,460.57
4300109,509.94,454.11,467.1,477.57
4300208,522.18,444.74,543.7,494.87
4300307,518.12,444.42,515.6,487.13
4300406,437.71,418.84,386,418.67
4300455,533.65,465.16,547.3,508.33
4300471,498.35,447.79,504.3,478.76
4300505,515,436.84,533.3,486.7
4300554,485.35,443.95,450.5,460.67
4300570,451.41,396.53,446.3,427.63
4300604,394.12,367.79,370.3,378.07
4300638,410.18,336.37,365,369.87
4300646,527.65,453.74,546.4,501.2
4300661,444.82,380.53,406.1,409.85
4300703,453.71,429.63,416.6,435.7
4300802,490.18,388.79,419.1,432.85
4300851,408.35,345.58,366.8,373.39
4300877,411,382.37,400.8,396.96
4300901,517.47,427.68,525.4,482.11
4301008,442.41,417.95,434.2,430.52
4301057,366.94,346.21,372.5,359.59
4301073,448.35,352.21,381.6,394.13
4301107,401.65,373.16,363,381.48
4301206,491.82,432.05,462.8,460.83
4301305,391.35,324.11,372.2,359.41
4301404,496.47,435.95,440.1,459.22
4301503,513.76,488.05,517.7,504
4301552,519.94,431.37,503.1,479.7
4301602,437.06,356.74,384.8,392.52
4301636,379.71,345.37,367.5,362.87
4301651,445.41,401.37,439.9,426.02
4301701,521.35,458.16,538.8,499.04
4301750,413.47,384.47,372.5,392.59
4301800,500.12,405.47,507.9,462.72
4301859,524.71,447.26,520.2,491.74
4301875,357.88,297.95,344.7,330.26
4301909,407.47,372.37,365.9,383.93
4301925,519.12,455.79,538.2,497.11
4301958,521.47,461.89,509,494.15
4302006,498,435,460.2,463.76
4302055,529.29,463.84,544.4,505.54
4302105,411.35,378.74,430.4,402.02
4302154,524.35,454.11,513.9,493.07
4302204,512.94,449.21,512.8,486.59
4302220,523.94,494.26,514.8,509.7
4302238,505.06,451.37,494.6,480.61
4302253,439.35,406.53,421.3,421.87
4302303,407.47,351.74,382.5,379.02
4302352,446.88,391.21,437.6,421.87
4302378,504.29,445.58,506.3,480.48
4302402,416.12,388.63,396,400.39
4302451,511.06,452,457.5,475.02
4302501,520.82,512.74,485.7,509.85
4302584,515.94,448.37,540.9,493.46
4302600,508.94,438.74,507.7,479.67
4302659,412.65,387.26,413,402.24
4302709,404.53,385.63,358.8,386.78
4302808,441.59,387.74,393.6,408.91
4302907,479.59,424.68,431.5,446.46
4303004,432.76,395.42,400.8,410.39
4303103,394.12,367.79,370.3,378.07
4303202,506.65,414,496.9,466.26
4303301,490,434.63,502,469.74
4303400,537.82,458.63,539.1,505.39
4303509,408.24,343.37,366.7,372.41
4303558,488.94,433.26,452.5,458.02
4303608,384.59,338.26,359.3,359.96
4303673,466.06,392.79,429,427.74
4303707,509.12,431.47,518.1,479
4303806,520.06,459.74,540.5,499.59
4303905,400.24,383.58,397.5,392.76
4304002,505.82,450.37,505.7,482.89
4304101,483.18,437.68,460.5,459.46
4304200,511.53,455.21,477.5,480.87
4304309,504.59,422.32,504.5,470.59
4304358,423.65,347.53,363.4,379.11
4304408,444,388.16,435.2,419.02
4304507,441.29,346.58,385.5,390.04
4304606,402,370.11,383.8,384.87
4304614,479.47,429.79,449,452.33
4304622,496.88,404.47,483.3,455.76
4304630,370.76,356.79,377.6,366.48
4304655,503.76,496.58,478.7,495.35
4304663,384,315.11,355.9,349.43
4304671,383.59,346.21,359.7,362.96
4304689,402.06,378.68,389.6,389.7
4304697,445.65,413.58,431.2,429.26
4304705,499,443.05,495.8,475.2
4304713,400.47,369.84,388.2,385.15
4304804,428.29,393.21,431.6,414.52
4304853,510.71,420.42,491,469.13
4304903,482.06,398.95,445.3,439.74
4304952,479,419.68,461.4,450.67
4305009,525.94,461.32,534.3,501.07
4305108,462.59,398.74,454.7,434.5
4305116,519.94,431.37,503.1,479.7
4305124,409.53,333.32,379.3,371.48
4305132,516.76,464.16,478.6,486.74
4305157,543.59,466.63,522.4,507.2
4305173,411.76,376.58,381.1,390.57
4305207,494.29,413.21,520.7,466.54
4305306,510.76,462.11,507.1,489.87
4305355,399.18,358.68,363.1,374.61
4305371,514.88,430.47,511.3,479.24
4305405,524.76,468.63,538,504.46
4305439,374.12,302.47,346,338.41
4305447,416.29,343.89,367.7,375.83
4305454,382.35,348.16,360.7,363.52
4305504,497.65,416.42,467.9,457.63
4305587,422.82,408.21,426.3,417.54
4305603,504.82,435.89,477.4,470.39
4305702,516.47,469.05,520.1,497.67
4305801,524.82,459.47,538.6,500.83
4305835,466.24,416.21,430.3,437.76
4305850,499.88,444.53,502.7,477.63
4305871,506.88,473.84,524.1,496.98
4305900,503.53,434.74,515.2,477.65
4305934,416.47,395.21,413.1,406.96
4305959,428,372.32,408,400.65
4305975,513.94,435.47,487.6,475.8
4306007,479.71,431.37,490.6,462.11
4306056,412.18,337.95,366.9,371.67
4306072,546.53,452.58,545.6,507.52
4306106,514.82,460.32,504.8,490.13
4306130,523.82,462.84,536.2,501.33
4306205,422.29,414.63,397.8,413.8
4306304,481.94,409.89,448.1,444.83
4306320,497.12,434.79,515.2,475.3
4306353,500.53,454.79,513.5,484.46
4306379,474.24,438.37,433.9,450.65
4306403,433.24,402.32,437,421.28
4306429,523.88,428.37,493.5,477.83
4306452,452.12,418.68,415.4,430.33
4306502,415.76,359.95,380.3,385
4306551,367.12,339.63,372.4,356.91
4306601,453.82,356.42,390.5,399.83
4306700,502.47,457.74,469.1,476.74
4306734,480.82,431.68,525.6,470.26
4306759,456.29,428.89,433,439.91
4306767,398.65,357.84,360.2,373.43
4306809,445.65,413.58,431.2,429.26
4306908,413.65,361.53,382.3,385.3
4306924,524.82,459.47,538.6,500.83
4306932,501.24,466.21,505,487.59
4306957,532,462.53,560,509.39
4306973,511.65,447.89,514.7,485.98
4307005,521.24,446.84,518.1,489.83
4307054,504.88,447.16,476.6,474.89
4307104,412.18,344.42,373.2,375.72
4307203,515.12,430,527.2,482.59
4307302,513.65,443,500.4,481.59
4307401,481.47,397.21,473.3,444.89
4307450,481,430.53,493.1,462.78
4307500,489,451.21,442.7,463.33
4307559,519.65,442.47,502.6,484.07
4307609,420.47,392,422.9,409.24
4307708,394.76,369.42,382.4,381.61
4307807,413.76,405.95,412.1,410.17
4307815,487.53,433.32,463.6,459.93
4307831,504.94,489.11,500.9,497.52
4307864,453.12,394.11,414.2,420.28
4307906,456.59,400.53,447.2,431.39
4308003,506.76,457.47,474.6,479.41
4308052,519.88,439.37,538.7,490.72
4308078,428.94,411.84,413.7,418.57
4308102,452.06,393.95,439.5,425.33
4308201,449.47,375.11,419.5,412.24
4308250,514.24,434.16,498.7,477.78
4308300,481.35,421.89,439.2,447.63
4308409,470.65,434.79,440.3,449.24
4308433,457.29,430.79,425.1,439.35
4308458,486.59,436.21,472.3,462.67
4308508,529.76,447.68,535.3,497.07
4308607,430.35,394.21,435.8,416.61
4308656,485.47,465.79,498.5,480.17
4308706,523.65,436.21,516,485.87
4308805,416.35,371.21,369.7,387.57
4308854,496.41,417.95,470,458.26
4308904,516.29,439.16,508.2,482.67
4309001,533.41,458.95,527.9,501.46
4309050,395.94,356,387.1,377.52
4309100,459.06,392.47,443.6,428.2
4309126,539.12,449.37,544.3,503.17
4309159,508.71,450.79,472.7,476.96
4309209,398.59,368.26,380.1,382.04
4309258,468.53,398.05,429.5,430.93
4309308,400.24,367.21,360.7,378
4309407,480.12,428.68,424.8,446.85
4309506,521.18,447.16,527.6,492
4309555,423.88,387.32,423.8,408.76
4309571,509.47,460.37,474.4,481.57
4309605,472.12,419.79,498.4,456.22
4309654,419.53,350.63,365,379.22
4309704,501.65,443.05,508.1,478.85
4309753,499.18,445.74,468.5,470.43
4309803,494.71,422.89,482.5,462.39
4309902,473.47,417.11,460.9,447.46
4309951,492.24,441.37,464.6,465.22
4310009,508.35,450.95,491.5,480.98
4310108,427.82,389.05,407.6,407.41
4310207,515.88,451.32,533.7,493.09
4310306,473.94,423.16,431.7,443.78
4310330,391.41,364.47,378.5,377.48
4310363,422.76,405.16,418,414.46
4310405,529.65,459.89,540.5,503.2
4310413,534.94,461.74,545.1,506.91
4310439,475.82,391.79,431.5,431.48
4310462,523.53,444.95,514.8,489.17
4310504,530.59,456.16,558.4,505.89
4310538,489.88,458.63,468.5,472.33
4310553,509.41,507.32,492.7,504.91
4310579,492.65,425.63,457.3,457.28
4310603,437.53,418.79,418.6,425.67
4310652,377.41,355.37,373.4,367.43
4310702,503.65,430.63,529,479
4310751,491.65,447.84,469.1,468.65
4310801,429.82,393.26,430.6,414.89
4310850,541.71,449.63,522.2,499.43
4310876,488,435.53,460.9,460.43
4310900,508.35,456.47,531.2,491.89
4311007,403.65,327.21,358,362.15
4311106,494.71,469.95,464.5,477.91
4311122,385.41,350.58,367.4,367.11
4311130,508.29,491.21,478.8,494.83
4311155,509.76,483.47,498.3,496.41
4311205,480,449,457.9,462.39
4311239,511.94,449.21,470.8,477.09
4311254,516.41,444.95,461.5,474.96
4311270,505.41,431.95,465.4,466.37
4311304,493.53,425.63,463.5,458.96
4311403,440.41,428.89,419.5,431.11
4311429,531.82,460.53,512,498.07
4311502,452.59,381.53,393,410.28
4311601,535,458.21,540.3,504.43
4311627,429.29,395.11,430.1,415.35
4311643,452.06,393.95,439.5,425.33
4311700,494.24,377.79,487.8,444.74
4311718,455.88,458.42,444.2,454.39
4311734,372,333.42,359.3,353.3
4311759,482.59,448.05,435.4,458.07
4311775,393.12,371.21,381.6,381.57
4311791,417.24,386.53,424,406.02
4311809,505.94,432.16,460.1,465.5
4311908,516.47,418.47,484.6,469.07
4311981,402.82,370.63,359.5,380.11
4312005,519.35,428.79,512.4,480.43
4312054,474.47,432.63,433.8,448.35
4312104,490.59,464.16,470.8,475.37
4312138,512.18,430.84,469.1,469.22
4312153,434.82,412.26,406.6,419.37
4312179,499.29,434.58,502.2,473.2
4312203,514.35,417.11,490.6,469.02
4312252,405.18,379.11,356.3,383.78
4312302,503.82,437.95,496.2,474.96
4312351,488.53,401.11,450.4,444.13
4312377,435.59,393.79,423.2,415.63
4312385,399.76,385.32,399.8,393.8
4312401,392.35,363.58,376.8,377.09
4312427,496.53,446.37,464.3,468.8
4312443,368.53,338.84,369,356.37
4312450,438.94,343.89,383.1,387.54
4312476,433.24,402.32,437,421.28
4312500,371.65,346.53,348.3,356.2
4312609,439.47,405.58,420.4,421.33
4312617,466,397.79,454.6,435.35
4312625,480.06,413.42,463,448.83
4312658,501.82,432.21,478.8,468.07
4312674,492.76,439.79,467,465.28
4312708,525.06,442.53,541.4,494.52
4312757,492.65,425.63,457.3,457.28
4312807,482.88,382.53,431.8,430.33
4312906,480.94,385.84,438.3,432.39
4312955,521.24,456.47,510.9,492.24
4313003,449.59,408.32,425.2,427.24
4313011,482.35,427.32,496.9,462.78
4313037,503.65,474.58,471.8,484.72
4313060,427.41,387.79,422.6,410
4313086,445.76,395.84,422.1,420
4313102,502.59,455.89,470.7,476.37
4313201,467.18,402.53,448.2,436.35
4313300,478.53,379.05,407.9,422.09
4313334,525.59,469.58,537.1,504.96
4313359,455.47,396.58,416.6,422.7
4313375,403.82,365.47,379.1,382.61
4313391,507.12,456.53,471.1,478.39
4313409,396.59,367.63,381.5,381.35
4313425,489.53,438.05,513.3,473.43
4313441,540.18,459.79,542,507.37
4313466,534.65,468.79,518,503.83
4313490,528.12,469,517.8,501.46
4313508,391.35,356.53,363.2,370.85
4313607,503.06,416.26,487,463.72
4313656,374.35,351.84,361.9,362.35
4313706,522.29,461.37,520.4,496.72
4313805,515.24,439.05,505.2,481.59
4313904,524.47,461.95,528,499.41
4313953,429.29,401.42,389.1,409.04
4314001,482.88,382.53,431.8,430.33
4314027,510.59,455.26,477.3,480.5
4314035,406.82,378.79,404.6,394.76
4314050,413,377.16,403.2,396.07
4314068,513.47,448.84,480.9,479.7
4314076,443.24,410.11,414.8,423.37
4314100,506.29,437.11,476.8,471.3
4314134,515,444.58,519.1,486.8
4314159,415.88,384.95,411,402.04
4314175,430.41,354.16,380.3,388.02
4314209,399.71,329.95,370.4,364.52
4314308,518.94,458.53,528.5,496.07
4314407,436.82,328.58,379.8,379.72
4314423,451.24,396,443,426.63
4314456,535.35,450.16,525.1,497.93
4314464,508.71,410.37,502.1,466.65
4314472,489.88,429.16,470,460.48
4314498,525.29,455.89,523.6,496.26
4314506,421.06,345.37,372.4,379.22
4314548,443.59,386.84,423.4,415.76
4314555,506.12,452.79,503.2,483.46
4314605,422.65,353.26,383.2,385.41
4314704,537.18,451.11,551,504.63
4314753,427.18,400.95,443.2,419.83
4314779,517.94,451.26,518.9,490.61
4314787,521.53,460.11,535.4,499.17
4314803,418.47,382.37,421,404.11
4314902,400.94,377,375.8,385.59
4315008,511.88,451.63,522.5,489.3
4315057,490.29,434.89,506.2,470.87
4315073,525.29,448.21,513.8,490.96
4315107,503.24,458.21,503.5,484.7
4315131,462.18,441.11,439.8,448.61
4315149,429.82,393.26,430.6,414.89
4315156,490.59,430.95,445.5,456.15
4315172,474.82,378.26,418.3,422.65
4315206,478.41,418.11,436,444.28
4315305,411.53,370.58,368,385.15
4315313,514.88,444.26,511,484.87
4315321,508,472.11,483.6,487.87
4315354,492.12,441.95,474.1,467.48
4315404,513.41,435.47,501,478.52
4315453,463,415.26,431.8,436.5
4315503,474.88,437.58,451.4,454.37
4315552,505.24,426.95,541.1,480.7
4315602,357.94,309.84,341.4,334.48
4315701,431.47,411.95,396.1,415.72
4315750,392.24,375.16,383,383.17
4315800,440.47,409.32,425.4,424.33
4315909,536.76,455.79,545.6,505.24
4315958,490.18,412.95,515.4,463.76
4316006,396,368.68,385.1,382.35
4316105,527.24,467.53,533.3,503.89
4316204,517.65,458.21,519.5,493.5
4316303,512.41,455.84,510.9,488.72
4316402,460.65,402.11,400,423.28
4316428,534.12,466.58,518.6,502.85
4316436,518.88,459.42,509.4,492.26
4316451,487.06,435.37,478.1,463.76
4316477,501.65,426.11,518.1,474.02
4316501,424.76,395.63,429.9,413.85
4316600,498.35,421.05,494.6,465.61
4316709,517.24,462.16,500.2,490.78
4316733,499.24,423.95,480.4,464.04
4316758,451.24,427.79,425.6,435.98
4316808,479.65,441.32,437.2,454.59
4316907,483.24,449.05,448.7,461.61
4316956,456.06,403.79,446.5,432.39
4316972,450.65,389.53,396.6,413.65
4317004,422.71,367.84,385.8,392.02
4317103,452.06,373.37,376.6,403.15
4317202,513.65,442.89,538.2,489.76
4317251,426.82,387.95,408.5,406.78
4317301,378.76,302.32,341.7,339.13
4317400,515.88,492.11,480.2,498.3
4317509,518.88,457.68,532.4,496.54
4317558,497.18,417.53,452.1,454.48
4317608,395.29,357.63,369.7,374.17
4317707,486.41,464.47,493.7,478.93
4317756,502.53,451.05,481.7,476.74
4317806,520.65,464.58,528.8,499.26
4317905,524.53,452.16,518.6,493.35
4317954,502.12,424.05,491,467.46
4318002,449.53,461.79,440.8,452.7
4318051,476.94,396.63,439.1,435.54
4318101,492.18,470.68,463.4,477.04
4318200,405.88,359.05,389.7,383.02
4318309,439,377.11,385.8,401.87
4318408,411.59,388.47,359.9,390.8
4318424,509.06,422.11,486.7,468.28
4318432,488.24,451.68,456.4,466.22
4318440,474.94,398.47,438.4,435.41
4318457,534.12,466.58,518.6,502.85
4318465,461.24,433.79,437.1,444.65
4318481,429.29,395.11,430.1,415.35
4318499,529.29,462.37,549.8,506.11
4318507,381.65,326.42,334.1,348.5
4318606,512,413.58,507.9,470.46
4318614,423.88,387.32,423.8,408.76
4318622,393.82,350.68,381.6,373.35
4318705,401.06,376.37,388.2,388.07
4318804,414.12,340.63,366,373.3
4318903,511.06,474.47,510.5,495.83
4319000,469.59,369.58,435.8,420.93
4319109,515.18,460.53,520.7,493.8
4319125,494.35,469.42,467,478.11
4319158,501.06,492.68,494,496.07
4319208,491.94,451.63,501.4,477.35
4319307,512.47,451,517.8,488.24
4319356,424.76,395.63,429.9,413.85
4319364,531.82,460.53,512,498.07
4319372,501.18,428.21,522,475.57
4319406,487.71,463.26,468.6,473.46
4319505,427.29,386.37,427.4,410.41
4319604,450.06,397.84,425.1,423.07
4319703,527.12,459.32,544.8,502.96
4319711,433.24,402.89,414.8,416.7
4319737,523.82,458.84,520.2,496.2
4319752,451.41,396.53,446.3,427.63
4319802,479.06,437.32,448.1,455.09
4319901,411,382.37,400.8,396.96
4320008,394.76,369.42,382.4,381.61
4320107,523.06,463.16,517.4,497.09
4320206,534.29,450.89,526.1,498.07
4320230,512.41,451.58,518.9,488.7
4320263,511.82,444.79,474.7,476.07
4320305,495.18,428.37,464.4,460.89
4320321,523.41,450.26,526.5,493.87
4320354,411.24,358.58,369.6,380.43
4320404,490.29,414.26,445.4,449.13
4320453,479.47,429.79,449,452.33
4320503,516.59,440.37,508.5,483.35
4320552,410.82,373.95,367.9,386.26
4320578,523,442.79,525.4,490.39
4320602,520.18,435.26,509.3,482.74
4320651,491.59,448.53,458.3,466.57
4320677,506,453.58,471.5,476.85
4320701,500.18,442.47,475.2,470.91
4320800,482.88,435.58,450.3,456.26
4320859,404.18,378.11,388,389.89
4320909,514.12,430.26,505.8,477.67
4321006,500.82,439.05,461.7,466.8
4321105,400.12,353.32,361.9,372.48
4321204,416.71,363.26,401.1,391.24
4321303,408.41,377.58,373,387.98
4321329,517.65,436.53,498.8,480.04
4321352,389.18,336.47,347.3,358.3
4321402,501.18,451.68,506.1,481.8
4321436,370.76,356.79,377.6,366.48
4321451,437.18,405.84,426.4,421.89
4321469,497.59,451.37,469.6,472.41
4321477,491.59,434.53,500.3,469.91
4321493,498.65,472.32,471.6,481.89
4321501,367.12,339.63,372.4,356.91
4321600,382.12,349.58,356.4,363.09
4321626,449.59,408.32,425.2,427.24
4321634,520.18,435.26,509.3,482.74
4321667,368.76,342.21,370.7,358.22
4321709,430.88,383,415.6,407.78
4321808,506.35,445.58,537.4,488
4321832,371,346.58,370.1,360.72
4321857,515.76,458.53,535.3,496.37
4321907,479.59,429.53,493.4,461.91
4321956,526.71,458.53,549.7,503.54
4322004,398.41,361.32,366.4,376.13
4322103,496.24,439.26,531.9,480.46
4322152,507.82,439,459,468.78
4322186,512,432.58,497.1,475.96
4322202,530.82,482.53,494.7,503.02
4322251,445.53,388.37,436.1,419.87
4322301,509.29,442.47,518.7,483.74
4322327,406.82,339,364.8,369.67
4322343,507.71,426.53,505.6,473.72
4322350,487.82,406.89,449.7,446.11
4322376,511.12,501.79,483.7,501.3
4322400,392.29,345.32,375.1,369.15
4322509,443.35,360.89,435.4,407.57
4322525,418.41,381.95,371.1,393.07
4322533,510.35,461.05,479.4,483.26
4322541,462.94,396.58,444.9,431.61
4322558,481.94,409.89,448.1,444.83
4322608,434.82,412.26,406.6,419.37
4322707,472.06,438.21,440.8,451.28
4322806,442.59,378.16,413.8,409.72
4322855,450.35,413.84,415.7,427.74
4322905,515.65,417.58,497.1,471.11
4323002,386.06,351.95,360.4,366.39
4323101,527.24,454.74,556.8,503.72
4323200,504.94,449.42,464.3,473.17
4323309,482.65,389.74,408.7,428.2
4323358,519.29,439.68,492.1,480.5
4323408,497.82,413.89,446.8,452.07
4323457,456.76,396.63,399.4,419.46
4323507,515.24,439.05,505.2,481.59
4323606,453.12,394.11,414.2,420.28
4323705,524.71,447.26,520.2,491.74
4323754,493.18,450.16,505.9,478.17
4323770,437.18,405.84,426.4,421.89
4323804,388.94,365.68,377.3,376.8
5000203,187.35,171.26,200.4,183.54
5000252,190.29,201.26,202.1,197.39
5000609,363.82,306.53,430.9,354.74
5000708,240.47,243.95,299.6,254.76
5000807,245.12,261.26,310.1,265.91
5000856,269.06,251.63,290.9,266.61
5000906,337.35,306.32,399.1,337.96
5001003,170.65,146.47,165.6,159.57
5001102,195.29,195,251.1,207.3
5001243,379.12,315.47,429,363.67
5001508,211,198.79,223.2,208.61
5001904,242.53,222.11,258.1,237.48
5002001,246.41,259.32,304.4,264.35
5002100,316.47,296.79,359.5,317.7
5002159,215.53,244.63,294.9,244.8
5002209,259.12,260.68,313,271.48
5002308,193.06,193.84,203.5,195.65
5002407,311.41,261.84,354.1,300.22
5002605,164.41,175.74,199.1,176.63
5002704,234.71,215.84,260.6,232.54
5002803,298.06,279.32,364.6,304.78
5002902,180.18,150.42,178,167.41
5002951,189,170,192.4,181.89
5003108,219.41,200.79,265,221.63
5003157,404.71,329.21,437.1,380.57
5003207,137.47,137.58,182.2,147.24
5003256,193.82,182.16,201.3,190.63
5003306,167.06,173.84,207.3,178.61
5003454,280.29,251.32,299.7,272.54
5003488,247.18,227.37,300.8,250.65
5003504,293.71,253,302.3,278.76
5003702,306.12,266.95,330.2,295.17
5003751,376.94,312.16,406.2,356.54
5003801,300.53,262,314.9,287.74
5003900,160.06,176.05,188.4,172.83
5004007,287.18,253.58,305.2,277.22
5004106,288.59,277,322.5,291.17
5004304,355.24,311.53,406.8,348.39
5004403,182.06,161.11,174.4,171.74
5004502,303.94,261.53,320.9,290.11
5004601,341.82,290.11,392.3,331.43
5004700,274.53,259.16,289.9,271.52
5004809,413.12,324.37,416,377.09
5004908,243.94,206.42,242.5,228.13
5005004,283.76,265.11,327.5,285.57
5005103,304,265.68,331.8,294.22
5005152,306.29,261.37,353.6,298.02
5005202,152.12,142.21,196.8,157.74
5005251,339.12,289.42,405.4,333
5005400,284,252.58,295.5,273.52
5005608,187,204.21,247.9,207.35
5005681,416.65,318.58,426.1,378.2
5005707,317.24,280.37,369.5,313.37
5005806,262.18,252.05,299.6,266.13
5006002,247.06,230.47,294.6,250.54
5006200,235.35,247.84,271.9,248.46
5006259,277.29,252.84,305.6,273.35
5006275,170.65,177.74,196.8,179.26
5006309,157.53,146.74,156.6,152.87
5006358,419.65,334.11,431.9,386.98
5006408,173.18,191.58,198.8,186.35
5006606,335.94,304,381.6,332.67
5006903,251.59,254,297.9,262.65
5007109,224.71,193.68,239.4,215.09
5007208,264.18,247.47,303.8,265.89
5007307,200.88,177.21,240.7,199.76
5007406,168.35,167.21,235,182.37
5007505,232.24,205.05,237.9,222.24
5007554,223.47,203,240.1,218.63
5007695,167.94,172.16,222.4,181.52
5007703,402.35,331.42,411,374.93
5007802,173.71,158.11,173.4,167.2
5007901,261.24,231.63,292.2,255.74
5007935,184.76,199.95,203.2,195.04
5007950,396.59,335.05,431.8,378.83
5007976,274.24,242.89,308.1,268.65
5008008,248.65,218.58,295.5,246.41
5008305,179.65,176.79,174.6,177.37
5008404,293.24,255.26,312.8,281.8
5100102,172.94,180.26,174.2,176.24
5100201,142,140.21,152.5,143.54
5100250,259.41,283.37,272.4,272.13
5100300,183.71,170.37,188.3,179.2
5100359,162.82,177.95,156.4,167.67
5100409,163.94,155.84,180.7,164.24
5100508,172.18,181.63,184.8,178.83
5100607,182.76,188.16,193.8,187.39
5100805,278.47,335.16,301.1,306.8
5101001,104.76,84.47,106.4,96.74
5101209,151.18,142.84,175.4,153
5101258,186,195.47,217.9,196.85
5101308,175.41,181.84,202.9,184.04
5101407,235.47,270.68,245.9,252.28
5101605,136.47,117.32,153.3,132.22
5101704,158.94,194.58,189.2,180.24
5101803,116.47,96.11,126.4,110.22
5101852,154.47,167,148.8,158.41
5101902,179.59,180.95,176.9,179.57
5102504,146.41,163.42,179.9,160.72
5102603,132.18,137.05,157.1,139.61
5102637,190.71,184.95,199.7,190.28
5102678,175.88,176.21,167.9,174.28
5102686,220.94,245,228,232.41
5102694,176.24,193.79,170.2,182.17
5102702,134.94,142.63,137.4,138.65
5102793,237.59,265.47,256.2,253.15
5102850,233.94,251.68,236.7,241.87
5103007,186.71,210.68,179.8,195.11
5103056,186.06,228.11,166.2,199.11
5103106,110.94,117.26,116,114.65
5103205,211.71,254.16,217,230.39
5103254,332.59,354.26,335,342.07
5103304,250.35,286.95,240.5,263.33
5103353,186.12,207.05,177.7,192.93
5103361,197.76,210.37,206.7,204.91
5103379,252.24,302.79,272,277.41
5103403,202.06,233.68,206.4,216.07
5103437,152.71,159.42,184.1,162.3
5103452,166.76,189.11,198.7,182.93
5103502,177.65,185.16,203.9,186.46
5103601,186.82,174,184.8,181.09
5103700,181,210.53,194.1,196.04
5103809,171.18,198.37,205.6,189.89
5103858,148.35,160.53,171.7,158.46
5103908,129.53,138.74,168.1,141.72
5103957,146.18,170.68,204.8,169.04
5104104,226.65,260.84,223.7,240.13
5104203,148.35,148.74,182,155.83
5104500,178.71,195.11,208.9,192.04
5104526,164,199,169.2,179.59
5104542,183.24,202.89,176.4,189.87
5104559,195.24,232.79,190.1,209.63
5104609,183.12,181.47,188.5,183.61
5104807,196.47,183.11,197.1,191.09
5104906,169.41,180.16,174.9,175.04
5105002,183,214.63,212.8,202.54
5105101,210.06,252.47,221.6,230.09
5105150,203.18,225.63,231,218.5
5105176,239.41,269.84,249,254.07
5105200,179.41,155.21,152.7,163.61
5105234,164.94,174.95,186.5,173.76
5105259,149.71,155,163.2,154.83
5105309,174.35,189.58,175.8,180.96
5105507,176.12,191.53,208.1,189.43
5105580,193.88,255.11,197.3,219.91
5105606,216.18,253.58,225,233.54
5105622,152.53,157.11,186.1,161.72
5105903,172.18,176.42,170.5,173.57
5106000,179,183.95,205.1,186.72
5106109,175.76,174.32,176.3,175.28
5106158,256,312.32,270.8,282.48
5106174,121.41,115.47,125.8,119.91
5106182,225.47,220.74,218.9,222.09
5106190,201.35,244.95,193.1,217.57
5106208,155.35,177.21,155.8,164.48
5106216,214.24,246.26,234.5,231.87
5106224,167.94,177.89,162.5,170.87
5106232,174.18,199.26,194.5,188.96
5106240,158.35,156.37,175.5,161.26
5106257,123.76,105.32,129.4,117.37
5106265,251,273.05,253.5,260.65
5106273,194.88,231,213.3,213.8
5106281,129.71,131.58,156.5,136.3
5106299,265.53,297.58,287.5,283.54
5106307,154.18,150,179.4,157.93
5106315,152.47,156.47,151,153.8
5106372,178.29,173.95,160.9,172.72
5106422,193.71,247.79,207.9,219.13
5106455,150.29,169.63,159.8,160.35
5106505,155.12,137.63,170,151.13
5106653,113.88,121.05,114.2,116.91
5106703,134.41,132.42,155.6,138.2
5106752,169.24,209,216.1,195.85
5106778,169.59,199.53,165,180.96
5106802,190.76,228.11,189.7,205.96
5106828,167.59,187.58,209,184.85
5106851,149.76,158.21,182.1,160.28
5107008,152.12,149.21,177.1,156.35
5107040,149.65,142.74,154.6,147.87
5107065,162.18,182.89,157.4,169.7
5107107,160.82,179.89,207.5,178.85
5107156,190.53,208.16,222.6,204.78
5107180,139.65,146.05,132.6,140.76
5107198,123.71,122.79,134.2,125.61
5107206,170.94,192.11,210.7,188.33
5107248,174.35,212.26,159,186.67
5107263,200.94,234.89,215.6,218.15
5107297,151.12,136.58,136.2,141.87
5107305,160.24,176.79,174.1,170.09
5107354,169.41,215.42,181,190.93
5107404,181.59,143.53,156.5,160.41
5107578,254.59,262.68,277,262.8
5107602,156.59,143.58,134.2,146.35
5107701,158.29,183.58,153,167.59
5107743,176.59,216.16,185.4,194.85
5107750,183.35,206.95,216.5,200.3
5107768,161.41,157.84,165.4,160.8
5107776,191.71,231.37,212.3,212.57
5107792,131.29,130.84,162.4,137.87
5107800,152.29,157.26,170.8,158.37
5107859,177.18,190.89,166,180.41
5107875,207.59,231.58,216.9,219.52
5107883,163.65,173.16,161.1,167.02
5107909,177.94,205.58,161.5,185.78
5107925,155.35,163.53,159.6,159.65
5107941,198.71,219.42,192.5,205.91
5107958,210.94,227,222.2,220.02
5108006,153.53,173.26,150.4,161
5108055,214.94,255.95,231.7,235.52
5108105,128.35,147.63,175.8,146.63
5108204,124.24,124.16,134.6,126.46
5108303,193.06,227.42,180.9,204.61
5108352,199.94,222.26,215.3,212.5
5108402,179.65,188.42,190.2,185.57
5108501,156.18,183.47,156.2,167.46
5108600,187.18,216.74,192.9,200.63
5108808,226.06,257.42,230.7,240.02
5108857,197.71,220.68,214.2,210.78
5108907,163.12,180,168.9,171.35
5108956,253.47,291.68,278.3,274.65
5200050,149.12,135.95,147.8,143.39
5200100,162.41,132.47,168.4,151.35
5200134,137,121.74,124.2,127.91
5200159,123.47,115.21,141.6,124
5200175,114.41,104.68,110.7,109.59
5200209,118.29,127.05,97.7,117.43
5200258,157.18,121.11,169.6,144.98
5200308,162.71,130.16,160.7,148.83
5200506,135.18,130.89,126.3,131.48
5200555,127.65,115.84,135.3,124.43
5200605,129.47,122,124.7,125.35
5200803,107.94,107.84,127,112.04
5200829,119.24,125.53,119.5,121.89
5200852,124.18,111.16,145.2,123.37
5200902,126.35,105.84,125.9,117.78
5201108,161.88,131.63,164.8,150.02
5201207,120.88,121.26,110.1,118.7
5201306,121.76,115.53,144.1,124.04
5201405,149.24,149.47,155,150.59
5201454,170.29,134.53,159.9,153.26
5201504,194.35,162.58,177.7,177.61
5201603,118.12,117,137.8,121.93
5201702,110.76,108.47,107.3,109.07
5201801,143.29,140.79,136,140.67
5202155,127.18,116.68,140.9,125.83
5202353,124.29,107.53,125.4,117.61
5202502,105.65,104.74,111.2,106.48
5202601,123.35,117.58,141.2,124.85
5202809,115.94,113,135.3,118.93
5203104,113.53,120.53,120.3,117.89
5203203,110.53,99.05,118.2,107.46
5203302,150.18,144.47,147,147.13
5203401,112.94,109.89,114.3,111.98
5203500,144.18,135.68,125.8,136.67
5203559,145.18,143,156.4,146.72
5203575,116.35,131.42,130.7,125.7
5203609,150.47,126,146.5,139.5
5203807,106,94.74,105.9,101.33
5203906,122.41,123.84,101.7,118.5
5203939,128.24,105.32,141.2,121.59
5203962,114,103.74,127,112.59
5204003,123.53,110.89,122,117.98
5204102,144.35,127.79,160.8,141.09
5204201,127.29,113.89,140.1,124.54
5204250,138.94,139.53,126.2,136.41
5204300,144.53,129.47,167.2,143.24
5204409,134.29,131.21,162.8,139.22
5204508,126.06,125.37,101.8,120.5
5204557,143.59,141.32,154,144.91
5204607,132.94,122.68,129.6,127.98
5204656,137.82,125.47,137,132.54
5204706,139.65,128.53,143.4,135.87
5204805,118.53,103,107.5,109.72
5204854,157,127.47,151.9,143.7
5204904,133.12,129,151,135.3
5204953,124.29,114.47,135.8,122.74
5205000,134.76,108.21,157.5,128.74
5205059,138.71,125,124.5,129.96
5205109,123.76,102.79,105.2,111.07
5205208,140.12,121.89,143.1,133.24
5205307,123.47,111.74,114.2,116.61
5205406,134.18,112.16,163.3,131.41
5205455,131.71,123.74,132,128.48
5205471,197.24,174.74,194,187.24
5205497,141,122.68,155.9,136.67
5205513,159.47,131.11,175,151.13
5205521,130,123.68,112.9,123.67
5205703,127.29,111.16,136.6,122.65
5205802,166.59,133.11,173.7,154.3
5205901,112.59,119.63,107.8,114.46
5206206,129.71,114,128.5,122.96
5206305,135.47,122.53,120.4,126.85
5206404,124.94,118.05,144.3,126.3
5206503,146,140.95,134.6,141.43
5206602,122.29,120.89,109.8,119
5206701,116.71,105.47,132.6,115.52
5206800,148.41,124.11,144.8,137.59
5206909,131.59,95.68,102.2,110.37
5207105,132.47,106.37,127.8,120.67
5207253,127.71,117.74,141.2,126.52
5207352,131.59,119.74,133.6,127.13
5207402,129.76,117.53,126.9,124.09
5207501,142.71,131.26,142.4,137.91
5207535,125.94,109.21,146.6,123.52
5207600,126.71,98.47,126.4,114.98
5207808,119.24,119.84,138.3,123.63
5207907,112.59,106.84,126.9,113.33
5208004,124.71,105.53,126.8,117.24
5208103,142,131,142.9,137.65
5208152,155.41,132,154.7,145.59
5208301,119.12,117.74,133.6,121.7
5208400,155.65,139.26,153.9,148.5
5208509,121.41,114.21,106.2,115.13
5208608,117.12,100.47,142.2,115.7
5208707,153.88,141.68,159.2,150
5208806,143.24,126.47,145.8,136.87
5208905,124.82,110.58,149.7,124.35
5209101,139.41,127.84,129,132.37
5209150,134.76,122.89,133.3,129.54
5209200,134.47,137.16,132.4,135.13
5209291,132.35,111.21,160.4,129.72
5209408,113.82,116.37,129.4,118.26
5209457,120.82,112.26,145.1,122.57
5209606,139.18,108.74,163.4,131.87
5209705,147.41,143.84,147.4,145.93
5209804,121.47,110.84,132,119.37
5209903,112.18,109.05,121.7,112.96
5209937,137.71,134.74,128.5,134.48
5209952,126.12,117.95,134.4,124.54
5210000,133.65,111.05,132.8,124.13
5210109,116.88,110,104.7,111.39
5210158,138.35,114.26,166.6,134.54
5210208,125.18,105.74,123.5,116.78
5210307,127.76,97.21,131.4,115.93
5210406,128.76,111.32,142.7,124.59
5210562,139.82,109.79,157.7,131.3
5210604,133.76,108.84,156.5,128.41
5210802,149.88,148.05,172.7,154.09
5210901,123.41,113.84,149.2,125.07
5211008,114.53,101.16,127.6,111.85
5211206,134.35,105.47,150.8,126
5211305,156.24,142.74,172.1,154.11
5211404,134.18,110,145.3,126.61
5211503,135.12,147.79,115.1,136
5211602,125.18,103.21,128.6,116.85
5211701,126.06,120.05,144.1,127.5
5211800,152.06,120.11,175.3,143.91
5211909,184.35,135.11,169.8,160.85
5212006,128.82,105.47,125,118.35
5212055,146.29,123.16,163.3,140.43
5212105,133.47,115.79,129.5,125.3
5212204,104.88,92.84,113.2,101.72
5212253,141.35,148.74,170.2,150.67
5212303,152.59,143.05,152.9,148.72
5212501,137.76,119.79,133.7,129.46
5212600,139.41,134.89,132.8,136.11
5212709,118.65,106.32,138.9,117.96
5212808,125,122.58,118.5,122.59
5212907,119.59,126.42,100.1,118.17
5212956,106.88,96.68,117.4,104.96
5213004,140.29,125.53,122.9,130.41
5213053,106.65,98.53,121.2,106.46
5213087,127.71,143.84,123.7,133.5
5213103,164.76,171.89,182.8,171.63
5213400,128.82,105.26,134.4,120.3
5213509,106.06,94.84,116.3,103.65
5213707,109.12,104.68,119.6,109.57
5213756,160.76,128.16,148.6,144.65
5213772,123.88,139.21,131.8,131.93
5213806,133.71,126.74,118.1,127.43
5213855,126.47,109.53,155.8,125.85
5213905,126,109.95,140.4,122.5
5214002,109.65,109.05,118.1,111.24
5214051,104.47,119.05,122.9,114.5
5214101,148.71,137.74,133.1,140.78
5214408,114.24,116.37,135.5,119.74
5214507,155.06,135.74,151.9,146.39
5214606,104.35,95.95,121.5,104.61
5214705,139.76,113.63,165.6,134.59
5214804,114.94,118.47,105,114.24
5214838,110.18,114.26,113.4,112.57
5214861,133.82,115.95,157.1,131.5
5214879,127.76,115.89,129.9,123.33
5214903,115.94,106.32,115.4,111.85
5215009,150.47,126,146.5,139.5
5215207,132.41,97.63,130.1,117.54
5215231,161.53,128.53,156.9,146.89
5215256,118.88,137.47,138.5,130.83
5215306,125.76,114.89,117.3,119.43
5215405,149.53,122.89,144.2,137.37
5215504,129.12,102.32,97.2,111.11
5215603,127.71,106.16,149.6,123.57
5215652,126.18,102.74,136.6,118.76
5215702,124.53,118.74,133.2,124.02
5215801,130.53,108.26,109.2,116.7
5215900,127.24,132.26,141,132.3
5216007,131.18,141.74,117.5,132.57
5216304,122.47,125.89,153.3,130.59
5216403,134.53,118.26,138.8,128.74
5216452,156.59,156.89,179.4,161.67
5216809,152.18,118.26,156.5,139.11
5216908,119.76,110.16,132.1,118.48
5217104,138.12,137.11,115,132.67
5217203,116.47,117.47,126.3,119.02
5217302,164.29,128.05,177.3,152.15
5217401,127.47,108.05,111.4,115.96
5217609,135.65,112,138.9,126.59
5217708,131.88,124.37,130,128.37
5218003,138.71,137.95,133.5,137.26
5218052,137,122.11,122.4,127.67
5218102,155.41,155.05,166.2,157.61
5218300,115.94,113.68,130.7,118.22
5218391,142.82,136.95,132.6,138.17
5218508,134.88,118.47,145.3,130.37
5218607,128.12,104.53,156.6,124.57
5218706,131.12,105.63,157.7,126.37
5218789,122.76,127.47,99.4,119.63
5218805,167.94,131.47,149.1,148.78
5218904,136.24,113.42,162.4,132.5
5219001,121.65,112.79,135,120.89
5219100,123.24,109.89,137.4,120.8
5219209,130.82,115.53,111.7,120.35
5219258,107.59,95.42,116.2,104.43
5219308,141.29,122.68,123.9,129.83
5219357,123.88,99.58,147,118.87
5219407,162.94,156.84,175,163.04
5219456,116.76,102.95,117.9,111.3
5219506,145.35,121.68,160,138.76
5219605,151.71,136.37,143.8,143.65
5219704,114.12,109.37,131.4,115.91
5219712,148.76,122.84,132.2,134.46
5219738,153.41,133.26,149.3,144.2
5219753,165.29,135.63,164.8,152.93
5219803,113.65,114.58,126.6,116.85
5219902,155.47,123.79,170.9,145.74
5220009,120.35,119.37,113.3,118.41
5220058,118.71,126.16,143.8,127.24
5220108,115.94,115.79,138.5,120.78
5220157,124.71,108.63,142.2,121.87
5220207,119.29,137.58,143.7,132.15
5220264,140.88,127.05,140.3,135.04
5220280,125.88,113.21,155.3,127.04
5220405,116.18,116.53,148.3,123.3
5220454,152.18,139.63,154,147.39
5220504,190.29,179.68,184.1,184.57
5220603,145.18,126.84,146.3,137.85
5220686,115.35,106.84,122.2,113.33
5220702,115,109.58,131.8,116.41
5221007,134.47,112.05,148.5,128.26
5221080,114.47,107.16,121.2,112.91
5221197,149.12,134.47,152.5,143.8
5221304,127.94,104.26,97.2,111.48
5221403,146.88,127.89,136.5,136.78
5221452,137.88,128.63,132,132.78
5221502,119.24,114.89,137.6,121.43
5221551,142.18,122,120.6,129.15
5221577,112.12,106.26,126.8,112.89
5221601,119,113.68,125.1,118.13
5221700,134.71,105.42,159.4,127.98
5221809,123.82,105.74,109,113.13
5221858,161.29,130.95,158,148.04
5221908,132.65,129.42,132.1,131.2
5222005,125.76,117.68,121.4,121.48
5222054,132.18,117.37,130.4,125.67
5222203,110.94,109.95,115.6,111.54
5222302,117.35,97.47,136,113.2
5300108,142,127.32,154.5,138.65
