code_muni,en,ln,n,med
1100015,849.12,825.37,879.8,845.98
1100023,934.18,871.16,977,917.46
1100031,887.06,872.37,921.3,888.43
1100049,929,900.89,919.5,915.33
1100056,840.88,830.05,900.6,849.39
1100064,885.24,881.42,937.3,894.98
1100072,836.12,843.05,906,854.17
1100080,727.53,737.84,766.5,740.26
1100098,898.94,915.47,928,912.09
1100106,716.47,702.68,772,722.85
1100114,902.12,881.16,921.6,897.7
1100122,946.59,892.42,930,920.61
1100130,1012.12,1007.05,1123.2,1034.17
1100148,895.59,829.37,858.5,860.17
1100155,934.18,853.89,926.4,899.33
1100189,871.53,916.84,941.2,905.39
1100205,915.53,919.79,946.5,924.02
1100254,957.53,844.11,917.2,901.91
1100262,1006.82,1007.79,1065.3,1019.93
1100288,889.71,867.53,891.8,881
1100296,891.47,867.21,895.2,882.26
1100304,880.06,922.16,929.7,908.24
1100320,828.82,820.37,844.6,828.76
1100338,860.82,823.21,825.5,837.61
1100346,873.82,837.21,869.3,857.72
1100379,842.59,832.79,902.9,851.65
1100403,952.47,923,989.8,948.41
1100452,957,992.74,985.8,978.02
1100502,915.88,855.32,862.2,879.2
1100601,872.94,836.53,947.3,874.07
1100700,902.88,996.11,981.6,958.5
1100809,1002.71,1051.05,1128.2,1049.96
1100908,936.88,853.16,898.3,893.91
1100924,816.35,865.79,915.5,858.33
1100940,1013.12,1004.37,1096.7,1027.67
1101005,886.82,900.16,925,900.63
1101104,1000.65,1010.79,1090.4,1024.35
1101203,960.12,856.21,927.4,910.09
1101302,895,875.16,880.7,883.7
1101401,911.82,917.79,984.5,930.09
1101435,908.76,853.05,882.8,880.11
1101450,848.12,860.11,920.3,868.76
1101468,837.12,824.63,914.3,848.74
1101476,890.65,881.89,925.8,894.67
1101484,890.18,873.58,911.3,887.91
1101492,758.59,778.47,800,775.8
1101500,794.88,821.16,832.1,813.83
1101559,919.82,859.47,896.7,889.87
1101609,994.47,930.26,1004.9,970.22
1101708,906.18,853.53,892,881.35
1101757,985.65,958.16,1057.2,989.85
1101807,949.47,864.95,936.4,911.72
1200013,871.06,863.16,883.9,870.59
1200054,722.12,727.95,750.3,730.65
1200104,733.65,713.05,729.6,724.26
1200138,748.24,799.68,813.7,783.72
1200179,780,804.74,829.6,801
1200203,772.12,795.84,804.9,789.04
1200252,751.53,719.89,742.1,736.41
1200302,764.18,870.95,836.3,823.96
1200328,721.41,847.47,746.6,778.96
1200336,779.41,778.32,796,782.57
1200344,738.12,824.26,827.8,793.2
1200351,718.24,815.47,757.7,766.98
1200385,803.59,846.89,856.7,833.02
1200393,755.53,813.63,770.6,782.8
1200401,776.88,781.68,793.4,782.46
1200427,769.53,774.68,782.8,774.54
1200435,756,830.26,845.4,806.11
1200450,806.82,862.79,863.6,842.28
1200500,736.82,775.21,803.6,767.2
1200609,765.24,876.16,797.3,818.02
1200708,745,747.26,773,752.02
1200807,796.59,881.68,854.6,844.35
1300029,764.94,968.68,919.6,882.72
1300060,774.59,883,863.4,838.67
1300086,711.06,891.68,862.3,818.54
1300102,757.06,911.47,862.8,843.83
1300144,1023.53,1149.63,1084.1,1088.78
1300201,788.76,858.89,831.5,827.02
1300300,759.35,878.58,860.5,830.59
1300409,422.35,620.16,540.6,529.76
1300508,791.12,1005.32,865.3,895.72
1300607,791.06,911.74,909.7,866.7
1300631,778.53,966.95,881.2,878.67
1300680,774.88,967.16,865.7,874.04
1300706,772.71,769.84,868,792.24
1300805,784.47,898.63,907.6,858.39
1300839,706.71,873.37,829.6,802.26
1300904,940.82,1013.47,969.4,977.04
1301001,858,951.58,865.9,898.37
1301100,766.29,947,918.1,873.93
1301159,776.35,956.53,887.1,874.85
1301209,755.29,925.58,837.8,843.57
1301308,731.76,866.42,828.1,808.33
1301407,803.65,883.47,869.4,850.91
1301506,814.18,899.84,893.7,866.85
1301605,756.41,939.21,821,845.96
1301654,802.94,803.68,789.7,800.37
1301704,946.59,1021.21,1010.1,991.22
1301803,750.53,810.21,796.6,785.2
1301852,777.59,942.58,901.2,872.61
1301902,721.94,953.05,833,841.54
1301951,904.76,1040.58,915.9,963.28
1302009,754.41,1005.47,859.1,880.87
1302108,768.53,888.21,914.7,849.74
1302207,759.59,961.74,877.7,868.76
1302306,886.82,972.21,928.9,931.24
1302405,863.29,943.11,847.7,892.87
1302504,724.18,870.16,849.7,811.76
1302553,755.53,934.16,910.4,862.98
1302603,784.53,991,887.1,892.11
1302702,871.59,962.05,949.1,925.8
1302801,709.94,846.42,900.5,807.74
1302900,836.65,972.53,890.4,904.46
1303007,764.53,992.79,921.2,892.87
1303106,795.41,951.68,891.1,880.76
1303205,661.59,786.53,710.7,723.87
1303304,1027.88,1135.47,1079.5,1083.54
1303403,850.18,1021.89,942.8,941.24
1303502,880.06,947.37,941.2,921.15
1303536,698.12,847.26,725.6,765.7
1303569,753.59,941.05,817.3,844.87
1303601,531.88,748.05,646,645.98
1303700,765,858.79,842.7,820.63
1303809,693.59,926.79,828.8,819.3
1303908,799.53,911.74,909.3,869.74
1303957,766.76,993.05,810.6,869.76
1304005,749.65,1015.21,847,880.5
1304062,745,852.11,845.1,811
1304104,966.53,1067.89,998.9,1015.43
1304203,800.41,1001.05,939.3,913.48
1304237,765.06,891.11,854.2,836.5
1304260,721.41,910,914.7,841.33
1304302,663.53,905.16,757.7,783.8
1304401,768.76,949.47,878.5,867.26
1400027,162.18,386.68,239.4,271.7
1400050,186.24,444.11,295.1,316.41
1400100,75.71,146.21,112.7,112.87
1400159,80.18,152.95,116,118.02
1400175,94.24,202.89,139.6,148.98
1400209,184.41,311.68,248.4,250.89
1400233,233.35,403.21,282.3,314.15
1400282,150.41,360.26,243.3,257.28
1400308,101.24,296.16,158.2,194.13
1400407,62.59,111.74,80.4,86.76
1400456,85.94,201.11,117.8,140.43
1400472,369.18,563.42,458.8,468.89
1400506,258.53,417.79,329.5,339.74
1400605,229.53,389.58,284.2,307.52
1400704,85.65,156.26,107,119.46
1500107,1017.41,1150.95,1106.8,1092
1500131,858.18,1021.68,947.7,945.17
1500206,1015.71,1197.37,1096.3,1108.26
1500305,902.76,1007.16,1071.3,982.52
1500347,813.06,874.26,829,841.8
1500404,685.82,987.63,814,838.35
1500503,653.65,796.26,732.6,729.72
1500602,833.24,1009.47,954.8,932.46
1500701,1058.82,1178.42,1088.8,1114.74
1500800,1158.47,1188.95,1196.9,1179.41
1500859,920.94,1108.53,1038,1023.87
1500909,1045.94,1034.53,1112.8,1055.76
1500958,1019.59,1208.42,1035.1,1100.96
1501006,765.12,971.37,844,867.46
1501105,1104.35,1270.95,1147.2,1182.48
1501204,1049.94,1219.95,1135.1,1138.67
1501253,818,817.47,866.9,828.41
1501303,1081.59,1182.21,1151.7,1138.39
1501402,1146.41,1173.84,1165.5,1161.89
1501451,737.24,1001.47,840.5,868.83
1501501,1148.76,1188.47,1190.1,1174.15
1501576,847.24,1006,935.9,932.09
1501600,968.18,1037.84,1049.9,1014.72
1501709,1041.47,1069.89,1081.7,1061.96
1501725,792.06,1035,898,915.43
1501758,770,895.37,867.8,843.04
1501782,993.06,1137.79,1089.9,1073.89
1501808,974.94,1052.79,1001.4,1012.85
1501907,1044.06,1077,1051.7,1059.33
1501956,941.12,963,1016,966.43
1502004,1228.71,1239.16,1211.5,1229.28
1502103,1079.41,1272.05,1159.2,1176.33
1502152,762.24,849.68,801.2,806.83
1502202,1067.53,1162.16,1152.4,1125.07
1502301,963.76,1044.89,1030,1011.67
1502400,997.41,1064.32,1119.2,1051.52
1502509,1166.06,1219.37,1290.7,1215.17
1502608,1192.76,1256.26,1248.7,1231.15
1502707,812.06,810.84,894.5,829.48
1502756,1028.29,1085.42,1023.4,1050.83
1502764,796.24,795.89,894.9,817.54
1502772,796.47,874.63,788.3,826.98
1502806,1016.35,1142.47,1067.1,1079.48
1502855,763.24,1049,880.4,906.74
1502905,1214.12,1308.05,1254,1261.59
1502939,812.53,1000.42,918.5,913.17
1502954,822.82,874.16,839,847.54
1503002,741.12,1008.47,865.1,878.5
1503044,821.59,817.37,845.5,825.04
1503077,966.71,1012.42,1036.7,1000.8
1503093,969.47,1123.63,1078.7,1056.89
1503101,852.18,917.95,905.1,890.85
1503200,1025.47,1135.95,1114.2,1090.39
1503309,986.29,1214.11,1105.9,1106.39
1503408,994.12,1038.16,1070.5,1028.91
1503457,960.82,1184.74,1026.1,1067.5
1503507,936.47,1020.21,1025.2,990.35
1503606,916.59,1021.63,941.9,965.48
1503705,841.35,983.47,906.9,914.3
1503754,979.24,983.37,1023.1,990.48
1503804,926.88,1093.05,1033.1,1018.61
1503903,839.82,1067.95,918.1,951.07
1504000,980.65,1173.74,1088.6,1083.87
1504059,999.24,1118.68,1026.9,1054.59
1504109,1205.65,1284.74,1249.4,1247.83
1504208,830.41,941.63,861,883
1504307,1271.53,1381.58,1388.3,1342.37
1504406,1191.71,1279.58,1227.6,1235.8
1504422,1158.47,1188.95,1196.9,1179.41
1504455,763.94,977.84,822.1,864.93
1504505,946.29,1037.11,960.2,986.83
1504604,1094.47,1278.68,1169.5,1186.87
1504703,1069.29,1254.42,1176.1,1168.98
1504752,716.53,987.53,837.5,854.76
1504802,650.71,866.53,762.2,764.09
1504901,989.53,1140,1025.1,1059.41
1504950,915.29,978.21,1006.5,961.11
1504976,859.35,992.32,973.7,939.13
1505007,1046.12,1108.37,1095.2,1082.5
1505031,1008.65,1042.89,986,1017.87
1505064,937.53,1137.95,1025,1039.33
1505106,719.82,994.74,870.1,866.04
1505205,1091.53,1278.89,1168,1185.54
1505304,684.24,1011.42,865.9,858.87
1505403,979.12,1023.11,1084.9,1020.28
1505437,812.53,821.37,901.7,835.57
1505486,1013.29,1182.58,1097.6,1101.54
1505494,764.12,892.05,863.4,838.54
1505502,852.29,1073.05,930.4,960.46
1505536,826.65,910.63,828,861.63
1505551,813.18,796.63,860.7,816.67
1505601,1047.59,1143.11,1147.4,1108.74
1505635,756,828,788.6,792.83
1505650,714.59,910.53,834.2,821.52
1505700,1126.35,1166,1125.9,1142.63
1505809,1089.53,1276.21,1190.5,1188.59
1505908,752.82,918.68,814.9,834.83
1506005,633.82,863.16,732.1,749.91
1506104,1166.41,1217.42,1230.2,1201.35
1506112,1205.94,1284.16,1274.6,1253.17
1506138,807.24,804.16,878.2,821.39
1506161,803.47,816.32,832.5,815.09
1506187,894.35,1064.05,970,980.89
1506195,714.82,892.05,861.3,819.87
1506203,1304.82,1428.74,1404.7,1377.72
1506302,1255.71,1262.05,1264.6,1260.26
1506351,1146.88,1167.05,1200.7,1166.91
1506401,1196.65,1218.63,1230.4,1213.07
1506500,1104.94,1118.74,1152.8,1121.04
1506559,959.24,985.89,1046.5,989.22
1506583,790.76,793.32,880.9,811.41
1506609,981.94,1037.47,1064.6,1022.85
1506708,800.29,785.11,874,810.04
1506807,761.47,1041.68,887,904.5
1506906,1183.06,1272.16,1248.3,1234.04
1507003,1104.41,1140.21,1169,1133.24
1507102,1198.06,1252.84,1220.8,1225.63
1507151,817.53,923.95,893.2,877.93
1507201,997.06,1078.05,1017.9,1035.04
1507300,801.76,835.32,869.1,830.26
1507409,994.76,1042.89,1112.7,1040.28
1507458,817.18,861.26,868.2,846.48
1507466,1200.53,1287.89,1227.8,1242.54
1507474,1284.76,1409.47,1402.1,1361.78
1507508,823.94,968.89,904.6,901.35
1507607,989.76,1010.37,1058.6,1013.24
1507706,1000.18,1149.21,1054.3,1073.5
1507755,767.53,830.84,769.8,794.17
1507805,858.41,1040.63,1013.9,967.48
1507904,1260.94,1258.89,1265.1,1261
1507953,1003.59,1212.89,1076.5,1105.89
1507961,1086.06,1123.37,1123.4,1109.59
1507979,808.94,1065.47,983.5,952.85
1508001,1030.53,1229.26,1075.5,1122.39
1508035,1094.88,1166.11,1152.2,1136.76
1508050,863.88,1033.84,935.5,949.65
1508084,819.94,834.21,862.2,835.02
1508100,977.53,1155.63,1081.5,1073.7
1508126,792.24,962.05,895.8,884.89
1508159,690.71,853.58,752.2,771.35
1508209,1147.12,1198.47,1168.8,1173.04
1508308,1002.94,998.42,1078.3,1017.46
1508357,862.88,1084.53,1048,994.67
1508407,770.65,834.95,782.9,799.87
1600055,991.71,1111.79,1049.1,1053.78
1600105,1301.94,1667.11,1359.2,1465.22
1600154,874.24,914.95,932.3,903.67
1600204,1327.59,1689.58,1409,1494.8
1600212,1064.47,1240.11,1189.8,1164.26
1600238,868.76,920.79,934.1,904.46
1600253,941.12,1066.79,1122.3,1032.41
1600279,722.59,844.68,802.7,790.43
1600303,941.12,1066.79,1122.3,1032.41
1600402,804.41,822,857.9,823.3
1600501,1158.94,1498.42,1294.2,1328.57
1600535,825.65,848.42,856.1,841.67
1600550,1241.29,1514.79,1314.9,1370.26
1600600,874.59,915.79,938.9,905.59
1600709,1107.76,1318.11,1183,1211
1600808,788.12,877.95,812.8,830.59
1700251,887.41,882.58,997.2,909.28
1700301,684.24,743.84,783.4,730.41
1700350,790.71,706.84,836.5,766.02
1700400,706.24,692.89,750.5,710.35
1700707,713.82,660.68,756.4,701.13
1701002,757.94,838.32,855.9,812.43
1701051,725.65,797.84,827.6,777.63
1701101,757.18,790.63,787.8,777.65
1701309,763.59,856.74,865.2,824.15
1701903,837.06,836.74,937.9,858.85
1702000,764.76,703.95,820.1,751.67
1702109,798.94,820.74,891.6,828.09
1702158,757.53,852.58,863,819.72
1702208,785.29,902.84,906.8,860.26
1702307,790.71,771.21,838.4,793.02
1702406,645.41,517.26,700.8,604.52
1702554,777.18,899.42,893.5,852.96
1702703,791.71,619.05,820.8,726.72
1702901,728.35,832,875.7,803.2
1703008,783.71,771.84,878,799.3
1703057,802.29,790.42,864.4,810.89
1703073,736.35,736.95,858.9,763.24
1703107,901.59,854.11,979.5,898.91
1703206,790.24,783.16,858.4,802.13
1703305,759.18,791.11,880.1,798.65
1703602,765.88,813.58,857.9,805.59
1703701,797.06,752.89,881.7,797.22
1703800,790.65,943.32,884.4,874.09
1703826,740.29,807.37,827.8,787.02
1703842,669,676.84,770.9,694.39
1703867,741.29,692.05,733.8,719.33
1703883,782.12,835.84,895.6,828.98
1703891,794.18,941,887.1,875.02
1703909,815.47,820.16,949.1,846.46
1704105,753.82,800.05,848.2,793.43
1704600,894.12,858.68,1005.5,903.7
1705102,708.47,693.74,818.4,726.28
1705508,780.59,787.53,866.5,802.13
1705557,693.47,560.95,753.3,651.74
1705607,643,578.16,706.7,630.07
1706001,803.12,795.68,887.1,818.3
1706100,895.88,805.21,953,870.85
1706258,818.29,751,866.8,801.04
1706506,730.29,771.47,822.4,767.33
1707009,750.88,684.21,756.9,724.65
1707108,871.47,881.21,988.8,901
1707207,886.88,867.63,955.4,893.83
1707306,812.88,748.32,826.4,789.15
1707405,826.41,973.42,910.6,905.43
1707553,862.71,792,918.7,845.67
1707652,724.41,681.11,742.7,710.5
1707702,763.76,754.21,882.3,785.59
1708205,769.94,707.58,840.5,759.52
1708254,823.94,812.21,891.3,833.74
1708304,867.24,838.26,934.6,869.91
1709005,729.41,735.37,859.3,760.11
1709302,782,778.42,871.3,799.93
1709500,730.41,693.32,780,725.87
1709807,789.12,687.53,875,765.83
1710508,748.76,798.47,863.8,794.3
1710706,705.65,759.95,855.8,760.72
1710904,765.59,810,864.6,805.46
1711100,776,792.53,866.7,802.54
1711506,715.12,641.79,772.8,697.37
1711803,794.41,792.32,856.4,807.02
1711902,821.88,742.47,877.2,801.11
1711951,752.71,767.21,784.8,765.67
1712009,782.82,818.21,814.7,804.37
1712157,704.71,570.79,734.1,655.78
1712405,710.88,758.58,755,740.17
1712454,725.82,778.32,812.7,766.39
1712504,801.41,816.68,943.1,838.52
1712702,616.29,686.47,689.3,661.15
1712801,718.18,758.26,849,763.17
1713205,847.71,835.68,901.1,854.35
1713304,855.53,847.63,929.2,868.28
1713601,765.53,749,828.6,772.41
1713700,899.24,883.11,996.9,913.8
1713809,731.88,752.89,823,760.37
1713957,761.76,833.84,862.1,813.35
1714203,693.53,663.53,775.2,698.89
1714302,715.12,772.53,794.7,756.13
1714880,760.41,801.53,878.8,803.13
1715002,889,838.53,952,881.85
1715101,739.71,779.42,792.7,767.63
1715150,702.29,554.26,734.8,648.22
1715259,749.76,661.58,764.2,716.48
1715507,879.65,850.95,945,882
1715705,756.47,793.11,873,796.93
1715754,752,662.84,748.6,714.43
1716109,893.82,856.37,980.5,897.2
1716208,644.82,575.79,680.6,624.09
1716307,797.12,790.68,861.7,808.5
1716505,747.24,782.16,834.8,780.7
1716604,665.94,626.42,765.8,671.33
1716653,798.41,794.95,865.6,811.59
1716703,836.82,820.63,903.6,844.65
1717008,741.82,725.47,801.6,748.07
1717206,775.71,822.32,853.3,811.83
1717503,825.94,791.89,958.4,840.67
1717800,782.94,613.11,760.1,707.83
1717909,747.82,731.16,767,745.11
1718006,696.06,677.68,742.6,698.59
1718204,855.29,807,935.3,852.74
1718303,759.06,876.47,896.3,837.39
1718402,773.24,814.84,863.9,810.13
1718451,897.88,856.74,977.9,898.28
1718501,745.06,764.26,807.9,766.65
1718550,756.65,833.53,845.6,807.74
1718659,754.06,689.16,795.9,736.35
1718709,790.59,811.63,889.2,820.72
1718758,722.24,789.89,788.5,764.59
1718808,777.76,913.42,916.6,863.98
1718840,776.24,712.32,813.2,757.87
1718865,769.41,820.63,867.9,811.98
1718881,785.29,786.21,884.6,807.26
1718899,859.88,800.79,914.8,847.41
1718907,719.35,669.68,829.5,722.78
1719004,754.82,749.84,790.5,760.52
1720002,717.65,778.05,801.2,760.76
1720101,745.12,828.68,839.2,800.09
1720150,701.12,764.53,737.6,735.24
1720200,701.18,801.58,848,774.57
1720259,663.06,600.16,734.6,652.63
1720309,828.65,995.42,918.2,917
1720499,686.35,638.32,787.4,688.48
1720655,732.71,685.95,841.1,736.96
1720804,718.76,812.89,856.5,787.59
1720853,685.82,638.16,722.3,674.07
1720903,772.24,618,809.1,716.54
1720937,725.59,585.21,712.2,664.7
1720978,731.29,659.32,768.2,709.59
1721000,767,774.47,826.6,783.04
1721109,757.71,793.89,815.5,785.22
1721208,688.82,753.79,805.6,741.04
1721257,766.53,787.89,872.6,798.41
1721307,774.76,817.53,859,810.74
1722081,771.53,828.63,871,816.74
1722107,767.53,840.05,837.2,812.63
2100055,783.71,918.16,781,838.65
2100105,698.24,874.79,790.1,791.13
2100154,598.65,698.05,668.7,654.93
2100204,842.24,959.79,948.9,913.98
2100303,708.88,856.53,798.7,789.39
2100402,866.35,934.37,958.5,914.48
2100436,756.06,889.68,919.1,846.7
2100477,832.24,906.53,881.7,873.67
2100501,661.94,657.74,674,662.83
2100550,979.47,986.26,988.9,984.33
2100600,573.47,674.58,697.1,642.11
2100709,815.59,1003.32,944.2,921.09
2100808,725.35,876.32,833.8,811.28
2100832,886.29,964.42,908.2,923.33
2100873,877.59,928.42,878,898.67
2100907,595.82,690.21,659.8,648.72
2100956,603.82,693.42,704.9,662.8
2101004,833.71,982.95,949.6,920.54
2101103,822.94,1003.68,938.1,922.63
2101202,779.35,922.37,947.1,874.89
2101251,825.29,1007.74,972.8,932.72
2101301,877.18,960.95,895.8,915.83
2101350,843,944.63,912.5,900.09
2101400,646.76,636,717.6,657.72
2101509,505.53,572.95,641.2,562.87
2101608,533.41,629.42,676.9,604.26
2101707,683.47,773.53,738.4,732.61
2101731,747.59,850.79,802.2,802.09
2101772,872.29,941,978.3,923.72
2101806,504.82,512.21,557.1,519.24
2101905,812.35,903.84,884.8,865.89
2101939,763.41,894.53,936.8,855.26
2101970,974.47,981.42,1003.6,983.67
2102002,736.59,849.63,779.9,792.7
2102036,716.06,823.84,716.7,760.72
2102077,799.59,923.11,962,885.91
2102101,760.12,865.89,817.3,816.24
2102150,821.59,920,932,886.24
2102200,759.29,911.79,846.2,841.17
2102309,597.82,657.84,715.6,648.22
2102325,685.71,796.32,720.1,738.87
2102358,639.24,742.16,803.8,717.52
2102374,840.29,993.42,917.8,920.39
2102408,840.06,980.74,939,919.67
2102507,858.24,998.79,968.8,940.33
2102556,643.65,713.16,775.5,701.02
2102606,958.53,970.32,961.8,964.11
2102705,830.47,978.42,933.8,914.04
2102754,757.47,849.63,855.4,816.83
2102804,693.24,705.11,848.9,731.98
2102903,1000.12,1012.47,1041.9,1014.3
2103000,695,795,820.3,763.54
2103109,797.53,934.53,890.3,874.28
2103125,803.76,878.79,848.9,844.57
2103158,881.76,908.37,900,896.72
2103174,854.41,932.05,903.5,897.15
2103208,761.94,900.89,836.8,835.61
2103257,786.76,923.89,880.8,863.85
2103307,720.41,830.21,801.4,783.37
2103406,693.71,888.47,789.7,795.02
2103505,588.88,627.11,673.8,623.13
2103554,812.24,972.95,964.8,911.78
2103604,760,857.37,886.3,827.67
2103703,858.53,940.05,884.5,897.85
2103752,662.29,744.37,818.8,730.22
2103802,702.94,769.21,827.2,757.33
2103901,757.94,914.26,829.1,837.98
2104008,711.06,841.74,863.8,798.24
2104057,671.29,726,791.9,720.11
2104073,531.76,620,604.2,583.96
2104081,522.88,605.89,592.4,572.28
2104099,510.41,621.42,622.3,580.59
2104107,522.35,602.95,611.3,574.98
2104206,607.47,662.42,692.9,648.74
2104305,1003.94,1005.79,1038,1012.11
2104404,679,752.53,773.2,729.85
2104503,725.82,786.47,828.1,773.11
2104552,659.53,742,834.2,731.57
2104602,623.18,679.95,712.2,665.98
2104628,611.29,662.74,704.5,652.8
2104651,913.47,958.42,916.7,932.74
2104677,921.53,934.11,892.2,920.35
2104701,618.24,654.89,701.5,651.48
2104800,534.76,619.95,662.7,597.76
2104909,801.47,922.58,883.6,869.35
2105005,789.24,937.74,892.6,873.04
2105104,827.76,1001.79,930.8,922.04
2105153,858.88,952.58,965.6,920.78
2105203,764.24,919.11,956.3,869.96
2105302,733.41,803.26,874.4,792.91
2105351,573.35,665.42,694,637.61
2105401,823.47,980.37,919.3,909.11
2105427,774.41,924.05,808,843.52
2105450,590.06,652.32,675.6,634.37
2105476,530.94,623.95,664.1,598.3
2105500,695,773.05,805.5,751.26
2105609,682.88,777.26,820.8,751.85
2105658,931,937.53,951.2,938.09
2105708,744.94,866.95,898,828.61
2105807,786.41,917.74,947.1,875.59
2105906,785.18,937.58,956.8,885.43
2105922,602.71,673.11,721.6,657.63
2105948,786.41,917.74,947.1,875.59
2105963,665.76,812.53,807.7,757.24
2105989,580.24,697.21,729.6,661.02
2106003,753.59,887.47,895.9,839.83
2106102,531.53,528.68,558.4,536.2
2106201,1008.94,1005.53,1048.8,1016.2
2106300,614.82,673.63,667.7,650.61
2106326,929.82,947.63,924.2,935.96
2106359,727.47,819.74,867.3,795.98
2106375,839.53,857.42,835.9,846.13
2106409,733.82,903.84,832.4,825.48
2106508,824.35,905.84,892.5,872.83
2106607,670.12,719.16,778.6,713.96
2106631,808.24,966.42,958.1,906.15
2106672,708.12,793.16,772,757.13
2106706,553.35,635.89,611.8,600.15
2106755,799,990.47,948.2,910.52
2106805,799.12,893.21,846.2,848.22
2106904,901.18,970,953.4,940.96
2107001,615.24,727.47,789.1,699.39
2107100,816.24,955.84,890.1,889.96
2107209,804.18,937.63,877.7,875.28
2107258,529.47,598.74,604,574.28
2107308,524.65,571.63,584.3,557.02
2107357,879.35,920.47,885,897.57
2107407,834.24,936.79,974.4,907.07
2107456,818.82,897.84,874.7,863.61
2107506,849.24,991.11,937.1,926.93
2107605,799.12,865.05,815.9,830
2107704,584.29,611.95,662.3,612.67
2107803,639.35,686.53,736.5,679.96
2107902,597.29,670.84,720,654.35
2108009,565.24,601,623,592.57
2108058,679.53,749.05,727.8,718.74
2108108,808.94,912.11,960.3,884.46
2108207,756.35,877.95,897.2,837.2
2108256,864.76,935.79,851.9,891.3
2108306,916.47,988.68,944,952.28
2108405,795.59,857.74,844.5,831.89
2108454,761.59,860.53,873.3,826.74
2108504,899.65,955.58,941.2,931.78
2108603,781.06,831.53,793.6,804.63
2108702,851.53,959.05,967.8,921.22
2108801,867.59,956.79,909.6,913.57
2108900,724.12,851.05,908.1,816.54
2109007,600.71,718.68,740.2,679.76
2109056,826.18,917.63,881.1,875.89
2109106,652.06,708.95,743.9,695.52
2109205,845.65,1010.16,926.3,931.13
2109239,807.47,824.84,799.1,812.83
2109270,786.94,848.84,799,815.13
2109304,818.24,981.21,912.2,905.98
2109403,755.12,885,814.4,821.65
2109452,857.24,993.32,943.7,932.24
2109502,562.18,609.26,658.9,602.65
2109551,675.29,740.26,831.8,736.15
2109601,847,1018.11,961.4,942.54
2109700,543.76,582,601.5,572.11
2109759,622.18,684.95,695.8,664.11
2109809,784.12,836.53,791.9,807.46
2109908,889.29,931.58,958.4,921.78
2110005,788.53,868.21,857,836.33
2110039,811.35,826.26,794.7,813.89
2110104,705.12,788.58,781.3,756.15
2110203,839.59,1011.95,948,934.35
2110237,663.53,705.63,703.4,689.59
2110278,710.18,818.74,774.4,768.98
2110302,720.88,821.26,845.4,789.41
2110401,794.71,922.11,856.1,860.67
2110500,795.88,877.63,837.2,838.63
2110609,679.41,710.74,722.2,701.65
2110658,530.59,529.74,542.5,532.83
2110708,592.71,656.74,673.4,636.7
2110807,505.35,527.89,533.6,520.8
2110856,730.59,806.58,860,790.11
2110906,556.82,638.68,708,623.5
2111003,817.18,942.68,928.7,893.26
2111029,821.53,881.74,856.6,854.02
2111052,563.35,679.84,703.9,642.02
2111078,682.82,750.79,802.3,736.87
2111102,538.88,609.21,628.7,587.46
2111201,849.24,991.11,937.1,926.93
2111250,684.41,772.37,822.6,750.78
2111300,851,993.47,940.6,929.33
2111409,756.47,914.21,910.8,855.17
2111508,804.76,960.21,955.1,901.65
2111532,825.06,998.79,929.6,919.54
2111573,550.18,647.37,654.3,612.96
2111607,505.06,591.32,565.6,553.85
2111631,646.94,751.53,795.4,722.41
2111672,655.76,759.53,813.4,732.89
2111706,805.82,879,849.6,845.57
2111722,876,942.32,981.3,926.28
2111748,642.94,709.11,765.1,696.83
2111763,665.29,758.21,792,731.22
2111789,839.65,935.05,877.3,887.24
2111805,530.53,682.16,659.5,621.2
2111904,573.24,616.26,630.1,603.37
2111953,542,616.37,650.4,596.28
2112001,645.06,616.47,685.4,642.02
2112100,785.12,871.16,852,835.2
2112209,679.94,763,777.5,735.46
2112233,754.24,907.89,923.8,854.57
2112274,901.59,940.21,950,928.07
2112308,605.76,681.95,675.6,652.41
2112407,882.12,926.95,883.9,901.02
2112456,804.41,825.42,771.5,805.93
2112506,627.47,697.84,690.2,670.17
2112605,734.94,827.74,797.8,786.93
2112704,796,907.16,874,858.87
2112803,843.18,978.95,953.9,923.33
2112852,808.53,950.79,887.9,884.54
2112902,839.12,979.63,952.4,921.78
2113009,823.88,915.74,962.7,892
2114007,906.82,970.53,919.1,935.8
2200053,320.88,328.11,370.3,334.61
2200103,646.29,728.53,715.2,695.24
2200202,629.53,708.68,725.3,683.04
2200251,333.82,355.63,443.5,366.67
2200277,329,350.47,412.6,356.04
2200301,625,696.21,712.8,673.5
2200400,698.59,776.16,776.5,747.57
2200459,437.53,403.47,470.7,430.67
2200509,540.71,625.84,642.3,597.96
2200608,587.82,678.58,681.1,645.59
2200707,348.94,306.84,395.2,341.61
2200806,492.47,511.58,541.8,511.09
2200905,566,623.05,628.3,603.11
2200954,408.47,417.26,465.3,424.46
2201002,523.29,533.53,601.3,544.48
2201051,361.82,360.21,447.3,379.74
2201101,393.94,344.05,400.2,374.7
2201150,569.35,578.79,599.9,579.89
2201176,526.53,564.68,611.5,560.76
2201200,746.88,852.84,843.8,811.72
2201309,517.59,505.21,605.3,531.54
2201408,639.59,712.74,731.5,689.78
2201507,703.24,786.68,751.3,748.15
2201556,380.76,383.32,408.7,387.89
2201572,348.35,352.21,430.2,367.74
2201606,654.29,728.42,719.7,699.13
2201705,401.59,450.21,470.6,436.67
2201739,312.88,316.05,353.7,323.07
2201770,744.65,847.11,811.5,801.5
2201804,409.82,430.47,468.2,431.04
2201903,463.41,446.32,520.9,468.85
2201919,530.35,644.47,597.4,592.07
2201929,324.06,307.47,408.2,335.5
2201945,726.65,837.42,805.3,789.5
2201960,628.06,692.37,702.6,670.83
2201988,341.94,348.95,405.2,358.59
2202000,534.24,637.53,593.6,589.8
2202026,425.41,467.63,499.9,459.04
2202059,751.59,856.11,823.1,810.3
2202075,512.35,523,604.7,536.83
2202083,561.65,684.37,624.8,626.07
2202091,330.24,365.21,418.9,363.96
2202109,412.24,414.53,422,415.3
2202117,351.12,350.79,398.6,361.3
2202133,351.71,373.26,439.7,379.74
2202174,756.41,852.74,836.6,813.63
2202208,688.12,780.95,756,741.22
2202251,457.47,476,529.9,480.87
2202307,392.35,394.79,433.9,402.39
2202406,715.82,795.26,795.2,765.89
2202455,330.47,329.42,377.7,340.3
2202505,368.41,317.47,405.3,355.39
2202539,566,655.37,632.7,617.41
2202554,339.71,342.16,417.1,357.54
2202604,499.82,568.32,572.5,543.91
2202653,523.53,634.16,577.2,580.89
2202703,475.29,585.42,531.6,533.02
2202711,706.06,780.95,774,751.76
2202729,503.12,563.16,549.6,538.02
2202737,664.29,746.63,731.3,712.87
2202752,410,405,452.8,417.24
2202778,463.41,462.89,486.6,468.24
2202802,369.47,379.74,396.5,379.59
2202851,311.94,319.53,396,333.35
2202901,486.12,442.68,531.6,478.07
2203008,516.59,438.47,570,495.93
2203107,438.94,400.84,471.4,430.26
2203206,439.82,396.26,462.9,426.85
2203230,458.41,446,510.4,464.59
2203255,653.53,734.32,721.7,701.72
2203271,339.59,343.79,416.1,357.96
2203305,676.65,747.32,736.1,718.76
2203354,290.06,299.16,369.5,311.09
2203404,443.29,438.42,481.4,449.57
2203420,458.71,508.37,603.1,510.61
2203453,300.59,313.53,351.6,317.02
2203503,575.47,639.47,688.9,626.57
2203602,402.06,416.84,455.6,419.8
2203701,670.53,726.53,722.1,704.87
2203750,315.71,297,348.7,315.15
2203800,406.47,457.21,521.3,452.39
2203859,425.65,428.42,449.3,431.93
2203909,474.24,529.74,593.1,523
2204006,554.53,595.37,648.4,591.8
2204105,491.41,532.05,620.5,536.26
2204154,337.59,356.42,414.5,362.09
2204204,370.18,377.58,438.4,388.07
2204303,304.71,325.63,376.9,329.04
2204352,402.76,415.79,463.1,421.26
2204402,538.76,493.37,565.6,525.85
2204501,481.35,559.47,560.3,530.78
2204550,411.24,361.11,418.8,392.17
2204600,579.82,678.84,708.7,648.74
2204659,566.35,676.32,650.7,630.11
2204709,472.71,495.05,502.5,488.41
2204808,465.65,477.26,491.8,476.13
2204907,402.35,396.89,419.2,403.76
2205003,388.94,385.79,443.1,399.41
2205102,424.71,486.63,549.6,477.43
2205151,357.88,360.84,391.5,366.41
2205201,361.71,371.89,437.4,382.37
2205250,582.76,682.32,695.6,648.41
2205276,652,744.95,718.3,704.8
2205300,473.82,530.21,551.9,514.09
2205359,347.47,337.53,414.5,357.93
2205409,637.76,680.79,682.1,665.17
2205458,714.18,739.21,731,728.17
2205508,724.82,839.84,796.9,788
2205516,500.35,542.32,560.6,530.78
2205524,445.53,366.21,439.7,411.5
2205532,345.59,299.84,411.9,341.11
2205540,640.53,722.05,732.5,694.2
2205557,764.76,886.79,841,831.74
2205565,316.24,322.63,354.5,327.2
2205573,546.59,628.21,719.9,617.98
2205581,671.47,746.53,729.8,715.15
2205599,434.76,437.05,503.5,450.65
2205607,478.47,508.84,552.9,507.2
2205706,563.59,661.47,616.3,615.48
2205805,715,724.16,728.1,721.63
2205854,713.18,795.74,771.7,760
2205904,431.76,413,463.4,430.89
2205953,335.65,366.63,423.4,367.52
2206001,505.88,535.84,558.9,529.78
2206050,345.59,346.79,416,361.39
2206100,729.53,833.58,802.6,788.39
2206209,757.88,907.37,848.2,839.26
2206308,648.59,723.58,731.4,697.57
2206357,533.18,562.32,657.6,572.26
2206407,652.59,735.79,715.9,700.72
2206506,354.35,377.53,446.1,383.87
2206605,477.18,455,526.5,478.74
2206654,397.12,353.89,395,378.8
2206670,695.59,740.74,728.3,721.35
2206696,592.47,670.21,651.2,637.35
2206704,471.71,520.84,551.8,509.41
2206720,658.47,736.37,742.4,708.89
2206753,727.59,820.21,795,780.5
2206803,757.53,904.79,841.1,836.52
2206902,518.65,552.05,596.6,549.39
2206951,604.47,690.47,696.7,660.04
2207009,493.82,494.47,545.4,505.3
2207108,639.59,712.74,731.5,689.78
2207207,350.24,354.68,417.1,366.61
2207306,381.41,388.89,446.7,398.7
2207355,374.53,398.47,443.3,399.37
2207405,467.24,430.11,496.2,458.2
2207504,648.47,709.21,725.2,690.24
2207553,425.53,431.21,468.6,437.24
2207603,495.29,414.68,496.3,462.22
2207702,552.59,667.79,626.5,616.24
2207751,624.53,693,728.6,675.43
2207777,354.88,362.32,418.6,371.8
2207793,663.71,741.05,735.3,711.22
2207801,330.35,327.26,372.9,338.33
2207850,392.82,425.47,450.6,418.87
2207900,434.82,481.37,599.3,489.8
2207934,376,362.95,437.1,383.89
2207959,372.41,353.58,426.4,376.37
2208007,425.71,433.58,472.4,439.11
2208106,387.65,391.21,478.3,408.83
2208205,327.24,325.32,403.7,343.07
2208304,538.29,629.53,626.8,595.22
2208403,682.94,762.32,800.5,741.28
2208502,747.71,917.42,842.1,838.33
2208551,527.18,524.37,581,537.72
2208601,603.65,673.37,717,657.09
2208650,308.88,313.42,346.6,318.96
2208700,442.82,422.16,498.8,446.46
2208809,550.06,616.95,681.3,606.22
2208858,455.88,443.53,477.6,455.5
2208874,376.18,377.32,427.3,387.76
2208908,609.35,588.32,618.3,602.61
2209005,409.88,456.05,498.7,448.26
2209104,436.24,442.68,476.3,447.61
2209153,561.12,632.89,641.1,608.15
2209203,622.71,600.84,672.9,624.59
2209302,443.24,409.84,483.9,438.28
2209351,418.35,432.37,464,434.07
2209377,494.24,515,574.8,520.33
2209401,383.94,407.63,463.6,411.04
2209450,622.18,698.42,682.1,666.7
2209500,422.71,446.47,477.6,444.46
2209559,336.65,310.68,435.4,347.39
2209609,585.94,651.63,689.2,635.52
2209658,345.06,348.89,368.1,351.65
2209708,480.94,510.16,547.6,507.5
2209757,494.12,475,573.8,503.54
2209807,613.65,699.21,692.1,666.04
2209856,425.18,437.79,485.1,443.41
2209872,459.65,494.74,555.9,495.07
2209906,559.47,633.37,632.4,605.85
2209955,466.41,490.21,493.3,482.09
2209971,751.35,809.68,805,787.11
2210003,347.65,339.26,413.4,358.48
2210052,592.59,696.42,653.4,648.7
2210102,440.41,473.58,531.1,473.83
2210201,426.47,440.47,468.6,441.41
2210300,325.59,349.89,418,355.72
2210359,313.06,314.95,394.7,331.59
2210375,410.06,420.11,470.4,427.33
2210383,604.53,679.21,703.5,656.89
2210391,421.71,423.47,484.4,436.07
2210409,451.06,510.84,509.6,488.48
2210508,651.94,723.95,722.1,696.93
2210607,329.71,324.53,413.2,345.72
2210623,521.59,398.84,531.5,473.04
2210631,425.59,464.37,473.5,452.02
2210656,594.65,667.37,657.7,638.39
2210706,330.71,342.47,415.1,353.91
2210805,392.94,391.58,429,400.22
2210904,395.94,392.37,457.9,407.93
2210938,406.29,428.79,471,429.65
2210953,381.24,366.32,416.3,382.7
2210979,509.88,528.84,602.9,537.93
2211001,670.76,759.58,742.9,723.13
2211100,744.18,888.53,835.7,823.7
2211209,473.76,495.84,527.1,494.48
2211308,517.94,564.53,555.1,545.26
2211357,341.65,302.47,386.8,335.28
2211407,538.24,574.63,630.2,573.26
2211506,394.82,400.42,418.8,402.35
2211605,343.88,349.79,436.3,366.41
2211704,453.47,457.89,477,460.41
2300101,532.12,602.26,585.9,572.78
2300150,436.82,527.79,526.2,493.83
2300200,541.65,597.21,571.4,571.07
2300309,405.76,390.16,449.7,408.87
2300408,318.18,334.42,385.6,339.54
2300507,553.29,652.11,663.2,618
2300606,463,566.95,571.3,529.48
2300705,337.06,383.11,424.8,375.15
2300754,445.35,530,500.8,492.37
2300804,344.24,399.63,438.7,387.65
2300903,361,398.37,419.5,389.15
2301000,559.59,624.05,588.5,592.5
2301109,363.94,443.68,475.7,421.17
2301208,370.47,457.95,461.3,426.35
2301257,395.18,474.95,471.4,444.7
2301307,387.18,441.47,462.3,425.93
2301406,364.41,424.26,438,405.13
2301505,300.47,318.89,392.6,328.11
2301604,389.29,473.95,497.3,447.74
2301703,464.71,575.79,586.3,537.02
2301802,443.18,509.26,558.2,495.48
2301851,296.59,310.79,393.9,323.61
2301901,515.59,546.37,532.8,532.04
2301950,388.82,475.63,474.6,443.33
2302008,416.65,541.74,521.4,491.09
2302057,574.76,697.26,627.4,636.8
2302107,440.47,503.16,530.5,485.93
2302206,372.82,446.32,454,420.83
2302305,479.18,531.32,520.6,509.72
2302404,264.71,310.11,393.7,311.5
2302503,420,477.05,477.5,456.07
2302602,589.29,666.84,631.3,630.46
2302701,311,348.68,396,345.04
2302800,311.35,358.74,385,346.93
2302909,375.88,427.42,442.9,411.74
2303006,352.41,421.42,415.2,394.57
2303105,420.06,484.42,502.5,464.57
2303204,518.41,626.53,621.9,585.57
2303303,464.24,550.68,573.3,523.65
2303402,413.59,447.84,497.6,446
2303501,471.29,545.74,537.7,516.48
2303600,319.24,340.68,409.7,347.76
2303659,347.24,410.58,437.2,392.96
2303709,510.24,543.11,522,526.37
2303808,449.59,522.74,502.8,491.37
2303907,567.76,679.63,610.3,623.22
2303931,309.41,348.53,399,345.04
2303956,404.94,496,465.7,455.76
2304004,485,562.79,544.5,530.07
2304103,378.88,420.42,490.8,420.37
2304202,579.53,635.21,650.2,617.89
2304236,331.35,382.37,435.8,375.13
2304251,550.53,590.79,576.8,572.87
2304269,341.76,355.37,428.9,366.33
2304277,410.12,440.05,485.3,438.83
2304285,604.76,679.79,655.5,646.78
2304301,470.59,569.74,572.2,533.63
2304350,367.41,447.84,442.9,417.04
2304400,655.59,700.63,674.5,678.3
2304459,386.29,507.84,526,466.87
2304509,597.24,689.68,698.4,657.41
2304608,372.71,390.63,430.4,392.65
2304657,549.41,620.47,653.1,601.3
2304707,598.35,720.58,649.9,660.04
2304806,518.47,627.26,627.5,587.11
2304905,383.88,460.89,456.6,431.5
2304954,470.29,587.74,545.7,535.2
2305001,352.82,377.95,439.3,382
2305100,494.41,579.32,591.5,550.59
2305209,432.82,507.21,531.9,485.09
2305233,448.24,540,494.7,496.24
2305266,343,387.26,412.6,376.41
2305308,523.94,598.63,651.2,582.46
2305332,339.59,375.16,404.2,368.33
2305357,344,412.42,418.8,388.52
2305407,385.82,404.26,431.8,403.43
2305506,469.47,505.16,483.5,487.26
2305605,302.88,333.58,372.4,330.67
2305654,356.47,425.42,463.8,408.28
2305704,449.59,528.68,574.6,509.43
2305803,469.47,559.95,585,531.96
2305902,382.06,452.95,499,436.76
2306009,363.76,410.63,456.9,403.37
2306108,270.94,311,346.6,303.93
2306207,333.06,374.05,426.2,370.24
2306256,548.94,612.89,590.8,584.46
2306306,402,509.63,474,462.11
2306405,520.06,636.68,625.5,591.15
2306504,348.71,411.89,426.6,391.74
2306553,552.94,572.89,568.7,564.61
2306603,251.41,298.58,336.9,289.48
2306702,316.71,332.84,432.8,348.61
2306801,336.35,366.53,439.6,371.26
2306900,344.35,387.63,424.7,379.7
2307007,315.71,350.58,383.8,344.91
2307106,464.06,467.42,473.5,467.5
2307205,412.06,462.68,452.1,441.67
2307254,529.24,580.37,537.8,552.22
2307304,539.06,611.21,625.6,587.67
2307403,412.41,476.05,513.4,460.65
2307502,465.88,525.95,574.6,514.33
2307601,363,373.79,429.5,381.91
2307635,231.24,282,336.2,275.02
2307650,604.18,626.32,625.1,617.87
2307700,462.59,564.58,530.9,519.57
2307809,444.65,502.95,481,476.63
2307908,537.12,611.47,589,579.11
2308005,553.59,621.53,648.3,602.24
2308104,417.82,500,476,464.41
2308203,541.18,627.26,663.6,603.35
2308302,481.76,574.32,558.1,536.59
2308351,313.41,340.89,423.6,348.72
2308377,339.41,444.84,423.7,401.28
2308401,571.65,639.79,605.8,607.22
2308500,318.18,331.63,407.3,343.11
2308609,268.82,309.79,371.1,307.98
2308708,327.41,373,391.7,360.22
2308807,530.76,620.79,613.5,585.93
2308906,420.06,499.42,461.8,461.91
2309003,515.41,551.74,568.5,541.96
2309102,457.06,528.74,552,507.3
2309201,475.59,590.11,584.1,546.48
2309300,439.94,509.21,485.9,478.54
2309409,372.24,396.89,459.7,401.43
2309458,359.06,432.79,470.9,413.83
2309508,383.94,423.37,448.4,414.24
2309607,448.24,540,494.7,496.24
2309706,548.94,612.89,590.8,584.46
2309805,502.88,594.26,571.8,555.61
2309904,484.06,556.95,594.9,538.26
2310001,314.94,372.79,385.4,354.15
2310100,516.18,616.47,576.1,570.63
2310209,545.76,581.42,579.9,567.91
2310258,534.29,574.63,567.1,558.09
2310308,324.82,341.32,396.3,347.17
2310407,363.24,374.37,414.9,379.07
2310506,292.65,308.63,375.9,317.35
2310605,393.06,403.11,422.2,403.54
2310704,362.71,411.16,410.9,393.2
2310803,403.76,442.95,494.7,439.72
2310852,523,592.42,555.3,558.7
2310902,347.88,358.37,431.4,370.37
2310951,422.35,527.68,530.7,489.41
2311009,335.59,410.84,428.9,386.96
2311108,445.94,454.32,473.9,455.48
2311207,359.41,420.16,464.6,407.37
2311231,344.71,373.37,421.3,373.2
2311264,343.65,358.58,420.1,366.43
2311306,317.88,346.42,383.8,344
2311355,401.76,439.11,454.2,428.59
2311405,287.12,309.89,394.9,319.96
2311504,326.94,358.16,408.3,357.52
2311603,450.35,537.37,527.8,503.13
2311702,485.88,597.05,608.3,558.41
2311801,337.29,378.42,393.6,366.52
2311900,337.12,379.47,414.6,371.46
2311959,320.18,371.79,414.2,361.93
2312007,424.47,485.58,481.2,462.04
2312106,432.71,538.79,556,503.33
2312205,371.94,402.21,471.5,406.09
2312304,495.29,554.89,607.4,544.28
2312403,442.65,519.26,484.2,483.33
2312502,335.53,372.16,421.5,369.35
2312601,406.41,473.32,476.1,449.2
2312700,319.59,329.32,421.8,345.83
2312809,533.59,578.68,583.5,563.07
2312908,367.41,447.84,442.9,417.04
2313005,327.82,338.11,431.2,354.54
2313104,349.29,380.05,423.7,378.17
2313203,314.35,360.42,405.6,353.22
2313252,387.82,443.53,487,432.39
2313302,274.94,295.74,358.7,301.74
2313351,346.88,369.11,423.9,372.8
2313401,570.76,603.16,678.8,607.63
2313500,554.35,608.42,619.4,590.83
2313559,481.47,645.79,608,576.85
2313609,547.71,637.74,652.6,607.7
2313708,422.65,471.37,500.6,459.72
2313757,418.06,517.47,501.3,477.22
2313807,458.29,589.47,544.2,531.15
2313906,560.47,624.89,604.8,596.72
2313955,406.59,512.11,529.6,476.91
2314003,497.88,595.84,627.3,566.48
2314102,525,616.58,630.4,585.74
2400109,250,235.05,316.4,258.26
2400208,284.35,288.95,368.1,304.46
2400307,272.65,285.26,362.2,297.33
2400406,386.29,408.21,473.9,414.39
2400505,387.59,411,455.9,412.11
2400604,390.65,424.32,466.4,421.02
2400703,278.12,292.74,361.5,302.28
2400802,256.06,279.42,349.8,286.09
2400901,382.35,423.58,470,418.43
2401008,332.18,348.84,392.1,352.09
2401107,316.24,336.68,381,338.76
2401206,275.12,340.16,385.1,325.89
2401305,326.82,343.32,401,349.76
2401404,300.06,351.63,371.2,336.83
2401453,319.06,338.58,387.8,342.07
2401503,209.65,209.11,290.9,227.09
2401602,231.29,249.84,344.2,263.5
2401651,220.35,218.42,313.2,239.74
2401701,233.65,272.21,331.4,270.83
2401800,253.18,310.53,330,293.57
2401859,238.65,262.79,338.4,270.3
2401909,197.47,218,307.6,229.89
2402006,311.71,340.16,383.7,339.11
2402105,229.53,223.11,318.5,246.22
2402204,291.88,351,370.2,333.33
2402303,317.35,342.16,396.7,344.85
2402402,253.65,261.84,352.5,278.52
2402501,278.53,286.58,373.4,302.48
2402600,289.59,326.95,398.8,328.76
2402709,198.53,199.05,292.3,219.13
2402808,230.94,220.68,299.3,241.57
2402907,377.06,402.74,476.2,409.22
2403004,291.18,304.26,368.8,313.46
2403103,241.35,223.89,307.5,248.52
2403202,402,423.11,487.4,429.28
2403251,287.71,336.42,379.4,327.76
2403301,402,423.11,487.4,429.28
2403400,276.53,303.63,385.4,311.39
2403509,240.88,293.95,326.5,281.41
2403608,289.18,325.16,393.7,326.76
2403707,323.53,322.53,389.1,337.37
2403756,218.94,233.95,306.7,244.22
2403806,291.12,303.21,382.3,315.93
2403905,385.35,409.47,484,416.76
2404002,386,417.95,471.5,417.78
2404101,252.94,264.42,340.4,276.7
2404200,276.65,332.79,353.6,316.57
2404309,312.35,323.05,409.7,337.93
2404408,327.76,376.26,396.2,362.67
2404507,252.59,269.05,352.6,281.13
2404606,261.41,286.37,385.1,298.61
2404705,278.71,287.84,359.5,300.04
2404804,336.12,347.74,449.9,365.65
2404853,282.35,290.21,362.5,303.02
2404903,358.47,375.16,412.8,377.17
2405009,233.18,227.89,305.3,246.67
2405108,229.24,246.53,329,258.07
2405207,351.12,368.89,410.7,371.41
2405306,205.12,231.84,277.9,231.98
2405405,202.53,210.84,277.3,222.22
2405504,218.29,237.16,327.8,249.89
2405603,334.35,367.63,404,363.24
2405702,295.47,318.16,376.9,322.54
2405801,237,256.89,341.2,267.87
2405900,377.18,419.05,472,415.09
2406007,404.06,418.21,456.5,421.3
2406106,316.65,341.89,394.9,344.09
2406155,253.18,310.53,330,293.57
2406205,213.47,245.84,293.8,244.3
2406304,245.53,297.37,329.1,285.11
2406403,213.06,206.68,271.9,223.22
2406502,250.06,248.89,323.1,265.46
2406601,221.24,266.74,303.3,257.87
2406700,204.18,224.95,304.5,234.57
2406809,220.41,212.58,306.1,235.8
2406908,386,417.95,471.5,417.78
2407005,385.18,399.42,454.2,406.07
2407104,256.29,306.21,367.3,301.04
2407203,266.47,282.47,360.7,293.57
2407252,396.12,411.79,461.4,416.78
2407302,377.59,402.95,462.2,406.46
2407401,377.88,409.53,454,407.5
2407500,281.88,324.58,379.3,320.7
2407609,363.71,393.58,419.3,388.13
2407708,259.71,298.26,329.7,290.85
2407807,251.47,300,349.5,292.83
2407906,196,219.42,272.3,222.26
2408003,309.82,330.42,377.3,333
2408102,290.65,327.05,395.3,328.43
2408201,296.35,359.95,403,345.8
2408300,219.53,258.95,297.1,252.67
2408409,362.71,384.53,421.3,384.46
2408508,303.76,323.37,395.8,331.87
2408607,399.47,420.95,460.8,421.67
2408706,302.41,325.47,376.4,328.02
2408805,227.82,258.53,335.4,263.89
2408904,277.76,306.53,389.1,313.85
2408953,270,302.79,378.4,307.11
2409100,215.41,253.58,305.8,250.83
2409209,253.18,310.53,330,293.57
2409308,376.29,412.84,433.5,403.83
2409332,240.24,253.16,346.7,268.72
2409407,388.41,414.84,494.3,422.35
2409506,240.59,271.89,342.6,275.7
2409605,215.35,247.53,323.4,252.13
2409704,238.53,250.05,336.6,264.61
2409803,258.29,305.21,326.6,292.52
2409902,269,288.53,372,299.46
2410009,380.35,398.26,465.8,406.33
2410108,245.18,270.84,359.4,280.61
2410207,381.35,409.42,479.2,414.22
2410256,280.41,300,377.6,309.63
2410306,204.71,226.74,278,229.74
2410405,262.65,291.84,371.6,298.39
2410504,411.65,417.68,489.4,431.04
2410603,380.65,408.53,443.6,405.85
2410702,381.88,399.21,445.6,402.89
2410801,386.29,408.21,473.9,414.39
2410900,215,223.89,318.2,241.11
2411007,351.59,383.16,423.7,380.3
2411056,334,384.84,407.4,370.96
2411106,212.12,214.21,301.4,232.39
2411205,222.06,222.47,307.1,240.72
2411403,277.65,273.89,343.3,290.37
2411429,293.41,303.89,386.1,317.89
2411502,219.59,251.11,294.9,248.98
2411601,244.12,276.37,335.5,277.3
2411700,213,214.16,296.1,231.54
2411809,330.59,362.42,406.9,360.33
2411908,374.35,407.74,466.2,408.11
2412005,285.82,319.42,398.7,324.24
2412104,319.53,348,420.1,353.15
2412203,277.24,338.53,378,324.46
2412302,208.18,228,282.4,232.5
2412401,293.82,315.89,368.8,319.24
2412500,377.06,402.74,476.2,409.22
2412559,248.53,271.74,341.8,278.39
2412609,221.35,216.58,313.6,239.43
2412708,231.47,256.05,337.3,264.63
2412807,301.18,311.53,375.7,321.65
2412906,203.35,199.74,291.8,221.09
2413003,256.82,258.32,328.5,273.02
2413102,224.59,242.26,302,248.72
2413201,293.71,358.63,396.9,342.96
2413300,204.82,234.26,291.9,235.91
2413359,301.59,321.05,376.8,325.98
2413409,361.35,380.58,432.4,384.74
2413508,220.53,249.58,300.5,249.91
2413557,382.18,415.63,479.9,417.24
2413607,343.59,362.05,392.9,361.93
2413706,206.35,205.89,282.9,222.8
2413805,382.71,393,466,405.07
2413904,260.59,294.37,381.8,300.89
2414001,198.82,210.53,263.8,217.78
2414100,394.76,417.53,451.4,416.48
2414159,277.35,279.42,352.7,294.59
2414209,289.29,354.16,376.6,335.07
2414308,330.35,361.89,402.8,359.13
2414407,254.53,285.95,364.7,291.46
2414456,324.59,339,397.3,346.35
2414506,372.06,384.53,427.1,389.17
2414605,297.82,322.95,378.4,325.72
2414704,240.88,293.95,326.5,281.41
2414753,367.53,385.84,442,391.28
2414803,251.47,300,349.5,292.83
2414902,381.88,399.21,445.6,402.89
2415008,309.59,372.26,389.8,352.91
2500106,368.94,389.11,474.3,400.17
2500205,447.24,531.63,584.6,511.96
2500304,265.35,258.21,363.8,283.8
2500403,251.18,263.89,347.1,277.28
2500502,273.29,260.05,375.7,290.09
2500536,148.18,143.95,216.2,161.22
2500577,159.47,173.63,261.6,187.52
2500601,348.53,363.05,401.9,366.13
2500700,439.71,527.53,529.1,495.41
2500734,272.82,291,331.6,293.11
2500775,425.29,436,482.9,442.24
2500809,247.06,267.32,301.9,267.35
2500908,242.94,261.42,349,273.63
2501005,213,239.47,312.9,245.65
2501104,239.18,251.63,335.3,265.22
2501153,281.35,324.26,385.5,321.72
2501203,181.94,180.68,276.8,202.04
2501302,193.59,179.63,228,195.3
2501351,213.12,220.37,310.7,237.33
2501401,314.35,361.37,377.4,347.48
2501500,266.47,296.89,374,302.41
2501534,193.35,214.79,280.2,221.09
2501575,140.53,144.58,213.8,158.13
2501609,153.12,176.58,253.8,184.7
2501708,151,145.37,207.8,161.02
2501807,349.59,349.37,356.6,351.02
2501906,247.29,268.63,348.8,278.17
2502003,357.88,385.53,409,380.41
2502052,391.88,405.37,451.4,410.39
2502102,399.41,473.16,472.1,445.67
2502151,150,152.37,240.6,170.67
2502201,455.53,546.21,571,518.09
2502300,394.24,402.42,463.2,412.61
2502409,427.12,541.79,514.8,493.54
2502508,136.24,138.63,215.9,154.54
2502607,442.29,504.42,570.7,495.87
2502706,266.47,296.89,374,302.41
2502805,377.76,397.16,422.2,395.43
2502904,376.65,404.37,456,405.35
2503001,342.59,351.84,402.3,359.39
2503100,131.12,139.84,233.5,156.98
2503209,338.76,358,378.4,355.33
2503308,443.18,569.26,576.1,524.15
2503407,356.71,408.68,474.9,403.87
2503506,183.82,210.32,294,218.72
2503555,320.41,371.89,422.1,363.78
2503605,235,257.32,324.5,263.67
2503704,458.29,562,578.8,527.33
2503753,408.59,395.58,504,423.96
2503803,230.29,241.26,272.1,243.91
2503902,222.82,224.21,272.1,234.11
2504009,168.65,181.89,258.3,193.61
2504033,292.41,300.42,313.1,300.22
2504074,185.88,192.79,237.4,199.93
2504108,445.71,544.42,573.8,514.33
2504157,182.41,209,297.7,218.46
2504207,397.82,402.68,539.5,430.63
2504306,364.29,406.63,453.6,401.2
2504355,141.18,140,219.4,157.7
2504405,400.06,457.89,474.2,440.07
2504504,396,426.68,503.2,431.98
2504603,363.12,369.37,394.7,372.57
2504702,195.41,209.53,254.3,214.04
2504801,414.35,381.74,530.2,426.07
2504850,198.18,223.63,258.8,221.87
2504900,279.12,281.47,289.9,282.43
2505006,177.88,206.42,294.7,215.07
2505105,191.47,211.21,282.2,219.35
2505204,273.29,260.05,375.7,290.09
2505238,261.47,271.95,295.1,273.11
2505279,247.59,262.47,301.2,265.39
2505303,397.53,461.58,475.5,440.93
2505352,166.35,198.53,283.9,205.2
2505402,305.76,337.63,375.4,334.07
2505501,379,401.21,488.4,411.96
2505600,410.59,477.68,467.3,450.63
2505709,247,279.32,356.4,284.13
2505808,245.71,261.21,313.5,266.85
2505907,405.41,392.63,514.1,423.76
2506004,197.94,202.05,278.5,217.15
2506103,189.65,186.68,241.1,199.61
2506202,218.94,219.37,309.1,238.72
2506251,149.59,136.63,207.7,156.87
2506301,262.12,273.84,350,286.07
2506400,219.76,229.16,281,236.96
2506509,178.06,190.37,271.8,203.52
2506608,417.18,471.05,468.6,450.61
2506707,376.88,373.53,494.2,401
2506806,221.35,200.95,277.8,225.2
2506905,229.12,222.53,253.8,231.76
2507002,432.24,498,536.7,482.11
2507101,255.82,274.05,302.1,273.41
2507200,191.59,176.95,237.4,195.5
2507309,259.71,298.26,329.7,290.85
2507408,386.41,392.58,468.3,406.76
2507507,367.29,368.42,398.7,374.59
2507606,229,223.21,313.2,244.91
2507705,217.88,220.63,296.5,236.11
2507804,246.41,250.84,366.5,274.35
2507903,239.41,243.42,266.3,246.91
2508000,371.59,378.11,447.3,390.74
2508109,386.41,392.58,468.3,406.76
2508208,227.94,256.89,309.5,257.63
2508307,204.24,227.89,292.5,233.2
2508406,401.24,432.63,447.1,424.17
2508505,278.65,303.26,331.1,300.22
2508554,222,258.58,326.4,259.8
2508604,335.41,348.79,371.2,348.72
2508703,366.88,394.95,515.8,410.85
2508802,383,420.16,498.4,423.43
2508901,294,317.58,334.8,312.61
2509008,372.18,429.79,452.3,413.39
2509057,315.94,353.63,372.6,343.83
2509107,228.71,241.63,296.9,248.87
2509156,451.06,530.37,549.5,505.22
2509206,220.29,221.84,298,237.83
2509305,302.71,353.63,377.5,340
2509339,229.12,237.58,325.4,253.54
2509370,385.12,396.84,454.6,405.07
2509396,370.88,392.89,499.6,407.96
2509404,208.41,215.37,250.2,220.37
2509503,181.94,180.68,276.8,202.04
2509602,423.76,534.47,498,485.63
2509701,237.12,220.74,297.3,243.43
2509800,236.41,247.79,332.9,262.09
2509909,208.76,192.26,236.4,207.96
2510006,461.47,546.05,561.5,518.15
2510105,233.18,227.89,305.3,246.67
2510204,399.82,466.95,463.2,441.33
2510303,241.35,266.68,336.5,272.5
2510402,383.24,373.26,501.1,404.74
2510501,226.59,278.63,333.4,271.3
2510600,264.94,274.26,322.6,281.33
2510659,219.59,233.63,296.6,242.13
2510709,318,362.42,413.7,357.15
2510808,371.59,409.79,504.6,416.28
2510907,373.82,381.68,458.6,395.5
2511004,399.82,466.95,463.2,441.33
2511103,208.24,244.95,321.3,247.98
2511202,324.59,343.11,353.1,338.43
2511301,398.47,408.11,495.2,423.48
2511400,229.59,233.37,321.1,251.04
2511509,229.35,245.16,259.5,242.43
2511608,286.71,304.32,395,317.52
2511707,268.06,291.95,373,300.74
2511806,247.29,268.63,348.8,278.17
2511905,351.18,357.68,411.6,367
2512002,183.82,210.89,299.3,220.11
2512036,367.53,385.84,442,391.28
2512077,413.35,426.32,462.9,429.48
2512101,403.53,386.84,480,413.26
2512200,258.35,274.74,320.2,278.57
2512309,367.12,392.32,458,397.28
2512408,174.59,187.21,267.1,199.91
2512507,161.59,169.95,241,182.3
2512606,351.35,399.47,454.5,393.65
2512705,197.94,202.05,278.5,217.15
2512721,253.59,284.11,309.4,278.33
2512747,228.12,255.95,323.7,260.39
2512754,221.35,200.95,277.8,225.2
2512762,241.71,255.63,270,253.61
2512788,144.65,138.05,212.1,156.59
2512804,369.65,406.21,462.4,404.91
2512903,315.94,353.63,372.6,343.83
2513000,253.71,267.63,356.7,281.85
2513109,227.82,213.53,242.3,225.07
2513158,158.06,153.53,219,169.43
2513208,403.76,417.68,444.3,418.33
2513307,428.76,511.53,538.7,486.85
2513356,395.35,449.42,481.3,436.37
2513406,297.88,343.47,412.7,341.67
2513505,389.35,438.84,473.8,428.15
2513604,412.29,440.68,505.7,444.33
2513653,391.65,408.47,457.3,412.87
2513703,326.29,329.84,335.8,329.83
2513802,390.65,437,514.4,436.7
2513851,218.82,233.95,296.6,241.98
2513901,369.82,395.21,423.5,391.98
2513927,399.12,408.32,500.8,425.02
2513943,160,187.95,263.9,194.13
2513968,418.71,420.32,508.3,438.85
2513984,419.29,424.89,439.6,426.02
2514008,168.41,182.74,269.1,196.22
2514107,208.24,196.74,276.2,218.26
2514206,457.29,496.42,543.2,492.13
2514305,428.76,516.74,520.7,485.09
2514404,360.18,392.89,501.9,404.5
2514453,221.71,229.53,240.6,229.04
2514503,450.47,557.63,577.4,522.33
2514552,362.35,376.47,445.3,386.22
2514602,383.76,404.84,507.2,419.3
2514651,355.82,379.53,411.4,377.7
2514701,294.71,327.74,401.1,331.48
2514800,248.94,273.58,312.8,273
2514909,323.88,368.42,434.3,366.28
2515005,272.41,267.47,287,273.54
2515104,205.59,207.21,284.6,223.43
2515203,228.82,208.58,297,235.28
2515302,278.29,280.58,298.6,283.65
2515401,185.71,204.21,301.9,218.61
2515500,225.94,258.21,298.4,255.02
2515609,247.29,268.63,348.8,278.17
2515708,428.76,516.74,520.7,485.09
2515807,238.29,225.74,324.2,251.78
2515906,286.71,304.32,395,317.52
2515930,247.29,268.63,348.8,278.17
2515971,241.71,255.63,270,253.61
2516003,224.29,258.95,335.2,262.72
2516102,178.29,185.95,272.4,201.91
2516151,178.94,207.58,281,212.96
2516201,439,488.42,496.7,471.96
2516300,254.65,272.05,315.7,275.11
2516409,229.82,259.79,326.7,263.26
2516508,256.12,267.74,309.1,272.43
2516607,371.59,378.11,447.3,390.74
2516706,359.41,388.47,468.8,395.2
2516755,236.76,252.32,325.1,262.39
2516805,413.12,465.58,479.1,449.13
2516904,396.71,430.95,459.7,424.54
2517001,158.82,155.95,201.8,166.98
2517100,320,351.21,410.5,352.57
2517209,406.59,435.63,449.1,427.83
2517407,233.59,216.53,301.8,241.37
2600054,300.06,291.11,337.8,304.57
2600104,326.71,351.26,447.4,363.09
2600203,294.35,304.89,350.3,310.87
2600302,184.71,164.63,242.9,189.07
2600401,329.41,294.16,390.8,328.2
2600500,179.06,119.58,221.1,163.63
2600609,211.76,182.79,283.2,215.33
2600708,259.35,266.05,310,273.13
2600807,175.41,154.95,241.5,181.33
2600906,266.24,242.95,303.1,264.63
2601003,199.29,148.47,276.4,195.07
2601052,304.71,297.05,341,309.43
2601102,333.29,345,419.4,356.85
2601201,223.29,184.68,300.5,224.13
2601300,261.24,234.26,324.1,263.76
2601409,342.47,314.42,407.9,345.11
2601508,236.82,206.42,305.2,239.13
2601607,245.24,232.58,287.4,249.17
2601706,209.76,187.63,281.1,216.13
2601805,275.82,263.32,331.7,282.8
2601904,172.47,167.58,204.8,177.48
2602001,377,420.74,470.5,415.39
2602100,163.18,124.95,228.7,161.63
2602209,199.59,187.68,245.4,204.63
2602308,231.94,221.84,292.6,240.96
2602407,180.65,136.74,243,176.07
2602506,355.82,378.58,475.9,391.33
2602605,180.18,191.32,270.7,204.46
2602704,232.71,215.11,281.9,236.13
2602803,224.47,169.26,261,209.61
2602902,356.71,314.95,364.9,341.24
2603009,270.65,262.16,323,278.52
2603108,179.06,153.79,237.1,181.24
2603207,205.71,143.42,244.8,188.48
2603306,189.35,147.68,260.7,187.65
2603405,332.24,330.37,399.2,346.02
2603454,358,310.95,379.3,343.2
2603504,212.06,196.26,256.3,215.15
2603603,257.71,255.37,279.1,261.39
2603702,204.18,156.42,274.3,199.7
2603801,213.29,165.63,260.9,203.96
2603900,325.59,341.63,422.9,353.37
2603926,269.88,227.58,321.4,263.61
2604007,234.82,210.53,278.8,234.35
2604106,157.59,159.53,227.4,173.57
2604155,160.06,154.58,206.3,167.85
2604205,268.88,221.47,322.1,260.87
2604304,394.71,387.37,418,396.74
2604403,241,216.89,262.8,235.78
2604502,225.41,221.42,243.9,227.78
2604601,319.06,316.74,370,329.17
2604700,200.53,150.42,269.4,194.8
2604809,287.24,263.26,338,288.37
2604908,153.88,164.74,215,171.65
2605004,197.41,175.47,265.3,203.11
2605103,269.24,275.05,367.2,292.93
2605152,279.76,280.79,330.5,291.22
2605202,297.94,267.16,311.7,288.22
2605301,439.06,533,527.7,497.13
2605400,226.35,195.21,258.2,220.41
2605509,257.71,255.37,279.1,261.39
2605608,321.59,345.32,426.4,354.17
2605707,270.71,244.42,322.8,271.17
2605806,147.76,164.84,202.5,166.72
2605905,340.88,313.84,411.6,345.09
2606002,194.71,143.68,253.3,186.37
2606101,220.53,189.68,242.7,212.61
2606200,337.18,336.26,389.9,348.26
2606309,355.59,351.11,405,364.48
2606408,173.12,184.53,208.8,185.59
2606507,175.47,116.42,240.5,165.22
2606606,258.53,199.21,288.9,240.63
2606705,185,148.68,253.8,184.96
2606804,336.65,306.84,367.8,331.11
2606903,284.18,289.47,395.9,310.65
2607000,218.76,165.74,259.3,205.67
2607109,288.35,294.53,380.8,311
2607208,359.53,338.37,375.7,354.3
2607307,372.24,388.63,461.5,398.41
2607406,234.76,205.42,301.4,237.13
2607505,208,140.37,228.2,184.46
2607604,355.24,355.53,400.6,365.22
2607653,272.82,270.95,304.8,279
2607703,327.71,354.74,421.4,359.24
2607752,324.06,315.63,356.8,327.7
2607802,293.82,306.32,362.2,313.85
2607901,356.88,317.37,377.3,345
2607950,245.76,216.05,311.1,247.7
2608008,198.47,201.05,272.6,215.65
2608057,175.24,127.68,210.8,163.33
2608107,194.65,183.16,240.7,199.91
2608206,300.59,268.79,348.5,297.87
2608255,203.59,144.58,263.1,192.15
2608305,189.35,147.68,260.7,187.65
2608404,190.29,146.42,253.5,185.91
2608453,234.82,210.53,278.8,234.35
2608503,241,216.89,262.8,235.78
2608602,186.35,138.89,250.6,180.72
2608701,236.82,206.42,305.2,239.13
2608750,262.94,241.95,305.8,263.59
2608800,185,148.68,253.8,184.96
2608909,209.41,190.58,243.6,209.07
2609006,235.59,205.74,265.1,229.67
2609105,199.59,187.68,245.4,204.63
2609154,239.06,165.37,252.8,211.61
2609204,267.35,236.21,340.5,270.39
2609303,309.53,292.79,356.8,312.89
2609402,304.12,272.26,320.1,294.43
2609501,231.12,221.89,285.1,239.04
2609600,359.94,314.74,379.2,345.46
2609709,199.59,187.68,245.4,204.63
2609808,279.24,262,325.3,282.13
2609907,282.18,288.68,370.4,304.04
2610004,288.59,251.21,350,286.5
2610103,203.59,153.68,278,199.15
2610202,182.76,151,264.1,187.33
2610301,197,139.63,249.9,184.8
2610400,290.06,276.53,325.1,292.09
2610509,172.35,177.58,216,184
2610608,293.12,270.79,312.2,288.04
2610707,359.94,314.74,379.2,345.46
2610806,207.35,169.58,251,201.24
2610905,214.12,186.58,297.7,220.91
2611002,215.88,174.53,279.4,212.61
2611101,245.29,221.05,293.6,245.78
2611200,217.53,184.95,281.8,218.04
2611309,209.71,201.58,247.9,214.65
2611408,284.18,267.68,308.6,282.67
2611507,217.94,176.79,280.4,214.52
2611533,337,356.53,439.9,367.43
2611606,359.18,323,383,349.41
2611705,147.59,163.05,212.7,168.13
2611804,343.88,316.47,395.6,343.8
2611903,353,321.84,418.5,354.37
2612000,229.82,214.84,277.1,233.91
2612109,175.82,171.37,225.9,184.87
2612208,314.35,311.47,350.3,320.98
2612307,178.88,130.79,242,172.74
2612406,202.82,188.53,267.6,211
2612455,266.18,278.26,333.8,285.87
2612471,359.47,374.21,427.2,380.28
2612505,140.71,158.84,220,165.43
2612554,283.29,288.42,336.6,297
2612604,247.29,242,307.5,258.2
2612703,144.82,156.16,217.4,165.28
2612802,347.41,366.63,457.2,379.22
2612901,234.71,193.05,313.1,234.54
2613008,191.12,173.89,253.4,197.54
2613107,174,161.58,243.9,184.07
2613206,191.76,153.84,256,190.07
2613305,195.65,188.37,239.3,202.13
2613404,347.65,315.42,404.3,346.65
2613503,372.53,422.63,450,410.07
2613602,292.47,310.47,352.9,313.04
2613701,283.82,254.16,295.3,274.07
2613800,224.35,197.79,264.5,222.11
2613909,331.41,322.53,373.8,336.96
2614006,363.41,360.47,414.6,373.33
2614105,242.53,216.58,303.5,245.07
2614204,361.94,322.16,403.3,354.5
2614303,432,465.95,471.6,454.63
2614402,345.12,374.68,450.6,380.26
2614501,154.53,154.63,196.4,163.67
2614600,329.65,369.79,445.4,371.39
2614709,177.59,160.32,241.1,184.26
2614808,200.53,149.05,254.2,190.93
2614857,346,319.32,414.7,349.91
2615003,159.12,153.16,229.2,171.89
2615102,177.53,138,243.5,175.54
2615201,310.53,282.63,342.7,306
2615300,245.35,229.84,274.1,245.2
2615409,153.71,150.47,234.5,169.93
2615508,249.94,261.84,301.2,266
2615607,341.24,349.16,432.6,364.37
2615706,355.41,357.05,429.9,372.28
2615805,221.06,169,252.3,206.35
2615904,264.53,271.63,333.8,282.52
2616001,207.35,169.58,251,201.24
2616100,366.24,388.63,401.1,383.07
2616183,143,149.47,200.5,158.17
2616209,161.24,156.32,226.6,173.41
2616308,243.41,226.95,278.5,244.24
2616407,236.41,221.74,267.9,237.2
2616506,299.82,256.42,378.4,298.98
2700102,188.47,116.26,225.7,166.74
2700201,173.65,141.26,243.6,175.48
2700300,138.53,97.79,198.7,134.78
2700409,223.59,217.05,303.4,238.24
2700508,279.82,249.89,326.5,277.61
2700607,231.71,220.47,291.9,240.15
2700706,139.06,83.68,177.2,124.48
2700805,163.41,142,222.2,167.35
2700904,137.76,88.05,192.5,129.13
2701001,216.59,210,298.2,231.61
2701100,203.29,170,295.6,209.61
2701209,152.35,100.05,197.5,140.57
2701308,207.35,180.05,290.4,214.13
2701357,310.82,276.47,382.5,312.22
2701407,189.88,174.95,239.4,194.48
2701506,130,100.68,194.4,131.89
2701605,193,132.21,221.8,174.15
2701704,203.24,185.21,281.6,212.83
2701803,150.41,95.68,181.9,134.65
2701902,211.53,158.11,291.2,206.78
2702009,145.71,118.26,210.4,148.43
2702108,266.06,228.89,330.8,264.78
2702207,246.47,242.42,323.2,261.48
2702306,190.41,166.95,234.1,190.22
2702355,141.06,99.89,203.9,137.72
2702405,172.12,112.68,216.9,157.3
2702504,153.06,102.68,199.3,142.3
2702553,169.18,116.63,223.8,159.35
2702603,130.41,97.53,196.9,131.28
2702702,184.59,150.68,223.9,179.13
2702801,246.82,218.68,309.5,248.83
2702900,125.82,88.68,185.2,123.39
2703007,241.24,201.63,318.9,241.76
2703106,145.82,109.79,202.1,143.17
2703205,154,129.05,193.2,152.22
2703304,185,120.95,209.2,163.8
2703403,140.82,89.47,194.4,131.26
2703502,311.76,307.47,375.4,323.83
2703601,329.47,307.16,381.3,331.52
2703700,137.88,89.47,190.6,129.35
2703759,222.12,207.68,268.8,226.3
2703809,263.71,218.05,331.4,259.57
2703908,307.18,276.26,375.7,309.3
2704005,163.06,128.37,233.8,164.11
2704104,123.47,91.74,183.8,123.48
2704203,159.88,127.79,222.7,160.28
2704302,243.47,242.47,302.3,255.85
2704401,151.41,90,194,135.3
2704500,342,309.79,387.9,338.67
2704609,158.35,114.89,203.2,150.15
2704708,238.24,233.58,309.4,251.78
2704807,198.88,164,264.5,198.74
2704906,175.12,136.11,232.5,171.48
2705002,208.41,133.32,237.9,183.8
2705101,303.53,260.58,369.6,300.15
2705200,225.18,213.53,282.5,232.83
2705309,170.18,108,215.5,154.35
2705408,140.82,89.47,194.4,131.26
2705507,206.24,186.58,289.6,216.24
2705606,294.94,256.32,371.8,295.7
2705705,146.12,91.16,181.6,131.13
2705804,173.18,107.95,211.3,154.52
2705903,140.41,110.37,196.8,140.26
2706000,153.65,96.84,192.3,138.59
2706109,173.65,126,226,165.35
2706208,142.71,89.53,187.2,130.41
2706307,152.88,114.53,205.8,148.54
2706406,140.76,82.26,185.1,126.24
2706422,178.47,117.63,233.2,165.24
2706448,277.65,252.58,335.2,279.8
2706505,317.82,268.68,368.6,308.57
2706604,181.59,132.21,237.6,173.37
2706703,177.35,145.42,212.7,171.85
2706802,175.35,147.95,206,170.7
2706901,225.18,223.05,294.9,239.46
2707008,198,167.32,264.3,199.74
2707107,161.76,102.89,188.3,143.22
2707206,158.35,114.89,203.2,150.15
2707305,323.94,288.58,376.6,320.78
2707404,328.35,287.42,382.2,323.15
2707503,146.71,118.16,201.8,146.89
2707602,181.59,132.21,237.6,173.37
2707701,236.12,227.89,301.8,247
2707800,231.71,220.47,291.9,240.15
2707909,246.47,242.42,323.2,261.48
2708006,150.24,102.37,193,139.76
2708105,207.53,163.37,298.6,209.09
2708204,137,110.16,208.4,141.43
2708303,208,160.84,293.5,207.11
2708402,142.35,89.11,180.6,128.67
2708501,268.53,240.26,326.4,269.43
2708600,217.53,215.32,279.1,230
2708709,317.82,268.68,368.6,308.57
2708808,150.82,121.79,217,153.22
2708907,239.65,238,311.2,254.52
2708956,168.29,107.11,211.1,152.33
2709004,163.41,142,222.2,167.35
2709103,153.47,129.26,226.6,159.37
2709152,181,152.47,235.8,181.13
2709202,132.35,90.16,187.3,126.87
2709301,208.41,162.68,295.7,208.5
2709400,203.18,164.21,280,203.78
2800100,137.59,105.63,201.8,138.35
2800209,147.18,117.58,207.7,148.11
2800308,206.29,177.84,272.1,208.85
2800407,233.76,205.63,291,234.59
2800506,183.88,167.74,240.4,189.5
2800605,201.82,171.58,262.7,202.57
2800670,229.82,198.05,283.2,228.3
2800704,175.53,145.05,205.9,169.54
2801009,186.06,153.74,227.8,181.78
2801108,137.53,100.21,195.7,134.76
2801207,167.65,99.26,197.7,145.93
2801306,164.94,132.32,216.9,162.76
2801405,151.88,101.63,205.8,142.85
2801504,183.65,151.32,234.1,181.26
2801603,143,117.11,205.2,145.83
2801702,227.12,197.95,285.4,227.74
2801900,154.59,126.32,219.5,157.02
2802007,187.59,162.53,235.2,187.59
2802106,235.12,214.26,295.1,239.54
2802205,138.06,109.58,208.6,141.63
2802304,153.29,126.42,197.7,151.85
2802403,131.82,87.95,192,126.78
2802502,183.65,151.32,234.1,181.26
2802601,144.94,114.05,210,146.33
2802700,173.06,144.05,201.7,167.3
2802809,241.41,215.37,304.4,244.35
2802908,170.59,143,230.7,172.26
2803005,219.35,196.16,282.1,223.41
2803104,135.59,101.42,187.6,132.78
2803203,227.18,194.37,287.6,226.76
2803302,179.59,141.37,229.7,174.7
2803401,162.82,136.05,202.7,160.43
2803500,207.88,176.79,253.6,204.98
2803609,206.18,176.11,261.4,205.76
2803708,168.71,141.11,217.1,167.83
2803807,153.12,124.95,213.7,154.65
2803906,185.53,162.74,235.2,186.91
2804003,195.82,171.84,250.7,197.85
2804102,163.88,145,218.8,168.02
2804201,140.24,89.42,199.5,132.13
2804300,153.12,124.95,213.7,154.65
2804409,168.41,136.89,192.8,160.7
2804458,142.59,108.37,207.3,142.52
2804508,136.12,87.26,191.5,127.98
2804607,159.53,129.32,215.2,159.15
2804706,135.29,94.16,179.8,127.98
2804805,206.18,176.11,261.4,205.76
2804904,172.47,145.32,217.2,170.98
2805000,173.24,139.47,221,169.67
2805109,227.24,201.68,291.8,230.72
2805208,164.24,122.68,214.4,157.98
2805307,183.47,149.47,230.9,179.74
2805406,157.88,86.89,198.3,137.35
2805505,164.41,114.95,204.5,152.7
2805604,136.12,86.42,183.6,125.91
2805703,143,117.11,205.2,145.83
2805802,192,165.16,247.3,192.93
2805901,186.94,170.95,232.3,190.2
2806008,160.29,136,208.3,160.7
2806107,188.41,156.21,239.4,186.2
2806206,228.06,194.05,284.1,226.2
2806305,235,210.79,306.2,240.48
2806404,160.53,132.63,193.2,156.11
2806503,185.53,162.74,235.2,186.91
2806602,197.06,162.05,253.2,194.8
2806701,218.06,192.42,277.9,220.48
2806800,186.06,153.74,227.8,181.78
2806909,151.71,129.58,206.6,154.5
2807006,142.53,117.32,205.2,145.74
2807105,177.82,133.79,223.5,169.57
2807204,174.29,148.58,231.3,176.07
2807303,137,110.16,208.4,141.43
2807402,164.88,123.63,209.9,157.63
2807501,207.88,166.53,265.7,203.37
2807600,228,200.58,295.1,231.26
2900108,348,225.53,420.9,313.26
2900207,237.06,216.74,291.5,240.5
2900306,202.24,148.26,257.8,192.02
2900355,162.71,102.58,199.2,145.8
2900405,208.59,134.68,253.1,187.74
2900504,328.18,211.11,345.8,283.65
2900603,272,213.58,324.2,259.22
2900702,226.88,165.47,294.3,216.17
2900801,283.65,261.47,383.3,296.15
2900900,327.59,316.68,406.4,340.22
2901007,263.59,195.26,291.5,241.43
2901106,227,177.89,261,214.11
2901155,269.06,168.42,272.8,228.3
2901205,268.29,188,336,249.85
2901304,366.65,229.84,410.8,319.74
2901353,257.41,153.05,215.9,205.28
2901403,445.71,410.05,483.5,439.2
2901502,207.71,138.11,247.2,187.54
2901601,175.41,105,200.5,151.78
2901700,205.06,139.84,233.4,184.28
2901809,285.47,166.84,253.3,229.48
2901908,207.06,152.74,272.7,198.89
2901957,294.71,275.95,373.2,304.02
2902005,282.29,183.89,313.8,248.5
2902054,231.71,176.68,309,225.78
2902104,194.06,116.42,219.9,167.61
2902203,214.71,153.63,269.8,201.46
2902252,347.41,308.74,426.8,348.7
2902302,336.82,307.11,399.6,338.2
2902401,336.59,324.58,410.7,347.74
2902500,450.29,390.26,481.7,432.33
2902609,270.41,149.95,301.4,227.39
2902658,168.18,109.53,188.1,148.28
2902708,374.47,295.63,393.4,346.02
2902807,274.29,175.26,294.1,237.7
2902906,285.53,222.32,354.9,274.5
2903003,269.71,178.95,302.6,239.37
2903102,316.41,299.68,422.9,332.65
2903201,519.18,462.89,521.8,496.5
2903235,267.65,158.11,288.4,226.91
2903276,209.59,121.68,236.6,179.15
2903300,366.53,366.79,439,382.39
2903409,333,306.21,377.6,331.63
2903508,279.18,207.16,339.6,262.57
2903607,200.53,118.95,224.9,172.13
2903706,264,195.16,317.8,247.26
2903805,291.47,146.05,277.8,228.43
2903904,361.76,290.53,431.5,347.5
2903953,243.59,168.21,316.2,228.24
2904001,315.24,206.74,336.5,275.04
2904050,279.82,167.79,288.5,235.43
2904100,327.41,240.47,362.2,299.07
2904209,327.82,253.79,385.7,309.83
2904308,240.18,175.53,266,219.09
2904407,419.94,337.21,411.1,383.85
2904506,317.24,226.11,321.2,280.46
2904605,273.53,179.79,294.5,239.37
2904704,397.59,401,487.9,418.63
2904753,379.71,328.16,402.4,363.35
2904803,285.65,219.74,396.9,282.61
2904852,223.12,165.74,252.8,205.87
2904902,234.65,200.26,277.9,229.85
2905008,296.88,217.63,323.8,270
2905107,300.29,194.53,301.5,256.87
2905156,266.41,176.32,338.3,244.83
2905206,324.82,239.26,331.2,290.87
2905305,266.06,158.47,298.3,228.63
2905404,392.18,374.53,506.9,409.83
2905503,293,184.32,298.9,249.39
2905602,318.53,284.42,419.5,326.39
2905701,297.71,248.89,345.7,287.98
2905800,395.53,381.79,488.2,410
2905909,348.76,302.47,375.4,335.43
2906006,246.82,152.89,193.7,196.48
2906105,467.88,347.95,491.2,423.41
2906204,265.71,158.89,298.7,228.76
2906303,359.18,336.53,418.5,362.72
2906402,210.88,119.53,251.6,182
2906501,302.24,230.37,333.1,279.26
2906600,340.35,242.47,347.9,301.57
2906709,275.71,216.26,335.1,264.07
2906808,180.12,107.58,207.3,156.07
2906824,200.59,119,217.7,170.61
2906857,224.59,120.05,288.7,195.35
2906873,239.65,131.53,256.1,198.57
2906899,293,197.32,343.6,264.48
2906907,312.59,288.79,382,317.85
2907004,252.41,214.95,312.8,250.07
2907103,373,276.47,364.3,331.24
2907202,275.65,256.21,349.2,283.61
2907301,230.65,166.21,255.7,209.48
2907400,481.82,428.11,502.9,464.22
2907509,244,189.58,309.3,235.72
2907558,316.88,228.68,362.6,290.39
2907608,287.59,216,335,268.33
2907707,229.24,164.37,297.7,217.33
2907806,184.24,110.05,190.8,155.02
2907905,176.41,110.16,227.5,160.15
2908002,340.12,339.32,412.1,355.43
2908101,481,376.58,498.6,441.7
2908200,224.35,177.74,257.9,212.39
2908309,274.41,207.42,308.3,254.11
2908408,205.06,119.84,246.8,178.93
2908507,224.35,153.68,254.4,201.7
2908606,245,215.37,307,246.24
2908705,306.71,208.79,348.1,275.26
2908804,253.65,170.74,285,226.22
2908903,214.29,144.47,245.9,192.33
2909000,297.24,202.47,345,268.48
2909109,448.29,329.63,468.7,403.72
2909208,155.06,96.68,199.6,140.63
2909307,494.76,404.26,476,453.3
2909406,433.53,399.79,490.5,431.98
2909505,286.88,258.21,356.5,290.17
2909604,182.06,134.47,230.6,172.96
2909703,440.06,398.37,485.2,432.65
2909802,233.53,183.95,271.2,221.24
2909901,233.88,186,279.5,224.02
2910008,295.35,231.79,360,283.15
2910057,297.71,248.89,345.7,287.98
2910107,280.71,185.16,284.4,242.04
2910206,306.53,248.79,366.4,295.7
2910305,258.94,195.68,296.3,240.93
2910404,277.71,219.74,319.5,262.85
2910503,238.76,208.95,318.8,243.85
2910602,247.41,205.21,310.5,243.7
2910701,174.59,108.37,217.9,156.65
2910727,318.59,262.84,361.2,304.83
2910750,183.59,106.37,203.5,156.02
2910776,415.82,294,441.5,371.09
2910800,205.53,143.58,234.6,186.26
2910859,265.18,162.42,258.9,221.37
2910909,277.76,244.74,361,282.22
2911006,307.47,282.84,379.2,312.89
2911105,496.94,490,561.7,508.15
2911204,357.65,375.84,482,392.2
2911253,214.47,117.11,291.2,190.93
2911303,330,236.16,384.5,303.09
2911402,188.47,133.53,224.1,173.52
2911501,324,300.74,413.9,333.93
2911600,226.24,166.74,243.2,205.35
2911659,286.06,190.16,317.9,253.37
2911709,358.65,244.47,355.9,310.89
2911808,335.41,243.63,366,304.15
2911857,169.76,119.74,203.9,156.52
2911907,220.71,150.11,256.7,199.37
2912004,320.59,230.05,336.2,286.59
2912103,341.06,332.58,422.6,355.28
2912202,329.06,209,374.6,289.37
2912301,308.24,279.21,376.1,311
2912400,305.65,204.11,337.1,270.54
2912509,320.06,204.79,327.2,274
2912608,296.35,158.32,332.6,247.22
2912707,348.65,318.63,447.8,357.8
2912806,309.41,293.21,376.9,317.39
2912905,310.94,290.05,382.8,317.93
2913002,286.65,195.89,299.3,251.91
2913101,290.88,173.53,304.6,245.39
2913200,373.71,294.79,409.7,348.93
2913309,194.29,122.37,255.6,177.91
2913408,337,250.47,371.6,308.78
2913457,391.47,399.42,508.2,420.13
2913507,302.06,237.05,377.7,291.65
2913606,412.41,414,504.1,433
2913705,205.47,145.74,263.6,193.43
2913804,217.53,134.79,244.3,189.17
2913903,283.71,250.37,366.1,287.85
2914000,214.12,140.37,237.9,188.83
2914109,329.94,227.84,351.3,292.41
2914208,246.29,175.47,263.2,220.72
2914307,291.71,164.05,287.6,238.09
2914406,320.18,200.79,337,274.52
2914505,212.35,136.95,245.9,188.5
2914604,283.12,193.74,288,247.26
2914653,332.35,270.21,363.9,313.54
2914703,261.47,157.79,267.3,219.91
2914802,388,386.11,455.8,401.96
2914901,390.47,390,493.3,412.63
2915007,330.35,184.68,366.5,278.04
2915106,249.18,201.26,319.8,244.74
2915205,288.29,237.05,351.7,280.91
2915304,296.65,251.16,321.1,283.17
2915353,286.47,219.26,329,267.96
2915403,282.29,241.42,346.1,279.28
2915502,356.71,358.11,422.6,371.61
2915601,306.06,279.63,373.8,309.87
2915700,306.94,292.26,400.2,321.15
2915809,282.59,219.05,373.2,276.04
2915908,259.53,228.95,318.6,259.74
2916005,325.12,285.53,366.9,317.85
2916104,328.35,271.05,352.7,309.98
2916203,356,360.47,441.2,376.37
2916302,311.24,269.58,345.5,301.48
2916401,285.59,225.58,361,277.2
2916500,159.41,120.42,195.2,151.09
2916609,317.82,297.53,398.5,326.98
2916708,278.53,230.47,326.5,269.11
2916807,291.06,236.42,350.8,281.48
2916856,220.35,151.89,247,197.87
2916906,249,201.26,271,234.07
2917003,212.53,131.89,225.8,182.11
2917102,278.35,231.53,357.9,276.3
2917201,278.41,183.89,281,239.93
2917300,406,395,516.9,425.57
2917334,365.82,263.74,357.2,321.78
2917359,509.41,424.05,544.5,481.78
2917409,326.71,230.05,344.2,290.59
2917508,326.29,198.05,311.4,270.09
2917607,252.18,209.42,298.7,244.63
2917706,281.71,168.95,216.2,220.89
2917805,364.59,337.79,442.8,370.52
2917904,241.47,213.05,293.7,241.09
2918001,236.59,183.58,283.6,224.91
2918100,187.82,110.68,204.6,159.61
2918209,309.12,275.26,379.3,310.39
2918308,268.29,233.74,333,268.09
2918357,266.94,176,267.5,229.5
2918407,252.76,186.32,305.5,236.78
2918456,327.82,278.26,384.3,319.63
2918506,272.71,187.32,296,242.5
2918555,341.65,319.05,428.9,351.28
2918605,315.18,192.79,329.5,267.74
2918704,241.94,196.05,283.1,231.93
2918753,293.24,211.11,311.7,263.33
2918803,341.59,301.37,390.6,335.63
2918902,311.82,280.16,342.2,305.35
2919009,293.59,157.32,319.4,242.91
2919058,259.65,196.42,278.5,237.63
2919108,204.24,121.16,242.6,178.26
2919157,283.71,181.16,280.1,240.57
2919207,319.12,267.37,356.6,305.89
2919306,340.35,218.68,355.5,293.39
2919405,338,235.74,343.1,296.87
2919504,274.88,197.16,282.9,244.52
2919553,686.06,557.42,694,634.65
2919603,279.76,165.21,287.9,234.22
2919702,281.82,237.79,353.9,279.3
2919801,330.88,271.26,408.9,323.22
2919900,220.18,160,270.5,206.26
2919926,318.06,243.74,330,289.96
2919959,288.12,191.32,352,262.02
2920007,289.88,238.21,357.3,283.2
2920106,273.47,149.84,277.5,223.28
2920205,361.29,270.74,357.7,323.11
2920304,274.06,186.68,302.7,244.2
2920403,236.18,156,285.5,213.78
2920452,440.41,372.47,461.1,416.85
2920502,273,169,289.4,233.61
2920601,295.12,239.95,345.3,283.24
2920700,392.59,388.74,496.9,413.67
2920809,309.18,158.68,303.4,245.76
2920908,337.53,318.11,427.5,349.07
2921005,263.06,231.58,329.2,264.43
2921054,344.41,255,377.5,314.67
2921104,315.76,284.63,349.9,310.33
2921203,299.06,167.79,276.3,239.89
2921302,245.88,167.58,267.6,218.26
2921401,249.82,151.58,236.4,206.33
2921450,241.47,158.32,321.4,224.5
2921500,200.82,124.68,237,177.24
2921609,377.65,277.47,429,347.43
2921708,249.76,144.11,235.1,202.93
2921807,331.59,240.89,362.3,300.8
2921906,358.29,223.21,418.6,315.61
2922003,318.18,294.26,391.8,324.3
2922052,292.18,175.58,299.2,245.54
2922102,309.53,149.42,283.2,237.67
2922201,336.82,307.11,399.6,338.2
2922250,414.76,326.11,427.9,381
2922300,232.24,184.63,283.7,223.76
2922409,309.12,275.26,379.3,310.39
2922508,312.59,248.26,368.8,298.24
2922607,411.59,402.58,513.7,430.07
2922656,178.65,111.79,207.9,157.39
2922706,291.94,237.47,384.2,289.5
2922730,204.88,121.21,291.5,189.15
2922755,320.94,330.11,427,347.78
2922805,238,161.47,262.5,211.72
2922854,337,193.47,359.1,282.52
2922904,176.53,104.53,221.7,156.61
2923001,320.82,299.11,390.2,326.93
2923035,316.94,204.47,338.6,275.2
2923050,191.41,109.63,197.3,158.91
2923100,176.94,114.63,218.7,160.28
2923209,343.24,264.26,368.8,316.17
2923308,213,143.89,258.5,194.35
2923357,237.12,151.58,258.7,206.48
2923407,348.35,245.32,344.1,304.87
2923506,349.41,225.63,404.6,310.28
2923605,313.65,224.84,330.3,280.59
2923704,361.41,280.79,420.6,340.98
2923803,166.88,117.95,199.9,153.85
2923902,304.12,275.95,400.3,313.39
2924009,169,108.32,193.4,149.24
2924058,205,121.32,277.7,186.24
2924108,214.65,149.53,257.7,197.11
2924207,157.47,90.47,202.6,139.61
2924306,351.71,216.84,413.4,309.41
2924405,340.35,298.16,348.3,324.65
2924504,346.71,244.26,336.2,302.11
2924603,280.47,163.47,263.7,228.5
2924652,234.18,124.21,287.5,200.35
2924678,384.94,397.89,500.7,415.46
2924702,293.24,206.63,336.1,266.78
2924801,292.88,157.32,268.7,231.63
2924900,278.35,163.84,294.4,234.54
2925006,291.82,219.21,342,272.74
2925105,267.12,201.89,318.9,251.43
2925204,247.94,207.42,308.1,244.28
2925253,277.71,169.42,282.7,234.07
2925303,315.82,269.68,345.3,303.17
2925402,311,280.42,378.3,313
2925501,300.82,256.84,367.5,297.15
2925600,301.71,196,304,258.54
2925709,292.53,188.21,338.2,259.37
2925758,342.12,332.68,429.8,357.28
2925808,209.76,120.89,227.4,176.89
2925907,170.76,104.47,211.8,152.3
2925931,275.53,155.84,267.9,224.43
2925956,218.88,135.74,247.5,190.76
2926004,295.06,304.21,360,312.96
2926103,200.41,110.37,264.3,177.11
2926202,487.24,408.63,491.5,455.7
2926301,210.94,117.68,274.8,186.3
2926400,356.12,265.05,410.8,330.39
2926509,172.47,116.84,208,157.22
2926608,170.24,117.74,196.3,154.22
2926657,274.53,235.63,371.5,279.54
2926707,302.12,204.95,316.9,265.2
2926806,280.59,196.26,306.9,251.48
2926905,343.12,221.53,412.9,308.07
2927002,202.35,158.37,261.5,197.04
2927101,199.41,146.89,250.8,188.89
2927200,296.59,163.42,310.2,244.54
2927309,313.65,252.79,357.6,298.07
2927408,318.41,274.68,349.8,307.17
2927507,209.12,130.89,232.1,181.8
2927606,168.24,99,202.3,147.04
2927705,338.35,285.16,370.7,323.41
2927804,292.41,257.79,357,292.15
2927903,264.47,200.89,293.3,244.48
2928000,193.71,118.16,235,171.48
2928059,362.82,347.47,451.5,375.76
2928109,483.41,355.58,525.4,439.74
2928208,434.76,316.68,474.1,394.54
2928307,212.18,135.42,231.2,184.61
2928406,482.06,392.37,476.5,443.8
2928505,224.41,161.74,256.2,205.43
2928604,229.29,189.58,270.7,221.89
2928703,332.65,285.16,393.2,326.2
2928802,211.94,156.21,252.3,197.7
2928901,514.59,429.84,501.2,476.67
2928950,204.88,122.32,260.9,182.96
2929008,237.29,196.05,270.2,227.41
2929057,463.41,326.42,467.2,407.65
2929107,292.35,240.21,339.9,281.15
2929206,281.47,223.63,319,265.74
2929255,266.94,182.63,277.1,234.33
2929305,212.24,156.95,247.2,197
2929354,366.12,377.63,435.4,385.93
2929370,241.59,127.05,268.4,200.11
2929404,282.41,223.32,322,266.61
2929503,283.65,216.89,321.8,264.37
2929602,239.12,187.95,286.6,228.3
2929701,181.71,110.95,240.9,165.35
2929750,286.18,230.11,314.6,269.2
2929800,300.53,187.21,305.5,254.8
2929909,295.82,188,303.6,252.98
2930006,351.65,248.11,346.7,307.8
2930105,279.29,173.79,237.2,226.57
2930154,382.12,288.42,426.6,353.09
2930204,266.47,224.11,355.5,268.33
2930303,390,306.89,434.2,365.28
2930402,208.35,120.37,254.4,182.02
2930501,206.88,119.68,238.6,177.76
2930600,288.29,169.11,291.2,239.7
2930709,322.94,259.68,338.9,300.28
2930758,366.06,283.58,417.7,343.22
2930766,173,100.84,196.6,148.33
2930774,235.29,191.16,294.5,229.93
2930808,278.71,177.32,286.3,238.48
2930907,430.47,376.79,450.4,412.63
2931004,261.59,174.53,306.7,235.43
2931053,336.82,257.53,375.3,312.43
2931103,211.06,126.84,234.2,181.3
2931202,369.12,362.74,472.4,388.93
2931301,294.71,154.05,255,227.98
2931350,300.47,286.84,380.3,312.2
2931400,227.53,153.32,271.4,206.41
2931509,206.76,117.68,226.4,174.24
2931608,357.59,341.11,454.8,371.91
2931707,238.76,186.84,295.1,229.57
2931806,298.35,218.58,340.6,274.59
2931905,185.82,117.79,205.3,161.96
2932002,234.12,146.95,231.4,197.52
2932101,292.35,245.79,345.6,284.7
2932200,326.06,318,453.1,350.35
2932309,319.12,308.32,406,333.54
2932408,306.12,219.11,355.6,280.93
2932457,241.82,161.79,275.7,216.13
2932507,382.71,371.16,470.1,396.93
2932606,329.94,234.42,334.2,291.41
2932705,385.47,375.58,443.9,394.09
2932804,288.82,165.84,293.9,239.13
2932903,368.88,338.26,455.9,375.15
2933000,200.59,118.84,236.5,174.63
2933059,249.76,140.68,270.5,209.22
2933109,307.65,170.58,287.3,246.61
2933158,246.18,145.68,243.1,204
2933174,291.88,224.53,319.8,270.13
2933208,356.82,293.16,389.9,337.72
2933257,301.24,284.37,366.4,308.43
2933307,288.12,219.74,334.2,269.89
2933406,293.41,171.89,309.6,246.74
2933455,441.24,389.47,483.9,429.13
2933505,307,280.05,382.6,312.3
2933604,281.59,223.53,345.5,271.5
3100104,689.59,589.26,668.2,643.5
3100203,576.18,537.11,600.5,565.33
3100302,494.53,487.53,536.3,500.72
3100401,535.24,567.47,616.4,566.2
3100500,490.94,369.47,518,446.65
3100609,431.82,362.42,500.1,418
3100708,728.71,594.42,643.3,654.67
3100807,628.76,627.89,584.6,618.8
3100906,352,298.16,404.4,341.15
3101003,308.12,224.84,353.3,283.54
3101102,360.35,314.63,406,351.39
3101201,725.24,678.32,660.8,691.85
3101300,866.76,875.11,825.9,861.33
3101409,702.71,667,639.3,674.17
3101508,470.82,490.05,441.6,472.41
3101607,629.88,607.11,571.9,607.87
3101631,670.76,643.63,656.4,656.43
3101706,318.88,247.79,358.6,298.15
3101805,426.76,351.42,439.2,398.35
3101904,642.59,589.79,567.7,604.5
3102001,637.12,601.58,598.2,613.98
3102050,525.59,541.37,617.2,552.02
3102100,651.12,619.16,659.8,639.8
3102209,432.29,374.32,495.9,422.17
3102308,550.24,574,643.7,580.37
3102407,553.35,491.79,589.4,535.76
3102506,490.94,485.16,574.1,506.63
3102605,712.47,688.95,634.5,685.8
3102704,317.82,246.26,367,298.96
3102803,665.59,648.95,597.9,644
3102852,414.47,350.53,484.1,403.2
3102902,687.82,673.21,677.2,679.48
3103009,517.76,469.21,537.9,502.09
3103108,508.94,558.37,571.7,543
3103207,575.41,500.58,592.4,548.2
3103306,703.71,712.16,721.9,711.15
3103405,322.88,250.95,351.7,299.43
3103504,718.06,622.26,699.3,674.41
3103603,713.94,746.74,685.6,721.33
3103702,500.82,529.58,573.4,528.48
3103751,668.06,635.95,645.8,649.96
3103801,660.94,613.47,719.7,654.11
3103900,589.76,543.58,622.3,577.76
3104007,701.35,663.47,717.2,689.15
3104106,674.59,647.53,608.8,649.11
3104205,632.24,597.53,604,611.76
3104304,632.94,616.32,600.9,619.11
3104403,480.76,519.74,519.5,505.28
3104452,425.47,384.26,517,428.35
3104502,548.88,432.37,569.1,505.15
3104601,553.35,556.95,616.3,568.52
3104700,402,381.32,460.2,406.11
3104809,465.12,429,537.9,466.02
3104908,714,701.05,621.2,688.48
3105004,558.94,493.95,594.2,539.76
3105103,666.18,610.89,676.4,645.57
3105202,302.18,249.79,362.6,293.67
3105301,709.18,634.53,641.2,663.57
3105400,633,582.68,640,613.74
3105509,507.18,561.37,525.2,533.48
3105608,670,629.32,635.1,645.61
3105707,525.71,515.42,607.9,539.33
3105905,656.29,613.21,617.8,630.13
3106002,540.59,510.42,588.3,538.5
3106101,585.35,600.11,559.8,585.89
3106200,747,711.58,756,734.33
3106309,497.94,414.47,530.5,470.54
3106408,576.06,527.26,581.2,557.02
3106507,330.24,257.21,363.7,307.35
3106606,335.88,291.21,370.7,325
3106655,307.65,218.74,349.2,279.96
3106705,691.59,667.37,687.9,680.78
3106804,669.76,696.11,637.1,673.54
3106903,592.71,583.11,620.6,594.8
3107000,607.06,580.37,670.7,609.87
3107109,597.47,604.79,570.5,594.63
3107208,894.94,963.63,899.8,924.37
3107307,431.59,375.53,471.6,417.13
3107406,590.41,537.79,618.9,574.87
3107505,719.47,809,744.1,761.8
3107604,665.94,620.05,594.9,631.54
3107703,583.06,532.47,590.9,563.87
3107802,482.12,431.05,530,471.43
3107901,613.88,632.37,561.7,610.17
3108008,639.71,630.89,625.5,632.98
3108107,639.29,592.68,629.1,617.83
3108206,540.65,452.53,544,504.98
3108255,470.47,404.05,556.3,461.7
3108305,645.76,671.37,587.9,643.76
3108404,695,666,649.4,673.11
3108503,414.82,343.05,436.5,389.89
3108552,530.65,439.58,540.5,495.17
3108602,426.35,405.47,460.5,425.15
3108701,566.65,560.42,598.4,570.98
3108800,479.76,394.05,523.3,453.83
3108909,580.94,587,548.7,576.43
3109006,688.18,663.16,706.4,681.8
3109105,677.59,674.47,598.2,659.04
3109204,506.18,442.95,531.6,485.59
3109253,496.76,418.89,515.2,468.61
3109303,643.53,507.68,675.4,594.35
3109402,526.35,405.89,524.4,476.17
3109451,582.59,476.68,574.8,537.15
3109501,660.53,640.79,604.9,640.28
3109600,594.71,544.84,595.1,574.2
3109709,585,597.11,542,580.65
3109808,678.65,633.74,607,644.52
3109907,573.35,525.84,593.4,558.09
3110004,616.35,546.47,613.8,586.93
3110103,472,524.74,532.4,506.91
3110202,493.65,505.16,571.8,515.39
3110301,715.59,641.16,630.9,666.43
3110400,633.76,628.68,596.1,623.48
3110509,705.82,685.84,623.6,679.7
3110608,601.53,597.21,555.2,589.67
3110707,622,640.05,578.3,619.96
3110806,393,320.16,430.1,370.98
3110905,648.59,618.58,571.5,619.43
3111002,700,624.21,638.8,655.39
3111101,672.29,619.42,616.5,638.33
3111150,448.06,385.37,476.2,428.28
3111200,619.53,630.58,602,620.28
3111309,613.29,597.84,585.7,600.91
3111408,782.82,664,658.2,706.65
3111507,746.53,633.79,774.1,705.96
3111606,613.88,603.53,583.6,603.02
3111705,503.06,506.05,599.7,525.3
3111804,688,623.53,611.4,644.72
3111903,639.94,634.63,612.9,631.87
3112000,624.82,639.11,609.1,627.3
3112059,480.12,385.42,515.7,448.74
3112109,492.82,541.47,570.9,529.89
3112208,651.18,634.68,658.8,646.02
3112307,406.41,348.32,476.3,397.61
3112406,677.41,696.42,633.6,675.74
3112505,574.41,527.74,580.3,556.41
3112604,686.65,629.47,585.6,641.07
3112653,391.76,339.89,397.5,371.59
3112703,397.06,340.26,428.6,380.46
3112802,662.41,639.63,621.4,644.09
3112901,472.71,470.79,511.5,480.35
3113008,351.06,312.47,419.9,350.09
3113107,607.24,584.74,613.2,599.24
3113206,641.82,614.42,635.9,629.22
3113305,485.41,531.58,561.3,520.98
3113404,464.35,399.21,502.2,445.67
3113503,410.94,348.26,460.5,395.83
3113602,668.41,641.95,574.4,637.04
3113701,351.12,333.58,385.4,351.33
3113800,525.82,444.74,555,498.67
3113909,607.53,626.74,559.9,605.11
3114006,622.47,601.68,600.7,609.15
3114105,686.47,656.42,605.4,656.43
3114204,627.65,603.37,614.4,614.74
3114303,648.12,613.68,690.6,643.13
3114402,624.29,599.95,568.9,602.2
3114501,643.65,598,612.9,618.11
3114550,639.53,594.32,540.4,599.3
3114600,642,595.74,595,612.67
3114709,682.47,631.42,584,639.98
3114808,792.94,823.26,797.6,806.48
3114907,622.76,547.21,612.8,589.39
3115003,745.35,623.95,715,688.61
3115102,664,670.05,607,654.11
3115201,652.71,628.21,623.7,636.28
3115300,572.76,588.68,622.9,590.24
3115359,649.47,624.74,679.1,645.7
3115409,588.59,603.84,610.6,599.67
3115458,369.65,321.37,444.5,365.98
3115474,335.47,255.53,385.3,313.28
3115508,693.06,677.74,609.8,668.63
3115607,654,623.42,707.1,652.91
3115706,365.18,333.89,406.5,361.24
3115805,675.18,645.89,648.7,657.33
3115904,647.76,642.42,663.6,649
3116001,471.06,412.79,535.4,460.98
3116100,366.18,269.37,379.9,329.17
3116159,543.94,466.21,652.1,535.35
3116209,530.82,537.84,484.1,523.57
3116308,634.59,623.42,636,630.28
3116407,769.65,739.16,695,740.83
3116506,459.82,406.53,485.5,443.39
3116605,617.06,602.05,593.1,605.65
3116704,536.35,547.16,603.9,555.5
3116803,458.88,382.37,530.3,442.8
3116902,738.59,664,673.3,693.59
3117009,299.24,251,347.5,289.8
3117108,641.18,602.16,567.1,608.96
3117207,661.94,635.53,596.4,636.78
3117306,743.94,622.79,635.8,670.39
3117405,459.47,377,504.1,435.11
3117504,593.24,534.89,610.4,572.87
3117603,572.71,525.68,582.9,555.5
3117702,678.06,658.74,612.5,655.83
3117801,598.82,588.32,562.1,586.5
3117836,433.24,351.53,502.4,414.52
3117876,560.24,534,579.5,553.59
3117900,672,669.42,591.3,653.39
3118007,576.82,543.58,573.1,562.28
3118106,545.12,475.42,577.9,523.46
3118205,710.59,629.11,688.6,672.15
3118304,579.65,554.95,591.1,571.93
3118403,374.29,329.47,435.2,369.02
3118502,580.24,572.63,542.6,568.91
3118601,716.53,680.16,738.3,706.24
3118700,613.59,617.05,564.4,604.33
3118809,433.94,396.74,460.8,424.41
3118908,537.06,478,580.8,522.17
3119005,630.18,612.32,546.6,604.63
3119104,489.06,456.58,543.4,487.46
3119203,455.29,357.37,470.6,418.17
3119302,731,628.74,694.4,680.8
3119401,509.88,443.21,535.8,487.98
3119500,319.47,248.79,353.4,297.65
3119609,647.76,642.42,663.6,649
3119708,643.06,586.95,593.9,609.2
3119807,699.53,639.37,739.1,683.28
3119906,593.76,594.89,548.3,584.35
3119955,602.82,602.16,588.8,599.5
3120003,491.71,425.68,525.8,471.85
3120102,513.06,463.95,542.5,499.17
3120151,369.53,316.26,397.8,353.67
3120201,607,607,574.2,599.87
3120300,368.59,304.16,403.7,349.61
3120409,601.35,569.89,609.9,590.22
3120508,699.71,646.89,633.6,663.52
3120607,636.94,590.32,628.8,615.91
3120706,684.76,654,711.2,677.8
3120805,674.41,626.32,609.4,640.41
3120839,361.12,329.89,417.6,360.5
3120870,321.29,239,374.7,298.91
3120904,505.47,457,552.7,495.72
3121001,539.06,478.16,585.3,523.96
3121100,600.82,592.68,545.8,585.5
3121209,716,693.79,671.1,697.07
3121258,723.06,625.68,672.1,671.76
3121308,561.47,557,637.7,576.2
3121407,640.65,565.84,611.9,603.5
3121506,693.82,674.32,696.2,686.28
3121605,494.18,465.32,560.9,496.76
3121704,535.24,567.47,616.4,566.2
3121803,519,439.37,545.3,491.83
3121902,535.82,523.26,599.7,544.52
3122009,490.82,533.16,547.5,520.63
3122108,352.41,324.95,384,347.93
3122207,485.65,389.32,520.9,453.52
3122306,623.35,616.68,616.7,619.15
3122355,300.12,223.47,341,277.35
3122405,668.76,615.95,601.9,632.41
3122454,290.06,236.95,344.4,279.93
3122470,561.71,472.58,552.2,522.83
3122504,463.12,365.79,480.5,426.7
3122603,557.76,479.11,578.6,529.8
3122702,515.59,492.89,575,519.13
3122801,698.94,638.95,614.2,655.74
3122900,553.35,556.95,616.3,568.52
3123007,656.29,613.21,617.8,630.13
3123106,494.82,431.32,542,478.85
3123205,623.12,577.21,686.2,617.87
3123304,615.53,582.37,660.8,611.67
3123403,629.59,604.68,634.4,620.35
3123502,724.24,613.32,676.3,668
3123528,485.59,447,551,483.87
3123601,609.65,595.63,535.2,587.67
3123700,440.35,361.42,445.9,408.96
3123809,449.76,378.84,478.4,426.7
3123858,465,388.89,496.4,440.39
3123908,587.41,538.21,595.1,568.76
3124005,519.94,544.37,595.7,546.5
3124104,635.29,591.42,617.7,613.35
3124203,492.82,541.47,570.9,529.89
3124302,345.59,246.79,334.8,302.43
3124401,660.71,629.95,578.7,630.17
3124500,617.94,612.95,568.5,605.13
3124609,422.88,468.63,419,440.93
3124708,675.06,622.42,743.8,668.26
3124807,738.82,610.16,659.7,668.48
3124906,540.12,595.89,609,578.13
3125002,683.12,703.21,716.3,698.63
3125101,701.82,659.74,591.5,660.46
3125200,618.82,605.89,566.6,602.13
3125309,485.41,531.58,561.3,520.98
3125408,505.35,447.05,547.8,490.5
3125507,504.82,445.95,543.1,488.83
3125606,343.29,273,390.5,324.52
3125705,548.53,504.53,580.4,537.28
3125804,440.35,361.42,445.9,408.96
3125903,535.41,454.26,552.5,505.61
3125952,486.35,529.74,539.5,515.83
3126000,666.94,608.53,643.2,637.65
3126109,603,603.95,588.5,600.24
3126208,588.18,480.37,709.5,570.02
3126307,653.12,575.53,604.5,610.5
3126406,583.18,529.89,582.1,560.93
3126505,342.24,248.42,370.8,309.7
3126604,464.24,398.63,508.7,446.8
3126703,412.76,343.16,431.8,388.15
3126752,401.35,339.84,467.4,390.3
3126802,401.41,367.58,458.1,399.76
3126901,406.41,324.79,428.8,377.57
3126950,451.24,375.16,523.1,435.43
3127008,696.59,624.21,595.6,644.74
3127057,347.29,287.11,376.4,328.76
3127073,386.35,285.74,411.1,350.17
3127107,721.59,627.37,609.6,658.33
3127206,546.82,499.37,568.8,532
3127305,363.94,328.84,390.6,355.24
3127339,342.88,253.63,361.2,310
3127354,439.53,373.16,478.5,420.59
3127370,349.18,321.68,403.6,349.65
3127388,640.12,634,677.9,645.8
3127404,611.76,589.47,593.2,598.52
3127503,488.18,387.95,521.8,454.09
3127602,515.82,461.32,567.4,504.52
3127701,410.35,343.26,424.6,385.74
3127800,414.82,328.47,417.7,379.78
3127909,722.71,614.84,674.1,667.59
3128006,485.24,394.26,514.9,454.11
3128105,635.59,606.05,608.3,617.46
3128204,511.18,516.63,592.5,531.11
3128253,432.76,369.58,473.2,415.46
3128303,701.06,652.11,639.7,667.5
3128402,592.59,572.79,659.6,598.98
3128501,564,560.53,585.2,567.17
3128600,667.18,567.79,701.3,633.54
3128709,692.18,645.11,635,660.3
3128808,566.29,580.32,630.1,585.96
3128907,691.94,664.47,714.1,685.41
3129004,553.88,561.21,644,576.5
3129103,702.53,583.21,598.7,630.67
3129202,665.12,641,578.9,636.41
3129301,483.12,399.47,504.2,453.15
3129400,669.06,634.95,624.4,645.26
3129509,696.47,624.95,700.5,667.8
3129608,469.65,402.26,473.9,442.74
3129657,416.65,327.05,418.7,380.09
3129707,757.18,728.11,686.3,729.76
3129806,713.59,680.26,738.2,705.17
3129905,711,688.32,644.1,687.09
3130002,648.06,615.95,619.6,628.61
3130051,458.35,375.37,468.8,426.35
3130101,674.82,627.63,631.5,645.91
3130200,607.82,576.42,616.5,596.74
3130309,650.29,600.95,640.1,627.7
3130408,639.65,610.26,605.2,620.02
3130507,616.82,595.89,577.9,599.72
3130556,481.12,409.53,499.7,455.59
3130606,633.65,664.47,589.4,636.76
3130655,332.18,215.26,365.6,291.15
3130705,723,605.11,622,652.35
3130804,647.41,624.79,585.5,624.61
3130903,458.94,377.84,487.8,431.72
3131000,575.88,527.11,594,559.67
3131109,493.65,458.42,537.6,488.65
3131158,496.76,410.11,519.7,465.96
3131208,463.82,410.26,478.3,444.85
3131307,509.88,443.21,535.8,487.98
3131406,706,627.68,624.9,656.02
3131505,697.65,647.42,613,658.5
3131604,706.71,607.53,669.1,657.57
3131703,570.65,519.32,599.4,555.7
3131802,370.41,354.42,407.1,371.78
3131901,678.12,641.58,679.4,663.3
3132008,421.82,357.68,491.3,410.43
3132107,390.71,310.26,437,367.54
3132206,638.94,581.74,617.5,610.65
3132305,373.06,336.53,444.5,373.5
3132404,611.35,585,564.1,590.2
3132503,428.12,388.11,495.6,426.26
3132602,558,568.63,645.4,581.39
3132701,396.35,326.47,453.6,379.93
3132800,569.53,529.11,609.2,561.46
3132909,699.29,643.68,667.9,669.5
3133006,846.94,886.32,792.9,851.46
3133105,679.29,654.84,605.9,653.24
3133204,397.53,345,413.2,379.24
3133303,301.71,241.89,343.8,286.15
3133402,680,628.58,625.2,646.85
3133501,623.59,622.95,594.8,617.07
3133600,688.82,648.58,557.3,643.61
3133709,688.65,617.05,631.1,646.57
3133758,643.65,611,594.8,619.54
3133808,663.06,598.84,644.1,632.41
3133907,598.12,608.47,620,607.15
3134004,297.41,232.63,329.4,277.61
3134103,340.65,294.74,419.7,338.87
3134202,693.76,579.74,599.9,626.26
3134301,643,608.47,608.7,621.28
3134400,640.94,618,535,608.43
3134509,639.88,587.84,609.8,611.85
3134608,573.76,511.32,584.1,550.22
3134707,308.41,235.84,344.8,286.35
3134806,666.29,591.42,614.9,624.2
3134905,701,655.53,645.4,670.13
3135001,526.18,461.68,546,503.85
3135050,351.24,284.95,369.1,327.74
3135076,391.76,323.63,416.8,369.07
3135100,346.24,275.32,398.8,328.37
3135209,445.76,394.95,523.3,441.63
3135308,640.59,595.37,611.4,615.57
3135357,403.65,376.53,421.8,396.39
3135407,585.82,518.84,569.1,554.52
3135456,346.59,270.11,371.1,320.33
3135506,494.12,483.84,545,500.93
3135605,474,402.53,480.7,445.93
3135704,546.94,490.63,582.6,531.43
3135803,335.41,260.68,390.6,316.54
3135902,673.12,644.84,599,645.33
3136009,342.82,272.63,386.9,323.41
3136108,501.65,409.47,541.6,472.26
3136207,573.59,544.84,619.6,571.72
3136306,581.65,516.37,589.2,556.33
3136405,479.53,415.32,525.7,463.04
3136504,289.76,245.37,353.4,285.26
3136520,367.29,276.53,378.9,332.33
3136553,460.65,370.21,534.5,439.35
3136579,346.71,272.89,368.9,321.04
3136603,583.65,489.42,593.2,546.8
3136652,652.47,606.42,625.7,627.63
3136702,635,645.47,655.9,643.87
3136801,435.47,369.95,489.2,420.09
3136900,676.06,632.79,603.1,642.33
3136959,405.29,287.74,396.6,354.85
3137007,415.12,345.37,476.1,399.57
3137106,735.47,601.58,717.6,676.28
3137205,644.88,594.26,629.2,620.57
3137304,472.35,394.79,465.8,438.89
3137403,637.35,559.05,612.2,599.54
3137502,636.82,596.21,680.7,629.59
3137536,654,545.79,672,613.22
3137601,545.12,496,558.9,527.83
3137700,496.82,479.47,554.2,502.13
3137809,672.35,634.05,603.7,641.61
3137908,589.12,595.58,591.7,592.35
3138005,516.82,565.79,548.3,543.89
3138104,494.12,425.21,506.9,468.43
3138203,647.29,612.53,586.4,619.7
3138302,587.76,535.63,596.3,568.09
3138351,378.18,285.63,394.9,343.59
3138401,506.06,558.58,567.5,541.11
3138500,787,836.42,764,802.41
3138609,711.35,727.37,684.6,712.15
3138625,649.76,613.53,558.7,615
3138658,419.94,344.95,408.4,386.46
3138674,470.71,497.84,511.5,490.78
3138682,427.29,381.58,459.2,415.35
3138708,635.29,608.95,575.9,611.5
3138807,645.06,593.26,667,628.43
3138906,343.71,302.95,364.8,331.46
3139003,660.53,617.89,601,629.98
3139102,641.35,629.89,617.2,631.37
3139201,415.35,354.05,479.5,403.98
3139250,336.94,251.11,360.2,306.54
3139300,392.18,292.26,394.6,351.43
3139409,476.94,469.05,514.3,481.8
3139508,509.29,517.74,565.6,525.02
3139607,375.41,363.63,416.6,379.5
3139706,596.06,538.58,586.5,570.24
3139805,552.12,553.68,523.8,546.61
3139904,656.24,610.26,579.1,620.48
3140001,606.06,613.95,656.7,620.33
3140100,429.59,340.32,446.7,396.43
3140159,667.29,654.42,686.3,666.11
3140209,549.53,570.11,609.9,571.15
3140308,535.53,454.26,548.4,504.76
3140407,666.82,624.63,575,629.43
3140506,557.47,511.21,587.5,544.89
3140530,494.29,466.32,562.8,497.63
3140555,295.18,239.84,361.1,286.65
3140605,502.29,430.58,565.5,486.41
3140704,654.94,619.21,616.1,631.74
3140803,601.88,613.84,616.7,610.04
3140852,355.12,278.47,369,326.48
3140902,499.94,492,533.2,503.89
3141009,328.82,246.05,371.5,303.91
3141108,560.82,519.89,580.1,548.11
3141207,689.59,628.95,745.7,676.74
3141306,731.76,624.47,732.1,687.52
3141405,293.76,252.53,346.2,288.13
3141504,362.88,337.47,411.5,362.96
3141603,644.47,631.58,684.5,647.85
3141702,491.94,410.74,535.5,467.87
3141801,385.71,304.68,420,359.7
3141900,654,614.47,582.9,622.22
3142007,413.76,404.21,442.4,416.04
3142106,531.88,580.58,620.5,571.26
3142205,575.65,602.26,640.9,600.83
3142254,410.82,305.05,442.5,374.02
3142304,633.35,607.21,648.7,625.89
3142403,645,571.37,651.3,615.96
3142502,483,453.53,543.1,483.89
3142601,642.59,616.84,563.3,614.72
3142700,425.65,317.89,453.7,387.24
3142809,666.29,657.53,654.5,660.11
3142908,333.12,253.05,385.7,311.48
3143005,676,651.63,602.3,649.91
3143104,686,611.21,659.7,649.39
3143153,323.41,274.42,379.3,315.33
3143203,689.41,653.11,645.1,664.78
3143302,424.88,380.84,452.2,412.63
3143401,694.24,652.63,629.7,663.02
3143450,332.53,237.42,380.5,303.67
3143500,567.82,538.84,628.4,569.02
3143609,499.65,449.89,545.3,489.02
3143708,599.41,538,616.9,577.85
3143807,686.76,651.68,563.6,645.5
3143906,555.35,616.37,617.8,594.13
3144003,426.47,373.16,478,415.65
3144102,691.47,645.05,614.8,655.63
3144201,453.18,343.89,482.4,414.39
3144300,319,289.58,366.3,317.13
3144359,465.53,396.89,504.9,445.74
3144375,601.29,486.58,586.6,550.72
3144409,665.47,646.63,585.1,640.22
3144508,634.82,576.16,590.3,600.91
3144607,631.41,636.74,580.8,622.61
3144656,290.12,218.47,344,272.24
3144672,371,355.16,413,373.59
3144706,529.06,491.37,583.2,525.26
3144805,747,711.32,765.9,736.37
3144904,371.12,329.47,405.2,361.33
3145000,712.76,604.95,635.1,651.35
3145059,343.76,252.84,395.6,317.48
3145109,661.41,611.68,587.6,624.83
3145208,580.18,531.95,595.2,563.52
3145307,365.53,297.53,417.2,348.67
3145356,360.59,314.79,411.1,352.65
3145372,373.53,266.37,411.6,337.54
3145406,753.71,794.42,724,764.07
3145455,423.65,371.05,483.7,414.98
3145505,673.12,644.84,599,645.33
3145604,627.18,605.21,593.5,610.78
3145703,697.88,710.37,704.2,704.41
3145802,606.71,570.63,606.2,591.7
3145851,497.76,479.26,564.7,504.67
3145877,478.12,521.26,519.5,504.93
3145901,584.41,599.63,594.6,592.91
3146008,676.76,682.58,621.8,667.22
3146107,581.29,571.21,595.8,580.28
3146206,395.18,369.95,458.3,398.48
3146255,377.94,284.26,409.7,346.15
3146305,318.12,269.21,369.6,309.11
3146404,594.71,554.79,639.1,587.87
3146503,611.65,596.16,590.9,600.74
3146552,333.53,257.16,374.5,310.89
3146602,683.06,688.05,727.2,694.72
3146701,475.47,507.79,487.3,491.39
3146750,317.88,266.32,384.3,311.02
3146909,568.53,523.47,596.3,555.96
3147006,640.35,536.26,667.6,603.28
3147105,636.71,575.37,616.9,607.07
3147204,626.24,607.84,565.8,605.5
3147303,565.35,553.05,543.4,555.5
3147402,558.47,505.37,585.8,542.48
3147501,541.47,499.58,581.6,532.89
3147600,634.65,617.26,538.1,606.48
3147709,649.88,579.26,627.6,615.87
3147808,840.76,939.32,847.4,882.91
3147907,676.18,609.05,614.7,635.09
3147956,410.71,380.42,436.2,403.74
3148004,709.35,633.21,728,681.96
3148103,691.65,671,698.5,684.61
3148202,534,593.47,590.1,570.76
3148301,518,522.68,595.3,536.74
3148400,486.71,386.47,541.8,457.28
3148509,359.18,323.11,404.2,354.07
3148608,487.88,377.84,524.2,450.33
3148707,316.65,234.68,357,291.57
3148756,503.53,516.16,562,521.46
3148806,495.59,486.53,577.3,509.61
3148905,637.76,612,605.1,620.02
3149002,484.88,543.21,551.4,523.43
3149101,652.06,635.79,592.2,632.33
3149150,406.76,330.89,424.8,379.35
3149200,709.35,602.58,632.4,648.52
3149309,604.88,571.79,621.5,594.83
3149408,695.76,717.16,673,699.65
3149507,549.82,561.16,543.7,553.17
3149606,598.82,538.84,587.7,571.63
3149705,588.47,565.47,619,585.61
3149804,730.06,661,717.2,698.74
3149903,641.24,636.89,609.7,632.59
3149952,453.82,374.95,488.8,428.85
3150000,364.29,328.11,398,356.67
3150109,694.35,715,708.7,706
3150158,467.47,404,502.8,448.93
3150208,498.94,462.32,546.2,494.09
3150307,663.65,631.89,615.3,640.02
3150406,630.47,560.95,607.4,596.74
3150505,596.35,585.11,579.5,588.04
3150539,503.53,438.68,540.5,484.78
3150570,448.65,370.32,475.2,422.07
3150604,635.47,580.05,625.2,610.35
3150703,781.12,638.89,635.9,690.8
3150802,548.24,552.37,590.9,559.22
3150901,670.06,636.16,629.9,647.33
3151008,629.65,618.68,576,613.46
3151107,434.94,465.89,408.8,442.04
3151206,510.47,416.58,516.3,472.96
3151305,588.53,576.58,662.2,599.61
3151404,575.24,526.89,577.4,555.74
3151503,675.82,643.37,658,658.54
3151602,741,628.11,597.3,663.13
3151701,697.12,649.63,612.8,659.17
3151800,722.29,682.32,686.8,698.07
3151909,434.29,375.63,503.7,425.15
3152006,540.24,506.63,581.1,535.24
3152105,516.88,504.47,597.9,529.37
3152131,468.29,387.63,483.4,438.26
3152170,311.53,257.53,360.3,299.83
3152204,341.24,258,396.4,318.85
3152303,491.76,498.11,575.6,512.61
3152402,406.06,350.05,464,395.52
3152501,609.94,627.74,560.1,606.46
3152600,696.24,686.32,601.6,671.57
3152709,651.24,600.74,613.8,622.24
3152808,739.24,676.47,693.8,703.43
3152907,632.41,621.58,598.2,620.5
3153004,726.06,641.53,720.6,689.96
3153103,540.53,541.47,597.3,553.26
3153202,506.29,450.21,550.9,492.83
3153301,541.47,480.58,583.9,525.54
3153400,710.29,604.32,729.9,670.78
3153509,498.18,505.89,570.3,517.04
3153608,568.71,519.63,585.5,552.09
3153707,648,588.63,701.5,635.11
3153806,600.24,557.11,590.6,580.33
3153905,683.29,656.68,674.7,670.43
3154002,480.29,451.68,504.6,473.76
3154101,468.35,506.37,461,482.46
3154150,504.71,465.05,548,497.74
3154200,635.41,577.58,615.8,607.26
3154309,341.12,315.37,427.8,349.33
3154408,679.06,645.95,672.5,663.96
3154457,509.35,407.26,542.1,474.3
3154507,379.18,300.53,418.4,355.22
3154606,634.41,599.21,646.4,622.48
3154705,653.06,632.74,603.5,633.89
3154804,659.65,617.32,671.1,644.65
3154903,505.88,470.53,554.3,501.8
3155009,516.88,501.89,587.9,526.13
3155108,333.94,263.53,382.9,315.5
3155207,623.82,616.79,628.1,621.85
3155306,672.29,623.42,617.4,640.17
3155405,623.12,615.47,693.5,635.26
3155504,693.88,624.11,730.6,673.04
3155603,360.65,257.68,375,321.24
3155702,560.53,529.84,610.2,558.65
3155801,606.41,580,660.5,607.26
3155900,690.71,739.84,677.1,708.04
3156007,479.82,415.84,537.7,465.98
3156106,632.35,614.37,619.9,622.22
3156205,574.76,579.21,621.5,586.76
3156304,556.94,569.47,625.9,577.11
3156403,689.94,587.26,641.5,637
3156452,535.41,582.58,620.2,573.33
3156502,360.53,280.79,387.3,333.41
3156601,323.18,238.21,365.4,297.26
3156700,665.76,606.26,645,636.67
3156809,497.24,430.74,533.1,477.57
3156908,764.71,690.32,731.4,726.74
3157005,356.94,278.37,379.4,329.37
3157104,298,226.89,311.3,271.52
3157203,649.47,624.74,679.1,645.7
3157252,468.29,431.16,515.6,463.24
3157278,643.47,673.89,601.7,646.96
3157302,695.18,691,706.5,695.91
3157336,662.35,656.11,619,650.35
3157377,317.35,246.95,366,298.85
3157401,512.29,481.95,574.8,513.35
3157500,486.18,388.53,512.3,451.52
3157609,508.35,410.32,543.9,475.59
3157658,337.18,292.26,371.6,326.11
3157708,718.65,626.37,658.3,667.41
3157807,607,557.95,613.3,588.11
3157906,488.41,518.16,536.5,511.15
3158003,520.29,478.68,571.9,514.33
3158102,319.65,236.58,346.3,291.13
3158201,456.88,348.16,508.8,423.26
3158300,614.76,615.79,556.1,602.43
3158409,565.12,598.42,638.4,594.8
3158508,522.06,458.58,552,502.35
3158607,513.94,518.47,506.5,514.2
3158706,688.65,691.58,636.6,678.54
3158805,638,640.53,622.4,635.65
3158904,485.06,423.05,542.9,472.02
3158953,524.94,450.32,539,497.17
3159001,593.24,524.11,610.2,568.37
3159100,607.59,599,608,604.13
3159209,683.59,653.16,602.4,653.37
3159308,766.76,818.42,744.4,783.24
3159357,472.35,407.79,511.3,454.15
3159407,680.94,680.37,649.2,673.8
3159506,362.53,314.74,438.7,359.35
3159605,607.59,622.74,554.9,602.39
3159704,741.18,631.95,785,705.59
3159803,661.41,595.11,601,620.89
3159902,646.47,645.11,621.5,640.48
3160009,464.47,487.79,468.8,475.04
3160108,500.47,482.74,531.1,499.8
3160207,521.29,468.21,566.5,509.2
3160306,324.29,241.79,356.8,297.28
3160405,636.53,597.05,638.2,620.59
3160454,344,246,371.3,309.46
3160504,566.65,513.16,587.7,549.13
3160603,472.12,433.26,534.3,469.59
3160702,693.71,724.26,717.6,711.52
3160801,609.12,631.68,562,608.2
3160900,582.88,527.95,580.2,559.61
3160959,476.24,388.84,496.9,444.63
3161007,531.47,496.58,576.4,526.83
3161056,354.24,328.26,390.6,351.41
3161106,416.06,374.05,471.3,410.72
3161205,646,626.05,613.8,630.76
3161304,663.47,625.95,610.1,636.37
3161403,482,545.47,554.9,524.07
3161502,544.76,544.58,631.3,563.5
3161601,471.71,371.47,496.3,435.65
3161650,357.35,330.95,394.9,354.61
3161700,561.82,506.79,604.1,548.28
3161809,597.06,585.84,589.1,590.7
3161908,592.71,568.95,612.5,587.2
3162005,652.12,624.58,560.4,620.8
3162104,700.24,640.37,754.4,687.28
3162203,692.41,671.63,636.7,671.72
3162252,453.59,409.79,484.6,442.24
3162302,697.47,649.11,608.7,658.2
3162401,396.65,335.42,416.1,375.59
3162450,388.35,303.05,419.6,359.91
3162500,664.24,657.68,618.2,651.52
3162559,477.35,475.84,523.6,486.78
3162575,363.47,340.95,396.3,361.3
3162609,458,374.84,486.5,429.85
3162658,462.12,399.42,482.2,440.59
3162708,309.71,214,347.4,278.37
3162807,475,382.05,515.7,445.46
3162906,571.88,570.89,621.6,582.28
3162922,655.12,621.95,630.9,636.15
3162948,664.35,621.95,610.9,635.22
3162955,560.24,534,579.5,553.59
3163003,429.06,344.89,482.2,405.85
3163102,604.82,551.05,579.6,577.13
3163201,629.65,618.68,576,613.46
3163300,358.71,351.68,413.3,367.67
3163409,514.59,451.89,558.3,498.2
3163508,454.06,376.05,529.1,438.15
3163607,481.06,431.95,544.4,474.54
3163706,697.76,687.16,594.7,670.98
3163805,493.65,505.16,571.8,515.39
3163904,679.65,632.11,602.8,643.3
3164001,506.76,471,564.8,504.61
3164100,462.24,375.37,540,443.26
3164209,476.53,391.42,500,446.48
3164308,745.82,690,731.5,719.65
3164407,636.71,643.53,565,623.93
3164431,557.65,585.37,635.5,586.02
3164472,465.59,390.32,494.4,440.76
3164506,435.18,370.58,519.8,426.89
3164605,626.59,610.47,604.8,615.2
3164704,666.53,645.26,659.8,656.28
3164803,564.94,522.63,601,555.3
3164902,684.76,649.89,600.9,652.13
3165008,635.71,608.32,624.1,621.87
3165107,694.18,679.32,658.3,680.24
3165206,672.82,654.32,608.2,651.13
3165305,674.24,634.32,599.8,641.57
3165404,638.24,648.21,589,631.65
3165503,490.88,375.89,524.7,450.74
3165537,667.29,654.42,686.3,666.11
3165552,404.71,342.89,464.7,392.22
3165560,530,483.74,574.9,520.65
3165578,656.29,647.79,559.1,631.65
3165602,511.94,534.84,524.1,524.04
3165701,558.29,552.37,611.2,567.35
3165800,663.65,677.11,592.7,653.78
3165909,457.35,409.74,512.7,449.72
3166006,596.24,598,616.5,601.37
3166105,518.59,426.53,535.5,484.24
3166204,685.18,651,675.9,669.04
3166303,505.47,512.05,555.1,518.98
3166402,719.18,720.47,714.8,718.76
3166501,519.29,468.79,569.8,509.41
3166600,672.12,602.21,723.4,654.39
3166709,305.29,278.16,363.1,306.65
3166808,675.76,621,701.9,658.83
3166907,658.59,617,603.6,629.46
3166956,353.59,251.37,395.9,320.57
3167004,706.41,664.84,641.8,675.2
3167103,550.94,498.47,592.4,538.28
3167202,586.65,517.42,594.8,559.83
3167301,645.88,610,678.1,638.07
3167400,648.82,633.21,574.9,626.3
3167509,503.94,540.89,512.5,521.07
3167608,475.88,422.63,514.1,462.2
3167707,451.35,383.16,468.3,426.87
3167806,681.29,684.37,609.6,666.98
3167905,638.47,623.26,688.4,643.04
3168002,340.35,241.37,374.5,306.89
3168051,464.41,414.58,477.5,446.67
3168101,741.59,703.42,726.6,722.57
3168200,739.82,627.95,739.5,693.54
3168309,583,503.37,575.8,548.54
3168408,453.88,371.16,470.7,423.37
3168507,498.06,497.42,581.5,515.93
3168606,405.94,373.79,471.4,406.89
3168705,524.88,446.42,539.4,495.63
3168804,638.71,620.58,595,621.72
3168903,623.47,592.11,684,623.67
3169000,597.82,572.42,673.2,603.72
3169059,629.76,641.16,568.8,621.22
3169109,690.71,669.58,570.9,655.93
3169208,477.41,521.68,545.9,510.59
3169307,604.76,630.74,579,609.89
3169356,525.94,480.79,531.9,508.59
3169406,615.53,631.26,562.2,610.43
3169505,387.76,335.58,395.3,367.85
3169604,672.88,648.42,668,661.72
3169703,404.65,331.47,448.7,384
3169802,693.59,644.42,614.5,656.09
3169901,578.65,580.89,666.8,598.74
3170008,462.29,373.74,464.4,426.17
3170057,467.12,389.21,493,440.57
3170107,740.24,642.05,685.9,687.87
3170206,716.65,634.74,654.7,669.35
3170305,338.59,290.79,339.3,319
3170404,618.18,493,598.4,562.17
3170438,652.29,607.53,562.6,614.3
3170479,551.06,456.42,562.3,514.41
3170503,508.24,486.53,561,510.74
3170529,478.18,390.32,498.1,446.22
3170578,484.53,432.74,531.7,473.39
3170602,704.82,654.11,656.3,673.33
3170651,313.24,228.42,356.1,287.52
3170701,596.12,611,526.6,587.15
3170750,607.82,581.63,662.6,608.91
3170800,513.06,416.16,507.6,471.85
3170909,394.71,319.21,406.4,366.07
3171006,729.71,573.68,712.3,661.48
3171030,367,288.58,386.7,338.89
3171071,405.18,337.16,447.4,386.26
3171105,769.82,670.95,679.3,709.3
3171154,472.12,442.58,506.8,467.46
3171204,628.41,589.68,634.1,613.65
3171303,493.41,497.26,576,512.96
3171402,532.47,590.47,607.3,572.7
3171501,418.76,331.21,425.1,383.98
3171600,328.65,246.47,366.8,303
3171709,705.29,642,607.6,657.91
3171808,484.88,389.11,516.4,452.17
3171907,460.82,348.68,497.4,422.46
3172004,551.24,553.42,628.5,568.93
3172103,427.53,469.84,424.5,444.35
3172202,644.53,615.63,607,624.43
3200102,430.47,419.32,460.2,432.33
3200136,388.47,373.21,435.1,392.3
3200169,404.41,374.05,443.4,400.35
3200201,484.41,489.74,536.6,497.96
3200300,487.12,529,597.5,528.41
3200359,377,365.21,446.8,387.3
3200409,341.94,370.47,442.6,375.61
3200508,452.53,432.16,477.3,449.5
3200607,347.35,350.95,413.2,363.15
3200706,377.59,373.47,388.6,378.28
3200805,331.88,285.21,382.2,323.54
3200904,412,377.84,445,405.07
3201001,362.47,325.84,404.1,356.39
3201100,459.47,437.42,475.6,453.87
3201159,482.65,475.68,515.2,486.85
3201209,418.41,422.95,455.1,428.26
3201308,366.82,414.16,414.9,396.83
3201407,488.59,520.58,554.6,516.15
3201506,379.71,336.42,442.8,375.54
3201605,298.41,293.84,367.3,311.5
3201704,497.94,531.21,547.4,522.43
3201803,519.53,561.47,609.6,556.43
3201902,441.29,469.47,494.8,464.57
3202009,494.29,539.37,569.6,529.28
3202108,406.88,365.63,443.4,397.78
3202207,406.65,427.42,483.8,432
3202256,402.18,380.21,468.5,407.52
3202306,502.82,540,571,533
3202405,335.76,382.42,412.3,371.67
3202454,505.65,478.84,569.3,508.41
3202504,420.71,447,511.5,451.3
3202553,526.94,513.47,615.8,540.7
3202603,439.29,459.89,517.7,464.85
3202652,530.29,502,616.4,537.33
3202702,391.94,347.32,394.2,374
3202801,327.29,342.42,377.1,344.37
3202900,398.59,382.74,409.7,394.46
3203007,530.29,502,616.4,537.33
3203056,348.76,330.63,395.2,351.37
3203106,451.35,479.53,494.7,472.41
3203130,406.47,427.63,475.8,430.28
3203163,386.82,357.37,407.7,379.2
3203205,352.94,349.16,426.9,367.46
3203304,350.94,336.47,390.4,353.54
3203320,310.65,316.42,358.4,323.41
3203346,436.94,466.74,533.8,470.3
3203353,378.59,368.16,458.1,391.57
3203403,427.24,432.47,444.6,433.17
3203502,335.65,304,382.3,332.72
3203601,354.65,314.32,386.7,344.96
3203700,480.35,478.16,566.6,498.2
3203809,430.53,445.47,468.2,444.89
3203908,392.41,343.42,433.5,381.11
3204005,383.59,370.95,453.3,393.52
3204054,319.41,298.58,383.8,324.8
3204104,357.94,319.53,399.6,351.13
3204203,331.47,346.68,407.3,354.24
3204252,387.65,338.37,410.3,372.22
3204302,348,341,369.7,349.83
3204351,394.88,373.84,458.2,399.96
3204401,386.53,404.47,435.7,404.63
3204500,404.24,421.53,458.2,423.11
3204559,421.76,394.74,431.2,412.65
3204609,440.06,427.68,457.1,438.65
3204658,406.29,384.68,459.7,408.98
3204708,401.82,372.32,435.5,396.96
3204807,464,479.58,518.1,482.2
3204906,337.65,322.47,385.7,341.83
3204955,411.88,390,440.4,409.04
3205002,381.47,420.68,435.1,409.33
3205010,371.71,345.11,422.3,371.72
3205036,476.24,496.95,534.5,497.46
3205069,473.47,516,525,502.24
3205101,370.59,415.58,445.8,405.52
3205150,394.53,350.26,427,383.3
3205176,389,367.84,453,394.17
3205200,321.65,373.53,381.7,356.13
3205309,315.29,278.63,396,317.7
3300100,826.18,901.26,694.8,828.63
3300159,406.88,450.26,373.9,417.63
3300209,653.59,683.26,619.1,658.35
3300225,506.65,523.16,451.4,501.46
3300233,591.71,597.05,574.1,590.09
3300258,616.82,626.84,569.8,610.74
3300308,596.76,642.32,593,614.76
3300407,608.06,657.21,618.2,630.57
3300456,570.76,499.16,469.1,519.09
3300506,608.24,585.16,594.8,595.78
3300605,451.06,435.21,463.3,447.17
3300704,606.06,612.58,601.8,607.83
3300803,802.53,871.32,759.7,821.63
3300902,393.18,430,354.9,400.07
3300936,443.88,459.84,419.6,445.2
3300951,484.29,486.16,476.1,483.28
3301009,314.82,324.32,303.2,316.22
3301108,439.76,476,428.3,452.24
3301157,342.94,353.26,323.2,342.91
3301207,451.06,466.11,441.9,455.28
3301306,756,765.84,723.1,752.91
3301405,527.18,530.74,479.2,518.22
3301504,511.41,478.89,470.6,489.11
3301603,518.47,492.89,482.5,500.09
3301702,701,579.21,597.7,628.24
3301801,530.71,509.79,475.6,510.09
3301850,847.29,803.68,820.7,823.5
3301876,616.82,626.84,569.8,610.74
3301900,635.29,603.11,507.4,594.2
3302007,585.59,511.16,494,534.93
3302056,380.59,394.21,354.8,380.61
3302106,408.53,445.89,379.7,417.7
3302205,437.12,434.11,452.2,439.15
3302254,762.18,775.47,728.4,760.33
3302270,500.71,431.26,452.9,461.63
3302304,483.12,524.79,499,503.78
3302403,554.18,544.05,490.9,536.24
3302452,527.41,502.47,476.9,506.13
3302502,790.71,638.21,691.4,706.13
3302601,689.59,690.74,627.9,676.65
3302700,537.71,493.74,427.8,495.65
3302809,542.53,514.11,481,517.41
3302858,559.94,485.68,445.7,504.43
3302908,660.59,600.32,596,621.65
3303005,463.88,514.26,486.2,489.54
3303104,483.88,512.74,543.7,508.8
3303203,522.76,420.95,412.8,456.8
3303302,543.41,462.47,427.3,484.74
3303401,839.18,814.47,828.4,826.63
3303500,530.65,446.42,466.2,481.85
3303609,541.12,484.05,472,502.52
3303708,471.24,508.21,455.6,483.11
3303807,718.41,783.26,658.9,732.26
3303856,611.59,624.37,567.2,607.22
3303906,617.47,583.89,561.6,591.46
3303955,569.59,566.53,550.4,564.15
3304003,584.41,530.58,540.7,552.67
3304102,460.71,523.84,518.2,499.28
3304110,694.65,699.84,700.9,698.15
3304128,740.88,786.37,758.4,763.48
3304144,542.59,436.37,413.1,470.57
3304151,323.59,338.21,311.2,326.93
3304201,742.53,763.26,734.2,749.28
3304300,639.24,634.21,574.3,623.04
3304409,659.35,602.63,598.4,622.67
3304508,566.71,600.32,536.4,574
3304524,648.53,648.84,622,642.89
3304557,511.71,411.74,417.8,450
3304607,493.41,503.58,448.2,487.78
3304706,403.71,452.26,361.1,414.5
3304755,339.35,338.79,350.2,341.48
3304805,368.35,394.95,340.6,373.3
3304904,543.76,495.68,435.5,500.37
3305000,263.71,279.84,270,271.74
3305109,570.76,499.16,469.1,519.09
3305133,421.65,437.05,393.4,421.87
3305158,568.47,572.32,512.7,557.93
3305208,627.94,669.42,612.1,641.63
3305307,463.94,490.11,431.7,467.74
3305406,571.29,581.42,518,563.89
3305505,601.76,596.11,507.1,578.85
3305554,496.35,425.89,455.6,458.39
3305604,886.71,868.42,896.6,881.3
3305703,637.12,628.32,572.5,619.43
3305752,634.47,595.89,491.1,587.37
3305802,756.18,804.42,762.7,777.52
3305901,565.65,559.74,512.5,551.65
3306008,483.18,488,440.1,475.8
3306107,630.71,663.42,600.4,637.63
3306156,486.12,525.58,540.4,514.22
3306206,575.65,589.26,535.5,572.54
3306305,659.35,713.42,658.4,681.48
3500105,564.76,562.47,477.7,544.89
3500204,558.65,534.42,573.3,551.83
3500303,614.29,599.53,552.6,594.78
3500402,695.82,666,650.6,673.67
3500501,708.35,629.63,630.2,658.85
3500550,569.12,535.05,551,551.11
3500600,640.71,587.89,567.2,602.91
3500709,590.88,545.84,541.4,561.52
3500758,548.18,491.68,492.1,512.65
3500808,525.47,529.58,445.4,509.76
3500907,649,610.47,599.8,622.39
3501004,721.65,688.42,663.8,695.35
3501103,592.47,577.53,523.8,571.37
3501152,664.35,539.21,555,588.89
3501202,668.76,644,571.4,637.37
3501301,522.06,533.79,475.4,516.76
3501400,604,563.53,570,579.89
3501509,583.82,606.47,529.6,581.39
3501608,631.24,592.05,563.1,600.24
3501707,674.88,609.37,632.8,638.67
3501806,683.24,636.05,603.7,646.46
3501905,626.41,636.05,531.2,609.7
3502002,685.47,643.63,633.2,656.83
3502101,504.88,521.26,465.6,503.11
3502200,534,516.21,556.8,531.61
3502309,591.88,557.42,532.4,564.72
3502408,516.76,505.68,475.3,503.17
3502507,626.12,625.79,535.9,606.37
3502606,596.47,582.21,489.1,567.24
3502705,603.53,557.11,550.3,572.78
3502754,675.29,551.11,594.6,606.46
3502804,605.53,617.37,527.9,593.54
3502903,555.18,479.84,482.1,508.17
3503000,739.35,596.58,627.6,656.09
3503109,562.82,549.47,552.4,555.04
3503158,687.06,703.32,642.7,684.13
3503208,663.53,613.11,620.1,633.26
3503307,658.88,628.53,559.9,624.83
3503356,588.29,601.11,498.8,574.13
3503406,559.35,538.63,536.7,545.87
3503505,671.71,705.21,590.4,667.87
3503604,555.76,556.42,562,557.39
3503703,620.59,574.47,620.4,601.5
3503802,595.71,582.95,566,583.98
3503901,669.59,635.42,584.6,637
3503950,631,614.37,514.5,598.8
3504008,564.88,548.42,484.5,540.61
3504107,652.82,600.16,560,610.89
3504206,583.94,585.58,528.5,572.57
3504305,579.47,556.68,548.8,563.39
3504404,578.53,560.63,495.5,553.09
3504503,590.71,598.58,569.2,589.28
3504602,645.76,607.68,649.6,630.87
3504701,588.76,544.21,535.1,558.7
3504800,636.06,623.68,591.9,621.35
3504909,672.88,698.26,639.8,676.17
3505005,530.41,490.95,459.9,498.78
3505104,540.41,554.05,511.4,539.74
3505203,575.53,541.63,568,559.89
3505302,572.59,549.84,565,561.54
3505351,543.82,520.32,493.6,523.2
3505401,670.76,595.11,677.2,640.91
3505500,692.41,615.11,573,634.52
3505609,657.53,620.79,600.9,630.04
3505708,674.65,640.79,637.8,652.65
3505807,556.47,566,511.7,550.67
3505906,745.59,668.79,707.7,705.63
3506003,599.88,570.11,539.9,574.54
3506102,673.71,573.05,637.1,624.17
3506201,574.65,579.05,506.1,561.57
3506300,600.41,562,561.4,576.07
3506359,997.76,932.37,918.2,953.46
3506409,564.59,570.32,500,552.91
3506508,586.76,588.79,560.6,581.91
3506607,838.71,784.16,752,797.33
3506706,596.82,551.05,568.7,571.8
3506805,596.24,590.37,592.1,592.91
3506904,595.29,583.11,538.7,577.96
3507001,552,483.47,465.7,504.93
3507100,653.65,603.74,576,616.15
3507159,568.24,522.47,513.8,537.5
3507209,568.35,571.37,507,556.26
3507308,548.29,556.32,563.5,554.91
3507407,585.35,518.89,581.6,557.09
3507456,583,559.47,555,567.2
3507506,628.82,619.84,604.6,619.85
3507605,601,597.53,495.2,576.57
3507704,562,557,495.1,545.39
3507753,570.41,579.37,567.7,573.52
3507803,770.88,718,727.5,739.61
3507902,678.71,598.84,613,631.43
3508009,523.12,510.42,528.6,519.07
3508108,579,586.89,549.7,575.89
3508207,753.76,650.95,675.7,694.33
3508306,565.65,567.26,512.9,554.85
3508405,670.88,575.42,583.3,612.41
3508504,580.41,599.21,508.3,572.5
3508603,618.18,680.74,529.2,624.67
3508702,696.82,635.74,635.7,658.3
3508801,581.41,539.95,540.2,555.33
3508900,551.24,536.47,454.7,524.15
3509007,700.24,657.32,599,660.5
3509106,504.06,525.79,452.5,501.83
3509205,696.12,631.47,615.6,651.91
3509254,752.41,687.11,700.1,714.07
3509304,631.88,566.16,619.2,601.98
3509403,716.47,653.89,639.6,673.91
3509452,529.47,516.68,558.6,530.52
3509502,663.47,593.95,551.6,610.43
3509601,662.18,635.79,580,633.41
3509700,703.94,676.26,688.1,689.07
3509809,540.71,526.89,501.1,526.39
3509908,1006.12,941.26,1022.3,982.85
3509957,587.94,622.16,479.7,578.54
3510005,535.18,524.11,495.7,522.02
3510104,643.41,593.05,604.3,614.11
3510153,588.88,523.26,446.7,530.87
3510203,556,518.79,539.7,537.09
3510302,533.94,491.47,465.4,501.5
3510401,586.29,549.11,505.4,553.35
3510500,751.06,646.58,633.3,682.3
3510609,674.65,640.79,637.8,652.65
3510708,691.24,650.37,579.1,649.98
3510807,638.18,590.21,586.1,607.04
3510906,708.24,670.53,667.3,683.76
3511003,514.88,523.47,486.4,512.24
3511102,645,589.47,664.2,626.24
3511201,629.94,589.89,661,620.15
3511300,674.82,635.63,671,657.8
3511409,561.59,555.84,524.7,551.2
3511508,549.24,478.95,461.9,501.22
3511607,546.35,514.16,484.3,519.57
3511706,621,563.79,529.2,577.41
3511904,549.06,551.63,466.5,532.17
3512001,689.65,599.74,587,630.2
3512100,706.29,596.84,578.4,633.28
3512209,586.59,606.68,505.3,577.22
3512308,570.12,514.89,500.5,532.17
3512407,666.82,618.16,569.8,625.63
3512506,585.12,572,542.1,570.35
3512605,559.12,493.37,491.7,517.3
3512704,667.18,622.37,627.8,640.11
3512803,598.12,559.68,547.1,571.15
3512902,683.53,670.95,598.6,659.87
3513009,623.82,573,581.1,593.54
3513108,669.82,641.95,622.7,648.07
3513207,789.71,704.84,698.4,734.8
3513306,531.29,516.05,484.7,514.87
3513405,617.53,591.58,538.3,589.59
3513504,996.59,874.26,955.2,937.07
3513603,629.94,640.74,552,617.46
3513702,710.12,634.11,619.3,658.98
3513801,728.06,665.32,618.1,678.24
3513850,618.06,604.05,542.8,595.91
3513900,728.94,660.89,660.3,685.91
3514007,627.59,591.63,592.5,605.11
3514106,651.47,598,613.4,621.11
3514205,636.59,624.37,527.9,607.91
3514304,645.18,604.63,615.2,621.91
3514403,532.71,546.47,459.2,522.41
3514502,601.82,587.89,547.4,584.24
3514601,675.35,667.79,622,660.63
3514700,568.53,535.37,504.8,540.98
3514809,793.76,671.84,774,739.11
3514908,582.53,530.58,506.5,544.54
3514924,647.82,613.58,658.5,636
3514957,626.24,553.84,609.5,592.7
3515004,649.29,590.32,615,617.48
3515103,685.82,599.53,606.3,632.89
3515129,517.29,509.95,422.6,493.67
3515152,582.59,586.89,506.6,567.85
3515186,660.41,643.26,588,637.59
3515194,536.82,555.05,491.9,534.59
3515202,626.59,619.47,518.4,600.13
3515301,519.12,494.89,457.7,495.76
3515350,457.29,469.74,441.1,458.91
3515400,553.29,522.58,504.1,529.91
3515509,672.47,659.11,543.9,639
3515608,643.41,593.05,604.3,614.11
3515657,608.35,615.58,545,597.57
3515707,702.41,656,632,667.93
3515806,553,529.58,453.4,521.67
3515905,661.06,650.79,573.6,637.8
3516002,572.71,556.11,477.1,545.07
3516101,509.18,497.53,462.2,494.15
3516200,756.24,744.26,677.3,734.13
3516309,662.18,635.79,580,633.41
3516408,700.24,657.32,599,660.5
3516507,577.71,588.21,492.7,563.57
3516606,608.35,615.58,545,597.57
3516705,635.76,614.42,564.8,611.52
3516804,579.94,592.26,542.2,576.83
3516853,594.47,549.79,557.9,568.07
3516903,583.65,585.05,535.1,573.67
3517000,600,563.74,524.6,568.63
3517109,559,539.58,529.7,544.61
3517208,558.47,523.42,517.5,535.09
3517307,588.29,521.63,536.6,549.52
3517406,708.53,572.37,579.6,624.26
3517505,668.35,626.95,648.9,647.02
3517604,616.47,540,590.6,579.26
3517703,730.71,655,654.2,682.8
3517802,523.76,561.53,501.2,534.46
3517901,670.71,612.21,595.3,630.15
3518008,624,614.21,497,592.35
3518107,595.65,565.05,558.6,574.96
3518206,582.41,608.74,509.4,577.41
3518305,607.18,587.47,550.3,586.67
3518404,631.71,619.42,502.4,598.52
3518503,564.29,531,536.4,544.48
3518602,618.24,592.42,596.1,602.76
3518701,1064.06,998.63,934.4,1008.85
3518800,693.82,655.63,610.8,660
3518859,639.06,597.11,607.7,614.91
3518909,586.76,597.32,527.4,578.22
3519006,595.53,597.37,518.1,579.46
3519055,612,569.74,546.7,580.35
3519071,620.35,563.32,556.2,582.85
3519105,587.71,529.79,560.1,557.78
3519204,570.35,579.79,504.1,559.85
3519253,578,543.05,554.3,558.41
3519303,668.65,575.42,609.6,617.3
3519402,648.88,613.95,660.9,637.07
3519501,516.35,512.74,472.1,505.24
3519600,599.35,548.95,584.4,575.28
3519709,655.53,634.63,563.8,626.96
3519808,661.18,622.37,597.5,631.3
3519907,528.53,511.68,495.4,514.37
3520004,558.06,547.53,547.7,551.46
3520103,725.88,623.42,676.4,672.8
3520202,645.24,603.47,561.4,609.76
3520301,859.29,809.84,838.7,834.39
3520400,748.82,631.42,569.2,661.28
3520426,894.35,823.16,827.6,850.43
3520442,554.88,566.84,494.2,546.63
3520509,577.59,528,495.7,539.3
3520608,530,530.79,462.1,515.57
3520707,642.29,624.37,531.3,610.76
3520806,555,556.37,497.3,543.02
3520905,605.88,546.68,495.1,557.35
3521002,546.47,484.79,477.3,505.96
3521101,675.12,607.68,581.9,627
3521150,641.35,610.37,610.1,621.76
3521200,665.94,603.26,653,637.24
3521309,719.53,643.42,639.7,670.74
3521408,651.53,608.58,549.4,611.59
3521507,617.35,590.95,612.8,605.46
3521606,563.35,554.05,475.4,540.39
3521705,532.76,508.05,465.6,507.96
3521804,592.53,547.42,570.1,569.02
3521903,630.41,588.95,642.3,615.87
3522000,581,563.63,535.8,564
3522109,876.76,791.16,776.6,819.63
3522158,534.88,514.21,491.8,516.98
3522208,673.65,595.79,598.2,625.09
3522307,547.18,497.53,539.5,525
3522406,521.29,503.16,478.4,504.48
3522505,651,570.53,598.2,606.28
3522604,692.65,626.37,617.1,648.85
3522653,543.06,498.05,497.4,514.54
3522703,639,583.42,611.6,610.09
3522802,538.24,489.26,448.4,498.48
3522901,570.06,552.16,562,560.91
3523008,511.53,550.42,508.3,526.89
3523107,690.18,634.84,607.7,649.39
3523206,558.29,461.32,454.7,495.72
3523305,805,805.68,809.1,806.17
3523404,655.29,584.42,556.8,604.61
3523503,600.65,579.89,580.3,587.65
3523602,666.88,624.26,654.4,646.57
3523701,685.65,729.32,650.6,696.07
3523800,629.06,586.53,563.2,597.17
3523909,586.82,506.68,517.1,538.57
3524006,635.29,604.32,532.7,600.2
3524105,722.76,647.58,641.5,674.04
3524204,680.59,604.37,583.7,628.04
3524303,640.53,606.16,581.3,613.46
3524402,625.12,577.58,524.7,583.65
3524501,605.06,583.37,620.7,599.5
3524600,762.71,717.79,705.3,731.67
3524709,612,569.74,546.7,580.35
3524808,615.24,618.68,517.4,595.39
3524907,602.53,587.42,516,577.48
3525003,674.65,640.79,637.8,652.65
3525102,691.47,696.26,657.1,685.98
3525201,624.59,577.74,540.9,587.04
3525300,590.59,582.68,596.6,588.63
3525409,787.71,666.89,696.1,717.89
3525508,696.29,673.16,588.6,663.33
3525607,577.29,565.47,520.5,560.07
3525706,547.53,561.37,553.9,554.63
3525805,596.18,540.89,555.3,564.46
3525854,546.94,503.79,468.7,512.11
3525904,644.41,616.84,545.5,611.52
3526001,553.12,543.47,469.8,531.02
3526100,771.12,669.53,646.1,701.98
3526209,703.88,667.32,631.9,673.13
3526308,612.29,623.79,535.4,600.33
3526407,552.47,488.79,476.7,509.7
3526506,522.24,572.74,496,537.39
3526605,614,602.47,511.9,587.04
3526704,638.47,609.63,555.2,608.46
3526803,589,586.74,578.4,585.76
3526902,619.94,605.05,538.9,596.17
3527009,685.24,661.47,604.2,657.8
3527108,582.94,544.21,533.7,556.24
3527207,587.94,622.16,479.7,578.54
3527256,573.88,594.79,553.8,578.15
3527306,662.06,602.53,559,615.07
3527405,563,558.47,502.6,548
3527504,566.06,597.16,530.1,571.09
3527603,684.82,659.58,617.1,659.67
3527702,585.12,588.37,511,570.35
3527801,582,604.63,529.1,579.85
3527900,582.18,550.16,502.9,551.72
3528007,547.71,528.05,534.5,536.72
3528106,594.12,602.32,551.9,588.33
3528205,671.12,637.42,542.7,629.28
3528304,665.18,659.58,570.7,642.33
3528403,664.35,539.21,555,588.89
3528502,698.82,648.05,611.4,658.85
3528601,577.12,554.26,564.1,564.85
3528700,493.18,515.58,449.6,492.96
3528809,552.59,534.74,504.7,534.8
3528858,625.65,599.11,628.9,615.39
3528908,571.59,546.21,470.5,539.13
3529005,615.65,585.68,554,589.87
3529104,607.12,584.53,503,575.15
3529203,548.88,535.47,451.6,522.2
3529302,609.12,570.53,577.9,586.39
3529401,710.65,676.42,620.3,676.87
3529500,597.94,570.32,610.8,589.33
3529609,671,676.47,554.6,647.96
3529658,603.12,593.63,491.2,574.87
3529708,710.06,583.16,614.4,636.85
3529807,593.47,581.68,577.9,585.22
3529906,661.59,594.68,621.5,625.24
3530003,649.71,632.26,543.4,619.39
3530102,515.41,555.84,502,529.2
3530201,497.47,504.37,451.9,490.41
3530300,639.06,604.53,615.7,619.72
3530409,654.76,609.26,616.1,627.57
3530508,646,585.58,547.2,599.57
3530607,664.53,628.11,625,640.89
3530706,574.88,586.37,509.8,565.48
3530805,620.35,604.68,545.7,597.65
3530904,571.88,544.89,493.9,543.78
3531001,583.35,606.32,547.1,584.96
3531100,1017.24,911.26,915.3,951.3
3531209,604.76,630.21,533.2,599.72
3531308,642.76,600.95,611.5,618.7
3531407,611,587.84,552.7,588.76
3531506,654,558.95,636.8,611
3531605,531.41,540.53,479.6,523.91
3531704,706.88,712.47,642.4,695.17
3531803,585.18,547.63,516.7,554.78
3531902,702.35,625.26,599,648.04
3532009,570.41,588.58,466.9,555.41
3532058,668.47,614.26,607.6,632.85
3532108,510.88,534,483.9,514.57
3532157,522.35,508.63,445.4,499.96
3532207,521.59,495,459.3,497.07
3532306,711.35,674.16,605.6,673
3532405,654,611.26,563.1,616.59
3532504,615.53,587.74,585,597.41
3532603,673.41,659.21,578.7,646.96
3532702,599.41,600.21,555.3,590.15
3532801,596.94,562.21,616.3,586.8
3532827,549,522.79,493.2,526.04
3532843,612.24,592.63,477.6,574.87
3532868,581.18,597.16,533.9,577.5
3532900,595,554.16,561.9,570.93
3533007,646.29,581.11,598.6,609
3533106,524.53,533.95,470.6,516.7
3533205,503.88,540.79,492.2,516.59
3533254,629.88,557.63,632,600.5
3533304,579.94,592.26,542.2,576.83
3533403,631.24,592.05,563.1,600.24
3533502,601.24,553.32,606.5,582.59
3533601,717.47,659.26,651.8,679.15
3533700,554.53,550.11,521.1,545.43
3533809,571.41,552.26,551.6,559.2
3533908,637,580.58,616.3,609.2
3534005,663.65,626.42,628.5,640.63
3534104,616.71,583.95,555.1,589.78
3534203,667,601.05,601.3,625.48
3534302,724.12,641.89,628.6,669.39
3534401,726.71,666.79,644.5,684.09
3534500,600.35,556.32,514.5,563.5
3534609,557.59,569.47,514,553.02
3534708,579.76,542.42,471.2,540.74
3534757,610.41,611.58,482.3,583.04
3534807,508.71,531.89,455.4,506.7
3534906,576.65,548.42,473.9,542.65
3535002,661.82,610.21,603.6,627.85
3535101,635.88,578.16,641.6,613.28
3535200,611.41,606.37,535.7,592.87
3535309,533.29,520.74,493.2,519.39
3535408,510.94,532.42,460.3,508.8
3535507,568.88,565.11,507,553.87
3535606,591.59,572.47,482,559.87
3535705,628.47,551.63,638.5,598.91
3535804,559.71,511.58,575,543.15
3535903,631.59,624.21,512.9,602.74
3536000,550.71,563,506.6,546.2
3536109,615.47,595.11,572.4,597.7
3536208,760.47,700.53,675,717.13
3536257,677,668.68,556.8,647.43
3536307,692.71,677.74,672,682.02
3536406,513.71,535.58,482.3,515.91
3536505,641.41,594.42,573.5,607.24
3536570,551.18,548.53,500.1,538.98
3536604,661.18,618.63,592.9,628.76
3536703,566.41,560.53,561.3,562.87
3536802,697,671.47,587,662.54
3536901,673.41,659.74,550.9,641.13
3537008,792,698.16,719.6,737.5
3537107,591.41,578.53,499.9,566.2
3537156,500.59,493.74,455.8,488.02
3537206,784.41,757.79,771.9,770.7
3537305,576.71,557.74,495.3,551.17
3537404,503.94,534.95,451.5,505.35
3537503,547.59,483.37,460,502.02
3537602,827.18,821.21,820.3,823.22
3537701,560.65,576.26,483.4,550.3
3537800,610.41,521.21,535.6,557.3
3537909,572.06,519.16,525.5,540.09
3538006,593.18,663.89,557.2,614.57
3538105,621.71,570.42,631.8,602.72
3538204,679,658.58,580.4,649.13
3538303,498.24,536.32,432,499.57
3538501,625.06,596.21,553.2,597.52
3538600,658.24,622.89,537.3,617.35
3538709,591.76,554.68,513.3,559.39
3538808,591.29,539.32,549.1,560.65
3538907,603.88,564.84,556.4,577.43
3539004,639.65,563.42,644.3,609.17
3539103,670.47,582.79,600.7,619.09
3539202,519.12,494.89,457.7,495.76
3539301,671.24,613.11,592.8,630.17
3539400,601.94,563.16,548.1,574.22
3539509,653.76,615.89,596,625.57
3539608,566.41,592.95,543.3,572.35
3539707,553.24,526.79,494.3,529.5
3539806,702.41,656,632,667.93
3539905,623.29,612.26,549.8,602.76
3540002,613.41,593.84,525.1,586.13
3540101,559.65,517.68,538.8,537.78
3540200,633.94,614.37,621.3,623.11
3540259,624.41,601.32,546.4,597.91
3540309,673.18,629.58,595.6,638.3
3540408,605.41,605.21,495.8,581.5
3540507,584.18,560.95,515.2,559.59
3540606,553.88,488.74,474.5,509.72
3540705,675.47,619.58,608.6,637.85
3540754,629.47,639.42,537,613.48
3540804,650.35,612.58,647.9,634.22
3540853,545.35,550.63,483.2,534.02
3540903,623.76,608.95,584.1,609.02
3541000,1057,935.53,954.5,984.54
3541059,620.29,593.32,594.4,603.52
3541109,595.53,566.95,558.2,575.61
3541208,521.71,536,473.8,517.2
3541307,498,522.84,451,498.04
3541406,525.47,529.58,445.4,509.76
3541505,508.88,540.21,456.9,510.52
3541604,553.24,536.42,502.3,535.22
3541653,566.12,527.95,492.7,534.39
3541703,569.94,564.11,503.7,553.13
3541802,608.12,592.63,523.4,583.3
3541901,621.12,619.79,530,600.76
3542008,589.41,559.26,504.1,558.41
3542107,544.88,506.84,473.5,513.65
3542206,561.41,556.26,494.9,544.83
3542305,626.94,580.37,497.1,579.48
3542404,536.35,515.84,455.3,510.26
3542503,585.71,520.53,561.7,553.57
3542602,765.76,691.05,663.9,712.76
3542701,745.71,639.53,697.3,691.33
3542800,484.94,482.16,443.5,474.78
3542909,650.12,583.05,575.5,606.2
3543006,588.35,524.95,547.6,553.3
3543105,775.53,689.74,675.8,718.41
3543204,538.24,532.32,479.1,522.93
3543238,507.59,528.11,432,499.63
3543253,572.94,511.47,556.3,543.93
3543303,783.76,763.89,672,751.26
3543402,666.12,667.26,615.1,655.5
3543501,544,475.79,447.2,494.78
3543600,737.53,675.68,723.7,708.98
3543709,665.06,608.05,611.5,629.87
3543808,546.82,561.63,485.8,539.67
3543907,679.88,625.16,589.1,637.54
3544004,589.76,566.89,505.5,562
3544103,912.59,903.58,843.7,893.89
3544202,655.24,613.05,589.4,623.5
3544251,465.71,444.32,415.4,445.93
3544301,597.24,608.79,518.6,584.91
3544400,577.35,590.42,509,567.89
3544509,618.88,592.74,501,582.46
3544608,559,525.37,556.3,544.52
3544707,550.53,558.21,501.3,543
3544806,570.29,529.84,585.3,556.85
3544905,713.94,674.95,658.2,685.72
3545001,639.18,601.84,553.7,605.17
3545100,559,576.21,496.6,552.54
3545159,565.94,548.74,487.4,541.76
3545209,569.82,504.16,493.7,526.15
3545308,585,488.89,517.3,530.59
3545407,539.06,529.79,475.1,521.33
3545506,494.65,484.26,433.2,477
3545605,661.47,608.53,639.9,634.91
3545704,627.24,599.79,508.2,590.02
3545803,592.76,561.58,517,563.41
3546009,588.47,564.26,522.6,564.15
3546108,629.59,599.89,505.1,590.26
3546207,658.47,621.89,583.2,627
3546256,750.76,697.37,673.1,711.83
3546306,653.29,607.05,597.7,622.11
3546405,576.12,569.95,523.6,562.15
3546504,620.65,593.16,587.9,602.17
3546603,620.41,610.68,494.8,589.09
3546702,676.76,622.21,570.3,631.09
3546801,666.65,624.95,570.8,628.59
3546900,691.71,620.89,631.1,649.28
3547007,651,573.37,594.9,606.74
3547106,524.59,531.74,470.6,515.8
3547205,630.12,626,512.8,602.91
3547304,678.18,557.53,594,610.04
3547403,620.18,606.16,510.8,590.61
3547502,702.76,656.53,630.6,667.98
3547601,683,606.74,591,631.5
3547650,630.12,626,512.8,602.91
3547700,523.41,539.32,447.8,513.54
3547809,783.76,763.89,672,751.26
3547908,693.88,639.11,669,665.85
3548005,629.94,598.16,534.8,596.13
3548054,581,590.74,536,575.24
3548104,702.71,667,639.3,674.17
3548203,672,666.63,645.3,663.98
3548302,531.71,509,432.9,500.85
3548401,571.47,585.21,498.5,561.28
3548500,1059.65,1017.21,930.5,1014.04
3548609,628.71,609.42,628.5,620.7
3548708,950.18,806.58,831.2,865
3548807,721.24,682.84,603,679.67
3548906,697.59,620.95,600.2,644.76
3549003,609.59,614.63,537.4,595.98
3549102,613.29,583.42,554.1,588.09
3549201,626.35,615.37,535.3,602.02
3549250,609.88,603.58,534.8,590.96
3549300,523.12,538.68,480.6,520.3
3549409,729.65,664.26,654.1,686.22
3549508,738.88,644.74,660.7,683
3549607,788.18,792.32,689.4,768.41
3549706,673.18,600.21,587.1,624.33
3549805,666.35,636.11,647.8,649.83
3549904,714.82,708.11,632.7,694.2
3549953,681.88,640.11,618.1,650.76
3550001,613.24,646.68,524.8,607.83
3550100,568.59,554.21,551.4,558.91
3550209,599.18,511.16,559.5,554.2
3550308,728.06,665.32,618.1,678.24
3550407,646.53,577.42,567.4,600.78
3550506,544,586.79,495.5,551.13
3550605,665.88,571.89,570.7,606.37
3550704,753.59,648.68,626.5,682.63
3550803,732.06,661.95,678,691.35
3550902,697.12,658.21,627.1,665.83
3551009,1036.06,895.58,928,954.54
3551108,529.47,483.74,488.1,501.59
3551207,584.12,528.79,533,550.15
3551306,687,675.05,591.4,661.28
3551405,694.24,648.68,627.3,660.87
3551504,746.35,710.42,686.9,718.59
3551603,685.24,661.47,604.2,657.8
3551702,672,656,614.6,652.91
3551801,836.71,727.95,807.4,785.41
3551900,654.53,583.26,594.7,612.09
3552007,635.88,687.63,576.7,644.39
3552106,696.71,672,594.9,664.37
3552205,569.59,470.21,516.5,517
3552304,571.53,590.47,501.6,564.15
3552403,620.35,563.32,556.2,582.85
3552502,707.94,692.26,625.5,683.54
3552551,576,572.68,479.7,553.7
3552601,665.59,612.47,682.3,647.28
3552700,604.29,558.42,563.2,576.41
3552809,701.35,643.32,597.4,654.78
3552908,517.47,506.68,455.9,499.63
3553005,577.18,522.95,528.7,544.24
3553104,654.88,606.37,632.3,629.93
3553203,649.24,605.89,632.3,627.65
3553302,670.65,609.47,585,626.76
3553401,666.47,649.11,590.9,642.87
3553500,793.53,736.74,636.1,735.85
3553609,693.47,646,634.5,661.04
3553658,652.76,610.42,625.3,629.3
3553708,650.76,580.32,604,611.5
3553807,586.65,522.79,531.4,548.26
3553856,517.12,503.89,499.6,507.85
3553906,510.06,510.05,460.6,499.3
3553955,531.41,519.11,484.1,516.04
3554003,542.18,507.21,475.7,513.28
3554102,551,573.68,499.9,549.26
3554201,583.65,528,544.7,552.2
3554300,467.76,479.53,434.5,465.39
3554409,681.94,598.58,601.9,630.11
3554508,546.94,503.79,468.7,512.11
3554607,596.06,530.42,508.6,549.93
3554656,585.29,562.26,525.9,562.87
3554706,674,596.32,624.4,631.13
3554755,635.94,584,605.3,607.83
3554805,617.18,632.05,564.7,611.91
3554904,631.41,617.42,516.7,600.7
3554953,610.53,616.16,509.5,590.89
3555000,592.06,597.84,503.1,575.11
3555109,531.59,541.74,474,523.26
3555208,580.06,591.84,550.6,578.52
3555307,616.53,615.63,492,589.09
3555356,554.53,533.68,540.2,542.8
3555406,816.71,789,678.1,775.13
3555505,559.29,605.37,505.5,566.63
3555604,679.47,625.42,694.2,660.35
3555703,592.71,591.42,550.6,583.02
3555802,614.88,628.32,523.7,600.61
3555901,579.12,518.21,540.5,545.57
3556008,617,582.21,610.8,601.28
3556107,669.59,673.32,572.6,650.04
3556206,668,588.95,546.1,608.85
3556305,543.41,566.84,485.9,540.59
3556354,676.76,658.74,553.6,642.54
3556404,659.65,607.63,606.9,626.7
3556453,645.35,567.89,555.9,593.91
3556503,691.12,603.95,612.2,637.96
3556602,647.94,626.32,579.9,624.22
3556701,662.06,602.53,559,615.07
3556800,679.82,605.42,630.2,638.3
3556909,638.53,573.26,619,607.33
3556958,645.47,635.37,529.1,616
3557006,586,475.68,541.3,530.72
3557105,707.18,695.63,594,677.8
3557154,550.35,576.58,532.2,557.24
3557204,588.88,523.26,446.7,530.87
3557303,606.65,590.21,535.5,584.39
4100103,510.76,484.74,433.3,483.17
4100202,519.65,512.42,479.4,507.91
4100301,497.53,500.05,443.8,486.89
4100400,494.35,465.84,415.7,465.48
4100459,551.94,552.74,454.6,531.11
4100509,382.06,445.42,371.8,406
4100608,482.82,502.26,477.9,489.78
4100707,434.82,511.05,391.4,456.87
4100806,510.47,475.47,466.8,486.52
4100905,465.24,492.32,444.8,471.98
4101002,516.53,517.95,440.6,500.61
4101051,539.65,560.74,441.9,527.11
4101101,493.65,498.05,466.1,489.48
4101150,525.47,501.47,457,500.67
4101200,940.59,950.79,940.6,944.8
4101309,448.71,473.26,394.4,447.04
4101408,573.35,528.21,474.8,533.28
4101507,561.76,534.89,463.2,529.24
4101606,558.29,507.11,516.7,528.11
4101655,516.24,555.84,474.4,523.5
4101705,478.94,485.26,426.5,470.15
4101804,427.76,442.05,388.2,425.07
4101853,524.12,526.63,461.4,511.52
4101903,555.29,497,449.2,508.15
4102000,473.82,509.53,397.8,472.04
4102109,556.47,525.26,465.5,523.8
4102208,514.82,509.21,477.2,504.33
4102307,457.47,460.74,392.6,444.72
4102406,501.24,476.05,448.2,479.3
4102505,530.06,514.42,450.9,506.39
4102604,563.06,542.95,475.1,535.63
4102703,502,501.32,471.3,495.04
4102752,515.88,549.47,430.9,511.28
4102802,542.94,505.47,470.9,511.8
4102901,533.94,504.47,481,510.26
4103008,491.59,526.68,431.4,493
4103024,486.18,515.11,431.6,486.26
4103040,485.59,511.74,438,486.04
4103057,511,535.26,445.2,506.72
4103107,584.82,526.16,533.4,549.41
4103156,559.18,541.58,467.2,531.91
4103206,510.35,523.11,485.4,510.2
4103222,494.65,493.89,447.7,484.13
4103305,542.41,515.26,469.6,515.37
4103354,554.06,577.26,454.9,542.09
4103370,419.88,505.47,391.6,449.09
4103404,497.24,472.05,444.3,475.33
4103453,528.65,545.47,436.7,515.61
4103479,412.24,466.58,377.9,427.22
4103503,594.76,537.26,509.4,552.46
4103602,521,510.21,480.9,507.83
4103701,579.88,520.63,477,533.04
4103800,543.29,540.05,481.7,528.57
4103909,526,532.63,458,513.96
4103958,495.53,487.84,432.8,478.72
4104006,745.94,656.42,647.9,687.65
4104055,534,584.95,458.9,538.72
4104105,455.47,457.05,425.9,449.7
4104204,503.24,476.47,439.3,478.28
4104253,494.18,474,434.8,472.93
4104303,519.76,526.63,456.4,508.83
4104402,475.76,497.11,443.7,477.61
4104428,502.24,486.63,460.6,486.74
4104451,524.82,526.26,470.1,513.52
4104501,462.53,525.89,425.2,480.59
4104600,529.65,544.84,463.4,521.52
4104659,497.12,493.21,424.1,479.63
4104709,517.88,476.16,462.4,488.59
4104808,515.94,573.63,431.7,521.46
4104907,568.47,517.47,500.9,532.72
4105003,506.88,563.63,457.8,519.65
4105102,503.35,454.63,446,470.76
4105201,493.65,475.11,451.3,476.78
4105300,530.88,583.74,455,536.22
4105409,498.82,504.58,465.7,494
4105508,501.82,504.21,458.1,493.3
4105607,439.94,513.89,461.3,475.13
4105706,511.18,508.26,443.5,495.26
4105805,483.65,450.68,425,457.28
4105904,502.29,478.74,449.8,481.15
4106001,513.24,514.58,464.9,503.28
4106100,499.71,456.42,432.7,467.26
4106209,435.29,452.74,391.7,433.02
4106308,533.65,570.63,443.5,529.33
4106407,524,473.53,434.3,483.65
4106456,493.41,507.95,435.6,486.85
4106506,491.06,498.95,456.1,486.72
4106555,517.94,518.53,462.5,506.13
4106571,505.29,546.21,427.6,505.3
4106605,409.12,453.95,404.6,426.65
4106704,502.53,472.84,454.9,479.91
4106803,513.47,499.42,461.8,496.43
4106852,553.12,540.89,461.9,528.24
4106902,495.59,484,459.5,482.96
4107009,507.88,468.47,465.2,482.33
4107108,425.24,429.68,426.1,427.26
4107124,578,568.11,459.4,548.13
4107157,478.06,508.58,396.7,472.98
4107207,501.29,540.95,461.1,508.93
4107256,412.53,472.53,420.4,439.02
4107306,533.65,515.89,478.5,514.33
4107405,515.65,520.11,475.3,508.72
4107504,535.53,512.68,495.6,517.41
4107520,397.53,450.21,377.4,414.91
4107538,447.12,471.42,366.1,439.54
4107546,495.65,547.84,471.3,511.91
4107553,497.18,525.84,424.6,493.24
4107603,571.06,557.53,487.2,547.24
4107652,478.71,459.11,413.1,456.35
4107702,520.29,498.58,457.8,497.74
4107736,462.12,483.58,402.1,457.93
4107751,520.47,475.16,478,492.52
4107801,492.06,523.16,484.7,503.3
4107850,555.76,544.05,479.1,534.26
4107900,516.94,510.58,511.9,513.22
4108007,514.94,470.42,458.7,484.33
4108106,525.47,501.47,457,500.67
4108205,437.24,504.21,397.6,456.28
4108304,469.65,480.53,435.5,466.72
4108320,400.12,469.37,377.9,423.89
4108403,519.53,526.32,482.1,514.2
4108452,532.18,509.16,477.4,510.76
4108502,508.06,511.11,445.4,495.7
4108551,522.71,526.53,448.3,508.11
4108601,454.29,465.11,385.3,443.76
4108650,498.41,506.11,450.8,491.24
4108700,526.59,518,440.2,504.26
4108809,411.94,454,365.8,419.28
4108908,467.47,471.47,474.8,470.72
4108957,454.12,498.53,409.6,462.78
4109005,511.94,484.16,460.5,489.28
4109104,456.12,500.74,465.8,476.65
4109203,512.47,486.95,461,490.74
4109302,566.53,576.95,474.6,550.85
4109401,524.88,539.89,447.3,514.22
4109500,1009.82,954.05,1090.8,1004.39
4109609,931.24,912,840.5,903.57
4109658,489.94,494.58,459.1,485.15
4109708,500.71,453.58,455.4,471.39
4109757,518.94,562.21,472,526.61
4109807,575.65,505.05,468.2,523.13
4109906,403.76,458.32,407.8,427.17
4110003,532.35,518.74,463.5,511.76
4110052,533.47,549.16,443.5,520.39
4110078,530.94,523.05,476.7,515.89
4110102,442.65,462.26,394.4,440.26
4110201,545.18,563.53,478.7,538.3
4110300,468.18,474.26,446,465.87
4110409,497.12,524.74,494,507.85
4110508,452.35,451.79,407.9,442.46
4110607,401.41,471.21,385.4,426.76
4110656,495.94,527.26,421.6,492.72
4110706,496.29,518.74,422.8,489.59
4110805,548.29,575.11,483.1,545.2
4110904,492.53,472.89,435.7,472.07
4110953,463.53,468.05,390.3,449.48
4111001,515.29,506.42,485.7,505.2
4111100,516.35,500.11,480.3,501.8
4111209,493,489.11,447,481.39
4111258,534.59,484.84,448,495.22
4111308,429.82,440,445.1,437.35
4111407,474.71,493.21,428.8,472.37
4111506,536.06,546.32,479.8,528.07
4111555,415.76,457.89,411.1,432.15
4111605,517.12,507.37,500.1,509.39
4111704,528.29,464.84,472.5,489.96
4111803,536.18,517.42,482,516.65
4111902,546.88,490.42,452,502.93
4112009,550.82,479.53,491.1,508.39
4112108,538.94,533.21,480.5,523.87
4112207,479.18,499.11,406.5,471.61
4112306,510.59,457.26,478.8,481.65
4112405,502.35,518.37,478.3,503.74
4112504,536.24,548,465.5,525.72
4112603,464.35,470.53,432.9,460.07
4112702,571.88,501.32,463.4,519.15
4112751,488,524.84,411.9,486.67
4112801,513.47,486.58,461.6,491.09
4112900,507.65,473.74,415.7,473.65
4112959,486.41,514.21,418.6,483.15
4113007,538.06,524.68,480.8,520.09
4113106,544.53,536,492.9,529.78
4113205,493.41,478.89,437.2,475.2
4113254,536.41,567.16,482.2,537.33
4113304,532.41,558.68,474.2,530.61
4113403,499.18,473.58,429.9,473.54
4113429,524.53,520.42,450.8,506.8
4113452,552.71,564.05,473.4,540.15
4113502,459.18,484.47,439.9,465.43
4113601,493,466.21,429.9,468.22
4113700,598.41,500.42,509.8,538.67
4113734,549.59,583.37,482.4,548.93
4113759,529.47,513.05,464.5,508.57
4113809,508.53,462.47,452.8,477.39
4113908,476.24,481.63,448.9,472.52
4114005,534.18,567.74,463.1,532.59
4114104,538.35,517.58,482.4,517.61
4114203,540.88,547.05,480.4,530.28
4114302,493.29,483.74,468.8,484.02
4114351,531,521.63,461.1,511.93
4114401,481.06,491.11,456.7,479.91
4114500,550.71,559.89,484.1,540.02
4114609,426.82,465.26,383.3,433.24
4114708,428.76,485.58,425,451.41
4114807,532,547.42,511.9,534
4114906,590.76,525.79,526,549.85
4115002,420.35,437.53,403.5,423.78
4115101,437.24,476.37,380.3,441.02
4115200,523.41,549.37,501.6,529.39
4115309,520.06,509.53,457.5,502.11
4115358,454.29,512.26,402.1,466.89
4115408,528.29,522.32,486.7,516.78
4115457,539.06,549.53,493.4,533.46
4115507,540.71,532.79,484.5,525.22
4115606,486.88,517.05,440.3,489.22
4115705,921.71,963.05,853.5,923.96
4115739,532,588.53,497.4,547.83
4115754,587.35,556.47,510.8,557.96
4115804,483.18,510.21,426.2,481.96
4115853,429.65,461.89,398.1,436.11
4115903,456.24,496,452.5,471.85
4116000,524.59,481.63,456.8,492.11
4116059,478.41,502.21,392.9,469.65
4116109,443.59,456.05,383.3,435.63
4116208,787.06,802.68,758.8,787.37
4116307,534.12,509.21,461.3,508
4116406,514.12,474.68,453.1,484.57
4116505,458.24,483.95,453.3,467.78
4116604,560.47,502.21,446.3,511.59
4116703,520.29,534.21,440.3,508.65
4116802,543.06,562.79,452.7,531.57
4116901,493,505.21,489.5,497.28
4116950,503.59,512.79,457.3,497.33
4117008,518.18,514.21,462.4,504.41
4117057,538.06,559.84,516.7,542.41
4117107,427,444.21,430.8,434.93
4117206,435.06,514.74,440.2,469.09
4117214,539.41,519.95,473.3,517
4117222,442,482.53,408.9,451.54
4117255,492.29,512.11,422.6,485.33
4117271,515.41,555.84,480.6,524.54
4117297,548.71,529.68,490.5,528.2
4117305,510.12,527.68,459.6,506.39
4117404,516.29,527,484.7,513.85
4117453,476.88,508.11,412.4,475.76
4117503,501.82,518.05,481.8,504.17
4117602,495.65,500.32,427.6,482.78
4117701,479.94,460.37,412.1,457.11
4117800,543.29,586.42,501.1,551.93
4117909,428.65,479.68,397.7,443
4118006,457.82,498.32,462.3,475.52
4118105,481.53,464.26,435.7,464.43
4118204,837.94,888.21,827.2,856.37
4118303,468,465.37,432.5,459.2
4118402,467.12,477.32,456.9,469.11
4118451,431.65,471,368.6,434.2
4118501,514.06,521.11,458.9,504.98
4118600,476.35,453.58,457.2,462.78
4118709,474.88,467.63,464.8,469.7
4118808,506.29,511.79,469.7,500.61
4118857,432.35,470.37,381.4,436.98
4118907,403.47,462.42,385.2,423.85
4119004,522.76,545.84,433.4,512.87
4119103,473.06,481.11,425.9,466.13
4119152,483.29,474.32,437,469.52
4119202,554.12,495.21,492.7,516.43
4119251,536.41,520.37,462.6,513.74
4119301,553.29,575.16,484.7,547.41
4119400,559.29,492.42,479.3,514.28
4119509,592.65,576.79,538.8,574.39
4119608,534.47,549.37,482.2,529.26
4119657,575.53,541.05,472.4,538.87
4119707,467.18,506.58,452.3,480.22
4119806,493.24,531,440.1,497.28
4119905,495.53,485,432.1,477.39
4119954,932.76,937.68,852,917.24
4120002,511.12,475,455.7,484.15
4120101,486.88,464.32,440,467.37
4120150,498.76,551.89,477.1,516
4120200,402.88,449.63,398.9,421.33
4120309,474.76,448.84,419.2,451.98
4120333,543.88,495.58,463.1,506.37
4120358,531.53,534.47,451.9,515.43
4120408,501.35,508.53,485.4,500.85
4120507,506.47,489.53,449.2,487.02
4120606,522.94,539.74,439,511.63
4120655,447.59,504.42,402.4,461.24
4120705,515.59,475.95,472.9,489.93
4120804,720.41,682.84,663.7,692.57
4120853,459.12,485.79,409.3,459.3
4120903,503.06,549.84,471.4,515.5
4121000,387.47,478.68,398.8,427.61
4121109,517,505.16,472.3,502.39
4121208,484.53,496.37,450.8,482.09
4121257,493.76,539.16,406.7,493.59
4121307,512.53,479.42,439.3,482.93
4121356,477.82,501.74,396.3,469.98
4121406,483.82,516.11,421.1,483.52
4121505,460,477.11,401.2,454.28
4121604,521.88,530.05,492,518.76
4121703,525.53,536.84,466.4,517.35
4121752,552.65,517.53,456.5,517.24
4121802,563.59,502.74,457.3,515.35
4121901,502.12,470.47,418.5,470.87
4122008,461.12,479.89,426.2,461.28
4122107,560.41,541.68,507.7,541.22
4122156,480.24,536.74,486.8,505
4122172,530.12,505.79,456.8,504.13
4122206,542,473.95,459.4,495.93
4122305,444.47,442.26,419,438.02
4122404,585.71,540.47,473.6,542.65
4122503,537.29,602.32,517.9,559.93
4122602,479.47,523.42,468.7,495.28
4122651,526.82,494.53,451,497
4122701,569.59,543.05,467.8,536.5
4122800,544.35,531.53,464.6,521.72
4122909,529.59,492.68,443.2,495.57
4123006,499.24,509.95,445.4,491.96
4123105,512.47,479.89,455.8,486.7
4123204,539.41,519.95,473.3,517
4123303,413.94,469.74,415.7,437.37
4123402,527.29,481.32,445,490.41
4123501,460.59,496.68,374.2,456.72
4123600,497.24,463.63,429.2,468.57
4123709,433.29,453.68,411.3,436.93
4123808,496.53,508.95,411.4,483.15
4123824,548.59,574.63,466.2,541.43
4123857,529.65,549.58,498.9,531.2
4123907,510.06,478.32,465.4,487.24
4123956,439.65,460.53,429.8,446.13
4124004,521.35,475.05,425.6,481.41
4124020,497.53,552.63,431.9,506.02
4124053,469.65,480.53,435.5,466.72
4124103,511.41,499.53,465,496.41
4124202,474,481.21,450.4,471.85
4124301,518.18,524.37,469.3,510.11
4124400,539.06,534.05,443.2,516.15
4124509,493.06,469.11,449.2,473.63
4124608,486.82,528.26,492.9,505.26
4124707,571.65,513.05,514.1,534.93
4124806,498.82,523.37,487.2,506.43
4124905,485.71,486.47,456.9,479.76
4125001,516.24,500.32,455.3,496.41
4125100,484.06,461.42,439.4,465
4125209,496.53,541.11,449,504.61
4125308,509.06,526.89,477,509.46
4125357,391.53,450.84,384.2,414.43
4125407,522.94,459.79,457.6,482.65
4125456,477.82,497.21,395.2,467.87
4125506,649.29,611.58,559.3,614.15
4125555,478.71,513,482.1,493.61
4125605,454.12,485.11,434.7,462.7
4125704,476.24,488.68,433.2,472.02
4125753,492.18,532.47,425.1,494.24
4125803,515.94,512.47,453.6,500.96
4125902,423.12,443.74,393.8,425.26
4126009,546.12,507,450.4,509.15
4126108,531.88,527.42,498.8,522.85
4126207,545.35,495.63,484.8,511.65
4126256,531.88,546.47,493.6,529.59
4126272,494.59,496.84,473.8,491
4126306,558.18,451.63,492.9,499.98
4126355,450.59,478.63,414.4,454.3
4126405,499.06,476.32,437.2,476.22
4126504,518.82,484.89,467.8,493.72
4126603,529.06,485.26,450.8,493.96
4126652,495.53,520.37,477.4,501.85
4126678,589.12,552.68,538.4,563.04
4126702,466.24,501.42,479.9,483.74
4126801,462.12,493.32,443,470.85
4126900,422.12,486.68,428,450.07
4127007,449.18,486.47,411.7,456.43
4127106,493.47,478.53,454.4,478.8
4127205,549.65,529.32,496.8,529.76
4127304,457.71,468.42,460,462.63
4127403,430.94,455.16,388.5,431.72
4127502,458.71,439.89,429.5,444.59
4127601,560.06,540.63,476.2,533.8
4127700,493,514.37,404.5,482.59
4127809,527.65,467.32,474.7,491.22
4127858,503.12,558.89,446.9,513.93
4127882,491.06,461.74,450.8,470.2
4127908,423.06,464.95,420.2,439.74
4127957,513,534.79,418.4,501.43
4127965,503,507.95,452.5,494.07
4128005,522.94,541.32,431,510.54
4128104,418.88,451.11,412.4,430.78
4128203,485.71,467.32,442.6,468.74
4128302,503.94,497.37,467.3,493.26
4128401,535.65,474.21,425.4,486.3
4128500,528.47,464.47,447.9,484.52
4128534,556.24,506.47,494.2,522.2
4128559,498.24,544.84,416.4,499.7
4128609,499.18,522.74,471.5,502.89
4128625,394.65,447.32,375.1,412.15
4128633,539.29,514.16,497.4,519.8
4128658,516.41,545.63,473.4,519.13
4128708,532.41,537.32,485.6,524.26
4128807,395.41,445.95,381.9,413.35
4200051,461.94,444.21,427.1,447.04
4200101,529.47,509.21,448.4,503.48
4200200,461.41,475,403.2,454.37
4200309,470.82,474.21,405.6,458.04
4200408,512.12,490.84,423.2,484
4200507,529.59,458.16,444.6,481.61
4200556,532,507.79,445.4,503.17
4200606,621.24,659.74,614.8,635.74
4200705,522.41,542,470,519.11
4200754,501.88,442.89,433,462.54
4200804,569.29,508.74,474.3,523.63
4200903,561.06,599.42,562,577.11
4201000,449.88,431.68,411.5,434.02
4201109,674.88,673,609.2,659.83
4201208,581.06,622.63,580,598
4201257,490,484.47,447.4,478.46
4201273,528,486.53,440.7,491.89
4201307,740.24,757.95,651.7,728.3
4201406,486.76,546.84,442.2,501.89
4201505,545.47,547.63,478.2,531.74
4201604,522.88,498.58,451.3,497.28
4201653,522.18,440.37,414.2,464.91
4201703,516.06,531.58,506.3,520.35
4201802,465.06,476.42,403.1,456.28
4201901,460.35,445.74,408.8,443.11
4201950,489.29,554.53,444.2,506.43
4202008,563.76,604.63,533.8,574.13
4202057,763.12,768.74,630.1,736.52
4202073,508.18,520.84,444.5,499.57
4202081,558.59,475.95,463.4,503.76
4202099,552.71,489.89,479,510.74
4202107,650.94,634,542.9,620.46
4202131,440.71,434.37,408.4,431.07
4202156,561.65,462.63,448.9,496.24
4202206,537.29,527.84,514.8,528.5
4202305,558,635.21,541.5,586.3
4202404,621.47,604.79,580.3,605.63
4202438,449.12,462.53,399.2,443.8
4202453,550,632.26,516.1,576.61
4202503,514.06,571.32,482.8,530.91
4202537,544.47,490.37,431.4,497.54
4202578,559.88,520.32,457.5,521.28
4202602,449.35,463,396.5,443.5
4202701,498.59,507.16,464.5,494.72
4202800,543.18,558.89,485,537.02
4202859,486.59,484.63,425,472.39
4202875,448,440.47,417.2,438.2
4202909,544.12,575.16,528.6,553.57
4203006,487.12,502.95,432.8,481.85
4203105,534.06,466.53,432.9,484.17
4203154,478.65,488.42,427.9,471.65
4203204,573.29,590.84,538.6,573
4203253,417.12,415.74,398.9,412.59
4203303,630.65,643.11,556.8,619.74
4203402,428.29,454.84,427.9,439.17
4203501,560.88,537.53,475.1,532.59
4203600,491.06,455.58,426.7,462.41
4203709,532.29,588.26,519.4,552.61
4203808,471,443,423.4,449.09
4203907,479.71,438.42,430.3,451.91
4203956,467.76,463.16,396.5,450.37
4204004,530.82,500.63,472.1,505.59
4204103,526.82,443,418.4,468.63
4204152,486.65,437.79,411.9,450.22
4204178,440,426.16,422.7,430.52
4204194,456.65,436.21,400.1,435.91
4204202,490.29,417.32,410.9,442.89
4204251,546.76,589.79,480.4,550.11
4204301,512.88,470.05,448.9,481.28
4204350,537.06,460,435.6,483.17
4204400,531.24,510.89,444.4,503.96
4204459,524.53,528.58,465.5,513.37
4204509,592.18,580.95,567.1,582.09
4204558,467.29,439.58,400.4,441.3
4204608,521.29,579.89,459.8,532.13
4204707,546.24,481.79,445,497.61
4204756,546.82,468.32,429.1,488.8
4204806,456.65,441.74,412.6,440.91
4204905,530.35,474.11,451.4,489.96
4205001,579.76,546.84,486.2,545.83
4205100,440.76,444.47,393.4,432
4205159,516.59,517.11,499.1,513
4205175,535.06,495.32,429.3,495.65
4205191,516.82,590.21,483.7,539.93
4205209,494.94,472.89,450.1,476.09
4205308,555.41,502.79,446.2,509.93
4205357,539.76,482.53,470.4,501.04
4205407,566.94,668.74,561,607.7
4205431,536.41,536.58,454.3,518.63
4205456,523.24,596,474.9,542.78
4205506,470.18,461.63,421.2,456
4205555,458.41,440.16,403.2,438.87
4205605,526.76,540.21,456.9,517.13
4205704,574.12,577.95,528.2,565.72
4205803,1020.53,986.42,907.3,981.83
4205902,598.24,581.79,572.3,585.8
4206009,550,632.26,516.1,576.61
4206108,614,635.26,544.8,607.74
4206207,506.88,513.68,460,499.5
4206306,550.59,567.89,533.8,554.09
4206405,568.35,502.68,468.4,519.5
4206504,741.24,775.58,634.2,732.15
4206603,587.35,548.21,484.1,548.74
4206652,504.12,427.21,424.8,455.11
4206702,508.18,489.79,461.6,490.46
4206751,493.71,487.37,443.7,480.22
4206801,512.47,494.47,451.4,491.76
4206900,478.47,450.05,416.4,453.24
4207007,499.88,532.26,426.4,497.28
4207106,644.29,615.84,559.2,614.04
4207205,510.18,498,448,491.63
4207304,541.88,554.53,505,539.09
4207403,452.18,452.68,396,440.17
4207502,525.24,542.16,523.3,531.8
4207577,521.35,494.21,438.6,492.15
4207601,495.47,448.53,443.8,464.85
4207650,534.59,466.37,425.5,482.7
4207684,523.47,496.37,431,492.17
4207700,546,494.21,465.9,507.2
4207759,532.82,475.84,451.8,491.67
4207809,540.41,510.53,471.3,513.04
4207858,535.47,534.11,456.8,517.8
4207908,462.76,438.16,431.8,445.87
4208005,525.47,449.68,408.7,468.78
4208104,440.94,464.32,411.4,444.17
4208203,621.35,611.32,581.2,608.48
4208302,528.76,585.42,510.4,548.17
4208401,512.53,444.89,429.2,466.48
4208450,997.65,994.16,870.8,968.63
4208500,451.24,448.95,404.2,440.07
4208609,529,483.79,471.7,497.87
4208708,542.47,591.11,496.8,552.63
4208807,476.59,464.79,414.7,458.26
4208906,705.12,712.58,636.1,693.2
4208955,532.12,517.74,442.9,506.78
4209003,513.12,475.84,460.7,486.33
4209102,907.18,904.58,806,884.11
4209151,444.12,454.74,427.5,444.89
4209177,536.18,535.47,480.3,523.74
4209201,498.53,476.05,462.3,481.37
4209300,426.71,426.47,395.6,419.85
4209409,451.35,447.37,388.5,436.04
4209458,536.82,474.79,424.5,486.78
4209508,480.71,479.74,409.4,464.8
4209607,549.35,583.26,497.7,552.13
4209706,452.88,467.74,402.5,448.07
4209805,493,496,473.4,489.98
4209854,543.59,510.95,472.8,514.72
4209904,484.24,456.26,420.1,458.74
4210001,636.59,593.53,542.9,598.43
4210035,519.65,503.95,456.3,499.39
4210050,524.88,496.95,437.7,494.39
4210100,445.65,461,431.8,448.98
4210209,516.88,563.95,493.9,531.33
4210308,456.41,462.58,430.4,453.3
4210407,500,554.89,450.2,511.85
4210506,540.41,489.37,447.6,499.15
4210555,538.18,483.68,425.3,491.13
4210605,677.29,646.58,611.1,650.22
4210704,473.35,476.47,423.9,463.89
4210803,533.59,605.58,499.9,556
4210852,538.76,526.58,465.5,517.8
4210902,543.06,502.11,454.4,506.87
4211009,534.59,466.37,425.5,482.7
4211058,462,451.63,417.2,447.98
4211108,498.06,505.84,442.6,489.22
4211207,490,522.32,430,490.3
4211256,550.59,630.21,520.2,576.87
4211306,626.24,581.53,547.2,590.59
4211405,542.18,478.79,438.7,493.5
4211454,535.88,488.79,445.5,496.78
4211504,531.41,561.42,508.1,538.74
4211603,536.82,621.79,487.6,561.22
4211652,534.76,543.89,470.9,524.65
4211702,590.24,617.47,525.9,587.5
4211751,458.24,472.16,394.7,450.17
4211801,511.18,466.74,457.5,481.15
4211850,553.12,497.47,433.5,504.13
4211876,501.76,437,408.5,454.74
4211892,440,444.79,399.7,433.22
4211900,610.82,674.79,614.7,638.09
4212007,588.94,549.84,494.1,552.17
4212056,478.76,447.32,398,448.22
4212106,532.88,470.37,426.6,483.96
4212205,482.47,498.68,432.3,478.26
4212239,557.12,473.11,462.7,501.89
4212254,485.82,495.11,425.8,476.61
4212270,536.88,530.05,450.9,515.37
4212304,611.41,642.16,585.9,618.57
4212403,534.88,558.47,492.7,535.46
4212502,622.47,583.79,547.2,590.13
4212601,502.29,454.47,444,469.87
4212650,451.35,447.37,388.5,436.04
4212700,447.47,468.84,395.5,445
4212809,635.65,615.53,544.5,607.52
4212908,536.82,491.68,443.9,497.98
4213005,509.94,487.32,450.4,487.65
4213104,485.35,439.84,433.7,455.33
4213153,524.47,456.53,438.1,477.63
4213203,619.65,614.42,590.9,611.24
4213302,490.53,459.95,415.1,461.5
4213351,496.24,478.74,424.7,473.46
4213401,540.41,518.84,463.7,514.83
4213500,528.76,585.42,510.4,548.17
4213609,456.94,439.79,434.6,445
4213708,494.76,505,440.2,487.13
4213807,499.53,486.89,430.3,479.26
4213906,517.59,464.68,454.9,482.11
4214003,459.53,456.53,393.4,443.91
4214102,486.53,478.63,443.7,473.96
4214151,579.41,520.95,474.1,532.37
4214201,535.24,521.47,439.9,508.83
4214300,557,606.68,564.2,579.09
4214409,508.18,483.74,417.5,478.37
4214508,523.76,545.37,475.9,522.28
4214607,498,501,442.6,487.2
4214706,589.59,583.42,578.9,584.72
4214805,468.82,451.11,396.1,445.7
4214904,642.18,618.16,563.6,615.17
4215000,521.94,539.05,518.7,528.3
4215059,442.06,474.95,404.5,447.48
4215075,533.12,465.84,432.2,483.39
4215109,533.71,549.05,530.3,539.3
4215208,557.35,484.21,465.7,507.22
4215307,517.65,528.42,466.8,511.04
4215356,554.06,530.11,466.6,525.15
4215406,540.41,498.16,445.6,502.35
4215455,487.71,499.47,424.9,478.91
4215505,505.06,480.68,435.2,479.8
4215554,534.06,463.84,437.8,484.13
4215604,642.18,618.16,563.6,615.17
4215653,497.29,525.21,449.7,498.48
4215679,485.71,503.16,440.3,483.04
4215687,563.82,525,470.9,527.59
4215695,520.82,510.68,434.1,497.78
4215703,616.06,671.63,606.5,636.93
4215752,554.06,539.68,486.4,533.41
4215802,530.24,553.47,481.1,529.15
4215901,673.53,659.37,595.6,650.74
4216008,542.06,460.05,427.3,483.24
4216057,508.24,477.84,424,477.37
4216107,528.65,515.05,438.5,503.43
4216206,880.59,899.16,794.8,869.61
4216255,534.88,459.84,426.8,480.39
4216305,562.06,606.58,551.1,578.07
4216354,669.06,674.21,552.3,645.8
4216404,496.59,495.16,426.9,480.85
4216503,443.35,446.47,404.5,436.2
4216602,563.06,650.53,551.3,596.63
4216701,582.41,526.63,479.9,537.09
4216800,426.76,436.47,419.2,429.13
4216909,551.71,541.32,475.9,530.93
4217006,533,544.42,490.4,528.46
4217105,573.88,570.74,522.5,561.41
4217154,558.82,495.95,462.3,511.87
4217204,550.12,460,462.1,493.76
4217253,583.06,638.79,592.7,608.17
4217303,550.35,494.05,439.6,503.02
4217402,859.18,847.21,727.9,825.7
4217501,526.53,446.05,417.8,469.65
4217550,559.88,520.32,457.5,521.28
4217600,512.12,564.89,469.7,524.7
4217709,514.71,562.74,477.9,526.54
4217758,552.53,519.16,460.5,518.74
4217808,534.94,534.63,461.7,518.89
4217907,495.71,487.95,437.7,479.89
4217956,550.35,511.16,459.4,514.39
4218004,517.82,600.21,487.1,545.17
4218103,521.24,567.16,485.3,532.39
4218202,560.65,573.89,544.7,562.65
4218251,448,431.79,416.4,434.43
4218301,449.29,460.42,390.9,441.2
4218350,543.47,580.68,487.1,546.59
4218400,505.94,509.37,450.6,495.33
4218509,530.18,511.21,456.6,506.35
4218608,477.88,492.95,403.9,468.02
4218707,498.53,494,435.9,483.04
4218756,534.06,463.84,437.8,484.13
4218806,538.06,590.05,495.1,550.2
4218855,532.12,517.74,442.9,506.78
4218905,519.53,544.63,449.7,514.72
4218954,456.71,464,407.4,449
4219002,548.47,582.47,503.5,552.74
4219101,547.82,503.21,442.6,506.52
4219150,451.18,438.58,421,439.41
4219176,536.41,515.05,481.7,515.7
4219200,446.76,449.05,399,437.33
4219309,502.82,497,434.3,485.52
4219358,464.59,488.84,425,466
4219408,467.18,481.05,435,465.91
4219507,542.35,475.74,438.9,492.35
4219606,532.59,469.05,430.2,484.09
4219705,541.76,460.42,430.2,483.91
4219853,494,447.74,435.4,462.15
4220000,498.53,557.26,454.4,513.2
4300034,357.41,301.37,388.5,341.02
4300059,465.18,412.95,374.1,423.8
4300109,443.41,428.95,365.4,420.48
4300208,461.47,434.63,396,436.15
4300307,454.12,417.84,401.9,427.78
4300406,485.29,345.53,391,407.07
4300455,465.24,441.84,394.1,440.11
4300471,472.12,421.89,393.9,434.37
4300505,509,459.26,396.2,463.93
4300554,443.24,410.84,335,406.33
4300570,386.12,436.21,357.8,400.65
4300604,350.65,354.95,313.3,344.3
4300638,346.06,334.58,327.8,337.35
4300646,521.94,465.68,387.5,469.48
4300661,432.18,384.47,384.2,402.04
4300703,451.65,499,404.6,460.98
4300802,410.94,418.84,386,408.78
4300851,372.18,345.89,357.6,358.15
4300877,389.18,405.37,346.1,386.5
4300901,503.35,446.32,408.5,459.17
4301008,432,482.79,390,443.85
4301057,524.47,515.26,444.6,503.3
4301073,405.18,395.84,403.9,401.04
4301107,322.82,321.16,298.9,316.93
4301206,455.65,389.95,366,409.02
4301305,336.76,336.37,391.1,348.41
4301404,455.47,467.47,397.3,447.78
4301503,475.29,443.42,370.2,439.28
4301552,498.76,455.11,400.6,459.39
4301602,377.35,316.11,399.8,356.93
4301636,343.06,306.37,292.6,316.93
4301651,382.24,428.42,351.1,394.54
4301701,506.29,458.16,401.2,463.57
4301750,352.47,344.58,359,350.63
4301800,486,419.11,411.1,442.09
4301859,528.35,453.84,450.7,480.7
4301875,411.18,322,366.8,364.7
4301909,342,342.32,321.5,337.67
4301925,503.82,461.63,402.5,464.37
4301958,472.76,417,396.3,433.11
4302006,462.76,422.95,365.2,425.11
4302055,486.65,447,399.8,451.39
4302105,367.06,397.11,329.7,371.35
4302154,458.12,422.89,390.9,428.96
4302204,503.12,450.74,426.7,464.87
4302220,459.94,450.53,359.4,434.2
4302238,418.53,397.89,337,392.28
4302253,390.88,423.89,350.7,395.78
4302303,423.65,403.32,391.4,408.24
4302352,373.41,419.11,341.2,385.28
4302378,512.59,449.84,448.8,472.8
4302402,360.29,361.42,295,346.57
4302451,486.88,465,392.2,457.26
4302501,494.82,421.58,400.1,443.98
4302584,464.18,431.26,383.9,433.13
4302600,506.06,445.32,439.8,466.57
4302659,364,383.37,308.5,359.93
4302709,336.18,319.74,295.9,320.63
4302808,394.53,349,371.2,370.65
4302907,458.65,355.42,383.4,399.65
4303004,375.71,356.84,339.6,360.07
4303103,350.65,354.95,313.3,344.3
4303202,501.18,425.95,402.4,448.63
4303301,447,394.89,383.5,411.67
4303400,526.94,467.16,414.9,477.89
4303509,370.29,349.21,357.6,358.83
4303558,442.12,445.32,353.5,424.17
4303608,483.71,472.95,426.7,466.87
4303673,422.35,425.58,400.1,418.85
4303707,457.76,394.05,401.8,419.28
4303806,472.65,448.89,375.7,441.76
4303905,367.18,386.63,329,366.91
4304002,497.76,456.79,427.9,465.65
4304101,448.29,401.84,328.4,403.04
4304200,454.53,431.68,379.1,428.7
4304309,450.76,389.53,398.7,414.15
4304358,354.53,305.53,396.4,343.39
4304408,437.29,456.95,395,436.22
4304507,386.88,376,378.1,380.48
4304606,354.71,360.79,305.9,346.61
4304614,458.24,443.37,364.2,431.65
4304622,459.53,412.16,389.7,424.78
4304630,464.65,461.42,399.2,449.09
4304655,504.06,419.53,409.8,448.65
4304663,363.35,363,377.7,366.33
4304671,337.88,319.74,288.9,319.74
4304689,356.65,369.05,306.2,350.8
4304697,428.71,474.42,395.8,440.43
4304705,468.35,413.53,387.3,428.09
4304713,431.06,405.11,355.1,403.83
4304804,374.24,408.47,340.6,381.07
4304853,510.65,444.63,412,461.93
4304903,464.71,409.68,389,425.52
4304952,474,417.16,405.7,435.67
4305009,473.35,447.37,387.7,444
4305108,403.24,441.42,388.5,415.8
4305116,498.76,455.11,400.6,459.39
4305124,379.53,367.89,386.9,376.33
4305132,462.88,439.16,384.6,436.07
4305157,479.06,445.21,402,448.33
4305173,358.35,349.79,376.6,358.78
4305207,431.59,382.11,389.7,402.04
4305306,460.59,416.68,397.3,428.7
4305355,330.47,325.21,279.6,317.24
4305371,499.71,442.21,397.5,453.74
4305405,459.76,442.63,388,437.09
4305439,308.94,327.79,380.9,332.37
4305447,357.76,348.32,360.7,354.5
4305454,352.76,312.63,298.3,324.35
4305504,459.82,405.74,374.9,419.02
4305587,411.76,457,379.7,423.48
4305603,450.65,420.68,354.9,417.46
4305702,448.59,431.68,400.4,431.13
4305801,479.47,437.84,391.3,443.11
4305835,451.35,475.32,375.1,444.67
4305850,470,409.42,389.5,427.48
4305871,471.12,450.53,368.4,440.28
4305900,478.94,428.42,428.4,447.09
4305934,386.65,420.74,363,395.59
4305959,396,413.53,378.6,399.46
4305975,458.94,424.74,358.1,422.89
4306007,503.24,442.37,425.4,461.17
4306056,368.88,354.11,360.4,360.93
4306072,517.12,464.53,397.7,469.43
4306106,424.06,409.74,344.4,400.83
4306130,483.76,452.79,383.3,449.13
4306205,401.59,411.05,338.3,391.74
4306304,460,412.21,390.4,425.13
4306320,523.18,440.95,445.1,472.24
4306353,464.47,404.26,398.6,425.28
4306379,425.24,374.79,377.9,394.11
4306403,390.76,429.32,355.4,399
4306429,495.12,430.37,428.1,453.8
4306452,438.59,487.84,411,452.93
4306502,353.35,344.16,337.9,346.2
4306551,530.88,515.47,442.1,505.22
4306601,393.82,325.79,412.3,369.74
4306700,450.65,425.26,370.2,422.67
4306734,455.35,423.05,402.1,430.43
4306759,443.88,505.32,404.3,460.65
4306767,328.12,334.42,288,322
4306809,428.71,474.42,395.8,440.43
4306908,353.35,344,326.9,343.74
4306924,479.47,437.84,391.3,443.11
4306932,471.12,422.11,373,429.54
4306957,491.47,455.58,387.4,454.02
4306973,490.65,453.05,374.3,449.83
4307005,497.47,465.11,386.8,460.04
4307054,441.82,452.21,374.2,431.41
4307104,337,326.42,400.3,346.39
4307203,503.06,431.16,402.4,451.48
4307302,499.53,444.68,421.8,459.98
4307401,452.18,420.89,400.9,428.11
4307450,506.76,441.89,431,463.5
4307500,436.18,415.79,339.3,406.7
4307559,488.18,441.53,378,444.96
4307609,379.71,409.89,337.1,382.91
4307708,357.24,360.84,310.6,348.59
4307807,410.76,451.53,363.3,417.28
4307815,455,393.16,361.9,409.22
4307831,483.94,429.37,371.4,436.93
4307864,442.94,450.21,404.8,437.65
4307906,381.24,435.47,360.1,399.04
4308003,452.29,424.63,373.7,423.78
4308052,498.18,433.42,400.7,450.24
4308078,404.71,437.68,331.4,402.39
4308102,383.71,429.89,349.7,395.39
4308201,377.65,410.79,380.7,392
4308250,507.59,450.47,397.6,460.09
4308300,443.88,434.11,377,425.3
4308409,412.71,384.11,354.8,388.3
4308433,448,468.11,363.4,437.91
4308458,429.53,399.79,333.9,396.46
4308508,510.06,455.79,396.1,462.87
4308607,376,408.74,333.9,380.37
4308656,487.71,423.68,412.1,444.83
4308706,492.65,454.84,400.9,457.09
4308805,340.47,326.37,283,322.15
4308854,453.29,407.32,369,415.98
4308904,499.29,452.63,389.2,456.09
4309001,462.88,442.32,398.9,440.48
4309050,373.59,363.26,313.6,356.28
4309100,436.41,465,401.6,440.65
4309126,508.65,454.68,400.8,462.91
4309159,472.12,428.58,362.8,430.37
4309209,364.06,353.84,316.3,349.46
4309258,448.82,393.42,387.3,412.57
4309308,329.06,333.42,284.8,321.24
4309407,466.47,484.53,414.6,462.65
4309506,459.53,409.21,389.8,423.59
4309555,364.29,402.21,333.3,373.22
4309571,479.12,448.47,376.3,444.11
4309605,486.71,431.84,416.1,448.7
4309654,354.24,300.37,391.9,340.17
4309704,513.53,444.95,448.1,470.98
4309753,451.18,415.21,369,418.46
4309803,478.88,419.63,394.9,436.15
4309902,466.12,413.05,405.2,430.96
4309951,438.24,438.84,365.2,422.61
4310009,453.82,425.74,359.2,421.65
4310108,415.47,424,347.7,404.26
4310207,468.88,439.89,377.6,437.07
4310306,455.88,479.32,399.4,453.28
4310330,421.35,380.32,341.7,387.09
4310363,396,433.42,373.2,406.5
4310405,463.94,445.11,404,443.13
4310413,466.41,442.79,395.5,441.24
4310439,419.88,407.53,394.7,409.3
4310462,483.12,437.16,368.6,439.24
4310504,520.71,467.63,402.6,473.11
4310538,452.88,405.21,367.3,414.59
4310553,483.76,419.74,398.7,438.83
4310579,456.88,430.79,373.5,427.98
4310603,479.65,361.84,372.6,407.72
4310652,522.59,524.95,443.5,506.37
4310702,491.47,436.63,412.3,451.61
4310751,441.29,419.37,374.3,417.67
4310801,379.41,421.16,346.2,389.43
4310850,472.65,429.58,395.7,438.13
4310876,441.59,391.42,331.7,396.98
4310900,471.18,451.26,377.3,442.54
4311007,317.53,325.37,393.6,337.3
4311106,501.12,418.68,414.5,448.24
4311122,430.35,423.53,406.1,422.26
4311130,482.29,425.47,392.2,439.24
4311155,480.65,425,366.6,432.87
4311205,430,386,361.2,396.87
4311239,456.29,423.16,381,426.24
4311254,474,427.32,356.4,429.15
4311270,432.71,407.53,344,403.02
4311304,456.35,401.58,384.9,418.2
4311403,449.18,465.26,354.4,435.22
4311429,471.47,429.63,393.7,437.28
4311502,397.65,342.47,393.7,374
4311601,494.71,449.26,395.4,454.35
4311627,373.88,419.79,345.7,386.72
4311643,383.71,429.89,349.7,395.39
4311700,481.35,423.32,427.1,445.59
4311718,473.71,376.53,377.6,412.67
4311734,499,500.95,436.5,486.22
4311759,498.88,383.16,395.5,428.61
4311775,465.71,451.16,385.3,442.22
4311791,370.94,405.74,319.1,374.04
4311809,444.71,416.95,349.5,412.54
4311908,501.88,442.89,433,462.54
4311981,332.65,335.89,319.1,331.04
4312005,505.35,452.37,414.8,463.78
4312054,465.35,490.16,381.3,457.33
4312104,477.06,404.21,406,431.52
4312138,466.41,423.42,365.4,426.7
4312153,422.47,420.63,348.6,405.65
4312179,439.59,392.21,382.6,407.63
4312203,494.71,437.74,412.5,453.3
4312252,338.18,313.84,295.2,318.78
4312302,507.88,436.89,440.8,463.98
4312351,463.47,421.63,389.3,430.07
4312377,433.94,419.74,402.5,421.24
4312385,377.94,414.58,358.9,388.93
4312401,335.71,345.37,294.2,330.67
4312427,440.41,447.53,361.5,426.2
4312443,519.82,518.89,443.8,502.91
4312450,402.94,396.68,399.2,399.54
4312476,390.76,429.32,355.4,399
4312500,303,278.37,278.5,287.5
4312609,411.71,463.53,390.6,428.52
4312617,439.76,411,391.2,417.33
4312625,466.53,409.32,404.9,429.5
4312658,453.24,420.16,364.7,420.33
4312674,435.35,436.95,362.2,420.11
4312708,506.76,438.95,396.2,454.72
4312757,456.88,430.79,373.5,427.98
4312807,452.65,406.63,385.4,419.02
4312906,454,409,391.3,421.78
4312955,475.88,417.89,394.6,434.26
4313003,451.76,473.58,387.5,446.8
4313011,495.94,432.16,412.9,451.54
4313037,522.88,432.89,427.8,465.04
4313060,414.12,434.84,355.8,410
4313086,383.71,423.26,377.7,398.74
4313102,445.94,404.32,364.7,411.09
4313201,409.65,452.95,381.4,421.39
4313300,441.06,411.21,379.7,415.39
4313334,459.12,438.47,389.1,435.37
4313359,390.06,409.58,374.2,394.67
4313375,358,350,297.8,341.61
4313391,440.24,425.16,373.8,419.57
4313409,361.29,367.32,315.1,353.74
4313425,446.71,425.63,405.9,429.13
4313441,495.82,458.53,389,457.2
4313466,478.76,439.53,397.7,444.93
4313490,470.53,431.79,402.2,439.67
4313508,383.94,333.16,313.1,347.57
4313607,495.06,434.42,407.4,450.96
4313656,316.41,295.42,270.4,297.74
4313706,452,423.58,399.8,428.91
4313805,521.71,451.79,426.6,472.15
4313904,458.59,440.21,389.8,436.04
4313953,354.76,331.68,331,340.07
4314001,452.65,406.63,385.4,419.02
4314027,452.12,422.95,377.2,423.78
4314035,359.53,381.05,307.4,357.09
4314050,395.35,393.26,336.1,381.61
4314068,472.65,429.68,377.9,434.3
4314076,411.12,384.16,323.4,380.91
4314100,448.24,422.74,364.9,419.59
4314134,497.65,458,384.1,456.59
4314159,361,397.84,306.4,364.35
4314175,354.24,328.89,402.9,354.35
4314209,360.76,354,389.9,364.3
4314308,453.18,434.11,381.3,429.67
4314407,398.24,387.63,401.7,394.61
4314423,386.88,433.63,358.8,400.09
4314456,494.53,457.79,382.6,455.02
4314464,481.53,430.89,405.1,444
4314472,424.41,379.84,343.6,388.43
4314498,528.12,459,431.8,478.63
4314506,352.18,319.95,401.8,349.65
4314548,383.71,410.79,371.2,392.17
4314555,478.88,421.21,413.1,440.76
4314605,374.12,340.74,395.6,365
4314704,529.18,457.63,401.6,471.89
4314753,371.53,411.05,327.5,378.28
4314779,467.35,429,384.6,433.52
4314787,482.24,456.42,385.2,450.48
4314803,372.94,402.84,329.4,375.83
4314902,348,357.26,310.1,343.59
4315008,467.06,410.74,405.5,430.41
4315057,443.76,420.58,406,425.98
4315073,453.53,417.63,403.2,427.76
4315107,476.35,424.37,409.5,440.35
4315131,457.47,479.84,377.9,449.41
4315149,379.41,421.16,346.2,389.43
4315156,457,445.74,356,430.39
4315172,431.35,412.05,405.3,417.72
4315206,458.65,481.32,388.6,452.78
4315305,478.82,327.74,402.4,399.8
4315313,480.06,449.84,381.7,446.2
4315321,471.94,401.16,377.1,422.09
4315354,442.94,411.53,338.8,407.33
4315404,496,439.42,424.9,457.17
4315453,447,473.58,386.8,444.89
4315503,418.41,394.74,357,395.28
4315552,508.82,432.58,406.2,455.02
4315602,312.71,325.53,396,336.11
4315701,368.65,344.42,314.7,346.91
4315750,455.71,435.58,369.8,428.72
4315800,416.59,464.53,387.3,430.02
4315909,509.24,469.53,382,465.17
4315958,441.24,382.53,381.8,404.07
4316006,403.53,389.95,331.2,382.2
4316105,475.82,439.47,384.6,440.98
4316204,474.47,425.11,390.6,435.85
4316303,464.53,414.42,404.1,430.7
4316402,443.82,343.84,389.6,390.74
4316428,471.88,436.16,397.2,440.89
4316436,472.47,429.68,398,438.61
4316451,426.18,377.74,333.8,386.09
4316477,448.06,394.53,396.7,414.78
4316501,372.65,412.11,328.7,379.39
4316600,493.53,436.89,394.8,448.67
4316709,447.53,430.16,373.5,424.26
4316733,478.53,418.89,391.3,434.93
4316758,448.12,464.05,365.2,436.67
4316808,446.06,420.89,341.7,412.98
4316907,434.35,390.84,372.1,402.85
4316956,425.88,474.05,382.3,436.3
4316972,408.71,337.74,364.8,369.85
4317004,371.06,352.58,361,361.24
4317103,442.18,347.37,415.9,397.3
4317202,461.59,424.79,402.8,433.61
4317251,396.76,417.79,367.5,399.09
4317301,309.41,327.11,378.3,331.7
4317400,524.94,429.42,421.3,462.96
4317509,477,429.16,382.7,436.74
4317558,451,409.63,367.6,415.78
4317608,388,360.74,300.3,357.67
4317707,479.24,416.63,410.7,438.48
4317756,453.88,429,384.3,428.48
4317806,472.24,431.68,397.4,439.22
4317905,454.29,421.05,404.7,429.78
4317954,495.29,424.95,403.6,446.3
4318002,463.76,384.89,366.8,410.11
4318051,455.24,406.63,387.9,420.52
4318101,517.29,408.11,413.9,449.72
4318200,430.71,434.21,400.7,425.63
4318309,401.53,325.79,369.4,363.26
4318408,343.12,336.63,314.8,334.28
4318424,500.88,443.95,411.9,458.02
4318432,430,414.26,359,408.07
4318440,453.29,403.63,387.6,418.5
4318457,471.88,436.16,397.2,440.89
4318465,456.41,468.47,388.8,446.7
4318481,373.88,419.79,345.7,386.72
4318499,471,441.53,400,443.39
4318507,342.41,342.11,358.2,345.72
4318606,497.71,431.74,408.5,451.07
4318614,364.29,402.21,333.3,373.22
4318622,517.18,553.16,492.7,526.72
4318705,358.29,369.42,313,353.04
4318804,370.41,357.79,365.1,364.04
4318903,476.71,403.63,396.6,429.11
4319000,405.88,426.89,397.2,412.67
4319109,499.29,452.89,424.5,463.87
4319125,455.53,407.37,375.1,418.15
4319158,490.18,422.11,385.3,439.26
4319208,467.65,416.58,406.7,433.3
4319307,476,413.32,406,434.89
4319356,372.65,412.11,328.7,379.39
4319364,471.47,429.63,393.7,437.28
4319372,443.82,396.05,395.8,413.65
4319406,459.65,390.79,390.5,416.17
4319505,363.82,400.11,334.6,372.46
4319604,396,334.05,369,364.54
4319703,502.94,454.89,392.7,459.13
4319711,402.18,435.89,383.2,411.98
4319737,496.41,451.89,424.6,462.41
4319752,386.12,436.21,357.8,400.65
4319802,463,367.26,401.7,410.13
4319901,389.18,405.37,346.1,386.5
4320008,357.24,360.84,310.6,348.59
4320107,477.59,426.26,391.4,437.65
4320206,487.29,434.47,395.7,445.57
4320230,498.06,451.16,431.1,464.13
4320263,465.76,417,369.4,424.67
4320305,440.76,402.26,342.1,403.41
4320321,466.88,418.26,391.2,430.35
4320354,366.12,351.63,377.8,362.67
4320404,458.35,440.68,386.7,435.48
4320453,458.24,443.37,364.2,431.65
4320503,476.24,430.32,371.5,434.5
4320552,340.94,347.58,338.6,343.17
4320578,454.12,420.37,387.8,425.76
4320602,494.12,451.53,400.4,456.15
4320651,445.88,405.47,374.1,413.59
4320677,478.88,447.74,357.4,439.61
4320701,455.65,413.11,368.5,419.13
4320800,438,413.58,347.3,408.2
4320859,344.41,352.32,293.3,336.57
4320909,497.41,438.74,391.7,450.2
4321006,427.88,400.32,343.9,398.24
4321105,351.41,343.21,351.6,348.07
4321204,397.88,383.26,332.8,377.7
4321303,340.18,342.05,284.3,328.8
4321329,519,446.63,419.5,467.48
4321352,327.65,283.84,311.5,306.04
4321402,509.59,443.84,438.9,467.07
4321436,464.65,461.42,399.2,449.09
4321451,388.24,438.53,345.6,399.74
4321469,439.82,445.32,366.4,426.13
4321477,509.65,440.16,427.1,463
4321493,479.12,408.26,398.9,432.41
4321501,530.88,515.47,442.1,505.22
4321600,360.82,324.74,309.8,334.83
4321626,451.76,473.58,387.5,446.8
4321634,494.12,451.53,400.4,456.15
4321667,524.94,515.05,445,503.48
4321709,428.35,435.68,375.9,419.98
4321808,461.35,435.42,401.7,437.67
4321832,526.24,519.79,446.5,506.24
4321857,467.35,442,383.2,438.59
4321907,497,442.11,430.6,459.89
4321956,498.29,451.26,391.5,455.65
4322004,334.35,328.37,277.7,319.57
4322103,460.71,424.74,408.1,434.41
4322152,455.06,415.58,348,415.48
4322186,495.35,419.11,403.3,443.85
4322202,472.18,412.79,382.5,428.15
4322251,372.18,414.21,335.9,381.65
4322301,453.47,428.32,400.1,431.48
4322327,383.12,374.11,385.6,379.93
4322343,449.35,389.74,390.1,411.85
4322350,457.35,428.11,387.7,430.13
4322376,509.47,424.74,412.3,453.35
4322400,447.41,347.58,393.3,394.41
4322509,427.94,398.42,392.7,408.09
4322525,363,336.68,297.9,337.98
4322533,477.82,445.16,376.4,442.28
4322541,393.18,435.05,362.5,403.8
4322558,460,412.21,390.4,425.13
4322608,422.47,420.63,348.6,405.65
4322707,424.06,404.47,353.3,400.59
4322806,386.24,399.05,364.9,386.89
4322855,422.88,486.74,398.5,443.96
4322905,498.94,438.95,418.1,456.59
4323002,337.35,336.68,290.6,326.91
4323101,532.24,465.05,414,478.78
4323200,433.18,438.53,362,419.91
4323309,412.24,411.74,378.1,404.61
4323358,481.82,431,370.9,436.72
4323408,454.35,409.63,367.4,416.98
4323457,400.88,338,364.8,367.07
4323507,521.71,451.79,426.6,472.15
4323606,442.94,450.21,404.8,437.65
4323705,528.35,453.84,450.7,480.7
4323754,463.06,414.37,377.1,424.26
4323770,388.24,438.53,345.6,399.74
4323804,441.12,398.21,357.6,405.24
5000203,636.24,655.47,579.2,631.78
5000252,752.94,749.58,712.9,742.85
5000609,450.12,520.58,415,471.59
5000708,472.12,483.89,428.7,467.54
5000807,498.94,485.58,431.7,478.8
5000856,472.59,525.74,385.5,475.61
5000906,513.18,524.89,447.2,503.67
5001003,614.35,588,537.8,586.83
5001102,500.65,512.37,431.4,490.43
5001243,481.12,537.26,432.9,493.83
5001508,605.71,607.58,556.3,595.74
5001904,518.94,521.95,435.8,502.11
5002001,449.47,453.42,403.4,441.09
5002100,492.18,477.05,397.4,465.33
5002159,469.88,474.89,399.9,456.74
5002209,471.88,449.74,401.7,447.48
5002308,549.06,560.79,456.6,533.8
5002407,445.35,493.42,421,459.91
5002605,604.41,635.68,608.4,618.2
5002704,531.53,562.63,465.1,529.93
5002803,481.71,466,407.6,459.11
5002902,675.76,669.21,653.8,668.28
5002951,682.18,747.84,693.9,711.85
5003108,508.88,514,475.7,503.78
5003157,469.24,527.53,417.6,482.09
5003207,507.65,464.95,447.2,476.87
5003256,728.88,738.26,700.2,726.52
5003306,627.29,625.42,644.7,630.3
5003454,458.41,517.84,402,470.7
5003488,503.41,520.16,463.6,501.67
5003504,472.47,495.26,420.2,470.52
5003702,498.12,518.79,467,499.89
5003751,402.24,467.37,378.9,424.07
5003801,465.65,514.37,424,476.72
5003900,675.47,668.37,633.3,663.37
5004007,441.35,508.32,387,457.2
5004106,498.29,460.89,418.3,465.46
5004304,422.06,481.53,391,439.87
5004403,698.47,694.95,625.9,681.24
5004502,501,507.32,471,497.09
5004601,403.82,472.53,376.9,426.35
5004700,469.29,527.37,387.4,475.48
5004809,425.12,475.11,372.8,434.39
5004908,612.94,622.32,508.9,594.2
5005004,475.18,435.89,397.9,442.15
5005103,423.41,495.21,406.9,449.48
5005152,436.65,502.84,407,457.54
5005202,478.41,416.05,415.5,438.98
5005251,467.47,532.37,443.1,488.98
5005400,511.59,509.79,461.9,500.04
5005608,478.71,483.74,424.5,469
5005681,418.06,459.47,378.7,426.61
5005707,407.47,482.89,397.1,436.37
5005806,455,447.37,406.6,441.33
5006002,493.88,527.16,443.7,496.72
5006200,528.06,551.11,413,512.57
5006259,405.88,467.11,373.4,424.11
5006275,642.82,708.47,653.9,672.35
5006309,686.24,631.58,595.6,643.96
5006358,460.06,505.42,396.5,464.98
5006408,705,713.95,693.6,706.22
5006606,516.94,536.79,473.3,515.65
5006903,481.35,454.63,378.2,447.89
5007109,548,562.79,476.3,538.52
5007208,487.47,521.89,437.8,490.89
5007307,538.53,540.16,543.1,540.2
5007406,570.82,558.63,590.7,570.11
5007505,570.24,575.95,503.3,558.04
5007554,571.24,549.21,453.9,536.63
5007695,585.18,587.89,604.1,590.41
5007703,445,484.16,387.6,448.7
5007802,587.41,592.16,534.7,577.91
5007901,528.76,527.84,457.6,512.91
5007935,737.24,786.68,697.4,749
5007950,445.65,494.68,397.5,455.43
5007976,403.47,444.32,362.4,411.41
5008008,539.94,552.68,459.5,527.72
5008305,570.53,577.63,487.7,555.46
5008404,441.24,503,413,460.61
5100102,667.47,709.47,752.9,703.39
5100201,781.82,721.42,849.3,771.54
5100250,968,935.42,983.1,957.83
5100300,741.18,752.58,720.3,741.35
5100359,759.06,742.63,792.4,759.52
5100409,731.76,722.42,726.2,726.7
5100508,787.18,800.63,830.2,802.09
5100607,766.12,797.32,719.5,768.87
5100805,988.47,970.58,998.4,983.24
5101001,736.82,661.68,742.6,707.04
5101209,722.12,721.95,741.2,726.2
5101258,646.47,658.26,660.2,654.33
5101308,828.53,802.32,862.7,825.13
5101407,980.65,919.26,926.5,943.52
5101605,537.06,527.68,557.1,537.54
5101704,716.82,759.79,710.4,733.17
5101803,714.12,629.37,758.6,688.78
5101852,759.82,740.53,801.4,760.89
5101902,906.71,889.63,983.6,916.37
5102504,540.53,575.79,579.6,563.59
5102603,766,695.47,793,742.74
5102637,859.18,835.21,884.5,854.78
5102678,711.88,735.32,757.9,731.57
5102686,880,881.11,897.7,884.3
5102694,825.29,763.58,816.5,797.89
5102702,789.06,741.84,835.2,779.59
5102793,935.47,901.68,954.3,925.61
5102850,978.76,926.32,967.1,954.57
5103007,786.76,826.05,803.1,806.54
5103056,951.53,939.16,972,950.87
5103106,749.94,679.16,777.3,726.65
5103205,928.88,906.68,943.7,922.93
5103254,1023.18,988.89,1070.2,1019.24
5103304,887.12,932.11,952.4,919.89
5103353,862.12,770.95,869,825.96
5103361,714.06,749.58,688,723.07
5103379,989.29,986.16,1002.6,990.89
5103403,777.41,770.79,799.6,779.5
5103437,615.12,636.95,643.7,630.35
5103452,789.88,788.42,825.8,797.09
5103502,859.94,818.21,911.9,854
5103601,717.76,746.37,822.4,752.33
5103700,982.29,935.89,983.6,963.41
5103809,629.29,641.79,650,638.96
5103858,833.35,821.11,908.6,844.65
5103908,720.12,696.58,750.6,717.02
5103957,578.82,627.79,625.9,609.28
5104104,939.59,911,908.8,921.09
5104203,739.12,755.42,741.8,746.43
5104500,642.29,656.84,672.9,654.96
5104526,912.59,831.89,886,873.48
5104542,940.59,895.53,971.2,928.63
5104559,914.41,880.74,932.3,904.39
5104609,699.59,705.58,678,697.37
5104807,672.06,759.84,762.5,727.98
5104906,632.24,674.68,679.3,660
5105002,643,669.53,660.4,657.74
5105101,930.76,903.63,970,928.09
5105150,927.24,861.79,945.3,904.13
5105176,1001.12,973.21,971,983.04
5105200,625.47,696.37,701.2,671.22
5105234,659.88,686.42,653.4,669.43
5105259,913.18,778.37,890.2,852.5
5105309,802,767.89,864.7,801.54
5105507,647.47,670.58,652.3,658.07
5105580,910.18,929.32,979.8,933.22
5105606,935.47,912.74,942.9,927.7
5105622,594.71,624.68,619.8,612.54
5105903,820.65,803.79,828.8,815.46
5106000,841.24,807.79,901.6,840.54
5106109,628.94,657.32,642.9,643.7
5106158,985.94,1013.95,1017.7,1004.41
5106174,778.47,677.89,778.7,736.98
5106182,793.76,788.53,747.5,781.54
5106190,932.88,929.53,967.2,938.96
5106208,770.47,784.58,780.4,778.46
5106216,927.94,880.32,911.5,904.7
5106224,846.47,845.58,851.1,847.11
5106232,756.71,771.05,720.6,754.78
5106240,909.06,834.32,910,878.39
5106257,763.65,685.37,759.4,730.39
5106265,955.88,890.74,967.6,931.52
5106273,926.12,920.89,973.7,934.3
5106281,726.47,679.32,789.7,720.74
5106299,973.53,909.53,974.5,947.3
5106307,832.53,803.84,894.4,834.13
5106315,796.65,681.68,844.3,759.52
5106372,728.24,747.95,714.3,733.35
5106422,894.29,859.58,937.5,889.35
5106455,760.53,794.26,849.1,793.72
5106505,538.24,565.05,551.3,552.15
5106653,719.06,639.95,745.9,692.22
5106703,745.06,695,752.2,725.93
5106752,614.12,665.47,644.6,641.96
5106778,854.88,771.42,838.7,816.89
5106802,914.65,935.63,962.9,933.8
5106828,589.35,631.84,617.8,613.09
5106851,642.88,672.58,647.1,656.07
5107008,732.18,752.84,802.7,756.04
5107040,752,734.37,852.4,766.54
5107065,797.88,751.26,849.7,789.89
5107107,609.12,645.79,647.2,632.54
5107156,702.24,746.84,686.6,717.26
5107180,760.82,706,818.7,750.76
5107198,772.41,694.84,788.8,743.93
5107206,640.24,690.16,653,663.63
5107248,948.76,918.16,920.9,930.07
5107263,870.06,821.58,894.3,855.3
5107297,681.35,686.74,673,681.76
5107305,875.94,814.26,883.7,852.15
5107354,873.18,797.05,873,841.7
5107404,656.29,669.05,737.6,679.24
5107578,976.35,913.95,960.7,947.17
5107602,627.18,651.89,665.8,645.78
5107701,735.59,777.16,752.7,756.48
5107743,886.88,791.74,886.6,847.52
5107750,704,774.79,707.9,734.09
5107768,826.71,803.63,839,819.85
5107776,807.12,782.79,877.4,812.35
5107792,719.18,685.47,833,730
5107800,575.29,653.11,664.8,626.89
5107859,806.18,761.26,820.8,790.8
5107875,890.47,912,947.2,911.7
5107883,743.59,724.58,845.6,757.91
5107909,932.41,918.47,919.7,923.89
5107925,890.18,789.32,854.2,840.7
5107941,917.12,906.74,952,920.41
5107958,814.12,842.32,764.8,815.04
5108006,923,819.47,915.7,878.65
5108055,957.12,948.89,970.8,956.7
5108105,742.65,723.42,738.8,733.87
5108204,751.76,688.16,768.6,729.15
5108303,966.12,952.21,992.6,966.13
5108352,680.12,739.42,659,700.02
5108402,660.88,675.16,696.9,674.61
5108501,890.18,788.95,843.5,838.22
5108600,826.65,771.11,853.3,809.5
5108808,960,901.05,946.8,932.78
5108857,876.12,830.84,906.7,864.07
5108907,887.24,818.53,960.4,874.76
5108956,954.82,963.11,1027.3,974
5200050,669.71,692.26,767.3,700.24
5200100,728.65,668.58,757.6,710.13
5200134,634.82,598.42,677.1,628.98
5200159,753.53,750.58,769.1,755.7
5200175,671.59,572.16,687.5,633.98
5200209,679.82,618.95,708.5,660.91
5200258,682.71,605.63,742.5,663.87
5200308,657.29,626.47,720.3,658.26
5200506,730.12,673.32,753.4,711.72
5200555,786.12,719.95,881.9,779.61
5200605,708.35,580.26,747.8,664.02
5200803,558.12,456.74,663.7,539.2
5200829,766.59,688.79,825.2,747.2
5200852,753.71,737.84,769,750.48
5200902,762.59,678.89,784.3,732.74
5201108,725.65,672.89,754.3,710.09
5201207,698.12,614.47,730.1,670.52
5201306,686.82,687.95,724.5,695.48
5201405,672,675.21,726.5,685.17
5201454,664.06,638.47,595.6,638.61
5201504,714.71,700.95,688.7,703.37
5201603,647.88,646,717.1,662.15
5201702,740.29,670.26,820.2,728.74
5201801,690.12,685.32,748.1,700.74
5202155,805.82,759.16,825.3,790.78
5202353,787.53,710.74,846.3,768.59
5202502,765.35,698.58,802.6,745.87
5202601,690.12,691.53,745.6,702.76
5202809,611.06,625.74,698.2,636.07
5203104,768.41,680.26,802.3,739.37
5203203,702.71,631.58,737.1,680.8
5203302,738.47,716.68,776.3,737.7
5203401,766.71,693.21,850.6,754.59
5203500,676.41,622.79,629.8,644.13
5203559,670.76,680.53,718.7,685.22
5203575,776.12,677.16,820.9,744.98
5203609,648.35,611.74,746.5,654.57
5203807,746.29,689.95,844.4,744.35
5203906,680,646,697.1,669.67
5203939,770.47,728.53,820.3,763.98
5203962,565.82,448,618.6,528.63
5204003,605.82,519.58,607.7,570.61
5204102,656.18,590.32,586.7,613.87
5204201,657.41,666.05,728.4,676.41
5204250,691.47,645.11,609.6,654.52
5204300,673.65,609.05,593,629.43
5204409,720.41,661.63,760.2,704.78
5204508,690.47,622.26,679.5,659.91
5204557,658.65,677.58,708.9,677.39
5204607,639.94,673.32,741.6,675.83
5204656,836.59,720.53,816.3,784.24
5204706,834.94,733.74,850,796.41
5204805,613.41,566.05,684.3,609.26
5204854,678,634.84,733.2,672.17
5204904,692.88,532.05,725.9,633.63
5204953,780.82,713.53,864.6,771.24
5205000,761.53,695.74,795.1,741.65
5205059,671.35,626.74,645.4,647.28
5205109,652.82,576.26,708.1,633.22
5205208,619.35,621.74,730.8,644.57
5205307,707.35,592.21,719.1,662.35
5205406,793.76,702,843.8,766.74
5205455,631.71,672.42,714.5,666.52
5205471,741.29,797.32,717.2,759.2
5205497,639.29,562.95,681.8,617
5205513,707.35,643.74,780.3,696.93
5205521,732.94,663.84,731.1,704
5205703,733.18,703.16,778.7,730.67
5205802,691,651.16,748.7,687.09
5205901,662.94,613.32,708.2,652.28
5206206,653.35,576.37,662,623.43
5206305,709.18,683.63,745.2,706.46
5206404,823.76,746.37,879.4,803.89
5206503,749.18,722.63,799.5,749.15
5206602,719.06,617.63,736.4,680.93
5206701,586.35,461.26,683.1,555.72
5206800,644.53,603.05,722.3,644.3
5206909,696.59,582.63,689.3,647.93
5207105,809.06,704.05,848,774.15
5207253,750.18,652.16,751,709.87
5207352,655.29,649.05,706.7,663.89
5207402,659.47,648.11,699.2,663.41
5207501,847.06,743.26,854.7,805.85
5207535,792.12,742.05,834.4,780.63
5207600,762.94,696.42,835.4,751.22
5207808,647.18,698.95,727.5,686.02
5207907,601.71,498.47,672.1,574.37
5208004,672.41,547.58,683.6,623.28
5208103,858.12,742.68,850.7,808.83
5208152,712.88,670.58,753.5,704.24
5208301,626.71,489.84,671.6,579.93
5208400,679.06,669.79,751.1,690.89
5208509,681.65,598.95,720.7,655.98
5208608,711.41,639.42,730.9,685.91
5208707,662.18,671.05,744.9,683.83
5208806,629.76,608.26,746,646.15
5208905,814.12,751.37,865,799.26
5209101,670.82,627,647.4,647.63
5209150,691.65,620.26,624.8,647.63
5209200,682.71,682.95,751.1,697.67
5209291,822.29,731.84,867.8,794.83
5209408,576.71,485.84,612,546.85
5209457,797.41,733.63,883.5,789.78
5209606,783.53,693.32,816.9,753.52
5209705,747.82,718.26,779.5,742.5
5209804,778.06,707.84,851.9,765.11
5209903,551.53,461.79,595.5,524.02
5209937,700.65,620.26,622.8,650.52
5209952,600.65,642.16,688.4,636.87
5210000,660.06,644.42,749,672.93
5210109,636.88,583.16,690.9,626.43
5210158,810.88,733.26,868.9,791.43
5210208,773,689.16,809.6,746.33
5210307,735.94,684.63,789.1,726.3
5210406,735.12,692,759.6,722.63
5210562,727.82,649.68,780,706.89
5210604,770,677.79,794.3,737.2
5210802,696,656.42,609.3,660.8
5210901,797.88,737,860,786.24
5211008,755.59,713.42,834.8,755.39
5211206,785.65,721.11,832.6,769.2
5211305,689,641.21,594.6,648.74
5211404,714,657.84,736.2,695.63
5211503,690.24,663.11,646.9,669.61
5211602,741.65,680.63,789.5,726.85
5211701,594.41,652.79,695.3,640.46
5211800,759.47,674.68,786.9,730.41
5211909,697.94,654.74,666.6,673.28
5212006,800.65,719.89,872.6,782.93
5212055,747.41,662.42,763.9,715.89
5212105,667.29,649.37,685.8,663.91
5212204,731.18,683.68,820.8,731.04
5212253,688.76,658.63,587.8,654.37
5212303,705.18,684.42,765.9,709.8
5212501,650,595.53,707.4,639.98
5212600,726.12,685.05,775.6,719.91
5212709,584.71,456.26,648,545.41
5212808,767.53,692.47,819.2,747.76
5212907,661.94,598.89,697.5,643.63
5212956,753.59,698.79,807.4,742.65
5213004,655.76,617.53,640.7,636.7
5213053,665.12,588.42,747.4,651.33
5213087,785.53,736.58,786.8,765.59
5213103,716.59,726.68,670.7,710.78
5213400,709.41,680.63,765.7,709.76
5213509,619,470.11,629.6,559.8
5213707,782.35,703.68,875.4,770.09
5213756,663.82,670.79,665.1,666.98
5213772,788.53,681.05,794.8,745.5
5213806,718.41,659.47,740.2,698.8
5213855,797.18,736,816.8,776.17
5213905,763.76,737.95,773.3,755.17
5214002,778.94,714.53,821.7,761.63
5214051,765.59,652.21,773.4,720.46
5214101,808.53,704.95,822,768.67
5214408,618.53,644.05,705.1,647.89
5214507,670.29,649.68,760.5,681.39
5214606,749.41,639.26,766.2,707.57
5214705,809.82,744.63,867.1,795.35
5214804,657.41,576.63,695,632.22
5214838,753.18,677,762.8,723.8
5214861,794.18,737.47,836.5,779.96
5214879,796.29,721.26,845.4,775.98
5214903,646.29,493.95,643.9,582.85
5215009,648.35,611.74,746.5,654.57
5215207,759.24,721,831.5,759.15
5215231,659.88,594.95,706.7,643.24
5215256,786.41,677.37,828.6,750.54
5215306,660.41,631.11,710.9,659.28
5215405,650.71,608.42,726.7,649.76
5215504,701.41,609.05,709.3,664.98
5215603,656.71,571.63,777.1,647.74
5215652,758.24,638.47,807.2,719.41
5215702,643.18,679.37,703.2,671.17
5215801,648.53,610.53,685.3,640.83
5215900,618.06,686.53,698.8,663.89
5216007,675.35,645.84,628.2,652.91
5216304,671.82,578.37,604.7,618.63
5216403,619.41,640.74,686,642.7
5216452,695.76,670.74,681.8,682.39
5216809,727.65,658.79,773.9,709.26
5216908,787.29,709.37,870.3,773.15
5217104,713.47,683.74,752.4,709.65
5217203,793.76,700.89,826.3,762.48
5217302,766.65,692.63,784.9,740.04
5217401,653.35,627.74,680.8,648.74
5217609,651.82,536.16,668.9,607.76
5217708,649.41,649.47,711,662.83
5218003,799.18,698.11,819.9,761.93
5218052,669,623.95,662.8,649.04
5218102,694.65,700.47,662,689.96
5218300,558.71,467.47,612.4,532.7
5218391,732.12,714.21,786,736.43
5218508,628.41,586.37,615.2,608.17
5218607,727.29,658.95,763.9,707.02
5218706,730.41,662.32,763.3,709.43
5218789,676.12,626.84,695.2,659.91
5218805,660.41,667.74,666.5,664.76
5218904,808.53,728.58,853.1,785.2
5219001,752.94,739.84,783.3,754.13
5219100,568.88,630.95,702.5,623.57
5219209,675.41,663.63,709.5,677.96
5219258,744.88,695.16,824.8,741.72
5219308,656.29,636.32,693.2,656.07
5219357,736,637.53,764,701.41
5219407,705.06,731.53,698.6,714.59
5219456,742.53,644.74,770.1,708.13
5219506,742.59,654.11,761.4,710.13
5219605,861.59,742.47,867.4,813.65
5219704,773.12,698.21,859.8,761.02
5219712,661.47,628.84,685.5,653.22
5219738,651.82,640.84,752.3,669.13
5219753,653.41,604.84,690.9,641.5
5219803,591.41,473.95,626.8,550.59
5219902,743.59,669.53,763.7,717.37
5220009,659.88,550.95,698.9,623.37
5220058,622.12,681.68,712.9,666.46
5220108,656.88,709.79,702.4,688.63
5220157,764.71,697.37,824.2,749.83
5220207,832.82,676.26,843.6,770.5
5220264,725.18,704.16,782.8,729.02
5220280,775.71,707.95,806.8,754.48
5220405,675.06,581.79,597.9,619.76
5220454,652.12,667.68,704,669.83
5220504,725.53,782.89,704.6,744.67
5220603,675.29,659.79,743.1,683.63
5220686,543.29,447.42,618.1,519.96
5220702,578.59,475.16,698.4,561.91
5221007,717.47,653.58,751.3,698.43
5221080,665.53,498.42,662.3,595.8
5221197,677.71,657.37,740.3,682.91
5221304,716.06,609.95,712.6,671.48
5221403,630.88,653.58,724,660.5
5221452,847.65,732.95,852,801.22
5221502,644.65,706.11,696.3,681.26
5221551,656.18,615.11,691.3,646.85
5221577,777.76,681.16,862.7,756.33
5221601,780.47,685.47,788.4,742.96
5221700,764.82,673.05,798.8,734.3
5221809,637.71,586.79,695.3,629.2
5221858,676.29,591.84,690.9,644.59
5221908,645.53,678.32,720.4,675.35
5222005,643.65,637.11,738.5,661.57
5222054,673.71,653.79,667.8,664.2
5222203,648.82,540.63,686,612.22
5222302,677.24,611.63,745.5,664.98
5300108,625.65,537.58,674.1,599.8
