code_muni,uf,cod_rgi,nome,lon,lat,nome_rgi,anom_rend_en_soja_rgi,anom_rend_en_milho_rgi,anom_rend_en_soja_uf,anom_rend_en_milho_uf,anom_chuva_en_pct,anom_chuva_ln_pct,spei3_med_en,spei3_med_ln,spei6_med_en,spei6_med_ln,dif_veranico_en,dif_dias_tmax34_en,dif_onset_en_dias,anom_rend_en_soja,anom_rend_en_milho
1100015,RO,1102,Alta Floresta D'oeste,-62.2747,-12.4698,Ji-Paraná,2.7,,2.5,,-2.4,-1,-0.06,-0.21,-0.16,-0.14,0,3,-1.2,,
1100023,RO,1101,Ariquemes,-62.9583,-9.9517,Porto Velho,16.1,,2.5,,1.5,-5.8,0.09,-0.36,0.08,-0.43,0,2.7,-0.1,0.4,
1100031,RO,1102,Cabixi,-60.6402,-13.4751,Ji-Paraná,2.7,,2.5,,-0.2,-1.1,-0.04,-0.11,-0.05,-0.05,0.4,3.4,-1.7,-2,
1100049,RO,1102,Cacoal,-61.3246,-11.3015,Ji-Paraná,2.7,,2.5,,-1,0.5,0.03,-0.11,-0.08,0.01,0.1,2.4,-3.9,,
1100056,RO,1102,Cerejeiras,-61.2588,-13.2034,Ji-Paraná,2.7,,2.5,,-0.6,-1.9,-0.13,-0.12,-0.08,-0.07,0.3,4.5,-1.9,-2.8,
1100064,RO,1102,Colorado Do Oeste,-60.5503,-13.1582,Ji-Paraná,2.7,,2.5,,-1.8,-0.8,-0.12,-0.1,-0.14,-0.04,0.5,2.1,1.1,2.6,
1100072,RO,1102,Corumbiara,-61.0916,-12.9259,Ji-Paraná,2.7,,2.5,,-1.7,-1.1,-0.18,-0.06,-0.12,-0.04,0.1,3.4,-3.7,2.6,
1100080,RO,1102,Costa Marques,-64.0596,-12.1479,Ji-Paraná,2.7,,2.5,,-1.9,-1.1,-0.16,-0.05,-0.13,-0.11,0,2.1,-1.5,,
1100098,RO,1102,Espigão D'oeste,-60.7844,-11.3517,Ji-Paraná,2.7,,2.5,,-2.6,1.9,-0.18,0.04,-0.2,0.12,0.2,1.6,-4.3,0,
1100106,RO,1101,Guajará-Mirim,-64.5377,-11.3054,Porto Velho,16.1,,2.5,,-1.1,-2.7,-0.09,-0.21,-0.06,-0.21,0.9,1.5,-3.2,,
1100114,RO,1101,Jaru,-62.5833,-10.5913,Porto Velho,16.1,,2.5,,-0.5,-1.3,0.05,-0.22,-0.11,-0.13,0.1,1.9,-1.1,,
1100122,RO,1102,Ji-Paraná,-61.757,-10.4588,Ji-Paraná,2.7,,2.5,,2.4,-3.1,0.23,-0.26,0.15,-0.25,0.2,2.4,-2.3,,
1100130,RO,1101,Machadinho D'oeste,-62.0109,-9.2033,Porto Velho,16.1,,2.5,,-4.5,-2.5,-0.21,-0.17,-0.39,-0.21,0.4,2.5,-1.5,-0.3,
1100148,RO,1102,Nova Brasilândia D'oeste,-62.2805,-11.6436,Ji-Paraná,2.7,,2.5,,1.1,-1.2,0.16,-0.2,0.06,-0.09,-0.1,1.6,0.4,,
1100155,RO,1102,Ouro Preto Do Oeste,-62.1711,-10.6089,Ji-Paraná,2.7,,2.5,,2.5,-3.6,0.25,-0.35,0.16,-0.29,0,2,-1.9,,
1100189,RO,1102,Pimenta Bueno,-60.8316,-11.8937,Ji-Paraná,2.7,,2.5,,-4.8,2.6,-0.3,0.09,-0.32,0.16,-0.1,3.1,-2.3,,
1100205,RO,1101,Porto Velho,-64.3038,-9.1534,Porto Velho,16.1,,2.5,,-1.3,-1.7,-0.11,-0.09,-0.12,-0.2,0.7,3.1,-0.6,1.1,
1100254,RO,1102,Presidente Médici,-61.8786,-11.1659,Ji-Paraná,2.7,,2.5,,3.5,-3.9,0.36,-0.43,0.22,-0.29,0.4,2.4,-0.9,,
1100262,RO,1101,Rio Crespo,-62.7918,-9.6452,Porto Velho,16.1,,2.5,,-1.1,-2.8,-0.1,-0.1,-0.09,-0.25,0.5,2.6,-0.5,-0.2,
1100288,RO,1102,Rolim De Moura,-61.772,-11.7311,Ji-Paraná,2.7,,2.5,,-0.9,-0.2,-0.02,-0.11,-0.04,-0.06,-0.1,2.6,-2.2,1.2,
1100296,RO,1102,Santa Luzia D'oeste,-61.7017,-12.0278,Ji-Paraná,2.7,,2.5,,-1,-0.9,0.01,-0.13,-0.05,-0.12,-0.4,1.1,3,,
1100304,RO,1102,Vilhena,-60.253,-12.089,Ji-Paraná,2.7,,2.5,,-4.3,1.9,-0.25,0.09,-0.29,0.1,0,2.2,-4.5,2.8,
1100320,RO,1102,São Miguel Do Guaporé,-62.9834,-11.6152,Ji-Paraná,2.7,,2.5,,-2,0.1,-0.04,-0.13,-0.16,-0.07,0.2,2.4,-4.3,,
1100338,RO,1101,Nova Mamoré,-64.6287,-10.3826,Porto Velho,16.1,,2.5,,1.4,-0.3,0.16,-0.12,0.09,-0.06,1,1.6,-0.4,,
1100346,RO,1102,Alvorada D'oeste,-62.5455,-11.3116,Ji-Paraná,2.7,,2.5,,-0.4,-0.6,0.09,-0.24,-0.05,-0.1,0.1,1.6,-1.8,,
1100379,RO,1102,Alto Alegre Dos Parecis,-61.8819,-12.595,Ji-Paraná,2.7,,2.5,,-3.4,-0.5,-0.15,-0.21,-0.22,-0.12,0,2.4,-0.1,,
1100403,RO,1101,Alto Paraíso,-63.3941,-9.65,Porto Velho,16.1,,2.5,,0.7,-4.1,0.02,-0.16,0.02,-0.27,0.3,2.5,-1.1,-0.8,
1100452,RO,1101,Buritis,-63.9412,-10.052,Porto Velho,16.1,,2.5,,0,-0.7,-0.14,0.08,0.01,-0.12,0.1,2.1,-0.4,,
1100502,RO,1102,Novo Horizonte Do Oeste,-62.0839,-11.6834,Ji-Paraná,2.7,,2.5,,1.2,-1,0.21,-0.19,0.08,-0.1,0,2.1,2.2,,
1100601,RO,1101,Cacaulândia,-62.9864,-10.3315,Porto Velho,16.1,,2.5,,0.5,-4.9,-0.06,-0.27,0.01,-0.33,0.5,2.4,-2.4,,
1100700,RO,1101,Campo Novo De Rondônia,-63.8006,-10.4846,Porto Velho,16.1,,2.5,,-2.2,0.9,-0.41,0.24,-0.17,0.01,0,1.8,-0.5,,
1100809,RO,1101,Candeias Do Jamari,-63.3258,-8.8872,Porto Velho,16.1,,2.5,,-3.2,-2.8,-0.43,-0.01,-0.29,-0.31,0.5,3.3,1,,
1100908,RO,1102,Castanheiras,-61.88,-11.4697,Ji-Paraná,2.7,,2.5,,2.2,-2.5,0.3,-0.33,0.16,-0.23,0.6,2.4,-1,,
1100924,RO,1102,Chupinguaia,-60.8984,-12.5367,Ji-Paraná,2.7,,2.5,,-5,1,-0.32,0.05,-0.29,0.03,0.1,2,-4.7,-1.4,
1100940,RO,1101,Cujubim,-62.565,-9.1718,Porto Velho,16.1,,2.5,,-2.8,-2.8,-0.14,-0.18,-0.23,-0.26,0.8,2.7,0.4,,
1101005,RO,1101,Governador Jorge Teixeira,-63.1841,-10.7488,Porto Velho,16.1,,2.5,,-0.4,-0.9,-0.14,-0.03,-0.04,-0.12,0.3,1,-2.8,,
1101104,RO,1101,Itapuã Do Oeste,-63.0437,-9.1692,Porto Velho,16.1,,2.5,,-1.3,-3.8,-0.2,-0.1,-0.12,-0.27,0.2,2.8,-0.1,4.7,
1101203,RO,1102,Ministro Andreazza,-61.5689,-11.1603,Ji-Paraná,2.7,,2.5,,3.1,-3.4,0.29,-0.36,0.19,-0.24,0.2,1.3,-1.3,,
1101302,RO,1102,Mirante Da Serra,-62.8499,-11.0777,Ji-Paraná,2.7,,2.5,,0.6,-0.3,0.12,-0.18,0.06,-0.12,0.5,1,-3.2,,
1101401,RO,1101,Monte Negro,-63.3724,-10.2111,Porto Velho,16.1,,2.5,,0,-3.1,-0.17,-0.1,-0.01,-0.23,0.2,2.1,-0.8,,
1101435,RO,1102,Nova União,-62.5347,-10.8897,Ji-Paraná,2.7,,2.5,,1.9,-1.6,0.26,-0.32,0.19,-0.24,0.1,1.1,-1.4,,
1101450,RO,1102,Parecis,-61.4147,-12.2613,Ji-Paraná,2.7,,2.5,,-4.4,1.1,-0.25,-0.06,-0.3,0.03,-0.5,1.3,-0.8,,
1101468,RO,1102,Pimenteiras Do Oeste,-61.5442,-13.1747,Ji-Paraná,2.7,,2.5,,-1.8,-2.3,-0.17,-0.17,-0.16,-0.09,0.4,5.2,-2.5,-1.7,
1101476,RO,1102,Primavera De Rondônia,-61.3149,-11.8778,Ji-Paraná,2.7,,2.5,,-2.3,0,-0.1,-0.09,-0.17,-0.02,-0.1,2.4,-1.4,,
1101484,RO,1102,São Felipe D'oeste,-61.4675,-11.9008,Ji-Paraná,2.7,,2.5,,-1.9,0.1,-0.06,-0.1,-0.15,-0.02,-0.4,2.2,-1.7,,
1101492,RO,1102,São Francisco Do Guaporé,-63.123,-12.3685,Ji-Paraná,2.7,,2.5,,-4,0,-0.23,-0.01,-0.29,-0.06,0.3,2.3,-5.3,,
1101500,RO,1102,Seringueiras,-63.2311,-11.8075,Ji-Paraná,2.7,,2.5,,-3.8,1.4,-0.24,0.02,-0.3,0.04,0.4,2.4,-2.7,-6.1,
1101559,RO,1102,Teixeirópolis,-62.286,-10.9444,Ji-Paraná,2.7,,2.5,,1.5,-2,0.18,-0.24,0.09,-0.17,0,2.4,-1.1,,
1101609,RO,1101,Theobroma,-62.3436,-10.1221,Porto Velho,16.1,,2.5,,1.5,-4.1,0.16,-0.26,0.02,-0.23,0.4,2,-1.5,,
1101708,RO,1102,Urupá,-62.4273,-11.1049,Ji-Paraná,2.7,,2.5,,0.6,-1.4,0.17,-0.29,0.02,-0.19,0,2.4,-0.9,,
1101757,RO,1101,Vale Do Anari,-61.9378,-9.7309,Porto Velho,16.1,,2.5,,-2.6,-2.7,-0.06,-0.22,-0.23,-0.17,0.5,2.3,-3.3,,
1101807,RO,1102,Vale Do Paraíso,-62.0935,-10.3827,Ji-Paraná,2.7,,2.5,,2.6,-4.2,0.32,-0.4,0.14,-0.32,0.2,1.6,-2.6,,
1200013,AC,1201,Acrelândia,-66.9495,-9.9368,Rio Branco,-8.8,-2.8,-8.8,-2.8,-0.8,-0.9,-0.01,-0.09,-0.08,-0.15,-0.1,0.3,-2.4,,1
1200054,AC,1201,Assis Brasil,-70.0048,-10.7789,Rio Branco,-8.8,-2.8,-8.8,-2.8,-2.1,0,-0.3,0.04,-0.29,0,-0.3,-0.1,-2.7,,-0.9
1200104,AC,1201,Brasiléia,-69.21,-10.746,Rio Branco,-8.8,-2.8,-8.8,-2.8,-2.4,0.1,-0.09,-0.11,-0.26,-0.09,-0.4,0,-1.9,,0.7
1200138,AC,1201,Bujari,-68.174,-9.6137,Rio Branco,-8.8,-2.8,-8.8,-2.8,-4.6,1.2,-0.37,0.11,-0.36,0.02,0.4,1,-5.5,,-2.2
1200179,AC,1201,Capixaba,-67.8364,-10.4729,Rio Branco,-8.8,-2.8,-8.8,-2.8,-5.3,1.4,-0.25,0.02,-0.43,0.06,-0.2,0.2,1.4,,-2.3
1200203,AC,1202,Cruzeiro Do Sul,-72.7551,-7.9721,Cruzeiro do Sul,,-1.8,-8.8,-2.8,0.1,-0.4,-0.34,0.14,-0.16,0.03,0.3,0.8,-2,,-3.5
1200252,AC,1201,Epitaciolândia,-68.6178,-10.8892,Rio Branco,-8.8,-2.8,-8.8,-2.8,-0.6,-1.2,-0.01,-0.14,-0.13,-0.21,-0.3,0,-1.1,,-0.5
1200302,AC,1202,Feijó,-70.7436,-8.9246,Cruzeiro do Sul,,-1.8,-8.8,-2.8,-4.6,4.7,-0.54,0.33,-0.39,0.27,-0.4,0.1,-3.2,,0.9
1200328,AC,1202,Jordão,-71.9064,-9.2437,Cruzeiro do Sul,,-1.8,-8.8,-2.8,-3.2,5.8,-0.65,0.54,-0.42,0.41,-0.3,0,-3.4,,1.2
1200336,AC,1202,Mâncio Lima,-73.438,-7.505,Cruzeiro do Sul,,-1.8,-8.8,-2.8,1.4,-3.3,-0.28,0.06,-0.14,-0.12,0.1,-0.2,-3.3,,-0.4
1200344,AC,1201,Manoel Urbano,-69.852,-9.3794,Rio Branco,-8.8,-2.8,-8.8,-2.8,-4.8,2.5,-0.51,0.24,-0.35,0.14,0,-0.6,-3.5,,4.2
1200351,AC,1202,Marechal Thaumaturgo,-72.5596,-9.0959,Cruzeiro do Sul,,-1.8,-8.8,-2.8,-2.9,4,-0.6,0.4,-0.38,0.28,-0.3,-0.3,-2.8,,-3.8
1200385,AC,1201,Plácido De Castro,-67.3398,-10.2498,Rio Branco,-8.8,-2.8,-8.8,-2.8,-4.7,1.2,-0.28,0.08,-0.4,0.04,-0.2,0.4,-0.2,,-2.3
1200393,AC,1202,Porto Walter,-72.7342,-8.4915,Cruzeiro do Sul,,-1.8,-8.8,-2.8,-1.2,2,-0.43,0.29,-0.27,0.16,0.2,0.7,-1.6,,4.8
1200401,AC,1201,Rio Branco,-68.3701,-10.0663,Rio Branco,-8.8,-2.8,-8.8,-2.8,-3.1,0.7,-0.14,0.01,-0.3,-0.02,0,0.7,-2.3,-1.2,-2
1200427,AC,1202,Rodrigues Alves,-73.2249,-7.8445,Cruzeiro do Sul,,-1.8,-8.8,-2.8,0.9,-2.4,-0.27,0.09,-0.15,-0.06,0.2,0.5,-1.1,,-8.5
1200435,AC,1201,Santa Rosa Do Purus,-70.3986,-9.4118,Rio Branco,-8.8,-2.8,-8.8,-2.8,-4.9,3.5,-0.5,0.21,-0.42,0.22,-0.5,-0.6,-2.3,,-1
1200450,AC,1201,Senador Guiomard,-67.4258,-9.9982,Rio Branco,-8.8,-2.8,-8.8,-2.8,-4.2,0.9,-0.36,0.11,-0.34,-0.02,-0.2,0.2,-1.6,,-8.1
1200500,AC,1201,Sena Madureira,-69.3802,-9.7712,Rio Branco,-8.8,-2.8,-8.8,-2.8,-3.7,1.3,-0.37,0.1,-0.33,0.09,-0.5,0,1.4,,-0.9
1200609,AC,1202,Tarauacá,-71.4444,-8.2398,Cruzeiro do Sul,,-1.8,-8.8,-2.8,-3.2,5.4,-0.54,0.44,-0.34,0.35,-0.3,0,-0.8,,-1.4
1200708,AC,1201,Xapuri,-68.5049,-10.5743,Rio Branco,-8.8,-2.8,-8.8,-2.8,-3.3,0.5,-0.18,-0.03,-0.31,-0.05,0,0.1,0,,-2.2
1200807,AC,1201,Porto Acre,-67.6973,-9.6304,Rio Branco,-8.8,-2.8,-8.8,-2.8,-4.8,1.8,-0.42,0.25,-0.38,0.06,-0.1,0.2,-4.6,,-4.4
1300029,AM,1302,Alvarães,-65.3293,-3.7005,Tefé,,-0.9,5,2.5,-8.5,6,-0.68,0.49,-0.6,0.42,0.6,5,-1,,
1300060,AM,1302,Amaturá,-68.2872,-3.4184,Tefé,,-0.9,5,2.5,-4.8,3.2,-0.42,0.31,-0.31,0.2,0.1,2.3,5.2,,-9.9
1300086,AM,1301,Anamã,-61.7155,-3.5028,Manaus,,9.9,5,2.5,-9.5,6.6,-0.56,0.4,-0.47,0.33,0.7,7.5,5.2,,-3.4
1300102,AM,1301,Anori,-62.0724,-4.1858,Manaus,,9.9,5,2.5,-6.1,4.3,-0.54,0.42,-0.44,0.3,0.6,8.1,0.7,,0.5
1300144,AM,1303,Apuí,-59.43,-7.7585,Lábrea,4.5,-4.2,5,2.5,-7.6,5.6,-0.49,0.41,-0.66,0.46,0.5,2.4,1.9,,-3.4
1300201,AM,1302,Atalaia Do Norte,-71.7417,-5.7111,Tefé,,-0.9,5,2.5,-0.9,1.2,-0.5,0.29,-0.28,0.12,0.1,-0.6,0.3,,2.7
1300300,AM,1301,Autazes,-59.5294,-3.7893,Manaus,,9.9,5,2.5,-8.2,6.1,-0.5,0.39,-0.62,0.46,1.6,10.8,7.3,,2.1
1300409,AM,1301,Barcelos,-63.4352,-0.4642,Manaus,,9.9,5,2.5,-21.2,17.7,-0.67,0.57,-0.82,0.68,2.8,17,5.7,,
1300508,AM,1304,Barreirinha,-57.1718,-3.1299,Parintins,,-0.6,5,2.5,-14.9,11.6,-0.63,0.71,-0.88,0.68,1.3,15.2,11.8,,
1300607,AM,1302,Benjamin Constant,-70.2769,-5.4274,Tefé,,-0.9,5,2.5,-6.4,2.8,-0.62,0.33,-0.44,0.19,0.2,-0.5,-1,,-4.2
1300631,AM,1301,Beruri,-61.7883,-4.6042,Manaus,,9.9,5,2.5,-8.4,6.1,-0.62,0.51,-0.56,0.38,0.5,6.4,5.4,,
1300680,AM,1304,Boa Vista Do Ramos,-57.6707,-3.1385,Parintins,,-0.6,5,2.5,-13.7,10.8,-0.58,0.59,-0.84,0.66,2.4,13.9,3.8,,-3.5
1300706,AM,1303,Boca Do Acre,-68.0481,-8.7728,Lábrea,4.5,-4.2,5,2.5,-2.9,-2.1,-0.25,-0.16,-0.2,-0.16,-0.3,0.1,0.9,,-3.4
1300805,AM,1301,Borba,-59.5359,-4.9568,Manaus,,9.9,5,2.5,-10.4,5.1,-0.66,0.37,-0.68,0.37,0.7,9.5,2.6,,0
1300839,AM,1301,Caapiranga,-61.8777,-3.0826,Manaus,,9.9,5,2.5,-8.8,7,-0.48,0.38,-0.41,0.33,0.8,7.3,5.5,,
1300904,AM,1303,Canutama,-64.0968,-7.4035,Lábrea,4.5,-4.2,5,2.5,-2.2,0.3,-0.2,0.19,-0.22,0.04,-0.2,1.9,-3.2,,37.2
1301001,AM,1302,Carauari,-67.3367,-5.1184,Tefé,,-0.9,5,2.5,-2.5,4,-0.3,0.41,-0.22,0.32,0,0.4,1.2,,1.2
1301100,AM,1301,Careiro,-60.1815,-3.7684,Manaus,,9.9,5,2.5,-12,8.8,-0.5,0.38,-0.66,0.47,1.5,9.7,4.7,,3
1301159,AM,1301,Careiro Da Várzea,-59.599,-3.2857,Manaus,,9.9,5,2.5,-11.4,9.4,-0.53,0.52,-0.7,0.54,1.4,11,8.4,,
1301209,AM,1301,Coari,-64.1234,-4.4368,Manaus,,9.9,5,2.5,-6.6,6.9,-0.6,0.58,-0.53,0.54,0.6,6.2,-2.8,,-4.9
1301308,AM,1301,Codajás,-62.9737,-3.2884,Manaus,,9.9,5,2.5,-6.4,4.9,-0.51,0.39,-0.41,0.31,0.6,7.6,0.2,,
1301407,AM,1302,Eirunepé,-70.2206,-7.0223,Tefé,,-0.9,5,2.5,-3.2,1.1,-0.43,0.25,-0.3,0.15,-0.1,-1.2,-0.1,,23
1301506,AM,1302,Envira,-70.0554,-7.5739,Tefé,,-0.9,5,2.5,-4.3,1.6,-0.44,0.26,-0.39,0.18,-0.2,-0.9,-0.6,,5
1301605,AM,1302,Fonte Boa,-66.3592,-2.4927,Tefé,,-0.9,5,2.5,-7.1,7.3,-0.54,0.59,-0.51,0.51,1.3,2.6,-0.6,,
1301654,AM,1302,Guajará,-72.8454,-7.2302,Tefé,,-0.9,5,2.5,1.1,-1.5,-0.3,0.15,-0.17,-0.04,-0.1,0.4,-0.3,,-3.4
1301704,AM,1303,Humaitá,-62.4858,-7.3621,Lábrea,4.5,-4.2,5,2.5,-3.6,0.1,-0.3,0.18,-0.33,0.02,0.5,4,-1,1.6,-4.2
1301803,AM,1302,Ipixuna,-71.4147,-7.18,Tefé,,-0.9,5,2.5,-2.1,1.8,-0.36,0.23,-0.18,0.14,0,0,0,,-0.7
1301852,AM,1301,Iranduba,-60.4814,-3.0967,Manaus,,9.9,5,2.5,-10.8,7.3,-0.39,0.34,-0.55,0.37,1.7,10.6,5.4,,0.9
1301902,AM,1304,Itacoatiara,-58.7773,-3.1746,Parintins,,-0.6,5,2.5,-12.7,11.2,-0.64,0.63,-0.73,0.62,1.5,13.6,7.7,,8.7
1301951,AM,1302,Itamarati,-68.1146,-6.6835,Tefé,,-0.9,5,2.5,-4,4.6,-0.47,0.54,-0.3,0.32,-0.3,0.1,-1.6,,36
1302009,AM,1304,Itapiranga,-58.618,-2.4994,Parintins,,-0.6,5,2.5,-14.2,12.9,-0.61,0.64,-0.74,0.65,1.9,11.8,7.3,,
1302108,AM,1302,Japurá,-68.3209,-1.6996,Tefé,,-0.9,5,2.5,-6.1,2.1,-0.48,0.24,-0.33,0.11,0.6,3.6,2.3,,
1302207,AM,1302,Juruá,-66.3071,-3.5265,Tefé,,-0.9,5,2.5,-7.3,7.1,-0.6,0.52,-0.43,0.4,0.3,3.2,0.7,,-4.1
1302306,AM,1302,Jutaí,-68.4018,-4.7123,Tefé,,-0.9,5,2.5,-2.4,1.8,-0.34,0.34,-0.2,0.14,0.2,1.2,-0.1,,
1302405,AM,1303,Lábrea,-65.8116,-8.3753,Lábrea,4.5,-4.2,5,2.5,-4.9,5.7,-0.21,0.27,-0.4,0.36,-0.3,1.4,2,,-21.9
1302504,AM,1301,Manacapuru,-60.9594,-3.2917,Manaus,,9.9,5,2.5,-9.9,6.1,-0.33,0.25,-0.41,0.25,1.1,8.5,3,,-1.6
1302553,AM,1301,Manaquiri,-60.697,-3.7791,Manaus,,9.9,5,2.5,-10.4,6.5,-0.5,0.38,-0.54,0.34,0.9,8.9,5,,-5
1302603,AM,1301,Manaus,-60.2595,-2.626,Manaus,,9.9,5,2.5,-12.7,10.8,-0.45,0.46,-0.64,0.52,1.5,9.2,7.7,,
1302702,AM,1303,Manicoré,-61.447,-6.4592,Lábrea,4.5,-4.2,5,2.5,-8.4,4.1,-0.34,0.19,-0.49,0.22,0.6,4.4,1.1,,
1302801,AM,1302,Maraã,-65.0389,-2.4284,Tefé,,-0.9,5,2.5,-7.7,1.1,-0.56,0.3,-0.44,0.12,1,4.7,-0.4,,
1302900,AM,1304,Maués,-58.0598,-4.9845,Parintins,,-0.6,5,2.5,-9.8,8.1,-0.56,0.56,-0.71,0.56,1.5,11,6.2,,-0.1
1303007,AM,1304,Nhamundá,-57.6572,-1.6804,Parintins,,-0.6,5,2.5,-15.3,11.4,-0.62,0.54,-0.8,0.6,0.7,10.7,10.2,,-0.6
1303106,AM,1301,Nova Olinda Do Norte,-58.6017,-3.99,Manaus,,9.9,5,2.5,-9.5,8,-0.52,0.49,-0.63,0.52,1.7,12.5,8.8,,
1303205,AM,1301,Novo Airão,-61.7017,-2.0477,Manaus,,9.9,5,2.5,-9,9,-0.41,0.45,-0.5,0.48,1.9,8.4,3.8,,
1303304,AM,1303,Novo Aripuanã,-60.4746,-6.8219,Lábrea,4.5,-4.2,5,2.5,-7.4,5.6,-0.43,0.38,-0.68,0.48,0.7,5.1,2.2,,-6.6
1303403,AM,1304,Parintins,-56.8534,-2.6866,Parintins,,-0.6,5,2.5,-15.7,9.6,-0.45,0.45,-0.8,0.49,3.5,14.6,18.5,,-3
1303502,AM,1303,Pauini,-68.1962,-7.7579,Lábrea,4.5,-4.2,5,2.5,-4.1,1.2,-0.37,0.18,-0.36,0.04,-0.2,-0.4,-2.6,,-3.2
1303536,AM,1301,Presidente Figueiredo,-59.9899,-1.3727,Manaus,,9.9,5,2.5,-10.8,11.1,-0.37,0.49,-0.54,0.56,1.6,9,8,,-0.1
1303569,AM,1301,Rio Preto Da Eva,-59.6392,-2.5298,Manaus,,9.9,5,2.5,-11.2,10.3,-0.51,0.61,-0.64,0.58,2,9.1,6,,
1303601,AM,1301,Santa Isabel Do Rio Negro,-65.5227,-0.3188,Manaus,,9.9,5,2.5,-15.6,13.6,-0.69,0.63,-0.77,0.64,2.2,6.5,1.1,,
1303700,AM,1302,Santo Antônio Do Içá,-69.0892,-3.0523,Tefé,,-0.9,5,2.5,-3.6,1.3,-0.4,0.26,-0.22,0.08,0.1,2.4,2.6,,0.1
1303809,AM,1301,São Gabriel Da Cachoeira,-67.9977,0.3733,Manaus,,9.9,5,2.5,-8.8,7.7,-0.76,0.68,-0.67,0.56,0.3,4.2,1.2,,0.2
1303908,AM,1302,São Paulo De Olivença,-69.4497,-4.4966,Tefé,,-0.9,5,2.5,-5.1,2.9,-0.58,0.34,-0.38,0.21,0.4,1.6,0.7,,
1303957,AM,1304,São Sebastião Do Uatumã,-58.7034,-1.9451,Parintins,,-0.6,5,2.5,-12,13.6,-0.45,0.6,-0.61,0.66,1.3,9.2,9.4,,1.3
1304005,AM,1304,Silves,-58.5375,-2.8213,Parintins,,-0.6,5,2.5,-14,13.3,-0.64,0.71,-0.74,0.68,1.5,12.8,1.8,,
1304062,AM,1302,Tabatinga,-69.6836,-4.0275,Tefé,,-0.9,5,2.5,-4.5,1.8,-0.56,0.33,-0.33,0.13,0,1.6,-0.7,,1.9
1304104,AM,1303,Tapauá,-64.8944,-6.1061,Lábrea,4.5,-4.2,5,2.5,-3.9,3.1,-0.22,0.32,-0.29,0.21,0.2,1.8,-2.5,,4.9
1304203,AM,1302,Tefé,-65.5286,-4.4679,Tefé,,-0.9,5,2.5,-9.1,7.6,-0.65,0.52,-0.63,0.52,0.3,3.9,-0.5,,85.1
1304237,AM,1302,Tonantins,-67.8293,-2.692,Tefé,,-0.9,5,2.5,-5.6,4.5,-0.4,0.33,-0.31,0.23,0.3,2.4,4.4,,2.1
1304260,AM,1302,Uarini,-65.4119,-3.1666,Tefé,,-0.9,5,2.5,-9,4,-0.66,0.42,-0.5,0.23,0.5,4.4,-2.4,,
1304302,AM,1304,Urucará,-59.0304,-0.8937,Parintins,,-0.6,5,2.5,-15.2,14.6,-0.56,0.59,-0.72,0.68,1.4,9.1,10,,-4.5
1304401,AM,1304,Urucurituba,-57.7694,-2.8104,Parintins,,-0.6,5,2.5,-13.7,9.7,-0.57,0.52,-0.83,0.58,2.5,14.2,7,,-4.8
1400027,RR,1401,Amajari,-62.4368,3.7336,Boa Vista,-4.4,-0.2,-4.4,-0.3,-29.2,30.4,-0.59,0.64,-0.63,0.63,5.1,11.9,2.1,,1.2
1400050,RR,1401,Alto Alegre,-62.7557,3.0789,Boa Vista,-4.4,-0.2,-4.4,-0.3,-29.6,29.4,-0.65,0.66,-0.67,0.64,3.6,9.2,2.2,-4.2,0.7
1400100,RR,1401,Boa Vista,-60.7176,3.1176,Boa Vista,-4.4,-0.2,-4.4,-0.3,-33.7,23.5,-0.41,0.37,-0.65,0.42,4.7,13.3,7.5,-12.2,1.7
1400159,RR,1401,Bonfim,-60.0999,2.7858,Boa Vista,-4.4,-0.2,-4.4,-0.3,-32.6,26.7,-0.5,0.43,-0.7,0.52,4.1,13.9,6.2,-1.1,0.2
1400175,RR,1401,Cantá,-60.5424,2.2743,Boa Vista,-4.4,-0.2,-4.4,-0.3,-34.4,28,-0.59,0.53,-0.74,0.56,5.9,16.1,7.6,-6.6,-0.3
1400209,RR,1402,Caracaraí,-61.4722,0.9904,Rorainópolis - Caracaraí,,-0.2,-4.4,-0.3,-28.9,21.5,-0.6,0.51,-0.79,0.57,2.7,20,2.9,,2.8
1400233,RR,1402,Caroebe,-59.3385,0.914,Rorainópolis - Caracaraí,,-0.2,-4.4,-0.3,-25.8,24.1,-0.66,0.66,-0.76,0.66,3.5,13.8,7.4,,
1400282,RR,1402,Iracema,-62.4486,2.1912,Rorainópolis - Caracaraí,,-0.2,-4.4,-0.3,-36.2,33,-0.65,0.63,-0.8,0.69,4.4,15.5,9,,-3.4
1400308,RR,1401,Mucajaí,-61.9948,2.5141,Boa Vista,-4.4,-0.2,-4.4,-0.3,-41.1,39.5,-0.67,0.71,-0.83,0.74,6,16.7,6.9,,-1.1
1400407,RR,1401,Normandia,-60.0663,3.8789,Boa Vista,-4.4,-0.2,-4.4,-0.3,-28.8,24.2,-0.37,0.36,-0.56,0.42,6.7,14.6,11.2,,-10
1400456,RR,1401,Pacaraima,-60.8393,4.1678,Boa Vista,-4.4,-0.2,-4.4,-0.3,-34.4,33.9,-0.46,0.49,-0.64,0.56,8.7,14.6,9.9,,20.2
1400472,RR,1402,Rorainópolis,-61.0106,0.0382,Rorainópolis - Caracaraí,,-0.2,-4.4,-0.3,-20.8,18.1,-0.64,0.55,-0.69,0.57,3.1,19,5.1,,2.8
1400506,RR,1402,São João Da Baliza,-59.8441,0.6364,Rorainópolis - Caracaraí,,-0.2,-4.4,-0.3,-25,20.4,-0.66,0.57,-0.77,0.6,3.2,15.3,6.7,,-1.8
1400605,RR,1402,São Luiz,-60.151,0.8867,Rorainópolis - Caracaraí,,-0.2,-4.4,-0.3,-25.5,22.3,-0.6,0.6,-0.74,0.62,3.7,16.8,7.4,,4.4
1400704,RR,1401,Uiramutã,-60.2811,4.6839,Boa Vista,-4.4,-0.2,-4.4,-0.3,-29.9,27.2,-0.39,0.41,-0.62,0.51,6.9,2,4.2,,5.4
1500107,PA,1501,Abaetetuba,-48.8815,-1.7307,Belém,9,-2.3,-0.1,1.1,-12.9,8.8,-0.63,0.35,-0.69,0.47,1,2.1,9.2,,83.9
1500131,PA,1503,Abel Figueiredo,-48.4253,-4.9578,Marabá,-1.4,1.7,-0.1,1.1,-12.9,9.4,-0.62,0.44,-0.8,0.55,0.8,1.2,3.4,,30.1
1500206,PA,1501,Acará,-48.4118,-2.0341,Belém,9,-2.3,-0.1,1.1,-12.1,10.1,-0.66,0.46,-0.69,0.55,0.4,2.4,8.6,,-7.5
1500305,PA,1507,Afuá,-50.7275,-0.2646,Breves,,4.8,-0.1,1.1,-11.4,5.5,-0.6,0.23,-0.59,0.32,5.5,0.8,-0.8,,
1500347,PA,1504,Água Azul Do Norte,-50.4297,-6.7729,Redenção,-0.5,8.7,-0.1,1.1,-6.2,4,-0.3,0.24,-0.44,0.27,0.7,1.4,-6.7,,9.3
1500404,PA,1505,Alenquer,-55.0392,-0.6047,Santarém,-2.4,-0.5,-0.1,1.1,-20.6,17.3,-0.76,0.77,-0.91,0.75,2.4,0,3.9,,-4
1500503,PA,1506,Almeirim,-53.8937,0.2842,Altamira,-1.3,1.8,-0.1,1.1,-13,9.9,-0.63,0.51,-0.67,0.47,2.9,0.1,11.7,,-5.6
1500602,PA,1506,Altamira,-53.8854,-6.482,Altamira,-1.3,1.8,-0.1,1.1,-12.7,8.4,-0.63,0.48,-0.81,0.53,0.5,1.8,-2.9,4.3,4.7
1500701,PA,1507,Anajás,-49.9622,-0.8265,Breves,,4.8,-0.1,1.1,-10,9.5,-0.53,0.39,-0.59,0.53,1,1.5,11.2,,
1500800,PA,1501,Ananindeua,-48.3841,-1.3311,Belém,9,-2.3,-0.1,1.1,-7.6,4.7,-0.31,0.1,-0.51,0.34,1.1,2.1,8.5,,
1500859,PA,1506,Anapu,-51.3006,-4,Altamira,-1.3,1.8,-0.1,1.1,-11.9,9.1,-0.7,0.54,-0.78,0.56,3.4,2.4,10.1,,-6.1
1500909,PA,1502,Augusto Corrêa,-46.508,-1.1071,Castanhal,1.2,1.2,-0.1,1.1,-5.3,0.6,-0.15,-0.03,-0.24,0.08,7.1,0,0.4,,0.9
1500958,PA,1502,Aurora Do Pará,-47.7255,-2.2306,Castanhal,1.2,1.2,-0.1,1.1,-9.3,11,-0.47,0.53,-0.51,0.59,1.2,3.6,6.9,,18.8
1501006,PA,1505,Aveiro,-56.0168,-3.6672,Santarém,-2.4,-0.5,-0.1,1.1,-16.1,13,-0.61,0.66,-0.83,0.67,1.4,11.3,2.3,,77.2
1501105,PA,1507,Bagre,-50.1819,-2.373,Breves,,4.8,-0.1,1.1,-9.7,9.5,-0.45,0.49,-0.59,0.56,0.4,1.5,8.7,,
1501204,PA,1503,Baião,-49.6981,-3.13,Marabá,-1.4,1.7,-0.1,1.1,-11,8.6,-0.44,0.38,-0.55,0.43,2.3,3.5,0.3,,66.1
1501253,PA,1504,Bannach,-50.6367,-7.4865,Redenção,-0.5,8.7,-0.1,1.1,-5.2,0.5,-0.18,-0.08,-0.38,0.02,0.8,0.3,-7.1,,2.6
1501303,PA,1501,Barcarena,-48.6332,-1.4988,Belém,9,-2.3,-0.1,1.1,-10.5,7.2,-0.53,0.28,-0.6,0.43,1.4,1.7,8.7,,43.7
1501402,PA,1501,Belém,-48.4592,-1.2416,Belém,9,-2.3,-0.1,1.1,-7.7,5.1,-0.31,0.13,-0.49,0.35,1.5,1.8,11.6,,
1501451,PA,1505,Belterra,-54.9923,-3.1925,Santarém,-2.4,-0.5,-0.1,1.1,-18.5,15.5,-0.68,0.69,-0.73,0.59,3.9,2.6,19.5,-3.1,-0.9
1501501,PA,1501,Benevides,-48.2762,-1.3403,Belém,9,-2.3,-0.1,1.1,-7.8,5,-0.32,0.11,-0.51,0.35,1.1,1.9,7.7,,
1501576,PA,1503,Bom Jesus Do Tocantins,-48.7636,-5.0544,Marabá,-1.4,1.7,-0.1,1.1,-11.8,8.4,-0.67,0.47,-0.79,0.54,0.7,1.3,3.2,,48.3
1501600,PA,1502,Bonito,-47.302,-1.3834,Castanhal,1.2,1.2,-0.1,1.1,-9.8,6.1,-0.34,0.12,-0.46,0.29,3.1,1.1,13.1,,-1.4
1501709,PA,1502,Bragança,-46.7661,-1.1997,Castanhal,1.2,1.2,-0.1,1.1,-6.7,3.5,-0.2,0.04,-0.29,0.16,5,0.4,2.5,,-2.7
1501725,PA,1506,Brasil Novo,-52.6862,-3.2963,Altamira,-1.3,1.8,-0.1,1.1,-16.4,14.5,-0.71,0.67,-0.82,0.7,1.7,3.3,5.7,,-0.1
1501758,PA,1503,Brejo Grande Do Araguaia,-48.4319,-5.737,Marabá,-1.4,1.7,-0.1,1.1,-12,6.4,-0.61,0.37,-0.8,0.41,-0.1,1.5,9.3,,17.3
1501782,PA,1503,Breu Branco,-49.3704,-3.7337,Marabá,-1.4,1.7,-0.1,1.1,-11.2,6.9,-0.55,0.37,-0.65,0.41,2,1.9,3.7,,73.8
1501808,PA,1507,Breves,-50.628,-1.1225,Breves,,4.8,-0.1,1.1,-7.8,7.6,-0.52,0.32,-0.61,0.55,0.6,0.4,7.3,,
1501907,PA,1501,Bujaru,-48.0898,-1.6344,Belém,9,-2.3,-0.1,1.1,-6,5,-0.27,0.12,-0.4,0.33,1.5,2,6.3,,0
1501956,PA,1502,Cachoeira Do Piriá,-46.4409,-1.9895,Castanhal,1.2,1.2,-0.1,1.1,-7.7,3,-0.25,0.01,-0.39,0.19,4.6,1.6,12.7,,-0.4
1502004,PA,1507,Cachoeira Do Arari,-48.8795,-0.8669,Breves,,4.8,-0.1,1.1,-5.9,5.1,-0.17,0.07,-0.35,0.28,1.5,1.5,1.4,,
1502103,PA,1501,Cametá,-49.5119,-2.2536,Belém,9,-2.3,-0.1,1.1,-11.9,10.3,-0.59,0.47,-0.64,0.54,0.9,4.2,10.2,,19
1502152,PA,1503,Canaã Dos Carajás,-50.0871,-6.4251,Marabá,-1.4,1.7,-0.1,1.1,-7.9,4.1,-0.46,0.33,-0.55,0.28,1.1,1.4,-4.4,,-1.3
1502202,PA,1502,Capanema,-47.1182,-1.1417,Castanhal,1.2,1.2,-0.1,1.1,-9.2,6,-0.33,0.13,-0.41,0.26,5.5,0.1,27.2,,8.3
1502301,PA,1502,Capitão Poço,-47.2342,-2.0437,Castanhal,1.2,1.2,-0.1,1.1,-8.6,6,-0.41,0.19,-0.48,0.34,3.1,2.9,16.9,,18.4
1502400,PA,1502,Castanhal,-47.8778,-1.2694,Castanhal,1.2,1.2,-0.1,1.1,-10.2,4.3,-0.4,0.09,-0.49,0.24,1.9,2.1,7.1,,9.3
1502509,PA,1507,Chaves,-49.8285,-0.0312,Breves,,4.8,-0.1,1.1,-9.5,4.8,-0.47,0.16,-0.51,0.31,4.2,1.9,14,,
1502608,PA,1501,Colares,-48.2812,-0.9045,Belém,9,-2.3,-0.1,1.1,-7.8,4.7,-0.32,0.11,-0.45,0.26,2.4,1.7,5.3,,-0.5
1502707,PA,1504,Conceição Do Araguaia,-49.5125,-8.1818,Redenção,-0.5,8.7,-0.1,1.1,-6.7,-0.2,-0.26,-0.11,-0.49,-0.05,0.2,3.3,-3.3,3.3,-4.6
1502756,PA,1501,Concórdia Do Pará,-47.976,-1.8893,Belém,9,-2.3,-0.1,1.1,-6.3,6.9,-0.31,0.21,-0.41,0.42,1.8,2.4,15.1,,5.3
1502764,PA,1504,Cumaru Do Norte,-51.2206,-8.4577,Redenção,-0.5,8.7,-0.1,1.1,-6.4,0,-0.15,-0.08,-0.43,0.02,0.9,0.4,-5.3,,17.7
1502772,PA,1503,Curionópolis,-49.6256,-6.2281,Marabá,-1.4,1.7,-0.1,1.1,-6.2,5,-0.34,0.36,-0.55,0.39,1.4,0.3,-1.1,,1.7
1502806,PA,1507,Curralinho,-49.988,-1.5857,Breves,,4.8,-0.1,1.1,-8.7,8.7,-0.52,0.43,-0.58,0.56,1.2,1.3,10.7,,65.1
1502855,PA,1505,Curuá,-55.1142,-1.8456,Santarém,-2.4,-0.5,-0.1,1.1,-19.1,15.7,-0.68,0.69,-0.82,0.67,2.8,6.3,0.4,,9.2
1502905,PA,1502,Curuçá,-47.8618,-0.7444,Castanhal,1.2,1.2,-0.1,1.1,-8.5,5.9,-0.32,0.2,-0.41,0.29,3.6,0.2,10.3,,0
1502939,PA,1502,Dom Eliseu,-47.8976,-4.1864,Castanhal,1.2,1.2,-0.1,1.1,-15.6,11.1,-0.58,0.42,-0.74,0.51,3.3,3.1,14.2,-0.1,-1.4
1502954,PA,1503,Eldorado Dos Carajás,-49.2468,-6.0693,Marabá,-1.4,1.7,-0.1,1.1,-4.4,2.6,-0.27,0.2,-0.4,0.2,0.9,1.9,-3.5,,3.8
1503002,PA,1505,Faro,-57.8066,-1.1591,Santarém,-2.4,-0.5,-0.1,1.1,-16.7,14.3,-0.63,0.65,-0.82,0.7,0.9,7,9,,2.4
1503044,PA,1504,Floresta Do Araguaia,-49.5757,-7.5491,Redenção,-0.5,8.7,-0.1,1.1,-5.8,0.6,-0.18,-0.07,-0.51,0.02,1.3,1.9,-3.2,2.6,-3.3
1503077,PA,1502,Garrafão Do Norte,-47.0747,-2.1658,Castanhal,1.2,1.2,-0.1,1.1,-7.7,3.7,-0.3,0.08,-0.42,0.23,4,2.7,1.9,,5.2
1503093,PA,1503,Goianésia Do Pará,-49.0049,-4.0273,Marabá,-1.4,1.7,-0.1,1.1,-11.2,6.2,-0.61,0.38,-0.72,0.38,2.2,1.9,6.4,,0
1503101,PA,1507,Gurupá,-51.5543,-1.1511,Breves,,4.8,-0.1,1.1,-7.3,4.2,-0.43,0.26,-0.5,0.29,1.6,0.7,15.5,,0.6
1503200,PA,1502,Igarapé-Açu,-47.5665,-1.1441,Castanhal,1.2,1.2,-0.1,1.1,-10.5,7.1,-0.4,0.19,-0.46,0.31,2.8,0.3,32.8,,-6.2
1503309,PA,1501,Igarapé-Miri,-49.1303,-2.0634,Belém,9,-2.3,-0.1,1.1,-14.7,11.9,-0.71,0.52,-0.72,0.57,0.3,2.8,11.7,,35.4
1503408,PA,1502,Inhangapi,-47.9227,-1.4658,Castanhal,1.2,1.2,-0.1,1.1,-8.4,4.4,-0.33,0.08,-0.44,0.27,1.8,2.2,5.4,,1
1503457,PA,1502,Ipixuna Do Pará,-47.9216,-2.8052,Castanhal,1.2,1.2,-0.1,1.1,-12,11.6,-0.53,0.49,-0.58,0.54,1.5,3.4,10,,15.5
1503507,PA,1502,Irituia,-47.4,-1.8126,Castanhal,1.2,1.2,-0.1,1.1,-9.4,6.4,-0.43,0.18,-0.5,0.36,1.8,3.3,19.5,,-2.5
1503606,PA,1505,Itaituba,-56.496,-5.8693,Santarém,-2.4,-0.5,-0.1,1.1,-7.6,6.3,-0.38,0.37,-0.48,0.37,0.8,7.8,1,,-1
1503705,PA,1503,Itupiranga,-49.8695,-5.1152,Marabá,-1.4,1.7,-0.1,1.1,-10.2,7.4,-0.6,0.45,-0.68,0.46,1.4,0.9,4.1,,2.6
1503754,PA,1505,Jacareacanga,-57.3049,-7.4423,Santarém,-2.4,-0.5,-0.1,1.1,-6.6,1.3,-0.2,-0.02,-0.46,0.09,0.3,2.1,-0.1,,33.7
1503804,PA,1503,Jacundá,-49.1817,-4.6002,Marabá,-1.4,1.7,-0.1,1.1,-11,7.4,-0.67,0.44,-0.75,0.48,1.2,1.7,5.2,,-7.4
1503903,PA,1505,Juruti,-56.22,-2.6218,Santarém,-2.4,-0.5,-0.1,1.1,-16.2,12.4,-0.53,0.61,-0.74,0.57,3.6,11.1,9.4,,4.4
1504000,PA,1501,Limoeiro Do Ajuru,-49.4706,-1.8653,Belém,9,-2.3,-0.1,1.1,-13.9,10.5,-0.66,0.47,-0.71,0.53,1.7,2.9,11,,4.5
1504059,PA,1502,Mãe Do Rio,-47.5126,-1.9915,Castanhal,1.2,1.2,-0.1,1.1,-8.7,8.5,-0.4,0.36,-0.46,0.45,2.3,3.5,11.7,,-0.1
1504109,PA,1502,Magalhães Barata,-47.6361,-0.8107,Castanhal,1.2,1.2,-0.1,1.1,-7.5,5.3,-0.29,0.15,-0.36,0.24,3.9,-0.1,9.7,,-4.2
1504208,PA,1503,Marabá,-50.0177,-5.6305,Marabá,-1.4,1.7,-0.1,1.1,-7.8,5.8,-0.5,0.42,-0.6,0.43,1.3,1.9,-0.3,,1.3
1504307,PA,1502,Maracanã,-47.4968,-0.8031,Castanhal,1.2,1.2,-0.1,1.1,-7.6,4.4,-0.32,0.13,-0.35,0.2,1.4,-0.6,5.1,,69.5
1504406,PA,1502,Marapanim,-47.7092,-0.8416,Castanhal,1.2,1.2,-0.1,1.1,-7.9,5.5,-0.3,0.19,-0.39,0.27,4.1,0.1,15.4,,-6.3
1504422,PA,1501,Marituba,-48.3193,-1.398,Belém,9,-2.3,-0.1,1.1,-7.6,4.7,-0.31,0.1,-0.51,0.34,1.1,2.1,8.5,,
1504455,PA,1506,Medicilândia,-53.1948,-3.1608,Altamira,-1.3,1.8,-0.1,1.1,-14.9,14.4,-0.62,0.68,-0.76,0.7,1.6,0.6,10,,-2
1504505,PA,1507,Melgaço,-51.104,-1.6066,Breves,,4.8,-0.1,1.1,-5.7,6,-0.42,0.42,-0.51,0.47,0.7,0.2,14.3,,
1504604,PA,1501,Mocajuba,-49.4677,-2.5771,Belém,9,-2.3,-0.1,1.1,-11.7,9.8,-0.53,0.42,-0.58,0.48,1.4,3.2,6.7,,18.8
1504703,PA,1501,Moju,-49.073,-2.6832,Belém,9,-2.3,-0.1,1.1,-11.9,8.9,-0.58,0.4,-0.65,0.49,0.8,1.6,0.3,,5.5
1504752,,,,,,,,,,,-19.5,16.1,-0.73,0.67,-0.75,0.6,2.5,3,21,,
1504802,PA,1505,Monte Alegre,-54.3536,-1.0739,Santarém,-2.4,-0.5,-0.1,1.1,-17.8,14.8,-0.65,0.6,-0.81,0.66,2.7,0,4.6,,3.4
1504901,PA,1507,Muaná,-49.3088,-1.3565,Breves,,4.8,-0.1,1.1,-11.1,10.2,-0.59,0.48,-0.6,0.53,1.9,2,0,,627.9
1504950,PA,1502,Nova Esperança Do Piriá,-46.8997,-2.3917,Castanhal,1.2,1.2,-0.1,1.1,-9,4.7,-0.38,0.13,-0.48,0.29,1.8,1.8,8.7,,-2.5
1504976,PA,1503,Nova Ipixuna,-49.2308,-4.9811,Marabá,-1.4,1.7,-0.1,1.1,-10.6,5.6,-0.7,0.37,-0.79,0.37,1.5,1.7,4.3,,-3.1
1505007,PA,1502,Nova Timboteua,-47.3921,-1.1572,Castanhal,1.2,1.2,-0.1,1.1,-8.7,6.3,-0.3,0.12,-0.39,0.29,3.6,-0.5,22.4,,22.2
1505031,PA,1505,Novo Progresso,-55.6122,-8.0612,Santarém,-2.4,-0.5,-0.1,1.1,-6.5,3.2,-0.26,0.19,-0.55,0.25,0.7,3.3,-0.4,0.4,72.2
1505064,PA,1503,Novo Repartimento,-50.2715,-4.5027,Marabá,-1.4,1.7,-0.1,1.1,-11.9,8.5,-0.73,0.58,-0.8,0.53,2.1,1,14.1,,3.2
1505106,PA,1505,Óbidos,-55.6752,-0.1688,Santarém,-2.4,-0.5,-0.1,1.1,-19.1,14.9,-0.75,0.68,-0.94,0.72,1.5,0.1,6.6,,-0.5
1505205,PA,1501,Oeiras Do Pará,-49.9018,-2.2813,Belém,9,-2.3,-0.1,1.1,-10.5,9.9,-0.54,0.49,-0.6,0.55,0.6,2.8,8.2,,-1
1505304,PA,1505,Oriximiná,-57.1495,0.2544,Santarém,-2.4,-0.5,-0.1,1.1,-22.6,17.7,-0.8,0.74,-0.94,0.74,1.9,3,13.9,,-2
1505403,PA,1502,Ourém,-47.14,-1.4971,Castanhal,1.2,1.2,-0.1,1.1,-9.4,4.1,-0.3,0.04,-0.44,0.23,5.6,1.9,15.4,,47.2
1505437,PA,1504,Ourilândia Do Norte,-51.4305,-7.52,Redenção,-0.5,8.7,-0.1,1.1,-5.6,0.1,-0.24,-0.1,-0.41,-0.05,1,0.6,-4.8,,-3.2
1505486,PA,1503,Pacajá,-50.6316,-3.6848,Marabá,-1.4,1.7,-0.1,1.1,-11.1,8.1,-0.55,0.42,-0.66,0.45,3.3,1.9,6,,-4
1505494,PA,1503,Palestina Do Pará,-48.3704,-5.9245,Marabá,-1.4,1.7,-0.1,1.1,-11.9,6.1,-0.58,0.37,-0.83,0.4,0.1,2.5,2.9,,11.3
1505502,PA,1502,Paragominas,-47.6029,-3.2031,Castanhal,1.2,1.2,-0.1,1.1,-14.3,12.5,-0.58,0.49,-0.63,0.53,2.6,3.4,11.6,0.5,-0.9
1505536,PA,1503,Parauapebas,-50.4906,-6.1523,Marabá,-1.4,1.7,-0.1,1.1,-7.3,5.2,-0.38,0.36,-0.52,0.35,0.6,0.1,-5.4,,-7.5
1505551,PA,1504,Pau D'arco,-50.1235,-7.7366,Redenção,-0.5,8.7,-0.1,1.1,-4.4,-0.9,-0.13,-0.15,-0.3,-0.07,0.7,1.9,-2.9,,-0.7
1505601,PA,1502,Peixe-Boi,-47.2727,-1.1324,Castanhal,1.2,1.2,-0.1,1.1,-10.2,6.3,-0.36,0.13,-0.44,0.28,3.6,-0.2,17.1,,23.5
1505635,PA,1503,Piçarra,-49.0121,-6.5409,Marabá,-1.4,1.7,-0.1,1.1,-7.3,3.5,-0.34,0.28,-0.56,0.28,1.7,0.9,-2.8,,-0.6
1505650,PA,1505,Placas,-54.5005,-3.8901,Santarém,-2.4,-0.5,-0.1,1.1,-16.5,12.8,-0.63,0.53,-0.75,0.57,1.7,6.4,14.8,2.2,90.2
1505700,PA,1507,Ponta De Pedras,-49.077,-1.1158,Breves,,4.8,-0.1,1.1,-7.6,5.5,-0.32,0.15,-0.44,0.31,2.7,1.8,0.9,,
1505809,PA,1507,Portel,-50.9551,-2.5661,Breves,,4.8,-0.1,1.1,-11.2,8.4,-0.5,0.46,-0.64,0.47,3.1,1.3,7.2,,11.9
1505908,PA,1506,Porto De Moz,-52.5478,-2.1845,Altamira,-1.3,1.8,-0.1,1.1,-12.7,10.7,-0.55,0.54,-0.63,0.51,2.2,1.7,10.5,,1.2
1506005,PA,1505,Prainha,-53.6603,-2.1207,Santarém,-2.4,-0.5,-0.1,1.1,-20.8,17.8,-0.79,0.72,-0.9,0.73,4,1.8,1.1,,5.5
1506104,PA,1502,Primavera,-47.1319,-0.9525,Castanhal,1.2,1.2,-0.1,1.1,-6.9,4,-0.23,0.05,-0.29,0.16,5.6,-0.9,20.1,,10.9
1506112,PA,1502,Quatipuru,-47.0168,-0.8527,Castanhal,1.2,1.2,-0.1,1.1,-7.3,4.6,-0.26,0.09,-0.3,0.18,4,-0.6,16.6,,4.2
1506138,PA,1504,Redenção,-50.1994,-8.0684,Redenção,-0.5,8.7,-0.1,1.1,-5.6,0,-0.17,-0.14,-0.42,-0.04,0.3,0.6,-4,1.7,-3.9
1506161,PA,1504,Rio Maria,-49.8949,-7.3407,Redenção,-0.5,8.7,-0.1,1.1,-6.4,2.4,-0.19,-0.01,-0.51,0.15,1.2,1.5,-5.9,,16.1
1506187,PA,1503,Rondon Do Pará,-48.459,-4.517,Marabá,-1.4,1.7,-0.1,1.1,-12.8,9.5,-0.58,0.44,-0.79,0.56,1.1,1.8,2.3,0.2,5.5
1506195,PA,1505,Rurópolis,-55.2099,-4.2406,Santarém,-2.4,-0.5,-0.1,1.1,-16.3,11.3,-0.69,0.5,-0.83,0.56,2.6,7,5.9,-7.2,-5.3
1506203,PA,1502,Salinópolis,-47.3494,-0.6811,Castanhal,1.2,1.2,-0.1,1.1,-7.3,4.8,-0.32,0.16,-0.33,0.21,2.8,-0.8,9.1,,-4.6
1506302,PA,1507,Salvaterra,-48.6063,-0.8036,Breves,,4.8,-0.1,1.1,-5.4,3.5,-0.17,0,-0.31,0.18,2.4,1.5,3.8,,
1506351,PA,1501,Santa Bárbara Do Pará,-48.2513,-1.1945,Belém,9,-2.3,-0.1,1.1,-7.2,3.3,-0.26,0.04,-0.43,0.23,1.7,1.5,12,,
1506401,PA,1507,Santa Cruz Do Arari,-49.3145,-0.5835,Breves,,4.8,-0.1,1.1,-7.6,4.9,-0.34,0.1,-0.46,0.29,3.1,1.8,8.4,,
1506500,PA,1501,Santa Isabel Do Pará,-48.1303,-1.3646,Belém,9,-2.3,-0.1,1.1,-6.9,3.3,-0.27,0.01,-0.44,0.23,1.8,1.5,2.9,,
1506559,PA,1502,Santa Luzia Do Pará,-46.9258,-1.6568,Castanhal,1.2,1.2,-0.1,1.1,-8.2,3,-0.29,0.02,-0.42,0.2,4.9,3.5,16,,-3.6
1506583,PA,1504,Santa Maria Das Barreiras,-50.3142,-8.6346,Redenção,-0.5,8.7,-0.1,1.1,-6.5,-0.3,-0.23,-0.1,-0.5,-0.03,0.2,2.6,-3.8,0.5,-7.4
1506609,PA,1502,Santa Maria Do Pará,-47.5226,-1.3729,Castanhal,1.2,1.2,-0.1,1.1,-8.7,4.6,-0.33,0.08,-0.42,0.25,1.7,1.3,12.4,,1.8
1506708,PA,1504,Santana Do Araguaia,-50.6116,-9.3647,Redenção,-0.5,8.7,-0.1,1.1,-6.6,0.6,-0.24,-0.12,-0.49,0.04,0.3,2.5,-4.8,-1.8,-5.5
1506807,PA,1505,Santarém,-55.0937,-2.7646,Santarém,-2.4,-0.5,-0.1,1.1,-19.6,15.3,-0.7,0.68,-0.79,0.6,2.9,5.6,9.1,-3.4,-3.6
1506906,PA,1502,Santarém Novo,-47.3318,-0.9131,Castanhal,1.2,1.2,-0.1,1.1,-7.9,5.5,-0.3,0.12,-0.34,0.22,3.2,-0.9,16.9,,-1.2
1507003,PA,1501,Santo Antônio Do Tauá,-48.1826,-1.0925,Belém,9,-2.3,-0.1,1.1,-8,3.7,-0.32,0.06,-0.44,0.22,1.8,1.2,3,,0.6
1507102,PA,1501,São Caetano De Odivelas,-48.0777,-0.7915,Belém,9,-2.3,-0.1,1.1,-6.9,4.6,-0.27,0.16,-0.4,0.28,2.9,1.4,13.3,,8.6
1507151,PA,1503,São Domingos Do Araguaia,-48.7281,-5.6577,Marabá,-1.4,1.7,-0.1,1.1,-8.8,5.7,-0.49,0.29,-0.66,0.39,0.1,0.7,1,,11.3
1507201,PA,1502,São Domingos Do Capim,-47.7722,-1.8836,Castanhal,1.2,1.2,-0.1,1.1,-7.6,7.4,-0.36,0.27,-0.46,0.44,1.8,3.4,10.9,,-1.9
1507300,PA,1504,São Félix Do Xingu,-52.2522,-7.229,Redenção,-0.5,8.7,-0.1,1.1,-7,1.1,-0.23,0.05,-0.49,0.06,0.3,1,-7.9,,-0.8
1507409,PA,1502,São Francisco Do Pará,-47.7465,-1.2089,Castanhal,1.2,1.2,-0.1,1.1,-9.2,3.1,-0.35,0.04,-0.45,0.19,2.5,1.8,9.5,,2.1
1507458,PA,1503,São Geraldo Do Araguaia,-48.7493,-6.1889,Marabá,-1.4,1.7,-0.1,1.1,-6.3,1.2,-0.28,0.12,-0.44,0.08,1.3,1.1,3.4,,8.3
1507466,PA,1502,São João Da Ponta,-47.9655,-0.8692,Castanhal,1.2,1.2,-0.1,1.1,-8.4,6.1,-0.31,0.22,-0.42,0.31,3.4,0.9,10.9,,8.7
1507474,PA,1502,São João De Pirabas,-47.213,-0.7802,Castanhal,1.2,1.2,-0.1,1.1,-7.9,4.6,-0.31,0.14,-0.32,0.19,2.7,-0.7,6.6,,2
1507508,PA,1503,São João Do Araguaia,-48.6996,-5.447,Marabá,-1.4,1.7,-0.1,1.1,-10.7,8.1,-0.6,0.43,-0.71,0.5,-0.5,1.7,2.1,,-1.8
1507607,PA,1502,São Miguel Do Guamá,-47.6123,-1.553,Castanhal,1.2,1.2,-0.1,1.1,-7.4,3.4,-0.26,0.02,-0.39,0.23,1.2,2.1,9.4,,9.3
1507706,PA,1507,São Sebastião Da Boa Vista,-49.6792,-1.4346,Breves,,4.8,-0.1,1.1,-11.8,10.8,-0.65,0.48,-0.65,0.59,1.1,1.5,16.3,,
1507755,PA,1504,Sapucaia,-49.5703,-6.8391,Redenção,-0.5,8.7,-0.1,1.1,-7.7,6.4,-0.3,0.26,-0.52,0.39,0.4,1.8,-3.4,,2.3
1507805,PA,1506,Senador José Porfírio,-51.7741,-4.1692,Altamira,-1.3,1.8,-0.1,1.1,-13.4,8.5,-0.73,0.44,-0.81,0.46,2.5,1.9,9.4,,9.5
1507904,PA,1507,Soure,-48.6365,-0.4934,Breves,,4.8,-0.1,1.1,-6,4.1,-0.2,0.03,-0.35,0.22,5.8,1.3,2.3,,
1507953,PA,1501,Tailândia,-48.7362,-2.907,Belém,9,-2.3,-0.1,1.1,-11.7,10.1,-0.58,0.51,-0.64,0.55,0.8,1.7,-4.4,4.1,-5.3
1507961,PA,1502,Terra Alta,-47.8486,-1.0017,Castanhal,1.2,1.2,-0.1,1.1,-7.7,4.1,-0.3,0.09,-0.42,0.24,3.6,1.6,16,,0.1
1507979,PA,1505,Terra Santa,-56.4589,-1.9512,Santarém,-2.4,-0.5,-0.1,1.1,-19,12.6,-0.68,0.56,-0.88,0.59,2,11.7,11.8,,7.6
1508001,PA,1501,Tomé-Açu,-48.2671,-2.6353,Belém,9,-2.3,-0.1,1.1,-10.4,10.4,-0.51,0.49,-0.56,0.54,1,1.9,5.3,,-6.1
1508035,PA,1502,Tracuateua,-46.9355,-1.0267,Castanhal,1.2,1.2,-0.1,1.1,-7.9,5.1,-0.24,0.1,-0.32,0.21,5.6,0.5,21.3,,0.1
1508050,PA,1505,Trairão,-56.003,-5.13,Santarém,-2.4,-0.5,-0.1,1.1,-11.4,8.3,-0.49,0.51,-0.65,0.46,1.1,11.4,2.7,,-8
1508084,PA,1504,Tucumã,-51.3923,-6.8215,Redenção,-0.5,8.7,-0.1,1.1,-4.3,0,-0.21,0,-0.32,-0.03,0.8,1.4,-4.2,,3.4
1508100,PA,1503,Tucuruí,-49.8188,-3.8552,Marabá,-1.4,1.7,-0.1,1.1,-11.7,7.7,-0.68,0.47,-0.74,0.47,1.7,1.7,10.5,,-1.7
1508126,PA,1502,Ulianópolis,-47.4937,-3.8089,Castanhal,1.2,1.2,-0.1,1.1,-14.8,10,-0.57,0.38,-0.7,0.45,2.5,4.8,12.3,2.1,-2.6
1508159,PA,1506,Uruará,-53.8075,-3.5832,Altamira,-1.3,1.8,-0.1,1.1,-13.8,11.4,-0.58,0.56,-0.7,0.55,1.2,3,16.9,-1.7,-1.8
1508209,PA,1501,Vigia,-48.1382,-0.8883,Belém,9,-2.3,-0.1,1.1,-7.1,4.7,-0.29,0.15,-0.43,0.29,2,1.7,6,,
1508308,PA,1502,Viseu,-46.4552,-1.532,Castanhal,1.2,1.2,-0.1,1.1,-6.2,1.3,-0.22,-0.01,-0.32,0.12,5.5,0.8,2,,2.1
1508357,PA,1506,Vitória Do Xingu,-51.9739,-3.1342,Altamira,-1.3,1.8,-0.1,1.1,-14.4,10.6,-0.8,0.54,-0.87,0.63,2,4.4,1.8,,7.1
1508407,PA,1504,Xinguara,-49.6355,-6.9176,Redenção,-0.5,8.7,-0.1,1.1,-8.3,6.2,-0.3,0.23,-0.57,0.37,1.1,1.6,-5.5,,2
1600055,AP,1602,Serra Do Navio,-52.2703,1.6496,Oiapoque - Porto Grande,,1.4,,1.3,-7.9,5.5,-0.37,0.33,-0.48,0.32,1.2,1.2,15.4,,4.4
1600105,AP,1602,Amapá,-50.5822,1.7651,Oiapoque - Porto Grande,,1.4,,1.3,-11.1,12.9,-0.58,0.71,-0.6,0.67,1.3,1.5,6.4,,1.8
1600154,AP,1602,Pedra Branca Do Amapari,-52.5247,1.159,Oiapoque - Porto Grande,,1.4,,1.3,-4.7,1.1,-0.28,0.13,-0.38,0.11,1.2,1,6.2,,1.5
1600204,AP,1602,Calçoene,-51.4047,2.4318,Oiapoque - Porto Grande,,1.4,,1.3,-11.1,11.2,-0.54,0.62,-0.58,0.57,3.1,1.4,13,,3.3
1600212,AP,1602,Cutias,-50.4824,1.0321,Oiapoque - Porto Grande,,1.4,,1.3,-9.2,6.4,-0.52,0.4,-0.53,0.38,0.3,2.1,14.5,,2.8
1600238,AP,1602,Ferreira Gomes,-51.4192,0.9588,Oiapoque - Porto Grande,,1.4,,1.3,-5.5,2,-0.31,0.17,-0.41,0.17,1.4,-0.5,27.3,,1.6
1600253,AP,1601,Itaubal,-50.6508,0.5319,Macapá,,1,,1.3,-10.1,3.9,-0.6,0.23,-0.55,0.22,2.5,0.9,8.5,,-0.6
1600279,AP,1601,Laranjal Do Jari,-53.3061,1.0967,Macapá,,1,,1.3,-10.8,7.5,-0.61,0.44,-0.63,0.43,1.6,0.1,14,,1.4
1600303,AP,1601,Macapá,-50.7014,0.5551,Macapá,,1,,1.3,-10.1,3.9,-0.6,0.23,-0.55,0.22,2.5,0.9,8.5,,2.2
1600402,AP,1601,Mazagão,-51.9442,-0.0741,Macapá,,1,,1.3,-4.6,2.1,-0.26,0.03,-0.32,0.16,0.8,0.9,3.9,,2.4
1600501,AP,1602,Oiapoque,-51.9058,3.0866,Oiapoque - Porto Grande,,1.4,,1.3,-12.3,10.7,-0.59,0.57,-0.65,0.56,0.8,1.3,6.1,,2.5
1600535,AP,1602,Porto Grande,-51.6747,0.5879,Oiapoque - Porto Grande,,1.4,,1.3,-4.2,1.7,-0.26,0.13,-0.31,0.14,1.9,-0.5,18.5,,1
1600550,AP,1602,Pracuúba,-51.278,1.6244,Oiapoque - Porto Grande,,1.4,,1.3,-9.5,9.7,-0.57,0.63,-0.57,0.55,1.6,2,6.9,,3.2
1600600,AP,1601,Santana,-51.3791,0.1273,Macapá,,1,,1.3,-5.8,3.3,-0.34,0.11,-0.41,0.23,4.6,0.4,6,,2.3
1600709,AP,1602,Tartarugalzinho,-50.9857,1.2943,Oiapoque - Porto Grande,,1.4,,1.3,-9,8.8,-0.44,0.46,-0.48,0.43,2.2,1.5,11,,2.7
1600808,AP,1601,Vitória Do Jari,-52.0636,-0.9975,Macapá,,1,,1.3,-8.3,6.3,-0.43,0.39,-0.48,0.32,1.9,0.6,18.5,,1.6
1700251,TO,1701,Abreulândia,-49.3109,-9.4802,Palmas,-6.6,,-2.3,,-6.5,-0.1,-0.29,-0.16,-0.5,-0.03,0.6,3.6,-4.6,,
1700301,TO,1702,Aguiarnópolis,-47.5152,-6.4886,Araguaína,-0.5,,-2.3,,-10,3.8,-0.46,0.11,-0.61,0.21,-0.4,1.5,-1.8,,
1700350,TO,1703,Aliança Do Tocantins,-48.9087,-11.3324,Gurupi,-4,,-2.3,,-2.4,-4.2,0.08,-0.38,-0.21,-0.26,-0.3,6.1,-3.6,-5.1,
1700400,TO,1703,Almas,-47.2107,-11.429,Gurupi,-4,,-2.3,,-4.1,-1.7,-0.1,-0.13,-0.3,-0.09,-1.6,6.2,-1.8,-4.2,
1700707,TO,1703,Alvorada,-49.1147,-12.4094,Gurupi,-4,,-2.3,,-6.2,-1.3,-0.02,-0.26,-0.4,-0.12,0.7,8.3,0.4,-8.2,
1701002,TO,1702,Ananás,-48.1886,-6.2327,Araguaína,-0.5,,-2.3,,-10.2,3.9,-0.54,0.24,-0.78,0.27,0.6,2.8,1.5,,
1701051,TO,1702,Angico,-47.9144,-6.4366,Araguaína,-0.5,,-2.3,,-9.1,3.3,-0.52,0.19,-0.64,0.22,0.5,0.8,-1.7,,
1701101,TO,1701,Aparecida Do Rio Negro,-48.0009,-9.9886,Palmas,-6.6,,-2.3,,-6.1,2.5,-0.34,0.13,-0.58,0.18,-0.3,4.1,-0.3,-1.3,
1701309,TO,1702,Aragominas,-48.6347,-6.9442,Araguaína,-0.5,,-2.3,,-9.7,3.4,-0.48,0.25,-0.71,0.24,1.1,1.5,-0.5,,
1701903,TO,1701,Araguacema,-49.5042,-8.9384,Palmas,-6.6,,-2.3,,-7,0.2,-0.32,-0.12,-0.57,-0.01,0.4,3.3,-2.4,2.3,
1702000,TO,1703,Araguaçu,-49.6953,-12.8408,Gurupi,-4,,-2.3,,-6.6,-0.3,-0.02,-0.25,-0.44,-0.07,0.6,7,-0.5,-12.3,
1702109,TO,1702,Araguaína,-48.5879,-7.3326,Araguaína,-0.5,,-2.3,,-6.3,-0.2,-0.29,-0.08,-0.56,-0.03,0.5,0,-1.4,4.8,
1702158,TO,1702,Araguanã,-48.5229,-6.7953,Araguaína,-0.5,,-2.3,,-9.9,2.9,-0.46,0.27,-0.68,0.23,1.1,1,-2.5,,
1702208,TO,1702,Araguatins,-48.1056,-5.6664,Araguaína,-0.5,,-2.3,,-12.3,7.1,-0.56,0.31,-0.82,0.43,-0.3,3.6,9.1,,
1702307,TO,1702,Arapoema,-49.0008,-7.7222,Araguaína,-0.5,,-2.3,,-5.6,0,-0.18,-0.16,-0.47,-0.01,0.6,2.1,-0.4,-4.3,
1702406,TO,1703,Arraias,-47.0469,-12.8178,Gurupi,-4,,-2.3,,-2.8,-7.5,0.14,-0.45,-0.16,-0.36,0.1,6.3,0,,
1702554,TO,1702,Augustinópolis,-47.9298,-5.4961,Araguaína,-0.5,,-2.3,,-13,8.1,-0.57,0.32,-0.83,0.49,0.2,4.8,7.4,,
1702703,TO,1703,Aurora Do Tocantins,-46.4171,-12.6415,Gurupi,-4,,-2.3,,-0.7,-7.8,0.22,-0.42,-0.06,-0.33,-1,6.6,-3.3,,
1702901,TO,1702,Axixá Do Tocantins,-47.7663,-5.644,Araguaína,-0.5,,-2.3,,-13.8,7,-0.52,0.21,-0.83,0.4,0.1,3.9,4.8,,
1703008,TO,1702,Babaçulândia,-47.8571,-7.1758,Araguaína,-0.5,,-2.3,,-5.6,-0.7,-0.18,-0.19,-0.44,-0.05,0.8,0.6,-4.6,-0.2,
1703057,TO,1702,Bandeirantes Do Tocantins,-48.6763,-7.9022,Araguaína,-0.5,,-2.3,,-6.5,0,-0.24,-0.18,-0.59,-0.01,0.3,-0.4,-2.6,,
1703073,TO,1702,Barra Do Ouro,-47.5797,-7.7179,Araguaína,-0.5,,-2.3,,-7.2,-0.4,-0.23,-0.2,-0.5,-0.02,0.5,2.1,-0.8,-2.2,
1703107,TO,1701,Barrolândia,-48.7895,-9.8683,Palmas,-6.6,,-2.3,,-4,-2.8,-0.15,-0.23,-0.29,-0.19,0,2.2,-3.2,0,
1703206,TO,1702,Bernardo Sayão,-48.9683,-7.9824,Araguaína,-0.5,,-2.3,,-6.8,0.3,-0.25,-0.13,-0.55,0.01,0.5,2.2,-2,,
1703305,TO,1702,Bom Jesus Do Tocantins,-47.876,-9.0135,Araguaína,-0.5,,-2.3,,-7.1,0.6,-0.36,-0.07,-0.56,0.04,0,1.3,0.2,-1.1,
1703602,TO,1702,Brasilândia Do Tocantins,-48.4441,-8.2886,Araguaína,-0.5,,-2.3,,-9.7,2.9,-0.42,0.01,-0.67,0.16,0.1,1.5,-2.3,5.3,
1703701,TO,1701,Brejinho De Nazaré,-48.626,-11.0293,Palmas,-6.6,,-2.3,,-4.6,-2.9,-0.06,-0.26,-0.29,-0.16,-1,7.2,-1.7,-3.1,
1703800,TO,1702,Buriti Do Tocantins,-48.1413,-5.3363,Araguaína,-0.5,,-2.3,,-12.7,9.3,-0.64,0.43,-0.8,0.54,0.5,3.8,2.5,,
1703826,TO,1702,Cachoeirinha,-47.8434,-6.0912,Araguaína,-0.5,,-2.3,,-10.1,5.3,-0.45,0.17,-0.74,0.35,-0.4,1.7,5.9,,
1703842,TO,1702,Campos Lindos,-46.8042,-8.2039,Araguaína,-0.5,,-2.3,,-5.7,-0.1,-0.19,-0.07,-0.39,0,0.4,0,-0.7,-1.7,
1703867,TO,1703,Cariri Do Tocantins,-49.2045,-11.9318,Gurupi,-4,,-2.3,,-3.8,-0.4,0.03,-0.19,-0.3,-0.05,0.9,7,-0.9,-6.3,
1703883,TO,1702,Carmolândia,-48.3755,-7.0435,Araguaína,-0.5,,-2.3,,-8.7,2.6,-0.4,0.06,-0.63,0.18,0.5,0.9,1.4,,
1703891,TO,1702,Carrasco Bonito,-48.0139,-5.3339,Araguaína,-0.5,,-2.3,,-13.3,9.6,-0.64,0.41,-0.82,0.55,0.2,4,4.9,,
1703909,TO,1701,Caseara,-49.8493,-9.401,Palmas,-6.6,,-2.3,,-7.9,-0.3,-0.34,-0.11,-0.53,-0.03,0.3,4.2,-2,-0.4,
1704105,TO,1702,Centenário,-47.4442,-9.073,Araguaína,-0.5,,-2.3,,-5.8,0.9,-0.37,0.03,-0.49,0.05,-0.1,2,0.3,-4.9,
1704600,TO,1701,Chapada De Areia,-49.1977,-10.1632,Palmas,-6.6,,-2.3,,-5.6,-2.5,-0.21,-0.22,-0.36,-0.15,0.1,5.4,-4.8,,
1705102,TO,1701,Chapada Da Natividade,-47.8465,-11.5412,Palmas,-6.6,,-2.3,,-6.4,-2.2,-0.19,-0.23,-0.38,-0.14,0.2,6.3,-0.6,-5,
1705508,TO,1702,Colinas Do Tocantins,-48.5307,-8.0757,Araguaína,-0.5,,-2.3,,-7.6,0.2,-0.3,-0.15,-0.62,0.02,0.1,0.7,-1.6,,
1705557,TO,1703,Combinado,-46.5049,-12.8465,Gurupi,-4,,-2.3,,-4.1,-5.2,0.13,-0.42,-0.22,-0.25,-0.6,7.6,-2.6,,
1705607,TO,1703,Conceição Do Tocantins,-47.3028,-12.1705,Gurupi,-4,,-2.3,,-2.6,-5.7,-0.01,-0.32,-0.16,-0.3,0.5,7.5,-1.3,,
1706001,TO,1702,Couto Magalhães,-49.1618,-8.4368,Araguaína,-0.5,,-2.3,,-7.3,-0.8,-0.26,-0.14,-0.51,-0.08,0.7,2.3,-3.4,-6.7,
1706100,TO,1701,Cristalândia,-49.3097,-10.6381,Palmas,-6.6,,-2.3,,-2.9,-3.5,0.03,-0.36,-0.24,-0.24,0.2,7.5,-0.6,-3.3,
1706258,TO,1703,Crixás Do Tocantins,-49.0737,-11.1735,Gurupi,-4,,-2.3,,-3.5,-2.7,0.03,-0.29,-0.23,-0.18,-0.4,7.5,-4.8,-5.1,
1706506,TO,1702,Darcinópolis,-47.7663,-6.7634,Araguaína,-0.5,,-2.3,,-7.8,2.3,-0.42,0.05,-0.55,0.15,0.4,0.1,-1.4,-5,
1707009,TO,1703,Dianópolis,-46.8096,-11.7002,Gurupi,-4,,-2.3,,-1.4,-3.8,0.06,-0.19,-0.09,-0.21,-2.1,3,4,-15,
1707108,TO,1701,Divinópolis Do Tocantins,-49.3549,-9.6948,Palmas,-6.6,,-2.3,,-7.1,0,-0.33,-0.1,-0.52,-0.01,0.4,3.5,-4.9,,
1707207,TO,1701,Dois Irmãos Do Tocantins,-49.0676,-9.2708,Palmas,-6.6,,-2.3,,-6.2,0.2,-0.23,-0.16,-0.44,0,0.9,2.4,-1.6,0.8,
1707306,TO,1703,Dueré,-49.391,-11.4293,Gurupi,-4,,-2.3,,-3.4,-1.4,0.03,-0.26,-0.27,-0.13,-0.1,7.7,0.8,0,
1707405,TO,1702,Esperantina,-48.5379,-5.3274,Araguaína,-0.5,,-2.3,,-11.3,8.7,-0.62,0.43,-0.74,0.53,0,2.8,-1.2,,
1707553,TO,1701,Fátima,-48.8748,-10.811,Palmas,-6.6,,-2.3,,-2.3,-3.7,0.02,-0.3,-0.18,-0.23,-0.7,6.4,-0.9,-4.2,
1707652,TO,1703,Figueirópolis,-49.2816,-12.2636,Gurupi,-4,,-2.3,,-5.6,-0.1,-0.02,-0.2,-0.42,-0.05,1,8.4,-2.8,-4.6,
1707702,TO,1702,Filadélfia,-47.7954,-7.4965,Araguaína,-0.5,,-2.3,,-6.5,-0.5,-0.19,-0.23,-0.46,-0.04,0.6,1.3,-5.7,,
1708205,TO,1703,Formoso Do Araguaia,-50.0988,-11.9589,Gurupi,-4,,-2.3,,-5.7,-1,-0.03,-0.26,-0.43,-0.06,0.4,9.1,-6.4,-3.7,
1708254,TO,1702,Fortaleza Do Tabocão,-48.5443,-9.0707,Araguaína,-0.5,,-2.3,,-6.3,-0.4,-0.23,-0.14,-0.51,-0.03,0.8,1.6,-3,-8.6,
1708304,TO,1702,Goianorte,-49.0096,-8.8745,Araguaína,-0.5,,-2.3,,-6.6,-0.2,-0.2,-0.19,-0.49,-0.03,1.1,1.9,-2.3,-1.8,
1709005,TO,1702,Goiatins,-47.4819,-8.0929,Araguaína,-0.5,,-2.3,,-6.2,-1.6,-0.3,-0.19,-0.43,-0.11,0.5,1,-3.2,-7.2,
1709302,TO,1702,Guaraí,-48.4401,-8.7394,Araguaína,-0.5,,-2.3,,-7.5,-0.2,-0.28,-0.17,-0.55,-0.02,0.2,1.5,-2.2,0.6,
1709500,TO,1703,Gurupi,-48.8875,-11.6525,Gurupi,-4,,-2.3,,-4.4,-1.5,-0.08,-0.24,-0.34,-0.12,0.2,5.7,-4.5,-8.9,
1709807,TO,1701,Ipueiras,-48.4048,-11.134,Palmas,-6.6,,-2.3,,-3.1,-6.7,0.06,-0.48,-0.2,-0.33,-0.3,6.8,-0.9,-4.7,
1710508,TO,1702,Itacajá,-47.6696,-8.5708,Araguaína,-0.5,,-2.3,,-7.9,1.5,-0.34,-0.02,-0.52,0.06,0.2,1.2,-1.7,-8.1,
1710706,TO,1702,Itaguatins,-47.5977,-5.8051,Araguaína,-0.5,,-2.3,,-11.7,3.9,-0.45,0.04,-0.67,0.21,-0.5,4.8,2.9,,
1710904,TO,1702,Itapiratins,-48.0335,-8.3166,Araguaína,-0.5,,-2.3,,-7.9,1.5,-0.39,-0.01,-0.5,0.02,0,1.9,-2.2,-1,
1711100,TO,1702,Itaporã Do Tocantins,-48.7525,-8.4496,Araguaína,-0.5,,-2.3,,-9,1,-0.36,-0.07,-0.65,0.04,0.9,1.2,-2.5,,
1711506,TO,1703,Jaú Do Tocantins,-48.646,-12.7488,Gurupi,-4,,-2.3,,-5.7,-3.2,0,-0.32,-0.28,-0.2,0.3,4.2,-2.5,,
1711803,TO,1702,Juarina,-49.1108,-8.1404,Araguaína,-0.5,,-2.3,,-7.8,0.6,-0.26,-0.09,-0.62,0.01,0.3,2.8,-2.2,,
1711902,TO,1701,Lagoa Da Confusão,-50.16,-11.0347,Palmas,-6.6,,-2.3,,-4,-0.3,0.03,-0.37,-0.32,-0.04,0.6,7.9,1.3,-2.1,
1711951,TO,1701,Lagoa Do Tocantins,-47.4813,-10.3411,Palmas,-6.6,,-2.3,,-6.4,0.8,-0.32,0.02,-0.54,0.08,-0.6,3.8,-0.5,,
1712009,TO,1701,Lajeado,-48.289,-9.851,Palmas,-6.6,,-2.3,,-6,2.1,-0.29,0.08,-0.51,0.14,-0.3,1.5,-0.7,,
1712157,TO,1703,Lavandeira,-46.3974,-12.8182,Gurupi,-4,,-2.3,,-3.2,-5.1,0.18,-0.42,-0.17,-0.25,-1.2,6.6,-2.7,,
1712405,TO,1701,Lizarda,-46.9391,-9.5243,Palmas,-6.6,,-2.3,,-4.9,2.3,-0.36,0.2,-0.39,0.12,0,2.9,-0.9,,
1712454,TO,1702,Luzinópolis,-47.8327,-6.2057,Araguaína,-0.5,,-2.3,,-9.3,3.8,-0.44,0.11,-0.67,0.24,-0.1,1.9,-0.9,,
1712504,TO,1701,Marianópolis Do Tocantins,-49.6995,-9.7873,Palmas,-6.6,,-2.3,,-8.2,-0.4,-0.37,-0.08,-0.54,-0.02,0.6,4.3,-2.5,,
1712702,TO,1701,Mateiros,-46.501,-10.575,Palmas,-6.6,,-2.3,,-10.1,5.5,-0.38,0.17,-0.59,0.29,-1.1,0.9,-3,-4.7,
1712801,TO,1702,Maurilândia Do Tocantins,-47.5881,-6.0236,Araguaína,-0.5,,-2.3,,-10.2,3.2,-0.42,-0.01,-0.65,0.18,0.2,3.5,-0.2,,
1713205,TO,1701,Miracema Do Tocantins,-48.5525,-9.7535,Palmas,-6.6,,-2.3,,-5.3,-0.6,-0.21,-0.14,-0.43,-0.06,-0.1,3.8,-1.4,-2.4,
1713304,TO,1701,Miranorte,-48.6845,-9.4152,Palmas,-6.6,,-2.3,,-6.6,0.6,-0.25,-0.12,-0.48,0.04,0.8,1.1,-2.3,-2.9,
1713601,TO,1701,Monte Do Carmo,-48.0162,-10.7465,Palmas,-6.6,,-2.3,,-6,-1.2,-0.22,-0.17,-0.43,-0.06,-0.5,1.4,2.4,-3.5,
1713700,TO,1701,Monte Santo Do Tocantins,-49.0664,-10.0009,Palmas,-6.6,,-2.3,,-4.7,-1.9,-0.25,-0.14,-0.34,-0.12,-0.2,3.9,-4.3,,
1713809,TO,1702,Palmeiras Do Tocantins,-47.6425,-6.601,Araguaína,-0.5,,-2.3,,-7,0.8,-0.33,-0.05,-0.5,0.05,0.3,1.7,-0.3,,
1713957,TO,1702,Muricilândia,-48.7877,-7.0038,Araguaína,-0.5,,-2.3,,-8.9,2.9,-0.43,0.15,-0.64,0.19,0.6,1.1,-3.5,,
1714203,TO,1701,Natividade,-47.6498,-11.7993,Palmas,-6.6,,-2.3,,-5,-2.4,-0.11,-0.23,-0.32,-0.17,-0.6,6.9,0.5,-2.2,
1714302,TO,1702,Nazaré,-47.7777,-6.332,Araguaína,-0.5,,-2.3,,-9.3,3.7,-0.44,0.15,-0.6,0.24,0,1.2,-1.8,,
1714880,TO,1702,Nova Olinda,-48.3624,-7.6381,Araguaína,-0.5,,-2.3,,-8.3,1.3,-0.43,-0.05,-0.65,0.07,0.7,0.8,-1.8,-2.3,
1715002,TO,1701,Nova Rosalândia,-48.974,-10.5511,Palmas,-6.6,,-2.3,,-2.1,-3.6,-0.05,-0.21,-0.18,-0.22,-0.9,5.7,-2.1,,
1715101,TO,1701,Novo Acordo,-47.3833,-10.1556,Palmas,-6.6,,-2.3,,-7.7,1.8,-0.42,0.11,-0.58,0.12,-1.2,5,0.5,,
1715150,TO,1703,Novo Alegre,-46.5586,-12.914,Gurupi,-4,,-2.3,,-2.3,-5.3,0.19,-0.45,-0.14,-0.27,0,3.3,-2.9,,
1715259,TO,1703,Novo Jardim,-46.5487,-11.7697,Gurupi,-4,,-2.3,,-0.9,-5.3,0.08,-0.25,-0.07,-0.24,-1.6,3.2,6.5,,
1715507,TO,1701,Oliveira De Fátima,-48.8764,-10.6727,Palmas,-6.6,,-2.3,,-3,-2.6,-0.12,-0.15,-0.25,-0.15,-1.2,6.1,-3.4,,
1715705,TO,1702,Palmeirante,-48.1561,-7.8862,Araguaína,-0.5,,-2.3,,-8.3,1.2,-0.43,-0.07,-0.6,0.06,0,0.8,-1.2,6.6,
1715754,TO,1703,Palmeirópolis,-48.3494,-13.021,Gurupi,-4,,-2.3,,-3.2,-1.7,0.1,-0.28,-0.13,-0.19,-0.2,5,-3.9,-4,
1716109,TO,1701,Paraíso Do Tocantins,-48.8254,-10.2218,Palmas,-6.6,,-2.3,,-3.7,-3.2,-0.17,-0.2,-0.3,-0.2,-0.7,3.4,-3.7,-0.4,
1716208,TO,1703,Paranã,-47.8131,-12.6953,Gurupi,-4,,-2.3,,-2.9,-4.4,0.03,-0.29,-0.12,-0.28,0,7.8,-2.3,,
1716307,TO,1702,Pau D'arco,-48.9869,-7.5456,Araguaína,-0.5,,-2.3,,-5,-0.7,-0.2,-0.19,-0.47,-0.08,0.7,0.8,-0.4,,
1716505,TO,1702,Pedro Afonso,-48.0354,-9.2258,Araguaína,-0.5,,-2.3,,-7.1,1.6,-0.35,0.01,-0.59,0.11,0,1.4,-1.5,-7.6,
1716604,TO,1703,Peixe,-48.5561,-11.9979,Gurupi,-4,,-2.3,,-6,-3.7,-0.14,-0.28,-0.34,-0.22,0.1,8.3,-3.9,-4.8,
1716653,TO,1702,Pequizeiro,-48.9169,-8.3779,Araguaína,-0.5,,-2.3,,-7.8,0.3,-0.26,-0.11,-0.57,-0.01,0.6,2.4,-1.6,,
1716703,TO,1702,Colméia,-48.7645,-8.8359,Araguaína,-0.5,,-2.3,,-6.6,0.1,-0.22,-0.16,-0.53,0.01,0.9,0.9,-5,,
1717008,TO,1701,Pindorama Do Tocantins,-47.5597,-11.1585,Palmas,-6.6,,-2.3,,-5.8,-1.6,-0.17,-0.19,-0.39,-0.09,-0.9,2.6,1.3,,
1717206,TO,1702,Piraquê,-48.2378,-6.7404,Araguaína,-0.5,,-2.3,,-7.5,1.9,-0.4,0.14,-0.58,0.13,0.6,1.4,-3.3,,
1717503,TO,1701,Pium,-49.8708,-10.2114,Palmas,-6.6,,-2.3,,-6.7,-1.8,-0.25,-0.25,-0.45,-0.11,0.4,5.9,-0.7,-0.7,
1717800,TO,1703,Ponte Alta Do Bom Jesus,-46.5796,-12.0525,Gurupi,-4,,-2.3,,3.8,-9.9,0.26,-0.4,0.09,-0.38,-1.5,6.2,4.4,,
1717909,TO,1701,Ponte Alta Do Tocantins,-47.3261,-10.7517,Palmas,-6.6,,-2.3,,-5.1,-0.6,-0.12,-0.1,-0.36,-0.05,-0.8,4.2,0.8,,
1718006,TO,1703,Porto Alegre Do Tocantins,-47.0458,-11.5102,Gurupi,-4,,-2.3,,-3.7,-2.1,-0.09,-0.15,-0.26,-0.13,-1.5,7,2.2,,
1718204,TO,1701,Porto Nacional,-48.4965,-10.5448,Palmas,-6.6,,-2.3,,-3.7,-3.9,-0.09,-0.24,-0.27,-0.23,-0.9,7.3,0.4,-6.5,
1718303,TO,1702,Praia Norte,-47.7834,-5.4743,Araguaína,-0.5,,-2.3,,-14.1,7.6,-0.57,0.28,-0.84,0.43,0.6,5.2,7.9,,
1718402,TO,1702,Presidente Kennedy,-48.4608,-8.4632,Araguaína,-0.5,,-2.3,,-9.5,2.4,-0.42,0.01,-0.66,0.15,0.1,1.7,-1.6,-0.8,
1718451,TO,1701,Pugmil,-48.8839,-10.4227,Palmas,-6.6,,-2.3,,-3.5,-3.1,-0.14,-0.2,-0.28,-0.2,-0.7,6.2,-1.3,,
1718501,TO,1702,Recursolândia,-47.1133,-8.6968,Araguaína,-0.5,,-2.3,,-3.5,-0.5,-0.23,-0.03,-0.33,-0.08,0.1,0.5,-1.2,,
1718550,TO,1702,Riachinho,-48.1376,-6.4612,Araguaína,-0.5,,-2.3,,-9.6,3.4,-0.52,0.25,-0.71,0.25,0.3,1.9,-0.7,,
1718659,TO,1703,Rio Da Conceição,-46.7488,-11.3426,Gurupi,-4,,-2.3,,-2.7,-3.9,0.01,-0.22,-0.16,-0.19,-1.9,3,2,,
1718709,TO,1701,Rio Dos Bois,-48.4519,-9.2366,Palmas,-6.6,,-2.3,,-7.1,0.3,-0.34,-0.07,-0.5,0.01,0.6,1.8,-2.5,-0.6,
1718758,TO,1701,Rio Sono,-47.4966,-9.6487,Palmas,-6.6,,-2.3,,-6.6,2.6,-0.42,0.2,-0.56,0.19,-0.4,2.2,-0.5,-4.3,
1718808,TO,1702,Sampaio,-47.9179,-5.3298,Araguaína,-0.5,,-2.3,,-13.8,8.2,-0.62,0.32,-0.83,0.45,0.2,5.1,6.5,,
1718840,TO,1703,Sandolândia,-49.8753,-12.4025,Gurupi,-4,,-2.3,,-5.8,-0.6,0.03,-0.25,-0.4,-0.07,0.7,6.9,-1.5,,
1718865,TO,1702,Santa Fé Do Araguaia,-48.975,-7.0936,Araguaína,-0.5,,-2.3,,-8.8,2,-0.39,0.07,-0.65,0.12,0.6,0.9,-1.6,,
1718881,TO,1702,Santa Maria Do Tocantins,-47.8504,-8.824,Araguaína,-0.5,,-2.3,,-5.6,-0.7,-0.25,-0.16,-0.46,-0.04,0.5,1.6,0.5,-0.4,
1718899,TO,1701,Santa Rita Do Tocantins,-49.2963,-10.9718,Palmas,-6.6,,-2.3,,-4.1,-1.9,0.02,-0.29,-0.31,-0.13,-0.7,7.8,-2.6,-6.2,
1718907,TO,1701,Santa Rosa Do Tocantins,-48.106,-11.3982,Palmas,-6.6,,-2.3,,-5.3,-4.8,-0.16,-0.36,-0.31,-0.23,-0.4,7.1,-1.7,-3.3,
1719004,TO,1701,Santa Tereza Do Tocantins,-47.7424,-10.3004,Palmas,-6.6,,-2.3,,-5,-0.9,-0.26,-0.07,-0.42,-0.04,-0.7,3.5,0.1,,
1720002,TO,1702,Santa Terezinha Do Tocantins,-47.751,-6.4736,Araguaína,-0.5,,-2.3,,-9.3,3.6,-0.48,0.16,-0.62,0.23,-0.1,0.6,-0.1,,
1720101,TO,1702,São Bento Do Tocantins,-47.9404,-5.9741,Araguaína,-0.5,,-2.3,,-11.6,6.3,-0.49,0.23,-0.79,0.39,-0.3,3.5,5.5,,
1720150,TO,1701,São Félix Do Tocantins,-46.678,-10.0688,Palmas,-6.6,,-2.3,,-5.9,4.3,-0.32,0.25,-0.41,0.25,-0.5,1.9,-1.9,,
1720200,TO,1702,São Miguel Do Tocantins,-47.597,-5.5414,Araguaína,-0.5,,-2.3,,-14.2,6.9,-0.53,0.21,-0.76,0.35,0.5,5.5,7.7,,
1720259,TO,1703,São Salvador Do Tocantins,-48.3659,-12.5791,Gurupi,-4,,-2.3,,-6,-3.3,-0.04,-0.32,-0.27,-0.2,-0.2,7.3,-4.7,,
1720309,TO,1702,São Sebastião Do Tocantins,-48.3339,-5.2412,Araguaína,-0.5,,-2.3,,-12.4,9.4,-0.64,0.47,-0.78,0.56,0.4,3.3,2.8,,
1720499,TO,1703,São Valério,-48.1714,-11.8016,Gurupi,-4,,-2.3,,-6.9,-2.9,-0.11,-0.31,-0.4,-0.18,0.7,6.2,-3.2,-2.9,
1720655,TO,1701,Silvanópolis,-48.0102,-11.1332,Palmas,-6.6,,-2.3,,-5.3,-4.4,-0.18,-0.37,-0.31,-0.23,-0.3,7.2,1.3,-3.5,
1720804,TO,1702,Sítio Novo Do Tocantins,-47.6869,-5.6309,Araguaína,-0.5,,-2.3,,-13.6,6.7,-0.5,0.2,-0.79,0.37,0.2,4.1,6.7,,
1720853,TO,1703,Sucupira,-48.837,-12.1138,Gurupi,-4,,-2.3,,-4.4,-2.7,-0.04,-0.24,-0.29,-0.18,0.2,7.6,-3.8,-6.4,
1720903,TO,1703,Taguatinga,-46.5574,-12.387,Gurupi,-4,,-2.3,,0.2,-8.9,0.18,-0.41,-0.04,-0.35,-1,7.8,2,1.5,
1720937,TO,1703,Taipas Do Tocantins,-46.9942,-12.1384,Gurupi,-4,,-2.3,,3,-9.4,0.22,-0.36,0.06,-0.38,-1.6,7.4,-0.5,,
1720978,TO,1703,Talismã,-49.0483,-12.6837,Gurupi,-4,,-2.3,,-5.7,-2,0.02,-0.32,-0.38,-0.16,0.4,7.9,-1,-7.1,
1721000,TO,1701,Palmas,-48.1537,-10.2183,Palmas,-6.6,,-2.3,,-6.3,0.9,-0.31,-0.05,-0.55,0.07,-0.8,1.4,1.2,-1.1,
1721109,TO,1701,Tocantínia,-48.1403,-9.6039,Palmas,-6.6,,-2.3,,-6.8,2.5,-0.33,0.07,-0.59,0.18,-0.6,2,-0.5,-0.8,
1721208,TO,1702,Tocantinópolis,-47.5367,-6.2579,Araguaína,-0.5,,-2.3,,-11.2,4.4,-0.51,0.11,-0.67,0.24,-0.3,2.2,-0.2,,
1721257,TO,1702,Tupirama,-48.26,-8.94,Araguaína,-0.5,,-2.3,,-8.3,1,-0.31,-0.11,-0.59,0.06,0.3,1.6,-2.6,-2.2,
1721307,TO,1702,Tupiratins,-48.2115,-8.3551,Araguaína,-0.5,,-2.3,,-8.7,2.5,-0.37,-0.01,-0.59,0.1,-0.2,1.8,-1.4,-2.1,
1722081,TO,1702,Wanderlândia,-48.0009,-6.9127,Araguaína,-0.5,,-2.3,,-9,3.1,-0.44,0.14,-0.64,0.2,0.8,0.7,1.1,-3.9,
1722107,TO,1702,Xambioá,-48.4516,-6.5466,Araguaína,-0.5,,-2.3,,-8.7,2.9,-0.42,0.27,-0.6,0.2,0.8,0.9,2.1,,
2100055,MA,2105,Açailândia,-47.3337,-4.7846,Imperatriz,-11.5,-4,-12.3,-4.3,-12.5,11.1,-0.36,0.4,-0.59,0.49,3.6,3.1,5.9,1.3,4.8
2100105,MA,2103,Afonso Cunha,-43.2979,-4.2134,Caxias,-6.4,-5.2,-12.3,-4.3,-13.7,10.9,-0.54,0.44,-0.64,0.5,-0.8,9.1,5.2,-5.6,-1.2
2100154,MA,2101,Água Doce Do Maranhão,-42.1659,-2.9483,São Luís,-7.7,-4,-12.3,-4.3,-12.9,7.9,-0.42,0.22,-0.42,0.24,7.8,-0.9,5.1,,-2.5
2100204,MA,2101,Alcântara,-44.5303,-2.395,São Luís,-7.7,-4,-12.3,-4.3,-11.3,5.6,-0.35,0.17,-0.41,0.2,2.7,0.7,9.3,,-2.1
2100303,MA,2103,Aldeias Altas,-43.3834,-4.5031,Caxias,-6.4,-5.2,-12.3,-4.3,-12.7,9,-0.48,0.37,-0.6,0.41,-0.5,8.4,-0.6,,30.6
2100402,MA,2102,Altamira Do Maranhão,-45.4951,-4.1211,Santa Inês - Bacabal,,-2.3,-12.3,-4.3,-8,2.5,-0.36,0.12,-0.46,0.14,0.9,9.4,1.8,,7.6
2100436,MA,2102,Alto Alegre Do Maranhão,-44.3936,-4.2076,Santa Inês - Bacabal,,-2.3,-12.3,-4.3,-12.9,5.4,-0.65,0.28,-0.72,0.27,2,10.9,2.8,,-4.3
2100477,MA,2102,Alto Alegre Do Pindaré,-46.008,-3.879,Santa Inês - Bacabal,,-2.3,-12.3,-4.3,-10.1,5.3,-0.31,0.18,-0.48,0.25,2.7,7.8,16.7,,61.6
2100501,MA,2105,Alto Parnaíba,-46.2133,-9.5076,Imperatriz,-11.5,-4,-12.3,-4.3,-3.9,0.7,-0.09,0,-0.3,0.08,-1.1,2.1,3.1,-12.9,1.6
2100550,MA,2102,Amapá Do Maranhão,-45.9472,-1.6688,Santa Inês - Bacabal,,-2.3,-12.3,-4.3,-4.7,2.6,-0.17,0.05,-0.24,0.14,5.9,0.2,0.1,,-6.1
2100600,MA,2105,Amarante Do Maranhão,-46.5828,-5.2802,Imperatriz,-11.5,-4,-12.3,-4.3,-14.2,7.1,-0.55,0.24,-0.76,0.37,0,4.1,4.3,,-0.3
2100709,MA,2101,Anajatuba,-44.5888,-3.2489,São Luís,-7.7,-4,-12.3,-4.3,-12.5,7.8,-0.47,0.37,-0.58,0.34,-0.1,4.4,14.7,,-0.6
2100808,MA,2101,Anapurus,-43.1092,-3.5417,São Luís,-7.7,-4,-12.3,-4.3,-12.4,8.1,-0.43,0.32,-0.47,0.32,2.7,9.4,9.2,-8,41
2100832,MA,2101,Apicum-Açu,-45.0779,-1.5327,São Luís,-7.7,-4,-12.3,-4.3,-7.8,6.2,-0.25,0.15,-0.29,0.21,3.6,0.3,13.2,,10.7
2100873,MA,2102,Araguanã,-45.787,-3.0817,Santa Inês - Bacabal,,-2.3,-12.3,-4.3,-6.6,4.5,-0.23,0.18,-0.4,0.25,3.2,6.7,3.9,,-7.7
2100907,MA,2101,Araioses,-42.0163,-2.9714,São Luís,-7.7,-4,-12.3,-4.3,-12.2,7.6,-0.39,0.21,-0.39,0.23,7.1,0.3,3.1,,-2.5
2100956,MA,2105,Arame,-45.9476,-5.0312,Imperatriz,-11.5,-4,-12.3,-4.3,-13.6,6.4,-0.46,0.2,-0.66,0.3,0.6,4.8,6.1,,-6.2
2101004,MA,2101,Arari,-44.7291,-3.5294,São Luís,-7.7,-4,-12.3,-4.3,-10.1,5.4,-0.47,0.3,-0.54,0.28,0,10,11.1,,2
2101103,MA,2101,Axixá,-44.103,-2.8193,São Luís,-7.7,-4,-12.3,-4.3,-14.3,10,-0.47,0.33,-0.53,0.38,2.6,1.3,11,,5.4
2101202,MA,2102,Bacabal,-44.758,-4.1706,Santa Inês - Bacabal,,-2.3,-12.3,-4.3,-12.6,5.4,-0.62,0.28,-0.68,0.28,0.5,12.1,-3.5,,-2.6
2101251,MA,2101,Bacabeira,-44.3696,-2.9345,São Luís,-7.7,-4,-12.3,-4.3,-14,8.6,-0.5,0.31,-0.56,0.35,2.1,1.7,9.4,,-3.8
2101301,MA,2101,Bacuri,-45.1653,-1.6851,São Luís,-7.7,-4,-12.3,-4.3,-8.3,6.8,-0.26,0.17,-0.31,0.23,3.8,0.5,13.2,,3.8
2101350,MA,2101,Bacurituba,-44.6304,-2.6908,São Luís,-7.7,-4,-12.3,-4.3,-10.3,6.3,-0.31,0.19,-0.4,0.25,2.5,1.4,11.1,,-4.6
2101400,MA,2105,Balsas,-46.3423,-8.2362,Imperatriz,-11.5,-4,-12.3,-4.3,-4.6,-1.1,-0.11,-0.09,-0.34,-0.03,-0.3,2.1,-0.4,-10.8,-5.4
2101509,MA,2104,Barão De Grajaú,-43.1895,-6.5875,Presidente Dutra,-7.7,-4.4,-12.3,-4.3,-10.7,3.5,-0.61,0.13,-0.63,0.19,1.4,7.9,4,,19
2101608,MA,2105,Barra Do Corda,-45.1826,-5.5012,Imperatriz,-11.5,-4,-12.3,-4.3,-17.7,5.6,-0.52,0.17,-0.79,0.22,0.6,6.6,14.5,,-6
2101707,MA,2101,Barreirinhas,-42.919,-2.8478,São Luís,-7.7,-4,-12.3,-4.3,-10,6.2,-0.32,0.21,-0.39,0.22,4.9,3.8,9.9,,-0.9
2101731,MA,2101,Belágua,-43.4571,-3.0893,São Luís,-7.7,-4,-12.3,-4.3,-10.8,7.8,-0.41,0.26,-0.46,0.32,0.3,5.9,8.6,,-5.7
2101772,MA,2102,Bela Vista Do Maranhão,-45.3065,-3.7804,Santa Inês - Bacabal,,-2.3,-12.3,-4.3,-7.4,1.1,-0.37,0.11,-0.45,0.09,1.3,9.5,4.7,,-3.7
2101806,MA,2104,Benedito Leite,-44.5691,-7.122,Presidente Dutra,-7.7,-4.4,-12.3,-4.3,-10.6,3.7,-0.22,-0.03,-0.49,0.12,-0.1,6.5,5.4,-11,-5.7
2101905,MA,2101,Bequimão,-44.7871,-2.4239,São Luís,-7.7,-4,-12.3,-4.3,-9.9,5.4,-0.29,0.16,-0.37,0.2,9,0.8,10.6,,-2
2101939,MA,2102,Bernardo Do Mearim,-44.6904,-4.6753,Santa Inês - Bacabal,,-2.3,-12.3,-4.3,-13.2,3.8,-0.67,0.26,-0.76,0.24,0.5,10.9,-3.8,,-1.8
2101970,MA,2102,Boa Vista Do Gurupi,-46.1803,-1.7635,Santa Inês - Bacabal,,-2.3,-12.3,-4.3,-5.7,2.6,-0.2,0.04,-0.28,0.14,4.7,0.7,3.7,,-2.4
2102002,MA,2102,Bom Jardim,-46.421,-3.9015,Santa Inês - Bacabal,,-2.3,-12.3,-4.3,-13.4,8.8,-0.4,0.29,-0.55,0.35,2.4,4.7,0.6,,-10.8
2102036,MA,2105,Bom Jesus Das Selvas,-46.6881,-4.6012,Imperatriz,-11.5,-4,-12.3,-4.3,-12.3,9.3,-0.31,0.32,-0.54,0.39,4.1,4.1,13.6,,-11
2102077,MA,2102,Bom Lugar,-45.0206,-4.3462,Santa Inês - Bacabal,,-2.3,-12.3,-4.3,-12.4,4.3,-0.57,0.24,-0.65,0.24,-0.4,12.5,3.8,,2.6
2102101,MA,2101,Brejo,-42.8279,-3.6881,São Luís,-7.7,-4,-12.3,-4.3,-9.6,6.6,-0.31,0.26,-0.37,0.29,0.6,7.4,0.7,-9,-9.3
2102150,MA,2102,Brejo De Areia,-45.5506,-4.3684,Santa Inês - Bacabal,,-2.3,-12.3,-4.3,-11.4,5.1,-0.41,0.19,-0.53,0.26,1.9,7.2,1.1,,-0.8
2102200,MA,2101,Buriti,-43.0021,-3.9013,São Luís,-7.7,-4,-12.3,-4.3,-12.5,9.2,-0.42,0.33,-0.48,0.38,1.4,9,4.7,-8.3,3.1
2102309,MA,2103,Buriti Bravo,-43.8293,-5.7895,Caxias,-6.4,-5.2,-12.3,-4.3,-12.1,2,-0.42,0.12,-0.56,0.1,0,3.6,-1.3,,12.1
2102325,MA,2105,Buriticupu,-46.3424,-4.4913,Imperatriz,-11.5,-4,-12.3,-4.3,-13.4,8.4,-0.39,0.29,-0.57,0.35,3.7,4.7,13.6,,1.9
2102358,MA,2105,Buritirana,-47.0599,-5.5173,Imperatriz,-11.5,-4,-12.3,-4.3,-15.9,7,-0.57,0.19,-0.8,0.34,1.1,2.4,13.4,,2.5
2102374,MA,2101,Cachoeira Grande,-43.93,-3.1201,São Luís,-7.7,-4,-12.3,-4.3,-12.4,9.7,-0.49,0.36,-0.57,0.44,3.5,1.2,17.3,,3.7
2102408,MA,2101,Cajapió,-44.5736,-2.8637,São Luís,-7.7,-4,-12.3,-4.3,-12,7.9,-0.44,0.27,-0.51,0.32,3.3,1.5,15.4,,0.5
2102507,MA,2101,Cajari,-45.0549,-3.3917,São Luís,-7.7,-4,-12.3,-4.3,-9.9,5.2,-0.48,0.31,-0.56,0.27,-0.8,8.2,-2.7,,0.9
2102556,MA,2105,Campestre Do Maranhão,-47.2642,-6.1761,Imperatriz,-11.5,-4,-12.3,-4.3,-12.4,4.1,-0.5,0.11,-0.72,0.22,-0.1,3.7,2.7,,-4.6
2102606,MA,2102,Cândido Mendes,-45.6769,-1.623,Santa Inês - Bacabal,,-2.3,-12.3,-4.3,-5.1,3.3,-0.19,0.07,-0.25,0.16,5.9,0,9.7,,0
2102705,MA,2101,Cantanhede,-44.2615,-3.6187,São Luís,-7.7,-4,-12.3,-4.3,-10.5,5.7,-0.44,0.32,-0.56,0.29,0.3,9.5,13.5,,-0.4
2102754,MA,2102,Capinzal Do Norte,-44.3055,-4.6832,Santa Inês - Bacabal,,-2.3,-12.3,-4.3,-10.3,3.8,-0.46,0.27,-0.63,0.25,2.1,8.7,-5.1,,28.6
2102804,MA,2105,Carolina,-47.2037,-7.3718,Imperatriz,-11.5,-4,-12.3,-4.3,-8,-0.6,-0.31,-0.15,-0.53,-0.02,0.3,1.9,-0.9,-11.1,-11.5
2102903,MA,2102,Carutapera,-46.0293,-1.3508,Santa Inês - Bacabal,,-2.3,-12.3,-4.3,-5.5,2.1,-0.21,0.05,-0.27,0.13,4.6,0,3.5,,0.6
2103000,MA,2103,Caxias,-43.2908,-4.8615,Caxias,-6.4,-5.2,-12.3,-4.3,-9.9,3.4,-0.44,0.21,-0.51,0.19,-1.4,7.8,2.2,-8.3,-4.8
2103109,MA,2101,Cedral,-44.5928,-1.9791,São Luís,-7.7,-4,-12.3,-4.3,-12.1,7.9,-0.36,0.24,-0.42,0.27,3.8,0.2,7.5,,-4.7
2103125,MA,2101,Central Do Maranhão,-44.858,-2.2513,São Luís,-7.7,-4,-12.3,-4.3,-8.6,5.6,-0.27,0.15,-0.35,0.2,4.8,0.4,18.9,,-9.2
2103158,MA,2102,Centro Do Guilherme,-46.1261,-2.3663,Santa Inês - Bacabal,,-2.3,-12.3,-4.3,-6.6,4.4,-0.26,0.07,-0.38,0.24,1.7,3.6,-0.9,,-8.9
2103174,MA,2102,Centro Novo Do Maranhão,-46.5371,-3.0842,Santa Inês - Bacabal,,-2.3,-12.3,-4.3,-8.2,5.7,-0.34,0.19,-0.46,0.31,1.2,5.4,0.2,,3.1
2103208,MA,2101,Chapadinha,-43.4537,-3.8478,São Luís,-7.7,-4,-12.3,-4.3,-11.4,8.9,-0.48,0.32,-0.53,0.4,3,10.3,2.3,-8.1,-7.5
2103257,MA,2105,Cidelândia,-47.83,-5.0557,Imperatriz,-11.5,-4,-12.3,-4.3,-13.5,8.8,-0.51,0.33,-0.7,0.42,1.6,2.1,0.6,,-4.1
2103307,MA,2103,Codó,-43.8851,-4.6074,Caxias,-6.4,-5.2,-12.3,-4.3,-10.5,5.9,-0.38,0.26,-0.51,0.27,-0.5,8.6,-3.5,,13.7
2103406,MA,2103,Coelho Neto,-43.1101,-4.2478,Caxias,-6.4,-5.2,-12.3,-4.3,-15.3,12.5,-0.59,0.48,-0.68,0.56,-0.8,8.9,1.7,,-3.5
2103505,MA,2104,Colinas,-44.1831,-6.0539,Presidente Dutra,-7.7,-4.4,-12.3,-4.3,-9.8,2.3,-0.33,0.1,-0.49,0.11,0.3,2.3,2.6,2.4,9
2103554,MA,2102,Conceição Do Lago-Açu,-44.8378,-3.7972,Santa Inês - Bacabal,,-2.3,-12.3,-4.3,-11.8,5.4,-0.52,0.29,-0.59,0.26,1.9,11.3,8.2,,9.5
2103604,MA,2103,Coroatá,-44.145,-4.1029,Caxias,-6.4,-5.2,-12.3,-4.3,-11.2,3.9,-0.51,0.2,-0.64,0.23,1.4,10.2,11,,9.9
2103703,MA,2101,Cururupu,-44.819,-1.6858,São Luís,-7.7,-4,-12.3,-4.3,-8.7,6.6,-0.27,0.16,-0.32,0.22,4.7,0.2,15.9,,-5.4
2103752,MA,2105,Davinópolis,-47.2988,-5.5974,Imperatriz,-11.5,-4,-12.3,-4.3,-15.3,5.7,-0.53,0.15,-0.78,0.29,0.8,5.8,10.9,,9.7
2103802,MA,2104,Dom Pedro,-44.3982,-5.0208,Presidente Dutra,-7.7,-4.4,-12.3,-4.3,-11.5,2,-0.43,0.11,-0.74,0.16,1.3,5.8,5.8,,5
2103901,MA,2103,Duque Bacelar,-43.0108,-4.0997,Caxias,-6.4,-5.2,-12.3,-4.3,-12,10.5,-0.43,0.36,-0.51,0.44,0.8,9,-1.9,,-14.1
2104008,MA,2102,Esperantinópolis,-44.8912,-4.8968,Santa Inês - Bacabal,,-2.3,-12.3,-4.3,-15.3,5.3,-0.64,0.3,-0.81,0.29,0.6,8.2,-2.5,,0.7
2104057,MA,2105,Estreito,-47.1989,-6.783,Imperatriz,-11.5,-4,-12.3,-4.3,-8.9,2.4,-0.46,0.05,-0.61,0.16,0.3,1.4,-3.9,-8.5,6
2104073,MA,2105,Feira Nova Do Maranhão,-46.6232,-6.9978,Imperatriz,-11.5,-4,-12.3,-4.3,-12.9,7.9,-0.44,0.25,-0.72,0.4,-0.4,1.4,-0.9,-4.4,-1.6
2104081,MA,2105,Fernando Falcão,-45.3061,-6.1734,Imperatriz,-11.5,-4,-12.3,-4.3,-13.9,7,-0.47,0.24,-0.64,0.28,0.6,2.9,-1.5,,3.5
2104099,MA,2105,Formosa Da Serra Negra,-46.1749,-6.5272,Imperatriz,-11.5,-4,-12.3,-4.3,-15.7,8.4,-0.54,0.26,-0.77,0.36,0.4,4,0.6,,-5.4
2104107,MA,2105,Fortaleza Dos Nogueiras,-46.0831,-6.9659,Imperatriz,-11.5,-4,-12.3,-4.3,-14.9,7.5,-0.48,0.21,-0.82,0.36,-0.3,1.1,2,-8.9,-6
2104206,MA,2104,Fortuna,-44.0288,-5.6681,Presidente Dutra,-7.7,-4.4,-12.3,-4.3,-10.4,2.2,-0.36,0.15,-0.54,0.14,0.1,3.2,1.5,,1.8
2104305,MA,2102,Godofredo Viana,-45.7683,-1.3786,Santa Inês - Bacabal,,-2.3,-12.3,-4.3,-4.7,1.9,-0.18,0.03,-0.23,0.12,6.2,-0.2,9.7,,-5.1
2104404,MA,2104,Gonçalves Dias,-44.1742,-5.1561,Presidente Dutra,-7.7,-4.4,-12.3,-4.3,-10.4,2.6,-0.37,0.21,-0.64,0.2,1,5.7,-3.3,,-5.9
2104503,MA,2104,Governador Archer,-44.2205,-4.9985,Presidente Dutra,-7.7,-4.4,-12.3,-4.3,-9.7,2,-0.38,0.16,-0.63,0.18,1.8,7,-0.3,,-3.4
2104552,MA,2105,Governador Edison Lobão,-47.3241,-5.7171,Imperatriz,-11.5,-4,-12.3,-4.3,-14.7,5.5,-0.58,0.12,-0.76,0.28,0.8,5,2,,4.5
2104602,MA,2104,Governador Eugênio Barros,-44.0676,-5.3859,Presidente Dutra,-7.7,-4.4,-12.3,-4.3,-9.7,0.9,-0.34,0.13,-0.51,0.08,-0.1,5.1,-2.8,,-3.6
2104628,MA,2104,Governador Luiz Rocha,-44.0948,-5.5375,Presidente Dutra,-7.7,-4.4,-12.3,-4.3,-10.8,1.9,-0.37,0.12,-0.56,0.11,0.5,3.5,1,,2.7
2104651,MA,2102,Governador Newton Bello,-45.9236,-3.4223,Santa Inês - Bacabal,,-2.3,-12.3,-4.3,-6.2,4.1,-0.19,0.15,-0.39,0.23,0.2,7,-2.4,,-3.1
2104677,MA,2102,Governador Nunes Freire,-45.8181,-2.0614,Santa Inês - Bacabal,,-2.3,-12.3,-4.3,-5.1,4.9,-0.19,0.1,-0.28,0.24,6.7,0.5,6.2,,-12.2
2104701,MA,2104,Graça Aranha,-44.3182,-5.4185,Presidente Dutra,-7.7,-4.4,-12.3,-4.3,-9.5,1,-0.28,0.07,-0.54,0.09,0.7,4.4,-1.1,,-5.3
2104800,MA,2105,Grajaú,-46.0148,-5.8414,Imperatriz,-11.5,-4,-12.3,-4.3,-14.2,5.9,-0.52,0.18,-0.7,0.26,1.8,6.5,0.4,-7.4,-8.2
2104909,MA,2101,Guimarães,-44.6436,-2.1468,São Luís,-7.7,-4,-12.3,-4.3,-11.1,6.9,-0.33,0.22,-0.41,0.24,5.2,0.3,18.6,,-8
2105005,MA,2101,Humberto De Campos,-43.5816,-2.6137,São Luís,-7.7,-4,-12.3,-4.3,-14.3,9,-0.48,0.29,-0.54,0.34,0.2,-0.5,11.9,,-5.6
2105104,MA,2101,Icatu,-43.8698,-2.6209,São Luís,-7.7,-4,-12.3,-4.3,-14.6,10.5,-0.48,0.33,-0.54,0.39,1.3,0.9,7.7,,-2.4
2105153,MA,2102,Igarapé Do Meio,-45.123,-3.6564,Santa Inês - Bacabal,,-2.3,-12.3,-4.3,-8.6,2.7,-0.4,0.17,-0.48,0.16,1.3,9.9,4,,-0.4
2105203,MA,2102,Igarapé Grande,-44.8183,-4.5861,Santa Inês - Bacabal,,-2.3,-12.3,-4.3,-15,5.6,-0.72,0.32,-0.78,0.31,0.8,12.2,-0.7,,4.4
2105302,MA,2105,Imperatriz,-47.5755,-5.34,Imperatriz,-11.5,-4,-12.3,-4.3,-12.9,4.7,-0.4,0.1,-0.62,0.22,1.3,5.5,2.8,,0.5
2105351,MA,2105,Itaipava Do Grajaú,-45.68,-5.1852,Imperatriz,-11.5,-4,-12.3,-4.3,-16.1,5.5,-0.49,0.18,-0.71,0.23,0.6,6,14.7,,-6.6
2105401,MA,2101,Itapecuru Mirim,-44.2769,-3.3879,São Luís,-7.7,-4,-12.3,-4.3,-11,7,-0.46,0.37,-0.55,0.34,0.8,4.4,9.3,,-0.8
2105427,MA,2105,Itinga Do Maranhão,-47.2604,-4.2705,Imperatriz,-11.5,-4,-12.3,-4.3,-13.6,10.9,-0.44,0.42,-0.63,0.49,3.1,3.3,18.3,,-2
2105450,MA,2104,Jatobá,-44.2943,-5.8525,Presidente Dutra,-7.7,-4.4,-12.3,-4.3,-10.6,3,-0.34,0.15,-0.53,0.15,0.8,2.5,-3.3,,-0.3
2105476,MA,2105,Jenipapo Dos Vieiras,-45.5756,-5.3901,Imperatriz,-11.5,-4,-12.3,-4.3,-18.1,5.8,-0.5,0.16,-0.76,0.24,0,4.1,20,,-5.6
2105500,MA,2105,João Lisboa,-47.1763,-5.2212,Imperatriz,-11.5,-4,-12.3,-4.3,-13.4,6.9,-0.4,0.18,-0.61,0.3,2.2,2.3,3.7,,-10.3
2105609,MA,2102,Joselândia,-44.7565,-5.0136,Santa Inês - Bacabal,,-2.3,-12.3,-4.3,-12.9,3.2,-0.52,0.19,-0.76,0.2,0.8,7.8,-1.7,,25.1
2105658,MA,2102,Junco Do Maranhão,-46.115,-1.9168,Santa Inês - Bacabal,,-2.3,-12.3,-4.3,-6.1,3.9,-0.21,0.03,-0.31,0.21,3.9,1.7,6.4,,12.9
2105708,MA,2102,Lago Da Pedra,-45.2061,-4.7403,Santa Inês - Bacabal,,-2.3,-12.3,-4.3,-14,5.3,-0.55,0.25,-0.68,0.27,0,6.7,1,,-10.5
2105807,MA,2102,Lago Do Junco,-44.9834,-4.5434,Santa Inês - Bacabal,,-2.3,-12.3,-4.3,-13.5,5.1,-0.64,0.29,-0.71,0.29,0.1,11.3,-1.9,,20.1
2105906,MA,2102,Lago Verde,-44.8849,-3.9909,Santa Inês - Bacabal,,-2.3,-12.3,-4.3,-12.6,5.1,-0.59,0.29,-0.63,0.23,1.1,12.6,-0.4,,-4
2105922,MA,2104,Lagoa Do Mato,-43.4967,-6.0584,Presidente Dutra,-7.7,-4.4,-12.3,-4.3,-12.5,3.1,-0.47,0.13,-0.6,0.16,0.3,3.5,7.3,,-17.4
2105948,MA,2102,Lago Dos Rodrigues,-44.9353,-4.6001,Santa Inês - Bacabal,,-2.3,-12.3,-4.3,-13.5,5.1,-0.64,0.29,-0.71,0.29,0.1,11.3,-1.9,,21.8
2105963,MA,2102,Lagoa Grande Do Maranhão,-45.4052,-4.9298,Santa Inês - Bacabal,,-2.3,-12.3,-4.3,-16.4,7,-0.59,0.34,-0.74,0.31,-0.2,6.1,0.9,,-10.5
2105989,MA,2105,Lajeado Novo,-46.9252,-6.1039,Imperatriz,-11.5,-4,-12.3,-4.3,-15.5,7.3,-0.65,0.25,-0.83,0.36,0.9,4.4,0.4,,11.7
2106003,MA,2102,Lima Campos,-44.4639,-4.5567,Santa Inês - Bacabal,,-2.3,-12.3,-4.3,-12.6,5,-0.64,0.34,-0.76,0.29,1.2,11.6,4.3,,23
2106102,MA,2105,Loreto,-45.2197,-7.2217,Imperatriz,-11.5,-4,-12.3,-4.3,-7.5,3,-0.13,-0.07,-0.42,0.08,-0.7,5.2,-2.2,-10.5,-6.2
2106201,MA,2102,Luís Domingues,-45.891,-1.3911,Santa Inês - Bacabal,,-2.3,-12.3,-4.3,-4.5,1.5,-0.17,0.01,-0.23,0.11,6.4,-0.3,2.3,,6.8
2106300,MA,2101,Magalhães De Almeida,-42.185,-3.3016,São Luís,-7.7,-4,-12.3,-4.3,-9.7,5.3,-0.32,0.14,-0.37,0.18,3.3,-3,3.7,-14.8,-1.3
2106326,MA,2102,Maracaçumé,-45.9943,-1.9827,Santa Inês - Bacabal,,-2.3,-12.3,-4.3,-5.6,4.5,-0.21,0.08,-0.29,0.22,5.9,0.5,4.8,,-6.9
2106359,MA,2102,Marajá Do Sena,-45.6343,-4.7009,Santa Inês - Bacabal,,-2.3,-12.3,-4.3,-12.8,4,-0.45,0.16,-0.59,0.2,-0.1,4.1,0.6,,-0.6
2106375,MA,2102,Maranhãozinho,-45.9868,-2.4486,Santa Inês - Bacabal,,-2.3,-12.3,-4.3,-6.4,5,-0.22,0.08,-0.37,0.26,4.5,4.9,15.6,,-6.5
2106409,MA,2101,Mata Roma,-43.2269,-3.6255,São Luís,-7.7,-4,-12.3,-4.3,-12.8,10,-0.47,0.38,-0.51,0.4,0.4,10.3,8.2,-8.1,-7.2
2106508,MA,2101,Matinha,-44.9995,-3.0735,São Luís,-7.7,-4,-12.3,-4.3,-9.1,4.9,-0.35,0.19,-0.47,0.25,1.6,6.1,13.3,,-3.4
2106607,MA,2103,Matões,-43.3074,-5.3838,Caxias,-6.4,-5.2,-12.3,-4.3,-9.8,0.6,-0.37,0.07,-0.49,0.08,-0.2,7.4,6.4,,-15.5
2106631,MA,2101,Matões Do Norte,-44.4774,-3.757,São Luís,-7.7,-4,-12.3,-4.3,-11.7,5.7,-0.51,0.3,-0.6,0.28,2.2,10.1,9.7,,6.3
2106672,MA,2101,Milagres Do Maranhão,-42.7936,-3.4966,São Luís,-7.7,-4,-12.3,-4.3,-9.2,4.8,-0.26,0.19,-0.34,0.2,0.5,5.4,12,-8.9,-12.1
2106706,MA,2104,Mirador,-44.942,-6.4522,Presidente Dutra,-7.7,-4.4,-12.3,-4.3,-12.3,7.1,-0.38,0.21,-0.58,0.28,0.4,0.7,1.9,-6.7,10.4
2106755,MA,2101,Miranda Do Norte,-44.5267,-3.5307,São Luís,-7.7,-4,-12.3,-4.3,-12.4,7,-0.5,0.35,-0.58,0.32,0.8,7.6,15.9,,0.8
2106805,MA,2101,Mirinzal,-44.8427,-2.0576,São Luís,-7.7,-4,-12.3,-4.3,-9,6.5,-0.26,0.19,-0.34,0.22,6,0.3,14.9,,-9.3
2106904,MA,2102,Monção,-45.3236,-3.4819,Santa Inês - Bacabal,,-2.3,-12.3,-4.3,-6.8,2.7,-0.31,0.18,-0.43,0.18,0.7,8.5,8.3,,0.3
2107001,MA,2105,Montes Altos,-47.0419,-5.8566,Imperatriz,-11.5,-4,-12.3,-4.3,-16.5,6.4,-0.67,0.21,-0.85,0.31,0.5,4.3,10,,8.4
2107100,MA,2101,Morros,-43.7774,-2.9716,São Luís,-7.7,-4,-12.3,-4.3,-13.2,10,-0.5,0.34,-0.58,0.44,1,-0.3,15.8,,1
2107209,MA,2101,Nina Rodrigues,-43.8155,-3.4257,São Luís,-7.7,-4,-12.3,-4.3,-11.6,8,-0.46,0.33,-0.53,0.36,0.3,9.2,14.5,,-4.3
2107258,MA,2105,Nova Colinas,-46.264,-7.1433,Imperatriz,-11.5,-4,-12.3,-4.3,-13.7,6.5,-0.42,0.18,-0.77,0.32,-0.3,1.9,-1.6,-5.2,-0.8
2107308,MA,2104,Nova Iorque,-44.0397,-6.749,Presidente Dutra,-7.7,-4.4,-12.3,-4.3,-10.1,4.5,-0.42,0.14,-0.54,0.2,0.7,6.5,1.2,,-9.1
2107357,MA,2102,Nova Olinda Do Maranhão,-45.9552,-2.8963,Santa Inês - Bacabal,,-2.3,-12.3,-4.3,-6.4,4.1,-0.22,0.14,-0.4,0.23,3.3,5.6,9.6,,-0.8
2107407,MA,2102,Olho D'água Das Cunhãs,-45.1196,-4.0934,Santa Inês - Bacabal,,-2.3,-12.3,-4.3,-9.4,3,-0.45,0.18,-0.53,0.17,0.7,11.6,0,,1.9
2107456,MA,2101,Olinda Nova Do Maranhão,-45.007,-2.9786,São Luís,-7.7,-4,-12.3,-4.3,-8.5,4.9,-0.34,0.2,-0.45,0.25,2.6,5.2,12.4,,-4.8
2107506,MA,2101,Paço Do Lumiar,-44.1248,-2.5064,São Luís,-7.7,-4,-12.3,-4.3,-13,8.7,-0.4,0.25,-0.47,0.31,2.6,0.6,11.1,,
2107605,MA,2101,Palmeirândia,-45.0237,-2.6904,São Luís,-7.7,-4,-12.3,-4.3,-8.1,6,-0.28,0.19,-0.39,0.26,6.5,2.4,15.1,,-3.8
2107704,MA,2104,Paraibano,-43.9242,-6.403,Presidente Dutra,-7.7,-4.4,-12.3,-4.3,-9.1,2.5,-0.37,0.08,-0.51,0.11,0.2,2.2,-2.4,,-6.7
2107803,MA,2103,Parnarama,-43.4655,-5.6257,Caxias,-6.4,-5.2,-12.3,-4.3,-10,0.6,-0.36,0.07,-0.45,0.05,-0.2,5.5,3.2,,-19.8
2107902,MA,2104,Passagem Franca,-43.7577,-6.1523,Presidente Dutra,-7.7,-4.4,-12.3,-4.3,-12,2.2,-0.46,0.16,-0.57,0.11,0.1,2.9,0.4,,-12
2108009,MA,2104,Pastos Bons,-44.1808,-6.6328,Presidente Dutra,-7.7,-4.4,-12.3,-4.3,-9.2,3.6,-0.33,0.12,-0.47,0.16,0.2,2.7,-0.4,-7.2,-13.8
2108058,MA,2101,Paulino Neves,-42.6123,-2.8546,São Luís,-7.7,-4,-12.3,-4.3,-8.9,4.9,-0.28,0.15,-0.34,0.17,4.6,2,7.1,,-3.5
2108108,MA,2102,Paulo Ramos,-45.3616,-4.5191,Santa Inês - Bacabal,,-2.3,-12.3,-4.3,-12.3,4.2,-0.5,0.18,-0.61,0.23,-0.2,10.7,4.2,,11.6
2108207,MA,2102,Pedreiras,-44.5904,-4.6219,Santa Inês - Bacabal,,-2.3,-12.3,-4.3,-12.7,4.3,-0.6,0.28,-0.77,0.26,0.8,10.8,0.4,,23.7
2108256,MA,2101,Pedro Do Rosário,-45.4288,-2.9885,São Luís,-7.7,-4,-12.3,-4.3,-6.5,5.9,-0.24,0.27,-0.41,0.31,3.6,5.8,4.8,,-6.7
2108306,MA,2101,Penalva,-45.2911,-3.244,São Luís,-7.7,-4,-12.3,-4.3,-6.9,4.3,-0.3,0.21,-0.44,0.25,1.2,8,2.3,,-8.2
2108405,MA,2101,Peri Mirim,-44.8949,-2.572,São Luís,-7.7,-4,-12.3,-4.3,-8.3,4.4,-0.25,0.14,-0.36,0.19,9.9,0.7,12.4,,-5.8
2108454,MA,2103,Peritoró,-44.2813,-4.4196,Caxias,-6.4,-5.2,-12.3,-4.3,-10.2,4.1,-0.52,0.26,-0.6,0.24,2.3,10,5.2,,9.5
2108504,MA,2102,Pindaré-Mirim,-45.4375,-3.6919,Santa Inês - Bacabal,,-2.3,-12.3,-4.3,-6.6,2.7,-0.27,0.14,-0.41,0.17,0.1,8.6,5.7,,0.1
2108603,MA,2101,Pinheiro,-45.126,-2.4981,São Luís,-7.7,-4,-12.3,-4.3,-8,5.9,-0.27,0.14,-0.37,0.24,6.3,2,16.6,,-4.3
2108702,MA,2102,Pio Xii,-45.093,-3.8525,Santa Inês - Bacabal,,-2.3,-12.3,-4.3,-9.2,3.2,-0.46,0.22,-0.54,0.19,1.3,11.1,3.2,,-3.7
2108801,MA,2101,Pirapemas,-44.1746,-3.7823,São Luís,-7.7,-4,-12.3,-4.3,-8.1,4.3,-0.36,0.23,-0.48,0.26,-0.2,10.3,5.4,,-4.5
2108900,MA,2102,Poção De Pedras,-44.9144,-4.7851,Santa Inês - Bacabal,,-2.3,-12.3,-4.3,-15.4,4.8,-0.65,0.26,-0.78,0.27,1.1,10.2,-1.3,,-5.3
2109007,MA,2105,Porto Franco,-47.1795,-6.368,Imperatriz,-11.5,-4,-12.3,-4.3,-14.4,6.9,-0.62,0.26,-0.8,0.36,0.6,2.6,-1.8,,0.9
2109056,MA,2101,Porto Rico Do Maranhão,-44.6378,-1.8914,São Luís,-7.7,-4,-12.3,-4.3,-9.2,6.3,-0.28,0.17,-0.35,0.22,5.2,0.1,16.2,,-4
2109106,MA,2104,Presidente Dutra,-44.4568,-5.2833,Presidente Dutra,-7.7,-4.4,-12.3,-4.3,-10.6,1.5,-0.34,0.13,-0.66,0.14,0.5,6,-10.3,,-3.3
2109205,MA,2101,Presidente Juscelino,-44.0778,-3.089,São Luís,-7.7,-4,-12.3,-4.3,-13.1,10,-0.48,0.36,-0.56,0.44,2,1.4,9.2,,-0.6
2109239,MA,2102,Presidente Médici,-45.7729,-2.3194,Santa Inês - Bacabal,,-2.3,-12.3,-4.3,-6.4,4.7,-0.23,0.08,-0.36,0.23,4.7,5.1,14,,-0.6
2109270,MA,2101,Presidente Sarney,-45.3598,-2.5876,São Luís,-7.7,-4,-12.3,-4.3,-8.7,6.6,-0.3,0.19,-0.45,0.31,8,5.2,17.6,,-4.9
2109304,MA,2101,Presidente Vargas,-43.9576,-3.3425,São Luís,-7.7,-4,-12.3,-4.3,-12.5,9.3,-0.5,0.38,-0.55,0.4,1.9,5.5,15,,0.2
2109403,MA,2101,Primeira Cruz,-43.3639,-2.7033,São Luís,-7.7,-4,-12.3,-4.3,-12.6,9.2,-0.42,0.3,-0.49,0.35,3.8,0.9,18,,-1.2
2109452,MA,2101,Raposa,-44.0883,-2.4335,São Luís,-7.7,-4,-12.3,-4.3,-12.6,8.1,-0.41,0.24,-0.47,0.3,3,0.6,3.9,,
2109502,MA,2105,Riachão,-46.6535,-7.5962,Imperatriz,-11.5,-4,-12.3,-4.3,-11.2,3.7,-0.37,0.06,-0.69,0.23,-0.1,2.4,-0.1,-12.6,-4.3
2109551,MA,2105,Ribamar Fiquene,-47.3147,-5.9613,Imperatriz,-11.5,-4,-12.3,-4.3,-12.9,4.3,-0.53,0.06,-0.73,0.21,0.3,5.2,4,,14.7
2109601,MA,2101,Rosário,-44.2031,-2.9443,São Luís,-7.7,-4,-12.3,-4.3,-13.1,9.1,-0.49,0.32,-0.55,0.38,2.6,1.6,-0.7,,3.9
2109700,MA,2105,Sambaíba,-45.5566,-7.4333,Imperatriz,-11.5,-4,-12.3,-4.3,-11.8,5.9,-0.29,0.07,-0.68,0.27,-0.8,4,0.9,-9.7,-8.8
2109759,MA,2104,Santa Filomena Do Maranhão,-44.6173,-5.5129,Presidente Dutra,-7.7,-4.4,-12.3,-4.3,-12,4.1,-0.41,0.14,-0.64,0.21,1,4.9,0.9,,-10.2
2109809,MA,2101,Santa Helena,-45.3831,-2.4265,São Luís,-7.7,-4,-12.3,-4.3,-7.7,6,-0.26,0.16,-0.39,0.27,8.2,4.2,15.5,,-5.1
2109908,MA,2102,Santa Inês,-45.4502,-3.8111,Santa Inês - Bacabal,,-2.3,-12.3,-4.3,-6.6,1.2,-0.26,0.07,-0.39,0.09,0.6,9.3,1.2,,-4.7
2110005,MA,2102,Santa Luzia,-45.9,-4.2835,Santa Inês - Bacabal,,-2.3,-12.3,-4.3,-10.4,4.7,-0.33,0.17,-0.48,0.23,3.1,7.2,5,,-9.4
2110039,MA,2102,Santa Luzia Do Paruá,-45.7938,-2.5399,Santa Inês - Bacabal,,-2.3,-12.3,-4.3,-5.8,4.4,-0.19,0.08,-0.33,0.22,5.5,5.8,15.2,,0.4
2110104,MA,2101,Santa Quitéria Do Maranhão,-42.9531,-3.3035,São Luís,-7.7,-4,-12.3,-4.3,-9.2,4.2,-0.27,0.17,-0.34,0.17,0,5.3,9,-4.8,-4.9
2110203,MA,2101,Santa Rita,-44.3212,-3.1572,São Luís,-7.7,-4,-12.3,-4.3,-11.5,8.1,-0.47,0.37,-0.53,0.37,0.6,2,14.2,,-4.5
2110237,MA,2101,Santana Do Maranhão,-42.6152,-3.1965,São Luís,-7.7,-4,-12.3,-4.3,-7,3.2,-0.19,0.09,-0.27,0.12,3.6,1.3,9.2,,-2.9
2110278,MA,2101,Santo Amaro Do Maranhão,-43.1842,-2.6195,São Luís,-7.7,-4,-12.3,-4.3,-11.6,7.9,-0.37,0.25,-0.44,0.3,2,0.5,12.6,,-0.1
2110302,MA,2102,Santo Antônio Dos Lopes,-44.4808,-4.8263,Santa Inês - Bacabal,,-2.3,-12.3,-4.3,-11.9,3.3,-0.52,0.22,-0.74,0.24,1.7,8.6,8.3,,2.2
2110401,MA,2101,São Benedito Do Rio Preto,-43.6189,-3.376,São Luís,-7.7,-4,-12.3,-4.3,-11.8,9.3,-0.46,0.32,-0.52,0.39,0.3,8.3,9.8,-6.1,-7.6
2110500,MA,2101,São Bento,-44.9952,-2.795,São Luís,-7.7,-4,-12.3,-4.3,-8.7,6.1,-0.3,0.21,-0.42,0.27,7.5,1.7,16.8,,-2.2
2110609,MA,2101,São Bernardo,-42.4055,-3.3108,São Luís,-7.7,-4,-12.3,-4.3,-6.5,2.6,-0.16,0.09,-0.28,0.12,1.3,0.3,5.3,,4.3
2110658,MA,2104,São Domingos Do Azeitão,-44.6195,-6.8362,Presidente Dutra,-7.7,-4.4,-12.3,-4.3,-8.1,4.1,-0.08,0,-0.44,0.18,-0.8,2.3,8,-11.4,-13.9
2110708,MA,2104,São Domingos Do Maranhão,-44.3366,-5.6385,Presidente Dutra,-7.7,-4.4,-12.3,-4.3,-10.8,3.3,-0.36,0.16,-0.56,0.17,0.8,3.5,-1.4,,-0.5
2110807,MA,2105,São Félix De Balsas,-44.883,-7.0924,Imperatriz,-11.5,-4,-12.3,-4.3,-9.6,4.8,-0.22,0.07,-0.54,0.18,-0.4,6.1,11.5,-13.1,-15.3
2110856,MA,2105,São Francisco Do Brejão,-47.3524,-5.159,Imperatriz,-11.5,-4,-12.3,-4.3,-13.9,6.2,-0.38,0.13,-0.59,0.27,2.2,2.4,2.6,,-0.6
2110906,MA,2104,São Francisco Do Maranhão,-43.1225,-6.2116,Presidente Dutra,-7.7,-4.4,-12.3,-4.3,-13.1,2.2,-0.62,0.14,-0.68,0.14,0.9,8.9,3.4,,-17.1
2111003,MA,2101,São João Batista,-44.7598,-3.0024,São Luís,-7.7,-4,-12.3,-4.3,-11.1,5.9,-0.48,0.27,-0.54,0.28,1.2,3.5,9,,6
2111029,MA,2102,São João Do Carú,-46.3923,-3.5609,Santa Inês - Bacabal,,-2.3,-12.3,-4.3,-8.8,5.1,-0.29,0.16,-0.44,0.24,1.2,8.4,1.5,,1
2111052,MA,2105,São João Do Paraíso,-46.9001,-6.4633,Imperatriz,-11.5,-4,-12.3,-4.3,-14.3,7.5,-0.64,0.24,-0.78,0.37,1,2.4,0,,-1.3
2111078,MA,2103,São João Do Soter,-43.7663,-5.0404,Caxias,-6.4,-5.2,-12.3,-4.3,-10.3,1.3,-0.37,0.13,-0.51,0.09,-0.7,6.1,1.1,,7.9
2111102,MA,2104,São João Dos Patos,-43.6398,-6.5568,Presidente Dutra,-7.7,-4.4,-12.3,-4.3,-9.7,4.1,-0.45,0.19,-0.55,0.18,0.4,4.1,4.6,,-11
2111201,MA,2101,São José De Ribamar,-44.0913,-2.5806,São Luís,-7.7,-4,-12.3,-4.3,-13,8.7,-0.4,0.25,-0.47,0.31,2.6,0.6,11.1,,
2111250,MA,2104,São José Dos Basílios,-44.5702,-5.0381,Presidente Dutra,-7.7,-4.4,-12.3,-4.3,-12.7,2.6,-0.49,0.16,-0.74,0.18,0.7,8,3.2,,0
2111300,MA,2101,São Luís,-44.3066,-2.6344,São Luís,-7.7,-4,-12.3,-4.3,-13,8.6,-0.42,0.26,-0.48,0.32,3.7,0.9,7.8,,
2111409,MA,2102,São Luís Gonzaga Do Maranhão,-44.6408,-4.3807,Santa Inês - Bacabal,,-2.3,-12.3,-4.3,-12.8,5.9,-0.69,0.38,-0.75,0.33,1,13.1,2,,-2
2111508,MA,2102,São Mateus Do Maranhão,-44.5267,-3.9868,Santa Inês - Bacabal,,-2.3,-12.3,-4.3,-11.6,5.4,-0.56,0.31,-0.62,0.27,0.9,12,7.7,,5.9
2111532,MA,2105,São Pedro Da Água Branca,-48.3707,-5.1336,Imperatriz,-11.5,-4,-12.3,-4.3,-13,9.6,-0.67,0.47,-0.8,0.55,0.4,3.3,2,,-1.2
2111573,MA,2105,São Pedro Dos Crentes,-46.7051,-6.8207,Imperatriz,-11.5,-4,-12.3,-4.3,-13.6,7.1,-0.52,0.23,-0.73,0.34,-0.3,1.4,-2.7,-5.7,-3.5
2111607,MA,2105,São Raimundo Das Mangabeiras,-45.6904,-7.0141,Imperatriz,-11.5,-4,-12.3,-4.3,-13.3,8.9,-0.42,0.25,-0.7,0.38,0.1,4.6,-1.4,-7.7,-0.4
2111631,MA,2102,São Raimundo Do Doca Bezerra,-45.1465,-5.0893,Santa Inês - Bacabal,,-2.3,-12.3,-4.3,-15.9,5,-0.54,0.19,-0.76,0.23,1.5,5.1,9.7,,-2.3
2111672,MA,2102,São Roberto,-45.0365,-5.0183,Santa Inês - Bacabal,,-2.3,-12.3,-4.3,-15.5,4.3,-0.55,0.18,-0.75,0.2,1.4,5.9,4.6,,10.5
2111706,MA,2101,São Vicente Ferrer,-44.9436,-2.8776,São Luís,-7.7,-4,-12.3,-4.3,-8.3,5.3,-0.32,0.21,-0.45,0.27,1.3,2.9,11.8,,4.8
2111722,MA,2102,Satubinha,-45.26,-3.9397,Santa Inês - Bacabal,,-2.3,-12.3,-4.3,-7.8,1.7,-0.35,0.1,-0.47,0.11,1.2,10.5,1.3,,-0.7
2111748,MA,2104,Senador Alexandre Costa,-43.9847,-5.2618,Presidente Dutra,-7.7,-4.4,-12.3,-4.3,-11.1,1.8,-0.4,0.12,-0.58,0.13,0,5.8,2.1,,-9.9
2111763,MA,2105,Senador La Rocque,-47.1085,-5.3256,Imperatriz,-11.5,-4,-12.3,-4.3,-15,7.5,-0.5,0.22,-0.72,0.35,1.9,2.4,10.3,,5.4
2111789,MA,2101,Serrano Do Maranhão,-45.0183,-1.867,São Luís,-7.7,-4,-12.3,-4.3,-9.8,7.4,-0.3,0.18,-0.35,0.24,3.5,0.2,15.9,,-3.9
2111805,MA,2105,Sítio Novo,-46.5965,-6.2267,Imperatriz,-11.5,-4,-12.3,-4.3,-16.7,10.7,-0.64,0.37,-0.8,0.47,0.5,4.7,0.7,,14.9
2111904,MA,2104,Sucupira Do Norte,-44.339,-6.5098,Presidente Dutra,-7.7,-4.4,-12.3,-4.3,-10.5,5.1,-0.33,0.14,-0.52,0.24,-0.8,3.9,-2.1,-8.8,-21.8
2111953,MA,2104,Sucupira Do Riachão,-43.4965,-6.4541,Presidente Dutra,-7.7,-4.4,-12.3,-4.3,-10.8,2.9,-0.47,0.19,-0.62,0.16,0.2,5.6,5.1,,-9.8
2112001,MA,2105,Tasso Fragoso,-45.8848,-8.3321,Imperatriz,-11.5,-4,-12.3,-4.3,-4.5,-1.3,-0.06,-0.14,-0.31,-0.09,-0.5,2.3,1.8,-10.5,-3
2112100,MA,2103,Timbiras,-43.8131,-4.1521,Caxias,-6.4,-5.2,-12.3,-4.3,-9.1,4.8,-0.36,0.2,-0.48,0.25,0.9,9.1,13.3,,-2.8
2112209,MA,2103,Timon,-42.9809,-5.1838,Caxias,-6.4,-5.2,-12.3,-4.3,-10,3.4,-0.43,0.18,-0.53,0.22,-0.1,9.5,-2.1,,-16.2
2112233,MA,2102,Trizidela Do Vale,-44.6713,-4.5285,Santa Inês - Bacabal,,-2.3,-12.3,-4.3,-13.6,5.3,-0.7,0.34,-0.77,0.29,0.7,11.7,-0.8,,-7.6
2112274,MA,2102,Tufilândia,-45.5818,-3.7581,Santa Inês - Bacabal,,-2.3,-12.3,-4.3,-6.2,1.6,-0.22,0.08,-0.36,0.1,0.1,8.7,6.7,,2
2112308,MA,2104,Tuntum,-44.7299,-5.6101,Presidente Dutra,-7.7,-4.4,-12.3,-4.3,-13,5.4,-0.37,0.15,-0.58,0.23,1.7,5.1,1.6,,-8.3
2112407,MA,2101,Turiaçu,-45.4651,-1.7695,São Luís,-7.7,-4,-12.3,-4.3,-6.6,5.4,-0.23,0.12,-0.28,0.2,3.5,0.8,12.8,,-6.6
2112456,MA,2101,Turilândia,-45.4379,-2.1589,São Luís,-7.7,-4,-12.3,-4.3,-6.1,6,-0.21,0.12,-0.3,0.25,6.9,1.8,7.2,,-5.3
2112506,MA,2101,Tutóia,-42.3861,-2.9114,São Luís,-7.7,-4,-12.3,-4.3,-10.9,5.7,-0.36,0.16,-0.41,0.2,2.7,-2.3,10.6,,-3.9
2112605,MA,2101,Urbano Santos,-43.3435,-3.3035,São Luís,-7.7,-4,-12.3,-4.3,-9.3,6,-0.33,0.22,-0.39,0.24,3.5,7.4,10.9,-11.1,0.6
2112704,MA,2101,Vargem Grande,-43.854,-3.7119,São Luís,-7.7,-4,-12.3,-4.3,-11,6.1,-0.47,0.27,-0.56,0.32,0.4,9.9,10.2,,-8.6
2112803,MA,2101,Viana,-45.003,-3.1567,São Luís,-7.7,-4,-12.3,-4.3,-11,6,-0.48,0.28,-0.55,0.29,0.6,6.9,7,,-3.2
2112852,MA,2105,Vila Nova Dos Martírios,-48.0811,-5.0753,Imperatriz,-11.5,-4,-12.3,-4.3,-13.3,9.2,-0.6,0.4,-0.79,0.51,1.2,1.8,3.8,,19.1
2112902,MA,2101,Vitória Do Mearim,-44.9222,-3.5675,São Luís,-7.7,-4,-12.3,-4.3,-9.9,5,-0.48,0.3,-0.56,0.27,1.4,9.8,6.6,,-1.2
2113009,MA,2102,Vitorino Freire,-45.3178,-4.2214,Santa Inês - Bacabal,,-2.3,-12.3,-4.3,-10.3,3,-0.44,0.16,-0.53,0.18,0.6,11.7,2.4,,-5.1
2114007,MA,2102,Zé Doca,-45.9676,-3.276,Santa Inês - Bacabal,,-2.3,-12.3,-4.3,-7.7,5.2,-0.25,0.2,-0.45,0.29,2,6.7,2.9,,-3.1
2200053,PI,2203,Acauã,-41.0033,-8.3061,Picos,,-6.1,-15.8,-12.5,-9.2,2.5,-0.22,-0.02,-0.37,0.13,0,5.9,3.8,,-7
2200103,PI,2201,Agricolândia,-42.6835,-5.7686,Teresina,-5.1,-16.4,-15.8,-12.5,-11.5,5,-0.42,0.23,-0.58,0.24,0,7.2,-6.7,,-22.2
2200202,PI,2201,Água Branca,-42.6287,-5.9142,Teresina,-5.1,-16.4,-15.8,-12.5,-12.9,4.5,-0.48,0.18,-0.66,0.22,-0.9,7.3,0.7,,-24.9
2200251,PI,2203,Alagoinha Do Piauí,-40.9216,-6.9276,Picos,,-6.1,-15.8,-12.5,-13.6,-1.4,-0.34,0.03,-0.48,0.08,1,9.2,0.9,,134.6
2200277,PI,2203,Alegrete Do Piauí,-40.7875,-7.1947,Picos,,-6.1,-15.8,-12.5,-12.9,-1,-0.38,0.04,-0.47,0.09,0.3,4.4,-1.6,,41.1
2200301,PI,2201,Alto Longá,-42.1555,-5.3817,Teresina,-5.1,-16.4,-15.8,-12.5,-10.5,4.8,-0.39,0.16,-0.47,0.25,-0.1,8.5,3.1,,-8.2
2200400,PI,2201,Altos,-42.4693,-5.0144,Teresina,-5.1,-16.4,-15.8,-12.5,-9.2,4.3,-0.34,0.17,-0.46,0.25,-1.7,9.2,1.7,,-29.8
2200459,PI,2205,Alvorada Do Gurguéia,-43.9685,-8.4564,Corrente - Bom Jesus,-12.8,-10.7,-15.8,-12.5,-5.3,-4.5,-0.01,-0.19,-0.25,-0.13,1.7,10.2,-0.7,-9.7,-17.5
2200509,PI,2201,Amarante,-42.7882,-6.368,Teresina,-5.1,-16.4,-15.8,-12.5,-13.8,5.2,-0.57,0.21,-0.7,0.25,-0.2,9.7,3.6,,-10.7
2200608,PI,2201,Angical Do Piauí,-42.7508,-6.1072,Teresina,-5.1,-16.4,-15.8,-12.5,-13.4,5.6,-0.54,0.23,-0.67,0.26,-0.4,8.6,-9.6,,-22.5
2200707,PI,2204,Anísio De Abreu,-43.0429,-9.2206,São Raimundo Nonato,,8.3,-15.8,-12.5,-6.9,-4.6,-0.13,-0.19,-0.39,-0.11,0.1,3,7.7,,98.2
2200806,PI,2206,Antônio Almeida,-44.203,-7.218,Floriano,-17.3,-9.5,-15.8,-12.5,-11.5,4.7,-0.3,0.04,-0.54,0.18,0.1,5,1.7,-15.7,27.6
2200905,PI,2201,Aroazes,-41.8294,-6.1246,Teresina,-5.1,-16.4,-15.8,-12.5,-11.6,5.4,-0.38,0.17,-0.52,0.27,0.7,7.6,1.4,,-26.2
2200954,PI,2203,Aroeiras Do Itaim,-41.5229,-7.245,Picos,,-6.1,-15.8,-12.5,-6.3,0.1,-0.29,0.03,-0.39,0.1,-0.1,9.6,10.7,,-16.2
2201002,PI,2206,Arraial,-42.5211,-6.618,Floriano,-17.3,-9.5,-15.8,-12.5,-9.8,0.9,-0.3,-0.03,-0.49,0.08,0.2,8.3,10.7,,-3.8
2201051,PI,2201,Assunção Do Piauí,-41.0682,-5.8803,Teresina,-5.1,-16.4,-15.8,-12.5,-9.3,-3.3,-0.21,-0.09,-0.3,-0.01,1.9,4.7,-4.9,,13.1
2201101,PI,2205,Avelino Lopes,-43.9535,-10.1679,Corrente - Bom Jesus,-12.8,-10.7,-15.8,-12.5,-3.9,-2.1,0.02,-0.21,-0.26,-0.06,-0.2,6.8,-5,,-1.8
2201150,PI,2206,Baixa Grande Do Ribeiro,-45.1605,-8.5062,Floriano,-17.3,-9.5,-15.8,-12.5,-5.4,1.2,-0.13,0.04,-0.38,0.07,-0.6,4.3,-5.5,-7.6,-13.2
2201176,PI,2201,Barra D'alcântara,-42.1061,-6.529,Teresina,-5.1,-16.4,-15.8,-12.5,-10.2,1.6,-0.3,0.09,-0.49,0.14,-0.4,5.2,10.4,,-6.3
2201200,PI,2201,Barras,-42.3674,-4.1889,Teresina,-5.1,-16.4,-15.8,-12.5,-11.7,5.6,-0.35,0.19,-0.49,0.23,0.5,7.6,15.8,,-27.4
2201309,PI,2205,Barreiras Do Piauí,-45.6944,-9.9834,Corrente - Bom Jesus,-12.8,-10.7,-15.8,-12.5,-8,1.1,-0.16,-0.07,-0.49,0.11,1,2.5,1.1,,-11.6
2201408,PI,2201,Barro Duro,-42.4898,-5.8147,Teresina,-5.1,-16.4,-15.8,-12.5,-11.7,4.1,-0.44,0.18,-0.59,0.22,-0.1,7.8,-2.7,,-11.9
2201507,PI,2202,Batalha,-42.0579,-4.0163,Parnaíba,-9,-20.3,-15.8,-12.5,-9.8,6.4,-0.3,0.2,-0.42,0.26,0.9,7.5,14.8,,-27.3
2201556,PI,2203,Bela Vista Do Piauí,-41.8548,-7.9966,Picos,,-6.1,-15.8,-12.5,-6.1,-0.3,-0.23,0.03,-0.27,0.04,0.6,6.1,3.1,,-6.1
2201572,PI,2203,Belém Do Piauí,-40.9814,-7.3915,Picos,,-6.1,-15.8,-12.5,-8.8,-3,-0.27,-0.02,-0.39,0.03,-1,9,3.1,,88.1
2201606,PI,2201,Beneditinos,-42.4062,-5.4692,Teresina,-5.1,-16.4,-15.8,-12.5,-9.4,5.5,-0.41,0.2,-0.46,0.29,-1.1,8.7,3.3,,-20.2
2201705,PI,2206,Bertolínia,-43.8768,-7.7461,Floriano,-17.3,-9.5,-15.8,-12.5,-11.9,2.7,-0.41,0.19,-0.58,0.15,1.3,10.7,4.6,,-11.7
2201739,PI,2203,Betânia Do Piauí,-40.7524,-8.1155,Picos,,-6.1,-15.8,-12.5,-8.8,1.3,-0.18,-0.02,-0.35,0.1,-0.3,4.6,-0.9,,18.7
2201770,PI,2201,Boa Hora,-42.1075,-4.3553,Teresina,-5.1,-16.4,-15.8,-12.5,-11.6,6.3,-0.34,0.22,-0.46,0.26,2.8,8.6,12.6,,-8.4
2201804,PI,2203,Bocaina,-41.3077,-6.9064,Picos,,-6.1,-15.8,-12.5,-7.6,1.2,-0.26,0.1,-0.4,0.14,0.6,8.4,7.6,,2
2201903,PI,2205,Bom Jesus,-44.5417,-9.2471,Corrente - Bom Jesus,-12.8,-10.7,-15.8,-12.5,-8.6,-1.1,-0.13,-0.08,-0.47,0.02,1.4,7.1,-3.9,-9.6,-8.3
2201919,PI,2202,Bom Princípio Do Piauí,-41.6296,-3.1594,Parnaíba,-9,-20.3,-15.8,-12.5,-13.9,10.3,-0.37,0.23,-0.4,0.27,11.5,-0.8,4,,-26
2201929,PI,2204,Bonfim Do Piauí,-42.8762,-9.1725,São Raimundo Nonato,,8.3,-15.8,-12.5,-10.1,-3.3,-0.19,-0.14,-0.44,-0.03,-0.4,2.1,5.2,,90.7
2201945,PI,2201,Boqueirão Do Piauí,-42.1077,-4.5365,Teresina,-5.1,-16.4,-15.8,-12.5,-11.4,6.6,-0.38,0.22,-0.46,0.26,-1.6,8.5,8.3,,-26.4
2201960,PI,2202,Brasileira,-41.6386,-4.1199,Parnaíba,-9,-20.3,-15.8,-12.5,-10.2,4.6,-0.33,0.14,-0.4,0.21,-0.3,9.5,3.5,,-15.7
2201988,PI,2206,Brejo Do Piauí,-42.7917,-8.3954,Floriano,-17.3,-9.5,-15.8,-12.5,-7.8,-2.4,-0.22,-0.02,-0.37,-0.03,0.5,4.3,2.3,,8.8
2202000,PI,2202,Buriti Dos Lopes,-41.803,-3.2396,Parnaíba,-9,-20.3,-15.8,-12.5,-13.3,9.5,-0.4,0.25,-0.43,0.29,6.5,-1.1,0.1,,-18.1
2202026,PI,2201,Buriti Dos Montes,-41.2234,-5.1435,Teresina,-5.1,-16.4,-15.8,-12.5,-10.5,3.6,-0.28,0.06,-0.3,0.1,-3.7,6.3,-5.9,,-11
2202059,PI,2201,Cabeceiras Do Piauí,-42.3365,-4.4304,Teresina,-5.1,-16.4,-15.8,-12.5,-10.7,6,-0.29,0.19,-0.44,0.24,-0.2,8,8,,-19.6
2202075,PI,2203,Cajazeiras Do Piauí,-42.4591,-6.7818,Picos,,-6.1,-15.8,-12.5,-9.7,0.9,-0.29,-0.01,-0.47,0.11,0.1,8.9,5.6,,-24
2202083,PI,2202,Cajueiro Da Praia,-41.3609,-2.9927,Parnaíba,-9,-20.3,-15.8,-12.5,-11.7,9.9,-0.28,0.23,-0.29,0.24,13.8,-0.8,1.5,,-16.3
2202091,PI,2203,Caldeirão Grande Do Piauí,-40.6285,-7.3058,Picos,,-6.1,-15.8,-12.5,-14,1.4,-0.42,0.09,-0.53,0.15,-0.7,2.3,-3.3,,13.6
2202109,PI,2203,Campinas Do Piauí,-41.8665,-7.65,Picos,,-6.1,-15.8,-12.5,-5.5,1.6,-0.22,0.07,-0.3,0.11,0.1,9.2,10,,-27
2202117,PI,2204,Campo Alegre Do Fidalgo,-41.8211,-8.2836,São Raimundo Nonato,,8.3,-15.8,-12.5,-6.4,-1.3,-0.22,-0.01,-0.28,0.02,-1.3,5.3,-2.6,,32.3
2202133,PI,2203,Campo Grande Do Piauí,-41.0623,-7.1834,Picos,,-6.1,-15.8,-12.5,-11,-0.6,-0.29,0.04,-0.42,0.08,0.1,6.8,3.7,,-26.7
2202174,PI,2201,Campo Largo Do Piauí,-42.547,-3.8781,Teresina,-5.1,-16.4,-15.8,-12.5,-10.4,5.6,-0.33,0.2,-0.4,0.22,-0.3,6.3,6.8,,-23.2
2202208,PI,2201,Campo Maior,-42.1447,-4.8786,Teresina,-5.1,-16.4,-15.8,-12.5,-10.5,5.9,-0.35,0.22,-0.47,0.27,-1,9.3,4.3,,-21.8
2202251,PI,2206,Canavieira,-43.5592,-7.5568,Floriano,-17.3,-9.5,-15.8,-12.5,-9.5,0.2,-0.33,-0.01,-0.41,0.01,0.3,9.4,-3.3,,-2.6
2202307,PI,2206,Canto Do Buriti,-43.337,-8.3423,Floriano,-17.3,-9.5,-15.8,-12.5,-7.8,-3.4,-0.26,0.01,-0.32,-0.05,1.1,4.9,-1,,-6
2202406,PI,2202,Capitão De Campos,-41.9004,-4.526,Parnaíba,-9,-20.3,-15.8,-12.5,-10.4,4.3,-0.33,0.16,-0.42,0.2,1.5,8.8,13,,-21.5
2202455,PI,2204,Capitão Gervásio Oliveira,-41.9018,-8.5299,São Raimundo Nonato,,8.3,-15.8,-12.5,-7.9,0.3,-0.24,-0.03,-0.36,0.08,-2.5,7.3,1.4,,-7.1
2202505,PI,2204,Caracol,-43.3472,-9.0893,São Raimundo Nonato,,8.3,-15.8,-12.5,-5.6,-5.9,-0.09,-0.21,-0.34,-0.16,-0.3,3,6.7,,2.1
2202539,PI,2202,Caraúbas Do Piauí,-41.8245,-3.5636,Parnaíba,-9,-20.3,-15.8,-12.5,-10.6,6.6,-0.35,0.23,-0.38,0.22,4.9,0,3,,-12.3
2202554,PI,2203,Caridade Do Piauí,-40.9565,-7.7034,Picos,,-6.1,-15.8,-12.5,-9.6,-1.6,-0.29,-0.03,-0.42,0.07,-0.1,7.1,5.8,,101
2202604,PI,2201,Castelo Do Piauí,-41.5731,-5.3181,Teresina,-5.1,-16.4,-15.8,-12.5,-11.4,5.8,-0.43,0.18,-0.45,0.24,-1.2,9.6,8.5,,-12.3
2202653,PI,2202,Caxingó,-41.8495,-3.3906,Parnaíba,-9,-20.3,-15.8,-12.5,-13.5,10,-0.42,0.29,-0.46,0.31,8.8,-0.8,5,,-17.9
2202703,PI,2202,Cocal,-41.5467,-3.4569,Parnaíba,-9,-20.3,-15.8,-12.5,-12.9,10.5,-0.33,0.29,-0.4,0.32,12.5,-1.5,5.2,,-19.5
2202711,PI,2201,Cocal De Telha,-41.9591,-4.6221,Teresina,-5.1,-16.4,-15.8,-12.5,-10.5,4.6,-0.34,0.15,-0.43,0.21,-1,8.6,12.7,,-21.2
2202729,PI,2202,Cocal Dos Alves,-41.3955,-3.6488,Parnaíba,-9,-20.3,-15.8,-12.5,-9.2,6.2,-0.24,0.16,-0.3,0.2,11.9,-0.2,2.9,,-18.5
2202737,PI,2201,Coivaras,-42.2845,-5.1,Teresina,-5.1,-16.4,-15.8,-12.5,-9.5,5,-0.35,0.2,-0.46,0.27,-1,8.7,6.3,,-31.8
2202752,PI,2205,Colônia Do Gurguéia,-43.6971,-8.1804,Corrente - Bom Jesus,-12.8,-10.7,-15.8,-12.5,-8,-3.2,-0.24,-0.01,-0.34,-0.05,1.9,8.4,0,,-9.4
2202778,PI,2203,Colônia Do Piauí,-42.1866,-7.2944,Picos,,-6.1,-15.8,-12.5,-5.3,-0.7,-0.2,0.04,-0.3,0.06,-0.4,9,5.4,,-23.7
2202802,PI,2203,Conceição Do Canindé,-41.5783,-7.9046,Picos,,-6.1,-15.8,-12.5,-8,2.8,-0.27,0.06,-0.35,0.17,-0.1,9.2,-2.5,,-11.5
2202851,PI,2204,Coronel José Dias,-42.3335,-8.8965,São Raimundo Nonato,,8.3,-15.8,-12.5,-11.3,-0.6,-0.26,-0.06,-0.47,0.06,-1.7,5.2,5.3,,38.6
2202901,PI,2205,Corrente,-45.1408,-10.3921,Corrente - Bom Jesus,-12.8,-10.7,-15.8,-12.5,-6.4,1,-0.06,-0.18,-0.49,0.09,0.3,3.3,-0.8,-14.9,-20.1
2203008,PI,2205,Cristalândia Do Piauí,-45.1129,-10.7412,Corrente - Bom Jesus,-12.8,-10.7,-15.8,-12.5,-6.8,-1,-0.01,-0.31,-0.46,0,-0.5,3.5,1.5,-14.7,-12
2203107,PI,2205,Cristino Castro,-43.9618,-8.7829,Corrente - Bom Jesus,-12.8,-10.7,-15.8,-12.5,-5.1,-4.4,0.03,-0.2,-0.22,-0.13,1.3,9.5,-3.4,,-28.3
2203206,PI,2205,Curimatá,-44.3076,-9.9399,Corrente - Bom Jesus,-12.8,-10.7,-15.8,-12.5,-5.7,-1.9,0,-0.19,-0.42,-0.06,1,6.5,2.6,,-20
2203230,PI,2205,Currais,-44.6718,-8.8251,Corrente - Bom Jesus,-12.8,-10.7,-15.8,-12.5,-6.1,-1.8,-0.12,-0.08,-0.38,-0.04,1.1,4.8,-2,1.8,-4.8
2203255,PI,2201,Curralinhos,-42.8465,-5.6157,Teresina,-5.1,-16.4,-15.8,-12.5,-10.6,4.6,-0.4,0.21,-0.55,0.23,0.2,8.1,-9.1,,-22.1
2203271,PI,2203,Curral Novo Do Piauí,-40.7628,-7.8902,Picos,,-6.1,-15.8,-12.5,-10.8,-0.5,-0.26,-0.04,-0.43,0.07,0.2,6.7,6.8,,-21.1
2203305,PI,2201,Demerval Lobão,-42.6707,-5.339,Teresina,-5.1,-16.4,-15.8,-12.5,-9.6,5,-0.35,0.19,-0.47,0.26,-0.7,9.6,-2.7,,-30.2
2203354,PI,2204,Dirceu Arcoverde,-42.4571,-9.3272,São Raimundo Nonato,,8.3,-15.8,-12.5,-12.1,0.6,-0.21,-0.06,-0.46,0.09,-0.4,1.5,4.4,,54.6
2203404,PI,2203,Dom Expedito Lopes,-41.6997,-6.9587,Picos,,-6.1,-15.8,-12.5,-4.5,-0.3,-0.12,-0.01,-0.31,0.07,-0.9,4.6,14.3,,0
2203420,PI,2202,Domingos Mourão,-41.3108,-4.255,Parnaíba,-9,-20.3,-15.8,-12.5,-14.1,2.1,-0.3,0.02,-0.38,0.12,4.2,8.6,-6.8,,-16.2
2203453,PI,2204,Dom Inocêncio,-41.9211,-8.9181,São Raimundo Nonato,,8.3,-15.8,-12.5,-8.5,1.7,-0.23,0.01,-0.4,0.14,-2.2,2.9,1.1,,14.3
2203503,PI,2201,Elesbão Veloso,-42.1906,-6.1868,Teresina,-5.1,-16.4,-15.8,-12.5,-13.1,3.8,-0.47,0.13,-0.59,0.2,-0.5,7.7,1.3,,-14
2203602,PI,2206,Eliseu Martins,-43.6571,-7.9705,Floriano,-17.3,-9.5,-15.8,-12.5,-9.7,-1.8,-0.33,0.08,-0.44,0.01,2.4,7.7,4.1,,-21.5
2203701,PI,2202,Esperantina,-42.192,-3.8238,Parnaíba,-9,-20.3,-15.8,-12.5,-8.2,4.4,-0.29,0.14,-0.36,0.19,1.7,6.3,7.6,,-18.8
2203750,PI,2204,Fartura Do Piauí,-42.782,-9.4763,São Raimundo Nonato,,8.3,-15.8,-12.5,-7.8,-1.6,-0.12,-0.1,-0.41,0.02,0,2.5,5.2,,-3.1
2203800,PI,2206,Flores Do Piauí,-42.8624,-7.6739,Floriano,-17.3,-9.5,-15.8,-12.5,-10.1,-1,-0.46,0.1,-0.51,0,0.3,7.6,4.3,,0.6
2203859,PI,2203,Floresta Do Piauí,-41.8074,-7.4612,Picos,,-6.1,-15.8,-12.5,-5.3,1.1,-0.22,0.03,-0.3,0.08,-0.9,10.1,7.7,,-6.7
2203909,PI,2206,Floriano,-43.0785,-7.0049,Floriano,-17.3,-9.5,-15.8,-12.5,-10.2,2.2,-0.56,0.14,-0.6,0.14,1.3,8.5,8.9,,-29.7
2204006,PI,2201,Francinópolis,-42.236,-6.422,Teresina,-5.1,-16.4,-15.8,-12.5,-11.3,1.7,-0.37,0.09,-0.54,0.12,-0.6,5.5,5,,-11.7
2204105,PI,2206,Francisco Ayres,-42.7217,-6.6692,Floriano,-17.3,-9.5,-15.8,-12.5,-11.2,2.4,-0.54,0.06,-0.6,0.14,2,8.5,9.7,,-8.2
2204154,PI,2203,Francisco Macedo,-40.7953,-7.3247,Picos,,-6.1,-15.8,-12.5,-12.6,-0.2,-0.34,0.04,-0.46,0.11,0.4,3.9,-0.2,,-2.3
2204204,PI,2203,Francisco Santos,-41.1473,-7.0105,Picos,,-6.1,-15.8,-12.5,-9.6,-0.9,-0.25,0.03,-0.44,0.09,1.1,7.2,11.9,,13.4
2204303,PI,2203,Fronteiras,-40.5869,-7.0746,Picos,,-6.1,-15.8,-12.5,-10.9,-0.5,-0.38,0.1,-0.47,0.13,-1.6,5.2,5.4,,7.4
2204352,PI,2203,Geminiano,-41.3359,-7.1881,Picos,,-6.1,-15.8,-12.5,-7.2,-0.1,-0.25,0.06,-0.39,0.1,-0.2,8.9,2.9,,2.3
2204402,PI,2205,Gilbués,-45.4084,-9.6245,Corrente - Bom Jesus,-12.8,-10.7,-15.8,-12.5,-5.1,-0.4,0.01,-0.16,-0.36,0.01,-0.4,2.2,-1.8,-10.6,-11.4
2204501,PI,2206,Guadalupe,-43.7046,-6.8431,Floriano,-17.3,-9.5,-15.8,-12.5,-10.2,4.4,-0.49,0.25,-0.55,0.2,1.5,7.4,1.3,-4.1,50.5
2204550,PI,2204,Guaribas,-43.6711,-9.0633,São Raimundo Nonato,,8.3,-15.8,-12.5,-2.9,-3.9,0,-0.18,-0.23,-0.08,0.5,3.8,-1.6,,-27.7
2204600,PI,2201,Hugo Napoleão,-42.4975,-6.0357,Teresina,-5.1,-16.4,-15.8,-12.5,-15,5.9,-0.57,0.23,-0.7,0.27,0.1,8.3,-0.8,,-19
2204659,PI,2202,Ilha Grande,-41.8153,-2.8288,Parnaíba,-9,-20.3,-15.8,-12.5,-14.4,8.9,-0.41,0.21,-0.41,0.24,13.8,0.2,0.2,,-20
2204709,PI,2201,Inhuma,-41.6863,-6.6725,Teresina,-5.1,-16.4,-15.8,-12.5,-6.3,3.5,-0.19,0.1,-0.29,0.18,-0.4,3.9,8.3,,-10.6
2204808,PI,2201,Ipiranga Do Piauí,-41.7938,-6.8193,Teresina,-5.1,-16.4,-15.8,-12.5,-4,0.5,-0.15,0.09,-0.29,0.12,-0.2,4.5,10.4,,-10.2
2204907,PI,2203,Isaías Coelho,-41.6519,-7.6525,Picos,,-6.1,-15.8,-12.5,-5.5,0.7,-0.22,0.02,-0.3,0.1,0.4,7,8.7,,-3.8
2205003,PI,2203,Itainópolis,-41.4822,-7.4119,Picos,,-6.1,-15.8,-12.5,-6.7,-0.4,-0.24,-0.03,-0.36,0.08,-0.2,9.5,6.9,,9.4
2205102,PI,2206,Itaueira,-43.1351,-7.5045,Floriano,-17.3,-9.5,-15.8,-12.5,-11.2,0,-0.5,0.12,-0.55,0.05,0.4,7.7,-4.1,,-2.5
2205151,PI,2203,Jacobina Do Piauí,-41.2553,-7.8923,Picos,,-6.1,-15.8,-12.5,-8.5,1.4,-0.25,0.05,-0.39,0.14,0.2,8.5,4.4,,8.5
2205201,PI,2203,Jaicós,-41.2078,-7.3887,Picos,,-6.1,-15.8,-12.5,-9.8,-0.4,-0.3,0,-0.44,0.08,0.7,8,4.3,,-5.7
2205250,PI,2201,Jardim Do Mulato,-42.5276,-6.1462,Teresina,-5.1,-16.4,-15.8,-12.5,-14.8,5.8,-0.54,0.25,-0.72,0.27,-0.2,7.1,-0.5,,-14.1
2205276,PI,2201,Jatobá Do Piauí,-41.9191,-4.8404,Teresina,-5.1,-16.4,-15.8,-12.5,-12.4,6.7,-0.4,0.23,-0.48,0.29,-1.4,9.1,8.5,,-21.3
2205300,PI,2206,Jerumenha,-43.5019,-7.1143,Floriano,-17.3,-9.5,-15.8,-12.5,-9.2,2.9,-0.42,0.16,-0.5,0.16,0.9,10,2.4,,-19.3
2205359,PI,2204,João Costa,-42.4802,-8.541,São Raimundo Nonato,,8.3,-15.8,-12.5,-9.2,-1.9,-0.25,-0.1,-0.43,0.01,-1.4,6.6,3.1,,83.3
2205409,PI,2202,Joaquim Pires,-42.0831,-3.5385,Parnaíba,-9,-20.3,-15.8,-12.5,-7.1,3.7,-0.23,0.11,-0.31,0.15,2.1,-0.1,4.4,,-17.2
2205458,PI,2202,Joca Marques,-42.4246,-3.5432,Parnaíba,-9,-20.3,-15.8,-12.5,-5.9,3.4,-0.11,0.08,-0.25,0.14,1.4,2.2,14.1,,-27.5
2205508,PI,2201,José De Freitas,-42.5226,-4.7137,Teresina,-5.1,-16.4,-15.8,-12.5,-9.8,6.5,-0.35,0.26,-0.45,0.29,-2.2,8.5,7.6,,-30.6
2205516,PI,2201,Juazeiro Do Piauí,-41.5948,-4.982,Teresina,-5.1,-16.4,-15.8,-12.5,-10.9,4,-0.26,0.07,-0.33,0.13,-0.4,8,2.7,,5.9
2205524,PI,2205,Júlio Borges,-44.1741,-10.4199,Corrente - Bom Jesus,-12.8,-10.7,-15.8,-12.5,-2.2,-3.5,0.11,-0.3,-0.2,-0.15,1.1,5.1,-5.4,,-12.3
2205532,PI,2204,Jurema,-43.1673,-9.0151,São Raimundo Nonato,,8.3,-15.8,-12.5,-7,-6.2,-0.14,-0.23,-0.38,-0.15,-0.9,2.5,5.9,,4
2205540,PI,2201,Lagoinha Do Piauí,-42.627,-5.8166,Teresina,-5.1,-16.4,-15.8,-12.5,-12.2,4.1,-0.48,0.2,-0.64,0.21,-0.6,7.3,-6,,-16.4
2205557,PI,2201,Lagoa Alegre,-42.5642,-4.4893,Teresina,-5.1,-16.4,-15.8,-12.5,-11.7,7.6,-0.31,0.25,-0.49,0.32,-0.3,8.5,8.4,,-4.1
2205565,PI,2204,Lagoa Do Barro Do Piauí,-41.6034,-8.5716,São Raimundo Nonato,,8.3,-15.8,-12.5,-7.6,2.1,-0.23,0.01,-0.37,0.14,-1.6,3.7,2.1,,16.9
2205573,PI,2202,Lagoa De São Francisco,-41.5822,-4.3642,Parnaíba,-9,-20.3,-15.8,-12.5,-15.7,3.8,-0.39,0.07,-0.44,0.15,7.5,5,-0.6,,-16.1
2205581,PI,2201,Lagoa Do Piauí,-42.6082,-5.4607,Teresina,-5.1,-16.4,-15.8,-12.5,-10.2,5.2,-0.38,0.21,-0.51,0.27,-0.8,9.1,-2.3,,-21.6
2205599,PI,2201,Lagoa Do Sítio,-41.4868,-6.4907,Teresina,-5.1,-16.4,-15.8,-12.5,-8.2,-0.9,-0.18,-0.03,-0.3,0.03,0.3,5,12.6,,-12.9
2205607,PI,2206,Landri Sales,-43.9279,-7.2953,Floriano,-17.3,-9.5,-15.8,-12.5,-10.1,2.9,-0.37,0.09,-0.54,0.14,1.2,7.5,2.3,-9.9,-2.4
2205706,PI,2202,Luís Correia,-41.4807,-3.0838,Parnaíba,-9,-20.3,-15.8,-12.5,-10.5,8.2,-0.28,0.19,-0.29,0.22,10.8,-0.1,3,,-26.5
2205805,PI,2202,Luzilândia,-42.363,-3.6066,Parnaíba,-9,-20.3,-15.8,-12.5,-5.7,2.7,-0.11,0.03,-0.25,0.11,0.7,4.2,9,,-28.2
2205854,PI,2202,Madeiro,-42.5277,-3.5667,Parnaíba,-9,-20.3,-15.8,-12.5,-9.7,5.5,-0.28,0.21,-0.37,0.23,1.9,5.4,6.4,,-28.1
2205904,PI,2206,Manoel Emídio,-44.0069,-8.2057,Floriano,-17.3,-9.5,-15.8,-12.5,-7.3,-1.3,-0.08,-0.09,-0.35,-0.01,1.6,5.4,-0.4,,-12.8
2205953,PI,2203,Marcolândia,-40.7401,-7.4282,Picos,,-6.1,-15.8,-12.5,-14.2,0.7,-0.39,0.06,-0.51,0.13,0.7,1.9,0.2,,1
2206001,PI,2206,Marcos Parente,-43.8978,-7.0763,Floriano,-17.3,-9.5,-15.8,-12.5,-8.2,3.3,-0.3,0.09,-0.48,0.16,1.2,6.8,4.5,,-29.7
2206050,PI,2203,Massapê Do Piauí,-41.0959,-7.5338,Picos,,-6.1,-15.8,-12.5,-8.7,-2.2,-0.29,-0.03,-0.4,0.05,0.5,8.9,4.2,,10
2206100,PI,2202,Matias Olímpio,-42.5822,-3.7074,Parnaíba,-9,-20.3,-15.8,-12.5,-10.8,6.5,-0.35,0.23,-0.4,0.25,1.6,5.7,4.8,,-24.2
2206209,PI,2201,Miguel Alves,-42.7735,-4.2401,Teresina,-5.1,-16.4,-15.8,-12.5,-13.1,8.8,-0.43,0.32,-0.57,0.39,-0.1,9,6.5,,-28
2206308,PI,2201,Miguel Leão,-42.698,-5.7029,Teresina,-5.1,-16.4,-15.8,-12.5,-12.1,4.3,-0.41,0.18,-0.58,0.21,-0.2,7.6,-7,,-26
2206357,PI,2202,Milton Brandão,-41.5125,-4.6995,Parnaíba,-9,-20.3,-15.8,-12.5,-11.9,0.3,-0.25,-0.02,-0.32,0.05,3.6,5.7,14.6,,-16.8
2206407,PI,2201,Monsenhor Gil,-42.6079,-5.6088,Teresina,-5.1,-16.4,-15.8,-12.5,-11.1,5.3,-0.4,0.25,-0.56,0.27,0,8.2,-4.8,,-7.2
2206506,PI,2203,Monsenhor Hipólito,-41.0408,-6.9181,Picos,,-6.1,-15.8,-12.5,-12.8,-0.1,-0.31,0.06,-0.47,0.11,2.5,7.8,11.4,,4.4
2206605,PI,2205,Monte Alegre Do Piauí,-45.0317,-9.6049,Corrente - Bom Jesus,-12.8,-10.7,-15.8,-12.5,-7.1,0.8,-0.11,-0.1,-0.48,0.07,1.2,3.4,-3.8,-8.8,-7.8
2206654,PI,2205,Morro Cabeça No Tempo,-43.9151,-9.8037,Corrente - Bom Jesus,-12.8,-10.7,-15.8,-12.5,-5.5,-1.6,0.03,-0.15,-0.36,-0.04,1.2,4.9,2.3,,-6.4
2206670,PI,2202,Morro Do Chapéu Do Piauí,-42.2617,-3.7044,Parnaíba,-9,-20.3,-15.8,-12.5,-7.3,4.1,-0.24,0.12,-0.32,0.17,1.8,3.9,7.3,,-20.1
2206696,PI,2202,Murici Dos Portelas,-42.0105,-3.3577,Parnaíba,-9,-20.3,-15.8,-12.5,-10.8,6.1,-0.36,0.21,-0.41,0.22,2.6,-3.5,7.4,,-8.5
2206704,PI,2206,Nazaré Do Piauí,-42.7455,-7.0532,Floriano,-17.3,-9.5,-15.8,-12.5,-9.4,2.4,-0.44,0.14,-0.51,0.15,0.3,8.3,8.4,,-24.8
2206720,PI,2201,Nazária,-42.8704,-5.4468,Teresina,-5.1,-16.4,-15.8,-12.5,-10.5,4.3,-0.43,0.18,-0.54,0.22,0,8.5,-5.1,,-23.2
2206753,PI,2201,Nossa Senhora De Nazaré,-42.1848,-4.642,Teresina,-5.1,-16.4,-15.8,-12.5,-10.5,5.7,-0.34,0.19,-0.43,0.24,-2.4,8.5,4.4,,-14.7
2206803,PI,2201,Nossa Senhora Dos Remédios,-42.6055,-4.0256,Teresina,-5.1,-16.4,-15.8,-12.5,-13.2,9.2,-0.43,0.32,-0.53,0.36,1.2,7.8,0.5,,-20.6
2206902,PI,2201,Novo Oriente Do Piauí,-41.9763,-6.499,Teresina,-5.1,-16.4,-15.8,-12.5,-8.8,1.7,-0.26,0.08,-0.42,0.15,-0.3,4.3,13.4,,-7.2
2206951,PI,2201,Novo Santo Antônio,-41.9159,-5.2772,Teresina,-5.1,-16.4,-15.8,-12.5,-12.3,6.5,-0.42,0.2,-0.51,0.3,-0.1,9.1,-0.6,,-14.6
2207009,PI,2203,Oeiras,-42.1665,-6.9653,Picos,,-6.1,-15.8,-12.5,-8,0.4,-0.23,0.03,-0.42,0.14,-0.6,8.2,11.4,,-26.6
2207108,PI,2201,Olho D'água Do Piauí,-42.5543,-5.84,Teresina,-5.1,-16.4,-15.8,-12.5,-11.7,4.1,-0.44,0.18,-0.59,0.22,-0.1,7.8,-2.7,,-18.7
2207207,PI,2203,Padre Marcos,-40.8812,-7.3793,Picos,,-6.1,-15.8,-12.5,-9.4,-1.6,-0.29,0,-0.41,0.08,-0.8,8.4,0.6,,-11.4
2207306,PI,2203,Paes Landim,-42.2847,-7.8107,Picos,,-6.1,-15.8,-12.5,-7.6,-1.4,-0.28,-0.01,-0.37,-0.01,-1.9,8.8,5.9,,-12.7
2207355,PI,2206,Pajeú Do Piauí,-42.8249,-7.9166,Floriano,-17.3,-9.5,-15.8,-12.5,-8,-2.1,-0.28,0.03,-0.37,-0.06,0.1,6.1,0,,-0.8
2207405,PI,2205,Palmeira Do Piauí,-44.4639,-8.5585,Corrente - Bom Jesus,-12.8,-10.7,-15.8,-12.5,-4.5,-2.5,0.02,-0.2,-0.27,-0.11,2,4.9,-0.8,-10.1,8.8
2207504,PI,2201,Palmeirais,-42.9581,-5.8833,Teresina,-5.1,-16.4,-15.8,-12.5,-11.2,3.4,-0.37,0.14,-0.53,0.17,0.5,8,-9,,-17.9
2207553,PI,2203,Paquetá,-41.685,-7.1387,Picos,,-6.1,-15.8,-12.5,-5.7,0.5,-0.24,0.04,-0.37,0.12,-0.4,9.2,10.7,,-9
2207603,PI,2205,Parnaguá,-44.5668,-10.3157,Corrente - Bom Jesus,-12.8,-10.7,-15.8,-12.5,-6.4,-1,0.03,-0.23,-0.46,-0.05,0.5,6.3,-1.2,,-17
2207702,PI,2202,Parnaíba,-41.7535,-2.9604,Parnaíba,-9,-20.3,-15.8,-12.5,-14.3,9.9,-0.39,0.23,-0.41,0.26,12,-1.1,2.5,,-16.7
2207751,PI,2201,Passagem Franca Do Piauí,-42.3988,-5.8459,Teresina,-5.1,-16.4,-15.8,-12.5,-11.4,3.8,-0.43,0.14,-0.52,0.19,-0.7,7.9,-1.5,,-5.2
2207777,PI,2203,Patos Do Piauí,-41.2921,-7.6644,Picos,,-6.1,-15.8,-12.5,-9.7,0.4,-0.3,0,-0.42,0.1,-0.3,10.3,8,,12.3
2207793,PI,2201,Pau D'arco Do Piauí,-42.4692,-5.2436,Teresina,-5.1,-16.4,-15.8,-12.5,-9.8,5.6,-0.36,0.2,-0.49,0.27,0.5,9.4,3.1,,-14.9
2207801,PI,2203,Paulistana,-41.1436,-8.1089,Picos,,-6.1,-15.8,-12.5,-6.3,-0.1,-0.21,-0.04,-0.33,0.09,-0.7,7.6,-3.4,,5
2207850,PI,2206,Pavussu,-43.3368,-7.9251,Floriano,-17.3,-9.5,-15.8,-12.5,-9.5,-1.1,-0.39,0.13,-0.41,0.01,1.3,5.1,1.2,,-5.8
2207900,PI,2202,Pedro Ii,-41.3974,-4.4895,Parnaíba,-9,-20.3,-15.8,-12.5,-16.7,1.3,-0.33,-0.02,-0.38,0.08,3.3,3.8,-0.8,,-6.8
2207934,PI,2204,Pedro Laurentino,-42.2661,-8.0735,São Raimundo Nonato,,8.3,-15.8,-12.5,-7.2,-3.1,-0.22,-0.11,-0.3,-0.07,-1,8.3,5.1,,-13.3
2207959,PI,2204,Nova Santa Rita,-42.0229,-8.1195,São Raimundo Nonato,,8.3,-15.8,-12.5,-5.7,-3.3,-0.19,-0.1,-0.27,-0.04,-0.2,7.3,0.6,,7.5
2208007,PI,2203,Picos,-41.5233,-7.0651,Picos,,-6.1,-15.8,-12.5,-5.5,0.2,-0.24,0.04,-0.35,0.09,-0.1,7.1,10.4,,-18.1
2208106,PI,2201,Pimenteiras,-41.1667,-6.3444,Teresina,-5.1,-16.4,-15.8,-12.5,-9.8,-3.1,-0.21,-0.07,-0.29,-0.04,1.5,3.5,9.9,,4.1
2208205,PI,2203,Pio Ix,-40.7179,-6.7894,Picos,,-6.1,-15.8,-12.5,-8.6,-3.6,-0.25,-0.06,-0.35,0.01,-4.6,1.5,2.6,,38
2208304,PI,2202,Piracuruca,-41.6158,-3.8508,Parnaíba,-9,-20.3,-15.8,-12.5,-12.2,6.9,-0.38,0.2,-0.43,0.24,3.2,4.7,0.3,-12.9,-23.7
2208403,PI,2202,Piripiri,-41.7751,-4.3315,Parnaíba,-9,-20.3,-15.8,-12.5,-12.3,4,-0.36,0.13,-0.45,0.2,1.7,9.2,9.7,,-1
2208502,PI,2201,Porto,-42.7079,-3.9521,Teresina,-5.1,-16.4,-15.8,-12.5,-13.4,9.5,-0.43,0.35,-0.5,0.37,0.6,9.4,1.1,,-26.7
2208551,PI,2206,Porto Alegre Do Piauí,-44.0574,-6.9533,Floriano,-17.3,-9.5,-15.8,-12.5,-8.1,1.7,-0.3,-0.01,-0.48,0.07,1.1,4.9,0,,-22.9
2208601,PI,2201,Prata Do Piauí,-42.1636,-5.7227,Teresina,-5.1,-16.4,-15.8,-12.5,-11.6,4,-0.44,0.15,-0.52,0.22,-1.3,8.6,3,,-16.3
2208650,PI,2203,Queimada Nova,-41.3587,-8.515,Picos,,-6.1,-15.8,-12.5,-8.7,3.3,-0.22,0.01,-0.4,0.17,-2.4,5.9,1.2,,-8.8
2208700,PI,2205,Redenção Do Gurguéia,-44.4553,-9.5241,Corrente - Bom Jesus,-12.8,-10.7,-15.8,-12.5,-8.6,-1.3,-0.14,-0.08,-0.48,0,1.3,7,0,7,13
2208809,PI,2201,Regeneração,-42.4898,-6.3524,Teresina,-5.1,-16.4,-15.8,-12.5,-14.2,3.6,-0.5,0.12,-0.66,0.19,-0.3,3.9,-0.7,-9.8,-21.5
2208858,PI,2205,Riacho Frio,-44.8125,-9.9303,Corrente - Bom Jesus,-12.8,-10.7,-15.8,-12.5,-7.6,2.7,-0.07,-0.05,-0.52,0.16,0.8,3.3,3.1,,-11.1
2208874,PI,2204,Ribeira Do Piauí,-42.6135,-7.9232,São Raimundo Nonato,,8.3,-15.8,-12.5,-5.9,-2.5,-0.17,-0.04,-0.32,-0.07,-0.9,8.7,3.7,,-20.7
2208908,PI,2206,Ribeiro Gonçalves,-45.3444,-7.974,Floriano,-17.3,-9.5,-15.8,-12.5,-7,1.6,-0.06,-0.07,-0.47,0.07,0.4,2.9,-1.4,-16.8,-8.7
2209005,PI,2206,Rio Grande Do Piauí,-43.1529,-7.7697,Floriano,-17.3,-9.5,-15.8,-12.5,-10.4,0.3,-0.44,0.11,-0.5,0.07,1.4,7.6,-1.4,,-9.5
2209104,PI,2203,Santa Cruz Do Piauí,-41.7692,-7.2412,Picos,,-6.1,-15.8,-12.5,-5.7,0.8,-0.24,0.03,-0.34,0.08,-1.2,8.6,6.8,,-14.7
2209153,PI,2201,Santa Cruz Dos Milagres,-41.8698,-5.9094,Teresina,-5.1,-16.4,-15.8,-12.5,-12.2,5.4,-0.42,0.19,-0.52,0.24,-0.2,8.4,2.6,,-22.4
2209203,PI,2205,Santa Filomena,-45.6755,-8.9894,Corrente - Bom Jesus,-12.8,-10.7,-15.8,-12.5,-5.2,-2.2,-0.04,-0.18,-0.3,-0.11,0,2.8,0,-10.2,-1.1
2209302,PI,2205,Santa Luz,-44.1058,-9.0463,Corrente - Bom Jesus,-12.8,-10.7,-15.8,-12.5,-4.4,-4.4,-0.04,-0.15,-0.25,-0.11,1.2,7.7,-0.8,,-21.8
2209351,PI,2203,Santana Do Piauí,-41.5109,-6.9322,Picos,,-6.1,-15.8,-12.5,-6.4,1.4,-0.21,0.09,-0.36,0.14,0.4,7.2,9.6,,-4.2
2209377,PI,2203,Santa Rosa Do Piauí,-42.2288,-6.8106,Picos,,-6.1,-15.8,-12.5,-10.2,1.7,-0.34,0.04,-0.54,0.2,0.1,8.2,10.8,,-17.6
2209401,PI,2203,Santo Antônio De Lisboa,-41.2112,-6.9108,Picos,,-6.1,-15.8,-12.5,-11.2,1,-0.29,0.08,-0.48,0.13,0.9,8.5,9,,2.4
2209450,PI,2201,Santo Antônio Dos Milagres,-42.7039,-6.0494,Teresina,-5.1,-16.4,-15.8,-12.5,-12.3,5.7,-0.45,0.24,-0.65,0.27,-0.4,6.7,-0.1,,-28.6
2209500,PI,2203,Santo Inácio Do Piauí,-42.016,-7.4601,Picos,,-6.1,-15.8,-12.5,-8.3,1.7,-0.33,0.09,-0.41,0.12,-2.5,8,6.5,,11.7
2209559,PI,2204,São Braz Do Piauí,-43.0077,-8.9628,São Raimundo Nonato,,8.3,-15.8,-12.5,-7.8,-7,-0.19,-0.18,-0.36,-0.16,-0.2,1.4,5.5,,63.6
2209609,PI,2201,São Félix Do Piauí,-42.1118,-5.9343,Teresina,-5.1,-16.4,-15.8,-12.5,-11.7,3.2,-0.45,0.14,-0.55,0.19,-0.9,8,-3.2,,-18.3
2209658,PI,2203,São Francisco De Assis Do Piauí,-41.5806,-8.1905,Picos,,-6.1,-15.8,-12.5,-6.2,1.6,-0.23,0.04,-0.32,0.13,-0.4,8,-1.6,,4.1
2209708,PI,2206,São Francisco Do Piauí,-42.5008,-7.1979,Floriano,-17.3,-9.5,-15.8,-12.5,-8.2,1.1,-0.38,0.11,-0.49,0.15,-1.6,8.7,4.3,,-30.4
2209757,PI,2205,São Gonçalo Do Gurguéia,-45.3218,-10.0877,Corrente - Bom Jesus,-12.8,-10.7,-15.8,-12.5,-8.2,1.9,-0.16,-0.13,-0.6,0.14,1.6,3.3,1.9,,15.2
2209807,PI,2201,São Gonçalo Do Piauí,-42.6541,-6.0063,Teresina,-5.1,-16.4,-15.8,-12.5,-13.3,5.9,-0.49,0.23,-0.67,0.27,-0.5,7.4,1.4,,-18.6
2209856,PI,2203,São João Da Canabrava,-41.3906,-6.6943,Picos,,-6.1,-15.8,-12.5,-8.7,0.9,-0.2,0.03,-0.36,0.1,0.1,4.7,8.5,,-0.2
2209872,PI,2202,São João Da Fronteira,-41.2834,-4.0135,Parnaíba,-9,-20.3,-15.8,-12.5,-11.5,2.4,-0.29,0.03,-0.35,0.13,2.8,2.3,6,,-23.3
2209906,PI,2201,São João Da Serra,-41.8779,-5.5439,Teresina,-5.1,-16.4,-15.8,-12.5,-11.6,6.8,-0.41,0.2,-0.52,0.3,-0.6,10.5,0.8,,-21.8
2209955,PI,2203,São João Da Varjota,-41.8817,-6.9578,Picos,,-6.1,-15.8,-12.5,-5.6,1.4,-0.18,0.12,-0.31,0.14,-0.9,5.4,10.7,,-19.1
2209971,PI,2202,São João Do Arraial,-42.4488,-3.8183,Parnaíba,-9,-20.3,-15.8,-12.5,-8.7,4.3,-0.26,0.11,-0.35,0.16,1.5,5.8,11.2,,-29
2210003,PI,2204,São João Do Piauí,-42.2579,-8.321,São Raimundo Nonato,,8.3,-15.8,-12.5,-7.7,-1.9,-0.24,-0.07,-0.36,0,-1,8.8,2.4,,64.5
2210052,PI,2202,São José Do Divino,-41.8609,-3.7737,Parnaíba,-9,-20.3,-15.8,-12.5,-11.1,8.3,-0.4,0.29,-0.43,0.31,3.2,4.6,2,,-13.9
2210102,PI,2206,São José Do Peixe,-42.5846,-7.4803,Floriano,-17.3,-9.5,-15.8,-12.5,-10.4,-0.2,-0.38,0.05,-0.47,0.05,-1.1,10.2,-0.8,,-19.2
2210201,PI,2203,São José Do Piauí,-41.4923,-6.8139,Picos,,-6.1,-15.8,-12.5,-6,1.8,-0.2,0.09,-0.34,0.16,-0.2,4,11.5,,-2.4
2210300,PI,2203,São Julião,-40.8327,-7.0743,Picos,,-6.1,-15.8,-12.5,-12.3,-1.8,-0.35,0.07,-0.46,0.08,-1.3,9,3.7,,56.3
2210359,PI,2204,São Lourenço Do Piauí,-42.5366,-9.1726,São Raimundo Nonato,,8.3,-15.8,-12.5,-11.2,-2,-0.23,-0.07,-0.42,0,-0.6,2,8.1,,23.5
2210375,PI,2203,São Luis Do Piauí,-41.2642,-6.7654,Picos,,-6.1,-15.8,-12.5,-8.8,-0.1,-0.2,0.03,-0.38,0.09,0.9,5.3,13,,17.8
2210383,PI,2201,São Miguel Da Baixa Grande,-42.2698,-5.8161,Teresina,-5.1,-16.4,-15.8,-12.5,-11.7,4.1,-0.45,0.17,-0.54,0.21,-1.1,7.2,3.4,,-26
2210391,PI,2203,São Miguel Do Fidalgo,-42.333,-7.5951,Picos,,-6.1,-15.8,-12.5,-7,-2.4,-0.28,-0.03,-0.38,-0.04,-1.9,8.6,3.6,,-13.4
2210409,PI,2201,São Miguel Do Tapuio,-41.4385,-5.7302,Teresina,-5.1,-16.4,-15.8,-12.5,-11.1,5.5,-0.4,0.21,-0.47,0.25,-0.5,6.9,4.4,,-16.1
2210508,PI,2201,São Pedro Do Piauí,-42.7874,-5.8179,Teresina,-5.1,-16.4,-15.8,-12.5,-11.5,4.4,-0.38,0.19,-0.56,0.22,-0.1,6.6,-7.5,,-13.6
2210607,PI,2204,São Raimundo Nonato,-42.7156,-8.9651,São Raimundo Nonato,,8.3,-15.8,-12.5,-8.9,-4.4,-0.23,-0.09,-0.4,-0.07,-0.2,1.7,-0.3,,42.2
2210623,PI,2205,Sebastião Barros,-44.8334,-10.6553,Corrente - Bom Jesus,-12.8,-10.7,-15.8,-12.5,-5.7,-3.3,0.07,-0.32,-0.34,-0.11,-0.6,6.7,-1,,-14.5
2210631,PI,2206,Sebastião Leal,-44.0915,-7.744,Floriano,-17.3,-9.5,-15.8,-12.5,-10.3,3.6,-0.36,0.17,-0.5,0.17,1.2,7.5,-0.2,-16.4,-5.8
2210656,PI,2201,Sigefredo Pacheco,-41.8137,-4.9793,Teresina,-5.1,-16.4,-15.8,-12.5,-11.4,5.7,-0.38,0.17,-0.44,0.24,-2.1,8.1,7.3,,-21.1
2210706,PI,2203,Simões,-40.7428,-7.6697,Picos,,-6.1,-15.8,-12.5,-11.3,-0.4,-0.32,0.01,-0.46,0.1,-2.6,3.8,4.6,,4
2210805,PI,2203,Simplício Mendes,-42.0225,-7.8001,Picos,,-6.1,-15.8,-12.5,-5.7,-1.9,-0.23,0,-0.28,-0.02,-2.1,6.6,5.2,,-34.7
2210904,PI,2203,Socorro Do Piauí,-42.4757,-7.8976,Picos,,-6.1,-15.8,-12.5,-7.4,-2,-0.24,-0.06,-0.41,-0.02,-1.1,8.1,6.5,,-24.4
2210938,PI,2203,Sussuapara,-41.3616,-7.0184,Picos,,-6.1,-15.8,-12.5,-8.8,1.3,-0.27,0.1,-0.45,0.15,0.6,8.5,7.2,,35
2210953,PI,2206,Tamboril Do Piauí,-43.0814,-8.4859,Floriano,-17.3,-9.5,-15.8,-12.5,-5.6,-4.1,-0.17,-0.07,-0.28,-0.1,0.3,7,9.2,,0.1
2210979,PI,2203,Tanque Do Piauí,-42.2658,-6.664,Picos,,-6.1,-15.8,-12.5,-10.2,0.4,-0.34,0.01,-0.55,0.12,-0.6,3.2,11.2,,-28.5
2211001,PI,2201,Teresina,-42.7408,-5.1024,Teresina,-5.1,-16.4,-15.8,-12.5,-8.6,5.2,-0.35,0.23,-0.45,0.27,-2.4,10.1,-1.3,,-24.4
2211100,PI,2201,União,-42.7959,-4.595,Teresina,-5.1,-16.4,-15.8,-12.5,-12.3,8.8,-0.42,0.32,-0.56,0.4,-1.2,8.5,11,,-25.2
2211209,PI,2206,Uruçuí,-44.5679,-7.792,Floriano,-17.3,-9.5,-15.8,-12.5,-11.4,4.8,-0.28,0.04,-0.57,0.18,-0.3,6.6,2,-14.2,-21.1
2211308,PI,2201,Valença Do Piauí,-41.7992,-6.3665,Teresina,-5.1,-16.4,-15.8,-12.5,-9.5,4.8,-0.32,0.2,-0.45,0.27,1.1,6.7,6,,-21
2211357,PI,2204,Várzea Branca,-42.9195,-9.3253,São Raimundo Nonato,,8.3,-15.8,-12.5,-6.6,-4.7,-0.12,-0.18,-0.36,-0.1,-0.2,2.5,5.8,,31.1
2211407,PI,2201,Várzea Grande,-42.2255,-6.5519,Teresina,-5.1,-16.4,-15.8,-12.5,-11.1,1.5,-0.35,0.09,-0.55,0.14,0.2,4.9,7.4,,-16.7
2211506,PI,2203,Vera Mendes,-41.5203,-7.598,Picos,,-6.1,-15.8,-12.5,-6.8,1.7,-0.24,0.06,-0.35,0.15,-0.7,8,10,,-8.4
2211605,PI,2203,Vila Nova Do Piauí,-40.9346,-7.2026,Picos,,-6.1,-15.8,-12.5,-10.2,-3.3,-0.28,-0.03,-0.4,0.02,-1.4,8.2,-1.7,,-12.3
2211704,PI,2203,Wall Ferraz,-41.8784,-7.2651,Picos,,-6.1,-15.8,-12.5,-5.6,0.3,-0.22,0.05,-0.33,0.08,-1,9.8,7.9,,-25.7
2300101,CE,2304,Abaiara,-39.0377,-7.3574,Juazeiro do Norte,,-27.7,-6,-21.3,-12.9,5.7,-0.35,0.21,-0.54,0.26,-0.9,5.7,10.2,,-33
2300150,CE,2301,Acarape,-38.6597,-4.2204,Fortaleza,,-16.7,-6,-21.3,-12.6,6.6,-0.3,0.17,-0.29,0.18,-1.8,-1.4,6.4,,-13.5
2300200,CE,2306,Acaraú,-40.089,-2.9699,Sobral,,-12.6,-6,-21.3,-4.8,4,-0.07,0.12,-0.11,0.11,8.2,-7.1,-1.1,,-31.7
2300309,CE,2303,Acopiara,-39.494,-6.1228,Iguatu,,-23.6,-6,-21.3,-9.1,-1.4,-0.25,-0.11,-0.3,-0.01,4.4,0.8,-9.4,,-33.8
2300408,CE,2304,Aiuaba,-40.2985,-6.6065,Juazeiro do Norte,,-27.7,-6,-21.3,-11.3,0.9,-0.32,0.03,-0.44,0.12,2.4,2.9,3.2,,-10.5
2300507,CE,2306,Alcântaras,-40.5435,-3.5961,Sobral,,-12.6,-6,-21.3,-12.7,4.8,-0.3,0.15,-0.3,0.11,8.4,-1,-1.9,,-16.9
2300606,CE,2304,Altaneira,-39.703,-6.9861,Juazeiro do Norte,,-27.7,-6,-21.3,-15.6,6.2,-0.49,0.24,-0.58,0.24,3,6,3.6,,-23.5
2300705,CE,2302,Alto Santo,-38.2006,-5.5171,Quixadá,-4.1,-13.3,-6,-21.3,-14.4,5.1,-0.3,0.04,-0.32,0.13,4.4,4,0.5,,-27.6
2300754,CE,2301,Amontada,-39.7852,-3.2382,Fortaleza,,-16.7,-6,-21.3,-10.1,7.2,-0.18,0.16,-0.2,0.16,1.7,-4.9,-3.7,,-30.3
2300804,CE,2304,Antonina Do Norte,-39.9799,-6.7563,Juazeiro do Norte,,-27.7,-6,-21.3,-14,4.8,-0.48,0.16,-0.52,0.22,1,6.6,4.1,,-28.8
2300903,CE,2301,Apuiarés,-39.3199,-3.9703,Fortaleza,,-16.7,-6,-21.3,-8.1,1.1,-0.21,0.07,-0.2,0.06,-7.4,-2.1,-0.4,,-24.1
2301000,CE,2301,Aquiraz,-38.3948,-3.9752,Fortaleza,,-16.7,-6,-21.3,-6.3,4.6,-0.16,0.13,-0.14,0.12,5.1,0.5,11.3,,-4.8
2301109,CE,2302,Aracati,-37.6895,-4.6804,Quixadá,-4.1,-13.3,-6,-21.3,-15.1,4.3,-0.24,0.05,-0.23,0.03,2.1,5.8,-1.8,,-2.3
2301208,CE,2301,Aracoiaba,-38.7129,-4.4844,Fortaleza,,-16.7,-6,-21.3,-15.9,8.5,-0.38,0.21,-0.38,0.24,-1.4,-0.1,7.1,,-9.9
2301257,CE,2305,Ararendá,-40.7471,-4.7701,Crateús,,-20.5,-6,-21.3,-14.5,9,-0.36,0.23,-0.37,0.26,7,2.4,2.7,,-20.2
2301307,CE,2304,Araripe,-40.0778,-7.2376,Juazeiro do Norte,,-27.7,-6,-21.3,-13,3.1,-0.41,0.15,-0.53,0.19,-0.5,1.7,6.8,,-17.5
2301406,CE,2301,Aratuba,-39.0262,-4.4178,Fortaleza,,-16.7,-6,-21.3,-12.5,5.2,-0.32,0.12,-0.32,0.14,6.2,-0.3,4,,-18.9
2301505,CE,2305,Arneiroz,-40.1528,-6.239,Crateús,,-20.5,-6,-21.3,-12.7,0,-0.31,-0.01,-0.42,0.07,6,1.7,2,,-7.2
2301604,CE,2304,Assaré,-39.8713,-6.9159,Juazeiro do Norte,,-27.7,-6,-21.3,-16.4,5.5,-0.51,0.25,-0.61,0.25,4,2.6,4.8,,-37.5
2301703,CE,2304,Aurora,-38.9713,-6.9905,Juazeiro do Norte,,-27.7,-6,-21.3,-16.3,7.5,-0.43,0.21,-0.54,0.24,0.2,9.5,-8.4,,-37.5
2301802,CE,2303,Baixio,-38.7522,-6.7143,Iguatu,,-23.6,-6,-21.3,-14.3,4.5,-0.37,0.07,-0.45,0.13,4.5,9.6,-4.1,,-36.9
2301851,CE,2302,Banabuiú,-38.9029,-5.2632,Quixadá,-4.1,-13.3,-6,-21.3,-11.5,-1.3,-0.27,-0.06,-0.31,0.01,1.6,-1,2.6,,-15
2301901,CE,2304,Barbalha,-39.3447,-7.4087,Juazeiro do Norte,,-27.7,-6,-21.3,-9.2,3.9,-0.19,0.1,-0.46,0.21,1,0.6,5.7,,-16
2301950,CE,2301,Barreira,-38.6201,-4.3269,Fortaleza,,-16.7,-6,-21.3,-15.1,7.8,-0.35,0.18,-0.35,0.21,4,-0.8,6.9,,-24
2302008,CE,2304,Barro,-38.7968,-7.1233,Juazeiro do Norte,,-27.7,-6,-21.3,-19.1,9.9,-0.53,0.29,-0.62,0.3,-1.1,6.3,3.7,,-32
2302057,CE,2306,Barroquinha,-41.1743,-2.9721,Sobral,,-12.6,-6,-21.3,-10.6,9.8,-0.27,0.25,-0.27,0.24,13.6,-2.2,1,,-19.9
2302107,CE,2301,Baturité,-38.8543,-4.3772,Fortaleza,,-16.7,-6,-21.3,-11.4,3.8,-0.35,0.12,-0.33,0.13,-1.3,-0.7,1.6,,-13.8
2302206,CE,2301,Beberibe,-38.1125,-4.4007,Fortaleza,,-16.7,-6,-21.3,-14.4,6.5,-0.27,0.14,-0.28,0.15,2.9,4.6,3.7,,-14.6
2302305,CE,2306,Bela Cruz,-40.3076,-3.0538,Sobral,,-12.6,-6,-21.3,-6.8,4,-0.14,0.11,-0.16,0.09,5.6,-6.6,-5.1,,-18.6
2302404,CE,2301,Boa Viagem,-39.8093,-5.0893,Fortaleza,,-16.7,-6,-21.3,-19.2,0.9,-0.36,0.01,-0.35,0.01,9.4,-0.2,6.7,,-19.8
2302503,CE,2304,Brejo Santo,-38.9246,-7.5528,Juazeiro do Norte,,-27.7,-6,-21.3,-13.5,4.7,-0.33,0.17,-0.52,0.19,2.8,4.4,9.9,,-18.3
2302602,CE,2306,Camocim,-40.7996,-2.9498,Sobral,,-12.6,-6,-21.3,-6.9,5.3,-0.21,0.18,-0.19,0.15,9,-5,-3.7,,-12.4
2302701,CE,2304,Campos Sales,-40.2713,-6.9369,Juazeiro do Norte,,-27.7,-6,-21.3,-13.2,1.2,-0.4,0.13,-0.52,0.15,-0.4,3.1,1.3,,-8.3
2302800,CE,2301,Canindé,-39.4193,-4.3978,Fortaleza,,-16.7,-6,-21.3,-13,3.8,-0.25,0.05,-0.24,0.05,0.9,-1.3,-1.5,,-6.7
2302909,CE,2301,Capistrano,-38.9093,-4.4678,Fortaleza,,-16.7,-6,-21.3,-11.2,4.4,-0.29,0.1,-0.29,0.12,6.3,0.5,4.1,,-13
2303006,CE,2301,Caridade,-39.1179,-4.1739,Fortaleza,,-16.7,-6,-21.3,-11.5,6.2,-0.26,0.15,-0.24,0.14,6.6,-1.2,4.5,,1.4
2303105,CE,2306,Cariré,-40.5227,-3.9523,Sobral,,-12.6,-6,-21.3,-13.1,5.4,-0.37,0.15,-0.36,0.16,7.9,-1.5,1.8,,-10.7
2303204,CE,2304,Caririaçu,-39.27,-7.0207,Juazeiro do Norte,,-27.7,-6,-21.3,-17.4,8.1,-0.41,0.23,-0.6,0.29,1.5,5.6,0.1,,-38
2303303,CE,2303,Cariús,-39.4659,-6.6465,Iguatu,,-23.6,-6,-21.3,-15.5,6,-0.44,0.15,-0.49,0.18,5.1,8.1,-0.8,,-21.3
2303402,CE,2306,Carnaubal,-41.0101,-4.1296,Sobral,,-12.6,-6,-21.3,-11.9,2.5,-0.27,0.02,-0.31,0.09,4,-0.8,0.1,,-20.3
2303501,CE,2301,Cascavel,-38.3007,-4.2389,Fortaleza,,-16.7,-6,-21.3,-10.4,5.2,-0.23,0.16,-0.24,0.16,-0.3,1.6,8.8,,-6
2303600,CE,2303,Catarina,-39.9121,-6.254,Iguatu,,-23.6,-6,-21.3,-13.2,1.6,-0.33,-0.01,-0.45,0.1,4.4,1.1,2.5,,-33.8
2303659,CE,2306,Catunda,-40.1759,-4.6326,Sobral,,-12.6,-6,-21.3,-14.9,5.2,-0.29,0.1,-0.3,0.1,1,-2.2,-3.2,,14.7
2303709,CE,2301,Caucaia,-38.8085,-3.7853,Fortaleza,,-16.7,-6,-21.3,-3.5,2.2,-0.07,0.1,-0.09,0.1,3.6,-1.7,5.2,,-20.7
2303808,CE,2303,Cedro,-39.0944,-6.5708,Iguatu,,-23.6,-6,-21.3,-13.4,7.1,-0.34,0.18,-0.46,0.22,6.6,8,-7.3,,-27.6
2303907,CE,2306,Chaval,-41.2318,-3.0957,Sobral,,-12.6,-6,-21.3,-10.6,9.9,-0.24,0.23,-0.27,0.24,13.7,-0.8,1.6,,-14.1
2303931,CE,2302,Choró,-39.1908,-4.774,Quixadá,-4.1,-13.3,-6,-21.3,-13.9,2.2,-0.31,0.05,-0.32,0.08,5.1,-0.6,6.1,,-17.4
2303956,CE,2301,Chorozinho,-38.4735,-4.3037,Fortaleza,,-16.7,-6,-21.3,-13.7,8.9,-0.32,0.21,-0.32,0.23,2.6,-0.7,9,,-10.9
2304004,CE,2306,Coreaú,-40.7258,-3.6445,Sobral,,-12.6,-6,-21.3,-11.7,7,-0.27,0.18,-0.28,0.17,7.7,-2.7,-0.1,,-6.9
2304103,CE,2305,Crateús,-40.7205,-5.1984,Crateús,,-20.5,-6,-21.3,-13.9,1.6,-0.28,0.05,-0.32,0.08,1.3,4.4,-1.1,,-26.7
2304202,CE,2304,Crato,-39.4868,-7.2352,Juazeiro do Norte,,-27.7,-6,-21.3,-11.9,5.2,-0.23,0.13,-0.48,0.23,4.2,2.5,8.2,,-21.2
2304236,CE,2306,Croatá,-40.9756,-4.3875,Sobral,,-12.6,-6,-21.3,-18.6,5.1,-0.39,0.06,-0.42,0.15,4.3,-0.5,-1.8,,2.3
2304251,CE,2306,Cruz,-40.3272,-2.8951,Sobral,,-12.6,-6,-21.3,-4.5,3.2,-0.09,0.09,-0.1,0.09,6.3,-7.6,-1.9,,-16.9
2304269,CE,2302,Deputado Irapuan Pinheiro,-39.2655,-5.8866,Quixadá,-4.1,-13.3,-6,-21.3,-13.1,0,-0.3,-0.05,-0.35,0.02,9.5,-0.2,4.4,,-29
2304277,CE,2302,Ererê,-38.3128,-5.9795,Quixadá,-4.1,-13.3,-6,-21.3,-11,2,-0.23,0.02,-0.26,0.09,12.8,2.8,-3.9,,-33.6
2304285,CE,2301,Eusébio,-38.4561,-3.876,Fortaleza,,-16.7,-6,-21.3,-7.4,4.6,-0.16,0.12,-0.16,0.13,2.1,-0.3,7.9,,-16.9
2304301,CE,2304,Farias Brito,-39.5474,-6.9135,Juazeiro do Norte,,-27.7,-6,-21.3,-15.3,6.8,-0.49,0.23,-0.6,0.27,4.4,8.5,3.5,,-31.9
2304350,CE,2306,Forquilha,-40.2277,-3.8319,Sobral,,-12.6,-6,-21.3,-12.5,6.8,-0.31,0.22,-0.34,0.21,4.7,-2.5,-5.5,,-17.1
2304400,CE,2301,Fortaleza,-38.5257,-3.7843,Fortaleza,,-16.7,-6,-21.3,-3.6,2.7,-0.11,0.09,-0.09,0.09,2.1,-0.9,8.4,,
2304459,CE,2302,Fortim,-37.8712,-4.4628,Quixadá,-4.1,-13.3,-6,-21.3,-18.5,7.7,-0.34,0.17,-0.34,0.15,3.4,6.4,-1.9,,-8.7
2304509,CE,2306,Frecheirinha,-40.8314,-3.7159,Sobral,,-12.6,-6,-21.3,-11.4,5.5,-0.37,0.2,-0.39,0.21,2.6,-1.1,0.2,,-17.2
2304608,CE,2301,General Sampaio,-39.4443,-4.0554,Fortaleza,,-16.7,-6,-21.3,-6,-1.5,-0.17,0.01,-0.16,0,-7.4,-2.5,2,,-15.9
2304657,CE,2306,Graça,-40.7774,-4.047,Sobral,,-12.6,-6,-21.3,-12.6,4.7,-0.36,0.13,-0.39,0.17,4.6,-0.9,2.6,,-6.8
2304707,CE,2306,Granja,-41.0057,-3.2349,Sobral,,-12.6,-6,-21.3,-11,9.5,-0.29,0.25,-0.3,0.25,12.7,-3.5,-0.1,,-11
2304806,CE,2304,Granjeiro,-39.2571,-6.9136,Juazeiro do Norte,,-27.7,-6,-21.3,-15.7,8.4,-0.4,0.2,-0.51,0.26,1.4,6.1,1.6,,-19
2304905,CE,2306,Groaíras,-40.3671,-3.9109,Sobral,,-12.6,-6,-21.3,-13.4,7.2,-0.35,0.18,-0.35,0.16,6,-1.8,-0.7,,-8.2
2304954,CE,2301,Guaiúba,-38.6734,-4.1057,Fortaleza,,-16.7,-6,-21.3,-12.7,8.9,-0.32,0.23,-0.31,0.23,0,-1.3,4.9,,-4.3
2305001,CE,2306,Guaraciaba Do Norte,-40.9188,-4.2346,Sobral,,-12.6,-6,-21.3,-12.5,1.5,-0.26,-0.01,-0.31,0.06,5.1,-1.3,-1.1,,-20.2
2305100,CE,2301,Guaramiranga,-38.9485,-4.2438,Fortaleza,,-16.7,-6,-21.3,-11.4,5,-0.36,0.15,-0.33,0.15,-0.9,0,0.2,,-8.6
2305209,CE,2306,Hidrolândia,-40.4025,-4.4399,Sobral,,-12.6,-6,-21.3,-14.9,5.7,-0.35,0.13,-0.36,0.13,6.8,0.9,4.3,,-17.2
2305233,CE,2301,Horizonte,-38.4655,-4.1013,Fortaleza,,-16.7,-6,-21.3,-10.3,7.3,-0.24,0.2,-0.24,0.18,3,-0.5,7.5,,-17.2
2305266,CE,2302,Ibaretama,-38.7251,-4.7802,Quixadá,-4.1,-13.3,-6,-21.3,-11.9,4,-0.26,0.09,-0.3,0.14,1.9,0.4,8.2,,1.6
2305308,CE,2306,Ibiapina,-41.0055,-3.9503,Sobral,,-12.6,-6,-21.3,-12.8,3.8,-0.34,0.09,-0.37,0.12,3.9,-1.1,3.8,,-21.3
2305332,CE,2302,Ibicuitinga,-38.5577,-4.9723,Quixadá,-4.1,-13.3,-6,-21.3,-11.1,3.8,-0.24,0.05,-0.27,0.09,6.2,5,-0.8,,-27.4
2305357,CE,2302,Icapuí,-37.4122,-4.739,Quixadá,-4.1,-13.3,-6,-21.3,-12.3,4.6,-0.15,0.04,-0.14,0.02,-4.4,7.2,-0.8,,-11.7
2305407,CE,2303,Icó,-38.7851,-6.3909,Iguatu,,-23.6,-6,-21.3,-10.6,4.1,-0.25,-0.01,-0.31,0.1,9.5,5.4,-5.6,,-19.4
2305506,CE,2303,Iguatu,-39.2784,-6.3573,Iguatu,,-23.6,-6,-21.3,-10.2,5.9,-0.24,0.08,-0.32,0.15,9.3,5.6,-1.6,,-9.3
2305605,CE,2305,Independência,-40.342,-5.4742,Crateús,,-20.5,-6,-21.3,-13,2.2,-0.28,0.03,-0.33,0.06,7.4,2.4,-9.9,,-33.4
2305654,CE,2305,Ipaporanga,-40.8026,-4.9099,Crateús,,-20.5,-6,-21.3,-16.4,7.2,-0.38,0.14,-0.38,0.19,3,3.9,0.9,,-17.6
2305704,CE,2303,Ipaumirim,-38.7434,-6.81,Iguatu,,-23.6,-6,-21.3,-14.7,4.5,-0.42,0.11,-0.5,0.16,5,9.1,-0.4,,-30.6
2305803,CE,2306,Ipu,-40.6682,-4.3692,Sobral,,-12.6,-6,-21.3,-16.8,6.8,-0.41,0.15,-0.4,0.18,3.2,2.3,1.3,,1.8
2305902,CE,2306,Ipueiras,-40.8763,-4.572,Sobral,,-12.6,-6,-21.3,-17.2,7,-0.48,0.16,-0.48,0.23,3.9,0.4,8.5,,-11.6
2306009,CE,2302,Iracema,-38.339,-5.7748,Quixadá,-4.1,-13.3,-6,-21.3,-13.3,4.4,-0.27,0.05,-0.28,0.11,9.4,1.9,-2.9,,-32.3
2306108,CE,2301,Irauçuba,-39.8187,-3.8662,Fortaleza,,-16.7,-6,-21.3,-12.6,2.9,-0.23,0.08,-0.25,0.1,5.9,-0.8,6.9,,-30.1
2306207,CE,2302,Itaiçaba,-37.8497,-4.7186,Quixadá,-4.1,-13.3,-6,-21.3,-12.3,0.7,-0.19,0.01,-0.19,0,0.6,6.7,-2.8,,6.7
2306256,CE,2301,Itaitinga,-38.5473,-3.997,Fortaleza,,-16.7,-6,-21.3,-7.2,4.9,-0.16,0.13,-0.17,0.14,3.3,-0.9,7.1,,-13.8
2306306,CE,2301,Itapagé,-39.575,-3.7342,Fortaleza,,-16.7,-6,-21.3,-13.7,9.6,-0.34,0.26,-0.33,0.24,0.5,-2,-4.3,,-22.8
2306405,CE,2301,Itapipoca,-39.5983,-3.396,Fortaleza,,-16.7,-6,-21.3,-12.4,6.8,-0.27,0.2,-0.29,0.19,-0.9,-3.7,-2.8,,-22.1
2306504,CE,2301,Itapiúna,-38.9538,-4.5971,Fortaleza,,-16.7,-6,-21.3,-14.4,6.6,-0.34,0.15,-0.37,0.19,4.2,0.2,3.8,,-7.5
2306553,CE,2306,Itarema,-39.891,-3.0511,Sobral,,-12.6,-6,-21.3,-1.3,0.7,-0.04,0.06,-0.06,0.04,5.5,-7,-4.7,,-33.8
2306603,CE,2301,Itatira,-39.5696,-4.6239,Fortaleza,,-16.7,-6,-21.3,-17.2,3.9,-0.35,0.09,-0.33,0.09,6.4,-0.8,2.4,,-32
2306702,CE,2302,Jaguaretama,-38.7512,-5.4882,Quixadá,-4.1,-13.3,-6,-21.3,-11.7,-1.6,-0.24,-0.11,-0.28,-0.04,4.4,2,4.4,,-22.5
2306801,CE,2302,Jaguaribara,-38.5371,-5.6184,Quixadá,-4.1,-13.3,-6,-21.3,-10.9,0.1,-0.24,-0.04,-0.26,0.01,1.6,4,-0.4,,-22.6
2306900,CE,2302,Jaguaribe,-38.7051,-5.9622,Quixadá,-4.1,-13.3,-6,-21.3,-14.3,5.1,-0.32,0.03,-0.36,0.11,5.7,3.9,3.9,,-21.2
2307007,CE,2302,Jaguaruana,-37.7472,-4.8673,Quixadá,-4.1,-13.3,-6,-21.3,-11.5,1.6,-0.15,0.03,-0.15,0.02,8.4,6.8,-2.6,,-14.9
2307106,CE,2304,Jardim,-39.244,-7.5918,Juazeiro do Norte,,-27.7,-6,-21.3,-8.5,1.2,-0.17,0.03,-0.43,0.1,1.2,0.9,13.8,,-22.5
2307205,CE,2304,Jati,-38.9888,-7.6941,Juazeiro do Norte,,-27.7,-6,-21.3,-12.7,4.8,-0.31,0.16,-0.5,0.18,2.7,3.6,11.6,,-29.3
2307254,CE,2306,Jijoca De Jericoacoara,-40.4944,-2.877,Sobral,,-12.6,-6,-21.3,-5.1,5.1,-0.12,0.13,-0.12,0.12,5,-7.2,-3.5,,-20.9
2307304,CE,2304,Juazeiro Do Norte,-39.2859,-7.1817,Juazeiro do Norte,,-27.7,-6,-21.3,-13.6,4.6,-0.32,0.16,-0.54,0.23,0.3,7.5,3.5,,-22.4
2307403,CE,2303,Jucás,-39.6077,-6.4592,Iguatu,,-23.6,-6,-21.3,-17.2,6.9,-0.39,0.07,-0.47,0.16,11.3,5.1,1.7,,-40.5
2307502,CE,2304,Lavras Da Mangabeira,-38.9957,-6.7769,Juazeiro do Norte,,-27.7,-6,-21.3,-12.1,2.5,-0.36,0.09,-0.45,0.12,1.8,9,-11,,-27.2
2307601,CE,2302,Limoeiro Do Norte,-38.0441,-5.1583,Quixadá,-4.1,-13.3,-6,-21.3,-8.7,0.1,-0.14,-0.04,-0.16,0.02,7.8,6.1,2.8,-5.3,6.9
2307635,CE,2301,Madalena,-39.5158,-4.8549,Fortaleza,,-16.7,-6,-21.3,-19.6,3.3,-0.4,0.09,-0.38,0.1,4.3,1.1,3.1,,-30.7
2307650,CE,2301,Maracanaú,-38.6265,-3.8815,Fortaleza,,-16.7,-6,-21.3,-4.6,2.5,-0.09,0.04,-0.12,0.09,2.7,-1.4,12.8,,-22.1
2307700,CE,2301,Maranguape,-38.8159,-4.0098,Fortaleza,,-16.7,-6,-21.3,-12.7,8.4,-0.35,0.23,-0.33,0.24,1.6,-1.9,-3.3,,0.8
2307809,CE,2306,Marco,-40.2608,-3.1912,Sobral,,-12.6,-6,-21.3,-8.1,5.7,-0.19,0.13,-0.18,0.12,6.3,-5.5,0.5,,-28.2
2307908,CE,2306,Martinópole,-40.6496,-3.1685,Sobral,,-12.6,-6,-21.3,-8.7,5.7,-0.23,0.16,-0.22,0.15,9.9,-5.9,-3.4,,-14.4
2308005,CE,2306,Massapê,-40.3885,-3.4829,Sobral,,-12.6,-6,-21.3,-10.4,3.9,-0.27,0.09,-0.28,0.09,7.2,-3.3,-5.6,,-9.6
2308104,CE,2304,Mauriti,-38.7143,-7.3977,Juazeiro do Norte,,-27.7,-6,-21.3,-16.2,8.3,-0.41,0.24,-0.55,0.29,1.7,6.4,4.6,,-31.1
2308203,CE,2306,Meruoca,-40.4524,-3.5772,Sobral,,-12.6,-6,-21.3,-13.3,5,-0.3,0.12,-0.31,0.11,9.5,-0.3,2.4,,-14.8
2308302,CE,2304,Milagres,-38.9384,-7.2788,Juazeiro do Norte,,-27.7,-6,-21.3,-15.2,7.5,-0.45,0.27,-0.6,0.3,0.8,6.3,3.4,,-40.6
2308351,CE,2302,Milhã,-39.1715,-5.6409,Quixadá,-4.1,-13.3,-6,-21.3,-15.4,0.6,-0.34,-0.05,-0.43,0.02,11.5,0,6.9,,-5.4
2308377,CE,2301,Miraíma,-39.9117,-3.5599,Fortaleza,,-16.7,-6,-21.3,-16.4,10.3,-0.31,0.24,-0.31,0.23,-1.9,-4.3,-6.3,,-25.2
2308401,CE,2304,Missão Velha,-39.1572,-7.3101,Juazeiro do Norte,,-27.7,-6,-21.3,-11.4,5.4,-0.29,0.22,-0.52,0.26,0.3,5.1,12.1,,-33.1
2308500,CE,2303,Mombaça,-39.7499,-5.7878,Iguatu,,-23.6,-6,-21.3,-10.6,-1.9,-0.28,-0.06,-0.29,-0.04,3.6,1.5,-7.1,,-6.8
2308609,CE,2305,Monsenhor Tabosa,-40.0438,-4.9149,Crateús,,-20.5,-6,-21.3,-15,1.3,-0.28,0.02,-0.27,0,4,0.1,-1,,-23.5
2308708,CE,2302,Morada Nova,-38.4353,-5.038,Quixadá,-4.1,-13.3,-6,-21.3,-12.5,5.7,-0.25,0.04,-0.24,0.07,6.7,6.7,2.1,,-27.8
2308807,CE,2306,Moraújo,-40.6791,-3.4638,Sobral,,-12.6,-6,-21.3,-11.8,6.1,-0.26,0.16,-0.26,0.14,7.7,-2.3,-3.4,,-10.1
2308906,CE,2306,Morrinhos,-40.0889,-3.2854,Sobral,,-12.6,-6,-21.3,-10.6,8.3,-0.2,0.18,-0.22,0.18,3.9,-5.3,2.7,,-38.1
2309003,CE,2306,Mucambo,-40.7563,-3.9006,Sobral,,-12.6,-6,-21.3,-9.3,2.6,-0.26,0.08,-0.27,0.1,3.7,-2,-1.3,,-9.3
2309102,CE,2301,Mulungu,-38.991,-4.304,Fortaleza,,-16.7,-6,-21.3,-11.1,4,-0.35,0.13,-0.32,0.11,-0.1,-0.4,3.1,,-21.4
2309201,CE,2304,Nova Olinda,-39.6642,-7.0936,Juazeiro do Norte,,-27.7,-6,-21.3,-16,7.9,-0.52,0.29,-0.6,0.3,2.3,6.2,2.5,,-31.9
2309300,CE,2305,Nova Russas,-40.5273,-4.6792,Crateús,,-20.5,-6,-21.3,-11.6,7.4,-0.28,0.18,-0.29,0.2,2.7,3,1.1,,-15.7
2309409,CE,2305,Novo Oriente,-40.7724,-5.5923,Crateús,,-20.5,-6,-21.3,-12.4,2.5,-0.26,0,-0.35,0.08,2.4,5.4,-8.4,,-27.4
2309458,CE,2301,Ocara,-38.5086,-4.5277,Fortaleza,,-16.7,-6,-21.3,-16.5,5.3,-0.33,0.12,-0.37,0.17,9.2,1.2,5.5,,-14.5
2309508,CE,2303,Orós,-38.9445,-6.2451,Iguatu,,-23.6,-6,-21.3,-12.9,6.1,-0.3,0.04,-0.37,0.15,8.5,4.8,-2.4,,-3.1
2309607,CE,2301,Pacajus,-38.4984,-4.1826,Fortaleza,,-16.7,-6,-21.3,-10.3,7.3,-0.24,0.2,-0.24,0.18,3,-0.5,7.5,,-9.7
2309706,CE,2301,Pacatuba,-38.5922,-3.9526,Fortaleza,,-16.7,-6,-21.3,-7.2,4.9,-0.16,0.13,-0.17,0.14,3.3,-0.9,7.1,,-13.7
2309805,CE,2301,Pacoti,-38.902,-4.2006,Fortaleza,,-16.7,-6,-21.3,-9.8,6.1,-0.31,0.19,-0.28,0.18,-1.5,-0.4,1.6,,24.9
2309904,CE,2306,Pacujá,-40.6913,-4.0043,Sobral,,-12.6,-6,-21.3,-14.2,5,-0.36,0.13,-0.38,0.15,2.3,-2.2,1.6,,3
2310001,CE,2302,Palhano,-38.0282,-4.709,Quixadá,-4.1,-13.3,-6,-21.3,-14.4,6,-0.25,0.11,-0.27,0.12,5.8,7.5,-0.4,,166.9
2310100,CE,2301,Palmácia,-38.8395,-4.1262,Fortaleza,,-16.7,-6,-21.3,-11.1,8,-0.35,0.22,-0.34,0.25,-1.3,-0.6,4.6,,-17.7
2310209,CE,2301,Paracuru,-39.0408,-3.4816,Fortaleza,,-16.7,-6,-21.3,-4.5,1.7,-0.14,0.08,-0.14,0.09,1.5,-1.6,4.7,,-16.3
2310258,CE,2301,Paraipaba,-39.1815,-3.4247,Fortaleza,,-16.7,-6,-21.3,-5.8,3,-0.16,0.08,-0.16,0.1,4,-1.7,0.5,,-17.4
2310308,CE,2305,Parambu,-40.6293,-6.3055,Crateús,,-20.5,-6,-21.3,-11.6,0.5,-0.28,0,-0.4,0.09,2.7,4.1,6,,-6.6
2310407,CE,2301,Paramoti,-39.3965,-4.1595,Fortaleza,,-16.7,-6,-21.3,-5.5,-2,-0.15,-0.01,-0.14,-0.01,-6.1,-1.7,1.1,,-3
2310506,CE,2302,Pedra Branca,-39.8492,-5.4976,Quixadá,-4.1,-13.3,-6,-21.3,-12.9,-1.4,-0.27,-0.04,-0.28,-0.04,4,0.7,5,,-6.6
2310605,CE,2304,Penaforte,-39.0547,-7.7806,Juazeiro do Norte,,-27.7,-6,-21.3,-8.5,1.3,-0.19,0.03,-0.41,0.1,5.1,3.1,5.2,,-37.3
2310704,CE,2301,Pentecoste,-39.1481,-3.8499,Fortaleza,,-16.7,-6,-21.3,-9.1,3.7,-0.19,0.12,-0.2,0.11,-3.4,-1.7,0.8,,-20
2310803,CE,2302,Pereiro,-38.4877,-6.0436,Quixadá,-4.1,-13.3,-6,-21.3,-12.1,1.6,-0.25,-0.01,-0.29,0.03,8.9,-0.8,2.9,,-26.5
2310852,CE,2301,Pindoretama,-38.3079,-4.0571,Fortaleza,,-16.7,-6,-21.3,-7.2,5.3,-0.18,0.14,-0.17,0.14,1.8,0.3,8.5,,-20.1
2310902,CE,2303,Piquet Carneiro,-39.4506,-5.8639,Iguatu,,-23.6,-6,-21.3,-11.9,0.1,-0.3,-0.05,-0.3,0.01,5.1,-0.7,-7.8,,-11.4
2310951,CE,2306,Pires Ferreira,-40.581,-4.2613,Sobral,,-12.6,-6,-21.3,-18.9,9.1,-0.45,0.21,-0.44,0.23,3.9,0.3,4.4,,-13
2311009,CE,2305,Poranga,-41.0754,-4.7993,Crateús,,-20.5,-6,-21.3,-17.2,9.5,-0.41,0.18,-0.42,0.24,8,2.5,5.5,,-8.5
2311108,CE,2304,Porteiras,-39.1061,-7.5455,Juazeiro do Norte,,-27.7,-6,-21.3,-9.7,2.1,-0.22,0.03,-0.47,0.12,-0.2,2.4,8.5,,-32.3
2311207,CE,2304,Potengi,-40.0355,-7.0711,Juazeiro do Norte,,-27.7,-6,-21.3,-13.9,2.4,-0.44,0.16,-0.56,0.19,2.7,3.5,3.3,,-26.3
2311231,CE,2302,Potiretama,-38.1688,-5.75,Quixadá,-4.1,-13.3,-6,-21.3,-11.3,3,-0.24,0,-0.25,0.08,3.9,1.2,-3.9,,-28.2
2311264,CE,2305,Quiterianópolis,-40.7603,-5.8724,Crateús,,-20.5,-6,-21.3,-11.7,0.6,-0.24,0,-0.32,0.07,4.3,3.7,3.1,,-14
2311306,CE,2302,Quixadá,-38.9483,-4.955,Quixadá,-4.1,-13.3,-6,-21.3,-11.9,2.5,-0.28,0.04,-0.34,0.09,1.1,0.1,-2.3,,2.9
2311355,CE,2303,Quixelô,-39.1188,-6.1703,Iguatu,,-23.6,-6,-21.3,-13.4,6.2,-0.3,0.04,-0.39,0.14,9.6,3,-12.1,,-12
2311405,CE,2302,Quixeramobim,-39.33,-5.2423,Quixadá,-4.1,-13.3,-6,-21.3,-15.5,-1.3,-0.36,-0.01,-0.38,0.03,4.7,-2.8,2.9,,-17
2311504,CE,2302,Quixeré,-37.8633,-5.0861,Quixadá,-4.1,-13.3,-6,-21.3,-10.9,0.9,-0.15,0.02,-0.18,0.04,9.6,7.1,0.1,,-5.8
2311603,CE,2301,Redenção,-38.7648,-4.2499,Fortaleza,,-16.7,-6,-21.3,-12.7,7.4,-0.35,0.18,-0.33,0.21,-1.7,-1.5,9.8,,-10.5
2311702,CE,2306,Reriutaba,-40.6121,-4.1205,Sobral,,-12.6,-6,-21.3,-17.6,8.8,-0.44,0.21,-0.45,0.24,0.5,-1.7,5.4,,-14.7
2311801,CE,2302,Russas,-38.1508,-4.8426,Quixadá,-4.1,-13.3,-6,-21.3,-10.5,4.2,-0.21,0.06,-0.23,0.09,7.2,6.5,-0.6,,11
2311900,CE,2303,Saboeiro,-39.8893,-6.4848,Iguatu,,-23.6,-6,-21.3,-14,6.7,-0.35,0.08,-0.42,0.18,10,3.4,0.8,,-32.8
2311959,CE,2304,Salitre,-40.3684,-7.2057,Juazeiro do Norte,,-27.7,-6,-21.3,-15.7,1.4,-0.49,0.15,-0.58,0.17,-0.1,2.2,8.5,,-12.2
2312007,CE,2306,Santana Do Acaraú,-40.1646,-3.4585,Sobral,,-12.6,-6,-21.3,-10.3,5.3,-0.22,0.15,-0.24,0.15,-1.3,-4.9,-1.8,,-30.1
2312106,CE,2304,Santana Do Cariri,-39.7546,-7.2238,Juazeiro do Norte,,-27.7,-6,-21.3,-18.4,8,-0.52,0.26,-0.66,0.31,4.2,2.2,3.2,,-25.8
2312205,CE,2306,Santa Quitéria,-40.0427,-4.341,Sobral,,-12.6,-6,-21.3,-11.4,0,-0.2,0,-0.22,0.01,7.1,-2,-5.8,,-21.8
2312304,CE,2306,São Benedito,-40.9702,-4.0456,Sobral,,-12.6,-6,-21.3,-12.4,3.7,-0.3,0.08,-0.35,0.13,4.9,-0.4,3.1,,-15
2312403,CE,2301,São Gonçalo Do Amarante,-39.0557,-3.6012,Fortaleza,,-16.7,-6,-21.3,-8.5,5.6,-0.2,0.17,-0.2,0.16,-4.3,-1.6,-0.2,,-20.8
2312502,CE,2302,São João Do Jaguaribe,-38.2747,-5.3264,Quixadá,-4.1,-13.3,-6,-21.3,-13.7,3.4,-0.26,0,-0.28,0.08,3.7,5.6,6.7,,-16.5
2312601,CE,2301,São Luís Do Curu,-39.2645,-3.6468,Fortaleza,,-16.7,-6,-21.3,-10.6,4.6,-0.26,0.13,-0.25,0.13,-1.5,-2,-0.8,,-17.6
2312700,CE,2302,Senador Pompeu,-39.439,-5.5799,Quixadá,-4.1,-13.3,-6,-21.3,-12.5,-2.8,-0.3,-0.12,-0.32,-0.08,7.7,-0.3,4.3,,-2.4
2312809,CE,2306,Senador Sá,-40.4612,-3.27,Sobral,,-12.6,-6,-21.3,-6.6,2.5,-0.2,0.09,-0.18,0.08,9,-6.4,-5.5,,-18.1
2312908,CE,2306,Sobral,-40.2282,-3.8081,Sobral,,-12.6,-6,-21.3,-12.5,6.8,-0.31,0.22,-0.34,0.2,4.7,-2.5,-5.5,,-9.7
2313005,CE,2302,Solonópole,-39.0016,-5.7751,Quixadá,-4.1,-13.3,-6,-21.3,-12.3,-1.5,-0.25,-0.1,-0.36,0,10.5,1.6,5.5,,-7.4
2313104,CE,2302,Tabuleiro Do Norte,-38.0461,-5.325,Quixadá,-4.1,-13.3,-6,-21.3,-12,3.1,-0.23,0,-0.24,0.06,7.7,4.1,7.4,,-14.6
2313203,CE,2305,Tamboril,-40.3351,-4.9291,Crateús,,-20.5,-6,-21.3,-14.6,3.7,-0.3,0.05,-0.3,0.05,-0.5,0,0.8,,-14.9
2313252,CE,2304,Tarrafas,-39.7483,-6.7382,Juazeiro do Norte,,-27.7,-6,-21.3,-13.2,4.5,-0.45,0.16,-0.47,0.22,4.4,6.2,1.9,,-45
2313302,CE,2305,Tauá,-40.2593,-5.9372,Crateús,,-20.5,-6,-21.3,-12.4,-1.6,-0.28,-0.03,-0.35,0.01,-0.6,1.5,-2.6,,-12.5
2313351,CE,2301,Tejuçuoca,-39.5847,-3.9312,Fortaleza,,-16.7,-6,-21.3,-7.9,-2,-0.21,0.01,-0.19,-0.01,-7.8,-3.1,0,,-17.1
2313401,CE,2306,Tianguá,-41.0532,-3.7349,Sobral,,-12.6,-6,-21.3,-9.8,0.5,-0.23,-0.01,-0.27,0.03,2.1,-0.6,2.7,,-1.8
2313500,CE,2301,Trairi,-39.3536,-3.3373,Fortaleza,,-16.7,-6,-21.3,-6.5,2.2,-0.16,0.09,-0.17,0.08,1.8,-3.5,-1.1,,-24.8
2313559,CE,2301,Tururu,-39.4049,-3.5539,Fortaleza,,-16.7,-6,-21.3,-17.3,11,-0.42,0.31,-0.42,0.28,-2.8,-2.6,0.6,,-21.8
2313609,CE,2306,Ubajara,-41.0043,-3.8671,Sobral,,-12.6,-6,-21.3,-12.3,5.5,-0.36,0.17,-0.39,0.19,3.7,-0.6,2.6,,-17
2313708,CE,2303,Umari,-38.7313,-6.6239,Iguatu,,-23.6,-6,-21.3,-13,5.2,-0.31,0.05,-0.41,0.13,4.9,9.1,-3.2,,-36.6
2313757,CE,2301,Umirim,-39.3832,-3.6877,Fortaleza,,-16.7,-6,-21.3,-13.4,7.9,-0.32,0.2,-0.3,0.19,0.1,-2.8,-4,,-13.5
2313807,CE,2301,Uruburetama,-39.5163,-3.6226,Fortaleza,,-16.7,-6,-21.3,-14.1,10,-0.36,0.29,-0.35,0.26,2.3,-1.6,0.4,,-10.2
2313906,CE,2306,Uruoca,-40.6793,-3.3207,Sobral,,-12.6,-6,-21.3,-7.9,5.4,-0.2,0.13,-0.19,0.14,10,-5.4,-2.7,,-15.8
2313955,CE,2306,Varjota,-40.4937,-4.1689,Sobral,,-12.6,-6,-21.3,-18.8,8.7,-0.47,0.2,-0.45,0.2,6.6,-0.6,0.2,,-15.6
2314003,CE,2304,Várzea Alegre,-39.2974,-6.7723,Juazeiro do Norte,,-27.7,-6,-21.3,-15.1,5.4,-0.44,0.16,-0.52,0.19,4.4,8.6,-2.9,,-30.5
2314102,CE,2306,Viçosa Do Ceará,-41.1373,-3.5459,Sobral,,-12.6,-6,-21.3,-13,6.5,-0.37,0.17,-0.4,0.21,9.5,-0.7,6.6,,-7.4
2400109,RN,2402,Acari,-36.649,-6.4106,Caicó,,-5.7,,-10.1,-6,-7.4,-0.07,-0.15,-0.06,-0.13,3.3,-2.7,-0.2,,13.3
2400208,RN,2403,Açu,-37.0123,-5.5249,Mossoró,,-16,,-10.1,-10.3,-4.6,-0.11,-0.08,-0.17,-0.06,6.1,4.1,1.9,,-17.5
2400307,RN,2403,Afonso Bezerra,-36.5977,-5.4715,Mossoró,,-16,,-10.1,-9.7,-3.9,-0.15,-0.05,-0.17,-0.01,2.5,1.5,2.4,,0.2
2400406,RN,2403,Água Nova,-38.309,-6.2063,Mossoró,,-16,,-10.1,-10.1,-0.3,-0.24,-0.05,-0.28,0,4.9,-0.7,9.8,,-20
2400505,RN,2403,Alexandria,-37.989,-6.3639,Mossoró,,-16,,-10.1,-11.9,2,-0.22,0,-0.3,0.07,4.7,1.5,4.1,,-37.1
2400604,RN,2403,Almino Afonso,-37.7649,-6.1542,Mossoró,,-16,,-10.1,-12.6,1.6,-0.23,-0.01,-0.26,0.03,0.7,-3.3,-2.7,,-30.1
2400703,RN,2403,Alto Do Rodrigues,-36.7231,-5.3625,Mossoró,,-16,,-10.1,-9.5,-3.2,-0.12,-0.05,-0.13,-0.02,3.5,4.2,-3,,-14.4
2400802,RN,2403,Angicos,-36.5601,-5.647,Mossoró,,-16,,-10.1,-11.4,-2.5,-0.16,-0.04,-0.17,-0.03,1.4,4,1.7,,-2.8
2400901,RN,2403,Antônio Martins,-37.9262,-6.2218,Mossoró,,-16,,-10.1,-14.2,2.6,-0.27,0.02,-0.33,0.07,4.4,-1.3,11,,-19.9
2401008,RN,2403,Apodi,-37.8357,-5.6281,Mossoró,,-16,,-10.1,-8,0.5,-0.15,-0.03,-0.16,0.04,1.5,-0.8,6.2,,-3.9
2401107,RN,2403,Areia Branca,-37.0395,-4.9998,Mossoró,,-16,,-10.1,-9.6,-0.6,-0.13,-0.03,-0.12,0,3.3,5.1,-3.8,,-4.5
2401206,RN,2401,Arês,-35.2074,-6.192,Natal,,-5.7,,-10.1,-11.9,1.2,-0.27,0.07,-0.25,0.04,3.1,-0.2,1.1,,-2
2401305,RN,2403,Augusto Severo,-37.3241,-5.8828,Mossoró,,-16,,-10.1,-9.8,-1.1,-0.13,-0.05,-0.15,-0.03,6.6,-2.7,5.4,,5.2
2401404,RN,2401,Baía Formosa,-35.0441,-6.4357,Natal,,-5.7,,-10.1,-9.2,2,-0.21,0.06,-0.19,0.03,2.1,-0.1,15.4,,-8.5
2401453,RN,2403,Baraúna,-37.6167,-5.0917,Mossoró,,-16,,-10.1,-8.8,-1.1,-0.1,-0.03,-0.11,-0.02,3.8,6.3,-0.9,,-10.5
2401503,RN,2401,Barcelona,-35.9236,-5.9581,Natal,,-5.7,,-10.1,-8.4,-8.1,-0.11,-0.11,-0.13,-0.09,2.3,-0.1,-18.8,,-19
2401602,RN,2401,Bento Fernandes,-35.8129,-5.6782,Natal,,-5.7,,-10.1,-12.1,-6.5,-0.18,-0.09,-0.18,-0.07,4.3,-1.8,20.4,,-5.2
2401651,RN,2402,Bodó,-36.4413,-5.9638,Caicó,,-5.7,,-10.1,-8.4,-8.7,-0.1,-0.1,-0.11,-0.1,7.1,5,-1.7,,-10.9
2401701,RN,2401,Bom Jesus,-35.5917,-6.0019,Natal,,-5.7,,-10.1,-10.9,-1.8,-0.22,0.02,-0.21,0,-0.6,-0.3,4,,56.4
2401800,RN,2401,Brejinho,-35.3841,-6.2153,Natal,,-5.7,,-10.1,-11.1,2.5,-0.21,0.09,-0.2,0.07,2.2,-0.2,3.7,,-16.6
2401859,RN,2401,Caiçara Do Norte,-36.0833,-5.1732,Natal,,-5.7,,-10.1,-12.2,-4.2,-0.17,-0.04,-0.18,-0.04,7.3,-2,-1.6,,0
2401909,RN,2401,Caiçara Do Rio Do Vento,-36.0256,-5.7657,Natal,,-5.7,,-10.1,-14.2,-5.7,-0.17,-0.07,-0.18,-0.05,5.6,-1.6,-24.6,,3.3
2402006,RN,2402,Caicó,-37.0387,-6.4665,Caicó,,-5.7,,-10.1,-11.6,1,-0.18,-0.02,-0.18,-0.01,6,-6.7,5.7,,29.7
2402105,RN,2401,Campo Redondo,-36.2081,-6.2365,Natal,,-5.7,,-10.1,-8.1,-9.3,-0.04,-0.15,-0.07,-0.16,1.7,2.9,-8,,-15.7
2402204,RN,2401,Canguaretama,-35.1484,-6.3947,Natal,,-5.7,,-10.1,-10.6,3.1,-0.25,0.09,-0.22,0.07,1.7,-0.2,9.4,,-7.4
2402303,RN,2403,Caraúbas,-37.5838,-5.7669,Mossoró,,-16,,-10.1,-10.3,-0.3,-0.17,-0.04,-0.15,-0.02,1.8,-3.3,-5.3,,2.5
2402402,RN,2402,Carnaúba Dos Dantas,-36.5444,-6.5543,Caicó,,-5.7,,-10.1,-10.7,-4.5,-0.14,-0.12,-0.16,-0.1,3,2.8,5.6,,6.8
2402501,RN,2403,Carnaubais,-36.8561,-5.2592,Mossoró,,-16,,-10.1,-10.9,-4.4,-0.16,-0.09,-0.15,-0.05,4.6,6.1,-7.9,,-13.1
2402600,RN,2401,Ceará-Mirim,-35.3948,-5.5942,Natal,,-5.7,,-10.1,-10.5,-2,-0.25,-0.04,-0.19,-0.04,2.2,-1.2,4.7,,-9.8
2402709,RN,2402,Cerro Corá,-36.3267,-5.9903,Caicó,,-5.7,,-10.1,-10,-9,-0.11,-0.11,-0.12,-0.11,3.4,0.3,-28.3,,-4.2
2402808,RN,2401,Coronel Ezequiel,-36.1978,-6.3577,Natal,,-5.7,,-10.1,-6.5,-8.1,-0.02,-0.14,-0.06,-0.12,5.3,3,-7.2,,21
2402907,RN,2403,Coronel João Pessoa,-38.4243,-6.2571,Mossoró,,-16,,-10.1,-11.3,-0.7,-0.28,-0.03,-0.31,-0.01,6,-0.6,8.4,,-16.6
2403004,RN,2402,Cruzeta,-36.8242,-6.3568,Caicó,,-5.7,,-10.1,-8.6,-2.8,-0.11,-0.06,-0.12,-0.06,2.4,-5.6,5.6,,31
2403103,RN,2402,Currais Novos,-36.4427,-6.2242,Caicó,,-5.7,,-10.1,-3.1,-9.6,-0.01,-0.15,-0.03,-0.14,4.1,4.1,0.8,,-7.8
2403202,RN,2403,Doutor Severiano,-38.3982,-6.1145,Mossoró,,-16,,-10.1,-10.3,-0.4,-0.22,-0.05,-0.26,0,5.4,-0.7,11.8,,13.1
2403251,RN,2401,Parnamirim,-35.2289,-5.9138,Natal,,-5.7,,-10.1,-8.7,-0.6,-0.22,0.03,-0.18,0,1.9,-0.3,-4.6,,
2403301,RN,2403,Encanto,-38.309,-6.1359,Mossoró,,-16,,-10.1,-10.3,-0.4,-0.22,-0.05,-0.26,0,5.4,-0.7,11.8,,-37.9
2403400,RN,2402,Equador,-36.6651,-6.8799,Caicó,,-5.7,,-10.1,-12.6,-1.3,-0.18,-0.08,-0.19,-0.06,-2.9,3.6,9.5,,-13.1
2403509,RN,2401,Espírito Santo,-35.3046,-6.3035,Natal,,-5.7,,-10.1,-11.3,1.8,-0.21,0.05,-0.21,0.04,3.5,-0.2,-13.2,,-5.4
2403608,RN,2401,Extremoz,-35.2674,-5.6815,Natal,,-5.7,,-10.1,-9.3,-2.4,-0.24,-0.03,-0.18,-0.04,1.7,-1.1,-0.8,,-13.4
2403707,RN,2403,Felipe Guerra,-37.6556,-5.5388,Mossoró,,-16,,-10.1,-7.4,-3.3,-0.08,-0.1,-0.09,-0.06,-1.2,-0.3,5.3,,30.3
2403756,RN,2403,Fernando Pedroza,-36.393,-5.7613,Mossoró,,-16,,-10.1,-10.6,-4.3,-0.15,-0.05,-0.16,-0.04,6,2.9,-7.6,,-12.9
2403806,RN,2402,Florânia,-36.819,-6.1698,Caicó,,-5.7,,-10.1,-8.8,-4.2,-0.11,-0.07,-0.13,-0.07,7.5,-0.3,4.6,,60.4
2403905,RN,2403,Francisco Dantas,-38.1081,-6.0513,Mossoró,,-16,,-10.1,-11,-0.8,-0.23,-0.04,-0.25,0,7.5,0.5,0.9,,-23.1
2404002,RN,2403,Frutuoso Gomes,-37.8382,-6.1609,Mossoró,,-16,,-10.1,-12.5,0.7,-0.23,-0.02,-0.27,0.02,6.4,-2.9,0.5,,-28.8
2404101,RN,2401,Galinhos,-36.2078,-5.1751,Natal,,-5.7,,-10.1,-9.7,-4.8,-0.13,-0.07,-0.16,-0.05,7.3,-1.8,2,,4.9
2404200,RN,2401,Goianinha,-35.2158,-6.2859,Natal,,-5.7,,-10.1,-9.4,1.9,-0.22,0.07,-0.19,0.05,2.5,-0.2,4.6,,-7.8
2404309,RN,2403,Governador Dix-Sept Rosado,-37.5368,-5.3937,Mossoró,,-16,,-10.1,-10.2,-4,-0.1,-0.09,-0.11,-0.08,0.1,1.2,11.6,,6.6
2404408,RN,2403,Grossos,-37.2086,-4.9463,Mossoró,,-16,,-10.1,-11,2.7,-0.13,0.02,-0.12,0.03,-0.8,7.1,0.1,,0.6
2404507,RN,2403,Guamaré,-36.3439,-5.1718,Mossoró,,-16,,-10.1,-11.1,-4.4,-0.17,-0.06,-0.18,-0.03,4.2,-1.6,-7.1,,-3.3
2404606,RN,2401,Ielmo Marinho,-35.5491,-5.7834,Natal,,-5.7,,-10.1,-11.2,-5.6,-0.25,-0.09,-0.2,-0.09,2.3,-1.1,1.6,,-4.6
2404705,RN,2403,Ipanguaçu,-36.803,-5.5373,Mossoró,,-16,,-10.1,-9.3,-3.9,-0.11,-0.07,-0.14,-0.04,1.3,4.7,0.9,,-26
2404804,RN,2402,Ipueira,-37.1907,-6.7733,Caicó,,-5.7,,-10.1,-12.2,-1.9,-0.16,-0.14,-0.2,-0.08,3.9,-2.7,7.7,,-9.5
2404853,RN,2403,Itajá,-36.809,-5.6896,Mossoró,,-16,,-10.1,-9,-4.2,-0.11,-0.09,-0.13,-0.07,2.3,-0.7,4.1,,-10.4
2404903,RN,2403,Itaú,-37.9143,-5.8169,Mossoró,,-16,,-10.1,-7.6,0.3,-0.14,-0.02,-0.16,0.03,4.2,0.1,0.8,,-14.5
2405009,RN,2401,Jaçanã,-36.2143,-6.4117,Natal,,-5.7,,-10.1,-6.9,-6.9,-0.03,-0.11,-0.08,-0.1,2.7,0.5,7.3,,-5.5
2405108,RN,2401,Jandaíra,-36.1445,-5.3525,Natal,,-5.7,,-10.1,-11.6,-5.5,-0.17,-0.06,-0.17,-0.06,3.6,-2,3.2,,-9.9
2405207,RN,2403,Janduís,-37.4765,-5.9973,Mossoró,,-16,,-10.1,-9.7,0.9,-0.13,-0.04,-0.14,0,6.2,-4.4,4.5,,-9.5
2405306,RN,2401,Januário Cicco,-35.6077,-6.1512,Natal,,-5.7,,-10.1,-9.8,-2.4,-0.15,0.01,-0.15,0,-0.6,-0.4,8,,-12.7
2405405,RN,2401,Japi,-35.8994,-6.43,Natal,,-5.7,,-10.1,-9,-6.3,-0.09,-0.07,-0.14,-0.05,4.8,1,-1.4,,-24.5
2405504,RN,2401,Jardim De Angicos,-35.9868,-5.6127,Natal,,-5.7,,-10.1,-12.3,-6.4,-0.16,-0.06,-0.18,-0.05,4.1,-1.6,1.9,,-5.3
2405603,RN,2402,Jardim De Piranhas,-37.2871,-6.3361,Caicó,,-5.7,,-10.1,-11.4,2.3,-0.17,0.01,-0.2,0.02,5.9,-4.5,7.7,,11.8
2405702,RN,2402,Jardim Do Seridó,-36.8057,-6.5889,Caicó,,-5.7,,-10.1,-11.8,-0.4,-0.17,-0.05,-0.16,-0.04,-0.1,-5.5,6.6,,7.5
2405801,RN,2401,João Câmara,-35.8745,-5.4751,Natal,,-5.7,,-10.1,-10.7,-5.5,-0.16,-0.05,-0.16,-0.05,1.2,-0.8,17.1,,-5.3
2405900,RN,2403,João Dias,-37.839,-6.288,Mossoró,,-16,,-10.1,-14.4,1.8,-0.26,0.01,-0.32,0.05,3.8,1.3,7.1,,-28.2
2406007,RN,2403,José Da Penha,-38.2812,-6.3405,Mossoró,,-16,,-10.1,-9.5,2.6,-0.21,-0.01,-0.26,0.07,1.8,1.7,4.1,,-18.8
2406106,RN,2402,Jucurutu,-37.0216,-6.058,Caicó,,-5.7,,-10.1,-9.7,-1.2,-0.12,-0.03,-0.15,-0.04,8.1,-5.5,7.2,,22.9
2406155,RN,2401,Jundiá,-35.3404,-6.2529,Natal,,-5.7,,-10.1,-11.1,2.5,-0.21,0.09,-0.2,0.07,2.2,-0.2,3.7,,-2.4
2406205,RN,2401,Lagoa D'anta,-35.6253,-6.3847,Natal,,-5.7,,-10.1,-12.2,-0.6,-0.16,0.02,-0.2,0.02,4.8,-0.1,7.3,,1.6
2406304,RN,2401,Lagoa De Pedras,-35.4512,-6.1929,Natal,,-5.7,,-10.1,-10.7,1.5,-0.21,0.07,-0.19,0.05,1.4,-0.3,-3.1,,-1.5
2406403,RN,2401,Lagoa De Velhos,-35.844,-6.011,Natal,,-5.7,,-10.1,-5,-8.1,-0.06,-0.1,-0.06,-0.08,-0.4,0.6,-9.4,,-27.6
2406502,RN,2402,Lagoa Nova,-36.5178,-6.0959,Caicó,,-5.7,,-10.1,-5.6,-6.4,-0.07,-0.09,-0.06,-0.09,8.3,1.6,-4,,-6.9
2406601,RN,2401,Lagoa Salgada,-35.5102,-6.1448,Natal,,-5.7,,-10.1,-11.4,0.5,-0.21,0.07,-0.21,0.05,1.4,-0.3,12.5,,-6.6
2406700,RN,2403,Lajes,-36.1815,-5.6996,Mossoró,,-16,,-10.1,-13.6,-4.7,-0.18,-0.06,-0.19,-0.04,6.3,-0.6,-13.2,,5.3
2406809,RN,2401,Lajes Pintadas,-36.1356,-6.1485,Natal,,-5.7,,-10.1,-8.2,-9.9,-0.06,-0.12,-0.1,-0.11,2.4,3.1,-7.1,,-10.5
2406908,RN,2403,Lucrécia,-37.8243,-6.1036,Mossoró,,-16,,-10.1,-12.5,0.7,-0.23,-0.02,-0.27,0.02,6.4,-2.9,0.5,,-21.3
2407005,RN,2403,Luís Gomes,-38.4008,-6.3761,Mossoró,,-16,,-10.1,-8.9,0.2,-0.2,-0.04,-0.25,0,1.9,0.1,9.4,,-30.7
2407104,RN,2401,Macaíba,-35.4299,-5.927,Natal,,-5.7,,-10.1,-11.7,-0.8,-0.25,0.02,-0.24,0.01,3.4,-0.5,-9.5,,-12.8
2407203,RN,2403,Macau,-36.5251,-5.1951,Mossoró,,-16,,-10.1,-10.3,-3.8,-0.14,-0.08,-0.14,-0.06,6.8,-0.6,-4.3,,-4.5
2407252,RN,2403,Major Sales,-38.3177,-6.4039,Mossoró,,-16,,-10.1,-10.5,1.5,-0.24,-0.01,-0.32,0.05,4,3.4,-0.2,,-19.5
2407302,RN,2403,Marcelino Vieira,-38.1555,-6.281,Mossoró,,-16,,-10.1,-12,1.6,-0.24,-0.03,-0.28,0.05,5.5,1.4,10.9,,-21.7
2407401,RN,2403,Martins,-37.907,-6.0805,Mossoró,,-16,,-10.1,-11.8,1.5,-0.21,0,-0.24,0.04,5.7,-0.7,3.6,,-18.4
2407500,RN,2401,Maxaranguape,-35.3554,-5.4503,Natal,,-5.7,,-10.1,-10.1,-0.6,-0.24,-0.01,-0.18,-0.01,3.1,-1.5,2.3,,-7.8
2407609,RN,2403,Messias Targino,-37.488,-6.0932,Mossoró,,-16,,-10.1,-10.6,2.9,-0.19,0.01,-0.21,0.07,6.4,-3.3,4.8,,-9.2
2407708,RN,2401,Montanhas,-35.2918,-6.5047,Natal,,-5.7,,-10.1,-9.7,0.9,-0.21,0.02,-0.2,0.02,5.5,0,9.5,,-6.6
2407807,RN,2401,Monte Alegre,-35.406,-6.0985,Natal,,-5.7,,-10.1,-11.3,-0.1,-0.23,0.04,-0.22,0.03,2,-0.3,-2.2,,-17.5
2407906,RN,2401,Monte Das Gameleiras,-35.8092,-6.4318,Natal,,-5.7,,-10.1,-11,-2.7,-0.12,0,-0.16,-0.02,7.2,0,6.1,,-16
2408003,RN,2403,Mossoró,-37.3254,-5.1767,Mossoró,,-16,,-10.1,-9.9,-0.8,-0.12,-0.04,-0.12,-0.03,3.8,5.7,2.6,,0.2
2408102,RN,2401,Natal,-35.2319,-5.7993,Natal,,-5.7,,-10.1,-9,-2.8,-0.24,-0.03,-0.18,-0.05,2.4,-0.8,2.2,,
2408201,RN,2401,Nísia Floresta,-35.1721,-6.0532,Natal,,-5.7,,-10.1,-10.6,0.8,-0.26,0.07,-0.24,0.04,2.5,-0.3,-4.7,,-5.4
2408300,RN,2401,Nova Cruz,-35.4264,-6.4499,Natal,,-5.7,,-10.1,-11.3,0.9,-0.2,0.05,-0.21,0.05,2.9,-0.2,-10.5,,-2.6
2408409,RN,2403,Olho-D'água Do Borges,-37.711,-5.9797,Mossoró,,-16,,-10.1,-10.2,1.1,-0.17,-0.03,-0.19,0.02,3.7,-2.1,9.1,,-0.2
2408508,RN,2402,Ouro Branco,-36.9214,-6.685,Caicó,,-5.7,,-10.1,-12,-0.6,-0.16,-0.07,-0.17,-0.05,0.2,-3.8,4.9,,-8
2408607,RN,2403,Paraná,-38.2825,-6.4532,Mossoró,,-16,,-10.1,-11,2.7,-0.25,0,-0.33,0.08,2.5,3.2,3.3,,18
2408706,RN,2403,Paraú,-37.111,-5.7852,Mossoró,,-16,,-10.1,-11.3,-0.3,-0.13,-0.04,-0.14,-0.03,8.4,-2.7,5.4,,-5.2
2408805,RN,2401,Parazinho,-35.9518,-5.2911,Natal,,-5.7,,-10.1,-13.2,-3.4,-0.19,-0.04,-0.19,-0.04,6.1,-2.7,23.8,,-6.1
2408904,RN,2402,Parelhas,-36.6196,-6.7142,Caicó,,-5.7,,-10.1,-14.1,-0.8,-0.19,-0.07,-0.2,-0.05,-1.9,1.6,4.7,,6.2
2408953,RN,2401,Rio Do Fogo,-35.401,-5.38,Natal,,-5.7,,-10.1,-10.7,-2.7,-0.23,-0.07,-0.18,-0.06,3.4,-2.2,9,,2.4
2409100,RN,2401,Passa E Fica,-35.6129,-6.4417,Natal,,-5.7,,-10.1,-12.7,-1,-0.18,0.02,-0.22,0.01,4.9,-0.1,14.4,,-2.9
2409209,RN,2401,Passagem,-35.3963,-6.2831,Natal,,-5.7,,-10.1,-11.1,2.5,-0.21,0.09,-0.2,0.07,2.2,-0.2,3.7,,-5.7
2409308,RN,2403,Patu,-37.6226,-6.0874,Mossoró,,-16,,-10.1,-11.7,3.2,-0.19,0.02,-0.22,0.06,1.9,-3.3,9.5,,2.1
2409332,RN,2401,Santa Maria,-35.7205,-5.7886,Natal,,-5.7,,-10.1,-10.3,-6.8,-0.18,-0.12,-0.17,-0.1,3.8,-1.8,13.1,,-22.4
2409407,RN,2403,Pau Dos Ferros,-38.1705,-6.1182,Mossoró,,-16,,-10.1,-11.5,-0.8,-0.25,-0.04,-0.26,0,6.9,0.9,10.2,,-23.2
2409506,RN,2401,Pedra Grande,-35.8734,-5.145,Natal,,-5.7,,-10.1,-12.4,-2.4,-0.21,-0.04,-0.18,-0.03,0.8,-3.1,14.1,,-15.8
2409605,RN,2401,Pedra Preta,-36.0798,-5.5228,Natal,,-5.7,,-10.1,-14.6,-3,-0.21,-0.03,-0.21,-0.02,6.2,-1.9,-15.4,,4.6
2409704,RN,2401,Pedro Avelino,-36.3313,-5.4757,Natal,,-5.7,,-10.1,-10.1,-6,-0.15,-0.06,-0.16,-0.04,3.4,-0.9,-5.8,,-12.6
2409803,RN,2401,Pedro Velho,-35.2239,-6.466,Natal,,-5.7,,-10.1,-9.8,2.1,-0.21,0.06,-0.2,0.06,0.5,-0.2,6.7,,-11.1
2409902,RN,2403,Pendências,-36.6232,-5.293,Mossoró,,-16,,-10.1,-11.4,-3.6,-0.16,-0.05,-0.17,-0.02,4.5,1.8,-3.2,,-11.1
2410009,RN,2403,Pilões,-38.0283,-6.2849,Mossoró,,-16,,-10.1,-12.2,0.7,-0.24,-0.05,-0.28,0.03,7.9,-0.1,4.6,,-30.5
2410108,RN,2401,Poço Branco,-35.6944,-5.5702,Natal,,-5.7,,-10.1,-11.4,-5.2,-0.2,-0.09,-0.18,-0.08,3.5,-1.9,22.5,,-5.8
2410207,RN,2403,Portalegre,-38.0157,-6.0297,Mossoró,,-16,,-10.1,-11.6,0,-0.23,-0.02,-0.25,0.02,4.7,1.1,5.8,,-34
2410256,RN,2403,Porto Do Mangue,-36.8387,-5.0872,Mossoró,,-16,,-10.1,-10.5,-3.3,-0.15,-0.07,-0.14,-0.04,6.8,6.9,-2.8,,-12.3
2410306,RN,2401,Presidente Juscelino,-35.7298,-6.1043,Natal,,-5.7,,-10.1,-10.3,-2.8,-0.14,0,-0.14,0,-0.5,0.4,16.1,,-4.1
2410405,RN,2401,Pureza,-35.5798,-5.4076,Natal,,-5.7,,-10.1,-10.5,-3.5,-0.22,-0.08,-0.17,-0.07,3.3,-1.7,2.9,,-6.1
2410504,RN,2403,Rafael Fernandes,-38.2234,-6.1987,Mossoró,,-16,,-10.1,-8.3,-2.1,-0.18,-0.08,-0.19,-0.03,4.4,1.5,8.1,,-21.4
2410603,RN,2403,Rafael Godeiro,-37.7311,-6.0681,Mossoró,,-16,,-10.1,-11.1,1.8,-0.18,-0.01,-0.22,0.03,2.7,-2.3,12.4,,-29
2410702,RN,2403,Riacho Da Cruz,-37.9685,-5.9242,Mossoró,,-16,,-10.1,-8.7,0.1,-0.17,-0.02,-0.19,0.05,5.5,-0.9,0.6,,-21.2
2410801,RN,2403,Riacho De Santana,-38.338,-6.2774,Mossoró,,-16,,-10.1,-10.1,-0.3,-0.24,-0.05,-0.28,0,4.9,-0.7,9.8,,-23.3
2410900,RN,2401,Riachuelo,-35.8514,-5.7985,Natal,,-5.7,,-10.1,-10.6,-8.1,-0.15,-0.1,-0.15,-0.09,1.5,-1.5,-0.8,,-28
2411007,RN,2403,Rodolfo Fernandes,-38.0792,-5.8571,Mossoró,,-16,,-10.1,-10.3,2.4,-0.2,0.01,-0.21,0.08,5.6,-0.6,2.4,,30
2411056,RN,2403,Tibau,-37.3208,-4.8884,Mossoró,,-16,,-10.1,-10.9,2.4,-0.14,0.02,-0.12,0.01,-1.8,6.2,1.6,,-0.6
2411106,RN,2401,Ruy Barbosa,-35.9404,-5.8566,Natal,,-5.7,,-10.1,-9.3,-7.9,-0.13,-0.12,-0.14,-0.09,3.1,-0.5,-15.4,,-17.7
2411205,RN,2401,Santa Cruz,-36.0072,-6.2481,Natal,,-5.7,,-10.1,-8.4,-8.2,-0.07,-0.1,-0.1,-0.1,4.3,1.4,-7,,-18.5
2411403,RN,2403,Santana Do Matos,-36.6361,-5.904,Mossoró,,-16,,-10.1,-4.9,-6.1,-0.04,-0.08,-0.06,-0.08,6.2,-3.8,0.7,,-19.7
2411429,RN,2402,Santana Do Seridó,-36.7653,-6.729,Caicó,,-5.7,,-10.1,-10.7,-2.6,-0.12,-0.1,-0.11,-0.09,2.2,-0.4,5.2,,-7.9
2411502,RN,2401,Santo Antônio,-35.5048,-6.3407,Natal,,-5.7,,-10.1,-10.6,-1.2,-0.13,0.01,-0.17,0,3.5,-0.2,6.3,,7.2
2411601,RN,2401,São Bento Do Norte,-35.991,-5.145,Natal,,-5.7,,-10.1,-11.6,-1.7,-0.19,-0.01,-0.17,-0.01,2.8,-2.8,8.9,,-13.2
2411700,RN,2401,São Bento Do Trairí,-36.0481,-6.3845,Natal,,-5.7,,-10.1,-8.9,-8,-0.07,-0.1,-0.1,-0.1,6,3.5,-6.5,,30.4
2411809,RN,2402,São Fernando,-37.1516,-6.321,Caicó,,-5.7,,-10.1,-11.6,1.5,-0.15,0,-0.19,0.01,5.2,-5.8,8.5,,9.4
2411908,RN,2403,São Francisco Do Oeste,-38.186,-5.9881,Mossoró,,-16,,-10.1,-11.6,1.7,-0.24,0,-0.26,0.07,7.6,-0.1,1.5,,-26.4
2412005,RN,2401,São Gonçalo Do Amarante,-35.3672,-5.7892,Natal,,-5.7,,-10.1,-10.1,-3.2,-0.26,-0.05,-0.2,-0.06,1.5,-0.7,6.3,,1.8
2412104,RN,2402,São João Do Sabugi,-37.1874,-6.6907,Caicó,,-5.7,,-10.1,-13.5,0.1,-0.2,-0.06,-0.23,-0.04,3,-2.5,6.7,,5.3
2412203,RN,2401,São José De Mipibu,-35.2911,-6.0647,Natal,,-5.7,,-10.1,-10.7,1.1,-0.24,0.07,-0.22,0.04,3.1,-0.3,-2.3,,-2.8
2412302,RN,2401,São José Do Campestre,-35.7391,-6.3005,Natal,,-5.7,,-10.1,-9.9,-3.6,-0.09,-0.02,-0.13,-0.04,4.3,0.2,5.8,,-21.5
2412401,RN,2402,São José Do Seridó,-36.8556,-6.4866,Caicó,,-5.7,,-10.1,-10.5,-0.6,-0.15,-0.04,-0.14,-0.04,-1.5,-5.7,3.8,,31.6
2412500,RN,2403,São Miguel,-38.4741,-6.2133,Mossoró,,-16,,-10.1,-11.3,-0.7,-0.28,-0.03,-0.31,-0.01,6,-0.6,8.4,,-37
2412559,RN,2401,São Miguel Do Gostoso,-35.7398,-5.1831,Natal,,-5.7,,-10.1,-10.1,-3.7,-0.17,-0.05,-0.15,-0.04,0.9,-3.5,10.3,,-0.1
2412609,RN,2401,São Paulo Do Potengi,-35.7543,-5.9318,Natal,,-5.7,,-10.1,-8,-10.5,-0.13,-0.13,-0.12,-0.12,0.8,-1.2,-18,,-17.8
2412708,RN,2401,São Pedro,-35.6291,-5.8911,Natal,,-5.7,,-10.1,-11.3,-4.4,-0.22,-0.05,-0.2,-0.04,1.7,-1.4,8.8,,-19.7
2412807,RN,2403,São Rafael,-36.8794,-5.8348,Mossoró,,-16,,-10.1,-7.7,-4.1,-0.07,-0.06,-0.09,-0.07,3.4,-4.3,0.9,,1
2412906,RN,2401,São Tomé,-36.1287,-5.9885,Natal,,-5.7,,-10.1,-9,-9.4,-0.09,-0.13,-0.11,-0.11,3.7,2.6,-13,,-27
2413003,RN,2402,São Vicente,-36.6587,-6.2059,Caicó,,-5.7,,-10.1,-6.2,-5.4,-0.08,-0.09,-0.09,-0.09,5.4,-0.1,-0.2,,20.6
2413102,RN,2401,Senador Elói De Souza,-35.6836,-6.0436,Natal,,-5.7,,-10.1,-8.4,-3.9,-0.14,-0.03,-0.14,-0.02,-0.5,-0.4,16.9,,47.6
2413201,RN,2401,Senador Georgino Avelino,-35.1234,-6.1565,Natal,,-5.7,,-10.1,-10.4,1.2,-0.24,0.07,-0.21,0.03,1.3,-0.3,-1.6,,-1.5
2413300,RN,2401,Serra De São Bento,-35.7171,-6.4269,Natal,,-5.7,,-10.1,-12.3,-2.4,-0.16,0.01,-0.19,-0.01,4.2,-0.1,10.1,,-13.2
2413359,RN,2403,Serra Do Mel,-37.0251,-5.172,Mossoró,,-16,,-10.1,-10.8,-1.2,-0.15,-0.05,-0.15,-0.01,8.2,3,-3.3,,-6
2413409,RN,2402,Serra Negra Do Norte,-37.3605,-6.5888,Caicó,,-5.7,,-10.1,-10.5,1.6,-0.13,-0.06,-0.18,-0.02,6.2,-0.2,5.7,,0.2
2413508,RN,2401,Serrinha,-35.5716,-6.2551,Natal,,-5.7,,-10.1,-10.1,-2.8,-0.16,0.01,-0.17,-0.02,-0.5,-0.2,13.6,,-7.4
2413557,RN,2403,Serrinha Dos Pintos,-37.9915,-6.1439,Mossoró,,-16,,-10.1,-13.5,0.6,-0.23,-0.02,-0.28,0.02,6.5,0.2,-1,,-28.8
2413607,RN,2403,Severiano Melo,-37.9718,-5.7712,Mossoró,,-16,,-10.1,-7.9,1.5,-0.15,-0.01,-0.16,0.06,1.7,-1.6,3.1,,-1.3
2413706,RN,2401,Sítio Novo,-35.9276,-6.0878,Natal,,-5.7,,-10.1,-8,-7.8,-0.11,-0.11,-0.12,-0.09,-0.3,1.1,-11,,-10.3
2413805,RN,2403,Taboleiro Grande,-38.0508,-5.935,Mossoró,,-16,,-10.1,-8.5,-2,-0.18,-0.06,-0.2,0,5.8,-0.1,2.1,,-29.3
2413904,RN,2401,Taipu,-35.585,-5.5971,Natal,,-5.7,,-10.1,-12.2,-3.7,-0.25,-0.07,-0.22,-0.07,3.7,-1.8,12.1,,0
2414001,RN,2401,Tangará,-35.8338,-6.212,Natal,,-5.7,,-10.1,-8.7,-4.2,-0.09,-0.03,-0.12,-0.02,-0.6,0.8,-6.7,,-31.8
2414100,RN,2403,Tenente Ananias,-38.1626,-6.44,Mossoró,,-16,,-10.1,-10.7,3,-0.22,0.01,-0.3,0.09,4,4.1,-2,,-18.5
2414159,RN,2402,Tenente Laurentino Cruz,-36.7183,-6.1522,Caicó,,-5.7,,-10.1,-6.4,-5.4,-0.07,-0.08,-0.09,-0.07,4.1,1.9,3.9,,-8.8
2414209,RN,2401,Tibau Do Sul,-35.0994,-6.2435,Natal,,-5.7,,-10.1,-10.5,2.7,-0.25,0.09,-0.21,0.05,2.2,-0.2,8.9,,2.3
2414308,RN,2402,Timbaúba Dos Batistas,-37.2475,-6.4761,Caicó,,-5.7,,-10.1,-11.1,1.9,-0.14,-0.01,-0.19,0,5.2,-4.3,5.4,,49.5
2414407,RN,2401,Touros,-35.6207,-5.2758,Natal,,-5.7,,-10.1,-11.4,-3.1,-0.22,-0.04,-0.18,-0.03,3,-2.3,3.8,,-7.4
2414456,RN,2403,Triunfo Potiguar,-37.1518,-5.9194,Mossoró,,-16,,-10.1,-9.4,-1.7,-0.12,-0.06,-0.14,-0.05,9.9,-1.4,6.9,,-22.7
2414506,RN,2403,Umarizal,-37.8316,-5.9885,Mossoró,,-16,,-10.1,-8,-0.2,-0.14,-0.05,-0.15,0,2.6,-1.7,1,,-11.1
2414605,RN,2403,Upanema,-37.2924,-5.6117,Mossoró,,-16,,-10.1,-11.7,-0.8,-0.15,-0.02,-0.17,-0.01,5.5,-1.1,0.7,,-3.5
2414704,RN,2401,Várzea,-35.3661,-6.3542,Natal,,-5.7,,-10.1,-11.3,1.8,-0.21,0.05,-0.21,0.04,3.5,-0.2,-13.2,,-4.1
2414753,RN,2403,Venha-Ver,-38.5241,-6.3226,Mossoró,,-16,,-10.1,-10.3,0.8,-0.24,-0.04,-0.28,0.01,5.3,1,9.4,,-39.2
2414803,RN,2401,Vera Cruz,-35.441,-6.0383,Natal,,-5.7,,-10.1,-11.3,-0.1,-0.23,0.04,-0.22,0.03,2,-0.3,-2.2,,-6.4
2414902,RN,2403,Viçosa,-37.9536,-5.9885,Mossoró,,-16,,-10.1,-8.7,0.1,-0.17,-0.02,-0.19,0.05,5.5,-0.9,0.6,,-15.9
2415008,RN,2401,Vila Flor,-35.0865,-6.3007,Natal,,-5.7,,-10.1,-10.5,3,-0.25,0.08,-0.22,0.05,2.1,-0.1,12.3,,1.4
2500106,PB,2503,Água Branca,-37.6636,-7.4711,Patos,,-20.6,,-19.9,-11.7,-1.2,-0.15,-0.1,-0.26,-0.06,5.7,1.2,13.9,,0
2500205,PB,2503,Aguiar,-38.2146,-7.0722,Patos,,-20.6,,-19.9,-16,5.4,-0.42,0.08,-0.47,0.14,7.7,6.5,3.3,,-32.7
2500304,PB,2502,Alagoa Grande,-35.6035,-7.0593,Campina Grande,,-19.6,,-19.9,-8.3,-8.7,-0.14,-0.14,-0.18,-0.14,1.7,0.2,-6.9,,-5.4
2500403,PB,2502,Alagoa Nova,-35.7609,-7.0604,Campina Grande,,-19.6,,-19.9,-10.7,-5.4,-0.19,-0.07,-0.22,-0.08,2.1,0,-8.8,,-23.1
2500502,PB,2501,Alagoinha,-35.5242,-6.9594,João Pessoa,,-19.1,,-19.9,-7.2,-9.5,-0.11,-0.18,-0.14,-0.18,1.1,0.2,-5.2,,-5.8
2500536,PB,2502,Alcantil,-36.0464,-7.6878,Campina Grande,,-19.6,,-19.9,-11,-9.5,-0.1,-0.14,-0.16,-0.14,-3.5,2.4,-26,,-0.5
2500577,PB,2502,Algodão De Jandaíra,-35.9668,-6.8855,Campina Grande,,-19.6,,-19.9,-15.2,-8.5,-0.12,-0.11,-0.22,-0.1,7,0,-7.4,,1.3
2500601,PB,2501,Alhandra,-34.9337,-7.3501,João Pessoa,,-19.1,,-19.9,-7.4,-0.8,-0.21,-0.04,-0.19,-0.03,1.5,0,-6,,
2500700,PB,2504,São João Do Rio Do Peixe,-38.4161,-6.7334,Sousa - Cajazeiras,,-18.9,,-19.9,-14.6,6.9,-0.42,0.17,-0.48,0.19,4.6,9.5,6.3,,-12.5
2500734,PB,2502,Amparo,-37.0394,-7.5628,Campina Grande,,-19.6,,-19.9,-9.3,1.4,-0.07,-0.08,-0.12,-0.04,-3.7,2.1,-5.7,,-15.3
2500775,PB,2504,Aparecida,-38.0663,-6.7858,Sousa - Cajazeiras,,-18.9,,-19.9,-8.6,0.2,-0.18,-0.06,-0.29,0.01,9.5,6.9,1.7,,-24.3
2500809,PB,2501,Araçagi,-35.3564,-6.858,João Pessoa,,-19.1,,-19.9,-7.5,-0.6,-0.13,0,-0.15,0.01,4.3,-0.2,-0.6,,-14.2
2500908,PB,2501,Arara,-35.7304,-6.8605,João Pessoa,,-19.1,,-19.9,-11.3,-4.8,-0.19,-0.08,-0.21,-0.08,-0.2,0,-9.9,,-11.2
2501005,PB,2501,Araruna,-35.7542,-6.5233,João Pessoa,,-19.1,,-19.9,-13.2,-3.6,-0.17,-0.04,-0.22,-0.04,3.5,0,1.4,,-15.8
2501104,PB,2502,Areia,-35.7053,-6.953,Campina Grande,,-19.6,,-19.9,-10.5,-5.7,-0.17,-0.08,-0.2,-0.09,2.3,0,-20.5,,-4.1
2501153,PB,2503,Areia De Baraúnas,-36.963,-7.1022,Patos,,-20.6,,-19.9,-13.7,0.1,-0.16,-0.05,-0.2,-0.07,2,1.4,-4,,-10.5
2501203,PB,2502,Areial,-35.9363,-7.0475,Campina Grande,,-19.6,,-19.9,-10.2,-11,-0.11,-0.17,-0.18,-0.17,2.4,0,-8.6,,-13
2501302,PB,2502,Aroeiras,-35.6932,-7.5367,Campina Grande,,-19.6,,-19.9,-1.6,-10.6,-0.01,-0.14,-0.06,-0.17,1.1,0.9,1.8,,-22
2501351,PB,2502,Assunção,-36.7094,-7.0708,Campina Grande,,-19.6,,-19.9,-11.1,-7.3,-0.08,-0.17,-0.1,-0.17,-1,1.4,-1.4,,-2.3
2501401,PB,2501,Baía Da Traição,-34.9868,-6.6643,João Pessoa,,-19.1,,-19.9,-7.8,1.7,-0.18,0.07,-0.17,0.05,3.2,0,8.2,,-12.1
2501500,PB,2501,Bananeiras,-35.5987,-6.7008,João Pessoa,,-19.1,,-19.9,-11.6,-1.7,-0.2,-0.02,-0.23,-0.01,3.6,-0.1,-5.9,,-3.7
2501534,PB,2502,Baraúna,-36.2627,-6.6109,Campina Grande,,-19.6,,-19.9,-13.9,-2.1,-0.1,-0.04,-0.19,0,3.4,0.2,8.7,,-13.1
2501575,PB,2502,Barra De Santana,-35.9675,-7.5649,Campina Grande,,-19.6,,-19.9,-12.4,-9.4,-0.15,-0.13,-0.2,-0.13,3.7,1,-35.6,,-6.3
2501609,PB,2502,Barra De Santa Rosa,-36.0749,-6.788,Campina Grande,,-19.6,,-19.9,-15.2,-5.7,-0.14,-0.05,-0.2,-0.05,1.6,0,6.2,,-13
2501708,PB,2502,Barra De São Miguel,-36.284,-7.7009,Campina Grande,,-19.6,,-19.9,-9.1,-6.5,-0.06,-0.16,-0.15,-0.14,-3.8,0.9,-25,,-14.7
2501807,PB,2501,Bayeux,-34.9266,-7.1338,João Pessoa,,-19.1,,-19.9,-2.4,-1.4,-0.09,-0.04,-0.07,-0.04,1.1,0,1.9,,
2501906,PB,2501,Belém,-35.4961,-6.7046,João Pessoa,,-19.1,,-19.9,-10.8,-3.3,-0.2,-0.04,-0.22,-0.03,3.2,-0.3,-10,,-13
2502003,PB,2503,Belém Do Brejo Do Cruz,-37.3662,-6.1488,Patos,,-20.6,,-19.9,-9.1,1.8,-0.17,0.02,-0.19,0.04,6.6,-4.5,6.7,,-7.8
2502052,PB,2504,Bernardino Batista,-38.563,-6.4897,Sousa - Cajazeiras,,-18.9,,-19.9,-10.1,1.5,-0.22,-0.03,-0.32,0.05,2.7,1.6,5.5,,-26.9
2502102,PB,2503,Boa Ventura,-38.186,-7.4272,Patos,,-20.6,,-19.9,-13.9,5,-0.3,0.12,-0.42,0.14,2.1,7.3,-1.5,,-37.4
2502151,PB,2502,Boa Vista,-36.2215,-7.271,Campina Grande,,-19.6,,-19.9,-14.7,-8.7,-0.1,-0.15,-0.2,-0.08,2.7,0.5,-44.2,,13.7
2502201,PB,2504,Bom Jesus,-38.6364,-6.8278,Sousa - Cajazeiras,,-18.9,,-19.9,-15,6.1,-0.42,0.15,-0.49,0.19,8.4,10,5.2,,-18.4
2502300,PB,2503,Bom Sucesso,-37.9496,-6.4764,Patos,,-20.6,,-19.9,-9.7,0,-0.2,-0.05,-0.28,0.04,3.3,3.5,7.6,,-19.5
2502409,PB,2504,Bonito De Santa Fé,-38.4775,-7.2901,Sousa - Cajazeiras,,-18.9,,-19.9,-17.8,10.3,-0.48,0.3,-0.58,0.33,2.9,3.1,2.7,,-31
2502508,PB,2502,Boqueirão,-36.1522,-7.507,Campina Grande,,-19.6,,-19.9,-13.9,-9,-0.14,-0.13,-0.2,-0.1,-1.3,2.1,-12.6,,-14.9
2502607,PB,2503,Igaracy,-38.1244,-7.1562,Patos,,-20.6,,-19.9,-14.3,3,-0.31,0.02,-0.41,0.07,5.6,10.1,-1.8,,-38.3
2502706,PB,2501,Borborema,-35.6112,-6.7936,João Pessoa,,-19.1,,-19.9,-11.6,-1.7,-0.2,-0.02,-0.23,-0.01,3.6,-0.1,-5.9,,-6.8
2502805,PB,2503,Brejo Do Cruz,-37.4962,-6.3307,Patos,,-20.6,,-19.9,-8.5,1.9,-0.13,-0.02,-0.18,0.03,4.5,0,7.6,,-12.1
2502904,PB,2503,Brejo Dos Santos,-37.8479,-6.4013,Patos,,-20.6,,-19.9,-12.7,1,-0.24,-0.01,-0.31,0.05,4.5,0,3.9,,-18
2503001,PB,2501,Caaporã,-34.9179,-7.4846,João Pessoa,,-19.1,,-19.9,-6.9,-2.7,-0.2,-0.06,-0.18,-0.07,1.2,0,-9,,
2503100,PB,2502,Cabaceiras,-36.2961,-7.4512,Campina Grande,,-19.6,,-19.9,-19,-9,-0.16,-0.15,-0.25,-0.11,-1.5,0.8,-20.2,,-30.1
2503209,PB,2501,Cabedelo,-34.8449,-7.0274,João Pessoa,,-19.1,,-19.9,-5.3,-0.2,-0.17,-0.01,-0.14,-0.01,0.7,0,4.2,,
2503308,PB,2504,Cachoeira Dos Índios,-38.6971,-6.9474,Sousa - Cajazeiras,,-18.9,,-19.9,-17.8,7.9,-0.51,0.24,-0.56,0.24,0.9,9.2,6.2,,-36.8
2503407,PB,2503,Cacimba De Areia,-37.173,-7.143,Patos,,-20.6,,-19.9,-14.2,3.9,-0.18,-0.04,-0.28,0.02,1.2,-0.7,13.9,,237.4
2503506,PB,2501,Cacimba De Dentro,-35.8119,-6.6273,João Pessoa,,-19.1,,-19.9,-14.3,-5.9,-0.13,-0.07,-0.22,-0.08,3.1,0,1.8,,-16.7
2503555,PB,2503,Cacimbas,-37.085,-7.2076,Patos,,-20.6,,-19.9,-14.6,4.7,-0.16,-0.01,-0.24,0.04,2.2,2.1,11.7,,0.2
2503605,PB,2501,Caiçara,-35.4113,-6.6067,João Pessoa,,-19.1,,-19.9,-10.4,-2.2,-0.18,-0.02,-0.2,0,5,-0.4,-17.6,,5.4
2503704,PB,2504,Cajazeiras,-38.5394,-6.9168,Sousa - Cajazeiras,,-18.9,,-19.9,-16.9,7.4,-0.47,0.19,-0.55,0.24,-1.1,10.4,0.5,,-19.6
2503753,PB,2503,Cajazeirinhas,-37.8046,-6.9577,Patos,,-20.6,,-19.9,-8.2,-2.6,-0.1,-0.17,-0.2,-0.05,6.2,5.3,-4.7,,-24.2
2503803,PB,2501,Caldas Brandão,-35.3402,-7.1161,João Pessoa,,-19.1,,-19.9,-5.9,-1.7,-0.13,-0.02,-0.16,-0.01,-2.3,-0.1,-10.5,,-24.9
2503902,PB,2502,Camalaú,-36.8011,-7.9008,Campina Grande,,-19.6,,-19.9,-9.3,-0.3,-0.02,-0.16,-0.12,-0.11,1.9,1.6,7.8,,345.9
2504009,PB,2502,Campina Grande,-35.9645,-7.264,Campina Grande,,-19.6,,-19.9,-12.5,-5.4,-0.21,-0.09,-0.25,-0.06,5.1,0.1,-8.7,,-14.3
2504033,PB,2501,Capim,-35.1654,-6.9035,João Pessoa,,-19.1,,-19.9,-2.6,-0.7,-0.07,-0.02,-0.08,-0.01,3.5,0,2.9,,-4.4
2504074,PB,2502,Caraúbas,-36.5011,-7.7717,Campina Grande,,-19.6,,-19.9,-10.4,-0.8,-0.05,-0.13,-0.16,-0.08,2.7,3.7,4.6,,-20.2
2504108,PB,2504,Carrapateira,-38.3379,-7.0432,Sousa - Cajazeiras,,-18.9,,-19.9,-17.4,7.8,-0.51,0.18,-0.57,0.25,4,6.8,0.9,,-26.7
2504157,PB,2501,Casserengue,-35.8446,-6.7549,João Pessoa,,-19.1,,-19.9,-16.8,-5.4,-0.19,-0.07,-0.27,-0.07,2.6,0,-5.3,,-8.5
2504207,PB,2503,Catingueira,-37.5912,-7.1367,Patos,,-20.6,,-19.9,-11.8,-2.6,-0.14,-0.14,-0.25,-0.06,4.8,1.3,10.7,,-1.9
2504306,PB,2503,Catolé Do Rocha,-37.7059,-6.3182,Patos,,-20.6,,-19.9,-15.2,2.7,-0.28,0.02,-0.35,0.07,2.9,1,-2,,-36.9
2504355,PB,2502,Caturité,-36.0573,-7.4175,Campina Grande,,-19.6,,-19.9,-12.2,-11,-0.12,-0.17,-0.2,-0.17,1.8,0.8,-38.7,,-19.1
2504405,PB,2503,Conceição,-38.5287,-7.5046,Patos,,-20.6,,-19.9,-14.8,4.5,-0.37,0.15,-0.51,0.17,4.1,2.9,13.3,,-31.5
2504504,PB,2503,Condado,-37.6127,-6.9018,Patos,,-20.6,,-19.9,-12.4,2.4,-0.18,-0.04,-0.28,0.05,8.9,1.8,6.6,,-25
2504603,PB,2501,Conde,-34.8606,-7.2826,João Pessoa,,-19.1,,-19.9,-4.8,-1.8,-0.16,-0.05,-0.13,-0.06,-0.3,0,0.9,,
2504702,PB,2502,Congo,-36.6472,-7.7957,Campina Grande,,-19.6,,-19.9,-12.7,0.3,-0.06,-0.13,-0.18,-0.09,3.7,2.6,4.5,,-20.2
2504801,PB,2503,Coremas,-37.9694,-7.05,Patos,,-20.6,,-19.9,-7.6,-6.3,-0.1,-0.26,-0.22,-0.13,4.2,7.6,-2.4,,-35.3
2504850,PB,2502,Coxixola,-36.6345,-7.644,Campina Grande,,-19.6,,-19.9,-13.7,2.8,-0.09,-0.07,-0.18,-0.04,4,2.1,6.5,,-36.1
2504900,PB,2501,Cruz Do Espírito Santo,-35.1032,-7.152,João Pessoa,,-19.1,,-19.9,-2.1,-1.2,-0.09,-0.04,-0.07,-0.03,1.9,0,2.9,,-2.5
2505006,PB,2502,Cubati,-36.3166,-6.862,Campina Grande,,-19.6,,-19.9,-20.1,-1.2,-0.2,-0.06,-0.29,-0.01,3.2,0.3,2,,-38.7
2505105,PB,2502,Cuité,-36.0748,-6.5469,Campina Grande,,-19.6,,-19.9,-12,-4.9,-0.11,-0.03,-0.15,-0.04,5.4,0.2,21.6,,-35.6
2505204,PB,2501,Cuitegi,-35.5224,-6.9052,João Pessoa,,-19.1,,-19.9,-7.2,-9.5,-0.11,-0.18,-0.14,-0.18,1.1,0.2,-5.2,,-9.1
2505238,PB,2501,Cuité De Mamanguape,-35.2518,-6.9042,João Pessoa,,-19.1,,-19.9,-3.6,-0.9,-0.07,-0.02,-0.09,0,2.5,-0.1,3.4,,4.6
2505279,PB,2501,Curral De Cima,-35.2848,-6.7336,João Pessoa,,-19.1,,-19.9,-5.6,-2.4,-0.12,-0.03,-0.12,-0.03,3.2,-0.1,3.1,,5
2505303,PB,2503,Curral Velho,-38.1683,-7.5326,Patos,,-20.6,,-19.9,-13.3,3.9,-0.29,0.09,-0.4,0.1,5,3.6,-0.2,,-38
2505352,PB,2502,Damião,-35.9317,-6.6433,Campina Grande,,-19.6,,-19.9,-16.7,-5.1,-0.17,-0.05,-0.25,-0.05,3.5,0,-0.9,,-19.8
2505402,PB,2503,Desterro,-37.0942,-7.3003,Patos,,-20.6,,-19.9,-10.8,3.4,-0.12,-0.03,-0.18,0.01,-0.4,1.6,4.6,,-4.4
2505501,PB,2503,Vista Serrana,-37.5732,-6.7553,Patos,,-20.6,,-19.9,-12.6,1.6,-0.17,-0.07,-0.28,0.03,5.3,0.3,11.4,,-25
2505600,PB,2503,Diamante,-38.3134,-7.4242,Patos,,-20.6,,-19.9,-12.8,5.7,-0.31,0.17,-0.44,0.19,2,6.3,7.8,,-32.1
2505709,PB,2501,Dona Inês,-35.6472,-6.6092,João Pessoa,,-19.1,,-19.9,-13.3,-2.4,-0.22,-0.02,-0.26,-0.01,2.6,0,-12,,-13.7
2505808,PB,2501,Duas Estradas,-35.3984,-6.7223,João Pessoa,,-19.1,,-19.9,-8.1,-2.2,-0.14,-0.04,-0.16,-0.02,4.9,-0.2,-6.9,,-9.1
2505907,PB,2503,Emas,-37.7415,-7.0865,Patos,,-20.6,,-19.9,-10.1,-3.2,-0.12,-0.17,-0.23,-0.07,7.1,4.1,-2.7,,-16.7
2506004,PB,2502,Esperança,-35.8894,-7,Campina Grande,,-19.6,,-19.9,-9.5,-8.3,-0.1,-0.13,-0.15,-0.14,1.8,0,-8.4,,-20.8
2506103,PB,2502,Fagundes,-35.78,-7.3926,Campina Grande,,-19.6,,-19.9,-5,-9.5,-0.08,-0.1,-0.13,-0.13,3,0.4,-11,,-17.7
2506202,PB,2502,Frei Martinho,-36.4481,-6.4153,Campina Grande,,-19.6,,-19.9,-7.7,-7.9,-0.07,-0.13,-0.09,-0.12,2.2,3.1,-0.5,,-12.6
2506251,PB,2502,Gado Bravo,-35.8139,-7.5878,Campina Grande,,-19.6,,-19.9,-5.9,-14.5,-0.05,-0.19,-0.11,-0.21,3.6,0.4,-18.7,,0.6
2506301,PB,2501,Guarabira,-35.4488,-6.879,João Pessoa,,-19.1,,-19.9,-9.3,-4.2,-0.14,-0.09,-0.18,-0.07,0.6,0.2,-17.3,,-13.8
2506400,PB,2501,Gurinhém,-35.4366,-7.1492,João Pessoa,,-19.1,,-19.9,-7.4,-3.6,-0.14,-0.05,-0.17,-0.04,1.5,0.2,-8.3,,-9.4
2506509,PB,2502,Gurjão,-36.4614,-7.2605,Campina Grande,,-19.6,,-19.9,-15.3,-5,-0.09,-0.12,-0.17,-0.07,0.6,1.1,-0.6,,6.6
2506608,PB,2503,Ibiara,-38.406,-7.4943,Patos,,-20.6,,-19.9,-11.8,3.8,-0.32,0.15,-0.44,0.16,2,3.4,13.6,,-40.9
2506707,PB,2503,Imaculada,-37.5569,-7.3705,Patos,,-20.6,,-19.9,-10.2,-3.4,-0.1,-0.17,-0.21,-0.1,1.8,0.9,5.2,,9.6
2506806,PB,2502,Ingá,-35.6154,-7.2749,Campina Grande,,-19.6,,-19.9,-4.1,-11.6,-0.03,-0.18,-0.09,-0.2,3.6,0.4,-10.2,,-25
2506905,PB,2501,Itabaiana,-35.3558,-7.3494,João Pessoa,,-19.1,,-19.9,-3.3,-5.3,-0.1,-0.07,-0.11,-0.08,1.7,0.2,-10.1,,-29.1
2507002,PB,2503,Itaporanga,-38.19,-7.2844,Patos,,-20.6,,-19.9,-14,4.5,-0.28,0.07,-0.39,0.11,3,7.3,-7.5,,-29.4
2507101,PB,2501,Itapororoca,-35.257,-6.8103,João Pessoa,,-19.1,,-19.9,-5.3,-0.9,-0.11,0,-0.11,0,0.7,-0.2,0.5,,-12.5
2507200,PB,2502,Itatuba,-35.6444,-7.4039,Campina Grande,,-19.6,,-19.9,-2.5,-12.6,-0.04,-0.16,-0.07,-0.22,-0.1,1.5,2.6,,-15.2
2507309,PB,2501,Jacaraú,-35.2692,-6.5939,João Pessoa,,-19.1,,-19.9,-9.7,0.9,-0.21,0.02,-0.2,0.02,5.5,0,9.5,,-12.3
2507408,PB,2503,Jericó,-37.8185,-6.5087,Patos,,-20.6,,-19.9,-9.7,-1.2,-0.19,-0.08,-0.27,-0.01,3.2,3.9,7.3,,-17.2
2507507,PB,2501,João Pessoa,-34.8694,-7.1657,João Pessoa,,-19.1,,-19.9,-4.2,-2.1,-0.15,-0.06,-0.12,-0.05,0.6,0,2.3,,
2507606,PB,2501,Juarez Távora,-35.5722,-7.1584,João Pessoa,,-19.1,,-19.9,-8,-9,-0.13,-0.13,-0.18,-0.13,1.8,0.3,-2,,-23.5
2507705,PB,2502,Juazeirinho,-36.5574,-7.0579,Campina Grande,,-19.6,,-19.9,-8.5,-6.5,-0.08,-0.14,-0.12,-0.13,-5.3,2.1,-8.4,,-19
2507804,PB,2502,Junco Do Seridó,-36.7729,-6.9877,Campina Grande,,-19.6,,-19.9,-11.3,-8,-0.13,-0.19,-0.14,-0.19,0.1,2.4,10.3,,-8.3
2507903,PB,2501,Juripiranga,-35.213,-7.3559,João Pessoa,,-19.1,,-19.9,-5.2,-3.3,-0.12,-0.03,-0.13,-0.06,1.8,0,-3.6,,286.2
2508000,PB,2503,Juru,-37.803,-7.5026,Patos,,-20.6,,-19.9,-9,-3,-0.12,-0.11,-0.24,-0.09,4.1,2.5,13.4,,-15.5
2508109,PB,2503,Lagoa,-37.8881,-6.5879,Patos,,-20.6,,-19.9,-9.7,-1.2,-0.19,-0.08,-0.27,-0.01,3.2,3.9,7.3,,-22.3
2508208,PB,2501,Lagoa De Dentro,-35.3633,-6.6793,João Pessoa,,-19.1,,-19.9,-10.4,-0.6,-0.19,0,-0.21,0.02,3.1,-0.2,-13.7,,-4.8
2508307,PB,2502,Lagoa Seca,-35.864,-7.148,Campina Grande,,-19.6,,-19.9,-12,-3.2,-0.21,-0.04,-0.24,-0.03,3.6,0,-7,,-21
2508406,PB,2504,Lastro,-38.1765,-6.5513,Sousa - Cajazeiras,,-18.9,,-19.9,-10.6,3.7,-0.27,0.05,-0.36,0.11,4.6,6.4,4,,-26.4
2508505,PB,2502,Livramento,-36.9326,-7.3405,Campina Grande,,-19.6,,-19.9,-9.8,3.8,-0.08,-0.04,-0.12,-0.01,4.9,2.4,4.6,,-9.8
2508554,PB,2501,Logradouro,-35.4284,-6.5476,João Pessoa,,-19.1,,-19.9,-13.6,-0.7,-0.25,0,-0.26,0.02,2.3,-0.2,-24.8,,-12.4
2508604,PB,2501,Lucena,-34.91,-6.9173,João Pessoa,,-19.1,,-19.9,-4.7,-0.8,-0.14,-0.03,-0.12,-0.02,0.6,0,4.5,,
2508703,PB,2503,Mãe D'água,-37.4373,-7.246,Patos,,-20.6,,-19.9,-13.8,-1.1,-0.19,-0.12,-0.28,-0.07,1.7,0.3,14.2,,-31.9
2508802,PB,2503,Malta,-37.5244,-6.8845,Patos,,-20.6,,-19.9,-14,3.3,-0.19,-0.04,-0.29,0.06,3.2,1.2,12,,-23.6
2508901,PB,2501,Mamanguape,-35.1558,-6.7202,João Pessoa,,-19.1,,-19.9,-4.7,0,-0.11,0.02,-0.11,0.02,2.1,0,13.2,,-6
2509008,PB,2503,Manaíra,-38.2036,-7.7218,Patos,,-20.6,,-19.9,-13.2,3.8,-0.27,0.06,-0.36,0.07,3.1,2.3,4.3,,-26.3
2509057,PB,2501,Marcação,-35.0031,-6.7488,João Pessoa,,-19.1,,-19.9,-5.9,0.3,-0.14,0.04,-0.14,0.02,4,0,-3.9,,
2509107,PB,2501,Mari,-35.3056,-7.0377,João Pessoa,,-19.1,,-19.9,-7.5,-3.6,-0.14,-0.04,-0.15,-0.03,0,-0.1,6.5,,-11.9
2509156,PB,2504,Marizópolis,-38.3342,-6.8203,Sousa - Cajazeiras,,-18.9,,-19.9,-13.5,5.2,-0.43,0.14,-0.47,0.17,7.3,9.6,3,,-25.4
2509206,PB,2502,Massaranduba,-35.7571,-7.2014,Campina Grande,,-19.6,,-19.9,-8.1,-8.6,-0.14,-0.1,-0.18,-0.12,3.7,0.3,-14.5,,-29.2
2509305,PB,2501,Mataraca,-35.0435,-6.5567,João Pessoa,,-19.1,,-19.9,-9.3,1.9,-0.21,0.06,-0.2,0.04,3.3,0,13.6,,
2509339,PB,2502,Matinhas,-35.7714,-7.1193,Campina Grande,,-19.6,,-19.9,-10.4,-7.3,-0.18,-0.1,-0.21,-0.11,2.8,0,-7.4,,-22.5
2509370,PB,2503,Mato Grosso,-37.7385,-6.5481,Patos,,-20.6,,-19.9,-9.6,0.7,-0.17,-0.06,-0.25,0.02,7.3,2.6,3.7,,-27.7
2509396,PB,2503,Maturéia,-37.3587,-7.2856,Patos,,-20.6,,-19.9,-11.6,-0.4,-0.13,-0.12,-0.25,-0.06,1.7,1,6.7,,-5
2509404,PB,2501,Mogeiro,-35.4941,-7.3017,João Pessoa,,-19.1,,-19.9,-5.2,-3.7,-0.11,-0.03,-0.15,-0.03,-0.3,0.2,-10.9,,-11.7
2509503,PB,2502,Montadas,-35.9469,-7.0918,Campina Grande,,-19.6,,-19.9,-10.2,-11,-0.11,-0.17,-0.18,-0.17,2.4,0,-8.6,,-22.6
2509602,PB,2504,Monte Horebe,-38.5378,-7.2054,Sousa - Cajazeiras,,-18.9,,-19.9,-17.2,10.3,-0.46,0.3,-0.57,0.33,1.7,2.5,-4.3,,-27.5
2509701,PB,2502,Monteiro,-37.0962,-7.906,Campina Grande,,-19.6,,-19.9,-7.5,-4.3,0,-0.23,-0.12,-0.16,3.6,2.7,17.5,,-28.5
2509800,PB,2501,Mulungu,-35.4239,-6.9982,João Pessoa,,-19.1,,-19.9,-9.8,-5.9,-0.15,-0.09,-0.17,-0.09,0.1,0.3,-4.4,,-13.3
2509909,PB,2501,Natuba,-35.5648,-7.5627,João Pessoa,,-19.1,,-19.9,-0.8,-9.4,-0.01,-0.13,-0.04,-0.17,2.1,0.2,-0.9,,-11.4
2510006,PB,2504,Nazarezinho,-38.3259,-6.9512,Sousa - Cajazeiras,,-18.9,,-19.9,-14.1,6.7,-0.41,0.15,-0.47,0.2,2.4,11.2,-5.1,,-27.8
2510105,PB,2502,Nova Floresta,-36.2063,-6.4766,Campina Grande,,-19.6,,-19.9,-6.9,-6.9,-0.03,-0.11,-0.08,-0.1,2.7,0.5,7.3,,-15.6
2510204,PB,2503,Nova Olinda,-38.0154,-7.4731,Patos,,-20.6,,-19.9,-13.5,5.2,-0.26,0.1,-0.4,0.13,2.3,8,5.8,,-23
2510303,PB,2502,Nova Palmeira,-36.4282,-6.6774,Campina Grande,,-19.6,,-19.9,-13.6,-0.6,-0.16,-0.07,-0.22,-0.04,2.1,2,7.4,,-21.4
2510402,PB,2503,Olho D'água,-37.758,-7.2837,Patos,,-20.6,,-19.9,-10.7,-4.4,-0.12,-0.18,-0.25,-0.1,5.7,5.6,-2.2,,-35.2
2510501,PB,2502,Olivedos,-36.251,-6.9799,Campina Grande,,-19.6,,-19.9,-16.8,3.9,-0.22,0.04,-0.31,0.1,4,0,-5.2,,
2510600,PB,2502,Ouro Velho,-37.1339,-7.6083,Campina Grande,,-19.6,,-19.9,-7.4,0.1,-0.03,-0.12,-0.08,-0.08,0,2.4,3.4,,-11.7
2510659,PB,2502,Parari,-36.6707,-7.3231,Campina Grande,,-19.6,,-19.9,-11.5,-2.8,-0.07,-0.12,-0.14,-0.11,6.6,2.4,-5.7,,-20.4
2510709,PB,2503,Passagem,-37.0456,-7.1147,Patos,,-20.6,,-19.9,-13.4,3.3,-0.15,-0.03,-0.22,0,2.1,-0.6,8.5,,-15.7
2510808,PB,2503,Patos,-37.3182,-6.997,Patos,,-20.6,,-19.9,-14,1.4,-0.2,-0.08,-0.28,-0.02,5.2,-0.2,7.9,,-23.9
2510907,PB,2503,Paulista,-37.6088,-6.6255,Patos,,-20.6,,-19.9,-10.6,0.7,-0.15,-0.09,-0.24,0.01,7.9,3.7,0.2,,-16.9
2511004,PB,2503,Pedra Branca,-38.0784,-7.4627,Patos,,-20.6,,-19.9,-13.5,5.2,-0.26,0.1,-0.4,0.13,2.3,8,5.8,,-34
2511103,PB,2502,Pedra Lavrada,-36.3877,-6.7753,Campina Grande,,-19.6,,-19.9,-17.7,0.3,-0.19,-0.03,-0.29,0.02,0.4,0.2,9.8,,-61.6
2511202,PB,2501,Pedras De Fogo,-35.075,-7.3361,João Pessoa,,-19.1,,-19.9,-7,1.1,-0.2,0.01,-0.18,0.03,0.6,0,-3.3,,-11.7
2511301,PB,2503,Piancó,-37.9467,-7.2004,Patos,,-20.6,,-19.9,-11.2,-1.8,-0.18,-0.12,-0.31,-0.05,5,8.7,-0.2,,-32.9
2511400,PB,2502,Picuí,-36.3362,-6.495,Campina Grande,,-19.6,,-19.9,-8.9,-6.8,-0.07,-0.12,-0.09,-0.12,5,2.3,2,,-21.9
2511509,PB,2501,Pilar,-35.2669,-7.2796,João Pessoa,,-19.1,,-19.9,-5.9,-0.6,-0.14,0,-0.16,0,2.1,-0.1,-9.4,,-17.5
2511608,PB,2501,Pilões,-35.6096,-6.8833,João Pessoa,,-19.1,,-19.9,-10.6,-3.9,-0.2,-0.08,-0.23,-0.06,2,0,-1.7,,-2.1
2511707,PB,2501,Pilõezinhos,-35.5451,-6.8482,João Pessoa,,-19.1,,-19.9,-11.5,-2.9,-0.21,-0.05,-0.26,-0.03,-0.1,-0.1,-6,,-7.6
2511806,PB,2501,Pirpirituba,-35.4968,-6.7905,João Pessoa,,-19.1,,-19.9,-10.8,-3.3,-0.2,-0.04,-0.22,-0.03,3.2,-0.3,-10,,-11.9
2511905,PB,2501,Pitimbu,-34.8408,-7.431,João Pessoa,,-19.1,,-19.9,-6.5,-2.5,-0.19,-0.08,-0.16,-0.07,1.4,0,3.8,,
2512002,PB,2502,Pocinhos,-36.093,-7.0629,Campina Grande,,-19.6,,-19.9,-16.2,-4,-0.22,-0.06,-0.32,-0.04,4.7,0,2.9,,-19.6
2512036,PB,2504,Poço Dantas,-38.5235,-6.3901,Sousa - Cajazeiras,,-18.9,,-19.9,-10.3,0.8,-0.24,-0.04,-0.28,0.01,5.3,1,9.4,,-21.8
2512077,PB,2504,Poço De José De Moura,-38.501,-6.5915,Sousa - Cajazeiras,,-18.9,,-19.9,-9.4,1.6,-0.2,-0.02,-0.32,0.06,3.8,6.6,6.3,,-16
2512101,PB,2503,Pombal,-37.8505,-6.7699,Patos,,-20.6,,-19.9,-7.3,-2.7,-0.09,-0.14,-0.2,-0.04,7.7,6.5,-6.7,,-26.4
2512200,PB,2502,Prata,-37.0873,-7.6951,Campina Grande,,-19.6,,-19.9,-9.2,0.9,-0.07,-0.1,-0.11,-0.07,-1.2,2.4,-0.1,,-26.7
2512309,PB,2503,Princesa Isabel,-38.0056,-7.6535,Patos,,-20.6,,-19.9,-12.3,-1.5,-0.22,-0.06,-0.34,-0.05,3.8,2.7,8.5,,-10.7
2512408,PB,2502,Puxinanã,-35.9633,-7.147,Campina Grande,,-19.6,,-19.9,-11,-6.8,-0.16,-0.09,-0.21,-0.07,4,0,-6.3,,-16.1
2512507,PB,2502,Queimadas,-35.9142,-7.3997,Campina Grande,,-19.6,,-19.9,-11.9,-7,-0.17,-0.1,-0.24,-0.08,3.9,0.1,-12.9,,-20
2512606,PB,2503,Quixabá,-37.1387,-7.0426,Patos,,-20.6,,-19.9,-13.9,3.6,-0.19,-0.04,-0.26,0.01,5,-1.5,8.9,,-11.2
2512705,PB,2502,Remígio,-35.8473,-6.9264,Campina Grande,,-19.6,,-19.9,-9.5,-8.3,-0.1,-0.13,-0.15,-0.14,1.8,0,-8.4,,-9.3
2512721,PB,2501,Pedro Régis,-35.2932,-6.6694,João Pessoa,,-19.1,,-19.9,-8.4,1.2,-0.17,0.03,-0.18,0.04,5.7,0,6.8,,3.7
2512747,PB,2501,Riachão,-35.6491,-6.5443,João Pessoa,,-19.1,,-19.9,-12.5,-3,-0.18,-0.02,-0.24,-0.02,5.6,-0.2,-3.4,,-18.9
2512754,PB,2502,Riachão Do Bacamarte,-35.6668,-7.2401,Campina Grande,,-19.6,,-19.9,-4.1,-11.6,-0.03,-0.18,-0.09,-0.2,3.6,0.4,-10.2,,-9.5
2512762,PB,2501,Riachão Do Poço,-35.2913,-7.1532,João Pessoa,,-19.1,,-19.9,-5.5,-0.4,-0.13,0.01,-0.16,0.02,2.9,-0.1,-6.5,,-3.4
2512788,PB,2502,Riacho De Santo Antônio,-36.1371,-7.6817,Campina Grande,,-19.6,,-19.9,-10.4,-10.3,-0.09,-0.16,-0.17,-0.13,1.2,2.1,-18.8,,-19.7
2512804,PB,2503,Riacho Dos Cavalos,-37.6367,-6.4767,Patos,,-20.6,,-19.9,-13.7,2.6,-0.26,-0.01,-0.32,0.05,3.6,2.1,-7.1,,-7.6
2512903,PB,2501,Rio Tinto,-35.0353,-6.7949,João Pessoa,,-19.1,,-19.9,-5.9,0.3,-0.14,0.04,-0.14,0.02,4,0,-3.9,,
2513000,PB,2503,Salgadinho,-36.8373,-7.0952,Patos,,-20.6,,-19.9,-12,-4.7,-0.12,-0.15,-0.14,-0.15,1.5,1.9,4.4,,-29.8
2513109,PB,2501,Salgado De São Félix,-35.4646,-7.4155,João Pessoa,,-19.1,,-19.9,-0.7,-6.9,-0.02,-0.09,-0.04,-0.13,-0.6,0.2,-13.4,,-9.1
2513158,PB,2502,Santa Cecília,-35.9235,-7.7315,Campina Grande,,-19.6,,-19.9,-10,-6.8,-0.09,-0.13,-0.17,-0.1,-1,2.2,-11.5,,-8.1
2513208,PB,2504,Santa Cruz,-38.0528,-6.5501,Sousa - Cajazeiras,,-18.9,,-19.9,-8.6,2.5,-0.2,-0.01,-0.29,0.08,3.4,5.7,0.7,,-26
2513307,PB,2504,Santa Helena,-38.5857,-6.7322,Sousa - Cajazeiras,,-18.9,,-19.9,-15.9,6,-0.44,0.14,-0.52,0.18,7.4,9.7,3.1,,-7.1
2513356,PB,2503,Santa Inês,-38.5783,-7.6671,Patos,,-20.6,,-19.9,-14.1,3.1,-0.36,0.13,-0.48,0.14,3.1,3.1,10.1,,-30.7
2513406,PB,2503,Santa Luzia,-36.9059,-6.9187,Patos,,-20.6,,-19.9,-14.8,1.8,-0.19,-0.04,-0.21,-0.03,2,-0.3,9.3,,18.6
2513505,PB,2503,Santana De Mangueira,-38.3295,-7.626,Patos,,-20.6,,-19.9,-12.9,3,-0.32,0.07,-0.4,0.09,5.3,2.9,13.8,,-31.6
2513604,PB,2503,Santana Dos Garrotes,-37.9605,-7.3878,Patos,,-20.6,,-19.9,-12.5,0.6,-0.23,-0.06,-0.37,0.01,2.9,8.2,3.4,,-32.5
2513653,PB,2504,Santarém,-38.4849,-6.4764,Sousa - Cajazeiras,,-18.9,,-19.9,-10.6,1.2,-0.25,-0.02,-0.35,0.05,3.6,2,7.1,,-7.5
2513703,PB,2501,Santa Rita,-35.0022,-7.065,João Pessoa,,-19.1,,-19.9,-2.8,-0.5,-0.1,-0.04,-0.07,-0.02,1.9,0,5.7,,
2513802,PB,2503,Santa Teresinha,-37.4452,-7.0915,Patos,,-20.6,,-19.9,-13.3,2.8,-0.22,-0.04,-0.3,0.04,3.8,0.1,4.2,,-16.3
2513851,PB,2502,Santo André,-36.6109,-7.234,Campina Grande,,-19.6,,-19.9,-12.1,-3.5,-0.1,-0.11,-0.15,-0.11,1.1,4.5,-8.4,,-10.8
2513901,PB,2503,São Bento,-37.4694,-6.4583,Patos,,-20.6,,-19.9,-10.1,2.6,-0.15,-0.02,-0.21,0.02,3.6,1.7,7.7,,-6.1
2513927,PB,2503,São Bentinho,-37.7078,-6.8725,Patos,,-20.6,,-19.9,-10.9,0.1,-0.14,-0.1,-0.26,0.01,10.3,4.9,2.8,,-29
2513943,PB,2502,São Domingos Do Cariri,-36.4005,-7.5923,Campina Grande,,-19.6,,-19.9,-19.5,-1.2,-0.16,-0.09,-0.27,-0.06,-2.8,2,3.4,,-29.5
2513968,PB,2503,São Domingos,-37.9499,-6.806,Patos,,-20.6,,-19.9,-8.7,-1.1,-0.15,-0.13,-0.25,-0.02,10.1,6.7,-8.1,,-8.7
2513984,PB,2504,São Francisco,-38.0558,-6.6334,Sousa - Cajazeiras,,-18.9,,-19.9,-7,2.2,-0.14,-0.03,-0.24,0.06,3.8,6.4,-2.4,,2
2514008,PB,2502,São João Do Cariri,-36.4919,-7.4537,Campina Grande,,-19.6,,-19.9,-17.3,-4.5,-0.11,-0.14,-0.22,-0.1,-2.2,2.4,7.3,,-5.1
2514107,PB,2502,São João Do Tigre,-36.7871,-8.0872,Campina Grande,,-19.6,,-19.9,-9.7,-5,-0.05,-0.21,-0.17,-0.14,6,0.9,1.9,,-25
2514206,PB,2504,São José Da Lagoa Tapada,-38.1413,-6.9431,Sousa - Cajazeiras,,-18.9,,-19.9,-11.1,1.9,-0.27,-0.02,-0.36,0.03,9.6,9.8,4.1,,-2.7
2514305,PB,2503,São José De Caiana,-38.3269,-7.2613,Patos,,-20.6,,-19.9,-16.2,6.9,-0.42,0.2,-0.55,0.25,4.1,3.1,1.4,,-25.8
2514404,PB,2503,São José De Espinharas,-37.38,-6.8154,Patos,,-20.6,,-19.9,-15.1,0.6,-0.21,-0.1,-0.28,-0.04,6.2,0.2,6.2,,-14.5
2514453,PB,2501,São José Dos Ramos,-35.3461,-7.2399,João Pessoa,,-19.1,,-19.9,-3.2,-1,-0.09,-0.01,-0.11,0,-1.9,-0.1,-8.8,,-32.8
2514503,PB,2504,São José De Piranhas,-38.4944,-7.0992,Sousa - Cajazeiras,,-18.9,,-19.9,-17.7,8.2,-0.53,0.22,-0.59,0.27,2.8,9.5,4,,-21.1
2514552,PB,2503,São José De Princesa,-38.0968,-7.7023,Patos,,-20.6,,-19.9,-10.6,-2.1,-0.16,-0.12,-0.26,-0.08,5.6,1.5,0.8,,-15.5
2514602,PB,2503,São José Do Bonfim,-37.3016,-7.1486,Patos,,-20.6,,-19.9,-11.5,-0.1,-0.15,-0.12,-0.24,-0.05,1.8,1.3,11.8,,-11.9
2514651,PB,2503,São José Do Brejo Do Cruz,-37.3594,-6.236,Patos,,-20.6,,-19.9,-9.9,1.9,-0.16,0,-0.2,0.03,6.7,-4.8,6.4,,-16.1
2514701,PB,2503,São José Do Sabugi,-36.8214,-6.8182,Patos,,-20.6,,-19.9,-14,0.3,-0.2,-0.06,-0.2,-0.05,2.1,0.7,11.8,,
2514800,PB,2502,São José Dos Cordeiros,-36.8499,-7.4217,Campina Grande,,-19.6,,-19.9,-11.3,2.1,-0.09,-0.06,-0.16,-0.03,3.2,1,11.9,,-23.2
2514909,PB,2503,São Mamede,-37.086,-6.9265,Patos,,-20.6,,-19.9,-14.7,2.8,-0.2,-0.04,-0.23,-0.01,2.5,-2.1,6.8,,573
2515005,PB,2501,São Miguel De Taipu,-35.1992,-7.2401,João Pessoa,,-19.1,,-19.9,-2.7,-3.4,-0.12,-0.07,-0.08,-0.08,1.6,0,-0.9,,-5.7
2515104,PB,2502,São Sebastião De Lagoa De Roça,-35.8526,-7.0877,Campina Grande,,-19.6,,-19.9,-8.9,-8.1,-0.11,-0.12,-0.16,-0.12,3.4,0,-3.2,,-28.6
2515203,PB,2502,São Sebastião Do Umbuzeiro,-37.0142,-8.1596,Campina Grande,,-19.6,,-19.9,-8.7,-5.5,-0.02,-0.24,-0.16,-0.17,0.1,1.7,0.4,,-31.9
2515302,PB,2501,Sapé,-35.1984,-7.0554,João Pessoa,,-19.1,,-19.9,-2.3,-2.1,-0.09,-0.04,-0.08,-0.03,3.1,0,-2.4,,-13.7
2515401,PB,2502,Seridó,-36.4461,-6.9081,Campina Grande,,-19.6,,-19.9,-17.8,-3.3,-0.16,-0.1,-0.26,-0.02,1.5,0.3,-0.8,,-25.6
2515500,PB,2502,Serra Branca,-36.7094,-7.537,Campina Grande,,-19.6,,-19.9,-14,2.9,-0.12,-0.06,-0.19,-0.03,6.8,1.4,1.8,,6
2515609,PB,2501,Serra Da Raiz,-35.4561,-6.7078,João Pessoa,,-19.1,,-19.9,-10.8,-3.3,-0.2,-0.04,-0.22,-0.03,3.2,-0.3,-10,,-7.6
2515708,PB,2504,Serra Grande,-38.3732,-7.2177,Sousa - Cajazeiras,,-18.9,,-19.9,-16.2,6.9,-0.42,0.2,-0.55,0.25,4.1,3.1,1.4,,-28.5
2515807,PB,2502,Serra Redonda,-35.6627,-7.1712,Campina Grande,,-19.6,,-19.9,-7.3,-10.8,-0.11,-0.17,-0.15,-0.18,0.1,0,-5.5,,-7.2
2515906,PB,2501,Serraria,-35.6432,-6.8332,João Pessoa,,-19.1,,-19.9,-10.6,-3.9,-0.2,-0.08,-0.23,-0.06,2,0,-1.7,,-23.6
2515930,PB,2501,Sertãozinho,-35.4261,-6.7403,João Pessoa,,-19.1,,-19.9,-10.8,-3.3,-0.2,-0.04,-0.22,-0.03,3.2,-0.3,-10,,-4.5
2515971,PB,2501,Sobrado,-35.2559,-7.1792,João Pessoa,,-19.1,,-19.9,-5.5,-0.4,-0.13,0.01,-0.16,0.02,2.9,-0.1,-6.5,,-17.7
2516003,PB,2501,Solânea,-35.7243,-6.7511,João Pessoa,,-19.1,,-19.9,-14.7,-1.8,-0.22,-0.02,-0.27,-0.01,3.1,0,-7,,-21.1
2516102,PB,2502,Soledade,-36.3723,-7.0992,Campina Grande,,-19.6,,-19.9,-15.2,-5.5,-0.11,-0.12,-0.21,-0.05,2.3,0.3,-43.4,,69
2516151,PB,2502,Sossêgo,-36.2065,-6.7253,Campina Grande,,-19.6,,-19.9,-16.9,-0.9,-0.17,-0.04,-0.26,0.02,1.8,0.1,8.2,,16.2
2516201,PB,2504,Sousa,-38.2252,-6.7394,Sousa - Cajazeiras,,-18.9,,-19.9,-9.9,4,-0.27,0.06,-0.32,0.08,5.4,8.8,-0.5,,1.7
2516300,PB,2502,Sumé,-36.8989,-7.6789,Campina Grande,,-19.6,,-19.9,-9.9,0.9,-0.06,-0.1,-0.12,-0.08,0.8,1.7,4.8,,-10.3
2516409,PB,2501,Tacima,-35.519,-6.538,João Pessoa,,-19.1,,-19.9,-13,-2.4,-0.2,-0.01,-0.24,0,5,-0.2,-6.5,,-10.2
2516508,PB,2502,Taperoá,-36.8315,-7.2206,Campina Grande,,-19.6,,-19.9,-8.4,-0.2,-0.05,-0.09,-0.09,-0.08,4.7,2.3,7.7,,-15.3
2516607,PB,2503,Tavares,-37.8905,-7.6038,Patos,,-20.6,,-19.9,-9,-3,-0.12,-0.11,-0.24,-0.09,4.1,2.5,13.4,,-17.5
2516706,PB,2503,Teixeira,-37.2411,-7.2449,Patos,,-20.6,,-19.9,-12.2,2.4,-0.13,-0.09,-0.23,-0.01,-2,0.9,8.1,,-15.6
2516755,PB,2502,Tenório,-36.6233,-6.9612,Campina Grande,,-19.6,,-19.9,-10.2,-3.8,-0.13,-0.11,-0.12,-0.11,-4.9,1.5,5.6,,-10
2516805,PB,2504,Triunfo,-38.5728,-6.6078,Sousa - Cajazeiras,,-18.9,,-19.9,-13,5.2,-0.33,0.09,-0.42,0.15,4.4,9,3,,-16.4
2516904,PB,2504,Uiraúna,-38.3938,-6.5092,Sousa - Cajazeiras,,-18.9,,-19.9,-11.5,3.1,-0.32,0.06,-0.41,0.11,3.2,4.6,4.5,,-20.6
2517001,PB,2502,Umbuzeiro,-35.7428,-7.6801,Campina Grande,,-19.6,,-19.9,-5.3,-7.6,-0.07,-0.11,-0.11,-0.12,7.6,3.7,6.3,,-26.7
2517100,PB,2503,Várzea,-37.0313,-6.7901,Patos,,-20.6,,-19.9,-13.4,1.7,-0.19,-0.05,-0.2,-0.02,-0.2,-3.9,7.3,,-21
2517209,PB,2504,Vieirópolis,-38.2685,-6.5603,Sousa - Cajazeiras,,-18.9,,-19.9,-9.5,3.2,-0.26,0.05,-0.35,0.1,2.4,6.9,4.1,,-19.6
2517407,PB,2502,Zabelê,-37.0933,-8.0762,Campina Grande,,-19.6,,-19.9,-8.5,-5,-0.03,-0.23,-0.15,-0.17,4.6,2.4,16,,-12.6
2600054,PE,2601,Abreu E Lima,-35.017,-7.882,Recife,,-15.8,,-7.8,-2.5,-5.3,-0.08,-0.11,-0.07,-0.16,0.8,0,5.9,,
2600104,PE,2603,Afogados Da Ingazeira,-37.6217,-7.7386,Serra Talhada,,-15.3,,-7.8,-13.2,-1.3,-0.15,-0.1,-0.25,-0.06,5.3,1.9,2.9,,
2600203,PE,2604,Afrânio,-41.0071,-8.6202,Petrolina,,-15.5,,-7.8,-10.2,3.1,-0.21,-0.01,-0.38,0.13,0.5,3.2,1.4,,11.4
2600302,PE,2602,Agrestina,-35.9439,-8.4578,Caruaru,,-7,,-7.8,-6,-8.7,-0.06,-0.22,-0.12,-0.17,3.5,-3.2,4.8,,
2600401,PE,2601,Água Preta,-35.4825,-8.7297,Recife,,-15.8,,-7.8,-4.7,-9.7,-0.12,-0.2,-0.12,-0.23,2.4,-0.9,7.8,,
2600500,PE,2602,Águas Belas,-37.0385,-9.0872,Caruaru,,-7,,-7.8,-3.2,-18.5,0.07,-0.38,-0.12,-0.32,5.1,1,2.7,,
2600609,PE,2602,Alagoinha,-36.7608,-8.4972,Caruaru,,-7,,-7.8,-8.4,-6.7,-0.02,-0.27,-0.19,-0.15,2.8,-1,-9.7,,-6.6
2600708,PE,2601,Aliança,-35.1932,-7.6025,Recife,,-15.8,,-7.8,-5.1,-4.5,-0.14,-0.06,-0.12,-0.13,1.7,-0.1,2.6,,-0.3
2600807,PE,2602,Altinho,-36.0943,-8.4903,Caruaru,,-7,,-7.8,-7.1,-9.4,-0.06,-0.2,-0.15,-0.14,2.9,-2.7,7.6,,
2600906,PE,2601,Amaraji,-35.4645,-8.365,Recife,,-15.8,,-7.8,-7.1,-6.9,-0.15,-0.15,-0.17,-0.15,0.9,0.1,-0.2,,
2601003,PE,2602,Angelim,-36.2761,-8.8906,Caruaru,,-7,,-7.8,-8,-17,-0.05,-0.3,-0.15,-0.26,5,0.2,6.6,,
2601052,PE,2601,Araçoiaba,-35.0744,-7.7949,Recife,,-15.8,,-7.8,-3.3,-5.2,-0.12,-0.09,-0.08,-0.16,0.1,0,2.4,,
2601102,PE,2604,Araripina,-40.4937,-7.6144,Petrolina,,-15.5,,-7.8,-13,-0.1,-0.35,-0.02,-0.5,0.1,1.5,2.7,9.7,,-24.3
2601201,PE,2602,Arcoverde,-37.0072,-8.3902,Caruaru,,-7,,-7.8,-8.9,-10.4,-0.02,-0.3,-0.2,-0.22,3.4,0.1,15.8,,
2601300,PE,2602,Barra De Guabiraba,-35.6315,-8.4119,Caruaru,,-7,,-7.8,-6.3,-8.6,-0.13,-0.21,-0.15,-0.19,2,0,13.4,,
2601409,PE,2601,Barreiros,-35.2574,-8.8207,Recife,,-15.8,,-7.8,-6,-7.6,-0.14,-0.19,-0.15,-0.18,2.6,0,11.2,,
2601508,PE,2601,Belém De Maria,-35.8151,-8.6066,Recife,,-15.8,,-7.8,-7.1,-9,-0.1,-0.25,-0.16,-0.2,2.9,-0.2,9.7,,
2601607,PE,2604,Belém Do São Francisco,-38.9804,-8.5843,Petrolina,,-15.5,,-7.8,-10.4,-1.2,-0.08,-0.18,-0.24,-0.07,5.9,6.7,5.3,,
2601706,PE,2602,Belo Jardim,-36.4065,-8.2584,Caruaru,,-7,,-7.8,-9.2,-6.3,-0.05,-0.24,-0.19,-0.14,2.8,0.1,-3.5,,-4.6
2601805,PE,2603,Betânia,-37.987,-8.2665,Serra Talhada,,-15.3,,-7.8,-8.7,-3.4,-0.07,-0.21,-0.24,-0.12,7.1,1,18,,-32.3
2601904,PE,2602,Bezerros,-35.7823,-8.2174,Caruaru,,-7,,-7.8,-6.7,-3.4,-0.14,-0.09,-0.18,-0.07,2,0.2,-3,,0.1
2602001,PE,2604,Bodocó,-39.9652,-7.6549,Petrolina,,-15.5,,-7.8,-16.6,3.9,-0.43,0.12,-0.63,0.24,4.6,2.2,7.8,,-12.5
2602100,PE,2602,Bom Conselho,-36.6823,-9.2045,Caruaru,,-7,,-7.8,-10.1,-11.5,-0.06,-0.26,-0.21,-0.15,-0.5,1.2,8,,
2602209,PE,2601,Bom Jardim,-35.5873,-7.7872,Recife,,-15.8,,-7.8,-3.6,-9.4,-0.08,-0.12,-0.09,-0.16,2.7,1.5,3.2,,
2602308,PE,2602,Bonito,-35.7042,-8.4954,Caruaru,,-7,,-7.8,-8.7,-5.3,-0.15,-0.16,-0.18,-0.13,3.6,0.1,11.2,,
2602407,PE,2602,Brejão,-36.5319,-9.0269,Caruaru,,-7,,-7.8,-8.9,-12.2,-0.05,-0.27,-0.2,-0.18,3.4,0.2,10.5,,
2602506,PE,2603,Brejinho,-37.3206,-7.3355,Serra Talhada,,-15.3,,-7.8,-11.8,0.1,-0.13,-0.12,-0.24,-0.05,2,1.3,9.4,,
2602605,PE,2602,Brejo Da Madre De Deus,-36.2824,-8.077,Caruaru,,-7,,-7.8,-15.7,-2,-0.18,-0.14,-0.27,-0.1,1.1,1.2,4,,
2602704,PE,2601,Buenos Aires,-35.3497,-7.739,Recife,,-15.8,,-7.8,-3.1,-8.7,-0.05,-0.16,-0.07,-0.21,2.2,0.1,-3.3,,
2602803,PE,2602,Buíque,-37.12,-8.6476,Caruaru,,-7,,-7.8,-3.7,-12.1,0.04,-0.31,-0.13,-0.25,4,0.5,8.6,,
2602902,PE,2601,Cabo De Santo Agostinho,-35.083,-8.2692,Recife,,-15.8,,-7.8,3.2,-8.7,-0.03,-0.16,0.01,-0.19,0.2,0.5,2.5,,
2603009,PE,2604,Cabrobó,-39.3287,-8.3866,Petrolina,,-15.5,,-7.8,-10.1,-1.4,-0.15,-0.14,-0.34,0,3.3,8.3,7,,-29.6
2603108,PE,2602,Cachoeirinha,-36.2882,-8.4862,Caruaru,,-7,,-7.8,-7.2,-8.3,-0.03,-0.22,-0.17,-0.13,2.7,0,11.4,,-19.8
2603207,PE,2602,Caetés,-36.6745,-8.8041,Caruaru,,-7,,-7.8,-2,-14.2,0.11,-0.38,-0.08,-0.28,5.6,-0.1,15.6,,
2603306,PE,2602,Calçado,-36.324,-8.7471,Caruaru,,-7,,-7.8,-7.1,-12.8,-0.03,-0.28,-0.17,-0.2,3,0,2.7,,
2603405,PE,2603,Calumbi,-38.0821,-8.0042,Serra Talhada,,-15.3,,-7.8,-8.1,-3,-0.1,-0.15,-0.21,-0.11,4.6,2.7,5.3,,-28.2
2603454,PE,2601,Camaragibe,-34.9942,-7.9882,Recife,,-15.8,,-7.8,3.7,-10.8,-0.01,-0.18,0.01,-0.24,1.1,0.2,6.9,,
2603504,PE,2602,Camocim De São Félix,-35.772,-8.3478,Caruaru,,-7,,-7.8,-8,-6.3,-0.13,-0.16,-0.19,-0.14,4.2,0.1,-3.6,,
2603603,PE,2601,Camutanga,-35.3021,-7.4337,Recife,,-15.8,,-7.8,-2.7,-4,-0.1,-0.05,-0.1,-0.07,1,-0.1,2.2,,
2603702,PE,2602,Canhotinho,-36.1768,-8.8915,Caruaru,,-7,,-7.8,-6,-15.3,-0.04,-0.27,-0.13,-0.24,4.7,0.1,8.1,,
2603801,PE,2602,Capoeiras,-36.5979,-8.6891,Caruaru,,-7,,-7.8,-2.2,-10.8,0.06,-0.29,-0.06,-0.2,2.4,-0.1,1.8,,
2603900,PE,2603,Carnaíba,-37.7282,-7.7956,Serra Talhada,,-15.3,,-7.8,-12,-1.6,-0.14,-0.12,-0.27,-0.07,6.9,2.5,1.5,,
2603926,PE,2603,Carnaubeira Da Penha,-38.7208,-8.4095,Serra Talhada,,-15.3,,-7.8,-6.2,-6.6,-0.03,-0.28,-0.22,-0.14,3.1,-0.9,8.2,,-38.1
2604007,PE,2601,Carpina,-35.3048,-7.8194,Recife,,-15.8,,-7.8,-1.9,-9.9,-0.04,-0.19,-0.06,-0.23,3,0.1,0.7,,
2604106,PE,2602,Caruaru,-36.0168,-8.1821,Caruaru,,-7,,-7.8,-13.5,-4.4,-0.15,-0.13,-0.26,-0.08,2,0.2,9.3,,
2604155,PE,2601,Casinhas,-35.7203,-7.7555,Recife,,-15.8,,-7.8,-5.1,-8.2,-0.1,-0.12,-0.11,-0.13,-0.1,3,5.5,,
2604205,PE,2601,Catende,-35.7305,-8.6769,Recife,,-15.8,,-7.8,-1.5,-10.7,-0.04,-0.28,-0.06,-0.25,2.4,-1.1,7.8,,
2604304,PE,2604,Cedro,-39.2044,-7.7423,Petrolina,,-15.5,,-7.8,-8.5,-0.4,-0.16,-0.03,-0.4,0.06,3.7,3.2,7,,-41.9
2604403,PE,2601,Chã De Alegria,-35.2209,-7.9962,Recife,,-15.8,,-7.8,0.2,-8.1,-0.03,-0.17,-0.04,-0.18,3.4,0.3,-2.6,,
2604502,PE,2602,Chã Grande,-35.4717,-8.2293,Caruaru,,-7,,-7.8,-6.4,-3.8,-0.16,-0.07,-0.15,-0.09,2.4,0,-5.9,,
2604601,PE,2601,Condado,-35.1001,-7.5966,Recife,,-15.8,,-7.8,-4.6,-4.6,-0.14,-0.11,-0.11,-0.13,1.3,0,-10.1,,
2604700,PE,2602,Correntes,-36.3382,-9.113,Caruaru,,-7,,-7.8,-9,-14.4,-0.11,-0.27,-0.21,-0.22,5.9,1,7.2,,
2604809,PE,2601,Cortês,-35.5302,-8.4319,Recife,,-15.8,,-7.8,-7.7,-6.8,-0.15,-0.17,-0.16,-0.16,1.7,0,4.1,,
2604908,PE,2602,Cumaru,-35.7231,-8.0402,Caruaru,,-7,,-7.8,-11.7,-2.6,-0.22,-0.05,-0.25,-0.04,5.4,3,-15.2,,
2605004,PE,2602,Cupira,-35.9364,-8.5863,Caruaru,,-7,,-7.8,-5.6,-9.7,-0.07,-0.22,-0.11,-0.19,2.4,-1.4,16,,-6.7
2605103,PE,2602,Custódia,-37.6813,-8.172,Caruaru,,-7,,-7.8,-14.4,-2.9,-0.16,-0.16,-0.3,-0.1,9.1,0.3,9.1,,
2605152,PE,2604,Dormentes,-40.6207,-8.496,Petrolina,,-15.5,,-7.8,-10.7,2.1,-0.19,-0.06,-0.35,0.08,3.5,4.3,1.6,,3.8
2605202,PE,2601,Escada,-35.2634,-8.3714,Recife,,-15.8,,-7.8,-2.9,-6.7,-0.1,-0.14,-0.09,-0.16,1.7,0.3,0.5,,
2605301,PE,2604,Exu,-39.7465,-7.5161,Petrolina,,-15.5,,-7.8,-16,8.1,-0.38,0.26,-0.61,0.33,6,4.5,7,,1.1
2605400,PE,2601,Feira Nova,-35.3807,-7.951,Recife,,-15.8,,-7.8,0.4,-10.7,-0.01,-0.21,-0.03,-0.22,1.7,0.3,-4,,0.3
2605509,PE,2601,Ferreiros,-35.2384,-7.4774,Recife,,-15.8,,-7.8,-2.7,-4,-0.1,-0.05,-0.1,-0.07,1,-0.1,2.2,,
2605608,PE,2603,Flores,-37.8948,-7.9416,Serra Talhada,,-15.3,,-7.8,-12.6,-0.4,-0.17,-0.1,-0.27,-0.04,7.8,2.4,7.3,,-25.9
2605707,PE,2603,Floresta,-38.307,-8.5663,Serra Talhada,,-15.3,,-7.8,-6.6,-5.7,-0.03,-0.26,-0.19,-0.14,3.2,2.5,12.1,,4.7
2605806,PE,2601,Frei Miguelinho,-35.8848,-7.935,Recife,,-15.8,,-7.8,-13.4,0.5,-0.2,-0.04,-0.26,-0.01,3.2,4.3,-6.3,,
2605905,PE,2601,Gameleira,-35.3913,-8.6108,Recife,,-15.8,,-7.8,-6.7,-7.8,-0.16,-0.18,-0.16,-0.19,2.6,-0.4,11.5,,
2606002,PE,2602,Garanhuns,-36.4995,-8.9303,Caruaru,,-7,,-7.8,-5.9,-13.8,0.01,-0.32,-0.15,-0.24,3.8,0,3.1,,
2606101,PE,2601,Glória Do Goitá,-35.3386,-8.0137,Recife,,-15.8,,-7.8,0.3,-10.4,-0.03,-0.19,-0.05,-0.21,1.2,0.1,-3.2,,
2606200,PE,2601,Goiana,-34.9496,-7.6052,Recife,,-15.8,,-7.8,-5.5,-4.1,-0.16,-0.09,-0.13,-0.12,1.1,0,-9.9,,
2606309,PE,2604,Granito,-39.6939,-7.7891,Petrolina,,-15.5,,-7.8,-9.5,-0.4,-0.18,-0.05,-0.47,0.1,6.3,6.1,1.8,,-9.2
2606408,PE,2602,Gravatá,-35.5637,-8.1998,Caruaru,,-7,,-7.8,-7.9,-1.9,-0.2,-0.02,-0.19,-0.05,0.4,0.2,-10,,
2606507,PE,2602,Iati,-36.9009,-9.1448,Caruaru,,-7,,-7.8,-7.5,-19.5,0.02,-0.37,-0.16,-0.29,5.8,4.2,-13.7,,
2606606,PE,2602,Ibimirim,-37.6047,-8.5928,Caruaru,,-7,,-7.8,-1.9,-11.4,0.07,-0.34,-0.1,-0.25,-1.5,1.1,12.3,,
2606705,PE,2602,Ibirajuba,-36.1999,-8.6107,Caruaru,,-7,,-7.8,-6.3,-11.4,-0.02,-0.27,-0.14,-0.18,3.7,0,20.1,,2.2
2606804,PE,2601,Igarassu,-34.9606,-7.8175,Recife,,-15.8,,-7.8,0.5,-8.5,-0.04,-0.15,-0.03,-0.21,1.2,-0.1,6.6,,
2606903,PE,2603,Iguaraci,-37.4053,-7.8452,Serra Talhada,,-15.3,,-7.8,-12.8,-2.9,-0.13,-0.17,-0.23,-0.09,0.1,2.3,7.7,,
2607000,PE,2602,Inajá,-37.8456,-8.8092,Caruaru,,-7,,-7.8,-3.6,-12,0.04,-0.34,-0.11,-0.25,2.2,1.1,19.6,,
2607109,PE,2603,Ingazeira,-37.4154,-7.7139,Serra Talhada,,-15.3,,-7.8,-11.3,-1.6,-0.1,-0.15,-0.19,-0.08,0.8,1.9,7.4,,
2607208,PE,2601,Ipojuca,-35.0885,-8.4379,Recife,,-15.8,,-7.8,-4.4,-3.3,-0.13,-0.08,-0.13,-0.09,1.5,0.4,1.6,,
2607307,PE,2604,Ipubi,-40.236,-7.4985,Petrolina,,-15.5,,-7.8,-12.6,-1.4,-0.38,0.02,-0.51,0.09,0.8,1.6,2.8,,-20.2
2607406,PE,2604,Itacuruba,-38.7274,-8.7484,Petrolina,,-15.5,,-7.8,-10.3,-7.6,-0.02,-0.28,-0.23,-0.18,4.2,4.9,4.7,,-36.2
2607505,PE,2602,Itaíba,-37.2967,-8.9882,Caruaru,,-7,,-7.8,0.6,-17,0.09,-0.36,-0.08,-0.3,1.4,2.7,-21,,
2607604,PE,2601,Ilha De Itamaracá,-34.8564,-7.7584,Recife,,-15.8,,-7.8,-3.5,-3.6,-0.11,-0.09,-0.09,-0.11,0.4,0,-1.6,,
2607653,PE,2601,Itambé,-35.1366,-7.4491,Recife,,-15.8,,-7.8,-3.8,-3.5,-0.13,-0.06,-0.12,-0.06,1.6,0,-1.1,,12.6
2607703,PE,2603,Itapetim,-37.1446,-7.3964,Serra Talhada,,-15.3,,-7.8,-12,2.8,-0.13,-0.08,-0.22,0,2,1.2,5.9,,
2607752,PE,2601,Itapissuma,-34.9064,-7.7469,Recife,,-15.8,,-7.8,-2.4,-5.2,-0.11,-0.1,-0.05,-0.17,-0.1,0,-0.3,,
2607802,PE,2601,Itaquitinga,-35.0496,-7.6934,Recife,,-15.8,,-7.8,-6.9,-3.8,-0.19,-0.07,-0.16,-0.12,1.9,0,-4.7,,
2607901,PE,2601,Jaboatão Dos Guararapes,-35.0053,-8.1528,Recife,,-15.8,,-7.8,2.6,-9.9,-0.04,-0.16,-0.01,-0.22,0.1,0.2,-4.7,,
2607950,PE,2601,Jaqueira,-35.8092,-8.7436,Recife,,-15.8,,-7.8,-6.6,-8.4,-0.11,-0.23,-0.15,-0.19,2.4,0.3,-10.1,,
2608008,PE,2602,Jataúba,-36.5265,-8.0487,Caruaru,,-7,,-7.8,-11,-3.2,-0.1,-0.17,-0.2,-0.13,0.9,-0.1,1,,6.9
2608057,PE,2603,Jatobá,-38.2155,-9.209,Serra Talhada,,-15.3,,-7.8,-2.7,-13.1,0.05,-0.34,-0.07,-0.24,1.6,7.6,-10.4,,
2608107,PE,2601,João Alfredo,-35.5927,-7.8594,Recife,,-15.8,,-7.8,-4.6,-8.9,-0.11,-0.13,-0.12,-0.16,2.1,3.3,9.7,,
2608206,PE,2601,Joaquim Nabuco,-35.5448,-8.5655,Recife,,-15.8,,-7.8,-5.5,-8.7,-0.12,-0.19,-0.13,-0.2,1.7,-0.6,8.3,,
2608255,PE,2602,Jucati,-36.4603,-8.743,Caruaru,,-7,,-7.8,-2.6,-15.8,0.05,-0.36,-0.09,-0.29,1.6,-0.1,-2,,
2608305,PE,2602,Jupi,-36.396,-8.7135,Caruaru,,-7,,-7.8,-7.1,-12.8,-0.03,-0.28,-0.17,-0.2,3,0,2.7,,
2608404,PE,2602,Jurema,-36.1434,-8.7546,Caruaru,,-7,,-7.8,-5.1,-14.2,-0.01,-0.28,-0.12,-0.22,3.8,0,5.1,,18.8
2608453,PE,2601,Lagoa Do Carro,-35.3376,-7.8516,Recife,,-15.8,,-7.8,-1.9,-9.9,-0.04,-0.19,-0.06,-0.23,3,0.1,0.7,,
2608503,PE,2601,Lagoa De Itaenga,-35.2914,-7.91,Recife,,-15.8,,-7.8,0.2,-8.1,-0.03,-0.17,-0.04,-0.18,3.4,0.3,-2.6,,
2608602,PE,2602,Lagoa Do Ouro,-36.4644,-9.1592,Caruaru,,-7,,-7.8,-7.5,-12.4,-0.09,-0.26,-0.18,-0.18,3.6,0.3,12,,
2608701,PE,2602,Lagoa Dos Gatos,-35.8945,-8.6813,Caruaru,,-7,,-7.8,-7.1,-9,-0.1,-0.25,-0.16,-0.2,2.9,-0.2,9.7,,21.5
2608750,PE,2604,Lagoa Grande,-40.2228,-8.777,Petrolina,,-15.5,,-7.8,-10.9,-2.2,-0.1,-0.17,-0.28,-0.04,2,6.1,8.7,,26.8
2608800,PE,2602,Lajedo,-36.2855,-8.6788,Caruaru,,-7,,-7.8,-6.3,-11.4,-0.02,-0.27,-0.14,-0.18,3.7,0,20.1,,-5.7
2608909,PE,2601,Limoeiro,-35.4488,-7.8493,Recife,,-15.8,,-7.8,-1.7,-9.3,-0.04,-0.16,-0.06,-0.19,3.6,2,2.6,,
2609006,PE,2601,Macaparana,-35.4498,-7.5305,Recife,,-15.8,,-7.8,0.6,-11.6,0.01,-0.17,0,-0.21,0.3,0.2,3.8,,
2609105,PE,2601,Machados,-35.5027,-7.7046,Recife,,-15.8,,-7.8,-3.6,-9.4,-0.07,-0.12,-0.09,-0.16,2.7,1.5,3.2,,
2609154,PE,2602,Manari,-37.5523,-8.9002,Caruaru,,-7,,-7.8,0,-15.2,0.1,-0.35,-0.06,-0.29,1.9,1.4,20,,
2609204,PE,2601,Maraial,-35.7614,-8.8317,Recife,,-15.8,,-7.8,-6.3,-9.7,-0.13,-0.23,-0.14,-0.22,1.4,0.4,11.6,,
2609303,PE,2603,Mirandiba,-38.7342,-8.1574,Serra Talhada,,-15.3,,-7.8,-8.5,-1.3,-0.13,-0.13,-0.33,0,0.4,1,17,,41.8
2609402,PE,2601,Moreno,-35.1488,-8.1416,Recife,,-15.8,,-7.8,4,-9.9,-0.01,-0.17,0.03,-0.23,-0.6,0.1,0.2,,
2609501,PE,2601,Nazaré Da Mata,-35.2183,-7.7333,Recife,,-15.8,,-7.8,-4.5,-6.8,-0.11,-0.13,-0.11,-0.17,1.4,0,5.2,,
2609600,PE,2601,Olinda,-34.8641,-7.994,Recife,,-15.8,,-7.8,3,-10,-0.02,-0.17,0,-0.22,1,0.7,3.4,,
2609709,PE,2601,Orobó,-35.5978,-7.7041,Recife,,-15.8,,-7.8,-3.6,-9.4,-0.07,-0.12,-0.09,-0.16,2.7,1.5,3.2,,
2609808,PE,2604,Orocó,-39.5894,-8.4737,Petrolina,,-15.5,,-7.8,-9,-2.7,-0.13,-0.16,-0.33,-0.01,4.9,8.7,7.5,,13.4
2609907,PE,2604,Ouricuri,-40.1693,-7.9632,Petrolina,,-15.5,,-7.8,-15.9,0.3,-0.34,-0.06,-0.5,0.09,-0.3,7.2,5.7,,22.2
2610004,PE,2601,Palmares,-35.6295,-8.6561,Recife,,-15.8,,-7.8,-3.7,-10.4,-0.09,-0.24,-0.1,-0.24,1.9,-1.2,1.1,,
2610103,PE,2602,Palmeirina,-36.2774,-9.0092,Caruaru,,-7,,-7.8,-8.9,-15.6,-0.09,-0.27,-0.2,-0.24,5.3,0.3,7.8,,
2610202,PE,2602,Panelas,-36.0496,-8.6656,Caruaru,,-7,,-7.8,-6.6,-14.1,-0.05,-0.27,-0.13,-0.23,5.6,0,7.6,,13.3
2610301,PE,2602,Paranatama,-36.7207,-8.8932,Caruaru,,-7,,-7.8,-4.7,-14.6,0.08,-0.35,-0.14,-0.25,1.9,0,13.7,,
2610400,PE,2604,Parnamirim,-39.7731,-8.1626,Petrolina,,-15.5,,-7.8,-9.1,-0.8,-0.16,-0.08,-0.4,0.08,1.2,7.8,8.3,,-6.5
2610509,PE,2601,Passira,-35.5458,-8.0141,Recife,,-15.8,,-7.8,-8,-3.5,-0.17,-0.06,-0.19,-0.07,5.4,2.1,-11.8,,
2610608,PE,2601,Paudalho,-35.1561,-7.9056,Recife,,-15.8,,-7.8,1.6,-8.1,-0.03,-0.13,-0.02,-0.19,1.6,0.1,10.6,,
2610707,PE,2601,Paulista,-34.8863,-7.9302,Recife,,-15.8,,-7.8,3,-10,-0.02,-0.17,0,-0.22,1,0.7,3.4,,
2610806,PE,2602,Pedra,-36.9068,-8.6908,Caruaru,,-7,,-7.8,-6.6,-8.2,0.01,-0.26,-0.17,-0.17,3.3,0.3,-2.7,,
2610905,PE,2602,Pesqueira,-36.7384,-8.3903,Caruaru,,-7,,-7.8,-8.9,-8,-0.03,-0.28,-0.18,-0.18,2,-0.3,-12.6,,-8.7
2611002,PE,2603,Petrolândia,-38.308,-8.9007,Serra Talhada,,-15.3,,-7.8,-7.1,-11.3,0.01,-0.34,-0.16,-0.23,1.6,2.5,13.1,,-3.6
2611101,PE,2604,Petrolina,-40.5714,-9.0204,Petrolina,,-15.5,,-7.8,-12.8,-0.4,-0.08,-0.16,-0.34,0.01,2.8,7.2,7.3,,19.5
2611200,PE,2602,Poção,-36.7009,-8.2166,Caruaru,,-7,,-7.8,-6.1,-7.8,0.02,-0.29,-0.13,-0.19,5.8,0,-4.3,,-6.9
2611309,PE,2601,Pombos,-35.3958,-8.1802,Recife,,-15.8,,-7.8,-5.3,-6.4,-0.15,-0.13,-0.13,-0.15,1.5,0.1,-6.6,,
2611408,PE,2601,Primavera,-35.3922,-8.3234,Recife,,-15.8,,-7.8,-7.2,-3.5,-0.15,-0.11,-0.16,-0.1,1.8,0.5,4,,
2611507,PE,2602,Quipapá,-36.0285,-8.8351,Caruaru,,-7,,-7.8,-6.3,-11.6,-0.06,-0.23,-0.14,-0.19,3.3,0.1,10,,
2611533,PE,2603,Quixaba,-37.8483,-7.7166,Serra Talhada,,-15.3,,-7.8,-12.3,-2,-0.18,-0.11,-0.28,-0.08,4.1,2.5,2.5,,
2611606,PE,2601,Recife,-34.9332,-8.0429,Recife,,-15.8,,-7.8,2.8,-8.8,-0.02,-0.16,0.02,-0.22,0.2,0.3,0.5,,
2611705,PE,2602,Riacho Das Almas,-35.8831,-8.0821,Caruaru,,-7,,-7.8,-12.9,-2,-0.2,-0.05,-0.25,-0.04,6.4,3.5,-14.9,,
2611804,PE,2601,Ribeirão,-35.3708,-8.5019,Recife,,-15.8,,-7.8,-5.9,-6.6,-0.14,-0.16,-0.14,-0.16,2.5,-0.3,11.9,,
2611903,PE,2601,Rio Formoso,-35.2173,-8.6741,Recife,,-15.8,,-7.8,-6,-7,-0.16,-0.18,-0.15,-0.17,2.9,0,12,,
2612000,PE,2602,Sairé,-35.685,-8.3015,Caruaru,,-7,,-7.8,-7.4,-6.2,-0.15,-0.16,-0.17,-0.14,4.4,0,7.2,,
2612109,PE,2601,Salgadinho,-35.5975,-7.9167,Recife,,-15.8,,-7.8,-7.2,-6.6,-0.15,-0.11,-0.17,-0.11,3.4,4,-0.3,,
2612208,PE,2604,Salgueiro,-39.0917,-8.1298,Petrolina,,-15.5,,-7.8,-10.6,2.1,-0.19,-0.06,-0.4,0.1,5.5,3.4,4.9,,
2612307,PE,2602,Saloá,-36.7403,-8.992,Caruaru,,-7,,-7.8,-6.8,-14.1,0.02,-0.34,-0.16,-0.24,5.7,0,5.2,,
2612406,PE,2602,Sanharó,-36.5486,-8.3647,Caruaru,,-7,,-7.8,-9.5,-3.8,-0.06,-0.2,-0.2,-0.1,5.3,-0.7,6.9,,-16.3
2612455,PE,2604,Santa Cruz,-40.3033,-8.2903,Petrolina,,-15.5,,-7.8,-13.5,0.8,-0.25,-0.04,-0.39,0.06,3.9,5.3,4.6,,-29.5
2612471,PE,2603,Santa Cruz Da Baixa Verde,-38.1746,-7.8513,Serra Talhada,,-15.3,,-7.8,-10.1,-0.6,-0.14,-0.11,-0.26,-0.07,2.1,0.5,9.1,,-9.9
2612505,PE,2602,Santa Cruz Do Capibaribe,-36.326,-7.8901,Caruaru,,-7,,-7.8,-17.2,-0.3,-0.18,-0.08,-0.26,-0.05,-1.9,1.8,-10.3,,0.7
2612554,PE,2604,Santa Filomena,-40.5714,-8.2253,Petrolina,,-15.5,,-7.8,-12.8,1.5,-0.21,-0.05,-0.4,0.08,3.6,3.9,3.4,,-26.8
2612604,PE,2604,Santa Maria Da Boa Vista,-39.9153,-8.6297,Petrolina,,-15.5,,-7.8,-14.4,-1.4,-0.22,-0.13,-0.35,-0.02,1.6,6.4,5.5,,-15.8
2612703,PE,2601,Santa Maria Do Cambucá,-35.8835,-7.8259,Recife,,-15.8,,-7.8,-14.9,-3.1,-0.2,-0.08,-0.27,-0.04,2.8,3.8,-7.8,,
2612802,PE,2603,Santa Terezinha,-37.4373,-7.4329,Serra Talhada,,-15.3,,-7.8,-11.5,-0.6,-0.13,-0.11,-0.23,-0.06,1.2,1.4,7.7,,
2612901,PE,2601,São Benedito Do Sul,-35.9089,-8.8087,Recife,,-15.8,,-7.8,-6.1,-12.6,-0.08,-0.26,-0.14,-0.24,3.5,0.1,13.1,,
2613008,PE,2602,São Bento Do Una,-36.4493,-8.536,Caruaru,,-7,,-7.8,-9,-4.8,-0.08,-0.2,-0.2,-0.1,1.4,-0.2,14.6,,-11.2
2613107,PE,2602,São Caitano,-36.1483,-8.3285,Caruaru,,-7,,-7.8,-10.4,-7.4,-0.07,-0.21,-0.2,-0.14,5.3,-0.8,18.2,,24.4
2613206,PE,2602,São João,-36.3756,-8.8783,Caruaru,,-7,,-7.8,-6.6,-11.9,-0.04,-0.26,-0.16,-0.2,4.9,0.1,10,,
2613305,PE,2602,São Joaquim Do Monte,-35.8416,-8.4542,Caruaru,,-7,,-7.8,-5.9,-4.7,-0.08,-0.14,-0.12,-0.12,3.7,-1.7,9.4,,
2613404,PE,2601,São José Da Coroa Grande,-35.1832,-8.8656,Recife,,-15.8,,-7.8,-5.3,-7.2,-0.14,-0.18,-0.14,-0.16,2.5,0.2,13.2,,
2613503,PE,2603,São José Do Belmonte,-38.745,-7.8644,Serra Talhada,,-15.3,,-7.8,-13.9,3.6,-0.3,0.11,-0.48,0.16,5.8,1.6,12.5,,-30.2
2613602,PE,2603,São José Do Egito,-37.2722,-7.5283,Serra Talhada,,-15.3,,-7.8,-8.2,1.4,-0.08,-0.08,-0.13,-0.04,-3,1.8,3.2,,
2613701,PE,2601,São Lourenço Da Mata,-35.1057,-8.0219,Recife,,-15.8,,-7.8,4.1,-10,0,-0.16,0.02,-0.22,0.6,0.2,2.9,,
2613800,PE,2601,São Vicente Ferrer,-35.4884,-7.6066,Recife,,-15.8,,-7.8,-1.4,-11.5,-0.02,-0.18,-0.05,-0.21,1.8,0.1,1.2,,
2613909,PE,2603,Serra Talhada,-38.3702,-8.036,Serra Talhada,,-15.3,,-7.8,-5.9,-1.2,-0.09,-0.14,-0.23,-0.04,1.9,2.7,11.4,,-25.2
2614006,PE,2604,Serrita,-39.3823,-7.8511,Petrolina,,-15.5,,-7.8,-9.8,-1.6,-0.2,-0.05,-0.43,0.05,5.4,4,8.1,,-43.4
2614105,PE,2602,Sertânia,-37.3369,-8.2109,Caruaru,,-7,,-7.8,-8.4,-5.9,0,-0.25,-0.18,-0.17,1.6,2,26.3,,15.3
2614204,PE,2601,Sirinhaém,-35.1706,-8.572,Recife,,-15.8,,-7.8,-4.3,-7,-0.12,-0.17,-0.11,-0.16,2.2,0.3,15.2,,
2614303,PE,2604,Moreilândia,-39.5216,-7.6174,Petrolina,,-15.5,,-7.8,-11.2,4.9,-0.22,0.11,-0.54,0.25,4.3,4.4,2.2,,5.9
2614402,PE,2603,Solidão,-37.6477,-7.5847,Serra Talhada,,-15.3,,-7.8,-13,0,-0.16,-0.08,-0.29,-0.04,5.1,1,2,,
2614501,PE,2601,Surubim,-35.7574,-7.8918,Recife,,-15.8,,-7.8,-9.1,-3.8,-0.16,-0.09,-0.19,-0.08,1.5,4.6,-3,,
2614600,PE,2603,Tabira,-37.5128,-7.577,Serra Talhada,,-15.3,,-7.8,-14.7,1,-0.19,-0.06,-0.31,-0.03,5.2,1.5,14.8,,
2614709,PE,2602,Tacaimbó,-36.2722,-8.3452,Caruaru,,-7,,-7.8,-9.1,-7.6,-0.08,-0.2,-0.2,-0.13,2.1,0.1,4.6,,-22.4
2614808,PE,2603,Tacaratu,-38.0738,-8.958,Serra Talhada,,-15.3,,-7.8,-4,-15,0.04,-0.36,-0.11,-0.28,-0.4,3.1,10.8,,
2614857,PE,2601,Tamandaré,-35.2352,-8.7471,Recife,,-15.8,,-7.8,-6.8,-7.7,-0.16,-0.18,-0.16,-0.18,2.5,0.1,11.3,,
2615003,PE,2602,Taquaritinga Do Norte,-36.1305,-7.8698,Caruaru,,-7,,-7.8,-11.6,-7.1,-0.09,-0.17,-0.17,-0.14,-3.3,0.9,-20.8,,14.8
2615102,PE,2602,Terezinha,-36.6313,-9.0795,Caruaru,,-7,,-7.8,-9.3,-11.7,-0.06,-0.27,-0.2,-0.19,2.7,0.1,3.7,,
2615201,PE,2604,Terra Nova,-39.3963,-8.1505,Petrolina,,-15.5,,-7.8,-7.5,-3.3,-0.11,-0.15,-0.35,-0.01,4.7,7.2,1.5,,
2615300,PE,2601,Timbaúba,-35.3403,-7.5344,Recife,,-15.8,,-7.8,-0.7,-8.3,-0.05,-0.12,-0.05,-0.17,1.3,0.1,-0.3,,
2615409,PE,2602,Toritama,-36.0563,-8.0002,Caruaru,,-7,,-7.8,-13.8,-8.1,-0.12,-0.15,-0.23,-0.12,-1.2,0.7,-12,,
2615508,PE,2601,Tracunhaém,-35.1614,-7.7692,Recife,,-15.8,,-7.8,-6.2,-2.9,-0.17,-0.05,-0.14,-0.09,2.4,-0.1,0.6,,
2615607,PE,2604,Trindade,-40.3039,-7.7476,Petrolina,,-15.5,,-7.8,-14.3,-0.4,-0.36,-0.02,-0.53,0.12,-1,5.5,4.9,,-18.7
2615706,PE,2603,Triunfo,-38.0671,-7.849,Serra Talhada,,-15.3,,-7.8,-9.6,-3.1,-0.11,-0.17,-0.22,-0.13,3.9,1.3,7.4,,-8.3
2615805,PE,2602,Tupanatinga,-37.2796,-8.685,Caruaru,,-7,,-7.8,-3.4,-11.2,0.04,-0.31,-0.12,-0.25,1.4,-0.1,21.8,,
2615904,PE,2603,Tuparetama,-37.2599,-7.6934,Serra Talhada,,-15.3,,-7.8,-8.6,-0.8,-0.06,-0.13,-0.11,-0.08,3.1,2.2,2.1,,
2616001,PE,2602,Venturosa,-36.8049,-8.6217,Caruaru,,-7,,-7.8,-6.6,-8.2,0.01,-0.26,-0.17,-0.17,3.3,0.3,-2.7,,
2616100,PE,2604,Verdejante,-38.9887,-7.9762,Petrolina,,-15.5,,-7.8,-10,3,-0.19,0.06,-0.42,0.13,7.1,1.7,8.1,,
2616183,PE,2601,Vertente Do Lério,-35.8177,-7.7785,Recife,,-15.8,,-7.8,-10.9,-4.6,-0.13,-0.08,-0.18,-0.07,9.6,1.5,-18.4,,
2616209,PE,2601,Vertentes,-35.981,-7.8907,Recife,,-15.8,,-7.8,-10.5,-7.1,-0.1,-0.13,-0.18,-0.1,0.8,3.2,-10.7,,
2616308,PE,2601,Vicência,-35.3574,-7.66,Recife,,-15.8,,-7.8,-2.5,-7.7,-0.04,-0.13,-0.06,-0.18,-0.1,0.1,-1.8,,
2616407,PE,2601,Vitória De Santo Antão,-35.2924,-8.1543,Recife,,-15.8,,-7.8,-3.9,-5.7,-0.1,-0.15,-0.11,-0.15,1.4,0,-15.6,,
2616506,PE,2601,Xexéu,-35.653,-8.8363,Recife,,-15.8,,-7.8,-4.4,-11.1,-0.11,-0.27,-0.13,-0.26,1.9,0.1,5.2,,
2700102,AL,2702,Água Branca,-37.9029,-9.2723,Arapiraca,1.6,,-8.8,,-0.2,-19.4,0.09,-0.42,-0.03,-0.34,1.5,2.8,-2.8,,
2700201,AL,2701,Anadia,-36.3124,-9.6615,Maceió,-7,,-8.8,,-13.9,-11.5,-0.15,-0.23,-0.26,-0.18,0.6,4.4,3.5,,
2700300,AL,2702,Arapiraca,-36.6403,-9.7493,Arapiraca,1.6,,-8.8,,-9.4,-18,-0.03,-0.29,-0.17,-0.25,-0.8,4.7,-11,,
2700409,AL,2701,Atalaia,-36.0745,-9.5071,Maceió,-7,,-8.8,,-11.3,-8.2,-0.22,-0.15,-0.24,-0.16,3.9,1.2,11.9,,
2700508,AL,2701,Barra De Santo Antônio,-35.56,-9.3787,Maceió,-7,,-8.8,,-2.9,-10.1,-0.14,-0.19,-0.11,-0.21,1.4,0.4,3.8,,
2700607,AL,2701,Barra De São Miguel,-35.9471,-9.8145,Maceió,-7,,-8.8,,-9,-8.8,-0.16,-0.17,-0.21,-0.18,3.6,0.3,-3.8,,
2700706,AL,2702,Batalha,-37.0983,-9.708,Arapiraca,1.6,,-8.8,,-1.7,-23.2,0.1,-0.38,-0.06,-0.32,1.5,0.8,23.2,,
2700805,AL,2702,Belém,-36.4904,-9.5482,Arapiraca,1.6,,-8.8,,-12,-8.2,-0.14,-0.18,-0.23,-0.12,0.7,3.3,8.4,,
2700904,AL,2702,Belo Monte,-37.1883,-9.8183,Arapiraca,1.6,,-8.8,,-5.7,-23.6,0.04,-0.37,-0.12,-0.33,0.6,-0.5,2.3,,
2701001,AL,2701,Boca Da Mata,-36.1822,-9.664,Maceió,-7,,-8.8,,-13.6,-6.4,-0.21,-0.14,-0.28,-0.11,3.9,2.2,8.3,,
2701100,AL,2701,Branquinha,-36.0378,-9.2245,Maceió,-7,,-8.8,,-10.7,-14,-0.16,-0.25,-0.21,-0.24,3.6,1,14.2,,
2701209,AL,2702,Cacimbinhas,-36.9202,-9.4454,Arapiraca,1.6,,-8.8,,-6.3,-18.2,0.03,-0.34,-0.15,-0.26,1.1,5.6,-19.7,,
2701308,AL,2701,Cajueiro,-36.157,-9.3849,Maceió,-7,,-8.8,,-12,-10.6,-0.2,-0.19,-0.25,-0.18,4.2,2.4,16.1,,
2701357,AL,2701,Campestre,-35.541,-8.8923,Maceió,-7,,-8.8,,-5.7,-9.5,-0.13,-0.23,-0.15,-0.23,2.8,0,10.4,,
2701407,AL,2701,Campo Alegre,-36.2864,-9.8071,Maceió,-7,,-8.8,,-14.4,-7.5,-0.18,-0.15,-0.3,-0.13,3.3,3.4,-14.4,-1.1,
2701506,AL,2702,Campo Grande,-36.7428,-9.9679,Arapiraca,1.6,,-8.8,,-13.5,-17.3,-0.07,-0.28,-0.21,-0.24,2.6,5.3,3.5,,
2701605,AL,2702,Canapi,-37.5347,-9.1318,Arapiraca,1.6,,-8.8,,-1.3,-16.9,0.06,-0.35,-0.09,-0.29,-1.1,3.4,-26.7,,
2701704,AL,2701,Capela,-36.0976,-9.3417,Maceió,-7,,-8.8,,-12.1,-9.5,-0.22,-0.17,-0.25,-0.17,1.8,1.2,16.6,,
2701803,AL,2702,Carneiros,-37.368,-9.4671,Arapiraca,1.6,,-8.8,,-1.5,-20.5,0.07,-0.35,-0.07,-0.31,1,3.8,-4.9,,
2701902,AL,2701,Chã Preta,-36.2755,-9.2404,Maceió,-7,,-8.8,,-10.4,-15.6,-0.14,-0.27,-0.23,-0.24,4.9,1.2,11.5,,
2702009,AL,2702,Coité Do Nóia,-36.5825,-9.632,Arapiraca,1.6,,-8.8,,-12.6,-11.6,-0.1,-0.22,-0.24,-0.16,-0.8,5.3,-6.1,,
2702108,AL,2701,Colônia Leopoldina,-35.7578,-8.9398,Maceió,-7,,-8.8,,-6.4,-11.2,-0.13,-0.22,-0.15,-0.24,3.2,0.2,8.8,,
2702207,AL,2701,Coqueiro Seco,-35.8116,-9.6409,Maceió,-7,,-8.8,,-8.5,-10.3,-0.19,-0.16,-0.21,-0.21,3.1,0.2,-1.6,,
2702306,AL,2701,Coruripe,-36.2326,-10.0852,Maceió,-7,,-8.8,,-14.9,-6.8,-0.19,-0.17,-0.33,-0.12,4.4,0.5,-10.7,,
2702355,AL,2702,Craíbas,-36.7888,-9.6289,Arapiraca,1.6,,-8.8,,-7.3,-18.6,0,-0.31,-0.14,-0.25,-3.5,5.1,-2.1,,
2702405,AL,2702,Delmiro Gouveia,-38.0504,-9.3985,Arapiraca,1.6,,-8.8,,-3.4,-17.7,0.04,-0.39,-0.08,-0.31,1.6,4.6,16.6,,
2702504,AL,2702,Dois Riachos,-37.069,-9.3804,Arapiraca,1.6,,-8.8,,-7.8,-17.8,0,-0.31,-0.16,-0.25,3.8,5.9,-6.1,,
2702553,AL,2702,Estrela De Alagoas,-36.7694,-9.3912,Arapiraca,1.6,,-8.8,,-6.8,-15.2,0.02,-0.29,-0.16,-0.2,-0.4,3.6,3.7,,
2702603,AL,2702,Feira Grande,-36.6632,-9.8914,Arapiraca,1.6,,-8.8,,-13.7,-17.9,-0.07,-0.3,-0.22,-0.25,1.1,6,-11.9,,
2702702,AL,2701,Feliz Deserto,-36.337,-10.2908,Maceió,-7,,-8.8,,-11.3,-11.4,-0.11,-0.26,-0.24,-0.21,4,1.2,-10.6,,
2702801,AL,2701,Flexeiras,-35.7627,-9.245,Maceió,-7,,-8.8,,-7.5,-10.6,-0.18,-0.22,-0.17,-0.23,2.2,0.5,6.9,,
2702900,AL,2702,Girau Do Ponciano,-36.8489,-9.7901,Arapiraca,1.6,,-8.8,,-10.3,-18.4,0,-0.32,-0.16,-0.26,4.1,4.3,-9.6,,
2703007,AL,2701,Ibateguara,-35.8962,-8.9551,Maceió,-7,,-8.8,,-6.8,-12.2,-0.1,-0.27,-0.14,-0.25,3.3,0,11,,
2703106,AL,2702,Igaci,-36.6815,-9.5442,Arapiraca,1.6,,-8.8,,-8.5,-14.2,-0.04,-0.25,-0.17,-0.19,-1.5,4.5,-8.5,,
2703205,AL,2701,Igreja Nova,-36.6202,-10.1402,Maceió,-7,,-8.8,,-12.5,-11.5,-0.1,-0.22,-0.23,-0.2,4.4,4.6,-13.4,,
2703304,AL,2702,Inhapi,-37.6987,-9.2702,Arapiraca,1.6,,-8.8,,0.3,-15.8,0.1,-0.36,-0.04,-0.28,0.4,2.5,7.9,,
2703403,AL,2702,Jacaré Dos Homens,-37.2292,-9.6551,Arapiraca,1.6,,-8.8,,-5.1,-21.7,0.03,-0.39,-0.12,-0.31,4.6,1.6,2.5,,
2703502,AL,2701,Jacuípe,-35.4488,-8.8842,Maceió,-7,,-8.8,,-8,-4.2,-0.19,-0.12,-0.19,-0.11,3,0,7,,
2703601,AL,2701,Japaratinga,-35.296,-9.0855,Maceió,-7,,-8.8,,-5.8,-6.1,-0.16,-0.14,-0.17,-0.13,2.1,0.1,0.3,,
2703700,AL,2702,Jaramataia,-36.9947,-9.6542,Arapiraca,1.6,,-8.8,,-7.6,-18.5,0.03,-0.33,-0.14,-0.26,3.9,4.4,-6.6,,
2703759,AL,2701,Jequiá Da Praia,-36.1038,-9.9202,Maceió,-7,,-8.8,,-11.5,-5.4,-0.2,-0.17,-0.27,-0.13,2.5,1,-3.2,,
2703809,AL,2701,Joaquim Gomes,-35.7782,-9.0787,Maceió,-7,,-8.8,,-5.3,-12.9,-0.12,-0.25,-0.12,-0.28,2.1,0.4,6,,
2703908,AL,2701,Jundiá,-35.5325,-8.9641,Maceió,-7,,-8.8,,-5.5,-8.8,-0.14,-0.22,-0.14,-0.21,2.9,0.1,9.5,,
2704005,AL,2702,Junqueiro,-36.4409,-9.8555,Arapiraca,1.6,,-8.8,,-14.9,-13.5,-0.13,-0.28,-0.28,-0.21,2.4,5.5,-1.2,,
2704104,AL,2702,Lagoa Da Canoa,-36.7363,-9.7994,Arapiraca,1.6,,-8.8,,-14.4,-16.5,-0.05,-0.27,-0.21,-0.22,3.3,5.2,-11.4,,
2704203,AL,2702,Limoeiro De Anadia,-36.4678,-9.7359,Arapiraca,1.6,,-8.8,,-13.6,-12.1,-0.12,-0.23,-0.25,-0.18,1.2,5.6,-8,,
2704302,AL,2701,Maceió,-35.7109,-9.5239,Maceió,-7,,-8.8,,-5.5,-9.6,-0.16,-0.13,-0.15,-0.19,1.4,0.3,-0.5,,
2704401,AL,2702,Major Isidoro,-37.0113,-9.5411,Arapiraca,1.6,,-8.8,,-2.9,-22.6,0.06,-0.37,-0.09,-0.31,3.3,4.9,-2.4,,
2704500,AL,2701,Maragogi,-35.2686,-8.9528,Maceió,-7,,-8.8,,-4.2,-6.7,-0.12,-0.16,-0.13,-0.14,2.2,0,10.5,,
2704609,AL,2702,Maravilha,-37.4026,-9.2469,Arapiraca,1.6,,-8.8,,-4.5,-17.2,-0.01,-0.31,-0.13,-0.26,3.1,3.8,-13.3,,
2704708,AL,2701,Marechal Deodoro,-35.9062,-9.7173,Maceió,-7,,-8.8,,-10.9,-8.6,-0.21,-0.14,-0.24,-0.17,3.6,0.4,-2.1,,
2704807,AL,2702,Maribondo,-36.2947,-9.557,Arapiraca,1.6,,-8.8,,-10,-10.5,-0.15,-0.21,-0.2,-0.18,3,2.4,3.1,,
2704906,AL,2701,Mar Vermelho,-36.4025,-9.4735,Maceió,-7,,-8.8,,-8.7,-11.6,-0.09,-0.21,-0.19,-0.16,0,2.6,7,,
2705002,AL,2702,Mata Grande,-37.7629,-9.0572,Arapiraca,1.6,,-8.8,,-0.5,-18.2,0.09,-0.38,-0.05,-0.3,2.8,3.5,-8.6,,
2705101,AL,2701,Matriz De Camaragibe,-35.5814,-9.1081,Maceió,-7,,-8.8,,-3.5,-12.7,-0.13,-0.24,-0.12,-0.26,1.4,0.4,0.1,,
2705200,AL,2701,Messias,-35.8115,-9.3443,Maceió,-7,,-8.8,,-8.6,-9.1,-0.2,-0.14,-0.19,-0.18,2,0.2,13.6,,
2705309,AL,2702,Minador Do Negrão,-36.8617,-9.3374,Arapiraca,1.6,,-8.8,,-5,-17.8,0.03,-0.33,-0.14,-0.23,1,4.7,-6.6,,
2705408,AL,2702,Monteirópolis,-37.2976,-9.6015,Arapiraca,1.6,,-8.8,,-5.1,-21.7,0.03,-0.39,-0.12,-0.31,4.6,1.6,2.5,,
2705507,AL,2701,Murici,-35.9262,-9.2915,Maceió,-7,,-8.8,,-10,-11.9,-0.22,-0.2,-0.22,-0.22,1.5,0.2,12.7,,
2705606,AL,2701,Novo Lino,-35.6282,-8.9657,Maceió,-7,,-8.8,,-5.1,-10.7,-0.12,-0.26,-0.13,-0.25,1.2,0.3,12,,
2705705,AL,2702,Olho D'água Das Flores,-37.2556,-9.5341,Arapiraca,1.6,,-8.8,,-1.6,-21.6,0.07,-0.36,-0.06,-0.31,3.7,3.8,14.8,,
2705804,AL,2702,Olho D'água Do Casado,-37.8168,-9.4379,Arapiraca,1.6,,-8.8,,-1.3,-16.9,0.1,-0.4,-0.04,-0.3,1.9,2.6,8.3,,
2705903,AL,2702,Olho D'água Grande,-36.7935,-10.0564,Arapiraca,1.6,,-8.8,,-11.2,-15.6,-0.06,-0.28,-0.2,-0.25,2.6,5,8.9,,
2706000,AL,2702,Olivença,-37.173,-9.4907,Arapiraca,1.6,,-8.8,,-4.2,-19.9,0.05,-0.35,-0.1,-0.3,5,4.7,2.4,,
2706109,AL,2702,Ouro Branco,-37.3636,-9.1405,Arapiraca,1.6,,-8.8,,-5.2,-17.7,0.01,-0.35,-0.16,-0.29,1.4,5.2,-48,,
2706208,AL,2702,Palestina,-37.3086,-9.691,Arapiraca,1.6,,-8.8,,-3.4,-21.2,0.05,-0.39,-0.12,-0.3,5,2.1,5,,
2706307,AL,2702,Palmeira Dos Índios,-36.6073,-9.4184,Arapiraca,1.6,,-8.8,,-6.6,-13,-0.02,-0.25,-0.15,-0.17,-0.1,4.1,-16.9,,
2706406,AL,2702,Pão De Açúcar,-37.4891,-9.6714,Arapiraca,1.6,,-8.8,,-0.2,-24.2,0.09,-0.41,-0.06,-0.34,4.9,2.3,14.4,,
2706422,AL,2702,Pariconha,-38.0486,-9.24,Arapiraca,1.6,,-8.8,,-3.5,-18.7,0.04,-0.4,-0.08,-0.32,2.2,3.8,-6.8,,
2706448,AL,2701,Paripueira,-35.5937,-9.4356,Maceió,-7,,-8.8,,-4.6,-10.6,-0.13,-0.21,-0.13,-0.24,1.9,0.4,0.9,,
2706505,AL,2701,Passo De Camaragibe,-35.5014,-9.2528,Maceió,-7,,-8.8,,-1.9,-11.6,-0.12,-0.21,-0.1,-0.23,1.6,0.2,1,,
2706604,AL,2702,Paulo Jacinto,-36.4063,-9.377,Arapiraca,1.6,,-8.8,,-8,-13.1,-0.08,-0.25,-0.19,-0.18,1,2.8,14,,
2706703,AL,2701,Penedo,-36.4834,-10.2334,Maceió,-7,,-8.8,,-9.9,-11.7,-0.07,-0.27,-0.2,-0.22,4.3,1.3,-9.6,,
2706802,AL,2701,Piaçabuçu,-36.3983,-10.3867,Maceió,-7,,-8.8,,-10.3,-10.7,-0.07,-0.25,-0.2,-0.2,4.1,0.5,-26.7,,
2706901,AL,2701,Pilar,-36.003,-9.6139,Maceió,-7,,-8.8,,-11.7,-5.6,-0.2,-0.11,-0.25,-0.1,3.5,1.2,-1.2,,
2707008,AL,2701,Pindoba,-36.2876,-9.4741,Maceió,-7,,-8.8,,-10.1,-10,-0.17,-0.19,-0.21,-0.17,3.1,2.3,1,,
2707107,AL,2702,Piranhas,-37.7257,-9.528,Arapiraca,1.6,,-8.8,,-0.2,-14.6,0.13,-0.38,-0.04,-0.27,5.1,3.4,19.1,,
2707206,AL,2702,Poço Das Trincheiras,-37.3167,-9.2975,Arapiraca,1.6,,-8.8,,-4.5,-17.2,-0.01,-0.31,-0.13,-0.26,3.1,3.8,-13.3,,
2707305,AL,2701,Porto Calvo,-35.4262,-9.0287,Maceió,-7,,-8.8,,-4.4,-8.1,-0.14,-0.18,-0.14,-0.17,4.2,0.3,1,,
2707404,AL,2701,Porto De Pedras,-35.4081,-9.1435,Maceió,-7,,-8.8,,-3.4,-9.7,-0.13,-0.2,-0.12,-0.2,4,0.2,-1.4,,
2707503,AL,2701,Porto Real Do Colégio,-36.7356,-10.1224,Maceió,-7,,-8.8,,-11.5,-15,-0.07,-0.27,-0.2,-0.25,3.4,3,-2.6,,
2707602,AL,2702,Quebrangulo,-36.4612,-9.3033,Arapiraca,1.6,,-8.8,,-8,-13.1,-0.08,-0.25,-0.19,-0.18,1,2.8,14,,
2707701,AL,2701,Rio Largo,-35.8661,-9.4779,Maceió,-7,,-8.8,,-8.5,-10.4,-0.2,-0.16,-0.2,-0.22,2.4,0.1,2.5,,
2707800,AL,2701,Roteiro,-35.9799,-9.8698,Maceió,-7,,-8.8,,-9,-8.8,-0.16,-0.17,-0.21,-0.18,3.6,0.3,-3.8,,
2707909,AL,2701,Santa Luzia Do Norte,-35.8293,-9.611,Maceió,-7,,-8.8,,-8.5,-10.3,-0.19,-0.16,-0.21,-0.21,3.1,0.2,-1.6,,
2708006,AL,2702,Santana Do Ipanema,-37.2141,-9.358,Arapiraca,1.6,,-8.8,,-5.2,-17.8,-0.01,-0.32,-0.15,-0.26,3.5,5,-11.9,,
2708105,AL,2701,Santana Do Mundaú,-36.1902,-9.1257,Maceió,-7,,-8.8,,-10.1,-16.3,-0.14,-0.27,-0.22,-0.25,4.7,1.8,16.3,,
2708204,AL,2701,São Brás,-36.8626,-10.1079,Maceió,-7,,-8.8,,-13.2,-16.8,-0.08,-0.28,-0.21,-0.25,4.6,3,-6.2,,
2708303,AL,2701,São José Da Laje,-36.0392,-8.9889,Maceió,-7,,-8.8,,-9.2,-16.4,-0.09,-0.28,-0.18,-0.25,7.5,0.2,10.4,,
2708402,AL,2702,São José Da Tapera,-37.4875,-9.5338,Arapiraca,1.6,,-8.8,,-1.5,-21.7,0.08,-0.39,-0.07,-0.33,3.1,3.2,5.8,,
2708501,AL,2701,São Luís Do Quitunde,-35.6313,-9.2539,Maceió,-7,,-8.8,,-5,-9.1,-0.16,-0.2,-0.13,-0.2,0.8,0.3,-1.9,,
2708600,AL,2701,São Miguel Dos Campos,-36.0979,-9.7656,Maceió,-7,,-8.8,,-10.4,-6.7,-0.21,-0.12,-0.24,-0.13,4.7,0.7,-3.5,,
2708709,AL,2701,São Miguel Dos Milagres,-35.4095,-9.2329,Maceió,-7,,-8.8,,-1.9,-11.6,-0.12,-0.21,-0.1,-0.23,1.6,0.2,1,,
2708808,AL,2702,São Sebastião,-36.5512,-9.9642,Arapiraca,1.6,,-8.8,,-15.2,-15.4,-0.14,-0.28,-0.28,-0.24,2.7,6.2,-19.1,,
2708907,AL,2701,Satuba,-35.8475,-9.5773,Maceió,-7,,-8.8,,-8.7,-10,-0.2,-0.14,-0.2,-0.2,3.6,0,0.4,,
2708956,AL,2702,Senador Rui Palmeira,-37.5141,-9.3905,Arapiraca,1.6,,-8.8,,-0.7,-20.6,0.08,-0.4,-0.06,-0.34,1.4,2.7,2.9,,
2709004,AL,2702,Tanque D'arca,-36.4239,-9.5597,Arapiraca,1.6,,-8.8,,-12,-8.2,-0.14,-0.18,-0.23,-0.12,0.7,3.3,8.4,,
2709103,AL,2702,Taquarana,-36.4948,-9.6219,Arapiraca,1.6,,-8.8,,-15.9,-10.3,-0.14,-0.21,-0.27,-0.15,0.2,5,-2.4,,
2709152,AL,2702,Teotônio Vilela,-36.3762,-9.9637,Arapiraca,1.6,,-8.8,,-15,-10.7,-0.17,-0.21,-0.31,-0.17,3.8,4.8,-16.6,,
2709202,AL,2702,Traipu,-36.9676,-9.8989,Arapiraca,1.6,,-8.8,,-9.4,-20.5,0.01,-0.31,-0.14,-0.28,1.5,2.4,-10.2,,
2709301,AL,2701,União Dos Palmares,-36.0147,-9.1213,Maceió,-7,,-8.8,,-10.2,-16.7,-0.13,-0.28,-0.21,-0.27,3.5,1.6,11.3,,
2709400,AL,2701,Viçosa,-36.2701,-9.3627,Maceió,-7,,-8.8,,-9.9,-12.3,-0.15,-0.24,-0.22,-0.2,2.6,2.9,4.4,,
2800100,SE,2801,Amparo De São Francisco,-36.9196,-10.1645,Aracaju,,3,,-3.7,-11.7,-17.2,-0.04,-0.29,-0.17,-0.26,3.3,2.6,-11.5,,
2800209,SE,2801,Aquidabã,-37.0649,-10.2615,Aracaju,,3,,-3.7,-12.6,-14.2,-0.08,-0.26,-0.21,-0.22,3.2,1.7,7,,4.7
2800308,SE,2801,Aracaju,-37.0936,-10.9969,Aracaju,,3,,-3.7,-12.3,-10.2,-0.14,-0.24,-0.28,-0.17,3.5,-1.2,0,,
2800407,SE,2801,Arauá,-37.5919,-11.2625,Aracaju,,3,,-3.7,-11.2,-7.7,-0.09,-0.27,-0.23,-0.19,2.3,2.2,0.4,,17.4
2800506,SE,2802,Areia Branca,-37.3276,-10.7859,Itabaiana,,-4.5,,-3.7,-12.4,-10,-0.13,-0.18,-0.25,-0.15,6.1,-0.9,-3.4,,
2800605,SE,2801,Barra Dos Coqueiros,-36.9679,-10.8513,Aracaju,,3,,-3.7,-12.3,-10.8,-0.16,-0.22,-0.28,-0.16,2.6,-1.6,-2.1,,
2800670,SE,2801,Boquim,-37.5996,-11.1251,Aracaju,,3,,-3.7,-11.4,-9,-0.1,-0.27,-0.24,-0.2,2,2,-3.5,,-3.4
2800704,SE,2801,Brejo Grande,-36.4721,-10.4791,Aracaju,,3,,-3.7,-9.6,-11.9,-0.06,-0.26,-0.18,-0.22,4,0.3,-22.7,,
2801009,SE,2802,Campo Do Brito,-37.5004,-10.7683,Itabaiana,,-4.5,,-3.7,-7.5,-13.1,-0.06,-0.23,-0.17,-0.21,3.8,-1.3,2.5,,
2801108,SE,2801,Canhoba,-37.0039,-10.1528,Aracaju,,3,,-3.7,-11.6,-17.9,-0.03,-0.3,-0.17,-0.25,3.6,1.9,-15.4,,6
2801207,SE,2802,Canindé De São Francisco,-37.9144,-9.7134,Itabaiana,,-4.5,,-3.7,1.1,-18.6,0.12,-0.41,-0.03,-0.29,2.5,2.9,0.2,,
2801306,SE,2801,Capela,-37.0375,-10.4719,Aracaju,,3,,-3.7,-13.9,-13.1,-0.12,-0.25,-0.25,-0.21,5.3,-0.4,-1.4,,11.8
2801405,SE,2802,Carira,-37.7125,-10.366,Itabaiana,,-4.5,,-3.7,-4.9,-18.7,0.02,-0.37,-0.09,-0.31,3,-1.2,6.5,,-2.7
2801504,SE,2801,Carmópolis,-36.9658,-10.6628,Aracaju,,3,,-3.7,-14,-11.1,-0.16,-0.21,-0.28,-0.17,3.8,-1.3,-6.2,,0.7
2801603,SE,2801,Cedro De São João,-36.9003,-10.2688,Aracaju,,3,,-3.7,-13.3,-14.7,-0.07,-0.27,-0.21,-0.23,4.8,1.9,4.1,,
2801702,SE,2801,Cristinápolis,-37.7364,-11.479,Aracaju,,3,,-3.7,-13.2,-6.3,-0.12,-0.28,-0.25,-0.18,2.5,2.5,-2.6,,-1.7
2801900,SE,2801,Cumbe,-37.1951,-10.3497,Aracaju,,3,,-3.7,-15.4,-12.9,-0.12,-0.26,-0.26,-0.2,4.9,-0.4,-0.7,,-5.5
2802007,SE,2801,Divina Pastora,-37.1562,-10.6758,Aracaju,,3,,-3.7,-12.8,-10.3,-0.14,-0.19,-0.27,-0.15,4.7,-1.7,5.1,,-0.2
2802106,SE,2801,Estância,-37.3962,-11.2509,Aracaju,,3,,-3.7,-13.4,-6.5,-0.16,-0.22,-0.28,-0.17,4.2,0.2,4.2,,10.2
2802205,SE,2802,Feira Nova,-37.3311,-10.2814,Itabaiana,,-4.5,,-3.7,-12.3,-17.2,-0.08,-0.27,-0.2,-0.24,5.4,-1.1,1.8,,1.1
2802304,SE,2802,Frei Paulo,-37.5925,-10.5216,Itabaiana,,-4.5,,-3.7,-9.9,-13,-0.05,-0.23,-0.16,-0.18,2,-1.9,0.8,,-6.6
2802403,SE,2802,Gararu,-37.2056,-10.0284,Itabaiana,,-4.5,,-3.7,-10.1,-22.3,0.02,-0.34,-0.14,-0.3,7.8,-0.4,-6.8,,
2802502,SE,2801,General Maynard,-36.9616,-10.6949,Aracaju,,3,,-3.7,-14,-11.1,-0.16,-0.21,-0.28,-0.17,3.8,-1.3,-6.2,,-0.1
2802601,SE,2802,Gracho Cardoso,-37.2185,-10.2228,Itabaiana,,-4.5,,-3.7,-12.3,-15.6,-0.08,-0.27,-0.21,-0.22,6.2,-0.7,1.1,,1.8
2802700,SE,2801,Ilha Das Flores,-36.552,-10.4498,Aracaju,,3,,-3.7,-10,-10.6,-0.05,-0.25,-0.19,-0.2,5.9,0.4,-18.8,,
2802809,SE,2801,Indiaroba,-37.5312,-11.4752,Aracaju,,3,,-3.7,-11.8,-6.8,-0.15,-0.26,-0.23,-0.19,1,2.9,-5.5,,0.1
2802908,SE,2802,Itabaiana,-37.4243,-10.6845,Itabaiana,,-4.5,,-3.7,-9.2,-14.8,-0.07,-0.25,-0.17,-0.22,3.2,-1.3,-4.8,,
2803005,SE,2801,Itabaianinha,-37.7755,-11.2599,Aracaju,,3,,-3.7,-13.2,-5.9,-0.12,-0.26,-0.26,-0.17,1.7,3.1,6,,0.3
2803104,SE,2802,Itabi,-37.1438,-10.1054,Itabaiana,,-4.5,,-3.7,-12.4,-15.2,-0.04,-0.27,-0.2,-0.22,4,1.3,0.7,,
2803203,SE,2801,Itaporanga D'ajuda,-37.316,-11.0601,Aracaju,,3,,-3.7,-10.8,-10.3,-0.1,-0.26,-0.22,-0.22,2.2,-0.8,-0.1,,2.3
2803302,SE,2801,Japaratuba,-36.905,-10.5526,Aracaju,,3,,-3.7,-13.9,-12.8,-0.13,-0.25,-0.27,-0.19,5.6,-0.6,-17.1,,60.8
2803401,SE,2801,Japoatã,-36.7883,-10.4349,Aracaju,,3,,-3.7,-12.3,-12.2,-0.08,-0.22,-0.23,-0.2,3.4,0.7,-8.4,,0.1
2803500,SE,2802,Lagarto,-37.6669,-10.9029,Itabaiana,,-4.5,,-3.7,-12,-9.5,-0.09,-0.25,-0.24,-0.19,2.3,1.7,1.6,,-14.4
2803609,SE,2801,Laranjeiras,-37.187,-10.8038,Aracaju,,3,,-3.7,-11.6,-10.1,-0.12,-0.24,-0.26,-0.18,3.9,-1.8,3.6,,-19.2
2803708,SE,2802,Macambira,-37.5982,-10.6608,Itabaiana,,-4.5,,-3.7,-9.1,-12.5,-0.07,-0.23,-0.18,-0.18,3.2,-1.8,-0.4,,-6.3
2803807,SE,2801,Malhada Dos Bois,-36.9461,-10.3273,Aracaju,,3,,-3.7,-13.3,-13.6,-0.09,-0.27,-0.22,-0.22,4.6,0,3,,-1.5
2803906,SE,2802,Malhador,-37.2875,-10.6732,Itabaiana,,-4.5,,-3.7,-11.4,-10.7,-0.13,-0.19,-0.25,-0.15,5.2,-1.7,-0.7,,
2804003,SE,2801,Maruim,-37.1052,-10.7331,Aracaju,,3,,-3.7,-12.3,-9.2,-0.15,-0.19,-0.27,-0.14,3.7,-2.3,3.8,,
2804102,SE,2802,Moita Bonita,-37.3419,-10.5954,Itabaiana,,-4.5,,-3.7,-11.6,-12.2,-0.11,-0.21,-0.22,-0.19,4.8,-0.7,-1.6,,
2804201,SE,2802,Monte Alegre De Sergipe,-37.6224,-10.0638,Itabaiana,,-4.5,,-3.7,-5.5,-21.4,0.06,-0.42,-0.09,-0.34,3.7,-1.8,6.6,,
2804300,SE,2801,Muribeca,-36.96,-10.3846,Aracaju,,3,,-3.7,-13.3,-13.6,-0.09,-0.27,-0.22,-0.22,4.6,0,3,,3.1
2804409,SE,2801,Neópolis,-36.6616,-10.3472,Aracaju,,3,,-3.7,-9.3,-12,-0.04,-0.23,-0.16,-0.2,3.7,1.6,-4.6,,5.4
2804458,SE,2802,Nossa Senhora Aparecida,-37.5018,-10.3575,Itabaiana,,-4.5,,-3.7,-11.3,-16.2,-0.03,-0.32,-0.16,-0.25,4.6,-2.1,6.3,,-9.2
2804508,SE,2802,Nossa Senhora Da Glória,-37.5302,-10.1771,Itabaiana,,-4.5,,-3.7,-4.7,-22,0.08,-0.4,-0.06,-0.32,3.2,-2.6,-8.9,,
2804607,SE,2801,Nossa Senhora Das Dores,-37.2424,-10.4685,Aracaju,,3,,-3.7,-14.9,-12.6,-0.12,-0.24,-0.27,-0.19,5.2,-1,-3.7,,-2.5
2804706,SE,2801,Nossa Senhora De Lourdes,-37.0167,-10.0778,Aracaju,,3,,-3.7,-8.7,-19.1,0.01,-0.3,-0.15,-0.27,1.2,2.6,-10.1,,
2804805,SE,2801,Nossa Senhora Do Socorro,-37.1451,-10.8639,Aracaju,,3,,-3.7,-11.6,-10.1,-0.12,-0.24,-0.26,-0.18,3.9,-1.8,3.6,,0.5
2804904,SE,2801,Pacatuba,-36.6473,-10.5177,Aracaju,,3,,-3.7,-11.2,-12.4,-0.08,-0.25,-0.21,-0.21,4.5,0,-11,,1.7
2805000,SE,2802,Pedra Mole,-37.681,-10.6222,Itabaiana,,-4.5,,-3.7,-7.2,-14.6,-0.04,-0.26,-0.16,-0.22,1.5,-1.7,1.6,,-8
2805109,SE,2801,Pedrinhas,-37.66,-11.2054,Aracaju,,3,,-3.7,-12.6,-7.6,-0.1,-0.27,-0.26,-0.2,1.8,2.8,0.3,,-0.6
2805208,SE,2802,Pinhão,-37.7576,-10.564,Itabaiana,,-4.5,,-3.7,-7.2,-15.5,0,-0.3,-0.15,-0.24,4,-1.9,2.2,,-12.2
2805307,SE,2801,Pirambu,-36.8047,-10.6536,Aracaju,,3,,-3.7,-13.2,-10.7,-0.14,-0.23,-0.27,-0.18,4.4,-0.7,-12.9,,
2805406,SE,2802,Poço Redondo,-37.7115,-9.8509,Itabaiana,,-4.5,,-3.7,3.5,-24,0.16,-0.46,0.01,-0.37,2.3,0.2,22.8,,
2805505,SE,2802,Poço Verde,-38.1269,-10.8014,Itabaiana,,-4.5,,-3.7,-6.8,-11.2,0.03,-0.35,-0.16,-0.22,4.3,2.4,7.1,,-1
2805604,SE,2802,Porto Da Folha,-37.4211,-9.9134,Itabaiana,,-4.5,,-3.7,-3.2,-22.5,0.08,-0.41,-0.07,-0.33,7.3,-2.7,12.3,,
2805703,SE,2801,Propriá,-36.8032,-10.2466,Aracaju,,3,,-3.7,-13.3,-14.7,-0.07,-0.27,-0.21,-0.23,4.8,1.9,4.1,,-2.5
2805802,SE,2802,Riachão Do Dantas,-37.7993,-11.0376,Itabaiana,,-4.5,,-3.7,-11.8,-7.9,-0.09,-0.27,-0.23,-0.18,3.1,2.1,-5.2,,-0.6
2805901,SE,2801,Riachuelo,-37.2263,-10.7302,Aracaju,,3,,-3.7,-12.6,-8,-0.14,-0.15,-0.27,-0.11,5.3,-1.8,4.2,,
2806008,SE,2802,Ribeirópolis,-37.4305,-10.5034,Itabaiana,,-4.5,,-3.7,-9.6,-12.2,-0.07,-0.22,-0.17,-0.17,3.2,-1,-1.8,,-7.9
2806107,SE,2801,Rosário Do Catete,-37.0369,-10.6822,Aracaju,,3,,-3.7,-13,-10.6,-0.16,-0.2,-0.28,-0.16,3.3,-1.7,3,,0.6
2806206,SE,2802,Salgado,-37.4798,-11.0629,Itabaiana,,-4.5,,-3.7,-11.4,-9.5,-0.11,-0.26,-0.24,-0.2,4,-0.3,1.7,,1.2
2806305,SE,2801,Santa Luzia Do Itanhy,-37.505,-11.3621,Aracaju,,3,,-3.7,-12.3,-7,-0.13,-0.28,-0.26,-0.18,2,2.5,-5.3,,-0.5
2806404,SE,2801,Santana Do São Francisco,-36.6394,-10.2881,Aracaju,,3,,-3.7,-11.2,-12.1,-0.08,-0.22,-0.2,-0.2,3.8,2,-19.4,,-0.5
2806503,SE,2801,Santa Rosa De Lima,-37.2362,-10.6347,Aracaju,,3,,-3.7,-11.4,-10.7,-0.13,-0.19,-0.25,-0.15,5.2,-1.7,-0.7,,-5.3
2806602,SE,2801,Santo Amaro Das Brotas,-36.9816,-10.7736,Aracaju,,3,,-3.7,-11.4,-11.5,-0.15,-0.23,-0.26,-0.17,3.1,-1.5,-2.2,,146.9
2806701,SE,2801,São Cristóvão,-37.2213,-10.9611,Aracaju,,3,,-3.7,-11.6,-9.5,-0.14,-0.23,-0.25,-0.19,2.6,-1.2,2.5,,-5.2
2806800,SE,2802,São Domingos,-37.5735,-10.7858,Itabaiana,,-4.5,,-3.7,-7.5,-13.1,-0.06,-0.23,-0.17,-0.21,3.8,-1.3,2.5,,7.8
2806909,SE,2801,São Francisco,-36.8669,-10.3345,Aracaju,,3,,-3.7,-12.9,-11.4,-0.08,-0.24,-0.22,-0.19,5.2,1,-9.6,,91
2807006,SE,2802,São Miguel Do Aleixo,-37.3641,-10.3971,Itabaiana,,-4.5,,-3.7,-13.6,-14.7,-0.1,-0.24,-0.22,-0.21,6.1,-1.8,0.5,,
2807105,SE,2802,Simão Dias,-37.8289,-10.7553,Itabaiana,,-4.5,,-3.7,-8.4,-12.4,-0.01,-0.3,-0.17,-0.22,3.5,-0.4,6.8,,6.6
2807204,SE,2801,Siriri,-37.1274,-10.5719,Aracaju,,3,,-3.7,-14,-11.6,-0.17,-0.21,-0.28,-0.18,3.5,-0.8,-0.3,,1
2807303,SE,2801,Telha,-36.8884,-10.1939,Aracaju,,3,,-3.7,-13.2,-16.8,-0.08,-0.28,-0.21,-0.25,4.6,3,-6.2,,
2807402,SE,2802,Tobias Barreto,-38.0026,-11.0434,Itabaiana,,-4.5,,-3.7,-13.5,-7.1,-0.02,-0.34,-0.25,-0.16,3.3,3.4,14.5,,-1.8
2807501,SE,2801,Tomar Do Geru,-37.8779,-11.3637,Aracaju,,3,,-3.7,-12.2,-8.8,-0.07,-0.34,-0.22,-0.22,2.7,2.9,5.8,,0.7
2807600,SE,2801,Umbaúba,-37.6646,-11.3986,Aracaju,,3,,-3.7,-12.9,-7.7,-0.11,-0.28,-0.27,-0.2,0.8,2.7,-4.6,,4.1
2900108,BA,2904,Abaíra,-41.7366,-13.2967,Vitória da Conquista,,-12.2,1.7,-1.5,-2.3,-8,0.15,-0.53,-0.1,-0.2,-1.4,0.1,-4.1,,11.7
2900207,BA,2909,Abaré,-39.3075,-8.8172,Paulo Afonso,,44.7,1.7,-1.5,-11.7,-4.6,-0.08,-0.24,-0.24,-0.11,3.2,7.7,-4.5,,-9.1
2900306,BA,2901,Acajutiba,-37.9979,-11.668,Salvador,,1.6,1.7,-1.5,-10.3,-13.5,-0.02,-0.34,-0.16,-0.25,2.5,5.1,3.5,,
2900355,BA,2909,Adustina,-38.0377,-10.5618,Paulo Afonso,,44.7,1.7,-1.5,-4.2,-15.9,0.06,-0.38,-0.12,-0.26,3.7,1.1,3.7,,
2900405,BA,2910,Água Fria,-38.7245,-11.8309,Feira de Santana,,59.9,1.7,-1.5,-9.5,-5.1,0.07,-0.38,-0.2,-0.13,2.5,7.1,5.8,,
2900504,BA,2904,Érico Cardoso,-42.0643,-13.4103,Vitória da Conquista,,-12.2,1.7,-1.5,0.1,-6.4,0.23,-0.51,-0.04,-0.21,-0.9,0.1,3.9,,83.4
2900603,BA,2904,Aiquara,-39.8774,-14.0891,Vitória da Conquista,,-12.2,1.7,-1.5,-6.3,-3.6,-0.11,-0.26,-0.31,-0.02,1.5,8.6,6,,13.8
2900702,BA,2901,Alagoinhas,-38.407,-12.1152,Salvador,,1.6,1.7,-1.5,-11.7,-9.1,0,-0.39,-0.22,-0.2,1.5,8.1,-0.1,,
2900801,BA,2903,Alcobaça,-39.4089,-17.4703,Ilhéus / Itabuna,,54.1,1.7,-1.5,-11.2,3.4,-0.18,-0.19,-0.37,0.08,2.9,3.8,5.5,,-8.6
2900900,BA,2903,Almadina,-39.661,-14.7057,Ilhéus / Itabuna,,54.1,1.7,-1.5,-13.2,5,-0.29,-0.12,-0.53,0.2,2.1,0,5,,3.5
2901007,BA,2902,Amargosa,-39.6366,-13.0321,Santo Antônio de Jesus,,2.3,1.7,-1.5,-7.3,-3.8,-0.07,-0.32,-0.24,-0.09,2.1,0.7,2.8,,-1.4
2901106,BA,2910,Amélia Rodrigues,-38.7167,-12.4201,Feira de Santana,,59.9,1.7,-1.5,-11.5,-5.4,0,-0.3,-0.21,-0.13,1.4,5.5,5.1,,
2901155,BA,2907,América Dourada,-41.5253,-11.4098,Irecê,9.2,-1.4,1.7,-1.5,-3.4,-5,0.27,-0.49,0,-0.21,-0.8,0.7,10.6,,-14.7
2901205,BA,2904,Anagé,-40.9226,-14.5866,Vitória da Conquista,,-12.2,1.7,-1.5,-5.6,-5.8,-0.02,-0.35,-0.25,-0.13,-0.6,1.2,5.8,,-13
2901304,BA,2910,Andaraí,-41.2026,-12.7615,Feira de Santana,,59.9,1.7,-1.5,-1.5,-8.7,0.19,-0.47,-0.03,-0.23,1.8,3.6,0.9,,
2901353,BA,2908,Andorinha,-39.8902,-10.2899,Juazeiro,,13.3,1.7,-1.5,8.5,-15.1,0.26,-0.43,0.06,-0.3,2.2,3.7,9.5,,37
2901403,BA,2906,Angical,-44.6489,-11.9977,Barreiras,-2.6,-3.1,1.7,-1.5,-6.9,1.8,-0.05,-0.18,-0.4,0.04,-0.5,8.6,5,,17.4
2901502,BA,2910,Anguera,-39.1989,-12.1827,Feira de Santana,,59.9,1.7,-1.5,-12.6,-5,0.07,-0.35,-0.26,-0.11,1,7.5,10.8,,
2901601,BA,2909,Antas,-38.2953,-10.4075,Paulo Afonso,,44.7,1.7,-1.5,-3.8,-14.8,0.06,-0.4,-0.18,-0.23,4,5.4,25.2,,
2901700,BA,2910,Antônio Cardoso,-39.1449,-12.382,Feira de Santana,,59.9,1.7,-1.5,-13.4,-4.9,0.04,-0.32,-0.28,-0.11,1,7.1,9.1,,
2901809,BA,2908,Antônio Gonçalves,-40.3661,-10.599,Juazeiro,,13.3,1.7,-1.5,6.6,-14.2,0.25,-0.49,0.1,-0.34,2.4,3.1,1.8,,5.1
2901908,BA,2901,Aporá,-38.1996,-11.7253,Salvador,,1.6,1.7,-1.5,-12.8,-11.5,-0.02,-0.34,-0.2,-0.22,3.7,5,0.7,,
2901957,BA,2904,Apuarema,-39.7484,-13.8214,Vitória da Conquista,,-12.2,1.7,-1.5,-11,-0.2,-0.33,-0.13,-0.44,0.03,2.4,2.9,1.4,,
2902005,BA,2904,Aracatu,-41.3738,-14.3717,Vitória da Conquista,,-12.2,1.7,-1.5,-3.9,-5.9,0.07,-0.42,-0.18,-0.17,2.2,1.3,5.2,,-6.6
2902054,BA,2901,Araças,-38.2132,-12.1795,Salvador,,1.6,1.7,-1.5,-13.6,-9.5,-0.05,-0.38,-0.25,-0.2,1.5,7.9,-4.6,,
2902104,BA,2910,Araci,-39.0745,-11.2154,Feira de Santana,,59.9,1.7,-1.5,-11.7,-9.2,0.04,-0.39,-0.19,-0.19,4.3,6.1,7.4,,
2902203,BA,2901,Aramari,-38.5246,-12.0447,Salvador,,1.6,1.7,-1.5,-11.8,-7,-0.01,-0.34,-0.25,-0.16,2.2,6.1,10.9,,
2902252,BA,2903,Arataca,-39.4242,-15.2463,Ilhéus / Itabuna,,54.1,1.7,-1.5,-8.8,1.4,-0.22,-0.18,-0.39,0.07,-0.3,0,15.1,,
2902302,BA,2902,Aratuípe,-39.0718,-13.0838,Santo Antônio de Jesus,,2.3,1.7,-1.5,-8.9,-2.7,-0.12,-0.23,-0.32,-0.07,2.7,2,2.3,,-2.5
2902401,BA,2903,Aurelino Leal,-39.4789,-14.3632,Ilhéus / Itabuna,,54.1,1.7,-1.5,-10.2,2.9,-0.3,-0.11,-0.44,0.14,1.9,4.2,2.3,,
2902500,BA,2906,Baianópolis,-44.4421,-12.6508,Barreiras,-2.6,-3.1,1.7,-1.5,-7.7,4,0.07,-0.27,-0.44,0.16,-2,4.1,1.1,-1.2,1.5
2902609,BA,2910,Baixa Grande,-40.1597,-11.965,Feira de Santana,,59.9,1.7,-1.5,-6.7,-13.2,0.13,-0.47,-0.14,-0.25,2.5,5.7,13.6,,
2902658,BA,2909,Banzaê,-38.6267,-10.6188,Paulo Afonso,,44.7,1.7,-1.5,-8.5,-9,0.04,-0.36,-0.25,-0.17,3.6,7.1,26.9,,
2902708,BA,2907,Barra,-43.3657,-11.0312,Irecê,9.2,-1.4,1.7,-1.5,-4.6,-2.4,0.03,-0.3,-0.23,-0.06,-0.1,7.4,-0.8,,-5.6
2902807,BA,2904,Barra Da Estiva,-41.1338,-13.6458,Vitória da Conquista,,-12.2,1.7,-1.5,-0.8,-8.2,0.1,-0.41,-0.1,-0.21,0.6,2,7.4,,9
2902906,BA,2904,Barra Do Choça,-40.5782,-14.9034,Vitória da Conquista,,-12.2,1.7,-1.5,-6,-0.6,-0.11,-0.26,-0.27,0,-0.7,0.4,8.9,,-11.9
2903003,BA,2907,Barra Do Mendes,-42.1196,-11.9684,Irecê,9.2,-1.4,1.7,-1.5,-7.4,-3.6,0.16,-0.45,-0.11,-0.17,-0.2,0.1,2.4,,3.1
2903102,BA,2904,Barra Do Rocha,-39.5898,-14.0745,Vitória da Conquista,,-12.2,1.7,-1.5,-12.9,-1,-0.33,-0.14,-0.54,0.05,1.5,7.3,8.5,,
2903201,BA,2906,Barreiras,-45.5233,-12.0182,Barreiras,-2.6,-3.1,1.7,-1.5,-5.9,1.7,0.06,-0.21,-0.36,0.09,-0.6,2.7,0.1,-3.6,-4.6
2903235,BA,2907,Barro Alto,-41.8354,-11.8446,Irecê,9.2,-1.4,1.7,-1.5,-5.5,-6.1,0.24,-0.51,-0.06,-0.23,-1.1,1,5.6,,14.3
2903276,BA,2910,Barrocas,-39.0992,-11.5386,Feira de Santana,,59.9,1.7,-1.5,-6,-10.8,0.06,-0.41,-0.14,-0.23,3.9,7.1,8.5,,
2903300,BA,2903,Barro Preto,-39.4217,-14.7601,Ilhéus / Itabuna,,54.1,1.7,-1.5,-12,4.4,-0.31,-0.09,-0.49,0.17,2.5,0.2,5.4,,
2903409,BA,2903,Belmonte,-39.18,-15.9349,Ilhéus / Itabuna,,54.1,1.7,-1.5,-9.4,4.4,-0.15,-0.13,-0.39,0.18,1.2,4.2,6.1,,-0.5
2903508,BA,2904,Belo Campo,-41.2143,-14.981,Vitória da Conquista,,-12.2,1.7,-1.5,-6,-5.7,-0.05,-0.31,-0.28,-0.12,0.3,3,2,,29.4
2903607,BA,2910,Biritinga,-38.7887,-11.5616,Feira de Santana,,59.9,1.7,-1.5,-7.5,-8.6,0.1,-0.4,-0.16,-0.19,5.7,6.7,10.1,,
2903706,BA,2904,Boa Nova,-40.2352,-14.3582,Vitória da Conquista,,-12.2,1.7,-1.5,-5,-2.8,-0.08,-0.29,-0.24,-0.04,1,0.3,-5,,0.1
2903805,BA,2910,Boa Vista Do Tupim,-40.6603,-12.7766,Feira de Santana,,59.9,1.7,-1.5,1.3,-13.4,0.13,-0.46,-0.03,-0.22,2,4.5,8,,9.2
2903904,BA,2905,Bom Jesus Da Lapa,-43.2885,-13.2773,Guanambi,0,2.5,1.7,-1.5,-7.2,-3.5,0.07,-0.37,-0.29,-0.15,0.2,10.5,0.5,,13.2
2903953,BA,2904,Bom Jesus Da Serra,-40.5652,-14.3915,Vitória da Conquista,,-12.2,1.7,-1.5,-5.9,-4.6,-0.06,-0.35,-0.25,-0.09,0.7,1,-0.2,,-28.6
2904001,BA,2910,Boninal,-41.7941,-12.7957,Feira de Santana,,59.9,1.7,-1.5,-1.5,-5.1,0.22,-0.41,-0.06,-0.13,0.5,0.2,3.9,,-3
2904050,BA,2907,Bonito,-41.3216,-11.9782,Irecê,9.2,-1.4,1.7,-1.5,0.4,-6.2,0.25,-0.5,0.02,-0.21,1.5,0.3,-1.7,,-6.2
2904100,BA,2905,Boquira,-42.7266,-12.7402,Guanambi,0,2.5,1.7,-1.5,-3.1,-5.8,0.19,-0.45,-0.19,-0.22,0.4,5.9,1.2,,9.1
2904209,BA,2905,Botuporã,-42.535,-13.3255,Guanambi,0,2.5,1.7,-1.5,-3.1,-4,0.1,-0.43,-0.1,-0.14,1,4.4,3.6,,48.1
2904308,BA,2902,Brejões,-39.8595,-13.0792,Santo Antônio de Jesus,,2.3,1.7,-1.5,-7.8,-2.6,-0.07,-0.3,-0.24,-0.07,1.4,0.3,4,,
2904407,BA,2906,Brejolândia,-43.7835,-12.5162,Barreiras,-2.6,-3.1,1.7,-1.5,-7.2,2.7,0.18,-0.32,-0.43,0.09,-1,8.9,-2.8,,-3.1
2904506,BA,2907,Brotas De Macaúbas,-42.4531,-12.0855,Irecê,9.2,-1.4,1.7,-1.5,-4.9,-2,0.17,-0.43,-0.21,-0.09,-0.6,0.7,6.9,,-14.8
2904605,BA,2904,Brumado,-41.6907,-14.1694,Vitória da Conquista,,-12.2,1.7,-1.5,-4.1,-3.1,0.09,-0.41,-0.17,-0.14,2.2,-2.6,4.6,,-17.8
2904704,BA,2903,Buerarema,-39.277,-14.9963,Ilhéus / Itabuna,,54.1,1.7,-1.5,-12.4,4.6,-0.33,-0.06,-0.5,0.18,0.9,0.1,5.6,,
2904753,BA,2907,Buritirama,-43.6705,-10.5971,Irecê,9.2,-1.4,1.7,-1.5,-4.7,-1.8,-0.04,-0.23,-0.25,-0.03,1,3.7,3.3,,-10.5
2904803,BA,2904,Caatiba,-40.3315,-15.0152,Vitória da Conquista,,-12.2,1.7,-1.5,-8.2,-2.4,-0.14,-0.31,-0.33,-0.03,0,5,6.7,,8.5
2904852,BA,2902,Cabaceiras Do Paraguaçu,-39.194,-12.5667,Santo Antônio de Jesus,,2.3,1.7,-1.5,-14.4,-2.1,0.04,-0.32,-0.34,-0.05,0.6,4,15.2,,
2904902,BA,2902,Cachoeira,-38.8823,-12.6436,Santo Antônio de Jesus,,2.3,1.7,-1.5,-11.1,-4.7,-0.05,-0.26,-0.25,-0.12,0.6,5.3,5.5,,
2905008,BA,2905,Caculé,-42.293,-14.4762,Guanambi,0,2.5,1.7,-1.5,-4.2,-3.5,0.08,-0.37,-0.24,-0.16,2.5,5.2,5.8,,-9.9
2905107,BA,2910,Caém,-40.2939,-11.1428,Feira de Santana,,59.9,1.7,-1.5,-3,-11.1,0.16,-0.39,-0.07,-0.22,3,4.8,17.2,,18.8
2905156,BA,2904,Caetanos,-40.9196,-14.3164,Vitória da Conquista,,-12.2,1.7,-1.5,-5.2,-8.7,0.01,-0.41,-0.2,-0.19,-0.6,2.7,2.4,,-25.7
2905206,BA,2905,Caetité,-42.4943,-13.978,Guanambi,0,2.5,1.7,-1.5,-2.4,-3,0.14,-0.38,-0.13,-0.14,-0.2,2.4,5.9,,42.9
2905305,BA,2907,Cafarnaum,-41.507,-11.7438,Irecê,9.2,-1.4,1.7,-1.5,-4.7,-6,0.25,-0.54,-0.03,-0.25,-0.2,0.9,8.9,,-10.1
2905404,BA,2902,Cairu,-38.9805,-13.5079,Santo Antônio de Jesus,,2.3,1.7,-1.5,-11.1,-3.8,-0.32,-0.19,-0.46,-0.09,1.7,1.6,1.9,,
2905503,BA,2910,Caldeirão Grande,-40.2188,-11.0405,Feira de Santana,,59.9,1.7,-1.5,-2.3,-11,0.17,-0.42,-0.05,-0.23,5.2,3.6,10.6,,7.7
2905602,BA,2903,Camacan,-39.5204,-15.4477,Ilhéus / Itabuna,,54.1,1.7,-1.5,-9.2,1.1,-0.23,-0.2,-0.36,0.04,0.9,0.1,9.4,,
2905701,BA,2901,Camaçari,-38.2051,-12.6674,Salvador,,1.6,1.7,-1.5,-8.8,-5.7,-0.03,-0.31,-0.19,-0.17,1.4,2.1,6.5,,
2905800,BA,2902,Camamu,-39.1805,-14.0128,Santo Antônio de Jesus,,2.3,1.7,-1.5,-9.9,-2,-0.29,-0.15,-0.35,-0.05,1.2,0.8,-3.9,,
2905909,BA,2908,Campo Alegre De Lourdes,-43.1745,-9.5528,Juazeiro,,13.3,1.7,-1.5,-4.4,-3.6,-0.07,-0.21,-0.32,-0.07,-0.4,3.7,2.6,,19.8
2906006,BA,2908,Campo Formoso,-40.7201,-10.2541,Juazeiro,,13.3,1.7,-1.5,2.6,-6.1,0.24,-0.39,0.03,-0.23,2.6,3.2,7.7,,5.5
2906105,BA,2906,Canápolis,-44.2067,-13.0977,Barreiras,-2.6,-3.1,1.7,-1.5,-5.4,-0.6,0.15,-0.39,-0.25,-0.04,-0.4,5.9,-2.8,,-1.6
2906204,BA,2907,Canarana,-41.6968,-11.755,Irecê,9.2,-1.4,1.7,-1.5,-5.4,-6.2,0.24,-0.52,-0.05,-0.24,0.1,1.1,5.9,,-0.1
2906303,BA,2903,Canavieiras,-39.112,-15.6524,Ilhéus / Itabuna,,54.1,1.7,-1.5,-9.8,3.4,-0.2,-0.12,-0.39,0.14,0.4,0.6,9.6,,
2906402,BA,2910,Candeal,-39.1896,-11.8719,Feira de Santana,,59.9,1.7,-1.5,-6.8,-12.9,0.11,-0.43,-0.16,-0.26,-0.5,8.5,17.8,,
2906501,BA,2901,Candeias,-38.4822,-12.6763,Salvador,,1.6,1.7,-1.5,-3.6,-9,0.03,-0.32,-0.11,-0.21,1.6,2,11.6,,
2906600,BA,2905,Candiba,-42.834,-14.4077,Guanambi,0,2.5,1.7,-1.5,-3.1,-5.7,0.13,-0.35,-0.18,-0.21,0.2,6.4,3.7,,-13
2906709,BA,2904,Cândido Sales,-41.3279,-15.3244,Vitória da Conquista,,-12.2,1.7,-1.5,-9.9,-1.6,-0.05,-0.29,-0.46,0,0,1,3.7,,-12.7
2906808,BA,2909,Cansanção,-39.4744,-10.731,Paulo Afonso,,44.7,1.7,-1.5,-3.3,-12.1,0.11,-0.44,-0.09,-0.25,2.1,3.8,10.1,,
2906824,BA,2909,Canudos,-38.9926,-10.067,Paulo Afonso,,44.7,1.7,-1.5,-0.8,-14.4,0.13,-0.46,-0.11,-0.27,0.2,5.8,10.3,,
2906857,BA,2910,Capela Do Alto Alegre,-39.8169,-11.6858,Feira de Santana,,59.9,1.7,-1.5,-3.2,-18.5,0.1,-0.48,-0.09,-0.31,2,6.5,12.1,,
2906873,BA,2910,Capim Grosso,-39.9756,-11.3236,Feira de Santana,,59.9,1.7,-1.5,0,-17,0.16,-0.46,-0.04,-0.3,3.2,4.1,1.1,,0.9
2906899,BA,2904,Caraíbas,-41.2829,-14.6237,Vitória da Conquista,,-12.2,1.7,-1.5,-6,-7.6,0.03,-0.4,-0.24,-0.19,1.7,3.5,3.2,,16.1
2906907,BA,2903,Caravelas,-39.6876,-17.6583,Ilhéus / Itabuna,,54.1,1.7,-1.5,-8.8,1.3,-0.12,-0.19,-0.35,0.02,3.4,3.9,6.7,,-8
2907004,BA,2901,Cardeal Da Silva,-37.9371,-12.0379,Salvador,,1.6,1.7,-1.5,-14.2,-6.5,-0.06,-0.29,-0.26,-0.15,2.2,3.4,0.2,,
2907103,BA,2905,Carinhanha,-43.8508,-13.9981,Guanambi,0,2.5,1.7,-1.5,-3.9,1.3,0.19,-0.33,-0.26,-0.01,0.3,9.6,4.3,,-27.3
2907202,BA,2908,Casa Nova,-41.3365,-9.2396,Juazeiro,,13.3,1.7,-1.5,-11.6,0.3,-0.15,-0.17,-0.36,0.06,0.5,5,5.1,,
2907301,BA,2902,Castro Alves,-39.3644,-12.7329,Santo Antônio de Jesus,,2.3,1.7,-1.5,-8.8,-5.9,0.06,-0.35,-0.28,-0.11,1.9,2.9,13.1,,
2907400,BA,2906,Catolândia,-44.6906,-12.2643,Barreiras,-2.6,-3.1,1.7,-1.5,-6.4,1.8,0,-0.23,-0.38,0.06,-2,5.5,2.1,,45
2907509,BA,2901,Catu,-38.4171,-12.3339,Salvador,,1.6,1.7,-1.5,-11.5,-6.3,-0.01,-0.37,-0.23,-0.16,0.6,6,-2.8,,
2907558,BA,2904,Caturama,-42.315,-13.235,Vitória da Conquista,,-12.2,1.7,-1.5,-1.4,-6.6,0.12,-0.47,-0.07,-0.22,0.7,3.9,1.2,,93.7
2907608,BA,2907,Central,-42.1017,-11.1564,Irecê,9.2,-1.4,1.7,-1.5,-7.5,-2.2,0.13,-0.44,-0.18,-0.1,-1.3,3.1,1.2,,54.7
2907707,BA,2909,Chorrochó,-39.1889,-9.2711,Paulo Afonso,,44.7,1.7,-1.5,-6.3,-14,0.03,-0.4,-0.14,-0.26,2.4,6,7.1,,-18.5
2907806,BA,2909,Cícero Dantas,-38.4581,-10.5171,Paulo Afonso,,44.7,1.7,-1.5,-3.4,-13.5,0.09,-0.39,-0.16,-0.23,3.9,5.5,27.9,,
2907905,BA,2909,Cipó,-38.5114,-11.113,Paulo Afonso,,44.7,1.7,-1.5,-8,-13.3,0.09,-0.41,-0.15,-0.25,4.6,6.7,21.1,,
2908002,BA,2903,Coaraci,-39.5935,-14.6326,Ilhéus / Itabuna,,54.1,1.7,-1.5,-11.5,4.2,-0.3,-0.09,-0.44,0.14,2.5,0.2,7.2,,
2908101,BA,2906,Cocos,-45.2132,-14.4934,Barreiras,-2.6,-3.1,1.7,-1.5,-3,-2,0.21,-0.39,-0.2,-0.13,0.5,5.4,5.3,-1.1,8.9
2908200,BA,2910,Conceição Da Feira,-38.9946,-12.5072,Feira de Santana,,59.9,1.7,-1.5,-13.8,-1.9,-0.02,-0.28,-0.29,-0.06,-0.4,3.8,-0.4,,
2908309,BA,2902,Conceição Do Almeida,-39.2408,-12.8562,Santo Antônio de Jesus,,2.3,1.7,-1.5,-8.2,-6.5,0.05,-0.36,-0.27,-0.16,1.8,3,-0.2,,
2908408,BA,2910,Conceição Do Coité,-39.2574,-11.5194,Feira de Santana,,59.9,1.7,-1.5,-7.6,-11.6,0.09,-0.45,-0.17,-0.24,3.2,6.4,4.4,,
2908507,BA,2910,Conceição Do Jacuípe,-38.7419,-12.3399,Feira de Santana,,59.9,1.7,-1.5,-8.7,-9.6,0.07,-0.37,-0.18,-0.19,0.9,6.1,6.2,,
2908606,BA,2901,Conde,-37.6824,-11.8256,Salvador,,1.6,1.7,-1.5,-12.9,-6.5,-0.08,-0.28,-0.23,-0.17,3.1,2.2,-5.7,,
2908705,BA,2904,Condeúba,-42.0639,-14.9352,Vitória da Conquista,,-12.2,1.7,-1.5,-4.5,-4.1,0.06,-0.38,-0.25,-0.16,-0.2,3.9,6.7,,-24.8
2908804,BA,2904,Contendas Do Sincorá,-41.0954,-13.8453,Vitória da Conquista,,-12.2,1.7,-1.5,-3.6,-6.6,0.07,-0.38,-0.16,-0.15,0.9,2.3,5.5,,13.2
2908903,BA,2910,Coração De Maria,-38.7863,-12.2134,Feira de Santana,,59.9,1.7,-1.5,-10.4,-7.5,0.06,-0.36,-0.22,-0.16,1.5,7.8,4.6,,
2909000,BA,2904,Cordeiros,-41.8992,-15.0356,Vitória da Conquista,,-12.2,1.7,-1.5,-4.7,-4.1,0.05,-0.38,-0.28,-0.15,-0.3,3.2,6.5,,-10
2909109,BA,2906,Coribe,-44.3973,-13.7792,Barreiras,-2.6,-3.1,1.7,-1.5,-5.3,-2.2,0.19,-0.41,-0.31,-0.08,-0.1,5.8,0.9,,135.6
2909208,BA,2909,Coronel João Sá,-37.9577,-10.2654,Paulo Afonso,,44.7,1.7,-1.5,-3,-17,0.07,-0.43,-0.09,-0.32,2.3,1,10.3,,
2909307,BA,2906,Correntina,-45.4073,-13.4812,Barreiras,-2.6,-3.1,1.7,-1.5,-3.9,-0.6,0.2,-0.32,-0.22,-0.04,-0.8,3.4,0.6,5.2,-7
2909406,BA,2906,Cotegipe,-44.3211,-11.7153,Barreiras,-2.6,-3.1,1.7,-1.5,-7.7,1,-0.05,-0.2,-0.42,0,-1.9,8.4,1.8,,11.8
2909505,BA,2904,Cravolândia,-39.7939,-13.4276,Vitória da Conquista,,-12.2,1.7,-1.5,-9.8,-0.3,-0.23,-0.19,-0.41,0.04,1.1,0.3,4.6,,
2909604,BA,2901,Crisópolis,-38.1686,-11.5078,Salvador,,1.6,1.7,-1.5,-11.9,-9,0,-0.32,-0.18,-0.21,4,6.3,11.3,,
2909703,BA,2906,Cristópolis,-44.2603,-12.1929,Barreiras,-2.6,-3.1,1.7,-1.5,-9.1,2.5,-0.01,-0.23,-0.51,0.1,-1.9,3.9,-1,,56
2909802,BA,2902,Cruz Das Almas,-39.1192,-12.681,Santo Antônio de Jesus,,2.3,1.7,-1.5,-13,-2.8,-0.02,-0.29,-0.34,-0.05,3,3.2,11.1,,
2909901,BA,2908,Curaçá,-39.6473,-9.2192,Juazeiro,,13.3,1.7,-1.5,-8.4,-7.9,0,-0.33,-0.2,-0.15,1.6,4.4,1,,2.3
2910008,BA,2904,Dário Meira,-39.987,-14.3967,Vitória da Conquista,,-12.2,1.7,-1.5,-6.6,-4.3,-0.1,-0.28,-0.29,-0.04,0.6,6,1.6,,
2910057,BA,2901,Dias D'ávila,-38.2862,-12.6017,Salvador,,1.6,1.7,-1.5,-8.8,-5.7,-0.03,-0.31,-0.19,-0.17,1.4,2.1,6.5,,
2910107,BA,2904,Dom Basílio,-41.7093,-13.858,Vitória da Conquista,,-12.2,1.7,-1.5,0.2,-3.8,0.15,-0.41,-0.06,-0.15,-1.2,0.8,-1.6,,15
2910206,BA,2902,Dom Macedo Costa,-39.168,-12.9112,Santo Antônio de Jesus,,2.3,1.7,-1.5,-8.3,-5.2,-0.05,-0.36,-0.31,-0.15,1.2,2.7,3.5,,-0.4
2910305,BA,2902,Elísio Medrado,-39.5327,-12.9313,Santo Antônio de Jesus,,2.3,1.7,-1.5,-6,-5.2,-0.04,-0.32,-0.19,-0.12,1.5,1.6,14.9,,23.6
2910404,BA,2904,Encruzilhada,-40.9845,-15.5919,Vitória da Conquista,,-12.2,1.7,-1.5,-8,-0.1,0,-0.31,-0.4,-0.01,-1.1,1,0,,-9.4
2910503,BA,2901,Entre Rios,-38.0446,-12.0705,Salvador,,1.6,1.7,-1.5,-15.8,-6.2,-0.13,-0.27,-0.3,-0.15,2.3,3.7,0.3,,
2910602,BA,2901,Esplanada,-37.8877,-11.935,Salvador,,1.6,1.7,-1.5,-13,-8.1,-0.08,-0.31,-0.24,-0.19,2.6,3.4,-4,,
2910701,BA,2909,Euclides Da Cunha,-38.9116,-10.4687,Paulo Afonso,,44.7,1.7,-1.5,-8,-12.7,0.06,-0.43,-0.19,-0.23,0.7,5.6,8.5,,
2910727,BA,2903,Eunápolis,-39.6066,-16.2854,Ilhéus / Itabuna,,54.1,1.7,-1.5,-7.6,2,-0.06,-0.25,-0.33,0.1,1.8,3.9,7.2,,7.1
2910750,BA,2909,Fátima,-38.201,-10.5938,Paulo Afonso,,44.7,1.7,-1.5,-2.4,-16.3,0.09,-0.4,-0.14,-0.25,3.4,3.5,25.6,,
2910776,BA,2905,Feira Da Mata,-44.1912,-14.0465,Guanambi,0,2.5,1.7,-1.5,-4.1,-2.9,0.17,-0.41,-0.21,-0.15,-0.9,9.6,8.2,,8.3
2910800,BA,2910,Feira De Santana,-39.0396,-12.1879,Feira de Santana,,59.9,1.7,-1.5,-13.2,-2.7,0.06,-0.33,-0.25,-0.1,1.1,8.1,9.1,,
2910859,BA,2908,Filadélfia,-40.1441,-10.722,Juazeiro,,13.3,1.7,-1.5,4.1,-14,0.2,-0.47,0.04,-0.32,1.3,2.4,2.1,,34.3
2910909,BA,2903,Firmino Alves,-39.9107,-14.9268,Ilhéus / Itabuna,,54.1,1.7,-1.5,-10.4,0.6,-0.22,-0.22,-0.4,0.06,0.7,2,10,,
2911006,BA,2903,Floresta Azul,-39.718,-14.8355,Ilhéus / Itabuna,,54.1,1.7,-1.5,-13.1,3.1,-0.28,-0.15,-0.52,0.14,2,1.6,13.3,,
2911105,BA,2906,Formosa Do Rio Preto,-45.753,-11.0287,Barreiras,-2.6,-3.1,1.7,-1.5,-8.9,3.8,-0.2,-0.06,-0.56,0.17,0.2,2.6,0.8,-3.7,-16
2911204,BA,2904,Gandu,-39.4772,-13.7854,Vitória da Conquista,,-12.2,1.7,-1.5,-13.1,1,-0.39,-0.07,-0.53,0.06,0.9,0.8,-3.3,,
2911253,BA,2910,Gavião,-39.7528,-11.5098,Feira de Santana,,59.9,1.7,-1.5,-4,-19,0.08,-0.47,-0.1,-0.29,1.8,5.6,10.8,,
2911303,BA,2907,Gentio Do Ouro,-42.5979,-11.4058,Irecê,9.2,-1.4,1.7,-1.5,-7.4,-5.1,0.11,-0.43,-0.2,-0.17,-0.4,1.8,1.6,,-3.6
2911402,BA,2909,Glória,-38.4154,-9.1941,Paulo Afonso,,44.7,1.7,-1.5,-2.6,-15.1,0.08,-0.37,-0.07,-0.27,2.1,7,-0.5,,
2911501,BA,2904,Gongogi,-39.5785,-14.2829,Vitória da Conquista,,-12.2,1.7,-1.5,-11,0.4,-0.29,-0.16,-0.47,0.08,1.7,7.8,10.1,,
2911600,BA,2902,Governador Mangabeira,-39.0673,-12.5849,Santo Antônio de Jesus,,2.3,1.7,-1.5,-13.7,-0.7,0.04,-0.3,-0.3,-0.04,0.3,4.6,15.8,,
2911659,BA,2905,Guajeru,-41.9817,-14.5622,Guanambi,0,2.5,1.7,-1.5,-5.5,-4.8,0.08,-0.42,-0.24,-0.19,0.8,2.8,6,,-2.9
2911709,BA,2905,Guanambi,-42.819,-14.2041,Guanambi,0,2.5,1.7,-1.5,-2.3,-6,0.17,-0.39,-0.14,-0.24,0,6.4,11.1,,-14
2911808,BA,2903,Guaratinga,-39.9244,-16.542,Ilhéus / Itabuna,,54.1,1.7,-1.5,-5.3,-0.9,0.1,-0.38,-0.27,-0.01,1.6,5,2.9,,2
2911857,BA,2909,Heliópolis,-38.3156,-10.7466,Paulo Afonso,,44.7,1.7,-1.5,-8.5,-10.7,0.01,-0.33,-0.21,-0.2,3.8,5.4,15.2,,
2911907,BA,2910,Iaçu,-40.1051,-12.8159,Feira de Santana,,59.9,1.7,-1.5,-4.9,-9.8,-0.03,-0.34,-0.14,-0.19,0.4,4.2,3.5,,2.2
2912004,BA,2905,Ibiassucê,-42.2962,-14.2841,Guanambi,0,2.5,1.7,-1.5,-2.7,-4,0.13,-0.38,-0.17,-0.16,0.5,4.4,4.9,,46.8
2912103,BA,2903,Ibicaraí,-39.5687,-14.8496,Ilhéus / Itabuna,,54.1,1.7,-1.5,-14.3,5.2,-0.31,-0.12,-0.56,0.21,2.3,0.2,9.2,,
2912202,BA,2904,Ibicoara,-41.3374,-13.3837,Vitória da Conquista,,-12.2,1.7,-1.5,-1,-6.5,0.18,-0.5,-0.11,-0.18,1.3,0,4.4,,-24.6
2912301,BA,2903,Ibicuí,-39.8684,-14.6462,Ilhéus / Itabuna,,54.1,1.7,-1.5,-10.7,2.1,-0.2,-0.2,-0.47,0.12,0.1,5.3,9.6,,-20.8
2912400,BA,2907,Ibipeba,-42.1807,-11.5742,Irecê,9.2,-1.4,1.7,-1.5,-5.9,-3.7,0.23,-0.5,-0.08,-0.2,-1.7,1.4,-2.9,,-4.1
2912509,BA,2905,Ibipitanga,-42.3601,-12.8625,Guanambi,0,2.5,1.7,-1.5,-0.4,-6.6,0.21,-0.47,-0.1,-0.21,-0.3,3.5,-5.6,,-6.7
2912608,BA,2910,Ibiquera,-40.8599,-12.6125,Feira de Santana,,59.9,1.7,-1.5,-0.3,-10.7,0.16,-0.5,-0.05,-0.19,-1,3,7.9,,-2
2912707,BA,2903,Ibirapitanga,-39.4321,-14.0621,Ilhéus / Itabuna,,54.1,1.7,-1.5,-11.2,-2.2,-0.32,-0.15,-0.45,-0.02,1.2,2.5,9.1,,
2912806,BA,2903,Ibirapuã,-40.0183,-17.7415,Ilhéus / Itabuna,,54.1,1.7,-1.5,-5.6,-2.1,-0.07,-0.2,-0.24,-0.09,1.5,4.9,0.4,,2.1
2912905,BA,2904,Ibirataia,-39.6388,-13.9858,Vitória da Conquista,,-12.2,1.7,-1.5,-10,-0.1,-0.3,-0.13,-0.45,0.05,2.4,5.9,3.3,,
2913002,BA,2910,Ibitiara,-42.2846,-12.5757,Feira de Santana,,59.9,1.7,-1.5,-2.8,-5.1,0.17,-0.43,-0.15,-0.16,-0.3,0.5,0.9,,-6.8
2913101,BA,2907,Ibititá,-41.918,-11.5752,Irecê,9.2,-1.4,1.7,-1.5,-5.3,-4.6,0.3,-0.54,-0.05,-0.21,-1.2,0.8,13.1,,-8.1
2913200,BA,2907,Ibotirama,-43.1992,-12.0405,Irecê,9.2,-1.4,1.7,-1.5,-7,-3.6,0.1,-0.37,-0.29,-0.13,0.8,7.2,6.2,,-16.9
2913309,BA,2910,Ichu,-39.1519,-11.7344,Feira de Santana,,59.9,1.7,-1.5,-8.3,-11.8,0.05,-0.4,-0.18,-0.23,2.8,8.6,20.9,,
2913408,BA,2905,Igaporã,-42.7057,-13.8637,Guanambi,0,2.5,1.7,-1.5,-5.2,-2.1,0.09,-0.4,-0.24,-0.12,0.2,5.3,6.6,,35.6
2913457,BA,2902,Igrapiúna,-39.1845,-13.8572,Santo Antônio de Jesus,,2.3,1.7,-1.5,-12.3,-0.4,-0.35,-0.09,-0.46,-0.01,0.4,0.5,-0.8,,-2.3
2913507,BA,2904,Iguaí,-40.0681,-14.6292,Vitória da Conquista,,-12.2,1.7,-1.5,-8.5,-1.1,-0.12,-0.31,-0.34,0.01,0.1,2.7,10,,-10.9
2913606,BA,2903,Ilhéus,-39.198,-14.7461,Ilhéus / Itabuna,,54.1,1.7,-1.5,-10.5,2.5,-0.31,-0.07,-0.43,0.1,1.6,0.3,6.9,,-1.1
2913705,BA,2901,Inhambupe,-38.4162,-11.7925,Salvador,,1.6,1.7,-1.5,-12.1,-6.6,0.01,-0.35,-0.23,-0.17,2.8,6.9,0.7,,
2913804,BA,2910,Ipecaetá,-39.3264,-12.3067,Feira de Santana,,59.9,1.7,-1.5,-7.7,-8.8,0.08,-0.38,-0.24,-0.16,-2.3,7.7,8,,
2913903,BA,2904,Ipiaú,-39.7261,-14.0575,Vitória da Conquista,,-12.2,1.7,-1.5,-11.7,-0.9,-0.27,-0.2,-0.44,0.04,2.4,7.6,-0.7,,-1.8
2914000,BA,2910,Ipirá,-39.7853,-12.2027,Feira de Santana,,59.9,1.7,-1.5,-7.7,-7.2,0.05,-0.36,-0.23,-0.09,-1,7,13.2,,
2914109,BA,2907,Ipupiara,-42.5022,-11.8367,Irecê,9.2,-1.4,1.7,-1.5,-4.4,-5.1,0.17,-0.46,-0.17,-0.18,-1,3.4,1.9,,-33.6
2914208,BA,2904,Irajuba,-40.043,-13.223,Vitória da Conquista,,-12.2,1.7,-1.5,-4.1,-2.5,0.05,-0.36,-0.17,-0.05,2,0.6,3.2,,-1.5
2914307,BA,2904,Iramaia,-40.9102,-13.4959,Vitória da Conquista,,-12.2,1.7,-1.5,3.6,-11.3,0.19,-0.49,0.02,-0.26,0.8,2.3,8.7,,23
2914406,BA,2910,Iraquara,-41.5816,-12.2438,Feira de Santana,,59.9,1.7,-1.5,-1,-6.4,0.23,-0.49,0.01,-0.19,-0.9,1.2,1.6,,-8
2914505,BA,2910,Irará,-38.755,-12.0516,Feira de Santana,,59.9,1.7,-1.5,-7.4,-9.1,0.09,-0.38,-0.17,-0.18,1.5,8.6,7.6,,
2914604,BA,2907,Irecê,-41.8429,-11.3109,Irecê,9.2,-1.4,1.7,-1.5,-6.8,-0.3,0.24,-0.46,-0.12,-0.06,-2.1,1.2,0,,16.7
2914653,BA,2903,Itabela,-39.5577,-16.6742,Ilhéus / Itabuna,,54.1,1.7,-1.5,-5.7,2.4,-0.02,-0.25,-0.23,0.08,1.6,6.6,7.7,,35.3
2914703,BA,2910,Itaberaba,-40.2588,-12.4969,Feira de Santana,,59.9,1.7,-1.5,-4.1,-9.8,0.05,-0.38,-0.14,-0.15,1.6,6,8.8,,-0.8
2914802,BA,2903,Itabuna,-39.3259,-14.8516,Ilhéus / Itabuna,,54.1,1.7,-1.5,-11.4,4.1,-0.3,-0.07,-0.48,0.17,2.3,0.3,8,,-0.3
2914901,BA,2903,Itacaré,-39.1582,-14.3611,Ilhéus / Itabuna,,54.1,1.7,-1.5,-10.3,0.5,-0.32,-0.13,-0.46,0.04,1,1,0,,23.9
2915007,BA,2910,Itaeté,-41.0249,-13.0863,Feira de Santana,,59.9,1.7,-1.5,0.3,-11.6,0.15,-0.5,-0.05,-0.25,1.3,2.3,10.6,,3.6
2915106,BA,2904,Itagi,-40.0162,-14.1735,Vitória da Conquista,,-12.2,1.7,-1.5,-9,-2.9,-0.15,-0.24,-0.36,0,1.1,1,12.7,,-4.6
2915205,BA,2904,Itagibá,-39.8235,-14.2505,Vitória da Conquista,,-12.2,1.7,-1.5,-9.3,-2.1,-0.16,-0.22,-0.37,0.03,0.5,8.5,9.2,,
2915304,BA,2903,Itagimirim,-39.7431,-16.0976,Ilhéus / Itabuna,,54.1,1.7,-1.5,-8.4,4,-0.06,-0.19,-0.34,0.15,2,2.5,9.7,,
2915353,BA,2907,Itaguaçu Da Bahia,-42.2347,-10.7827,Irecê,9.2,-1.4,1.7,-1.5,-11.3,-2.3,0.02,-0.36,-0.33,-0.06,3,5.6,1.4,,-7
2915403,BA,2903,Itaju Do Colônia,-39.7339,-15.1491,Ilhéus / Itabuna,,54.1,1.7,-1.5,-8.8,1.4,-0.18,-0.2,-0.38,0.08,2.4,3.7,14.6,,
2915502,BA,2903,Itajuípe,-39.4503,-14.6798,Ilhéus / Itabuna,,54.1,1.7,-1.5,-11.7,5.1,-0.29,-0.08,-0.45,0.17,2.2,0.1,4.5,,-2.8
2915601,BA,2903,Itamaraju,-39.7747,-17.0001,Ilhéus / Itabuna,,54.1,1.7,-1.5,-8.8,2.8,-0.14,-0.18,-0.35,0.09,2.7,3.5,3.8,,-4.4
2915700,BA,2904,Itamari,-39.658,-13.7679,Vitória da Conquista,,-12.2,1.7,-1.5,-11.6,0.4,-0.37,-0.14,-0.46,0.06,1.5,2.2,3.2,,
2915809,BA,2904,Itambé,-40.4673,-15.1674,Vitória da Conquista,,-12.2,1.7,-1.5,-9,-1.3,-0.12,-0.3,-0.34,0,-0.3,6.7,4.3,,-16.4
2915908,BA,2901,Itanagra,-38.0433,-12.317,Salvador,,1.6,1.7,-1.5,-14.3,-4.4,-0.06,-0.27,-0.28,-0.14,1.7,2.8,-0.4,,-1.1
2916005,BA,2903,Itanhém,-40.3728,-17.1244,Ilhéus / Itabuna,,54.1,1.7,-1.5,-4.9,-0.3,-0.02,-0.22,-0.26,-0.02,0,6,-2.6,,0.9
2916104,BA,2902,Itaparica,-38.6596,-12.8922,Santo Antônio de Jesus,,2.3,1.7,-1.5,-4,-8,0.01,-0.27,-0.13,-0.21,1,1.3,4.6,,
2916203,BA,2903,Itapé,-39.4997,-14.9498,Ilhéus / Itabuna,,54.1,1.7,-1.5,-14.3,5.8,-0.34,-0.07,-0.58,0.23,1.4,0.2,11.7,,
2916302,BA,2903,Itapebi,-39.6612,-15.9103,Ilhéus / Itabuna,,54.1,1.7,-1.5,-7,2.7,-0.09,-0.19,-0.32,0.12,0.5,1.4,6.4,,-0.7
2916401,BA,2904,Itapetinga,-40.0539,-15.3025,Vitória da Conquista,,-12.2,1.7,-1.5,-9.1,-1.2,-0.12,-0.29,-0.4,0.02,0.2,8.5,4.3,,
2916500,BA,2901,Itapicuru,-38.1951,-11.1872,Salvador,,1.6,1.7,-1.5,-11.2,-6.5,0.01,-0.32,-0.21,-0.15,1.9,4.1,20.6,,
2916609,BA,2903,Itapitanga,-39.6227,-14.4745,Ilhéus / Itabuna,,54.1,1.7,-1.5,-10.2,1.6,-0.25,-0.16,-0.48,0.13,1.7,1.7,7.1,,-0.3
2916708,BA,2904,Itaquara,-39.9004,-13.45,Vitória da Conquista,,-12.2,1.7,-1.5,-8.4,-0.9,-0.14,-0.25,-0.35,0.03,0.7,0.4,2.1,,-1.9
2916807,BA,2904,Itarantim,-40.0396,-15.685,Vitória da Conquista,,-12.2,1.7,-1.5,-9.3,1,-0.06,-0.27,-0.37,0.07,1.1,4.9,0.8,,-0.4
2916856,BA,2902,Itatim,-39.7418,-12.7243,Santo Antônio de Jesus,,2.3,1.7,-1.5,-7,-5.2,-0.03,-0.32,-0.21,-0.09,0.7,1.4,17.1,,
2916906,BA,2904,Itiruçu,-40.1525,-13.4867,Vitória da Conquista,,-12.2,1.7,-1.5,-7.3,1.1,-0.04,-0.27,-0.24,0.06,0.7,0.3,8.8,,-10.2
2917003,BA,2908,Itiúba,-39.8422,-10.7323,Juazeiro,,13.3,1.7,-1.5,-0.7,-14.2,0.13,-0.43,-0.07,-0.29,2.2,3.6,9.9,,39.9
2917102,BA,2904,Itororó,-40.0072,-15.0483,Vitória da Conquista,,-12.2,1.7,-1.5,-10.7,-0.3,-0.15,-0.28,-0.43,0.04,0.9,7,10.6,,
2917201,BA,2904,Ituaçu,-41.3902,-13.8351,Vitória da Conquista,,-12.2,1.7,-1.5,0.2,-4.2,0.11,-0.38,-0.09,-0.12,1.2,0.8,4.5,,0.9
2917300,BA,2902,Ituberá,-39.1544,-13.7478,Santo Antônio de Jesus,,2.3,1.7,-1.5,-10.7,-2.4,-0.29,-0.15,-0.4,-0.07,0.6,1.9,-2,,
2917334,BA,2905,Iuiú,-43.5603,-14.5058,Guanambi,0,2.5,1.7,-1.5,-1.8,-2.8,0.17,-0.38,-0.17,-0.12,-1,8.8,1.4,,0.8
2917359,BA,2906,Jaborandi,-45.4267,-14.0426,Barreiras,-2.6,-3.1,1.7,-1.5,-4.7,-2.1,0.13,-0.36,-0.29,-0.11,-0.3,4,-1,4.7,-11.1
2917409,BA,2905,Jacaraci,-42.3086,-14.7739,Guanambi,0,2.5,1.7,-1.5,-5.6,-3.2,0.11,-0.38,-0.28,-0.14,0.9,4,5.1,,22.4
2917508,BA,2910,Jacobina,-40.5587,-11.1401,Feira de Santana,,59.9,1.7,-1.5,-0.8,-11.3,0.19,-0.41,-0.02,-0.24,2.2,3.7,13.2,,12.5
2917607,BA,2904,Jaguaquara,-39.9611,-13.5464,Vitória da Conquista,,-12.2,1.7,-1.5,-11,-0.2,-0.17,-0.22,-0.35,0.05,2,0.3,1.3,,2.8
2917706,BA,2908,Jaguarari,-40.0751,-10.0336,Juazeiro,,13.3,1.7,-1.5,9.5,-11.6,0.33,-0.42,0.09,-0.25,3.5,3.4,1.7,,-3.7
2917805,BA,2902,Jaguaripe,-38.9808,-13.1167,Santo Antônio de Jesus,,2.3,1.7,-1.5,-9.1,-3.9,-0.2,-0.23,-0.34,-0.12,3.1,1.8,5.8,,-3.2
2917904,BA,2901,Jandaíra,-37.5909,-11.5968,Salvador,,1.6,1.7,-1.5,-10.7,-7,-0.12,-0.25,-0.21,-0.19,1.3,3.2,-1.7,,
2918001,BA,2904,Jequié,-40.1472,-13.8795,Vitória da Conquista,,-12.2,1.7,-1.5,-9.1,0,-0.1,-0.28,-0.34,0.04,0.5,4.3,9.5,,-3.4
2918100,BA,2909,Jeremoabo,-38.5522,-9.9397,Paulo Afonso,,44.7,1.7,-1.5,0.9,-16.7,0.14,-0.45,-0.07,-0.29,5.5,4.4,12.4,,
2918209,BA,2902,Jiquiriçá,-39.5856,-13.3263,Santo Antônio de Jesus,,2.3,1.7,-1.5,-10.1,-0.7,-0.24,-0.17,-0.41,0.01,1.8,0.3,3.7,,-5.2
2918308,BA,2904,Jitaúna,-39.8728,-13.9668,Vitória da Conquista,,-12.2,1.7,-1.5,-10.1,-1,-0.26,-0.19,-0.42,0.03,1.4,7.4,7.7,,12.9
2918357,BA,2907,João Dourado,-41.5676,-11.2236,Irecê,9.2,-1.4,1.7,-1.5,-5.4,-1.8,0.26,-0.48,-0.08,-0.13,-3.6,0.7,9.3,,8.8
2918407,BA,2908,Juazeiro,-40.2726,-9.5458,Juazeiro,,13.3,1.7,-1.5,-7.2,-10.5,0.01,-0.37,-0.22,-0.2,0.9,6.7,3.4,,-1.9
2918456,BA,2903,Jucuruçu,-40.1,-16.8454,Ilhéus / Itabuna,,54.1,1.7,-1.5,-6.8,-0.1,-0.04,-0.28,-0.34,0,0.5,3,-3.4,,-5.7
2918506,BA,2907,Jussara,-41.8592,-10.9464,Irecê,9.2,-1.4,1.7,-1.5,-8,-3,0.19,-0.48,-0.24,-0.09,-1.9,2.5,0.4,,-12.3
2918555,BA,2903,Jussari,-39.496,-15.1311,Ilhéus / Itabuna,,54.1,1.7,-1.5,-11.3,3.2,-0.27,-0.15,-0.45,0.12,-0.4,-0.1,14.2,,
2918605,BA,2904,Jussiape,-41.5978,-13.5198,Vitória da Conquista,,-12.2,1.7,-1.5,2.6,-6.1,0.22,-0.52,-0.01,-0.19,0.1,0.3,-0.1,,2.6
2918704,BA,2904,Lafaiete Coutinho,-40.2885,-13.6265,Vitória da Conquista,,-12.2,1.7,-1.5,-6.7,-0.5,-0.11,-0.25,-0.3,0.04,0.3,0.4,18.2,,6.2
2918753,BA,2905,Lagoa Real,-42.2202,-14.0422,Guanambi,0,2.5,1.7,-1.5,-1.1,-3.9,0.15,-0.41,-0.11,-0.16,-1,4.1,3.7,,-16.4
2918803,BA,2902,Laje,-39.348,-13.165,Santo Antônio de Jesus,,2.3,1.7,-1.5,-9.6,-0.7,-0.14,-0.17,-0.36,0.01,1.6,1.2,-1.5,,0.6
2918902,BA,2903,Lajedão,-40.3145,-17.5542,Ilhéus / Itabuna,,54.1,1.7,-1.5,-3.3,-1.7,-0.01,-0.19,-0.21,-0.04,0.8,5.6,2.8,,1.4
2919009,BA,2910,Lajedinho,-40.9764,-12.3893,Feira de Santana,,59.9,1.7,-1.5,1.8,-10.5,0.21,-0.52,0.02,-0.25,1.4,1.4,3.8,,-12.8
2919058,BA,2904,Lajedo Do Tabocal,-40.3048,-13.4837,Vitória da Conquista,,-12.2,1.7,-1.5,-4.1,-2,0,-0.31,-0.16,-0.01,1.1,0.3,8.5,,
2919108,BA,2910,Lamarão,-38.9028,-11.7765,Feira de Santana,,59.9,1.7,-1.5,-6.4,-10.3,0.1,-0.43,-0.13,-0.22,2.3,8.3,11.1,,
2919157,BA,2907,Lapão,-41.7849,-11.4997,Irecê,9.2,-1.4,1.7,-1.5,-5.5,-1.8,0.3,-0.5,-0.09,-0.11,-1.8,0.7,8.8,,2.5
2919207,BA,2901,Lauro De Freitas,-38.3274,-12.8643,Salvador,,1.6,1.7,-1.5,-5.2,-7,-0.02,-0.26,-0.11,-0.21,1.6,1.4,5.4,,
2919306,BA,2910,Lençóis,-41.3368,-12.4192,Feira de Santana,,59.9,1.7,-1.5,-2,-6.3,0.21,-0.42,0,-0.18,1.5,2.5,1.8,,-12.6
2919405,BA,2905,Licínio De Almeida,-42.4706,-14.5856,Guanambi,0,2.5,1.7,-1.5,-2.6,-5.6,0.16,-0.39,-0.18,-0.21,-0.5,4.9,3.7,,34.1
2919504,BA,2904,Livramento De Nossa Senhora,-42.0085,-13.8014,Vitória da Conquista,,-12.2,1.7,-1.5,-1.1,-1.9,0.17,-0.39,-0.11,-0.11,-0.8,1.6,-0.3,,11.9
2919553,BA,2906,Luís Eduardo Magalhães,-46.0143,-12.1933,Barreiras,-2.6,-3.1,1.7,-1.5,-2.1,-4.8,0.19,-0.38,-0.13,-0.21,-0.2,1.2,2.6,-4.3,-2.1
2919603,BA,2910,Macajuba,-40.2765,-12.1232,Feira de Santana,,59.9,1.7,-1.5,-6.5,-8.9,0.11,-0.4,-0.17,-0.16,1,6,5,,96.8
2919702,BA,2904,Macarani,-40.3898,-15.5445,Vitória da Conquista,,-12.2,1.7,-1.5,-10.3,1.1,-0.08,-0.28,-0.41,0.04,0.3,6.3,2.7,,8.3
2919801,BA,2905,Macaúbas,-42.711,-13.1741,Guanambi,0,2.5,1.7,-1.5,-6.3,-3.5,0.04,-0.39,-0.2,-0.13,0.5,4.8,2.8,,184.9
2919900,BA,2909,Macururé,-38.9149,-9.2825,Paulo Afonso,,44.7,1.7,-1.5,-5.6,-12.8,0.04,-0.37,-0.1,-0.27,2.7,4.6,5,,25.4
2919926,BA,2901,Madre De Deus,-38.6424,-12.7422,Salvador,,1.6,1.7,-1.5,-2.2,-10.2,0.06,-0.3,-0.08,-0.25,1.7,2.6,6.2,,
2919959,BA,2904,Maetinga,-41.5244,-14.6614,Vitória da Conquista,,-12.2,1.7,-1.5,-7,-5.5,0.03,-0.43,-0.29,-0.17,0.7,2,5.3,,-10.8
2920007,BA,2904,Maiquinique,-40.2782,-15.6976,Vitória da Conquista,,-12.2,1.7,-1.5,-10.5,1.7,-0.03,-0.28,-0.4,0.07,1.6,5.7,-0.6,,2.7
2920106,BA,2910,Mairi,-40.1725,-11.7339,Feira de Santana,,59.9,1.7,-1.5,-2.2,-13.8,0.15,-0.47,-0.07,-0.26,1.9,4.9,8.2,,
2920205,BA,2905,Malhada,-43.6309,-14.1898,Guanambi,0,2.5,1.7,-1.5,-3.4,0.2,0.14,-0.33,-0.24,-0.03,-0.6,9.7,6.6,,-20.1
2920304,BA,2904,Malhada De Pedras,-41.8438,-14.3497,Vitória da Conquista,,-12.2,1.7,-1.5,-6.2,-3.1,0.08,-0.39,-0.24,-0.15,1.6,0.3,5.2,,-25
2920403,BA,2904,Manoel Vitorino,-40.5674,-14.0477,Vitória da Conquista,,-12.2,1.7,-1.5,-4.2,-5.6,-0.01,-0.36,-0.2,-0.1,1.5,4,0.9,,9.7
2920452,BA,2906,Mansidão,-44.1077,-11.1218,Barreiras,-2.6,-3.1,1.7,-1.5,-6.2,0,0.03,-0.25,-0.32,-0.01,1.5,8.5,-3.5,,61.8
2920502,BA,2904,Maracás,-40.5485,-13.5038,Vitória da Conquista,,-12.2,1.7,-1.5,1.5,-9,0.11,-0.45,-0.03,-0.19,0.9,0.5,7.2,,
2920601,BA,2902,Maragogipe,-38.9373,-12.8231,Santo Antônio de Jesus,,2.3,1.7,-1.5,-7.5,-6.3,-0.05,-0.35,-0.25,-0.18,2.3,3.1,2.9,,
2920700,BA,2903,Maraú,-39.1491,-14.153,Ilhéus / Itabuna,,54.1,1.7,-1.5,-10.9,-0.8,-0.33,-0.12,-0.4,0,0.7,0.5,0.7,,
2920809,BA,2910,Marcionílio Souza,-40.6633,-13.1535,Feira de Santana,,59.9,1.7,-1.5,0.6,-12.5,0.14,-0.5,-0.02,-0.23,1.6,4.2,8.3,,-3.4
2920908,BA,2903,Mascote,-39.4179,-15.662,Ilhéus / Itabuna,,54.1,1.7,-1.5,-8.5,1.9,-0.25,-0.13,-0.36,0.08,0.7,0.8,12.7,,
2921005,BA,2901,Mata De São João,-38.158,-12.4838,Salvador,,1.6,1.7,-1.5,-13.6,-4.4,-0.09,-0.29,-0.29,-0.13,3.1,2.5,0,,
2921054,BA,2905,Matina,-42.9398,-13.8484,Guanambi,0,2.5,1.7,-1.5,-6,-1.6,0.09,-0.4,-0.27,-0.1,0.9,7.7,9,,-19.1
2921104,BA,2903,Medeiros Neto,-40.2871,-17.364,Ilhéus / Itabuna,,54.1,1.7,-1.5,-3.7,0.4,-0.05,-0.18,-0.23,0.01,0.6,5.7,0.4,,0.2
2921203,BA,2910,Miguel Calmon,-40.6199,-11.4228,Feira de Santana,,59.9,1.7,-1.5,0.7,-10.8,0.24,-0.43,0.02,-0.23,4.2,1.6,7.3,,8.8
2921302,BA,2902,Milagres,-39.7808,-12.9258,Santo Antônio de Jesus,,2.3,1.7,-1.5,-6,-5.4,-0.02,-0.36,-0.2,-0.12,2.6,0.4,8.3,,
2921401,BA,2910,Mirangaba,-40.7165,-10.7809,Feira de Santana,,59.9,1.7,-1.5,0.5,-9.8,0.21,-0.45,-0.01,-0.26,1.2,1.6,4.9,,117.8
2921450,BA,2904,Mirante,-40.7529,-14.1815,Vitória da Conquista,,-12.2,1.7,-1.5,-5.9,-8.7,-0.01,-0.42,-0.21,-0.18,1.5,3.4,3.4,,16.4
2921500,BA,2909,Monte Santo,-39.4722,-10.3713,Paulo Afonso,,44.7,1.7,-1.5,-6.3,-14.7,0.1,-0.44,-0.17,-0.25,1.3,4.8,6.4,,
2921609,BA,2907,Morpará,-43.0238,-11.7683,Irecê,9.2,-1.4,1.7,-1.5,-5.5,-6.8,0.13,-0.45,-0.18,-0.25,1.1,7,1.1,,-17.6
2921708,BA,2907,Morro Do Chapéu,-41.1539,-11.4882,Irecê,9.2,-1.4,1.7,-1.5,-0.6,-8.9,0.2,-0.44,-0.01,-0.2,2.3,0.1,4.2,,1.7
2921807,BA,2905,Mortugaba,-42.3482,-14.963,Guanambi,0,2.5,1.7,-1.5,-6.8,-1.5,0.06,-0.35,-0.33,-0.09,0.6,3.9,6.4,,25.9
2921906,BA,2910,Mucugê,-41.4728,-13.0606,Feira de Santana,,59.9,1.7,-1.5,-3.5,-7.4,0.2,-0.51,-0.14,-0.18,0.3,0.2,8.5,,-21.9
2922003,BA,2903,Mucuri,-39.8666,-18.0583,Ilhéus / Itabuna,,54.1,1.7,-1.5,-7.3,-2.2,-0.12,-0.21,-0.28,-0.08,1,5.5,5.3,,5
2922052,BA,2907,Mulungu Do Morro,-41.5182,-11.9847,Irecê,9.2,-1.4,1.7,-1.5,1.5,-7.3,0.28,-0.54,0.05,-0.22,1.3,0.8,1.7,,-3.5
2922102,BA,2910,Mundo Novo,-40.5575,-11.9543,Feira de Santana,,59.9,1.7,-1.5,2.8,-14,0.26,-0.54,0.02,-0.31,2.1,3.5,12.4,,
2922201,BA,2902,Muniz Ferreira,-39.0901,-12.9984,Santo Antônio de Jesus,,2.3,1.7,-1.5,-8.9,-2.7,-0.12,-0.23,-0.32,-0.07,2.7,2,2.3,,
2922250,BA,2907,Muquém De São Francisco,-43.4948,-12.1983,Irecê,9.2,-1.4,1.7,-1.5,-5.7,-1.5,0.16,-0.38,-0.31,-0.11,-0.9,7.5,-0.8,,-12.7
2922300,BA,2902,Muritiba,-39.0834,-12.622,Santo Antônio de Jesus,,2.3,1.7,-1.5,-14.5,-2.4,-0.04,-0.29,-0.35,-0.06,0.9,3.4,13.6,,
2922409,BA,2902,Mutuípe,-39.5066,-13.3132,Santo Antônio de Jesus,,2.3,1.7,-1.5,-10.1,-0.7,-0.24,-0.17,-0.41,0.01,1.8,0.3,3.7,,0.8
2922508,BA,2902,Nazaré,-38.9902,-12.9473,Santo Antônio de Jesus,,2.3,1.7,-1.5,-6.6,-7.2,-0.03,-0.38,-0.23,-0.22,2.5,2.7,-1.1,,
2922607,BA,2902,Nilo Peçanha,-39.1824,-13.66,Santo Antônio de Jesus,,2.3,1.7,-1.5,-10.6,-2.2,-0.3,-0.13,-0.41,-0.05,1.5,1,-1.9,,-1.5
2922656,BA,2910,Nordestina,-39.4529,-10.8762,Feira de Santana,,59.9,1.7,-1.5,-5.9,-10.8,0.08,-0.42,-0.14,-0.23,2.2,2.8,-1.9,,
2922706,BA,2904,Nova Canaã,-40.1883,-14.8581,Vitória da Conquista,,-12.2,1.7,-1.5,-9.3,-1.1,-0.15,-0.28,-0.37,0.01,0.4,3.9,13.3,,-4.3
2922730,BA,2910,Nova Fátima,-39.6392,-11.6216,Feira de Santana,,59.9,1.7,-1.5,-5.9,-17.1,0.02,-0.43,-0.14,-0.27,2.2,6.2,6.6,,
2922755,BA,2904,Nova Ibiá,-39.5833,-13.8163,Vitória da Conquista,,-12.2,1.7,-1.5,-12.4,0.8,-0.44,-0.07,-0.52,0.06,0.9,1.9,4.2,,
2922805,BA,2902,Nova Itarana,-40.0244,-13.0581,Santo Antônio de Jesus,,2.3,1.7,-1.5,-3,-7.5,-0.04,-0.33,-0.11,-0.17,0.8,0.6,4.3,,7.4
2922854,BA,2910,Nova Redenção,-41.1262,-12.839,Feira de Santana,,59.9,1.7,-1.5,0.2,-10.8,0.19,-0.47,-0.08,-0.21,1.1,3,7.6,,
2922904,BA,2909,Nova Soure,-38.5553,-11.3032,Paulo Afonso,,44.7,1.7,-1.5,-8.4,-13.4,0.09,-0.41,-0.14,-0.24,2.7,8.8,13.8,,
2923001,BA,2903,Nova Viçosa,-39.7191,-17.9017,Ilhéus / Itabuna,,54.1,1.7,-1.5,-7.2,-1,-0.1,-0.21,-0.29,-0.06,1.7,4.6,3.4,,-5.4
2923035,BA,2910,Novo Horizonte,-42.1317,-12.8406,Feira de Santana,,59.9,1.7,-1.5,-0.9,-7.4,0.18,-0.47,-0.08,-0.21,-1.3,0.5,-1.8,,-11
2923050,BA,2909,Novo Triunfo,-38.4502,-10.3675,Paulo Afonso,,44.7,1.7,-1.5,-1.2,-13.9,0.13,-0.42,-0.14,-0.25,3.6,4.8,22.9,,
2923100,BA,2909,Olindina,-38.3528,-11.4189,Paulo Afonso,,44.7,1.7,-1.5,-12.5,-9.9,0.07,-0.38,-0.19,-0.2,3.4,7,8.3,,
2923209,BA,2907,Oliveira Dos Brejinhos,-42.7442,-12.2647,Irecê,9.2,-1.4,1.7,-1.5,-3.4,-3,0.13,-0.39,-0.22,-0.14,1.6,6.3,3.6,,-18.6
2923308,BA,2910,Ouriçangas,-38.6535,-12.0115,Feira de Santana,,59.9,1.7,-1.5,-9.4,-8.7,0.02,-0.34,-0.21,-0.18,0.8,7.6,13.5,,
2923357,BA,2910,Ourolândia,-41.1292,-10.8441,Feira de Santana,,59.9,1.7,-1.5,-2.6,-8.9,0.15,-0.43,-0.12,-0.16,-0.1,1.6,7.4,,9.3
2923407,BA,2905,Palmas De Monte Alto,-43.219,-14.1747,Guanambi,0,2.5,1.7,-1.5,-1.8,-0.9,0.15,-0.37,-0.18,-0.09,-0.4,9.1,9.5,,-23.9
2923506,BA,2910,Palmeiras,-41.5613,-12.5499,Feira de Santana,,59.9,1.7,-1.5,-2.1,-7,0.22,-0.47,0,-0.24,0.2,0.9,1.2,,-5.2
2923605,BA,2904,Paramirim,-42.2499,-13.5205,Vitória da Conquista,,-12.2,1.7,-1.5,-0.6,-4.1,0.21,-0.44,-0.06,-0.17,-0.3,2.3,1.5,,31.2
2923704,BA,2905,Paratinga,-43.0674,-12.6893,Guanambi,0,2.5,1.7,-1.5,-8.4,-4.6,0.04,-0.41,-0.32,-0.18,2.9,7.4,6.6,,32.1
2923803,BA,2909,Paripiranga,-37.9011,-10.618,Paulo Afonso,,44.7,1.7,-1.5,-5.3,-12.3,0.03,-0.31,-0.14,-0.21,3.7,0.7,-2.3,,
2923902,BA,2903,Pau Brasil,-39.6977,-15.4567,Ilhéus / Itabuna,,54.1,1.7,-1.5,-10,2.2,-0.24,-0.18,-0.39,0.08,1.1,0.2,11,,
2924009,BA,2909,Paulo Afonso,-38.2976,-9.5382,Paulo Afonso,,44.7,1.7,-1.5,-2.6,-16.2,0.07,-0.39,-0.09,-0.26,0.5,7.3,10.5,,
2924058,BA,2910,Pé De Serra,-39.6042,-11.8721,Feira de Santana,,59.9,1.7,-1.5,-6.6,-13.4,0.06,-0.43,-0.19,-0.19,1.9,8,14.4,,
2924108,BA,2901,Pedrão,-38.6436,-12.1303,Salvador,,1.6,1.7,-1.5,-10.3,-7.1,0.03,-0.36,-0.21,-0.17,0.1,7.5,14.1,,
2924207,BA,2909,Pedro Alexandre,-37.9522,-10.06,Paulo Afonso,,44.7,1.7,-1.5,0.4,-21.3,0.12,-0.48,-0.03,-0.36,1.2,0.8,19.8,,
2924306,BA,2910,Piatã,-41.8722,-13.046,Feira de Santana,,59.9,1.7,-1.5,-1.4,-8.6,0.22,-0.55,-0.06,-0.22,-0.9,0,-6.3,,0.5
2924405,BA,2908,Pilão Arcado,-43.1212,-10.0097,Juazeiro,,13.3,1.7,-1.5,-4.2,-2.3,-0.01,-0.2,-0.27,-0.02,-1.4,5.8,2.6,,42.1
2924504,BA,2905,Pindaí,-42.6803,-14.4707,Guanambi,0,2.5,1.7,-1.5,-2.6,-5.1,0.16,-0.36,-0.17,-0.19,-0.2,4.5,9.6,,-10.3
2924603,BA,2908,Pindobaçu,-40.3397,-10.7246,Juazeiro,,13.3,1.7,-1.5,5.1,-14.4,0.22,-0.47,0.07,-0.33,2.1,4,-2.7,,15.8
2924652,BA,2910,Pintadas,-39.9012,-11.8782,Feira de Santana,,59.9,1.7,-1.5,-3.1,-16.4,0.1,-0.46,-0.14,-0.26,0.8,8.4,20.8,,
2924678,BA,2904,Piraí Do Norte,-39.3708,-13.8047,Vitória da Conquista,,-12.2,1.7,-1.5,-12.4,0.2,-0.37,-0.07,-0.47,0.02,0.8,0.4,-4.7,,
2924702,BA,2904,Piripá,-41.7205,-14.9969,Vitória da Conquista,,-12.2,1.7,-1.5,-5.2,-3.2,0.03,-0.35,-0.32,-0.09,-1,1.4,0.1,,-19.3
2924801,BA,2910,Piritiba,-40.6037,-11.6965,Feira de Santana,,59.9,1.7,-1.5,2.2,-10.6,0.24,-0.44,0.03,-0.22,2.8,2.1,9.7,,
2924900,BA,2904,Planaltino,-40.2844,-13.1951,Vitória da Conquista,,-12.2,1.7,-1.5,0.1,-10.8,0.07,-0.43,-0.05,-0.22,2.2,0.9,9.1,,8.9
2925006,BA,2904,Planalto,-40.4652,-14.7028,Vitória da Conquista,,-12.2,1.7,-1.5,-3.3,-1.7,-0.09,-0.26,-0.2,-0.04,-0.4,0.3,-0.1,,-8.4
2925105,BA,2904,Poções,-40.3586,-14.5378,Vitória da Conquista,,-12.2,1.7,-1.5,-1.6,-1.9,-0.08,-0.28,-0.17,-0.03,0.9,0.4,-1.3,,-4.1
2925204,BA,2901,Pojuca,-38.2505,-12.3563,Salvador,,1.6,1.7,-1.5,-12.6,-5.6,-0.05,-0.32,-0.27,-0.15,2,5.1,3.4,,
2925253,BA,2908,Ponto Novo,-40.1204,-10.9565,Juazeiro,,13.3,1.7,-1.5,0.8,-12.8,0.19,-0.44,-0.02,-0.26,6.4,3.4,9.1,,48
2925303,BA,2903,Porto Seguro,-39.2893,-16.6201,Ilhéus / Itabuna,,54.1,1.7,-1.5,-7.5,4.4,-0.09,-0.18,-0.28,0.13,1.4,4.9,2.3,,
2925402,BA,2904,Potiraguá,-39.7636,-15.7042,Vitória da Conquista,,-12.2,1.7,-1.5,-8.8,1.6,-0.15,-0.17,-0.37,0.07,0.4,3.8,12.3,,-4
2925501,BA,2903,Prado,-39.3568,-17.1299,Ilhéus / Itabuna,,54.1,1.7,-1.5,-8.4,3,-0.12,-0.25,-0.3,0.08,2.2,4.6,7.1,,-8.2
2925600,BA,2907,Presidente Dutra,-41.9976,-11.2959,Irecê,9.2,-1.4,1.7,-1.5,-4.5,-1.9,0.3,-0.51,-0.06,-0.13,-2.1,0.4,3.1,,20.3
2925709,BA,2904,Presidente Jânio Quadros,-41.7351,-14.7085,Vitória da Conquista,,-12.2,1.7,-1.5,-5.8,-4.9,0.06,-0.44,-0.28,-0.17,0,2.2,4.6,,-16.9
2925758,BA,2902,Presidente Tancredo Neves,-39.4212,-13.4475,Santo Antônio de Jesus,,2.3,1.7,-1.5,-13.4,2,-0.3,-0.09,-0.52,0.12,1.3,1.1,2.7,,1.2
2925808,BA,2910,Queimadas,-39.7635,-11.0597,Feira de Santana,,59.9,1.7,-1.5,-1.7,-14.8,0.14,-0.43,-0.07,-0.28,1.7,1,21.3,,
2925907,BA,2909,Quijingue,-39.0534,-10.7713,Paulo Afonso,,44.7,1.7,-1.5,-10.7,-9,0.05,-0.43,-0.22,-0.17,1.7,5.5,7.7,,
2925931,BA,2910,Quixabeira,-40.1117,-11.3798,Feira de Santana,,59.9,1.7,-1.5,-0.3,-13.5,0.2,-0.46,-0.04,-0.26,2.5,4.5,13.2,,
2925956,BA,2910,Rafael Jambeiro,-39.5832,-12.4704,Feira de Santana,,59.9,1.7,-1.5,-6.5,-8.8,0.06,-0.39,-0.22,-0.11,-1.1,7.1,22.8,,
2926004,BA,2908,Remanso,-42.2536,-9.5978,Juazeiro,,13.3,1.7,-1.5,-12.1,2,-0.22,-0.04,-0.48,0.13,1,2.6,5.8,,92.3
2926103,BA,2910,Retirolândia,-39.3949,-11.4923,Feira de Santana,,59.9,1.7,-1.5,-6.8,-16.6,0.07,-0.46,-0.14,-0.27,5.4,6.1,4.8,,
2926202,BA,2906,Riachão Das Neves,-45.1811,-11.6317,Barreiras,-2.6,-3.1,1.7,-1.5,-6.9,1.2,0.11,-0.3,-0.42,0.04,-0.4,4.2,5.4,-3.5,-0.4
2926301,BA,2910,Riachão Do Jacuípe,-39.4209,-11.8113,Feira de Santana,,59.9,1.7,-1.5,-5.4,-14.5,0.12,-0.46,-0.14,-0.25,2.4,7.3,12.6,,
2926400,BA,2905,Riacho De Santana,-43.1008,-13.6739,Guanambi,0,2.5,1.7,-1.5,-8.6,-1.6,0.05,-0.4,-0.3,-0.09,1.1,8.4,3.3,,-22.2
2926509,BA,2909,Ribeira Do Amparo,-38.3891,-10.9748,Paulo Afonso,,44.7,1.7,-1.5,-7,-13.2,0.05,-0.38,-0.16,-0.27,2.7,7.1,14.5,,
2926608,BA,2909,Ribeira Do Pombal,-38.497,-10.7696,Paulo Afonso,,44.7,1.7,-1.5,-9.4,-9.3,0.04,-0.35,-0.21,-0.2,3.6,7.7,18,,
2926657,BA,2904,Ribeirão Do Largo,-40.6491,-15.4195,Vitória da Conquista,,-12.2,1.7,-1.5,-9.4,-1,-0.11,-0.31,-0.38,-0.03,1.3,0.6,4,,-7.9
2926707,BA,2904,Rio De Contas,-41.743,-13.5847,Vitória da Conquista,,-12.2,1.7,-1.5,0,-3.3,0.19,-0.46,-0.07,-0.13,0.2,1,-3.5,,-1.5
2926806,BA,2905,Rio Do Antônio,-42.0837,-14.3068,Guanambi,0,2.5,1.7,-1.5,-5.3,-2.3,0.08,-0.39,-0.24,-0.12,2.6,2.9,4.3,,45
2926905,BA,2904,Rio Do Pires,-42.1302,-13.1469,Vitória da Conquista,,-12.2,1.7,-1.5,-3,-9,0.16,-0.54,-0.12,-0.23,0.3,1.4,-4.7,,40.1
2927002,BA,2901,Rio Real,-37.9165,-11.5439,Salvador,,1.6,1.7,-1.5,-12.1,-9.9,-0.07,-0.31,-0.21,-0.21,4.8,3.6,9.4,,
2927101,BA,2909,Rodelas,-38.6835,-9.2188,Paulo Afonso,,44.7,1.7,-1.5,-7.4,-14.4,0.04,-0.37,-0.14,-0.28,0,2.9,10.7,,
2927200,BA,2910,Ruy Barbosa,-40.6596,-12.2436,Feira de Santana,,59.9,1.7,-1.5,-1.1,-10.9,0.12,-0.48,-0.08,-0.22,1.8,2.9,9.5,,-2.5
2927309,BA,2902,Salinas Da Margarida,-38.7603,-12.8855,Santo Antônio de Jesus,,2.3,1.7,-1.5,-4.2,-10.8,0,-0.33,-0.13,-0.27,1.8,1.9,4.8,,
2927408,BA,2901,Salvador,-38.5152,-12.8743,Salvador,,1.6,1.7,-1.5,-7.1,-5.2,-0.05,-0.24,-0.19,-0.16,0.4,2,9.6,,
2927507,BA,2910,Santa Bárbara,-38.979,-11.9379,Feira de Santana,,59.9,1.7,-1.5,-8.3,-7.3,0.1,-0.38,-0.19,-0.15,0,8.4,8.6,,
2927606,BA,2909,Santa Brígida,-38.1447,-9.7634,Paulo Afonso,,44.7,1.7,-1.5,-0.2,-18.7,0.12,-0.45,-0.05,-0.31,2.7,5.2,11.3,,
2927705,BA,2903,Santa Cruz Cabrália,-39.2138,-16.2304,Ilhéus / Itabuna,,54.1,1.7,-1.5,-6.8,2.2,-0.06,-0.21,-0.29,0.1,0.6,3.1,0.3,,
2927804,BA,2903,Santa Cruz Da Vitória,-39.8104,-14.8933,Ilhéus / Itabuna,,54.1,1.7,-1.5,-11.6,1.8,-0.22,-0.2,-0.42,0.08,0.5,1.7,9.6,,-0.8
2927903,BA,2904,Santa Inês,-39.8515,-13.294,Vitória da Conquista,,-12.2,1.7,-1.5,-6.2,-1.1,-0.09,-0.27,-0.25,-0.03,1.6,0.6,0.4,,26.2
2928000,BA,2910,Santaluz,-39.4962,-11.2225,Feira de Santana,,59.9,1.7,-1.5,-8.2,-12.7,0.06,-0.41,-0.17,-0.23,2.6,4.4,6.3,,
2928059,BA,2903,Santa Luzia,-39.2432,-15.4412,Ilhéus / Itabuna,,54.1,1.7,-1.5,-9,2.6,-0.28,-0.1,-0.37,0.1,1.3,0,4.8,,
2928109,BA,2906,Santa Maria Da Vitória,-44.387,-13.2176,Barreiras,-2.6,-3.1,1.7,-1.5,-4.6,-3,0.18,-0.43,-0.18,-0.12,-0.1,5.9,0.9,,1.7
2928208,BA,2906,Santana,-43.9519,-13.0766,Barreiras,-2.6,-3.1,1.7,-1.5,-3.6,-1.7,0.19,-0.44,-0.17,-0.1,0.9,9.2,-5.3,-0.8,-23.8
2928307,BA,2910,Santanópolis,-38.8624,-11.974,Feira de Santana,,59.9,1.7,-1.5,-7.3,-6.7,0.1,-0.37,-0.17,-0.15,0.4,8.2,4.5,,
2928406,BA,2906,Santa Rita De Cássia,-44.5599,-11.0101,Barreiras,-2.6,-3.1,1.7,-1.5,-6.2,-0.3,0.05,-0.26,-0.33,-0.05,-0.1,7,0,,77.9
2928505,BA,2902,Santa Teresinha,-39.571,-12.7294,Santo Antônio de Jesus,,2.3,1.7,-1.5,-9.5,-4.4,-0.01,-0.35,-0.27,-0.08,1.5,2.6,15.2,,
2928604,BA,2901,Santo Amaro,-38.7634,-12.5684,Salvador,,1.6,1.7,-1.5,-11.2,-5.6,-0.04,-0.27,-0.23,-0.12,3.2,5.4,5.1,,
2928703,BA,2902,Santo Antônio De Jesus,-39.2281,-13.0029,Santo Antônio de Jesus,,2.3,1.7,-1.5,-8.1,-2.3,-0.1,-0.28,-0.32,-0.06,1.7,1.7,2.9,,
2928802,BA,2910,Santo Estêvão,-39.2701,-12.4684,Feira de Santana,,59.9,1.7,-1.5,-13.6,-3.1,0,-0.31,-0.33,-0.06,-0.4,4.6,15.2,,
2928901,BA,2906,São Desidério,-45.4891,-12.804,Barreiras,-2.6,-3.1,1.7,-1.5,-5.5,-0.9,0.11,-0.28,-0.29,-0.05,-0.2,3.3,-0.2,-4.3,-1.6
2928950,BA,2910,São Domingos,-39.567,-11.4726,Feira de Santana,,59.9,1.7,-1.5,-6.5,-15.4,0.03,-0.4,-0.17,-0.23,4.6,5.5,2.1,,
2929008,BA,2902,São Félix,-38.9984,-12.6752,Santo Antônio de Jesus,,2.3,1.7,-1.5,-12.9,-1.4,-0.04,-0.26,-0.3,-0.04,0.5,4,5.1,,
2929057,BA,2906,São Félix Do Coribe,-44.0442,-13.4841,Barreiras,-2.6,-3.1,1.7,-1.5,-2.4,-2.2,0.25,-0.42,-0.15,-0.08,-0.6,5.5,1.5,,44.8
2929107,BA,2902,São Felipe,-39.0951,-12.8422,Santo Antônio de Jesus,,2.3,1.7,-1.5,-8.1,-4.1,-0.05,-0.33,-0.29,-0.11,1.7,2.6,5.7,,
2929206,BA,2901,São Francisco Do Conde,-38.6322,-12.6514,Salvador,,1.6,1.7,-1.5,-4.7,-8.4,0.02,-0.3,-0.12,-0.2,2.2,3.8,4.5,,
2929255,BA,2907,São Gabriel,-41.696,-11.0625,Irecê,9.2,-1.4,1.7,-1.5,-7.5,-1,0.23,-0.47,-0.17,-0.07,-2.6,1.1,6.6,,-13.1
2929305,BA,2910,São Gonçalo Dos Campos,-38.943,-12.4178,Feira de Santana,,59.9,1.7,-1.5,-14,-4,0.01,-0.31,-0.29,-0.09,-1.2,5.3,11.6,,
2929354,BA,2903,São José Da Vitória,-39.3713,-15.0696,Ilhéus / Itabuna,,54.1,1.7,-1.5,-13.9,7.4,-0.33,-0.03,-0.55,0.27,0.6,0,12.2,,
2929370,BA,2910,São José Do Jacuípe,-39.9184,-11.4412,Feira de Santana,,59.9,1.7,-1.5,-0.7,-17.7,0.13,-0.46,-0.07,-0.29,2.1,5.2,5.8,,
2929404,BA,2902,São Miguel Das Matas,-39.4325,-13.0488,Santo Antônio de Jesus,,2.3,1.7,-1.5,-8.4,-3,-0.05,-0.31,-0.3,-0.08,0.8,1.8,8.2,,
2929503,BA,2901,São Sebastião Do Passé,-38.4983,-12.5184,Salvador,,1.6,1.7,-1.5,-5.7,-8.3,0.03,-0.33,-0.14,-0.19,1.7,2.4,4.6,,
2929602,BA,2902,Sapeaçu,-39.2137,-12.727,Santo Antônio de Jesus,,2.3,1.7,-1.5,-11.4,-4.8,-0.02,-0.3,-0.32,-0.09,2.7,2.9,11,,
2929701,BA,2901,Sátiro Dias,-38.5885,-11.5654,Salvador,,1.6,1.7,-1.5,-9.5,-11.9,0.11,-0.43,-0.14,-0.25,4.3,5.3,11,,
2929750,BA,2901,Saubara,-38.7698,-12.7754,Salvador,,1.6,1.7,-1.5,-4.4,-9.3,0.04,-0.29,-0.12,-0.24,2.1,3.5,5.3,,
2929800,BA,2910,Saúde,-40.3903,-10.9141,Feira de Santana,,59.9,1.7,-1.5,-1.1,-12.9,0.19,-0.44,-0.03,-0.27,4.4,3.9,15.2,,19.1
2929909,BA,2910,Seabra,-41.8812,-12.4229,Feira de Santana,,59.9,1.7,-1.5,-1.4,-5.5,0.25,-0.43,-0.03,-0.16,1.5,0.3,4.8,,-9.7
2930006,BA,2905,Sebastião Laranjeiras,-43.1388,-14.5682,Guanambi,0,2.5,1.7,-1.5,0.1,-5.6,0.16,-0.37,-0.08,-0.24,0,8,3.2,,-40
2930105,BA,2908,Senhor Do Bonfim,-40.1125,-10.4791,Juazeiro,,13.3,1.7,-1.5,7.7,-13.6,0.23,-0.42,0.11,-0.3,2.2,3.2,2.5,,54.2
2930154,BA,2905,Serra Do Ramalho,-43.7016,-13.4899,Guanambi,0,2.5,1.7,-1.5,-6.1,-1.8,0.15,-0.37,-0.27,-0.07,3.2,10.4,-1.1,1.5,21.7
2930204,BA,2908,Sento Sé,-41.6379,-10.1249,Juazeiro,,13.3,1.7,-1.5,-11.1,-7,-0.08,-0.33,-0.31,-0.15,3.2,3.4,-0.9,,58.5
2930303,BA,2906,Serra Dourada,-43.8435,-12.8155,Barreiras,-2.6,-3.1,1.7,-1.5,-6.3,-0.5,0.15,-0.36,-0.33,-0.05,0.4,9.9,-6.6,,-14.6
2930402,BA,2910,Serra Preta,-39.3729,-12.1058,Feira de Santana,,59.9,1.7,-1.5,-9.4,-9.7,0.11,-0.43,-0.23,-0.17,1.2,7.6,9.8,,
2930501,BA,2910,Serrinha,-38.9895,-11.6668,Feira de Santana,,59.9,1.7,-1.5,-5.9,-10.4,0.1,-0.44,-0.14,-0.23,3.8,8,12.2,,
2930600,BA,2910,Serrolândia,-40.2537,-11.4365,Feira de Santana,,59.9,1.7,-1.5,-1.2,-14.5,0.19,-0.46,-0.03,-0.27,1.4,4.4,16.7,,1.3
2930709,BA,2901,Simões Filho,-38.3991,-12.7698,Salvador,,1.6,1.7,-1.5,-3.1,-7.5,0.01,-0.27,-0.09,-0.21,1,2.7,9.8,,
2930758,BA,2905,Sítio Do Mato,-43.5047,-12.8788,Guanambi,0,2.5,1.7,-1.5,-5.4,-4.4,0.12,-0.41,-0.29,-0.18,1.3,9.8,-6.7,,28.5
2930766,BA,2909,Sítio Do Quinto,-38.1541,-10.3276,Paulo Afonso,,44.7,1.7,-1.5,-0.7,-17.4,0.09,-0.43,-0.09,-0.31,5.4,4,9.3,,
2930774,BA,2908,Sobradinho,-40.8675,-9.6624,Juazeiro,,13.3,1.7,-1.5,-9.6,-8.1,-0.06,-0.29,-0.27,-0.14,0.3,6.7,6.4,,33.5
2930808,BA,2910,Souto Soares,-41.7905,-12.0206,Feira de Santana,,59.9,1.7,-1.5,-1.3,-2.6,0.25,-0.49,0.05,-0.18,-1.5,1,3.2,,14.7
2930907,BA,2906,Tabocas Do Brejo Velho,-44.1546,-12.4728,Barreiras,-2.6,-3.1,1.7,-1.5,-8.5,3.4,0.08,-0.24,-0.47,0.12,-1.1,4.4,-1.9,,-12.4
2931004,BA,2904,Tanhaçu,-41.1993,-14.1514,Vitória da Conquista,,-12.2,1.7,-1.5,-4.2,-6.7,0.05,-0.41,-0.17,-0.16,1.2,2.8,4.8,,-8.1
2931053,BA,2905,Tanque Novo,-42.5479,-13.5571,Guanambi,0,2.5,1.7,-1.5,-3.6,-2.8,0.1,-0.42,-0.16,-0.12,0.8,2.7,-2.8,,85.4
2931103,BA,2910,Tanquinho,-39.09,-11.9516,Feira de Santana,,59.9,1.7,-1.5,-8.3,-8.5,0.11,-0.39,-0.19,-0.18,0.4,8.5,-2.7,,
2931202,BA,2902,Taperoá,-39.2208,-13.5755,Santo Antônio de Jesus,,2.3,1.7,-1.5,-12.3,-1.3,-0.34,-0.11,-0.52,0.02,1.7,0.5,2.7,,3.5
2931301,BA,2910,Tapiramutá,-40.7822,-11.8857,Feira de Santana,,59.9,1.7,-1.5,5,-9.4,0.26,-0.46,0.07,-0.23,2.3,1.1,12.3,,
2931350,BA,2903,Teixeira De Freitas,-39.7865,-17.4222,Ilhéus / Itabuna,,54.1,1.7,-1.5,-10.4,1.8,-0.13,-0.16,-0.37,0.03,2.1,4.7,10,,3.6
2931400,BA,2901,Teodoro Sampaio,-38.6195,-12.2621,Salvador,,1.6,1.7,-1.5,-8.1,-8.9,0.07,-0.4,-0.17,-0.2,-0.3,7.7,6.1,,
2931509,BA,2910,Teofilândia,-38.9568,-11.4766,Feira de Santana,,59.9,1.7,-1.5,-6.7,-9.2,0.1,-0.43,-0.16,-0.2,4.6,7.5,13.3,,
2931608,BA,2904,Teolândia,-39.5067,-13.5502,Vitória da Conquista,,-12.2,1.7,-1.5,-11.7,-1.7,-0.3,-0.14,-0.5,-0.01,1.2,1.7,3.1,,
2931707,BA,2901,Terra Nova,-38.5976,-12.3887,Salvador,,1.6,1.7,-1.5,-10.6,-6.3,-0.02,-0.35,-0.2,-0.15,0,6.4,2.6,,
2931806,BA,2904,Tremedal,-41.4574,-15.0063,Vitória da Conquista,,-12.2,1.7,-1.5,-7.4,-4.7,-0.03,-0.32,-0.34,-0.1,-0.8,1.9,6.4,,101.9
2931905,BA,2909,Tucano,-38.7876,-10.9897,Paulo Afonso,,44.7,1.7,-1.5,-7.8,-9.5,0.06,-0.37,-0.17,-0.2,2.8,7.8,5.2,,
2932002,BA,2908,Uauá,-39.4599,-9.9041,Juazeiro,,13.3,1.7,-1.5,-1.4,-12.6,0.14,-0.4,-0.14,-0.23,2,4.3,1.5,,
2932101,BA,2902,Ubaíra,-39.6863,-13.2658,Santo Antônio de Jesus,,2.3,1.7,-1.5,-8.1,-0.4,-0.17,-0.22,-0.33,0.01,1.6,0.6,3.8,,13.8
2932200,BA,2903,Ubaitaba,-39.4231,-14.2667,Ilhéus / Itabuna,,54.1,1.7,-1.5,-12.9,-0.5,-0.37,-0.15,-0.56,0.05,1.2,6.1,5.1,,
2932309,BA,2904,Ubatã,-39.5237,-14.0598,Vitória da Conquista,,-12.2,1.7,-1.5,-12,1.3,-0.34,-0.1,-0.54,0.1,1.9,5,10.2,,
2932408,BA,2907,Uibaí,-42.1044,-11.3763,Irecê,9.2,-1.4,1.7,-1.5,-5.8,-2.6,0.19,-0.47,-0.11,-0.14,-1.5,1.7,2.2,,-3
2932457,BA,2910,Umburanas,-41.2361,-10.5678,Feira de Santana,,59.9,1.7,-1.5,-3.5,-9.9,0.1,-0.44,-0.17,-0.21,0.7,1.3,6.1,,-12.6
2932507,BA,2903,Una,-39.1638,-15.2219,Ilhéus / Itabuna,,54.1,1.7,-1.5,-10.6,3.7,-0.28,-0.1,-0.46,0.16,0.5,0.1,7.1,,2.8
2932606,BA,2905,Urandi,-42.6926,-14.7277,Guanambi,0,2.5,1.7,-1.5,-0.9,-5.1,0.15,-0.35,-0.15,-0.18,-1.2,5.4,3.3,,-4.9
2932705,BA,2903,Uruçuca,-39.217,-14.5172,Ilhéus / Itabuna,,54.1,1.7,-1.5,-9.5,3.3,-0.22,-0.1,-0.39,0.12,0.9,0.6,4.2,,0.8
2932804,BA,2910,Utinga,-41.0624,-12.0496,Feira de Santana,,59.9,1.7,-1.5,3.5,-7.4,0.22,-0.49,0.04,-0.18,3.6,2.1,7,,
2932903,BA,2902,Valença,-39.1975,-13.3558,Santo Antônio de Jesus,,2.3,1.7,-1.5,-10.8,-4.2,-0.26,-0.2,-0.42,-0.09,1.9,0.9,1.7,,-9.4
2933000,BA,2910,Valente,-39.451,-11.3851,Feira de Santana,,59.9,1.7,-1.5,-6.6,-14.1,0.07,-0.42,-0.14,-0.24,4.3,5.2,2.9,,
2933059,BA,2910,Várzea Da Roça,-40.0554,-11.5992,Feira de Santana,,59.9,1.7,-1.5,-1.7,-16.1,0.15,-0.46,-0.06,-0.29,1.2,4.8,3.3,,
2933109,BA,2910,Várzea Do Poço,-40.3172,-11.5402,Feira de Santana,,59.9,1.7,-1.5,2,-14,0.22,-0.45,0.03,-0.27,4.4,3.8,13.9,,-4.5
2933158,BA,2910,Várzea Nova,-41.0297,-11.1218,Feira de Santana,,59.9,1.7,-1.5,0,-9,0.21,-0.45,-0.01,-0.2,1.2,1.8,3.5,,-30
2933174,BA,2902,Varzedo,-39.3932,-12.9539,Santo Antônio de Jesus,,2.3,1.7,-1.5,-6.6,-4.2,0.03,-0.33,-0.22,-0.12,1.8,2,5.7,,1.5
2933208,BA,2902,Vera Cruz,-38.6941,-13.006,Santo Antônio de Jesus,,2.3,1.7,-1.5,-4.5,-7.7,0.01,-0.34,-0.15,-0.24,1.8,0.4,4.2,,
2933257,BA,2903,Vereda,-39.9326,-17.1864,Ilhéus / Itabuna,,54.1,1.7,-1.5,-9.8,3.9,-0.11,-0.16,-0.41,0.12,1.9,4.6,8.3,,
2933307,BA,2904,Vitória Da Conquista,-40.917,-15.0258,Vitória da Conquista,,-12.2,1.7,-1.5,-4.5,-4.7,-0.06,-0.27,-0.22,-0.09,-2,0.5,7.7,,-4
2933406,BA,2910,Wagner,-41.1642,-12.2332,Feira de Santana,,59.9,1.7,-1.5,1.3,-7.3,0.2,-0.5,0.02,-0.19,-0.8,2.6,-1.2,,4.8
2933455,BA,2906,Wanderley,-43.9049,-11.81,Barreiras,-2.6,-3.1,1.7,-1.5,-7.4,0.6,0,-0.24,-0.37,-0.01,-0.7,8.4,0,,34.4
2933505,BA,2904,Wenceslau Guimarães,-39.6231,-13.6324,Vitória da Conquista,,-12.2,1.7,-1.5,-11.8,-0.5,-0.29,-0.18,-0.42,0.02,2.1,2.6,3.9,,
2933604,BA,2907,Xique-Xique,-42.7945,-11.0264,Irecê,9.2,-1.4,1.7,-1.5,-10.5,-1.9,0.04,-0.37,-0.33,-0.08,0.8,6.6,3.4,,91.7
3100104,MG,3111,Abadia Dos Dourados,-47.4614,-18.3527,Uberlândia,-4,-0.7,-2.7,-1.6,3.1,-6.6,0.25,-0.29,0.14,-0.32,-0.6,2.3,0.9,-6.3,-2.1
3100203,MG,3113,Abaeté,-45.358,-19.1037,Divinópolis,1.1,-1.1,-2.7,-1.6,-3.3,0.4,0.06,-0.16,-0.14,0,-1.3,5.3,1.8,-4,6.8
3100302,MG,3106,Abre Campo,-42.4415,-20.2712,Juíz de Fora,2.1,1,-2.7,-1.6,-5,3.3,-0.01,-0.08,-0.22,0.12,0.4,0.3,3.4,,0.7
3100401,MG,3106,Acaiaca,-43.1017,-20.3999,Juíz de Fora,2.1,1,-2.7,-1.6,-6.5,3,-0.1,-0.01,-0.27,0.12,-0.1,0.9,1.1,,1.4
3100500,MG,3105,Açucena,-42.45,-19.0525,Ipatinga,,-0.5,-2.7,-1.6,1.3,-6.6,0.17,-0.37,0.04,-0.26,0.3,0.9,2.6,,-0.5
3100609,MG,3103,Água Boa,-42.2764,-18.0274,Teófilo Otoni,8.9,-2.2,-2.7,-1.6,-3.9,-3.6,0.05,-0.29,-0.22,-0.14,-0.1,6.7,2.7,,-11.7
3100708,MG,3110,Água Comprida,-48.0845,-20.0048,Uberaba,-3.2,-2.1,-2.7,-1.6,11.1,-9.8,0.45,-0.3,0.51,-0.44,0.2,2.5,0.4,1.4,0.3
3100807,MG,3108,Aguanil,-45.4227,-20.9742,Varginha,0.3,-1.4,-2.7,-1.6,-0.4,2,0.1,0.02,-0.03,0.08,0.4,0.8,0.7,-2,-4.6
3100906,MG,3103,Águas Formosas,-40.9731,-17.0418,Teófilo Otoni,8.9,-2.2,-2.7,-1.6,-4.1,-1.7,0,-0.27,-0.25,-0.06,0.3,10.1,0.6,,3.7
3101003,MG,3103,Águas Vermelhas,-41.5214,-15.6847,Teófilo Otoni,8.9,-2.2,-2.7,-1.6,-7.6,-3.5,0.04,-0.33,-0.34,-0.09,-0.7,1.6,3.4,,10.1
3101102,MG,3104,Aimorés,-41.2134,-19.6245,Governador Valadares,,-0.9,-2.7,-1.6,-8.8,-1.3,0.01,-0.23,-0.33,-0.03,1,8.2,5.5,,-5.1
3101201,MG,3109,Aiuruoca,-44.6481,-21.954,Pouso Alegre,3.4,-0.7,-2.7,-1.6,2.6,-2.3,0.17,-0.07,0.1,-0.15,0.5,0,0.5,,0.2
3101300,MG,3109,Alagoa,-44.6598,-22.1848,Pouso Alegre,3.4,-0.7,-2.7,-1.6,-0.2,-0.3,0.04,0.07,-0.03,-0.01,0.8,0,4.2,,13
3101409,MG,3109,Albertina,-46.6116,-22.1979,Pouso Alegre,3.4,-0.7,-2.7,-1.6,3.7,-1.8,0.16,-0.05,0.2,-0.1,0.5,0.7,-1.7,,5.7
3101508,MG,3106,Além Paraíba,-42.7444,-21.8255,Juíz de Fora,2.1,1,-2.7,-1.6,-3.8,5,-0.03,0.12,-0.25,0.31,-0.7,6.3,0.6,,0.1
3101607,MG,3108,Alfenas,-45.967,-21.3875,Varginha,0.3,-1.4,-2.7,-1.6,1.8,-1.8,0.13,-0.02,0.1,-0.08,0.2,0.6,-4.4,-2,-2.5
3101631,MG,3107,Alfredo Vasconcelos,-43.7153,-21.1398,Barbacena,2.9,-1.7,-2.7,-1.6,-0.6,0.5,0.14,-0.09,-0.06,0.04,-0.5,0.1,0.3,,3.6
3101706,MG,3103,Almenara,-40.7239,-16.0901,Teófilo Otoni,8.9,-2.2,-2.7,-1.6,-7,-0.1,0.09,-0.31,-0.32,0.02,0.8,4.6,5.4,,-5.3
3101805,MG,3104,Alpercata,-42.0186,-18.9833,Governador Valadares,,-0.9,-2.7,-1.6,-2.1,-4.3,0.07,-0.22,-0.1,-0.16,1.4,6.2,8.6,,-12.4
3101904,MG,3108,Alpinópolis,-46.3753,-20.8591,Varginha,0.3,-1.4,-2.7,-1.6,4.5,-1.9,0.19,-0.11,0.23,-0.12,0.2,0.9,0.8,7.4,-1.6
3102001,MG,3108,Alterosa,-46.1534,-21.2258,Varginha,0.3,-1.4,-2.7,-1.6,3.2,-2.5,0.14,-0.08,0.18,-0.11,0.5,1,-2.5,,-1.9
3102050,MG,3106,Alto Caparaó,-41.8619,-20.4582,Juíz de Fora,2.1,1,-2.7,-1.6,-7.3,3.3,-0.13,-0.05,-0.38,0.18,1.7,0,-0.7,,-1.6
3102100,MG,3107,Alto Rio Doce,-43.4039,-21.0347,Barbacena,2.9,-1.7,-2.7,-1.6,-1.9,0.7,0.1,-0.12,-0.12,0.06,0,0.5,0.2,,0.4
3102209,MG,3105,Alvarenga,-41.6962,-19.4204,Ipatinga,,-0.5,-2.7,-1.6,-6.3,-1.7,0.02,-0.25,-0.23,-0.08,2.3,2.3,6,,-0.3
3102308,MG,3106,Alvinópolis,-43.1529,-20.1132,Juíz de Fora,2.1,1,-2.7,-1.6,-6.6,1.7,-0.07,-0.05,-0.26,0.08,-0.8,0.7,1.1,,3.2
3102407,MG,3103,Alvorada De Minas,-43.3699,-18.7784,Teófilo Otoni,8.9,-2.2,-2.7,-1.6,-4.8,0.4,0.08,-0.24,-0.22,0,-0.4,1.5,2.7,,11.8
3102506,MG,3106,Amparo Do Serra,-42.8041,-20.5285,Juíz de Fora,2.1,1,-2.7,-1.6,-6.7,0.8,-0.05,-0.1,-0.27,0.04,-0.6,1.2,2.7,,18
3102605,MG,3109,Andradas,-46.5533,-22.074,Pouso Alegre,3.4,-0.7,-2.7,-1.6,2.7,0.2,0.16,0.02,0.16,0.01,0.9,0.1,1.3,,5
3102704,MG,3103,Cachoeira De Pajeú,-41.4996,-15.9697,Teófilo Otoni,8.9,-2.2,-2.7,-1.6,-8.8,-0.1,0.01,-0.29,-0.39,0.01,0.3,1.9,7,,18.3
3102803,MG,3106,Andrelândia,-44.2691,-21.7403,Juíz de Fora,2.1,1,-2.7,-1.6,-0.4,2.1,0.13,0.01,-0.05,0.1,-0.3,0.1,-1.5,1.3,4.8
3102852,MG,3103,Angelândia,-42.2827,-17.7015,Teófilo Otoni,8.9,-2.2,-2.7,-1.6,-3,-4,0.05,-0.28,-0.21,-0.18,0,0.5,-1.1,,-11.1
3102902,MG,3107,Antônio Carlos,-43.7657,-21.4116,Barbacena,2.9,-1.7,-2.7,-1.6,-1.1,1.6,0.13,-0.06,-0.08,0.1,-0.3,0.1,0.2,,8.2
3103009,MG,3105,Antônio Dias,-42.8776,-19.5676,Ipatinga,,-0.5,-2.7,-1.6,-4.7,0.1,0.08,-0.21,-0.22,-0.01,-0.2,0.4,1.5,,1.6
3103108,MG,3106,Antônio Prado De Minas,-42.1536,-21.0213,Juíz de Fora,2.1,1,-2.7,-1.6,-9.7,7,-0.15,0.07,-0.43,0.29,0.1,4.9,1.6,,2.2
3103207,MG,3101,Araçaí,-44.2185,-19.2345,Belo Horizonte,3.3,-1,-2.7,-1.6,-2.7,-1.5,0.17,-0.24,-0.15,-0.04,-1.6,2.6,4.8,,4.6
3103306,MG,3106,Aracitaba,-43.4058,-21.351,Juíz de Fora,2.1,1,-2.7,-1.6,-3.2,1.9,0.05,-0.01,-0.18,0.11,-0.2,0.6,-3,,-0.9
3103405,MG,3103,Araçuaí,-41.9931,-16.9305,Teófilo Otoni,8.9,-2.2,-2.7,-1.6,-1.7,-2.8,0.08,-0.33,-0.17,-0.15,0.2,7,3.1,,21.6
3103504,MG,3111,Araguari,-48.2225,-18.5764,Uberlândia,-4,-0.7,-2.7,-1.6,4.6,-6.4,0.17,-0.25,0.19,-0.29,0.4,1.6,1.8,-0.8,0.1
3103603,MG,3106,Arantina,-44.228,-21.8977,Juíz de Fora,2.1,1,-2.7,-1.6,-3.3,4.7,-0.01,0.13,-0.19,0.23,0.2,0.1,-0.2,,17.2
3103702,MG,3106,Araponga,-42.499,-20.6629,Juíz de Fora,2.1,1,-2.7,-1.6,-8.1,4.3,-0.15,0.02,-0.39,0.22,-0.2,0,2.6,,0.4
3103751,MG,3111,Araporã,-49.1248,-18.4763,Uberlândia,-4,-0.7,-2.7,-1.6,-0.9,0.1,0.08,-0.1,-0.04,-0.02,0.2,2.9,-1.2,-2.8,-1.9
3103801,MG,3112,Arapuá,-46.1152,-19.0439,Patos de Minas,-2.1,-3.2,-2.7,-1.6,-2.5,-1.1,0.05,-0.19,-0.13,-0.04,-0.8,0.6,-0.8,,-0.9
3103900,MG,3113,Araújos,-45.1807,-19.8878,Divinópolis,1.1,-1.1,-2.7,-1.6,-0.3,-3.2,0.06,-0.19,-0.03,-0.16,-0.5,3.1,1.7,,-2
3104007,MG,3110,Araxá,-46.9715,-19.6366,Uberaba,-3.2,-2.1,-2.7,-1.6,0.5,-1,0.07,-0.16,0.05,-0.07,0.4,0.6,3.2,-5,0.5
3104106,MG,3108,Arceburgo,-46.9408,-21.3576,Varginha,0.3,-1.4,-2.7,-1.6,2.9,-1.4,0.12,0,0.19,-0.05,0.2,1.7,-4.4,,3.4
3104205,MG,3113,Arcos,-45.5471,-20.258,Divinópolis,1.1,-1.1,-2.7,-1.6,0.5,0,0.1,-0.1,0.01,-0.02,-0.1,2.3,2.8,-6.8,-1.4
3104304,MG,3108,Areado,-46.1434,-21.358,Varginha,0.3,-1.4,-2.7,-1.6,1.5,-1.5,0.09,-0.02,0.09,-0.06,0.3,0.9,-0.2,,2.7
3104403,MG,3106,Argirita,-42.8317,-21.6327,Juíz de Fora,2.1,1,-2.7,-1.6,-7.3,5.7,-0.13,0.08,-0.38,0.3,-1,3,7.1,,2.1
3104452,MG,3103,Aricanduva,-42.6024,-17.8873,Teófilo Otoni,8.9,-2.2,-2.7,-1.6,-4,-3.2,-0.04,-0.22,-0.24,-0.16,0,0.7,0.5,,-0.7
3104502,MG,3112,Arinos,-45.9882,-15.7506,Patos de Minas,-2.1,-3.2,-2.7,-1.6,-0.6,-4.9,0.19,-0.37,-0.09,-0.24,-1.5,7,-3.4,1.8,-5.5
3104601,MG,3106,Astolfo Dutra,-42.8777,-21.3159,Juíz de Fora,2.1,1,-2.7,-1.6,-4.5,2.1,-0.07,-0.07,-0.24,0.11,-1.1,3.6,4.9,,-4.9
3104700,MG,3103,Ataléia,-41.1528,-18.1648,Teófilo Otoni,8.9,-2.2,-2.7,-1.6,-5,-0.3,-0.09,-0.14,-0.27,-0.02,2.1,8.1,-0.6,,12.3
3104809,MG,3101,Augusto De Lima,-44.1973,-18.1077,Belo Horizonte,3.3,-1,-2.7,-1.6,-7.3,1.3,-0.06,-0.22,-0.35,0.03,-0.2,1.6,1.9,,16.6
3104908,MG,3109,Baependi,-44.8214,-22.018,Pouso Alegre,3.4,-0.7,-2.7,-1.6,1,0.7,0.11,0.08,0,0.03,0.8,0.3,-0.5,,-1.5
3105004,MG,3101,Baldim,-43.8625,-19.2614,Belo Horizonte,3.3,-1,-2.7,-1.6,-2.5,-2.3,0.15,-0.24,-0.09,-0.13,-0.2,0.8,2.1,,0.7
3105103,MG,3113,Bambuí,-45.9985,-20.1121,Divinópolis,1.1,-1.1,-2.7,-1.6,1.8,-2.2,0.11,-0.18,0.09,-0.11,0,2.8,7.1,-2.4,-0.3
3105202,MG,3103,Bandeira,-40.579,-15.8764,Teófilo Otoni,8.9,-2.2,-2.7,-1.6,-10.2,2.6,-0.01,-0.27,-0.4,0.09,1.2,5.2,-0.1,,-3
3105301,MG,3109,Bandeira Do Sul,-46.3852,-21.7242,Pouso Alegre,3.4,-0.7,-2.7,-1.6,5.2,-4.3,0.25,-0.15,0.26,-0.23,0.4,0.1,1.9,,0.1
3105400,MG,3101,Barão De Cocais,-43.4968,-19.8923,Belo Horizonte,3.3,-1,-2.7,-1.6,-3.8,-0.6,0.14,-0.17,-0.14,-0.07,-2,0.6,0,,-6.4
3105509,MG,3106,Barão De Monte Alto,-42.2785,-21.2641,Juíz de Fora,2.1,1,-2.7,-1.6,-9.5,8,-0.15,0.15,-0.43,0.36,0,4.4,-4.1,,-2.1
3105608,MG,3107,Barbacena,-43.801,-21.2516,Barbacena,2.9,-1.7,-2.7,-1.6,1,-0.3,0.22,-0.13,0.03,-0.01,-0.7,0.1,1.3,,-2.7
3105707,MG,3106,Barra Longa,-43.0663,-20.2761,Juíz de Fora,2.1,1,-2.7,-1.6,-4.3,-0.4,-0.04,-0.12,-0.18,-0.01,0.5,2.1,0.9,,2.6
3105905,MG,3107,Barroso,-43.9572,-21.1817,Barbacena,2.9,-1.7,-2.7,-1.6,0.6,0.2,0.21,-0.12,0.01,0.01,-0.7,0.2,1.2,,-1
3106002,MG,3105,Bela Vista De Minas,-43.1089,-19.7964,Ipatinga,,-0.5,-2.7,-1.6,-6.3,0.5,0.03,-0.18,-0.26,-0.01,-1.2,0.4,0.7,,-1.6
3106101,MG,3106,Belmiro Braga,-43.4685,-21.9835,Juíz de Fora,2.1,1,-2.7,-1.6,-1.1,3.2,0.1,0.02,-0.09,0.17,0.3,1.1,-1.5,,-4.3
3106200,MG,3101,Belo Horizonte,-43.9585,-19.9005,Belo Horizonte,3.3,-1,-2.7,-1.6,-3.5,1,0.12,-0.11,-0.17,0.02,-0.7,0.6,3.4,,
3106309,MG,3105,Belo Oriente,-42.4522,-19.2593,Ipatinga,,-0.5,-2.7,-1.6,-1.8,-2.6,0.09,-0.29,-0.08,-0.13,1.3,4.1,1.7,,8.6
3106408,MG,3107,Belo Vale,-44.0595,-20.4252,Barbacena,2.9,-1.7,-2.7,-1.6,-2.5,-0.6,0.13,-0.2,-0.14,-0.05,-1.1,0.4,0.5,,-3.3
3106507,MG,3103,Berilo,-42.4939,-16.8629,Teófilo Otoni,8.9,-2.2,-2.7,-1.6,-2.5,-3.1,0.05,-0.3,-0.17,-0.14,0.3,8.6,1.7,,62.3
3106606,MG,3103,Bertópolis,-40.5743,-16.9732,Teófilo Otoni,8.9,-2.2,-2.7,-1.6,-2.9,-0.7,0.01,-0.24,-0.19,-0.05,-0.7,7.1,2,,8.6
3106655,MG,3102,Berizal,-41.7616,-15.6849,Montes Claros,9.4,0.8,-2.7,-1.6,-5.8,-3.4,0.05,-0.34,-0.3,-0.12,-2.1,2.5,4.9,,-0.4
3106705,MG,3101,Betim,-44.1992,-19.9467,Belo Horizonte,3.3,-1,-2.7,-1.6,-2.9,1.3,0.08,-0.09,-0.16,0.03,-0.5,0.7,-0.6,,-3.4
3106804,MG,3106,Bias Fortes,-43.7724,-21.6244,Juíz de Fora,2.1,1,-2.7,-1.6,-1.2,2.8,0.04,0.07,-0.11,0.17,0.4,0.5,-3.8,,-1.1
3106903,MG,3106,Bicas,-43.1045,-21.7329,Juíz de Fora,2.1,1,-2.7,-1.6,-2,1.6,0.07,-0.09,-0.13,0.12,-0.6,1.1,0.7,,1.4
3107000,MG,3113,Biquinhas,-45.5374,-18.7579,Divinópolis,1.1,-1.1,-2.7,-1.6,-5.2,0.6,-0.03,-0.17,-0.26,0.03,-1.5,5,4,,-9.4
3107109,MG,3108,Boa Esperança,-45.6227,-21.0498,Varginha,0.3,-1.4,-2.7,-1.6,-0.2,0.9,0.05,0.02,-0.02,0.01,0.4,0.8,-1.8,-5.7,-5.6
3107208,MG,3106,Bocaina De Minas,-44.4836,-22.2183,Juíz de Fora,2.1,1,-2.7,-1.6,-1.9,2.3,-0.07,0.17,-0.17,0.17,0.4,0.1,3.9,,11.9
3107307,MG,3102,Bocaiúva,-43.6864,-17.2871,Montes Claros,9.4,0.8,-2.7,-1.6,-7.3,-0.4,0.01,-0.26,-0.35,-0.04,1.2,1.9,1.4,,38.8
3107406,MG,3113,Bom Despacho,-45.2843,-19.6846,Divinópolis,1.1,-1.1,-2.7,-1.6,0.1,-2.8,0.06,-0.2,-0.02,-0.13,-0.7,4.4,3.6,4.5,-3.1
3107505,MG,3106,Bom Jardim De Minas,-44.1258,-21.9496,Juíz de Fora,2.1,1,-2.7,-1.6,-6.9,6.6,-0.16,0.22,-0.31,0.32,0.6,0,0,,-6.6
3107604,MG,3108,Bom Jesus Da Penha,-46.5305,-21.0141,Varginha,0.3,-1.4,-2.7,-1.6,5,-2.6,0.22,-0.09,0.26,-0.17,0.7,0.4,-0.9,-0.5,0.7
3107703,MG,3101,Bom Jesus Do Amparo,-43.4664,-19.7203,Belo Horizonte,3.3,-1,-2.7,-1.6,-3.8,-1.1,0.15,-0.19,-0.14,-0.08,-0.8,0.9,4.1,,-2
3107802,MG,3105,Bom Jesus Do Galho,-42.3533,-19.7397,Ipatinga,,-0.5,-2.7,-1.6,-6.1,0,0.07,-0.2,-0.27,0.02,0.3,1.4,2.3,,6
3107901,MG,3109,Bom Repouso,-46.1845,-22.4434,Pouso Alegre,3.4,-0.7,-2.7,-1.6,-1.1,2.8,0.02,0.15,-0.07,0.16,0.1,0,-0.8,,-1.3
3108008,MG,3108,Bom Sucesso,-44.7834,-21.0252,Varginha,0.3,-1.4,-2.7,-1.6,-0.9,0.9,0.06,-0.04,-0.02,0.03,0.3,0.5,2.2,-2.3,4.5
3108107,MG,3113,Bonfim,-44.2126,-20.3205,Divinópolis,1.1,-1.1,-2.7,-1.6,-0.7,-1,0.13,-0.17,-0.05,-0.07,-0.6,0.5,-0.2,,2.4
3108206,MG,3112,Bonfinópolis De Minas,-46.1905,-16.4865,Patos de Minas,-2.1,-3.2,-2.7,-1.6,-0.3,-3,0.16,-0.33,-0.05,-0.19,-0.6,5.3,-0.6,-5.3,-12.1
3108255,MG,3102,Bonito De Minas,-44.8981,-14.9947,Montes Claros,9.4,0.8,-2.7,-1.6,-6.4,-1.2,0.03,-0.33,-0.28,-0.09,0.3,7,-1.3,,-14.1
3108305,MG,3109,Borda Da Mata,-46.1523,-22.2564,Pouso Alegre,3.4,-0.7,-2.7,-1.6,-1.3,3.6,0.04,0.19,-0.08,0.23,0.6,0.3,1,,-3.3
3108404,MG,3109,Botelhos,-46.4188,-21.6357,Pouso Alegre,3.4,-0.7,-2.7,-1.6,0.4,0.2,0.1,-0.05,0.02,0,0.8,0.3,-2.4,,0.4
3108503,MG,3102,Botumirim,-43.0052,-16.9386,Montes Claros,9.4,0.8,-2.7,-1.6,-4,-1.6,0.07,-0.27,-0.21,-0.11,1.6,0.7,2.8,,-0.7
3108552,MG,3112,Brasilândia De Minas,-45.9033,-16.9567,Patos de Minas,-2.1,-3.2,-2.7,-1.6,-0.9,-4.4,0.13,-0.31,-0.06,-0.23,-0.7,7.2,6,-1.5,-5.1
3108602,MG,3102,Brasília De Minas,-44.4381,-16.2413,Montes Claros,9.4,0.8,-2.7,-1.6,-8.6,1.9,-0.07,-0.13,-0.38,0.07,0.8,5.3,1.6,,32.6
3108701,MG,3106,Brás Pires,-43.227,-20.8763,Juíz de Fora,2.1,1,-2.7,-1.6,-4.3,2.6,0,-0.04,-0.22,0.13,-0.2,0.7,-2.5,,-7.3
3108800,MG,3105,Braúnas,-42.7162,-19.0265,Ipatinga,,-0.5,-2.7,-1.6,-1.7,-3.7,0.12,-0.33,-0.09,-0.15,1.1,1.4,5.7,,-1.7
3108909,MG,3109,Brasópolis,-45.6284,-22.4898,Pouso Alegre,3.4,-0.7,-2.7,-1.6,-1.7,0.2,0.03,0.07,-0.1,0.01,-0.1,0.2,4.7,,1.6
3109006,MG,3101,Brumadinho,-44.1224,-20.1788,Belo Horizonte,3.3,-1,-2.7,-1.6,-3.3,0.5,0.07,-0.12,-0.16,0,-0.7,1,2.7,,-0.4
3109105,MG,3109,Bueno Brandão,-46.3546,-22.4859,Pouso Alegre,3.4,-0.7,-2.7,-1.6,2,0.8,0.15,0.11,0.11,0.06,0.4,0,-2.2,,-1.9
3109204,MG,3101,Buenópolis,-44.04,-17.8809,Belo Horizonte,3.3,-1,-2.7,-1.6,-3.8,0,0.07,-0.24,-0.22,-0.04,-0.6,2.1,2.6,,8
3109253,MG,3105,Bugre,-42.3125,-19.3566,Ipatinga,,-0.5,-2.7,-1.6,-2.2,-1.5,0.12,-0.28,-0.1,-0.09,0.8,4,1.3,,-0.8
3109303,MG,3112,Buritis,-46.6039,-15.4526,Patos de Minas,-2.1,-3.2,-2.7,-1.6,2,-6.7,0.24,-0.41,0.06,-0.3,-0.7,5.1,3,-1.7,-5.5
3109402,MG,3102,Buritizeiro,-45.1915,-17.2854,Montes Claros,9.4,0.8,-2.7,-1.6,-1.4,-5,0.13,-0.34,-0.1,-0.23,-2.1,5.2,5.7,2.5,-9.4
3109451,MG,3112,Cabeceira Grande,-47.1249,-16.0764,Patos de Minas,-2.1,-3.2,-2.7,-1.6,-1.5,-3.9,0.16,-0.3,-0.07,-0.21,-1,2.6,1.7,-5.2,-1.3
3109501,MG,3108,Cabo Verde,-46.392,-21.4803,Varginha,0.3,-1.4,-2.7,-1.6,1.8,-0.1,0.12,0,0.11,0,0.2,0.9,-2.7,5.7,-1.3
3109600,MG,3101,Cachoeira Da Prata,-44.4705,-19.5166,Belo Horizonte,3.3,-1,-2.7,-1.6,-3.6,0.4,0.18,-0.18,-0.15,0.01,-1.9,2.2,6.8,,-0.8
3109709,MG,3109,Cachoeira De Minas,-45.7919,-22.363,Pouso Alegre,3.4,-0.7,-2.7,-1.6,-2.6,2.5,0.04,0.1,-0.15,0.13,0,0.3,1.1,,-0.4
3109808,MG,3111,Cachoeira Dourada,-49.477,-18.61,Uberlândia,-4,-0.7,-2.7,-1.6,-0.1,2.2,0.13,-0.07,0.01,0.08,0.7,2.4,-4.3,-4.3,-1.7
3109907,MG,3101,Caetanópolis,-44.4046,-19.3389,Belo Horizonte,3.3,-1,-2.7,-1.6,-4.5,0.2,0.14,-0.2,-0.21,0.01,-2.2,3.1,6.1,,2.1
3110004,MG,3101,Caeté,-43.6374,-19.8676,Belo Horizonte,3.3,-1,-2.7,-1.6,-3.1,-1.3,0.19,-0.22,-0.14,-0.1,-0.5,0.4,1.9,,0
3110103,MG,3106,Caiana,-41.9086,-20.722,Juíz de Fora,2.1,1,-2.7,-1.6,-7.9,6.1,-0.18,0.09,-0.38,0.27,0.3,2,-2.7,,9.4
3110202,MG,3106,Cajuri,-42.769,-20.7852,Juíz de Fora,2.1,1,-2.7,-1.6,-7.2,2.9,-0.08,-0.04,-0.3,0.13,0.1,0.8,1,,-0.2
3110301,MG,3109,Caldas,-46.3624,-21.8898,Pouso Alegre,3.4,-0.7,-2.7,-1.6,5.2,-3.4,0.29,-0.15,0.31,-0.22,0.3,0.1,0.2,,-0.1
3110400,MG,3113,Camacho,-45.1329,-20.6404,Divinópolis,1.1,-1.1,-2.7,-1.6,-1.2,3,0.09,-0.01,-0.08,0.13,0.5,0.5,0.9,,-1.3
3110509,MG,3109,Camanducaia,-46.0744,-22.7869,Pouso Alegre,3.4,-0.7,-2.7,-1.6,3.1,-0.6,0.17,0.07,0.17,0.06,0.1,0,-3.7,,7
3110608,MG,3109,Cambuí,-46.0777,-22.5821,Pouso Alegre,3.4,-0.7,-2.7,-1.6,0.4,0.2,0.08,0.05,-0.01,0.04,0.4,0.1,-2.4,,-1.2
3110707,MG,3108,Cambuquira,-45.2632,-21.8619,Varginha,0.3,-1.4,-2.7,-1.6,-0.3,-0.6,0,0.1,-0.04,-0.04,0.8,0.7,1.4,,0.8
3110806,MG,3103,Campanário,-41.7337,-18.2844,Teófilo Otoni,8.9,-2.2,-2.7,-1.6,-1.5,-4.7,0.03,-0.26,-0.14,-0.17,1.9,9.1,-1.7,,0.2
3110905,MG,3108,Campanha,-45.4095,-21.8444,Varginha,0.3,-1.4,-2.7,-1.6,1.7,-1.8,0.16,0,0.07,-0.1,0.6,0.9,-1.3,-7.9,2.9
3111002,MG,3109,Campestre,-46.2217,-21.7095,Pouso Alegre,3.4,-0.7,-2.7,-1.6,4.4,-4.8,0.26,-0.18,0.25,-0.28,-0.2,0,-1.7,1.1,-1.8
3111101,MG,3111,Campina Verde,-49.8104,-19.4786,Uberlândia,-4,-0.7,-2.7,-1.6,3.3,-1.5,0.25,-0.13,0.21,-0.09,-0.6,3,-0.8,-3.4,15.4
3111150,MG,3102,Campo Azul,-44.7648,-16.5093,Montes Claros,9.4,0.8,-2.7,-1.6,-2.1,-4.5,0.09,-0.28,-0.12,-0.22,-0.3,6.5,4.7,,-6.7
3111200,MG,3108,Campo Belo,-45.2566,-20.9205,Varginha,0.3,-1.4,-2.7,-1.6,-1.8,2.7,0.04,0.02,-0.1,0.1,0.4,0.5,-0.4,-3,-6.2
3111309,MG,3108,Campo Do Meio,-45.8525,-21.1132,Varginha,0.3,-1.4,-2.7,-1.6,0.5,-0.7,0.08,-0.05,0.04,-0.05,0.1,0.8,1.8,-4.5,0
3111408,MG,3110,Campo Florido,-48.6467,-19.714,Uberaba,-3.2,-2.1,-2.7,-1.6,8.4,-5.9,0.51,-0.23,0.58,-0.4,-0.7,3.1,2.4,-5.2,1.1
3111507,MG,3110,Campos Altos,-46.198,-19.6046,Uberaba,-3.2,-2.1,-2.7,-1.6,1.5,-4.1,0.17,-0.31,0.09,-0.21,-0.6,0.6,2.3,-3.1,-5.8
3111606,MG,3108,Campos Gerais,-45.7536,-21.2585,Varginha,0.3,-1.4,-2.7,-1.6,1.1,-0.5,0.08,-0.02,0.07,-0.03,0,0.7,1.7,-5.3,-7.8
3111705,MG,3106,Canaã,-42.6201,-20.6672,Juíz de Fora,2.1,1,-2.7,-1.6,-7.5,1.1,-0.1,-0.09,-0.34,0.07,0,1.5,-0.9,,-2.5
3111804,MG,3111,Canápolis,-49.2703,-18.7596,Uberlândia,-4,-0.7,-2.7,-1.6,1.6,-0.5,0.18,-0.13,0.15,-0.08,0.2,2,-0.8,-1.1,-3.3
3111903,MG,3108,Cana Verde,-45.1833,-21.0311,Varginha,0.3,-1.4,-2.7,-1.6,-1.6,2.2,0.03,-0.01,-0.1,0.09,-0.1,0.7,0.3,,-7
3112000,MG,3108,Candeias,-45.2797,-20.7482,Varginha,0.3,-1.4,-2.7,-1.6,-2.5,3.6,0.02,0.03,-0.14,0.15,0.3,0.5,0.8,-1.4,-3.7
3112059,MG,3104,Cantagalo,-42.6472,-18.5156,Governador Valadares,,-0.9,-2.7,-1.6,-2.2,-4.3,0.12,-0.32,-0.13,-0.14,0.7,0.7,-0.5,,0.6
3112109,MG,3106,Caparaó,-41.9501,-20.5298,Juíz de Fora,2.1,1,-2.7,-1.6,-8.3,5.4,-0.18,0.05,-0.38,0.24,0.6,0.7,-3.2,,0.1
3112208,MG,3107,Capela Nova,-43.6097,-20.9176,Barbacena,2.9,-1.7,-2.7,-1.6,-1.7,1.1,0.09,-0.07,-0.11,0.06,-0.6,0.6,1,,-2.7
3112307,MG,3103,Capelinha,-42.4915,-17.6931,Teófilo Otoni,8.9,-2.2,-2.7,-1.6,-3.6,-2.9,0.01,-0.25,-0.26,-0.12,-0.9,0.4,1,,-9.3
3112406,MG,3108,Capetinga,-47.0293,-20.6589,Varginha,0.3,-1.4,-2.7,-1.6,1.4,1,0.03,0.11,0.09,0.07,0.1,1,0.1,,-1.4
3112505,MG,3101,Capim Branco,-44.1678,-19.5712,Belo Horizonte,3.3,-1,-2.7,-1.6,-3.9,-1,0.16,-0.17,-0.18,-0.06,-2.3,1.3,0.3,,-0.9
3112604,MG,3111,Capinópolis,-49.5808,-18.6883,Uberlândia,-4,-0.7,-2.7,-1.6,1.6,1.5,0.22,-0.07,0.11,0.06,0.9,2.1,1.5,-4.5,0
3112653,MG,3104,Capitão Andrade,-41.8229,-19.0494,Governador Valadares,,-0.9,-2.7,-1.6,-5,-1.8,0.05,-0.19,-0.21,-0.09,1,6.3,11.5,,-6.3
3112703,MG,3102,Capitão Enéas,-43.6647,-16.1352,Montes Claros,9.4,0.8,-2.7,-1.6,-8.8,1.3,0.03,-0.24,-0.4,0.03,-0.9,7.1,4.4,,3.6
3112802,MG,3108,Capitólio,-46.1436,-20.6133,Varginha,0.3,-1.4,-2.7,-1.6,-0.1,0.7,0.1,-0.05,0,0.04,0.1,0.7,2.8,,0.6
3112901,MG,3106,Caputira,-42.2509,-20.1737,Juíz de Fora,2.1,1,-2.7,-1.6,-6.3,3.9,-0.02,-0.08,-0.27,0.15,0.4,0.3,2.3,,0.1
3113008,MG,3103,Caraí,-41.5827,-17.1745,Teófilo Otoni,8.9,-2.2,-2.7,-1.6,-4.3,-2.9,-0.03,-0.24,-0.27,-0.11,-0.9,2.9,3.3,,6.2
3113107,MG,3107,Caranaíba,-43.724,-20.8887,Barbacena,2.9,-1.7,-2.7,-1.6,-2.1,1.3,0.07,-0.09,-0.12,0.07,-0.5,0.4,1.5,,-4.8
3113206,MG,3107,Carandaí,-43.8452,-20.9975,Barbacena,2.9,-1.7,-2.7,-1.6,0.1,-0.1,0.14,-0.12,-0.02,0,-0.5,0.1,1.3,,1.8
3113305,MG,3106,Carangola,-42.0873,-20.7025,Juíz de Fora,2.1,1,-2.7,-1.6,-7.9,5.1,-0.19,0.06,-0.36,0.21,0.2,3.6,-0.5,,-9.5
3113404,MG,3105,Caratinga,-42.1024,-19.7124,Ipatinga,,-0.5,-2.7,-1.6,-4.4,-1.2,0.09,-0.25,-0.18,-0.04,-0.9,0.6,0.6,,0.8
3113503,MG,3103,Carbonita,-43.057,-17.4933,Teófilo Otoni,8.9,-2.2,-2.7,-1.6,-3,-3,0.02,-0.26,-0.17,-0.16,-0.5,0.8,-0.7,-11.4,-4.7
3113602,MG,3109,Careaçu,-45.6649,-22.0803,Pouso Alegre,3.4,-0.7,-2.7,-1.6,0.1,0.5,0.19,0.01,0,0.01,0.5,0.8,2,,-3.4
3113701,MG,3103,Carlos Chagas,-40.8418,-17.6737,Teófilo Otoni,8.9,-2.2,-2.7,-1.6,-3.3,-1,-0.07,-0.1,-0.24,-0.01,0.8,9.9,6.1,,1.9
3113800,MG,3101,Carmésia,-43.175,-19.0608,Belo Horizonte,3.3,-1,-2.7,-1.6,-2.6,-2.7,0.13,-0.31,-0.1,-0.1,-0.3,0.7,7,,4.6
3113909,MG,3108,Carmo Da Cachoeira,-45.1969,-21.4534,Varginha,0.3,-1.4,-2.7,-1.6,-1.1,2.3,-0.01,0.11,-0.08,0.12,0.3,0.4,-0.7,-2.7,0.3
3114006,MG,3113,Carmo Da Mata,-44.8945,-20.5588,Divinópolis,1.1,-1.1,-2.7,-1.6,-0.4,0,0.08,-0.08,-0.06,-0.01,-0.3,1,-0.7,,-0.8
3114105,MG,3109,Carmo De Minas,-45.1626,-22.09,Pouso Alegre,3.4,-0.7,-2.7,-1.6,1.9,-0.8,0.16,0,0.07,-0.05,0.5,0.8,1.3,,-5.8
3114204,MG,3113,Carmo Do Cajuru,-44.7008,-20.1978,Divinópolis,1.1,-1.1,-2.7,-1.6,0.4,-1.2,0.11,-0.12,-0.01,-0.1,0,1.9,2.7,,0.3
3114303,MG,3112,Carmo Do Paranaíba,-46.1871,-18.9097,Patos de Minas,-2.1,-3.2,-2.7,-1.6,-2.9,0.1,0.04,-0.16,-0.15,0.02,-1.1,1,-4.8,0.9,0.6
3114402,MG,3108,Carmo Do Rio Claro,-46.0987,-20.9713,Varginha,0.3,-1.4,-2.7,-1.6,1.9,-0.6,0.14,-0.05,0.11,-0.05,0.2,0.8,2,1.8,2
3114501,MG,3113,Carmópolis De Minas,-44.6504,-20.5628,Divinópolis,1.1,-1.1,-2.7,-1.6,-0.5,-0.1,0.14,-0.15,-0.06,-0.03,-0.1,0.8,0,,-0.9
3114550,MG,3110,Carneirinho,-50.8292,-19.7502,Uberaba,-3.2,-2.1,-2.7,-1.6,5,-1.9,0.26,-0.05,0.26,-0.09,-0.3,2.4,-4.8,,7.7
3114600,MG,3108,Carrancas,-44.6116,-21.4962,Varginha,0.3,-1.4,-2.7,-1.6,2.5,-2.1,0.17,-0.13,0.1,-0.14,-0.2,0.2,-0.4,-1.2,2.2
3114709,MG,3108,Carvalhópolis,-45.8322,-21.775,Varginha,0.3,-1.4,-2.7,-1.6,3.1,-2.5,0.24,-0.05,0.18,-0.12,-0.7,0.2,2.9,,2.4
3114808,MG,3109,Carvalhos,-44.4897,-22.023,Pouso Alegre,3.4,-0.7,-2.7,-1.6,-2.6,2,-0.06,0.07,-0.13,0.1,0.9,0,4.8,,2.3
3114907,MG,3107,Casa Grande,-43.9367,-20.8356,Barbacena,2.9,-1.7,-2.7,-1.6,-0.1,-1.2,0.21,-0.25,-0.02,-0.08,-0.9,0.4,0.4,,-2.3
3115003,MG,3111,Cascalho Rico,-47.8768,-18.5676,Uberlândia,-4,-0.7,-2.7,-1.6,4.3,-7.1,0.28,-0.32,0.2,-0.34,-0.1,3.1,1.3,-3.6,0.7
3115102,MG,3108,Cássia,-46.9283,-20.5403,Varginha,0.3,-1.4,-2.7,-1.6,1.5,1.5,0.07,0.08,0.06,0.09,1.1,1.3,1.7,-3,-2
3115201,MG,3107,Conceição Da Barra De Minas,-44.4926,-21.1454,Barbacena,2.9,-1.7,-2.7,-1.6,-0.3,1,0.1,-0.07,-0.05,0.05,-0.9,0.6,-0.1,11.7,3.5
3115300,MG,3106,Cataguases,-42.675,-21.342,Juíz de Fora,2.1,1,-2.7,-1.6,-5.3,3.3,-0.1,-0.02,-0.27,0.17,-1,5.3,0.9,,-1.2
3115359,MG,3101,Catas Altas,-43.4069,-20.0735,Belo Horizonte,3.3,-1,-2.7,-1.6,-5.2,1.5,0.09,-0.12,-0.21,0.02,-1.4,0.3,0,,0.5
3115409,MG,3107,Catas Altas Da Noruega,-43.4995,-20.6696,Barbacena,2.9,-1.7,-2.7,-1.6,-3.9,3.5,-0.02,0,-0.24,0.19,-0.9,0.5,0.6,,-2.7
3115458,MG,3103,Catuji,-41.4995,-17.3724,Teófilo Otoni,8.9,-2.2,-2.7,-1.6,-2.4,-5,-0.01,-0.25,-0.18,-0.19,-1.7,4.5,5.6,,3.6
3115474,MG,3102,Catuti,-43.1005,-15.3338,Montes Claros,9.4,0.8,-2.7,-1.6,-7.8,-2.8,0.08,-0.39,-0.31,-0.13,-1.6,10.2,0.4,,6
3115508,MG,3109,Caxambu,-44.9463,-21.976,Pouso Alegre,3.4,-0.7,-2.7,-1.6,1.5,-0.1,0.11,0.07,0.04,0.01,0.1,1.6,-1.4,,0.1
3115607,MG,3113,Cedro Do Abaeté,-45.6989,-19.1196,Divinópolis,1.1,-1.1,-2.7,-1.6,-5,1.5,0,-0.15,-0.26,0.09,-1.3,4.6,0.7,,-1.6
3115706,MG,3104,Central De Minas,-41.2923,-18.7715,Governador Valadares,,-0.9,-2.7,-1.6,-6.6,1,-0.05,-0.17,-0.36,0.03,2.1,7,0.3,,28.7
3115805,MG,3111,Centralina,-49.162,-18.6315,Uberlândia,-4,-0.7,-2.7,-1.6,0.3,-0.4,0.08,-0.09,0.03,-0.05,0.6,1.4,-0.7,-2.2,-0.5
3115904,MG,3106,Chácara,-43.2138,-21.6855,Juíz de Fora,2.1,1,-2.7,-1.6,-1.9,0.5,0.08,-0.07,-0.11,0.05,-0.5,0.7,-0.8,,-0.7
3116001,MG,3106,Chalé,-41.6609,-20.0304,Juíz de Fora,2.1,1,-2.7,-1.6,-6.4,-0.9,0,-0.23,-0.26,-0.01,0.1,1.8,1,,0.6
3116100,MG,3103,Chapada Do Norte,-42.4128,-17.1475,Teófilo Otoni,8.9,-2.2,-2.7,-1.6,1,-5.7,0.14,-0.35,-0.06,-0.24,-0.3,2.4,-1.1,,-7.5
3116159,MG,3102,Chapada Gaúcha,-45.4601,-15.4687,Montes Claros,9.4,0.8,-2.7,-1.6,-3,-3.5,0.07,-0.34,-0.16,-0.16,-1.5,7.4,-1.5,2.8,-5.2
3116209,MG,3106,Chiador,-43.031,-22.0031,Juíz de Fora,2.1,1,-2.7,-1.6,-0.9,4.4,0.06,0.1,-0.09,0.25,-0.7,4.6,3.9,,-1.6
3116308,MG,3107,Cipotânea,-43.3576,-20.9228,Barbacena,2.9,-1.7,-2.7,-1.6,-3.1,2.4,0.05,-0.03,-0.19,0.14,0,0.5,-0.4,,4.3
3116407,MG,3108,Claraval,-47.239,-20.3698,Varginha,0.3,-1.4,-2.7,-1.6,3.8,-1.1,0.15,-0.03,0.22,-0.07,0,0.9,-2.7,,-2.3
3116506,MG,3102,Claro Dos Poções,-44.2288,-17.0686,Montes Claros,9.4,0.8,-2.7,-1.6,-5.7,-0.2,0.04,-0.22,-0.26,-0.03,1.1,4.4,4.4,,-8.7
3116605,MG,3113,Cláudio,-44.7767,-20.3964,Divinópolis,1.1,-1.1,-2.7,-1.6,0,-0.2,0.08,-0.08,-0.03,-0.05,0.3,1.3,-0.1,6.4,-3.8
3116704,MG,3106,Coimbra,-42.7911,-20.8458,Juíz de Fora,2.1,1,-2.7,-1.6,-7.9,4.2,-0.07,-0.02,-0.36,0.22,0.4,0.8,1.9,,-1.1
3116803,MG,3104,Coluna,-42.8406,-18.246,Governador Valadares,,-0.9,-2.7,-1.6,-2.6,-4.5,0.07,-0.3,-0.13,-0.18,-0.5,1.2,-0.3,,16.4
3116902,MG,3110,Comendador Gomes,-49.0698,-19.6731,Uberaba,-3.2,-2.1,-2.7,-1.6,5.4,-4.4,0.33,-0.16,0.43,-0.32,1,2.9,0.5,0,0.3
3117009,MG,3103,Comercinho,-41.7672,-16.285,Teófilo Otoni,8.9,-2.2,-2.7,-1.6,-7,0.8,0.03,-0.27,-0.35,0.02,0.7,3.9,8.6,,47.3
3117108,MG,3108,Conceição Da Aparecida,-46.226,-21.0968,Varginha,0.3,-1.4,-2.7,-1.6,4.2,-1.5,0.21,-0.06,0.24,-0.08,0.5,0.3,-0.5,,0.4
3117207,MG,3109,Conceição Das Pedras,-45.4236,-22.1463,Pouso Alegre,3.4,-0.7,-2.7,-1.6,-0.4,0.6,0.19,-0.01,-0.04,0.02,0.5,0.1,0.5,,-5.1
3117306,MG,3110,Conceição Das Alagoas,-48.3596,-19.9587,Uberaba,-3.2,-2.1,-2.7,-1.6,9.3,-7.6,0.46,-0.25,0.51,-0.4,0.1,3.1,3.8,-8.1,0.8
3117405,MG,3106,Conceição De Ipanema,-41.6891,-19.9139,Juíz de Fora,2.1,1,-2.7,-1.6,-4.2,-2.7,0.06,-0.27,-0.16,-0.08,0.5,1.7,3.1,,-1.3
3117504,MG,3101,Conceição Do Mato Dentro,-43.5082,-18.9375,Belo Horizonte,3.3,-1,-2.7,-1.6,-2.5,-0.3,0.13,-0.21,-0.12,-0.02,-0.1,1.4,1.5,,2.1
3117603,MG,3113,Conceição Do Pará,-44.8701,-19.7845,Divinópolis,1.1,-1.1,-2.7,-1.6,0.6,-2.4,0.1,-0.19,0.01,-0.13,-0.3,3.3,2.5,,-1.7
3117702,MG,3109,Conceição Do Rio Verde,-45.0897,-21.8965,Pouso Alegre,3.4,-0.7,-2.7,-1.6,1.3,-0.7,0.08,0.02,0.04,-0.03,0.4,0.9,-1.4,-2.2,-4
3117801,MG,3109,Conceição Dos Ouros,-45.7755,-22.4459,Pouso Alegre,3.4,-0.7,-2.7,-1.6,-0.5,-0.5,0.07,0.01,-0.05,0,0.6,0.1,0.3,,-2.1
3117836,MG,3102,Cônego Marinho,-44.6013,-14.9767,Montes Claros,9.4,0.8,-2.7,-1.6,-4.7,-2.2,0.08,-0.36,-0.23,-0.11,0.7,6.3,3.7,,20.8
3117876,MG,3101,Confins,-43.9759,-19.6437,Belo Horizonte,3.3,-1,-2.7,-1.6,-4.9,-0.2,0.1,-0.13,-0.24,-0.03,-1.2,1.2,0,,-8.2
3117900,MG,3109,Congonhal,-46.0426,-22.1424,Pouso Alegre,3.4,-0.7,-2.7,-1.6,-0.1,2.7,0.13,0.12,-0.01,0.19,0.1,0.3,-1.8,,0.8
3118007,MG,3107,Congonhas,-43.863,-20.5164,Barbacena,2.9,-1.7,-2.7,-1.6,-2.7,1.4,0.12,-0.15,-0.16,0.04,-0.5,0.5,-0.5,,-0.7
3118106,MG,3101,Congonhas Do Norte,-43.6889,-18.8615,Belo Horizonte,3.3,-1,-2.7,-1.6,-2.1,-1.8,0.12,-0.25,-0.09,-0.09,-1.1,0.4,-3.4,,-5
3118205,MG,3110,Conquista,-47.6234,-19.8833,Uberaba,-3.2,-2.1,-2.7,-1.6,5.4,-5.4,0.22,-0.26,0.32,-0.35,-0.1,2.1,1.3,-3.2,-4.2
3118304,MG,3107,Conselheiro Lafaiete,-43.7891,-20.6645,Barbacena,2.9,-1.7,-2.7,-1.6,-2.3,1,0.07,-0.11,-0.14,0.04,-0.1,0.5,2.2,,-0.9
3118403,MG,3104,Conselheiro Pena,-41.4557,-19.1697,Governador Valadares,,-0.9,-2.7,-1.6,-6.6,-2.5,-0.01,-0.24,-0.28,-0.11,1.3,8.8,9.5,,-1.7
3118502,MG,3109,Consolação,-45.9156,-22.5344,Pouso Alegre,3.4,-0.7,-2.7,-1.6,0.3,-0.7,0.06,0.02,-0.02,-0.01,0.9,0,-0.2,,-5.4
3118601,MG,3101,Contagem,-44.0817,-19.8877,Belo Horizonte,3.3,-1,-2.7,-1.6,-3.5,0.4,0.13,-0.15,-0.14,-0.03,-0.9,0.6,2.1,,
3118700,MG,3108,Coqueiral,-45.4172,-21.1716,Varginha,0.3,-1.4,-2.7,-1.6,0.7,1.5,0.09,0.03,0.02,0.05,0.3,0.9,-1,-4.9,-0.7
3118809,MG,3102,Coração De Jesus,-44.3787,-16.613,Montes Claros,9.4,0.8,-2.7,-1.6,-6.3,1.5,0.02,-0.18,-0.3,0.04,0.9,3.8,-0.1,,12.2
3118908,MG,3101,Cordisburgo,-44.2058,-19.0928,Belo Horizonte,3.3,-1,-2.7,-1.6,-4.6,-0.9,0.09,-0.22,-0.22,-0.03,-1.5,4.7,-1,1.4,8.4
3119005,MG,3108,Cordislândia,-45.661,-21.7829,Varginha,0.3,-1.4,-2.7,-1.6,1,-0.3,0.14,0.04,0.04,-0.01,-0.8,0.5,3.7,,-1
3119104,MG,3101,Corinto,-44.6175,-18.3356,Belo Horizonte,3.3,-1,-2.7,-1.6,-8.4,2.1,-0.01,-0.19,-0.34,0.06,-0.9,6.4,3.8,126,2.6
3119203,MG,3104,Coroaci,-42.2675,-18.6174,Governador Valadares,,-0.9,-2.7,-1.6,-2,-4.3,0.11,-0.27,-0.12,-0.15,1.2,1.9,4.2,,0.7
3119302,MG,3112,Coromandel,-47.1368,-18.4138,Patos de Minas,-2.1,-3.2,-2.7,-1.6,4.3,-6.2,0.23,-0.26,0.21,-0.38,0.1,1.9,-3,-9.2,-5.5
3119401,MG,3105,Coronel Fabriciano,-42.6919,-19.4585,Ipatinga,,-0.5,-2.7,-1.6,-3.5,-0.9,0.08,-0.24,-0.15,-0.06,0.6,0.8,0.4,,-3
3119500,MG,3103,Coronel Murta,-42.1747,-16.5909,Teófilo Otoni,8.9,-2.2,-2.7,-1.6,-2.6,-1.3,0.06,-0.29,-0.17,-0.09,0,8.8,0.9,,-15
3119609,MG,3106,Coronel Pacheco,-43.2942,-21.6039,Juíz de Fora,2.1,1,-2.7,-1.6,-1.9,0.5,0.08,-0.07,-0.11,0.05,-0.5,0.7,-0.8,,0.7
3119708,MG,3107,Coronel Xavier Chaves,-44.1978,-21.0245,Barbacena,2.9,-1.7,-2.7,-1.6,1.4,-0.9,0.2,-0.14,0.04,-0.05,-1,0.3,0.7,,-4.4
3119807,MG,3113,Córrego Danta,-45.9811,-19.7808,Divinópolis,1.1,-1.1,-2.7,-1.6,0.2,-1.8,0.08,-0.2,0.02,-0.09,-0.6,1.2,5.1,,2.1
3119906,MG,3109,Córrego Do Bom Jesus,-45.9939,-22.6383,Pouso Alegre,3.4,-0.7,-2.7,-1.6,2.4,-1.4,0.07,0.06,0.11,-0.07,0.6,0,-3.1,,0.7
3119955,MG,3113,Córrego Fundo,-45.5312,-20.4508,Divinópolis,1.1,-1.1,-2.7,-1.6,-2,2.3,0.01,-0.02,-0.1,0.09,0.1,0.9,3.5,,-5.4
3120003,MG,3105,Córrego Novo,-42.4438,-19.8285,Ipatinga,,-0.5,-2.7,-1.6,-4.1,-0.1,0.11,-0.23,-0.19,0.03,0.1,3.3,-1.4,,0.9
3120102,MG,3103,Couto De Magalhães De Minas,-43.4383,-18.0872,Teófilo Otoni,8.9,-2.2,-2.7,-1.6,-5.5,1.3,0.05,-0.17,-0.3,0.05,-1.1,0.4,-4.8,,-5.6
3120151,MG,3103,Crisólita,-40.9619,-17.2396,Teófilo Otoni,8.9,-2.2,-2.7,-1.6,-1.6,-1.8,0.03,-0.21,-0.17,-0.08,0.6,9.9,3.5,,-0.3
3120201,MG,3108,Cristais,-45.5585,-20.8089,Varginha,0.3,-1.4,-2.7,-1.6,-0.5,1.9,0.06,0.01,-0.05,0.08,0.1,0.7,1.5,-1.8,-1.2
3120300,MG,3102,Cristália,-42.8207,-16.717,Montes Claros,9.4,0.8,-2.7,-1.6,-5.1,-2,0.03,-0.25,-0.26,-0.1,-0.1,4.2,-0.5,,-0.2
3120409,MG,3107,Cristiano Otoni,-43.829,-20.8359,Barbacena,2.9,-1.7,-2.7,-1.6,-2,0.5,0.1,-0.13,-0.09,0.01,-0.3,0.2,2.4,,-4.2
3120508,MG,3109,Cristina,-45.2907,-22.2072,Pouso Alegre,3.4,-0.7,-2.7,-1.6,1,-1.6,0.21,-0.08,0.03,-0.1,0.5,0,-0.1,,0.6
3120607,MG,3113,Crucilândia,-44.3585,-20.405,Divinópolis,1.1,-1.1,-2.7,-1.6,-1.4,-0.3,0.12,-0.17,-0.09,-0.04,-0.9,0.4,0.9,,8.3
3120706,MG,3112,Cruzeiro Da Fortaleza,-46.6756,-18.9736,Patos de Minas,-2.1,-3.2,-2.7,-1.6,-3.1,0.7,0.03,-0.15,-0.17,0.03,-0.5,1.4,3.1,-3.4,-0.8
3120805,MG,3109,Cruzília,-44.7985,-21.7306,Pouso Alegre,3.4,-0.7,-2.7,-1.6,2.5,-1.4,0.17,-0.06,0.08,-0.08,0.5,0.5,-0.1,,0.2
3120839,MG,3104,Cuparaque,-41.1266,-19.01,Governador Valadares,,-0.9,-2.7,-1.6,-9.8,1.8,-0.05,-0.21,-0.44,0.05,1.8,9.4,7.4,,-4.4
3120870,MG,3102,Curral De Dentro,-41.7666,-15.8645,Montes Claros,9.4,0.8,-2.7,-1.6,-7.1,-2.6,0.02,-0.31,-0.35,-0.06,0.1,1.5,2.7,,-3.1
3120904,MG,3101,Curvelo,-44.448,-18.8194,Belo Horizonte,3.3,-1,-2.7,-1.6,-6.6,0.4,0.05,-0.2,-0.27,0.02,-1.8,5.8,-1.8,2.8,-4.5
3121001,MG,3103,Datas,-43.6486,-18.4709,Teófilo Otoni,8.9,-2.2,-2.7,-1.6,-5.8,0.9,0.03,-0.21,-0.31,0.04,-0.9,0.1,-1.3,,-10.2
3121100,MG,3109,Delfim Moreira,-45.2897,-22.5066,Pouso Alegre,3.4,-0.7,-2.7,-1.6,2.1,-0.9,0.15,0.03,0.1,-0.07,0,0,-0.1,,5.8
3121209,MG,3108,Delfinópolis,-46.7711,-20.3572,Varginha,0.3,-1.4,-2.7,-1.6,1,1,0.1,-0.03,0.06,0.09,0.7,0.4,2.1,-1.8,-1.6
3121258,MG,3110,Delta,-47.8085,-19.9365,Uberaba,-3.2,-2.1,-2.7,-1.6,7.4,-7.8,0.32,-0.25,0.39,-0.4,0.8,2.8,0.9,0.9,0
3121308,MG,3106,Descoberto,-42.9633,-21.4482,Juíz de Fora,2.1,1,-2.7,-1.6,-4.8,1.7,-0.05,-0.1,-0.24,0.08,-0.7,2.3,2.1,,-2.3
3121407,MG,3107,Desterro De Entre Rios,-44.2719,-20.6297,Barbacena,2.9,-1.7,-2.7,-1.6,-1.2,-0.4,0.21,-0.23,-0.1,-0.04,-0.4,0.2,2.7,,0.5
3121506,MG,3107,Desterro Do Melo,-43.5194,-21.151,Barbacena,2.9,-1.7,-2.7,-1.6,-1.8,0.9,0.11,-0.07,-0.1,0.07,0.2,0.3,-1,,-1.9
3121605,MG,3103,Diamantina,-43.6099,-17.9922,Teófilo Otoni,8.9,-2.2,-2.7,-1.6,-7.8,2.3,-0.04,-0.16,-0.39,0.1,-0.4,0.5,-1.1,,-14.7
3121704,MG,3106,Diogo De Vasconcelos,-43.1835,-20.4829,Juíz de Fora,2.1,1,-2.7,-1.6,-6.5,3,-0.1,-0.01,-0.27,0.12,-0.1,0.9,1.1,,-5.2
3121803,MG,3105,Dionísio,-42.6746,-19.8373,Ipatinga,,-0.5,-2.7,-1.6,-3,-1.3,0.14,-0.25,-0.16,-0.02,0.1,3.2,-2.6,,-0.3
3121902,MG,3106,Divinésia,-42.9966,-20.9886,Juíz de Fora,2.1,1,-2.7,-1.6,-5.3,1,-0.03,-0.08,-0.23,0.07,0,0.8,-2.5,,1.4
3122009,MG,3106,Divino,-42.1766,-20.5888,Juíz de Fora,2.1,1,-2.7,-1.6,-8.5,5.6,-0.17,0.06,-0.4,0.26,0.3,0.8,-1.6,,-10.4
3122108,MG,3104,Divino Das Laranjeiras,-41.5051,-18.7143,Governador Valadares,,-0.9,-2.7,-1.6,-5.9,-0.1,-0.04,-0.17,-0.31,-0.01,1.6,6.7,7.1,,-2.4
3122207,MG,3104,Divinolândia De Minas,-42.5773,-18.7845,Governador Valadares,,-0.9,-2.7,-1.6,-2.6,-4.5,0.1,-0.3,-0.14,-0.16,1.1,0.6,8.1,,-8.5
3122306,MG,3113,Divinópolis,-44.9322,-20.1223,Divinópolis,1.1,-1.1,-2.7,-1.6,0.1,-0.9,0.05,-0.07,-0.02,-0.08,-0.3,2.1,0.5,,-0.8
3122355,MG,3103,Divisa Alegre,-41.3718,-15.6987,Teófilo Otoni,8.9,-2.2,-2.7,-1.6,-8.8,-1.6,0.03,-0.33,-0.4,-0.03,0.1,1.5,5.4,,-10.3
3122405,MG,3108,Divisa Nova,-46.2467,-21.5175,Varginha,0.3,-1.4,-2.7,-1.6,4.2,-3.1,0.24,-0.1,0.23,-0.19,0.1,0.5,1.4,6.4,4.2
3122454,MG,3103,Divisópolis,-40.9137,-15.7624,Teófilo Otoni,8.9,-2.2,-2.7,-1.6,-9.6,1.9,0,-0.28,-0.44,0.06,-0.3,0.9,1.4,,-1.9
3122470,MG,3112,Dom Bosco,-46.2911,-16.7406,Patos de Minas,-2.1,-3.2,-2.7,-1.6,0.2,-3.5,0.17,-0.3,-0.03,-0.2,-0.1,7.2,1,-0.5,-1.2
3122504,MG,3105,Dom Cavati,-42.0931,-19.384,Ipatinga,,-0.5,-2.7,-1.6,-0.7,-3.9,0.15,-0.32,-0.06,-0.17,0,2.8,3.8,,3.8
3122603,MG,3104,Dom Joaquim,-43.2597,-18.9299,Governador Valadares,,-0.9,-2.7,-1.6,-3.3,-0.7,0.14,-0.3,-0.17,-0.02,-0.2,1.9,6.2,,0.5
3122702,MG,3106,Dom Silvério,-42.9484,-20.1353,Juíz de Fora,2.1,1,-2.7,-1.6,-3.6,-0.6,-0.01,-0.14,-0.16,0.01,0.3,1,0.7,,1.4
3122801,MG,3109,Dom Viçoso,-45.1385,-22.2277,Pouso Alegre,3.4,-0.7,-2.7,-1.6,2.4,-2.4,0.25,-0.08,0.08,-0.13,0.6,0.4,1.6,,4.9
3122900,MG,3106,Dona Eusébia,-42.8012,-21.3293,Juíz de Fora,2.1,1,-2.7,-1.6,-4.5,2.1,-0.07,-0.07,-0.24,0.11,-1.1,3.6,4.9,,-4.7
3123007,MG,3107,Dores De Campos,-43.9902,-21.1007,Barbacena,2.9,-1.7,-2.7,-1.6,0.6,0.2,0.21,-0.12,0.01,0.01,-0.7,0.2,1.2,,-0.3
3123106,MG,3104,Dores De Guanhães,-42.9322,-19.0525,Governador Valadares,,-0.9,-2.7,-1.6,-4.2,-1.8,0.07,-0.28,-0.16,-0.07,0.5,1,8.7,,-4.8
3123205,MG,3113,Dores Do Indaiá,-45.5468,-19.4904,Divinópolis,1.1,-1.1,-2.7,-1.6,-2.8,-0.7,0.01,-0.2,-0.14,-0.03,-1.2,4.4,-1.4,,-2
3123304,MG,3106,Dores Do Turvo,-43.1681,-21.0238,Juíz de Fora,2.1,1,-2.7,-1.6,-2.6,0.1,0.03,-0.15,-0.17,0.03,-0.2,0.5,0.4,,-5.9
3123403,MG,3108,Doresópolis,-45.8862,-20.2916,Varginha,0.3,-1.4,-2.7,-1.6,0.1,-0.4,0.05,-0.12,0,-0.03,-0.2,2.7,8,,-0.1
3123502,MG,3111,Douradoquara,-47.6038,-18.438,Uberlândia,-4,-0.7,-2.7,-1.6,4,-6.2,0.29,-0.28,0.19,-0.31,0,3.1,1.9,-3.9,-6.1
3123528,MG,3106,Durandé,-41.7948,-20.1515,Juíz de Fora,2.1,1,-2.7,-1.6,-6.3,0.4,-0.02,-0.19,-0.28,0.04,-0.5,1.9,3.2,,2.7
3123601,MG,3108,Elói Mendes,-45.597,-21.6126,Varginha,0.3,-1.4,-2.7,-1.6,1.1,-0.3,0.14,0.03,0.07,-0.02,-0.2,0.6,0.9,,1
3123700,MG,3104,Engenheiro Caldas,-42.0198,-19.1271,Governador Valadares,,-0.9,-2.7,-1.6,-0.4,-3.9,0.12,-0.26,-0.05,-0.16,-0.4,4.7,9.4,,-4.2
3123809,MG,3102,Engenheiro Navarro,-44.0133,-17.298,Montes Claros,9.4,0.8,-2.7,-1.6,-5.2,-0.5,0.1,-0.3,-0.26,-0.06,1.5,4.6,4.6,,-1.7
3123858,MG,3105,Entre Folhas,-42.2421,-19.6559,Ipatinga,,-0.5,-2.7,-1.6,-3.5,-1.9,0.12,-0.3,-0.15,-0.08,0.2,1.4,2.6,,-7.6
3123908,MG,3107,Entre Rios De Minas,-44.0943,-20.7061,Barbacena,2.9,-1.7,-2.7,-1.6,-2.3,0.1,0.12,-0.19,-0.14,-0.01,-0.4,0.4,2,,-3.3
3124005,MG,3106,Ervália,-42.6001,-20.8472,Juíz de Fora,2.1,1,-2.7,-1.6,-9.2,4.7,-0.13,0,-0.45,0.26,0.2,0.5,2,,-1.4
3124104,MG,3101,Esmeraldas,-44.3063,-19.7328,Belo Horizonte,3.3,-1,-2.7,-1.6,-1.3,-0.6,0.18,-0.14,-0.01,-0.05,-1.2,2.5,1.1,,-1.1
3124203,MG,3106,Espera Feliz,-41.9305,-20.5987,Juíz de Fora,2.1,1,-2.7,-1.6,-8.3,5.4,-0.18,0.05,-0.38,0.24,0.6,0.7,-3.2,,5.5
3124302,MG,3102,Espinosa,-42.9649,-14.8585,Montes Claros,9.4,0.8,-2.7,-1.6,-0.7,-4.5,0.17,-0.34,-0.12,-0.18,-3,5.1,0.6,,42
3124401,MG,3109,Espírito Santo Do Dourado,-45.9874,-22.0078,Pouso Alegre,3.4,-0.7,-2.7,-1.6,0.7,0.4,0.21,0,0.04,0.03,-0.4,0.2,0.5,,-2.3
3124500,MG,3109,Estiva,-46.0134,-22.4581,Pouso Alegre,3.4,-0.7,-2.7,-1.6,0,0.3,0.08,0.07,-0.03,0.06,0.2,0,-1.3,,-5.2
3124609,MG,3106,Estrela Dalva,-42.4688,-21.7043,Juíz de Fora,2.1,1,-2.7,-1.6,-7.2,5.7,-0.14,0.17,-0.43,0.34,-0.1,6.2,0.8,,-0.2
3124708,MG,3113,Estrela Do Indaiá,-45.8084,-19.5909,Divinópolis,1.1,-1.1,-2.7,-1.6,-2.2,-1.3,0.06,-0.23,-0.1,-0.06,-1.1,3.1,1,-0.4,-5.6
3124807,MG,3111,Estrela Do Sul,-47.727,-18.7161,Uberlândia,-4,-0.7,-2.7,-1.6,6,-6.7,0.35,-0.29,0.26,-0.33,-0.2,1.5,2.3,-2.7,0.2
3124906,MG,3106,Eugenópolis,-42.2218,-21.0127,Juíz de Fora,2.1,1,-2.7,-1.6,-10.1,6.9,-0.21,0.08,-0.47,0.32,0.1,3.9,0,,-2.4
3125002,MG,3106,Ewbank Da Câmara,-43.5599,-21.5739,Juíz de Fora,2.1,1,-2.7,-1.6,-2.4,0.8,0,-0.02,-0.14,0.06,-0.6,0.5,-1.7,,-4.2
3125101,MG,3109,Extrema,-46.2891,-22.8256,Pouso Alegre,3.4,-0.7,-2.7,-1.6,5.4,-1.2,0.31,0.01,0.32,-0.04,-0.1,0,-2.4,,-1.6
3125200,MG,3108,Fama,-45.8132,-21.4626,Varginha,0.3,-1.4,-2.7,-1.6,0.9,-0.7,0.11,0.01,0.05,-0.03,0.2,0.6,2.8,,0.5
3125309,MG,3106,Faria Lemos,-42.0332,-20.7817,Juíz de Fora,2.1,1,-2.7,-1.6,-7.9,5.1,-0.19,0.06,-0.36,0.21,0.2,3.6,-0.5,,-0.5
3125408,MG,3103,Felício Dos Santos,-43.2395,-18.1332,Teófilo Otoni,8.9,-2.2,-2.7,-1.6,-4,-0.1,0.05,-0.21,-0.22,-0.02,-0.8,0.3,-1.4,,19.8
3125507,MG,3103,São Gonçalo Do Rio Preto,-43.358,-18.0749,Teófilo Otoni,8.9,-2.2,-2.7,-1.6,-4.4,-0.3,0.06,-0.21,-0.25,-0.02,-0.7,0.4,-2.7,,-3.4
3125606,MG,3103,Felisburgo,-40.732,-16.6377,Teófilo Otoni,8.9,-2.2,-2.7,-1.6,-5.6,-2.5,0.1,-0.37,-0.27,-0.09,0.8,1.5,1.9,,-10.3
3125705,MG,3101,Felixlândia,-44.9582,-18.7032,Belo Horizonte,3.3,-1,-2.7,-1.6,-5.8,1.1,0.06,-0.2,-0.24,0.02,-1.8,5.8,-1.7,6.9,10.5
3125804,MG,3104,Fernandes Tourinho,-42.0986,-19.1001,Governador Valadares,,-0.9,-2.7,-1.6,-0.4,-3.9,0.12,-0.26,-0.05,-0.16,-0.4,4.7,9.4,,-12.3
3125903,MG,3101,Ferros,-42.9404,-19.2444,Belo Horizonte,3.3,-1,-2.7,-1.6,-3.3,-1.1,0.14,-0.3,-0.16,-0.05,-0.1,1,5.9,,-0.2
3125952,MG,3106,Fervedouro,-42.3452,-20.6801,Juíz de Fora,2.1,1,-2.7,-1.6,-7.8,5.6,-0.17,0.08,-0.39,0.27,0,0.4,0.3,,2.6
3126000,MG,3101,Florestal,-44.4437,-19.8679,Belo Horizonte,3.3,-1,-2.7,-1.6,-0.2,-1.4,0.2,-0.17,0.02,-0.08,-0.7,3,3,-4.1,0.8
3126109,MG,3113,Formiga,-45.5171,-20.5533,Divinópolis,1.1,-1.1,-2.7,-1.6,-1.9,2.5,0.03,-0.02,-0.11,0.11,0.5,1,2.7,10.3,-0.2
3126208,MG,3112,Formoso,-46.1587,-15.13,Patos de Minas,-2.1,-3.2,-2.7,-1.6,-1.9,-7.2,0.15,-0.47,-0.11,-0.31,-0.5,5.9,-2.6,-1.7,-6.8
3126307,MG,3108,Fortaleza De Minas,-46.7726,-20.8892,Varginha,0.3,-1.4,-2.7,-1.6,4.8,-3.5,0.25,-0.19,0.22,-0.18,-0.1,0.6,1.4,,0.2
3126406,MG,3101,Fortuna De Minas,-44.5016,-19.5593,Belo Horizonte,3.3,-1,-2.7,-1.6,-2.4,-0.3,0.18,-0.2,-0.1,-0.03,-1.8,3.6,7.4,,-0.7
3126505,MG,3103,Francisco Badaró,-42.3104,-16.9777,Teófilo Otoni,8.9,-2.2,-2.7,-1.6,-0.8,-4.8,0.13,-0.38,-0.12,-0.22,-0.2,8.7,1.5,,-4.8
3126604,MG,3102,Francisco Dumont,-44.2713,-17.47,Montes Claros,9.4,0.8,-2.7,-1.6,-6.2,-1.5,0.03,-0.3,-0.31,-0.1,-0.7,0.5,0.3,,-0.6
3126703,MG,3102,Francisco Sá,-43.4805,-16.3933,Montes Claros,9.4,0.8,-2.7,-1.6,-6.2,1,0.08,-0.27,-0.3,0,-1.5,5.7,1.9,,5.4
3126752,MG,3103,Franciscópolis,-41.9694,-17.9929,Teófilo Otoni,8.9,-2.2,-2.7,-1.6,-3.1,-3.5,0.04,-0.27,-0.2,-0.14,1.6,8.6,-0.6,,-1.7
3126802,MG,3103,Frei Gaspar,-41.5088,-18.1406,Teófilo Otoni,8.9,-2.2,-2.7,-1.6,-3.6,-1.2,-0.05,-0.18,-0.23,-0.05,2.8,5.7,1.4,,2.9
3126901,MG,3104,Frei Inocêncio,-41.8784,-18.519,Governador Valadares,,-0.9,-2.7,-1.6,-1.5,-5.9,0.09,-0.28,-0.11,-0.21,2.4,4.6,0.8,,-0.5
3126950,MG,3104,Frei Lagonegro,-42.7572,-18.1458,Governador Valadares,,-0.9,-2.7,-1.6,-3.1,-4.1,0.07,-0.31,-0.15,-0.17,-0.8,1.9,-1.3,,2.1
3127008,MG,3110,Fronteira,-49.1592,-20.2282,Uberaba,-3.2,-2.1,-2.7,-1.6,5.8,-4.1,0.37,-0.15,0.37,-0.23,-0.4,3.3,-0.8,0.2,9.8
3127057,MG,3103,Fronteira Dos Vales,-40.8338,-16.8951,Teófilo Otoni,8.9,-2.2,-2.7,-1.6,-3.8,-0.2,0.08,-0.31,-0.23,-0.02,0.7,3.2,2,,-7.8
3127073,MG,3102,Fruta De Leite,-42.5188,-16.1268,Montes Claros,9.4,0.8,-2.7,-1.6,-2.9,-3.9,0.1,-0.32,-0.24,-0.12,-0.5,3.8,1,,-12.6
3127107,MG,3110,Frutal,-49.0007,-20.0362,Uberaba,-3.2,-2.1,-2.7,-1.6,6.2,-4.8,0.43,-0.17,0.43,-0.28,-0.6,3.3,-2.6,-4,3.4
3127206,MG,3101,Funilândia,-44.0747,-19.3609,Belo Horizonte,3.3,-1,-2.7,-1.6,-3.8,-1.6,0.12,-0.17,-0.17,-0.09,-0.6,2.3,1.9,,1.4
3127305,MG,3104,Galiléia,-41.5435,-18.8813,Governador Valadares,,-0.9,-2.7,-1.6,-5.4,-0.5,-0.01,-0.19,-0.27,-0.03,1.8,7.2,8.8,,-4.5
3127339,MG,3102,Gameleiras,-43.26,-14.9714,Montes Claros,9.4,0.8,-2.7,-1.6,-1,-5.7,0.14,-0.39,-0.12,-0.21,-2.4,9.7,-0.8,,-15.7
3127354,MG,3102,Glaucilândia,-43.6417,-16.9019,Montes Claros,9.4,0.8,-2.7,-1.6,-6.8,-1.3,0.05,-0.28,-0.3,-0.09,0.4,3.9,2,,3.1
3127370,MG,3104,Goiabeira,-41.2383,-19.0227,Governador Valadares,,-0.9,-2.7,-1.6,-9.8,1.3,-0.07,-0.19,-0.45,0.04,1.8,10.8,9.5,,4.6
3127388,MG,3106,Goianá,-43.1918,-21.5553,Juíz de Fora,2.1,1,-2.7,-1.6,-4.1,2,0.02,-0.08,-0.24,0.11,-0.6,2.2,-1.4,,0.9
3127404,MG,3109,Gonçalves,-45.827,-22.672,Pouso Alegre,3.4,-0.7,-2.7,-1.6,1.9,-3.1,0.09,-0.06,0.07,-0.14,0.8,0,-4,,2.3
3127503,MG,3104,Gonzaga,-42.5065,-18.8737,Governador Valadares,,-0.9,-2.7,-1.6,-1.3,-5.4,0.1,-0.31,-0.09,-0.18,1.1,0.7,4.6,,-2.4
3127602,MG,3103,Gouveia,-43.8345,-18.5233,Teófilo Otoni,8.9,-2.2,-2.7,-1.6,-5.9,0.2,0,-0.22,-0.31,0.01,-1,0.2,0.6,,-6.9
3127701,MG,3104,Governador Valadares,-41.9639,-18.7848,Governador Valadares,,-0.9,-2.7,-1.6,-3,-3.3,0.05,-0.22,-0.15,-0.12,1.4,5.9,4.9,,3.3
3127800,MG,3102,Grão Mogol,-42.9926,-16.4636,Montes Claros,9.4,0.8,-2.7,-1.6,-4.6,-1,0.11,-0.29,-0.24,-0.06,-1,2.6,6.9,,7.7
3127909,MG,3111,Grupiara,-47.7608,-18.4875,Uberlândia,-4,-0.7,-2.7,-1.6,4.4,-6.6,0.29,-0.28,0.21,-0.32,0.3,3.7,-0.5,0.7,-0.1
3128006,MG,3104,Guanhães,-42.853,-18.834,Governador Valadares,,-0.9,-2.7,-1.6,-1.9,-3.3,0.12,-0.33,-0.1,-0.11,0.7,0.4,5,,-15.3
3128105,MG,3108,Guapé,-45.9208,-20.7642,Varginha,0.3,-1.4,-2.7,-1.6,0.1,-0.6,0.08,-0.09,0.01,-0.05,0,0.7,3.6,-8.2,-3.9
3128204,MG,3106,Guaraciaba,-43.0207,-20.5558,Juíz de Fora,2.1,1,-2.7,-1.6,-6.8,1.3,-0.06,-0.07,-0.26,0.05,-0.2,1.4,2.5,,12
3128253,MG,3102,Guaraciama,-43.6187,-17.0771,Montes Claros,9.4,0.8,-2.7,-1.6,-7.4,-1.1,0.03,-0.28,-0.33,-0.09,0.3,2.8,2.9,,-3.6
3128303,MG,3108,Guaranésia,-46.8074,-21.2776,Varginha,0.3,-1.4,-2.7,-1.6,4,-2.6,0.2,-0.07,0.24,-0.14,0.6,0.7,-5.7,,-1.2
3128402,MG,3106,Guarani,-43.059,-21.3554,Juíz de Fora,2.1,1,-2.7,-1.6,-4.3,1,0,-0.14,-0.23,0.06,-1,3.1,-0.6,,4.1
3128501,MG,3106,Guarará,-43.0219,-21.7541,Juíz de Fora,2.1,1,-2.7,-1.6,-2.6,1.8,0.06,-0.07,-0.15,0.13,-0.6,2.1,4.2,,-2
3128600,MG,3112,Guarda-Mor,-47.1284,-17.7323,Patos de Minas,-2.1,-3.2,-2.7,-1.6,-0.9,-6,0.12,-0.32,-0.05,-0.32,-1,2.9,1.8,-3.5,-7.3
3128709,MG,3108,Guaxupé,-46.6808,-21.2917,Varginha,0.3,-1.4,-2.7,-1.6,5.3,-3.8,0.19,-0.09,0.3,-0.23,0,0.7,-2.7,-1.8,1.2
3128808,MG,3106,Guidoval,-42.7859,-21.1674,Juíz de Fora,2.1,1,-2.7,-1.6,-6,3.3,-0.1,-0.03,-0.29,0.17,-0.7,3.3,2.2,,-4.2
3128907,MG,3112,Guimarânia,-46.7502,-18.8172,Patos de Minas,-2.1,-3.2,-2.7,-1.6,-3.1,0.8,0.04,-0.14,-0.16,0.03,-0.3,1.4,3.3,-0.8,0.3
3129004,MG,3106,Guiricema,-42.6995,-21.0146,Juíz de Fora,2.1,1,-2.7,-1.6,-7.1,2.3,-0.14,-0.06,-0.32,0.15,-0.6,3.6,4.4,,2.9
3129103,MG,3111,Gurinhatã,-49.8701,-19.0987,Uberlândia,-4,-0.7,-2.7,-1.6,5.8,-4.6,0.4,-0.3,0.33,-0.26,0.5,3.1,1.3,-8.9,-5.6
3129202,MG,3109,Heliodora,-45.5385,-22.0499,Pouso Alegre,3.4,-0.7,-2.7,-1.6,-0.2,0.4,0.18,0.02,-0.01,0.01,0.9,0.9,2.3,,-5.8
3129301,MG,3105,Iapu,-42.2427,-19.3465,Ipatinga,,-0.5,-2.7,-1.6,-1.1,-2.7,0.14,-0.31,-0.06,-0.13,0.7,3.7,1.3,,-1.7
3129400,MG,3107,Ibertioga,-43.9606,-21.4501,Barbacena,2.9,-1.7,-2.7,-1.6,1.3,0.2,0.21,-0.09,0.06,0.01,-0.1,0.1,0.5,,-2.6
3129509,MG,3110,Ibiá,-46.5945,-19.5578,Uberaba,-3.2,-2.1,-2.7,-1.6,-0.3,-2.1,0.11,-0.25,-0.02,-0.13,-0.8,0.9,2.8,-3.1,0
3129608,MG,3102,Ibiaí,-44.7909,-16.829,Montes Claros,9.4,0.8,-2.7,-1.6,-1.4,-3.5,0.09,-0.25,-0.11,-0.18,-0.6,6.7,2.6,,-12.4
3129657,MG,3102,Ibiracatu,-44.1451,-15.6952,Montes Claros,9.4,0.8,-2.7,-1.6,-4.5,-1.2,0.11,-0.31,-0.27,-0.04,-1.2,5.7,4.1,,-5.6
3129707,MG,3108,Ibiraci,-47.1104,-20.3949,Varginha,0.3,-1.4,-2.7,-1.6,3.5,-0.9,0.14,-0.03,0.21,-0.05,0.2,0.7,-1.1,-5,-1.9
3129806,MG,3101,Ibirité,-44.0664,-20.0208,Belo Horizonte,3.3,-1,-2.7,-1.6,-3.5,0.6,0.09,-0.11,-0.19,0.02,-0.4,0.2,2,,
3129905,MG,3109,Ibitiúra De Minas,-46.4097,-22.0662,Pouso Alegre,3.4,-0.7,-2.7,-1.6,2.4,0.5,0.13,0.02,0.15,0.02,0.9,0.1,1.8,,0.8
3130002,MG,3108,Ibituruna,-44.7834,-21.1665,Varginha,0.3,-1.4,-2.7,-1.6,1.2,-0.8,0.1,-0.09,0.07,-0.05,-0.4,0.4,1.7,,-0.4
3130051,MG,3102,Icaraí De Minas,-44.9134,-16.2232,Montes Claros,9.4,0.8,-2.7,-1.6,-0.9,-3.9,0.1,-0.31,-0.07,-0.2,0.1,6.2,2.1,,38.9
3130101,MG,3101,Igarapé,-44.3233,-20.0609,Belo Horizonte,3.3,-1,-2.7,-1.6,-0.4,-0.1,0.16,-0.12,-0.03,-0.04,-0.8,2.2,0.2,,-1.9
3130200,MG,3113,Igaratinga,-44.7193,-19.9498,Divinópolis,1.1,-1.1,-2.7,-1.6,0.7,-2.6,0.09,-0.15,0.01,-0.15,-1,2.7,2.7,,-7.3
3130309,MG,3113,Iguatama,-45.753,-20.1573,Divinópolis,1.1,-1.1,-2.7,-1.6,1.3,-1.3,0.12,-0.17,0.07,-0.07,-0.2,3,3.7,-5,-3.1
3130408,MG,3108,Ijaci,-44.934,-21.1782,Varginha,0.3,-1.4,-2.7,-1.6,1.2,-0.7,0.08,-0.09,0.06,-0.05,-0.3,0.9,3.9,,-3.3
3130507,MG,3108,Ilicínea,-45.8023,-20.9331,Varginha,0.3,-1.4,-2.7,-1.6,0.7,0,0.11,-0.06,0.04,-0.02,0.2,0.8,2.8,,-7.9
3130556,MG,3105,Imbé De Minas,-41.9658,-19.6189,Ipatinga,,-0.5,-2.7,-1.6,-3.3,-1.5,0.11,-0.25,-0.14,-0.06,0,0.8,0.5,,-0.4
3130606,MG,3109,Inconfidentes,-46.2828,-22.341,Pouso Alegre,3.4,-0.7,-2.7,-1.6,-0.9,2.7,0.01,0.18,-0.06,0.15,0.4,0.1,-0.5,,-6.4
3130655,MG,3102,Indaiabira,-42.1434,-15.5605,Montes Claros,9.4,0.8,-2.7,-1.6,-0.3,-7.1,0.15,-0.42,-0.13,-0.27,0.2,1.4,5.2,,-11
3130705,MG,3111,Indianópolis,-47.8507,-18.9519,Uberlândia,-4,-0.7,-2.7,-1.6,8.3,-7,0.38,-0.24,0.39,-0.35,-0.4,1.9,3.5,-2.3,1.4
3130804,MG,3108,Ingaí,-44.9231,-21.4117,Varginha,0.3,-1.4,-2.7,-1.6,1.9,0.1,0.09,-0.02,0.06,-0.02,-0.4,0.4,-0.9,2.5,-4.8
3130903,MG,3105,Inhapim,-41.9701,-19.4984,Ipatinga,,-0.5,-2.7,-1.6,-2.8,-3.2,0.11,-0.29,-0.13,-0.14,0.5,1.2,0.6,,-0.9
3131000,MG,3101,Inhaúma,-44.4103,-19.4957,Belo Horizonte,3.3,-1,-2.7,-1.6,-4.3,0.2,0.14,-0.2,-0.2,0.01,-2.2,2.5,6.6,0.2,0.4
3131109,MG,3101,Inimutaba,-44.2905,-18.7306,Belo Horizonte,3.3,-1,-2.7,-1.6,-6.8,1.7,-0.01,-0.17,-0.3,0.08,-1.4,5.9,-0.7,-11.7,5.4
3131158,MG,3105,Ipaba,-42.3742,-19.4078,Ipatinga,,-0.5,-2.7,-1.6,-2,-2.8,0.14,-0.31,-0.09,-0.13,1.6,1.8,0.7,,-8.9
3131208,MG,3106,Ipanema,-41.7512,-19.7568,Juíz de Fora,2.1,1,-2.7,-1.6,-5.5,0.7,0.05,-0.18,-0.21,0.02,0.6,1.4,1.8,,-6.1
3131307,MG,3105,Ipatinga,-42.6013,-19.4397,Ipatinga,,-0.5,-2.7,-1.6,-3.5,-0.9,0.08,-0.24,-0.15,-0.06,0.6,0.8,0.4,,-11.8
3131406,MG,3111,Ipiaçu,-49.9329,-18.6989,Uberlândia,-4,-0.7,-2.7,-1.6,3.3,-1.8,0.25,-0.19,0.21,-0.13,0.8,3.5,-2.5,-7,-2
3131505,MG,3109,Ipuiúna,-46.1345,-22.0276,Pouso Alegre,3.4,-0.7,-2.7,-1.6,3.9,-1.9,0.26,-0.06,0.26,-0.14,0,0,1.2,,-2.2
3131604,MG,3111,Iraí De Minas,-47.4587,-19.0427,Uberlândia,-4,-0.7,-2.7,-1.6,4.1,-5,0.29,-0.27,0.25,-0.32,-0.3,1.4,4.8,-1.6,-1.6
3131703,MG,3101,Itabira,-43.2992,-19.6007,Belo Horizonte,3.3,-1,-2.7,-1.6,-4.3,-1.2,0.1,-0.21,-0.17,-0.08,-0.6,0.3,1.8,,-6.7
3131802,MG,3104,Itabirinha,-41.2458,-18.5493,Governador Valadares,,-0.9,-2.7,-1.6,-4.6,0,-0.08,-0.11,-0.29,0.01,2.2,4.2,-2.8,,-3.4
3131901,MG,3101,Itabirito,-43.8114,-20.2555,Belo Horizonte,3.3,-1,-2.7,-1.6,-3.3,0,0.1,-0.13,-0.14,-0.04,-0.2,0.4,3,,0.4
3132008,MG,3102,Itacambira,-43.3278,-16.9348,Montes Claros,9.4,0.8,-2.7,-1.6,-7.2,-2.5,0,-0.3,-0.34,-0.13,1.4,0.5,2.7,,15.9
3132107,MG,3102,Itacarambi,-44.1252,-15.1786,Montes Claros,9.4,0.8,-2.7,-1.6,-4.9,-1.4,0.08,-0.34,-0.26,-0.06,0.3,14,4.5,-4.8,21.4
3132206,MG,3113,Itaguara,-44.5337,-20.3709,Divinópolis,1.1,-1.1,-2.7,-1.6,1.6,-2.1,0.17,-0.19,0.06,-0.14,0,0.6,2.5,,28
3132305,MG,3103,Itaipé,-41.6592,-17.4097,Teófilo Otoni,8.9,-2.2,-2.7,-1.6,-2.9,-3.3,-0.03,-0.22,-0.23,-0.12,-1,1.3,4,,0.3
3132404,MG,3109,Itajubá,-45.4182,-22.4228,Pouso Alegre,3.4,-0.7,-2.7,-1.6,1.7,-1.9,0.16,-0.03,0.09,-0.12,0.5,0.4,4.1,,4
3132503,MG,3103,Itamarandiba,-42.8762,-17.8556,Teófilo Otoni,8.9,-2.2,-2.7,-1.6,-3.4,-2,-0.03,-0.2,-0.21,-0.1,0,0.3,-0.5,,-7.3
3132602,MG,3106,Itamarati De Minas,-42.8489,-21.4253,Juíz de Fora,2.1,1,-2.7,-1.6,-5.2,2,-0.09,-0.06,-0.26,0.1,-0.5,3.8,2.8,,-2.5
3132701,MG,3103,Itambacuri,-41.8473,-18.1594,Teófilo Otoni,8.9,-2.2,-2.7,-1.6,-2.5,-4.3,0.03,-0.27,-0.18,-0.15,0.5,2.8,-6.2,,10.2
3132800,MG,3101,Itambé Do Mato Dentro,-43.3511,-19.3965,Belo Horizonte,3.3,-1,-2.7,-1.6,-5,0.3,0.07,-0.19,-0.22,0.02,-0.3,0.7,4.6,,0.4
3132909,MG,3108,Itamogi,-47.0509,-21.075,Varginha,0.3,-1.4,-2.7,-1.6,4.5,-4.1,0.19,-0.15,0.24,-0.23,1,0.7,1.2,-7.1,-1.3
3133006,MG,3109,Itamonte,-44.7581,-22.288,Pouso Alegre,3.4,-0.7,-2.7,-1.6,-2,2.4,0,0.17,-0.12,0.15,0.2,0,1,,3.8
3133105,MG,3109,Itanhandu,-44.9203,-22.3205,Pouso Alegre,3.4,-0.7,-2.7,-1.6,2.3,-1.3,0.13,0.01,0.11,-0.1,0.3,0.6,-0.6,,0
3133204,MG,3104,Itanhomi,-41.82,-19.161,Governador Valadares,,-0.9,-2.7,-1.6,-5.5,-1.7,0.04,-0.2,-0.21,-0.09,1.7,4.5,10.1,,3.4
3133303,MG,3103,Itaobim,-41.5338,-16.5822,Teófilo Otoni,8.9,-2.2,-2.7,-1.6,-4.1,-2.2,0.08,-0.31,-0.2,-0.11,2.1,7.4,12,,2.7
3133402,MG,3110,Itapagipe,-49.4237,-19.7947,Uberaba,-3.2,-2.1,-2.7,-1.6,3.1,-2,0.26,-0.13,0.22,-0.14,-0.3,2.4,-3,-2.2,-0.4
3133501,MG,3113,Itapecerica,-45.1084,-20.4595,Divinópolis,1.1,-1.1,-2.7,-1.6,-1.3,2.5,0.05,-0.01,-0.1,0.11,0.6,0.6,1.8,,-2.6
3133600,MG,3109,Itapeva,-46.211,-22.6995,Pouso Alegre,3.4,-0.7,-2.7,-1.6,6.4,-1.1,0.35,0.04,0.37,-0.04,0.4,0,-1.7,,8.1
3133709,MG,3113,Itatiaiuçu,-44.4537,-20.211,Divinópolis,1.1,-1.1,-2.7,-1.6,1.3,-1.1,0.23,-0.19,0.04,-0.1,-0.7,0.4,0.8,,1.1
3133758,MG,3108,Itaú De Minas,-46.7738,-20.7339,Varginha,0.3,-1.4,-2.7,-1.6,2.4,-0.6,0.13,-0.06,0.11,-0.01,-0.5,1.4,-0.6,,1.9
3133808,MG,3113,Itaúna,-44.589,-20.0772,Divinópolis,1.1,-1.1,-2.7,-1.6,0.1,-1.3,0.19,-0.23,0.01,-0.1,-0.6,1.2,2,,0
3133907,MG,3107,Itaverava,-43.6118,-20.6866,Barbacena,2.9,-1.7,-2.7,-1.6,-3.5,2.8,0,-0.02,-0.22,0.14,-0.6,0.6,2.5,,-4.1
3134004,MG,3103,Itinga,-41.8343,-16.5887,Teófilo Otoni,8.9,-2.2,-2.7,-1.6,-2.6,-1.4,0.09,-0.32,-0.15,-0.11,0.3,7.7,3.9,,-2.7
3134103,MG,3104,Itueta,-41.1037,-19.3731,Governador Valadares,,-0.9,-2.7,-1.6,-10.4,-2.8,-0.02,-0.27,-0.36,-0.06,1.8,9.9,5.7,,1.9
3134202,MG,3111,Ituiutaba,-49.5451,-18.9925,Uberlândia,-4,-0.7,-2.7,-1.6,4.8,-4,0.31,-0.26,0.27,-0.23,0.9,2.5,-3.6,-6.2,-4.5
3134301,MG,3108,Itumirim,-44.8229,-21.2899,Varginha,0.3,-1.4,-2.7,-1.6,1.5,-1.3,0.09,-0.1,0.07,-0.09,-0.3,0.8,2.8,,-2.6
3134400,MG,3110,Iturama,-50.3442,-19.7173,Uberaba,-3.2,-2.1,-2.7,-1.6,3.7,-0.1,0.23,0.05,0.21,-0.03,0.3,3.4,-2.6,-0.1,-0.9
3134509,MG,3108,Itutinga,-44.7124,-21.3516,Varginha,0.3,-1.4,-2.7,-1.6,2.6,-2.9,0.14,-0.17,0.11,-0.19,-0.2,0.4,1.1,,-2
3134608,MG,3101,Jaboticatubas,-43.7176,-19.4407,Belo Horizonte,3.3,-1,-2.7,-1.6,-2.1,-3.4,0.17,-0.24,-0.07,-0.17,-1,1,3.1,,0.5
3134707,MG,3103,Jacinto,-40.3142,-16.1818,Teófilo Otoni,8.9,-2.2,-2.7,-1.6,-8.1,0.2,0.08,-0.3,-0.37,0.06,1.7,8.3,-0.9,,-10.8
3134806,MG,3108,Jacuí,-46.7352,-21.0247,Varginha,0.3,-1.4,-2.7,-1.6,5.7,-4.7,0.25,-0.18,0.28,-0.27,0.2,0.6,0,-1.9,3
3134905,MG,3109,Jacutinga,-46.6014,-22.287,Pouso Alegre,3.4,-0.7,-2.7,-1.6,3.9,-2.6,0.19,-0.09,0.2,-0.14,0.2,0.8,-1.4,,0.5
3135001,MG,3105,Jaguaraçu,-42.7204,-19.6369,Ipatinga,,-0.5,-2.7,-1.6,-3.6,-0.9,0.11,-0.22,-0.16,-0.04,-0.1,0.4,-1.4,,-2.1
3135050,MG,3102,Jaíba,-43.6754,-15.2328,Montes Claros,9.4,0.8,-2.7,-1.6,-1.9,-2.1,0.07,-0.28,-0.17,-0.09,1.6,12.6,3.3,,-2.3
3135076,MG,3104,Jampruca,-41.7387,-18.466,Governador Valadares,,-0.9,-2.7,-1.6,-2.9,-3.5,0.04,-0.24,-0.18,-0.13,2.6,8.4,-1.3,,5.3
3135100,MG,3102,Janaúba,-43.3962,-15.7988,Montes Claros,9.4,0.8,-2.7,-1.6,-6.3,-3.2,0.03,-0.31,-0.3,-0.13,0.1,8.4,3.2,,48.7
3135209,MG,3102,Januária,-44.8506,-15.3203,Montes Claros,9.4,0.8,-2.7,-1.6,-7.1,-0.3,0.03,-0.28,-0.32,-0.06,-1.5,8.1,5.8,4.4,-5.9
3135308,MG,3113,Japaraíba,-45.526,-20.1342,Divinópolis,1.1,-1.1,-2.7,-1.6,1,-0.7,0.12,-0.13,0.03,-0.05,0,2.9,1.1,,-0.7
3135357,MG,3102,Japonvar,-44.3282,-15.9444,Montes Claros,9.4,0.8,-2.7,-1.6,-7.6,3.2,-0.06,-0.15,-0.38,0.12,1.1,5.9,4.2,,-2.6
3135407,MG,3107,Jeceaba,-44.049,-20.5516,Barbacena,2.9,-1.7,-2.7,-1.6,-0.9,-0.9,0.2,-0.24,-0.07,-0.08,-0.8,0.6,0.5,,-0.9
3135456,MG,3103,Jenipapo De Minas,-42.2144,-17.1671,Teófilo Otoni,8.9,-2.2,-2.7,-1.6,-0.6,-4.3,0.07,-0.32,-0.13,-0.21,-0.1,9.1,2,,-6
3135506,MG,3106,Jequeri,-42.6219,-20.474,Juíz de Fora,2.1,1,-2.7,-1.6,-5.2,2,-0.03,-0.11,-0.26,0.09,-0.9,2.6,2.2,,10.7
3135605,MG,3102,Jequitaí,-44.4773,-17.2119,Montes Claros,9.4,0.8,-2.7,-1.6,-3.5,-2.4,0.08,-0.26,-0.2,-0.13,-1.6,6.7,1.3,-3.6,-5.9
3135704,MG,3101,Jequitibá,-44.0007,-19.2115,Belo Horizonte,3.3,-1,-2.7,-1.6,-3.1,-1.2,0.14,-0.2,-0.13,-0.06,-1,3.3,2.9,0,-0.2
3135803,MG,3103,Jequitinhonha,-41.0829,-16.3889,Teófilo Otoni,8.9,-2.2,-2.7,-1.6,-6.1,-2.2,0.11,-0.39,-0.28,-0.1,0.6,1.7,6.2,,-3.4
3135902,MG,3109,Jesuânia,-45.2735,-22.008,Pouso Alegre,3.4,-0.7,-2.7,-1.6,1.6,-1.2,0.17,-0.01,0.06,-0.08,1,0.5,-1.1,,0.1
3136009,MG,3103,Joaíma,-41.0142,-16.7704,Teófilo Otoni,8.9,-2.2,-2.7,-1.6,-4.6,-1.9,0.11,-0.36,-0.24,-0.08,1.1,7.2,8.1,,33.4
3136108,MG,3105,Joanésia,-42.7062,-19.2088,Ipatinga,,-0.5,-2.7,-1.6,-1.6,-4.2,0.14,-0.34,-0.08,-0.16,0,1,3.1,,-1.2
3136207,MG,3105,João Monlevade,-43.1605,-19.8379,Ipatinga,,-0.5,-2.7,-1.6,-5.6,0.5,0.05,-0.15,-0.22,0,-1.7,0.5,0,,2.3
3136306,MG,3112,João Pinheiro,-45.9344,-17.6056,Patos de Minas,-2.1,-3.2,-2.7,-1.6,-2.2,-1.6,0.12,-0.24,-0.12,-0.12,-1.2,4.7,-2,-2.7,1.3
3136405,MG,3102,Joaquim Felício,-44.112,-17.6755,Montes Claros,9.4,0.8,-2.7,-1.6,-5.5,-0.8,0.02,-0.27,-0.3,-0.06,-0.2,3,3.6,,5
3136504,MG,3103,Jordânia,-40.3124,-15.8844,Teófilo Otoni,8.9,-2.2,-2.7,-1.6,-11.2,3.1,-0.01,-0.26,-0.4,0.1,1.4,6.3,0.2,,-9
3136520,MG,3103,José Gonçalves De Minas,-42.6551,-16.8998,Teófilo Otoni,8.9,-2.2,-2.7,-1.6,-0.8,-4.7,0.14,-0.34,-0.11,-0.18,-0.2,3.2,0.9,,-2.2
3136553,MG,3104,José Raydan,-42.4767,-18.2483,Governador Valadares,,-0.9,-2.7,-1.6,-3.2,-5.6,0.08,-0.32,-0.15,-0.2,0.3,4.6,-0.5,,-0.9
3136579,MG,3102,Josenópolis,-42.5487,-16.5419,Montes Claros,9.4,0.8,-2.7,-1.6,-3.7,-2.3,0.06,-0.26,-0.19,-0.11,-0.3,4.8,4.7,,-3.6
3136603,MG,3101,Nova União,-43.5709,-19.6356,Belo Horizonte,3.3,-1,-2.7,-1.6,-1.6,-5.1,0.22,-0.31,-0.06,-0.23,-0.9,0.3,5.6,,-2.1
3136652,MG,3101,Juatuba,-44.3558,-19.9559,Belo Horizonte,3.3,-1,-2.7,-1.6,-0.7,-0.5,0.16,-0.14,-0.02,-0.04,-1.1,2.7,0.7,,-1.9
3136702,MG,3106,Juiz De Fora,-43.4648,-21.7454,Juíz de Fora,2.1,1,-2.7,-1.6,-0.6,0,0.06,-0.05,-0.04,0.02,-0.1,0.4,-5.5,,-0.9
3136801,MG,3102,Juramento,-43.5639,-16.8416,Montes Claros,9.4,0.8,-2.7,-1.6,-7.3,-2.2,0.01,-0.26,-0.3,-0.13,0.9,1.6,0.8,,-11.5
3136900,MG,3108,Juruaia,-46.5272,-21.2216,Varginha,0.3,-1.4,-2.7,-1.6,5.6,-3,0.21,-0.06,0.31,-0.17,0.1,0.9,-3.3,,4.2
3136959,MG,3102,Juvenília,-44.0828,-14.3853,Montes Claros,9.4,0.8,-2.7,-1.6,-2.5,-2.3,0.22,-0.39,-0.19,-0.14,-0.6,10.2,1.8,,-16.2
3137007,MG,3103,Ladainha,-41.8213,-17.6275,Teófilo Otoni,8.9,-2.2,-2.7,-1.6,-1.2,-4.6,0.04,-0.3,-0.14,-0.19,0.9,3.9,-0.6,,6.7
3137106,MG,3112,Lagamar,-46.7337,-18.103,Patos de Minas,-2.1,-3.2,-2.7,-1.6,2.2,-5.8,0.23,-0.35,0.11,-0.34,0.7,3.1,-1.7,-1.6,-1.9
3137205,MG,3113,Lagoa Da Prata,-45.494,-20.0108,Divinópolis,1.1,-1.1,-2.7,-1.6,1.3,-1.7,0.11,-0.16,0.05,-0.09,-0.4,2.5,0.3,1.8,-3.3
3137304,MG,3102,Lagoa Dos Patos,-44.6472,-17.0098,Montes Claros,9.4,0.8,-2.7,-1.6,-1.5,-2.4,0.11,-0.26,-0.11,-0.15,-1.8,6.5,0.7,,-0.7
3137403,MG,3107,Lagoa Dourada,-44.0752,-20.8931,Barbacena,2.9,-1.7,-2.7,-1.6,0.3,-1.4,0.22,-0.24,-0.01,-0.09,-0.7,0.4,2.1,4.1,-3.7
3137502,MG,3112,Lagoa Formosa,-46.338,-18.7698,Patos de Minas,-2.1,-3.2,-2.7,-1.6,-1.7,-0.7,0.06,-0.19,-0.09,-0.04,-0.6,1.5,-3.4,-7.1,2.4
3137536,MG,3112,Lagoa Grande,-46.5012,-17.7674,Patos de Minas,-2.1,-3.2,-2.7,-1.6,-0.4,-4.5,0.17,-0.35,-0.03,-0.25,-0.1,5.7,5.5,0.3,-0.9
3137601,MG,3101,Lagoa Santa,-43.8862,-19.6279,Belo Horizonte,3.3,-1,-2.7,-1.6,-3.7,-2.6,0.15,-0.19,-0.17,-0.14,-1.9,1,0.9,,0.8
3137700,MG,3106,Lajinha,-41.5881,-20.1442,Juíz de Fora,2.1,1,-2.7,-1.6,-6.6,1.7,-0.06,-0.13,-0.3,0.07,0.5,0.8,2.5,,39.9
3137809,MG,3109,Lambari,-45.3782,-22.001,Pouso Alegre,3.4,-0.7,-2.7,-1.6,1.4,-1.9,0.17,-0.04,0.06,-0.11,0.8,0.2,0.9,,0.8
3137908,MG,3107,Lamim,-43.4735,-20.7782,Barbacena,2.9,-1.7,-2.7,-1.6,-3.5,4,0.02,0.01,-0.2,0.22,-0.1,0.5,0.4,,18.3
3138005,MG,3106,Laranjal,-42.4507,-21.3573,Juíz de Fora,2.1,1,-2.7,-1.6,-8.3,6.9,-0.15,0.11,-0.38,0.31,-0.4,4.8,2.2,,-2.4
3138104,MG,3102,Lassance,-44.6946,-17.8807,Montes Claros,9.4,0.8,-2.7,-1.6,-5.1,-1.7,0.06,-0.27,-0.26,-0.1,0.9,4.9,4.3,-1.2,15.7
3138203,MG,3108,Lavras,-45.0372,-21.2654,Varginha,0.3,-1.4,-2.7,-1.6,2.2,-0.6,0.12,-0.06,0.08,-0.05,-0.5,0.8,0.9,-5.5,-1.3
3138302,MG,3113,Leandro Ferreira,-45.0416,-19.6785,Divinópolis,1.1,-1.1,-2.7,-1.6,-0.1,-1.9,0.1,-0.19,-0.02,-0.11,-0.3,3.7,1.3,,0.4
3138351,MG,3103,Leme Do Prado,-42.745,-17.0679,Teófilo Otoni,8.9,-2.2,-2.7,-1.6,-0.1,-4.8,0.13,-0.33,-0.08,-0.19,-1.1,2.1,-1.7,,-4.4
3138401,MG,3106,Leopoldina,-42.6434,-21.5474,Juíz de Fora,2.1,1,-2.7,-1.6,-7.3,4.1,-0.15,0.09,-0.37,0.22,-0.1,3.9,1.6,,0.4
3138500,MG,3106,Liberdade,-44.3342,-22.0158,Juíz de Fora,2.1,1,-2.7,-1.6,-3.2,4.8,-0.03,0.15,-0.14,0.23,0.1,0.1,-0.1,,-3.4
3138609,MG,3106,Lima Duarte,-43.8867,-21.7976,Juíz de Fora,2.1,1,-2.7,-1.6,-0.4,1.8,0.05,0.04,-0.07,0.13,0.8,0.3,-0.7,,-6.7
3138625,MG,3110,Limeira Do Oeste,-50.6475,-19.4083,Uberaba,-3.2,-2.1,-2.7,-1.6,4.9,-1,0.28,-0.02,0.25,-0.06,0.7,2.7,-5.3,,1.9
3138658,MG,3102,Lontra,-44.2708,-15.8566,Montes Claros,9.4,0.8,-2.7,-1.6,-4.1,1.1,0.06,-0.25,-0.25,0.04,-0.2,5.2,5,,-4.2
3138674,MG,3106,Luisburgo,-42.0739,-20.4364,Juíz de Fora,2.1,1,-2.7,-1.6,-7.3,4.9,-0.12,0.01,-0.34,0.22,0.8,0,2.1,,6.7
3138682,MG,3102,Luislândia,-44.5959,-16.1948,Montes Claros,9.4,0.8,-2.7,-1.6,-6.2,-1.3,-0.03,-0.21,-0.29,-0.08,0.5,5.8,2.9,,16.6
3138708,MG,3108,Luminárias,-44.924,-21.5381,Varginha,0.3,-1.4,-2.7,-1.6,2.1,-0.7,0.11,-0.03,0.08,-0.07,-0.1,0.3,1.6,2.1,-0.7
3138807,MG,3113,Luz,-45.6789,-19.8264,Divinópolis,1.1,-1.1,-2.7,-1.6,0.9,-1.9,0.08,-0.18,0.04,-0.11,-0.8,3.2,1.9,-2.1,1.3
3138906,MG,3103,Machacalis,-40.7192,-17.0828,Teófilo Otoni,8.9,-2.2,-2.7,-1.6,-3.9,1.3,0,-0.19,-0.25,0.05,-0.1,8.6,0.6,,25.7
3139003,MG,3108,Machado,-45.9207,-21.6666,Varginha,0.3,-1.4,-2.7,-1.6,2.4,-2.7,0.18,-0.07,0.14,-0.14,-0.1,0.2,4.6,-0.4,-1.1
3139102,MG,3107,Madre De Deus De Minas,-44.3329,-21.4856,Barbacena,2.9,-1.7,-2.7,-1.6,-1.2,0.9,0.06,-0.03,-0.1,0.04,-0.7,0.4,1.6,1.5,-1.1
3139201,MG,3103,Malacacheta,-42.1108,-17.8411,Teófilo Otoni,8.9,-2.2,-2.7,-1.6,-2.4,-4,0.06,-0.27,-0.17,-0.18,0.1,3.2,2.2,,-2.6
3139250,MG,3102,Mamonas,-42.9567,-15.0168,Montes Claros,9.4,0.8,-2.7,-1.6,-3.3,-4.3,0.13,-0.37,-0.19,-0.17,-1.5,7.4,3.6,,20
3139300,MG,3102,Manga,-44.0937,-14.6475,Montes Claros,9.4,0.8,-2.7,-1.6,-3.8,-0.5,0.17,-0.38,-0.21,-0.05,0.1,12.1,6,,12
3139409,MG,3106,Manhuaçu,-42.1068,-20.1961,Juíz de Fora,2.1,1,-2.7,-1.6,-5.4,2.4,-0.01,-0.09,-0.24,0.09,0.3,0.1,2.1,,13.2
3139508,MG,3106,Manhumirim,-41.9423,-20.3477,Juíz de Fora,2.1,1,-2.7,-1.6,-7.5,3.5,-0.08,-0.06,-0.35,0.16,0.6,1.1,-1.9,,2.3
3139607,MG,3104,Mantena,-41.0811,-18.6842,Governador Valadares,,-0.9,-2.7,-1.6,-7.2,2,-0.1,-0.09,-0.35,0.07,1.6,8.1,-0.9,,-1
3139706,MG,3113,Maravilhas,-44.6706,-19.501,Divinópolis,1.1,-1.1,-2.7,-1.6,-1.7,-0.4,0.2,-0.2,-0.07,-0.03,-1.3,2.4,3.1,,4.8
3139805,MG,3106,Mar De Espanha,-43.0165,-21.8769,Juíz de Fora,2.1,1,-2.7,-1.6,-1.1,3.2,0.09,0.03,-0.07,0.2,0,2.9,1.6,,-0.9
3139904,MG,3109,Maria Da Fé,-45.3176,-22.3236,Pouso Alegre,3.4,-0.7,-2.7,-1.6,1.2,-0.1,0.29,-0.07,0.05,-0.03,0.5,0.1,-1.2,,4.4
3140001,MG,3101,Mariana,-43.3297,-20.329,Belo Horizonte,3.3,-1,-2.7,-1.6,-3.6,0.7,-0.01,-0.05,-0.17,0.02,-1.2,0.9,2.9,,-4.3
3140100,MG,3104,Marilac,-42.0774,-18.4937,Governador Valadares,,-0.9,-2.7,-1.6,-0.4,-6,0.11,-0.27,-0.08,-0.21,3,7.7,-2.5,,-0.3
3140159,MG,3101,Mário Campos,-44.1783,-20.0784,Belo Horizonte,3.3,-1,-2.7,-1.6,-3.2,0.7,0.04,-0.09,-0.16,0.01,-0.9,1,1,,-1.2
3140209,MG,3106,Maripá De Minas,-42.9593,-21.6944,Juíz de Fora,2.1,1,-2.7,-1.6,-4.7,3.1,-0.07,-0.03,-0.25,0.16,-1.8,1.9,2.3,,0.2
3140308,MG,3105,Marliéria,-42.6158,-19.7079,Ipatinga,,-0.5,-2.7,-1.6,-2.2,-1.2,0.16,-0.24,-0.11,-0.04,0.6,2.5,-3.5,,6.2
3140407,MG,3109,Marmelópolis,-45.1693,-22.4648,Pouso Alegre,3.4,-0.7,-2.7,-1.6,3.2,-1.1,0.24,-0.02,0.13,-0.09,-0.1,0,0.5,,2.2
3140506,MG,3113,Martinho Campos,-45.1917,-19.4111,Divinópolis,1.1,-1.1,-2.7,-1.6,-1.8,-1.8,0.05,-0.19,-0.08,-0.09,-0.4,4.8,3.5,9.8,-1.7
3140530,MG,3106,Martins Soares,-41.8433,-20.2579,Juíz de Fora,2.1,1,-2.7,-1.6,-6.9,1,-0.04,-0.17,-0.29,0.05,0.2,0.8,1.9,,-2.7
3140555,MG,3103,Mata Verde,-40.7007,-15.7624,Teófilo Otoni,8.9,-2.2,-2.7,-1.6,-9,0.3,-0.02,-0.31,-0.41,0.02,0.8,2.9,-0.5,,-2.2
3140605,MG,3104,Materlândia,-43.0473,-18.4604,Governador Valadares,,-0.9,-2.7,-1.6,-4.2,-1.4,0.06,-0.28,-0.21,-0.06,0.3,0.8,6,,-6.4
3140704,MG,3101,Mateus Leme,-44.4364,-20.0285,Belo Horizonte,3.3,-1,-2.7,-1.6,-1.7,0.9,0.16,-0.11,-0.07,0,-0.5,1.3,-0.1,,6.2
3140803,MG,3106,Matias Barbosa,-43.3083,-21.8716,Juíz de Fora,2.1,1,-2.7,-1.6,-1.4,2.2,0.05,-0.03,-0.07,0.1,0.6,0.9,-1.9,,4.2
3140852,MG,3102,Matias Cardoso,-43.7626,-14.9032,Montes Claros,9.4,0.8,-2.7,-1.6,-2.9,-2.5,0.1,-0.32,-0.2,-0.1,0.6,13.1,5.9,,25.2
3140902,MG,3106,Matipó,-42.3173,-20.3087,Juíz de Fora,2.1,1,-2.7,-1.6,-5.5,3.2,-0.02,-0.08,-0.24,0.12,0.6,0.5,3.3,,-0.6
3141009,MG,3102,Mato Verde,-42.8651,-15.4283,Montes Claros,9.4,0.8,-2.7,-1.6,-7.7,-2.7,0.07,-0.37,-0.32,-0.12,0.7,7.1,-0.5,,3.1
3141108,MG,3101,Matozinhos,-44.0517,-19.5245,Belo Horizonte,3.3,-1,-2.7,-1.6,-4.6,-1.3,0.14,-0.17,-0.23,-0.08,-0.8,1.3,-1.6,0.7,-7.4
3141207,MG,3112,Matutina,-45.9988,-19.194,Patos de Minas,-2.1,-3.2,-2.7,-1.6,-2.1,-1.6,0.07,-0.22,-0.12,-0.07,-1.3,0.6,-1.5,0.7,-5.1
3141306,MG,3113,Medeiros,-46.3388,-19.9894,Divinópolis,1.1,-1.1,-2.7,-1.6,3.2,-4.7,0.18,-0.27,0.16,-0.23,-0.3,0.5,3.3,-2.9,0.9
3141405,MG,3103,Medina,-41.5101,-16.2701,Teófilo Otoni,8.9,-2.2,-2.7,-1.6,-8,2.4,0,-0.25,-0.37,0.07,0.3,3.1,8.9,,0.1
3141504,MG,3104,Mendes Pimentel,-41.3561,-18.6315,Governador Valadares,,-0.9,-2.7,-1.6,-5.9,-0.2,-0.07,-0.16,-0.34,-0.01,2.9,7.9,4.4,,-11.3
3141603,MG,3106,Mercês,-43.3336,-21.1893,Juíz de Fora,2.1,1,-2.7,-1.6,-4.1,1.7,0.05,-0.09,-0.21,0.11,0.3,0.5,-0.8,,-1.1
3141702,MG,3105,Mesquita,-42.6125,-19.2523,Ipatinga,,-0.5,-2.7,-1.6,-2.8,-3.3,0.11,-0.31,-0.12,-0.15,0.6,0.9,2.2,,0
3141801,MG,3103,Minas Novas,-42.4361,-17.3612,Teófilo Otoni,8.9,-2.2,-2.7,-1.6,-0.5,-4.8,0.08,-0.32,-0.11,-0.21,0.9,2,-0.1,,1.7
3141900,MG,3109,Minduri,-44.6123,-21.6738,Pouso Alegre,3.4,-0.7,-2.7,-1.6,2.6,-0.9,0.16,-0.04,0.1,-0.07,0.1,0.2,-2.2,10.6,0.7
3142007,MG,3102,Mirabela,-44.156,-16.2573,Montes Claros,9.4,0.8,-2.7,-1.6,-11,6.1,-0.13,-0.07,-0.51,0.23,-0.5,4.1,3.6,,23.9
3142106,MG,3106,Miradouro,-42.4002,-20.849,Juíz de Fora,2.1,1,-2.7,-1.6,-9.9,5.1,-0.24,0.06,-0.5,0.27,0,0.8,1.8,,-8.1
3142205,MG,3106,Miraí,-42.6181,-21.1514,Juíz de Fora,2.1,1,-2.7,-1.6,-7.2,4,-0.15,0,-0.35,0.21,-0.5,2,2.3,,-0.3
3142254,MG,3102,Miravânia,-44.4209,-14.7545,Montes Claros,9.4,0.8,-2.7,-1.6,-4.4,-0.8,0.13,-0.37,-0.25,-0.05,-0.3,7.7,4.6,,9.8
3142304,MG,3101,Moeda,-43.9963,-20.3286,Belo Horizonte,3.3,-1,-2.7,-1.6,-3.8,0.5,0.08,-0.13,-0.17,-0.01,-0.4,0.4,3.3,,-2.9
3142403,MG,3113,Moema,-45.408,-19.8402,Divinópolis,1.1,-1.1,-2.7,-1.6,2,-3.7,0.13,-0.22,0.07,-0.18,-0.6,4.4,1,12.9,5
3142502,MG,3101,Monjolos,-44.0234,-18.3892,Belo Horizonte,3.3,-1,-2.7,-1.6,-6.6,2.3,-0.06,-0.19,-0.37,0.12,-0.4,1.9,-4.2,,11.4
3142601,MG,3108,Monsenhor Paulo,-45.4828,-21.7307,Varginha,0.3,-1.4,-2.7,-1.6,1.6,-0.6,0.16,0.01,0.06,-0.04,0.1,0.8,1,,-2.7
3142700,MG,3102,Montalvânia,-44.5001,-14.4728,Montes Claros,9.4,0.8,-2.7,-1.6,-5.4,-0.9,0.14,-0.36,-0.28,-0.05,-0.6,8.4,6,,17.3
3142809,MG,3111,Monte Alegre De Minas,-48.8855,-18.8445,Uberlândia,-4,-0.7,-2.7,-1.6,0.3,-0.4,0.03,-0.04,0.02,-0.03,-0.1,1.7,0.4,-1.8,-2
3142908,MG,3102,Monte Azul,-42.9679,-15.2073,Montes Claros,9.4,0.8,-2.7,-1.6,-7,-3.9,0.08,-0.38,-0.27,-0.17,-1.6,8.2,0.3,,16.8
3143005,MG,3108,Monte Belo,-46.3267,-21.3151,Varginha,0.3,-1.4,-2.7,-1.6,2.1,0.1,0.15,0.01,0.15,0.01,0.4,1.2,-2.9,,-1.5
3143104,MG,3111,Monte Carmelo,-47.46,-18.7108,Uberlândia,-4,-0.7,-2.7,-1.6,3.5,-5.3,0.23,-0.21,0.2,-0.33,0,1.3,0.8,-2,1.2
3143153,MG,3103,Monte Formoso,-41.2669,-16.8759,Teófilo Otoni,8.9,-2.2,-2.7,-1.6,-6.7,-0.1,0.04,-0.31,-0.34,0,2.4,2.6,5.5,,-11.9
3143203,MG,3108,Monte Santo De Minas,-46.9455,-21.187,Varginha,0.3,-1.4,-2.7,-1.6,3,-1.9,0.14,-0.05,0.16,-0.11,0.6,0.7,-3.4,2.9,0
3143302,MG,3102,Montes Claros,-43.9296,-16.6189,Montes Claros,9.4,0.8,-2.7,-1.6,-7.2,1.4,0.02,-0.19,-0.32,0.03,0,3.3,-0.7,,-12.8
3143401,MG,3109,Monte Sião,-46.5183,-22.4211,Pouso Alegre,3.4,-0.7,-2.7,-1.6,4.3,-2.4,0.24,-0.06,0.24,-0.11,0.1,0.7,-2.8,,0.2
3143450,MG,3102,Montezuma,-42.4673,-15.1914,Montes Claros,9.4,0.8,-2.7,-1.6,-5.8,-2.3,0.04,-0.37,-0.3,-0.1,0.7,1.7,5.1,,-3.4
3143500,MG,3113,Morada Nova De Minas,-45.4019,-18.5754,Divinópolis,1.1,-1.1,-2.7,-1.6,-7.2,0.5,-0.04,-0.18,-0.29,0,-1.4,6.4,4.9,4,0
3143609,MG,3101,Morro Da Garça,-44.6338,-18.6307,Belo Horizonte,3.3,-1,-2.7,-1.6,-6.7,0.5,0.04,-0.22,-0.3,0.02,-1,6.2,-1.4,-4,3
3143708,MG,3101,Morro Do Pilar,-43.4031,-19.2336,Belo Horizonte,3.3,-1,-2.7,-1.6,-3.7,-0.5,0.14,-0.23,-0.15,-0.04,0.2,0.6,4.7,,-0.3
3143807,MG,3109,Munhoz,-46.3066,-22.6314,Pouso Alegre,3.4,-0.7,-2.7,-1.6,5.6,-0.5,0.32,0.05,0.33,-0.01,0,0,-3.7,,-1.2
3143906,MG,3106,Muriaé,-42.4216,-21.0931,Juíz de Fora,2.1,1,-2.7,-1.6,-10.1,6.9,-0.23,0.11,-0.48,0.34,-0.5,2.7,-3.1,,-3.6
3144003,MG,3106,Mutum,-41.4469,-19.9207,Juíz de Fora,2.1,1,-2.7,-1.6,-6.6,0,0,-0.21,-0.26,0.01,0.8,1.2,0.7,,-11.6
3144102,MG,3108,Muzambinho,-46.515,-21.3532,Varginha,0.3,-1.4,-2.7,-1.6,5,-2.8,0.21,-0.06,0.29,-0.14,0.2,0.6,-2.5,,0
3144201,MG,3104,Nacip Raydan,-42.1893,-18.4796,Governador Valadares,,-0.9,-2.7,-1.6,-1.3,-6.3,0.13,-0.33,-0.09,-0.21,1.2,5.4,0.7,,67.4
3144300,MG,3103,Nanuque,-40.4982,-17.78,Teófilo Otoni,8.9,-2.2,-2.7,-1.6,-4.7,-2.5,-0.06,-0.18,-0.25,-0.06,0.2,7.5,8.1,,-12.8
3144359,MG,3105,Naque,-42.3254,-19.1822,Ipatinga,,-0.5,-2.7,-1.6,-2.7,-1.6,0.07,-0.27,-0.1,-0.11,0.8,4.6,2.6,,-1.5
3144375,MG,3112,Natalândia,-46.4744,-16.5459,Patos de Minas,-2.1,-3.2,-2.7,-1.6,2,-5,0.23,-0.36,0.05,-0.28,0.6,7.2,1.3,,-2.3
3144409,MG,3109,Natércia,-45.5141,-22.1295,Pouso Alegre,3.4,-0.7,-2.7,-1.6,-0.6,1.3,0.2,0.03,-0.04,0.08,0.5,0.5,0.4,,-2.9
3144508,MG,3107,Nazareno,-44.6199,-21.2024,Barbacena,2.9,-1.7,-2.7,-1.6,2.3,-2.4,0.19,-0.17,0.13,-0.15,-0.1,0.5,-3,23.7,-2
3144607,MG,3108,Nepomuceno,-45.261,-21.2266,Varginha,0.3,-1.4,-2.7,-1.6,0.2,1.8,0.03,0.05,-0.02,0.08,-0.2,0.8,-1.3,-3,-0.9
3144656,MG,3102,Ninheira,-41.6592,-15.3678,Montes Claros,9.4,0.8,-2.7,-1.6,-7.2,-2.6,0,-0.32,-0.39,-0.06,-1,1.2,-0.7,,-5.9
3144672,MG,3104,Nova Belém,-41.106,-18.4866,Governador Valadares,,-0.9,-2.7,-1.6,-4.5,-0.4,-0.1,-0.1,-0.27,0,2.4,1.4,-2.8,,3.1
3144706,MG,3105,Nova Era,-43.0152,-19.7174,Ipatinga,,-0.5,-2.7,-1.6,-5.6,-1.1,0.04,-0.2,-0.22,-0.07,-1.3,1,-1,,-2
3144805,MG,3101,Nova Lima,-43.9023,-20.0722,Belo Horizonte,3.3,-1,-2.7,-1.6,-3.7,0.3,0.09,-0.11,-0.18,-0.01,-0.6,0.4,3,,
3144904,MG,3103,Nova Módica,-41.5222,-18.4537,Teófilo Otoni,8.9,-2.2,-2.7,-1.6,-3.7,-1.4,-0.03,-0.17,-0.24,-0.05,2.1,5.9,1.6,,-6.7
3145000,MG,3110,Nova Ponte,-47.7052,-19.2632,Uberaba,-3.2,-2.1,-2.7,-1.6,6.2,-5.5,0.33,-0.26,0.33,-0.28,-0.2,1.1,4.1,-4,-3.5
3145059,MG,3102,Nova Porteirinha,-43.2725,-15.7378,Montes Claros,9.4,0.8,-2.7,-1.6,-6.7,-4.1,0.07,-0.38,-0.28,-0.17,-0.1,8.5,4.6,,55.9
3145109,MG,3108,Nova Resende,-46.4156,-21.0985,Varginha,0.3,-1.4,-2.7,-1.6,5.6,-2.7,0.23,-0.09,0.29,-0.16,0.7,0.3,0.1,-0.5,-3.6
3145208,MG,3113,Nova Serrana,-44.9746,-19.8513,Divinópolis,1.1,-1.1,-2.7,-1.6,1.3,-3.7,0.1,-0.2,0.03,-0.19,0.2,3.1,4.4,,-0.5
3145307,MG,3103,Novo Cruzeiro,-41.9551,-17.3716,Teófilo Otoni,8.9,-2.2,-2.7,-1.6,-1.8,-4.2,0.04,-0.32,-0.18,-0.17,0.7,1.7,0.5,,-1.7
3145356,MG,3103,Novo Oriente De Minas,-41.2265,-17.2298,Teófilo Otoni,8.9,-2.2,-2.7,-1.6,-3.7,-1.8,0,-0.23,-0.25,-0.06,-1.3,7.8,4.1,,-0.1
3145372,MG,3102,Novorizonte,-42.3982,-16.0116,Montes Claros,9.4,0.8,-2.7,-1.6,-1.5,-6,0.11,-0.37,-0.19,-0.2,-0.4,3.2,0,,13
3145406,MG,3106,Olaria,-43.9647,-21.9076,Juíz de Fora,2.1,1,-2.7,-1.6,-2.3,4,-0.02,0.14,-0.15,0.23,0.5,0.1,2.4,,1.2
3145455,MG,3102,Olhos-D'água,-43.5959,-17.4771,Montes Claros,9.4,0.8,-2.7,-1.6,-7.2,-1.1,-0.01,-0.26,-0.35,-0.06,0.7,2.6,-1,,-22.7
3145505,MG,3109,Olímpio Noronha,-45.2888,-22.0938,Pouso Alegre,3.4,-0.7,-2.7,-1.6,1.6,-1.2,0.17,-0.01,0.06,-0.08,1,0.5,-1.1,,5.9
3145604,MG,3113,Oliveira,-44.7379,-20.7485,Divinópolis,1.1,-1.1,-2.7,-1.6,-0.4,0.2,0.11,-0.07,-0.06,0,-0.3,0.6,2.3,,-0.1
3145703,MG,3106,Oliveira Fortes,-43.5141,-21.3366,Juíz de Fora,2.1,1,-2.7,-1.6,-2.2,2.1,0.05,0.01,-0.13,0.11,-0.9,0.4,-0.2,,-1
3145802,MG,3113,Onça De Pitangui,-44.7332,-19.7062,Divinópolis,1.1,-1.1,-2.7,-1.6,-1.8,0.9,0.11,-0.15,-0.08,0.01,-0.8,2.5,3.3,,-5.6
3145851,MG,3106,Oratórios,-42.795,-20.4257,Juíz de Fora,2.1,1,-2.7,-1.6,-5.2,0.7,-0.04,-0.14,-0.23,0.03,-0.9,1.7,0.9,,9.1
3145877,MG,3106,Orizânia,-42.2109,-20.5144,Juíz de Fora,2.1,1,-2.7,-1.6,-8,6.3,-0.16,0.08,-0.4,0.29,-0.4,0.3,3.7,,15.1
3145901,MG,3107,Ouro Branco,-43.6746,-20.5255,Barbacena,2.9,-1.7,-2.7,-1.6,-3.9,3.3,0.01,0,-0.21,0.14,-0.7,0.3,3,,0.8
3146008,MG,3109,Ouro Fino,-46.3828,-22.2548,Pouso Alegre,3.4,-0.7,-2.7,-1.6,1.1,0.8,0.09,0.09,0.07,0.03,0.3,0.3,-0.6,,-2.7
3146107,MG,3101,Ouro Preto,-43.6091,-20.3907,Belo Horizonte,3.3,-1,-2.7,-1.6,-3.4,0.9,0.06,-0.1,-0.17,0.01,-0.8,0.4,1.3,,0
3146206,MG,3103,Ouro Verde De Minas,-41.2965,-18.0487,Teófilo Otoni,8.9,-2.2,-2.7,-1.6,-5.6,0.7,-0.07,-0.16,-0.3,0.02,2.7,5.2,-0.4,,-1.8
3146255,MG,3102,Padre Carvalho,-42.5857,-16.3026,Montes Claros,9.4,0.8,-2.7,-1.6,-3,-4.1,0.12,-0.35,-0.21,-0.16,-0.8,2.7,0.6,,21.4
3146305,MG,3103,Padre Paraíso,-41.5546,-17.0397,Teófilo Otoni,8.9,-2.2,-2.7,-1.6,-5.4,-0.9,0.04,-0.27,-0.31,-0.04,2.1,2.3,4.1,,-5.2
3146404,MG,3113,Paineiras,-45.489,-18.9185,Divinópolis,1.1,-1.1,-2.7,-1.6,-3.8,-0.3,0,-0.17,-0.15,-0.03,-1.3,6.1,-2.7,,-5.2
3146503,MG,3113,Pains,-45.6952,-20.3817,Divinópolis,1.1,-1.1,-2.7,-1.6,-0.9,0.9,0.05,-0.06,-0.05,0.03,-0.1,1.7,3.4,1.4,0.4
3146552,MG,3102,Pai Pedro,-43.15,-15.4198,Montes Claros,9.4,0.8,-2.7,-1.6,-7.6,-2,0.08,-0.36,-0.31,-0.11,-0.4,9.3,-0.3,,6.4
3146602,MG,3106,Paiva,-43.4238,-21.2865,Juíz de Fora,2.1,1,-2.7,-1.6,-4.3,2.2,0.04,-0.04,-0.2,0.13,0.1,1.2,-3.2,,0.3
3146701,MG,3106,Palma,-42.3299,-21.4193,Juíz de Fora,2.1,1,-2.7,-1.6,-5,3.9,-0.08,0.09,-0.28,0.22,0.3,5.9,-2.3,,-2.7
3146750,MG,3103,Palmópolis,-40.3707,-16.7888,Teófilo Otoni,8.9,-2.2,-2.7,-1.6,-6.5,-1.8,0,-0.31,-0.3,-0.06,0.8,1.3,3.3,,-6.6
3146909,MG,3113,Papagaios,-44.6896,-19.376,Divinópolis,1.1,-1.1,-2.7,-1.6,-5.1,0.4,0.12,-0.21,-0.24,0.01,-2.2,4.5,7.4,8.6,0.4
3147006,MG,3112,Paracatu,-46.8839,-17.1727,Patos de Minas,-2.1,-3.2,-2.7,-1.6,-0.3,-3.6,0.12,-0.31,-0.05,-0.21,0.1,6.9,0.5,-0.6,-0.3
3147105,MG,3113,Pará De Minas,-44.6064,-19.8321,Divinópolis,1.1,-1.1,-2.7,-1.6,0.9,-2.2,0.18,-0.19,0.04,-0.12,-1.8,1.9,2.4,,2
3147204,MG,3108,Paraguaçu,-45.7499,-21.5675,Varginha,0.3,-1.4,-2.7,-1.6,1.4,-1,0.13,0,0.07,-0.04,-0.2,0.4,1,-6.4,-3.1
3147303,MG,3109,Paraisópolis,-45.8135,-22.5672,Pouso Alegre,3.4,-0.7,-2.7,-1.6,0.6,-2,0.05,-0.02,0,-0.08,0.7,0,-0.6,,0.1
3147402,MG,3101,Paraopeba,-44.4519,-19.2723,Belo Horizonte,3.3,-1,-2.7,-1.6,-5.2,0.1,0.11,-0.22,-0.25,0.01,-2.1,3.1,8,,2.2
3147501,MG,3101,Passabém,-43.1747,-19.3596,Belo Horizonte,3.3,-1,-2.7,-1.6,-4.8,-0.1,0.06,-0.22,-0.2,-0.01,-0.1,0.5,7.1,,0.4
3147600,MG,3109,Passa Quatro,-44.9689,-22.4066,Pouso Alegre,3.4,-0.7,-2.7,-1.6,5,-0.6,0.26,0.04,0.29,-0.05,0.4,0,0.1,,-0.4
3147709,MG,3113,Passa Tempo,-44.4916,-20.648,Divinópolis,1.1,-1.1,-2.7,-1.6,-0.1,-1.2,0.19,-0.23,-0.04,-0.08,-0.1,0.5,1.2,,-0.4
3147808,MG,3106,Passa-Vinte,-44.2598,-22.1822,Juíz de Fora,2.1,1,-2.7,-1.6,-4.2,6.1,-0.1,0.23,-0.19,0.28,-0.5,0.1,-1.5,,-5.5
3147907,MG,3108,Passos,-46.6224,-20.7179,Varginha,0.3,-1.4,-2.7,-1.6,3.9,-2.1,0.22,-0.16,0.19,-0.1,0,1.2,3.5,-1.6,-0.5
3147956,MG,3102,Patis,-44.1032,-16.0807,Montes Claros,9.4,0.8,-2.7,-1.6,-9.8,4.6,-0.07,-0.14,-0.47,0.17,-0.3,4.5,5.2,,-2.5
3148004,MG,3112,Patos De Minas,-46.5089,-18.5956,Patos de Minas,-2.1,-3.2,-2.7,-1.6,0,-1.9,0.13,-0.26,-0.01,-0.13,-0.5,2,-3.4,-3.6,-3.3
3148103,MG,3112,Patrocínio,-47.0519,-18.9704,Patos de Minas,-2.1,-3.2,-2.7,-1.6,-2.6,0.7,0.03,-0.1,-0.15,0.05,-0.3,1.3,5.9,-3.5,2.8
3148202,MG,3106,Patrocínio Do Muriaé,-42.251,-21.167,Juíz de Fora,2.1,1,-2.7,-1.6,-10.3,8.2,-0.19,0.11,-0.46,0.36,0.2,5.1,-0.1,,-3.4
3148301,MG,3106,Paula Cândido,-42.9837,-20.8567,Juíz de Fora,2.1,1,-2.7,-1.6,-7.1,2.3,-0.07,-0.04,-0.29,0.11,0.1,0.9,-2.8,,-0.6
3148400,MG,3104,Paulistas,-42.8675,-18.4563,Governador Valadares,,-0.9,-2.7,-1.6,-1.8,-4.3,0.13,-0.34,-0.1,-0.17,-0.7,0.8,3.2,,-0.6
3148509,MG,3103,Pavão,-41.0612,-17.4709,Teófilo Otoni,8.9,-2.2,-2.7,-1.6,-3.3,-1.2,-0.01,-0.19,-0.22,-0.06,0.4,10.4,1.6,,-3.8
3148608,MG,3104,Peçanha,-42.5095,-18.5591,Governador Valadares,,-0.9,-2.7,-1.6,-1.7,-5.1,0.15,-0.34,-0.12,-0.16,0.7,0.7,4.5,,6.9
3148707,MG,3103,Pedra Azul,-41.1839,-15.9544,Teófilo Otoni,8.9,-2.2,-2.7,-1.6,-7.4,-0.4,0.1,-0.36,-0.34,-0.01,0,2.2,5.7,,-2.7
3148756,MG,3106,Pedra Bonita,-42.3738,-20.4727,Juíz de Fora,2.1,1,-2.7,-1.6,-6.3,2.4,-0.1,-0.04,-0.28,0.1,0.3,0.3,2.3,,8.5
3148806,MG,3106,Pedra Do Anta,-42.7189,-20.5966,Juíz de Fora,2.1,1,-2.7,-1.6,-6.4,0.7,-0.03,-0.11,-0.26,0.04,-0.2,1.5,2.7,,4.5
3148905,MG,3113,Pedra Do Indaiá,-45.2304,-20.2864,Divinópolis,1.1,-1.1,-2.7,-1.6,0,0.6,0.09,-0.08,-0.02,0.01,0.2,0.8,1.3,,-2.1
3149002,MG,3106,Pedra Dourada,-42.1577,-20.8269,Juíz de Fora,2.1,1,-2.7,-1.6,-9.3,7.3,-0.22,0.11,-0.43,0.32,0,1.6,1.3,,-0.7
3149101,MG,3109,Pedralva,-45.4527,-22.2485,Pouso Alegre,3.4,-0.7,-2.7,-1.6,-0.6,0.9,0.16,0.01,-0.05,0.04,1,0.6,1.7,,1.2
3149150,MG,3102,Pedras De Maria Da Cruz,-44.3254,-15.6263,Montes Claros,9.4,0.8,-2.7,-1.6,-4.6,-1.6,0.1,-0.31,-0.27,-0.05,-1.2,9.6,4.2,,30
3149200,MG,3110,Pedrinópolis,-47.5098,-19.1927,Uberaba,-3.2,-2.1,-2.7,-1.6,5.6,-4.6,0.35,-0.25,0.3,-0.26,-0.1,1.3,4.1,-2.1,-0.2
3149309,MG,3101,Pedro Leopoldo,-44.0522,-19.6407,Belo Horizonte,3.3,-1,-2.7,-1.6,-4.7,-0.3,0.14,-0.13,-0.22,-0.05,-0.9,1.2,0.8,,0.8
3149408,MG,3106,Pedro Teixeira,-43.7265,-21.7246,Juíz de Fora,2.1,1,-2.7,-1.6,0.4,0.9,0.03,0.04,-0.03,0.07,0.5,0.5,-2.3,,-3
3149507,MG,3106,Pequeri,-43.1332,-21.8288,Juíz de Fora,2.1,1,-2.7,-1.6,-2.5,4.1,0.05,0.02,-0.14,0.22,0,1,0,,1.9
3149606,MG,3113,Pequi,-44.634,-19.6046,Divinópolis,1.1,-1.1,-2.7,-1.6,-1.2,-0.5,0.2,-0.21,-0.04,-0.05,-1.2,1.9,2.3,,2.3
3149705,MG,3113,Perdigão,-45.0572,-19.9379,Divinópolis,1.1,-1.1,-2.7,-1.6,-0.5,-2.4,0.03,-0.14,-0.05,-0.14,-0.2,2.1,2.1,,-3.7
3149804,MG,3110,Perdizes,-47.1952,-19.401,Uberaba,-3.2,-2.1,-2.7,-1.6,2.3,-3.2,0.14,-0.2,0.13,-0.16,0.1,1.3,1.8,-3.9,-0.9
3149903,MG,3108,Perdões,-45.0626,-21.0751,Varginha,0.3,-1.4,-2.7,-1.6,-1.7,2.4,0.05,-0.01,-0.09,0.11,-0.1,0.4,0.2,,-3.1
3149952,MG,3105,Periquito,-42.2304,-19.0867,Ipatinga,,-0.5,-2.7,-1.6,-1.8,-3.5,0.07,-0.27,-0.05,-0.17,0.6,5.1,4.4,,-4
3150000,MG,3103,Pescador,-41.5615,-18.3326,Teófilo Otoni,8.9,-2.2,-2.7,-1.6,-4.4,-0.6,-0.04,-0.17,-0.26,-0.02,2,7.4,0.9,,-6.5
3150109,MG,3106,Piau,-43.3169,-21.5021,Juíz de Fora,2.1,1,-2.7,-1.6,-3.3,3.1,0.01,-0.01,-0.2,0.17,-0.4,1.5,-0.2,,-2.5
3150158,MG,3105,Piedade De Caratinga,-42.0438,-19.7624,Ipatinga,,-0.5,-2.7,-1.6,-4.6,-1,0.08,-0.23,-0.2,-0.02,0,0.5,2.5,,1.2
3150208,MG,3106,Piedade De Ponte Nova,-42.7202,-20.2422,Juíz de Fora,2.1,1,-2.7,-1.6,-3.5,0,0.03,-0.16,-0.16,0.01,-0.3,2,-0.2,,5.7
3150307,MG,3107,Piedade Do Rio Grande,-44.1561,-21.4818,Barbacena,2.9,-1.7,-2.7,-1.6,0,1,0.16,-0.07,-0.04,0.05,0.3,0.3,3.5,2.1,-1
3150406,MG,3113,Piedade Dos Gerais,-44.247,-20.4749,Divinópolis,1.1,-1.1,-2.7,-1.6,-1.1,-0.7,0.2,-0.23,-0.09,-0.05,-1,0.4,2.6,,-5
3150505,MG,3113,Pimenta,-45.8317,-20.5309,Divinópolis,1.1,-1.1,-2.7,-1.6,-0.8,0.5,0.04,-0.06,-0.04,0.01,0.3,0.7,3.6,-7,-1.2
3150539,MG,3105,Pingo-D'água,-42.4221,-19.7414,Ipatinga,,-0.5,-2.7,-1.6,-4.7,-0.1,0.11,-0.23,-0.23,0.01,0,3.6,-2.5,,2.2
3150570,MG,3102,Pintópolis,-45.2466,-16.0495,Montes Claros,9.4,0.8,-2.7,-1.6,0.1,-5.4,0.12,-0.33,-0.05,-0.28,-1,6.9,1.3,,-1.1
3150604,MG,3113,Piracema,-44.4241,-20.5185,Divinópolis,1.1,-1.1,-2.7,-1.6,-0.6,-1,0.15,-0.2,-0.06,-0.08,0.1,0.9,1.4,,-5.2
3150703,MG,3110,Pirajuba,-48.6594,-19.9429,Uberaba,-3.2,-2.1,-2.7,-1.6,8.9,-6.5,0.56,-0.26,0.56,-0.37,0.3,3.5,2.1,-3.8,0.3
3150802,MG,3107,Piranga,-43.2989,-20.6344,Barbacena,2.9,-1.7,-2.7,-1.6,-5.1,2.8,-0.04,-0.04,-0.25,0.13,-0.4,0.8,-2.1,,-3.6
3150901,MG,3109,Piranguçu,-45.5168,-22.5573,Pouso Alegre,3.4,-0.7,-2.7,-1.6,2.1,-2.2,0.11,-0.05,0.08,-0.12,0.2,0,0.9,,1.2
3151008,MG,3109,Piranguinho,-45.5867,-22.3633,Pouso Alegre,3.4,-0.7,-2.7,-1.6,-0.5,1.2,0.13,0.03,-0.04,0.06,0.6,0.7,0.4,,-1.9
3151107,MG,3106,Pirapetinga,-42.3639,-21.6797,Juíz de Fora,2.1,1,-2.7,-1.6,-5.1,5.1,-0.06,0.14,-0.32,0.3,-0.6,5.6,0.2,,-0.4
3151206,MG,3102,Pirapora,-44.8678,-17.3927,Montes Claros,9.4,0.8,-2.7,-1.6,-2.8,-3.7,0.1,-0.3,-0.16,-0.21,-0.8,5.9,4.2,,1.6
3151305,MG,3106,Piraúba,-43.029,-21.2638,Juíz de Fora,2.1,1,-2.7,-1.6,-5.2,1.6,-0.03,-0.12,-0.27,0.09,-1.1,3.8,-0.2,,-3.8
3151404,MG,3113,Pitangui,-44.8879,-19.5883,Divinópolis,1.1,-1.1,-2.7,-1.6,-1.6,-0.4,0.14,-0.2,-0.08,-0.04,-0.7,3.9,4,,-0.8
3151503,MG,3108,Piumhi,-46.0498,-20.4429,Varginha,0.3,-1.4,-2.7,-1.6,0.9,-0.8,0.08,-0.11,0.05,-0.04,-0.3,1.4,2.4,-0.3,0.4
3151602,MG,3110,Planura,-48.6455,-20.0805,Uberaba,-3.2,-2.1,-2.7,-1.6,6.8,-4.4,0.48,-0.17,0.4,-0.2,1,3.8,2.4,0.8,-4.7
3151701,MG,3108,Poço Fundo,-45.9916,-21.8058,Varginha,0.3,-1.4,-2.7,-1.6,2.3,-1.7,0.23,-0.06,0.13,-0.09,-0.5,0.4,1.7,,-0.6
3151800,MG,3109,Poços De Caldas,-46.5629,-21.807,Pouso Alegre,3.4,-0.7,-2.7,-1.6,2.4,-1.8,0.12,-0.08,0.12,-0.12,0.9,0,2.4,,-0.4
3151909,MG,3106,Pocrane,-41.558,-19.5851,Juíz de Fora,2.1,1,-2.7,-1.6,-6,-2,0.03,-0.26,-0.22,-0.09,0.8,6.7,6.7,,-3
3152006,MG,3113,Pompéu,-44.9246,-19.131,Divinópolis,1.1,-1.1,-2.7,-1.6,-5.2,0.6,0.03,-0.18,-0.21,0,-1,4.3,3.5,-0.4,-9.1
3152105,MG,3106,Ponte Nova,-42.918,-20.4123,Juíz de Fora,2.1,1,-2.7,-1.6,-5.1,-0.6,-0.04,-0.12,-0.2,-0.01,-0.1,2,2.3,,6.4
3152131,MG,3102,Ponto Chique,-44.9734,-16.6094,Montes Claros,9.4,0.8,-2.7,-1.6,-0.5,-4.7,0.11,-0.31,-0.07,-0.23,-0.3,5.8,2.2,,5.7
3152170,MG,3103,Ponto Dos Volantes,-41.473,-16.8352,Teófilo Otoni,8.9,-2.2,-2.7,-1.6,-5,-1.9,0.07,-0.31,-0.27,-0.08,1.8,3.8,3.5,,-9.2
3152204,MG,3102,Porteirinha,-43.0757,-15.7168,Montes Claros,9.4,0.8,-2.7,-1.6,-7.9,-2.6,0.06,-0.35,-0.34,-0.11,0,8.7,0.2,,5
3152303,MG,3106,Porto Firme,-43.0802,-20.6633,Juíz de Fora,2.1,1,-2.7,-1.6,-7.5,2.2,-0.06,-0.06,-0.28,0.09,-0.4,1.3,3,,-3.3
3152402,MG,3103,Poté,-41.7678,-17.8169,Teófilo Otoni,8.9,-2.2,-2.7,-1.6,-1.7,-3.6,0,-0.24,-0.17,-0.14,0.9,2.8,0.9,,-8.4
3152501,MG,3109,Pouso Alegre,-45.9399,-22.267,Pouso Alegre,3.4,-0.7,-2.7,-1.6,-1.9,2.8,0.06,0.16,-0.12,0.19,0.4,0.6,2.7,,-2.6
3152600,MG,3109,Pouso Alto,-44.9327,-22.1748,Pouso Alegre,3.4,-0.7,-2.7,-1.6,0.7,0.9,0.12,0.08,0,0.04,0.2,0.6,0.4,,-2.3
3152709,MG,3107,Prados,-44.0641,-21.0993,Barbacena,2.9,-1.7,-2.7,-1.6,1.3,-0.4,0.18,-0.13,0.03,-0.02,-0.6,0.3,2.2,,0.2
3152808,MG,3111,Prata,-48.9542,-19.3304,Uberlândia,-4,-0.7,-2.7,-1.6,4.1,-2.9,0.26,-0.16,0.28,-0.18,0.8,2.6,0,-4.1,-9.3
3152907,MG,3108,Pratápolis,-46.8634,-20.7845,Varginha,0.3,-1.4,-2.7,-1.6,1.9,-0.2,0.07,0,0.08,-0.01,-0.1,1.8,0.6,,2
3153004,MG,3110,Pratinha,-46.4035,-19.7611,Uberaba,-3.2,-2.1,-2.7,-1.6,0.6,-1.9,0.15,-0.25,0.05,-0.11,-0.4,0.4,3.3,-2,-6.4
3153103,MG,3106,Presidente Bernardes,-43.1548,-20.7692,Juíz de Fora,2.1,1,-2.7,-1.6,-5.7,2.5,-0.03,-0.05,-0.27,0.12,-0.5,1.2,-1.6,,2.1
3153202,MG,3101,Presidente Juscelino,-44.0821,-18.7264,Belo Horizonte,3.3,-1,-2.7,-1.6,-5.3,-0.1,0.01,-0.2,-0.23,-0.01,-0.8,2.7,-2.5,7.5,-0.7
3153301,MG,3103,Presidente Kubitschek,-43.5786,-18.6336,Teófilo Otoni,8.9,-2.2,-2.7,-1.6,-5,0.7,0.05,-0.22,-0.24,0.02,-0.5,0.2,-3.8,,3.5
3153400,MG,3112,Presidente Olegário,-46.3368,-18.2398,Patos de Minas,-2.1,-3.2,-2.7,-1.6,0.4,-3.4,0.14,-0.33,0,-0.19,-0.1,2.6,-1.3,-2.7,-2.7
3153509,MG,3106,Alto Jequitibá,-41.9506,-20.4403,Juíz de Fora,2.1,1,-2.7,-1.6,-5.7,2,-0.08,-0.07,-0.27,0.09,1,0.8,-4.4,,4.9
3153608,MG,3101,Prudente De Morais,-44.1116,-19.4648,Belo Horizonte,3.3,-1,-2.7,-1.6,-3.7,-1,0.14,-0.18,-0.18,-0.06,-1.6,2.1,6.7,,-2.2
3153707,MG,3113,Quartel Geral,-45.6063,-19.2792,Divinópolis,1.1,-1.1,-2.7,-1.6,-2.9,-0.9,0.06,-0.23,-0.14,-0.04,-1.2,4.6,-1.7,,-0.9
3153806,MG,3107,Queluzito,-43.8897,-20.731,Barbacena,2.9,-1.7,-2.7,-1.6,-1.7,1,0.14,-0.15,-0.1,0.04,-0.2,0.4,2.3,,-10.9
3153905,MG,3101,Raposos,-43.783,-19.9797,Belo Horizonte,3.3,-1,-2.7,-1.6,-4.5,2.5,0.12,-0.08,-0.21,0.08,-1.3,0.3,0.6,,
3154002,MG,3105,Raul Soares,-42.3901,-20.0114,Ipatinga,,-0.5,-2.7,-1.6,-5.7,3.7,0.05,-0.12,-0.27,0.16,0.3,0.6,4.5,,4.8
3154101,MG,3106,Recreio,-42.4376,-21.5188,Juíz de Fora,2.1,1,-2.7,-1.6,-5.6,4.9,-0.06,0.12,-0.32,0.26,-0.3,5,-1.2,,-2.4
3154150,MG,3106,Reduto,-41.9369,-20.2391,Juíz de Fora,2.1,1,-2.7,-1.6,-5.3,0.6,0.01,-0.18,-0.22,0.03,0.4,1,-0.1,,5.1
3154200,MG,3107,Resende Costa,-44.2924,-20.8362,Barbacena,2.9,-1.7,-2.7,-1.6,-0.4,-0.4,0.17,-0.18,-0.05,-0.03,-1.1,0.2,-2.2,,-2.6
3154309,MG,3104,Resplendor,-41.1504,-19.2119,Governador Valadares,,-0.9,-2.7,-1.6,-12.2,0,-0.09,-0.22,-0.44,0.02,0.7,9.4,7.1,,-7
3154408,MG,3107,Ressaquinha,-43.7515,-21.084,Barbacena,2.9,-1.7,-2.7,-1.6,-0.6,-0.1,0.14,-0.12,-0.05,0,-0.2,0,0.4,,-1.1
3154457,MG,3112,Riachinho,-45.9273,-16.2767,Patos de Minas,-2.1,-3.2,-2.7,-1.6,-1.2,-4.6,0.15,-0.38,-0.09,-0.25,-1.2,6.9,-0.2,-1,-0.2
3154507,MG,3102,Riacho Dos Machados,-42.9947,-16.0549,Montes Claros,9.4,0.8,-2.7,-1.6,-5.9,-1.8,0.08,-0.33,-0.3,-0.08,-1.5,3.1,3,,15.6
3154606,MG,3101,Ribeirão Das Neves,-44.0699,-19.7805,Belo Horizonte,3.3,-1,-2.7,-1.6,-3.9,-0.2,0.14,-0.12,-0.19,-0.03,-1.7,0.9,1.2,,0.8
3154705,MG,3108,Ribeirão Vermelho,-45.0726,-21.1532,Varginha,0.3,-1.4,-2.7,-1.6,0.5,0.8,0.08,-0.03,0,0.01,-0.3,0.9,-0.2,,-0.1
3154804,MG,3101,Rio Acima,-43.7725,-20.1073,Belo Horizonte,3.3,-1,-2.7,-1.6,-3,-1.4,0.07,-0.15,-0.14,-0.09,-0.9,0.3,2.1,,
3154903,MG,3106,Rio Casca,-42.6593,-20.1419,Juíz de Fora,2.1,1,-2.7,-1.6,-4.1,0.6,0.04,-0.15,-0.19,0.05,-0.1,2.6,0.5,,9.3
3155009,MG,3106,Rio Doce,-42.9052,-20.214,Juíz de Fora,2.1,1,-2.7,-1.6,-4,-0.7,-0.03,-0.12,-0.16,0,0.6,2.2,2.7,,1.7
3155108,MG,3103,Rio Do Prado,-40.5554,-16.6757,Teófilo Otoni,8.9,-2.2,-2.7,-1.6,-5.4,-3,0.09,-0.37,-0.27,-0.11,1.3,2.7,0.2,,0.8
3155207,MG,3107,Rio Espera,-43.4901,-20.8674,Barbacena,2.9,-1.7,-2.7,-1.6,-2.7,2.5,0.04,-0.04,-0.18,0.15,-0.3,0.4,0.4,,-1.9
3155306,MG,3113,Rio Manso,-44.3451,-20.2671,Divinópolis,1.1,-1.1,-2.7,-1.6,0.2,-0.2,0.19,-0.12,0,-0.05,-0.3,0.3,1.1,,-7.3
3155405,MG,3106,Rio Novo,-43.1467,-21.4689,Juíz de Fora,2.1,1,-2.7,-1.6,-4.7,1.2,0,-0.11,-0.23,0.07,-0.8,2.7,-2.3,,-0.3
3155504,MG,3112,Rio Paranaíba,-46.3,-19.2395,Patos de Minas,-2.1,-3.2,-2.7,-1.6,-0.3,-2.3,0.11,-0.25,-0.03,-0.12,-0.9,0.5,1.7,2,-1.1
3155603,MG,3102,Rio Pardo De Minas,-42.5512,-15.7097,Montes Claros,9.4,0.8,-2.7,-1.6,-1.4,-5,0.13,-0.36,-0.14,-0.19,-0.4,2.3,0.9,,-3.7
3155702,MG,3105,Rio Piracicaba,-43.1491,-19.9709,Ipatinga,,-0.5,-2.7,-1.6,-4.8,0.8,0.06,-0.16,-0.18,0.01,-1.6,0.7,0.1,,-4.7
3155801,MG,3106,Rio Pomba,-43.1737,-21.2466,Juíz de Fora,2.1,1,-2.7,-1.6,-3.9,1,0.03,-0.14,-0.22,0.06,-0.8,2.5,-0.1,,-0.4
3155900,MG,3106,Rio Preto,-43.8799,-22.0386,Juíz de Fora,2.1,1,-2.7,-1.6,-3.5,5,-0.03,0.14,-0.25,0.3,0.6,0.8,-1.1,,-3.8
3156007,MG,3104,Rio Vermelho,-43.0548,-18.2544,Governador Valadares,,-0.9,-2.7,-1.6,-4.6,-2.4,0.03,-0.25,-0.2,-0.12,-0.8,0.7,2.5,,-6.2
3156106,MG,3107,Ritápolis,-44.3753,-20.9818,Barbacena,2.9,-1.7,-2.7,-1.6,-1.5,1.7,0.05,-0.07,-0.12,0.08,-1.1,0.2,-0.4,-4.9,2.5
3156205,MG,3106,Rochedo De Minas,-43.029,-21.6416,Juíz de Fora,2.1,1,-2.7,-1.6,-4,1.7,-0.01,-0.06,-0.21,0.11,-1.1,3.3,2,,-8.4
3156304,MG,3106,Rodeiro,-42.844,-21.2085,Juíz de Fora,2.1,1,-2.7,-1.6,-4.6,2.2,-0.08,-0.05,-0.24,0.11,-1.3,3.3,4.7,,-2.5
3156403,MG,3111,Romaria,-47.5624,-18.9031,Uberlândia,-4,-0.7,-2.7,-1.6,4.5,-5.2,0.31,-0.27,0.27,-0.32,0.1,1,4.9,0.8,-0.6
3156452,MG,3106,Rosário Da Limeira,-42.5105,-20.9805,Juíz de Fora,2.1,1,-2.7,-1.6,-9.4,5,-0.21,0.06,-0.47,0.27,-0.5,0.5,2.7,,-4.1
3156502,MG,3102,Rubelita,-42.2312,-16.3677,Montes Claros,9.4,0.8,-2.7,-1.6,-3.3,-1.1,0.03,-0.25,-0.22,-0.05,0.6,8.4,2.7,,15.7
3156601,MG,3103,Rubim,-40.4939,-16.4636,Teófilo Otoni,8.9,-2.2,-2.7,-1.6,-5.4,-2.4,0.13,-0.38,-0.26,-0.07,1.3,3.8,0.7,,5.8
3156700,MG,3101,Sabará,-43.779,-19.8501,Belo Horizonte,3.3,-1,-2.7,-1.6,-2.9,0.1,0.2,-0.16,-0.13,-0.04,-1.3,0.4,1.2,,-1.2
3156809,MG,3104,Sabinópolis,-43.0615,-18.6494,Governador Valadares,,-0.9,-2.7,-1.6,-4.5,-0.7,0.06,-0.26,-0.22,-0.02,0.4,0.6,8.3,,-5.7
3156908,MG,3110,Sacramento,-47.2641,-19.9067,Uberaba,-3.2,-2.1,-2.7,-1.6,3.5,-2.8,0.19,-0.2,0.23,-0.2,-0.8,0.5,-0.3,-6.5,-4
3157005,MG,3102,Salinas,-42.1524,-16.1094,Montes Claros,9.4,0.8,-2.7,-1.6,-4,-0.5,0.06,-0.26,-0.24,-0.03,0.3,4.3,2.5,,32
3157104,MG,3103,Salto Da Divisa,-40.0297,-16.1109,Teófilo Otoni,8.9,-2.2,-2.7,-1.6,-7.3,2.8,0.08,-0.27,-0.33,0.13,1.5,6.9,2.6,,-3.3
3157203,MG,3101,Santa Bárbara,-43.4709,-20.028,Belo Horizonte,3.3,-1,-2.7,-1.6,-5.2,1.5,0.09,-0.12,-0.21,0.02,-1.4,0.3,0,,-5.3
3157252,MG,3105,Santa Bárbara Do Leste,-42.1078,-19.9451,Ipatinga,,-0.5,-2.7,-1.6,-5.8,1.2,0.05,-0.18,-0.24,0.05,-0.8,0.5,1.5,,-2.5
3157278,MG,3106,Santa Bárbara Do Monte Verde,-43.6936,-21.9645,Juíz de Fora,2.1,1,-2.7,-1.6,-0.9,2.5,0.07,0.1,-0.09,0.15,-0.4,0.5,-3.2,,4.8
3157302,MG,3107,Santa Bárbara Do Tugúrio,-43.5328,-21.2448,Barbacena,2.9,-1.7,-2.7,-1.6,-2.8,1.8,0.08,-0.04,-0.15,0.11,-0.4,0.4,-1,,0.2
3157336,MG,3107,Santa Cruz De Minas,-44.2215,-21.1205,Barbacena,2.9,-1.7,-2.7,-1.6,-2.3,3.7,0.05,0.02,-0.14,0.18,-1,0.5,3.2,,
3157377,MG,3102,Santa Cruz De Salinas,-41.7912,-16.051,Montes Claros,9.4,0.8,-2.7,-1.6,-7.7,0,0.04,-0.32,-0.38,0,0,1.8,4.8,,-2.4
3157401,MG,3106,Santa Cruz Do Escalvado,-42.8134,-20.2313,Juíz de Fora,2.1,1,-2.7,-1.6,-3.4,-1,0.01,-0.16,-0.16,-0.01,0.3,2.5,1.1,,7.5
3157500,MG,3104,Santa Efigênia De Minas,-42.4041,-18.8606,Governador Valadares,,-0.9,-2.7,-1.6,-2,-4.4,0.1,-0.3,-0.11,-0.16,0.5,0.9,7.9,,-7
3157609,MG,3102,Santa Fé De Minas,-45.5562,-16.7012,Montes Claros,9.4,0.8,-2.7,-1.6,-1.9,-5.5,0.12,-0.35,-0.09,-0.27,-0.8,6.7,0.9,,-9.7
3157658,MG,3103,Santa Helena De Minas,-40.6601,-16.9039,Teófilo Otoni,8.9,-2.2,-2.7,-1.6,-3,-0.4,0.02,-0.25,-0.19,-0.04,-0.6,8,1.1,,13.6
3157708,MG,3110,Santa Juliana,-47.5085,-19.3824,Uberaba,-3.2,-2.1,-2.7,-1.6,3.9,-4.4,0.25,-0.23,0.23,-0.22,-0.4,0.9,3.2,-2.3,-2.5
3157807,MG,3101,Santa Luzia,-43.836,-19.7458,Belo Horizonte,3.3,-1,-2.7,-1.6,-4.1,-0.4,0.15,-0.17,-0.19,-0.04,-1.1,1.3,1.9,,-6.6
3157906,MG,3106,Santa Margarida,-42.2662,-20.4271,Juíz de Fora,2.1,1,-2.7,-1.6,-7.8,5.1,-0.14,0.02,-0.36,0.22,0,0.3,2.7,,6.9
3158003,MG,3101,Santa Maria De Itabira,-43.0451,-19.4341,Belo Horizonte,3.3,-1,-2.7,-1.6,-4.6,-0.6,0.04,-0.21,-0.21,-0.03,-0.1,0.2,5.3,,-2.3
3158102,MG,3103,Santa Maria Do Salto,-40.1184,-16.3088,Teófilo Otoni,8.9,-2.2,-2.7,-1.6,-6.7,-0.7,0.1,-0.33,-0.3,0.01,1.5,0.5,1.9,,-15.1
3158201,MG,3104,Santa Maria Do Suaçuí,-42.3254,-18.2576,Governador Valadares,,-0.9,-2.7,-1.6,-1.5,-6.6,0.13,-0.35,-0.1,-0.22,0.3,3.6,0.1,,-4.7
3158300,MG,3108,Santana Da Vargem,-45.5029,-21.2711,Varginha,0.3,-1.4,-2.7,-1.6,1.3,0.5,0.08,0.04,0.06,0.01,-0.2,0.8,0.1,-0.3,-0.5
3158409,MG,3106,Santana De Cataguases,-42.5554,-21.283,Juíz de Fora,2.1,1,-2.7,-1.6,-6.9,3.1,-0.15,0.01,-0.36,0.18,-0.5,4.1,2.8,,-0.2
3158508,MG,3101,Santana De Pirapama,-43.9016,-18.9138,Belo Horizonte,3.3,-1,-2.7,-1.6,-3,-1.4,0.07,-0.21,-0.12,-0.07,-0.7,2.3,0.5,,-0.6
3158607,MG,3106,Santana Do Deserto,-43.1834,-21.9468,Juíz de Fora,2.1,1,-2.7,-1.6,-1.1,1.8,0,-0.01,-0.08,0.09,-0.7,2.8,1.5,,-0.2
3158706,MG,3107,Santana Do Garambéu,-44.0664,-21.6359,Barbacena,2.9,-1.7,-2.7,-1.6,-0.5,1.9,0.09,0.04,-0.06,0.1,0.1,0.1,-0.9,,0.1
3158805,MG,3108,Santana Do Jacaré,-45.0597,-20.8825,Varginha,0.3,-1.4,-2.7,-1.6,-2.4,3.2,0.07,-0.01,-0.12,0.13,0.5,0.6,4.4,,0.4
3158904,MG,3106,Santana Do Manhuaçu,-41.892,-20.0555,Juíz de Fora,2.1,1,-2.7,-1.6,-5.6,-1.5,0.03,-0.23,-0.22,-0.04,-0.4,1.2,-0.3,,0.8
3158953,MG,3105,Santana Do Paraíso,-42.5188,-19.386,Ipatinga,,-0.5,-2.7,-1.6,-2.8,-0.7,0.11,-0.27,-0.14,-0.07,1.4,1.4,1.2,,11.8
3159001,MG,3101,Santana Do Riacho,-43.6441,-19.1899,Belo Horizonte,3.3,-1,-2.7,-1.6,-2.1,-1.4,0.16,-0.24,-0.09,-0.08,0.2,0.3,2.1,,-4.8
3159100,MG,3107,Santana Dos Montes,-43.6696,-20.7949,Barbacena,2.9,-1.7,-2.7,-1.6,-2.6,2.6,0.05,-0.05,-0.16,0.13,-0.5,0.9,1.3,,3.7
3159209,MG,3109,Santa Rita De Caldas,-46.272,-22.0229,Pouso Alegre,3.4,-0.7,-2.7,-1.6,3.2,-1.1,0.18,0,0.19,-0.08,0,0,1,,-2.2
3159308,MG,3106,Santa Rita De Jacutinga,-44.0931,-22.1024,Juíz de Fora,2.1,1,-2.7,-1.6,-2.7,4.1,-0.05,0.16,-0.19,0.22,0.4,0.2,-0.7,,-3.2
3159357,MG,3105,Santa Rita De Minas,-42.1226,-19.8744,Ipatinga,,-0.5,-2.7,-1.6,-4.2,-0.9,0.1,-0.24,-0.17,-0.04,-0.2,0.5,1.3,,3.5
3159407,MG,3107,Santa Rita De Ibitipoca,-43.9317,-21.5769,Barbacena,2.9,-1.7,-2.7,-1.6,-0.9,1.7,0.1,0,-0.07,0.09,0.4,0.1,1,,-3.9
3159506,MG,3104,Santa Rita Do Itueto,-41.3904,-19.4124,Governador Valadares,,-0.9,-2.7,-1.6,-9.5,-2.4,-0.02,-0.27,-0.34,-0.08,1.6,8.6,6.7,,-8.1
3159605,MG,3109,Santa Rita Do Sapucaí,-45.682,-22.2382,Pouso Alegre,3.4,-0.7,-2.7,-1.6,-2.8,2.8,0.07,0.12,-0.18,0.17,0.3,0.6,0.8,,0.2
3159704,MG,3110,Santa Rosa Da Serra,-45.9997,-19.5639,Uberaba,-3.2,-2.1,-2.7,-1.6,1.1,-4.3,0.14,-0.31,0.06,-0.21,-0.4,0.7,1,,-1.3
3159803,MG,3111,Santa Vitória,-50.2755,-18.9899,Uberlândia,-4,-0.7,-2.7,-1.6,4.5,-4.3,0.35,-0.17,0.26,-0.23,-0.1,3.2,-1.9,-3.7,-1.4
3159902,MG,3108,Santo Antônio Do Amparo,-44.9432,-20.9161,Varginha,0.3,-1.4,-2.7,-1.6,-2.5,2.3,0.06,-0.01,-0.1,0.09,-0.3,0.5,3.6,,-0.9
3160009,MG,3106,Santo Antônio Do Aventureiro,-42.8107,-21.75,Juíz de Fora,2.1,1,-2.7,-1.6,-4.9,4.9,-0.07,0.08,-0.26,0.26,-0.8,2.3,6.8,,2.5
3160108,MG,3106,Santo Antônio Do Grama,-42.6052,-20.3228,Juíz de Fora,2.1,1,-2.7,-1.6,-3.6,1.7,0.01,-0.1,-0.18,0.09,0.3,2.7,2.4,,2.4
3160207,MG,3103,Santo Antônio Do Itambé,-43.2667,-18.4773,Teófilo Otoni,8.9,-2.2,-2.7,-1.6,-5.3,1.2,0.04,-0.2,-0.27,0.04,-0.4,0.8,-0.2,,7.8
3160306,MG,3103,Santo Antônio Do Jacinto,-40.2786,-16.5025,Teófilo Otoni,8.9,-2.2,-2.7,-1.6,-4.9,-2.2,0.12,-0.36,-0.25,-0.06,1.4,0.8,1.2,,-18.3
3160405,MG,3113,Santo Antônio Do Monte,-45.2925,-20.084,Divinópolis,1.1,-1.1,-2.7,-1.6,0.1,-1.4,0.08,-0.15,-0.02,-0.09,0.2,1.3,0.2,,-2.3
3160454,MG,3102,Santo Antônio Do Retiro,-42.6609,-15.2894,Montes Claros,9.4,0.8,-2.7,-1.6,-6.2,-2.6,0.07,-0.37,-0.31,-0.11,-0.6,2.9,1.7,,-17.9
3160504,MG,3101,Santo Antônio Do Rio Abaixo,-43.2512,-19.239,Belo Horizonte,3.3,-1,-2.7,-1.6,-4.3,0.6,0.12,-0.23,-0.19,0.02,-0.3,1.6,7.4,,5.2
3160603,MG,3101,Santo Hipólito,-44.1733,-18.3896,Belo Horizonte,3.3,-1,-2.7,-1.6,-5.9,0.9,-0.04,-0.21,-0.33,0.07,-0.7,2.7,-3.8,,3
3160702,MG,3106,Santos Dumont,-43.5267,-21.4573,Juíz de Fora,2.1,1,-2.7,-1.6,-3.5,2.3,0.01,0.04,-0.19,0.13,-1.5,0.5,-1.4,,-6.7
3160801,MG,3108,São Bento Abade,-45.0728,-21.5686,Varginha,0.3,-1.4,-2.7,-1.6,-0.5,1.4,-0.02,0.12,-0.07,0.07,0.5,0.4,2.4,-13.6,-9.2
3160900,MG,3107,São Brás Do Suaçuí,-43.9702,-20.6287,Barbacena,2.9,-1.7,-2.7,-1.6,-1.5,-0.4,0.16,-0.19,-0.08,-0.04,-0.4,0.5,0.1,,-2.2
3160959,MG,3105,São Domingos Das Dores,-42.029,-19.5205,Ipatinga,,-0.5,-2.7,-1.6,-2,-3,0.14,-0.31,-0.1,-0.12,0.8,0.6,0.3,,-4.7
3161007,MG,3105,São Domingos Do Prata,-42.9043,-19.9013,Ipatinga,,-0.5,-2.7,-1.6,-5.7,1,0.05,-0.15,-0.25,0.07,-0.8,0.5,-0.5,,2.7
3161056,MG,3104,São Félix De Minas,-41.4471,-18.5696,Governador Valadares,,-0.9,-2.7,-1.6,-3.8,-1,-0.06,-0.14,-0.25,-0.03,1.9,1.6,1.8,,-22
3161106,MG,3102,São Francisco,-44.861,-15.8968,Montes Claros,9.4,0.8,-2.7,-1.6,-4.9,-1.4,0.03,-0.24,-0.22,-0.1,-1.8,8.7,3.8,4.3,7.1
3161205,MG,3113,São Francisco De Paula,-44.9978,-20.7166,Divinópolis,1.1,-1.1,-2.7,-1.6,-1.2,1.3,0.11,-0.07,-0.07,0.03,-0.1,0.7,2.7,,4.9
3161304,MG,3110,São Francisco De Sales,-49.8598,-19.7978,Uberaba,-3.2,-2.1,-2.7,-1.6,3.1,-0.9,0.23,-0.1,0.19,-0.06,-0.9,3,-3.8,4.1,5
3161403,MG,3106,São Francisco Do Glória,-42.2828,-20.7938,Juíz de Fora,2.1,1,-2.7,-1.6,-9.5,6.9,-0.24,0.12,-0.44,0.31,0.4,1.1,-0.5,,-0.2
3161502,MG,3106,São Geraldo,-42.8276,-20.9112,Juíz de Fora,2.1,1,-2.7,-1.6,-6.3,1.6,-0.07,-0.07,-0.3,0.11,0.2,3.2,0.9,,-2.8
3161601,MG,3104,São Geraldo Da Piedade,-42.3109,-18.8963,Governador Valadares,,-0.9,-2.7,-1.6,-1.1,-4.9,0.09,-0.29,-0.06,-0.2,1.1,0.9,3.5,,1
3161650,MG,3104,São Geraldo Do Baixio,-41.3667,-18.9165,Governador Valadares,,-0.9,-2.7,-1.6,-7.7,1.6,-0.05,-0.16,-0.39,0.06,1.9,5.5,11.2,,-3.4
3161700,MG,3112,São Gonçalo Do Abaeté,-45.5482,-18.1774,Patos de Minas,-2.1,-3.2,-2.7,-1.6,-5,-1.2,0.02,-0.26,-0.24,-0.07,-1.3,4.8,-0.2,-1,-2.6
3161809,MG,3113,São Gonçalo Do Pará,-44.8276,-19.9837,Divinópolis,1.1,-1.1,-2.7,-1.6,0.6,-0.5,0.07,-0.07,0,-0.05,0,2.9,4.1,,1.5
3161908,MG,3105,São Gonçalo Do Rio Abaixo,-43.3232,-19.8163,Ipatinga,,-0.5,-2.7,-1.6,-4.3,0.1,0.07,-0.13,-0.17,-0.03,-1.3,0.5,2.2,,-4.7
3162005,MG,3108,São Gonçalo Do Sapucaí,-45.5958,-21.9118,Varginha,0.3,-1.4,-2.7,-1.6,0.8,0.3,0.2,0.01,0.03,0,-0.2,0.4,3.8,-3.3,-2.3
3162104,MG,3112,São Gotardo,-45.999,-19.3597,Patos de Minas,-2.1,-3.2,-2.7,-1.6,-2.2,-1.2,0.08,-0.23,-0.12,-0.06,-1.1,0.7,1.2,-2.4,-4.2
3162203,MG,3108,São João Batista Do Glória,-46.4384,-20.5777,Varginha,0.3,-1.4,-2.7,-1.6,1.5,1.1,0.11,-0.02,0.09,0.07,0.1,0.6,4.6,3.9,0.2
3162252,MG,3102,São João Da Lagoa,-44.3349,-16.8604,Montes Claros,9.4,0.8,-2.7,-1.6,-6.5,0.2,0.01,-0.18,-0.29,-0.01,0.2,3,-1.3,,-7.5
3162302,MG,3109,São João Da Mata,-45.92,-21.9435,Pouso Alegre,3.4,-0.7,-2.7,-1.6,1.8,-1.1,0.25,-0.06,0.1,-0.06,-0.6,0.1,2.1,,-0.5
3162401,MG,3102,São João Da Ponte,-43.8958,-15.9085,Montes Claros,9.4,0.8,-2.7,-1.6,-7.5,1.3,0.02,-0.24,-0.37,0.04,-2,8.4,9.2,,23.3
3162450,MG,3102,São João Das Missões,-44.2276,-14.8921,Montes Claros,9.4,0.8,-2.7,-1.6,-4.9,-0.5,0.1,-0.33,-0.27,-0.04,1.2,8.7,2.9,,-7.5
3162500,MG,3107,São João Del Rei,-44.276,-21.2646,Barbacena,2.9,-1.7,-2.7,-1.6,-2.2,3.4,0.07,0.01,-0.13,0.17,-1.1,0.4,4.1,19.7,-8.5
3162559,MG,3106,São João Do Manhuaçu,-42.1537,-20.3712,Juíz de Fora,2.1,1,-2.7,-1.6,-5.9,2.7,-0.04,-0.08,-0.25,0.09,0.4,0.3,1.7,,8.7
3162575,MG,3104,São João Do Manteninha,-41.1607,-18.7506,Governador Valadares,,-0.9,-2.7,-1.6,-7.1,2,-0.06,-0.13,-0.36,0.06,0.8,6.9,1.8,,-9
3162609,MG,3105,São João Do Oriente,-42.1721,-19.3533,Ipatinga,,-0.5,-2.7,-1.6,-1.5,-3.6,0.12,-0.3,-0.08,-0.16,0.1,3.8,4.8,,-0.4
3162658,MG,3102,São João Do Pacuí,-44.5225,-16.5558,Montes Claros,9.4,0.8,-2.7,-1.6,-5.3,-1.4,0.08,-0.23,-0.22,-0.06,0.8,6.5,4.5,,7.8
3162708,MG,3102,São João Do Paraíso,-41.9758,-15.3433,Montes Claros,9.4,0.8,-2.7,-1.6,-3.8,-2.9,0.09,-0.36,-0.28,-0.09,-0.2,2.1,6.9,,0
3162807,MG,3104,São João Evangelista,-42.7766,-18.5127,Governador Valadares,,-0.9,-2.7,-1.6,-2.3,-3.7,0.13,-0.33,-0.11,-0.13,0.4,0.8,3.5,,1.7
3162906,MG,3106,São João Nepomuceno,-43.0004,-21.5819,Juíz de Fora,2.1,1,-2.7,-1.6,-4.1,1.7,-0.02,-0.07,-0.22,0.09,-0.7,2.8,-0.9,,-1.9
3162922,MG,3101,São Joaquim De Bicas,-44.2502,-20.0702,Belo Horizonte,3.3,-1,-2.7,-1.6,-1.2,0.3,0.12,-0.11,-0.07,-0.02,-0.7,2.2,-1.4,,-0.8
3162948,MG,3108,São José Da Barra,-46.2434,-20.7493,Varginha,0.3,-1.4,-2.7,-1.6,1.6,-0.4,0.16,-0.1,0.1,-0.03,0.3,0.9,3.2,-9.3,0.1
3162955,MG,3101,São José Da Lapa,-43.9901,-19.6962,Belo Horizonte,3.3,-1,-2.7,-1.6,-4.9,-0.2,0.1,-0.13,-0.24,-0.03,-1.2,1.2,0,,-2.4
3163003,MG,3104,São José Da Safira,-42.1246,-18.3167,Governador Valadares,,-0.9,-2.7,-1.6,-3.4,-5.6,0.07,-0.3,-0.16,-0.19,2,6.6,1.6,,-1.9
3163102,MG,3113,São José Da Varginha,-44.5619,-19.6972,Divinópolis,1.1,-1.1,-2.7,-1.6,-0.8,-0.3,0.21,-0.17,-0.01,-0.04,-2.1,2.8,3.8,,-7.1
3163201,MG,3109,São José Do Alegre,-45.5176,-22.3291,Pouso Alegre,3.4,-0.7,-2.7,-1.6,-0.5,1.2,0.13,0.03,-0.04,0.06,0.6,0.7,0.4,,8.7
3163300,MG,3103,São José Do Divino,-41.3758,-18.3985,Teófilo Otoni,8.9,-2.2,-2.7,-1.6,-5.4,0.3,-0.11,-0.1,-0.3,0.01,2,6.5,-1,,24.3
3163409,MG,3105,São José Do Goiabal,-42.6964,-19.9317,Ipatinga,,-0.5,-2.7,-1.6,-4.4,0.1,0.1,-0.2,-0.2,0.03,1,3.2,-1.4,,2.2
3163508,MG,3104,São José Do Jacuri,-42.6698,-18.2443,Governador Valadares,,-0.9,-2.7,-1.6,-3.6,-4.3,0.07,-0.31,-0.17,-0.17,-0.4,2.4,1.1,,-0.7
3163607,MG,3106,São José Do Mantimento,-41.7717,-20.0254,Juíz de Fora,2.1,1,-2.7,-1.6,-6.1,-0.6,0,-0.22,-0.25,0,-0.2,2.1,0.6,,0.4
3163706,MG,3109,São Lourenço,-45.0363,-22.1159,Pouso Alegre,3.4,-0.7,-2.7,-1.6,0.2,1.1,0.14,0.09,-0.01,0.06,0.5,1,-2,,18.1
3163805,MG,3106,São Miguel Do Anta,-42.7105,-20.727,Juíz de Fora,2.1,1,-2.7,-1.6,-7.2,2.9,-0.08,-0.04,-0.3,0.13,0.1,0.8,1,,-2.2
3163904,MG,3108,São Pedro Da União,-46.6434,-21.1281,Varginha,0.3,-1.4,-2.7,-1.6,6.2,-3.1,0.24,-0.07,0.35,-0.19,0.5,0.3,-1.5,-4.5,-1.6
3164001,MG,3106,São Pedro Dos Ferros,-42.5698,-20.0513,Juíz de Fora,2.1,1,-2.7,-1.6,-5.2,1.2,0.04,-0.16,-0.22,0.06,0.7,2.8,1.8,,1.6
3164100,MG,3104,São Pedro Do Suaçuí,-42.5935,-18.3489,Governador Valadares,,-0.9,-2.7,-1.6,-3.5,-5.6,0.07,-0.32,-0.16,-0.19,0.1,3.2,4.7,,1.2
3164209,MG,3102,São Romão,-45.4036,-16.3875,Montes Claros,9.4,0.8,-2.7,-1.6,-0.2,-4.8,0.12,-0.33,-0.06,-0.26,-0.7,6.7,1.8,-2.9,3.4
3164308,MG,3108,São Roque De Minas,-46.5142,-20.1858,Varginha,0.3,-1.4,-2.7,-1.6,1.2,-0.7,0.12,-0.16,0.07,-0.03,-0.2,0.4,1.5,-0.3,-1.8
3164407,MG,3109,São Sebastião Da Bela Vista,-45.7769,-22.1623,Pouso Alegre,3.4,-0.7,-2.7,-1.6,-2,3.4,0.14,0.11,-0.11,0.21,-0.3,0.5,1.3,,-1.6
3164431,MG,3106,São Sebastião Da Vargem Alegre,-42.5999,-21.0237,Juíz de Fora,2.1,1,-2.7,-1.6,-7.9,4.1,-0.17,0,-0.38,0.22,-0.3,1,3.5,,0.6
3164472,MG,3105,São Sebastião Do Anta,-41.9534,-19.5103,Ipatinga,,-0.5,-2.7,-1.6,-3.1,-2.6,0.1,-0.27,-0.14,-0.1,0.5,1,0.1,,-3.3
3164506,MG,3104,São Sebastião Do Maranhão,-42.5408,-18.0607,Governador Valadares,,-0.9,-2.7,-1.6,-3.9,-4.3,0.03,-0.29,-0.19,-0.18,-0.8,3.2,1.6,,5
3164605,MG,3113,São Sebastião Do Oeste,-45.044,-20.2527,Divinópolis,1.1,-1.1,-2.7,-1.6,-0.1,-0.6,0.09,-0.08,-0.02,-0.06,-0.1,1.6,0.7,,2
3164704,MG,3108,São Sebastião Do Paraíso,-47.0047,-20.923,Varginha,0.3,-1.4,-2.7,-1.6,1.9,-2.4,0.03,-0.06,0.12,-0.13,0.7,0.8,1.3,1,-2.7
3164803,MG,3101,São Sebastião Do Rio Preto,-43.22,-19.2994,Belo Horizonte,3.3,-1,-2.7,-1.6,-5.1,0.6,0.07,-0.2,-0.22,0.02,0.2,0.6,5.3,,-10.6
3164902,MG,3109,São Sebastião Do Rio Verde,-45.0248,-22.221,Pouso Alegre,3.4,-0.7,-2.7,-1.6,1.7,-1.6,0.18,-0.01,0.06,-0.1,0.2,0.8,-0.1,,3
3165008,MG,3107,São Tiago,-44.5592,-20.9389,Barbacena,2.9,-1.7,-2.7,-1.6,-0.7,-0.2,0.08,-0.1,-0.06,-0.02,0.2,0.4,-0.5,11.2,0.6
3165107,MG,3108,São Tomás De Aquino,-47.1266,-20.7869,Varginha,0.3,-1.4,-2.7,-1.6,3.6,-2.1,0.08,0,0.2,-0.08,0,0.9,0.9,-16.5,0.8
3165206,MG,3108,São Thomé Das Letras,-44.9642,-21.7349,Varginha,0.3,-1.4,-2.7,-1.6,0.8,-0.3,0.08,0.03,0.01,-0.02,0,0.8,-1.9,,0.3
3165305,MG,3107,São Vicente De Minas,-44.4738,-21.6674,Barbacena,2.9,-1.7,-2.7,-1.6,1.2,0.3,0.2,-0.06,0.04,0,-0.2,0.3,-1.6,-0.7,-3.1
3165404,MG,3109,Sapucaí-Mirim,-45.8514,-22.7872,Pouso Alegre,3.4,-0.7,-2.7,-1.6,2.3,-0.6,0.05,0.09,0.14,-0.06,0.8,0,0.2,,3.9
3165503,MG,3104,Sardoá,-42.4091,-18.7744,Governador Valadares,,-0.9,-2.7,-1.6,-1.6,-5.1,0.13,-0.34,-0.09,-0.18,0.8,0.7,9.4,,-0.8
3165537,MG,3101,Sarzedo,-44.1214,-20.0591,Belo Horizonte,3.3,-1,-2.7,-1.6,-3.2,0.7,0.04,-0.09,-0.16,0.01,-0.9,1,1,,
3165552,MG,3103,Setubinha,-42.1573,-17.6245,Teófilo Otoni,8.9,-2.2,-2.7,-1.6,-2.6,-3.6,0.03,-0.29,-0.2,-0.16,0,0.6,-1.5,,19.8
3165560,MG,3106,Sem-Peixe,-42.8247,-20.0811,Juíz de Fora,2.1,1,-2.7,-1.6,-3.7,-0.6,0.06,-0.17,-0.17,0.01,-0.5,0.5,-0.4,,-1.5
3165578,MG,3109,Senador Amaral,-46.2148,-22.5563,Pouso Alegre,3.4,-0.7,-2.7,-1.6,3.1,1.1,0.18,0.12,0.17,0.1,-0.3,0,-4.2,,-3.1
3165602,MG,3106,Senador Cortes,-42.9101,-21.7687,Juíz de Fora,2.1,1,-2.7,-1.6,-4.4,5,-0.07,0.07,-0.24,0.27,-0.6,1.9,4.6,,
3165701,MG,3106,Senador Firmino,-43.1062,-20.9031,Juíz de Fora,2.1,1,-2.7,-1.6,-5.2,2.3,-0.05,-0.06,-0.24,0.11,-0.6,0.6,-1.4,,-2.7
3165800,MG,3109,Senador José Bento,-46.1417,-22.1545,Pouso Alegre,3.4,-0.7,-2.7,-1.6,-0.5,3.1,0.08,0.16,-0.04,0.19,0.1,0.2,2.6,,-1.5
3165909,MG,3103,Senador Modestino Gonçalves,-43.2408,-17.8547,Teófilo Otoni,8.9,-2.2,-2.7,-1.6,-3.2,-2.5,-0.01,-0.19,-0.18,-0.12,-0.4,1.2,-3.2,,-9.8
3166006,MG,3107,Senhora De Oliveira,-43.3459,-20.8,Barbacena,2.9,-1.7,-2.7,-1.6,-4.3,3.3,0,-0.02,-0.23,0.17,0.1,0.5,-1.8,,-3.2
3166105,MG,3104,Senhora Do Porto,-43.0797,-18.9119,Governador Valadares,,-0.9,-2.7,-1.6,-1.3,-3.7,0.17,-0.33,-0.06,-0.14,-0.4,1.1,7.3,,-4.3
3166204,MG,3107,Senhora Dos Remédios,-43.5994,-21.0318,Barbacena,2.9,-1.7,-2.7,-1.6,-0.5,0,0.15,-0.12,-0.05,0,-0.3,0.1,0.6,,-0.1
3166303,MG,3106,Sericita,-42.4586,-20.4922,Juíz de Fora,2.1,1,-2.7,-1.6,-5.5,2.7,-0.08,-0.05,-0.27,0.12,-0.1,0.3,2.1,,0.5
3166402,MG,3109,Seritinga,-44.4562,-21.9152,Pouso Alegre,3.4,-0.7,-2.7,-1.6,-1.5,0.3,0,0.01,-0.1,0.02,0.6,0.1,0.2,,-0.9
3166501,MG,3103,Serra Azul De Minas,-43.2063,-18.3896,Teófilo Otoni,8.9,-2.2,-2.7,-1.6,-6.6,1.7,0.02,-0.19,-0.31,0.07,-0.5,0.4,1.8,,10.6
3166600,MG,3113,Serra Da Saudade,-45.7768,-19.387,Divinópolis,1.1,-1.1,-2.7,-1.6,-1.3,-2.2,0.09,-0.25,-0.06,-0.11,-1.2,3.5,-1.5,,-0.8
3166709,MG,3103,Serra Dos Aimorés,-40.2634,-17.7866,Teófilo Otoni,8.9,-2.2,-2.7,-1.6,-4,-3.2,-0.05,-0.21,-0.22,-0.1,1,4.8,7.6,,0.8
3166808,MG,3112,Serra Do Salitre,-46.6568,-19.1597,Patos de Minas,-2.1,-3.2,-2.7,-1.6,-0.2,-2.3,0.1,-0.22,-0.01,-0.14,-0.3,0.5,2.6,-3.3,-0.6
3166907,MG,3108,Serrania,-46.0928,-21.5526,Varginha,0.3,-1.4,-2.7,-1.6,2.2,-2.1,0.19,-0.08,0.13,-0.12,0,0.3,2.5,6.3,1.1
3166956,MG,3102,Serranópolis De Minas,-42.86,-15.859,Montes Claros,9.4,0.8,-2.7,-1.6,-5.1,-4.9,0.11,-0.39,-0.24,-0.19,-0.4,3.4,2.9,,-6.8
3167004,MG,3109,Serranos,-44.5362,-21.8314,Pouso Alegre,3.4,-0.7,-2.7,-1.6,2,-1.1,0.15,-0.05,0.08,-0.08,0.3,0.1,-0.6,34.2,-1.3
3167103,MG,3103,Serro,-43.4011,-18.5374,Teófilo Otoni,8.9,-2.2,-2.7,-1.6,-5,1,0.04,-0.19,-0.26,0.03,-0.2,0.5,-0.8,,5.8
3167202,MG,3101,Sete Lagoas,-44.2539,-19.4376,Belo Horizonte,3.3,-1,-2.7,-1.6,-3.2,-1.3,0.19,-0.24,-0.16,-0.07,-2.6,1.4,6.9,12.8,2.5
3167301,MG,3106,Silveirânia,-43.2034,-21.1413,Juíz de Fora,2.1,1,-2.7,-1.6,-3.1,0.8,0.09,-0.13,-0.18,0.07,-0.5,1.1,1.3,,1.4
3167400,MG,3109,Silvianópolis,-45.8064,-22.0362,Pouso Alegre,3.4,-0.7,-2.7,-1.6,-0.9,1.9,0.16,0.04,-0.05,0.12,-0.3,0.5,2.5,,-0.3
3167509,MG,3106,Simão Pereira,-43.2903,-21.964,Juíz de Fora,2.1,1,-2.7,-1.6,-3.6,4.2,-0.08,0.09,-0.17,0.2,0.4,1.7,-3.1,,-4.6
3167608,MG,3106,Simonésia,-41.9862,-19.9982,Juíz de Fora,2.1,1,-2.7,-1.6,-4.4,-0.6,0.05,-0.21,-0.17,-0.03,-0.2,0.5,-0.6,,11.3
3167707,MG,3104,Sobrália,-42.1447,-19.2189,Governador Valadares,,-0.9,-2.7,-1.6,-1,-2.2,0.09,-0.25,-0.06,-0.12,0.2,4.7,7.1,,21.2
3167806,MG,3109,Soledade De Minas,-45.0276,-22.0266,Pouso Alegre,3.4,-0.7,-2.7,-1.6,-0.3,1,0.06,0.1,-0.04,0.06,0.3,0.8,1,,-2.6
3167905,MG,3106,Tabuleiro,-43.2574,-21.3634,Juíz de Fora,2.1,1,-2.7,-1.6,-4.6,1.8,0.03,-0.11,-0.26,0.11,-0.5,2.2,-1.7,,-6.8
3168002,MG,3102,Taiobeiras,-42.0552,-15.8241,Montes Claros,9.4,0.8,-2.7,-1.6,-2.3,-4.5,0.11,-0.37,-0.22,-0.16,-0.2,2.4,0.2,,-4
3168051,MG,3106,Taparuba,-41.6128,-19.7393,Juíz de Fora,2.1,1,-2.7,-1.6,-6.7,1.6,0.05,-0.17,-0.27,0.06,1.1,5.9,0.8,,-9.1
3168101,MG,3110,Tapira,-46.8681,-19.9169,Uberaba,-3.2,-2.1,-2.7,-1.6,0.2,0.6,0.11,-0.12,0.05,0.03,0.1,0.3,1.4,-0.7,-2.4
3168200,MG,3113,Tapiraí,-46.1586,-19.8766,Divinópolis,1.1,-1.1,-2.7,-1.6,3,-4.5,0.19,-0.29,0.17,-0.22,-0.8,0.9,2.6,-0.6,-3.8
3168309,MG,3101,Taquaraçu De Minas,-43.6835,-19.6341,Belo Horizonte,3.3,-1,-2.7,-1.6,-1.3,-4.1,0.22,-0.26,-0.05,-0.2,-0.9,0.4,3.9,,-1.5
3168408,MG,3104,Tarumirim,-41.9011,-19.301,Governador Valadares,,-0.9,-2.7,-1.6,-2.4,-3.1,0.13,-0.29,-0.12,-0.14,0.1,4.2,4.2,,3.8
3168507,MG,3106,Teixeiras,-42.8631,-20.6317,Juíz de Fora,2.1,1,-2.7,-1.6,-7.3,1.9,-0.06,-0.08,-0.3,0.08,0.1,1.3,1.8,,-0.6
3168606,MG,3103,Teófilo Otoni,-41.3824,-17.7132,Teófilo Otoni,8.9,-2.2,-2.7,-1.6,-4.3,-0.6,-0.05,-0.18,-0.26,-0.03,0.7,7.3,-1.6,,0.2
3168705,MG,3105,Timóteo,-42.6026,-19.5569,Ipatinga,,-0.5,-2.7,-1.6,-2.1,-1.3,0.13,-0.25,-0.11,-0.06,0.3,2,-3.7,,
3168804,MG,3107,Tiradentes,-44.156,-21.1162,Barbacena,2.9,-1.7,-2.7,-1.6,-1.2,2,0.1,-0.03,-0.09,0.1,-1.3,0.5,2.1,,3.4
3168903,MG,3112,Tiros,-45.8241,-18.8604,Patos de Minas,-2.1,-3.2,-2.7,-1.6,-4.5,-0.3,-0.02,-0.16,-0.23,0,-1.2,0.6,0.3,-1.2,3.7
3169000,MG,3106,Tocantins,-43.0239,-21.1793,Juíz de Fora,2.1,1,-2.7,-1.6,-3.7,-0.2,-0.01,-0.16,-0.21,0.02,-0.6,3.4,1.9,,-9.2
3169059,MG,3109,Tocos Do Moji,-46.1491,-22.357,Pouso Alegre,3.4,-0.7,-2.7,-1.6,-0.9,2.5,0.06,0.15,-0.06,0.15,-0.2,0,-0.3,,-2.6
3169109,MG,3109,Toledo,-46.384,-22.706,Pouso Alegre,3.4,-0.7,-2.7,-1.6,4.8,0.3,0.29,0.1,0.29,0.03,-0.1,0,-2.9,,-1.2
3169208,MG,3106,Tombos,-42.0636,-20.8803,Juíz de Fora,2.1,1,-2.7,-1.6,-8.5,5.5,-0.18,0.06,-0.38,0.23,-0.4,5.5,-0.3,,-2.2
3169307,MG,3108,Três Corações,-45.2044,-21.6866,Varginha,0.3,-1.4,-2.7,-1.6,-1,0.4,-0.04,0.11,-0.08,0.04,0.3,0.7,0.6,4.5,-0.4
3169356,MG,3101,Três Marias,-45.0683,-18.2981,Belo Horizonte,3.3,-1,-2.7,-1.6,-5.8,0.7,0.04,-0.18,-0.24,0,0,2.7,1.3,-7.8,-9.4
3169406,MG,3108,Três Pontas,-45.4983,-21.3933,Varginha,0.3,-1.4,-2.7,-1.6,-0.8,2.6,0.04,0.09,-0.07,0.14,0,0.5,-2.3,-11.7,0.8
3169505,MG,3104,Tumiritinga,-41.7055,-19.0132,Governador Valadares,,-0.9,-2.7,-1.6,-4.9,-1.8,0.05,-0.2,-0.22,-0.08,1,6.9,10.8,,7.8
3169604,MG,3111,Tupaciguara,-48.7554,-18.5347,Uberlândia,-4,-0.7,-2.7,-1.6,-1.2,-0.2,0.04,-0.08,-0.01,-0.05,0.7,2,1.1,-2.1,0.3
3169703,MG,3103,Turmalina,-42.8386,-17.2447,Teófilo Otoni,8.9,-2.2,-2.7,-1.6,-1.1,-4.2,0.06,-0.3,-0.09,-0.2,-0.5,2.4,2.6,,-3
3169802,MG,3109,Turvolândia,-45.7993,-21.8841,Pouso Alegre,3.4,-0.7,-2.7,-1.6,1.1,-1,0.22,-0.07,0.06,-0.05,-0.5,0.4,1.8,,-2.5
3169901,MG,3106,Ubá,-42.9651,-21.1034,Juíz de Fora,2.1,1,-2.7,-1.6,-5.6,1.2,-0.09,-0.09,-0.28,0.07,-0.6,3.9,4.8,,-2.2
3170008,MG,3102,Ubaí,-44.8454,-16.3645,Montes Claros,9.4,0.8,-2.7,-1.6,-0.2,-4.7,0.12,-0.31,-0.04,-0.23,-0.3,5.6,2.4,,-1.9
3170057,MG,3105,Ubaporanga,-42.0707,-19.661,Ipatinga,,-0.5,-2.7,-1.6,-2.9,-2.2,0.12,-0.28,-0.13,-0.08,0,0.6,0.6,,8
3170107,MG,3110,Uberaba,-47.9769,-19.5808,Uberaba,-3.2,-2.1,-2.7,-1.6,5.4,-5.7,0.31,-0.29,0.34,-0.32,-0.3,1,-1.5,-0.8,-3.5
3170206,MG,3111,Uberlândia,-48.3317,-19.0268,Uberlândia,-4,-0.7,-2.7,-1.6,6.2,-4.1,0.3,-0.2,0.39,-0.23,-0.6,2.5,0.4,-1.5,-1
3170305,MG,3103,Umburatiba,-40.6671,-17.2733,Teófilo Otoni,8.9,-2.2,-2.7,-1.6,-0.9,-0.5,0.02,-0.17,-0.15,-0.01,0.1,7.4,1.4,,
3170404,MG,3112,Unaí,-46.8211,-16.3762,Patos de Minas,-2.1,-3.2,-2.7,-1.6,0.6,-5.1,0.23,-0.36,-0.02,-0.27,-0.7,7.1,1.6,-5.3,-5.1
3170438,MG,3110,União De Minas,-50.3427,-19.4088,Uberaba,-3.2,-2.1,-2.7,-1.6,4.1,-1.6,0.26,-0.05,0.24,-0.09,0,3.5,-5.5,0,0.6
3170479,MG,3112,Uruana De Minas,-46.3182,-16.094,Patos de Minas,-2.1,-3.2,-2.7,-1.6,-1.4,-2.4,0.2,-0.36,-0.12,-0.15,-1.1,6.2,-1.8,0.7,1.5
3170503,MG,3106,Urucânia,-42.7305,-20.3262,Juíz de Fora,2.1,1,-2.7,-1.6,-4.2,0.9,-0.01,-0.12,-0.18,0.05,0,2.1,3.8,,9.6
3170529,MG,3112,Urucuia,-45.5734,-16.0281,Patos de Minas,-2.1,-3.2,-2.7,-1.6,-0.2,-5,0.12,-0.33,-0.07,-0.26,-0.3,7.3,-1.9,,4.8
3170578,MG,3105,Vargem Alegre,-42.3178,-19.6033,Ipatinga,,-0.5,-2.7,-1.6,-6.5,0.3,0.05,-0.23,-0.27,0,-0.3,1.3,3.3,,-4.5
3170602,MG,3108,Vargem Bonita,-46.3368,-20.4305,Varginha,0.3,-1.4,-2.7,-1.6,2.5,-1.1,0.16,-0.12,0.14,-0.07,-0.4,0.9,2.2,,-0.4
3170651,MG,3102,Vargem Grande Do Rio Pardo,-42.298,-15.3408,Montes Claros,9.4,0.8,-2.7,-1.6,-4.1,-2.9,0.07,-0.33,-0.27,-0.11,1.4,1.8,6.3,,32.1
3170701,MG,3108,Varginha,-45.4095,-21.5577,Varginha,0.3,-1.4,-2.7,-1.6,0,1.8,0.06,0.13,0,0.11,0.1,0.7,-0.4,,3.2
3170750,MG,3112,Varjão De Minas,-45.9365,-18.4677,Patos de Minas,-2.1,-3.2,-2.7,-1.6,-5.5,0.2,-0.03,-0.18,-0.26,0,-1.4,2,0.2,0.9,-2.7
3170800,MG,3102,Várzea Da Palma,-44.7276,-17.498,Montes Claros,9.4,0.8,-2.7,-1.6,-2.8,-4.2,0.12,-0.3,-0.15,-0.22,-0.3,6.1,4.1,,9.7
3170909,MG,3102,Varzelândia,-43.9346,-15.6422,Montes Claros,9.4,0.8,-2.7,-1.6,-4.1,-0.5,0.08,-0.3,-0.24,-0.03,0.3,8.2,6.5,,-2.2
3171006,MG,3112,Vazante,-46.8677,-17.8682,Patos de Minas,-2.1,-3.2,-2.7,-1.6,3.2,-6.9,0.24,-0.39,0.14,-0.36,-0.3,4.1,-2,-1.7,-5.2
3171030,MG,3102,Verdelândia,-43.6279,-15.5404,Montes Claros,9.4,0.8,-2.7,-1.6,-2.9,-2.4,0.1,-0.32,-0.2,-0.11,0.9,11,4.6,,-1.2
3171071,MG,3103,Veredinha,-42.728,-17.485,Teófilo Otoni,8.9,-2.2,-2.7,-1.6,-1.6,-3.5,0.03,-0.26,-0.14,-0.16,-0.6,3.3,-0.3,,-2.7
3171105,MG,3110,Veríssimo,-48.3409,-19.6046,Uberaba,-3.2,-2.1,-2.7,-1.6,6.6,-4.8,0.43,-0.24,0.48,-0.35,-1,2.3,0.9,-3.6,-0.2
3171154,MG,3105,Vermelho Novo,-42.2549,-20.0323,Ipatinga,,-0.5,-2.7,-1.6,-5.8,3,0.05,-0.14,-0.27,0.13,0.5,0.4,3.5,,7.7
3171204,MG,3101,Vespasiano,-43.9435,-19.7314,Belo Horizonte,3.3,-1,-2.7,-1.6,-3.8,-0.2,0.15,-0.12,-0.18,-0.03,-1.3,0.9,2,,
3171303,MG,3106,Viçosa,-42.8855,-20.7403,Juíz de Fora,2.1,1,-2.7,-1.6,-7.7,2.3,-0.07,-0.07,-0.3,0.09,-0.3,1.1,2.7,,-0.8
3171402,MG,3106,Vieiras,-42.2835,-20.9148,Juíz de Fora,2.1,1,-2.7,-1.6,-9.9,6.3,-0.24,0.07,-0.46,0.29,0,1.5,0.2,,-4.2
3171501,MG,3104,Mathias Lobato,-41.9292,-18.6103,Governador Valadares,,-0.9,-2.7,-1.6,-2,-4.4,0.11,-0.27,-0.13,-0.16,1.3,6.2,3.8,,-2.1
3171600,MG,3103,Virgem Da Lapa,-42.3401,-16.7155,Teófilo Otoni,8.9,-2.2,-2.7,-1.6,-2.9,-3.2,0.08,-0.34,-0.18,-0.15,-0.1,6.9,2,,9.4
3171709,MG,3109,Virgínia,-45.1091,-22.3427,Pouso Alegre,3.4,-0.7,-2.7,-1.6,2.7,-1.8,0.29,-0.08,0.12,-0.13,0.6,0,1.6,,-0.8
3171808,MG,3104,Virginópolis,-42.6715,-18.7921,Governador Valadares,,-0.9,-2.7,-1.6,-1.8,-4.7,0.12,-0.31,-0.12,-0.16,1,0.7,7.1,,3.1
3171907,MG,3104,Virgolândia,-42.3189,-18.4516,Governador Valadares,,-0.9,-2.7,-1.6,-1.4,-6.3,0.14,-0.34,-0.09,-0.21,0.9,2.5,2.8,,-0.9
3172004,MG,3106,Visconde Do Rio Branco,-42.8358,-21.014,Juíz de Fora,2.1,1,-2.7,-1.6,-5.1,1.8,-0.1,-0.06,-0.25,0.12,-0.7,3.9,4,,-5.2
3172103,MG,3106,Volta Grande,-42.5577,-21.7573,Juíz de Fora,2.1,1,-2.7,-1.6,-7.7,6.3,-0.12,0.16,-0.46,0.37,-0.7,6.7,0.9,,0.6
3172202,MG,3109,Wenceslau Braz,-45.4052,-22.5572,Pouso Alegre,3.4,-0.7,-2.7,-1.6,1.9,-2.4,0.12,-0.04,0.05,-0.1,0.6,0,3,,5
3200102,ES,3201,Afonso Cláudio,-41.1273,-20.0874,Vitória,,-3.7,,-4.4,-8.5,2.3,-0.04,-0.11,-0.4,0.09,1,3.2,3.5,,-0.4
3200136,ES,3203,Águia Branca,-40.7504,-18.9697,Colatina,,-6,,-4.4,-11.5,2.9,-0.14,-0.09,-0.47,0.1,0.5,10.4,2.9,,8.1
3200169,ES,3203,Água Doce Do Norte,-40.9969,-18.5176,Colatina,,-6,,-4.4,-4.7,-1.1,-0.08,-0.11,-0.25,-0.03,1.6,8.7,-5.5,,7.7
3200201,ES,3204,Alegre,-41.5123,-20.719,Cachoeiro do Itapemirim,,-9.3,,-4.4,-6.1,3.9,-0.08,-0.08,-0.23,0.12,0.1,8.3,0.3,,-12.5
3200300,ES,3201,Alfredo Chaves,-40.8262,-20.5647,Vitória,,-3.7,,-4.4,-9.5,5.1,-0.16,0.01,-0.45,0.22,1,0.7,-4,,0.6
3200359,ES,3203,Alto Rio Novo,-40.9882,-19.0215,Colatina,,-6,,-4.4,-12.2,3,-0.14,-0.14,-0.5,0.09,1.2,3.8,2.1,,5.8
3200409,ES,3201,Anchieta,-40.6853,-20.7192,Vitória,,-3.7,,-4.4,-11.5,6.3,-0.17,-0.03,-0.45,0.21,2.6,11.6,-5.1,,
3200508,ES,3204,Apiacá,-41.5534,-21.0714,Cachoeiro do Itapemirim,,-9.3,,-4.4,-5.6,3,0.05,-0.1,-0.25,0.12,0.7,6.3,6,,0.2
3200607,ES,3202,Aracruz,-40.1742,-19.7663,São Mateus,,7.2,,-4.4,-17,5.3,-0.19,-0.06,-0.55,0.15,1.9,7,8.5,,0
3200706,ES,3204,Atilio Vivacqua,-41.1864,-20.9626,Cachoeiro do Itapemirim,,-9.3,,-4.4,-9.9,8.2,-0.03,-0.05,-0.4,0.28,1.5,12.6,7.1,,3.2
3200805,ES,3203,Baixo Guandu,-40.984,-19.5718,Colatina,,-6,,-4.4,-9.6,-2.7,-0.03,-0.24,-0.35,-0.06,-0.4,8.5,5.7,,-9.9
3200904,ES,3203,Barra De São Francisco,-40.8317,-18.6661,Colatina,,-6,,-4.4,-5.9,0.3,-0.09,-0.11,-0.29,0.01,1.3,11.2,2.1,,-3.7
3201001,ES,3202,Boa Esperança,-40.3267,-18.4864,São Mateus,,7.2,,-4.4,-5,-3.1,-0.07,-0.14,-0.22,-0.09,1.8,10,0.4,,-10.8
3201100,ES,3204,Bom Jesus Do Norte,-41.6323,-21.0865,Cachoeiro do Itapemirim,,-9.3,,-4.4,-4.3,2.4,0.06,-0.09,-0.21,0.1,1,7.1,3,,
3201159,ES,3201,Brejetuba,-41.2977,-20.1283,Vitória,,-3.7,,-4.4,-7.1,2.8,-0.05,-0.09,-0.38,0.13,0.6,0.1,4.9,,-3.9
3201209,ES,3204,Cachoeiro De Itapemirim,-41.1909,-20.7661,Cachoeiro do Itapemirim,,-9.3,,-4.4,-6.5,4.8,-0.06,-0.05,-0.3,0.17,0.3,11.9,0.2,,-7.3
3201308,ES,3201,Cariacica,-40.4404,-20.2894,Vitória,,-3.7,,-4.4,-15.5,9.2,-0.21,0.06,-0.58,0.29,3.5,3.9,8,,-1.4
3201407,ES,3204,Castelo,-41.2038,-20.5508,Cachoeiro do Itapemirim,,-9.3,,-4.4,-7.6,5.3,-0.14,-0.01,-0.39,0.24,0.7,6.6,4,,-11.1
3201506,ES,3203,Colatina,-40.6547,-19.4858,Colatina,,-6,,-4.4,-9.1,-1.8,-0.07,-0.2,-0.37,-0.02,1.3,12.2,4.5,,-0.5
3201605,ES,3202,Conceição Da Barra,-39.8321,-18.4462,São Mateus,,7.2,,-4.4,-12.3,1.4,-0.14,-0.13,-0.41,0.03,0.6,5,7,,-4.1
3201704,ES,3201,Conceição Do Castelo,-41.2674,-20.3735,Vitória,,-3.7,,-4.4,-7.5,4.5,-0.15,0.02,-0.4,0.22,-0.2,1.1,2.9,,-2.5
3201803,ES,3204,Divino De São Lourenço,-41.7248,-20.5887,Cachoeiro do Itapemirim,,-9.3,,-4.4,-7.3,4.4,-0.17,0.03,-0.39,0.24,0.5,0.2,0.1,,-7.6
3201902,ES,3201,Domingos Martins,-40.8507,-20.3075,Vitória,,-3.7,,-4.4,-8.5,3.1,-0.13,0.01,-0.45,0.13,1,0,4.8,,-6.3
3202009,ES,3204,Dores Do Rio Preto,-41.8122,-20.6349,Cachoeiro do Itapemirim,,-9.3,,-4.4,-7.5,5.4,-0.17,0.06,-0.34,0.23,0.3,0.8,-1.5,,-5.1
3202108,ES,3203,Ecoporanga,-40.8066,-18.2654,Colatina,,-6,,-4.4,-3.2,-2.5,-0.06,-0.15,-0.21,-0.06,1.1,9.9,3.5,,-3.9
3202207,ES,3201,Fundão,-40.354,-19.9701,Vitória,,-3.7,,-4.4,-17.4,5.7,-0.22,-0.04,-0.6,0.18,2,5.8,6.7,,
3202256,ES,3203,Governador Lindenberg,-40.5007,-19.2069,Colatina,,-6,,-4.4,-11.8,1.3,-0.13,-0.14,-0.46,0.06,1.2,7.6,1.7,,0.5
3202306,ES,3204,Guaçuí,-41.7043,-20.7644,Cachoeiro do Itapemirim,,-9.3,,-4.4,-7.1,4.5,-0.14,0.01,-0.32,0.18,-0.6,1.3,-1,,-9.4
3202405,ES,3201,Guarapari,-40.5452,-20.5868,Vitória,,-3.7,,-4.4,-14.5,7.5,-0.19,0.03,-0.56,0.26,2.3,3,-3.2,,-2.3
3202454,ES,3204,Ibatiba,-41.5486,-20.2499,Cachoeiro do Itapemirim,,-9.3,,-4.4,-5,0.9,-0.05,-0.14,-0.25,0.04,0.7,0.8,0.3,,-5.6
3202504,ES,3202,Ibiraçu,-40.4208,-19.8325,São Mateus,,7.2,,-4.4,-15.2,4.3,-0.25,-0.03,-0.59,0.14,2.4,2.1,8.3,,6.9
3202553,ES,3204,Ibitirama,-41.6906,-20.489,Cachoeiro do Itapemirim,,-9.3,,-4.4,-5.6,0.5,-0.09,-0.14,-0.32,0.06,1.3,0.8,0.8,,3.2
3202603,ES,3204,Iconha,-40.8572,-20.7556,Cachoeiro do Itapemirim,,-9.3,,-4.4,-10.5,6.9,-0.12,-0.04,-0.45,0.26,1.8,6.8,-3.4,,0.9
3202652,ES,3204,Irupi,-41.6372,-20.3294,Cachoeiro do Itapemirim,,-9.3,,-4.4,-4.8,-0.4,-0.06,-0.17,-0.25,0,0.8,0.6,-1,,-3.7
3202702,ES,3203,Itaguaçu,-40.8635,-19.7258,Colatina,,-6,,-4.4,-9.1,0.3,0.02,-0.15,-0.36,-0.01,0.6,6,-0.7,,-11.6
3202801,ES,3204,Itapemirim,-40.9474,-20.9646,Cachoeiro do Itapemirim,,-9.3,,-4.4,-12.6,8.3,-0.13,-0.04,-0.48,0.27,1.5,12.8,-0.5,,40
3202900,ES,3201,Itarana,-40.89,-19.9474,Vitória,,-3.7,,-4.4,-10.7,2.7,-0.02,-0.09,-0.45,0.09,0,0.9,4.6,,-9.2
3203007,ES,3204,Iúna,-41.6575,-20.3496,Cachoeiro do Itapemirim,,-9.3,,-4.4,-4.8,-0.4,-0.06,-0.17,-0.25,0,0.8,0.6,-1,,-9.4
3203056,ES,3202,Jaguaré,-40.0091,-18.9462,São Mateus,,7.2,,-4.4,-10.7,0.3,-0.1,-0.13,-0.36,0,1,5,4.9,,4.1
3203106,ES,3204,Jerônimo Monteiro,-41.3938,-20.8104,Cachoeiro do Itapemirim,,-9.3,,-4.4,-9.5,8.8,-0.11,0.02,-0.41,0.33,0.3,9.2,0.7,,1.5
3203130,ES,3202,João Neiva,-40.436,-19.7143,São Mateus,,7.2,,-4.4,-14.8,4.1,-0.22,-0.02,-0.57,0.13,2.5,2.4,11,,-0.7
3203163,ES,3201,Laranja Da Terra,-41.0587,-19.8716,Vitória,,-3.7,,-4.4,-8.3,0.7,0,-0.15,-0.34,0.02,2,5.1,5.9,,1.8
3203205,ES,3202,Linhares,-40.0284,-19.3819,São Mateus,,7.2,,-4.4,-15.7,3.6,-0.16,-0.12,-0.51,0.09,1.7,5.1,8.2,,-6.1
3203304,ES,3203,Mantenópolis,-41.0722,-18.8771,Colatina,,-6,,-4.4,-9.3,3.2,-0.1,-0.11,-0.44,0.11,1.2,1.9,1.9,,-3.3
3203320,ES,3204,Marataízes,-40.8884,-21.0974,Cachoeiro do Itapemirim,,-9.3,,-4.4,-13.1,8,-0.1,-0.07,-0.5,0.26,2.2,13.3,0.2,,
3203346,ES,3201,Marechal Floriano,-40.7727,-20.4307,Vitória,,-3.7,,-4.4,-8.9,2.4,-0.17,-0.02,-0.42,0.1,1.2,0.1,-1.6,,-6.2
3203353,ES,3203,Marilândia,-40.5173,-19.4366,Colatina,,-6,,-4.4,-12.6,0.8,-0.15,-0.11,-0.48,0.03,1.5,12.3,6.1,,-0.6
3203403,ES,3204,Mimoso Do Sul,-41.3741,-21.0892,Cachoeiro do Itapemirim,,-9.3,,-4.4,-9,7.9,-0.02,-0.01,-0.37,0.28,1.6,10.3,5.8,,-5.8
3203502,ES,3202,Montanha,-40.2746,-18.1398,São Mateus,,7.2,,-4.4,-6.8,-1.2,-0.08,-0.16,-0.28,-0.03,1.6,9.4,11,,-4.1
3203601,ES,3202,Mucurici,-40.5112,-18.0145,São Mateus,,7.2,,-4.4,-3.6,-1.9,-0.04,-0.16,-0.21,-0.04,0,8.9,5.5,,
3203700,ES,3204,Muniz Freire,-41.4345,-20.4272,Cachoeiro do Itapemirim,,-9.3,,-4.4,-5.2,1,-0.09,-0.12,-0.27,0.05,1.4,3.7,2.5,,-1.5
3203809,ES,3204,Muqui,-41.3454,-20.9378,Cachoeiro do Itapemirim,,-9.3,,-4.4,-9.9,8,-0.07,0.01,-0.4,0.29,0.8,6.4,3.1,,-8.4
3203908,ES,3203,Nova Venécia,-40.5232,-18.6991,Colatina,,-6,,-4.4,-4.2,-3.9,-0.06,-0.17,-0.22,-0.12,0.8,10.6,5.2,,-14.2
3204005,ES,3203,Pancas,-40.8172,-19.1459,Colatina,,-6,,-4.4,-13,2.9,-0.15,-0.14,-0.5,0.09,0.6,3.4,4.1,,0.5
3204054,ES,3202,Pedro Canário,-40.037,-18.1838,São Mateus,,7.2,,-4.4,-8.2,-1.7,-0.11,-0.17,-0.31,-0.05,1.3,8.1,2.7,,-15.6
3204104,ES,3202,Pinheiros,-40.1976,-18.3703,São Mateus,,7.2,,-4.4,-4.6,-2.2,-0.08,-0.15,-0.21,-0.05,1.7,9.7,4.6,,11
3204203,ES,3201,Piúma,-40.7714,-20.836,Vitória,,-3.7,,-4.4,-13.7,8.2,-0.14,-0.06,-0.53,0.28,2.3,12.9,-1.9,,1.2
3204252,ES,3202,Ponto Belo,-40.5146,-18.251,São Mateus,,7.2,,-4.4,-2.5,-3,-0.04,-0.12,-0.17,-0.07,0.7,9.5,3.6,,
3204302,ES,3204,Presidente Kennedy,-41.0724,-21.1435,Cachoeiro do Itapemirim,,-9.3,,-4.4,-10.6,7.5,-0.05,-0.07,-0.4,0.25,2,12.2,4.1,,-3.3
3204351,ES,3202,Rio Bananal,-40.308,-19.2312,São Mateus,,7.2,,-4.4,-12.5,1.2,-0.12,-0.15,-0.47,0.02,1.1,9.2,4.5,,-11.8
3204401,ES,3204,Rio Novo Do Sul,-40.9188,-20.817,Cachoeiro do Itapemirim,,-9.3,,-4.4,-10.7,7.8,-0.11,-0.02,-0.46,0.29,0.8,10.8,-0.6,,-4.2
3204500,ES,3201,Santa Leopoldina,-40.5393,-20.1235,Vitória,,-3.7,,-4.4,-13.6,5.6,-0.18,-0.03,-0.5,0.17,1.6,0.1,2.3,,-8.8
3204559,ES,3201,Santa Maria De Jetibá,-40.8038,-20.086,Vitória,,-3.7,,-4.4,-9.8,2.1,0,-0.12,-0.43,0.07,1.4,0,1.3,,-0.3
3204609,ES,3201,Santa Teresa,-40.6384,-19.8795,Vitória,,-3.7,,-4.4,-11.1,3,-0.07,-0.07,-0.5,0.11,0.7,4.1,4.3,,-9.9
3204658,ES,3203,São Domingos Do Norte,-40.5661,-19.121,Colatina,,-6,,-4.4,-12,1.9,-0.13,-0.12,-0.47,0.08,1.1,11,6.3,,8.8
3204708,ES,3203,São Gabriel Da Palha,-40.5067,-18.9535,Colatina,,-6,,-4.4,-9.6,0.7,-0.1,-0.11,-0.38,0.02,1.1,10.6,4.2,,15.2
3204807,ES,3204,São José Do Calçado,-41.6561,-20.9849,Cachoeiro do Itapemirim,,-9.3,,-4.4,-6.9,4,-0.08,-0.03,-0.29,0.15,-0.1,4.3,0.9,,-8
3204906,ES,3202,São Mateus,-40.0208,-18.7499,São Mateus,,7.2,,-4.4,-10.5,1,-0.11,-0.1,-0.38,0.04,1.3,5,4.4,,-4.4
3204955,ES,3203,São Roque Do Canaã,-40.6764,-19.7187,Colatina,,-6,,-4.4,-10.4,2,-0.07,-0.1,-0.45,0.06,0.3,8.6,10.2,,-1
3205002,ES,3201,Serra,-40.3015,-20.1278,Vitória,,-3.7,,-4.4,-15,7.3,-0.2,0.02,-0.57,0.23,3.1,4,6.1,,
3205010,ES,3202,Sooretama,-40.1467,-19.0716,São Mateus,,7.2,,-4.4,-11.5,0.4,-0.1,-0.15,-0.4,0,0.7,6,7,,-5.2
3205036,ES,3204,Vargem Alta,-41.0036,-20.6477,Cachoeiro do Itapemirim,,-9.3,,-4.4,-7.1,4.8,-0.08,-0.01,-0.35,0.21,0.9,1.2,-4.1,,-8.1
3205069,ES,3201,Venda Nova Do Imigrante,-41.1421,-20.3691,Vitória,,-3.7,,-4.4,-8.7,5.4,-0.17,0.04,-0.47,0.26,-0.2,0.9,5.1,,0.2
3205101,ES,3201,Viana,-40.5137,-20.4004,Vitória,,-3.7,,-4.4,-13.1,5.5,-0.18,0.02,-0.51,0.18,2.5,6.5,0.5,,
3205150,ES,3203,Vila Pavão,-40.6272,-18.6149,Colatina,,-6,,-4.4,-4.7,-3,-0.06,-0.14,-0.24,-0.09,0.6,10.4,2.3,,-7.3
3205176,ES,3203,Vila Valério,-40.3302,-18.9656,Colatina,,-6,,-4.4,-11.2,-0.6,-0.14,-0.13,-0.43,-0.01,1,10.3,8.3,,-0.6
3205200,ES,3201,Vila Velha,-40.3799,-20.437,Vitória,,-3.7,,-4.4,-15.4,8.4,-0.2,0.06,-0.56,0.26,2.7,7.2,1,,0.2
3205309,ES,3201,Vitória,-39.3803,-20.3238,Vitória,,-3.7,,-4.4,-8.9,1.8,-0.09,-0.26,-0.35,0.03,3,3.6,5.6,,
3300100,RJ,3301,Angra Dos Reis,-44.3532,-22.9873,Rio de Janeiro,,0.4,,-3.4,1,6,0.07,0.21,0.04,0.29,-0.3,0.5,-2.5,,
3300159,RJ,3304,Aperibé,-42.1364,-21.6517,Campos dos Goytacazes,,6.2,,-3.4,-6.6,6.8,-0.1,0.21,-0.39,0.37,-0.1,5,-0.8,,13.3
3300209,RJ,3305,Araruama,-42.2924,-22.7548,Macaé - Rio das Ostras - Cabo Frio,,-8.7,,-3.4,-4,6.4,0.07,0.09,-0.2,0.29,0.6,3.4,-3,,
3300225,RJ,3303,Areal,-43.1229,-22.235,Petrópolis,,0,,-3.4,-1,5,0.08,0.15,-0.11,0.25,-0.7,1.4,-2.1,,
3300233,RJ,3305,Armação Dos Búzios,-41.9453,-22.7766,Macaé - Rio das Ostras - Cabo Frio,,-8.7,,-3.4,-3.2,4.7,0.07,0.03,-0.2,0.24,1.4,1.4,-2.6,,
3300258,RJ,3305,Arraial Do Cabo,-42.1573,-22.9272,Macaé - Rio das Ostras - Cabo Frio,,-8.7,,-3.4,-3.1,5.4,0.12,0.06,-0.17,0.25,1.2,4.3,0.2,,
3300308,RJ,3302,Barra Do Piraí,-43.9142,-22.4276,Volta Redonda - Barra Mansa,,-1.5,,-3.4,-0.5,1.9,0,0.1,-0.04,0.11,-0.4,3.7,-2,,0.3
3300407,RJ,3302,Barra Mansa,-44.1877,-22.5062,Volta Redonda - Barra Mansa,,-1.5,,-3.4,-0.8,1.5,-0.04,0.1,-0.06,0.07,0,2.6,1.8,,4
3300456,RJ,3301,Belford Roxo,-43.3763,-22.7308,Rio de Janeiro,,0.4,,-3.4,2.9,-0.8,0.33,-0.11,0.07,-0.01,0.3,8.5,1,,
3300506,RJ,3303,Bom Jardim,-42.374,-22.2002,Petrópolis,,0,,-3.4,-0.3,-1.4,0.05,-0.05,-0.07,-0.03,-0.5,0.2,-2.3,,-0.2
3300605,RJ,3304,Bom Jesus Do Itabapoana,-41.6811,-21.1255,Campos dos Goytacazes,,6.2,,-3.4,-4.3,2.6,0.07,-0.1,-0.2,0.09,0.2,8.4,2.7,,5.7
3300704,RJ,3305,Cabo Frio,-42.0538,-22.7142,Macaé - Rio das Ostras - Cabo Frio,,-8.7,,-3.4,-4.3,5.1,0.05,0.02,-0.24,0.25,1,2.2,-3.5,,
3300803,RJ,3301,Cachoeiras De Macacu,-42.7281,-22.517,Rio de Janeiro,,0.4,,-3.4,-2.6,5.5,0.02,0.2,-0.16,0.27,1.5,7.5,-1.9,,
3300902,RJ,3304,Cambuci,-41.9153,-21.4963,Campos dos Goytacazes,,6.2,,-3.4,-6.8,8.1,-0.05,0.18,-0.34,0.37,-0.6,6.1,-4.4,,0.9
3300936,RJ,3305,Carapebus,-41.6515,-22.197,Macaé - Rio das Ostras - Cabo Frio,,-8.7,,-3.4,-5.3,4.8,0.09,0.04,-0.28,0.22,1.3,6.5,-6.6,,-0.6
3300951,RJ,3303,Comendador Levy Gasparian,-43.2586,-22.0459,Petrópolis,,0,,-3.4,0.1,-0.1,0.02,0,-0.04,0.03,-0.3,3.3,-0.9,,
3301009,RJ,3304,Campos Dos Goytacazes,-41.4056,-21.7457,Campos dos Goytacazes,,6.2,,-3.4,-8.7,7.8,0.02,0.01,-0.39,0.3,0.1,9.9,7.6,,
3301108,RJ,3303,Cantagalo,-42.3343,-21.8674,Petrópolis,,0,,-3.4,-6.1,5.2,-0.09,0.14,-0.36,0.29,0.3,3.6,0.6,,3.1
3301157,RJ,3304,Cardoso Moreira,-41.5005,-21.5274,Campos dos Goytacazes,,6.2,,-3.4,-8.1,8.3,0.01,0.02,-0.37,0.32,-0.5,7.9,5.2,,
3301207,RJ,3303,Carmo,-42.5689,-21.9005,Petrópolis,,0,,-3.4,-5.5,3.4,-0.06,0.07,-0.35,0.24,-0.6,7.2,-0.3,,
3301306,RJ,3305,Casimiro De Abreu,-42.1426,-22.4831,Macaé - Rio das Ostras - Cabo Frio,,-8.7,,-3.4,-3.4,5.4,0.06,0.04,-0.19,0.25,0.9,3.5,-3.2,,1.6
3301405,RJ,3305,Conceição De Macabu,-41.8483,-22.1361,Macaé - Rio das Ostras - Cabo Frio,,-8.7,,-3.4,-3.6,4.5,0.1,0.05,-0.22,0.23,1.9,4.5,-0.6,,
3301504,RJ,3303,Cordeiro,-42.3417,-22.057,Petrópolis,,0,,-3.4,-0.2,-1,0.12,-0.07,-0.06,-0.02,-1.2,2.4,-4.4,,11.7
3301603,RJ,3303,Duas Barras,-42.4976,-22.0565,Petrópolis,,0,,-3.4,-0.4,-0.4,0.1,-0.05,-0.06,0.01,-0.3,1.2,-5.3,,-0.7
3301702,RJ,3301,Duque De Caxias,-43.2987,-22.6325,Rio de Janeiro,,0.4,,-3.4,6.5,-4.7,0.48,-0.27,0.27,-0.17,0.6,8,0.5,,
3301801,RJ,3302,Engenheiro Paulo De Frontin,-43.637,-22.5213,Volta Redonda - Barra Mansa,,-1.5,,-3.4,1.5,0,0.19,-0.03,0.02,0.03,-0.5,4.2,-1.1,,
3301850,RJ,3301,Guapimirim,-42.965,-22.5838,Rio de Janeiro,,0.4,,-3.4,3.4,-3.5,0.18,-0.07,0.12,-0.12,1.7,8.2,-3.5,,
3301876,RJ,3305,Iguaba Grande,-42.2178,-22.8305,Macaé - Rio das Ostras - Cabo Frio,,-8.7,,-3.4,-3.1,5.4,0.12,0.06,-0.17,0.25,1.2,4.3,0.2,,
3301900,RJ,3301,Itaboraí,-42.8537,-22.7505,Rio de Janeiro,,0.4,,-3.4,2.8,2.9,0.3,0.04,0.07,0.17,1.3,6.2,-0.9,,0
3302007,RJ,3301,Itaguaí,-43.8158,-22.8535,Rio de Janeiro,,0.4,,-3.4,8.4,-5.7,0.3,-0.2,0.35,-0.26,0.2,4.2,2.2,,
3302056,RJ,3304,Italva,-41.6541,-21.4261,Campos dos Goytacazes,,6.2,,-3.4,-5.8,6.7,0.03,0.05,-0.28,0.27,-0.8,7.9,2.5,,-0.1
3302106,RJ,3304,Itaocara,-42.0805,-21.7277,Campos dos Goytacazes,,6.2,,-3.4,-6.4,6,-0.09,0.18,-0.36,0.32,0,5.7,-4.2,,0
3302205,RJ,3304,Itaperuna,-41.8974,-21.2243,Campos dos Goytacazes,,6.2,,-3.4,-5.4,3.6,0.04,-0.04,-0.25,0.14,0.3,8,4.4,,-3
3302254,RJ,3302,Itatiaia,-44.5879,-22.4408,Volta Redonda - Barra Mansa,,-1.5,,-3.4,-1.8,1.4,0.09,0.05,-0.12,0.09,-0.2,0.9,-0.9,,
3302270,RJ,3301,Japeri,-43.6042,-22.6621,Rio de Janeiro,,0.4,,-3.4,5.4,-7.4,0.23,-0.21,0.12,-0.2,-0.3,7.4,0.1,,
3302304,RJ,3304,Laje Do Muriaé,-42.1369,-21.2496,Campos dos Goytacazes,,6.2,,-3.4,-8.5,7.2,-0.08,0.1,-0.38,0.31,-0.2,5.2,-1,,
3302403,RJ,3305,Macaé,-41.9766,-22.2969,Macaé - Rio das Ostras - Cabo Frio,,-8.7,,-3.4,-2.6,3.4,0.14,0.04,-0.18,0.19,0.7,5.5,0.7,,-10.7
3302452,RJ,3303,Macuco,-42.2749,-22.023,Petrópolis,,0,,-3.4,-0.9,0.4,0.13,-0.03,-0.11,0.06,-0.8,2.6,-3.5,,
3302502,RJ,3301,Magé,-43.1151,-22.6163,Rio de Janeiro,,0.4,,-3.4,7.1,-7.4,0.45,-0.31,0.29,-0.26,1.2,8.3,-0.4,,0.9
3302601,RJ,3301,Mangaratiba,-44.0407,-22.9555,Rio de Janeiro,,0.4,,-3.4,4,-2.8,0.08,0,0.19,-0.15,-0.5,0,-1.7,,
3302700,RJ,3301,Maricá,-42.8122,-22.9144,Rio de Janeiro,,0.4,,-3.4,3.9,-0.1,0.28,0.01,0.07,0.09,0.9,4.6,5.8,,
3302809,RJ,3302,Mendes,-43.7398,-22.5228,Volta Redonda - Barra Mansa,,-1.5,,-3.4,1.6,-0.8,0.21,-0.06,0.04,-0.02,-0.7,3.3,1.5,,
3302858,RJ,3301,Mesquita,-43.4503,-22.8007,Rio de Janeiro,,0.4,,-3.4,5.6,-2.7,0.36,-0.11,0.17,-0.06,0.6,8.3,-2.5,,
3302908,RJ,3302,Miguel Pereira,-43.4693,-22.5071,Volta Redonda - Barra Mansa,,-1.5,,-3.4,3.5,-2.2,0.3,-0.12,0.13,-0.07,0,1.4,1.7,,
3303005,RJ,3304,Miracema,-42.1506,-21.3968,Campos dos Goytacazes,,6.2,,-3.4,-8.5,7,-0.12,0.13,-0.36,0.3,-0.9,6.1,-5.5,,-1.5
3303104,RJ,3304,Natividade,-41.9323,-21.0407,Campos dos Goytacazes,,6.2,,-3.4,-9,5.4,-0.09,0.01,-0.37,0.21,-0.3,7.3,0.9,,21.7
3303203,RJ,3301,Nilópolis,-43.4291,-22.8216,Rio de Janeiro,,0.4,,-3.4,8.7,-6,0.44,-0.25,0.27,-0.19,0.2,9.5,-5.5,,
3303302,RJ,3301,Niterói,-43.0555,-22.9159,Rio de Janeiro,,0.4,,-3.4,7.1,-2.6,0.41,-0.11,0.19,0,1.8,7,4.8,,
3303401,RJ,3303,Nova Friburgo,-42.5014,-22.3207,Petrópolis,,0,,-3.4,-0.6,0.7,0.09,-0.05,-0.09,0.05,1.1,0,-2.4,,
3303500,RJ,3301,Nova Iguaçu,-43.5025,-22.6891,Rio de Janeiro,,0.4,,-3.4,6.1,-7.8,0.34,-0.24,0.16,-0.24,0.2,7.8,-0.2,,
3303609,RJ,3301,Paracambi,-43.7298,-22.6226,Rio de Janeiro,,0.4,,-3.4,4.4,-4.1,0.24,-0.16,0.13,-0.14,-0.5,7.1,1,,
3303708,RJ,3303,Paraíba Do Sul,-43.3058,-22.1848,Petrópolis,,0,,-3.4,-2.7,4.3,-0.04,0.12,-0.12,0.17,0.2,3.7,0.1,,1.3
3303807,RJ,3301,Paraty,-44.7055,-23.1492,Rio de Janeiro,,0.4,,-3.4,-2.2,6.5,-0.05,0.22,-0.14,0.33,-0.3,0.2,-1.1,,
3303856,RJ,3302,Paty Do Alferes,-43.4037,-22.3659,Volta Redonda - Barra Mansa,,-1.5,,-3.4,-1.6,3.3,0.12,0.08,-0.12,0.21,0.6,2.2,-2.2,,45.9
3303906,RJ,3303,Petrópolis,-43.1575,-22.4001,Petrópolis,,0,,-3.4,1,0.6,0.24,-0.04,-0.01,0.06,0.2,0.3,-4.6,,
3303955,RJ,3302,Pinheiral,-43.9984,-22.544,Volta Redonda - Barra Mansa,,-1.5,,-3.4,2.1,-2.1,0.1,-0.04,0.07,-0.07,-0.7,3.8,-5.3,,
3304003,RJ,3302,Piraí,-43.9043,-22.6326,Volta Redonda - Barra Mansa,,-1.5,,-3.4,7.1,-8.1,0.2,-0.16,0.22,-0.28,-0.8,4.1,4.8,,
3304102,RJ,3304,Porciúncula,-41.9668,-20.9054,Campos dos Goytacazes,,6.2,,-3.4,-9.9,8.3,-0.19,0.13,-0.42,0.34,-0.5,4.2,1.5,,4.1
3304110,RJ,3302,Porto Real,-44.329,-22.4399,Volta Redonda - Barra Mansa,,-1.5,,-3.4,0.5,-0.3,0.03,0.01,-0.03,-0.04,-0.1,2.7,-0.8,,-2.9
3304128,RJ,3302,Quatis,-44.2374,-22.3561,Volta Redonda - Barra Mansa,,-1.5,,-3.4,-0.8,1.7,-0.05,0.11,-0.1,0.11,-0.2,1,1,,-0.4
3304144,RJ,3301,Queimados,-43.5828,-22.7202,Rio de Janeiro,,0.4,,-3.4,8.7,-5.2,0.44,-0.23,0.27,-0.17,0.4,8.3,1.1,,
3304151,RJ,3305,Quissamã,-41.4417,-22.1052,Macaé - Rio das Ostras - Cabo Frio,,-8.7,,-3.4,-6.8,6.4,0.03,0.04,-0.31,0.24,-0.1,7.6,-2.8,,-2.4
3304201,RJ,3302,Resende,-44.489,-22.4409,Volta Redonda - Barra Mansa,,-1.5,,-3.4,-2.3,1.8,0.02,0.06,-0.21,0.09,0,3,-0.4,,
3304300,RJ,3301,Rio Bonito,-42.5899,-22.7369,Rio de Janeiro,,0.4,,-3.4,-0.2,3.3,0.19,0.03,-0.05,0.18,1.5,3.8,-0.5,,6.2
3304409,RJ,3302,Rio Claro,-44.0794,-22.7826,Volta Redonda - Barra Mansa,,-1.5,,-3.4,7.2,-7.5,0.18,-0.16,0.25,-0.27,0.2,1.1,-0.8,,3.6
3304508,RJ,3302,Rio Das Flores,-43.5389,-22.1592,Volta Redonda - Barra Mansa,,-1.5,,-3.4,-2.1,4.3,0.04,0.12,-0.14,0.24,-1.4,1.5,-1.3,,
3304524,RJ,3305,Rio Das Ostras,-41.9451,-22.4552,Macaé - Rio das Ostras - Cabo Frio,,-8.7,,-3.4,-2.9,3.5,0.07,0.01,-0.17,0.16,1.5,4.1,-1.2,,-1.5
3304557,RJ,3301,Rio De Janeiro,-43.45,-22.9248,Rio de Janeiro,,0.4,,-3.4,6.8,-5.3,0.4,-0.25,0.21,-0.18,0.5,6.1,0.9,,
3304607,RJ,3303,Santa Maria Madalena,-41.9105,-21.9687,Petrópolis,,0,,-3.4,-3.7,4.3,0.04,0.1,-0.26,0.24,0.1,0.9,-2.7,,0.8
3304706,RJ,3304,Santo Antônio De Pádua,-42.1953,-21.5586,Campos dos Goytacazes,,6.2,,-3.4,-7,8.5,-0.09,0.24,-0.35,0.4,0.4,4,-1.9,,0.7
3304755,RJ,3304,São Francisco De Itabapoana,-41.1344,-21.4197,Campos dos Goytacazes,,6.2,,-3.4,-9.6,7.8,0.04,-0.07,-0.36,0.23,0.8,11.1,4.7,,
3304805,RJ,3304,São Fidélis,-41.7856,-21.6591,Campos dos Goytacazes,,6.2,,-3.4,-5.8,6.4,-0.03,0.12,-0.31,0.29,0.5,6.2,3.7,,
3304904,RJ,3301,São Gonçalo,-42.9948,-22.826,Rio de Janeiro,,0.4,,-3.4,3.7,0.1,0.3,-0.02,0.07,0.08,1.3,5.9,4.3,,
3305000,RJ,3304,São João Da Barra,-41.0809,-21.7814,Campos dos Goytacazes,,6.2,,-3.4,-12.2,10.2,0,0,-0.43,0.29,1.9,9.7,8.6,,
3305109,RJ,3301,São João De Meriti,-43.3649,-22.7861,Rio de Janeiro,,0.4,,-3.4,2.9,-0.8,0.33,-0.11,0.07,-0.01,0.3,8.5,1,,
3305133,RJ,3304,São José De Ubá,-41.9484,-21.3694,Campos dos Goytacazes,,6.2,,-3.4,-6.1,6.1,0,0.07,-0.3,0.28,-1,6.6,-1,,1.4
3305158,RJ,3303,São José Do Vale Do Rio Preto,-42.9308,-22.1707,Petrópolis,,0,,-3.4,-0.9,4.4,0.11,0.11,-0.1,0.26,0.3,0.6,-2.7,,
3305208,RJ,3305,São Pedro Da Aldeia,-42.1245,-22.7861,Macaé - Rio das Ostras - Cabo Frio,,-8.7,,-3.4,-4.7,6.6,0.03,0.11,-0.24,0.3,0.5,3.5,-2,,8.6
3305307,RJ,3303,São Sebastião Do Alto,-42.1039,-21.8865,Petrópolis,,0,,-3.4,-4.3,3.5,-0.02,0.12,-0.26,0.19,0.3,5.9,-1,,
3305406,RJ,3303,Sapucaia,-42.8235,-22.0219,Petrópolis,,0,,-3.4,-0.7,4.1,0.1,0.1,-0.07,0.24,0.4,1.1,-1.8,,
3305505,RJ,3301,Saquarema,-42.5175,-22.8795,Rio de Janeiro,,0.4,,-3.4,0.7,4.2,0.2,0.08,-0.03,0.19,1.2,4.3,0,,
3305554,RJ,3301,Seropédica,-43.7015,-22.7576,Rio de Janeiro,,0.4,,-3.4,6.5,-9.2,0.22,-0.23,0.17,-0.28,0,7.4,-5.6,,
3305604,RJ,3301,Silva Jardim,-42.4128,-22.5681,Rio de Janeiro,,0.4,,-3.4,-1.6,1.2,0.09,-0.06,-0.15,0.1,1.7,5,-3,,1
3305703,RJ,3303,Sumidouro,-42.6667,-22.1146,Petrópolis,,0,,-3.4,0.6,2.7,0.18,0.06,-0.02,0.18,0.5,0.1,-6.3,,
3305752,RJ,3301,Tanguá,-42.7251,-22.7802,Rio de Janeiro,,0.4,,-3.4,2.9,3,0.32,0.04,0.07,0.17,1.6,4.9,-1.3,,
3305802,RJ,3303,Teresópolis,-42.8747,-22.3153,Petrópolis,,0,,-3.4,-1.5,2.3,-0.05,0.13,-0.14,0.17,1.8,0.1,-1.6,,
3305901,RJ,3303,Trajano De Moraes,-42.1555,-22.1294,Petrópolis,,0,,-3.4,-1.7,1.5,0.09,0.05,-0.14,0.11,0,0.2,1.6,,86.7
3306008,RJ,3303,Três Rios,-43.1135,-22.1249,Petrópolis,,0,,-3.4,-0.6,3.6,0.08,0.09,-0.09,0.2,-0.2,4.6,4.6,,
3306107,RJ,3302,Valença,-43.8585,-22.2349,Volta Redonda - Barra Mansa,,-1.5,,-3.4,-3.6,4.9,0.03,0.11,-0.22,0.26,-0.5,2,-1.7,,
3306156,RJ,3304,Varre-Sai,-41.8245,-20.889,Campos dos Goytacazes,,6.2,,-3.4,-6.4,4.8,-0.13,0.04,-0.28,0.18,-0.1,1.7,-3.6,,9
3306206,RJ,3302,Vassouras,-43.5787,-22.3657,Volta Redonda - Barra Mansa,,-1.5,,-3.4,-2.1,3.7,0.11,0.06,-0.14,0.22,-1.4,2.7,-4.3,,
3306305,RJ,3302,Volta Redonda,-44.0861,-22.4907,Volta Redonda - Barra Mansa,,-1.5,,-3.4,-1.2,3.7,-0.03,0.13,-0.09,0.19,-0.5,4,-2.6,,-0.5
3500105,SP,3505,Adamantina,-51.0575,-21.5761,Presidente Prudente,-5.8,-2.6,-4,-2.3,8.2,-0.7,0.18,0.15,0.42,-0.03,0.6,0.1,-1.1,-13.8,-2.5
3500204,SP,3507,Adolfo,-49.6546,-21.2878,São José do Rio Preto,-3.1,-7.4,-4,-2.3,4.1,-4.7,0.11,-0.12,0.28,-0.23,0.9,1.3,-6.9,8.1,-10.3
3500303,SP,3510,Aguaí,-47.0383,-22.0505,Campinas,-2,-1.6,-4,-2.3,2.6,0.2,0.09,0.06,0.15,0.03,0.7,1.8,-3.4,2.4,0.9
3500402,SP,3510,Águas Da Prata,-46.6931,-21.9097,Campinas,-2,-1.6,-4,-2.3,3.4,-2.1,0.11,-0.04,0.19,-0.12,0.8,0,2.2,,2.4
3500501,SP,3510,Águas De Lindóia,-46.6025,-22.4748,Campinas,-2,-1.6,-4,-2.3,5.8,-4.8,0.33,-0.17,0.3,-0.24,-0.1,0.6,-1.7,,-0.5
3500550,SP,3502,Águas De Santa Bárbara,-49.2618,-22.856,Sorocaba,-2.6,-2.2,-4,-2.3,7.2,-4.6,0.14,-0.09,0.4,-0.25,-0.3,1.9,1.1,-7.2,-7.1
3500600,SP,3510,Águas De São Pedro,-47.8761,-22.5999,Campinas,-2,-1.6,-4,-2.3,7.3,-3.2,0.3,-0.08,0.39,-0.16,-0.1,2.3,-2.4,,
3500709,SP,3503,Agudos,-49.1082,-22.5721,Bauru,-2,-2.4,-4,-2.3,8.5,-4.2,0.25,-0.1,0.45,-0.19,-0.2,2,0.9,,1.8
3500758,SP,3502,Alambari,-47.8695,-23.548,Sorocaba,-2.6,-2.2,-4,-2.3,10.9,-4.2,0.32,-0.17,0.55,-0.21,-0.4,1.3,-2.8,,-0.2
3500808,SP,3505,Alfredo Marcondes,-51.3957,-21.9342,Presidente Prudente,-5.8,-2.6,-4,-2.3,7.6,-0.3,0.13,0.18,0.43,-0.02,-0.3,1.3,0.3,,-3.8
3500907,SP,3507,Altair,-49.0935,-20.5341,São José do Rio Preto,-3.1,-7.4,-4,-2.3,2.9,-1.7,0.22,-0.08,0.21,-0.09,0.7,2.6,0.7,-5.7,-2.3
3501004,SP,3508,Altinópolis,-47.3843,-21.0186,Ribeirão Preto,-2.9,0.4,-4,-2.3,4.7,-2.4,0.15,-0.03,0.23,-0.12,1.2,1.5,0.8,1,1.1
3501103,SP,3506,Alto Alegre,-50.1927,-21.612,Araçatuba,-5.9,-4.6,-4,-2.3,5.2,-0.2,0.17,0.06,0.29,0.02,0.1,0.3,-1.1,,4.2
3501152,SP,3502,Alumínio,-47.279,-23.5339,Sorocaba,-2.6,-2.2,-4,-2.3,12.3,-5.6,0.65,-0.38,0.63,-0.28,-0.6,0.5,-2,,-2.7
3501202,SP,3507,Álvares Florence,-49.9238,-20.2871,São José do Rio Preto,-3.1,-7.4,-4,-2.3,5.3,-0.7,0.29,0.01,0.34,-0.06,-0.2,3.1,-6.1,-8.6,-6.1
3501301,SP,3505,Álvares Machado,-51.5134,-22.1319,Presidente Prudente,-5.8,-2.6,-4,-2.3,6.2,-0.7,0.04,0.15,0.39,-0.05,0.6,0.9,0.8,,-8
3501400,SP,3504,Álvaro De Carvalho,-49.735,-22.088,Marília,-9.1,-3.4,-4,-2.3,5.4,-3.1,0.22,-0.12,0.32,-0.17,-0.5,0.9,1.2,,-1
3501509,SP,3504,Alvinlândia,-49.7601,-22.4564,Marília,-9.1,-3.4,-4,-2.3,4.8,0.2,0.09,0.17,0.26,0.02,-0.3,1.9,-0.6,-11.7,3.8
3501608,SP,3510,Americana,-47.2897,-22.7229,Campinas,-2,-1.6,-4,-2.3,6.8,-2.8,0.24,-0.06,0.35,-0.15,0.3,2.2,-4.7,,
3501707,SP,3509,Américo Brasiliense,-48.0247,-21.7236,Araraquara,-2.3,-0.8,-4,-2.3,5.8,-5.5,0.23,-0.15,0.29,-0.27,0.4,1.4,-1.6,-1.1,-0.6
3501806,SP,3507,Américo De Campos,-49.7672,-20.2896,São José do Rio Preto,-3.1,-7.4,-4,-2.3,5.3,-2.4,0.31,-0.08,0.37,-0.15,0,3.1,-7.6,0.8,-12
3501905,SP,3510,Amparo,-46.7994,-22.6997,Campinas,-2,-1.6,-4,-2.3,3.7,1.5,0.17,0.15,0.18,0.1,0.1,0.4,-1.9,,-4.6
3502002,SP,3510,Analândia,-47.6782,-22.1205,Campinas,-2,-1.6,-4,-2.3,3.9,-2.9,0.23,-0.09,0.27,-0.16,0.4,1.2,-0.8,-0.8,-4.6
3502101,SP,3506,Andradina,-51.3306,-20.8358,Araçatuba,-5.9,-4.6,-4,-2.3,1.6,0.6,0.05,0.11,0.12,0,-0.4,0.6,-4.8,-8.5,93.9
3502200,SP,3502,Angatuba,-48.4595,-23.4368,Sorocaba,-2.6,-2.2,-4,-2.3,3.8,-1.5,0,-0.1,0.24,-0.11,0,0.9,-3.1,-3.2,-5.7
3502309,SP,3503,Anhembi,-48.1752,-22.8019,Bauru,-2,-2.4,-4,-2.3,6.5,-1.5,0.25,-0.03,0.34,-0.08,0.3,2.5,-5.2,,-2.8
3502408,SP,3505,Anhumas,-51.4285,-22.3612,Presidente Prudente,-5.8,-2.6,-4,-2.3,6.4,-2.4,0.06,0.05,0.41,-0.13,0.7,1.4,1.2,-1.3,0.1
3502507,SP,3511,Aparecida,-45.2364,-22.9162,São José dos Campos,6.6,-1.1,-4,-2.3,3.1,2.4,0.17,0.12,0.17,0.13,0.3,0.1,0.2,,
3502606,SP,3507,Aparecida D'oeste,-50.9227,-20.4788,São José do Rio Preto,-3.1,-7.4,-4,-2.3,5.7,-0.9,0.25,0.08,0.32,-0.06,-0.1,2.4,-3.6,,-6.1
3502705,SP,3502,Apiaí,-48.8174,-24.42,Sorocaba,-2.6,-2.2,-4,-2.3,5,-1.4,0.25,-0.08,0.27,0,-0.8,0,1,,-0.4
3502754,SP,3502,Araçariguama,-47.0713,-23.4338,Sorocaba,-2.6,-2.2,-4,-2.3,12,-7.2,0.52,-0.39,0.58,-0.34,0.2,0.5,0.4,,9.2
3502804,SP,3506,Araçatuba,-50.5754,-21.113,Araçatuba,-5.9,-4.6,-4,-2.3,2.1,2.7,0.16,0.16,0.19,0.12,0.1,1.3,-3.2,-3.1,-12.5
3502903,SP,3502,Araçoiaba Da Serra,-47.6518,-23.5449,Sorocaba,-2.6,-2.2,-4,-2.3,10.3,-3.4,0.36,-0.21,0.53,-0.17,-0.8,1.5,-4.8,,0.7
3503000,SP,3508,Aramina,-47.8219,-20.1454,Ribeirão Preto,-2.9,0.4,-4,-2.3,11,-9.5,0.51,-0.31,0.53,-0.47,1.8,2.2,1.5,-4.3,4.2
3503109,SP,3502,Arandu,-49.0643,-23.1771,Sorocaba,-2.6,-2.2,-4,-2.3,6.9,-3.6,0.03,-0.03,0.36,-0.19,-0.2,1.6,-4.7,-2.2,-6.5
3503158,SP,3511,Arapeí,-44.4387,-22.6735,São José dos Campos,6.6,-1.1,-4,-2.3,0.3,1,0.07,0.1,-0.03,0.07,0.4,0.4,1.4,,2.4
3503208,SP,3509,Araraquara,-48.1819,-21.7914,Araraquara,-2.3,-0.8,-4,-2.3,4.2,-3.5,0.2,-0.11,0.21,-0.15,0.2,1.4,-5.4,8.1,-14.5
3503307,SP,3510,Araras,-47.3263,-22.3461,Campinas,-2,-1.6,-4,-2.3,5.5,-2.8,0.23,0.01,0.28,-0.14,-0.1,1,-3.5,2.8,-1.2
3503356,SP,3504,Arco-Íris,-50.4312,-21.7653,Marília,-9.1,-3.4,-4,-2.3,4.8,1.2,0.12,0.24,0.25,0.14,-0.1,2.3,-2.1,,-5.3
3503406,SP,3503,Arealva,-48.9833,-22.0745,Bauru,-2,-2.4,-4,-2.3,2.4,-0.8,0.13,-0.04,0.15,-0.05,0.1,3,-2.3,-6.1,-0.2
3503505,SP,3511,Areias,-44.7112,-22.6764,São José dos Campos,6.6,-1.1,-4,-2.3,0.8,3.4,0.09,0.21,0.05,0.19,0.2,0.6,0.4,,1.4
3503604,SP,3503,Areiópolis,-48.6522,-22.6366,Bauru,-2,-2.4,-4,-2.3,1,-0.8,0.01,-0.02,0.08,-0.06,0,2.2,-0.6,,-2.3
3503703,SP,3507,Ariranha,-48.7789,-21.1857,São José do Rio Preto,-3.1,-7.4,-4,-2.3,3.2,-4.5,0.15,-0.16,0.21,-0.25,-0.1,2.9,-3.1,,5.6
3503802,SP,3510,Artur Nogueira,-47.1338,-22.5603,Campinas,-2,-1.6,-4,-2.3,3.8,-2.5,0.16,-0.03,0.22,-0.15,0.6,1.2,-6.7,1,3.2
3503901,SP,3501,Arujá,-46.3203,-23.3858,São Paulo,,0.3,-4,-2.3,7.7,-2.3,0.31,-0.02,0.4,-0.09,-0.5,0.6,-2.4,,
3503950,SP,3507,Aspásia,-50.7292,-20.1838,São José do Rio Preto,-3.1,-7.4,-4,-2.3,5,-0.7,0.22,0.09,0.26,-0.05,-0.4,2.7,-3,,3
3504008,SP,3504,Assis,-50.4206,-22.6025,Marília,-9.1,-3.4,-4,-2.3,6.9,-1.6,0.2,0.08,0.42,-0.09,-0.4,2.7,-1.8,-13.1,-5.1
3504107,SP,3510,Atibaia,-46.5872,-23.1222,Campinas,-2,-1.6,-4,-2.3,6.3,-3.4,0.33,-0.08,0.33,-0.19,-0.3,0.4,-4.4,,-2.5
3504206,SP,3506,Auriflama,-50.5809,-20.645,Araçatuba,-5.9,-4.6,-4,-2.3,2,0.4,0.1,0.08,0.16,0,0.6,2.6,-3.9,-5,-1.4
3504305,SP,3503,Avaí,-49.3174,-22.1875,Bauru,-2,-2.4,-4,-2.3,3.7,-0.4,0.14,-0.05,0.27,-0.04,-0.6,2.3,1.6,,-1.8
3504404,SP,3506,Avanhandava,-49.9463,-21.4577,Araçatuba,-5.9,-4.6,-4,-2.3,6.2,-1.2,0.28,0.07,0.37,-0.05,0.5,-0.4,-5.3,-8.5,-2.8
3504503,SP,3502,Avaré,-48.8925,-23.0753,Sorocaba,-2.6,-2.2,-4,-2.3,4.6,-0.1,-0.01,0.08,0.25,-0.01,-0.2,1.2,-3.3,0.7,-6
3504602,SP,3507,Bady Bassitt,-49.4386,-20.9333,São José do Rio Preto,-3.1,-7.4,-4,-2.3,3.2,-2.5,0.11,-0.15,0.17,-0.13,0.2,2.2,-1.2,-1.2,-5.8
3504701,SP,3503,Balbinos,-49.3354,-21.8937,Bauru,-2,-2.4,-4,-2.3,4.8,-2.4,0.28,-0.1,0.31,-0.12,0,1.5,1,,-0.2
3504800,SP,3507,Bálsamo,-49.5506,-20.7142,São José do Rio Preto,-3.1,-7.4,-4,-2.3,2.5,0.7,0.18,-0.06,0.17,0.03,0.6,2.8,-3.3,-3.6,-7.3
3504909,SP,3511,Bananal,-44.333,-22.7344,São José dos Campos,6.6,-1.1,-4,-2.3,0.4,-0.3,0.02,0.09,0.01,-0.01,0,0,2.4,,-21.4
3505005,SP,3502,Barão De Antonina,-49.5719,-23.5842,Sorocaba,-2.6,-2.2,-4,-2.3,8.3,-1.3,0.21,-0.08,0.39,-0.06,-0.5,1.7,-3.1,0.9,6.9
3505104,SP,3506,Barbosa,-49.9243,-21.2895,Araçatuba,-5.9,-4.6,-4,-2.3,2.9,0.3,0.07,0.1,0.21,0.01,0.2,0.9,-0.9,-6.6,-7.6
3505203,SP,3503,Bariri,-48.7175,-22.0669,Bauru,-2,-2.4,-4,-2.3,2.6,-2.8,0.13,-0.1,0.15,-0.14,1,2.7,-4.1,-3.3,-5.4
3505302,SP,3503,Barra Bonita,-48.5414,-22.4779,Bauru,-2,-2.4,-4,-2.3,1.9,-1.6,0.11,-0.08,0.12,-0.08,-0.1,2.6,-2.4,,3.1
3505351,SP,3502,Barra Do Chapéu,-49.0836,-24.4436,Sorocaba,-2.6,-2.2,-4,-2.3,4.6,-0.9,0.17,0.03,0.26,0.04,-0.3,0.2,0.8,,-4
3505401,SP,3502,Barra Do Turvo,-48.4261,-24.8909,Sorocaba,-2.6,-2.2,-4,-2.3,7.5,-6,0.17,-0.29,0.39,-0.28,0,0.4,-1.8,,-0.1
3505500,SP,3508,Barretos,-48.6516,-20.5129,Ribeirão Preto,-2.9,0.4,-4,-2.3,6.3,-3.9,0.36,-0.1,0.37,-0.2,0.9,2.8,1.3,-2.8,27.7
3505609,SP,3508,Barrinha,-48.0935,-21.2354,Ribeirão Preto,-2.9,0.4,-4,-2.3,2.4,-1.6,0.17,-0.04,0.12,-0.08,0.2,3.3,0.9,1.9,-3.6
3505708,SP,3501,Barueri,-46.8743,-23.5042,São Paulo,,0.3,-4,-2.3,5.7,-1.3,0.21,-0.11,0.4,-0.12,-0.2,0.6,0,,
3505807,SP,3504,Bastos,-50.7423,-21.9508,Marília,-9.1,-3.4,-4,-2.3,5.5,-1,0.09,0.15,0.26,-0.01,0.3,2.7,-3.2,,-6.8
3505906,SP,3508,Batatais,-47.5736,-20.8682,Ribeirão Preto,-2.9,0.4,-4,-2.3,5.2,-4.3,0.21,-0.18,0.29,-0.22,0,1,-0.7,4.6,16
3506003,SP,3503,Bauru,-49.1279,-22.2524,Bauru,-2,-2.4,-4,-2.3,5.2,-1,0.2,-0.01,0.32,-0.03,-0.3,2.5,-2,,-0.2
3506102,SP,3508,Bebedouro,-48.5096,-20.9396,Ribeirão Preto,-2.9,0.4,-4,-2.3,5.3,-5.3,0.36,-0.31,0.32,-0.32,0.4,3.5,-1.1,-5.1,-6.1
3506201,SP,3506,Bento De Abreu,-50.861,-21.3334,Araçatuba,-5.9,-4.6,-4,-2.3,3.4,1.2,0.08,0.14,0.23,0.06,0.3,-0.1,-5.4,3.5,-11.8
3506300,SP,3504,Bernardino De Campos,-49.4911,-23.0315,Marília,-9.1,-3.4,-4,-2.3,8.4,-5.2,0.15,-0.08,0.46,-0.28,-0.4,1.8,-3,-9.6,1.8
3506359,SP,3501,Bertioga,-46.0316,-23.7604,São Paulo,,0.3,-4,-2.3,4.8,-0.2,0.13,-0.09,0.27,-0.03,-1.1,2.7,-1.4,,
3506409,SP,3506,Bilac,-50.4793,-21.4282,Araçatuba,-5.9,-4.6,-4,-2.3,2.1,2.3,0.1,0.14,0.15,0.13,0,1.8,1.3,-9.2,-6.9
3506508,SP,3506,Birigui,-50.35,-21.2606,Araçatuba,-5.9,-4.6,-4,-2.3,1.5,2.4,0.08,0.06,0.14,0.09,-0.1,1.7,-2.6,-0.5,-9.2
3506607,SP,3501,Biritiba-Mirim,-46.0217,-23.6252,São Paulo,,0.3,-4,-2.3,3.7,2.2,0.15,-0.06,0.17,0.1,-1,0.2,-1.6,,
3506706,SP,3509,Boa Esperança Do Sul,-48.4627,-21.9366,Araraquara,-2.3,-0.8,-4,-2.3,5,-3.9,0.19,-0.12,0.22,-0.14,-0.2,2.5,-4.2,-12.8,-5
3506805,SP,3503,Bocaina,-48.5299,-22.1061,Bauru,-2,-2.4,-4,-2.3,2.5,-0.9,0.04,-0.01,0.15,-0.05,0.6,2.5,-3.1,3.8,-3.7
3506904,SP,3503,Bofete,-48.2856,-23.1307,Bauru,-2,-2.4,-4,-2.3,6.9,-1.3,0.08,0.07,0.34,-0.06,-0.6,1.4,-3.4,,-2.1
3507001,SP,3502,Boituva,-47.6754,-23.2874,Sorocaba,-2.6,-2.2,-4,-2.3,10.5,-2.7,0.39,-0.13,0.49,-0.13,-0.4,2.3,1,-6.7,1.5
3507100,SP,3510,Bom Jesus Dos Perdões,-46.4798,-23.1709,Campinas,-2,-1.6,-4,-2.3,6,-2.7,0.31,-0.09,0.29,-0.11,0,0.6,-3.8,,-0.2
3507159,SP,3502,Bom Sucesso De Itararé,-49.1619,-24.3143,Sorocaba,-2.6,-2.2,-4,-2.3,6.4,-2.9,0.21,-0.08,0.35,-0.08,-0.4,0,-0.7,,0.9
3507209,SP,3504,Borá,-50.5005,-22.2423,Marília,-9.1,-3.4,-4,-2.3,4.7,-0.6,0.12,0.15,0.26,0,-1,3.4,-1.4,3.5,0.5
3507308,SP,3503,Boracéia,-48.7872,-22.1718,Bauru,-2,-2.4,-4,-2.3,0.2,-0.4,-0.01,0.02,0.05,-0.03,0.5,3,-2.1,,2.5
3507407,SP,3509,Borborema,-49.0714,-21.6103,Araraquara,-2.3,-0.8,-4,-2.3,5,-6,0.23,-0.22,0.24,-0.27,-0.3,2.6,-4.9,-3.2,-5.9
3507456,SP,3503,Borebi,-48.9912,-22.6827,Bauru,-2,-2.4,-4,-2.3,3.8,-1.4,0.13,-0.04,0.23,-0.07,0.1,2,-0.1,,3.2
3507506,SP,3503,Botucatu,-48.4676,-22.8631,Bauru,-2,-2.4,-4,-2.3,5.4,-2.2,0.06,0.01,0.27,-0.11,0.5,1.1,-1.2,-3.1,-6.6
3507605,SP,3510,Bragança Paulista,-46.5572,-22.9387,Campinas,-2,-1.6,-4,-2.3,4.4,1,0.26,0.13,0.21,0.05,0.7,0.4,-4.5,,-1.7
3507704,SP,3506,Braúna,-50.337,-21.5526,Araçatuba,-5.9,-4.6,-4,-2.3,3.9,0.7,0.16,0.1,0.23,0.06,-0.2,2,-1.4,-3.2,-7.6
3507753,SP,3506,Brejo Alegre,-50.2092,-21.1754,Araçatuba,-5.9,-4.6,-4,-2.3,2.5,0.4,0.05,0.05,0.19,0.01,-0.1,1.5,-1.4,-7.3,-0.6
3507803,SP,3508,Brodowski,-47.6276,-21.0497,Ribeirão Preto,-2.9,0.4,-4,-2.3,3.8,-1.6,0.18,-0.1,0.19,-0.05,0.5,1.7,2.1,-1.5,0.1
3507902,SP,3503,Brotas,-48.0833,-22.2725,Bauru,-2,-2.4,-4,-2.3,4.4,-2.9,0.34,-0.19,0.24,-0.1,0.2,1.5,-2.3,-5.1,-1.4
3508009,SP,3502,Buri,-48.5747,-23.7508,Sorocaba,-2.6,-2.2,-4,-2.3,4.8,-1.5,0.01,-0.05,0.28,-0.08,0.2,0.7,-1.7,-13.6,-0.1
3508108,SP,3506,Buritama,-50.2002,-21.0487,Araçatuba,-5.9,-4.6,-4,-2.3,3.9,0.2,0.1,0.08,0.27,0,0.5,2,-4,0.1,-7.6
3508207,SP,3508,Buritizal,-47.692,-20.2089,Ribeirão Preto,-2.9,0.4,-4,-2.3,7.4,-7.3,0.37,-0.24,0.4,-0.38,0.4,1.3,0.6,-3.2,-16.1
3508306,SP,3503,Cabrália Paulista,-49.3714,-22.4889,Bauru,-2,-2.4,-4,-2.3,7.4,-1,0.16,0.11,0.44,-0.02,-0.2,2.3,-2.4,,
3508405,SP,3510,Cabreúva,-47.0801,-23.3003,Campinas,-2,-1.6,-4,-2.3,11.2,-6.6,0.46,-0.26,0.5,-0.29,-0.5,0.6,1.6,,-0.2
3508504,SP,3511,Caçapava,-45.7133,-23.1045,São José dos Campos,6.6,-1.1,-4,-2.3,1.5,3.8,0.12,0.17,0.1,0.18,-0.1,1.2,-0.1,,
3508603,SP,3511,Cachoeira Paulista,-44.9917,-22.7007,São José dos Campos,6.6,-1.1,-4,-2.3,0.8,5.8,0.1,0.23,0.09,0.26,0.8,0.7,2,,-1.4
3508702,SP,3510,Caconde,-46.6163,-21.5377,Campinas,-2,-1.6,-4,-2.3,2.9,-2.6,0.17,-0.11,0.14,-0.12,-0.1,0.9,-5.1,,3.4
3508801,SP,3503,Cafelândia,-49.5506,-21.7317,Bauru,-2,-2.4,-4,-2.3,4.6,-2.7,0.25,-0.12,0.26,-0.13,0.4,-0.7,-0.1,-7.8,-8.7
3508900,SP,3505,Caiabu,-51.2244,-21.9503,Presidente Prudente,-5.8,-2.6,-4,-2.3,10.3,-1.7,0.24,0.11,0.52,-0.08,0.1,1,-0.1,,-2.4
3509007,SP,3501,Caieiras,-46.7426,-23.3771,São Paulo,,0.3,-4,-2.3,7.8,-1.2,0.3,-0.02,0.42,-0.05,-0.1,0.6,-1.1,,
3509106,SP,3505,Caiuá,-51.9876,-21.8016,Presidente Prudente,-5.8,-2.6,-4,-2.3,6.5,-0.2,0.01,0.2,0.3,0,0.6,0.8,-2.9,,-1.1
3509205,SP,3501,Cajamar,-46.8705,-23.3512,São Paulo,,0.3,-4,-2.3,8.4,-4.1,0.32,-0.15,0.4,-0.19,-0.2,0.6,0.5,,
3509254,SP,3502,Cajati,-48.1932,-24.7714,Sorocaba,-2.6,-2.2,-4,-2.3,6.3,-1.6,0.32,-0.15,0.37,-0.04,0.3,2.6,0.1,,0.3
3509304,SP,3508,Cajobi,-48.8376,-20.8758,Ribeirão Preto,-2.9,0.4,-4,-2.3,1.6,-3.8,0.21,-0.21,0.12,-0.2,1,2.9,-1.3,0.3,-6.6
3509403,SP,3508,Cajuru,-47.3087,-21.2776,Ribeirão Preto,-2.9,0.4,-4,-2.3,5.3,-3.1,0.29,-0.11,0.28,-0.17,0.1,1.4,-1,15.7,-4.1
3509452,SP,3502,Campina Do Monte Alegre,-48.4433,-23.6057,Sorocaba,-2.6,-2.2,-4,-2.3,5.7,-3.4,0,-0.06,0.3,-0.15,0.4,1,-2.4,1.9,1.2
3509502,SP,3510,Campinas,-47.0446,-22.8833,Campinas,-2,-1.6,-4,-2.3,9.7,-4,0.4,-0.12,0.48,-0.19,0.7,1.2,-4.6,-2.9,0.5
3509601,SP,3510,Campo Limpo Paulista,-46.7606,-23.2201,Campinas,-2,-1.6,-4,-2.3,5.8,-1.2,0.26,0,0.33,-0.06,0.2,0.5,-2.3,,
3509700,SP,3511,Campos Do Jordão,-45.5325,-22.6989,São José dos Campos,6.6,-1.1,-4,-2.3,2.6,-3,0.05,-0.07,0.12,-0.18,0.2,0,-1.7,,73.8
3509809,SP,3504,Campos Novos Paulista,-50.012,-22.6113,Marília,-9.1,-3.4,-4,-2.3,6.1,-2.7,0.02,0.03,0.32,-0.11,0.5,2.3,-1.1,-1.8,-1.4
3509908,SP,3502,Cananéia,-48.0078,-25.0191,Sorocaba,-2.6,-2.2,-4,-2.3,3,-1.4,0.04,-0.12,0.12,-0.01,0.5,3.3,0.9,,0.9
3509957,SP,3511,Canas,-45.0352,-22.7379,São José dos Campos,6.6,-1.1,-4,-2.3,2.8,4.7,0.15,0.22,0.18,0.24,0.6,2.1,3.1,,
3510005,SP,3504,Cândido Mota,-50.4213,-22.8112,Marília,-9.1,-3.4,-4,-2.3,5.7,-2,0.05,0.01,0.29,-0.08,0.1,1.7,-1.2,-10.9,-3
3510104,SP,3509,Cândido Rodrigues,-48.6269,-21.3416,Araraquara,-2.3,-0.8,-4,-2.3,4.6,-3.3,0.25,-0.11,0.25,-0.14,0.1,3.1,-0.6,,-3.3
3510153,SP,3504,Canitar,-49.7898,-23.0157,Marília,-9.1,-3.4,-4,-2.3,13.5,-4.2,0.37,-0.01,0.61,-0.18,-0.5,2.8,1.7,-6.7,
3510203,SP,3502,Capão Bonito,-48.2893,-24.0397,Sorocaba,-2.6,-2.2,-4,-2.3,5.2,-1.9,0.13,-0.11,0.25,-0.05,-0.4,0.6,-1.3,-2.4,-6.9
3510302,SP,3502,Capela Do Alto,-47.7313,-23.4654,Sorocaba,-2.6,-2.2,-4,-2.3,9,-1.8,0.28,-0.07,0.48,-0.11,-0.8,1.9,-3.1,-0.2,1
3510401,SP,3510,Capivari,-47.4798,-22.9766,Campinas,-2,-1.6,-4,-2.3,5.8,0.2,0.32,-0.03,0.32,0.01,-0.4,2.5,-5.2,,15
3510500,SP,3511,Caraguatatuba,-45.4876,-23.6405,São José dos Campos,6.6,-1.1,-4,-2.3,6.4,-0.9,0.31,-0.17,0.26,-0.03,0.1,2.1,-2.4,,
3510609,SP,3501,Carapicuíba,-46.8434,-23.5508,São Paulo,,0.3,-4,-2.3,5.7,-1.3,0.21,-0.11,0.4,-0.12,-0.2,0.6,0,,
3510708,SP,3507,Cardoso,-49.9457,-20.0671,São José do Rio Preto,-3.1,-7.4,-4,-2.3,4.4,0.6,0.32,-0.02,0.27,0.02,-0.7,3.1,-7.9,-2.8,-4.4
3510807,SP,3510,Casa Branca,-47.0878,-21.8013,Campinas,-2,-1.6,-4,-2.3,3.8,-3,0.19,-0.07,0.2,-0.16,0.5,1.6,-3.8,-1.5,-3
3510906,SP,3508,Cássia Dos Coqueiros,-47.1445,-21.2642,Ribeirão Preto,-2.9,0.4,-4,-2.3,2.2,-2.2,0.14,-0.07,0.12,-0.11,0.8,0.8,-2.2,,-0.7
3511003,SP,3506,Castilho,-51.5697,-20.8997,Araçatuba,-5.9,-4.6,-4,-2.3,1.3,-0.3,0.02,0.08,0.1,-0.02,0.2,0.4,-2.5,-4.5,-4.9
3511102,SP,3507,Catanduva,-48.9638,-21.1341,São José do Rio Preto,-3.1,-7.4,-4,-2.3,1.6,-4.2,0.12,-0.2,0.08,-0.2,-0.2,2.5,-4.4,-6.3,-15.1
3511201,SP,3507,Catiguá,-49.0497,-21.0615,São José do Rio Preto,-3.1,-7.4,-4,-2.3,0,-2.8,0.06,-0.18,0.03,-0.14,0.5,2.6,-4.1,,-13.3
3511300,SP,3507,Cedral,-49.2622,-20.9107,São José do Rio Preto,-3.1,-7.4,-4,-2.3,2.9,-2.7,0.11,-0.13,0.17,-0.13,0.6,2.5,-3.8,,-1.9
3511409,SP,3502,Cerqueira César,-49.1453,-23.0594,Sorocaba,-2.6,-2.2,-4,-2.3,7.1,-2.1,0.04,0.07,0.39,-0.13,-0.5,1.1,-2.1,-7,-10.4
3511508,SP,3502,Cerquilho,-47.7556,-23.1866,Sorocaba,-2.6,-2.2,-4,-2.3,8.6,-2,0.38,-0.15,0.37,-0.08,-0.5,2.6,-1.2,1,2.7
3511607,SP,3502,Cesário Lange,-47.9048,-23.2179,Sorocaba,-2.6,-2.2,-4,-2.3,8.2,-1.9,0.23,-0.03,0.42,-0.1,-0.3,2,0.9,-1.5,0.1
3511706,SP,3510,Charqueada,-47.746,-22.5304,Campinas,-2,-1.6,-4,-2.3,9.4,-4.3,0.32,-0.08,0.49,-0.22,-0.8,2.1,-4.4,,4.3
3511904,SP,3506,Clementina,-50.4579,-21.5707,Araçatuba,-5.9,-4.6,-4,-2.3,4.3,1.3,0.13,0.18,0.25,0.1,-0.5,1.9,-0.2,-9.2,-9.6
3512001,SP,3508,Colina,-48.5896,-20.7481,Ribeirão Preto,-2.9,0.4,-4,-2.3,6.4,-4,0.41,-0.18,0.42,-0.26,0.2,2.7,1.2,-3.8,-11.1
3512100,SP,3508,Colômbia,-48.7224,-20.2655,Ribeirão Preto,-2.9,0.4,-4,-2.3,6.1,-5.3,0.45,-0.18,0.38,-0.24,1.2,3.5,3.6,-1.8,-12.7
3512209,SP,3510,Conchal,-47.1414,-22.3697,Campinas,-2,-1.6,-4,-2.3,2.9,1.4,0.12,0.16,0.17,0.07,0.5,1,-4.5,-5.7,-2.2
3512308,SP,3503,Conchas,-48.046,-22.9672,Bauru,-2,-2.4,-4,-2.3,7.6,-1.7,0.29,-0.1,0.3,-0.03,-0.6,2.9,-3.6,,-0.6
3512407,SP,3510,Cordeirópolis,-47.4159,-22.4794,Campinas,-2,-1.6,-4,-2.3,7.4,-3.4,0.25,-0.05,0.36,-0.15,0.3,1.4,-4,-3.1,-4.8
3512506,SP,3506,Coroados,-50.3023,-21.3767,Araçatuba,-5.9,-4.6,-4,-2.3,2.6,1.1,0.14,0.02,0.16,0.06,-0.2,1.5,-2.3,-2.5,-3.9
3512605,SP,3502,Coronel Macedo,-49.3065,-23.6308,Sorocaba,-2.6,-2.2,-4,-2.3,9.8,-3,0.35,-0.21,0.46,-0.15,-0.6,1.6,-1,-3.6,-5.5
3512704,SP,3510,Corumbataí,-47.6085,-22.2373,Campinas,-2,-1.6,-4,-2.3,4.2,-4.1,0.23,-0.12,0.27,-0.22,0.3,1.6,-0.9,,1.6
3512803,SP,3510,Cosmópolis,-47.1868,-22.6517,Campinas,-2,-1.6,-4,-2.3,5.7,-3.3,0.24,-0.08,0.3,-0.18,0.2,1.8,-7.2,1.6,0.8
3512902,SP,3507,Cosmorama,-49.7733,-20.4423,São José do Rio Preto,-3.1,-7.4,-4,-2.3,3.6,0.5,0.2,0.06,0.27,0.02,-0.1,3,-5,-6.5,0.9
3513009,SP,3501,Cotia,-46.96,-23.6743,São Paulo,,0.3,-4,-2.3,5.9,-1.6,0.37,-0.22,0.4,-0.13,0.3,0.4,-0.8,,
3513108,SP,3508,Cravinhos,-47.7437,-21.338,Ribeirão Preto,-2.9,0.4,-4,-2.3,3.3,-2,0.17,-0.03,0.18,-0.08,0.5,1.5,-4.1,2.2,19.2
3513207,SP,3508,Cristais Paulista,-47.4018,-20.3716,Ribeirão Preto,-2.9,0.4,-4,-2.3,6.3,-4.6,0.3,-0.18,0.38,-0.28,-0.5,0.8,0,-1.4,-0.3
3513306,SP,3504,Cruzália,-50.7688,-22.7377,Marília,-9.1,-3.4,-4,-2.3,7.4,-3,0.13,0.03,0.38,-0.12,0.5,1.4,-1.1,-8.5,-2
3513405,SP,3511,Cruzeiro,-45.0083,-22.551,São José dos Campos,6.6,-1.1,-4,-2.3,5.1,-1,0.24,0,0.28,-0.05,-0.3,0.7,0.3,,-15.1
3513504,SP,3501,Cubatão,-46.4091,-23.8674,São Paulo,,0.3,-4,-2.3,6.7,-4,0.24,-0.22,0.31,-0.17,-0.4,2.4,-2.6,,
3513603,SP,3511,Cunha,-44.9418,-23.0525,São José dos Campos,6.6,-1.1,-4,-2.3,1.6,2.4,0.18,0.14,0.1,0.14,0.3,0,-0.8,,20.6
3513702,SP,3509,Descalvado,-47.6553,-21.88,Araraquara,-2.3,-0.8,-4,-2.3,5.6,-3.7,0.27,-0.12,0.32,-0.22,1,1.3,-0.6,-1.1,0.4
3513801,SP,3501,Diadema,-46.6125,-23.6953,São Paulo,,0.3,-4,-2.3,7.6,-1.8,0.32,-0.08,0.47,-0.1,-0.3,0.8,0.8,,
3513850,SP,3507,Dirce Reis,-50.625,-20.4465,São José do Rio Preto,-3.1,-7.4,-4,-2.3,4.6,-1.2,0.16,0.04,0.28,-0.09,0,2.3,-3.9,,-6.4
3513900,SP,3510,Divinolândia,-46.6976,-21.6602,Campinas,-2,-1.6,-4,-2.3,3.2,-2.1,0.21,-0.13,0.16,-0.11,0.4,0.1,-3.4,,1.5
3514007,SP,3509,Dobrada,-48.3625,-21.5184,Araraquara,-2.3,-0.8,-4,-2.3,2.6,-2.2,0.2,-0.07,0.12,-0.09,0.3,2.1,-2.8,8.8,-5.1
3514106,SP,3503,Dois Córregos,-48.341,-22.395,Bauru,-2,-2.4,-4,-2.3,4.6,-2.7,0.25,-0.15,0.27,-0.14,0,2,-3.2,1.6,-1.3
3514205,SP,3507,Dolcinópolis,-50.5284,-20.1214,São José do Rio Preto,-3.1,-7.4,-4,-2.3,3.9,-0.8,0.19,0.08,0.2,-0.06,0.2,2.8,-3.6,,-2.7
3514304,SP,3509,Dourado,-48.3313,-22.1186,Araraquara,-2.3,-0.8,-4,-2.3,5,-2.5,0.19,-0.11,0.34,-0.15,-0.2,2.5,-1.1,0.7,1.2
3514403,SP,3505,Dracena,-51.584,-21.5567,Presidente Prudente,-5.8,-2.6,-4,-2.3,6.9,0.3,0.13,0.2,0.37,0.04,0.3,1.3,-1.5,,0.9
3514502,SP,3503,Duartina,-49.4128,-22.3916,Bauru,-2,-2.4,-4,-2.3,7.1,-1.7,0.2,0.03,0.43,-0.1,0.1,2.2,-1.6,,-5.9
3514601,SP,3508,Dumont,-47.9815,-21.2483,Ribeirão Preto,-2.9,0.4,-4,-2.3,1.4,0.4,0.13,0.02,0.07,0.02,0.7,2,-2.6,-0.2,1.3
3514700,SP,3504,Echaporã,-50.1997,-22.4485,Marília,-9.1,-3.4,-4,-2.3,6.6,-4,0.22,-0.03,0.38,-0.21,-0.3,2.3,-1.4,-11,0
3514809,SP,3502,Eldorado,-48.2328,-24.4952,Sorocaba,-2.6,-2.2,-4,-2.3,7.2,-4.9,0.36,-0.4,0.36,-0.22,-0.5,2.8,-2.4,,-0.7
3514908,SP,3510,Elias Fausto,-47.3669,-23.0695,Campinas,-2,-1.6,-4,-2.3,6.8,-1.2,0.39,-0.11,0.39,-0.06,-0.2,2.2,-4,2.3,0.8
3514924,SP,3507,Elisiário,-49.0914,-21.1628,São José do Rio Preto,-3.1,-7.4,-4,-2.3,1.3,-2.3,0.1,-0.11,0.07,-0.09,0.5,2.3,-3.6,,
3514957,SP,3507,Embaúba,-48.8491,-20.9528,São José do Rio Preto,-3.1,-7.4,-4,-2.3,2.7,-4,0.23,-0.23,0.19,-0.23,0.9,2.9,-3.2,,-7.8
3515004,SP,3501,Embu,-46.8528,-23.6506,São Paulo,,0.3,-4,-2.3,7.4,-3.3,0.32,-0.24,0.5,-0.22,0.1,0.6,0.8,,
3515103,SP,3501,Embu-Guaçu,-46.8324,-23.8533,São Paulo,,0.3,-4,-2.3,8.9,-3.6,0.44,-0.26,0.52,-0.17,0,0.6,-2.2,,
3515129,SP,3505,Emilianópolis,-51.4715,-21.8002,Presidente Prudente,-5.8,-2.6,-4,-2.3,9.9,-1.5,0.21,0.14,0.44,-0.02,0.5,1.4,1.1,,-5.1
3515152,SP,3510,Engenheiro Coelho,-47.1772,-22.4873,Campinas,-2,-1.6,-4,-2.3,3.7,0.3,0.18,0.09,0.24,0.01,0.7,1.1,-4.5,,3.1
3515186,SP,3510,Espírito Santo Do Pinhal,-46.7956,-22.1916,Campinas,-2,-1.6,-4,-2.3,2.9,-0.5,0.12,0.02,0.16,-0.03,0.6,0.9,0.7,,-0.7
3515194,SP,3504,Espírito Santo Do Turvo,-49.4341,-22.6697,Marília,-9.1,-3.4,-4,-2.3,6.4,-0.8,0.05,0.19,0.4,-0.03,-0.9,2,-1.4,,4
3515202,SP,3507,Estrela D'oeste,-50.4101,-20.2653,São José do Rio Preto,-3.1,-7.4,-4,-2.3,3.2,-0.2,0.2,0.1,0.17,-0.02,-0.1,2.9,-1.9,-0.8,-4
3515301,SP,3505,Estrela Do Norte,-51.6671,-22.486,Presidente Prudente,-5.8,-2.6,-4,-2.3,5.9,-1.9,0.12,0.02,0.37,-0.08,1.6,1,-0.9,1.6,-10.3
3515350,SP,3505,Euclides Da Cunha Paulista,-52.5903,-22.5163,Presidente Prudente,-5.8,-2.6,-4,-2.3,5.1,-2.5,-0.03,0.09,0.29,-0.14,0.1,-0.6,-1.6,-7.8,15.1
3515400,SP,3504,Fartura,-49.5186,-23.3903,Marília,-9.1,-3.4,-4,-2.3,6,-2.2,0.16,-0.06,0.4,-0.15,0,2.1,-1.9,1,0.3
3515509,SP,3507,Fernandópolis,-50.2827,-20.2719,São José do Rio Preto,-3.1,-7.4,-4,-2.3,3.8,-0.3,0.3,0.08,0.21,-0.02,-0.8,3.2,-6.2,2.6,-7.8
3515608,SP,3507,Fernando Prestes,-48.6982,-21.3125,São José do Rio Preto,-3.1,-7.4,-4,-2.3,4.6,-3.3,0.25,-0.11,0.25,-0.14,0.1,3.1,-0.6,,-1.5
3515657,SP,3504,Fernão,-49.5428,-22.3642,Marília,-9.1,-3.4,-4,-2.3,5.7,-0.2,0.18,0.13,0.37,-0.03,0.4,2.1,-4.9,,-2.9
3515707,SP,3501,Ferraz De Vasconcelos,-46.3747,-23.5643,São Paulo,,0.3,-4,-2.3,5.8,-1.4,0.3,-0.09,0.36,-0.09,-0.2,0.6,3.6,,
3515806,SP,3505,Flora Rica,-51.3741,-21.6993,Presidente Prudente,-5.8,-2.6,-4,-2.3,10.8,-2.7,0.25,0.08,0.5,-0.09,0.4,1.4,-3.1,,-9.5
3515905,SP,3507,Floreal,-50.155,-20.6716,São José do Rio Preto,-3.1,-7.4,-4,-2.3,4.5,0.6,0.27,0.03,0.28,0.01,-0.5,3.1,-5.7,,-4.5
3516002,SP,3505,Flórida Paulista,-51.1709,-21.5401,Presidente Prudente,-5.8,-2.6,-4,-2.3,10.1,-2.1,0.23,0.1,0.51,-0.1,1.1,0.4,-0.1,,0.8
3516101,SP,3504,Florínia,-50.6953,-22.8802,Marília,-9.1,-3.4,-4,-2.3,6.3,-1.8,0.08,0.04,0.31,-0.05,0.7,1.2,-4.6,-10.8,-6.1
3516200,SP,3508,Franca,-47.3789,-20.5524,Ribeirão Preto,-2.9,0.4,-4,-2.3,4.1,-0.6,0.19,0.05,0.22,-0.02,0,0.5,-3.3,-0.4,-1.2
3516309,SP,3501,Francisco Morato,-46.7197,-23.273,São Paulo,,0.3,-4,-2.3,5.8,-1.2,0.26,0,0.33,-0.06,0.2,0.5,-2.3,,
3516408,SP,3501,Franco Da Rocha,-46.7385,-23.3135,São Paulo,,0.3,-4,-2.3,7.8,-1.2,0.3,-0.02,0.42,-0.05,-0.1,0.6,-1.1,,
3516507,SP,3506,Gabriel Monteiro,-50.5639,-21.5018,Araçatuba,-5.9,-4.6,-4,-2.3,3.3,2.6,0.12,0.2,0.2,0.15,-0.7,1.4,0.4,1.9,-7.9
3516606,SP,3504,Gália,-49.5773,-22.3196,Marília,-9.1,-3.4,-4,-2.3,5.7,-0.2,0.18,0.13,0.37,-0.03,0.4,2.1,-4.9,,-9.7
3516705,SP,3504,Garça,-49.6894,-22.2312,Marília,-9.1,-3.4,-4,-2.3,5.8,-0.8,0.23,0.01,0.34,-0.06,-0.1,1.5,-2.5,29,-15.1
3516804,SP,3506,Gastão Vidigal,-50.1989,-20.8075,Araçatuba,-5.9,-4.6,-4,-2.3,3,-0.1,0.09,0.1,0.25,-0.03,0.3,2,-3.7,-4.3,-17.3
3516853,SP,3509,Gavião Peixoto,-48.4504,-21.792,Araraquara,-2.3,-0.8,-4,-2.3,6.1,-3.9,0.22,-0.1,0.27,-0.14,-0.6,2.2,-4.4,-0.9,-8.5
3516903,SP,3506,General Salgado,-50.4156,-20.637,Araçatuba,-5.9,-4.6,-4,-2.3,2.7,-0.2,0.1,0.07,0.2,-0.03,0.1,3.2,-3.9,-8.4,-2.7
3517000,SP,3504,Getulina,-50.0295,-21.7828,Marília,-9.1,-3.4,-4,-2.3,6.7,-1.5,0.28,-0.01,0.37,-0.03,-0.5,0.5,-3.4,11.1,7
3517109,SP,3506,Glicério,-50.1987,-21.3416,Araçatuba,-5.9,-4.6,-4,-2.3,3.4,-0.5,0.19,-0.04,0.24,-0.04,-0.3,1.1,0.4,-1.3,-0.8
3517208,SP,3503,Guaiçara,-49.7658,-21.5751,Bauru,-2,-2.4,-4,-2.3,5.1,-3.2,0.23,-0.08,0.31,-0.14,0.9,-1.4,-5.2,,-7.9
3517307,SP,3504,Guaimbê,-49.8603,-21.8777,Marília,-9.1,-3.4,-4,-2.3,7.2,-4.9,0.33,-0.19,0.4,-0.2,-0.1,-0.1,-3.1,,-0.7
3517406,SP,3508,Guaíra,-48.3653,-20.3141,Ribeirão Preto,-2.9,0.4,-4,-2.3,8.8,-7.3,0.49,-0.27,0.46,-0.36,1.1,2.9,0.5,-3,2.6
3517505,SP,3507,Guapiaçu,-49.1908,-20.7449,São José do Rio Preto,-3.1,-7.4,-4,-2.3,3.1,-2.2,0.13,-0.13,0.22,-0.12,0.5,2.2,-6.4,1,-1.7
3517604,SP,3502,Guapiara,-48.5548,-24.2137,Sorocaba,-2.6,-2.2,-4,-2.3,6.2,-3.4,0.26,-0.27,0.34,-0.14,-0.3,0.2,-0.7,,8.3
3517703,SP,3508,Guará,-47.7744,-20.4826,Ribeirão Preto,-2.9,0.4,-4,-2.3,5.7,-4.9,0.32,-0.15,0.3,-0.27,0.6,2,1.5,-3.7,-10.4
3517802,SP,3506,Guaraçaí,-51.277,-21.0835,Araçatuba,-5.9,-4.6,-4,-2.3,0.7,1.9,-0.05,0.17,0.09,0.1,0.4,1.4,-2.2,,-1.9
3517901,SP,3508,Guaraci,-49.0009,-20.3791,Ribeirão Preto,-2.9,0.4,-4,-2.3,4.2,-3.1,0.33,-0.15,0.31,-0.18,0.4,3.2,0.5,-3.6,0.1
3518008,SP,3507,Guarani D'oeste,-50.3467,-20.0655,São José do Rio Preto,-3.1,-7.4,-4,-2.3,3.5,0,0.2,0.13,0.18,-0.01,0,2.7,-4.9,-6.1,-2.4
3518107,SP,3503,Guarantã,-49.5893,-21.917,Bauru,-2,-2.4,-4,-2.3,3.5,-1.1,0.19,-0.09,0.26,-0.1,-0.8,0.3,3,,-7.5
3518206,SP,3506,Guararapes,-50.6948,-21.2871,Araçatuba,-5.9,-4.6,-4,-2.3,0.6,4.6,0.09,0.22,0.1,0.23,-0.5,1.1,-1.3,-4.6,-13.8
3518305,SP,3501,Guararema,-46.0592,-23.4276,São Paulo,,0.3,-4,-2.3,3.8,0,0.11,-0.01,0.21,0.02,0.3,0.3,-3.3,,
3518404,SP,3511,Guaratinguetá,-45.2329,-22.7928,São José dos Campos,6.6,-1.1,-4,-2.3,4.8,1.4,0.24,0.1,0.26,0.04,0.3,1.9,3.1,,15.7
3518503,SP,3502,Guareí,-48.2196,-23.3707,Sorocaba,-2.6,-2.2,-4,-2.3,6.9,-2.9,0.13,-0.08,0.38,-0.16,-0.2,0.9,-5.2,-4.3,-2.6
3518602,SP,3508,Guariba,-48.2272,-21.3953,Ribeirão Preto,-2.9,0.4,-4,-2.3,2.4,-1.9,0.15,-0.06,0.12,-0.09,0.2,2.8,1.9,1.3,-2.1
3518701,SP,3501,Guarujá,-46.2326,-23.9518,São Paulo,,0.3,-4,-2.3,4.2,2.8,0.21,-0.05,0.22,0.1,-0.9,2.8,-1.2,,
3518800,SP,3501,Guarulhos,-46.455,-23.4027,São Paulo,,0.3,-4,-2.3,7.4,-2.3,0.35,-0.03,0.47,-0.14,-0.5,0.8,-4.4,,
3518859,SP,3508,Guatapará,-47.9804,-21.4567,Ribeirão Preto,-2.9,0.4,-4,-2.3,2.8,-2.3,0.17,-0.09,0.16,-0.11,0.6,1.9,1.8,-5.9,-7.3
3518909,SP,3506,Guzolândia,-50.7132,-20.6303,Araçatuba,-5.9,-4.6,-4,-2.3,2.6,0.2,0.08,0.11,0.17,0,0.4,2.2,-3,-4.8,3.9
3519006,SP,3504,Herculândia,-50.3729,-21.9629,Marília,-9.1,-3.4,-4,-2.3,5.4,0.3,0.17,0.17,0.3,0.06,-0.1,3.3,-2.7,,-7.4
3519055,SP,3510,Holambra,-47.0676,-22.6331,Campinas,-2,-1.6,-4,-2.3,6.8,-3.6,0.29,-0.08,0.34,-0.18,0,1.5,-7.2,-1.1,-1.3
3519071,SP,3510,Hortolândia,-47.207,-22.8797,Campinas,-2,-1.6,-4,-2.3,7.7,-3.4,0.32,-0.13,0.41,-0.19,0.2,2.1,-4.7,,
3519105,SP,3503,Iacanga,-49.0376,-21.891,Bauru,-2,-2.4,-4,-2.3,4.7,-4.2,0.25,-0.17,0.24,-0.19,-0.1,2.7,-2.8,-3.9,7.2
3519204,SP,3504,Iacri,-50.6185,-21.7988,Marília,-9.1,-3.4,-4,-2.3,4.4,-0.5,0.11,0.19,0.2,0.03,0.2,2.5,-1.6,,-4.2
3519253,SP,3502,Iaras,-49.1086,-22.8167,Sorocaba,-2.6,-2.2,-4,-2.3,6.2,-3.2,0.12,-0.08,0.35,-0.19,-0.1,2,1.4,-2.8,-11.9
3519303,SP,3509,Ibaté,-48.0271,-21.9505,Araraquara,-2.3,-0.8,-4,-2.3,6.9,-6.9,0.3,-0.21,0.34,-0.33,0.3,1.1,-3.2,-1.8,0.3
3519402,SP,3507,Ibirá,-49.2215,-21.0729,São José do Rio Preto,-3.1,-7.4,-4,-2.3,2.1,-2.8,0.08,-0.13,0.12,-0.13,0.7,2,-3.7,-6,-7.4
3519501,SP,3504,Ibirarema,-50.0773,-22.8156,Marília,-9.1,-3.4,-4,-2.3,8.9,-2.3,0.01,0.06,0.44,-0.11,-0.1,2.5,0.9,-10.4,
3519600,SP,3509,Ibitinga,-48.8499,-21.7912,Araraquara,-2.3,-0.8,-4,-2.3,4.3,-5.4,0.24,-0.15,0.22,-0.24,0.3,3.1,-4.8,3.7,-6.9
3519709,SP,3502,Ibiúna,-47.2154,-23.8014,Sorocaba,-2.6,-2.2,-4,-2.3,4.6,3.5,0.31,-0.01,0.29,0.13,-0.6,0.3,2,,-10.4
3519808,SP,3507,Icém,-49.1831,-20.3676,São José do Rio Preto,-3.1,-7.4,-4,-2.3,3,-2,0.26,-0.1,0.23,-0.12,0.7,3.3,1.2,-11.7,-6.9
3519907,SP,3505,Iepê,-51.0572,-22.6501,Presidente Prudente,-5.8,-2.6,-4,-2.3,6.5,-4,0.15,0.01,0.35,-0.15,0.5,1,-2,-7.6,5.6
3520004,SP,3503,Igaraçu Do Tietê,-48.5747,-22.5409,Bauru,-2,-2.4,-4,-2.3,1.8,-0.9,0.07,-0.04,0.13,-0.07,0.1,2.6,0,,
3520103,SP,3508,Igarapava,-47.6823,-20.0623,Ribeirão Preto,-2.9,0.4,-4,-2.3,7,-8.1,0.29,-0.26,0.36,-0.41,1.4,2.6,0.2,-0.5,-8
3520202,SP,3511,Igaratá,-46.1502,-23.134,São José dos Campos,6.6,-1.1,-4,-2.3,6.9,-2.4,0.32,-0.06,0.4,-0.13,-0.5,0.6,-1.3,,
3520301,SP,3502,Iguape,-47.4717,-24.5495,Sorocaba,-2.6,-2.2,-4,-2.3,5.3,-1.6,0.13,-0.09,0.23,-0.04,-0.4,0.9,-1.4,,-28.8
3520400,SP,3511,Ilhabela,-45.3237,-23.8482,São José dos Campos,6.6,-1.1,-4,-2.3,6.6,1.7,0.38,-0.12,0.26,0.08,0.3,0.1,-1.4,,
3520426,SP,3502,Ilha Comprida,-47.7174,-24.8605,Sorocaba,-2.6,-2.2,-4,-2.3,4.8,-0.5,0.19,-0.09,0.21,0.03,0.2,2.1,0.2,,
3520442,SP,3506,Ilha Solteira,-51.2582,-20.4321,Araçatuba,-5.9,-4.6,-4,-2.3,3.5,-0.8,0.12,0.11,0.22,-0.07,0.4,1.5,-3.9,-0.9,-2
3520509,SP,3510,Indaiatuba,-47.2014,-23.1067,Campinas,-2,-1.6,-4,-2.3,8.9,-3.2,0.42,-0.1,0.51,-0.19,-0.2,1.8,-3.9,,-0.3
3520608,SP,3505,Indiana,-51.2617,-22.1315,Presidente Prudente,-5.8,-2.6,-4,-2.3,7.8,-1,0.12,0.16,0.46,-0.07,0,1.3,1.1,,-4.8
3520707,SP,3507,Indiaporã,-50.2653,-19.9481,São José do Rio Preto,-3.1,-7.4,-4,-2.3,4.2,-0.7,0.23,0.06,0.22,-0.04,-0.3,2.6,-1.3,-7.8,-7.1
3520806,SP,3505,Inúbia Paulista,-50.9586,-21.7376,Presidente Prudente,-5.8,-2.6,-4,-2.3,9,-2.9,0.16,0.12,0.43,-0.13,0.2,2,-1.8,-13.2,-5.8
3520905,SP,3504,Ipaussu,-49.6087,-23.0643,Marília,-9.1,-3.4,-4,-2.3,11.5,-4.6,0.32,-0.05,0.6,-0.22,-0.2,2.4,1.9,-7.9,
3521002,SP,3502,Iperó,-47.6246,-23.4068,Sorocaba,-2.6,-2.2,-4,-2.3,9.5,-3.2,0.33,-0.16,0.51,-0.18,-0.7,1,-1.9,,0.1
3521101,SP,3510,Ipeúna,-47.7163,-22.4248,Campinas,-2,-1.6,-4,-2.3,7.5,-3,0.37,-0.12,0.43,-0.14,-0.2,1.8,-1.6,,7
3521150,SP,3507,Ipiguá,-49.4031,-20.6501,São José do Rio Preto,-3.1,-7.4,-4,-2.3,3.2,-1.2,0.14,-0.11,0.19,-0.06,0.9,2.7,-1.9,,-3.2
3521200,SP,3502,Iporanga,-48.5463,-24.5124,Sorocaba,-2.6,-2.2,-4,-2.3,7.2,-3.2,0.23,-0.23,0.33,-0.11,-0.4,2.9,0.4,,-9.1
3521309,SP,3508,Ipuã,-48.0666,-20.4178,Ribeirão Preto,-2.9,0.4,-4,-2.3,4.9,-4,0.25,-0.12,0.21,-0.17,1.3,2.7,5.3,-5,-0.8
3521408,SP,3510,Iracemápolis,-47.5216,-22.594,Campinas,-2,-1.6,-4,-2.3,7.2,-2.3,0.29,-0.01,0.38,-0.11,0.2,1.4,-2.3,1.1,3.5
3521507,SP,3507,Irapuã,-49.3971,-21.267,São José do Rio Preto,-3.1,-7.4,-4,-2.3,3,-2.2,0.13,-0.08,0.19,-0.11,0.5,2,-2.8,-17.7,-5.5
3521606,SP,3505,Irapuru,-51.3465,-21.4852,Presidente Prudente,-5.8,-2.6,-4,-2.3,8,-0.6,0.18,0.12,0.42,-0.01,0.7,1.2,-4,,-5.7
3521705,SP,3502,Itaberá,-49.1419,-23.8708,Sorocaba,-2.6,-2.2,-4,-2.3,7.8,-1.3,0.22,-0.01,0.37,-0.08,0.3,0.9,-0.4,-4,0.5
3521804,SP,3502,Itaí,-49.0524,-23.4691,Sorocaba,-2.6,-2.2,-4,-2.3,7.3,-4.8,0.22,-0.19,0.41,-0.28,-1,1.5,-3.4,-5.3,-4.9
3521903,SP,3507,Itajobi,-49.054,-21.3546,São José do Rio Preto,-3.1,-7.4,-4,-2.3,3,-4.1,0.16,-0.13,0.16,-0.18,1,2.4,-1.6,-3.6,-15.7
3522000,SP,3503,Itaju,-48.7936,-21.9527,Bauru,-2,-2.4,-4,-2.3,1.9,-0.3,0.18,0.02,0.11,-0.01,0.7,2.9,0.6,-2.2,2.8
3522109,SP,3501,Itanhaém,-46.834,-24.0922,São Paulo,,0.3,-4,-2.3,7.3,-1.2,0.31,-0.16,0.38,-0.05,0,3.3,-1.2,,
3522158,SP,3502,Itaóca,-48.8403,-24.6181,Sorocaba,-2.6,-2.2,-4,-2.3,6.4,-2.4,0.18,0.03,0.32,-0.05,-1.2,4,-0.9,,5.7
3522208,SP,3501,Itapecerica Da Serra,-46.8617,-23.739,São Paulo,,0.3,-4,-2.3,8.7,-3.6,0.43,-0.25,0.54,-0.21,-0.2,0.5,-1.8,,
3522307,SP,3502,Itapetininga,-48.1233,-23.645,Sorocaba,-2.6,-2.2,-4,-2.3,8.7,-5.7,0.18,-0.19,0.45,-0.28,-0.6,0.6,-3.2,-2.7,-4.5
3522406,SP,3502,Itapeva,-48.8708,-23.9139,Sorocaba,-2.6,-2.2,-4,-2.3,4.9,-0.3,0.13,-0.02,0.24,0,0.4,0.7,-3.4,-5.6,0.7
3522505,SP,3501,Itapevi,-46.9651,-23.5534,São Paulo,,0.3,-4,-2.3,8,-3.4,0.41,-0.33,0.53,-0.25,0.3,0.6,-0.2,,
3522604,SP,3510,Itapira,-46.7719,-22.4331,Campinas,-2,-1.6,-4,-2.3,5.3,-4.4,0.28,-0.12,0.27,-0.21,0.3,0.9,0.3,,2.4
3522653,SP,3502,Itapirapuã Paulista,-49.2215,-24.569,Sorocaba,-2.6,-2.2,-4,-2.3,7.3,-3.3,0.17,-0.1,0.39,-0.12,-0.2,0.1,0.1,,-4.8
3522703,SP,3509,Itápolis,-48.8165,-21.5477,Araraquara,-2.3,-0.8,-4,-2.3,4.4,-3.6,0.25,-0.16,0.27,-0.19,1,2.9,-3.2,-3.7,-4.8
3522802,SP,3502,Itaporanga,-49.4586,-23.6733,Sorocaba,-2.6,-2.2,-4,-2.3,10.4,-1.5,0.29,-0.08,0.44,-0.05,-0.3,1.8,-2.6,5.2,-5.4
3522901,SP,3503,Itapuí,-48.6999,-22.2506,Bauru,-2,-2.4,-4,-2.3,2.3,-1.4,0.09,-0.04,0.15,-0.09,-0.5,3.2,-3,-7.1,-8.8
3523008,SP,3506,Itapura,-51.4414,-20.5963,Araçatuba,-5.9,-4.6,-4,-2.3,0.1,0.3,-0.07,0.16,0.07,-0.02,0,0.4,-1.9,2,2.7
3523107,SP,3501,Itaquaquecetuba,-46.3335,-23.4614,São Paulo,,0.3,-4,-2.3,8.3,-3.4,0.37,-0.11,0.46,-0.17,-0.6,0.8,-2.2,,
3523206,SP,3502,Itararé,-49.304,-24.08,Sorocaba,-2.6,-2.2,-4,-2.3,11.3,-5.8,0.4,-0.24,0.43,-0.19,-0.7,0.5,1.4,2.2,3.2
3523305,SP,3501,Itariri,-47.1278,-24.2922,São Paulo,,0.3,-4,-2.3,3.8,0.4,0.04,0.02,0.17,0.03,-0.9,1.9,-2.9,,
3523404,SP,3510,Itatiba,-46.8162,-23.008,Campinas,-2,-1.6,-4,-2.3,7.4,-3.1,0.41,-0.13,0.34,-0.13,0,0.5,-2.7,2,-2.4
3523503,SP,3503,Itatinga,-48.6301,-23.1532,Bauru,-2,-2.4,-4,-2.3,7,-2.9,0.12,-0.04,0.38,-0.17,0,1.1,-2.4,-0.6,-3.6
3523602,SP,3509,Itirapina,-47.835,-22.2944,Araraquara,-2.3,-0.8,-4,-2.3,1.5,-1.7,0.2,-0.12,0.1,-0.06,-0.3,1.4,1.2,-0.7,-3.2
3523701,SP,3508,Itirapuã,-47.1671,-20.6552,Ribeirão Preto,-2.9,0.4,-4,-2.3,-0.9,2.3,-0.03,0.16,-0.04,0.13,0,0.8,-0.3,-0.6,-5.2
3523800,SP,3510,Itobi,-46.9213,-21.7471,Campinas,-2,-1.6,-4,-2.3,2.9,-1.9,0.18,-0.05,0.14,-0.08,0.1,1.4,-1.3,1.6,-2.2
3523909,SP,3502,Itu,-47.2836,-23.3084,Sorocaba,-2.6,-2.2,-4,-2.3,10.1,-5.9,0.42,-0.24,0.46,-0.26,-0.3,1,0.2,,0.9
3524006,SP,3510,Itupeva,-47.0671,-23.1474,Campinas,-2,-1.6,-4,-2.3,7,-0.4,0.37,0.03,0.36,0,0.7,0.6,-5,,-6.5
3524105,SP,3508,Ituverava,-47.8078,-20.3314,Ribeirão Preto,-2.9,0.4,-4,-2.3,7.5,-5.7,0.32,-0.12,0.36,-0.28,0.5,2.5,0,-5,2
3524204,SP,3508,Jaborandi,-48.4156,-20.6487,Ribeirão Preto,-2.9,0.4,-4,-2.3,6.8,-4.2,0.37,-0.14,0.44,-0.26,0.5,2.3,1.8,-2.8,
3524303,SP,3508,Jaboticabal,-48.2887,-21.2179,Ribeirão Preto,-2.9,0.4,-4,-2.3,2.9,-2.1,0.19,-0.04,0.15,-0.11,0.5,3.4,0.8,-2.3,-4.7
3524402,SP,3511,Jacareí,-45.9892,-23.3002,São José dos Campos,6.6,-1.1,-4,-2.3,6.8,-2.2,0.33,-0.06,0.35,-0.13,0.6,0.8,-1.2,,-10.5
3524501,SP,3507,Jaci,-49.5816,-20.9466,São José do Rio Preto,-3.1,-7.4,-4,-2.3,2.7,-3.2,0.07,-0.13,0.17,-0.18,0.7,2.6,-0.9,,-2.5
3524600,SP,3502,Jacupiranga,-48.0534,-24.7778,Sorocaba,-2.6,-2.2,-4,-2.3,4.2,0.5,0.25,-0.06,0.22,0.08,0.3,2.2,2.5,,-5.9
3524709,SP,3510,Jaguariúna,-47.0132,-22.691,Campinas,-2,-1.6,-4,-2.3,6.8,-3.6,0.29,-0.08,0.34,-0.18,0,1.5,-7.2,-0.3,5.1
3524808,SP,3507,Jales,-50.5541,-20.2879,São José do Rio Preto,-3.1,-7.4,-4,-2.3,2.7,0.2,0.15,0.13,0.15,0,-0.4,2.7,-3,-6.3,-0.7
3524907,SP,3511,Jambeiro,-45.7099,-23.2779,São José dos Campos,6.6,-1.1,-4,-2.3,4.3,1.5,0.23,0.06,0.23,0.09,0.3,0.3,-5.7,,
3525003,SP,3501,Jandira,-46.9036,-23.5414,São Paulo,,0.3,-4,-2.3,5.7,-1.3,0.21,-0.11,0.4,-0.12,-0.2,0.6,0,,
3525102,SP,3508,Jardinópolis,-47.8253,-20.9913,Ribeirão Preto,-2.9,0.4,-4,-2.3,-0.3,2.2,0.04,0.04,-0.01,0.15,0.6,2.7,2,0.4,1.6
3525201,SP,3510,Jarinu,-46.7207,-23.1143,Campinas,-2,-1.6,-4,-2.3,5.9,-2.8,0.32,-0.08,0.29,-0.13,0.4,0.6,-2.7,,0.9
3525300,SP,3503,Jaú,-48.5558,-22.2954,Bauru,-2,-2.4,-4,-2.3,2.2,-1.1,0.03,-0.03,0.14,-0.07,0.1,2.4,-4,-1,-2
3525409,SP,3508,Jeriquara,-47.5743,-20.3404,Ribeirão Preto,-2.9,0.4,-4,-2.3,8.4,-7.4,0.42,-0.28,0.46,-0.41,-0.3,0.8,-0.3,-0.1,2.7
3525508,SP,3510,Joanópolis,-46.2112,-22.9386,Campinas,-2,-1.6,-4,-2.3,4.7,-0.1,0.25,0.09,0.3,0,0.5,0.1,-0.9,,1.4
3525607,SP,3505,João Ramalho,-50.7985,-22.2766,Presidente Prudente,-5.8,-2.6,-4,-2.3,6.8,-1.4,0.17,0.07,0.36,-0.06,-0.3,2.3,-0.1,0,2.8
3525706,SP,3507,José Bonifácio,-49.7799,-21.088,São José do Rio Preto,-3.1,-7.4,-4,-2.3,1.2,-1,-0.02,0.01,0.09,-0.06,0.8,1.9,-8.2,-3.2,-8.2
3525805,SP,3504,Júlio Mesquita,-49.793,-21.9716,Marília,-9.1,-3.4,-4,-2.3,6,-3.6,0.28,-0.18,0.37,-0.2,-0.7,0.6,-3.1,,-0.4
3525854,SP,3502,Jumirim,-47.7922,-23.1018,Sorocaba,-2.6,-2.2,-4,-2.3,6.5,0.1,0.32,-0.04,0.29,0.03,0,2.6,-3.1,,-14.5
3525904,SP,3510,Jundiaí,-46.9128,-23.1935,Campinas,-2,-1.6,-4,-2.3,5.7,0.1,0.33,0.03,0.31,0.02,0.8,0.6,-1.3,,8.9
3526001,SP,3505,Junqueirópolis,-51.4363,-21.4505,Presidente Prudente,-5.8,-2.6,-4,-2.3,7.6,-0.8,0.16,0.11,0.38,-0.02,0.3,1,-3.7,,-5.7
3526100,SP,3502,Juquiá,-47.6521,-24.2134,Sorocaba,-2.6,-2.2,-4,-2.3,10.1,-2.8,0.44,-0.16,0.52,-0.11,-0.1,2.7,2.1,,-15.2
3526209,SP,3501,Juquitiba,-47.0263,-23.9551,São Paulo,,0.3,-4,-2.3,4,1.3,0.25,-0.06,0.23,0.06,-0.1,0.4,-0.8,,
3526308,SP,3511,Lagoinha,-45.2075,-23.0872,São José dos Campos,6.6,-1.1,-4,-2.3,3.4,1.3,0.1,0.15,0.19,0.06,0.3,0,-3.8,,-4.7
3526407,SP,3510,Laranjal Paulista,-47.8682,-23.0126,Campinas,-2,-1.6,-4,-2.3,6.5,-1,0.34,-0.14,0.28,-0.03,-0.4,2.5,-2.2,-0.2,-2
3526506,SP,3506,Lavínia,-51.0327,-21.1498,Araçatuba,-5.9,-4.6,-4,-2.3,-0.9,3.8,-0.09,0.27,0.01,0.2,1.2,1.3,-5.1,-1.8,-0.4
3526605,SP,3511,Lavrinhas,-44.8889,-22.5227,São José dos Campos,6.6,-1.1,-4,-2.3,3.7,1.7,0.23,0.07,0.2,0.07,0.5,1.5,1.8,,2.4
3526704,SP,3510,Leme,-47.337,-22.1714,Campinas,-2,-1.6,-4,-2.3,3.4,-1.6,0.22,0.01,0.2,-0.1,0.4,1.5,-0.5,-1.5,-1.1
3526803,SP,3503,Lençóis Paulista,-48.8236,-22.675,Bauru,-2,-2.4,-4,-2.3,1.5,-0.3,0.06,0.01,0.12,-0.03,0.2,2.3,-1,0,-2
3526902,SP,3510,Limeira,-47.3642,-22.5997,Campinas,-2,-1.6,-4,-2.3,4.9,-0.5,0.22,0.06,0.28,-0.03,-0.1,1.6,-3.9,-0.2,-1.1
3527009,SP,3510,Lindóia,-46.6534,-22.5146,Campinas,-2,-1.6,-4,-2.3,3.7,-0.8,0.18,0.03,0.2,-0.04,0.8,0.8,-3.1,,-4.9
3527108,SP,3503,Lins,-49.6834,-21.6497,Bauru,-2,-2.4,-4,-2.3,4.8,-2.1,0.26,-0.09,0.3,-0.08,1.3,-0.9,-0.7,-9.1,-6.4
3527207,SP,3511,Lorena,-45.0591,-22.7936,São José dos Campos,6.6,-1.1,-4,-2.3,2.8,4.7,0.15,0.22,0.18,0.24,0.6,2.1,3.1,,44.4
3527256,SP,3506,Lourdes,-50.2337,-20.9492,Araçatuba,-5.9,-4.6,-4,-2.3,3.1,0.2,0.06,0.12,0.24,0,0.5,2.8,-0.9,-11.8,-5.3
3527306,SP,3510,Louveira,-46.936,-23.083,Campinas,-2,-1.6,-4,-2.3,7,-1.9,0.41,-0.08,0.36,-0.08,0.2,0.5,-3.9,,0.5
3527405,SP,3505,Lucélia,-50.9919,-21.6431,Presidente Prudente,-5.8,-2.6,-4,-2.3,9.2,-3.2,0.17,0.09,0.46,-0.16,0.4,0.5,-3.3,,-1.7
3527504,SP,3503,Lucianópolis,-49.5497,-22.4723,Bauru,-2,-2.4,-4,-2.3,4.1,0.6,0.03,0.21,0.27,0.04,-0.1,2,-2.4,-3.8,-2.4
3527603,SP,3508,Luís Antônio,-47.7821,-21.5531,Ribeirão Preto,-2.9,0.4,-4,-2.3,2.8,-1.2,0.21,0,0.2,-0.07,0.7,2.1,-0.6,-2.5,-2.7
3527702,SP,3506,Luiziânia,-50.3503,-21.6733,Araçatuba,-5.9,-4.6,-4,-2.3,4.5,0.8,0.1,0.16,0.25,0.08,-0.6,1.9,-0.3,,-0.9
3527801,SP,3504,Lupércio,-49.8159,-22.4262,Marília,-9.1,-3.4,-4,-2.3,5,-0.1,0.09,0.15,0.28,0,-0.3,1.9,-0.1,0.4,-5.1
3527900,SP,3504,Lutécia,-50.3861,-22.3244,Marília,-9.1,-3.4,-4,-2.3,6.4,-3.4,0.27,0.02,0.4,-0.17,-0.9,2.3,-3,2.6,-2.4
3528007,SP,3503,Macatuba,-48.7194,-22.4838,Bauru,-2,-2.4,-4,-2.3,1,-0.7,0.11,-0.05,0.06,-0.05,0,3.1,-1.7,,-6.1
3528106,SP,3507,Macaubal,-49.9748,-20.8362,São José do Rio Preto,-3.1,-7.4,-4,-2.3,3.8,-0.5,0.08,0.04,0.24,-0.04,0.4,2.3,-3.4,26,-9.1
3528205,SP,3507,Macedônia,-50.1823,-20.0964,São José do Rio Preto,-3.1,-7.4,-4,-2.3,5.6,-1.3,0.34,0.02,0.34,-0.08,0,3,-5.2,-3.3,-2.1
3528304,SP,3506,Magda,-50.2298,-20.5978,Araçatuba,-5.9,-4.6,-4,-2.3,3.8,1.1,0.27,0.07,0.24,0.05,0.2,3.5,-4.8,-2.3,12.3
3528403,SP,3502,Mairinque,-47.2277,-23.5069,Sorocaba,-2.6,-2.2,-4,-2.3,12.3,-5.6,0.65,-0.38,0.63,-0.28,-0.6,0.5,-2,,0.4
3528502,SP,3501,Mairiporã,-46.5621,-23.3157,São Paulo,,0.3,-4,-2.3,8.7,-3.1,0.35,-0.07,0.5,-0.15,-0.2,0.4,-0.8,,
3528601,SP,3502,Manduri,-49.3037,-23.0449,Sorocaba,-2.6,-2.2,-4,-2.3,6.6,-4,0.08,-0.06,0.38,-0.23,0,1.8,-2.9,-4.9,3.3
3528700,SP,3505,Marabá Paulista,-52.0568,-22.1271,Presidente Prudente,-5.8,-2.6,-4,-2.3,6.5,-1,0.01,0.17,0.32,-0.06,0.1,1.2,-2,-0.8,-10
3528809,SP,3504,Maracaí,-50.7497,-22.6539,Marília,-9.1,-3.4,-4,-2.3,7.8,-3.1,0.16,0.04,0.45,-0.15,-0.1,1.5,-2.6,-8.3,-1.7
3528858,SP,3507,Marapoama,-49.1396,-21.255,São José do Rio Preto,-3.1,-7.4,-4,-2.3,1.8,-2.5,0.09,-0.08,0.11,-0.11,0.7,2,-3.3,,-14.2
3528908,SP,3505,Mariápolis,-51.1719,-21.7803,Presidente Prudente,-5.8,-2.6,-4,-2.3,11.8,-3.2,0.29,0.06,0.54,-0.14,1.3,1.6,-2.8,,2.4
3529005,SP,3504,Marília,-49.9817,-22.1779,Marília,-9.1,-3.4,-4,-2.3,5.6,-3.2,0.27,-0.05,0.33,-0.17,-0.4,1.3,-2.9,,-3.8
3529104,SP,3507,Marinópolis,-50.8344,-20.4794,São José do Rio Preto,-3.1,-7.4,-4,-2.3,5.9,-1.4,0.26,0.05,0.31,-0.09,-0.4,2.2,-2.8,,-5.7
3529203,SP,3505,Martinópolis,-51.1235,-22.1711,Presidente Prudente,-5.8,-2.6,-4,-2.3,9.8,-1.7,0.23,0.13,0.53,-0.09,0.1,1.7,0.5,-3.8,-2.5
3529302,SP,3509,Matão,-48.4307,-21.6109,Araraquara,-2.3,-0.8,-4,-2.3,3.3,-2.6,0.22,-0.1,0.18,-0.14,-0.1,2.2,-1.6,-2.6,-0.5
3529401,SP,3501,Mauá,-46.4472,-23.6672,São Paulo,,0.3,-4,-2.3,5.7,-0.1,0.18,0.02,0.35,0.01,-0.7,0.5,4.5,,
3529500,SP,3507,Mendonça,-49.5712,-21.1923,São José do Rio Preto,-3.1,-7.4,-4,-2.3,3,-3.3,0.09,-0.14,0.2,-0.18,0.7,1.7,-6.4,-6,-10.6
3529609,SP,3507,Meridiano,-50.1836,-20.3937,São José do Rio Preto,-3.1,-7.4,-4,-2.3,3.3,2,0.25,0.13,0.2,0.1,0,3.3,-7.2,-4.8,-2.8
3529658,SP,3507,Mesópolis,-50.6156,-19.9585,São José do Rio Preto,-3.1,-7.4,-4,-2.3,2.9,0.1,0.16,0.11,0.15,-0.02,0.2,3,-5.2,-0.9,-5.7
3529708,SP,3508,Miguelópolis,-48.1041,-20.1858,Ribeirão Preto,-2.9,0.4,-4,-2.3,9.7,-8.4,0.44,-0.28,0.45,-0.39,0.9,2.4,2.1,-3.5,2.6
3529807,SP,3503,Mineiros Do Tietê,-48.4322,-22.4656,Bauru,-2,-2.4,-4,-2.3,2.7,-1.4,0.1,-0.03,0.18,-0.09,-0.1,2.4,-1.5,-4,-4
3529906,SP,3502,Miracatu,-47.3935,-24.1935,Sorocaba,-2.6,-2.2,-4,-2.3,6,-1.7,0.26,-0.22,0.32,-0.1,-0.5,2.4,-1.9,,
3530003,SP,3507,Mira Estrela,-50.1224,-19.9526,São José do Rio Preto,-3.1,-7.4,-4,-2.3,4.6,-0.6,0.24,0.05,0.26,-0.04,-0.2,2.8,-2.2,-9.4,-0.5
3530102,SP,3506,Mirandópolis,-51.1309,-21.0811,Araçatuba,-5.9,-4.6,-4,-2.3,0.2,2.1,-0.05,0.17,0.07,0.09,0.3,1.5,-2.1,-2,1.1
3530201,SP,3505,Mirante Do Paranapanema,-51.9982,-22.3496,Presidente Prudente,-5.8,-2.6,-4,-2.3,6.2,-2,0.04,0.12,0.33,-0.11,0.1,1.3,-1.3,8.4,-11
3530300,SP,3507,Mirassol,-49.5054,-20.8288,São José do Rio Preto,-3.1,-7.4,-4,-2.3,3.4,-1.6,0.17,-0.12,0.2,-0.1,0.3,2.5,-1.7,6.2,0.3
3530409,SP,3507,Mirassolândia,-49.4867,-20.5955,São José do Rio Preto,-3.1,-7.4,-4,-2.3,3.3,-2.4,0.17,-0.12,0.22,-0.15,0.6,3.3,-3.3,-12,-5
3530508,SP,3510,Mococa,-47.0338,-21.4504,Campinas,-2,-1.6,-4,-2.3,4.5,-1.8,0.26,-0.08,0.23,-0.06,-0.2,2.8,-3.5,2.1,6.7
3530607,SP,3501,Mogi Das Cruzes,-46.1866,-23.569,São Paulo,,0.3,-4,-2.3,3.2,-0.9,0.16,-0.1,0.22,-0.07,-0.8,0.4,1.1,,2.4
3530706,SP,3510,Mogi Guaçu,-47.0277,-22.2337,Campinas,-2,-1.6,-4,-2.3,2.7,0.9,0.11,0.1,0.15,0.04,-0.1,1.1,-2.3,-5.6,-2
3530805,SP,3510,Moji Mirim,-46.9886,-22.452,Campinas,-2,-1.6,-4,-2.3,4.9,-1.9,0.22,0.03,0.31,-0.11,1,0.9,-1.5,4.6,-1.3
3530904,SP,3510,Mombuca,-47.6057,-22.943,Campinas,-2,-1.6,-4,-2.3,5,1.3,0.28,0.02,0.27,0.09,0,2.7,-5.4,,-2
3531001,SP,3506,Monções,-50.0776,-20.8642,Araçatuba,-5.9,-4.6,-4,-2.3,3.5,-0.2,0.04,0.11,0.27,-0.04,0.1,2.7,-2.6,-10.6,5.7
3531100,SP,3501,Mongaguá,-46.6682,-24.0718,São Paulo,,0.3,-4,-2.3,7,-2.2,0.26,-0.17,0.38,-0.14,-0.9,3.2,0,,
3531209,SP,3510,Monte Alegre Do Sul,-46.6686,-22.7048,Campinas,-2,-1.6,-4,-2.3,2.5,1,0.11,0.16,0.15,0.07,0.6,0.3,-0.9,,-3.3
3531308,SP,3508,Monte Alto,-48.5328,-21.2598,Ribeirão Preto,-2.9,0.4,-4,-2.3,4.2,-3.8,0.22,-0.09,0.23,-0.17,-0.3,3.1,-0.2,-4,-4.3
3531407,SP,3507,Monte Aprazível,-49.7661,-20.7368,São José do Rio Preto,-3.1,-7.4,-4,-2.3,4.9,-0.8,0.2,-0.07,0.29,-0.05,-0.2,2.9,-5,-3.9,-6.7
3531506,SP,3508,Monte Azul Paulista,-48.6806,-20.909,Ribeirão Preto,-2.9,0.4,-4,-2.3,5.6,-5.9,0.3,-0.31,0.34,-0.33,0.4,2.9,-4,-1.1,-6.6
3531605,SP,3505,Monte Castelo,-51.572,-21.2565,Presidente Prudente,-5.8,-2.6,-4,-2.3,4.8,0.3,0.08,0.12,0.24,0.02,1.3,1.3,-4.8,,1.6
3531704,SP,3511,Monteiro Lobato,-45.8031,-22.9329,São José dos Campos,6.6,-1.1,-4,-2.3,3.1,0,0.08,0.1,0.12,0.03,0,0.4,-1,,
3531803,SP,3510,Monte Mor,-47.3069,-22.9521,Campinas,-2,-1.6,-4,-2.3,6.6,-0.9,0.32,-0.05,0.39,-0.06,-0.2,2.4,-2.5,1.3,
3531902,SP,3508,Morro Agudo,-48.153,-20.6882,Ribeirão Preto,-2.9,0.4,-4,-2.3,4.7,-2.5,0.32,-0.11,0.27,-0.14,1.1,3.4,3.2,-3.4,-1.5
3532009,SP,3510,Morungaba,-46.7824,-22.895,Campinas,-2,-1.6,-4,-2.3,3.7,2.3,0.21,0.19,0.16,0.12,0.8,0.5,0,,-5.3
3532058,SP,3509,Motuca,-48.1704,-21.51,Araraquara,-2.3,-0.8,-4,-2.3,3.4,-1.9,0.24,-0.11,0.2,-0.06,1,2.4,0.8,-1.5,2.1
3532108,SP,3506,Murutinga Do Sul,-51.3034,-20.9981,Araçatuba,-5.9,-4.6,-4,-2.3,1.3,0.9,0.02,0.13,0.11,0.05,-0.1,0.5,-1.9,,-4.3
3532157,SP,3505,Nantes,-51.2,-22.5935,Presidente Prudente,-5.8,-2.6,-4,-2.3,7.7,-2.7,0.2,0.09,0.39,-0.08,0.6,1.1,-2.7,-0.1,
3532207,SP,3505,Narandiba,-51.5216,-22.5603,Presidente Prudente,-5.8,-2.6,-4,-2.3,5.8,-2.5,0.12,0.01,0.32,-0.1,1.3,1.2,-3.4,-2.4,-4.4
3532306,SP,3511,Natividade Da Serra,-45.3808,-23.4155,São José dos Campos,6.6,-1.1,-4,-2.3,5.2,1.9,0.22,-0.03,0.32,0.07,1.1,0.2,-1.9,,-1.1
3532405,SP,3510,Nazaré Paulista,-46.3689,-23.1918,Campinas,-2,-1.6,-4,-2.3,6,-1.5,0.3,-0.04,0.31,-0.06,0.1,0.3,0.9,,-5.1
3532504,SP,3507,Neves Paulista,-49.6473,-20.8713,São José do Rio Preto,-3.1,-7.4,-4,-2.3,3.1,-1.4,0.16,-0.09,0.18,-0.09,0.1,2.6,-4.5,,-3.8
3532603,SP,3507,Nhandeara,-50.0469,-20.6748,São José do Rio Preto,-3.1,-7.4,-4,-2.3,5.7,-0.3,0.28,0.03,0.33,-0.03,-0.2,3,-6.2,-2.4,-6.1
3532702,SP,3507,Nipoã,-49.7781,-20.8935,São José do Rio Preto,-3.1,-7.4,-4,-2.3,3,-0.1,0.12,0.01,0.18,-0.02,0.4,2.7,-5.5,,-3.8
3532801,SP,3507,Nova Aliança,-49.5136,-21.0626,São José do Rio Preto,-3.1,-7.4,-4,-2.3,2.9,-4.1,0.08,-0.16,0.17,-0.21,1,2,-5.1,-1.5,-6.4
3532827,SP,3502,Nova Campina,-48.9713,-24.1904,Sorocaba,-2.6,-2.2,-4,-2.3,4.7,0.3,0.15,0,0.22,0.04,-0.4,0.3,-2.8,-2,0.5
3532843,SP,3507,Nova Canaã Paulista,-50.9086,-20.3722,São José do Rio Preto,-3.1,-7.4,-4,-2.3,5.4,0.4,0.29,0.09,0.29,-0.01,-0.3,1.9,-1.2,,-2.9
3532868,SP,3506,Nova Castilho,-50.3481,-20.7764,Araçatuba,-5.9,-4.6,-4,-2.3,2.2,0.6,0.11,0.13,0.18,0.01,0.6,3.1,-3.6,-1.9,5.2
3532900,SP,3509,Nova Europa,-48.55,-21.7747,Araraquara,-2.3,-0.8,-4,-2.3,5.6,-3.4,0.23,-0.09,0.27,-0.13,-0.6,2.7,-4.3,-8.1,-5.7
3533007,SP,3507,Nova Granada,-49.3316,-20.4783,São José do Rio Preto,-3.1,-7.4,-4,-2.3,4,-3.3,0.22,-0.18,0.26,-0.18,0.3,3.2,-4.9,1,-13
3533106,SP,3505,Nova Guataporanga,-51.6476,-21.3232,Presidente Prudente,-5.8,-2.6,-4,-2.3,6.5,-0.3,0.12,0.14,0.34,-0.03,1.3,1.2,-2.2,,0.4
3533205,SP,3506,Nova Independência,-51.5043,-21.1366,Araçatuba,-5.9,-4.6,-4,-2.3,1.7,0.9,-0.05,0.17,0.11,0.04,1.6,1.3,-4.9,,
3533254,SP,3507,Novais,-48.9189,-20.9901,São José do Rio Preto,-3.1,-7.4,-4,-2.3,1.5,-3.6,0.18,-0.25,0.12,-0.19,0.9,2.7,-0.8,,-8.9
3533304,SP,3506,Nova Luzitânia,-50.2487,-20.87,Araçatuba,-5.9,-4.6,-4,-2.3,3,-0.1,0.09,0.1,0.25,-0.03,0.3,2,-3.7,-10.3,-3.3
3533403,SP,3510,Nova Odessa,-47.285,-22.7831,Campinas,-2,-1.6,-4,-2.3,6.8,-2.8,0.24,-0.06,0.35,-0.15,0.3,2.2,-4.7,22.2,
3533502,SP,3507,Novo Horizonte,-49.2837,-21.469,São José do Rio Preto,-3.1,-7.4,-4,-2.3,2.4,-2.9,0.19,-0.16,0.15,-0.13,0.5,2.1,-3,-2.7,-6.8
3533601,SP,3508,Nuporanga,-47.7299,-20.7059,Ribeirão Preto,-2.9,0.4,-4,-2.3,2.5,-1.7,0.2,-0.1,0.1,-0.06,0.6,1.3,2.3,-1.2,0.8
3533700,SP,3504,Ocauçu,-49.9374,-22.4387,Marília,-9.1,-3.4,-4,-2.3,5.2,-2.9,0.09,0.05,0.28,-0.14,0.8,1.9,0.6,-7.1,-3.3
3533809,SP,3502,Óleo,-49.383,-22.9526,Sorocaba,-2.6,-2.2,-4,-2.3,6.9,-4.1,0.07,-0.02,0.37,-0.21,0.3,1.8,-2,-5.9,0.1
3533908,SP,3508,Olímpia,-48.9605,-20.707,Ribeirão Preto,-2.9,0.4,-4,-2.3,1.5,-2.6,0.2,-0.17,0.13,-0.12,0.7,2.9,-5.3,-2.9,-10.6
3534005,SP,3507,Onda Verde,-49.2452,-20.6172,São José do Rio Preto,-3.1,-7.4,-4,-2.3,2.9,-1.1,0.13,-0.1,0.19,-0.07,1.1,2.4,-6.4,-7.6,-12.9
3534104,SP,3504,Oriente,-50.0932,-22.1403,Marília,-9.1,-3.4,-4,-2.3,6.3,-3.5,0.26,-0.05,0.36,-0.17,-0.4,1.6,-2.8,,14.1
3534203,SP,3507,Orindiúva,-49.3562,-20.2033,São José do Rio Preto,-3.1,-7.4,-4,-2.3,4,-3.3,0.3,-0.18,0.28,-0.19,-0.6,3,-3.6,-5.2,7.5
3534302,SP,3508,Orlândia,-47.9038,-20.6999,Ribeirão Preto,-2.9,0.4,-4,-2.3,5.5,-3.3,0.26,-0.13,0.24,-0.14,0.6,1.9,0.6,-2.7,-4.5
3534401,SP,3501,Osasco,-46.7879,-23.529,São Paulo,,0.3,-4,-2.3,7.9,-2.5,0.34,-0.13,0.51,-0.17,-0.3,0.5,-0.9,,
3534500,SP,3504,Oscar Bressane,-50.2561,-22.2949,Marília,-9.1,-3.4,-4,-2.3,6.5,-4,0.32,-0.02,0.4,-0.21,-0.5,2,-4.4,-16.1,0.7
3534609,SP,3505,Osvaldo Cruz,-50.8743,-21.7334,Presidente Prudente,-5.8,-2.6,-4,-2.3,6.8,-2.1,0.11,0.13,0.34,-0.11,0.1,2.1,-2.1,,-3.6
3534708,SP,3504,Ourinhos,-49.8524,-22.9507,Marília,-9.1,-3.4,-4,-2.3,12.5,-3.8,0.24,0.03,0.61,-0.18,-0.4,2.9,-0.6,-5.9,-0.1
3534757,SP,3507,Ouroeste,-50.402,-19.9248,São José do Rio Preto,-3.1,-7.4,-4,-2.3,2.4,0.8,0.16,0.17,0.12,0.02,0,2.8,-3.9,-7.8,-8.2
3534807,SP,3505,Ouro Verde,-51.738,-21.5122,Presidente Prudente,-5.8,-2.6,-4,-2.3,5.9,0.7,0.07,0.2,0.3,0.04,0.8,0.2,0.2,,-0.3
3534906,SP,3505,Pacaembu,-51.2737,-21.4945,Presidente Prudente,-5.8,-2.6,-4,-2.3,9.7,-2.1,0.26,0.06,0.48,-0.1,0.5,0.7,-2.2,,-0.1
3535002,SP,3507,Palestina,-49.4972,-20.3216,São José do Rio Preto,-3.1,-7.4,-4,-2.3,3.3,-2.6,0.27,-0.13,0.24,-0.16,-1.1,3.1,-3.1,-3.6,-19.7
3535101,SP,3507,Palmares Paulista,-48.8271,-21.1029,São José do Rio Preto,-3.1,-7.4,-4,-2.3,3.5,-5,0.16,-0.19,0.2,-0.24,-0.4,3.2,-3.3,-2.6,-8.6
3535200,SP,3507,Palmeira D'oeste,-50.7496,-20.4391,São José do Rio Preto,-3.1,-7.4,-4,-2.3,4.1,-0.5,0.15,0.08,0.25,-0.04,-0.4,2.2,-1.6,,-7.9
3535309,SP,3504,Palmital,-50.2196,-22.8273,Marília,-9.1,-3.4,-4,-2.3,6.5,-1.8,-0.02,0.02,0.33,-0.09,0.4,1.8,0.1,-7.4,-0.3
3535408,SP,3505,Panorama,-51.8578,-21.463,Presidente Prudente,-5.8,-2.6,-4,-2.3,5.5,0.7,0.06,0.2,0.29,0.02,0.4,0.4,-3.3,,-0.6
3535507,SP,3504,Paraguaçu Paulista,-50.6262,-22.4594,Marília,-9.1,-3.4,-4,-2.3,6.4,-1.4,0.14,0.13,0.38,-0.06,-0.9,2.1,-1.8,-8.1,-5.4
3535606,SP,3511,Paraibuna,-45.6413,-23.4769,São José dos Campos,6.6,-1.1,-4,-2.3,5.2,2.4,0.26,0.1,0.29,0.13,0,0.3,-3,,
3535705,SP,3507,Paraíso,-48.7666,-21.0233,São José do Rio Preto,-3.1,-7.4,-4,-2.3,3.6,-5.8,0.19,-0.28,0.23,-0.32,0.2,3.1,-2.2,-3.5,-13
3535804,SP,3502,Paranapanema,-48.7952,-23.4365,Sorocaba,-2.6,-2.2,-4,-2.3,7.2,-4.8,0.11,-0.23,0.38,-0.24,-0.2,1.4,-2.9,1.9,-9.7
3535903,SP,3507,Paranapuã,-50.5928,-20.0658,São José do Rio Preto,-3.1,-7.4,-4,-2.3,3.4,-0.3,0.19,0.12,0.19,-0.04,0,3,-5,-7.7,-0.8
3536000,SP,3504,Parapuã,-50.821,-21.8539,Marília,-9.1,-3.4,-4,-2.3,6.3,-1.8,0.08,0.15,0.33,-0.09,0.2,2.5,-2.5,-0.4,-13.9
3536109,SP,3503,Pardinho,-48.4027,-23.1003,Bauru,-2,-2.4,-4,-2.3,7.2,-2.4,0.11,0.02,0.38,-0.12,-0.2,1.3,-3.1,0.2,0.3
3536208,SP,3502,Pariquera-Açu,-47.8475,-24.6788,Sorocaba,-2.6,-2.2,-4,-2.3,6.1,-1,0.29,-0.06,0.28,0.02,0.3,2.6,-0.4,,82.1
3536257,SP,3507,Parisi,-50.0381,-20.2708,São José do Rio Preto,-3.1,-7.4,-4,-2.3,4.1,1.2,0.29,0.08,0.24,0.06,-0.3,3,-5.3,,-3.4
3536307,SP,3508,Patrocínio Paulista,-47.2903,-20.7032,Ribeirão Preto,-2.9,0.4,-4,-2.3,1.5,-1,0.05,-0.02,0.06,-0.02,-0.1,1,3.5,-0.6,2
3536406,SP,3505,Paulicéia,-51.7902,-21.1977,Presidente Prudente,-5.8,-2.6,-4,-2.3,3.2,0.5,0.03,0.15,0.19,0,1.4,-0.1,-4.2,,-3.5
3536505,SP,3510,Paulínia,-47.1426,-22.7493,Campinas,-2,-1.6,-4,-2.3,7.5,-3.7,0.25,-0.09,0.37,-0.2,0.5,2,-4.7,,
3536570,SP,3503,Paulistânia,-49.3061,-22.5694,Bauru,-2,-2.4,-4,-2.3,7.5,-1.6,0.15,0.09,0.43,-0.05,-0.3,2,0.5,,3.5
3536604,SP,3507,Paulo De Faria,-49.4628,-20.067,São José do Rio Preto,-3.1,-7.4,-4,-2.3,3,-1.7,0.24,-0.08,0.21,-0.11,-0.5,3.3,-4.3,-5.4,13.5
3536703,SP,3503,Pederneiras,-48.86,-22.3003,Bauru,-2,-2.4,-4,-2.3,1,-0.3,0.06,0,0.09,-0.04,0,2.3,-2.7,1.9,-4.8
3536802,SP,3510,Pedra Bela,-46.4422,-22.7778,Campinas,-2,-1.6,-4,-2.3,4.2,-0.4,0.27,0.05,0.25,0,0.7,0.1,-4.7,,-0.3
3536901,SP,3507,Pedranópolis,-50.1067,-20.2084,São José do Rio Preto,-3.1,-7.4,-4,-2.3,4.4,0.6,0.3,0.08,0.28,0.01,-0.6,3.3,-7.3,8,6.3
3537008,SP,3508,Pedregulho,-47.438,-20.2054,Ribeirão Preto,-2.9,0.4,-4,-2.3,6.5,-5.2,0.27,-0.21,0.38,-0.32,-1,0.7,-0.2,0.5,1.7
3537107,SP,3510,Pedreira,-46.8912,-22.756,Campinas,-2,-1.6,-4,-2.3,5.4,-0.1,0.24,0.07,0.26,0.02,0.5,0.8,-5.1,,-5.3
3537156,SP,3504,Pedrinhas Paulista,-50.8024,-22.8166,Marília,-9.1,-3.4,-4,-2.3,6.4,-2.3,0.08,0.06,0.28,-0.05,0.6,1.2,-3,-6.5,2.2
3537206,SP,3501,Pedro De Toledo,-47.1625,-24.1638,São Paulo,,0.3,-4,-2.3,4.6,-0.6,0.14,-0.07,0.28,-0.04,-0.5,2.7,-1.5,,
3537305,SP,3506,Penápolis,-50.0945,-21.4067,Araçatuba,-5.9,-4.6,-4,-2.3,6,-1,0.29,0.05,0.35,-0.03,0.8,-0.1,-2.3,-7.7,-9.9
3537404,SP,3506,Pereira Barreto,-51.1059,-20.6767,Araçatuba,-5.9,-4.6,-4,-2.3,1.5,1.1,0.03,0.18,0.12,0.02,0.6,0.9,-4.8,-5.2,-0.1
3537503,SP,3502,Pereiras,-47.9794,-23.1228,Sorocaba,-2.6,-2.2,-4,-2.3,8.8,-2.9,0.35,-0.12,0.38,-0.11,-0.6,2.2,-0.8,,-1.5
3537602,SP,3501,Peruíbe,-47.0104,-24.2791,São Paulo,,0.3,-4,-2.3,3.7,0.8,0.02,0.04,0.15,0.06,-0.7,2.8,-2.1,,
3537701,SP,3506,Piacatu,-50.6444,-21.5712,Araçatuba,-5.9,-4.6,-4,-2.3,3.8,1.7,0.1,0.21,0.21,0.11,-0.5,1,0.7,0.2,-10.2
3537800,SP,3502,Piedade,-47.4376,-23.7875,Sorocaba,-2.6,-2.2,-4,-2.3,10.2,-4.7,0.43,-0.27,0.49,-0.24,-0.8,0.2,1.1,,6.7
3537909,SP,3502,Pilar Do Sul,-47.7282,-23.8544,Sorocaba,-2.6,-2.2,-4,-2.3,10.5,-5.2,0.28,-0.16,0.57,-0.26,-0.1,0.3,-0.2,-0.3,-0.9
3538006,SP,3511,Pindamonhangaba,-45.4578,-22.8804,São José dos Campos,6.6,-1.1,-4,-2.3,-2.8,6.4,-0.12,0.3,-0.16,0.32,0.7,1.2,0.6,,-1.4
3538105,SP,3507,Pindorama,-48.9096,-21.2107,São José do Rio Preto,-3.1,-7.4,-4,-2.3,3.1,-5,0.16,-0.16,0.17,-0.23,0.2,2.5,-2.6,,-10.6
3538204,SP,3510,Pinhalzinho,-46.5728,-22.7797,Campinas,-2,-1.6,-4,-2.3,5.2,-1.5,0.25,0.06,0.3,-0.05,0.4,0.2,-1.9,,-1.5
3538303,SP,3505,Piquerobi,-51.7291,-21.8489,Presidente Prudente,-5.8,-2.6,-4,-2.3,7,0.2,-0.02,0.29,0.34,0.03,1,1,0,-14.7,37.5
3538501,SP,3511,Piquete,-45.1745,-22.5915,São José dos Campos,6.6,-1.1,-4,-2.3,3.3,-1.7,0.23,-0.02,0.19,-0.12,0,0.3,0.4,,0.5
3538600,SP,3510,Piracaia,-46.3029,-23.0466,Campinas,-2,-1.6,-4,-2.3,5.8,0.1,0.3,0.03,0.29,0.02,0,0.2,-1.4,,-0.7
3538709,SP,3510,Piracicaba,-47.7849,-22.7259,Campinas,-2,-1.6,-4,-2.3,8,-2.4,0.25,-0.02,0.41,-0.11,-0.7,3,-5.6,-6,-2.8
3538808,SP,3504,Piraju,-49.3667,-23.1869,Marília,-9.1,-3.4,-4,-2.3,9.8,-6.1,0.24,-0.16,0.52,-0.33,0.1,2.2,-1.7,-6,-2.4
3538907,SP,3503,Pirajuí,-49.4154,-21.9597,Bauru,-2,-2.4,-4,-2.3,4.6,-1.8,0.23,-0.1,0.3,-0.12,-0.9,1,1.3,1.3,-2.8
3539004,SP,3507,Pirangi,-48.6702,-21.0956,São José do Rio Preto,-3.1,-7.4,-4,-2.3,4.5,-5.6,0.2,-0.25,0.27,-0.29,-0.4,2.9,-3.8,-7.7,-7.6
3539103,SP,3501,Pirapora Do Bom Jesus,-46.9846,-23.3787,São Paulo,,0.3,-4,-2.3,10,-6,0.38,-0.24,0.42,-0.25,-0.6,0.6,-0.9,,
3539202,SP,3505,Pirapozinho,-51.6198,-22.4806,Presidente Prudente,-5.8,-2.6,-4,-2.3,5.9,-1.9,0.12,0.02,0.37,-0.08,1.6,1,-0.9,0,-8
3539301,SP,3509,Pirassununga,-47.3878,-21.9965,Araraquara,-2.3,-0.8,-4,-2.3,4.1,-2.6,0.24,-0.09,0.24,-0.17,0,1.8,0,-3.6,-3.4
3539400,SP,3503,Piratininga,-49.188,-22.4262,Bauru,-2,-2.4,-4,-2.3,7.1,-3.2,0.24,-0.06,0.4,-0.14,-0.2,2.4,1.2,,-1.7
3539509,SP,3508,Pitangueiras,-48.2448,-21.0055,Ribeirão Preto,-2.9,0.4,-4,-2.3,2.8,-1.6,0.24,-0.06,0.18,-0.08,-0.1,3.3,-0.8,-0.3,-1.5
3539608,SP,3507,Planalto,-49.9357,-21.0033,São José do Rio Preto,-3.1,-7.4,-4,-2.3,2.4,0.6,0.01,0.13,0.18,0.02,0.7,1.5,-4.9,-4.6,-1.9
3539707,SP,3504,Platina,-50.2128,-22.6246,Marília,-9.1,-3.4,-4,-2.3,7.3,-3.3,0.08,-0.02,0.38,-0.14,0.3,2.1,-1.6,-9.1,-4.6
3539806,SP,3501,Poá,-46.3482,-23.5322,São Paulo,,0.3,-4,-2.3,5.8,-1.4,0.3,-0.09,0.36,-0.09,-0.2,0.6,3.6,,
3539905,SP,3507,Poloni,-49.8211,-20.7529,São José do Rio Preto,-3.1,-7.4,-4,-2.3,4.2,0.9,0.21,0,0.26,0.04,0.2,2.9,-5.1,-0.1,-8.8
3540002,SP,3504,Pompéia,-50.1883,-22.0284,Marília,-9.1,-3.4,-4,-2.3,5.2,-0.7,0.3,0.05,0.35,0,-0.9,1.4,-1.9,,-1.4
3540101,SP,3503,Pongaí,-49.3597,-21.7299,Bauru,-2,-2.4,-4,-2.3,3.9,-2.6,0.23,-0.13,0.21,-0.09,0.5,1.5,-3.8,,-14
3540200,SP,3508,Pontal,-48.0632,-20.9872,Ribeirão Preto,-2.9,0.4,-4,-2.3,-0.2,-0.7,0.1,-0.06,0,-0.03,0.1,3,-0.2,2.3,0
3540259,SP,3507,Pontalinda,-50.5257,-20.4508,São José do Rio Preto,-3.1,-7.4,-4,-2.3,4.9,-2,0.19,0.01,0.31,-0.14,-0.1,2.8,-3.8,,1.6
3540309,SP,3507,Pontes Gestal,-49.7563,-20.1731,São José do Rio Preto,-3.1,-7.4,-4,-2.3,5.2,-2.2,0.3,-0.07,0.36,-0.16,-0.2,2.6,-7.1,7.4,-14.5
3540408,SP,3507,Populina,-50.5159,-19.9053,São José do Rio Preto,-3.1,-7.4,-4,-2.3,2.6,0.5,0.14,0.15,0.13,0,0.3,3.2,-5.9,-0.1,-5.5
3540507,SP,3502,Porangaba,-48.1188,-23.1735,Sorocaba,-2.6,-2.2,-4,-2.3,6.8,-0.6,0.13,0.04,0.32,-0.01,0.1,2.5,-2.7,,21.1
3540606,SP,3502,Porto Feliz,-47.5164,-23.2288,Sorocaba,-2.6,-2.2,-4,-2.3,10,-2.7,0.38,-0.14,0.5,-0.13,-0.1,2.6,-1.5,,-2.2
3540705,SP,3509,Porto Ferreira,-47.4479,-21.8422,Araraquara,-2.3,-0.8,-4,-2.3,3.3,-2.8,0.24,-0.11,0.23,-0.19,0.6,2.1,1.3,3.8,4.1
3540754,SP,3511,Potim,-45.3052,-22.8278,São José dos Campos,6.6,-1.1,-4,-2.3,2.6,2.6,0.12,0.16,0.17,0.13,0.4,1.7,1.9,,
3540804,SP,3507,Potirendaba,-49.3915,-21.0763,São José do Rio Preto,-3.1,-7.4,-4,-2.3,3.5,-3.2,0.12,-0.13,0.2,-0.15,0.7,1.9,-3.7,-3.3,-1
3540853,SP,3505,Pracinha,-51.0751,-21.8386,Presidente Prudente,-5.8,-2.6,-4,-2.3,9.1,-2.3,0.14,0.14,0.45,-0.1,0.4,1.7,-0.5,,-9.4
3540903,SP,3508,Pradópolis,-48.0856,-21.3442,Ribeirão Preto,-2.9,0.4,-4,-2.3,1.9,-0.6,0.13,0.01,0.1,-0.03,0.9,3,2.5,-4.5,-0.3
3541000,SP,3501,Praia Grande,-46.5202,-24.0157,São Paulo,,0.3,-4,-2.3,7.5,-2.3,0.27,-0.19,0.41,-0.17,-1,3.8,-1,,
3541059,SP,3503,Pratânia,-48.6989,-22.8179,Bauru,-2,-2.4,-4,-2.3,5.6,-3.1,0.15,-0.07,0.32,-0.19,0.7,1,0.2,2.4,-2.9
3541109,SP,3503,Presidente Alves,-49.4318,-22.1208,Bauru,-2,-2.4,-4,-2.3,4.4,-1.4,0.16,-0.06,0.3,-0.1,-0.7,1.9,2.4,,3.9
3541208,SP,3505,Presidente Bernardes,-51.6208,-22.1095,Presidente Prudente,-5.8,-2.6,-4,-2.3,6.1,-0.5,0.03,0.16,0.37,-0.04,0.5,1.2,1.5,-1.2,2.2
3541307,SP,3505,Presidente Epitácio,-52.1755,-21.9121,Presidente Prudente,-5.8,-2.6,-4,-2.3,5.2,0.6,-0.01,0.19,0.24,0.02,1,0.7,-1.1,-1.6,5.8
3541406,SP,3505,Presidente Prudente,-51.3427,-21.9924,Presidente Prudente,-5.8,-2.6,-4,-2.3,7.6,-0.3,0.13,0.18,0.43,-0.02,-0.3,1.3,0.3,,0.8
3541505,SP,3505,Presidente Venceslau,-51.8371,-21.7925,Presidente Prudente,-5.8,-2.6,-4,-2.3,6.6,0.2,-0.02,0.26,0.32,0.02,0.7,0.9,-2.2,,-6.3
3541604,SP,3503,Promissão,-49.8712,-21.5247,Bauru,-2,-2.4,-4,-2.3,5.2,-2.2,0.21,0,0.31,-0.1,1.2,-1.6,-5.9,-0.5,-6.1
3541653,SP,3502,Quadra,-48.0393,-23.3017,Sorocaba,-2.6,-2.2,-4,-2.3,9.1,-2.1,0.25,-0.04,0.44,-0.11,-0.1,1.4,-3,-5.2,-1
3541703,SP,3505,Quatá,-50.6438,-22.2037,Presidente Prudente,-5.8,-2.6,-4,-2.3,5.8,-0.6,0.17,0.11,0.31,0,-0.6,2.5,-0.6,2,-3.9
3541802,SP,3504,Queiroz,-50.2473,-21.8008,Marília,-9.1,-3.4,-4,-2.3,4.8,-0.2,0.23,0.09,0.27,0.02,-0.4,2,-2.9,,
3541901,SP,3511,Queluz,-44.7851,-22.5043,São José dos Campos,6.6,-1.1,-4,-2.3,1.6,2.4,0.18,0.09,0.11,0.12,0.6,1.1,2.4,,-9.1
3542008,SP,3504,Quintana,-50.3707,-22.0987,Marília,-9.1,-3.4,-4,-2.3,5.5,-2.1,0.3,0.05,0.33,-0.09,-0.1,2.9,-3.2,,-1.2
3542107,SP,3510,Rafard,-47.5826,-23.0448,Campinas,-2,-1.6,-4,-2.3,6.7,0,0.27,-0.04,0.32,0.02,-0.4,2.4,-5.4,,65
3542206,SP,3505,Rancharia,-50.9287,-22.2832,Presidente Prudente,-5.8,-2.6,-4,-2.3,7.4,-1,0.14,0.11,0.4,-0.04,0.3,1.6,-0.1,-2.9,-1.1
3542305,SP,3511,Redenção Da Serra,-45.527,-23.2543,São José dos Campos,6.6,-1.1,-4,-2.3,7.3,-0.1,0.39,0,0.36,0.04,-0.1,0.2,-1.6,,
3542404,SP,3505,Regente Feijó,-51.2957,-22.2493,Presidente Prudente,-5.8,-2.6,-4,-2.3,10.2,-2.6,0.21,0.07,0.54,-0.13,0.8,1.3,1.9,0.4,-5.1
3542503,SP,3503,Reginópolis,-49.18,-21.8847,Bauru,-2,-2.4,-4,-2.3,5.4,-5.2,0.27,-0.2,0.28,-0.24,0.3,2.3,-2.9,2.3,0.4
3542602,SP,3502,Registro,-47.8219,-24.5049,Sorocaba,-2.6,-2.2,-4,-2.3,7.1,-1.3,0.34,-0.09,0.32,0.01,0,2.1,-0.7,,12.2
3542701,SP,3508,Restinga,-47.5062,-20.6484,Ribeirão Preto,-2.9,0.4,-4,-2.3,6.2,-6.7,0.3,-0.26,0.31,-0.33,-0.1,1.3,1.6,3.3,-3.3
3542800,SP,3502,Ribeira,-49.0358,-24.6071,Sorocaba,-2.6,-2.2,-4,-2.3,4.3,-0.5,0.1,0.13,0.21,0.04,0,1.3,0.7,,-1.8
3542909,SP,3509,Ribeirão Bonito,-48.1844,-22.0581,Araraquara,-2.3,-0.8,-4,-2.3,6.4,-4,0.31,-0.14,0.34,-0.2,1.2,1.7,-4.3,,-4.5
3543006,SP,3502,Ribeirão Branco,-48.7777,-24.2552,Sorocaba,-2.6,-2.2,-4,-2.3,5.2,-2.8,0.24,-0.19,0.26,-0.07,-0.5,0.1,-3.9,,1.4
3543105,SP,3508,Ribeirão Corrente,-47.5735,-20.4483,Ribeirão Preto,-2.9,0.4,-4,-2.3,7.2,-4.6,0.36,-0.16,0.39,-0.25,0,0.8,0.2,0.5,0.9
3543204,SP,3504,Ribeirão Do Sul,-49.9228,-22.7511,Marília,-9.1,-3.4,-4,-2.3,7.3,-1.9,0.06,0.08,0.38,-0.08,-0.2,1.9,-1.6,-7.5,-2.2
3543238,SP,3505,Ribeirão Dos Índios,-51.5842,-21.7843,Presidente Prudente,-5.8,-2.6,-4,-2.3,8,-0.4,0.08,0.24,0.37,0.03,0.5,1.1,2.5,,7.5
3543253,SP,3502,Ribeirão Grande,-48.3573,-24.1865,Sorocaba,-2.6,-2.2,-4,-2.3,6.9,-3.4,0.2,-0.22,0.33,-0.13,-0.4,0.2,0.2,,0
3543303,SP,3501,Ribeirão Pires,-46.4057,-23.7032,São Paulo,,0.3,-4,-2.3,4.3,2.5,0.13,0.07,0.28,0.1,-0.5,0.5,-3.8,,
3543402,SP,3508,Ribeirão Preto,-47.8224,-21.2112,Ribeirão Preto,-2.9,0.4,-4,-2.3,1,1,0.09,0.05,0.04,0.06,1,2,-2.4,-1.3,0
3543501,SP,3502,Riversul,-49.4483,-23.8478,Sorocaba,-2.6,-2.2,-4,-2.3,10.1,-2.4,0.31,-0.12,0.39,-0.04,-0.1,1.2,-0.8,-7.8,4.8
3543600,SP,3508,Rifaina,-47.44,-20.0597,Ribeirão Preto,-2.9,0.4,-4,-2.3,3,-4.5,0.14,-0.19,0.18,-0.26,-0.4,3.1,-1.1,5.3,-1.6
3543709,SP,3509,Rincão,-48.034,-21.5936,Araraquara,-2.3,-0.8,-4,-2.3,4.6,-3.2,0.25,-0.12,0.29,-0.15,1.2,3.2,3.9,-4.7,-1.1
3543808,SP,3504,Rinópolis,-50.7184,-21.6807,Marília,-9.1,-3.4,-4,-2.3,5.5,-1,0.1,0.18,0.29,-0.05,-0.2,1.2,-3.6,8.8,0
3543907,SP,3510,Rio Claro,-47.5806,-22.3737,Campinas,-2,-1.6,-4,-2.3,7.3,-4.1,0.28,-0.07,0.39,-0.21,0.4,1.7,-0.9,0.9,-4
3544004,SP,3510,Rio Das Pedras,-47.5954,-22.8502,Campinas,-2,-1.6,-4,-2.3,6.7,-0.4,0.26,0.04,0.34,0.01,-0.3,1.8,-2.6,-0.7,-1.9
3544103,SP,3501,Rio Grande Da Serra,-46.375,-23.733,São Paulo,,0.3,-4,-2.3,1.7,2.9,0.03,0.03,0.1,0.13,-0.9,0.4,-1.2,,
3544202,SP,3507,Riolândia,-49.7091,-20.0215,São José do Rio Preto,-3.1,-7.4,-4,-2.3,4.2,-1.7,0.27,-0.09,0.26,-0.11,-0.1,2.8,-4,-1.8,-2.2
3544251,SP,3505,Rosana,-52.8387,-22.4923,Presidente Prudente,-5.8,-2.6,-4,-2.3,9,-6.2,0.11,-0.02,0.35,-0.24,0.7,-1.3,-4.6,-0.7,3.4
3544301,SP,3511,Roseira,-45.3022,-22.9291,São José dos Campos,6.6,-1.1,-4,-2.3,2.5,2.9,0.11,0.17,0.15,0.19,0.1,0.9,-1.1,,
3544400,SP,3506,Rubiácea,-50.7836,-21.3586,Araçatuba,-5.9,-4.6,-4,-2.3,2.2,2.6,0.1,0.16,0.17,0.14,0.2,0.5,-4.9,-1.6,-7.3
3544509,SP,3507,Rubinéia,-51.0188,-20.2546,São José do Rio Preto,-3.1,-7.4,-4,-2.3,4.6,-0.4,0.3,0.06,0.28,-0.04,-0.1,1.2,-2.4,-0.1,-4.6
3544608,SP,3503,Sabino,-49.5775,-21.4696,Bauru,-2,-2.4,-4,-2.3,3.4,-3.3,0.15,-0.11,0.21,-0.12,0.3,0.5,-2.3,-6.1,-9.5
3544707,SP,3505,Sagres,-50.9914,-21.8672,Presidente Prudente,-5.8,-2.6,-4,-2.3,8.8,-2.9,0.12,0.13,0.43,-0.14,0.4,1.9,0,,1.4
3544806,SP,3507,Sales,-49.5017,-21.3473,São José do Rio Preto,-3.1,-7.4,-4,-2.3,4,-5,0.14,-0.18,0.26,-0.25,0,1.6,-3.8,,-6.8
3544905,SP,3508,Sales Oliveira,-47.8525,-20.832,Ribeirão Preto,-2.9,0.4,-4,-2.3,2,-0.2,0.13,-0.05,0.09,0.04,0.2,2.6,3.4,-1.8,-1.9
3545001,SP,3501,Salesópolis,-45.843,-23.5808,São Paulo,,0.3,-4,-2.3,5.1,0.7,0.17,-0.02,0.31,0.05,-0.7,0.1,-5.6,,
3545100,SP,3505,Salmourão,-50.875,-21.591,Presidente Prudente,-5.8,-2.6,-4,-2.3,5.6,-0.6,0.08,0.17,0.32,-0.05,0.3,-0.1,-3.4,-3.8,-4.8
3545159,SP,3510,Saltinho,-47.7322,-22.8703,Campinas,-2,-1.6,-4,-2.3,5.9,0.5,0.23,0.05,0.28,0.04,-0.1,2.8,-4.1,,1.4
3545209,SP,3502,Salto,-47.3021,-23.1792,Sorocaba,-2.6,-2.2,-4,-2.3,9.4,-3.5,0.43,-0.18,0.53,-0.2,0.2,2.4,-6.4,-0.8,-0.3
3545308,SP,3502,Salto De Pirapora,-47.5811,-23.6525,Sorocaba,-2.6,-2.2,-4,-2.3,10.8,-5.1,0.41,-0.3,0.49,-0.23,-0.9,1.1,-0.5,17.3,5.3
3545407,SP,3504,Salto Grande,-49.9631,-22.8715,Marília,-9.1,-3.4,-4,-2.3,8.2,-1.4,0.07,0.06,0.46,-0.08,0.1,2.5,-0.7,-1.2,-3.3
3545506,SP,3505,Sandovalina,-51.8431,-22.4767,Presidente Prudente,-5.8,-2.6,-4,-2.3,6.9,-2.4,0.09,0.09,0.36,-0.11,0.5,1.3,0.1,-4.6,-8.8
3545605,SP,3507,Santa Adélia,-48.8197,-21.3164,São José do Rio Preto,-3.1,-7.4,-4,-2.3,4.4,-3.8,0.24,-0.13,0.27,-0.19,0.6,2.9,-2.7,,-18.7
3545704,SP,3507,Santa Albertina,-50.7275,-20.0158,São José do Rio Preto,-3.1,-7.4,-4,-2.3,4.7,-0.6,0.25,0.05,0.25,-0.05,-0.4,2.9,-2.3,,-2.9
3545803,SP,3510,Santa Bárbara D'oeste,-47.426,-22.7999,Campinas,-2,-1.6,-4,-2.3,6.5,-0.5,0.28,-0.01,0.34,-0.02,-0.4,2.1,-4.1,6.1,
3546009,SP,3511,Santa Branca,-45.8649,-23.4278,São José dos Campos,6.6,-1.1,-4,-2.3,4.8,-0.2,0.15,-0.01,0.26,-0.01,0.7,-0.1,-4,,-2.7
3546108,SP,3507,Santa Clara D'oeste,-50.9101,-20.0684,São José do Rio Preto,-3.1,-7.4,-4,-2.3,5.7,-0.5,0.28,0.05,0.32,-0.03,0,2.5,-3.2,-15.8,2
3546207,SP,3510,Santa Cruz Da Conceição,-47.488,-22.1224,Campinas,-2,-1.6,-4,-2.3,3.7,-2.5,0.23,-0.02,0.22,-0.15,-0.2,1.6,-1.4,1,1.2
3546256,SP,3508,Santa Cruz Da Esperança,-47.4407,-21.2721,Ribeirão Preto,-2.9,0.4,-4,-2.3,4.4,-1.9,0.26,-0.07,0.22,-0.08,0.2,2.3,-2.1,0.1,-0.1
3546306,SP,3510,Santa Cruz Das Palmeiras,-47.2518,-21.8514,Campinas,-2,-1.6,-4,-2.3,3.4,-2.8,0.17,-0.07,0.19,-0.16,0.4,1.6,-1.7,3.6,0
3546405,SP,3504,Santa Cruz Do Rio Pardo,-49.5688,-22.8076,Marília,-9.1,-3.4,-4,-2.3,7.3,-1.8,0.1,0.09,0.42,-0.11,0.1,2.2,-2.4,-10.7,-5.9
3546504,SP,3508,Santa Ernestina,-48.3646,-21.4513,Ribeirão Preto,-2.9,0.4,-4,-2.3,2.4,-1.2,0.18,-0.05,0.13,-0.06,0.5,2.5,-0.5,-4.6,2.2
3546603,SP,3507,Santa Fé Do Sul,-50.9497,-20.2394,São José do Rio Preto,-3.1,-7.4,-4,-2.3,3.9,0.9,0.25,0.13,0.23,0.03,0,2,-3.3,,-2.1
3546702,SP,3510,Santa Gertrudes,-47.5216,-22.4769,Campinas,-2,-1.6,-4,-2.3,8.1,-3.5,0.3,-0.05,0.44,-0.18,0.2,1.5,-3.6,-1.6,-1.5
3546801,SP,3501,Santa Isabel,-46.2414,-23.2882,São Paulo,,0.3,-4,-2.3,7.9,-2.5,0.34,-0.03,0.43,-0.11,-0.3,0.5,-1.7,,
3546900,SP,3509,Santa Lúcia,-48.059,-21.6718,Araraquara,-2.3,-0.8,-4,-2.3,5.3,-3.9,0.28,-0.16,0.33,-0.17,0.7,1.5,4.3,2.3,-2.5
3547007,SP,3510,Santa Maria Da Serra,-48.1546,-22.565,Campinas,-2,-1.6,-4,-2.3,5.7,-4.5,0.38,-0.23,0.35,-0.26,-0.1,2.6,-0.2,,-1.1
3547106,SP,3505,Santa Mercedes,-51.7382,-21.3176,Presidente Prudente,-5.8,-2.6,-4,-2.3,6.6,-0.6,0.13,0.13,0.34,-0.05,1.1,1,-2.2,,
3547205,SP,3507,Santana Da Ponte Pensa,-50.7977,-20.2619,São José do Rio Preto,-3.1,-7.4,-4,-2.3,4.6,0.2,0.2,0.13,0.26,-0.01,-0.1,2.7,-2.8,-2,5.2
3547304,SP,3501,Santana De Parnaíba,-46.9176,-23.4483,São Paulo,,0.3,-4,-2.3,12.2,-6.7,0.49,-0.37,0.55,-0.31,-0.1,0.5,0.4,,
3547403,SP,3507,Santa Rita D'oeste,-50.8113,-20.0919,São José do Rio Preto,-3.1,-7.4,-4,-2.3,4.1,0.1,0.2,0.09,0.24,-0.01,-0.2,2.6,-3.3,,-5.2
3547502,SP,3509,Santa Rita Do Passa Quatro,-47.5097,-21.6823,Araraquara,-2.3,-0.8,-4,-2.3,3.8,-2.6,0.26,-0.07,0.25,-0.16,0.8,2.1,1.7,3.3,-0.1
3547601,SP,3508,Santa Rosa De Viterbo,-47.3673,-21.5046,Ribeirão Preto,-2.9,0.4,-4,-2.3,5.7,-4.7,0.36,-0.14,0.31,-0.25,0.7,1.3,-0.5,-2.6,0
3547650,SP,3507,Santa Salete,-50.7195,-20.2591,São José do Rio Preto,-3.1,-7.4,-4,-2.3,4.6,0.2,0.2,0.13,0.26,-0.01,-0.1,2.7,-2.8,,-4.4
3547700,SP,3505,Santo Anastácio,-51.7233,-22.0369,Presidente Prudente,-5.8,-2.6,-4,-2.3,8.3,-1.4,0.07,0.2,0.41,-0.06,0.6,1.1,3.9,-6.8,-4.1
3547809,SP,3501,Santo André,-46.4476,-23.7232,São Paulo,,0.3,-4,-2.3,4.3,2.5,0.13,0.07,0.28,0.1,-0.5,0.5,-3.8,,
3547908,SP,3508,Santo Antônio Da Alegria,-47.195,-21.0929,Ribeirão Preto,-2.9,0.4,-4,-2.3,4.7,-4.5,0.18,-0.15,0.26,-0.25,1,1.5,1.2,-2.2,0.9
3548005,SP,3510,Santo Antônio De Posse,-46.9508,-22.6046,Campinas,-2,-1.6,-4,-2.3,6.6,-1.9,0.32,0.01,0.34,-0.08,0.6,1.2,-4.5,1.1,-4.5
3548054,SP,3506,Santo Antônio Do Aracanguá,-50.553,-20.8741,Araçatuba,-5.9,-4.6,-4,-2.3,1.6,0.3,0.08,0.11,0.13,0.01,0.2,1.4,-4.3,-10.8,-12.6
3548104,SP,3510,Santo Antônio Do Jardim,-46.6825,-22.1304,Campinas,-2,-1.6,-4,-2.3,3.7,-1.8,0.16,-0.05,0.2,-0.1,0.5,0.7,-1.7,,13.9
3548203,SP,3511,Santo Antônio Do Pinhal,-45.6996,-22.8309,São José dos Campos,6.6,-1.1,-4,-2.3,2.9,-1.6,0.03,0.01,0.19,-0.12,0.1,0,1.4,,30.9
3548302,SP,3505,Santo Expedito,-51.3688,-21.8253,Presidente Prudente,-5.8,-2.6,-4,-2.3,10.4,-2.2,0.28,0.07,0.52,-0.1,0.4,1,2.9,,-2.6
3548401,SP,3506,Santópolis Do Aguapeí,-50.5156,-21.6617,Araçatuba,-5.9,-4.6,-4,-2.3,4.3,1,0.08,0.23,0.21,0.13,-0.4,2,-0.3,,-1.4
3548500,SP,3501,Santos,-46.294,-23.8724,São Paulo,,0.3,-4,-2.3,2.4,3.6,0.12,0.01,0.12,0.15,-0.3,1.5,-0.4,,
3548609,SP,3511,São Bento Do Sapucaí,-45.6897,-22.6815,São José dos Campos,6.6,-1.1,-4,-2.3,0.9,-2.9,0.01,-0.07,0.03,-0.16,0.7,0,-0.4,,-16.7
3548708,SP,3501,São Bernardo Do Campo,-46.5492,-23.8138,São Paulo,,0.3,-4,-2.3,11.1,-4.8,0.39,-0.25,0.57,-0.25,-0.5,0.6,-2.8,,
3548807,SP,3501,São Caetano Do Sul,-46.5654,-23.6258,São Paulo,,0.3,-4,-2.3,6.4,0,0.3,0.03,0.42,0.01,-0.3,0.6,3.4,,
3548906,SP,3509,São Carlos,-47.867,-21.9171,Araraquara,-2.3,-0.8,-4,-2.3,5.2,-3,0.29,-0.13,0.33,-0.19,0.6,1.1,-2.5,-2.4,-4.7
3549003,SP,3507,São Francisco,-50.6755,-20.3669,São José do Rio Preto,-3.1,-7.4,-4,-2.3,3.7,0,0.12,0.11,0.22,-0.02,-0.4,2.7,-3.3,,-4.3
3549102,SP,3510,São João Da Boa Vista,-46.8006,-21.9779,Campinas,-2,-1.6,-4,-2.3,4.5,-2.5,0.13,-0.02,0.22,-0.13,0.3,1.2,3.2,-1.2,-1.1
3549201,SP,3507,São João Das Duas Pontes,-50.383,-20.4109,São José do Rio Preto,-3.1,-7.4,-4,-2.3,4,-0.8,0.22,0.05,0.24,-0.06,-0.1,2.5,-3.6,,-1.3
3549250,SP,3507,São João De Iracema,-50.3565,-20.5214,São José do Rio Preto,-3.1,-7.4,-4,-2.3,3.6,-0.6,0.19,0.05,0.24,-0.06,0.1,3,-4.7,-13.9,-4.3
3549300,SP,3505,São João Do Pau D'alho,-51.6725,-21.2241,Presidente Prudente,-5.8,-2.6,-4,-2.3,4.7,0.4,0.07,0.15,0.24,0.01,1.3,1.5,-2,,-2
3549409,SP,3508,São Joaquim Da Barra,-47.9403,-20.5519,Ribeirão Preto,-2.9,0.4,-4,-2.3,5.2,-3.9,0.22,-0.1,0.25,-0.19,0.6,1.9,2.4,1,0.7
3549508,SP,3508,São José Da Bela Vista,-47.626,-20.5881,Ribeirão Preto,-2.9,0.4,-4,-2.3,6.4,-5.3,0.33,-0.19,0.34,-0.3,0.1,1.5,2.7,-3.2,0.2
3549607,SP,3511,São José Do Barreiro,-44.5866,-22.748,São José dos Campos,6.6,-1.1,-4,-2.3,2.7,1.6,0.21,0.11,0.14,0.11,0.1,0,0.4,,-5.8
3549706,SP,3510,São José Do Rio Pardo,-46.8796,-21.6036,Campinas,-2,-1.6,-4,-2.3,4.7,-2.9,0.25,-0.13,0.22,-0.12,-0.4,0.7,0.6,,0.7
3549805,SP,3507,São José Do Rio Preto,-49.3575,-20.7964,São José do Rio Preto,-3.1,-7.4,-4,-2.3,2.9,-1.3,0.12,-0.12,0.19,-0.09,0.9,2.2,-5.6,0.4,1.4
3549904,SP,3511,São José Dos Campos,-45.9291,-23.0918,São José dos Campos,6.6,-1.1,-4,-2.3,4.2,-0.2,0.17,0.08,0.22,0,-0.4,0.6,-2.3,,
3549953,SP,3501,São Lourenço Da Serra,-46.9375,-23.8516,São Paulo,,0.3,-4,-2.3,5.2,-0.9,0.34,-0.14,0.35,-0.07,0.4,0.4,0.2,,
3550001,SP,3511,São Luís Do Paraitinga,-45.2553,-23.2391,São José dos Campos,6.6,-1.1,-4,-2.3,2.2,4.6,0.11,0.22,0.12,0.29,0.4,0.1,2.7,,-8.1
3550100,SP,3503,São Manuel,-48.5417,-22.6829,Bauru,-2,-2.4,-4,-2.3,2.9,-1.8,0.09,-0.04,0.16,-0.1,0.4,2.4,1.1,-7.6,0
3550209,SP,3502,São Miguel Arcanjo,-47.9931,-23.9118,Sorocaba,-2.6,-2.2,-4,-2.3,9.3,-6.6,0.35,-0.32,0.52,-0.36,-0.2,0.3,-0.8,-7.1,-2.6
3550308,SP,3501,São Paulo,-46.6484,-23.652,São Paulo,,0.3,-4,-2.3,7.6,-1.8,0.32,-0.08,0.47,-0.1,-0.3,0.8,0.8,,
3550407,SP,3510,São Pedro,-47.9229,-22.5571,Campinas,-2,-1.6,-4,-2.3,7.3,-3.4,0.38,-0.14,0.42,-0.16,-0.2,1.7,-1.2,,-1.2
3550506,SP,3504,São Pedro Do Turvo,-49.7724,-22.6813,Marília,-9.1,-3.4,-4,-2.3,4.6,0.9,-0.06,0.3,0.25,0.1,-1,2.3,-0.2,-9.8,-8.4
3550605,SP,3502,São Roque,-47.1095,-23.5518,Sorocaba,-2.6,-2.2,-4,-2.3,10.2,-3.7,0.55,-0.29,0.56,-0.2,0.6,0.4,-4.2,,0.5
3550704,SP,3511,São Sebastião,-45.6127,-23.7523,São José dos Campos,6.6,-1.1,-4,-2.3,6.8,-0.9,0.31,-0.18,0.33,-0.06,-0.5,2.6,-5.3,,
3550803,SP,3510,São Sebastião Da Grama,-46.7521,-21.7545,Campinas,-2,-1.6,-4,-2.3,4.5,-3.3,0.23,-0.16,0.27,-0.2,0.3,0.3,1.1,,77.2
3550902,SP,3508,São Simão,-47.5687,-21.4612,Ribeirão Preto,-2.9,0.4,-4,-2.3,3.9,-2.2,0.26,-0.04,0.24,-0.1,0.1,2.5,1,2.9,69.6
3551009,SP,3501,São Vicente,-46.4873,-23.9587,São Paulo,,0.3,-4,-2.3,9,-3.3,0.31,-0.22,0.44,-0.17,-0.7,3.7,-2.5,,
3551108,SP,3502,Sarapuí,-47.7858,-23.6629,Sorocaba,-2.6,-2.2,-4,-2.3,9.5,-3.3,0.24,-0.16,0.48,-0.17,-0.7,1.4,0.4,0.2,-0.7
3551207,SP,3504,Sarutaiá,-49.4838,-23.2574,Marília,-9.1,-3.4,-4,-2.3,7.7,-4.7,0.24,-0.17,0.47,-0.29,-0.4,1.3,-2.6,-2.2,1.2
3551306,SP,3507,Sebastianópolis Do Sul,-49.9176,-20.6306,São José do Rio Preto,-3.1,-7.4,-4,-2.3,5.4,0.1,0.24,0.04,0.32,-0.01,-0.5,2.9,-6.5,,-5.5
3551405,SP,3508,Serra Azul,-47.5492,-21.3159,Ribeirão Preto,-2.9,0.4,-4,-2.3,4.2,-2.5,0.26,-0.07,0.23,-0.11,0.3,1.9,-0.8,-0.2,9.7
3551504,SP,3508,Serrana,-47.6124,-21.2159,Ribeirão Preto,-2.9,0.4,-4,-2.3,3.8,-1.1,0.18,-0.04,0.17,-0.01,0.4,2.1,-1.3,1.5,6.5
3551603,SP,3510,Serra Negra,-46.6852,-22.5897,Campinas,-2,-1.6,-4,-2.3,3.7,-0.8,0.18,0.03,0.2,-0.04,0.8,0.8,-3.1,,0.1
3551702,SP,3508,Sertãozinho,-48.0078,-21.1219,Ribeirão Preto,-2.9,0.4,-4,-2.3,1.1,-0.1,0.17,-0.01,0.08,0,-0.2,3.5,0.4,2.4,0.7
3551801,SP,3502,Sete Barras,-47.934,-24.2733,Sorocaba,-2.6,-2.2,-4,-2.3,7,-4.8,0.28,-0.27,0.33,-0.22,0,2.7,-0.7,,-1.8
3551900,SP,3508,Severínia,-48.7937,-20.7959,Ribeirão Preto,-2.9,0.4,-4,-2.3,3.1,-2.9,0.29,-0.17,0.21,-0.16,0.6,2.9,-2.5,3,-3.2
3552007,SP,3511,Silveiras,-44.8412,-22.738,São José dos Campos,6.6,-1.1,-4,-2.3,0,4.6,0.06,0.2,0.05,0.22,0.5,0.1,3.4,,0.4
3552106,SP,3510,Socorro,-46.5234,-22.6137,Campinas,-2,-1.6,-4,-2.3,4.7,-1,0.25,0.05,0.26,-0.03,0.8,0.4,-4.5,,-4.4
3552205,SP,3502,Sorocaba,-47.4466,-23.4644,Sorocaba,-2.6,-2.2,-4,-2.3,11.6,-6.6,0.41,-0.31,0.52,-0.3,-0.6,2.2,2.5,,8
3552304,SP,3506,Sud Mennucci,-50.9012,-20.6654,Araçatuba,-5.9,-4.6,-4,-2.3,3.3,0.6,0.08,0.15,0.2,0.01,-0.2,2,-2.8,5.8,15.3
3552403,SP,3510,Sumaré,-47.2647,-22.8419,Campinas,-2,-1.6,-4,-2.3,7.7,-3.4,0.32,-0.13,0.41,-0.19,0.2,2.1,-4.7,6.1,-9.4
3552502,SP,3501,Suzano,-46.3109,-23.6071,São Paulo,,0.3,-4,-2.3,3.5,3.1,0.16,0.07,0.2,0.15,-0.4,0.2,1.3,,
3552551,SP,3507,Suzanápolis,-51.0744,-20.4741,São José do Rio Preto,-3.1,-7.4,-4,-2.3,4.3,-0.4,0.21,0.11,0.26,-0.05,0,1.8,-4.7,-4.2,0.3
3552601,SP,3507,Tabapuã,-49.03,-20.9301,São José do Rio Preto,-3.1,-7.4,-4,-2.3,0.9,-3.3,0.12,-0.2,0.08,-0.18,1.7,2.4,-3.8,,-10.3
3552700,SP,3509,Tabatinga,-48.6276,-21.7131,Araraquara,-2.3,-0.8,-4,-2.3,4,-2.6,0.26,-0.09,0.19,-0.1,0.2,3,-3.1,-6.8,-0.5
3552809,SP,3501,Taboão Da Serra,-46.7879,-23.6205,São Paulo,,0.3,-4,-2.3,8.2,-1.4,0.33,-0.08,0.49,-0.08,-0.2,0.7,-1.3,,
3552908,SP,3505,Taciba,-51.3433,-22.5059,Presidente Prudente,-5.8,-2.6,-4,-2.3,6.3,-2.7,0.14,0.09,0.34,-0.1,0.3,1.4,-2.3,-3.9,
3553005,SP,3502,Taguaí,-49.3971,-23.475,Sorocaba,-2.6,-2.2,-4,-2.3,7.4,-3.9,0.36,-0.21,0.49,-0.26,-0.3,1.6,-0.8,-1.8,4.3
3553104,SP,3508,Taiaçu,-48.5297,-21.1321,Ribeirão Preto,-2.9,0.4,-4,-2.3,4.2,-3.7,0.21,-0.12,0.24,-0.16,-0.3,3.4,-4.2,1.8,-9.7
3553203,SP,3508,Taiúva,-48.4281,-21.1321,Ribeirão Preto,-2.9,0.4,-4,-2.3,3.2,-3.4,0.19,-0.12,0.19,-0.16,-0.6,3.8,-4.4,0.4,-3.1
3553302,SP,3510,Tambaú,-47.2413,-21.6043,Campinas,-2,-1.6,-4,-2.3,3,-2.7,0.32,-0.1,0.22,-0.16,0.9,1.4,-0.4,3.2,-2.3
3553401,SP,3507,Tanabi,-49.6457,-20.5312,São José do Rio Preto,-3.1,-7.4,-4,-2.3,3.1,0.2,0.21,0,0.22,0.02,0,3,-3.4,-4.5,-6.7
3553500,SP,3502,Tapiraí,-47.6197,-24.0077,Sorocaba,-2.6,-2.2,-4,-2.3,8.6,0.7,0.42,0.02,0.48,0.09,0.4,1.8,0.9,,
3553609,SP,3510,Tapiratiba,-46.7425,-21.451,Campinas,-2,-1.6,-4,-2.3,3,-3.3,0.15,-0.08,0.18,-0.16,0.1,0.9,-3,,-6.3
3553658,SP,3508,Taquaral,-48.3991,-21.069,Ribeirão Preto,-2.9,0.4,-4,-2.3,3.1,-2.8,0.22,-0.11,0.2,-0.16,-0.3,3.9,-2.2,-1.2,0.3
3553708,SP,3509,Taquaritinga,-48.5385,-21.4278,Araraquara,-2.3,-0.8,-4,-2.3,4.2,-3.8,0.29,-0.19,0.23,-0.19,-0.2,3.1,0.2,2,-0.5
3553807,SP,3502,Taquarituba,-49.2336,-23.5301,Sorocaba,-2.6,-2.2,-4,-2.3,8.4,-3.6,0.42,-0.23,0.48,-0.22,-0.4,1.8,-0.2,-3,-6.9
3553856,SP,3502,Taquarivaí,-48.687,-23.9408,Sorocaba,-2.6,-2.2,-4,-2.3,3.1,0.2,0.09,-0.03,0.17,0.01,0.1,0.7,-1.4,-5.9,-0.9
3553906,SP,3505,Tarabai,-51.6264,-22.3594,Presidente Prudente,-5.8,-2.6,-4,-2.3,5.9,-1.3,0.03,0.13,0.38,-0.06,1.1,1.5,-4.3,-13.9,3.2
3553955,SP,3504,Tarumã,-50.5975,-22.7662,Marília,-9.1,-3.4,-4,-2.3,6.7,-2.2,0.1,0.04,0.33,-0.06,0.4,1.4,-2.2,-8.5,-4.5
3554003,SP,3502,Tatuí,-47.8664,-23.3611,Sorocaba,-2.6,-2.2,-4,-2.3,8.7,-1.3,0.28,-0.05,0.48,-0.09,-0.2,1.9,0.7,-3.9,-1.6
3554102,SP,3511,Taubaté,-45.505,-23.0861,São José dos Campos,6.6,-1.1,-4,-2.3,1.5,2.2,0.06,0.18,0.08,0.11,-0.2,3.1,1.1,-4.2,-3.1
3554201,SP,3504,Tejupá,-49.3059,-23.3439,Marília,-9.1,-3.4,-4,-2.3,7.7,-4.9,0.24,-0.22,0.47,-0.31,-0.5,1.4,-2.6,-0.9,0.2
3554300,SP,3505,Teodoro Sampaio,-52.3734,-22.4156,Presidente Prudente,-5.8,-2.6,-4,-2.3,6,-2,-0.01,0.12,0.37,-0.11,-0.1,0.8,-4.5,-0.5,26
3554409,SP,3508,Terra Roxa,-48.3471,-20.7764,Ribeirão Preto,-2.9,0.4,-4,-2.3,6,-4.3,0.41,-0.2,0.4,-0.28,0.1,2.5,0.6,-3.1,-1.5
3554508,SP,3502,Tietê,-47.709,-23.0502,Sorocaba,-2.6,-2.2,-4,-2.3,6.5,0.1,0.32,-0.04,0.29,0.03,0,2.6,-3.1,,-1.3
3554607,SP,3504,Timburi,-49.6111,-23.1958,Marília,-9.1,-3.4,-4,-2.3,10.5,-5.8,0.33,-0.13,0.58,-0.31,-0.2,2.1,1.2,-4.7,3.2
3554656,SP,3502,Torre De Pedra,-48.2139,-23.2524,Sorocaba,-2.6,-2.2,-4,-2.3,7.1,-1.5,0.13,0.02,0.36,-0.06,-0.2,1.1,-2.9,,
3554706,SP,3503,Torrinha,-48.1638,-22.4447,Bauru,-2,-2.4,-4,-2.3,5,-4,0.34,-0.23,0.3,-0.23,-0.2,1.3,-1.3,,2.1
3554755,SP,3509,Trabiju,-48.3488,-22.0347,Araraquara,-2.3,-0.8,-4,-2.3,4.9,-3.6,0.24,-0.15,0.31,-0.2,0.4,2.5,-2.3,,0.1
3554805,SP,3511,Tremembé,-45.6038,-22.9407,São José dos Campos,6.6,-1.1,-4,-2.3,2,0.6,0.05,0.14,0.14,0.02,-0.8,1.2,-0.9,,3.2
3554904,SP,3507,Três Fronteiras,-50.8709,-20.2694,São José do Rio Preto,-3.1,-7.4,-4,-2.3,4.3,0.1,0.22,0.1,0.26,-0.01,0,2.2,-1.2,,-1.5
3554953,SP,3510,Tuiuti,-46.6859,-22.831,Campinas,-2,-1.6,-4,-2.3,4.3,0.3,0.22,0.15,0.22,0.03,0.5,0.5,-0.6,,-6.2
3555000,SP,3504,Tupã,-50.5351,-21.9476,Marília,-9.1,-3.4,-4,-2.3,5.4,1.2,0.18,0.2,0.28,0.11,-0.2,4.1,-4.1,-4.1,-1.6
3555109,SP,3505,Tupi Paulista,-51.5881,-21.3922,Presidente Prudente,-5.8,-2.6,-4,-2.3,5.4,0,0.07,0.14,0.29,-0.01,0.8,1.3,-5.4,,-6.8
3555208,SP,3506,Turiúba,-50.1119,-20.9397,Araçatuba,-5.9,-4.6,-4,-2.3,3,0.4,0.08,0.09,0.21,0.01,0,2.7,-1.4,-8.2,0.6
3555307,SP,3507,Turmalina,-50.4584,-20.0816,São José do Rio Preto,-3.1,-7.4,-4,-2.3,2.7,0,0.16,0.16,0.13,-0.01,-0.1,2.6,-3.8,,-9.4
3555356,SP,3507,Ubarana,-49.7473,-21.2169,São José do Rio Preto,-3.1,-7.4,-4,-2.3,4.5,-3.4,0.15,-0.07,0.3,-0.17,0.6,1.3,-4.6,-2.2,-0.5
3555406,SP,3511,Ubatuba,-45.0227,-23.382,São José dos Campos,6.6,-1.1,-4,-2.3,5,1.2,0.21,-0.01,0.24,0.03,-0.1,0,0.8,,
3555505,SP,3503,Ubirajara,-49.667,-22.5433,Bauru,-2,-2.4,-4,-2.3,4.8,1.2,-0.02,0.32,0.27,0.09,-1,2,-0.6,,
3555604,SP,3507,Uchoa,-49.1574,-20.9346,São José do Rio Preto,-3.1,-7.4,-4,-2.3,1.4,-3.3,0.11,-0.2,0.11,-0.18,1.4,2.3,-1.8,-3.4,-1.7
3555703,SP,3507,União Paulista,-49.8878,-20.8901,São José do Rio Preto,-3.1,-7.4,-4,-2.3,3.7,-0.6,0.11,0.02,0.23,-0.04,0.6,2.4,-5.2,-8.9,-5.6
3555802,SP,3507,Urânia,-50.6516,-20.2085,São José do Rio Preto,-3.1,-7.4,-4,-2.3,3,0.7,0.11,0.15,0.18,0.02,-0.2,2.6,-2.6,-4.8,-7
3555901,SP,3503,Uru,-49.2973,-21.7658,Bauru,-2,-2.4,-4,-2.3,5.7,-4.3,0.29,-0.17,0.29,-0.19,0.1,1.7,-2.4,-12.1,-10.7
3556008,SP,3507,Urupês,-49.2656,-21.2053,São José do Rio Preto,-3.1,-7.4,-4,-2.3,2.8,-2.5,0.15,-0.11,0.17,-0.11,0.5,2,-2.7,2,-8.6
3556107,SP,3507,Valentim Gentil,-50.1033,-20.4219,São José do Rio Preto,-3.1,-7.4,-4,-2.3,3.4,1.6,0.26,0.1,0.21,0.06,0,3.2,-5.3,,0
3556206,SP,3510,Valinhos,-46.982,-22.9758,Campinas,-2,-1.6,-4,-2.3,9.3,-3.8,0.45,-0.12,0.47,-0.18,0.4,0.3,-2,,10.2
3556305,SP,3506,Valparaíso,-50.9252,-21.2048,Araçatuba,-5.9,-4.6,-4,-2.3,2,2.1,0.04,0.2,0.16,0.12,1.6,0,-4.2,-2.8,-13.5
3556354,SP,3510,Vargem,-46.4167,-22.8893,Campinas,-2,-1.6,-4,-2.3,5.1,0.1,0.28,0.1,0.29,0,0.4,0.3,-4.5,,-2.3
3556404,SP,3510,Vargem Grande Do Sul,-46.898,-21.86,Campinas,-2,-1.6,-4,-2.3,5.6,-4.4,0.19,-0.09,0.28,-0.23,0.2,1.1,0.7,-1,8.4
3556453,SP,3501,Vargem Grande Paulista,-47.0149,-23.6197,São Paulo,,0.3,-4,-2.3,8.2,-2.4,0.51,-0.24,0.51,-0.16,0.2,0.3,-0.2,,
3556503,SP,3510,Várzea Paulista,-46.8226,-23.2182,Campinas,-2,-1.6,-4,-2.3,8.4,-5.2,0.43,-0.24,0.41,-0.24,-0.1,0.5,-0.2,,
3556602,SP,3504,Vera Cruz,-49.8274,-22.2346,Marília,-9.1,-3.4,-4,-2.3,6.2,-2.5,0.24,0,0.33,-0.13,0.2,1.5,-4.2,,-14.9
3556701,SP,3510,Vinhedo,-46.9784,-23.0441,Campinas,-2,-1.6,-4,-2.3,7,-1.9,0.41,-0.08,0.36,-0.08,0.2,0.5,-3.9,,-0.1
3556800,SP,3508,Viradouro,-48.3111,-20.8817,Ribeirão Preto,-2.9,0.4,-4,-2.3,4.3,-3.8,0.35,-0.23,0.28,-0.24,0.9,3.2,-0.6,-1.7,-0.5
3556909,SP,3507,Vista Alegre Do Alto,-48.6501,-21.1766,São José do Rio Preto,-3.1,-7.4,-4,-2.3,3.9,-4.6,0.21,-0.18,0.22,-0.22,0.1,3,-2.3,-7.1,-3
3556958,SP,3507,Vitória Brasil,-50.4863,-20.1961,São José do Rio Preto,-3.1,-7.4,-4,-2.3,3.3,-0.8,0.22,0.1,0.18,-0.05,-0.2,2.5,-3.3,1.1,-5.1
3557006,SP,3502,Votorantim,-47.4052,-23.5804,Sorocaba,-2.6,-2.2,-4,-2.3,10.2,-6.4,0.4,-0.34,0.42,-0.25,-0.8,1.4,1.3,,-1.8
3557105,SP,3507,Votuporanga,-49.9881,-20.4564,São José do Rio Preto,-3.1,-7.4,-4,-2.3,4.2,1.5,0.27,0.09,0.26,0.05,-0.4,3.3,-7.9,-3.6,0.2
3557154,SP,3506,Zacarias,-50.0499,-21.1254,Araçatuba,-5.9,-4.6,-4,-2.3,2.1,1.2,0.02,0.14,0.17,0.06,0.1,1.4,-5.8,-6.8,-5.6
3557204,SP,3504,Chavantes,-49.7253,-23.0473,Marília,-9.1,-3.4,-4,-2.3,13.5,-4.2,0.37,-0.01,0.61,-0.18,-0.5,2.8,1.7,-6.5,3.5
3557303,SP,3510,Estiva Gerbi,-46.944,-22.2347,Campinas,-2,-1.6,-4,-2.3,4.3,-1.6,0.17,0.02,0.23,-0.08,0.5,1.4,-1.9,,1.8
4100103,PR,4105,Abatiá,-50.3108,-23.3074,Londrina,-2.3,2.6,-1.5,6.1,8.4,-2.3,0.16,0.04,0.48,-0.14,0.4,1.7,-3.6,-0.8,5.2
4100202,PR,4101,Adrianópolis,-48.8203,-24.7833,Curitiba,-0.1,12.2,-1.5,6.1,5.3,-0.8,0.09,0.12,0.26,0.04,-1.1,1,-1.5,,
4100301,PR,4101,Agudos Do Sul,-49.3127,-26.028,Curitiba,-0.1,12.2,-1.5,6.1,6.4,1.1,0.06,0.17,0.3,0.15,-0.1,0,2.2,-2.3,
4100400,PR,4101,Almirante Tamandaré,-49.3239,-25.297,Curitiba,-0.1,12.2,-1.5,6.1,9.2,-3.1,0.26,0.07,0.34,-0.05,-0.3,0,2.6,,
4100459,PR,4104,Altamira Do Paraná,-52.6909,-24.8133,Maringá,-1.9,3.8,-1.5,6.1,7.4,-1.5,0.14,0.09,0.42,-0.13,-0.1,0.4,-3.6,-0.9,4.6
4100509,PR,4104,Altônia,-53.9469,-23.9016,Maringá,-1.9,3.8,-1.5,6.1,0.3,1.8,-0.06,0.24,0.12,0.03,-0.3,2.1,-4.9,3.8,21.2
4100608,PR,4104,Alto Paraná,-52.3234,-23.0744,Maringá,-1.9,3.8,-1.5,6.1,5.5,-4.3,-0.06,0.09,0.31,-0.21,0.8,1.3,-5.9,-6.6,2.3
4100707,PR,4104,Alto Piquiri,-53.4018,-24.1002,Maringá,-1.9,3.8,-1.5,6.1,-1.2,4.8,-0.1,0.33,0.05,0.19,-0.1,1.7,-6.1,-1.1,13
4100806,PR,4105,Alvorada Do Sul,-51.2548,-22.812,Londrina,-2.3,2.6,-1.5,6.1,7.5,-5.5,0.22,-0.05,0.35,-0.17,0.4,1,-4.7,-5.2,3.5
4100905,PR,4104,Amaporã,-52.8341,-23.1282,Maringá,-1.9,3.8,-1.5,6.1,5.5,-2.7,0.01,0.14,0.32,-0.17,0.8,-0.6,-2.9,2.3,-2.8
4101002,PR,4103,Ampére,-53.4813,-25.9171,Cascavel,-2.3,10.4,-1.5,6.1,10,-4.5,0.15,0.07,0.44,-0.21,-0.5,0,-3.8,-1.8,1.6
4101051,PR,4103,Anahy,-53.1443,-24.6456,Cascavel,-2.3,10.4,-1.5,6.1,4.8,0.3,0.13,0.17,0.34,-0.02,-0.3,0.7,-4.2,0.7,24.6
4101101,PR,4105,Andirá,-50.2718,-23.0173,Londrina,-2.3,2.6,-1.5,6.1,6.7,-3.2,-0.03,0.06,0.35,-0.15,-0.1,2.5,-3.1,-4.8,-3.8
4101150,PR,4104,Ângulo,-51.918,-23.1899,Maringá,-1.9,3.8,-1.5,6.1,7.9,-4.3,0.2,0,0.42,-0.19,-0.3,1.2,-2.6,1.5,6.6
4101200,PR,4101,Antonina,-48.7223,-25.303,Curitiba,-0.1,12.2,-1.5,6.1,1.6,1.4,-0.05,0.01,0.12,0.12,-0.2,3.4,-0.7,,
4101309,PR,4101,Antônio Olinto,-50.1305,-25.9611,Curitiba,-0.1,12.2,-1.5,6.1,8.2,0.3,0.05,0.22,0.39,0.04,0.4,0.3,-0.3,-4,
4101408,PR,4105,Apucarana,-51.447,-23.5717,Londrina,-2.3,2.6,-1.5,6.1,8.4,-4.2,0.24,-0.04,0.42,-0.17,0.8,0.6,-3.7,-3.5,0.4
4101507,PR,4105,Arapongas,-51.4288,-23.4407,Londrina,-2.3,2.6,-1.5,6.1,7.6,-3,0.16,0.07,0.37,-0.1,0.8,0.9,-3.5,-4.1,-2.2
4101606,PR,4106,Arapoti,-49.9755,-24.0933,Ponta Grossa,-0.6,5,-1.5,6.1,7.2,-4.9,0.17,-0.13,0.36,-0.2,-0.6,0.4,-2.5,-1.8,5.4
4101655,PR,4105,Arapuã,-51.8161,-24.3463,Londrina,-2.3,2.6,-1.5,6.1,5.2,1.2,-0.03,0.21,0.33,0.02,-0.2,1.3,-4.8,-4.3,-11.6
4101705,PR,4104,Araruna,-52.5758,-23.9547,Maringá,-1.9,3.8,-1.5,6.1,5.5,-0.4,0.09,0.1,0.33,-0.02,-0.3,0.1,-3,-2,8.7
4101804,PR,4101,Araucária,-49.4414,-25.6077,Curitiba,-0.1,12.2,-1.5,6.1,6.3,0.3,0.02,0.19,0.28,0.08,0.3,0,-1.9,-1.1,
4101853,PR,4105,Ariranha Do Ivaí,-51.5411,-24.3767,Londrina,-2.3,2.6,-1.5,6.1,6.3,-0.3,0.12,0.09,0.35,-0.01,-0.3,1.5,-3.9,-8.4,-10
4101903,PR,4105,Assaí,-50.8779,-23.4056,Londrina,-2.3,2.6,-1.5,6.1,8.9,-4,0.23,-0.05,0.49,-0.17,0.5,1.5,-2.9,-4.7,8
4102000,PR,4103,Assis Chateaubriand,-53.5864,-24.4251,Cascavel,-2.3,10.4,-1.5,6.1,4.2,1.9,0.03,0.2,0.29,0.04,-0.1,1.4,-4.8,-0.8,11.1
4102109,PR,4104,Astorga,-51.6999,-23.2489,Maringá,-1.9,3.8,-1.5,6.1,7.2,-3.2,0.18,0.03,0.4,-0.11,0.1,1.1,-4.2,-5.1,19.7
4102208,PR,4104,Atalaia,-52.0665,-23.1269,Maringá,-1.9,3.8,-1.5,6.1,6.7,-4.5,0.1,0.04,0.38,-0.22,0.1,1.4,-4.6,-0.9,1.6
4102307,PR,4101,Balsa Nova,-49.6897,-25.5223,Curitiba,-0.1,12.2,-1.5,6.1,8.7,-1.2,0.16,0.16,0.38,0.01,-0.2,0.1,0.6,-1.7,
4102406,PR,4105,Bandeirantes,-50.3477,-23.1614,Londrina,-2.3,2.6,-1.5,6.1,9.3,-4.6,0.13,-0.01,0.46,-0.19,1.1,1.5,-1.3,-3.8,6.8
4102505,PR,4104,Barbosa Ferraz,-52.0472,-24.0834,Maringá,-1.9,3.8,-1.5,6.1,7.7,-1.6,0.16,0.04,0.42,-0.08,-0.3,2,-2.3,-5.9,-1.8
4102604,PR,4103,Barracão,-53.5268,-26.2466,Cascavel,-2.3,10.4,-1.5,6.1,10.9,-4.8,0.19,0.03,0.48,-0.36,-0.8,-0.1,-3.3,-6.4,-3.3
4102703,PR,4105,Barra Do Jacaré,-50.1575,-23.107,Londrina,-2.3,2.6,-1.5,6.1,8.7,-4,0.02,0.05,0.46,-0.2,0,2.4,-3.7,-5.6,1.9
4102752,PR,4103,Bela Vista Da Caroba,-53.6346,-25.8819,Cascavel,-2.3,10.4,-1.5,6.1,8.2,-1.5,0.12,0.19,0.42,-0.12,0.3,0.6,-2.5,-3.5,1.5
4102802,PR,4105,Bela Vista Do Paraíso,-51.2383,-23.0075,Londrina,-2.3,2.6,-1.5,6.1,8,-4.9,0.24,-0.02,0.39,-0.2,0.4,1.1,-3.7,-1.2,9
4102901,PR,4101,Bituruna,-51.5255,-26.1714,Curitiba,-0.1,12.2,-1.5,6.1,6.2,-3,0.14,0,0.26,-0.05,-0.2,0,-3.2,0.1,
4103008,PR,4104,Boa Esperança,-52.7511,-24.2559,Maringá,-1.9,3.8,-1.5,6.1,4.8,1.3,0.06,0.2,0.34,0.01,0.1,0.3,-5,-2.2,12.5
4103024,PR,4103,Boa Esperança Do Iguaçu,-53.2242,-25.6409,Cascavel,-2.3,10.4,-1.5,6.1,7.1,-1.2,0.09,0.14,0.38,-0.08,0.1,0.4,-4.4,-6,12.5
4103040,PR,4102,Boa Ventura De São Roque,-51.571,-24.8596,Guarapuava,-1.5,0.7,-1.5,6.1,5.4,0,0.07,0.17,0.31,0.06,-0.4,0,-3.1,-8.7,-6.9
4103057,PR,4103,Boa Vista Da Aparecida,-53.4236,-25.4377,Cascavel,-2.3,10.4,-1.5,6.1,6.6,-2,0.08,0.14,0.36,-0.14,-0.8,0.5,-1.8,-0.7,7
4103107,PR,4101,Bocaiúva Do Sul,-48.9347,-25.1162,Curitiba,-0.1,12.2,-1.5,6.1,6.9,-2.4,0.16,-0.14,0.29,-0.05,-0.1,0,0.2,,
4103156,PR,4103,Bom Jesus Do Sul,-53.5559,-26.1625,Cascavel,-2.3,10.4,-1.5,6.1,11.7,-5.5,0.2,0.04,0.48,-0.34,-0.9,-0.2,-3.8,1.3,8.7
4103206,PR,4105,Bom Sucesso,-51.8242,-23.7123,Londrina,-2.3,2.6,-1.5,6.1,6,-2.3,0.03,0.06,0.28,-0.07,0.7,0.9,-4.9,-2.2,-0.2
4103222,PR,4103,Bom Sucesso Do Sul,-52.8403,-26.0862,Cascavel,-2.3,10.4,-1.5,6.1,10.1,-5.7,0.13,0.02,0.43,-0.24,0.8,-0.4,-3.5,-5.4,2.9
4103305,PR,4105,Borrazópolis,-51.5935,-23.9392,Londrina,-2.3,2.6,-1.5,6.1,8.9,-4.2,0.25,-0.03,0.54,-0.23,-0.3,1.1,-4.8,-3,-1.2
4103354,PR,4103,Braganey,-53.0906,-24.8009,Cascavel,-2.3,10.4,-1.5,6.1,7.1,-1.5,0.09,0.18,0.4,-0.11,-0.5,0,-3.6,-0.1,13.1
4103370,PR,4104,Brasilândia Do Sul,-53.543,-24.1646,Maringá,-1.9,3.8,-1.5,6.1,-2.2,6.2,-0.12,0.34,0.02,0.22,-0.3,2.2,-6.5,-0.9,8.5
4103404,PR,4105,Cafeara,-51.7133,-22.8153,Londrina,-2.3,2.6,-1.5,6.1,5.5,-4.1,0.13,-0.01,0.27,-0.11,0.1,1.1,-0.7,-4.8,-1.8
4103453,PR,4103,Cafelândia,-53.3646,-24.693,Cascavel,-2.3,10.4,-1.5,6.1,6.4,-0.2,0.11,0.14,0.4,-0.06,0.1,0.2,-3.6,0.3,11.9
4103479,PR,4104,Cafezal Do Sul,-53.5622,-23.9397,Maringá,-1.9,3.8,-1.5,6.1,1.5,2.2,-0.1,0.26,0.14,0.07,-0.5,1.9,-5.3,0,5.5
4103503,PR,4105,Califórnia,-51.3353,-23.671,Londrina,-2.3,2.6,-1.5,6.1,8.2,-4.4,0.23,-0.1,0.43,-0.21,0.7,1,-5.1,-3.9,3.7
4103602,PR,4105,Cambará,-50.0821,-22.9981,Londrina,-2.3,2.6,-1.5,6.1,9.4,-3.7,0.01,0.03,0.45,-0.17,-0.3,2.2,0.3,-3.4,14.4
4103701,PR,4105,Cambé,-51.2843,-23.1778,Londrina,-2.3,2.6,-1.5,6.1,7.7,-5.1,0.3,-0.07,0.41,-0.22,0.3,0.7,-3.6,-3.4,1.3
4103800,PR,4105,Cambira,-51.567,-23.6332,Londrina,-2.3,2.6,-1.5,6.1,6,-2.4,0.09,0.07,0.32,-0.11,0.4,1.3,-4.6,-4.4,3
4103909,PR,4104,Campina Da Lagoa,-52.789,-24.617,Maringá,-1.9,3.8,-1.5,6.1,6.6,-1.9,0.18,0.07,0.43,-0.16,-0.4,0.6,-3.4,-0.1,10.8
4103958,PR,4102,Campina Do Simão,-51.783,-25.1289,Guarapuava,-1.5,0.7,-1.5,6.1,7.4,-2.2,0.15,0.07,0.37,-0.05,-0.7,0,-3.3,-2.8,
4104006,PR,4101,Campina Grande Do Sul,-48.8467,-25.187,Curitiba,-0.1,12.2,-1.5,6.1,9.1,-2.3,0.3,-0.16,0.42,-0.06,0.4,0,1.4,,
4104055,PR,4103,Campo Bonito,-53.0133,-24.9308,Cascavel,-2.3,10.4,-1.5,6.1,5.2,0.6,-0.01,0.26,0.33,-0.01,0.3,-0.2,-2.4,-3,8.4
4104105,PR,4101,Campo Do Tenente,-49.6569,-25.9782,Curitiba,-0.1,12.2,-1.5,6.1,7.1,-0.7,0.03,0.07,0.35,0.02,0.3,0.2,0.8,1.3,
4104204,PR,4101,Campo Largo,-49.619,-25.2921,Curitiba,-0.1,12.2,-1.5,6.1,9.5,-4.4,0.21,0.02,0.43,-0.16,-1.1,0,-0.4,0,
4104253,PR,4101,Campo Magro,-49.4621,-25.2912,Curitiba,-0.1,12.2,-1.5,6.1,8,-3.6,0.15,0.05,0.31,-0.09,-0.6,0.1,0.6,0.4,
4104303,PR,4104,Campo Mourão,-52.379,-24.1036,Maringá,-1.9,3.8,-1.5,6.1,6.2,-1.7,0.1,0.11,0.43,-0.14,0.5,0.5,-8.8,-2.9,0
4104402,PR,4105,Cândido De Abreu,-51.2533,-24.6445,Londrina,-2.3,2.6,-1.5,6.1,3.2,-1.4,0.05,0.14,0.23,-0.06,-0.5,0.2,-3.9,-7.5,22.8
4104428,PR,4102,Candói,-52.0218,-25.5262,Guarapuava,-1.5,0.7,-1.5,6.1,7.7,-3.9,0.18,-0.01,0.42,-0.17,0,-0.1,-3.5,-0.5,3.2
4104451,PR,4102,Cantagalo,-52.1315,-25.2866,Guarapuava,-1.5,0.7,-1.5,6.1,6.6,-2.7,0.09,0.07,0.33,-0.11,0.5,-0.2,-5.2,-0.3,10.3
4104501,PR,4103,Capanema,-53.7635,-25.6111,Cascavel,-2.3,10.4,-1.5,6.1,6.1,-0.3,-0.01,0.22,0.37,-0.11,-0.4,0.7,-4.5,-6,4.6
4104600,PR,4103,Capitão Leônidas Marques,-53.5948,-25.4718,Cascavel,-2.3,10.4,-1.5,6.1,7.1,-2.3,0.12,0.1,0.42,-0.18,-0.5,1,-2.7,-5,8.6
4104659,PR,4106,Carambeí,-50.1541,-24.8937,Ponta Grossa,-0.6,5,-1.5,6.1,5,0,0.15,0.15,0.38,0,0.2,0,-2.4,-0.8,1.1
4104709,PR,4105,Carlópolis,-49.7121,-23.459,Londrina,-2.3,2.6,-1.5,6.1,8.9,-4.1,0.22,-0.11,0.47,-0.21,-0.2,1.4,-1.8,-4.4,-8.5
4104808,PR,4103,Cascavel,-53.3802,-25.0282,Cascavel,-2.3,10.4,-1.5,6.1,4,2.2,-0.04,0.3,0.28,0.06,-0.7,-0.3,-4.7,-1.9,12.1
4104907,PR,4106,Castro,-49.8418,-24.8,Ponta Grossa,-0.6,5,-1.5,6.1,7,-3.1,0.29,-0.07,0.42,-0.13,0.1,-0.1,-2.1,0.1,3.1
4105003,PR,4103,Catanduvas,-53.1565,-25.2425,Cascavel,-2.3,10.4,-1.5,6.1,3.6,0.9,-0.01,0.22,0.26,-0.01,-0.2,-0.4,-3.8,-0.6,9.1
4105102,PR,4105,Centenário Do Sul,-51.5608,-22.8058,Londrina,-2.3,2.6,-1.5,6.1,6.2,-5.1,0.19,-0.13,0.29,-0.16,0.4,0.8,-5.1,-5.9,-6.1
4105201,PR,4101,Cerro Azul,-49.2805,-24.8765,Curitiba,-0.1,12.2,-1.5,6.1,6.1,-2,0.15,0.03,0.28,-0.04,-0.4,0.8,-1.7,1.1,
4105300,PR,4103,Céu Azul,-53.7618,-25.2441,Cascavel,-2.3,10.4,-1.5,6.1,5.4,-0.3,-0.01,0.29,0.36,-0.08,-0.5,0,-2.7,-2.8,6.6
4105409,PR,4103,Chopinzinho,-52.4501,-25.8135,Cascavel,-2.3,10.4,-1.5,6.1,6.1,-2.2,0.07,0.05,0.32,-0.11,0.3,-0.3,-3.9,-6.8,2.3
4105508,PR,4104,Cianorte,-52.6258,-23.7285,Maringá,-1.9,3.8,-1.5,6.1,6.6,-1.8,0.11,0.08,0.3,-0.03,0.5,0.5,-4.3,2,4.9
4105607,PR,4104,Cidade Gaúcha,-52.9598,-23.3819,Maringá,-1.9,3.8,-1.5,6.1,1.3,-0.4,-0.19,0.25,0.13,-0.04,0,-0.5,-5.5,1.8,-2.7
4105706,PR,4103,Clevelândia,-52.36,-26.3438,Cascavel,-2.3,10.4,-1.5,6.1,8.7,-3.8,0.16,0.07,0.36,-0.15,0.4,-0.1,-3,-2.2,2
4105805,PR,4101,Colombo,-49.1902,-25.3036,Curitiba,-0.1,12.2,-1.5,6.1,9,-3.5,0.26,-0.06,0.44,-0.14,0.2,0.2,1,,
4105904,PR,4104,Colorado,-51.9731,-22.8364,Maringá,-1.9,3.8,-1.5,6.1,6.9,-5.3,0.17,-0.01,0.4,-0.25,0.7,1.2,-4.3,2.5,5.9
4106001,PR,4105,Congonhinhas,-50.5043,-23.6052,Londrina,-2.3,2.6,-1.5,6.1,4.5,-0.6,0.04,0.1,0.31,-0.02,0.9,-0.1,-2.3,-2.3,-1.5
4106100,PR,4105,Conselheiro Mairinck,-50.1296,-23.5977,Londrina,-2.3,2.6,-1.5,6.1,7.7,-2.9,0.23,-0.08,0.42,-0.14,0.1,1.2,-2.9,-1.3,-4.8
4106209,PR,4101,Contenda,-49.5274,-25.7184,Curitiba,-0.1,12.2,-1.5,6.1,6.5,0.5,-0.01,0.21,0.27,0.12,0.2,0.1,-1,0.2,
4106308,PR,4103,Corbélia,-53.2371,-24.7434,Cascavel,-2.3,10.4,-1.5,6.1,6.2,-0.8,0.03,0.22,0.38,-0.06,-0.1,0,-2.9,-0.5,17.6
4106407,PR,4105,Cornélio Procópio,-50.6255,-23.2276,Londrina,-2.3,2.6,-1.5,6.1,8.5,-3.8,0.32,-0.04,0.48,-0.18,0.3,1.6,-2.1,-2.9,1.8
4106456,PR,4103,Coronel Domingos Soares,-51.9237,-26.1838,Cascavel,-2.3,10.4,-1.5,6.1,8.8,-3.7,0.07,0.13,0.38,-0.11,-0.1,0,-3.4,-0.5,
4106506,PR,4103,Coronel Vivida,-52.5657,-25.9931,Cascavel,-2.3,10.4,-1.5,6.1,7.4,-3.3,0.06,0.05,0.38,-0.2,0.1,-0.2,-3.6,-6,7.1
4106555,PR,4104,Corumbataí Do Sul,-52.1421,-24.125,Maringá,-1.9,3.8,-1.5,6.1,6.5,-2.1,0.11,0.08,0.41,-0.14,-0.7,1,-5.3,-2.3,3.3
4106571,PR,4103,Cruzeiro Do Iguaçu,-53.1275,-25.5973,Cascavel,-2.3,10.4,-1.5,6.1,6.4,0.1,0.07,0.24,0.36,-0.02,-0.6,0.6,-4.7,-7.6,8.4
4106605,PR,4104,Cruzeiro Do Oeste,-53.0835,-23.7571,Maringá,-1.9,3.8,-1.5,6.1,3,0.4,-0.11,0.21,0.17,0.02,0.1,1.1,-4.5,-0.5,5.7
4106704,PR,4104,Cruzeiro Do Sul,-52.1599,-22.9881,Maringá,-1.9,3.8,-1.5,6.1,8.7,-7.6,0.18,-0.08,0.46,-0.34,0.9,1.4,-0.7,-6.2,-0.7
4106803,PR,4101,Cruz Machado,-51.2308,-25.9216,Curitiba,-0.1,12.2,-1.5,6.1,8.7,-3.3,0.11,0.05,0.26,0.05,0,-0.1,-1.8,-1,1.7
4106852,PR,4105,Cruzmaltina,-51.4725,-24.02,Londrina,-2.3,2.6,-1.5,6.1,8,-2,0.23,0.06,0.49,-0.12,0.1,0.8,-5.6,1,-7.1
4106902,PR,4101,Curitiba,-49.2883,-25.4784,Curitiba,-0.1,12.2,-1.5,6.1,9.1,-3.5,0.18,0,0.46,-0.12,-0.4,0.1,-0.6,,
4107009,PR,4106,Curiúva,-50.467,-24.0121,Ponta Grossa,-0.6,5,-1.5,6.1,7.2,-4.1,0.15,-0.09,0.34,-0.12,0.8,0,-2.3,-10.4,-6.3
4107108,PR,4104,Diamante Do Norte,-52.8922,-22.6353,Maringá,-1.9,3.8,-1.5,6.1,5.1,-5.8,-0.03,0.01,0.25,-0.26,0.6,-0.9,-4.6,-20.4,-12
4107124,PR,4103,Diamante Do Sul,-52.7046,-24.995,Cascavel,-2.3,10.4,-1.5,6.1,7.7,-1,0.2,0.08,0.45,-0.09,0,0.2,-1.8,-1,14.4
4107157,PR,4103,Diamante D'oeste,-54.1003,-24.9521,Cascavel,-2.3,10.4,-1.5,6.1,5.6,0,0.1,0.22,0.31,-0.06,-0.3,0.6,-0.5,-8.1,14.2
4107207,PR,4103,Dois Vizinhos,-53.0745,-25.7517,Cascavel,-2.3,10.4,-1.5,6.1,7.7,-2.6,0.04,0.15,0.36,-0.15,-0.2,0,-3.7,-1.6,3.6
4107256,PR,4104,Douradina,-53.2902,-23.3481,Maringá,-1.9,3.8,-1.5,6.1,1.3,0.4,-0.13,0.21,0.1,0,-0.5,0.7,-5.7,3.6,-11.1
4107306,PR,4104,Doutor Camargo,-52.2172,-23.5616,Maringá,-1.9,3.8,-1.5,6.1,9,-4.8,0.22,0,0.47,-0.24,-0.4,1.9,-4.7,-3.2,0.5
4107405,PR,4103,Enéas Marques,-53.1541,-25.9054,Cascavel,-2.3,10.4,-1.5,6.1,8.7,-4.7,0.1,0.02,0.38,-0.21,0.1,-0.3,-2,-5.7,5.2
4107504,PR,4104,Engenheiro Beltrão,-52.2701,-23.7605,Maringá,-1.9,3.8,-1.5,6.1,7.1,-4,0.16,-0.03,0.32,-0.15,-1,1.6,-7.3,-3.3,2
4107520,PR,4104,Esperança Nova,-53.7964,-23.7148,Maringá,-1.9,3.8,-1.5,6.1,2.3,0.7,-0.13,0.25,0.15,0,-0.7,1.8,-6,1.5,4.7
4107538,PR,4103,Entre Rios Do Oeste,-54.2224,-24.7137,Cascavel,-2.3,10.4,-1.5,6.1,7.3,-0.4,0.12,0.17,0.36,-0.06,0.4,2.1,-1.5,-3.4,0.7
4107546,PR,4103,Espigão Alto Do Iguaçu,-52.7868,-25.353,Cascavel,-2.3,10.4,-1.5,6.1,2.5,1.5,-0.06,0.2,0.2,0.01,0.1,-0.4,-2.6,-2.3,13.6
4107553,PR,4104,Farol,-52.6313,-24.124,Maringá,-1.9,3.8,-1.5,6.1,5.5,1.1,0.09,0.19,0.36,0.01,0.3,0.2,-3.8,-4.4,6.1
4107603,PR,4105,Faxinal,-51.2839,-24.0049,Londrina,-2.3,2.6,-1.5,6.1,8.4,-3.2,0.22,0.04,0.47,-0.17,0.6,0.7,-4.8,-2.3,-5.9
4107652,PR,4101,Fazenda Rio Grande,-49.2974,-25.6806,Curitiba,-0.1,12.2,-1.5,6.1,8.6,-1.1,0.16,0.08,0.37,0.02,0.3,0,1.3,0.7,
4107702,PR,4104,Fênix,-52.0299,-23.9014,Maringá,-1.9,3.8,-1.5,6.1,7.6,-3.2,0.17,-0.01,0.37,-0.13,0.1,2,-3.1,-4.9,2.8
4107736,PR,4106,Fernandes Pinheiro,-50.5105,-25.5167,Ponta Grossa,-0.6,5,-1.5,6.1,7.5,-0.7,0.06,0.2,0.36,0.02,0.4,0.1,0.9,2.1,4.4
4107751,PR,4105,Figueira,-50.432,-23.878,Londrina,-2.3,2.6,-1.5,6.1,8.7,-4.9,0.18,-0.13,0.43,-0.19,0.5,0.6,-2.2,2.4,-3.1
4107801,PR,4104,Floraí,-52.3461,-23.3346,Maringá,-1.9,3.8,-1.5,6.1,5.8,-3.5,-0.08,0.17,0.35,-0.2,-0.1,1,-6,-2.4,-2.4
4107850,PR,4103,Flor Da Serra Do Sul,-53.2899,-26.2382,Cascavel,-2.3,10.4,-1.5,6.1,7.6,-4.1,0.14,0.03,0.31,-0.16,-0.1,-0.2,-3.4,-6.3,7.5
4107900,PR,4104,Floresta,-52.0917,-23.6061,Maringá,-1.9,3.8,-1.5,6.1,7.1,-4.2,0.05,-0.03,0.34,-0.18,0.8,1.6,-6.5,-6.8,2.7
4108007,PR,4105,Florestópolis,-51.4023,-22.894,Londrina,-2.3,2.6,-1.5,6.1,6.9,-5.2,0.24,-0.11,0.35,-0.18,-0.2,1.1,-3.9,-3.2,-0.3
4108106,PR,4104,Flórida,-51.9566,-23.1069,Maringá,-1.9,3.8,-1.5,6.1,7.9,-4.3,0.2,0,0.42,-0.19,-0.3,1.2,-2.6,5.2,1.9
4108205,PR,4103,Formosa Do Oeste,-53.3314,-24.2916,Cascavel,-2.3,10.4,-1.5,6.1,-0.6,4.6,-0.08,0.29,0.05,0.19,0.2,2.2,-6,-1.9,14.2
4108304,PR,4103,Foz Do Iguaçu,-54.4852,-25.4687,Cascavel,-2.3,10.4,-1.5,6.1,6,-4,0.1,0.07,0.34,-0.24,0.5,-1.1,-3.6,-5.3,12.6
4108320,PR,4104,Francisco Alves,-53.8716,-24.0944,Maringá,-1.9,3.8,-1.5,6.1,-0.6,3.6,-0.04,0.25,0.11,0.08,-0.3,2.1,-5.5,0.2,12.2
4108403,PR,4103,Francisco Beltrão,-53.1306,-26.0479,Cascavel,-2.3,10.4,-1.5,6.1,8.4,-5,0.09,0.02,0.4,-0.24,0.7,-0.2,-1.7,-3.5,10.2
4108452,PR,4102,Foz Do Jordão,-52.0908,-25.7001,Guarapuava,-1.5,0.7,-1.5,6.1,8.3,-4.3,0.2,-0.02,0.39,-0.16,-0.4,-0.1,-4.4,-0.9,-7.2
4108502,PR,4101,General Carneiro,-51.3923,-26.4725,Curitiba,-0.1,12.2,-1.5,6.1,7.5,0.1,0.1,0.13,0.37,0.11,0,0.1,-1.7,0.7,
4108551,PR,4105,Godoy Moreira,-51.9073,-24.1592,Londrina,-2.3,2.6,-1.5,6.1,6.3,-0.4,0.13,0.12,0.4,-0.03,-0.1,2.9,-3.9,-4.4,-14.2
4108601,PR,4104,Goioerê,-53.0526,-24.1738,Maringá,-1.9,3.8,-1.5,6.1,5.3,-0.1,0.13,0.14,0.32,-0.02,0,1.5,-5.3,-2.1,7.2
4108650,PR,4102,Goioxim,-51.9941,-25.1315,Guarapuava,-1.5,0.7,-1.5,6.1,6.5,-2.5,0.05,0.1,0.34,-0.1,0.5,-0.1,-4.9,-1.3,-7.9
4108700,PR,4105,Grandes Rios,-51.4475,-24.1903,Londrina,-2.3,2.6,-1.5,6.1,8,-1.8,0.25,0.07,0.48,-0.11,-0.1,1.3,-5.2,-3.6,-7.4
4108809,PR,4103,Guaíra,-54.2319,-24.1897,Cascavel,-2.3,10.4,-1.5,6.1,4.7,0.3,0.07,0.22,0.3,-0.03,-0.3,2.3,-4.5,-5.3,13.7
4108908,PR,4104,Guairaçá,-52.7386,-22.9229,Maringá,-1.9,3.8,-1.5,6.1,4.8,-4.4,-0.03,0.01,0.28,-0.24,0.4,0.4,-4.7,,-3
4108957,PR,4102,Guamiranga,-50.8414,-25.1722,Guarapuava,-1.5,0.7,-1.5,6.1,2.3,2.7,-0.01,0.3,0.13,0.18,0.2,0.1,-1.7,0,5
4109005,PR,4105,Guapirama,-50.0763,-23.4687,Londrina,-2.3,2.6,-1.5,6.1,8,-3.2,0.15,-0.04,0.42,-0.15,0.7,1.2,-3.1,-8.6,3.9
4109104,PR,4104,Guaporema,-52.8267,-23.3251,Maringá,-1.9,3.8,-1.5,6.1,3.4,-1.8,-0.11,0.17,0.23,-0.1,0.1,-0.6,-5,3.6,-1.7
4109203,PR,4105,Guaraci,-51.6795,-22.9574,Londrina,-2.3,2.6,-1.5,6.1,5.2,-4.2,0.13,-0.03,0.31,-0.17,0.1,1.1,-1.6,-2.2,-6.7
4109302,PR,4103,Guaraniaçu,-52.866,-25.0549,Cascavel,-2.3,10.4,-1.5,6.1,6.4,-0.1,0.11,0.12,0.38,-0.05,-0.1,-0.4,-3.2,-4,11.1
4109401,PR,4102,Guarapuava,-51.4956,-25.3774,Guarapuava,-1.5,0.7,-1.5,6.1,6.1,0.7,0.14,0.18,0.3,0.08,0,0,-2.5,-0.7,
4109500,PR,4101,Guaraqueçaba,-48.366,-25.2344,Curitiba,-0.1,12.2,-1.5,6.1,3.9,-3.3,0.01,-0.18,0.19,-0.13,-0.3,3,0,,
4109609,PR,4101,Guaratuba,-48.7675,-25.8193,Curitiba,-0.1,12.2,-1.5,6.1,2.5,2.3,0.13,0.05,0.15,0.14,0.1,3.1,0.5,,
4109658,PR,4103,Honório Serpa,-52.3747,-26.1639,Cascavel,-2.3,10.4,-1.5,6.1,7.5,-4.2,0.09,0.04,0.32,-0.18,0.2,-0.1,-4.4,0.1,-7.8
4109708,PR,4105,Ibaiti,-50.288,-23.777,Londrina,-2.3,2.6,-1.5,6.1,7.8,-5,0.16,-0.12,0.37,-0.16,-0.3,0.8,-2.7,-8.6,-0.3
4109757,PR,4103,Ibema,-53.0246,-25.1532,Cascavel,-2.3,10.4,-1.5,6.1,3.3,1,-0.02,0.19,0.26,-0.01,0.7,-0.3,-3.2,-2.6,9
4109807,PR,4105,Ibiporã,-51.0412,-23.2383,Londrina,-2.3,2.6,-1.5,6.1,9.6,-6.1,0.3,-0.1,0.5,-0.26,0.7,1.3,-3.4,1.5,0.2
4109906,PR,4104,Icaraíma,-53.5867,-23.3743,Maringá,-1.9,3.8,-1.5,6.1,1.7,-1,-0.11,0.19,0.11,-0.07,-0.1,1.9,-7.7,4.4,-2.7
4110003,PR,4104,Iguaraçu,-51.8476,-23.2291,Maringá,-1.9,3.8,-1.5,6.1,6.5,-2.7,0.14,0.04,0.3,-0.07,-0.2,1.2,-1.2,-1.5,-5.7
4110052,PR,4103,Iguatu,-53.0866,-24.6888,Cascavel,-2.3,10.4,-1.5,6.1,4.4,0.6,0.14,0.14,0.32,-0.03,0.2,1.5,-3.1,-0.6,13
4110078,PR,4106,Imbaú,-50.7441,-24.4371,Ponta Grossa,-0.6,5,-1.5,6.1,6.2,-2.7,0.16,0.05,0.35,-0.12,0.6,0,-4,-4.6,13.2
4110102,PR,4106,Imbituva,-50.6572,-25.2265,Ponta Grossa,-0.6,5,-1.5,6.1,5,-0.1,0.09,0.2,0.26,0.05,0.1,0.1,-0.1,1.5,4.8
4110201,PR,4102,Inácio Martins,-51.1992,-25.6337,Guarapuava,-1.5,0.7,-1.5,6.1,4.9,1.3,0.06,0.19,0.2,0.15,0.7,0,-1.2,-3.6,-3.6
4110300,PR,4104,Inajá,-52.2266,-22.7206,Maringá,-1.9,3.8,-1.5,6.1,6.8,-4.7,0.03,0.06,0.38,-0.19,0.6,0.5,-4.4,1.3,
4110409,PR,4104,Indianópolis,-52.6737,-23.4868,Maringá,-1.9,3.8,-1.5,6.1,4.5,-2.5,-0.04,0.13,0.24,-0.1,0.7,0.2,-5.3,-3.7,1.3
4110508,PR,4106,Ipiranga,-50.5856,-24.9884,Ponta Grossa,-0.6,5,-1.5,6.1,4.4,-1.3,0.19,0.08,0.25,-0.04,-0.9,-0.1,-2,-0.2,6.3
4110607,PR,4104,Iporã,-53.7206,-24.0449,Maringá,-1.9,3.8,-1.5,6.1,-1.3,3.9,-0.09,0.25,0.08,0.09,-0.7,2,-6.3,-0.3,3
4110656,PR,4103,Iracema Do Oeste,-53.3526,-24.4407,Cascavel,-2.3,10.4,-1.5,6.1,2.8,1.5,0.02,0.18,0.25,0.02,-0.5,1.1,-4.3,-0.9,10.6
4110706,PR,4106,Irati,-50.8264,-25.4882,Ponta Grossa,-0.6,5,-1.5,6.1,7.5,-0.7,0.11,0.21,0.35,0.03,0.7,0.1,0.8,-1.4,3.1
4110805,PR,4104,Iretama,-52.1091,-24.3519,Maringá,-1.9,3.8,-1.5,6.1,5.7,-0.4,0.02,0.18,0.37,-0.05,-0.3,1.9,-7.3,0.5,7.4
4110904,PR,4104,Itaguajé,-51.9677,-22.66,Maringá,-1.9,3.8,-1.5,6.1,6.1,-3.2,0.13,0.03,0.3,-0.14,1.5,0.7,-2.8,8.5,-4.3
4110953,PR,4103,Itaipulândia,-54.358,-25.1549,Cascavel,-2.3,10.4,-1.5,6.1,5.2,-1.9,0.16,0.12,0.36,-0.21,0.4,0.1,-3.7,-6.3,2.1
4111001,PR,4105,Itambaracá,-50.4173,-22.9834,Londrina,-2.3,2.6,-1.5,6.1,5.4,-2.4,0.01,0,0.28,-0.1,-0.1,1.8,0.1,-2,3.7
4111100,PR,4104,Itambé,-52.0084,-23.7049,Maringá,-1.9,3.8,-1.5,6.1,7.4,-3.7,0.11,-0.03,0.33,-0.14,-0.7,1.8,-5.8,-4.2,-0.1
4111209,PR,4103,Itapejara D'oeste,-52.8234,-25.9889,Cascavel,-2.3,10.4,-1.5,6.1,9.5,-5.8,0.14,0.01,0.4,-0.26,0.5,-0.1,-3.3,-7.5,3.6
4111258,PR,4101,Itaperuçu,-49.4916,-25.1265,Curitiba,-0.1,12.2,-1.5,6.1,10.4,-5.5,0.36,-0.04,0.45,-0.19,-1.3,0,0.9,,
4111308,PR,4104,Itaúna Do Sul,-52.8948,-22.7285,Maringá,-1.9,3.8,-1.5,6.1,3.5,-5.1,-0.08,0.01,0.21,-0.25,0.9,-0.7,-2.9,,-4.9
4111407,PR,4106,Ivaí,-50.8603,-24.9893,Ponta Grossa,-0.6,5,-1.5,6.1,4.1,0.4,0.11,0.17,0.22,0.06,-0.2,0.2,-2.1,-0.9,3.6
4111506,PR,4105,Ivaiporã,-51.6277,-24.2819,Londrina,-2.3,2.6,-1.5,6.1,5.9,-0.6,0.1,0.11,0.37,-0.04,0.4,1.3,-3.2,-5.4,-9.7
4111555,PR,4104,Ivaté,-53.4238,-23.3556,Maringá,-1.9,3.8,-1.5,6.1,2.4,-1,-0.07,0.17,0.13,-0.05,-0.7,1.3,-8.8,-6.6,-3
4111605,PR,4104,Ivatuba,-52.1793,-23.599,Maringá,-1.9,3.8,-1.5,6.1,6.5,-4,0.1,-0.03,0.35,-0.21,0.1,1.3,-5.7,-3.4,-1.6
4111704,PR,4105,Jaboti,-50.078,-23.7195,Londrina,-2.3,2.6,-1.5,6.1,8.4,-5.2,0.24,-0.17,0.42,-0.17,0.6,1,-0.7,-1.6,-3.2
4111803,PR,4105,Jacarezinho,-49.9471,-23.1506,Londrina,-2.3,2.6,-1.5,6.1,10.6,-3.8,0.13,0.02,0.55,-0.17,-0.5,2.7,-1.8,-2.7,10.4
4111902,PR,4105,Jaguapitã,-51.5562,-23.0643,Londrina,-2.3,2.6,-1.5,6.1,8,-4.2,0.29,-0.09,0.43,-0.15,0.6,0.8,-1.8,-1,-3.9
4112009,PR,4106,Jaguariaíva,-49.7063,-24.3305,Ponta Grossa,-0.6,5,-1.5,6.1,8.5,-6.2,0.29,-0.19,0.49,-0.27,-0.4,0,-2.4,-0.4,1.3
4112108,PR,4105,Jandaia Do Sul,-51.6853,-23.6265,Londrina,-2.3,2.6,-1.5,6.1,6.8,-2.8,0.13,0.05,0.34,-0.09,0.6,1.1,-3.1,-4.9,-5.8
4112207,PR,4104,Janiópolis,-52.8079,-24.1227,Maringá,-1.9,3.8,-1.5,6.1,5.9,0.1,0.09,0.18,0.38,-0.03,0.1,0.6,-4.3,-4.9,9.4
4112306,PR,4105,Japira,-50.1624,-23.7346,Londrina,-2.3,2.6,-1.5,6.1,8.2,-5.8,0.16,-0.18,0.44,-0.22,0.4,1.1,-2,-3.1,-3.8
4112405,PR,4104,Japurá,-52.5396,-23.4372,Maringá,-1.9,3.8,-1.5,6.1,5.7,-2.8,0.04,0.12,0.3,-0.12,-0.2,0.3,-7.2,-0.7,-3.7
4112504,PR,4105,Jardim Alegre,-51.7696,-24.2084,Londrina,-2.3,2.6,-1.5,6.1,6.6,-0.6,0.13,0.13,0.41,-0.05,-0.1,1.3,-3.1,-3.3,-10.4
4112603,PR,4104,Jardim Olinda,-52.0764,-22.5745,Maringá,-1.9,3.8,-1.5,6.1,5.6,-2.7,0,0.1,0.29,-0.11,1.7,0,-3.4,-7.2,3.2
4112702,PR,4105,Jataizinho,-50.9239,-23.2548,Londrina,-2.3,2.6,-1.5,6.1,10,-5.7,0.28,-0.09,0.53,-0.25,0.6,1.8,-4,-2.4,1.9
4112751,PR,4103,Jesuítas,-53.411,-24.4121,Cascavel,-2.3,10.4,-1.5,6.1,3.7,2,0.04,0.2,0.26,0.05,-0.4,1.4,-6.6,1.2,12.1
4112801,PR,4105,Joaquim Távora,-49.9092,-23.4555,Londrina,-2.3,2.6,-1.5,6.1,7.5,-3,0.14,-0.03,0.4,-0.16,0.3,1.2,-3.3,-9.4,0.3
4112900,PR,4105,Jundiaí Do Sul,-50.2315,-23.4738,Londrina,-2.3,2.6,-1.5,6.1,8.3,-2.1,0.24,0.01,0.46,-0.1,1.1,1.3,-1.4,-8.6,6.8
4112959,PR,4104,Juranda,-52.8352,-24.3967,Maringá,-1.9,3.8,-1.5,6.1,3.9,2.4,0.1,0.18,0.3,0.08,-0.2,0.4,-4.1,0.1,9.7
4113007,PR,4104,Jussara,-52.4462,-23.6354,Maringá,-1.9,3.8,-1.5,6.1,7.6,-3.2,0.16,0.05,0.36,-0.1,-0.2,1.4,-4.4,0.1,1.5
4113106,PR,4105,Kaloré,-51.6912,-23.8577,Londrina,-2.3,2.6,-1.5,6.1,7.7,-3.6,0.16,0.02,0.42,-0.16,0.4,1.2,-3.4,-4.6,-7.8
4113205,PR,4101,Lapa,-49.871,-25.7689,Curitiba,-0.1,12.2,-1.5,6.1,10.5,-3.8,0.18,0.06,0.53,-0.14,-0.4,0.1,0.2,-2.2,
4113254,PR,4102,Laranjal,-52.4896,-24.9012,Guarapuava,-1.5,0.7,-1.5,6.1,6.9,-1.4,0.05,0.15,0.41,-0.11,0.2,0.2,-4.4,-1.2,10.9
4113304,PR,4103,Laranjeiras Do Sul,-52.3842,-25.3456,Cascavel,-2.3,10.4,-1.5,6.1,4.8,-0.5,0.04,0.19,0.27,-0.03,-0.2,-0.2,-4.6,0.3,2.9
4113403,PR,4105,Leópolis,-50.7105,-23.0275,Londrina,-2.3,2.6,-1.5,6.1,6.9,-2.5,0.21,0.04,0.33,-0.08,0.5,1.5,-2.4,-1.7,2.2
4113429,PR,4105,Lidianópolis,-51.6434,-24.0902,Londrina,-2.3,2.6,-1.5,6.1,7.5,-2.4,0.19,0.07,0.5,-0.14,0.1,1.5,-6.4,-4.8,-10.9
4113452,PR,4103,Lindoeste,-53.557,-25.2638,Cascavel,-2.3,10.4,-1.5,6.1,7.1,-2.8,0.07,0.12,0.39,-0.18,-0.5,0.2,-3.2,-5,4.3
4113502,PR,4104,Loanda,-53.0696,-22.9493,Maringá,-1.9,3.8,-1.5,6.1,5.4,-2.6,0.01,0.13,0.28,-0.13,0,0.5,-4.3,-4.5,-2.7
4113601,PR,4104,Lobato,-51.987,-22.9815,Maringá,-1.9,3.8,-1.5,6.1,7.7,-4.7,0.18,-0.02,0.42,-0.19,0.2,1.6,-1.4,1.4,3.1
4113700,PR,4105,Londrina,-51.1107,-23.5139,Londrina,-2.3,2.6,-1.5,6.1,10.3,-7.5,0.29,-0.23,0.52,-0.35,0.7,1.2,-4.7,0.2,2.6
4113734,PR,4104,Luiziana,-52.3308,-24.3484,Maringá,-1.9,3.8,-1.5,6.1,5.8,-0.8,0.07,0.2,0.37,-0.07,0.1,0.3,-7.4,-5.5,9.9
4113759,PR,4105,Lunardelli,-51.7704,-24.0794,Londrina,-2.3,2.6,-1.5,6.1,7.2,-2.7,0.19,0.01,0.45,-0.13,-0.3,1.5,-5.4,-7.1,-11.9
4113809,PR,4105,Lupionópolis,-51.6662,-22.729,Londrina,-2.3,2.6,-1.5,6.1,6.2,-4.6,0.18,-0.12,0.28,-0.16,0.4,1.1,-4.7,-4.7,-7
4113908,PR,4106,Mallet,-50.8546,-25.8872,Ponta Grossa,-0.6,5,-1.5,6.1,7.9,-2.8,0.08,0.09,0.27,0.01,0.7,0.1,0,0.6,0.4
4114005,PR,4104,Mamborê,-52.5892,-24.3611,Maringá,-1.9,3.8,-1.5,6.1,4.5,0.2,0.11,0.21,0.32,-0.04,-0.1,0.2,-5.9,2,4.6
4114104,PR,4104,Mandaguaçu,-52.0562,-23.279,Maringá,-1.9,3.8,-1.5,6.1,8.4,-4.9,0.16,-0.01,0.44,-0.22,-0.1,0.9,-4.3,-1.2,-5.1
4114203,PR,4104,Mandaguari,-51.7064,-23.482,Maringá,-1.9,3.8,-1.5,6.1,7.4,-2.9,0.05,0.12,0.38,-0.09,0.5,0.8,-2.8,-4.2,0.4
4114302,PR,4101,Mandirituba,-49.3237,-25.8428,Curitiba,-0.1,12.2,-1.5,6.1,6.6,-0.5,0.07,0.03,0.31,0.04,0.2,0,0.2,-2.4,
4114351,PR,4103,Manfrinópolis,-53.3459,-26.093,Cascavel,-2.3,10.4,-1.5,6.1,9.2,-4.9,0.14,0.02,0.41,-0.22,-0.1,-0.1,-4.1,-3.9,-1
4114401,PR,4103,Mangueirinha,-52.2093,-26.0337,Cascavel,-2.3,10.4,-1.5,6.1,6.6,-3.1,0.04,0.06,0.26,-0.09,0.3,0,-3.6,-1.5,1.3
4114500,PR,4105,Manoel Ribas,-51.6413,-24.4884,Londrina,-2.3,2.6,-1.5,6.1,5.7,0,0.14,0.11,0.32,-0.01,0,0.1,-4.8,-3.4,1.5
4114609,PR,4103,Marechal Cândido Rondon,-54.1377,-24.5738,Cascavel,-2.3,10.4,-1.5,6.1,5,-0.4,0.05,0.18,0.32,-0.1,-0.6,1.4,-2.3,-4.7,7.1
4114708,PR,4104,Maria Helena,-53.2217,-23.5823,Maringá,-1.9,3.8,-1.5,6.1,1.6,0.4,-0.06,0.23,0.12,0,-0.2,0.7,-8.4,-1.5,
4114807,PR,4104,Marialva,-51.8682,-23.5278,Maringá,-1.9,3.8,-1.5,6.1,6.4,-3.1,-0.01,0.07,0.32,-0.13,0.3,1.3,-4.5,-4.9,-3.2
4114906,PR,4105,Marilândia Do Sul,-51.284,-23.7741,Londrina,-2.3,2.6,-1.5,6.1,8.5,-5.8,0.24,-0.16,0.45,-0.28,0.6,0.3,-3.9,-4.3,2.9
4115002,PR,4104,Marilena,-53.0639,-22.7328,Maringá,-1.9,3.8,-1.5,6.1,4.9,-4.9,-0.04,0.11,0.22,-0.2,0.6,-0.6,-4.1,-2.7,-10.6
4115101,PR,4104,Mariluz,-53.21,-24.0547,Maringá,-1.9,3.8,-1.5,6.1,2.1,3.3,0.02,0.25,0.15,0.13,-0.3,2,-6.2,-4.5,14.5
4115200,PR,4104,Maringá,-51.9687,-23.4021,Maringá,-1.9,3.8,-1.5,6.1,6.2,-2.7,-0.06,0.14,0.33,-0.11,0.4,1,-4.5,-1.8,-5.6
4115309,PR,4103,Mariópolis,-52.5816,-26.3356,Cascavel,-2.3,10.4,-1.5,6.1,8.3,-4,0.15,0.03,0.38,-0.19,0.5,-0.2,-3.2,-3.7,
4115358,PR,4103,Maripá,-53.7932,-24.4442,Cascavel,-2.3,10.4,-1.5,6.1,3.2,2.7,-0.04,0.28,0.26,0.08,-0.2,1.8,-3.1,-4.6,14.1
4115408,PR,4103,Marmeleiro,-53.0921,-26.2456,Cascavel,-2.3,10.4,-1.5,6.1,7.8,-4.6,0.11,0,0.35,-0.2,0.1,-0.3,-3.8,-6.6,3.1
4115457,PR,4103,Marquinho,-52.2536,-25.1008,Cascavel,-2.3,10.4,-1.5,6.1,5.5,-1.4,0.04,0.09,0.33,-0.08,0.1,-0.3,-5.6,1.2,8.7
4115507,PR,4105,Marumbi,-51.6615,-23.7551,Londrina,-2.3,2.6,-1.5,6.1,7.3,-2.8,0.15,0.04,0.35,-0.08,0.5,0.9,-4.1,-4.6,-3
4115606,PR,4103,Matelândia,-53.906,-25.3505,Cascavel,-2.3,10.4,-1.5,6.1,4.7,-1.5,0.02,0.14,0.37,-0.2,-0.9,0.5,-2.9,-4.4,11.1
4115705,PR,4101,Matinhos,-48.5538,-25.7637,Curitiba,-0.1,12.2,-1.5,6.1,-0.4,5.4,-0.04,0.18,0,0.29,0.2,2.5,3.2,,
4115739,PR,4102,Mato Rico,-52.211,-24.7016,Guarapuava,-1.5,0.7,-1.5,6.1,4.9,-0.2,-0.05,0.22,0.32,-0.06,-0.2,0.5,-4,-8.5,0.6
4115754,PR,4105,Mauá Da Serra,-51.1837,-23.9116,Londrina,-2.3,2.6,-1.5,6.1,8,-3.8,0.22,-0.02,0.44,-0.15,0.5,-0.1,-3.7,-0.3,
4115804,PR,4103,Medianeira,-54.0921,-25.2627,Cascavel,-2.3,10.4,-1.5,6.1,5.7,-2.2,0.06,0.16,0.41,-0.22,0,0.3,-3.6,-3.6,11.9
4115853,PR,4103,Mercedes,-54.1878,-24.434,Cascavel,-2.3,10.4,-1.5,6.1,4.6,-1.4,0.03,0.15,0.3,-0.12,-0.8,1.6,-3.1,-5.6,4.1
4115903,PR,4104,Mirador,-52.7464,-23.2017,Maringá,-1.9,3.8,-1.5,6.1,4,-1.5,-0.06,0.18,0.28,-0.09,-0.1,0,-4.8,-3.3,-10
4116000,PR,4105,Miraselva,-51.4839,-22.9766,Londrina,-2.3,2.6,-1.5,6.1,6.7,-4.5,0.22,-0.07,0.33,-0.14,0.4,1.1,-1.1,-4.9,5
4116059,PR,4103,Missal,-54.2426,-25.0945,Cascavel,-2.3,10.4,-1.5,6.1,5.2,-0.3,0.12,0.2,0.28,-0.09,0.7,0.9,-1.4,-1,5.9
4116109,PR,4104,Moreira Sales,-53.0066,-24.0238,Maringá,-1.9,3.8,-1.5,6.1,5.4,-0.6,0.09,0.13,0.31,-0.05,-0.5,1.6,-5.4,-1.3,9.6
4116208,PR,4101,Morretes,-48.8555,-25.518,Curitiba,-0.1,12.2,-1.5,6.1,2.5,1.1,-0.01,0.1,0.12,0.09,-0.3,2.6,1.2,,
4116307,PR,4104,Munhoz De Melo,-51.7348,-23.1317,Maringá,-1.9,3.8,-1.5,6.1,6.5,-3.6,0.12,0.01,0.34,-0.14,0.4,0.8,-1.5,-3.3,-8.4
4116406,PR,4104,Nossa Senhora Das Graças,-51.7993,-22.9154,Maringá,-1.9,3.8,-1.5,6.1,6.6,-5.1,0.18,-0.07,0.36,-0.2,0.2,1.3,-2.3,-3.5,0.9
4116505,PR,4104,Nova Aliança Do Ivaí,-52.6122,-23.1727,Maringá,-1.9,3.8,-1.5,6.1,5.1,-2.6,-0.03,0.13,0.3,-0.15,0.5,0.1,-6.2,-7.8,-9.9
4116604,PR,4105,Nova América Da Colina,-50.7074,-23.3452,Londrina,-2.3,2.6,-1.5,6.1,9.2,-3.7,0.26,-0.01,0.49,-0.14,-0.2,1.5,-5.1,-3.2,3.8
4116703,PR,4103,Nova Aurora,-53.2773,-24.5013,Cascavel,-2.3,10.4,-1.5,6.1,4.8,-0.5,0.09,0.12,0.35,-0.08,0.1,0.9,-2.9,0.3,15.1
4116802,PR,4104,Nova Cantu,-52.5573,-24.6587,Maringá,-1.9,3.8,-1.5,6.1,5.6,-0.3,0.12,0.15,0.35,-0.09,-0.5,0.4,-3.9,-2.3,6.2
4116901,PR,4104,Nova Esperança,-52.2517,-23.1911,Maringá,-1.9,3.8,-1.5,6.1,5.8,-4.4,-0.02,0.07,0.33,-0.23,0.4,0.7,-6.8,-4,-6.1
4116950,PR,4103,Nova Esperança Do Sudoeste,-53.2576,-25.8988,Cascavel,-2.3,10.4,-1.5,6.1,8.9,-4,0.12,0.05,0.44,-0.21,-0.3,0.1,-3.5,-2.8,7.8
4117008,PR,4105,Nova Fátima,-50.5415,-23.4181,Londrina,-2.3,2.6,-1.5,6.1,4.8,-1.8,0.01,0.12,0.3,-0.05,0.1,1.1,-5.2,-5.7,1.2
4117057,PR,4103,Nova Laranjeiras,-52.5699,-25.2138,Cascavel,-2.3,10.4,-1.5,6.1,4.3,-0.9,-0.01,0.08,0.24,-0.06,0.1,-0.2,-4.7,1,10.9
4117107,PR,4104,Nova Londrina,-52.9537,-22.7856,Maringá,-1.9,3.8,-1.5,6.1,4.5,-4.8,-0.06,0.06,0.24,-0.22,1,-0.6,-6.8,-6,-3
4117206,PR,4104,Nova Olímpia,-53.0703,-23.4261,Maringá,-1.9,3.8,-1.5,6.1,1.3,0.9,-0.18,0.28,0.09,0.05,-0.6,-0.4,-5,-1.2,-2.9
4117214,PR,4105,Nova Santa Bárbara,-50.7402,-23.593,Londrina,-2.3,2.6,-1.5,6.1,6.8,-2.5,0.08,0.07,0.39,-0.04,0.2,1,-3.6,-9,5.2
4117222,PR,4103,Nova Santa Rosa,-53.9574,-24.4428,Cascavel,-2.3,10.4,-1.5,6.1,4.5,0.6,0,0.18,0.3,-0.03,-1.5,1.3,-3.9,-2.1,13.4
4117255,PR,4103,Nova Prata Do Iguaçu,-53.3799,-25.5912,Cascavel,-2.3,10.4,-1.5,6.1,7.5,-2.1,0.12,0.14,0.4,-0.15,-0.8,0.4,-1.8,-7.6,4.7
4117271,PR,4102,Nova Tebas,-51.944,-24.4597,Guarapuava,-1.5,0.7,-1.5,6.1,3.8,1.2,-0.04,0.2,0.26,0.02,0.1,1.1,-6.7,-6.3,3.5
4117297,PR,4105,Novo Itacolomi,-51.5325,-23.7821,Londrina,-2.3,2.6,-1.5,6.1,7.2,-3.1,0.17,-0.01,0.38,-0.13,0.5,1.7,-3.2,-3.3,1.6
4117305,PR,4106,Ortigueira,-50.9466,-24.1368,Ponta Grossa,-0.6,5,-1.5,6.1,5.1,-0.5,0.05,0.16,0.25,0.03,0.5,0.2,-5.3,-0.3,2.1
4117404,PR,4104,Ourizona,-52.2303,-23.4587,Maringá,-1.9,3.8,-1.5,6.1,7.3,-4,0.05,0.1,0.41,-0.22,-0.4,1.2,-5.1,-3.4,-1.6
4117453,PR,4103,Ouro Verde Do Oeste,-53.9085,-24.7955,Cascavel,-2.3,10.4,-1.5,6.1,5.9,0.6,0.09,0.18,0.4,-0.05,-0.9,0.5,-3.6,-2.7,5.8
4117503,PR,4104,Paiçandu,-52.1239,-23.4664,Maringá,-1.9,3.8,-1.5,6.1,7.1,-4.1,0.01,0.11,0.39,-0.22,-0.3,1.6,-4.8,-3.3,-3
4117602,PR,4103,Palmas,-51.8161,-26.4507,Cascavel,-2.3,10.4,-1.5,6.1,9.3,-3.5,0.12,0.15,0.39,-0.08,0.6,0,-2.3,0.1,
4117701,PR,4106,Palmeira,-50.0557,-25.4438,Ponta Grossa,-0.6,5,-1.5,6.1,12.5,-5.5,0.22,0.07,0.58,-0.21,0.3,0.1,0,-1.5,
4117800,PR,4102,Palmital,-52.2671,-24.8755,Guarapuava,-1.5,0.7,-1.5,6.1,6.1,-1.2,0.02,0.17,0.38,-0.11,-0.2,-0.2,-4.3,3,16.1
4117909,PR,4103,Palotina,-53.825,-24.2756,Cascavel,-2.3,10.4,-1.5,6.1,1.3,2.1,-0.03,0.21,0.19,0.01,-0.2,2.5,-5.3,-3.5,4.1
4118006,PR,4104,Paraíso Do Norte,-52.6349,-23.2685,Maringá,-1.9,3.8,-1.5,6.1,3.5,-1.5,-0.08,0.18,0.22,-0.08,0.4,0.2,-4.7,-0.5,-3.8
4118105,PR,4104,Paranacity,-52.1448,-22.8478,Maringá,-1.9,3.8,-1.5,6.1,8.1,-6.3,0.15,-0.03,0.42,-0.26,0.2,1,-6.1,2.3,-0.9
4118204,PR,4101,Paranaguá,-48.5181,-25.5262,Curitiba,-0.1,12.2,-1.5,6.1,0.1,4.8,-0.09,0.19,-0.02,0.31,0.1,3,2.7,,
4118303,PR,4104,Paranapoema,-52.1034,-22.6619,Maringá,-1.9,3.8,-1.5,6.1,7.1,-4.6,0.03,0.08,0.38,-0.17,1.4,-0.1,-3.9,4,-9.2
4118402,PR,4104,Paranavaí,-52.51,-22.9229,Maringá,-1.9,3.8,-1.5,6.1,5.6,-3.9,-0.02,0.06,0.31,-0.21,1.2,0.8,-6.8,-2.1,-1.6
4118451,PR,4103,Pato Bragado,-54.2492,-24.6347,Cascavel,-2.3,10.4,-1.5,6.1,5.6,0.4,0.07,0.2,0.32,-0.04,-0.2,2.9,-3.1,-4.5,4.1
4118501,PR,4103,Pato Branco,-52.6628,-26.1694,Cascavel,-2.3,10.4,-1.5,6.1,8.8,-3.6,0.1,0.06,0.43,-0.19,0,-0.3,-3.4,-4.8,8.2
4118600,PR,4101,Paula Freitas,-50.8598,-26.1787,Curitiba,-0.1,12.2,-1.5,6.1,7.4,-4.1,0.15,-0.03,0.29,-0.09,0.3,0.3,-2.8,0.5,
4118709,PR,4101,Paulo Frontin,-50.7481,-26.0603,Curitiba,-0.1,12.2,-1.5,6.1,8.1,-3.6,0.09,0.01,0.3,-0.03,0.1,0.3,0.2,-1.3,
4118808,PR,4104,Peabiru,-52.323,-23.9304,Maringá,-1.9,3.8,-1.5,6.1,5.8,-1.6,0.05,0.06,0.38,-0.11,-0.4,0.7,-3.5,5.4,2.7
4118857,PR,4104,Perobal,-53.3664,-23.9245,Maringá,-1.9,3.8,-1.5,6.1,1.7,2.5,-0.02,0.23,0.14,0.07,0.3,1.9,-4.7,2.2,6.8
4118907,PR,4104,Pérola,-53.7065,-23.8271,Maringá,-1.9,3.8,-1.5,6.1,0.9,1.7,-0.14,0.27,0.09,0.06,-0.5,2.2,-5.3,4.3,8.5
4119004,PR,4103,Pérola D'oeste,-53.7603,-25.8524,Cascavel,-2.3,10.4,-1.5,6.1,9.3,-2.1,0.14,0.17,0.45,-0.13,0.5,0.8,-2.1,-2.6,4
4119103,PR,4101,Piên,-49.4544,-26.0881,Curitiba,-0.1,12.2,-1.5,6.1,6.2,1.3,0.04,0.17,0.3,0.15,0.2,0,1.3,-0.9,
4119152,PR,4101,Pinhais,-49.158,-25.4202,Curitiba,-0.1,12.2,-1.5,6.1,8,-2.3,0.14,0.03,0.38,-0.07,-0.1,0.1,0.6,,
4119202,PR,4105,Pinhalão,-50.0592,-23.9049,Londrina,-2.3,2.6,-1.5,6.1,9.3,-6.1,0.25,-0.14,0.41,-0.2,-0.3,0.6,-3,-3,-3.2
4119251,PR,4103,Pinhal De São Bento,-53.4761,-26.0182,Cascavel,-2.3,10.4,-1.5,6.1,10.3,-5.6,0.16,0.01,0.44,-0.26,-0.6,-0.1,-4.1,-4.4,1.7
4119301,PR,4102,Pinhão,-51.6324,-25.7861,Guarapuava,-1.5,0.7,-1.5,6.1,7.8,-1,0.11,0.2,0.33,0.04,0.5,0,-4.1,-0.9,
4119400,PR,4106,Piraí Do Sul,-49.9387,-24.4686,Ponta Grossa,-0.6,5,-1.5,6.1,8.7,-4.5,0.43,-0.23,0.54,-0.24,-0.5,0,-2.6,-2.7,1.9
4119509,PR,4101,Piraquara,-49.0514,-25.4721,Curitiba,-0.1,12.2,-1.5,6.1,5.2,-0.3,0.06,0.03,0.15,0.05,0.2,0,0.6,-3.3,
4119608,PR,4102,Pitanga,-51.7798,-24.6908,Guarapuava,-1.5,0.7,-1.5,6.1,3.5,0.9,0.09,0.13,0.21,0.05,0.2,0,-2.3,-2.4,-1.3
4119657,PR,4105,Pitangueiras,-51.5735,-23.2076,Londrina,-2.3,2.6,-1.5,6.1,6.8,-2.9,0.22,0.04,0.38,-0.1,0.2,0.8,-3.7,-5.9,-2.1
4119707,PR,4104,Planaltina Do Paraná,-52.9327,-23.0892,Maringá,-1.9,3.8,-1.5,6.1,5,-2,-0.03,0.18,0.28,-0.12,-0.3,0.4,-5.5,-9.8,-16.3
4119806,PR,4103,Planalto,-53.7065,-25.7377,Cascavel,-2.3,10.4,-1.5,6.1,7.7,-1.9,0.06,0.17,0.42,-0.15,-0.1,0.6,-2.9,-5.7,7
4119905,PR,4106,Ponta Grossa,-50.0816,-25.1419,Ponta Grossa,-0.6,5,-1.5,6.1,9,-2.5,0.16,0.09,0.41,-0.08,0.8,0,0.1,1.3,1.1
4119954,PR,4101,Pontal Do Paraná,-48.4731,-25.6356,Curitiba,-0.1,12.2,-1.5,6.1,1,4.6,0,0.11,0.04,0.27,0.4,2.9,3.5,,
4120002,PR,4105,Porecatu,-51.4121,-22.7421,Londrina,-2.3,2.6,-1.5,6.1,6.5,-4.2,0.22,-0.08,0.31,-0.16,-0.3,0.9,-5.9,-5,-10.1
4120101,PR,4106,Porto Amazonas,-49.8949,-25.5285,Ponta Grossa,-0.6,5,-1.5,6.1,11.9,-5.8,0.21,0.01,0.58,-0.24,0.1,0.2,1.9,-3.2,
4120150,PR,4103,Porto Barreiro,-52.3808,-25.5848,Cascavel,-2.3,10.4,-1.5,6.1,2.4,0.8,-0.07,0.25,0.17,0.02,-0.4,-0.2,-3,3.5,4.7
4120200,PR,4104,Porto Rico,-53.3127,-22.8358,Maringá,-1.9,3.8,-1.5,6.1,3.9,-2.8,-0.13,0.22,0.18,-0.12,0.7,-0.3,-6.8,-3.9,-8.2
4120309,PR,4101,Porto Vitória,-51.2224,-26.2298,Curitiba,-0.1,12.2,-1.5,6.1,7.5,-2.3,0.16,0.04,0.3,0.02,0.4,0.1,-2.8,1.9,
4120333,PR,4105,Prado Ferreira,-51.4023,-23.0265,Londrina,-2.3,2.6,-1.5,6.1,7.7,-4.3,0.25,-0.07,0.41,-0.17,0.7,1.1,-0.4,-8.3,-7.6
4120358,PR,4103,Pranchita,-53.7197,-25.9653,Cascavel,-2.3,10.4,-1.5,6.1,10.5,-4.3,0.17,0.09,0.47,-0.22,0.7,0.3,-2.7,-3,5.2
4120408,PR,4104,Presidente Castelo Branco,-52.1495,-23.2657,Maringá,-1.9,3.8,-1.5,6.1,5.8,-4.4,0.01,0.06,0.33,-0.23,0.8,0.5,-6.3,-1.9,0
4120507,PR,4105,Primeiro De Maio,-51.0782,-22.859,Londrina,-2.3,2.6,-1.5,6.1,7.4,-3.3,0.17,0.05,0.37,-0.07,0.4,0.6,-4,-1.3,3.3
4120606,PR,4102,Prudentópolis,-51.1042,-25.1258,Guarapuava,-1.5,0.7,-1.5,6.1,4.6,0.6,0.08,0.18,0.23,0.07,1.1,0.1,-2.7,-2.5,0.4
4120655,PR,4104,Quarto Centenário,-53.1565,-24.3034,Maringá,-1.9,3.8,-1.5,6.1,1.7,3,-0.03,0.25,0.16,0.14,0.7,2.1,-4.2,-5.3,6.6
4120705,PR,4105,Quatiguá,-49.9291,-23.5622,Londrina,-2.3,2.6,-1.5,6.1,7.8,-4.2,0.15,-0.1,0.38,-0.19,0.4,0.8,-1.1,,2
4120804,PR,4101,Quatro Barras,-48.9982,-25.3704,Curitiba,-0.1,12.2,-1.5,6.1,5.5,-0.5,0.11,-0.08,0.24,0.02,-0.3,0,-1.5,,
4120853,PR,4103,Quatro Pontes,-53.9789,-24.5683,Cascavel,-2.3,10.4,-1.5,6.1,4.9,-0.8,0.07,0.15,0.33,-0.09,-0.9,1.3,-2.3,-2.3,10.3
4120903,PR,4103,Quedas Do Iguaçu,-52.9545,-25.4553,Cascavel,-2.3,10.4,-1.5,6.1,3,0.4,-0.03,0.19,0.23,-0.04,0.7,-0.3,-2.1,0.9,14.4
4121000,PR,4104,Querência Do Norte,-53.5181,-23.0382,Maringá,-1.9,3.8,-1.5,6.1,1.4,0.9,-0.2,0.34,0.1,0,-0.5,1.1,-4.4,-2.9,-6.6
4121109,PR,4104,Quinta Do Sol,-52.1409,-23.8289,Maringá,-1.9,3.8,-1.5,6.1,7.1,-3.6,0.11,0.01,0.35,-0.13,-0.9,1.7,-6,-5.1,1.4
4121208,PR,4101,Quitandinha,-49.4813,-25.907,Curitiba,-0.1,12.2,-1.5,6.1,6,0.9,0.02,0.16,0.28,0.13,-0.1,0,1.9,-3.2,
4121257,PR,4103,Ramilândia,-54.0755,-25.0926,Cascavel,-2.3,10.4,-1.5,6.1,3.7,1.3,0.05,0.29,0.25,-0.01,0.2,0.7,0.5,-2.2,1.4
4121307,PR,4105,Rancho Alegre,-50.9194,-23.0804,Londrina,-2.3,2.6,-1.5,6.1,7.5,-3.4,0.21,-0.02,0.42,-0.13,0.7,1.3,-3,-1.9,-1.1
4121356,PR,4104,Rancho Alegre D'oeste,-52.958,-24.2876,Maringá,-1.9,3.8,-1.5,6.1,5.8,1.2,0.12,0.2,0.36,0.06,-0.5,1,-4.7,-5.3,10.6
4121406,PR,4103,Realeza,-53.5447,-25.6757,Cascavel,-2.3,10.4,-1.5,6.1,7.4,-1.5,0.12,0.16,0.44,-0.15,-0.2,0.9,-1.5,-9.5,5.3
4121505,PR,4106,Rebouças,-50.6217,-25.6583,Ponta Grossa,-0.6,5,-1.5,6.1,8.9,-1.4,0.08,0.17,0.41,-0.02,0.5,0.3,1.3,0.1,7
4121604,PR,4103,Renascença,-52.9512,-26.2253,Cascavel,-2.3,10.4,-1.5,6.1,6.8,-3.5,0.06,0.04,0.32,-0.17,0.4,-0.2,-3.4,-2.9,1.7
4121703,PR,4106,Reserva,-50.9573,-24.5953,Ponta Grossa,-0.6,5,-1.5,6.1,5.2,-1.6,0.14,0.14,0.3,-0.06,0.5,0.2,-4.1,-1.9,4.4
4121752,PR,4102,Reserva Do Iguaçu,-51.9627,-25.8693,Guarapuava,-1.5,0.7,-1.5,6.1,9.3,-4,0.27,0,0.45,-0.15,0.7,-0.1,-2.8,-1.2,-3
4121802,PR,4105,Ribeirão Claro,-49.762,-23.2599,Londrina,-2.3,2.6,-1.5,6.1,11.2,-4.2,0.35,-0.08,0.58,-0.22,0.2,2.2,1.6,-4.9,-0.8
4121901,PR,4105,Ribeirão Do Pinhal,-50.3753,-23.445,Londrina,-2.3,2.6,-1.5,6.1,7.6,-2.8,0.2,0.01,0.43,-0.14,0.7,1,-3,-0.4,11.1
4122008,PR,4106,Rio Azul,-50.7981,-25.7224,Ponta Grossa,-0.6,5,-1.5,6.1,8.9,-2,0.05,0.15,0.4,0,0.3,0.1,-0.4,-1.4,1.8
4122107,PR,4105,Rio Bom,-51.4339,-23.7976,Londrina,-2.3,2.6,-1.5,6.1,6.5,-2.8,0.13,-0.01,0.37,-0.15,0.6,1.2,-3.4,-2.4,7.2
4122156,PR,4103,Rio Bonito Do Iguaçu,-52.6141,-25.5379,Cascavel,-2.3,10.4,-1.5,6.1,2.3,0.3,-0.12,0.19,0.18,-0.03,0.7,-0.3,-4.5,-2.1,8.7
4122172,PR,4105,Rio Branco Do Ivaí,-51.3365,-24.347,Londrina,-2.3,2.6,-1.5,6.1,7.5,-2.4,0.26,-0.02,0.43,-0.13,0,1,-4.2,-3.3,-3.8
4122206,PR,4101,Rio Branco Do Sul,-49.3461,-25.0787,Curitiba,-0.1,12.2,-1.5,6.1,10.3,-6.2,0.41,-0.14,0.45,-0.24,-0.7,0.1,3,,
4122305,PR,4101,Rio Negro,-49.6808,-26.0955,Curitiba,-0.1,12.2,-1.5,6.1,6.7,-0.9,0.04,0.04,0.3,0.02,0.4,0.1,1.8,3.5,
4122404,PR,4105,Rolândia,-51.4105,-23.2724,Londrina,-2.3,2.6,-1.5,6.1,6.9,-3.2,0.27,0,0.4,-0.15,0.2,1.2,-2.6,-3.6,-15.8
4122503,PR,4104,Roncador,-52.2623,-24.5681,Maringá,-1.9,3.8,-1.5,6.1,3.3,0.1,-0.15,0.27,0.25,-0.02,-0.4,0,-2.8,3.8,1.1
4122602,PR,4104,Rondon,-52.8054,-23.4775,Maringá,-1.9,3.8,-1.5,6.1,4.1,-1.5,-0.07,0.18,0.23,-0.07,0,0,-6.9,-0.7,-4.7
4122651,PR,4105,Rosário Do Ivaí,-51.203,-24.3171,Londrina,-2.3,2.6,-1.5,6.1,7.3,-3.6,0.27,-0.05,0.43,-0.19,-0.2,0.2,-4.8,-6.6,-11.2
4122701,PR,4105,Sabáudia,-51.5879,-23.3493,Londrina,-2.3,2.6,-1.5,6.1,6.3,-3,0.16,0.08,0.36,-0.09,0.6,1.3,-5.4,-4.2,-2.2
4122800,PR,4103,Salgado Filho,-53.4144,-26.1416,Cascavel,-2.3,10.4,-1.5,6.1,10.7,-5.5,0.15,0.04,0.4,-0.24,-0.9,-0.3,-4,-4.3,-0.4
4122909,PR,4105,Salto Do Itararé,-49.6788,-23.6308,Londrina,-2.3,2.6,-1.5,6.1,10,-1.4,0.24,-0.03,0.46,-0.05,-0.1,1.6,-1.7,-3.9,4.1
4123006,PR,4103,Salto Do Lontra,-53.288,-25.7755,Cascavel,-2.3,10.4,-1.5,6.1,9,-3.5,0.14,0.06,0.45,-0.19,0.2,0.3,-3.2,-2.6,5.3
4123105,PR,4105,Santa Amélia,-50.4116,-23.2593,Londrina,-2.3,2.6,-1.5,6.1,8.7,-5,0.12,-0.04,0.48,-0.23,0.8,1.7,-3.8,-7.3,4.8
4123204,PR,4105,Santa Cecília Do Pavão,-50.7994,-23.5447,Londrina,-2.3,2.6,-1.5,6.1,6.8,-2.5,0.08,0.07,0.39,-0.04,0.2,1,-3.6,-3.1,9.3
4123303,PR,4104,Santa Cruz De Monte Castelo,-53.3613,-23.087,Maringá,-1.9,3.8,-1.5,6.1,3.8,-1.3,-0.11,0.22,0.21,-0.1,-0.6,0.3,-3.5,-3.2,-3.1
4123402,PR,4104,Santa Fé,-51.8374,-23.063,Maringá,-1.9,3.8,-1.5,6.1,8.3,-4.8,0.26,-0.06,0.44,-0.21,0.3,1.2,-3.2,-1.3,0.1
4123501,PR,4103,Santa Helena,-54.306,-24.8876,Cascavel,-2.3,10.4,-1.5,6.1,6.6,0.2,0.1,0.23,0.33,-0.02,0.4,1.8,-1.8,0,11.1
4123600,PR,4104,Santa Inês,-51.9035,-22.6986,Maringá,-1.9,3.8,-1.5,6.1,8.4,-5.6,0.22,-0.02,0.42,-0.22,1.3,1.2,-3.1,11.5,-9.3
4123709,PR,4104,Santa Isabel Do Ivaí,-53.2405,-23.1142,Maringá,-1.9,3.8,-1.5,6.1,4.4,-1.7,0.06,0.12,0.27,-0.11,-0.6,0.4,-5.9,5.3,1.9
4123808,PR,4103,Santa Izabel Do Oeste,-53.4223,-25.7844,Cascavel,-2.3,10.4,-1.5,6.1,9,-2.3,0.21,0.12,0.47,-0.17,-0.1,0.5,-1.2,-1.9,12.3
4123824,PR,4103,Santa Lúcia,-53.5555,-25.3915,Cascavel,-2.3,10.4,-1.5,6.1,7.2,-1.5,0.08,0.15,0.39,-0.12,-0.7,0.2,-4.5,1,17.5
4123857,PR,4102,Santa Maria Do Oeste,-51.9278,-24.9107,Guarapuava,-1.5,0.7,-1.5,6.1,5.9,-2.1,0.03,0.11,0.34,-0.08,0.8,-0.1,-3.5,-8.5,-0.8
4123907,PR,4105,Santa Mariana,-50.5386,-23.0632,Londrina,-2.3,2.6,-1.5,6.1,7.5,-4.7,0.2,-0.07,0.38,-0.19,0,1.5,-2.6,-2.1,5
4123956,PR,4104,Santa Mônica,-53.1084,-23.1512,Maringá,-1.9,3.8,-1.5,6.1,4.1,-2.4,0.06,0.08,0.26,-0.15,-0.1,0.4,-3.8,0.8,-1.4
4124004,PR,4105,Santana Do Itararé,-49.6313,-23.7498,Londrina,-2.3,2.6,-1.5,6.1,9.8,-1,0.28,-0.06,0.45,-0.04,-0.2,1.1,-2.5,-5.6,9.8
4124020,PR,4103,Santa Tereza Do Oeste,-53.605,-25.0395,Cascavel,-2.3,10.4,-1.5,6.1,4.3,0.9,-0.05,0.28,0.28,-0.02,0.5,-0.1,-2.6,-1.8,9.9
4124053,PR,4103,Santa Terezinha De Itaipu,-54.4276,-25.4543,Cascavel,-2.3,10.4,-1.5,6.1,6,-4,0.1,0.07,0.34,-0.24,0.5,-1.1,-3.6,1.5,6.6
4124103,PR,4105,Santo Antônio Da Platina,-50.0864,-23.2978,Londrina,-2.3,2.6,-1.5,6.1,8.9,-3.3,0.1,0.03,0.46,-0.16,0.1,1.7,-4.7,-2.3,3.5
4124202,PR,4104,Santo Antônio Do Caiuá,-52.354,-22.6947,Maringá,-1.9,3.8,-1.5,6.1,5.9,-4,0.04,0.08,0.36,-0.2,0,-0.4,-5.8,-3.6,
4124301,PR,4105,Santo Antônio Do Paraíso,-50.6314,-23.58,Londrina,-2.3,2.6,-1.5,6.1,4.3,-0.7,-0.01,0.15,0.29,0.04,-0.3,0.4,-2.3,-3.3,3.5
4124400,PR,4103,Santo Antônio Do Sudoeste,-53.633,-26.0661,Cascavel,-2.3,10.4,-1.5,6.1,11.7,-4.8,0.18,0.09,0.48,-0.22,0.3,0,-2.9,-5.6,1.9
4124509,PR,4104,Santo Inácio,-51.8107,-22.7236,Maringá,-1.9,3.8,-1.5,6.1,5.6,-3.9,0.12,-0.01,0.29,-0.14,0.8,1.3,-2.1,2.6,-5.4
4124608,PR,4104,São Carlos Do Ivaí,-52.4787,-23.3445,Maringá,-1.9,3.8,-1.5,6.1,5,-2.8,-0.1,0.19,0.3,-0.14,0.1,1.5,-5.7,-3.1,-4.4
4124707,PR,4105,São Jerônimo Da Serra,-50.7785,-23.7173,Londrina,-2.3,2.6,-1.5,6.1,9,-6.4,0.19,-0.13,0.5,-0.27,-0.1,0,-4.3,-7.1,4.5
4124806,PR,4103,São João,-52.792,-25.7761,Cascavel,-2.3,10.4,-1.5,6.1,6.4,-3.3,0.02,0.07,0.3,-0.18,-0.1,-0.2,-5.3,-6.5,1.9
4124905,PR,4104,São João Do Caiuá,-52.3334,-22.8389,Maringá,-1.9,3.8,-1.5,6.1,7.8,-5.2,0.03,0.05,0.38,-0.23,0.1,0.6,-1.5,1.5,
4125001,PR,4105,São João Do Ivaí,-51.8534,-23.9914,Londrina,-2.3,2.6,-1.5,6.1,7.9,-2.7,0.18,0,0.43,-0.12,-0.3,2.3,-5.9,-4.9,-10.6
4125100,PR,4106,São João Do Triunfo,-50.2874,-25.6687,Ponta Grossa,-0.6,5,-1.5,6.1,9.6,-4.5,0.19,-0.02,0.5,-0.2,0.9,0.2,-0.7,1.6,
4125209,PR,4103,São Jorge D'oeste,-52.94,-25.6554,Cascavel,-2.3,10.4,-1.5,6.1,7,-1.2,0.03,0.19,0.34,-0.09,-0.4,0.1,-4,-7.3,4.7
4125308,PR,4104,São Jorge Do Ivaí,-52.317,-23.4364,Maringá,-1.9,3.8,-1.5,6.1,6.6,-3.3,0.04,0.13,0.36,-0.17,-0.3,1.3,-5.1,-4.4,-2.3
4125357,PR,4104,São Jorge Do Patrocínio,-53.9493,-23.7367,Maringá,-1.9,3.8,-1.5,6.1,2.2,0.1,-0.1,0.25,0.13,-0.02,-0.8,2,-7.1,1.8,-2
4125407,PR,4105,São José Da Boa Vista,-49.6715,-23.9594,Londrina,-2.3,2.6,-1.5,6.1,9.3,-3.9,0.31,-0.17,0.39,-0.1,-0.5,0.9,0.5,-10.1,8.9
4125456,PR,4103,São José Das Palmeiras,-54.1213,-24.8174,Cascavel,-2.3,10.4,-1.5,6.1,6.6,0.6,0.12,0.18,0.33,-0.01,0.7,0.3,-1.7,1,8.7
4125506,PR,4101,São José Dos Pinhais,-49.0942,-25.6642,Curitiba,-0.1,12.2,-1.5,6.1,8.2,-1.5,0.22,0,0.4,-0.02,-0.3,0,-0.3,-0.1,
4125555,PR,4104,São Manoel Do Paraná,-52.6119,-23.372,Maringá,-1.9,3.8,-1.5,6.1,4.2,-2.7,-0.07,0.15,0.23,-0.11,0.4,0.3,-4.9,-3.3,1.6
4125605,PR,4101,São Mateus Do Sul,-50.4407,-25.9091,Curitiba,-0.1,12.2,-1.5,6.1,6.8,-0.8,0,0.2,0.28,0.04,-0.1,0.7,-0.8,0.1,
4125704,PR,4103,São Miguel Do Iguaçu,-54.2629,-25.3867,Cascavel,-2.3,10.4,-1.5,6.1,6.5,-3.7,0.09,0.09,0.42,-0.27,0.9,-0.1,-3.9,-2.3,13.1
4125753,PR,4103,São Pedro Do Iguaçu,-53.8872,-24.9081,Cascavel,-2.3,10.4,-1.5,6.1,5,0.6,0.04,0.24,0.32,-0.03,-0.8,-0.2,-1,-1.4,11.1
4125803,PR,4105,São Pedro Do Ivaí,-51.8702,-23.8446,Londrina,-2.3,2.6,-1.5,6.1,7.5,-2.1,0.12,0.06,0.35,-0.03,0,1.9,-5.9,-5.7,-6.1
4125902,PR,4104,São Pedro Do Paraná,-53.1804,-22.7872,Maringá,-1.9,3.8,-1.5,6.1,5.2,-4.4,-0.03,0.14,0.23,-0.17,0.2,-1,-1.6,1.6,-0.5
4126009,PR,4105,São Sebastião Da Amoreira,-50.7234,-23.4556,Londrina,-2.3,2.6,-1.5,6.1,7.9,-2.6,0.17,0.02,0.43,-0.08,0.6,1.4,-3,-4.5,7.8
4126108,PR,4104,São Tomé,-52.5373,-23.5274,Maringá,-1.9,3.8,-1.5,6.1,6.9,-3.6,0.11,0.05,0.32,-0.14,-0.1,0.7,-6.3,1,3
4126207,PR,4105,Sapopema,-50.6055,-23.8749,Londrina,-2.3,2.6,-1.5,6.1,8.5,-5.2,0.18,-0.09,0.43,-0.19,0.6,-0.1,-3.7,-17.1,
4126256,PR,4104,Sarandi,-51.8678,-23.4681,Maringá,-1.9,3.8,-1.5,6.1,6.5,-2.9,-0.02,0.1,0.36,-0.12,0.6,0.8,-4.1,-2,-2.6
4126272,PR,4103,Saudade Do Iguaçu,-52.6053,-25.7118,Cascavel,-2.3,10.4,-1.5,6.1,6.2,-3.1,0.08,0.01,0.32,-0.18,0.5,-0.5,-6,1.7,8
4126306,PR,4106,Sengés,-49.4572,-24.2493,Ponta Grossa,-0.6,5,-1.5,6.1,10.9,-8.3,0.41,-0.38,0.55,-0.38,0.3,0,-2,-3.6,4.1
4126355,PR,4103,Serranópolis Do Iguaçu,-54.0291,-25.4748,Cascavel,-2.3,10.4,-1.5,6.1,4.8,-1,0.03,0.11,0.41,-0.23,-0.3,0.3,-5.9,-3.2,7.1
4126405,PR,4105,Sertaneja,-50.8749,-22.9367,Londrina,-2.3,2.6,-1.5,6.1,7.8,-3.4,0.15,0.03,0.38,-0.08,0.2,1.4,-2.2,-1.9,1.8
4126504,PR,4105,Sertanópolis,-51.0718,-23.056,Londrina,-2.3,2.6,-1.5,6.1,7.6,-4.5,0.2,-0.05,0.38,-0.18,1.7,1.5,-2.5,-2.2,-0.8
4126603,PR,4105,Siqueira Campos,-49.7906,-23.6392,Londrina,-2.3,2.6,-1.5,6.1,9.4,-2.1,0.27,-0.07,0.44,-0.07,-0.6,1,-2.1,-3.9,4.2
4126652,PR,4103,Sulina,-52.7191,-25.6928,Cascavel,-2.3,10.4,-1.5,6.1,6.6,-3.1,0.04,0.07,0.33,-0.18,0.1,0,-5.5,-9.4,0.9
4126678,PR,4105,Tamarana,-51.0533,-23.8211,Londrina,-2.3,2.6,-1.5,6.1,7.3,-5,0.18,-0.07,0.41,-0.22,0,0.1,-4.4,0,2
4126702,PR,4104,Tamboara,-52.4842,-23.1989,Maringá,-1.9,3.8,-1.5,6.1,4.6,-3,-0.11,0.15,0.26,-0.16,0.9,0.8,-8.5,0,-12.4
4126801,PR,4104,Tapejara,-52.8892,-23.6591,Maringá,-1.9,3.8,-1.5,6.1,4.9,-1.4,-0.01,0.17,0.24,-0.05,0,0.6,-6.9,2.8,-10.8
4126900,PR,4104,Tapira,-53.1342,-23.3298,Maringá,-1.9,3.8,-1.5,6.1,1.4,0.3,-0.14,0.22,0.12,-0.01,-0.4,-0.1,-3.7,0.5,-11.7
4127007,PR,4106,Teixeira Soares,-50.4087,-25.3131,Ponta Grossa,-0.6,5,-1.5,6.1,4,0.4,-0.03,0.25,0.21,0.06,0.7,0.2,1.1,-1.7,1.3
4127106,PR,4106,Telêmaco Borba,-50.523,-24.249,Ponta Grossa,-0.6,5,-1.5,6.1,5.8,-3.1,0.13,0.01,0.29,-0.08,0.3,0,-2.5,1.5,
4127205,PR,4104,Terra Boa,-52.3868,-23.6948,Maringá,-1.9,3.8,-1.5,6.1,7.6,-3.7,0.19,0.01,0.36,-0.14,-0.7,1.1,-7.6,0.1,-3.1
4127304,PR,4104,Terra Rica,-52.6805,-22.727,Maringá,-1.9,3.8,-1.5,6.1,4.9,-4,-0.08,0.05,0.3,-0.21,-0.8,-0.2,-4.1,-10.4,-5.9
4127403,PR,4103,Terra Roxa,-54.063,-24.2053,Cascavel,-2.3,10.4,-1.5,6.1,4.5,-0.6,0.09,0.15,0.29,-0.06,-0.9,1.8,-4.7,-5.4,3.8
4127502,PR,4106,Tibagi,-50.4688,-24.6557,Ponta Grossa,-0.6,5,-1.5,6.1,5.1,-2.4,0.17,-0.04,0.31,-0.09,-0.5,0.2,-4.5,-3.1,8.4
4127601,PR,4101,Tijucas Do Sul,-49.1109,-25.8994,Curitiba,-0.1,12.2,-1.5,6.1,7.2,1.7,0.17,0.08,0.31,0.14,-0.5,0,0.7,-1.1,
4127700,PR,4103,Toledo,-53.7775,-24.7056,Cascavel,-2.3,10.4,-1.5,6.1,5.9,1.2,0.15,0.18,0.37,-0.01,-1,0.1,-4.8,-3,13.3
4127809,PR,4105,Tomazina,-49.964,-23.7243,Londrina,-2.3,2.6,-1.5,6.1,9.1,-5.2,0.26,-0.17,0.45,-0.19,0.2,1.2,-3.9,0.4,0.3
4127858,PR,4103,Três Barras Do Paraná,-53.2256,-25.4393,Cascavel,-2.3,10.4,-1.5,6.1,5.1,-0.2,-0.01,0.26,0.32,-0.06,-0.1,0.3,-4.5,-1.2,15.3
4127882,PR,4101,Tunas Do Paraná,-48.9023,-24.9533,Curitiba,-0.1,12.2,-1.5,6.1,6.9,-3,0.07,-0.01,0.32,-0.09,-0.5,0,-0.8,,
4127908,PR,4104,Tuneiras Do Oeste,-52.8431,-23.8792,Maringá,-1.9,3.8,-1.5,6.1,3.4,0.5,-0.1,0.2,0.19,0.03,0.1,0.9,-5.6,-3.9,-1.1
4127957,PR,4103,Tupãssi,-53.5097,-24.6431,Cascavel,-2.3,10.4,-1.5,6.1,6.3,0.7,0.12,0.17,0.38,-0.03,0.2,0.4,-2.6,0.5,8.5
4127965,PR,4102,Turvo,-51.4794,-25.0121,Guarapuava,-1.5,0.7,-1.5,6.1,6.5,-2.5,0.08,0.11,0.31,-0.04,-0.1,0,-2.3,-3.6,-5.3
4128005,PR,4104,Ubiratã,-53.0219,-24.5046,Maringá,-1.9,3.8,-1.5,6.1,4.3,1.5,0.16,0.15,0.34,0.01,0.1,1.1,-3.2,-2.2,14
4128104,PR,4104,Umuarama,-53.4146,-23.6792,Maringá,-1.9,3.8,-1.5,6.1,1.4,-0.7,-0.01,0.14,0.12,-0.08,-1,1.5,-5.2,-11.2,-1.1
4128203,PR,4101,União Da Vitória,-51.0757,-26.1106,Curitiba,-0.1,12.2,-1.5,6.1,7.7,-2.7,0.14,0.04,0.25,0.06,0.2,0,-1.8,0.4,
4128302,PR,4104,Uniflor,-52.1083,-23.0679,Maringá,-1.9,3.8,-1.5,6.1,7,-5.5,0.09,0.03,0.42,-0.28,-0.1,0.9,-6.4,-3.6,1.7
4128401,PR,4105,Uraí,-50.83,-23.2156,Londrina,-2.3,2.6,-1.5,6.1,9.8,-4.1,0.31,-0.05,0.52,-0.2,0.8,1.7,-1.8,-2.3,-4.9
4128500,PR,4105,Wenceslau Braz,-49.7842,-23.8555,Londrina,-2.3,2.6,-1.5,6.1,9.2,-2.6,0.36,-0.16,0.42,-0.09,-0.1,0.3,-2.2,-2.4,4.6
4128534,PR,4106,Ventania,-50.2459,-24.1777,Ponta Grossa,-0.6,5,-1.5,6.1,6.7,-3.8,0.22,-0.1,0.31,-0.13,0.2,-0.1,-2,-2,12.8
4128559,PR,4103,Vera Cruz Do Oeste,-53.9188,-25.0079,Cascavel,-2.3,10.4,-1.5,6.1,5.4,0.1,0.02,0.3,0.35,-0.06,-0.3,-0.2,-2,-0.3,14.3
4128609,PR,4103,Verê,-52.9579,-25.8742,Cascavel,-2.3,10.4,-1.5,6.1,8.3,-4.1,0.06,0.08,0.36,-0.2,0.4,0.1,-3,-7,3
4128625,PR,4104,Alto Paraíso,-53.8245,-23.5371,Maringá,-1.9,3.8,-1.5,6.1,4.5,-1.7,-0.1,0.25,0.2,-0.08,-0.4,1.3,-8.7,0.2,
4128633,PR,4101,Doutor Ulysses,-49.3919,-24.6269,Curitiba,-0.1,12.2,-1.5,6.1,6.3,-1.6,0.12,-0.02,0.33,-0.04,-1.3,0.3,-0.8,,
4128658,PR,4103,Virmond,-52.2369,-25.4102,Cascavel,-2.3,10.4,-1.5,6.1,3.9,-0.7,0.04,0.18,0.23,-0.04,0.5,-0.3,-2.7,-5.4,7.9
4128708,PR,4103,Vitorino,-52.8086,-26.282,Cascavel,-2.3,10.4,-1.5,6.1,6.6,-2.8,0.09,0.05,0.32,-0.15,0.5,-0.2,-3.2,-7.8,6.7
4128807,PR,4104,Xambrê,-53.5938,-23.7354,Maringá,-1.9,3.8,-1.5,6.1,2,-0.3,-0.12,0.23,0.16,-0.05,-0.8,1.8,-3.2,2.5,
4200051,SC,4204,Abdon Batista,-51.0549,-27.5839,Chapecó,-4.2,0.1,-3.2,0.9,14.2,-7.9,0.2,0,0.55,-0.28,0.1,0,-1.6,-6.4,2.5
4200101,SC,4204,Abelardo Luz,-52.256,-26.5614,Chapecó,-4.2,0.1,-3.2,0.9,9.6,-4.8,0.18,0.04,0.4,-0.18,0.5,-0.2,-2.8,-4.6,-0.9
4200200,SC,4207,Agrolândia,-49.8235,-27.4565,Blumenau,-1.1,0.5,-3.2,0.9,9.4,-1.1,0.11,0.16,0.38,0.06,-0.7,0,0.4,-2.5,-2.9
4200309,SC,4207,Agronômica,-49.7188,-27.3275,Blumenau,-1.1,0.5,-3.2,0.9,11,-2.3,0.16,0.11,0.46,0,-0.2,0,0.1,1.6,-0.3
4200408,SC,4204,Água Doce,-51.6143,-26.7639,Chapecó,-4.2,0.1,-3.2,0.9,10.3,-3.2,0.21,0.09,0.39,-0.03,0,0,-1.6,2.5,-4.3
4200507,SC,4204,Águas De Chapecó,-52.9562,-27.057,Chapecó,-4.2,0.1,-3.2,0.9,14,-7.4,0.37,-0.11,0.55,-0.26,0.4,-0.3,-4.1,-3.5,0.5
4200556,SC,4204,Águas Frias,-52.8518,-26.8535,Chapecó,-4.2,0.1,-3.2,0.9,10.9,-3.6,0.27,0.05,0.49,-0.14,0.8,-0.5,-4.3,19.9,-2.3
4200606,SC,4201,Águas Mornas,-48.936,-27.7333,Florianópolis,,-0.2,-3.2,0.9,0,4.7,-0.07,0.16,0.02,0.24,-0.3,0.2,1.1,,-6.5
4200705,SC,4201,Alfredo Wagner,-49.3323,-27.705,Florianópolis,,-0.2,-3.2,0.9,6.7,0.1,0.06,0.21,0.35,0.03,-0.5,0,0.3,,0.3
4200754,SC,4204,Alto Bela Vista,-51.9257,-27.4219,Chapecó,-4.2,0.1,-3.2,0.9,16.5,-9.7,0.34,-0.1,0.58,-0.34,-0.1,-0.7,-2.2,13.8,2.6
4200804,SC,4204,Anchieta,-53.3326,-26.5307,Chapecó,-4.2,0.1,-3.2,0.9,12,-7.6,0.28,-0.09,0.49,-0.29,0.6,-0.5,-4.5,-4.8,2.7
4200903,SC,4201,Angelina,-49.0673,-27.5429,Florianópolis,,-0.2,-3.2,0.9,-0.9,4.7,-0.15,0.16,-0.02,0.25,0,0,0.2,,0.6
4201000,SC,4203,Anita Garibaldi,-51.079,-27.7318,Lages,-0.1,2.3,-3.2,0.9,15.1,-8,0.23,-0.03,0.6,-0.32,0.1,-0.1,-1.5,-5.8,8.6
4201109,SC,4201,Anitápolis,-49.1396,-27.8794,Florianópolis,,-0.2,-3.2,0.9,4.5,1.5,0.14,0.11,0.26,0.1,0,0,0,,2.5
4201208,SC,4201,Antônio Carlos,-48.8331,-27.4941,Florianópolis,,-0.2,-3.2,0.9,-0.7,5.2,-0.11,0.15,-0.02,0.25,0.2,0,1.5,,3.2
4201257,SC,4207,Apiúna,-49.3616,-27.1239,Blumenau,-1.1,0.5,-3.2,0.9,5.8,0.6,0.13,0.09,0.28,0.06,-1.8,0.1,-0.1,,-3.6
4201273,SC,4204,Arabutã,-52.1827,-27.1403,Chapecó,-4.2,0.1,-3.2,0.9,13.2,-6.5,0.29,0.01,0.49,-0.19,0,-0.5,-2.5,-1.6,5.3
4201307,SC,4206,Araquari,-48.7576,-26.4616,Joinville,0.5,0.7,-3.2,0.9,2.7,3.9,0.1,0.15,0.12,0.21,-0.5,3,1.8,,0.9
4201406,SC,4202,Araranguá,-49.4706,-28.9422,Criciúma,0.3,-3.8,-3.2,0.9,5.1,3,-0.03,0.32,0.29,0.14,0.1,0.5,-0.2,0,1.7
4201505,SC,4202,Armazém,-49.0126,-28.236,Criciúma,0.3,-3.8,-3.2,0.9,6.6,0.3,0.11,0.14,0.37,0.04,-0.1,-0.2,1,,1
4201604,SC,4205,Arroio Trinta,-51.3341,-26.9215,Caçador,-2.2,1.4,-3.2,0.9,11.7,-3.8,0.24,0.01,0.49,-0.05,0.2,-0.1,-0.6,1.8,-0.4
4201653,SC,4204,Arvoredo,-52.4397,-27.074,Chapecó,-4.2,0.1,-3.2,0.9,16.2,-10,0.44,-0.12,0.66,-0.39,0.7,-0.4,-4,-5.1,4.1
4201703,SC,4207,Ascurra,-49.3964,-26.9722,Blumenau,-1.1,0.5,-3.2,0.9,4.2,0.6,0.03,0.09,0.21,0.03,-1.4,1.5,-1.8,,-6.7
4201802,SC,4207,Atalanta,-49.7424,-27.4383,Blumenau,-1.1,0.5,-3.2,0.9,10.3,-1.8,0.13,0.16,0.43,0.03,0,0,0.4,2.1,3.4
4201901,SC,4207,Aurora,-49.5901,-27.3296,Blumenau,-1.1,0.5,-3.2,0.9,10.8,-3.6,0.19,0.06,0.49,-0.1,-0.9,0,0.6,2.9,0.2
4201950,SC,4202,Balneário Arroio Do Silva,-49.4748,-29.0192,Criciúma,0.3,-3.8,-3.2,0.9,4.8,3.3,-0.02,0.34,0.29,0.15,0.4,0.5,0.4,,
4202008,SC,4207,Balneário Camboriú,-48.6183,-27.0077,Blumenau,-1.1,0.5,-3.2,0.9,0.2,5.7,-0.04,0.22,0.01,0.25,-0.5,1.5,-0.3,,
4202057,SC,4206,Balneário Barra Do Sul,-48.6524,-26.4491,Joinville,0.5,0.7,-3.2,0.9,4.4,4.4,0.18,0.17,0.18,0.24,-0.1,3,1.5,,
4202073,SC,4202,Balneário Gaivota,-49.6163,-29.1519,Criciúma,0.3,-3.8,-3.2,0.9,8.4,-0.6,0.16,0.13,0.46,-0.05,0.4,0.5,0.3,,-8.9
4202081,SC,4204,Bandeirante,-53.6466,-26.7698,Chapecó,-4.2,0.1,-3.2,0.9,14.4,-8.6,0.36,-0.16,0.59,-0.36,-0.1,-0.4,-4.6,-0.5,-5.1
4202099,SC,4204,Barra Bonita,-53.4236,-26.6676,Chapecó,-4.2,0.1,-3.2,0.9,11.5,-8,0.27,-0.11,0.48,-0.33,0.3,-0.4,-3.7,3.7,2.6
4202107,SC,4207,Barra Velha,-48.727,-26.6598,Blumenau,-1.1,0.5,-3.2,0.9,5.1,1.8,0.23,0.09,0.2,0.11,-0.9,2.4,-1.6,,
4202131,SC,4206,Bela Vista Do Toldo,-50.487,-26.4176,Joinville,0.5,0.7,-3.2,0.9,7.9,-2.6,0.11,0.07,0.38,-0.02,0,0.3,-0.3,1.1,0
4202156,SC,4204,Belmonte,-53.618,-26.8548,Chapecó,-4.2,0.1,-3.2,0.9,15.4,-8.7,0.41,-0.17,0.58,-0.31,0.2,0,-3.2,5.9,-2
4202206,SC,4207,Benedito Novo,-49.4348,-26.7993,Blumenau,-1.1,0.5,-3.2,0.9,5.5,-1.8,0.09,0.02,0.26,-0.07,-0.5,0,0,,1
4202305,SC,4201,Biguaçu,-48.6941,-27.4335,Florianópolis,,-0.2,-3.2,0.9,-3.6,9.7,-0.16,0.29,-0.12,0.4,0.2,1.5,0.9,,50
4202404,SC,4207,Blumenau,-49.0971,-26.8828,Blumenau,-1.1,0.5,-3.2,0.9,4.8,0.3,0.17,0.01,0.28,0.01,-0.5,2.3,-1.2,,3.5
4202438,SC,4203,Bocaina Do Sul,-49.9088,-27.7636,Lages,-0.1,2.3,-3.2,0.9,8.5,-0.4,0.09,0.23,0.34,0.11,-0.3,0,0,2.2,0.9
4202453,SC,4207,Bombinhas,-48.5182,-27.1747,Blumenau,-1.1,0.5,-3.2,0.9,-3.2,10.8,-0.14,0.31,-0.1,0.43,0.5,1.4,1.8,,
4202503,SC,4203,Bom Jardim Da Serra,-49.6526,-28.3591,Lages,-0.1,2.3,-3.2,0.9,5,0.3,-0.09,0.32,0.26,0.05,-0.4,0,0.6,,-5.8
4202537,SC,4204,Bom Jesus,-52.3898,-26.742,Chapecó,-4.2,0.1,-3.2,0.9,10.8,-4.8,0.35,-0.04,0.53,-0.23,0.8,-0.4,-2.9,-0.1,4.3
4202578,SC,4204,Bom Jesus Do Oeste,-53.0938,-26.6888,Chapecó,-4.2,0.1,-3.2,0.9,11.5,-4.9,0.31,-0.01,0.49,-0.17,0.5,-0.4,-2.7,0.6,-5.4
4202602,SC,4203,Bom Retiro,-49.5625,-27.7862,Lages,-0.1,2.3,-3.2,0.9,9.4,-2,0.08,0.2,0.39,0.01,-0.7,0,0.6,2.2,-1.5
4202701,SC,4207,Botuverá,-49.125,-27.2184,Blumenau,-1.1,0.5,-3.2,0.9,3.8,1.5,0.02,0.13,0.17,0.11,-0.3,0.2,1.2,,-2.3
4202800,SC,4202,Braço Do Norte,-49.143,-28.2407,Criciúma,0.3,-3.8,-3.2,0.9,6.4,-0.1,0.06,0.17,0.36,0.01,0.1,-0.2,1.8,,-4.1
4202859,SC,4207,Braço Do Trombudo,-49.9032,-27.3675,Blumenau,-1.1,0.5,-3.2,0.9,11.5,-2.6,0.15,0.05,0.43,0,-0.5,0,0.1,0.2,0.8
4202875,SC,4203,Brunópolis,-50.8448,-27.3457,Lages,-0.1,2.3,-3.2,0.9,13.1,-5.9,0.15,0,0.53,-0.21,0.4,-0.1,-1.7,-3.6,1.1
4202909,SC,4207,Brusque,-48.9105,-27.1226,Blumenau,-1.1,0.5,-3.2,0.9,2,2.7,-0.03,0.17,0.09,0.14,-0.6,1.7,-0.3,,
4203006,SC,4205,Caçador,-51.0864,-26.7635,Caçador,-2.2,1.4,-3.2,0.9,9.1,-0.8,0.06,0.18,0.4,0.05,-0.4,-0.1,-2.1,-3.4,-1.6
4203105,SC,4204,Caibi,-53.2626,-27.0236,Chapecó,-4.2,0.1,-3.2,0.9,13.2,-5.8,0.34,-0.08,0.48,-0.17,0.5,-0.7,-3.2,7,-6.7
4203154,SC,4205,Calmon,-51.0061,-26.6217,Caçador,-2.2,1.4,-3.2,0.9,8.9,-1.1,0.08,0.15,0.4,0.04,-0.3,0,-2.6,-5.2,-9.4
4203204,SC,4207,Camboriú,-48.7112,-27.0715,Blumenau,-1.1,0.5,-3.2,0.9,2.7,3.1,0.02,0.13,0.13,0.13,-1,1.3,-1.1,,2.3
4203253,SC,4203,Capão Alto,-50.6056,-28.0622,Lages,-0.1,2.3,-3.2,0.9,11,-5.9,0.11,0.03,0.46,-0.23,-0.6,0,-2,0.4,4.1
4203303,SC,4206,Campo Alegre,-49.2148,-26.1178,Joinville,0.5,0.7,-3.2,0.9,4.4,4.1,0.07,0.15,0.15,0.27,-0.1,0,0.7,-4.4,-0.8
4203402,SC,4203,Campo Belo Do Sul,-50.7707,-27.8465,Lages,-0.1,2.3,-3.2,0.9,10.4,-4.2,-0.02,0.11,0.39,-0.16,-0.3,0,-0.2,-4.5,6.8
4203501,SC,4204,Campo Erê,-53.1273,-26.4485,Chapecó,-4.2,0.1,-3.2,0.9,8.7,-4,0.19,0.02,0.33,-0.13,0.1,-0.2,-3.2,-6.8,-0.8
4203600,SC,4204,Campos Novos,-51.2459,-27.4128,Chapecó,-4.2,0.1,-3.2,0.9,15.2,-8.6,0.3,-0.03,0.6,-0.32,-0.7,-0.1,-1,-3.4,5.7
4203709,SC,4207,Canelinha,-48.8022,-27.2354,Blumenau,-1.1,0.5,-3.2,0.9,-1.1,6.4,-0.13,0.26,-0.04,0.3,-0.6,1.6,0.8,,-10.8
4203808,SC,4206,Canoinhas,-50.5325,-26.2479,Joinville,0.5,0.7,-3.2,0.9,9.5,-3.5,0.22,-0.02,0.42,-0.04,0.3,0.2,0,0.9,1.4
4203907,SC,4204,Capinzal,-51.632,-27.4126,Chapecó,-4.2,0.1,-3.2,0.9,15.9,-10.1,0.3,-0.08,0.63,-0.41,-0.5,-0.1,-1.6,-0.5,4.9
4203956,SC,4202,Capivari De Baixo,-48.9462,-28.4564,Criciúma,0.3,-3.8,-3.2,0.9,7.7,1.4,0.19,0.09,0.37,0.07,0.2,0,-1.5,,9.7
4204004,SC,4204,Catanduvas,-51.6947,-27.0447,Chapecó,-4.2,0.1,-3.2,0.9,12.4,-6.9,0.22,-0.01,0.45,-0.2,0.3,-0.2,-3.6,-6,1
4204103,SC,4204,Caxambu Do Sul,-52.9205,-27.1453,Chapecó,-4.2,0.1,-3.2,0.9,16.3,-8.6,0.4,-0.11,0.59,-0.29,0.7,-0.2,-3.5,-3.8,-3.3
4204152,SC,4204,Celso Ramos,-51.309,-27.653,Chapecó,-4.2,0.1,-3.2,0.9,16.4,-8.8,0.36,-0.06,0.6,-0.31,-0.3,0,-0.8,-3.6,6.2
4204178,SC,4203,Cerro Negro,-50.9314,-27.7764,Lages,-0.1,2.3,-3.2,0.9,14.7,-9.2,0.16,-0.05,0.58,-0.36,-0.1,-0.1,-1.7,-1.9,3.7
4204194,SC,4207,Chapadão Do Lageado,-49.5548,-27.5836,Blumenau,-1.1,0.5,-3.2,0.9,11.1,-4.1,0.2,0.03,0.46,-0.11,-0.6,0,0.2,1.9,3.5
4204202,SC,4204,Chapecó,-52.6511,-27.1241,Chapecó,-4.2,0.1,-3.2,0.9,16.2,-10,0.39,-0.14,0.58,-0.35,0.7,-0.2,-3.7,-8.2,-1.7
4204251,SC,4202,Cocal Do Sul,-49.3304,-28.5992,Criciúma,0.3,-3.8,-3.2,0.9,5.7,2,0.03,0.25,0.33,0.09,-1.1,-0.3,-2.9,,1.7
4204301,SC,4204,Concórdia,-52.0066,-27.2395,Chapecó,-4.2,0.1,-3.2,0.9,13.3,-7.7,0.26,-0.03,0.49,-0.28,0.4,-0.2,-2.7,-9.8,1.2
4204350,SC,4204,Cordilheira Alta,-52.6372,-26.9763,Chapecó,-4.2,0.1,-3.2,0.9,14.9,-8.7,0.42,-0.11,0.66,-0.36,0.7,-0.2,-3.9,14.4,-1.2
4204400,SC,4204,Coronel Freitas,-52.723,-26.8821,Chapecó,-4.2,0.1,-3.2,0.9,10.9,-3.7,0.26,0.06,0.5,-0.15,1.1,-0.5,-3.9,-10.1,1.7
4204459,SC,4204,Coronel Martins,-52.6699,-26.5369,Chapecó,-4.2,0.1,-3.2,0.9,7.2,-2.8,0.13,0.08,0.34,-0.14,0.4,-0.2,-2,-4.6,1.5
4204509,SC,4206,Corupá,-49.3253,-26.4416,Joinville,0.5,0.7,-3.2,0.9,3.8,2.3,0.07,-0.04,0.22,0.11,-0.2,0.3,1.6,,14.2
4204558,SC,4203,Correia Pinto,-50.3787,-27.5972,Lages,-0.1,2.3,-3.2,0.9,15.5,-6,0.27,-0.03,0.62,-0.2,-0.4,0,-1.6,-6.2,1.7
4204608,SC,4202,Criciúma,-49.38,-28.7131,Criciúma,0.3,-3.8,-3.2,0.9,5.8,2.9,0.01,0.31,0.35,0.12,-0.1,0,0.2,,0.9
4204707,SC,4204,Cunha Porã,-53.1912,-26.8824,Chapecó,-4.2,0.1,-3.2,0.9,12.1,-5.8,0.36,-0.09,0.53,-0.23,0.9,-0.4,-4.3,-1.1,-0.8
4204756,SC,4204,Cunhataí,-53.1,-26.9733,Chapecó,-4.2,0.1,-3.2,0.9,14.1,-6,0.39,-0.1,0.53,-0.2,0.9,-0.6,-3.2,6.7,-1.6
4204806,SC,4203,Curitibanos,-50.6178,-27.2927,Lages,-0.1,2.3,-3.2,0.9,13.4,-5.5,0.2,-0.01,0.57,-0.2,-0.5,0,-1,-2.9,2.5
4204905,SC,4204,Descanso,-53.4801,-26.8591,Chapecó,-4.2,0.1,-3.2,0.9,11.5,-6.3,0.3,-0.09,0.46,-0.24,0.5,-0.3,-3.2,-7.1,0.1
4205001,SC,4204,Dionísio Cerqueira,-53.5318,-26.3299,Chapecó,-4.2,0.1,-3.2,0.9,11.6,-5.7,0.21,0,0.5,-0.27,-0.5,-0.1,-4.1,-1.2,2.9
4205100,SC,4207,Dona Emma,-49.7798,-26.9864,Blumenau,-1.1,0.5,-3.2,0.9,9.8,-2.1,0.07,0.1,0.4,0.01,-0.4,0.1,-1.8,0.1,-2.1
4205159,SC,4207,Doutor Pedrinho,-49.5537,-26.7051,Blumenau,-1.1,0.5,-3.2,0.9,5.3,-1,0.01,0.05,0.23,-0.01,-0.7,0.1,0.4,,0
4205175,SC,4204,Entre Rios,-52.5784,-26.7394,Chapecó,-4.2,0.1,-3.2,0.9,12.1,-5.6,0.34,-0.01,0.6,-0.28,0.7,-0.3,-3.8,8.8,2.5
4205191,SC,4202,Ermo,-49.6518,-28.9897,Criciúma,0.3,-3.8,-3.2,0.9,4,3,-0.03,0.31,0.27,0.12,0.4,0.4,-0.7,,-6.8
4205209,SC,4204,Erval Velho,-51.4257,-27.2853,Chapecó,-4.2,0.1,-3.2,0.9,13.6,-7.4,0.2,0,0.54,-0.26,-0.1,-0.2,-2,-3,1.1
4205308,SC,4204,Faxinal Dos Guedes,-52.2431,-26.8434,Chapecó,-4.2,0.1,-3.2,0.9,11,-5.3,0.33,-0.04,0.51,-0.22,0.6,0,-3.3,-1.9,1.3
4205357,SC,4204,Flor Do Sertão,-53.3369,-26.7607,Chapecó,-4.2,0.1,-3.2,0.9,11.1,-6.9,0.27,-0.1,0.47,-0.28,0.1,-0.3,-3.8,4.5,3.1
4205407,SC,4201,Florianópolis,-48.5063,-27.5789,Florianópolis,,-0.2,-3.2,0.9,-4.8,12.1,-0.19,0.33,-0.16,0.46,0.2,0.9,2.6,,
4205431,SC,4204,Formosa Do Sul,-52.7946,-26.6341,Chapecó,-4.2,0.1,-3.2,0.9,8.9,-2.8,0.19,0.11,0.39,-0.1,0.8,-0.3,-2.5,4.6,-3.5
4205456,SC,4202,Forquilhinha,-49.4952,-28.7827,Criciúma,0.3,-3.8,-3.2,0.9,4.6,3.5,-0.03,0.34,0.28,0.15,0.1,0.1,0.5,,-1.2
4205506,SC,4205,Fraiburgo,-50.8725,-27.0384,Caçador,-2.2,1.4,-3.2,0.9,12.9,-4.4,0.18,0.03,0.59,-0.16,0,0,-0.3,-7.4,6.5
4205555,SC,4203,Frei Rogério,-50.7647,-27.1901,Lages,-0.1,2.3,-3.2,0.9,13.8,-5.7,0.2,0,0.59,-0.2,-0.6,0,-0.1,5.4,-3.2
4205605,SC,4204,Galvão,-52.6665,-26.4529,Chapecó,-4.2,0.1,-3.2,0.9,6,-1.2,0.12,0.12,0.33,-0.08,0.5,-0.3,-2.7,-10.5,-0.5
4205704,SC,4201,Garopaba,-48.6594,-28.0479,Florianópolis,,-0.2,-3.2,0.9,2.3,3.5,0.07,0.09,0.12,0.18,-0.5,0.6,1,,0.1
4205803,SC,4206,Garuva,-48.8662,-26.0566,Joinville,0.5,0.7,-3.2,0.9,3,4,0.21,0,0.17,0.21,-0.7,2.5,1.1,,
4205902,SC,4207,Gaspar,-48.9651,-26.9328,Blumenau,-1.1,0.5,-3.2,0.9,4,0.4,0.14,0,0.2,0.02,-0.5,2.4,-2.2,,0.1
4206009,SC,4201,Governador Celso Ramos,-48.5771,-27.3713,Florianópolis,,-0.2,-3.2,0.9,-3.2,10.8,-0.14,0.31,-0.1,0.43,0.5,1.4,1.8,,0.3
4206108,SC,4202,Grão Pará,-49.3148,-28.1544,Criciúma,0.3,-3.8,-3.2,0.9,5.5,1.9,0.08,0.18,0.29,0.1,-0.4,0,1.4,,-0.6
4206207,SC,4202,Gravatal,-49.0187,-28.3528,Criciúma,0.3,-3.8,-3.2,0.9,5.8,0.8,0.09,0.1,0.3,0.04,-0.3,-0.2,-0.1,,-1.3
4206306,SC,4207,Guabiruba,-49.0214,-27.1031,Blumenau,-1.1,0.5,-3.2,0.9,2.9,1.7,0.02,0.11,0.16,0.08,-0.7,0.5,-0.3,,8.3
4206405,SC,4204,Guaraciaba,-53.5701,-26.58,Chapecó,-4.2,0.1,-3.2,0.9,13.3,-7.9,0.3,-0.09,0.58,-0.35,1,-0.5,-4.7,0.3,-0.5
4206504,SC,4206,Guaramirim,-48.9439,-26.4784,Joinville,0.5,0.7,-3.2,0.9,2.6,5.8,0.1,0.22,0.12,0.29,-0.2,3.1,1.5,,15.5
4206603,SC,4204,Guarujá Do Sul,-53.4855,-26.3982,Chapecó,-4.2,0.1,-3.2,0.9,11,-5,0.24,0,0.46,-0.22,-0.2,-0.1,-4.3,-7.9,1
4206652,SC,4204,Guatambú,-52.7824,-27.1173,Chapecó,-4.2,0.1,-3.2,0.9,16.6,-10,0.38,-0.15,0.6,-0.35,0.9,-0.3,-4,13,3.9
4206702,SC,4204,Herval D'oeste,-51.4093,-27.1956,Chapecó,-4.2,0.1,-3.2,0.9,12.6,-6.2,0.18,0.01,0.47,-0.18,-0.2,0,-2.5,-5.6,0.2
4206751,SC,4205,Ibiam,-51.2141,-27.2095,Caçador,-2.2,1.4,-3.2,0.9,12.6,-5.7,0.16,0.07,0.48,-0.14,-0.7,0,-2.2,3.2,1.1
4206801,SC,4204,Ibicaré,-51.3742,-27.0886,Chapecó,-4.2,0.1,-3.2,0.9,12.4,-4.7,0.22,0.03,0.49,-0.1,0,0.1,-1.9,1,1.8
4206900,SC,4207,Ibirama,-49.5284,-27.0179,Blumenau,-1.1,0.5,-3.2,0.9,9.6,-2.9,0.23,0.01,0.43,-0.1,-1.2,0,-0.7,,0.4
4207007,SC,4202,Içara,-49.2728,-28.7671,Criciúma,0.3,-3.8,-3.2,0.9,6.8,2.5,0.09,0.23,0.37,0.1,-0.5,0,-1,-5.7,-2
4207106,SC,4207,Ilhota,-48.858,-26.8581,Blumenau,-1.1,0.5,-3.2,0.9,5.8,1.7,0.24,0.03,0.28,0.07,-0.8,2.9,-0.2,,-0.7
4207205,SC,4202,Imaruí,-48.8346,-28.2314,Criciúma,0.3,-3.8,-3.2,0.9,5.5,1.1,0.16,0.06,0.31,0.07,-0.1,0.1,0.3,,-2.7
4207304,SC,4201,Imbituba,-48.7022,-28.1976,Florianópolis,,-0.2,-3.2,0.9,1.9,3.6,0.03,0.11,0.11,0.19,-0.6,0.3,0.2,,0
4207403,SC,4207,Imbuia,-49.4032,-27.5025,Blumenau,-1.1,0.5,-3.2,0.9,9.3,-1.6,0.12,0.13,0.42,0,-0.9,0.1,-0.4,6.1,1
4207502,SC,4207,Indaial,-49.2243,-26.993,Blumenau,-1.1,0.5,-3.2,0.9,3.1,0.6,0.02,0.07,0.17,0.03,-1.2,0.9,-0.5,,2.3
4207577,SC,4205,Iomerê,-51.2765,-26.9899,Caçador,-2.2,1.4,-3.2,0.9,12.5,-3.5,0.28,0.02,0.56,-0.08,0.3,-0.1,-0.8,,4.1
4207601,SC,4204,Ipira,-51.7988,-27.3718,Chapecó,-4.2,0.1,-3.2,0.9,15.3,-9.6,0.31,-0.1,0.61,-0.38,0.1,-0.4,-0.7,6.9,2.1
4207650,SC,4204,Iporã Do Oeste,-53.4913,-26.9994,Chapecó,-4.2,0.1,-3.2,0.9,13.4,-5.5,0.36,-0.08,0.48,-0.15,0.5,-0.6,-3,-2.2,-2.4
4207684,SC,4204,Ipuaçu,-52.4756,-26.6782,Chapecó,-4.2,0.1,-3.2,0.9,10.3,-5,0.25,0.01,0.5,-0.24,0.7,-0.3,-3.2,-3.2,4.1
4207700,SC,4204,Ipumirim,-52.1523,-27.0386,Chapecó,-4.2,0.1,-3.2,0.9,12.6,-7.5,0.3,-0.06,0.53,-0.29,0.1,-0.3,-2.5,-9.6,6.8
4207759,SC,4204,Iraceminha,-53.3234,-26.8446,Chapecó,-4.2,0.1,-3.2,0.9,11.3,-6,0.31,-0.09,0.47,-0.24,0.8,-0.2,-3.1,1.1,-8.4
4207809,SC,4204,Irani,-51.9181,-27.0255,Chapecó,-4.2,0.1,-3.2,0.9,11.1,-5.8,0.2,0.02,0.42,-0.18,0.2,-0.1,-2.6,-0.3,5.5
4207858,SC,4204,Irati,-52.8904,-26.6275,Chapecó,-4.2,0.1,-3.2,0.9,8.3,-2.1,0.18,0.1,0.38,-0.09,0.9,-0.2,-2.9,-4.3,-2.4
4207908,SC,4206,Irineópolis,-50.7625,-26.3575,Joinville,0.5,0.7,-3.2,0.9,8.4,-3.9,0.19,-0.03,0.36,-0.05,0.2,0,-2.1,1.3,0.9
4208005,SC,4204,Itá,-52.3344,-27.2431,Chapecó,-4.2,0.1,-3.2,0.9,17.3,-8.9,0.43,-0.08,0.63,-0.29,0.3,-0.5,-3.3,-2.2,3.4
4208104,SC,4206,Itaiópolis,-49.8899,-26.4717,Joinville,0.5,0.7,-3.2,0.9,6.4,0.1,-0.02,0.17,0.28,0.08,0.3,0.1,0.5,0.6,-0.4
4208203,SC,4207,Itajaí,-48.7518,-26.9679,Blumenau,-1.1,0.5,-3.2,0.9,3.7,1.5,0.13,0.02,0.19,0.06,-1.1,3.2,-1.4,,
4208302,SC,4207,Itapema,-48.6307,-27.1102,Blumenau,-1.1,0.5,-3.2,0.9,-1.4,7.7,-0.12,0.26,-0.06,0.34,-0.1,1.3,0.8,,
4208401,SC,4204,Itapiranga,-53.7097,-27.1124,Chapecó,-4.2,0.1,-3.2,0.9,14.8,-6.9,0.38,-0.13,0.51,-0.18,0,-0.6,-1.2,2,-5.4
4208450,SC,4206,Itapoá,-48.6509,-26.0829,Joinville,0.5,0.7,-3.2,0.9,1.4,5.1,0.13,0.12,0.1,0.25,-0.3,2,0.9,,
4208500,SC,4207,Ituporanga,-49.5385,-27.4513,Blumenau,-1.1,0.5,-3.2,0.9,9.4,-2.6,0.14,0.12,0.43,-0.05,-0.1,0,-0.3,-3.7,-1.2
4208609,SC,4204,Jaborá,-51.7672,-27.1429,Chapecó,-4.2,0.1,-3.2,0.9,13.9,-8,0.27,-0.08,0.53,-0.27,0.5,-0.2,-2.2,-8.8,0.2
4208708,SC,4202,Jacinto Machado,-49.8479,-28.9959,Criciúma,0.3,-3.8,-3.2,0.9,5.9,1.4,0.05,0.24,0.34,0.06,0.3,0,-1,,-4.9
4208807,SC,4202,Jaguaruna,-49.0416,-28.66,Criciúma,0.3,-3.8,-3.2,0.9,9.1,-0.2,0.22,0.04,0.44,-0.01,0.1,0,-1,,1.9
4208906,SC,4206,Jaraguá Do Sul,-49.1597,-26.4824,Joinville,0.5,0.7,-3.2,0.9,3.4,4.1,0.07,0.06,0.18,0.2,-0.4,2.3,1.6,,2.3
4208955,SC,4204,Jardinópolis,-52.8737,-26.7157,Chapecó,-4.2,0.1,-3.2,0.9,10.3,-2.7,0.24,0.08,0.47,-0.1,0.5,-0.4,-4,-1.1,-3.2
4209003,SC,4204,Joaçaba,-51.5902,-27.1511,Chapecó,-4.2,0.1,-3.2,0.9,13.3,-8,0.24,-0.05,0.5,-0.27,0.3,-0.2,-2.2,2.7,-9.8
4209102,SC,4206,Joinville,-48.9517,-26.2418,Joinville,0.5,0.7,-3.2,0.9,3.2,3.9,0.18,0.05,0.19,0.21,-0.5,1.5,1.3,,
4209151,SC,4207,José Boiteux,-49.6456,-26.8613,Blumenau,-1.1,0.5,-3.2,0.9,7.3,-1.6,0,0.08,0.3,0,-0.4,0.1,-1.4,,5.1
4209177,SC,4204,Jupiá,-52.7182,-26.3957,Chapecó,-4.2,0.1,-3.2,0.9,6.7,-2.7,0.1,0.04,0.31,-0.12,0,-0.1,-3.9,-3.8,-0.4
4209201,SC,4204,Lacerdópolis,-51.5917,-27.2508,Chapecó,-4.2,0.1,-3.2,0.9,12.7,-7.1,0.2,-0.03,0.5,-0.26,-0.4,-0.3,-1.8,-8.1,-6.6
4209300,SC,4203,Lages,-50.34,-28.0176,Lages,-0.1,2.3,-3.2,0.9,12.8,-6.1,0.12,0.07,0.57,-0.21,-0.4,0,-2,0.2,4.2
4209409,SC,4202,Laguna,-48.8389,-28.4633,Criciúma,0.3,-3.8,-3.2,0.9,6.8,1.7,0.16,0.09,0.33,0.09,0.4,0.1,-0.7,,8.9
4209458,SC,4204,Lajeado Grande,-52.5551,-26.8577,Chapecó,-4.2,0.1,-3.2,0.9,13.8,-6.9,0.4,-0.07,0.66,-0.32,0.9,-0.3,-3.8,2.5,-2
4209508,SC,4207,Laurentino,-49.7309,-27.2077,Blumenau,-1.1,0.5,-3.2,0.9,11.2,-1.9,0.17,0.08,0.48,0.01,-0.5,0.1,-0.5,-6.9,-4.4
4209607,SC,4202,Lauro Muller,-49.4527,-28.3811,Criciúma,0.3,-3.8,-3.2,0.9,4.1,2.2,0.03,0.22,0.22,0.12,-0.9,-0.5,1.4,,0.9
4209706,SC,4205,Lebon Régis,-50.703,-26.8573,Caçador,-2.2,1.4,-3.2,0.9,9.7,-1.4,0.06,0.18,0.49,-0.02,-0.6,0,0.2,-2.8,1.3
4209805,SC,4207,Leoberto Leal,-49.2566,-27.4699,Blumenau,-1.1,0.5,-3.2,0.9,4,0.2,-0.01,0.09,0.22,0.05,-0.2,0,0.6,,-0.6
4209854,SC,4204,Lindóia Do Sul,-52.0518,-27.0312,Chapecó,-4.2,0.1,-3.2,0.9,11.4,-6.2,0.22,0.01,0.44,-0.2,0.2,-0.3,-2.2,5.8,3.7
4209904,SC,4207,Lontras,-49.507,-27.1888,Blumenau,-1.1,0.5,-3.2,0.9,10.4,-3,0.22,0,0.47,-0.1,-1,-0.1,-0.3,-10.5,-2.1
4210001,SC,4207,Luiz Alves,-48.8912,-26.7282,Blumenau,-1.1,0.5,-3.2,0.9,6.8,-0.2,0.27,0,0.28,0.03,-0.9,2.4,-2.4,,
4210035,SC,4204,Luzerna,-51.504,-27.0898,Chapecó,-4.2,0.1,-3.2,0.9,12,-5.5,0.21,0.04,0.45,-0.14,0.4,-0.2,-2.2,-1,0.5
4210050,SC,4205,Macieira,-51.3554,-26.8019,Caçador,-2.2,1.4,-3.2,0.9,11.3,-2.3,0.26,0.04,0.47,0.02,-0.2,0,-2.4,-2.4,-5.7
4210100,SC,4206,Mafra,-49.8882,-26.201,Joinville,0.5,0.7,-3.2,0.9,5.6,0,-0.03,0.12,0.26,0.08,0,0.1,1.6,0.6,-2.1
4210209,SC,4207,Major Gercino,-49.0642,-27.4314,Blumenau,-1.1,0.5,-3.2,0.9,-0.3,6,-0.13,0.22,-0.01,0.29,-0.4,0,0.5,,-1.4
4210308,SC,4206,Major Vieira,-50.3618,-26.4803,Joinville,0.5,0.7,-3.2,0.9,7.2,-2.2,0.08,0.1,0.35,0.03,0,0.3,-0.8,-1.5,1.3
4210407,SC,4202,Maracajá,-49.4537,-28.8637,Criciúma,0.3,-3.8,-3.2,0.9,5.1,3.1,-0.04,0.3,0.3,0.14,0.1,0.3,0,4.8,-4.7
4210506,SC,4204,Maravilha,-53.2002,-26.7609,Chapecó,-4.2,0.1,-3.2,0.9,11.2,-5.4,0.31,-0.05,0.49,-0.22,0.4,-0.6,-3.8,-6.2,-8
4210555,SC,4204,Marema,-52.6273,-26.8103,Chapecó,-4.2,0.1,-3.2,0.9,13.3,-6.2,0.36,-0.03,0.61,-0.27,0.7,-0.5,-4,-2.4,3.1
4210605,SC,4206,Massaranduba,-48.9865,-26.6248,Joinville,0.5,0.7,-3.2,0.9,4.7,0.2,0.22,-0.01,0.25,0.05,0.1,0.4,-0.2,,14.8
4210704,SC,4205,Matos Costa,-51.1421,-26.4785,Caçador,-2.2,1.4,-3.2,0.9,7.3,-0.7,0.08,0.13,0.31,0.07,0.5,0,-2.7,-11.7,-6.2
4210803,SC,4202,Meleiro,-49.6041,-28.8434,Criciúma,0.3,-3.8,-3.2,0.9,3.8,3.1,-0.03,0.3,0.26,0.12,0.4,-0.1,-0.9,,-4.6
4210852,SC,4207,Mirim Doce,-50.1744,-27.1848,Blumenau,-1.1,0.5,-3.2,0.9,11.8,-2.9,0.19,0.03,0.49,-0.05,-0.6,0,1.4,,-1.6
4210902,SC,4204,Modelo,-53.0548,-26.7777,Chapecó,-4.2,0.1,-3.2,0.9,11.5,-4.7,0.31,-0.03,0.51,-0.19,0.4,-0.4,-3.7,-0.8,-1.6
4211009,SC,4204,Mondaí,-53.4467,-27.0988,Chapecó,-4.2,0.1,-3.2,0.9,13.4,-5.5,0.36,-0.08,0.48,-0.15,0.5,-0.6,-3,-2.9,-3.1
4211058,SC,4205,Monte Carlo,-50.9286,-27.1935,Caçador,-2.2,1.4,-3.2,0.9,13.8,-5.6,0.16,0.04,0.57,-0.18,-0.2,-0.1,-0.3,-2.1,3
4211108,SC,4206,Monte Castelo,-50.2873,-26.6577,Joinville,0.5,0.7,-3.2,0.9,9.2,-1.8,0.1,0.14,0.41,0.03,-0.3,0.3,-0.7,0,-2.2
4211207,SC,4202,Morro Da Fumaça,-49.2432,-28.6386,Criciúma,0.3,-3.8,-3.2,0.9,6.3,2.5,0.07,0.2,0.35,0.09,-0.5,-0.3,-2.2,,-2.3
4211256,SC,4202,Morro Grande,-49.7403,-28.721,Criciúma,0.3,-3.8,-3.2,0.9,3.3,2.5,-0.08,0.32,0.25,0.09,0.1,-0.2,0.1,,-6.3
4211306,SC,4207,Navegantes,-48.7166,-26.8344,Blumenau,-1.1,0.5,-3.2,0.9,6.1,0,0.23,-0.03,0.25,0.02,-0.8,2.9,-0.3,,
4211405,SC,4204,Nova Erechim,-52.9078,-26.9109,Chapecó,-4.2,0.1,-3.2,0.9,12.7,-5.5,0.36,-0.06,0.53,-0.2,0.7,-0.1,-4,-10.1,-0.6
4211454,SC,4204,Nova Itaberaba,-52.8322,-26.963,Chapecó,-4.2,0.1,-3.2,0.9,12.6,-5.4,0.33,-0.03,0.54,-0.19,0.7,-0.5,-2.7,-1.2,2.4
4211504,SC,4207,Nova Trento,-49.0426,-27.3134,Blumenau,-1.1,0.5,-3.2,0.9,1.4,4.4,-0.09,0.17,0.07,0.22,-0.2,0.3,0.7,,-0.4
4211603,SC,4202,Nova Veneza,-49.5853,-28.6849,Criciúma,0.3,-3.8,-3.2,0.9,3.8,4.4,-0.05,0.37,0.24,0.19,0,0,1.1,,-6.9
4211652,SC,4204,Novo Horizonte,-52.7967,-26.4924,Chapecó,-4.2,0.1,-3.2,0.9,5.8,-1.7,0.1,0.1,0.29,-0.09,0.3,-0.2,-2.8,-17.2,3.2
4211702,SC,4202,Orleans,-49.3728,-28.2789,Criciúma,0.3,-3.8,-3.2,0.9,5.3,1.8,0.06,0.2,0.28,0.1,-0.3,-0.3,0.5,,-0.2
4211751,SC,4203,Otacílio Costa,-49.9694,-27.5176,Lages,-0.1,2.3,-3.2,0.9,9.4,-0.6,0.11,0.2,0.35,0.08,-0.6,0,1.2,5.7,2.8
4211801,SC,4204,Ouro,-51.6829,-27.2822,Chapecó,-4.2,0.1,-3.2,0.9,14.1,-8.8,0.27,-0.08,0.54,-0.32,-0.1,-0.2,-2.2,-6.7,0.6
4211850,SC,4204,Ouro Verde,-52.2797,-26.7099,Chapecó,-4.2,0.1,-3.2,0.9,11.3,-4.8,0.34,-0.03,0.51,-0.2,0.8,-0.1,-3.4,-1.3,1.4
4211876,SC,4204,Paial,-52.4906,-27.2128,Chapecó,-4.2,0.1,-3.2,0.9,16.6,-9.3,0.39,-0.09,0.62,-0.34,-0.2,-0.4,-2.9,-3,1.4
4211892,SC,4203,Painel,-50.0723,-27.9646,Lages,-0.1,2.3,-3.2,0.9,10.3,-3.3,0.09,0.16,0.41,-0.03,0.1,0,-1.1,,-1.5
4211900,SC,4201,Palhoça,-48.6604,-27.7737,Florianópolis,,-0.2,-3.2,0.9,-2.7,7.9,-0.15,0.22,-0.1,0.35,-0.2,0.3,1.3,,3.7
4212007,SC,4204,Palma Sola,-53.3146,-26.373,Chapecó,-4.2,0.1,-3.2,0.9,10.3,-5.5,0.22,-0.02,0.41,-0.21,-0.1,-0.1,-4,-2.6,1.2
4212056,SC,4203,Palmeira,-50.1599,-27.5635,Lages,-0.1,2.3,-3.2,0.9,13.7,-4.3,0.29,-0.02,0.56,-0.13,-0.6,0,-0.5,-1.9,-2.5
4212106,SC,4204,Palmitos,-53.1814,-27.0929,Chapecó,-4.2,0.1,-3.2,0.9,13.9,-5.8,0.33,-0.05,0.49,-0.16,0.7,-0.6,-3.3,0,0.8
4212205,SC,4206,Papanduva,-50.1698,-26.4969,Joinville,0.5,0.7,-3.2,0.9,8.1,-1,0.06,0.17,0.38,0.05,-0.6,0.4,-0.2,-0.9,1.1
4212239,SC,4204,Paraíso,-53.6769,-26.6623,Chapecó,-4.2,0.1,-3.2,0.9,14.2,-8.9,0.36,-0.16,0.58,-0.37,0,-0.6,-4.8,4,-4
4212254,SC,4202,Passo De Torres,-49.7179,-29.266,Criciúma,0.3,-3.8,-3.2,0.9,9,-1.2,0.15,0.14,0.48,-0.07,0.1,0.4,-0.1,,2
4212270,SC,4204,Passos Maia,-51.9604,-26.7062,Chapecó,-4.2,0.1,-3.2,0.9,10.4,-4.3,0.17,0.14,0.33,-0.07,0.7,-0.1,-2.1,2.5,9.4
4212304,SC,4201,Paulo Lopes,-48.7621,-27.9644,Florianópolis,,-0.2,-3.2,0.9,0,5.4,-0.03,0.14,0.02,0.25,-0.1,0.4,2.1,,-2.8
4212403,SC,4202,Pedras Grandes,-49.202,-28.4753,Criciúma,0.3,-3.8,-3.2,0.9,5.8,0,0.04,0.15,0.34,0.01,-0.5,-0.7,-1,,-12.3
4212502,SC,4207,Penha,-48.6476,-26.8046,Blumenau,-1.1,0.5,-3.2,0.9,5.5,0.2,0.2,-0.02,0.22,0.03,-0.8,2.9,-2.4,,
4212601,SC,4204,Peritiba,-51.8736,-27.3531,Chapecó,-4.2,0.1,-3.2,0.9,15.5,-9.4,0.3,-0.09,0.59,-0.35,0.1,0,-2.9,-2.5,4.6
4212650,,,,,,,,,,,6.8,1.7,0.16,0.09,0.33,0.09,0.4,0.1,-0.7,,
4212700,SC,4207,Petrolândia,-49.6839,-27.5447,Blumenau,-1.1,0.5,-3.2,0.9,7.5,-0.2,0.03,0.25,0.29,0.11,-0.3,0,0.1,0.6,-3.6
4212809,SC,4207,Balneário Piçarras,-48.7324,-26.7587,Blumenau,-1.1,0.5,-3.2,0.9,5.2,1.6,0.2,0.07,0.21,0.09,-1.1,2.7,-2.2,,
4212908,SC,4204,Pinhalzinho,-52.9772,-26.8274,Chapecó,-4.2,0.1,-3.2,0.9,11.5,-4.5,0.33,-0.02,0.51,-0.17,0.7,-0.4,-3,-3.4,-3.9
4213005,SC,4205,Pinheiro Preto,-51.2375,-27.0494,Caçador,-2.2,1.4,-3.2,0.9,13,-5.1,0.24,0.01,0.54,-0.13,0.2,-0.1,-0.5,5.2,4.9
4213104,SC,4204,Piratuba,-51.77,-27.4591,Chapecó,-4.2,0.1,-3.2,0.9,15.6,-9.5,0.32,-0.1,0.59,-0.37,0.1,-0.4,-2.1,-1.9,10.5
4213153,SC,4204,Planalto Alegre,-52.8675,-27.0557,Chapecó,-4.2,0.1,-3.2,0.9,14,-7.8,0.38,-0.11,0.58,-0.3,0.7,-0.3,-3.9,2.3,-3.2
4213203,SC,4207,Pomerode,-49.1748,-26.7265,Blumenau,-1.1,0.5,-3.2,0.9,3.2,1.2,0.09,0.04,0.19,0.06,-0.5,1.5,0.3,,-0.6
4213302,SC,4203,Ponte Alta,-50.3003,-27.4093,Lages,-0.1,2.3,-3.2,0.9,15.7,-4.9,0.27,-0.04,0.61,-0.15,-0.6,0,0.3,0.5,-0.4
4213351,SC,4203,Ponte Alta Do Norte,-50.4182,-27.1815,Lages,-0.1,2.3,-3.2,0.9,13.7,-4.1,0.24,0.02,0.61,-0.11,-0.7,0,-0.1,-0.2,5
4213401,SC,4204,Ponte Serrada,-51.9275,-26.8604,Chapecó,-4.2,0.1,-3.2,0.9,10.7,-6.1,0.18,0.07,0.36,-0.16,0.6,-0.1,-3.2,-3.1,5.2
4213500,SC,4207,Porto Belo,-48.6141,-27.1756,Blumenau,-1.1,0.5,-3.2,0.9,-1.4,7.7,-0.12,0.26,-0.06,0.34,-0.1,1.3,0.8,,
4213609,SC,4206,Porto União,-51.0077,-26.3842,Joinville,0.5,0.7,-3.2,0.9,7.3,-3.3,0.12,0,0.24,0,0.5,0,-3.2,-0.6,0.6
4213708,SC,4207,Pouso Redondo,-49.9762,-27.2876,Blumenau,-1.1,0.5,-3.2,0.9,10,-2.2,0.11,0.09,0.38,-0.01,-0.6,0,-0.8,-5.4,4.4
4213807,SC,4202,Praia Grande,-49.9946,-29.1849,Criciúma,0.3,-3.8,-3.2,0.9,10.4,-2.9,0.23,0.03,0.54,-0.17,-0.1,-0.3,-1.7,,-2.7
4213906,SC,4204,Presidente Castello Branco,-51.7827,-27.2339,Chapecó,-4.2,0.1,-3.2,0.9,15,-9.4,0.3,-0.1,0.59,-0.35,0.3,-0.2,-2.2,-6.2,5.5
4214003,SC,4207,Presidente Getúlio,-49.7156,-27.0611,Blumenau,-1.1,0.5,-3.2,0.9,10.5,-1.8,0.14,0.1,0.46,0.01,-0.5,0.2,-1,2,5.8
4214102,SC,4207,Presidente Nereu,-49.3586,-27.2702,Blumenau,-1.1,0.5,-3.2,0.9,6.8,-0.2,0.14,0.08,0.31,0.04,-0.9,-0.1,0.9,,-2.1
4214151,SC,4204,Princesa,-53.6118,-26.4335,Chapecó,-4.2,0.1,-3.2,0.9,13.4,-7.1,0.29,-0.06,0.58,-0.32,-0.7,-0.1,-5.1,-6.9,0.8
4214201,SC,4204,Quilombo,-52.7214,-26.7296,Chapecó,-4.2,0.1,-3.2,0.9,10.6,-3.2,0.25,0.08,0.48,-0.13,0.8,-0.5,-3.1,-8.2,-1.5
4214300,SC,4201,Rancho Queimado,-49.0911,-27.6728,Florianópolis,,-0.2,-3.2,0.9,-1.5,5.6,-0.18,0.2,-0.04,0.27,0,0,1.2,,1.4
4214409,SC,4205,Rio Das Antas,-51.0657,-26.9096,Caçador,-2.2,1.4,-3.2,0.9,12.7,-3.3,0.27,0.06,0.51,-0.04,-0.2,-0.1,-0.6,-3.6,-0.4
4214508,SC,4207,Rio Do Campo,-50.1327,-26.894,Blumenau,-1.1,0.5,-3.2,0.9,9.6,-1.9,0.04,0.15,0.36,0.02,-0.1,0.2,0.3,-2.9,0.7
4214607,SC,4207,Rio Do Oeste,-49.8415,-27.1579,Blumenau,-1.1,0.5,-3.2,0.9,10.7,-2.9,0.12,0.07,0.45,-0.05,-0.6,0,-0.5,-16.9,-0.7
4214706,SC,4207,Rio Dos Cedros,-49.3706,-26.6157,Blumenau,-1.1,0.5,-3.2,0.9,2.2,1.3,0.04,-0.01,0.12,0.05,-0.4,0,0.1,77.8,4.5
4214805,SC,4207,Rio Do Sul,-49.6302,-27.1954,Blumenau,-1.1,0.5,-3.2,0.9,11,-2.5,0.22,0.05,0.5,-0.06,-0.6,0,-0.9,,-1.2
4214904,SC,4202,Rio Fortuna,-49.1875,-28.0948,Criciúma,0.3,-3.8,-3.2,0.9,8.3,-1.7,0.19,0.03,0.43,-0.08,0.2,-0.1,4.3,,-3.4
4215000,SC,4206,Rio Negrinho,-49.5982,-26.4422,Joinville,0.5,0.7,-3.2,0.9,2.7,2.5,-0.06,0.06,0.16,0.12,0,0.1,0.7,-0.9,-3.9
4215059,SC,4203,Rio Rufino,-49.7532,-27.9148,Lages,-0.1,2.3,-3.2,0.9,7.9,-0.6,-0.04,0.32,0.32,0.09,-0.2,0,-0.4,,2.6
4215075,SC,4204,Riqueza,-53.3458,-26.9748,Chapecó,-4.2,0.1,-3.2,0.9,13.1,-5.5,0.35,-0.09,0.49,-0.17,0.6,-0.4,-2.7,5.1,-2.4
4215109,SC,4207,Rodeio,-49.3529,-26.8977,Blumenau,-1.1,0.5,-3.2,0.9,3.4,-0.1,-0.03,0.09,0.17,0,-0.4,0,0.6,,1.5
4215208,SC,4204,Romelândia,-53.3172,-26.6466,Chapecó,-4.2,0.1,-3.2,0.9,11.5,-8.1,0.3,-0.12,0.48,-0.33,0.3,-0.7,-3.6,8.3,-1.1
4215307,SC,4207,Salete,-50.0094,-26.9701,Blumenau,-1.1,0.5,-3.2,0.9,10.2,-1.8,0.09,0.1,0.42,0.01,-0.6,0.1,0.7,8.1,4.6
4215356,SC,4204,Saltinho,-53.0228,-26.5901,Chapecó,-4.2,0.1,-3.2,0.9,9.7,-3.9,0.22,0.03,0.4,-0.13,0.3,-0.3,-3,-10.3,-6.3
4215406,SC,4205,Salto Veloso,-51.427,-26.8966,Caçador,-2.2,1.4,-3.2,0.9,12.5,-4.3,0.32,-0.02,0.55,-0.09,0.4,0,-1.2,-4.3,4
4215455,SC,4202,Sangão,-49.1256,-28.6511,Criciúma,0.3,-3.8,-3.2,0.9,7.6,1.5,0.15,0.12,0.39,0.05,0.1,-0.4,-1.5,,5
4215505,SC,4203,Santa Cecília,-50.4462,-26.9274,Lages,-0.1,2.3,-3.2,0.9,13.3,-4.2,0.23,0,0.59,-0.11,-0.5,0,0,0.2,-1.4
4215554,SC,4204,Santa Helena,-53.6191,-26.9213,Chapecó,-4.2,0.1,-3.2,0.9,13.5,-6.6,0.36,-0.12,0.51,-0.22,0.5,-0.1,-1.2,-3.2,-2.3
4215604,SC,4202,Santa Rosa De Lima,-49.1799,-28.0124,Criciúma,0.3,-3.8,-3.2,0.9,8.3,-1.7,0.19,0.03,0.43,-0.08,0.2,-0.1,4.3,,1.7
4215653,SC,4202,Santa Rosa Do Sul,-49.7405,-29.1233,Criciúma,0.3,-3.8,-3.2,0.9,7.6,-0.6,0.06,0.18,0.41,-0.05,0.1,0.3,-0.4,,-2.6
4215679,SC,4207,Santa Terezinha,-50.006,-26.6676,Blumenau,-1.1,0.5,-3.2,0.9,8.4,-1.2,0.03,0.17,0.32,0.07,-0.3,0.2,-1.3,1.9,-0.3
4215687,SC,4204,Santa Terezinha Do Progresso,-53.1685,-26.592,Chapecó,-4.2,0.1,-3.2,0.9,10.4,-5.5,0.26,-0.02,0.44,-0.21,0.2,-0.4,-2.2,1.9,-8.2
4215695,SC,4204,Santiago Do Sul,-52.6962,-26.6301,Chapecó,-4.2,0.1,-3.2,0.9,10.2,-3.8,0.24,0.07,0.52,-0.2,0.7,-0.3,-3.8,-6.4,-4.1
4215703,SC,4201,Santo Amaro Da Imperatriz,-48.7944,-27.7403,Florianópolis,,-0.2,-3.2,0.9,-2.1,7.8,-0.12,0.22,-0.08,0.34,-0.1,0.1,1.2,,0.3
4215752,SC,4204,São Bernardino,-52.9877,-26.4881,Chapecó,-4.2,0.1,-3.2,0.9,7.9,-3.7,0.14,0.03,0.3,-0.12,0,-0.2,-4,-4,2.5
4215802,SC,4206,São Bento Do Sul,-49.3497,-26.2964,Joinville,0.5,0.7,-3.2,0.9,4.5,3.8,-0.02,0.2,0.2,0.25,-0.4,0.1,-0.2,-2.5,2.5
4215901,SC,4201,São Bonifácio,-48.9401,-27.9563,Florianópolis,,-0.2,-3.2,0.9,5.8,0.9,0.16,0.06,0.3,0.05,-0.2,0,1.8,,2.1
4216008,SC,4204,São Carlos,-53.0321,-27.0306,Chapecó,-4.2,0.1,-3.2,0.9,14.7,-6.6,0.4,-0.1,0.54,-0.2,0.7,-0.7,-3.6,-1.6,-4.3
4216057,SC,4203,São Cristovão Do Sul,-50.3509,-27.294,Lages,-0.1,2.3,-3.2,0.9,14.5,-4.3,0.3,-0.04,0.65,-0.12,-0.4,0,0.7,0,17.2
4216107,SC,4204,São Domingos,-52.5565,-26.5346,Chapecó,-4.2,0.1,-3.2,0.9,8.9,-3.7,0.2,0.05,0.42,-0.18,0.7,-0.2,-2,-2.6,1.4
4216206,SC,4206,São Francisco Do Sul,-48.6392,-26.2603,Joinville,0.5,0.7,-3.2,0.9,2.1,4.6,0.1,0.12,0.1,0.21,-0.7,2.6,2.3,,
4216255,SC,4204,São João Do Oeste,-53.5904,-27.0912,Chapecó,-4.2,0.1,-3.2,0.9,14.1,-5.9,0.39,-0.11,0.5,-0.17,0.6,-0.4,-3.7,0.8,-2
4216305,SC,4207,São João Batista,-48.8677,-27.3324,Blumenau,-1.1,0.5,-3.2,0.9,-0.5,5.6,-0.12,0.18,-0.01,0.27,-0.3,0.2,1.5,,-0.5
4216354,SC,4206,São João Do Itaperiú,-48.7981,-26.5916,Joinville,0.5,0.7,-3.2,0.9,3.8,4,0.2,0.16,0.15,0.2,-0.1,3,0.9,,
4216404,SC,4202,São João Do Sul,-49.8149,-29.2047,Criciúma,0.3,-3.8,-3.2,0.9,9.5,-1.7,0.2,0.08,0.51,-0.12,0,0.4,0,,-3.7
4216503,SC,4203,São Joaquim,-50.0155,-28.2979,Lages,-0.1,2.3,-3.2,0.9,11.3,-4.9,0.11,0.13,0.5,-0.14,0,0,-0.4,,-0.1
4216602,SC,4201,São José,-48.6551,-27.5789,Florianópolis,,-0.2,-3.2,0.9,-3.9,11,-0.16,0.29,-0.12,0.42,0.4,1.1,1.6,,-0.8
4216701,SC,4204,São José Do Cedro,-53.5334,-26.4808,Chapecó,-4.2,0.1,-3.2,0.9,12.8,-7.1,0.29,-0.06,0.56,-0.32,0,-0.2,-5.1,-7.7,-0.6
4216800,SC,4203,São José Do Cerrito,-50.6513,-27.5979,Lages,-0.1,2.3,-3.2,0.9,11.5,-5.4,0.04,0.04,0.46,-0.19,-0.1,0,-1.4,-4.2,4.9
4216909,SC,4204,São Lourenço Do Oeste,-52.8604,-26.4691,Chapecó,-4.2,0.1,-3.2,0.9,8.5,-3.2,0.15,0.05,0.33,-0.1,0.2,-0.2,-3.4,-16.8,2.3
4217006,SC,4202,São Ludgero,-49.168,-28.3525,Criciúma,0.3,-3.8,-3.2,0.9,6.6,-1,0.08,0.11,0.37,-0.04,-0.6,-0.6,-1.7,,-0.4
4217105,SC,4202,São Martinho,-48.9735,-28.123,Criciúma,0.3,-3.8,-3.2,0.9,5.2,0.5,0.07,0.08,0.27,0.04,-0.2,0,1.5,,2.4
4217154,SC,4204,São Miguel Da Boa Vista,-53.2399,-26.6882,Chapecó,-4.2,0.1,-3.2,0.9,11.5,-7.3,0.29,-0.08,0.48,-0.3,0.1,-0.2,-3.4,-0.3,2.2
4217204,SC,4204,São Miguel Do Oeste,-53.5134,-26.7264,Chapecó,-4.2,0.1,-3.2,0.9,13.7,-9.2,0.36,-0.19,0.53,-0.35,0.2,-0.9,-4.5,-0.5,0
4217253,SC,4201,São Pedro De Alcântara,-48.8387,-27.5898,Florianópolis,,-0.2,-3.2,0.9,-1.9,6.6,-0.14,0.18,-0.05,0.29,-0.3,0.4,1.6,,1.1
4217303,SC,4204,Saudades,-53.0386,-26.8961,Chapecó,-4.2,0.1,-3.2,0.9,12.2,-4.5,0.37,-0.04,0.52,-0.16,0.6,-0.4,-4,-1.2,-3.7
4217402,SC,4206,Schroeder,-49.0607,-26.3707,Joinville,0.5,0.7,-3.2,0.9,4.9,4.2,0.26,0.08,0.27,0.23,-0.2,0.6,1.5,,77
4217501,SC,4204,Seara,-52.3396,-27.1483,Chapecó,-4.2,0.1,-3.2,0.9,15.9,-9.3,0.44,-0.12,0.65,-0.36,0,-0.3,-3.2,-1,-2.2
4217550,SC,4204,Serra Alta,-53.0252,-26.6947,Chapecó,-4.2,0.1,-3.2,0.9,11.5,-4.9,0.31,-0.01,0.49,-0.17,0.5,-0.4,-2.7,-6,-1.5
4217600,SC,4202,Siderópolis,-49.5265,-28.5827,Criciúma,0.3,-3.8,-3.2,0.9,4.5,1.6,-0.03,0.31,0.26,0.11,-0.2,-0.5,1.1,,-4.2
4217709,SC,4202,Sombrio,-49.653,-29.0725,Criciúma,0.3,-3.8,-3.2,0.9,6.2,0.7,0.04,0.22,0.37,0.01,-0.3,0.6,-1.4,-1.9,0.2
4217758,SC,4204,Sul Brasil,-52.9473,-26.6946,Chapecó,-4.2,0.1,-3.2,0.9,10.7,-4.1,0.27,0.01,0.44,-0.13,0.3,-0.3,-3.4,-1,0.4
4217808,SC,4207,Taió,-50.0902,-27.0781,Blumenau,-1.1,0.5,-3.2,0.9,10.8,-2,0.15,0.08,0.44,0,-0.7,0,1.1,-13.4,-4.4
4217907,SC,4205,Tangará,-51.1461,-27.1462,Caçador,-2.2,1.4,-3.2,0.9,12.1,-4.3,0.18,0.07,0.51,-0.11,-0.3,-0.1,-1.5,-1.8,-2.6
4217956,SC,4204,Tigrinhos,-53.1557,-26.6749,Chapecó,-4.2,0.1,-3.2,0.9,10.9,-5.3,0.29,-0.02,0.48,-0.21,0.7,-0.6,-3.3,-0.5,-7.9
4218004,SC,4207,Tijucas,-48.7024,-27.2492,Blumenau,-1.1,0.5,-3.2,0.9,-2.4,10,-0.17,0.36,-0.08,0.42,-0.1,1.9,1.8,,0.2
4218103,SC,4202,Timbé Do Sul,-49.8658,-28.807,Criciúma,0.3,-3.8,-3.2,0.9,5.3,0.7,0.03,0.23,0.35,0.02,0.5,-0.3,-0.1,,-4.2
4218202,SC,4207,Timbó,-49.2706,-26.8057,Blumenau,-1.1,0.5,-3.2,0.9,3.2,1,0.04,0.07,0.16,0.05,-0.5,2,-0.5,,-1.8
4218251,SC,4205,Timbó Grande,-50.6649,-26.6243,Caçador,-2.2,1.4,-3.2,0.9,9.3,-3.6,0.11,0.02,0.46,-0.07,-0.2,0,-0.3,-1.9,0.8
4218301,SC,4206,Três Barras,-50.255,-26.1699,Joinville,0.5,0.7,-3.2,0.9,8.8,-0.4,0.14,0.17,0.4,0.06,0.4,0.3,0.6,0,0.4
4218350,SC,4202,Treviso,-49.4905,-28.4993,Criciúma,0.3,-3.8,-3.2,0.9,5.1,1,0.07,0.24,0.31,0.07,-0.7,-0.8,-0.1,,-2.2
4218400,SC,4202,Treze De Maio,-49.1545,-28.567,Criciúma,0.3,-3.8,-3.2,0.9,6.3,0.9,0.14,0.08,0.34,0.03,-0.2,-0.6,-1.3,,-9.4
4218509,SC,4204,Treze Tílias,-51.4474,-26.9632,Chapecó,-4.2,0.1,-3.2,0.9,11.2,-4.2,0.21,0.04,0.44,-0.07,0.4,-0.1,-1.4,-5.9,3.5
4218608,SC,4207,Trombudo Central,-49.8106,-27.3119,Blumenau,-1.1,0.5,-3.2,0.9,10.8,-1,0.14,0.16,0.44,0.06,-0.6,0,-0.5,-5.4,-2.3
4218707,SC,4202,Tubarão,-49.034,-28.481,Criciúma,0.3,-3.8,-3.2,0.9,7.2,0.5,0.17,0.06,0.36,0.01,0.1,0.1,-1.4,,-9.1
4218756,SC,4204,Tunápolis,-53.6504,-26.9851,Chapecó,-4.2,0.1,-3.2,0.9,13.5,-6.6,0.36,-0.12,0.51,-0.22,0.5,-0.1,-1.2,-2.1,1.9
4218806,SC,4202,Turvo,-49.7041,-28.9014,Criciúma,0.3,-3.8,-3.2,0.9,5.3,1.8,0.02,0.25,0.33,0.07,0.2,0.2,-1,-3.1,-8
4218855,SC,4204,União Do Oeste,-52.8555,-26.7852,Chapecó,-4.2,0.1,-3.2,0.9,10.3,-2.7,0.24,0.08,0.47,-0.1,0.5,-0.4,-4,8.5,-2.3
4218905,SC,4203,Urubici,-49.5765,-28.0378,Lages,-0.1,2.3,-3.2,0.9,6.9,1.2,0.06,0.27,0.27,0.14,0,0,1.1,,-1.9
4218954,SC,4203,Urupema,-49.8986,-28.0232,Lages,-0.1,2.3,-3.2,0.9,10.5,-3.2,0.11,0.19,0.43,-0.02,0,0,0.1,,-2.3
4219002,SC,4202,Urussanga,-49.3289,-28.4932,Criciúma,0.3,-3.8,-3.2,0.9,5,0.5,0.05,0.19,0.32,0.03,-0.7,-0.7,0,,3.3
4219101,SC,4204,Vargeão,-52.1245,-26.7781,Chapecó,-4.2,0.1,-3.2,0.9,11.1,-5.8,0.28,-0.01,0.5,-0.24,0.4,0,-3.2,1.3,3.7
4219150,SC,4204,Vargem,-50.9488,-27.4667,Chapecó,-4.2,0.1,-3.2,0.9,13.7,-7.5,0.16,0.01,0.52,-0.24,0.5,-0.1,-1.4,1.2,7
4219176,SC,4204,Vargem Bonita,-51.7562,-26.9448,Chapecó,-4.2,0.1,-3.2,0.9,10.6,-5.5,0.14,0.03,0.35,-0.13,0.6,-0.1,-1.9,-3.1,-5.9
4219200,SC,4207,Vidal Ramos,-49.3491,-27.3859,Blumenau,-1.1,0.5,-3.2,0.9,8.5,-1.5,0.12,0.15,0.42,-0.01,-0.2,0,0.9,-0.8,1.1
4219309,SC,4205,Videira,-51.1269,-27.0076,Caçador,-2.2,1.4,-3.2,0.9,12.1,-3.8,0.19,0.09,0.51,-0.09,-0.2,-0.1,-0.8,3.5,1
4219358,SC,4207,Vitor Meireles,-49.8455,-26.8271,Blumenau,-1.1,0.5,-3.2,0.9,9,-1.3,0.02,0.16,0.33,0.06,-0.5,0,-0.9,-1.4,3.3
4219408,SC,4207,Witmarsum,-49.8378,-26.9324,Blumenau,-1.1,0.5,-3.2,0.9,8.9,-2.4,0.03,0.09,0.35,-0.01,-0.1,-0.1,-0.5,3.3,0.3
4219507,SC,4204,Xanxerê,-52.4099,-26.8737,Chapecó,-4.2,0.1,-3.2,0.9,13.4,-7.6,0.38,-0.1,0.64,-0.36,1,-0.3,-3.7,-4.6,-0.5
4219606,SC,4204,Xavantina,-52.3232,-27.0225,Chapecó,-4.2,0.1,-3.2,0.9,13.6,-7.7,0.37,-0.07,0.57,-0.31,0.5,-0.5,-3.9,6.9,4.6
4219705,SC,4204,Xaxim,-52.5303,-26.972,Chapecó,-4.2,0.1,-3.2,0.9,15.3,-9.3,0.43,-0.13,0.68,-0.4,0.9,-0.2,-4.1,0.1,4
4219853,SC,4204,Zortéa,-51.5344,-27.4749,Chapecó,-4.2,0.1,-3.2,0.9,15.4,-9.4,0.34,-0.08,0.64,-0.38,-0.5,-0.1,-1.5,0,4.5
4220000,,,,,,,,,,,5.7,2.6,-0.03,0.3,0.33,0.11,0,0.2,-1,,
4300034,RS,4302,Aceguá,-54.1402,-31.6917,Pelotas,-3.7,0,-0.3,3.1,20.6,-22.4,0.18,-0.31,0.6,-0.65,-0.5,-2.7,-2.8,-9.7,-1.8
4300059,RS,4306,Água Santa,-52.0526,-28.2134,Passo Fundo,-1.2,1.1,-0.3,3.1,17.4,-9.1,0.37,-0.08,0.53,-0.27,-0.2,-0.2,0.1,-0.2,8.9
4300109,RS,4303,Agudo,-53.2239,-29.6069,Santa Maria,1.6,5.9,-0.3,3.1,17.5,-9.7,0.32,-0.01,0.62,-0.35,-1.1,-1.5,0.4,-1.4,8.5
4300208,RS,4305,Ajuricaba,-53.737,-28.2097,Ijuí,1.3,6.6,-0.3,3.1,15,-7.8,0.3,-0.04,0.49,-0.26,0.3,-1.4,-1.6,0.5,7.1
4300307,RS,4305,Alecrim,-54.7815,-27.6535,Ijuí,1.3,6.6,-0.3,3.1,17.7,-10.1,0.28,-0.1,0.57,-0.32,-0.9,-2.4,-4.7,1.6,8.3
4300406,RS,4304,Alegrete,-55.8368,-29.7641,Uruguaiana,8,6.8,-0.3,3.1,24.8,-19.2,0.58,-0.4,0.7,-0.59,-0.7,-4.3,-2.1,9.1,1.2
4300455,RS,4305,Alegria,-54.0572,-27.8146,Ijuí,1.3,6.6,-0.3,3.1,15.6,-7.9,0.27,-0.01,0.51,-0.24,-0.2,-1.7,-2,8.3,1
4300471,RS,4306,Almirante Tamandaré Do Sul,-52.9078,-28.1285,Passo Fundo,-1.2,1.1,-0.3,3.1,17.6,-8.5,0.34,-0.1,0.56,-0.28,-0.4,-0.9,-1.2,-0.2,9.1
4300505,RS,4306,Alpestre,-53.0641,-27.2178,Passo Fundo,-1.2,1.1,-0.3,3.1,14.7,-5.3,0.33,0.01,0.51,-0.14,0.8,-0.5,-2.8,-0.4,15.7
4300554,RS,4306,Alto Alegre,-52.9888,-28.8044,Passo Fundo,-1.2,1.1,-0.3,3.1,19.8,-9.7,0.39,-0.02,0.65,-0.32,-0.7,-1.7,-1.1,2.9,8.3
4300570,RS,4307,Alto Feliz,-51.3043,-29.3642,Caxias do Sul,-1,-2.8,-0.3,3.1,9.2,-4.3,-0.05,0.29,0.43,-0.16,-0.7,-0.7,-2.2,,-7.4
4300604,RS,4301,Alvorada,-51.0353,-29.9952,Porto Alegre,-3.9,2.7,-0.3,3.1,10.4,-6.6,0.13,0.08,0.48,-0.26,-0.9,0.5,-2.1,22.1,3.3
4300638,RS,4301,Amaral Ferrador,-52.3168,-30.8106,Porto Alegre,-3.9,2.7,-0.3,3.1,15.2,-11.9,0.09,-0.03,0.56,-0.43,-1.1,-0.1,0.4,10.5,-1.7
4300646,RS,4306,Ametista Do Sul,-53.1934,-27.3645,Passo Fundo,-1.2,1.1,-0.3,3.1,16.8,-6.3,0.36,0.02,0.51,-0.11,0.7,-0.7,-1.5,6,5.9
4300661,RS,4307,André Da Rocha,-51.5048,-28.5959,Caxias do Sul,-1,-2.8,-0.3,3.1,13.5,-8.3,0.29,-0.14,0.52,-0.31,-0.2,-0.2,-1,1.1,-11.2
4300703,RS,4308,Anta Gorda,-51.9972,-28.9691,Santa Cruz do Sul - Lajeado,-1.4,1.6,-0.3,3.1,9.6,-2.5,0.02,0.25,0.42,-0.11,-1.1,-1.3,-1.1,1.7,1.2
4300802,RS,4307,Antônio Prado,-51.3178,-28.8818,Caxias do Sul,-1,-2.8,-0.3,3.1,11.3,-7.8,0.12,0.06,0.44,-0.29,-1.5,-0.3,-1.1,,4
4300851,RS,4301,Arambaré,-51.578,-30.92,Porto Alegre,-3.9,2.7,-0.3,3.1,13.3,-10.7,0.06,-0.1,0.51,-0.41,-0.5,1.1,-0.1,-1,3.2
4300877,RS,4301,Araricá,-50.9381,-29.636,Porto Alegre,-3.9,2.7,-0.3,3.1,9.4,-4.3,0.07,0.15,0.48,-0.19,-0.7,-0.5,-0.8,,107.4
4300901,RS,4306,Aratiba,-52.3037,-27.3877,Passo Fundo,-1.2,1.1,-0.3,3.1,17.3,-9.2,0.36,-0.04,0.61,-0.29,-0.3,-0.4,-2.2,-0.9,16.1
4301008,RS,4308,Arroio Do Meio,-51.9662,-29.3626,Santa Cruz do Sul - Lajeado,-1.4,1.6,-0.3,3.1,9,-2.6,-0.03,0.26,0.44,-0.14,-1.4,-0.1,-0.8,-4.3,0.7
4301057,RS,4301,Arroio Do Sal,-49.8922,-29.5203,Porto Alegre,-3.9,2.7,-0.3,3.1,11,-3.4,0.22,0.06,0.58,-0.19,-0.2,0.6,1.2,,3.9
4301073,RS,4302,Arroio Do Padre,-52.3986,-31.4393,Pelotas,-3.7,0,-0.3,3.1,11.4,-10.7,0.02,-0.03,0.44,-0.4,0.4,-0.1,0.3,-7.4,-1.6
4301107,RS,4301,Arroio Dos Ratos,-51.7518,-30.1942,Porto Alegre,-3.9,2.7,-0.3,3.1,14.2,-10,0.13,0.05,0.54,-0.33,-1.1,-0.1,0.3,5.5,8.1
4301206,RS,4308,Arroio Do Tigre,-53.0517,-29.2593,Santa Cruz do Sul - Lajeado,-1.4,1.6,-0.3,3.1,22.3,-14.7,0.43,-0.16,0.71,-0.46,-1.1,-2,0.1,3.4,4
4301305,RS,4302,Arroio Grande,-52.9211,-32.1897,Pelotas,-3.7,0,-0.3,3.1,11.1,-13.3,-0.05,-0.11,0.4,-0.45,-0.3,0.4,-0.7,1.2,-19.9
4301404,RS,4306,Arvorezinha,-52.1834,-28.8643,Passo Fundo,-1.2,1.1,-0.3,3.1,13.5,-6.2,0.16,0.12,0.5,-0.23,0.1,-0.6,-0.3,-2.3,5.1
4301503,RS,4305,Augusto Pestana,-54.0078,-28.5345,Ijuí,1.3,6.6,-0.3,3.1,19.5,-8.9,0.36,-0.01,0.6,-0.27,-0.3,-2.3,-0.5,-1.9,5.5
4301552,RS,4306,Áurea,-52.0756,-27.7091,Passo Fundo,-1.2,1.1,-0.3,3.1,17.5,-8.9,0.31,0,0.58,-0.26,-0.6,-0.5,-1.5,2.3,12.5
4301602,RS,4302,Bagé,-54.0169,-31.2373,Pelotas,-3.7,0,-0.3,3.1,19.8,-20.9,0.23,-0.33,0.64,-0.68,-0.5,-2.6,-2.8,-0.9,1.7
4301636,RS,4301,Balneário Pinhal,-50.297,-30.2081,Porto Alegre,-3.9,2.7,-0.3,3.1,12.6,-9.2,0.27,-0.07,0.53,-0.34,-1.2,1.3,-0.7,,1.5
4301651,RS,4307,Barão,-51.489,-29.3856,Caxias do Sul,-1,-2.8,-0.3,3.1,9.5,-4.6,-0.04,0.27,0.44,-0.18,-0.7,-0.9,-1.7,,1.8
4301701,RS,4306,Barão De Cotegipe,-52.4175,-27.5654,Passo Fundo,-1.2,1.1,-0.3,3.1,17.2,-7.7,0.34,-0.01,0.59,-0.22,-0.7,-0.2,-1.4,-1.7,3.5
4301750,RS,4301,Barão Do Triunfo,-51.7979,-30.4169,Porto Alegre,-3.9,2.7,-0.3,3.1,12.3,-10.8,0.03,-0.03,0.51,-0.4,-0.3,-0.2,-0.2,-9.7,4.4
4301800,RS,4306,Barracão,-51.4387,-27.7253,Passo Fundo,-1.2,1.1,-0.3,3.1,16.3,-9.7,0.4,-0.12,0.61,-0.37,-0.5,-0.1,-0.7,5.4,11.8
4301859,RS,4305,Barra Do Guarita,-53.7634,-27.2056,Ijuí,1.3,6.6,-0.3,3.1,15.8,-7.9,0.37,-0.17,0.57,-0.24,0.3,-0.6,-1,13.8,-7.1
4301875,RS,4304,Barra Do Quaraí,-57.3355,-30.1518,Uruguaiana,8,6.8,-0.3,3.1,19.4,-16.9,0.44,-0.34,0.64,-0.59,-1.7,-6.2,-1.9,4.9,
4301909,RS,4301,Barra Do Ribeiro,-51.3546,-30.3734,Porto Alegre,-3.9,2.7,-0.3,3.1,12.1,-9,0.12,0.04,0.48,-0.33,-0.3,0.7,-0.4,-2.1,3.1
4301925,RS,4306,Barra Do Rio Azul,-52.4082,-27.4032,Passo Fundo,-1.2,1.1,-0.3,3.1,17.1,-7.6,0.33,0.01,0.58,-0.2,-0.3,-0.5,-1.4,2.6,0.8
4301958,RS,4306,Barra Funda,-53.0201,-27.9222,Passo Fundo,-1.2,1.1,-0.3,3.1,17.3,-8.9,0.35,-0.11,0.54,-0.27,-0.7,-0.8,-1,31.8,5.2
4302006,RS,4306,Barros Cassal,-52.5893,-29.1117,Passo Fundo,-1.2,1.1,-0.3,3.1,20.2,-11.9,0.37,-0.06,0.69,-0.4,0.1,-1.3,-0.4,-4.2,4.7
4302055,RS,4306,Benjamin Constant Do Sul,-52.6427,-27.4854,Passo Fundo,-1.2,1.1,-0.3,3.1,17,-7.6,0.29,0,0.55,-0.2,0.4,-0.4,-3.4,9.5,8.3
4302105,RS,4307,Bento Gonçalves,-51.5279,-29.1176,Caxias do Sul,-1,-2.8,-0.3,3.1,11.4,-6.7,0.05,0.21,0.49,-0.27,-1.9,-0.8,-2.4,-1.1,-3.4
4302154,RS,4306,Boa Vista Das Missões,-53.3418,-27.7029,Passo Fundo,-1.2,1.1,-0.3,3.1,15.9,-8.5,0.26,-0.03,0.48,-0.24,-0.2,-0.6,-1.3,1.4,5.7
4302204,RS,4305,Boa Vista Do Buricá,-54.1002,-27.6762,Ijuí,1.3,6.6,-0.3,3.1,17.5,-8.4,0.35,-0.11,0.61,-0.27,-0.1,-1.1,-2.7,-4,6.2
4302220,RS,4306,Boa Vista Do Cadeado,-53.8386,-28.6555,Passo Fundo,-1.2,1.1,-0.3,3.1,18.9,-8.4,0.3,0.06,0.57,-0.26,-0.9,-2,-0.9,3.1,2.7
4302238,RS,4306,Boa Vista Do Incra,-53.4627,-28.8645,Passo Fundo,-1.2,1.1,-0.3,3.1,18.8,-10.8,0.31,0.01,0.6,-0.36,-0.9,-1.7,-0.3,2.7,6
4302253,RS,4307,Boa Vista Do Sul,-51.671,-29.3547,Caxias do Sul,-1,-2.8,-0.3,3.1,10,-4.6,0.02,0.24,0.46,-0.19,-1,-1.3,-1.5,,79.5
4302303,RS,4307,Bom Jesus,-50.4235,-28.598,Caxias do Sul,-1,-2.8,-0.3,3.1,11.4,-6.8,0.21,-0.03,0.49,-0.28,-0.6,0,-1.3,8.3,-0.2
4302352,RS,4301,Bom Princípio,-51.3624,-29.4713,Porto Alegre,-3.9,2.7,-0.3,3.1,8.6,-3.9,-0.07,0.29,0.42,-0.16,-0.1,-0.4,-1.8,-1.7,-1.6
4302378,RS,4305,Bom Progresso,-53.8491,-27.5492,Ijuí,1.3,6.6,-0.3,3.1,16.9,-8.7,0.34,-0.16,0.61,-0.29,0,-0.5,-1.9,6.8,-1.7
4302402,RS,4308,Bom Retiro Do Sul,-51.9218,-29.6367,Santa Cruz do Sul - Lajeado,-1.4,1.6,-0.3,3.1,14,-7,0.19,0.1,0.55,-0.24,-1.5,-0.2,0.7,3.9,10.3
4302451,RS,4308,Boqueirão Do Leão,-52.4156,-29.3056,Santa Cruz do Sul - Lajeado,-1.4,1.6,-0.3,3.1,18.3,-8.8,0.31,0.01,0.62,-0.28,-0.9,-1.3,0.3,-11.5,-0.8
4302501,RS,4305,Bossoroca,-54.9722,-28.6619,Ijuí,1.3,6.6,-0.3,3.1,21.3,-13.1,0.43,-0.17,0.67,-0.44,0.6,-3.6,0.3,24.2,20.3
4302584,RS,4305,Bozano,-53.7512,-28.3564,Ijuí,1.3,6.6,-0.3,3.1,16.4,-8.4,0.34,-0.04,0.52,-0.27,-0.2,-1.5,-1.6,8.1,8.9
4302600,RS,4305,Braga,-53.7438,-27.5807,Ijuí,1.3,6.6,-0.3,3.1,16.9,-8.8,0.33,-0.14,0.62,-0.29,0.5,-0.4,-1.9,-1.7,-3
4302659,RS,4301,Brochier,-51.6231,-29.5371,Porto Alegre,-3.9,2.7,-0.3,3.1,10.6,-5.1,0.05,0.19,0.47,-0.2,-0.2,-0.4,-0.7,-4.1,-0.4
4302709,RS,4301,Butiá,-52.0041,-30.184,Porto Alegre,-3.9,2.7,-0.3,3.1,16,-11.1,0.24,-0.02,0.58,-0.35,-1.2,-0.6,0.6,-1.3,-3
4302808,RS,4303,Caçapava Do Sul,-53.4779,-30.5927,Santa Maria,1.6,5.9,-0.3,3.1,19.7,-15,0.29,-0.2,0.67,-0.54,-1.8,-1.4,-2,-3.9,15.3
4302907,RS,4303,Cacequi,-54.8014,-29.9208,Santa Maria,1.6,5.9,-0.3,3.1,26,-19.1,0.49,-0.34,0.76,-0.61,-1.4,-3.3,-2.6,11.2,28
4303004,RS,4303,Cachoeira Do Sul,-52.9865,-30.2063,Santa Maria,1.6,5.9,-0.3,3.1,17.6,-12.3,0.25,-0.08,0.59,-0.44,-1.5,-1.4,-1.7,3.5,2.6
4303103,RS,4301,Cachoeirinha,-51.0956,-29.919,Porto Alegre,-3.9,2.7,-0.3,3.1,10.4,-6.6,0.13,0.08,0.48,-0.26,-0.9,0.5,-2.1,,
4303202,RS,4306,Cacique Doble,-51.676,-27.8144,Passo Fundo,-1.2,1.1,-0.3,3.1,18.3,-10.7,0.43,-0.12,0.62,-0.36,0,0,-1.8,1.1,0.4
4303301,RS,4305,Caibaté,-54.6556,-28.3353,Ijuí,1.3,6.6,-0.3,3.1,18.3,-10.8,0.34,-0.13,0.59,-0.37,-0.3,-3.1,-3.3,15.9,10.9
4303400,RS,4306,Caiçara,-53.4642,-27.2479,Passo Fundo,-1.2,1.1,-0.3,3.1,15.3,-6.2,0.36,-0.05,0.5,-0.13,0.4,-0.7,-0.8,1.1,6
4303509,RS,4301,Camaquã,-51.7903,-30.9232,Porto Alegre,-3.9,2.7,-0.3,3.1,12.8,-10,0.04,-0.09,0.5,-0.39,-0.7,1,0.4,-6.9,8.5
4303558,RS,4306,Camargo,-52.2219,-28.6163,Passo Fundo,-1.2,1.1,-0.3,3.1,14.9,-5.7,0.2,0.12,0.5,-0.19,-0.7,-0.8,-0.2,-1.1,-0.9
4303608,RS,4307,Cambará Do Sul,-50.136,-29.0616,Caxias do Sul,-1,-2.8,-0.3,3.1,9.9,-3.7,0.21,0.03,0.51,-0.19,0,0,-1.9,3.4,-6.3
4303673,RS,4307,Campestre Da Serra,-51.0966,-28.7279,Caxias do Sul,-1,-2.8,-0.3,3.1,10.4,-6.3,0.12,0.03,0.47,-0.27,-0.8,-0.1,-1.2,-5.2,-5.3
4303707,RS,4305,Campina Das Missões,-54.8347,-27.9633,Ijuí,1.3,6.6,-0.3,3.1,19.4,-12.2,0.38,-0.2,0.64,-0.42,-1.2,-3.1,-3.6,8.3,12.8
4303806,RS,4306,Campinas Do Sul,-52.655,-27.7371,Passo Fundo,-1.2,1.1,-0.3,3.1,15.9,-5.6,0.28,0.05,0.51,-0.13,-0.4,-0.5,-1.6,-2.9,3.7
4303905,RS,4301,Campo Bom,-51.0478,-29.6729,Porto Alegre,-3.9,2.7,-0.3,3.1,10.1,-4.6,0.05,0.18,0.5,-0.2,-0.6,-1,-2.4,,-5.3
4304002,RS,4305,Campo Novo,-53.8237,-27.6685,Ijuí,1.3,6.6,-0.3,3.1,15.7,-7.2,0.29,-0.07,0.57,-0.24,0.2,-0.7,-1.9,-4.4,3.7
4304101,RS,4306,Campos Borges,-53.0572,-28.9062,Passo Fundo,-1.2,1.1,-0.3,3.1,19.2,-10.2,0.46,-0.05,0.67,-0.37,-0.8,-1.6,-1.2,-1.3,2.8
4304200,RS,4308,Candelária,-52.8134,-29.6987,Santa Cruz do Sul - Lajeado,-1.4,1.6,-0.3,3.1,18.8,-10.4,0.35,-0.05,0.63,-0.33,-0.9,-1.4,-0.7,-4.7,0.2
4304309,RS,4305,Cândido Godói,-54.7194,-27.9335,Ijuí,1.3,6.6,-0.3,3.1,18.2,-11.6,0.36,-0.19,0.6,-0.4,-1.5,-2.9,-5.5,3.1,17
4304358,RS,4302,Candiota,-53.7458,-31.5542,Pelotas,-3.7,0,-0.3,3.1,18.2,-19.9,0.13,-0.29,0.58,-0.63,-0.5,-2.7,0,1.6,-3.3
4304408,RS,4307,Canela,-50.7739,-29.3521,Caxias do Sul,-1,-2.8,-0.3,3.1,10,-5.4,0.04,0.16,0.48,-0.23,-0.9,-0.1,-1.8,,-9.6
4304507,RS,4302,Canguçu,-52.6695,-31.2169,Pelotas,-3.7,0,-0.3,3.1,12.9,-11.8,0.06,-0.02,0.48,-0.41,-1.2,-0.8,0.4,1.6,6.8
4304606,RS,4301,Canoas,-51.1781,-29.9136,Porto Alegre,-3.9,2.7,-0.3,3.1,10.4,-5.8,0.15,0.12,0.47,-0.22,-0.6,0.3,-2.4,32.8,
4304614,RS,4308,Canudos Do Vale,-52.2358,-29.3279,Santa Cruz do Sul - Lajeado,-1.4,1.6,-0.3,3.1,17.3,-8.5,0.26,0.07,0.64,-0.29,-1,-1.5,-0.2,,1
4304622,RS,4306,Capão Bonito Do Sul,-51.3887,-28.1548,Passo Fundo,-1.2,1.1,-0.3,3.1,16.2,-9.2,0.36,-0.08,0.63,-0.36,0.3,-0.1,-1.4,8.5,-1.8
4304630,RS,4301,Capão Da Canoa,-50.0006,-29.6787,Porto Alegre,-3.9,2.7,-0.3,3.1,10.4,-3.5,0.21,0.09,0.54,-0.18,-0.1,0.6,-0.6,,8.1
4304655,RS,4303,Capão Do Cipó,-54.5805,-28.9601,Santa Maria,1.6,5.9,-0.3,3.1,23.7,-14.9,0.44,-0.22,0.69,-0.46,0.6,-3.8,-0.8,14.5,15.3
4304663,RS,4302,Capão Do Leão,-52.5392,-31.8339,Pelotas,-3.7,0,-0.3,3.1,11.6,-11.6,0,-0.02,0.42,-0.4,-0.4,0.7,-1.7,-10.4,3.6
4304671,RS,4301,Capivari Do Sul,-50.5127,-30.1348,Porto Alegre,-3.9,2.7,-0.3,3.1,11.8,-7.6,0.24,0,0.52,-0.29,-1,1.7,-1.9,0.5,-14.3
4304689,RS,4301,Capela De Santana,-51.3573,-29.7051,Porto Alegre,-3.9,2.7,-0.3,3.1,10.8,-5.8,0.11,0.15,0.49,-0.23,-1.6,-0.3,-1.8,,0.1
4304697,RS,4308,Capitão,-51.9866,-29.2807,Santa Cruz do Sul - Lajeado,-1.4,1.6,-0.3,3.1,9.1,-3.8,-0.03,0.23,0.46,-0.19,-1.3,-1.3,-2.3,4.3,2.6
4304705,RS,4306,Carazinho,-52.8652,-28.2794,Passo Fundo,-1.2,1.1,-0.3,3.1,18.8,-9.6,0.37,-0.12,0.61,-0.32,-0.5,-0.7,-0.9,3.6,3.8
4304713,RS,4301,Caraá,-50.3402,-29.7711,Porto Alegre,-3.9,2.7,-0.3,3.1,12.1,-6.4,0.27,0.01,0.54,-0.25,-1,0.1,-1.7,,-8.6
4304804,RS,4307,Carlos Barbosa,-51.5055,-29.3215,Caxias do Sul,-1,-2.8,-0.3,3.1,11.7,-6,0,0.25,0.5,-0.22,-1.1,-1.1,-2.1,2.5,-8.8
4304853,RS,4306,Carlos Gomes,-51.9306,-27.7057,Passo Fundo,-1.2,1.1,-0.3,3.1,17.6,-9.3,0.37,-0.07,0.55,-0.28,-0.4,-0.8,-1.3,2.8,13.4
4304903,RS,4306,Casca,-51.9661,-28.5942,Passo Fundo,-1.2,1.1,-0.3,3.1,15.3,-8.6,0.36,-0.15,0.53,-0.29,0.2,-1,-0.4,5.7,0.6
4304952,RS,4306,Caseiros,-51.7337,-28.2487,Passo Fundo,-1.2,1.1,-0.3,3.1,15.5,-9.8,0.38,-0.15,0.58,-0.36,-0.1,-0.1,-0.4,1.2,-4.4
4305009,RS,4305,Catuípe,-54.0325,-28.168,Ijuí,1.3,6.6,-0.3,3.1,16.4,-7.1,0.31,-0.01,0.49,-0.2,0.2,-1.7,-2,-1.1,1.7
4305108,RS,4307,Caxias Do Sul,-51.0248,-29.1033,Caxias do Sul,-1,-2.8,-0.3,3.1,8.6,-5.2,-0.03,0.19,0.42,-0.21,-1.1,-0.3,-1.1,-8.6,-10.1
4305116,RS,4306,Centenário,-52.0025,-27.775,Passo Fundo,-1.2,1.1,-0.3,3.1,17.5,-8.9,0.31,0,0.58,-0.26,-0.6,-0.5,-1.5,6.4,24.8
4305124,RS,4302,Cerrito,-52.7981,-31.7281,Pelotas,-3.7,0,-0.3,3.1,12.5,-11.9,0.01,-0.08,0.43,-0.41,-0.9,0.3,-1.2,-5.7,-1.7
4305132,RS,4303,Cerro Branco,-52.9939,-29.6302,Santa Maria,1.6,5.9,-0.3,3.1,18.5,-10.1,0.36,-0.06,0.62,-0.34,-0.8,-1.5,-0.4,3.4,2.2
4305157,RS,4306,Cerro Grande,-53.163,-27.6296,Passo Fundo,-1.2,1.1,-0.3,3.1,16.6,-7.8,0.28,-0.01,0.48,-0.19,0.6,-0.5,-1.1,2.9,17.6
4305173,RS,4301,Cerro Grande Do Sul,-51.7591,-30.5847,Porto Alegre,-3.9,2.7,-0.3,3.1,11.4,-10.6,-0.02,-0.04,0.47,-0.39,-0.5,-0.1,-0.8,1.9,3.8
4305207,RS,4305,Cerro Largo,-54.7384,-28.1313,Ijuí,1.3,6.6,-0.3,3.1,16.3,-10.5,0.28,-0.14,0.56,-0.37,-0.7,-3.4,-4.8,5.4,13.9
4305306,RS,4306,Chapada,-53.1151,-28.0982,Passo Fundo,-1.2,1.1,-0.3,3.1,15.6,-7.9,0.32,-0.1,0.52,-0.27,0.2,-0.8,-1.3,0,3.2
4305355,RS,4301,Charqueadas,-51.5575,-29.9924,Porto Alegre,-3.9,2.7,-0.3,3.1,14.6,-8.7,0.21,0.06,0.56,-0.29,-1.5,-0.1,-2.4,13.6,16.2
4305371,RS,4306,Charrua,-51.9991,-27.9464,Passo Fundo,-1.2,1.1,-0.3,3.1,17.5,-9.8,0.34,-0.06,0.54,-0.3,-0.5,-0.7,-1.6,2.1,-4.5
4305405,RS,4305,Chiapetta,-53.9099,-27.9873,Ijuí,1.3,6.6,-0.3,3.1,14.7,-6.8,0.25,0.01,0.49,-0.21,-0.2,-0.9,-2.3,-3,-5.4
4305439,RS,4302,Chuí,-53.4125,-33.6522,Pelotas,-3.7,0,-0.3,3.1,8.3,-11.8,-0.05,-0.08,0.36,-0.47,-1.1,1.3,-1.5,,19.8
4305447,RS,4301,Chuvisca,-52.0061,-30.7795,Porto Alegre,-3.9,2.7,-0.3,3.1,12.9,-11.1,0.01,-0.06,0.51,-0.42,-0.8,-0.3,1.5,,1.7
4305454,RS,4301,Cidreira,-50.2722,-30.1213,Porto Alegre,-3.9,2.7,-0.3,3.1,12.1,-9.1,0.3,-0.09,0.53,-0.36,-0.9,1.2,-1.1,,-0.7
4305504,RS,4306,Ciríaco,-51.9182,-28.348,Passo Fundo,-1.2,1.1,-0.3,3.1,16.7,-8.8,0.36,-0.1,0.54,-0.28,0.3,-0.1,0.1,-3.2,10.7
4305587,RS,4308,Colinas,-51.8677,-29.3918,Santa Cruz do Sul - Lajeado,-1.4,1.6,-0.3,3.1,8.2,-2.9,-0.05,0.25,0.43,-0.15,-1.3,-0.7,-2.6,-0.2,0.3
4305603,RS,4306,Colorado,-52.9922,-28.471,Passo Fundo,-1.2,1.1,-0.3,3.1,18.6,-8.8,0.34,-0.02,0.6,-0.29,-0.4,-1.1,-1.3,3.5,4.1
4305702,RS,4305,Condor,-53.4931,-28.1671,Ijuí,1.3,6.6,-0.3,3.1,14.6,-7.6,0.26,-0.03,0.5,-0.26,-0.4,-0.7,-1.5,3.8,2.3
4305801,RS,4306,Constantina,-52.9907,-27.6886,Passo Fundo,-1.2,1.1,-0.3,3.1,16.7,-7,0.31,-0.02,0.5,-0.17,0.3,-0.9,-1.6,0.3,7.6
4305835,RS,4308,Coqueiro Baixo,-52.1285,-29.1689,Santa Cruz do Sul - Lajeado,-1.4,1.6,-0.3,3.1,13.3,-5.5,0.13,0.2,0.54,-0.21,-1.1,-1.2,-1.1,-9.5,2.6
4305850,RS,4306,Coqueiros Do Sul,-52.7596,-28.1322,Passo Fundo,-1.2,1.1,-0.3,3.1,19,-10,0.37,-0.14,0.62,-0.34,-0.5,-0.8,-1.7,2.3,12.1
4305871,RS,4305,Coronel Barros,-54.0599,-28.4057,Ijuí,1.3,6.6,-0.3,3.1,17.7,-7.5,0.33,0.03,0.53,-0.22,-0.2,-2.4,-0.5,5.8,6.7
4305900,RS,4305,Coronel Bicaco,-53.6455,-27.7998,Ijuí,1.3,6.6,-0.3,3.1,15.6,-8.3,0.27,-0.12,0.57,-0.29,-0.2,-0.6,-0.9,1.2,12
4305934,RS,4307,Coronel Pilar,-51.7205,-29.2617,Caxias do Sul,-1,-2.8,-0.3,3.1,10.1,-4.9,-0.04,0.19,0.47,-0.21,-1.6,-1.3,-2.4,,-6.9
4305959,RS,4307,Cotiporã,-51.6885,-28.9939,Caxias do Sul,-1,-2.8,-0.3,3.1,11.5,-7.2,0.07,0.09,0.47,-0.28,-1.9,-1.1,-2.5,-7.6,-13.5
4305975,RS,4306,Coxilha,-52.3326,-28.1217,Passo Fundo,-1.2,1.1,-0.3,3.1,17.1,-8.1,0.31,0.02,0.55,-0.24,-0.3,-0.5,-1,9.4,3.4
4306007,RS,4305,Crissiumal,-54.1349,-27.4881,Ijuí,1.3,6.6,-0.3,3.1,18,-8.4,0.38,-0.15,0.62,-0.26,0,-1.1,-2.1,2.6,6
4306056,RS,4301,Cristal,-52.0287,-31.0097,Porto Alegre,-3.9,2.7,-0.3,3.1,12.8,-10.6,0.03,-0.06,0.5,-0.42,0,0.4,-1.2,-11.9,-6
4306072,RS,4306,Cristal Do Sul,-53.2486,-27.4323,Passo Fundo,-1.2,1.1,-0.3,3.1,17,-7,0.35,0,0.5,-0.13,0.5,-0.7,-1.5,14.5,6.5
4306106,RS,4306,Cruz Alta,-53.5627,-28.7027,Passo Fundo,-1.2,1.1,-0.3,3.1,17.7,-9.6,0.29,0.02,0.57,-0.32,-0.6,-1.8,-0.3,-1,2.5
4306130,RS,4306,Cruzaltense,-52.6426,-27.628,Passo Fundo,-1.2,1.1,-0.3,3.1,15.4,-5.3,0.29,0.03,0.48,-0.11,-0.4,-0.5,-1.5,5.1,9.8
4306205,RS,4308,Cruzeiro Do Sul,-52.0333,-29.5405,Santa Cruz do Sul - Lajeado,-1.4,1.6,-0.3,3.1,13.5,-5.2,0.17,0.13,0.54,-0.19,-1.3,-0.3,-0.5,-1,-1.9
4306304,RS,4306,David Canabarro,-51.8123,-28.4168,Passo Fundo,-1.2,1.1,-0.3,3.1,15,-8.3,0.33,-0.12,0.53,-0.29,0.1,-0.3,-0.4,-0.1,1.7
4306320,RS,4305,Derrubadas,-53.8915,-27.2397,Ijuí,1.3,6.6,-0.3,3.1,17.6,-9.1,0.37,-0.2,0.62,-0.29,0.5,-0.4,-1.3,9.5,1.8
4306353,RS,4305,Dezesseis De Novembro,-55.0804,-28.2061,Ijuí,1.3,6.6,-0.3,3.1,19.8,-11.6,0.35,-0.16,0.65,-0.4,0.3,-3.6,-3.6,20.8,5.3
4306379,RS,4303,Dilermando De Aguiar,-54.1596,-29.813,Santa Maria,1.6,5.9,-0.3,3.1,20.7,-14.2,0.35,-0.2,0.67,-0.49,-0.9,-1.9,-3.9,-3.3,8.8
4306403,RS,4301,Dois Irmãos,-51.0899,-29.599,Porto Alegre,-3.9,2.7,-0.3,3.1,7.7,-2.9,-0.05,0.26,0.4,-0.13,-0.7,-1,-0.8,,-2.8
4306429,RS,4306,Dois Irmãos Das Missões,-53.4965,-27.677,Passo Fundo,-1.2,1.1,-0.3,3.1,16.5,-9.4,0.34,-0.14,0.54,-0.29,0.5,-0.4,-0.8,8.4,1.3
4306452,RS,4307,Dois Lajeados,-51.8446,-28.9775,Caxias do Sul,-1,-2.8,-0.3,3.1,8.2,-2.5,-0.01,0.24,0.4,-0.12,-1,-1.2,-1.3,-6.1,0.4
4306502,RS,4301,Dom Feliciano,-52.2026,-30.6035,Porto Alegre,-3.9,2.7,-0.3,3.1,15.2,-12.2,0.1,-0.03,0.59,-0.46,-1.1,-0.9,-0.3,-11.3,6.3
4306551,RS,4301,Dom Pedro De Alcântara,-49.8564,-29.3655,Porto Alegre,-3.9,2.7,-0.3,3.1,11.2,-2.9,0.26,0.05,0.57,-0.17,-0.2,0.3,1.3,,
4306601,RS,4302,Dom Pedrito,-54.6658,-31.0573,Pelotas,-3.7,0,-0.3,3.1,20.5,-21.1,0.29,-0.37,0.67,-0.69,-1.3,-2.9,-0.1,-3.4,3.1
4306700,RS,4303,Dona Francisca,-53.3453,-29.5592,Santa Maria,1.6,5.9,-0.3,3.1,17.9,-10.6,0.35,-0.05,0.64,-0.37,-0.8,-1.6,-0.2,-4.4,1.2
4306734,RS,4305,Doutor Maurício Cardoso,-54.3686,-27.4871,Ijuí,1.3,6.6,-0.3,3.1,17,-8.7,0.24,-0.07,0.58,-0.28,0.3,-2.4,-2.8,8.2,-2.8
4306759,RS,4308,Doutor Ricardo,-51.9741,-29.0942,Santa Cruz do Sul - Lajeado,-1.4,1.6,-0.3,3.1,8.6,-1.8,-0.03,0.29,0.42,-0.1,-1.5,-1.4,-0.7,3.7,-8.2
4306767,RS,4301,Eldorado Do Sul,-51.4969,-30.0763,Porto Alegre,-3.9,2.7,-0.3,3.1,13,-7.6,0.15,0.11,0.5,-0.25,-1.4,0.1,-2.7,1.6,17.2
4306809,RS,4308,Encantado,-51.9205,-29.2159,Santa Cruz do Sul - Lajeado,-1.4,1.6,-0.3,3.1,9.1,-3.8,-0.03,0.23,0.46,-0.19,-1.3,-1.3,-2.3,-4.3,1.8
4306908,RS,4308,Encruzilhada Do Sul,-52.6718,-30.6286,Santa Cruz do Sul - Lajeado,-1.4,1.6,-0.3,3.1,17.5,-13.2,0.18,-0.04,0.6,-0.46,-1.9,-1.2,-1.2,2,12.9
4306924,RS,4306,Engenho Velho,-52.9104,-27.6824,Passo Fundo,-1.2,1.1,-0.3,3.1,16.7,-7,0.31,-0.02,0.5,-0.17,0.3,-0.9,-1.6,8.2,-4.6
4306932,RS,4305,Entre-Ijuís,-54.3018,-28.4613,Ijuí,1.3,6.6,-0.3,3.1,20.2,-10.5,0.41,-0.09,0.64,-0.34,0.2,-2.5,-1.6,29.9,9.4
4306957,RS,4306,Entre Rios Do Sul,-52.727,-27.518,Passo Fundo,-1.2,1.1,-0.3,3.1,16.1,-5.7,0.29,0.03,0.53,-0.13,0.2,-0.4,-2.6,-1,12.6
4306973,RS,4306,Erebango,-52.3182,-27.8305,Passo Fundo,-1.2,1.1,-0.3,3.1,16.4,-6.9,0.33,0.03,0.55,-0.19,-0.7,-0.3,-1.6,-0.3,5.3
4307005,RS,4306,Erechim,-52.2581,-27.6424,Passo Fundo,-1.2,1.1,-0.3,3.1,16.1,-6.7,0.28,0.06,0.52,-0.17,-0.1,-0.4,-1.4,-1.5,-3.3
4307054,RS,4306,Ernestina,-52.5534,-28.4219,Passo Fundo,-1.2,1.1,-0.3,3.1,14.9,-5.7,0.17,0.1,0.5,-0.19,-0.2,-0.8,-0.3,1.9,15.3
4307104,RS,4302,Herval,-53.4043,-32.0228,Pelotas,-3.7,0,-0.3,3.1,12.4,-15.7,-0.03,-0.18,0.43,-0.53,-0.9,-0.5,0.9,-6,-3.1
4307203,RS,4306,Erval Grande,-52.5811,-27.3508,Passo Fundo,-1.2,1.1,-0.3,3.1,18.8,-9.9,0.4,-0.1,0.63,-0.32,-0.2,-0.4,-0.8,-2.3,7.2
4307302,RS,4306,Erval Seco,-53.5203,-27.514,Passo Fundo,-1.2,1.1,-0.3,3.1,16.9,-7.5,0.34,-0.1,0.56,-0.21,0.5,-0.5,-1.4,5.3,9
4307401,RS,4307,Esmeralda,-51.1711,-28.0365,Caxias do Sul,-1,-2.8,-0.3,3.1,13.5,-7.1,0.29,-0.04,0.53,-0.28,-0.2,0,-1.7,1.6,3.3
4307450,RS,4305,Esperança Do Sul,-54.01,-27.3275,Ijuí,1.3,6.6,-0.3,3.1,16.9,-8.1,0.36,-0.16,0.6,-0.25,0.1,-0.9,-2.2,21.3,65.4
4307500,RS,4306,Espumoso,-52.8279,-28.8662,Passo Fundo,-1.2,1.1,-0.3,3.1,18.4,-8.6,0.33,0.02,0.61,-0.28,-0.2,-1.6,-1.1,0.3,13.9
4307559,RS,4306,Estação,-52.2899,-27.929,Passo Fundo,-1.2,1.1,-0.3,3.1,18.4,-9.2,0.34,-0.01,0.6,-0.26,-0.4,-0.4,-1.9,3.9,2.1
4307609,RS,4301,Estância Velha,-51.1845,-29.6486,Porto Alegre,-3.9,2.7,-0.3,3.1,9.4,-4,0.02,0.23,0.49,-0.19,-0.7,-1.1,-3.2,,9.1
4307708,RS,4301,Esteio,-51.1736,-29.8538,Porto Alegre,-3.9,2.7,-0.3,3.1,10.7,-6.1,0.14,0.09,0.49,-0.24,-0.4,0.1,-2.6,,
4307807,RS,4308,Estrela,-51.9192,-29.5082,Santa Cruz do Sul - Lajeado,-1.4,1.6,-0.3,3.1,10.1,-2.5,0.04,0.23,0.44,-0.11,-1.4,0,-0.8,-2.3,-3.7
4307815,RS,4308,Estrela Velha,-53.1783,-29.2284,Santa Cruz do Sul - Lajeado,-1.4,1.6,-0.3,3.1,21.8,-14.5,0.43,-0.14,0.71,-0.46,-1.2,-2.1,-0.6,6.1,1.2
4307831,RS,4305,Eugênio De Castro,-54.247,-28.567,Ijuí,1.3,6.6,-0.3,3.1,21.3,-10.4,0.43,-0.09,0.65,-0.33,0.4,-2.9,-0.7,12.3,7.8
4307864,RS,4307,Fagundes Varela,-51.7139,-28.8867,Caxias do Sul,-1,-2.8,-0.3,3.1,11.9,-6.4,0.16,0.09,0.47,-0.24,-0.8,-1.2,-1.3,1.2,-3.5
4307906,RS,4307,Farroupilha,-51.3661,-29.2091,Caxias do Sul,-1,-2.8,-0.3,3.1,8.8,-4.5,-0.07,0.29,0.41,-0.17,-0.7,-0.5,-2.2,,-3.2
4308003,RS,4303,Faxinal Do Soturno,-53.4646,-29.5595,Santa Maria,1.6,5.9,-0.3,3.1,17.6,-10.5,0.35,-0.04,0.63,-0.37,-0.3,-1.6,-0.5,-6.9,-0.2
4308052,RS,4306,Faxinalzinho,-52.6764,-27.376,Passo Fundo,-1.2,1.1,-0.3,3.1,18.6,-9.1,0.36,-0.07,0.6,-0.27,1.1,-0.3,0,-8.1,-2.2
4308078,RS,4308,Fazenda Vilanova,-51.8406,-29.5908,Santa Cruz do Sul - Lajeado,-1.4,1.6,-0.3,3.1,11,-3,0.07,0.24,0.47,-0.12,-1.5,0.1,-1,-2.4,25.4
4308102,RS,4307,Feliz,-51.2852,-29.4565,Caxias do Sul,-1,-2.8,-0.3,3.1,8.8,-3.5,-0.05,0.29,0.42,-0.13,-0.5,-0.5,-1.6,15,-0.5
4308201,RS,4307,Flores Da Cunha,-51.2191,-29.0283,Caxias do Sul,-1,-2.8,-0.3,3.1,9.7,-7.6,-0.05,0.15,0.43,-0.3,-0.5,-0.3,-1.7,,-6.4
4308250,RS,4306,Floriano Peixoto,-52.0438,-27.8559,Passo Fundo,-1.2,1.1,-0.3,3.1,17.3,-9.2,0.34,-0.03,0.51,-0.26,-0.5,-0.8,-1.2,6.1,2.4
4308300,RS,4306,Fontoura Xavier,-52.3798,-29.0075,Passo Fundo,-1.2,1.1,-0.3,3.1,17.8,-9.9,0.22,0.03,0.64,-0.35,-0.5,-0.8,-0.8,-5.5,1.8
4308409,RS,4303,Formigueiro,-53.508,-29.9753,Santa Maria,1.6,5.9,-0.3,3.1,18.3,-12.2,0.34,-0.1,0.64,-0.45,-1.1,-1.3,-0.1,3.8,10.8
4308433,RS,4308,Forquetinha,-52.1248,-29.3869,Santa Cruz do Sul - Lajeado,-1.4,1.6,-0.3,3.1,13.9,-5.6,0.14,0.2,0.57,-0.22,-1.3,-1,-1.1,-5.2,-0.3
4308458,RS,4306,Fortaleza Dos Valos,-53.2732,-28.8942,Passo Fundo,-1.2,1.1,-0.3,3.1,19.4,-10.1,0.37,-0.02,0.67,-0.36,-0.7,-1.8,-0.2,2,1.2
4308508,RS,4306,Frederico Westphalen,-53.361,-27.3407,Passo Fundo,-1.2,1.1,-0.3,3.1,15.8,-6.4,0.35,-0.02,0.5,-0.14,0.6,-0.8,-0.7,-0.8,-1.5
4308607,RS,4307,Garibaldi,-51.581,-29.2417,Caxias do Sul,-1,-2.8,-0.3,3.1,12,-6.6,0.05,0.23,0.5,-0.25,-1.3,-0.7,-2.2,2.8,-4.1
4308656,RS,4305,Garruchos,-55.5367,-28.2344,Ijuí,1.3,6.6,-0.3,3.1,19.5,-12.1,0.36,-0.16,0.67,-0.44,0.1,-3.6,-0.9,27.9,15.3
4308706,RS,4306,Gaurama,-52.1149,-27.5974,Passo Fundo,-1.2,1.1,-0.3,3.1,17,-8.1,0.28,0.01,0.55,-0.22,-0.5,-0.6,-2.5,-5,3.9
4308805,RS,4301,General Câmara,-51.9157,-29.8676,Porto Alegre,-3.9,2.7,-0.3,3.1,15.3,-8.8,0.23,0,0.56,-0.28,-0.8,-0.5,-0.6,8.7,4.7
4308854,RS,4306,Gentil,-52.0388,-28.3858,Passo Fundo,-1.2,1.1,-0.3,3.1,16.1,-8.2,0.34,-0.07,0.53,-0.26,-0.1,-0.3,-0.3,9.6,-4.5
4308904,RS,4306,Getúlio Vargas,-52.182,-27.8509,Passo Fundo,-1.2,1.1,-0.3,3.1,17.8,-8.4,0.32,0,0.56,-0.22,-0.5,-0.5,-1.5,-4.5,0.3
4309001,RS,4305,Giruá,-54.2979,-28.0315,Ijuí,1.3,6.6,-0.3,3.1,16.3,-7.5,0.28,-0.02,0.52,-0.24,0.1,-1.5,-2.6,2.8,8
4309050,RS,4301,Glorinha,-50.7695,-29.884,Porto Alegre,-3.9,2.7,-0.3,3.1,12,-7.1,0.22,0.03,0.58,-0.3,-1.5,0.7,-2.4,4.2,-6.6
4309100,RS,4307,Gramado,-50.8987,-29.3861,Caxias do Sul,-1,-2.8,-0.3,3.1,8.9,-4.3,0,0.18,0.44,-0.19,-0.9,-0.1,-1.8,2.7,-8.2
4309126,RS,4306,Gramado Dos Loureiros,-52.9146,-27.4444,Passo Fundo,-1.2,1.1,-0.3,3.1,17.6,-7.4,0.33,-0.01,0.53,-0.16,1.4,-0.4,-1.6,5.3,11.1
4309159,RS,4308,Gramado Xavier,-52.6013,-29.2873,Santa Cruz do Sul - Lajeado,-1.4,1.6,-0.3,3.1,21.5,-11.8,0.43,-0.06,0.7,-0.37,-0.6,-1.6,0.4,-9.5,-9.4
4309209,RS,4301,Gravataí,-50.9469,-29.8902,Porto Alegre,-3.9,2.7,-0.3,3.1,11.7,-7.2,0.21,0.02,0.54,-0.29,-0.6,0.1,-2.1,-0.5,3.6
4309258,RS,4307,Guabiju,-51.6591,-28.5791,Caxias do Sul,-1,-2.8,-0.3,3.1,14.1,-8.5,0.33,-0.15,0.51,-0.3,-0.2,-0.2,-0.7,-4.4,-9.4
4309308,RS,4301,Guaíba,-51.4333,-30.1771,Porto Alegre,-3.9,2.7,-0.3,3.1,13.8,-8.5,0.17,0.12,0.54,-0.29,-1.3,0.4,-1.2,9.8,1.5
4309407,RS,4307,Guaporé,-51.9042,-28.8553,Caxias do Sul,-1,-2.8,-0.3,3.1,11.1,-4.9,0.15,0.14,0.44,-0.18,-0.6,-1.1,-1,-3.2,-1.5
4309506,RS,4305,Guarani Das Missões,-54.5826,-28.1684,Ijuí,1.3,6.6,-0.3,3.1,17.5,-9.7,0.37,-0.12,0.6,-0.35,0.1,-2.8,-2.5,3.6,9.3
4309555,RS,4301,Harmonia,-51.4241,-29.5465,Porto Alegre,-3.9,2.7,-0.3,3.1,9.2,-4.6,-0.04,0.25,0.43,-0.18,-0.6,-0.3,-1.1,-5.1,-7.1
4309571,RS,4308,Herveiras,-52.6692,-29.4391,Santa Cruz do Sul - Lajeado,-1.4,1.6,-0.3,3.1,19.7,-10.2,0.37,-0.03,0.66,-0.32,-1,-1.2,-0.3,-7.8,16.1
4309605,RS,4305,Horizontina,-54.2989,-27.5891,Ijuí,1.3,6.6,-0.3,3.1,17.6,-8.9,0.34,-0.12,0.62,-0.28,-0.3,-1.6,-1.6,-1.4,-1.2
4309654,RS,4302,Hulha Negra,-53.8914,-31.4509,Pelotas,-3.7,0,-0.3,3.1,20.1,-21.2,0.17,-0.31,0.63,-0.66,-0.9,-2.9,0.7,-0.1,0
4309704,RS,4305,Humaitá,-53.9831,-27.5771,Ijuí,1.3,6.6,-0.3,3.1,17,-8.4,0.34,-0.18,0.61,-0.28,-0.1,-0.8,-2.9,-2.2,-2.9
4309753,RS,4308,Ibarama,-53.1709,-29.4205,Santa Cruz do Sul - Lajeado,-1.4,1.6,-0.3,3.1,19.2,-11.7,0.36,-0.08,0.66,-0.39,-1,-1.1,-0.6,-1.2,7.8
4309803,RS,4306,Ibiaçá,-51.7896,-28.1021,Passo Fundo,-1.2,1.1,-0.3,3.1,17.5,-10.4,0.37,-0.11,0.6,-0.36,0,-0.2,-1.2,-2.7,1.7
4309902,RS,4306,Ibiraiaras,-51.6302,-28.3823,Passo Fundo,-1.2,1.1,-0.3,3.1,14.6,-9.2,0.34,-0.15,0.56,-0.36,0.2,-0.1,-0.5,-4.8,0.5
4309951,RS,4306,Ibirapuitã,-52.4439,-28.6249,Passo Fundo,-1.2,1.1,-0.3,3.1,15.3,-7,0.19,0.08,0.5,-0.22,-0.5,-0.5,-0.9,5.1,17
4310009,RS,4306,Ibirubá,-53.1725,-28.5938,Passo Fundo,-1.2,1.1,-0.3,3.1,18.5,-9.1,0.34,-0.02,0.6,-0.3,-1.3,-1.7,-0.9,-3.3,3.8
4310108,RS,4301,Igrejinha,-50.7941,-29.5611,Porto Alegre,-3.9,2.7,-0.3,3.1,10.3,-4.2,0.15,0.13,0.49,-0.18,-1,-0.1,-1.6,0.8,-15
4310207,RS,4305,Ijuí,-53.8953,-28.3187,Ijuí,1.3,6.6,-0.3,3.1,16.4,-7.4,0.34,-0.01,0.53,-0.24,-0.4,-1.7,-1.2,-1.8,7.8
4310306,RS,4308,Ilópolis,-52.131,-28.9294,Santa Cruz do Sul - Lajeado,-1.4,1.6,-0.3,3.1,12.5,-5.4,0.09,0.18,0.5,-0.21,-0.8,-0.5,-1.2,-12.2,-6.8
4310330,RS,4301,Imbé,-50.1186,-29.9295,Porto Alegre,-3.9,2.7,-0.3,3.1,13.5,-7.9,0.33,-0.04,0.58,-0.31,-0.7,0.7,-3.2,,
4310363,RS,4308,Imigrante,-51.7715,-29.342,Santa Cruz do Sul - Lajeado,-1.4,1.6,-0.3,3.1,9.4,-4.8,-0.05,0.2,0.44,-0.2,-1.7,-0.9,-1.6,12.2,-0.1
4310405,RS,4305,Independência,-54.181,-27.9001,Ijuí,1.3,6.6,-0.3,3.1,15.9,-7.6,0.26,-0.01,0.51,-0.23,0.3,-1.5,-2.6,-1,7.8
4310413,RS,4305,Inhacorá,-54.0301,-27.9055,Ijuí,1.3,6.6,-0.3,3.1,15.7,-7.7,0.27,-0.01,0.51,-0.24,0.1,-1.7,-1.4,13.8,8.1
4310439,RS,4307,Ipê,-51.2982,-28.7199,Caxias do Sul,-1,-2.8,-0.3,3.1,11.9,-8,0.18,-0.02,0.46,-0.3,-0.9,-0.2,-0.9,-0.6,2.7
4310462,RS,4306,Ipiranga Do Sul,-52.4183,-27.932,Passo Fundo,-1.2,1.1,-0.3,3.1,19.4,-9.1,0.38,-0.02,0.65,-0.28,-0.4,-0.5,-1.8,3.7,8.5
4310504,RS,4306,Iraí,-53.2425,-27.25,Passo Fundo,-1.2,1.1,-0.3,3.1,15.6,-6,0.34,0,0.5,-0.12,0.5,-0.9,-0.8,-8.3,9.6
4310538,RS,4303,Itaara,-53.7635,-29.5771,Santa Maria,1.6,5.9,-0.3,3.1,19.8,-12.6,0.39,-0.11,0.63,-0.41,-1.3,-1,-0.5,1.9,-8.1
4310553,RS,4303,Itacurubi,-55.2664,-28.8096,Santa Maria,1.6,5.9,-0.3,3.1,20.6,-13.5,0.41,-0.17,0.63,-0.47,0,-3.5,0.8,37.9,25
4310579,RS,4306,Itapuca,-52.2,-28.7756,Passo Fundo,-1.2,1.1,-0.3,3.1,17,-9,0.28,0,0.56,-0.29,-0.5,-0.5,-0.2,-1.4,-4.1
4310603,RS,4304,Itaqui,-56.1753,-29.2136,Uruguaiana,8,6.8,-0.3,3.1,24.2,-17.3,0.56,-0.33,0.72,-0.57,-0.3,-4.9,-3.8,5.5,49.2
4310652,RS,4301,Itati,-50.1629,-29.4595,Porto Alegre,-3.9,2.7,-0.3,3.1,9.9,-2.3,0.19,0.12,0.53,-0.14,-0.5,0.1,-1.4,,0
4310702,RS,4306,Itatiba Do Sul,-52.4778,-27.3587,Passo Fundo,-1.2,1.1,-0.3,3.1,16.7,-9.4,0.34,-0.06,0.59,-0.32,-0.5,-0.4,-3.4,1.7,3.8
4310751,RS,4303,Ivorá,-53.5821,-29.5141,Santa Maria,1.6,5.9,-0.3,3.1,16.8,-10.7,0.31,-0.04,0.61,-0.39,-0.7,-1.7,-0.7,-6.2,-2.4
4310801,RS,4301,Ivoti,-51.1563,-29.5825,Porto Alegre,-3.9,2.7,-0.3,3.1,8,-3.3,-0.06,0.28,0.41,-0.14,-0.6,-0.6,-1.6,,0.4
4310850,RS,4306,Jaboticaba,-53.2625,-27.6267,Passo Fundo,-1.2,1.1,-0.3,3.1,17.5,-8.8,0.31,-0.04,0.47,-0.2,0.2,-0.6,-0.2,8.3,7.7
4310876,RS,4306,Jacuizinho,-53.0142,-29.0358,Passo Fundo,-1.2,1.1,-0.3,3.1,21.1,-11.8,0.44,-0.08,0.7,-0.4,-1.2,-1.9,-0.9,-7.1,-0.6
4310900,RS,4306,Jacutinga,-52.549,-27.7858,Passo Fundo,-1.2,1.1,-0.3,3.1,15.2,-5.4,0.26,0.06,0.5,-0.13,-0.5,-0.6,-1.9,-2.5,2.9
4311007,RS,4302,Jaguarão,-53.335,-32.4119,Pelotas,-3.7,0,-0.3,3.1,9.5,-13.6,-0.1,-0.13,0.36,-0.48,-0.7,0.6,-2.2,-7.2,-7.4
4311106,RS,4303,Jaguari,-54.6481,-29.4578,Santa Maria,1.6,5.9,-0.3,3.1,22.6,-16.2,0.43,-0.22,0.64,-0.49,-0.1,-3.2,-0.9,-1.2,5.7
4311122,RS,4307,Jaquirana,-50.3613,-28.9479,Caxias do Sul,-1,-2.8,-0.3,3.1,9.7,-5.4,0.14,0,0.52,-0.28,-0.3,0,-1.4,-7.8,-1.1
4311130,RS,4303,Jari,-54.2976,-29.2922,Santa Maria,1.6,5.9,-0.3,3.1,23,-14.4,0.4,-0.14,0.67,-0.44,0.3,-1.9,-0.9,8,1.6
4311155,RS,4305,Jóia,-54.1553,-28.7651,Ijuí,1.3,6.6,-0.3,3.1,21.8,-11.6,0.4,-0.08,0.65,-0.37,0.2,-2.9,-0.8,5,3.6
4311205,RS,4303,Júlio De Castilhos,-53.6517,-29.2595,Santa Maria,1.6,5.9,-0.3,3.1,19.4,-13.5,0.33,-0.1,0.64,-0.44,-1.3,-1.4,-1.6,0.8,3
4311239,RS,4308,Lagoa Bonita Do Sul,-53.0429,-29.505,Santa Cruz do Sul - Lajeado,-1.4,1.6,-0.3,3.1,19.4,-11.5,0.37,-0.09,0.65,-0.38,-0.9,-0.9,-0.6,-5.2,-8.3
4311254,RS,4308,Lagoão,-52.7869,-29.2372,Santa Cruz do Sul - Lajeado,-1.4,1.6,-0.3,3.1,21.8,-11.9,0.45,-0.06,0.7,-0.37,-0.4,-1.3,0,35.6,5.5
4311270,RS,4306,Lagoa Dos Três Cantos,-52.8335,-28.5687,Passo Fundo,-1.2,1.1,-0.3,3.1,18.1,-8.7,0.31,-0.01,0.59,-0.29,-0.4,-1.3,-1.4,48.3,6.6
4311304,RS,4306,Lagoa Vermelha,-51.5013,-28.2259,Passo Fundo,-1.2,1.1,-0.3,3.1,16.9,-9.7,0.37,-0.12,0.62,-0.36,0.2,-0.1,-0.5,-0.9,1.4
4311403,RS,4308,Lajeado,-52.0055,-29.4449,Santa Cruz do Sul - Lajeado,-1.4,1.6,-0.3,3.1,13.9,-5,0.18,0.19,0.57,-0.2,-1.3,-0.5,-1.4,-2.7,-2.8
4311429,RS,4306,Lajeado Do Bugre,-53.2077,-27.7042,Passo Fundo,-1.2,1.1,-0.3,3.1,17.3,-8.7,0.3,-0.04,0.49,-0.22,-0.1,-0.5,-0.9,9.1,6.3
4311502,RS,4303,Lavras Do Sul,-54.1529,-30.772,Santa Maria,1.6,5.9,-0.3,3.1,19.9,-17.9,0.26,-0.28,0.67,-0.62,-1.3,-2,-1.2,0.8,15.7
4311601,RS,4306,Liberato Salzano,-53.0638,-27.5493,Passo Fundo,-1.2,1.1,-0.3,3.1,17.5,-7.2,0.3,0.01,0.48,-0.13,0.6,-0.4,-1.5,-0.7,19.9
4311627,RS,4301,Lindolfo Collor,-51.2176,-29.5795,Porto Alegre,-3.9,2.7,-0.3,3.1,8.2,-3.4,-0.07,0.3,0.42,-0.14,-0.5,-0.2,-2.1,,-5.1
4311643,RS,4301,Linha Nova,-51.2144,-29.4593,Porto Alegre,-3.9,2.7,-0.3,3.1,8.8,-3.5,-0.05,0.29,0.42,-0.13,-0.5,-0.5,-1.6,,-5.3
4311700,RS,4306,Machadinho,-51.6739,-27.587,Passo Fundo,-1.2,1.1,-0.3,3.1,17.3,-11.1,0.35,-0.14,0.65,-0.43,-0.5,-0.1,-1.9,-1.8,15.6
4311718,RS,4304,Maçambará,-55.7778,-29.0671,Uruguaiana,8,6.8,-0.3,3.1,22.8,-16.2,0.51,-0.28,0.67,-0.54,-0.5,-3.5,-2,22,5.7
4311734,RS,4301,Mampituba,-50.0018,-29.2628,Porto Alegre,-3.9,2.7,-0.3,3.1,9.9,-2.6,0.17,0.09,0.53,-0.16,-0.5,-0.1,-1.1,,-5.2
4311759,RS,4304,Manoel Viana,-55.5568,-29.4281,Uruguaiana,8,6.8,-0.3,3.1,23.1,-16.9,0.53,-0.31,0.67,-0.55,-0.5,-4,-2.5,15.8,13
4311775,RS,4301,Maquiné,-50.2087,-29.6342,Porto Alegre,-3.9,2.7,-0.3,3.1,11.9,-5,0.26,0.06,0.58,-0.23,-0.5,0.2,-1.8,,5.6
4311791,RS,4301,Maratá,-51.5508,-29.5481,Porto Alegre,-3.9,2.7,-0.3,3.1,10.4,-4.1,0,0.27,0.46,-0.15,-0.9,-0.2,-1.1,,-1.5
4311809,RS,4306,Marau,-52.2705,-28.4555,Passo Fundo,-1.2,1.1,-0.3,3.1,16,-7.2,0.3,0.01,0.54,-0.23,-0.5,-0.7,-0.5,3.3,8.5
4311908,RS,4306,Marcelino Ramos,-51.9533,-27.4774,Passo Fundo,-1.2,1.1,-0.3,3.1,16.5,-9.7,0.34,-0.1,0.58,-0.34,-0.1,-0.7,-2.2,-3.5,4.6
4311981,RS,4301,Mariana Pimentel,-51.5845,-30.3129,Porto Alegre,-3.9,2.7,-0.3,3.1,12.9,-9.9,0.08,0.07,0.51,-0.35,-0.8,-0.1,-0.4,,3.3
4312005,RS,4306,Mariano Moro,-52.1668,-27.343,Passo Fundo,-1.2,1.1,-0.3,3.1,16.9,-8.9,0.32,-0.04,0.55,-0.26,-0.2,-0.5,-3.1,4.3,26.4
4312054,RS,4308,Marques De Souza,-52.1427,-29.2957,Santa Cruz do Sul - Lajeado,-1.4,1.6,-0.3,3.1,13.4,-5.1,0.12,0.22,0.55,-0.2,-0.8,-1.3,-0.4,-6.1,-7.7
4312104,RS,4303,Mata,-54.4683,-29.5375,Santa Maria,1.6,5.9,-0.3,3.1,21.7,-15.4,0.38,-0.2,0.62,-0.47,0.2,-2.4,-1.1,4.4,14.9
4312138,RS,4306,Mato Castelhano,-52.1994,-28.2769,Passo Fundo,-1.2,1.1,-0.3,3.1,17.5,-9.1,0.34,-0.02,0.55,-0.27,-0.6,-0.2,-0.2,2.4,0.9
4312153,RS,4308,Mato Leitão,-52.1352,-29.5232,Santa Cruz do Sul - Lajeado,-1.4,1.6,-0.3,3.1,15.1,-6.6,0.22,0.07,0.57,-0.23,-1.7,-0.5,-1.5,8.2,-5.5
4312179,RS,4305,Mato Queimado,-54.6535,-28.2448,Ijuí,1.3,6.6,-0.3,3.1,16.8,-9.9,0.32,-0.13,0.56,-0.35,0,-3,-3.5,21.3,7.6
4312203,RS,4306,Maximiliano De Almeida,-51.8171,-27.6033,Passo Fundo,-1.2,1.1,-0.3,3.1,16.5,-8.9,0.32,-0.06,0.55,-0.29,-0.3,-0.6,-2.2,-2.4,14.5
4312252,RS,4301,Minas Do Leão,-52.0766,-30.0756,Porto Alegre,-3.9,2.7,-0.3,3.1,16.5,-11.5,0.26,-0.08,0.59,-0.37,-1.2,-0.9,2.6,2,-4.6
4312302,RS,4305,Miraguaí,-53.7487,-27.491,Ijuí,1.3,6.6,-0.3,3.1,16.9,-8.3,0.37,-0.19,0.6,-0.26,-0.1,-0.7,-1.6,0.9,38.1
4312351,RS,4307,Montauri,-52.0508,-28.6693,Caxias do Sul,-1,-2.8,-0.3,3.1,16.1,-9,0.31,-0.08,0.55,-0.3,-0.6,-1.1,-0.8,-3.4,2.7
4312377,RS,4307,Monte Alegre Dos Campos,-50.8029,-28.7015,Caxias do Sul,-1,-2.8,-0.3,3.1,10.7,-6.7,0.18,-0.02,0.47,-0.28,-0.8,0,-1.4,5.1,6.4
4312385,RS,4307,Monte Belo Do Sul,-51.6518,-29.1414,Caxias do Sul,-1,-2.8,-0.3,3.1,9.8,-4.7,-0.03,0.2,0.45,-0.19,-1.7,-1,-1.2,,-5.3
4312401,RS,4301,Montenegro,-51.501,-29.7117,Porto Alegre,-3.9,2.7,-0.3,3.1,12.9,-7,0.14,0.12,0.53,-0.25,-1.8,0.1,-2.5,5.6,-1.8
4312427,RS,4306,Mormaço,-52.6598,-28.6927,Passo Fundo,-1.2,1.1,-0.3,3.1,16.3,-7,0.2,0.09,0.54,-0.24,-0.5,-1.2,-0.4,2.2,4.6
4312443,RS,4301,Morrinhos Do Sul,-49.9538,-29.3376,Porto Alegre,-3.9,2.7,-0.3,3.1,10.5,-2.8,0.19,0.08,0.55,-0.17,-0.2,0.2,1,,1.4
4312450,RS,4302,Morro Redondo,-52.6368,-31.6354,Pelotas,-3.7,0,-0.3,3.1,11.1,-10.6,0,-0.02,0.39,-0.37,-1.3,-0.1,-1.3,-9.7,3.6
4312476,RS,4301,Morro Reuter,-51.0545,-29.5216,Porto Alegre,-3.9,2.7,-0.3,3.1,7.7,-2.9,-0.05,0.26,0.4,-0.13,-0.7,-1,-0.8,,2.5
4312500,RS,4301,Mostardas,-50.7276,-30.8537,Porto Alegre,-3.9,2.7,-0.3,3.1,12.3,-10.1,0.17,-0.1,0.47,-0.36,-0.7,1.8,-0.7,3,14
4312609,RS,4308,Muçum,-51.8149,-29.1403,Santa Cruz do Sul - Lajeado,-1.4,1.6,-0.3,3.1,8.4,-3.5,-0.05,0.24,0.43,-0.18,-1.4,-1.1,-2.3,-8.6,1.5
4312617,RS,4307,Muitos Capões,-51.2302,-28.3865,Caxias do Sul,-1,-2.8,-0.3,3.1,14.4,-8.2,0.27,-0.03,0.52,-0.29,-0.5,-0.1,-1.1,3.2,6.2
4312625,RS,4306,Muliterno,-51.7745,-28.3278,Passo Fundo,-1.2,1.1,-0.3,3.1,14.8,-9.3,0.36,-0.17,0.55,-0.35,0.2,-0.1,-0.6,1.1,-3.2
4312658,RS,4306,Não-Me-Toque,-52.826,-28.4595,Passo Fundo,-1.2,1.1,-0.3,3.1,18.4,-9.2,0.34,-0.03,0.6,-0.3,-0.3,-1,-1.3,-1.7,7.4
4312674,RS,4306,Nicolau Vergueiro,-52.4495,-28.5192,Passo Fundo,-1.2,1.1,-0.3,3.1,15.3,-6.6,0.2,0.09,0.52,-0.22,-1,-0.7,-1.1,5,4.5
4312708,RS,4306,Nonoai,-52.8593,-27.3698,Passo Fundo,-1.2,1.1,-0.3,3.1,17.8,-8.3,0.36,-0.06,0.57,-0.23,0.9,-0.3,-2.1,-2.8,3.5
4312757,RS,4306,Nova Alvorada,-52.1716,-28.708,Passo Fundo,-1.2,1.1,-0.3,3.1,17,-9,0.28,0,0.56,-0.29,-0.5,-0.5,-0.2,-2.6,-2.2
4312807,RS,4307,Nova Araçá,-51.7452,-28.6518,Caxias do Sul,-1,-2.8,-0.3,3.1,14.1,-8,0.32,-0.11,0.52,-0.29,-0.5,-0.6,-0.9,-1.1,-4.9
4312906,RS,4307,Nova Bassano,-51.7544,-28.725,Caxias do Sul,-1,-2.8,-0.3,3.1,14.7,-8.9,0.31,-0.1,0.51,-0.29,-0.6,-1.1,-1,0.1,1.3
4312955,RS,4306,Nova Boa Vista,-52.9795,-27.9971,Passo Fundo,-1.2,1.1,-0.3,3.1,17.9,-9.2,0.34,-0.11,0.54,-0.28,-0.2,-0.9,-2.4,4.1,-2
4313003,RS,4308,Nova Bréscia,-52.0355,-29.2219,Santa Cruz do Sul - Lajeado,-1.4,1.6,-0.3,3.1,12.6,-5.6,0.08,0.18,0.55,-0.23,-1.5,-1.5,-1.6,-6.9,5.6
4313011,RS,4305,Nova Candelária,-54.1278,-27.5973,Ijuí,1.3,6.6,-0.3,3.1,18.5,-9,0.38,-0.14,0.65,-0.28,-0.5,-1.4,-2.4,22.8,1.8
4313037,RS,4303,Nova Esperança Do Sul,-54.8223,-29.3996,Santa Maria,1.6,5.9,-0.3,3.1,22.7,-16.1,0.47,-0.23,0.66,-0.5,-0.3,-3.5,0.1,-1.4,7.2
4313060,RS,4301,Nova Hartz,-50.8988,-29.5863,Porto Alegre,-3.9,2.7,-0.3,3.1,9.5,-3.5,0.07,0.19,0.47,-0.15,-1.1,-0.4,-0.8,,26.4
4313086,RS,4307,Nova Pádua,-51.3149,-29.0029,Caxias do Sul,-1,-2.8,-0.3,3.1,10.1,-7.3,-0.03,0.2,0.4,-0.26,-1,-0.9,-1.4,,-6.9
4313102,RS,4303,Nova Palma,-53.4148,-29.4321,Santa Maria,1.6,5.9,-0.3,3.1,19.1,-12.4,0.38,-0.1,0.65,-0.42,-0.4,-1.6,-0.1,7.6,9.1
4313201,RS,4307,Nova Petrópolis,-51.0855,-29.3732,Caxias do Sul,-1,-2.8,-0.3,3.1,7.7,-3.5,-0.05,0.24,0.38,-0.14,-0.9,-0.5,-1.2,-8.9,-7.3
4313300,RS,4307,Nova Prata,-51.6072,-28.7596,Caxias do Sul,-1,-2.8,-0.3,3.1,13,-7.6,0.28,-0.04,0.48,-0.27,-0.6,-0.6,-1,0.7,-2.6
4313334,RS,4305,Nova Ramada,-53.7037,-28.0764,Ijuí,1.3,6.6,-0.3,3.1,14.4,-7.1,0.27,-0.01,0.49,-0.24,-0.1,-0.8,-1.9,33.1,4
4313359,RS,4307,Nova Roma Do Sul,-51.4071,-28.9903,Caxias do Sul,-1,-2.8,-0.3,3.1,11.7,-8.3,0.07,0.1,0.44,-0.29,-1.6,-0.9,-1.1,,1.2
4313375,RS,4301,Nova Santa Rita,-51.288,-29.8456,Porto Alegre,-3.9,2.7,-0.3,3.1,12.6,-7.3,0.22,0.05,0.53,-0.27,-0.9,-0.1,-2.6,,-1.5
4313391,RS,4303,Novo Cabrais,-52.9962,-29.7599,Santa Maria,1.6,5.9,-0.3,3.1,18.4,-10.4,0.3,-0.02,0.61,-0.34,-1.3,-1.3,-0.9,-2.3,3.9
4313409,RS,4301,Novo Hamburgo,-51.0511,-29.7317,Porto Alegre,-3.9,2.7,-0.3,3.1,10.3,-5.6,0.12,0.1,0.51,-0.25,-0.7,-0.9,-2.3,-8.4,7.4
4313425,RS,4305,Novo Machado,-54.5373,-27.547,Ijuí,1.3,6.6,-0.3,3.1,16.7,-8.9,0.22,-0.05,0.54,-0.27,-0.7,-2.4,-4,9.2,-0.2
4313441,RS,4306,Novo Tiradentes,-53.1686,-27.5634,Passo Fundo,-1.2,1.1,-0.3,3.1,17.4,-6.9,0.3,0.04,0.46,-0.11,0.4,-0.7,-0.4,9.9,35.3
4313466,RS,4306,Novo Xingu,-53.0585,-27.7426,Passo Fundo,-1.2,1.1,-0.3,3.1,16.7,-7.9,0.3,-0.02,0.48,-0.19,0.3,-0.7,-1.1,12.1,9.3
4313490,RS,4306,Novo Barreiro,-53.1152,-27.9016,Passo Fundo,-1.2,1.1,-0.3,3.1,16.1,-8.3,0.29,-0.05,0.48,-0.24,0.2,-1,-1.1,0.3,10.2
4313508,RS,4301,Osório,-50.2662,-29.915,Porto Alegre,-3.9,2.7,-0.3,3.1,13.4,-9.5,0.34,-0.1,0.58,-0.38,-1,0.9,0.1,-5.2,4.1
4313607,RS,4306,Paim Filho,-51.7796,-27.7208,Passo Fundo,-1.2,1.1,-0.3,3.1,17.4,-9.3,0.34,-0.06,0.57,-0.3,-0.4,-0.3,-1.8,-2.8,10.3
4313656,RS,4301,Palmares Do Sul,-50.4516,-30.3635,Porto Alegre,-3.9,2.7,-0.3,3.1,12.6,-8.9,0.22,-0.01,0.5,-0.31,-1,1.5,0,-1.1,0
4313706,RS,4306,Palmeira Das Missões,-53.3822,-27.941,Passo Fundo,-1.2,1.1,-0.3,3.1,14.2,-7.5,0.27,-0.06,0.49,-0.26,-0.1,-0.7,-1.6,0.1,2.8
4313805,RS,4306,Palmitinho,-53.5881,-27.3281,Passo Fundo,-1.2,1.1,-0.3,3.1,16.6,-7.6,0.38,-0.12,0.56,-0.21,0.2,-0.6,-0.8,3.8,13.8
4313904,RS,4305,Panambi,-53.5076,-28.3302,Ijuí,1.3,6.6,-0.3,3.1,15.9,-7.8,0.29,-0.01,0.51,-0.24,-0.2,-1.1,-1.9,0.2,8.3
4313953,RS,4308,Pantano Grande,-52.372,-30.2572,Santa Cruz do Sul - Lajeado,-1.4,1.6,-0.3,3.1,16.5,-12.7,0.2,-0.1,0.56,-0.41,-0.9,-1.1,-1.5,4.8,-1.2
4314001,RS,4307,Paraí,-51.7896,-28.6004,Caxias do Sul,-1,-2.8,-0.3,3.1,14.1,-8,0.32,-0.11,0.52,-0.29,-0.5,-0.6,-0.9,5.2,-5.9
4314027,RS,4303,Paraíso Do Sul,-53.1233,-29.6988,Santa Maria,1.6,5.9,-0.3,3.1,18.7,-10.9,0.36,-0.08,0.64,-0.38,-1.5,-1.6,-0.2,-1.4,5.9
4314035,RS,4301,Pareci Novo,-51.4217,-29.6107,Porto Alegre,-3.9,2.7,-0.3,3.1,11.3,-5.3,0.08,0.2,0.52,-0.22,-0.9,0.1,-1.3,,-0.9
4314050,RS,4301,Parobé,-50.8555,-29.6569,Porto Alegre,-3.9,2.7,-0.3,3.1,10.5,-5.7,0.16,0.06,0.52,-0.25,-1,0.1,-0.7,,5.1
4314068,RS,4308,Passa Sete,-52.871,-29.4415,Santa Cruz do Sul - Lajeado,-1.4,1.6,-0.3,3.1,20.3,-11.8,0.42,-0.09,0.68,-0.38,-0.5,-1.2,-0.7,-4.4,-3.3
4314076,RS,4308,Passo Do Sobrado,-52.242,-29.759,Santa Cruz do Sul - Lajeado,-1.4,1.6,-0.3,3.1,19.1,-9.8,0.35,-0.02,0.63,-0.29,-0.9,-1.4,-1.3,-5.5,3
4314100,RS,4306,Passo Fundo,-52.4524,-28.2687,Passo Fundo,-1.2,1.1,-0.3,3.1,16.5,-7.7,0.29,0,0.56,-0.25,-0.4,-0.6,-1,-0.5,5.5
4314134,RS,4306,Paulo Bento,-52.3947,-27.7098,Passo Fundo,-1.2,1.1,-0.3,3.1,15.9,-6.5,0.32,0.01,0.53,-0.18,-0.5,-0.5,-1.6,0.6,0.9
4314159,RS,4308,Paverama,-51.7268,-29.5708,Santa Cruz do Sul - Lajeado,-1.4,1.6,-0.3,3.1,10.2,-3.9,0,0.25,0.46,-0.17,-0.7,0.2,-1,9.5,11.2
4314175,RS,4302,Pedras Altas,-53.692,-31.8399,Pelotas,-3.7,0,-0.3,3.1,14.4,-17.1,0.04,-0.22,0.49,-0.56,0.4,-1.4,-0.3,-8.6,-2.7
4314209,RS,4302,Pedro Osório,-52.8733,-31.9616,Pelotas,-3.7,0,-0.3,3.1,12.4,-12.7,-0.01,-0.09,0.43,-0.44,-1.1,0.2,-1.8,-4.1,3.9
4314308,RS,4305,Pejuçara,-53.5964,-28.4546,Ijuí,1.3,6.6,-0.3,3.1,16.9,-8.8,0.3,0,0.55,-0.29,-0.3,-1.4,-1.7,-1.9,0.3
4314407,RS,4302,Pelotas,-52.3408,-31.5826,Pelotas,-3.7,0,-0.3,3.1,11.6,-11.4,0.01,-0.04,0.44,-0.42,0.8,0.2,0.2,-6.8,2.1
4314423,RS,4307,Picada Café,-51.1109,-29.4606,Caxias do Sul,-1,-2.8,-0.3,3.1,7.4,-2.8,-0.06,0.28,0.36,-0.1,-0.8,-0.6,-1,,-1.8
4314456,RS,4306,Pinhal,-53.2336,-27.5283,Passo Fundo,-1.2,1.1,-0.3,3.1,17.2,-6.8,0.31,0.05,0.47,-0.11,0.5,-0.4,-1,2.7,20
4314464,RS,4307,Pinhal Da Serra,-51.2195,-27.8534,Caxias do Sul,-1,-2.8,-0.3,3.1,15.9,-8.4,0.36,-0.06,0.61,-0.32,-0.1,0,-0.3,2.6,-2.6
4314472,RS,4303,Pinhal Grande,-53.3362,-29.2931,Santa Maria,1.6,5.9,-0.3,3.1,20,-13.1,0.36,-0.09,0.64,-0.42,-1.1,-1.9,-0.9,10.7,2.6
4314498,RS,4306,Pinheirinho Do Vale,-53.6338,-27.222,Passo Fundo,-1.2,1.1,-0.3,3.1,15.9,-7.2,0.41,-0.12,0.55,-0.19,0,-0.6,-0.6,10.2,13
4314506,RS,4302,Pinheiro Machado,-53.4137,-31.4048,Pelotas,-3.7,0,-0.3,3.1,17.3,-18.9,0.07,-0.23,0.57,-0.62,-0.6,-1.3,0,2.1,0.2
4314548,,,,,,,,,,,10.3,-8,0.02,0.14,0.42,-0.29,-1.4,-0.9,-3.1,,
4314555,RS,4305,Pirapó,-55.2441,-28.0662,Ijuí,1.3,6.6,-0.3,3.1,19.6,-11.6,0.35,-0.16,0.65,-0.4,0.2,-4.2,-1.2,27.5,-1.1
4314605,RS,4302,Piratini,-53.1026,-31.4381,Pelotas,-3.7,0,-0.3,3.1,16.1,-16.2,0.08,-0.2,0.55,-0.55,-0.7,-0.8,-0.4,-5.4,-5.2
4314704,RS,4306,Planalto,-53.0791,-27.337,Passo Fundo,-1.2,1.1,-0.3,3.1,17.9,-7.9,0.4,-0.05,0.57,-0.2,0.8,-0.4,-0.6,6.9,10.1
4314753,RS,4308,Poço Das Antas,-51.6406,-29.4446,Santa Cruz do Sul - Lajeado,-1.4,1.6,-0.3,3.1,9.8,-4.1,-0.03,0.28,0.45,-0.16,-0.9,-0.7,-1.2,,-4.7
4314779,RS,4306,Pontão,-52.6417,-28.0367,Passo Fundo,-1.2,1.1,-0.3,3.1,17.5,-9,0.33,-0.04,0.58,-0.3,-0.4,-0.5,-1.8,5,4.8
4314787,RS,4306,Ponte Preta,-52.5067,-27.655,Passo Fundo,-1.2,1.1,-0.3,3.1,15.7,-5.8,0.27,0.04,0.49,-0.13,-0.4,-0.4,-1.5,0.6,4.8
4314803,RS,4301,Portão,-51.2491,-29.6997,Porto Alegre,-3.9,2.7,-0.3,3.1,9.6,-4,0.02,0.23,0.48,-0.17,-0.6,-0.3,-2.6,13.7,-5.1
4314902,RS,4301,Porto Alegre,-51.167,-30.0957,Porto Alegre,-3.9,2.7,-0.3,3.1,10.3,-6.2,0.11,0.12,0.45,-0.24,-1,0,-3.2,,7.9
4315008,RS,4305,Porto Lucena,-54.9608,-27.8516,Ijuí,1.3,6.6,-0.3,3.1,19.4,-11.4,0.36,-0.17,0.63,-0.38,-1,-3.5,-4.8,12.1,6.1
4315057,RS,4305,Porto Mauá,-54.6552,-27.5947,Ijuí,1.3,6.6,-0.3,3.1,16.7,-9.1,0.22,-0.06,0.54,-0.28,-1.2,-2.6,-3.9,5.4,5.1
4315073,RS,4305,Porto Vera Cruz,-54.8887,-27.755,Ijuí,1.3,6.6,-0.3,3.1,18.1,-10.2,0.28,-0.1,0.57,-0.32,-0.5,-3.1,-4.8,11.8,7.9
4315107,RS,4305,Porto Xavier,-55.1416,-27.9322,Ijuí,1.3,6.6,-0.3,3.1,19,-10.9,0.34,-0.14,0.63,-0.37,0.2,-3.7,-3.2,5.3,12.6
4315131,RS,4308,Pouso Novo,-52.2277,-29.1601,Santa Cruz do Sul - Lajeado,-1.4,1.6,-0.3,3.1,14.2,-6,0.15,0.2,0.58,-0.23,-1.3,-1.3,0,-6.7,0.3
4315149,RS,4301,Presidente Lucena,-51.1728,-29.5235,Porto Alegre,-3.9,2.7,-0.3,3.1,8,-3.3,-0.06,0.28,0.41,-0.14,-0.6,-0.6,-1.6,,3.9
4315156,RS,4308,Progresso,-52.319,-29.2253,Santa Cruz do Sul - Lajeado,-1.4,1.6,-0.3,3.1,17.8,-8.5,0.26,0.07,0.64,-0.28,-0.9,-1.4,0.1,-3.3,-6.4
4315172,RS,4307,Protásio Alves,-51.4879,-28.7344,Caxias do Sul,-1,-2.8,-0.3,3.1,11.7,-8.7,0.23,-0.06,0.5,-0.35,-0.8,-0.9,-0.3,-5.4,0.1
4315206,RS,4308,Putinga,-52.147,-29.0278,Santa Cruz do Sul - Lajeado,-1.4,1.6,-0.3,3.1,13.1,-5.3,0.12,0.19,0.54,-0.21,-1,-1.2,-0.8,-4.8,3.3
4315305,RS,4304,Quaraí,-56.1524,-30.2791,Uruguaiana,8,6.8,-0.3,3.1,28.2,-24.5,0.55,-0.46,0.77,-0.71,-0.2,-5.3,-3.4,10.9,-3.4
4315313,RS,4306,Quatro Irmãos,-52.4681,-27.8433,Passo Fundo,-1.2,1.1,-0.3,3.1,17,-7.3,0.3,0.02,0.6,-0.24,-0.2,-0.4,-1.9,7.5,4.2
4315321,RS,4303,Quevedos,-54.0663,-29.3089,Santa Maria,1.6,5.9,-0.3,3.1,23,-14.8,0.41,-0.16,0.63,-0.42,0.4,-1.7,-1.5,7.8,-4.3
4315354,RS,4306,Quinze De Novembro,-53.1183,-28.7567,Passo Fundo,-1.2,1.1,-0.3,3.1,19.5,-9.7,0.38,-0.02,0.64,-0.32,-1.3,-2.2,-0.4,0.2,-0.6
4315404,RS,4305,Redentora,-53.6359,-27.5733,Ijuí,1.3,6.6,-0.3,3.1,16.5,-7.8,0.33,-0.12,0.58,-0.24,0.5,-0.5,-1.8,6.6,33.9
4315453,RS,4308,Relvado,-52.0649,-29.1212,Santa Cruz do Sul - Lajeado,-1.4,1.6,-0.3,3.1,12.8,-5.7,0.09,0.2,0.55,-0.23,-1.3,-1.3,-1.5,-3.8,3.5
4315503,RS,4303,Restinga Seca,-53.3441,-29.8162,Santa Maria,1.6,5.9,-0.3,3.1,18.1,-11.7,0.34,-0.07,0.64,-0.44,-1.1,-1.6,0.2,-2.2,11.7
4315552,RS,4306,Rio Dos Índios,-52.878,-27.2556,Passo Fundo,-1.2,1.1,-0.3,3.1,16.3,-8.2,0.36,-0.1,0.55,-0.26,1,-0.5,-0.8,1.2,5
4315602,RS,4302,Rio Grande,-52.4043,-32.222,Pelotas,-3.7,0,-0.3,3.1,9.1,-13.1,-0.12,-0.06,0.33,-0.41,-1.6,0.8,-1.7,-7.2,8.1
4315701,RS,4308,Rio Pardo,-52.4368,-30.0225,Santa Cruz do Sul - Lajeado,-1.4,1.6,-0.3,3.1,18.2,-11.5,0.3,-0.06,0.58,-0.35,-1.2,-1.2,0.4,-0.3,31.1
4315750,RS,4301,Riozinho,-50.3993,-29.6155,Porto Alegre,-3.9,2.7,-0.3,3.1,11.9,-5.3,0.28,0.05,0.59,-0.25,-0.8,0,-1.3,,-4.4
4315800,RS,4308,Roca Sales,-51.8295,-29.2565,Santa Cruz do Sul - Lajeado,-1.4,1.6,-0.3,3.1,8.7,-3.7,-0.05,0.24,0.45,-0.19,-1.2,-0.6,-0.9,-2.8,6.3
4315909,RS,4306,Rodeio Bonito,-53.1684,-27.4609,Passo Fundo,-1.2,1.1,-0.3,3.1,17,-6.2,0.33,0.05,0.48,-0.09,1,-0.5,-1.5,-6.2,6.7
4315958,RS,4305,Rolador,-54.8335,-28.2567,Ijuí,1.3,6.6,-0.3,3.1,18.6,-11.4,0.32,-0.15,0.61,-0.39,0.5,-3.5,-3.6,24.8,10.5
4316006,RS,4301,Rolante,-50.5527,-29.6324,Porto Alegre,-3.9,2.7,-0.3,3.1,12.5,-6.3,0.25,0.03,0.61,-0.29,-1.1,0,-2,0.3,-5.2
4316105,RS,4306,Ronda Alta,-52.7501,-27.8098,Passo Fundo,-1.2,1.1,-0.3,3.1,15.8,-6.8,0.3,-0.01,0.53,-0.21,-0.3,-0.6,-2,0.7,10.5
4316204,RS,4306,Rondinha,-52.8922,-27.8337,Passo Fundo,-1.2,1.1,-0.3,3.1,16.5,-7.4,0.34,-0.08,0.53,-0.21,-0.2,-0.8,-2.1,-0.4,11.4
4316303,RS,4305,Roque Gonzales,-55.0879,-28.0596,Ijuí,1.3,6.6,-0.3,3.1,19.4,-11.3,0.33,-0.14,0.63,-0.38,-0.1,-3.8,-1.7,9.8,19.2
4316402,RS,4304,Rosário Do Sul,-55.1102,-30.3256,Uruguaiana,8,6.8,-0.3,3.1,26,-19.5,0.43,-0.36,0.71,-0.59,-2,-3.2,-0.6,-5,6.4
4316428,RS,4306,Sagrada Família,-53.1313,-27.7072,Passo Fundo,-1.2,1.1,-0.3,3.1,16.5,-8.1,0.28,-0.02,0.47,-0.2,0,-0.7,-0.9,11.2,6.4
4316436,RS,4306,Saldanha Marinho,-53.0956,-28.3865,Passo Fundo,-1.2,1.1,-0.3,3.1,17.3,-9.2,0.34,-0.09,0.58,-0.32,-0.3,-1,-1.4,-2.6,4.1
4316451,RS,4306,Salto Do Jacuí,-53.2562,-29.0671,Passo Fundo,-1.2,1.1,-0.3,3.1,20.5,-12.7,0.4,-0.09,0.66,-0.42,-0.7,-2.1,-0.1,69.4,-0.1
4316477,RS,4305,Salvador Das Missões,-54.8308,-28.1053,Ijuí,1.3,6.6,-0.3,3.1,18.3,-11.3,0.33,-0.16,0.61,-0.39,-0.9,-3.4,-3.5,204.1,13.9
4316501,RS,4301,Salvador Do Sul,-51.5374,-29.4601,Porto Alegre,-3.9,2.7,-0.3,3.1,9.5,-3.9,-0.03,0.29,0.44,-0.15,-1,-1.4,-1,-1.3,-5.2
4316600,RS,4306,Sananduva,-51.8003,-27.9558,Passo Fundo,-1.2,1.1,-0.3,3.1,18,-9.7,0.37,-0.06,0.56,-0.29,-0.1,-0.6,-0.8,-3.9,2.6
4316709,RS,4306,Santa Bárbara Do Sul,-53.2849,-28.3736,Passo Fundo,-1.2,1.1,-0.3,3.1,16.4,-7.5,0.31,0,0.54,-0.25,-0.4,-1.4,-1.2,-1.5,-2.2
4316733,RS,4306,Santa Cecília Do Sul,-51.899,-28.1832,Passo Fundo,-1.2,1.1,-0.3,3.1,17.7,-10,0.36,-0.1,0.55,-0.31,0.1,-0.1,-0.7,1,1.4
4316758,RS,4308,Santa Clara Do Sul,-52.1332,-29.4545,Santa Cruz do Sul - Lajeado,-1.4,1.6,-0.3,3.1,13.5,-5.5,0.16,0.17,0.56,-0.22,-2.1,-1,-1.2,4.5,-0.9
4316808,RS,4308,Santa Cruz Do Sul,-52.4065,-29.6464,Santa Cruz do Sul - Lajeado,-1.4,1.6,-0.3,3.1,18.8,-9.1,0.38,0,0.64,-0.28,-1.2,-1.3,0.1,-0.1,-0.4
4316907,RS,4303,Santa Maria,-53.8238,-29.7846,Santa Maria,1.6,5.9,-0.3,3.1,19.7,-13.1,0.4,-0.16,0.66,-0.46,-0.9,-1.1,-1.2,-2.7,0.1
4316956,RS,4301,Santa Maria Do Herval,-50.9682,-29.4774,Porto Alegre,-3.9,2.7,-0.3,3.1,7.9,-2.9,-0.05,0.3,0.41,-0.12,-1,-0.2,-1.2,,-6
4316972,RS,4303,Santa Margarida Do Sul,-54.0991,-30.3697,Santa Maria,1.6,5.9,-0.3,3.1,22.1,-16.2,0.37,-0.27,0.71,-0.56,-1.2,-2.6,-1.2,10.3,13.5
4317004,RS,4303,Santana Da Boa Vista,-53.1768,-30.8162,Santa Maria,1.6,5.9,-0.3,3.1,16.7,-14.1,0.19,-0.13,0.62,-0.53,-1.5,-1.4,-1.3,-5.5,7.3
4317103,RS,4304,Sant'ana Do Livramento,-55.5634,-30.7377,Uruguaiana,8,6.8,-0.3,3.1,25,-21,0.39,-0.37,0.72,-0.64,-1.4,-2.6,-0.9,3.5,9.6
4317202,RS,4305,Santa Rosa,-54.4972,-27.8656,Ijuí,1.3,6.6,-0.3,3.1,17.4,-9.2,0.3,-0.08,0.58,-0.3,-0.7,-2.4,-3.4,0.6,5.4
4317251,RS,4307,Santa Tereza,-51.7108,-29.1625,Caxias do Sul,-1,-2.8,-0.3,3.1,11.6,-6.4,0.05,0.13,0.52,-0.26,-2,-1.5,-0.9,,-8.5
4317301,RS,4302,Santa Vitória Do Palmar,-53.0074,-33.1624,Pelotas,-3.7,0,-0.3,3.1,8.6,-12.1,-0.06,-0.07,0.37,-0.48,-1.1,1.2,-0.5,-6.8,0
4317400,RS,4303,Santiago,-54.7965,-29.1276,Santa Maria,1.6,5.9,-0.3,3.1,23.3,-15.8,0.49,-0.25,0.68,-0.49,0.2,-4.1,-0.7,8,11.5
4317509,RS,4305,Santo Ângelo,-54.2975,-28.2498,Ijuí,1.3,6.6,-0.3,3.1,18.3,-9,0.37,-0.07,0.57,-0.29,-0.2,-2.4,-1.7,4.1,19.4
4317558,RS,4306,Santo Antônio Do Palma,-52.0094,-28.4975,Passo Fundo,-1.2,1.1,-0.3,3.1,15.1,-7.3,0.31,-0.05,0.48,-0.22,0.5,-0.4,0.1,1.5,8.7
4317608,RS,4301,Santo Antônio Da Patrulha,-50.5568,-29.8711,Porto Alegre,-3.9,2.7,-0.3,3.1,13.9,-7.4,0.34,-0.01,0.65,-0.33,-1.6,0.8,-2.9,-4.3,-4.8
4317707,RS,4305,Santo Antônio Das Missões,-55.4272,-28.4943,Ijuí,1.3,6.6,-0.3,3.1,19.3,-12.3,0.35,-0.17,0.67,-0.45,0.1,-4.1,-1.4,15.3,15.1
4317756,RS,4306,Santo Antônio Do Planalto,-52.6812,-28.3659,Passo Fundo,-1.2,1.1,-0.3,3.1,17.3,-8.3,0.26,-0.02,0.56,-0.27,-0.3,-0.5,-1,-2.7,7.4
4317806,RS,4305,Santo Augusto,-53.7584,-27.9028,Ijuí,1.3,6.6,-0.3,3.1,15.4,-8.1,0.32,-0.07,0.55,-0.29,-0.4,-0.9,-1,-2.3,-0.2
4317905,RS,4305,Santo Cristo,-54.7113,-27.7981,Ijuí,1.3,6.6,-0.3,3.1,17.8,-9.9,0.28,-0.09,0.56,-0.31,-0.8,-2.6,-4.8,3.5,8.7
4317954,RS,4306,Santo Expedito Do Sul,-51.6612,-27.9222,Passo Fundo,-1.2,1.1,-0.3,3.1,18,-10.6,0.42,-0.13,0.62,-0.37,0,-0.1,-0.8,-3.1,2.8
4318002,RS,4304,São Borja,-55.7951,-28.748,Uruguaiana,8,6.8,-0.3,3.1,20.5,-13.1,0.45,-0.21,0.63,-0.46,-0.8,-3.7,-0.6,18.8,16.2
4318051,RS,4306,São Domingos Do Sul,-51.8669,-28.539,Passo Fundo,-1.2,1.1,-0.3,3.1,14,-8.1,0.32,-0.13,0.5,-0.28,-0.3,-0.9,-0.4,1,3
4318101,RS,4303,São Francisco De Assis,-55.1315,-29.4471,Santa Maria,1.6,5.9,-0.3,3.1,23,-17,0.49,-0.28,0.66,-0.54,-1,-3.9,-4,10.5,7.7
4318200,RS,4307,São Francisco De Paula,-50.5611,-29.1984,Caxias do Sul,-1,-2.8,-0.3,3.1,8.5,-4.7,0.1,0.04,0.46,-0.24,-0.8,0,-1.9,0.1,-4
4318309,RS,4303,São Gabriel,-54.3646,-30.3061,Santa Maria,1.6,5.9,-0.3,3.1,23.3,-17.8,0.36,-0.32,0.72,-0.58,-0.6,-4.4,-1.8,2.5,4.8
4318408,RS,4301,São Jerônimo,-51.9119,-30.2929,Porto Alegre,-3.9,2.7,-0.3,3.1,14.9,-10.3,0.14,0.02,0.55,-0.33,-0.9,-0.7,0.8,-6.8,-2.4
4318424,RS,4306,São João Da Urtiga,-51.8357,-27.796,Passo Fundo,-1.2,1.1,-0.3,3.1,17.1,-9.1,0.34,-0.05,0.55,-0.27,-0.4,-0.4,-1.2,-1.6,3.4
4318432,RS,4303,São João Do Polêsine,-53.4731,-29.6457,Santa Maria,1.6,5.9,-0.3,3.1,17.6,-10.2,0.32,-0.01,0.63,-0.37,-0.6,-1.5,-0.2,-13.1,-9.2
4318440,RS,4307,São Jorge,-51.7148,-28.5004,Caxias do Sul,-1,-2.8,-0.3,3.1,13.7,-7.8,0.33,-0.13,0.49,-0.27,-0.2,-0.4,-0.5,-5.6,-5.7
4318457,RS,4306,São José Das Missões,-53.1287,-27.7945,Passo Fundo,-1.2,1.1,-0.3,3.1,16.5,-8.1,0.28,-0.02,0.47,-0.2,0,-0.7,-0.9,2.7,5.6
4318465,RS,4306,São José Do Herval,-52.275,-29.0648,Passo Fundo,-1.2,1.1,-0.3,3.1,14.2,-6.7,0.16,0.13,0.56,-0.26,-1.2,-1.2,-1.1,-5.6,5.5
4318481,RS,4301,São José Do Hortêncio,-51.2595,-29.5347,Porto Alegre,-3.9,2.7,-0.3,3.1,8.2,-3.4,-0.07,0.3,0.42,-0.14,-0.5,-0.2,-2.1,,-3.3
4318499,RS,4305,São José Do Inhacorá,-54.123,-27.7391,Ijuí,1.3,6.6,-0.3,3.1,17.4,-8.3,0.28,-0.03,0.57,-0.24,-0.5,-1.8,-2.1,5.5,7
4318507,RS,4302,São José Do Norte,-51.6676,-31.7641,Pelotas,-3.7,0,-0.3,3.1,10.4,-9.8,-0.02,-0.05,0.4,-0.36,-0.1,0.6,-0.2,,11.9
4318606,RS,4306,São José Do Ouro,-51.5589,-27.7733,Passo Fundo,-1.2,1.1,-0.3,3.1,16.6,-9,0.4,-0.1,0.59,-0.32,-0.6,0,-1.3,-1.2,7.4
4318614,RS,4301,São José Do Sul,-51.4837,-29.5501,Porto Alegre,-3.9,2.7,-0.3,3.1,9.2,-4.6,-0.04,0.25,0.43,-0.18,-0.6,-0.3,-1.1,6.1,-0.9
4318622,RS,4307,São José Dos Ausentes,-49.9617,-28.6499,Caxias do Sul,-1,-2.8,-0.3,3.1,6.3,-2.2,0.03,0.19,0.38,-0.12,0.5,0,-1,,3.3
4318705,RS,4301,São Leopoldo,-51.1427,-29.7569,Porto Alegre,-3.9,2.7,-0.3,3.1,10.5,-5.9,0.09,0.13,0.51,-0.25,-0.6,-0.8,-2.4,-5.6,2.6
4318804,RS,4302,São Lourenço Do Sul,-52.1221,-31.2353,Pelotas,-3.7,0,-0.3,3.1,13.4,-11.1,0.04,-0.06,0.5,-0.42,0.2,-0.1,-0.4,-6.2,0.4
4318903,RS,4305,São Luiz Gonzaga,-54.8916,-28.4192,Ijuí,1.3,6.6,-0.3,3.1,20.1,-12,0.43,-0.19,0.67,-0.41,1,-3.5,-1.4,11.9,7.3
4319000,RS,4307,São Marcos,-51.0661,-28.9639,Caxias do Sul,-1,-2.8,-0.3,3.1,9.4,-6.9,0.01,0.1,0.44,-0.28,-1.1,-0.1,-1.9,,-2.9
4319109,RS,4305,São Martinho,-53.9518,-27.7285,Ijuí,1.3,6.6,-0.3,3.1,16.7,-8,0.32,-0.08,0.6,-0.27,0.2,-1.2,-1.7,-3.2,-0.3
4319125,RS,4303,São Martinho Da Serra,-53.8864,-29.4748,Santa Maria,1.6,5.9,-0.3,3.1,19.5,-13.1,0.37,-0.11,0.6,-0.42,-0.9,-1.2,-1,0,9.5
4319158,RS,4305,São Miguel Das Missões,-54.5228,-28.6718,Ijuí,1.3,6.6,-0.3,3.1,22,-12.3,0.42,-0.13,0.69,-0.4,0.6,-3.4,-1.7,157.1,3.5
4319208,RS,4305,São Nicolau,-55.246,-28.2036,Ijuí,1.3,6.6,-0.3,3.1,18.9,-11.4,0.31,-0.14,0.66,-0.42,0.5,-4.7,-2.3,18.7,4.5
4319307,RS,4305,São Paulo Das Missões,-54.9758,-27.9869,Ijuí,1.3,6.6,-0.3,3.1,19.7,-11.3,0.38,-0.18,0.65,-0.38,-0.3,-4.2,-3.4,12.4,1
4319356,RS,4301,São Pedro Da Serra,-51.5098,-29.4202,Porto Alegre,-3.9,2.7,-0.3,3.1,9.5,-3.9,-0.03,0.29,0.44,-0.15,-1,-1.4,-1,,-1.1
4319364,RS,4306,São Pedro Das Missões,-53.2383,-27.7777,Passo Fundo,-1.2,1.1,-0.3,3.1,17.3,-8.7,0.3,-0.04,0.49,-0.22,-0.1,-0.5,-0.9,-5.6,10.5
4319372,RS,4305,São Pedro Do Butiá,-54.8933,-28.1218,Ijuí,1.3,6.6,-0.3,3.1,18,-10.9,0.3,-0.13,0.61,-0.38,-0.5,-3.7,-3.5,18.7,14.2
4319406,RS,4303,São Pedro Do Sul,-54.2396,-29.6132,Santa Maria,1.6,5.9,-0.3,3.1,22.4,-15.5,0.42,-0.22,0.66,-0.48,-0.3,-1.9,-3,-1.1,19.5
4319505,RS,4301,São Sebastião Do Caí,-51.3374,-29.5872,Porto Alegre,-3.9,2.7,-0.3,3.1,9.5,-5,-0.03,0.24,0.44,-0.2,-0.5,-0.3,-1.7,,-0.5
4319604,RS,4303,São Sepé,-53.6203,-30.1756,Santa Maria,1.6,5.9,-0.3,3.1,22.3,-17.4,0.32,-0.25,0.69,-0.57,-1.2,-1.8,-2.6,2.1,56.2
4319703,RS,4306,São Valentim,-52.5615,-27.5542,Passo Fundo,-1.2,1.1,-0.3,3.1,17.5,-7.4,0.35,-0.01,0.57,-0.2,-0.3,-0.4,-1.5,0,0.1
4319711,RS,4307,São Valentim Do Sul,-51.7612,-29.0583,Caxias do Sul,-1,-2.8,-0.3,3.1,9.7,-5.2,0,0.18,0.48,-0.24,-1.4,-1.2,-1.6,7.1,2.7
4319737,RS,4305,São Valério Do Sul,-53.9102,-27.8224,Ijuí,1.3,6.6,-0.3,3.1,15.2,-7.8,0.3,-0.08,0.55,-0.28,-0.2,-0.9,-2.1,17.8,16.9
4319752,RS,4301,São Vendelino,-51.3716,-29.3822,Porto Alegre,-3.9,2.7,-0.3,3.1,9.2,-4.3,-0.05,0.29,0.43,-0.16,-0.7,-0.7,-2.2,,-9.3
4319802,RS,4303,São Vicente Do Sul,-54.756,-29.7095,Santa Maria,1.6,5.9,-0.3,3.1,23.6,-18.1,0.48,-0.32,0.7,-0.58,-0.9,-2.8,-3.1,-0.9,5.3
4319901,RS,4301,Sapiranga,-50.9968,-29.6153,Porto Alegre,-3.9,2.7,-0.3,3.1,9.4,-4.3,0.07,0.15,0.48,-0.19,-0.7,-0.5,-0.8,,-9.9
4320008,RS,4301,Sapucaia Do Sul,-51.1325,-29.8249,Porto Alegre,-3.9,2.7,-0.3,3.1,10.7,-6.1,0.14,0.09,0.49,-0.24,-0.4,0.1,-2.6,1.9,
4320107,RS,4306,Sarandi,-52.8986,-27.9422,Passo Fundo,-1.2,1.1,-0.3,3.1,17.7,-8.7,0.33,-0.08,0.55,-0.26,0,-0.8,-2.2,-0.5,6.2
4320206,RS,4306,Seberi,-53.3603,-27.4996,Passo Fundo,-1.2,1.1,-0.3,3.1,17.7,-8.6,0.33,-0.04,0.51,-0.18,0.7,-0.5,-0.1,-4.2,3.3
4320230,RS,4305,Sede Nova,-53.9538,-27.6397,Ijuí,1.3,6.6,-0.3,3.1,16.8,-8.2,0.32,-0.1,0.59,-0.27,-0.2,-0.8,-1.6,-1.7,5.2
4320263,RS,4308,Segredo,-52.9264,-29.3119,Santa Cruz do Sul - Lajeado,-1.4,1.6,-0.3,3.1,20.9,-12.2,0.43,-0.11,0.7,-0.39,-1.2,-1,-0.5,13.3,4.5
4320305,RS,4306,Selbach,-52.9789,-28.6666,Passo Fundo,-1.2,1.1,-0.3,3.1,18.2,-9,0.37,-0.06,0.62,-0.31,-0.7,-1.6,-0.8,1.4,12.6
4320321,RS,4305,Senador Salgado Filho,-54.5371,-28.0315,Ijuí,1.3,6.6,-0.3,3.1,17.7,-9.5,0.36,-0.11,0.61,-0.34,-0.2,-2.6,-3.9,28.6,21.1
4320354,RS,4301,Sentinela Do Sul,-51.6064,-30.6279,Porto Alegre,-3.9,2.7,-0.3,3.1,11.1,-10.5,0,-0.05,0.44,-0.39,-0.7,0.6,0.6,1,9.3
4320404,RS,4307,Serafina Corrêa,-51.9344,-28.7006,Caxias do Sul,-1,-2.8,-0.3,3.1,14.6,-7.5,0.26,0.02,0.52,-0.26,-0.7,-1,-0.8,-7.8,-1.8
4320453,RS,4308,Sério,-52.2462,-29.394,Santa Cruz do Sul - Lajeado,-1.4,1.6,-0.3,3.1,17.3,-8.5,0.26,0.07,0.64,-0.29,-1,-1.5,-0.2,-10.4,-3.6
4320503,RS,4306,Sertão,-52.3083,-28.0089,Passo Fundo,-1.2,1.1,-0.3,3.1,18.5,-9.8,0.35,-0.02,0.6,-0.3,-0.5,-0.5,-0.8,-1.3,2.9
4320552,RS,4301,Sertão Santana,-51.6292,-30.4663,Porto Alegre,-3.9,2.7,-0.3,3.1,11.6,-9.5,0.01,0.06,0.49,-0.37,-1,-0.2,-0.4,5.8,2.7
4320578,RS,4305,Sete De Setembro,-54.4595,-28.1466,Ijuí,1.3,6.6,-0.3,3.1,16.7,-8.9,0.32,-0.07,0.57,-0.32,0.1,-2.5,-2.5,18.6,18.4
4320602,RS,4306,Severiano De Almeida,-52.1151,-27.4173,Passo Fundo,-1.2,1.1,-0.3,3.1,17,-8.2,0.3,0.01,0.54,-0.22,-0.1,-0.6,-2.4,-2.9,11.9
4320651,RS,4303,Silveira Martins,-53.5717,-29.6366,Santa Maria,1.6,5.9,-0.3,3.1,19.3,-12.1,0.39,-0.12,0.67,-0.43,-0.6,-1.4,-0.5,-6.5,9.7
4320677,RS,4308,Sinimbu,-52.5687,-29.4446,Santa Cruz do Sul - Lajeado,-1.4,1.6,-0.3,3.1,19.9,-9.7,0.41,-0.01,0.67,-0.3,-0.9,-1.3,-0.7,3.4,-4.7
4320701,RS,4308,Sobradinho,-53.0241,-29.4037,Santa Cruz do Sul - Lajeado,-1.4,1.6,-0.3,3.1,21,-12.6,0.38,-0.1,0.69,-0.4,-1.1,-0.9,-1.1,-5.1,3.7
4320800,RS,4306,Soledade,-52.5367,-28.8394,Passo Fundo,-1.2,1.1,-0.3,3.1,19.6,-11.1,0.31,0.02,0.64,-0.36,-0.4,-0.5,-1.3,-3.3,6.6
4320859,RS,4308,Tabaí,-51.732,-29.6675,Santa Cruz do Sul - Lajeado,-1.4,1.6,-0.3,3.1,12,-6.3,0.11,0.12,0.5,-0.23,-1.4,0.1,0,,-5.4
4320909,RS,4306,Tapejara,-52.0096,-28.0587,Passo Fundo,-1.2,1.1,-0.3,3.1,17.8,-10.3,0.37,-0.07,0.57,-0.33,-0.1,-0.5,-0.5,-0.4,-5.3
4321006,RS,4306,Tapera,-52.8617,-28.6614,Passo Fundo,-1.2,1.1,-0.3,3.1,18.4,-9.7,0.32,-0.03,0.6,-0.32,-0.5,-1.5,-0.3,0.8,7.9
4321105,RS,4301,Tapes,-51.4399,-30.665,Porto Alegre,-3.9,2.7,-0.3,3.1,11.5,-9.7,0.01,-0.01,0.44,-0.36,-1.2,0.7,-0.1,0.8,-1
4321204,RS,4301,Taquara,-50.7633,-29.6705,Porto Alegre,-3.9,2.7,-0.3,3.1,12.8,-7.4,0.27,-0.01,0.59,-0.31,-1,0.5,-2,2.9,-0.2
4321303,RS,4308,Taquari,-51.833,-29.7455,Santa Cruz do Sul - Lajeado,-1.4,1.6,-0.3,3.1,13.4,-7.2,0.16,0.09,0.52,-0.24,-1.7,-0.2,0.8,4.5,3.8
4321329,RS,4306,Taquaruçu Do Sul,-53.4826,-27.4106,Passo Fundo,-1.2,1.1,-0.3,3.1,17.3,-8.1,0.38,-0.12,0.58,-0.22,0.7,-0.6,-1.5,4.7,9.2
4321352,RS,4301,Tavares,-51.0779,-31.2875,Porto Alegre,-3.9,2.7,-0.3,3.1,12.6,-11.5,0.11,-0.21,0.46,-0.43,0,1,-1.6,,14.1
4321402,RS,4305,Tenente Portela,-53.7648,-27.3742,Ijuí,1.3,6.6,-0.3,3.1,16,-7.3,0.36,-0.16,0.55,-0.21,-0.2,-0.5,-0.5,-3,-4.1
4321436,RS,4301,Terra De Areia,-50.0645,-29.6009,Porto Alegre,-3.9,2.7,-0.3,3.1,10.4,-3.5,0.21,0.09,0.54,-0.18,-0.1,0.6,-0.6,,3.7
4321451,RS,4308,Teutônia,-51.7774,-29.4706,Santa Cruz do Sul - Lajeado,-1.4,1.6,-0.3,3.1,8.6,-2.6,-0.04,0.3,0.42,-0.12,-1.6,0.1,-1.8,-6.3,-0.1
4321469,RS,4306,Tio Hugo,-52.5998,-28.5798,Passo Fundo,-1.2,1.1,-0.3,3.1,15.4,-6.2,0.19,0.1,0.51,-0.2,0,-1,-0.9,4.9,11.6
4321477,RS,4305,Tiradentes Do Sul,-54.1178,-27.3713,Ijuí,1.3,6.6,-0.3,3.1,18.1,-8.4,0.39,-0.16,0.62,-0.25,0.2,-1.2,-2.5,33.7,-2.9
4321493,RS,4303,Toropi,-54.3026,-29.4689,Santa Maria,1.6,5.9,-0.3,3.1,22.3,-15,0.41,-0.2,0.65,-0.46,0.4,-2.3,-1.8,0.8,0.3
4321501,RS,4301,Torres,-49.8104,-29.3275,Porto Alegre,-3.9,2.7,-0.3,3.1,11.2,-2.9,0.26,0.05,0.57,-0.17,-0.2,0.3,1.3,,0.6
4321600,RS,4301,Tramandaí,-50.223,-30.0277,Porto Alegre,-3.9,2.7,-0.3,3.1,12.3,-9.3,0.27,-0.09,0.54,-0.37,-0.7,1,-0.6,-7,3.7
4321626,RS,4308,Travesseiro,-52.087,-29.2847,Santa Cruz do Sul - Lajeado,-1.4,1.6,-0.3,3.1,12.6,-5.6,0.08,0.18,0.55,-0.23,-1.5,-1.5,-1.6,-4.2,1.5
4321634,RS,4306,Três Arroios,-52.1823,-27.4925,Passo Fundo,-1.2,1.1,-0.3,3.1,17,-8.2,0.3,0.01,0.54,-0.22,-0.1,-0.6,-2.4,-0.8,13.4
4321667,RS,4301,Três Cachoeiras,-49.9596,-29.4725,Porto Alegre,-3.9,2.7,-0.3,3.1,11.2,-3.4,0.22,0.05,0.56,-0.19,-0.2,0.3,0.1,,2.7
4321709,RS,4301,Três Coroas,-50.7721,-29.4754,Porto Alegre,-3.9,2.7,-0.3,3.1,9.9,-4.6,0.11,0.11,0.47,-0.18,-0.6,-0.1,-1.1,-1,-9.1
4321808,RS,4305,Três De Maio,-54.2663,-27.732,Ijuí,1.3,6.6,-0.3,3.1,16.5,-8.4,0.26,-0.03,0.55,-0.26,-0.3,-1.9,-2.9,0.7,3
4321832,RS,4301,Três Forquilhas,-50.0849,-29.4272,Porto Alegre,-3.9,2.7,-0.3,3.1,10.6,-2.9,0.21,0.08,0.54,-0.16,-0.2,0.1,-1.1,,-0.4
4321857,RS,4306,Três Palmeiras,-52.8347,-27.6178,Passo Fundo,-1.2,1.1,-0.3,3.1,15.7,-6,0.26,0.04,0.46,-0.12,-0.2,-0.5,-1.3,7.3,3.7
4321907,RS,4305,Três Passos,-53.9302,-27.44,Ijuí,1.3,6.6,-0.3,3.1,16.9,-8.2,0.32,-0.14,0.61,-0.26,0,-0.8,-3.2,-1.6,6.1
4321956,RS,4306,Trindade Do Sul,-52.8971,-27.5274,Passo Fundo,-1.2,1.1,-0.3,3.1,17.4,-6.8,0.31,0,0.54,-0.15,0.9,-0.4,-1.1,-0.7,2.1
4322004,RS,4301,Triunfo,-51.5722,-29.8441,Porto Alegre,-3.9,2.7,-0.3,3.1,14.9,-8.9,0.23,0.07,0.57,-0.3,-1.9,0,-2.1,-5.2,11.8
4322103,RS,4305,Tucunduva,-54.4286,-27.6398,Ijuí,1.3,6.6,-0.3,3.1,17.6,-9.3,0.27,-0.08,0.58,-0.29,-0.9,-2.1,-3.4,-1.7,2.1
4322152,RS,4308,Tunas,-52.891,-29.1135,Santa Cruz do Sul - Lajeado,-1.4,1.6,-0.3,3.1,21,-11.8,0.41,-0.06,0.69,-0.39,-0.6,-1.3,0.4,2.5,9.9
4322186,RS,4306,Tupanci Do Sul,-51.5388,-27.9281,Passo Fundo,-1.2,1.1,-0.3,3.1,16.9,-10,0.42,-0.13,0.59,-0.36,0,-0.1,-1.9,6,5.9
4322202,RS,4306,Tupanciretã,-54.0015,-29.0206,Passo Fundo,-1.2,1.1,-0.3,3.1,21.4,-13.1,0.38,-0.12,0.64,-0.41,-0.3,-1.5,-1,0.7,2.8
4322251,RS,4301,Tupandi,-51.4246,-29.4773,Porto Alegre,-3.9,2.7,-0.3,3.1,9.3,-4.1,-0.06,0.28,0.43,-0.16,-0.4,-0.7,-1.9,-10.2,-9.1
4322301,RS,4305,Tuparendi,-54.5548,-27.7068,Ijuí,1.3,6.6,-0.3,3.1,17,-8.8,0.25,-0.05,0.54,-0.27,-0.7,-2.6,-3.2,-0.6,9.4
4322327,RS,4302,Turuçu,-52.1567,-31.475,Pelotas,-3.7,0,-0.3,3.1,11.9,-10.8,0,-0.04,0.46,-0.42,0.8,0.2,0.5,-4.7,-3.9
4322343,RS,4305,Ubiretama,-54.6485,-28.037,Ijuí,1.3,6.6,-0.3,3.1,18,-11.1,0.36,-0.17,0.6,-0.38,-0.7,-2.6,-4.6,20.1,14.4
4322350,RS,4307,União Da Serra,-52.0207,-28.7746,Caxias do Sul,-1,-2.8,-0.3,3.1,15.9,-8.8,0.28,-0.03,0.54,-0.29,-0.6,-1.3,-0.8,-2.3,-5.3
4322376,RS,4303,Unistalda,-55.1595,-29.0691,Santa Maria,1.6,5.9,-0.3,3.1,22.1,-15.1,0.46,-0.22,0.65,-0.5,-1.2,-4.3,-0.2,20.3,18.5
4322400,RS,4304,Uruguaiana,-56.7295,-29.8407,Uruguaiana,8,6.8,-0.3,3.1,22,-17.6,0.42,-0.32,0.64,-0.56,-1.2,-5.6,-6.4,-8.1,
4322509,RS,4307,Vacaria,-50.924,-28.3706,Caxias do Sul,-1,-2.8,-0.3,3.1,13.8,-9.2,0.25,-0.08,0.58,-0.4,-0.1,0,-1.3,2.5,-1.3
4322525,RS,4308,Vale Verde,-52.1115,-29.831,Santa Cruz do Sul - Lajeado,-1.4,1.6,-0.3,3.1,16.9,-10.1,0.28,-0.04,0.58,-0.31,-0.3,-1.3,2.1,-5.4,0.5
4322533,RS,4308,Vale Do Sol,-52.6879,-29.5817,Santa Cruz do Sul - Lajeado,-1.4,1.6,-0.3,3.1,19.9,-10.2,0.39,-0.05,0.65,-0.31,-0.6,-1.5,-0.6,-1.3,2.6
4322541,RS,4307,Vale Real,-51.2497,-29.3661,Caxias do Sul,-1,-2.8,-0.3,3.1,9,-4.3,0,0.24,0.43,-0.16,-1,-0.7,-2,,-4.4
4322558,RS,4306,Vanini,-51.8356,-28.4899,Passo Fundo,-1.2,1.1,-0.3,3.1,15,-8.3,0.33,-0.12,0.53,-0.29,0.1,-0.3,-0.4,-1.2,-1.8
4322608,RS,4308,Venâncio Aires,-52.1965,-29.5788,Santa Cruz do Sul - Lajeado,-1.4,1.6,-0.3,3.1,15.1,-6.6,0.22,0.07,0.57,-0.23,-1.7,-0.5,-1.5,-2.2,7
4322707,RS,4308,Vera Cruz,-52.5375,-29.7146,Santa Cruz do Sul - Lajeado,-1.4,1.6,-0.3,3.1,17.6,-9.6,0.28,-0.02,0.6,-0.3,-1,-1.2,-0.6,2.4,-0.6
4322806,RS,4307,Veranópolis,-51.5529,-28.9652,Caxias do Sul,-1,-2.8,-0.3,3.1,12.8,-8.7,0.1,0.08,0.49,-0.33,-1.9,-0.9,-1.4,-7.3,-8.6
4322855,RS,4308,Vespasiano Correa,-51.8623,-29.0667,Santa Cruz do Sul - Lajeado,-1.4,1.6,-0.3,3.1,7.9,-2.1,-0.06,0.3,0.4,-0.12,-1.3,-1.1,-1.7,9.6,3.3
4322905,RS,4306,Viadutos,-51.9939,-27.5721,Passo Fundo,-1.2,1.1,-0.3,3.1,17.9,-10.2,0.34,-0.08,0.6,-0.34,-0.7,-0.5,-2.3,1.3,1.3
4323002,RS,4301,Viamão,-50.8705,-30.1685,Porto Alegre,-3.9,2.7,-0.3,3.1,11.4,-6.6,0.22,0.08,0.53,-0.26,-0.7,0.8,-2.1,-3.7,-14.7
4323101,RS,4306,Vicente Dutra,-53.3882,-27.1727,Passo Fundo,-1.2,1.1,-0.3,3.1,15.1,-5.9,0.38,-0.06,0.51,-0.14,0.8,-0.8,-2.9,-2,6
4323200,RS,4306,Victor Graeff,-52.6868,-28.5511,Passo Fundo,-1.2,1.1,-0.3,3.1,15.7,-6.5,0.18,0.09,0.53,-0.22,0,-1,-0.9,-0.7,9.3
4323309,RS,4307,Vila Flores,-51.554,-28.8577,Caxias do Sul,-1,-2.8,-0.3,3.1,12.5,-8.3,0.19,0.04,0.48,-0.31,-0.8,-0.5,-0.4,-3.2,4.2
4323358,RS,4306,Vila Lângaro,-52.1431,-28.1271,Passo Fundo,-1.2,1.1,-0.3,3.1,17.5,-9.3,0.36,-0.03,0.55,-0.29,-0.4,-0.5,-0.2,7.4,5.7
4323408,RS,4306,Vila Maria,-52.1517,-28.5589,Passo Fundo,-1.2,1.1,-0.3,3.1,15.6,-7.9,0.33,-0.06,0.51,-0.25,0.2,-0.9,0,-2.7,-1.1
4323457,RS,4303,Vila Nova Do Sul,-53.8782,-30.3476,Santa Maria,1.6,5.9,-0.3,3.1,22.6,-16.5,0.34,-0.26,0.71,-0.56,-1.9,-2,-0.8,13.3,33.9
4323507,RS,4306,Vista Alegre,-53.5124,-27.3232,Passo Fundo,-1.2,1.1,-0.3,3.1,16.6,-7.6,0.38,-0.12,0.56,-0.21,0.2,-0.6,-0.8,8.7,1.8
4323606,RS,4307,Vista Alegre Do Prata,-51.782,-28.8205,Caxias do Sul,-1,-2.8,-0.3,3.1,11.9,-6.4,0.16,0.09,0.47,-0.24,-0.8,-1.2,-1.3,-6.7,-1.2
4323705,RS,4305,Vista Gaúcha,-53.7014,-27.2659,Ijuí,1.3,6.6,-0.3,3.1,15.8,-7.9,0.37,-0.17,0.57,-0.24,0.3,-0.6,-1,8.6,3.5
4323754,RS,4305,Vitória Das Missões,-54.4606,-28.382,Ijuí,1.3,6.6,-0.3,3.1,19.1,-10.1,0.39,-0.1,0.62,-0.34,0.1,-2.7,-2.9,25.2,13.1
4323770,RS,4308,Westfalia,-51.7419,-29.4062,Santa Cruz do Sul - Lajeado,-1.4,1.6,-0.3,3.1,8.6,-2.6,-0.04,0.3,0.42,-0.12,-1.6,0.1,-1.8,-1.8,12.6
4323804,RS,4301,Xangri-Lá,-50.0707,-29.8086,Porto Alegre,-3.9,2.7,-0.3,3.1,13.5,-7.7,0.34,-0.06,0.6,-0.32,-0.4,0.6,-2.2,,
5000203,MS,5001,Água Clara,-52.9925,-19.7798,Campo Grande,-1.5,-0.3,-2.6,-0.5,3.9,-0.7,0.03,0.14,0.21,-0.08,0.8,0.6,-4.9,-3.6,
5000252,MS,5001,Alcinópolis,-53.7501,-18.2094,Campo Grande,-1.5,-0.3,-2.6,-0.5,0.8,0.3,0.08,0.06,0.05,0,0.3,5.5,-5.4,-4.1,1.7
5000609,MS,5002,Amambai,-54.9673,-23.1593,Dourados,-3,-1.5,-2.6,-0.5,3.3,-1.3,-0.1,0.39,0.22,-0.07,0,1.5,-5.3,-4.9,2.5
5000708,MS,5003,Anastácio,-55.7583,-20.7095,Corumbá,-4.1,-1.8,-2.6,-0.5,4.9,-1.5,0.09,0.17,0.3,-0.07,0.5,2.7,-3.8,4.3,-6.5
5000807,MS,5002,Anaurilândia,-52.8092,-22.1126,Dourados,-3,-1.5,-2.6,-0.5,8.4,-4.1,0.09,0.04,0.35,-0.15,0,-0.6,-6.7,-4.2,-8
5000856,MS,5002,Angélica,-53.8649,-22.0625,Dourados,-3,-1.5,-2.6,-0.5,5.1,2,-0.02,0.37,0.24,0.11,-0.5,0.2,-2.4,-1.3,-2.6
5000906,MS,5002,Antônio João,-55.9688,-22.2055,Dourados,-3,-1.5,-2.6,-0.5,7.7,-2,0.15,0.16,0.36,-0.08,0.7,1.4,-3.1,-4.9,-3.4
5001003,MS,5001,Aparecida Do Taboado,-51.2909,-20.0756,Campo Grande,-1.5,-0.3,-2.6,-0.5,3.7,-1.3,0.2,0,0.22,-0.07,-0.2,2.9,-1.4,6.8,
5001102,MS,5003,Aquidauana,-55.8638,-19.7558,Corumbá,-4.1,-1.8,-2.6,-0.5,3.3,-0.7,0.1,0.15,0.18,-0.03,1,4.9,-3.6,,
5001243,MS,5002,Aral Moreira,-55.451,-22.9079,Dourados,-3,-1.5,-2.6,-0.5,3.5,-0.3,-0.03,0.3,0.2,-0.02,0.4,1.3,-2.8,-3.6,5.5
5001508,MS,5001,Bandeirantes,-54.2849,-19.8067,Campo Grande,-1.5,-0.3,-2.6,-0.5,3.4,-0.4,0.12,0.14,0.17,0.01,0.7,0.8,-5.5,-7.6,-6.8
5001904,MS,5001,Bataguassu,-52.5699,-21.8081,Campo Grande,-1.5,-0.3,-2.6,-0.5,6.6,-0.8,0.07,0.14,0.28,-0.02,0.1,0.2,0.6,-4.9,
5002001,MS,5002,Batayporã,-53.1774,-22.3918,Dourados,-3,-1.5,-2.6,-0.5,6.7,-4.5,0.04,0.08,0.28,-0.19,-0.4,-1.1,-7.7,-2.6,-0.2
5002100,MS,5003,Bela Vista,-56.5368,-21.9365,Corumbá,-4.1,-1.8,-2.6,-0.5,8.4,-2.5,0.29,0.11,0.4,-0.08,1.1,2.2,-1.8,-6.3,-4.7
5002159,MS,5003,Bodoquena,-56.6918,-20.5535,Corumbá,-4.1,-1.8,-2.6,-0.5,2.9,-0.5,0.16,0.15,0.2,-0.02,0.3,1.7,-2.4,0.3,
5002209,MS,5003,Bonito,-56.4604,-21.0079,Corumbá,-4.1,-1.8,-2.6,-0.5,5.5,-3.3,0.24,0.07,0.32,-0.17,1,1.5,1.5,-3.5,2.5
5002308,MS,5001,Brasilândia,-52.4349,-21.0748,Campo Grande,-1.5,-0.3,-2.6,-0.5,6,1,0.15,0.16,0.3,0.03,0.2,-1.2,-6.1,-4,
5002407,MS,5002,Caarapó,-54.8055,-22.5874,Dourados,-3,-1.5,-2.6,-0.5,7.7,-2.7,-0.09,0.3,0.39,-0.12,0.5,2.1,-4,-2.8,-2.8
5002605,MS,5001,Camapuã,-53.8687,-19.3415,Campo Grande,-1.5,-0.3,-2.6,-0.5,2.3,-1.6,-0.1,0.15,0.13,-0.08,0.1,1.3,-1.7,-2.4,2
5002704,MS,5001,Campo Grande,-54.2507,-20.9135,Campo Grande,-1.5,-0.3,-2.6,-0.5,5.2,-0.4,0.11,0.28,0.32,-0.02,-0.1,1,-2.9,-3.7,3.2
5002803,MS,5003,Caracol,-57.0899,-21.9412,Corumbá,-4.1,-1.8,-2.6,-0.5,7,-2.9,0.26,0.06,0.34,-0.12,0.9,1.4,-5.7,-1.1,-1.6
5002902,MS,5001,Cassilândia,-52.179,-19.0943,Campo Grande,-1.5,-0.3,-2.6,-0.5,4.2,-4.4,0.08,0.01,0.21,-0.24,0,2.6,-4.5,-0.2,4.5
5002951,MS,5001,Chapadão Do Sul,-52.7378,-18.984,Campo Grande,-1.5,-0.3,-2.6,-0.5,0.3,-0.1,-0.14,0.22,0.03,-0.02,0.2,1.4,-6,0,4.1
5003108,MS,5001,Corguinho,-55.0572,-19.8054,Campo Grande,-1.5,-0.3,-2.6,-0.5,2.1,-1.1,0.06,0.1,0.06,-0.01,0.9,2.5,-6.4,-1,
5003157,MS,5002,Coronel Sapucaia,-55.3838,-23.3477,Dourados,-3,-1.5,-2.6,-0.5,2.9,-0.3,-0.03,0.33,0.19,-0.02,0,1.2,-4.1,-7,-1.1
5003207,MS,5003,Corumbá,-56.7193,-18.7271,Corumbá,-4.1,-1.8,-2.6,-0.5,1.9,-0.2,0.22,-0.08,0.09,-0.01,2.6,2.1,-1.1,,
5003256,MS,5001,Costa Rica,-53.1967,-18.6393,Campo Grande,-1.5,-0.3,-2.6,-0.5,2,-0.2,0.03,0.06,0.11,-0.01,0.5,1.5,-7.3,-2.6,2.5
5003306,MS,5001,Coxim,-54.6746,-18.2804,Campo Grande,-1.5,-0.3,-2.6,-0.5,2.3,-3.6,-0.05,0,0.12,-0.17,0.1,5.9,1.7,-7.6,-14.2
5003454,MS,5002,Deodápolis,-54.1516,-22.1561,Dourados,-3,-1.5,-2.6,-0.5,4.9,0.8,-0.08,0.36,0.24,0.06,-0.6,-0.1,-0.5,0,-5.8
5003488,MS,5001,Dois Irmãos Do Buriti,-55.3641,-20.6166,Campo Grande,-1.5,-0.3,-2.6,-0.5,3.1,-0.4,0.09,0.18,0.2,-0.01,0.4,2.1,-3.4,0.8,-16.2
5003504,MS,5002,Douradina,-54.5887,-22.0141,Dourados,-3,-1.5,-2.6,-0.5,8,-2.7,0.03,0.24,0.36,-0.07,-0.2,0,-1.7,3.2,0.3
5003702,MS,5002,Dourados,-54.8394,-22.1442,Dourados,-3,-1.5,-2.6,-0.5,9.2,-4.7,0.01,0.18,0.41,-0.17,-0.1,1.5,-2.7,-3.8,-2.5
5003751,MS,5002,Eldorado,-54.2234,-23.7363,Dourados,-3,-1.5,-2.6,-0.5,0.7,1.3,-0.02,0.26,0.08,0.02,-0.2,1.8,-5.3,-5,-9.4
5003801,MS,5002,Fátima Do Sul,-54.4406,-22.339,Dourados,-3,-1.5,-2.6,-0.5,6.8,-0.8,-0.06,0.29,0.31,-0.01,-0.5,0.6,-1.4,-1.5,2.8
5003900,MS,5001,Figueirão,-53.8633,-18.745,Campo Grande,-1.5,-0.3,-2.6,-0.5,3.9,-1.7,0.15,0.04,0.24,-0.1,-0.1,3.8,-2,0.5,
5004007,MS,5002,Glória De Dourados,-54.1913,-22.428,Dourados,-3,-1.5,-2.6,-0.5,4.7,1.6,-0.09,0.38,0.24,0.08,-0.6,0.3,-0.9,-1.2,4.4
5004106,MS,5003,Guia Lopes Da Laguna,-55.9949,-21.5386,Corumbá,-4.1,-1.8,-2.6,-0.5,9.4,-5.3,0.4,0,0.5,-0.25,0.8,1.2,0.7,-9.6,-6.7
5004304,MS,5002,Iguatemi,-54.537,-23.4343,Dourados,-3,-1.5,-2.6,-0.5,1.5,-0.8,-0.01,0.26,0.13,-0.07,0.4,2.6,-4,-10.2,-8.9
5004403,MS,5001,Inocência,-52.0213,-19.6569,Campo Grande,-1.5,-0.3,-2.6,-0.5,4.7,-2.7,0.14,0.07,0.26,-0.17,-0.4,1.7,-7.1,,
5004502,MS,5002,Itaporã,-54.8744,-22.0027,Dourados,-3,-1.5,-2.6,-0.5,10,-6.1,0.07,0.12,0.44,-0.23,-0.3,0.6,-1.9,-2.5,-7
5004601,MS,5002,Itaquiraí,-54.1194,-23.3415,Dourados,-3,-1.5,-2.6,-0.5,3.6,-0.8,-0.12,0.32,0.18,-0.05,-0.2,1.5,-3.5,-3.4,-9.6
5004700,MS,5002,Ivinhema,-53.7995,-22.37,Dourados,-3,-1.5,-2.6,-0.5,5.1,2.2,-0.01,0.41,0.27,0.12,0.1,-0.3,-2.9,-8.7,-6.8
5004809,MS,5002,Japorã,-54.538,-23.8105,Dourados,-3,-1.5,-2.6,-0.5,3,0.5,0.07,0.25,0.21,-0.03,-0.1,2.9,-4.6,-6.6,-11.5
5004908,MS,5001,Jaraguari,-54.3482,-20.2271,Campo Grande,-1.5,-0.3,-2.6,-0.5,3.9,1.7,0.22,0.22,0.25,0.1,0.5,1.4,-7.6,-5.1,-3.1
5005004,MS,5003,Jardim,-56.3548,-21.5818,Corumbá,-4.1,-1.8,-2.6,-0.5,9.8,-5.9,0.33,-0.01,0.47,-0.25,0.4,1.3,0.3,-10.6,-3.2
5005103,MS,5002,Jateí,-53.9571,-22.7069,Dourados,-3,-1.5,-2.6,-0.5,3.6,-0.6,-0.16,0.36,0.21,-0.03,-0.4,1.2,-1,-7.9,-5.8
5005152,MS,5002,Juti,-54.4888,-22.7754,Dourados,-3,-1.5,-2.6,-0.5,5.8,-1.3,-0.14,0.37,0.31,-0.05,-0.2,1,-2.3,-4.7,-3.7
5005202,MS,5003,Ladário,-57.5697,-19.0992,Corumbá,-4.1,-1.8,-2.6,-0.5,7.6,-5.8,0.24,-0.14,0.31,-0.23,1.7,-0.4,2.3,,
5005251,MS,5002,Laguna Carapã,-55.1329,-22.6771,Dourados,-3,-1.5,-2.6,-0.5,5.7,-1.4,-0.08,0.32,0.3,-0.07,0.1,1.7,-4.4,-2.1,5.7
5005400,MS,5002,Maracaju,-55.3977,-21.5533,Dourados,-3,-1.5,-2.6,-0.5,8.3,-4.7,0.13,0.13,0.41,-0.2,0.1,1.2,-1.8,-2.8,-2.7
5005608,MS,5003,Miranda,-56.5979,-20.1206,Corumbá,-4.1,-1.8,-2.6,-0.5,2.4,0.3,0.07,0.14,0.09,0.06,0.7,2.3,-5.3,1.8,4.1
5005681,MS,5002,Mundo Novo,-54.2767,-23.9401,Dourados,-3,-1.5,-2.6,-0.5,2.7,1.6,0.07,0.2,0.19,0.04,0.1,2.5,-4,-3.6,-7.3
5005707,MS,5002,Naviraí,-54.0245,-23.0234,Dourados,-3,-1.5,-2.6,-0.5,3.4,-1.3,-0.16,0.33,0.2,-0.08,-0.5,1.8,-2.9,-6,-10.3
5005806,MS,5003,Nioaque,-55.9002,-21.1024,Corumbá,-4.1,-1.8,-2.6,-0.5,6.8,-3.4,0.18,0.11,0.4,-0.16,1.2,1.8,-0.3,-6.8,-10.3
5006002,MS,5001,Nova Alvorada Do Sul,-54.2152,-21.4927,Campo Grande,-1.5,-0.3,-2.6,-0.5,4.4,-1.4,0,0.28,0.23,-0.05,0,0.5,0.8,0.6,0.7
5006200,MS,5002,Nova Andradina,-53.4222,-21.9265,Dourados,-3,-1.5,-2.6,-0.5,6.3,0.4,0.12,0.3,0.32,0.04,0.4,-0.5,-4.7,1.8,-6.6
5006259,MS,5002,Novo Horizonte Do Sul,-53.7803,-22.6041,Dourados,-3,-1.5,-2.6,-0.5,4.4,0,-0.11,0.35,0.22,0,-0.2,0,-1.2,-0.4,-7.4
5006275,,,,,,,,,,,0,1.1,-0.21,0.25,-0.03,0.08,0.1,1.2,-7.5,,
5006309,MS,5001,Paranaíba,-51.3972,-19.528,Campo Grande,-1.5,-0.3,-2.6,-0.5,5.8,-2.7,0.25,-0.07,0.32,-0.16,0.4,2.3,-4.3,-15.8,
5006358,MS,5002,Paranhos,-55.3552,-23.714,Dourados,-3,-1.5,-2.6,-0.5,3.1,-1.8,0.1,0.28,0.21,-0.1,0.1,2.8,-4.3,2.5,-9.5
5006408,MS,5001,Pedro Gomes,-54.3366,-17.9078,Campo Grande,-1.5,-0.3,-2.6,-0.5,0.9,-0.4,-0.1,0.11,0.06,-0.02,-0.1,5.7,0.6,-5.2,-7.4
5006606,MS,5002,Ponta Porã,-55.5822,-22.2023,Dourados,-3,-1.5,-2.6,-0.5,7.8,-2.7,0.09,0.16,0.34,-0.1,1.1,1.7,-2.1,-5,3.7
5006903,MS,5003,Porto Murtinho,-57.3688,-21.2363,Corumbá,-4.1,-1.8,-2.6,-0.5,6.5,-1.7,0.35,0.04,0.34,-0.1,0.5,0.5,-0.6,-3.9,
5007109,MS,5001,Ribas Do Rio Pardo,-53.5437,-20.5954,Campo Grande,-1.5,-0.3,-2.6,-0.5,3.5,0.5,0.13,0.15,0.23,-0.02,-0.2,0.7,-6.4,-1.8,-6.9
5007208,MS,5002,Rio Brilhante,-54.5579,-21.6965,Dourados,-3,-1.5,-2.6,-0.5,5.1,-1.6,-0.01,0.3,0.26,-0.05,0.1,-0.6,1.4,-0.4,-2.1
5007307,MS,5001,Rio Negro,-54.9622,-19.4479,Campo Grande,-1.5,-0.3,-2.6,-0.5,0.8,-1.3,0.01,0.05,0.04,-0.04,1.2,4.5,-2.2,-5.4,3.3
5007406,MS,5001,Rio Verde De Mato Grosso,-55.043,-18.8144,Campo Grande,-1.5,-0.3,-2.6,-0.5,2.2,-3.6,0.03,-0.07,0.15,-0.21,0.6,5.8,-0.4,-4.1,2.1
5007505,MS,5001,Rochedo,-54.7043,-19.951,Campo Grande,-1.5,-0.3,-2.6,-0.5,1.7,1.2,0.12,0.14,0.11,0.07,1.1,2.5,-6.3,1.5,
5007554,MS,5001,Santa Rita Do Pardo,-52.7753,-21.3182,Campo Grande,-1.5,-0.3,-2.6,-0.5,9.5,-2.3,0.27,0.06,0.42,-0.12,-0.3,-0.8,-8.2,-3.7,
5007695,MS,5001,São Gabriel Do Oeste,-54.4824,-19.1676,Campo Grande,-1.5,-0.3,-2.6,-0.5,1.4,-3,0.02,0.01,0.1,-0.15,0.5,2,-4.4,-5.5,2.3
5007703,MS,5002,Sete Quedas,-55.0275,-23.8813,Dourados,-3,-1.5,-2.6,-0.5,3.1,-1.2,0.11,0.22,0.2,-0.09,0,2.9,-3.7,-6.5,0.6
5007802,MS,5001,Selvíria,-51.7572,-20.2836,Campo Grande,-1.5,-0.3,-2.6,-0.5,3.5,-0.7,0.1,0.09,0.23,-0.07,-0.3,1.2,-0.4,-11.4,-11.8
5007901,MS,5001,Sidrolândia,-54.9422,-21.0943,Campo Grande,-1.5,-0.3,-2.6,-0.5,5.3,-1.5,0.2,0.18,0.3,-0.04,-0.2,-0.1,-1.5,-0.2,-0.1
5007935,MS,5001,Sonora,-54.4391,-17.6475,Campo Grande,-1.5,-0.3,-2.6,-0.5,-0.3,2.9,-0.12,0.27,-0.04,0.16,0.2,1.5,1.3,-3.3,0.1
5007950,MS,5002,Tacuru,-54.9886,-23.6502,Dourados,-3,-1.5,-2.6,-0.5,2.5,-1.7,0.05,0.25,0.18,-0.1,-0.1,2.7,-6.6,1.7,0.2
5007976,MS,5002,Taquarussu,-53.4303,-22.6694,Dourados,-3,-1.5,-2.6,-0.5,4.5,-2,-0.06,0.26,0.21,-0.1,-0.6,0,-3.4,-4.4,1.3
5008008,MS,5001,Terenos,-55.0255,-20.4454,Campo Grande,-1.5,-0.3,-2.6,-0.5,2.1,2.2,0.12,0.21,0.14,0.13,0.8,1.9,-5,-6.5,-5.6
5008305,MS,5001,Três Lagoas,-52.2126,-20.4379,Campo Grande,-1.5,-0.3,-2.6,-0.5,4.9,0,0.14,0.14,0.28,-0.05,-0.3,-0.3,-4.6,5.9,
5008404,MS,5002,Vicentina,-54.4249,-22.4681,Dourados,-3,-1.5,-2.6,-0.5,6.1,-0.6,-0.11,0.34,0.31,-0.01,-0.4,0.7,-4.7,-2.9,-10.1
5100102,MT,5101,Acorizal,-56.3199,-15.1779,Cuiabá,-3,-6.6,-2.9,-7.6,-7.1,2.8,-0.34,0.08,-0.33,0.15,0.4,5.1,-5.8,,
5100201,MT,5104,Água Boa,-52.4975,-13.9781,Barra do Garças,-3.2,-11,-2.9,-7.6,-2.5,-2.6,0.07,-0.32,-0.18,-0.19,0,4.2,-4.8,-3.6,-8.3
5100250,MT,5103,Alta Floresta,-56.3665,-10.0551,Sinop,-1.7,-8.3,-2.9,-7.6,-3.8,-2,-0.04,-0.17,-0.3,-0.19,0.2,2.4,-1.3,-0.2,-1.9
5100300,MT,5105,Alto Araguaia,-53.4697,-17.4445,Rondonópolis,-3.4,-5.5,-2.9,-7.6,-0.3,0.2,-0.05,0.07,-0.03,0,0,1.7,-3.1,-4,-2.7
5100359,MT,5104,Alto Boa Vista,-51.751,-11.8107,Barra do Garças,-3.2,-11,-2.9,-7.6,-4.3,1,-0.13,-0.17,-0.4,0.02,0.2,4.5,0.2,-2.7,-16.2
5100409,MT,5105,Alto Garças,-53.5807,-16.8793,Rondonópolis,-3.4,-5.5,-2.9,-7.6,-1.1,-0.9,-0.07,-0.04,-0.06,-0.11,0.5,1.5,-2.3,-3.1,-3.5
5100508,MT,5101,Alto Paraguai,-56.6583,-14.7584,Cuiabá,-3,-6.6,-2.9,-7.6,-1.4,0.4,-0.24,0.02,-0.11,0.03,0.4,7.5,-6.9,-1.8,-1.7
5100607,MT,5105,Alto Taquari,-53.3006,-17.8264,Rondonópolis,-3.4,-5.5,-2.9,-7.6,-0.9,2.6,0,0.18,-0.06,0.16,0.2,1.3,-3.1,-5.3,-3.9
5100805,MT,5103,Apiacás,-57.8278,-8.7532,Sinop,-1.7,-8.3,-2.9,-7.6,-4.9,-0.5,-0.11,-0.1,-0.43,-0.11,0.5,3.4,-1.7,,
5101001,MT,5104,Araguaiana,-51.8039,-15.1263,Barra do Garças,-3.2,-11,-2.9,-7.6,0.3,-4.2,0.05,-0.27,0,-0.29,-0.1,7.3,-6.1,-1.2,
5101209,MT,5105,Araguainha,-53.1186,-16.7495,Rondonópolis,-3.4,-5.5,-2.9,-7.6,-2,-0.5,-0.12,-0.02,-0.11,-0.05,0.5,2.5,-1.8,2.5,
5101258,MT,5102,Araputanga,-58.4579,-15.2553,Cáceres,-1.9,-8.2,-2.9,-7.6,-2.7,-1,-0.15,0.04,-0.17,-0.02,0.2,2.8,-4.4,,
5101308,MT,5101,Arenápolis,-56.858,-14.5071,Cuiabá,-3,-6.6,-2.9,-7.6,0.6,-2.9,-0.1,-0.1,0.01,-0.18,-0.5,8.6,-5.6,-5.4,-0.5
5101407,MT,5103,Aripuanã,-59.8393,-10.187,Sinop,-1.7,-8.3,-2.9,-7.6,0.9,-1.5,0.18,-0.15,0.03,-0.1,0.1,4.1,-4,,6.9
5101605,MT,5101,Barão De Melgaço,-56.032,-16.819,Cuiabá,-3,-6.6,-2.9,-7.6,0.1,-2.3,-0.07,-0.07,-0.02,-0.11,0.1,6.2,-3.4,,
5101704,MT,5101,Barra Do Bugres,-57.5624,-15.0671,Cuiabá,-3,-6.6,-2.9,-7.6,-1.5,2.4,-0.13,0.18,-0.13,0.15,-0.1,5.3,-2.9,0.3,
5101803,MT,5104,Barra Do Garças,-52.4984,-15.3614,Barra do Garças,-3.2,-11,-2.9,-7.6,0,-5.9,0.08,-0.36,0,-0.34,0.9,1.7,-5.7,-0.3,
5101852,MT,5104,Bom Jesus Do Araguaia,-51.7409,-12.2165,Barra do Garças,-3.2,-11,-2.9,-7.6,-4.6,0.2,-0.15,-0.19,-0.42,-0.05,0.5,4.8,-1,2.9,-7.2
5101902,MT,5101,Brasnorte,-57.9991,-12.4204,Cuiabá,-3,-6.6,-2.9,-7.6,-4.8,0.7,-0.17,-0.19,-0.36,0.05,0.4,2.7,-2,-1.2,-25.4
5102504,MT,5102,Cáceres,-57.8379,-16.5372,Cáceres,-1.9,-8.2,-2.9,-7.6,-4.1,4.3,-0.21,0.07,-0.26,0.24,-0.2,5.3,-4.4,2.1,6.7
5102603,MT,5104,Campinápolis,-53.1289,-14.3736,Barra do Garças,-3.2,-11,-2.9,-7.6,-1,-3.5,0.13,-0.29,-0.06,-0.22,0.7,4.4,-5.4,-0.8,
5102637,MT,5101,Campo Novo Do Parecis,-57.9318,-13.6871,Cuiabá,-3,-6.6,-2.9,-7.6,0.6,-2.3,-0.07,-0.11,-0.05,-0.12,0.4,1.8,-2,-2,-8.3
5102678,MT,5101,Campo Verde,-54.961,-15.3492,Cuiabá,-3,-6.6,-2.9,-7.6,-1.9,-1.4,-0.25,0.02,-0.15,-0.13,-0.1,1.5,-5.5,-4.3,-0.2
5102686,MT,5102,Campos De Júlio,-59.191,-13.5793,Cáceres,-1.9,-8.2,-2.9,-7.6,0,-0.2,-0.05,-0.03,-0.03,0,0.6,1.4,-3,-2.2,-10.8
5102694,MT,5104,Canabrava Do Norte,-51.8226,-11.2004,Barra do Garças,-3.2,-11,-2.9,-7.6,-2.7,0.7,0.07,-0.32,-0.27,0,0.5,6.3,-3.5,-1.7,-0.4
5102702,MT,5104,Canarana,-52.3993,-13.33,Barra do Garças,-3.2,-11,-2.9,-7.6,-2.7,-1.6,0.07,-0.28,-0.25,-0.17,0,5.4,-4.6,-2.5,-18.5
5102793,MT,5103,Carlinda,-55.8307,-10.1058,Sinop,-1.7,-8.3,-2.9,-7.6,-4.4,-1.7,-0.07,-0.18,-0.32,-0.13,0.3,2.3,-2.3,-3.5,3.6
5102850,MT,5103,Castanheira,-58.608,-10.9548,Sinop,-1.7,-8.3,-2.9,-7.6,-2.3,-0.6,0.04,-0.2,-0.23,-0.06,0,3.4,-2.2,,-2
5103007,MT,5101,Chapada Dos Guimarães,-55.5392,-15.1102,Cuiabá,-3,-6.6,-2.9,-7.6,-3.2,2.2,-0.25,0.13,-0.2,0.13,0.4,3.4,-9,-1,-3.8
5103056,MT,5103,Cláudia,-55.0483,-11.4481,Sinop,-1.7,-8.3,-2.9,-7.6,-5.4,2.1,-0.12,-0.08,-0.43,0.14,0.9,3,0.6,-3,-11.5
5103106,MT,5104,Cocalinho,-51.1462,-13.8673,Barra do Garças,-3.2,-11,-2.9,-7.6,-2.1,-2.6,0.01,-0.26,-0.19,-0.17,0,7.7,-5.8,-2.2,
5103205,MT,5103,Colíder,-55.4682,-10.6308,Sinop,-1.7,-8.3,-2.9,-7.6,-5.5,0.6,-0.04,-0.13,-0.35,0.03,0.5,3.2,-5.5,-3.9,0.5
5103254,MT,5103,Colniza,-60.3039,-9.2937,Sinop,-1.7,-8.3,-2.9,-7.6,-1.1,-2.4,0.02,-0.22,-0.1,-0.21,0.4,2.8,-1.4,,-2.3
5103304,MT,5102,Comodoro,-59.7512,-13.1897,Cáceres,-1.9,-8.2,-2.9,-7.6,-3.5,2,-0.2,0.05,-0.22,0.11,0,1.3,-2.9,-2.2,-5.6
5103353,MT,5104,Confresa,-51.6976,-10.4027,Barra do Garças,-3.2,-11,-2.9,-7.6,-2.9,0,0.08,-0.41,-0.27,-0.05,0.2,3.9,-1.5,0.6,
5103361,MT,5102,Conquista D'oeste,-59.3306,-14.6352,Cáceres,-1.9,-8.2,-2.9,-7.6,-0.4,2.5,-0.15,0.22,-0.01,0.15,0.2,1.3,0.1,0.5,
5103379,MT,5103,Cotriguaçu,-58.6786,-9.5399,Sinop,-1.7,-8.3,-2.9,-7.6,-4.4,-0.1,-0.16,-0.04,-0.42,-0.02,0.5,4.5,-2.6,,
5103403,MT,5101,Cuiabá,-55.9402,-15.4484,Cuiabá,-3,-6.6,-2.9,-7.6,-1.9,0.1,-0.06,-0.03,-0.07,0.02,0.5,4.9,-8.3,-0.2,
5103437,MT,5102,Curvelândia,-57.8763,-15.6172,Cáceres,-1.9,-8.2,-2.9,-7.6,-2.5,1.5,-0.15,0.03,-0.18,0.09,-0.3,5.4,-1.8,,
5103452,MT,5101,Denise,-56.9622,-14.7259,Cuiabá,-3,-6.6,-2.9,-7.6,0.4,-1.3,-0.21,0.02,-0.06,-0.04,0.3,8.2,-4.7,-0.6,
5103502,MT,5101,Diamantino,-56.8,-14.0964,Cuiabá,-3,-6.6,-2.9,-7.6,0.3,-4.3,-0.04,-0.19,0.02,-0.27,0.6,5.4,-5.1,-3.3,-4
5103601,MT,5105,Dom Aquino,-54.7722,-15.658,Rondonópolis,-3.4,-5.5,-2.9,-7.6,-1.7,-3.3,-0.28,0,-0.11,-0.23,-0.2,3.1,-0.8,-1.9,-4.5
5103700,MT,5103,Feliz Natal,-54.1648,-11.9172,Sinop,-1.7,-8.3,-2.9,-7.6,-5.1,1.9,-0.06,-0.17,-0.33,0.07,0.4,4.8,-0.3,-2.4,-11.2
5103809,MT,5102,Figueirópolis D'oeste,-58.7047,-15.527,Cáceres,-1.9,-8.2,-2.9,-7.6,-3.4,0.3,-0.19,0.02,-0.23,0.04,0.2,2.8,-6.5,,
5103858,MT,5104,Gaúcha Do Norte,-53.4555,-12.9953,Barra do Garças,-3.2,-11,-2.9,-7.6,-5.1,0.8,-0.08,-0.18,-0.29,-0.01,0.7,5.2,1.2,-4.7,-16.9
5103908,MT,5104,General Carneiro,-53.3925,-15.5593,Barra do Garças,-3.2,-11,-2.9,-7.6,-1.6,-3.1,-0.04,-0.14,-0.11,-0.2,0.8,2,-1.6,-1.4,-10.6
5103957,MT,5102,Glória D'oeste,-58.3204,-15.8398,Cáceres,-1.9,-8.2,-2.9,-7.6,-5,2.3,-0.3,0.14,-0.32,0.16,0.4,4.7,-1.1,,
5104104,MT,5103,Guarantã Do Norte,-54.6161,-9.7758,Sinop,-1.7,-8.3,-2.9,-7.6,-5.2,1.1,-0.11,-0.05,-0.35,-0.03,0.1,2.7,-4.5,0,-1.4
5104203,MT,5105,Guiratinga,-53.5894,-16.3839,Rondonópolis,-3.4,-5.5,-2.9,-7.6,-2.7,0.6,-0.15,0.04,-0.18,0.01,1.2,2.2,-4.4,-0.7,-5.4
5104500,MT,5102,Indiavaí,-58.6017,-15.3296,Cáceres,-1.9,-8.2,-2.9,-7.6,-3.4,-0.5,-0.21,0.03,-0.23,0.02,0.2,3.1,-3.6,,
5104526,MT,5103,Ipiranga Do Norte,-56.0542,-12.0127,Sinop,-1.7,-8.3,-2.9,-7.6,-1.5,-1.5,0.15,-0.24,-0.15,-0.11,0.4,4,-1.6,-4.1,-5.2
5104542,MT,5103,Itanhangá,-56.7561,-12.1394,Sinop,-1.7,-8.3,-2.9,-7.6,-3.2,0.2,-0.03,-0.23,-0.26,0.02,0.1,4,-3.1,-1.9,-11.7
5104559,MT,5103,Itaúba,-55.5918,-11.1117,Sinop,-1.7,-8.3,-2.9,-7.6,-3.6,-0.7,-0.02,-0.16,-0.26,-0.04,0.6,2.8,-3.8,-2.8,-4.6
5104609,MT,5105,Itiquira,-54.6031,-17.3341,Rondonópolis,-3.4,-5.5,-2.9,-7.6,-0.5,0.7,-0.09,0.04,-0.06,0.04,0.4,1.4,0.5,-4,-1.1
5104807,MT,5105,Jaciara,-55.1103,-15.9051,Rondonópolis,-3.4,-5.5,-2.9,-7.6,-4.7,1.6,-0.53,0.25,-0.36,0.11,-0.1,2.5,-5.1,-3.6,-2.5
5104906,MT,5101,Jangada,-56.5498,-15.3302,Cuiabá,-3,-6.6,-2.9,-7.6,-6.8,4,-0.25,0.12,-0.31,0.2,0.1,4.7,-6.7,-8.3,
5105002,MT,5102,Jauru,-58.8645,-15.3099,Cáceres,-1.9,-8.2,-2.9,-7.6,-3.7,0.5,-0.24,0.12,-0.28,0.08,-0.2,2.3,-2.4,,
5105101,MT,5103,Juara,-57.6188,-11.0234,Sinop,-1.7,-8.3,-2.9,-7.6,-3,0.1,-0.16,-0.18,-0.3,0.03,0.4,2.5,-7.4,-0.2,-2.2
5105150,MT,5103,Juína,-59.3316,-11.5333,Sinop,-1.7,-8.3,-2.9,-7.6,-1.1,-3,0.06,-0.29,-0.06,-0.24,0.5,1.8,-5.4,1.1,-5.1
5105176,MT,5103,Juruena,-58.5909,-10.3627,Sinop,-1.7,-8.3,-2.9,-7.6,-2.3,-0.3,0.02,-0.09,-0.27,-0.03,0.1,3.8,1.3,,
5105200,MT,5105,Juscimeira,-54.8985,-16.1828,Rondonópolis,-3.4,-5.5,-2.9,-7.6,-1.9,1.1,-0.33,0.15,-0.14,0.04,-0.1,5,-1.8,-3.2,-5
5105234,MT,5102,Lambari D'oeste,-57.7854,-15.3739,Cáceres,-1.9,-8.2,-2.9,-7.6,-1.1,1.5,-0.15,0.12,-0.12,0.12,-0.1,5.9,-2.3,4.2,
5105259,MT,5103,Lucas Do Rio Verde,-56.164,-13.0378,Sinop,-1.7,-8.3,-2.9,-7.6,1.5,-5.7,0.2,-0.39,0.04,-0.36,0.8,4.7,-2.3,-1.2,-4.9
5105309,MT,5104,Luciara,-50.9441,-11.0142,Barra do Garças,-3.2,-11,-2.9,-7.6,-4.3,1.5,-0.08,-0.26,-0.4,0.1,0.3,7.4,2.3,-1.6,
5105507,MT,5102,Vila Bela Da Santíssima Trindade,-59.9901,-15.1888,Cáceres,-1.9,-8.2,-2.9,-7.6,-1.4,1.5,-0.21,0.12,-0.13,0.11,0.7,2.7,2,-3.9,7.8
5105580,MT,5103,Marcelândia,-54.0532,-10.8848,Sinop,-1.7,-8.3,-2.9,-7.6,-7.1,1.3,-0.37,-0.02,-0.55,0.09,0.4,3.3,-4.2,-2.8,-5.7
5105606,MT,5103,Matupá,-54.3572,-10.0155,Sinop,-1.7,-8.3,-2.9,-7.6,-4.8,0,-0.18,-0.06,-0.39,-0.04,0.1,3,-2.6,-1.1,-5.6
5105622,MT,5102,Mirassol D'oeste,-58.054,-15.653,Cáceres,-1.9,-8.2,-2.9,-7.6,-2.9,2.4,-0.15,0.08,-0.21,0.16,-0.1,3.7,-7.5,1.2,
5105903,MT,5101,Nobres,-55.8129,-14.382,Cuiabá,-3,-6.6,-2.9,-7.6,-1.3,1.1,-0.12,-0.06,-0.09,0.04,0.2,3.7,-6,-1.2,-6.9
5106000,MT,5101,Nortelândia,-56.7179,-14.3489,Cuiabá,-3,-6.6,-2.9,-7.6,0.7,-3.9,-0.08,-0.18,0.02,-0.24,0.1,6.7,-4.8,-2.2,0.1
5106109,MT,5101,Nossa Senhora Do Livramento,-56.5321,-15.8394,Cuiabá,-3,-6.6,-2.9,-7.6,-1.7,1.8,-0.18,0.1,-0.14,0.12,-0.2,4.1,-7.4,-0.6,
5106158,MT,5103,Nova Bandeirantes,-58.0786,-9.7654,Sinop,-1.7,-8.3,-2.9,-7.6,-6.9,1.7,-0.27,0.06,-0.58,0.11,0.7,4.2,-2.3,,
5106174,MT,5104,Nova Nazaré,-51.8889,-14.1552,Barra do Garças,-3.2,-11,-2.9,-7.6,1.2,-4.1,0.12,-0.35,0.02,-0.25,0.1,6.7,-3.6,-3.1,
5106182,MT,5102,Nova Lacerda,-59.769,-14.3032,Cáceres,-1.9,-8.2,-2.9,-7.6,0.5,1.4,0,0.05,-0.01,0.12,0,2.9,-6.2,-4.9,0.6
5106190,MT,5103,Nova Santa Helena,-54.9084,-10.9206,Sinop,-1.7,-8.3,-2.9,-7.6,-5.8,1.2,-0.19,-0.07,-0.44,0.09,0.6,2.5,-3.7,1,-0.7
5106208,MT,5101,Nova Brasilândia,-55.0446,-14.787,Cuiabá,-3,-6.6,-2.9,-7.6,-2.7,1.3,-0.18,0.01,-0.22,0.06,0.5,4,-5.7,-3.4,-20
5106216,MT,5103,Nova Canaã Do Norte,-56.0424,-10.7002,Sinop,-1.7,-8.3,-2.9,-7.6,-3.2,-1.8,0.06,-0.18,-0.25,-0.09,0.4,2.4,-2,-2.8,-2.6
5106224,MT,5103,Nova Mutum,-56.1057,-13.6291,Sinop,-1.7,-8.3,-2.9,-7.6,-1.3,0.2,-0.09,0,-0.09,-0.01,0.4,4.7,-4.4,-2.9,-6
5106232,MT,5101,Nova Olímpia,-57.4002,-14.7843,Cuiabá,-3,-6.6,-2.9,-7.6,1.2,0.6,-0.07,0.15,0.01,0.07,-0.2,7.1,-4.3,,
5106240,MT,5103,Nova Ubiratã,-54.7654,-12.9911,Sinop,-1.7,-8.3,-2.9,-7.6,-1.6,-0.3,0.14,-0.33,-0.1,-0.11,0.4,4,-2.3,1.6,-10.4
5106257,MT,5104,Nova Xavantina,-52.411,-14.5969,Barra do Garças,-3.2,-11,-2.9,-7.6,0.7,-4.1,0.12,-0.29,-0.01,-0.29,0.1,7.8,-4.2,-2.7,-23
5106265,MT,5103,Novo Mundo,-55.403,-9.7512,Sinop,-1.7,-8.3,-2.9,-7.6,-3.7,-2.5,-0.01,-0.26,-0.23,-0.24,0.1,2.8,-0.4,0.3,-1.8
5106273,MT,5103,Novo Horizonte Do Norte,-57.3071,-11.3844,Sinop,-1.7,-8.3,-2.9,-7.6,-4.3,0.8,-0.22,-0.09,-0.37,0.07,0.4,2.6,-5.7,,0.8
5106281,MT,5104,Novo São Joaquim,-53.2428,-15.0789,Barra do Garças,-3.2,-11,-2.9,-7.6,-1.6,-4.8,-0.02,-0.21,-0.06,-0.24,0.6,3.1,-2.1,-2.5,-10.2
5106299,MT,5103,Paranaíta,-56.6826,-9.593,Sinop,-1.7,-8.3,-2.9,-7.6,-3,-3,0.01,-0.22,-0.23,-0.21,0.4,3.1,-0.8,1.5,4.1
5106307,MT,5105,Paranatinga,-54.109,-13.6759,Rondonópolis,-3.4,-5.5,-2.9,-7.6,-3.3,-0.2,-0.05,-0.21,-0.24,-0.03,0.5,3.1,-1.5,-3.4,-16.2
5106315,MT,5104,Novo Santo Antônio,-50.8899,-12.3157,Barra do Garças,-3.2,-11,-2.9,-7.6,-3,-2.1,0.08,-0.39,-0.24,-0.16,0.1,8.5,3.3,,
5106372,MT,5105,Pedra Preta,-54.2585,-16.8004,Rondonópolis,-3.4,-5.5,-2.9,-7.6,-0.8,1.4,-0.11,0.11,-0.03,0.07,0.2,3.5,-1.7,-3.8,-4.1
5106422,MT,5103,Peixoto De Azevedo,-53.5862,-10.1472,Sinop,-1.7,-8.3,-2.9,-7.6,-5.4,-0.1,-0.21,-0.17,-0.44,-0.02,0,3,-3.5,-0.1,-6.3
5106455,MT,5101,Planalto Da Serra,-54.6724,-14.5906,Cuiabá,-3,-6.6,-2.9,-7.6,-3.7,-0.6,-0.29,-0.04,-0.25,-0.06,0.1,3.1,-4.1,-5,-21.7
5106505,MT,5101,Poconé,-56.9474,-16.7816,Cuiabá,-3,-6.6,-2.9,-7.6,-1.6,2.4,-0.1,0.06,-0.1,0.11,0.1,6.3,-6.9,-6.1,-12.9
5106653,MT,5104,Pontal Do Araguaia,-52.7198,-15.9316,Barra do Garças,-3.2,-11,-2.9,-7.6,-1.6,-2.6,0.03,-0.31,-0.1,-0.15,0.8,2.2,-4.3,,
5106703,MT,5104,Ponte Branca,-52.9341,-16.6599,Barra do Garças,-3.2,-11,-2.9,-7.6,-0.1,-2.1,0.02,-0.19,0.01,-0.14,0.4,2.6,-0.7,0.9,
5106752,MT,5102,Pontes E Lacerda,-59.4591,-15.5173,Cáceres,-1.9,-8.2,-2.9,-7.6,-3.3,2.5,-0.32,0.22,-0.26,0.19,0.8,2.9,3.3,-1.6,2.4
5106778,MT,5104,Porto Alegre Do Norte,-51.7144,-10.8247,Barra do Garças,-3.2,-11,-2.9,-7.6,-2.2,0.5,0.16,-0.39,-0.21,0,0.6,7.1,-1.1,-0.1,1.4
5106802,MT,5103,Porto Dos Gaúchos,-56.7456,-11.7307,Sinop,-1.7,-8.3,-2.9,-7.6,-5.1,2.1,-0.27,0.01,-0.4,0.15,0,2.4,-4.7,-1.5,-3.2
5106828,MT,5102,Porto Esperidião,-58.9813,-15.9567,Cáceres,-1.9,-8.2,-2.9,-7.6,-5.1,2.3,-0.3,0.17,-0.35,0.17,0.6,2.8,-1.2,-3.6,
5106851,MT,5101,Porto Estrela,-57.2146,-15.524,Cuiabá,-3,-6.6,-2.9,-7.6,-2.3,3.5,-0.14,0.13,-0.21,0.23,0.3,6.2,-6.4,-1.3,
5107008,MT,5105,Poxoréo,-54.1823,-15.8535,Rondonópolis,-3.4,-5.5,-2.9,-7.6,-1.5,-2.2,-0.18,-0.05,-0.08,-0.18,1.4,1.4,-4,-2.6,-5.1
5107040,MT,5105,Primavera Do Leste,-54.2203,-15.0981,Rondonópolis,-3.4,-5.5,-2.9,-7.6,-1.6,-4.9,-0.13,-0.15,-0.06,-0.27,0.9,1.9,-4.4,-5,-6.8
5107065,MT,5104,Querência,-52.7445,-12.1575,Barra do Garças,-3.2,-11,-2.9,-7.6,-3.2,-2.3,-0.1,-0.3,-0.24,-0.21,-0.6,6.2,-1.3,-4,-18.1
5107107,MT,5102,São José Dos Quatro Marcos,-58.2991,-15.5673,Cáceres,-1.9,-8.2,-2.9,-7.6,-4.6,1.5,-0.26,0.09,-0.31,0.11,0,4,-5.7,-3.9,
5107156,MT,5102,Reserva Do Cabaçal,-58.4574,-14.9285,Cáceres,-1.9,-8.2,-2.9,-7.6,-3.2,1.6,-0.19,0.2,-0.2,0.12,-0.1,2.2,-3.8,,
5107180,MT,5104,Ribeirão Cascalheira,-51.5685,-12.8736,Barra do Garças,-3.2,-11,-2.9,-7.6,-3.3,-3.1,-0.06,-0.34,-0.33,-0.27,-0.4,7.5,0.3,-4.4,-14
5107198,MT,5104,Ribeirãozinho,-52.7601,-16.494,Barra do Garças,-3.2,-11,-2.9,-7.6,0.2,-2.9,0.08,-0.27,0.03,-0.18,0.5,2.9,-2,-3.3,-4.3
5107206,MT,5102,Rio Branco,-58.1566,-15.27,Cáceres,-1.9,-8.2,-2.9,-7.6,-3.7,2.2,-0.29,0.21,-0.24,0.15,0.2,3.6,0.6,,
5107248,MT,5103,Santa Carmem,-54.9021,-11.9355,Sinop,-1.7,-8.3,-2.9,-7.6,-4.6,3.1,-0.01,-0.08,-0.41,0.24,0.5,4.3,0.5,-1.5,-5.7
5107263,MT,5101,Santo Afonso,-57.3439,-14.4508,Cuiabá,-3,-6.6,-2.9,-7.6,2.5,-4.4,0.06,-0.18,0.07,-0.23,0,4.4,-5.1,-4.6,-0.3
5107297,MT,5105,São José Do Povo,-54.2744,-16.4635,Rondonópolis,-3.4,-5.5,-2.9,-7.6,-0.6,0.4,-0.11,0.03,-0.04,0.01,0.3,3.5,0.2,,
5107305,MT,5101,São José Do Rio Claro,-56.8084,-13.5529,Cuiabá,-3,-6.6,-2.9,-7.6,0.2,-2.1,0.08,-0.21,0.05,-0.18,-0.2,5.1,-4.6,-4,-10.4
5107354,MT,5104,São José Do Xingu,-52.619,-10.6961,Barra do Garças,-3.2,-11,-2.9,-7.6,-3.3,0,0,-0.33,-0.27,-0.03,0.3,3.7,-2.6,1,0.5
5107404,MT,5105,São Pedro Da Cipa,-54.7403,-15.9555,Rondonópolis,-3.4,-5.5,-2.9,-7.6,0.8,-3.2,-0.21,-0.08,0.07,-0.26,-0.3,5,-1.1,,
5107578,MT,5103,Rondolândia,-61.0105,-10.4624,Sinop,-1.7,-8.3,-2.9,-7.6,1.1,-2,0.24,-0.3,0.12,-0.22,0.2,3.6,-3.2,,
5107602,MT,5105,Rondonópolis,-54.6675,-16.5182,Rondonópolis,-3.4,-5.5,-2.9,-7.6,-1,-0.2,-0.23,0.05,-0.04,-0.04,0,2.6,-0.4,-4.7,0.7
5107701,MT,5101,Rosário Oeste,-55.9324,-14.7679,Cuiabá,-3,-6.6,-2.9,-7.6,-3.6,4.7,-0.32,0.14,-0.26,0.28,0.1,7.1,-6.6,-2.7,2.6
5107743,MT,5104,Santa Cruz Do Xingu,-52.5432,-10.0658,Barra do Garças,-3.2,-11,-2.9,-7.6,-2.9,-1.1,0.09,-0.41,-0.24,-0.1,0.3,3.2,-2.5,0.3,0.9
5107750,MT,5102,Salto Do Céu,-58.0494,-15.0509,Cáceres,-1.9,-8.2,-2.9,-7.6,-2.7,2.8,-0.29,0.32,-0.21,0.18,0.3,1.9,-5.1,,
5107768,MT,5103,Santa Rita Do Trivelato,-55.2953,-13.8312,Sinop,-1.7,-8.3,-2.9,-7.6,-1.9,-0.3,-0.05,-0.11,-0.21,-0.04,0.6,2.8,-1,-2.3,-12.2
5107776,MT,5104,Santa Terezinha,-50.7922,-10.3334,Barra do Garças,-3.2,-11,-2.9,-7.6,-6.3,1.1,-0.17,-0.19,-0.52,0.07,0.7,4.7,-0.1,-2.3,-1.5
5107792,MT,5105,Santo Antônio Do Leste,-53.6711,-14.8178,Rondonópolis,-3.4,-5.5,-2.9,-7.6,-2.3,-5.3,-0.1,-0.23,-0.09,-0.26,0.8,2.6,-2.6,-2.3,-6.1
5107800,MT,5101,Santo Antônio Do Leverger,-55.4401,-16.4578,Cuiabá,-3,-6.6,-2.9,-7.6,-2,0.9,-0.38,0.18,-0.18,0.06,0.6,6.9,-3.7,0.6,-0.2
5107859,MT,5104,São Félix Do Araguaia,-51.9691,-11.4548,Barra do Garças,-3.2,-11,-2.9,-7.6,-3.3,0.6,-0.02,-0.29,-0.3,-0.02,0.4,5,-0.7,0.1,-12
5107875,MT,5101,Sapezal,-58.6524,-13.1513,Cuiabá,-3,-6.6,-2.9,-7.6,-2.2,0.4,-0.19,0.01,-0.14,0,0.8,1.9,-5.3,-1.4,-2.6
5107883,MT,5104,Serra Nova Dourada,-51.3628,-12.021,Barra do Garças,-3.2,-11,-2.9,-7.6,-7.1,1.1,-0.2,-0.23,-0.54,0.02,0.5,5.6,0.1,-0.6,
5107909,MT,5103,Sinop,-55.5006,-11.7127,Sinop,-1.7,-8.3,-2.9,-7.6,-5,2.7,-0.03,-0.07,-0.44,0.2,0.8,4,-2.2,-0.3,-5.9
5107925,MT,5103,Sorriso,-55.6773,-12.742,Sinop,-1.7,-8.3,-2.9,-7.6,-1,-2.9,0.15,-0.28,-0.11,-0.2,0.4,4.7,-1.5,-3.1,-7.6
5107941,MT,5103,Tabaporã,-56.4952,-11.2092,Sinop,-1.7,-8.3,-2.9,-7.6,-3.1,-0.9,-0.12,-0.07,-0.24,-0.04,0.4,1.8,-3.2,-1.1,-6.8
5107958,MT,5101,Tangará Da Serra,-58.3185,-14.4244,Cuiabá,-3,-6.6,-2.9,-7.6,0.7,0.6,-0.05,0.22,0.02,0.02,0.2,1.6,-6.4,-1.2,-1.9
5108006,MT,5103,Tapurah,-56.5311,-12.5694,Sinop,-1.7,-8.3,-2.9,-7.6,0.3,-4.1,0.17,-0.37,-0.01,-0.31,0.2,5.1,-1.4,-3.1,-9.8
5108055,MT,5103,Terra Nova Do Norte,-54.9774,-10.5073,Sinop,-1.7,-8.3,-2.9,-7.6,-4.4,0.1,-0.16,-0.08,-0.34,-0.02,0.9,3,-1.6,-3.6,-15.2
5108105,MT,5105,Tesouro,-53.4538,-15.9077,Rondonópolis,-3.4,-5.5,-2.9,-7.6,-1.8,-1,-0.04,-0.1,-0.15,-0.09,0.7,2.4,-6.3,0.9,-4.1
5108204,MT,5104,Torixoréu,-52.8894,-16.2941,Barra do Garças,-3.2,-11,-2.9,-7.6,-0.7,-2.2,0.04,-0.23,-0.04,-0.13,0.4,2.4,-4,-0.8,-5.7
5108303,MT,5103,União Do Sul,-54.315,-11.5261,Sinop,-1.7,-8.3,-2.9,-7.6,-6.1,2.1,-0.19,-0.1,-0.53,0.16,0.6,4.1,0.4,-2.4,-7.4
5108352,MT,5102,Vale De São Domingos,-58.9628,-14.9737,Cáceres,-1.9,-8.2,-2.9,-7.6,-4.6,3.9,-0.22,0.28,-0.34,0.3,0.4,1.7,3.2,,
5108402,MT,5101,Várzea Grande,-56.2827,-15.5646,Cuiabá,-3,-6.6,-2.9,-7.6,-4.2,0.5,-0.18,0.03,-0.17,0.04,-0.2,5.2,0.1,,
5108501,MT,5103,Vera,-55.3452,-12.4207,Sinop,-1.7,-8.3,-2.9,-7.6,-2.1,-0.8,0.18,-0.3,-0.18,-0.07,0.3,3.1,-2.2,-3.7,-9.1
5108600,MT,5104,Vila Rica,-51.4042,-9.9804,Barra do Garças,-3.2,-11,-2.9,-7.6,-4.9,0.4,0.02,-0.29,-0.37,-0.01,0.5,0.8,-4,-5.1,
5108808,MT,5103,Nova Guarita,-55.3388,-10.2927,Sinop,-1.7,-8.3,-2.9,-7.6,-3.5,-1.4,0.03,-0.22,-0.25,-0.15,0.7,3.1,-4.4,-0.7,5.7
5108857,MT,5101,Nova Marilândia,-57.2614,-14.2887,Cuiabá,-3,-6.6,-2.9,-7.6,2.3,-4.5,0.03,-0.18,0.07,-0.25,0.1,5.1,-8.3,-0.6,-1.4
5108907,MT,5101,Nova Maringá,-57.2202,-12.7823,Cuiabá,-3,-6.6,-2.9,-7.6,-2.3,-2.3,0.01,-0.35,-0.17,-0.17,0.2,4.1,-2.4,-3.2,-9.1
5108956,MT,5103,Nova Monte Verde,-57.2494,-9.9661,Sinop,-1.7,-8.3,-2.9,-7.6,-6.9,-0.2,-0.27,-0.07,-0.48,-0.05,0.6,2.4,-3.6,,
5200050,GO,5201,Abadia De Goiás,-49.4559,-16.7863,Goiânia,-1,4.3,-2.2,-4.9,-5.2,-1.1,-0.28,-0.08,-0.29,-0.12,0.1,2.6,-4.1,-3.3,
5200100,GO,5201,Abadiânia,-48.7145,-16.1862,Goiânia,-1,4.3,-2.2,-4.9,-2.8,0.9,0.07,-0.29,-0.22,0.02,0.3,1.3,-3.6,3.8,
5200134,GO,5204,Acreúna,-50.325,-17.4516,São Luís de Montes Belos - Iporá,-4.3,-7,-2.2,-4.9,0.4,-5.8,0.07,-0.22,0.02,-0.31,0.3,2.6,-2.5,-6.9,-5.4
5200159,GO,5201,Adelândia,-50.1834,-16.3708,Goiânia,-1,4.3,-2.2,-4.9,-4.3,1.3,-0.13,-0.02,-0.29,0.06,1.2,2.4,-0.8,-1.2,
5200175,GO,5206,Água Fria De Goiás,-47.7938,-14.9063,Luziânia - Águas Lindas de Goiás,0,-8.9,-2.2,-4.9,-3.9,-1.3,0.1,-0.34,-0.23,-0.08,-0.4,1.2,-4,-2.5,-13.8
5200209,GO,5202,Água Limpa,-48.7911,-18.0779,Itumbiara,0.6,-8.5,-2.2,-4.9,0.9,-4.3,0.07,-0.25,0.02,-0.25,0.1,2.6,-0.2,,
5200258,GO,5206,Águas Lindas De Goiás,-48.2885,-15.7569,Luziânia - Águas Lindas de Goiás,0,-8.9,-2.2,-4.9,-2.7,-2.7,0.12,-0.34,-0.19,-0.24,0,0.1,-4.8,,
5200308,GO,5201,Alexânia,-48.4817,-16.0897,Goiânia,-1,4.3,-2.2,-4.9,-2.9,-0.4,-0.07,-0.25,-0.23,-0.1,-0.6,0.6,-2.1,-1.8,
5200506,GO,5202,Aloândia,-49.4637,-17.6938,Itumbiara,0.6,-8.5,-2.2,-4.9,1.1,-4.9,0.07,-0.26,0.07,-0.29,-0.5,2,-3.4,0.4,
5200555,GO,5205,Alto Horizonte,-49.4279,-14.1716,Porangatu - Uruaçu,-4.8,2.8,-2.2,-4.9,-5.2,-1.3,-0.09,-0.24,-0.38,-0.09,0.2,4.6,0.7,,
5200605,GO,5206,Alto Paraíso De Goiás,-47.5332,-14.1826,Luziânia - Águas Lindas de Goiás,0,-8.9,-2.2,-4.9,-3.4,-3.7,0.12,-0.4,-0.22,-0.23,1,0.1,-0.2,4.1,
5200803,GO,5206,Alvorada Do Norte,-46.6318,-14.5672,Luziânia - Águas Lindas de Goiás,0,-8.9,-2.2,-4.9,-3.3,-5.5,0.05,-0.45,-0.19,-0.27,-0.4,7.4,-3.3,0.8,
5200829,GO,5205,Amaralina,-49.616,-13.8427,Porangatu - Uruaçu,-4.8,2.8,-2.2,-4.9,-5.7,-0.8,-0.01,-0.25,-0.41,-0.04,0.6,5.1,-0.3,-5,
5200852,GO,5201,Americano Do Brasil,-50.002,-16.2605,Goiânia,-1,4.3,-2.2,-4.9,-3.8,0.6,-0.11,-0.09,-0.26,0.03,1.1,1.8,-1.6,0.5,
5200902,GO,5204,Amorinópolis,-51.1072,-16.6264,São Luís de Montes Belos - Iporá,-4.3,-7,-2.2,-4.9,-0.7,-4.8,0.04,-0.26,-0.06,-0.26,-0.3,1.9,-4.3,-4.2,
5201108,GO,5201,Anápolis,-48.9749,-16.2904,Goiânia,-1,4.3,-2.2,-4.9,-2,0.2,0.03,-0.26,-0.17,-0.03,0.2,1.2,-1.6,2.5,
5201207,GO,5201,Anhanguera,-48.2239,-18.3093,Goiânia,-1,4.3,-2.2,-4.9,2.3,-6.8,0.11,-0.27,0.1,-0.33,0.2,4.5,2.8,,
5201306,GO,5201,Anicuns,-49.9688,-16.3994,Goiânia,-1,4.3,-2.2,-4.9,-4.3,0,-0.18,-0.08,-0.25,-0.03,1.3,2.1,-2.3,-0.3,
5201405,GO,5201,Aparecida De Goiânia,-49.2661,-16.8113,Goiânia,-1,4.3,-2.2,-4.9,-2.5,-2,-0.11,-0.16,-0.17,-0.18,-0.3,3,-6.7,,
5201454,GO,5203,Aparecida Do Rio Doce,-51.2644,-18.2175,Rio Verde,-3.5,-4.7,-2.2,-4.9,4.3,-3.9,0.16,-0.02,0.17,-0.17,-0.9,1.9,-3.9,-9.2,
5201504,GO,5203,Aporé,-52.0464,-18.7671,Rio Verde,-3.5,-4.7,-2.2,-4.9,4.7,-4.8,0.1,0,0.23,-0.24,0.3,0.9,-4.3,-2.1,14.3
5201603,GO,5201,Araçu,-49.7012,-16.3673,Goiânia,-1,4.3,-2.2,-4.9,-5.1,-0.7,-0.22,-0.13,-0.29,-0.07,1.3,2.5,-4.3,-0.8,
5201702,GO,5204,Aragarças,-52.1474,-15.9723,São Luís de Montes Belos - Iporá,-4.3,-7,-2.2,-4.9,-1.8,-3.6,-0.07,-0.3,-0.13,-0.28,0,4.2,-3.8,,
5201801,GO,5201,Aragoiânia,-49.4165,-16.9498,Goiânia,-1,4.3,-2.2,-4.9,-2.1,-3.1,-0.17,-0.18,-0.16,-0.27,-0.1,2.7,-5.1,,
5202155,GO,5201,Araguapaz,-50.4407,-15.1392,Goiânia,-1,4.3,-2.2,-4.9,-2.2,-1.4,-0.03,-0.17,-0.18,-0.12,0.6,5.9,0,-5.7,
5202353,GO,5204,Arenópolis,-51.5859,-16.3517,São Luís de Montes Belos - Iporá,-4.3,-7,-2.2,-4.9,-1.8,-3.1,0.01,-0.27,-0.11,-0.19,-0.5,4,-0.3,-3.2,
5202502,GO,5201,Aruanã,-50.9365,-14.8054,Goiânia,-1,4.3,-2.2,-4.9,-1.6,-2.8,0,-0.25,-0.12,-0.19,0.1,7.3,-6.2,-8.6,
5202601,GO,5204,Aurilândia,-50.5258,-16.6954,São Luís de Montes Belos - Iporá,-4.3,-7,-2.2,-4.9,-3.5,-2.4,-0.19,-0.06,-0.26,-0.14,1.2,1.7,-1.3,,
5202809,GO,5201,Avelinópolis,-49.7668,-16.4959,Goiânia,-1,4.3,-2.2,-4.9,-6.2,0.6,-0.26,-0.08,-0.38,0.01,0.8,2.3,-5.6,1.6,
5203104,GO,5204,Baliza,-52.4383,-16.3604,São Luís de Montes Belos - Iporá,-4.3,-7,-2.2,-4.9,0.8,-4.1,0.1,-0.31,0.07,-0.26,0.4,2.1,-2,-1.6,
5203203,GO,5205,Barro Alto,-48.8796,-14.9078,Porangatu - Uruaçu,-4.8,2.8,-2.2,-4.9,-3.4,-2.3,0.03,-0.27,-0.23,-0.19,0.3,3,0,-2.5,
5203302,GO,5201,Bela Vista De Goiás,-48.9124,-16.9571,Goiânia,-1,4.3,-2.2,-4.9,-1.2,-2.3,-0.02,-0.16,-0.08,-0.14,0,2.9,-4.2,-1.2,
5203401,GO,5204,Bom Jardim De Goiás,-52.0734,-16.1698,São Luís de Montes Belos - Iporá,-4.3,-7,-2.2,-4.9,-1.3,-4.1,-0.05,-0.29,-0.08,-0.26,0.1,3,-5.4,-2.8,
5203500,GO,5202,Bom Jesus De Goiás,-49.88,-18.1913,Itumbiara,0.6,-8.5,-2.2,-4.9,3.9,-3.4,0.21,-0.16,0.2,-0.19,-0.1,1.7,-1.1,3.5,-11.3
5203559,GO,5201,Bonfinópolis,-49.0083,-16.603,Goiânia,-1,4.3,-2.2,-4.9,-2.2,0.1,-0.13,-0.09,-0.15,-0.04,-0.3,2.7,0,,
5203575,GO,5205,Bonópolis,-49.8645,-13.5715,Porangatu - Uruaçu,-4.8,2.8,-2.2,-4.9,-5.1,-0.9,0.11,-0.32,-0.37,-0.07,0.7,8.4,0.1,-5.2,
5203609,GO,5201,Brazabrantes,-49.3779,-16.3886,Goiânia,-1,4.3,-2.2,-4.9,-3.4,-4,-0.12,-0.27,-0.22,-0.26,0.5,2.7,-0.1,-7.8,
5203807,GO,5201,Britânia,-51.209,-15.237,Goiânia,-1,4.3,-2.2,-4.9,-3.6,-3,-0.08,-0.28,-0.23,-0.2,-0.1,6.7,-0.4,,
5203906,GO,5202,Buriti Alegre,-49.0039,-18.1266,Itumbiara,0.6,-8.5,-2.2,-4.9,-0.6,-1.6,0.02,-0.15,-0.05,-0.1,0,1.1,0.7,1.4,
5203939,GO,5204,Buriti De Goiás,-50.4516,-16.1683,São Luís de Montes Belos - Iporá,-4.3,-7,-2.2,-4.9,-2.8,-2.3,-0.05,-0.18,-0.24,-0.15,0.7,3.5,-1.8,,
5203962,GO,5206,Buritinópolis,-46.2973,-14.4082,Luziânia - Águas Lindas de Goiás,0,-8.9,-2.2,-4.9,-0.7,-6,0.16,-0.48,-0.07,-0.29,0,4.4,-2.6,,
5204003,GO,5206,Cabeceiras,-46.9911,-15.7617,Luziânia - Águas Lindas de Goiás,0,-8.9,-2.2,-4.9,-1.4,-3.6,0.18,-0.3,-0.09,-0.23,0.2,3.3,-1.7,7.6,-20.9
5204102,GO,5203,Cachoeira Alta,-50.9817,-18.5411,Rio Verde,-3.5,-4.7,-2.2,-4.9,6.7,-6.6,0.31,-0.13,0.26,-0.27,-1,1.7,-7.4,,
5204201,GO,5204,Cachoeira De Goiás,-50.7007,-16.7222,São Luís de Montes Belos - Iporá,-4.3,-7,-2.2,-4.9,-4.6,-2,-0.22,-0.06,-0.29,-0.14,0.1,1.9,-3.7,,
5204250,GO,5202,Cachoeira Dourada,-49.6226,-18.4927,Itumbiara,0.6,-8.5,-2.2,-4.9,1.5,1,0.22,-0.08,0.12,0.02,0.4,3.1,-1.3,1.4,19.4
5204300,GO,5203,Caçu,-51.1313,-18.7013,Rio Verde,-3.5,-4.7,-2.2,-4.9,6.3,-4.9,0.32,-0.13,0.26,-0.22,-0.7,3,-7.5,-1.9,-2.1
5204409,GO,5203,Caiapônia,-51.8154,-17.0083,Rio Verde,-3.5,-4.7,-2.2,-4.9,0.6,-5,0.04,-0.2,0.02,-0.24,-0.3,1.8,2,-0.8,-3.9
5204508,GO,5202,Caldas Novas,-48.6465,-17.7086,Itumbiara,0.6,-8.5,-2.2,-4.9,2.8,-3.8,0.16,-0.26,0.15,-0.26,0.2,2.2,1.2,0.5,44.1
5204557,GO,5201,Caldazinha,-48.9728,-16.7422,Goiânia,-1,4.3,-2.2,-4.9,-2.6,-0.8,-0.15,-0.06,-0.17,-0.08,-0.2,2.9,-3.2,,
5204607,GO,5204,Campestre De Goiás,-49.6993,-16.7885,São Luís de Montes Belos - Iporá,-4.3,-7,-2.2,-4.9,-5.6,-0.6,-0.34,-0.06,-0.39,-0.05,-0.5,3.2,-0.8,-5.8,
5204656,GO,5205,Campinaçu,-48.5679,-13.8847,Porangatu - Uruaçu,-4.8,2.8,-2.2,-4.9,-1.9,-1.9,0.12,-0.27,-0.13,-0.15,0.3,2.1,0.9,-11.8,
5204706,GO,5205,Campinorte,-48.9727,-14.044,Porangatu - Uruaçu,-4.8,2.8,-2.2,-4.9,-2.3,-2.7,0.06,-0.28,-0.13,-0.18,0.3,2.7,0.5,-0.8,
5204805,GO,5201,Campo Alegre De Goiás,-47.7689,-17.5515,Goiânia,-1,4.3,-2.2,-4.9,-0.9,-6.2,0,-0.24,-0.05,-0.3,-0.6,1.9,-0.4,-3.9,-8
5204854,GO,5201,Campo Limpo De Goiás,-49.1039,-16.2837,Goiânia,-1,4.3,-2.2,-4.9,-2.3,-1.4,-0.03,-0.22,-0.17,-0.12,0.1,1.8,-2.1,-0.4,
5204904,GO,5206,Campos Belos,-46.5148,-13.0003,Luziânia - Águas Lindas de Goiás,0,-8.9,-2.2,-4.9,-1.5,-5.3,0.22,-0.48,-0.14,-0.28,0.1,3.7,-2.9,,
5204953,GO,5205,Campos Verdes,-49.6619,-14.1997,Porangatu - Uruaçu,-4.8,2.8,-2.2,-4.9,-4.5,-0.8,-0.08,-0.23,-0.36,-0.07,0.4,5,0.6,,
5205000,GO,5205,Carmo Do Rio Verde,-49.744,-15.4259,Porangatu - Uruaçu,-4.8,2.8,-2.2,-4.9,-2.5,-2,-0.01,-0.25,-0.18,-0.17,0.7,2.1,-1.9,,
5205059,GO,5203,Castelândia,-50.3416,-18.1564,Rio Verde,-3.5,-4.7,-2.2,-4.9,2.2,-3.4,0.21,-0.14,0.11,-0.17,0.3,2,-1.6,-6.9,
5205109,GO,5201,Catalão,-47.6643,-17.9302,Goiânia,-1,4.3,-2.2,-4.9,1.2,-8.4,0.12,-0.31,0.03,-0.39,-1.3,2.4,0,-2.6,
5205208,GO,5201,Caturaí,-49.5849,-16.4545,Goiânia,-1,4.3,-2.2,-4.9,-5,-1.4,-0.21,-0.16,-0.29,-0.12,0.6,2.9,-2.9,-0.6,
5205307,GO,5206,Cavalcante,-47.6958,-13.6351,Luziânia - Águas Lindas de Goiás,0,-8.9,-2.2,-4.9,-3.7,-3.2,0.11,-0.35,-0.19,-0.19,0.6,2.2,-8,,
5205406,GO,5205,Ceres,-49.6376,-15.2766,Porangatu - Uruaçu,-4.8,2.8,-2.2,-4.9,-2.7,-3,-0.02,-0.28,-0.2,-0.2,0.6,1.8,-1.5,,
5205455,GO,5204,Cezarina,-49.758,-17.084,São Luís de Montes Belos - Iporá,-4.3,-7,-2.2,-4.9,-5.6,-0.5,-0.31,0.03,-0.38,0.03,-1,3.3,-2.2,-2,
5205471,GO,5203,Chapadão Do Céu,-52.6339,-18.4652,Rio Verde,-3.5,-4.7,-2.2,-4.9,1.1,0.4,-0.09,0.26,0.09,0,0.5,0.6,-4.6,-2.7,-2.7
5205497,GO,5206,Cidade Ocidental,-47.8199,-16.1231,Luziânia - Águas Lindas de Goiás,0,-8.9,-2.2,-4.9,-2.2,-1.8,0.07,-0.31,-0.16,-0.14,-0.3,0.7,0.4,10,
5205513,GO,5206,Cocalzinho De Goiás,-48.6026,-15.6547,Luziânia - Águas Lindas de Goiás,0,-8.9,-2.2,-4.9,-3,-1.1,0.03,-0.32,-0.24,-0.15,0.4,1.6,-3.4,-0.6,
5205521,GO,5205,Colinas Do Sul,-48.0749,-13.986,Porangatu - Uruaçu,-4.8,2.8,-2.2,-4.9,-4.8,0.9,0.02,-0.22,-0.28,-0.02,0.6,4.3,-1.7,,
5205703,GO,5204,Córrego Do Ouro,-50.578,-16.3662,São Luís de Montes Belos - Iporá,-4.3,-7,-2.2,-4.9,-2.4,-3.1,-0.11,-0.14,-0.2,-0.19,0.6,2.6,-5.8,,
5205802,GO,5201,Corumbá De Goiás,-48.6783,-15.9302,Goiânia,-1,4.3,-2.2,-4.9,-3.2,-0.4,-0.03,-0.27,-0.23,-0.12,0.4,0.6,-3.8,1.2,
5205901,GO,5202,Corumbaíba,-48.5323,-18.1689,Itumbiara,0.6,-8.5,-2.2,-4.9,1,-5.5,0.03,-0.22,0.03,-0.29,-0.5,3.4,1.2,-3.3,
5206206,GO,5206,Cristalina,-47.5177,-16.6989,Luziânia - Águas Lindas de Goiás,0,-8.9,-2.2,-4.9,-0.9,-3.6,0.11,-0.25,-0.08,-0.22,-0.4,0.5,0.8,0.9,0.5
5206305,GO,5202,Cristianópolis,-48.708,-17.2137,Itumbiara,0.6,-8.5,-2.2,-4.9,-1.4,-2.5,0.02,-0.14,-0.08,-0.13,-0.1,2,0,-1.5,
5206404,GO,5205,Crixás,-50.0646,-14.6395,Porangatu - Uruaçu,-4.8,2.8,-2.2,-4.9,-3.8,-1,-0.03,-0.24,-0.29,-0.1,1,4.2,-4.2,,
5206503,GO,5202,Cromínia,-49.36,-17.2409,Itumbiara,0.6,-8.5,-2.2,-4.9,-1.8,-3.7,-0.07,-0.18,-0.11,-0.21,-0.5,2.9,-5.6,-3.9,
5206602,GO,5201,Cumari,-48.1347,-18.3195,Goiânia,-1,4.3,-2.2,-4.9,3.2,-7.1,0.17,-0.31,0.14,-0.35,0.2,4.1,2,-3.9,
5206701,GO,5206,Damianópolis,-46.193,-14.5566,Luziânia - Águas Lindas de Goiás,0,-8.9,-2.2,-4.9,-0.2,-8.6,0.14,-0.5,-0.05,-0.32,-0.5,5.5,-2.6,,
5206800,GO,5201,Damolândia,-49.3328,-16.2548,Goiânia,-1,4.3,-2.2,-4.9,-3,-3.2,-0.07,-0.23,-0.2,-0.18,0.5,2.1,0,,
5206909,GO,5201,Davinópolis,-47.567,-18.1181,Goiânia,-1,4.3,-2.2,-4.9,5.2,-9.2,0.25,-0.34,0.22,-0.42,-0.4,2.7,-0.3,-4.3,
5207105,GO,5204,Diorama,-51.349,-16.2228,São Luís de Montes Belos - Iporá,-4.3,-7,-2.2,-4.9,-0.4,-4.9,0.08,-0.31,-0.04,-0.26,-0.4,2.9,-1.4,-2.4,
5207253,GO,5203,Doverlândia,-52.4935,-16.8047,Rio Verde,-3.5,-4.7,-2.2,-4.9,1.6,-4.8,0.14,-0.26,0.09,-0.23,0.1,2.9,-2.9,1.4,-7.6
5207352,GO,5202,Edealina,-49.7418,-17.4202,Itumbiara,0.6,-8.5,-2.2,-4.9,-0.8,-3.9,-0.07,-0.15,-0.01,-0.25,-0.3,3.2,-1.7,-0.8,-2.4
5207402,GO,5204,Edéia,-49.9651,-17.4772,São Luís de Montes Belos - Iporá,-4.3,-7,-2.2,-4.9,-0.3,-3.8,-0.04,-0.14,-0.01,-0.22,-0.1,2.5,-2.9,-1.8,
5207501,GO,5205,Estrela Do Norte,-49.0866,-13.8152,Porangatu - Uruaçu,-4.8,2.8,-2.2,-4.9,-2.9,-2.5,0.08,-0.26,-0.19,-0.14,-0.3,3.8,-0.5,-6.1,
5207535,GO,5201,Faina,-50.3697,-15.4348,Goiânia,-1,4.3,-2.2,-4.9,-2,-2.4,-0.04,-0.2,-0.16,-0.18,0.8,5.2,-1.3,,
5207600,GO,5204,Fazenda Nova,-50.8552,-16.1533,São Luís de Montes Belos - Iporá,-4.3,-7,-2.2,-4.9,-2.6,-4,-0.02,-0.28,-0.18,-0.25,-0.1,5,-0.3,,
5207808,GO,5204,Firminópolis,-50.3132,-16.6379,São Luís de Montes Belos - Iporá,-4.3,-7,-2.2,-4.9,-6.9,1.5,-0.37,0.09,-0.5,0.14,0.6,2.3,-2,-6.9,
5207907,GO,5206,Flores De Goiás,-46.9051,-14.6511,Luziânia - Águas Lindas de Goiás,0,-8.9,-2.2,-4.9,-2.9,-4.7,0.08,-0.41,-0.18,-0.24,-0.2,7.6,0.2,-1.4,
5208004,GO,5206,Formosa,-47.248,-15.309,Luziânia - Águas Lindas de Goiás,0,-8.9,-2.2,-4.9,0.3,-6,0.19,-0.39,0.01,-0.3,-0.1,4.2,0.2,2.8,-11.5
5208103,GO,5205,Formoso,-48.8687,-13.7228,Porangatu - Uruaçu,-4.8,2.8,-2.2,-4.9,-2.7,-2.7,0.11,-0.28,-0.18,-0.17,-0.2,2.5,2.1,,
5208152,GO,5201,Gameleira De Goiás,-48.6747,-16.4034,Goiânia,-1,4.3,-2.2,-4.9,-2.7,-0.9,-0.02,-0.2,-0.21,-0.06,-0.2,0.8,0.1,-2,-11.6
5208301,GO,5206,Divinópolis De Goiás,-46.5185,-13.2625,Luziânia - Águas Lindas de Goiás,0,-8.9,-2.2,-4.9,-2.6,-4.4,0.22,-0.52,-0.18,-0.26,-0.2,4.7,-4.1,,
5208400,GO,5201,Goianápolis,-49.0711,-16.5159,Goiânia,-1,4.3,-2.2,-4.9,-3.1,-0.9,-0.14,-0.16,-0.2,-0.06,0,2.1,1.3,-1.3,
5208509,GO,5201,Goiandira,-48.1378,-18.1212,Goiânia,-1,4.3,-2.2,-4.9,1.9,-7.1,0.11,-0.29,0.06,-0.33,-0.3,3.4,0.2,5.5,
5208608,GO,5205,Goianésia,-49.1682,-15.2735,Porangatu - Uruaçu,-4.8,2.8,-2.2,-4.9,-0.6,-2.7,0.04,-0.28,-0.09,-0.24,0.2,1.4,-1,-2.9,
5208707,GO,5201,Goiânia,-49.2763,-16.6442,Goiânia,-1,4.3,-2.2,-4.9,-4,-0.8,-0.22,-0.12,-0.24,-0.07,0,4.8,-1.1,-1.1,
5208806,GO,5201,Goianira,-49.4294,-16.499,Goiânia,-1,4.3,-2.2,-4.9,-4.2,-3.7,-0.18,-0.23,-0.24,-0.22,0.4,3,-3.2,4.7,
5208905,GO,5201,Goiás,-50.2422,-15.8469,Goiânia,-1,4.3,-2.2,-4.9,-1.7,-2.7,-0.02,-0.23,-0.12,-0.21,0.7,4.7,-3.2,-0.6,
5209101,GO,5202,Goiatuba,-49.6618,-17.9937,Itumbiara,0.6,-8.5,-2.2,-4.9,2.5,-3.2,0.16,-0.18,0.14,-0.21,0,1.3,-2.3,-2.8,-6.3
5209150,GO,5203,Gouvelândia,-50.1561,-18.5073,Rio Verde,-3.5,-4.7,-2.2,-4.9,4,-3.8,0.32,-0.17,0.22,-0.22,-0.2,3.8,-1.8,-5.5,
5209200,GO,5201,Guapó,-49.5728,-16.9122,Goiânia,-1,4.3,-2.2,-4.9,-3.2,-2.6,-0.2,-0.16,-0.22,-0.21,-0.3,3.8,-4.5,1.2,
5209291,GO,5201,Guaraíta,-50.0515,-15.6703,Goiânia,-1,4.3,-2.2,-4.9,-0.9,-3.9,0.04,-0.3,-0.08,-0.28,0.8,1.9,0.1,,
5209408,GO,5206,Guarani De Goiás,-46.432,-13.8907,Luziânia - Águas Lindas de Goiás,0,-8.9,-2.2,-4.9,-4,-1.4,0.08,-0.41,-0.24,-0.1,0.4,4.9,-2.8,,
5209457,GO,5205,Guarinos,-49.7314,-14.7039,Porangatu - Uruaçu,-4.8,2.8,-2.2,-4.9,-4.6,-1,-0.1,-0.22,-0.34,-0.1,0.6,4.4,-6,,
5209606,GO,5201,Heitoraí,-49.7839,-15.7452,Goiânia,-1,4.3,-2.2,-4.9,0.2,-5.3,0.04,-0.31,0,-0.3,0.8,1.9,-2.6,-5,
5209705,GO,5201,Hidrolândia,-49.2659,-17.0128,Goiânia,-1,4.3,-2.2,-4.9,-1.5,-3.7,-0.01,-0.16,-0.09,-0.19,-0.5,2.7,-6.1,-0.2,
5209804,GO,5205,Hidrolina,-49.3631,-14.7402,Porangatu - Uruaçu,-4.8,2.8,-2.2,-4.9,-3.7,-1.9,-0.09,-0.24,-0.27,-0.15,1,3,0.5,-1.2,
5209903,GO,5206,Iaciara,-46.7554,-14.0903,Luziânia - Águas Lindas de Goiás,0,-8.9,-2.2,-4.9,-4.2,-1.5,0.06,-0.41,-0.28,-0.12,0.4,6.5,-4.1,,
5209937,GO,5203,Inaciolândia,-49.9172,-18.5078,Rio Verde,-3.5,-4.7,-2.2,-4.9,3.7,-2.5,0.31,-0.2,0.22,-0.16,0.2,3.6,-1,-1.8,1.7
5209952,GO,5204,Indiara,-49.9691,-17.1851,São Luís de Montes Belos - Iporá,-4.3,-7,-2.2,-4.9,-5.7,-0.6,-0.32,0.03,-0.36,0.04,-0.3,2.8,-4.1,-1.5,
5210000,GO,5201,Inhumas,-49.5175,-16.3074,Goiânia,-1,4.3,-2.2,-4.9,-5,-1.1,-0.17,-0.15,-0.27,-0.11,1,2.2,-3.8,0.5,
5210109,GO,5201,Ipameri,-48.0537,-17.5051,Goiânia,-1,4.3,-2.2,-4.9,-0.3,-5.5,0.03,-0.27,-0.03,-0.31,-0.6,2.5,-0.9,1.1,1.2
5210158,GO,5205,Ipiranga De Goiás,-49.6719,-15.1684,Porangatu - Uruaçu,-4.8,2.8,-2.2,-4.9,-3.9,-1.4,-0.06,-0.24,-0.29,-0.11,0.6,2.4,-2.4,,
5210208,GO,5204,Iporá,-51.1819,-16.415,São Luís de Montes Belos - Iporá,-4.3,-7,-2.2,-4.9,-0.9,-4.6,0.04,-0.27,-0.07,-0.26,-0.3,2.6,-5.2,-4,
5210307,GO,5204,Israelândia,-50.8791,-16.3569,São Luís de Montes Belos - Iporá,-4.3,-7,-2.2,-4.9,-2.4,-3.9,-0.05,-0.22,-0.16,-0.24,0.2,4.4,-1.8,,
5210406,GO,5201,Itaberaí,-49.8235,-16.081,Goiânia,-1,4.3,-2.2,-4.9,-2.2,-1.3,-0.05,-0.21,-0.13,-0.12,1.1,1.8,-4.6,0.5,
5210562,GO,5201,Itaguari,-49.6245,-15.937,Goiânia,-1,4.3,-2.2,-4.9,-0.9,-5.3,0,-0.32,-0.04,-0.3,1.1,1.9,-5.2,0.3,
5210604,GO,5201,Itaguaru,-49.6144,-15.7745,Goiânia,-1,4.3,-2.2,-4.9,-0.2,-4.5,0.04,-0.3,-0.01,-0.28,1.2,1.9,-2.5,,
5210802,GO,5203,Itajá,-51.3196,-19.1011,Rio Verde,-3.5,-4.7,-2.2,-4.9,5,-2.5,0.29,-0.04,0.28,-0.14,0.6,3.2,-6.9,-2.5,
5210901,GO,5205,Itapaci,-49.6453,-14.9425,Porangatu - Uruaçu,-4.8,2.8,-2.2,-4.9,-4.5,-0.3,-0.1,-0.2,-0.33,-0.05,0.4,1.7,-1.4,-10.2,
5211008,GO,5201,Itapirapuã,-50.771,-15.7038,Goiânia,-1,4.3,-2.2,-4.9,-3.9,-2.1,-0.09,-0.22,-0.28,-0.16,0.2,4.8,0.8,-6.9,
5211206,GO,5201,Itapuranga,-49.9493,-15.5467,Goiânia,-1,4.3,-2.2,-4.9,-2.6,-2.2,-0.01,-0.24,-0.18,-0.18,0.7,1.9,-1.3,2.7,
5211305,GO,5203,Itarumã,-51.332,-18.8442,Rio Verde,-3.5,-4.7,-2.2,-4.9,5.7,-3.3,0.31,-0.06,0.28,-0.19,-0.5,2.6,-8.2,-5.9,
5211404,GO,5201,Itauçu,-49.6097,-16.1962,Goiânia,-1,4.3,-2.2,-4.9,-1.5,-2.3,-0.01,-0.23,-0.08,-0.16,1.1,2,-2.6,-3.5,
5211503,GO,5202,Itumbiara,-49.4169,-18.3528,Itumbiara,0.6,-8.5,-2.2,-4.9,0.2,1.1,0.08,-0.06,0.03,0.02,-0.2,2.4,-0.7,0,-5.9
5211602,GO,5204,Ivolândia,-51.0338,-16.6767,São Luís de Montes Belos - Iporá,-4.3,-7,-2.2,-4.9,-2.3,-4.2,-0.04,-0.21,-0.14,-0.23,-0.1,2.1,-5.6,-4.4,
5211701,GO,5204,Jandaia,-50.1815,-17.0902,São Luís de Montes Belos - Iporá,-4.3,-7,-2.2,-4.9,-6.5,0.4,-0.41,0.1,-0.44,0.13,0.3,2.3,-2.7,-4.7,
5211800,GO,5201,Jaraguá,-49.3873,-15.7016,Goiânia,-1,4.3,-2.2,-4.9,-1.1,-2.1,0.09,-0.34,-0.1,-0.21,0.2,1.9,-4.5,-0.4,
5211909,GO,5203,Jataí,-51.7311,-17.9106,Rio Verde,-3.5,-4.7,-2.2,-4.9,6.8,-5.6,0.14,-0.1,0.26,-0.24,-0.4,2.2,-6.4,-6.5,-4.2
5212006,GO,5204,Jaupaci,-51.0588,-16.19,São Luís de Montes Belos - Iporá,-4.3,-7,-2.2,-4.9,-1.6,-4.4,0.01,-0.31,-0.11,-0.29,-0.2,6.2,-3.6,-7.5,
5212055,GO,5201,Jesúpolis,-49.4112,-15.964,Goiânia,-1,4.3,-2.2,-4.9,-0.1,-3.9,0.06,-0.31,0,-0.26,0.9,1.7,-4.5,,
5212105,GO,5202,Joviânia,-49.6178,-17.7964,Itumbiara,0.6,-8.5,-2.2,-4.9,0.3,-2.9,0.04,-0.18,0.06,-0.24,-0.6,1.9,-3.5,-1.6,0.1
5212204,GO,5201,Jussara,-51.3291,-15.5843,Goiânia,-1,4.3,-2.2,-4.9,-3.9,-2.2,-0.09,-0.23,-0.27,-0.15,-0.2,5.9,-1.5,0.5,
5212253,GO,5203,Lagoa Santa,-51.2862,-19.1828,Rio Verde,-3.5,-4.7,-2.2,-4.9,4,0,0.28,0,0.24,-0.04,0.5,2.8,-3.7,,
5212303,GO,5201,Leopoldo De Bulhões,-48.89,-16.5691,Goiânia,-1,4.3,-2.2,-4.9,-3.1,-1.3,-0.11,-0.15,-0.24,-0.07,-0.4,1.5,0.1,1.5,
5212501,GO,5206,Luziânia,-47.9914,-16.4814,Luziânia - Águas Lindas de Goiás,0,-8.9,-2.2,-4.9,-1.3,-2.9,0.04,-0.26,-0.09,-0.18,-0.6,0.5,-1,-5.7,-9.1
5212600,GO,5202,Mairipotaba,-49.4614,-17.2964,Itumbiara,0.6,-8.5,-2.2,-4.9,-0.4,-5.5,-0.03,-0.23,-0.03,-0.31,-0.6,3.1,-8.1,-1.3,
5212709,GO,5206,Mambaí,-46.0691,-14.4117,Luziânia - Águas Lindas de Goiás,0,-8.9,-2.2,-4.9,-0.5,-6.8,0.18,-0.48,-0.05,-0.29,-0.4,3.5,0.9,,
5212808,GO,5205,Mara Rosa,-49.3919,-13.9967,Porangatu - Uruaçu,-4.8,2.8,-2.2,-4.9,-4.2,-2.1,-0.01,-0.26,-0.32,-0.15,0.4,3.8,0.9,-1.2,
5212907,GO,5202,Marzagão,-48.6884,-17.9857,Itumbiara,0.6,-8.5,-2.2,-4.9,1.2,-4.7,0.08,-0.27,0.03,-0.28,0.2,3.6,0.8,-1.9,
5212956,GO,5201,Matrinchã,-50.7752,-15.3764,Goiânia,-1,4.3,-2.2,-4.9,-2.3,-2.5,-0.05,-0.23,-0.16,-0.18,0.3,5.5,-1.8,-0.8,
5213004,GO,5203,Maurilândia,-50.3618,-18.0372,Rio Verde,-3.5,-4.7,-2.2,-4.9,3,-3.9,0.18,-0.13,0.15,-0.2,0.3,1.9,-0.9,-0.3,
5213053,GO,5206,Mimoso De Goiás,-48.3087,-15.017,Luziânia - Águas Lindas de Goiás,0,-8.9,-2.2,-4.9,-5.6,-2.1,0.01,-0.34,-0.32,-0.15,-0.1,2.7,-4.6,-0.1,
5213087,GO,5205,Minaçu,-48.3499,-13.4979,Porangatu - Uruaçu,-4.8,2.8,-2.2,-4.9,-4.2,-0.1,-0.02,-0.15,-0.21,-0.05,0.5,4.5,-1.9,-7.7,
5213103,GO,5203,Mineiros,-52.7675,-17.6309,Rio Verde,-3.5,-4.7,-2.2,-4.9,0.4,0.9,-0.01,0.08,0.01,0.01,0,0.7,-4.9,-4.2,1.5
5213400,GO,5204,Moiporá,-50.7724,-16.5079,São Luís de Montes Belos - Iporá,-4.3,-7,-2.2,-4.9,-2.9,-3.7,-0.09,-0.17,-0.17,-0.24,0.2,2.1,-4.1,,
5213509,GO,5206,Monte Alegre De Goiás,-46.9234,-13.294,Luziânia - Águas Lindas de Goiás,0,-8.9,-2.2,-4.9,-0.7,-5.7,0.24,-0.5,-0.09,-0.34,0.4,5.5,-3.8,-1.9,
5213707,GO,5204,Montes Claros De Goiás,-51.5782,-15.9146,São Luís de Montes Belos - Iporá,-4.3,-7,-2.2,-4.9,-3.1,-3.4,-0.01,-0.3,-0.18,-0.21,-0.5,5.4,-0.4,-0.5,
5213756,GO,5203,Montividiu,-51.1917,-17.3175,Rio Verde,-3.5,-4.7,-2.2,-4.9,0.5,-3.1,0.02,0.01,0.01,-0.21,-0.5,0.6,-2.1,-2.4,-6
5213772,GO,5205,Montividiu Do Norte,-48.7321,-13.146,Porangatu - Uruaçu,-4.8,2.8,-2.2,-4.9,-4.4,-2,0.11,-0.34,-0.26,-0.15,-0.3,5.7,-0.2,-5.6,
5213806,GO,5202,Morrinhos,-49.1296,-17.7748,Itumbiara,0.6,-8.5,-2.2,-4.9,1.1,-4.5,0.07,-0.25,0.06,-0.26,0.1,1.3,-3,0.1,-21.8
5213855,GO,5205,Morro Agudo De Goiás,-50.015,-15.3101,Porangatu - Uruaçu,-4.8,2.8,-2.2,-4.9,-2.8,-1,-0.02,-0.21,-0.23,-0.1,0.7,2.2,-0.7,,
5213905,GO,5201,Mossâmedes,-50.1573,-16.1615,Goiânia,-1,4.3,-2.2,-4.9,-3.1,-0.2,-0.08,-0.11,-0.21,-0.03,1,2.1,-1.3,0.4,
5214002,GO,5201,Mozarlândia,-50.5859,-14.8438,Goiânia,-1,4.3,-2.2,-4.9,-2.2,-2.4,-0.02,-0.25,-0.17,-0.18,0.1,5.8,-5.5,-5.8,
5214051,GO,5205,Mundo Novo,-50.2037,-13.7966,Porangatu - Uruaçu,-4.8,2.8,-2.2,-4.9,-1.4,-2.1,0.16,-0.35,-0.15,-0.15,-0.2,8.2,-3.1,-1.4,
5214101,GO,5205,Mutunópolis,-49.3018,-13.7197,Porangatu - Uruaçu,-4.8,2.8,-2.2,-4.9,-4.2,-2.1,0.08,-0.27,-0.27,-0.13,0.2,5.1,2.2,-11.6,
5214408,GO,5204,Nazário,-49.8505,-16.5854,São Luís de Montes Belos - Iporá,-4.3,-7,-2.2,-4.9,-6.2,1.2,-0.28,-0.03,-0.36,0.04,0.9,3.1,-4.7,-0.5,
5214507,GO,5201,Nerópolis,-49.187,-16.426,Goiânia,-1,4.3,-2.2,-4.9,-3.5,-1.9,-0.14,-0.2,-0.22,-0.11,0.2,2.6,0.5,-2,
5214606,GO,5205,Niquelândia,-48.4022,-14.498,Porangatu - Uruaçu,-4.8,2.8,-2.2,-4.9,-3.7,-1.5,0.07,-0.29,-0.26,-0.13,0.2,2.1,-3,-3,7.6
5214705,GO,5205,Nova América,-49.932,-15.0439,Porangatu - Uruaçu,-4.8,2.8,-2.2,-4.9,-4.3,-0.7,-0.08,-0.21,-0.32,-0.07,0.7,2,-2,,
5214804,GO,5201,Nova Aurora,-48.2961,-18.0963,Goiânia,-1,4.3,-2.2,-4.9,2.4,-7.4,0.08,-0.27,0.06,-0.33,-0.3,3.5,2,,
5214838,GO,5201,Nova Crixás,-50.5618,-14.1337,Goiânia,-1,4.3,-2.2,-4.9,-1.3,-2,0.07,-0.25,-0.13,-0.15,0.2,7,-4.4,-1.3,
5214861,GO,5205,Nova Glória,-49.5096,-15.079,Porangatu - Uruaçu,-4.8,2.8,-2.2,-4.9,-3.9,-0.7,-0.09,-0.19,-0.31,-0.07,0.4,3.3,-1.8,,
5214879,GO,5205,Nova Iguaçu De Goiás,-49.2866,-14.3114,Porangatu - Uruaçu,-4.8,2.8,-2.2,-4.9,-3.5,-1.7,-0.05,-0.22,-0.26,-0.12,0.4,3.4,1.3,,
5214903,GO,5206,Nova Roma,-47.0115,-13.8014,Luziânia - Águas Lindas de Goiás,0,-8.9,-2.2,-4.9,-1.6,-5.8,0.24,-0.49,-0.12,-0.29,0.8,1,-0.5,,
5215009,GO,5201,Nova Veneza,-49.3096,-16.3559,Goiânia,-1,4.3,-2.2,-4.9,-3.4,-4,-0.12,-0.27,-0.22,-0.26,0.5,2.7,-0.1,-1,
5215207,GO,5201,Novo Brasil,-50.6472,-16.0544,Goiânia,-1,4.3,-2.2,-4.9,-3.5,-2.7,-0.08,-0.19,-0.25,-0.19,0.7,5,-3.4,,
5215231,GO,5206,Novo Gama,-48.0747,-16.1248,Luziânia - Águas Lindas de Goiás,0,-8.9,-2.2,-4.9,-1.1,-3.1,0.04,-0.29,-0.09,-0.22,-0.6,0.4,-1.4,,
5215256,GO,5205,Novo Planalto,-49.7289,-13.2497,Porangatu - Uruaçu,-4.8,2.8,-2.2,-4.9,-5.2,-1,0.13,-0.34,-0.35,-0.09,0.6,7.5,1.8,-8.6,
5215306,GO,5201,Orizona,-48.1955,-17.0085,Goiânia,-1,4.3,-2.2,-4.9,-1,-3.8,-0.02,-0.17,-0.08,-0.19,-0.1,2.6,0.2,0.3,7.6
5215405,GO,5201,Ouro Verde De Goiás,-49.22,-16.2553,Goiânia,-1,4.3,-2.2,-4.9,-2.9,-2.8,-0.07,-0.23,-0.22,-0.16,0.4,2,-0.2,,
5215504,GO,5201,Ouvidor,-47.7484,-18.2199,Goiânia,-1,4.3,-2.2,-4.9,2.3,-6.8,0.2,-0.3,0.11,-0.34,-0.2,2.8,2.2,-5.9,
5215603,GO,5206,Padre Bernardo,-48.3055,-15.3612,Luziânia - Águas Lindas de Goiás,0,-8.9,-2.2,-4.9,-4.8,-2.5,0.04,-0.4,-0.36,-0.19,0.3,1.5,-6.1,-2.2,
5215652,GO,5204,Palestina De Goiás,-51.4411,-16.7059,São Luís de Montes Belos - Iporá,-4.3,-7,-2.2,-4.9,0.9,-8.3,0.08,-0.31,0.03,-0.31,0.1,2.2,0.5,-0.9,-5.1
5215702,GO,5204,Palmeiras De Goiás,-49.9461,-16.8065,São Luís de Montes Belos - Iporá,-4.3,-7,-2.2,-4.9,-4.9,1.5,-0.27,0.03,-0.33,0.11,0.7,2.9,-3.8,-0.5,
5215801,GO,5201,Palmelo,-48.3977,-17.3051,Goiânia,-1,4.3,-2.2,-4.9,-0.3,-3.3,0.02,-0.22,-0.02,-0.2,-0.7,3,0.4,-0.9,
5215900,GO,5204,Palminópolis,-50.1961,-16.818,São Luís de Montes Belos - Iporá,-4.3,-7,-2.2,-4.9,-6.7,2.8,-0.39,0.13,-0.46,0.22,0.9,2.6,-2.7,-2.6,
5216007,GO,5202,Panamá,-49.4054,-18.2033,Itumbiara,0.6,-8.5,-2.2,-4.9,0,0.9,0.09,-0.06,0.01,0.02,0.3,1.4,-1.9,-0.5,-13.9
5216304,GO,5203,Paranaiguara,-50.6241,-18.8093,Rio Verde,-3.5,-4.7,-2.2,-4.9,7.1,-6.6,0.41,-0.23,0.33,-0.31,-0.6,2.9,-7.4,0,
5216403,GO,5204,Paraúna,-50.6368,-17.0477,São Luís de Montes Belos - Iporá,-4.3,-7,-2.2,-4.9,-3.6,-2.5,-0.19,-0.04,-0.21,-0.17,0.2,2.2,-4.7,-4.4,-10.1
5216452,GO,5203,Perolândia,-52.227,-17.4937,Rio Verde,-3.5,-4.7,-2.2,-4.9,2.3,-2.6,0.02,-0.06,0.11,-0.17,0,0.4,-3.8,-0.8,-3.9
5216809,GO,5201,Petrolina De Goiás,-49.3153,-16.112,Goiânia,-1,4.3,-2.2,-4.9,-1.6,-3.3,-0.01,-0.28,-0.08,-0.24,0.6,2.4,-4.8,2.3,
5216908,GO,5205,Pilar De Goiás,-49.5228,-14.5876,Porangatu - Uruaçu,-4.8,2.8,-2.2,-4.9,-3.9,-2.1,-0.08,-0.27,-0.28,-0.16,0.3,4.4,-4.2,,
5217104,GO,5202,Piracanjuba,-48.9934,-17.3278,Itumbiara,0.6,-8.5,-2.2,-4.9,-1.3,-2.1,0.02,-0.17,-0.09,-0.1,-0.3,2.6,-1.2,-2.8,
5217203,GO,5204,Piranhas,-51.842,-16.4141,São Luís de Montes Belos - Iporá,-4.3,-7,-2.2,-4.9,0.7,-5.8,0.06,-0.26,0.04,-0.28,0,3.6,0.6,-3.9,
5217302,GO,5201,Pirenópolis,-49.0117,-15.8098,Goiânia,-1,4.3,-2.2,-4.9,-0.8,-1,0.09,-0.3,-0.1,-0.1,0.5,1.9,-5.9,-2.8,
5217401,GO,5201,Pires Do Rio,-48.3903,-17.2753,Goiânia,-1,4.3,-2.2,-4.9,-0.6,-2.2,0,-0.16,-0.05,-0.13,-0.6,2.2,1.1,-7.1,
5217609,GO,5206,Planaltina,-47.7511,-15.2837,Luziânia - Águas Lindas de Goiás,0,-8.9,-2.2,-4.9,-3.5,-0.9,0.18,-0.39,-0.22,-0.07,0.4,1.4,-1,0.5,-10.4
5217708,GO,5202,Pontalina,-49.5365,-17.5323,Itumbiara,0.6,-8.5,-2.2,-4.9,-1.4,-3.4,-0.13,-0.14,-0.09,-0.2,-0.7,2.9,-0.5,-3.3,
5218003,GO,5205,Porangatu,-49.2308,-13.2911,Porangatu - Uruaçu,-4.8,2.8,-2.2,-4.9,-5,-1.9,0.09,-0.3,-0.31,-0.14,0.5,5.9,-1.1,1.3,
5218052,GO,5203,Porteirão,-50.1465,-17.9009,Rio Verde,-3.5,-4.7,-2.2,-4.9,2.1,-3.6,0.14,-0.18,0.1,-0.19,0.5,1.8,-0.5,-3.7,
5218102,GO,5203,Portelândia,-52.7062,-17.3519,Rio Verde,-3.5,-4.7,-2.2,-4.9,0.4,0.6,-0.02,0.04,-0.01,0,-0.1,1.2,-5.3,-3.8,-4.5
5218300,GO,5206,Posse,-46.4431,-14.2315,Luziânia - Águas Lindas de Goiás,0,-8.9,-2.2,-4.9,-4.8,-2.4,0.09,-0.46,-0.29,-0.15,0.4,3.1,-3,2.1,
5218391,GO,5202,Professor Jamil,-49.2465,-17.2792,Itumbiara,0.6,-8.5,-2.2,-4.9,-2.1,-3.3,-0.07,-0.15,-0.13,-0.18,-0.6,3,-6.1,-3.6,
5218508,GO,5203,Quirinópolis,-50.5293,-18.4381,Rio Verde,-3.5,-4.7,-2.2,-4.9,2.7,-4.2,0.21,-0.13,0.12,-0.18,-0.3,2.1,-4.4,-2.3,-16.8
5218607,GO,5205,Rialma,-49.5326,-15.3372,Porangatu - Uruaçu,-4.8,2.8,-2.2,-4.9,-1.7,-2.4,0,-0.27,-0.14,-0.2,0.1,2.3,-0.8,5.8,
5218706,GO,5205,Rianápolis,-49.4375,-15.474,Porangatu - Uruaçu,-4.8,2.8,-2.2,-4.9,-1.8,-2.1,0,-0.27,-0.15,-0.18,0.3,2.3,-1.9,0.3,
5218789,GO,5202,Rio Quente,-48.7829,-17.8257,Itumbiara,0.6,-8.5,-2.2,-4.9,0.7,-3,0.07,-0.21,0.01,-0.18,0.4,2.7,-1.3,-4.4,
5218805,GO,5203,Rio Verde,-51.0387,-17.7384,Rio Verde,-3.5,-4.7,-2.2,-4.9,0.7,-3.9,0.03,0,0.04,-0.22,-0.5,0.5,-2.9,-1.5,-2.2
5218904,GO,5205,Rubiataba,-49.8769,-15.1805,Porangatu - Uruaçu,-4.8,2.8,-2.2,-4.9,-3.1,-2,-0.04,-0.24,-0.25,-0.14,0.6,2.4,-0.5,,
5219001,GO,5204,Sanclerlândia,-50.3696,-16.2808,São Luís de Montes Belos - Iporá,-4.3,-7,-2.2,-4.9,-3.4,0.1,-0.09,-0.08,-0.29,0,0.8,2.5,-1.4,,
5219100,GO,5204,Santa Bárbara De Goiás,-49.6819,-16.5971,São Luís de Montes Belos - Iporá,-4.3,-7,-2.2,-4.9,-9.9,3.5,-0.42,0.03,-0.52,0.15,0.4,3.2,-5.1,-2.4,
5219209,GO,5201,Santa Cruz De Goiás,-48.5934,-17.3606,Goiânia,-1,4.3,-2.2,-4.9,-1.5,-1.8,-0.04,-0.09,-0.07,-0.13,-0.4,3.2,0.5,-4.1,
5219258,GO,5201,Santa Fé De Goiás,-51.1693,-15.6694,Goiânia,-1,4.3,-2.2,-4.9,-3.5,-2.4,-0.07,-0.23,-0.23,-0.16,0.1,6.3,0.4,1.3,
5219308,GO,5203,Santa Helena De Goiás,-50.5785,-17.8024,Rio Verde,-3.5,-4.7,-2.2,-4.9,0.1,-3.9,0.08,-0.14,0.03,-0.2,0.5,2.2,-0.6,-2.1,-8.8
5219357,GO,5205,Santa Isabel,-49.3891,-15.25,Porangatu - Uruaçu,-4.8,2.8,-2.2,-4.9,-1.2,-3.7,0.01,-0.32,-0.13,-0.25,0.2,2.3,-2,2.2,
5219407,GO,5203,Santa Rita Do Araguaia,-53.0699,-17.2447,Rio Verde,-3.5,-4.7,-2.2,-4.9,-2.2,1.8,-0.12,0.11,-0.1,0.08,-0.6,1.2,-5,-1,-0.9
5219456,GO,5205,Santa Rita Do Novo Destino,-49.0533,-14.8763,Porangatu - Uruaçu,-4.8,2.8,-2.2,-4.9,-1.5,-3.9,0.05,-0.32,-0.11,-0.26,0.6,3.1,0.6,1,
5219506,GO,5201,Santa Rosa De Goiás,-49.4838,-16.0617,Goiânia,-1,4.3,-2.2,-4.9,0.2,-4.1,0.07,-0.32,0.01,-0.27,0.9,2.3,-4.4,1.9,
5219605,GO,5205,Santa Tereza De Goiás,-48.9815,-13.5711,Porangatu - Uruaçu,-4.8,2.8,-2.2,-4.9,-3.6,-2.7,0.12,-0.3,-0.23,-0.17,-0.6,5,1,-8.5,
5219704,GO,5205,Santa Terezinha De Goiás,-49.6727,-14.3213,Porangatu - Uruaçu,-4.8,2.8,-2.2,-4.9,-3.4,-1.8,-0.08,-0.26,-0.27,-0.13,0.3,4.5,-2.7,,
5219712,GO,5203,Santo Antônio Da Barra,-50.6312,-17.5253,Rio Verde,-3.5,-4.7,-2.2,-4.9,1.5,-5.8,0.11,-0.16,0.06,-0.3,-0.2,2.2,-2.7,-4.8,-4.8
5219738,GO,5201,Santo Antônio De Goiás,-49.2931,-16.4767,Goiânia,-1,4.3,-2.2,-4.9,-4.4,-1.7,-0.17,-0.2,-0.26,-0.11,0.2,2.6,1.4,-1.6,
5219753,GO,5206,Santo Antônio Do Descoberto,-48.2828,-16.0861,Luziânia - Águas Lindas de Goiás,0,-8.9,-2.2,-4.9,-1.9,-0.8,0.01,-0.27,-0.14,-0.11,-0.6,0.4,-4.3,0,
5219803,GO,5206,São Domingos,-46.4867,-13.5378,Luziânia - Águas Lindas de Goiás,0,-8.9,-2.2,-4.9,-3.4,-2.4,0.2,-0.49,-0.21,-0.16,-0.1,4.9,-0.9,3,
5219902,GO,5201,São Francisco De Goiás,-49.256,-15.9514,Goiânia,-1,4.3,-2.2,-4.9,-1.8,-1.3,0.07,-0.3,-0.13,-0.13,0.5,2.1,-4.8,2,
5220009,GO,5206,São João D'aliança,-47.4227,-14.4843,Luziânia - Águas Lindas de Goiás,0,-8.9,-2.2,-4.9,-4.8,-2.2,0.06,-0.36,-0.32,-0.13,1.1,0.4,0.1,0.7,-10.6
5220058,GO,5204,São João Da Paraúna,-50.3739,-16.8178,São Luís de Montes Belos - Iporá,-4.3,-7,-2.2,-4.9,-7,1.6,-0.38,0.09,-0.5,0.15,0.4,2.5,-5.1,0.1,
5220108,GO,5204,São Luís De Montes Belos,-50.3735,-16.4553,São Luís de Montes Belos - Iporá,-4.3,-7,-2.2,-4.9,-7,3,-0.32,0.12,-0.47,0.19,0.7,3,-2.7,,
5220157,GO,5205,São Luíz Do Norte,-49.2752,-14.9161,Porangatu - Uruaçu,-4.8,2.8,-2.2,-4.9,-3.4,-1.5,-0.07,-0.23,-0.27,-0.14,0.4,3.2,-1.9,-2.1,
5220207,GO,5205,São Miguel Do Araguaia,-50.2488,-13.1464,Porangatu - Uruaçu,-4.8,2.8,-2.2,-4.9,-1.5,-3.2,0.21,-0.39,-0.14,-0.22,0.4,8.2,2.7,-8.5,
5220264,GO,5201,São Miguel Do Passa Quatro,-48.6687,-16.9876,Goiânia,-1,4.3,-2.2,-4.9,-2.3,-3.1,-0.07,-0.13,-0.15,-0.13,0.4,1.4,-0.2,-1.7,
5220280,GO,5205,São Patrício,-49.8253,-15.3657,Porangatu - Uruaçu,-4.8,2.8,-2.2,-4.9,-2.2,-2,-0.03,-0.24,-0.2,-0.16,0.4,2.1,-2.3,,
5220405,GO,5203,São Simão,-50.5905,-19.0098,Rio Verde,-3.5,-4.7,-2.2,-4.9,6.8,-5.9,0.4,-0.21,0.35,-0.31,0.1,3.5,-8,8,
5220454,GO,5201,Senador Canedo,-49.1086,-16.704,Goiânia,-1,4.3,-2.2,-4.9,-3.4,0.3,-0.15,-0.1,-0.22,-0.01,-0.2,3.8,-2.2,-3.4,
5220504,GO,5203,Serranópolis,-52.2138,-18.2241,Rio Verde,-3.5,-4.7,-2.2,-4.9,1.1,1.8,-0.08,0.25,0.07,0.11,0.8,1.7,-3.6,-1.2,-10
5220603,GO,5201,Silvânia,-48.556,-16.6066,Goiânia,-1,4.3,-2.2,-4.9,-3.5,-1.1,-0.11,-0.16,-0.22,-0.07,0.1,1.3,1.7,4.3,1
5220686,GO,5206,Simolândia,-46.5851,-14.433,Luziânia - Águas Lindas de Goiás,0,-8.9,-2.2,-4.9,-4.1,-4,0.08,-0.47,-0.23,-0.21,-0.1,6.3,-5.8,,
5220702,GO,5206,Sítio D'abadia,-46.2711,-14.754,Luziânia - Águas Lindas de Goiás,0,-8.9,-2.2,-4.9,-2,-8.2,0.08,-0.45,-0.11,-0.32,0,6,-6.8,-3.5,
5221007,GO,5201,Taquaral De Goiás,-49.5968,-16.0457,Goiânia,-1,4.3,-2.2,-4.9,-0.9,-3.2,-0.01,-0.26,-0.04,-0.21,1.2,2.1,-3.1,-4.8,
5221080,GO,5206,Teresina De Goiás,-47.2374,-13.6802,Luziânia - Águas Lindas de Goiás,0,-8.9,-2.2,-4.9,-0.9,-6.9,0.25,-0.51,-0.08,-0.33,0.7,5.2,-1.1,,
5221197,GO,5201,Terezópolis De Goiás,-49.0766,-16.4412,Goiânia,-1,4.3,-2.2,-4.9,-3.1,-0.8,-0.12,-0.19,-0.22,-0.06,0.3,2.4,0.5,-1.1,
5221304,GO,5201,Três Ranchos,-47.7828,-18.3445,Goiânia,-1,4.3,-2.2,-4.9,2.6,-7.3,0.24,-0.31,0.12,-0.35,0,3.6,1.2,-6.7,
5221403,GO,5201,Trindade,-49.5441,-16.6398,Goiânia,-1,4.3,-2.2,-4.9,-5.7,-0.2,-0.28,-0.07,-0.31,-0.09,0.1,3.4,-3.5,-3.6,
5221452,GO,5205,Trombas,-48.7534,-13.4214,Porangatu - Uruaçu,-4.8,2.8,-2.2,-4.9,-2.9,-2.8,0.11,-0.3,-0.17,-0.18,-0.3,4.8,-0.2,-11.8,
5221502,GO,5204,Turvânia,-50.1333,-16.5774,São Luís de Montes Belos - Iporá,-4.3,-7,-2.2,-4.9,-7.8,4.2,-0.35,0.15,-0.51,0.28,0.8,2.6,-5.2,-4,
5221551,GO,5203,Turvelândia,-50.3121,-17.752,Rio Verde,-3.5,-4.7,-2.2,-4.9,0.7,-4.7,0.13,-0.21,0.06,-0.23,0.4,1.5,1.1,-2.2,-0.1
5221577,GO,5205,Uirapuru,-49.9659,-14.1497,Porangatu - Uruaçu,-4.8,2.8,-2.2,-4.9,-5.1,-1.1,-0.02,-0.3,-0.35,-0.08,0.9,4.9,-0.1,,
5221601,GO,5205,Uruaçu,-49.0904,-14.4203,Porangatu - Uruaçu,-4.8,2.8,-2.2,-4.9,-2.3,-2.6,0.03,-0.25,-0.15,-0.18,0.6,4,0.9,-0.6,
5221700,GO,5205,Uruana,-49.6422,-15.5757,Porangatu - Uruaçu,-4.8,2.8,-2.2,-4.9,-0.9,-3.9,0.04,-0.32,-0.06,-0.27,1,1.9,-1.9,-0.8,
5221809,GO,5201,Urutaí,-48.1959,-17.4344,Goiânia,-1,4.3,-2.2,-4.9,-0.7,-5,0.01,-0.28,-0.06,-0.29,-0.6,2.6,0.3,-1.7,
5221858,GO,5206,Valparaíso De Goiás,-47.9861,-16.0871,Luziânia - Águas Lindas de Goiás,0,-8.9,-2.2,-4.9,0.3,-2.7,0.13,-0.32,0.01,-0.24,-0.8,0.2,0.6,,
5221908,GO,5201,Varjão,-49.6136,-17.0774,Goiânia,-1,4.3,-2.2,-4.9,-5.1,-0.6,-0.3,0,-0.4,0.04,-0.9,3.4,-2.1,-0.9,
5222005,GO,5201,Vianópolis,-48.4395,-16.8146,Goiânia,-1,4.3,-2.2,-4.9,-3.1,-3.3,-0.15,-0.13,-0.18,-0.16,0,1.2,-0.9,-0.5,8.1
5222054,GO,5202,Vicentinópolis,-49.8704,-17.7241,Itumbiara,0.6,-8.5,-2.2,-4.9,0.7,-2.4,0.09,-0.11,0.06,-0.14,-0.4,1.6,0.4,0.4,5.1
5222203,GO,5206,Vila Boa,-47.0637,-14.9931,Luziânia - Águas Lindas de Goiás,0,-8.9,-2.2,-4.9,-2.3,-4,0.11,-0.36,-0.15,-0.21,0,6,1.2,64,
5222302,GO,5205,Vila Propício,-48.8143,-15.2695,Porangatu - Uruaçu,-4.8,2.8,-2.2,-4.9,-3.4,-1.8,-0.01,-0.3,-0.26,-0.17,0.2,3.3,-2.8,-3.4,
5300108,DF,5301,Brasília,-47.7977,-15.7809,Distrito Federal,-2,0.3,-2,0.3,-1.3,-0.4,0.21,-0.37,-0.09,-0.05,0.2,0.4,-0.3,-2,0.3
